component,strategy,run,seed,target_fraction,fraction,n_removed,edge_fraction_lost,node_fraction_lost,od_eff,od_eff_norm,od_eff_loss,lscc,lscc_norm,penalized_total_distance,td_loss,reachable_demand_share
link,lscc,0,20260905,0.0,0.0,0,0.0,0.0,0.0006718278773220594,1.0,0.0,0.8909405654933641,1.0,1574335933.3296878,0.0,1.0
link,lscc,0,20260905,0.02,0.020007020007020006,57,0.020007020007020006,0.0,0.0005675966033116264,0.8448541992245034,0.15514580077549656,0.6930178880553952,0.7778497409326425,2837907467.751272,0.8026060433932654,0.7513586380621783
link,lscc,0,20260905,0.04,0.04001404001404001,114,0.04001404001404001,0.0,0.000502778880163558,0.7483745422527874,0.25162545774721257,0.6064627813040969,0.680699481865285,3485649986.5205393,1.2140446093664787,0.6284834610596366
link,lscc,0,20260905,0.06,0.06002106002106002,171,0.06002106002106002,0.0,0.0004252478068966238,0.6329713625336352,0.3670286374663648,0.51933064050779,0.5829015544041452,4201713251.726663,1.6688797243166056,0.4983432496935403
link,lscc,0,20260905,0.08,0.08002808002808003,228,0.08002808002808003,0.0,0.00037077408542048073,0.5518885088520075,0.44811149114799254,0.4275822273514137,0.4799222797927461,4648646594.138765,1.952766620975851,0.40699959834790816
link,lscc,0,20260905,0.1,0.10003510003510004,285,0.10003510003510004,0.0,0.0003324322253674471,0.4948175516213158,0.5051824483786842,0.3404500865551068,0.38212435233160624,5131236749.211631,2.259302313172241,0.31608339387352397
link,lscc,0,20260905,0.12,0.12004212004212005,342,0.12004212004212005,0.0,0.00028403857767279113,0.42278474481437656,0.5772152551856234,0.1402192729371033,0.15738341968911918,5448652197.84432,2.460920939739039,0.2286764345904386
link,lscc,0,20260905,0.14,0.14004914004914004,399,0.14004914004914004,0.0,0.00024171292319292512,0.35978400324262416,0.6402159967573758,0.09809578765147144,0.11010362694300518,5822039172.215978,2.69809203293892,0.1357070345265655
link,lscc,0,20260905,0.16,0.16005616005616005,456,0.16005616005616005,0.0,0.0002206487120929432,0.32843042026249397,0.6715695797375061,0.040392383150605886,0.04533678756476684,6029754217.850227,2.8300302306493266,0.08575671026198636
link,lscc,0,20260905,0.18,0.18006318006318006,513,0.18006318006318006,0.0,0.00021633223648663994,0.3220054478074822,0.6779945521925178,0.040392383150605886,0.04533678756476684,6082523439.986753,2.8635486310233307,0.07359194594656787
link,lscc,0,20260905,0.2,0.20007020007020007,570,0.20007020007020007,0.0,0.0001977881086061186,0.29440294944966,0.7055970505503399,0.03923831506058857,0.04404145077720207,6209945398.340353,2.944485587143048,0.044692067188632875
link,lscc,0,20260905,0.22,0.22007722007722008,627,0.22007722007722008,0.0,0.00019062621464071522,0.28374263866596483,0.7162573613340352,0.03693017888055395,0.04145077720207254,6252967149.810827,2.971812506741132,0.035456751583136915
link,lscc,0,20260905,0.24,0.2400842400842401,684,0.2400842400842401,0.0,0.0001868098227096554,0.2780620290040494,0.7219379709959506,0.031159838430467397,0.034974093264248704,6276184030.467691,2.986559601160657,0.03044913752299979
link,lscc,0,20260905,0.26,0.2600912600912601,741,0.2600912600912601,0.0,0.00018329725776872926,0.27283365867364956,0.7271663413263505,0.02308136180034622,0.02590673575129534,6288135909.341917,2.9941512965677153,0.0279774555592555
link,lscc,0,20260905,0.28,0.2800982800982801,798,0.2800982800982801,0.0,0.00018192446671046037,0.27079029145920636,0.7292097085407936,0.02308136180034622,0.02590673575129534,6295334094.248707,2.9987235004756614,0.026475942902402353
link,lscc,0,20260905,0.3,0.3001053001053001,855,0.3001053001053001,0.0,0.00018018836889437053,0.2682061506774781,0.7317938493225219,0.020196191575302943,0.02266839378238342,6303811131.588175,3.0041080166770664,0.02473248133612154
link,lscc,0,20260905,0.32,0.3201123201123201,912,0.3201123201123201,0.0,0.00017766914043433924,0.26445633834448434,0.7355436616555157,0.020196191575302943,0.02266839378238342,6309929065.915343,3.0079940578946034,0.023470814683362432
link,lscc,0,20260905,0.34,0.34011934011934014,969,0.34011934011934014,0.0,0.00016629363275276251,0.24752416261084242,0.7524758373891576,0.020196191575302943,0.02266839378238342,6324649786.082649,3.0173444893086736,0.02043477726939857
link,lscc,0,20260905,0.36,0.3601263601263601,1026,0.3601263601263601,0.0,0.00016469647234605423,0.24514682689641115,0.7548531731035888,0.019619157530294286,0.022020725388601035,6330846355.183524,3.0212804784261738,0.019149506639178526
link,lscc,0,20260905,0.38,0.38013338013338016,1083,0.38013338013338016,0.0,0.00015567219339895842,0.231714399854135,0.768285600145865,0.019619157530294286,0.022020725388601035,6339357938.411038,3.026686937776633,0.017384718648778556
link,lscc,0,20260905,0.4,0.40014040014040014,1140,0.40014040014040014,0.0,0.00015567219339895842,0.231714399854135,0.768285600145865,0.019619157530294286,0.022020725388601035,6339357938.411038,3.026686937776633,0.017384718648778556
link,od_eff,0,20260905,0.0,0.0,0,0.0,0.0,0.0006718278773220594,1.0,0.0,0.8909405654933641,1.0,1574335933.3296878,0.0,1.0
link,od_eff,0,20260905,0.02,0.020007020007020006,57,0.020007020007020006,0.0,0.0003171458272559771,0.4720641074320059,0.5279358925679941,0.8159261396422389,0.9158031088082902,3063455504.1053824,0.9458715508234876,0.707833238701756
link,od_eff,0,20260905,0.04,0.04001404001404001,114,0.04001404001404001,0.0,0.00022054998430686643,0.32828346627411487,0.6717165337258851,0.743796884016157,0.8348445595854922,4003076201.6214433,1.5427077645080618,0.5258452604960888
link,od_eff,0,20260905,0.06,0.06002106002106002,171,0.06002106002106002,0.0,0.00015698440607295815,0.23366759756785638,0.7663324024321436,0.6601269474899019,0.7409326424870466,4705641040.7687845,1.988968835143368,0.37844715234122817
link,od_eff,0,20260905,0.08,0.08002808002808003,228,0.08002808002808003,0.0,0.0001368042642678108,0.20362993094767018,0.7963700690523299,0.6405077899596077,0.7189119170984457,4883158984.325865,2.101726182415264,0.34599362699115654
link,od_eff,0,20260905,0.1,0.10003510003510004,285,0.10003510003510004,0.0,0.00010725167162712408,0.15964159161515415,0.8403584083848459,0.604731679169071,0.6787564766839379,5222939740.083063,2.317550993730197,0.2799615522055372
link,od_eff,0,20260905,0.12,0.12004212004212005,342,0.12004212004212005,0.0,8.689708323170974e-05,0.12934426534678198,0.870655734653218,0.5187536064627813,0.5822538860103628,5493192802.906725,2.4892126175947316,0.2248942351931106
link,od_eff,0,20260905,0.14,0.14004914004914004,399,0.14004914004914004,0.0,6.138443079333839e-05,0.09136928202208563,0.9086307179779144,0.3912290825158684,0.43911917098445596,5820477997.604619,2.697100392858612,0.14381766964541046
link,od_eff,0,20260905,0.16,0.16005616005616005,456,0.16005616005616005,0.0,3.680293752386314e-05,0.05478030722774046,0.9452196927722596,0.3110213502596653,0.3490932642487047,6119583181.183324,2.8870885505614625,0.067958150965507
link,od_eff,0,20260905,0.18,0.18006318006318006,513,0.18006318006318006,0.0,3.191341818669305e-05,0.047502372652206075,0.952497627347794,0.2937103289094057,0.3296632124352332,6163922483.922301,2.9152523635065184,0.05886538066772564
link,od_eff,0,20260905,0.2,0.20007020007020007,570,0.20007020007020007,0.0,2.8315346384141546e-05,0.04214672736863492,0.9578532726313651,0.2867859203693018,0.32189119170984454,6195764151.037139,2.9354778226609017,0.05137860738654278
link,od_eff,0,20260905,0.22,0.22007722007722008,627,0.22007722007722008,0.0,2.392312550702424e-05,0.035609009858868994,0.964390990141131,0.2256203115983843,0.25323834196891193,6238813849.394913,2.962822493798989,0.041464195106130725
link,od_eff,0,20260905,0.24,0.2400842400842401,684,0.2400842400842401,0.0,1.8365166777384896e-05,0.027336118963371094,0.9726638810366289,0.19792267743796885,0.22215025906735753,6292538892.175888,2.9969480204058474,0.02890484723036086
link,od_eff,0,20260905,0.26,0.2600912600912601,741,0.2600912600912601,0.0,1.435010957148394e-05,0.02135980071068831,0.9786401992893117,0.14598961338718985,0.16386010362694303,6337291891.126853,3.0253746084062327,0.019033006581825624
link,od_eff,0,20260905,0.28,0.2800982800982801,798,0.2800982800982801,0.0,1.0936965977241447e-05,0.01627941671732462,0.9837205832826754,0.0363531448355453,0.040803108808290155,6370255452.6233,3.046312681913028,0.011555076213207869
link,od_eff,0,20260905,0.3,0.3001053001053001,855,0.3001053001053001,0.0,9.894743147141112e-06,0.01472809253849672,0.9852719074615033,0.0363531448355453,0.040803108808290155,6378725743.753261,3.0516929130000787,0.009629721881393122
link,od_eff,0,20260905,0.32,0.3201123201123201,912,0.3201123201123201,0.0,8.173032160390485e-06,0.012165366213990128,0.9878346337860099,0.02192729371032891,0.02461139896373057,6392412419.699531,3.0603865314689926,0.0066319372749399095
link,od_eff,0,20260905,0.34,0.34011934011934014,969,0.34011934011934014,0.0,4.362301293732997e-06,0.00649318291333988,0.9935068170866601,0.013848817080207732,0.015544041450777202,6407214868.400219,3.0697888759034373,0.0034476333252823044
link,od_eff,0,20260905,0.36,0.3601263601263601,1026,0.3601263601263601,0.0,3.2026037835774617e-06,0.004767000435205526,0.9952329995647945,0.013848817080207732,0.015544041450777202,6411601925.77155,3.072575484071652,0.0025241508707261402
link,od_eff,0,20260905,0.38,0.38013338013338016,1083,0.38013338013338016,0.0,1.6438682820415406e-06,0.002446859288712586,0.9975531407112874,0.013848817080207732,0.015544041450777202,6418032861.183303,3.076660339962702,0.001151530941202118
link,od_eff,0,20260905,0.4,0.40014040014040014,1140,0.40014040014040014,0.0,9.984028734915902e-07,0.0014860992036699573,0.9985139007963301,0.009809578765147143,0.011010362694300517,6421599545.910222,3.078925856903153,0.0004035794754217895
link,odbc,0,20260905,0.0,0.0,0,0.0,0.0,0.0006718278773220594,1.0,0.0,0.8909405654933641,1.0,1574335933.3296878,0.0,1.0
link,odbc,0,20260905,0.02,0.020007020007020006,57,0.020007020007020006,0.0,0.0005863739103587917,0.8728037792895829,0.12719622071041714,0.8234275822273515,0.9242227979274612,2241800887.150561,0.42396602890794627,0.9009197865118284
link,odbc,0,20260905,0.04,0.04001404001404001,114,0.04001404001404001,0.0,0.0005130714482679095,0.7636947878868005,0.23630521211319955,0.7651471436814772,0.8588082901554404,2835028735.157267,0.8007775057012388,0.8283528401381217
link,odbc,0,20260905,0.06,0.06002106002106002,171,0.06002106002106002,0.0,0.0004882796575318415,0.726792790257751,0.273207209742249,0.7339873052510099,0.8238341968911918,3087750939.7540708,0.9613037309156386,0.7629194021176074
link,odbc,0,20260905,0.08,0.08002808002808003,228,0.08002808002808003,0.0,0.00038311226272511804,0.5702535956861798,0.42974640431382016,0.47951529140219273,0.5382124352331606,4310022183.089279,1.7376763064625422,0.510608429164309
link,odbc,0,20260905,0.1,0.10003510003510004,285,0.10003510003510004,0.0,0.00030317356355776014,0.4512667214201138,0.5487332785798862,0.4408540103866128,0.49481865284974097,4760303288.145834,2.0236896632841828,0.40250846216058955
link,odbc,0,20260905,0.12,0.12004212004212005,342,0.12004212004212005,0.0,0.0002782329469504956,0.4141431999808441,0.585856800019156,0.4148874783612233,0.46567357512953367,5082998998.486606,2.228662251096669,0.3153935501027536
link,odbc,0,20260905,0.14,0.14004914004914004,399,0.14004914004914004,0.0,0.00022593184540629018,0.336294239987281,0.663705760012719,0.2804385458742066,0.31476683937823835,5547362728.592704,2.5236207286840915,0.19780913422429677
link,odbc,0,20260905,0.16,0.16005616005616005,456,0.16005616005616005,0.0,0.00021692352148265426,0.32288556162230514,0.6771144383776948,0.2573571840738604,0.28886010362694303,5628601853.992146,2.5752228827603325,0.18163677539303827
link,odbc,0,20260905,0.18,0.18006318006318006,513,0.18006318006318006,0.0,0.00021031601514695885,0.3130504437911826,0.6869495562088175,0.2556260819388344,0.2869170984455959,5699876732.526899,2.6204958623232195,0.1698871185585752
link,odbc,0,20260905,0.2,0.20007020007020007,570,0.20007020007020007,0.0,0.00018776742428291688,0.27948739643160914,0.7205126035683909,0.1765724177726486,0.19818652849740934,5932270926.116553,2.768109969750816,0.1113849987241966
link,odbc,0,20260905,0.22,0.22007722007722008,627,0.22007722007722008,0.0,0.000177341348549488,0.263968427830622,0.736031572169378,0.06520484708597807,0.07318652849740932,6075985623.868497,2.8593958857420683,0.0779704923331936
link,odbc,0,20260905,0.24,0.2400842400842401,684,0.2400842400842401,0.0,0.00016960052302923136,0.2524463910388295,0.7475536089611705,0.06347374495095211,0.07124352331606218,6106621502.439211,2.8788554419410555,0.07338243749249168
link,odbc,0,20260905,0.26,0.2600912600912601,741,0.2600912600912601,0.0,0.0001466806889628074,0.21833075690083628,0.7816692430991637,0.0571263704558569,0.06411917098445596,6185652945.955769,2.929055301985797,0.05212116274444817
link,odbc,0,20260905,0.28,0.2800982800982801,798,0.2800982800982801,0.0,0.00014222543767295935,0.21169922010363323,0.7883007798963668,0.04327755337564916,0.048575129533678756,6218917953.773205,2.950184850713737,0.04357943468016026
link,odbc,0,20260905,0.3,0.3001053001053001,855,0.3001053001053001,0.0,0.0001295534460226398,0.19283725846424613,0.8071627415357538,0.038084246970571264,0.042746113989637305,6251705484.395245,2.971011111442408,0.03705216504735158
link,odbc,0,20260905,0.32,0.3201123201123201,912,0.3201123201123201,0.0,0.0001222737293433632,0.18200157134108905,0.8179984286589109,0.024812463935372186,0.027849740932642485,6306650186.878078,3.0059113518038325,0.024738470356148817
link,odbc,0,20260905,0.34,0.34011934011934014,969,0.34011934011934014,0.0,0.00010719658271340415,0.15955959306228149,0.8404404069377185,0.024812463935372186,0.027849740932642485,6338452106.001839,3.026111563493405,0.017979332771934683
link,odbc,0,20260905,0.36,0.3601263601263601,1026,0.3601263601263601,0.0,0.00010517413323778245,0.15654922456777468,0.8434507754322254,0.024812463935372186,0.027849740932642485,6358603348.542434,3.038911399992071,0.013673508982406928
link,odbc,0,20260905,0.38,0.38013338013338016,1083,0.38013338013338016,0.0,0.00010458718895099982,0.15567557179658836,0.8443244282034117,0.020196191575302943,0.02266839378238342,6361046137.012411,3.0404630310120218,0.013149973946998952
link,odbc,0,20260905,0.4,0.40014040014040014,1140,0.40014040014040014,0.0,0.00010174100461162318,0.1514390933242724,0.8485609066757276,0.020196191575302943,0.02266839378238342,6368894643.858622,3.0454483119041447,0.011528307511042571
link,random,1,20460906,0.0,0.0,0,0.0,0.0,0.0006718278773220594,1.0,0.0,0.8909405654933641,1.0,1574335933.3296878,0.0,1.0
link,random,1,20460906,0.02,0.020007020007020006,57,0.020007020007020006,0.0,0.000600976236159642,0.894538997927809,0.105461002072191,0.8418926716676284,0.9449481865284974,1951693228.3679612,0.23969299502690666,0.9373143754383069
link,random,1,20460906,0.04,0.04001404001404001,114,0.04001404001404001,0.0,0.0004926910185932452,0.7333589974818209,0.2666410025181791,0.79399884593191,0.8911917098445595,2616985803.9080434,0.6622791543436176,0.8183797808738729
link,random,1,20460906,0.06,0.06002106002106002,171,0.06002106002106002,0.0,0.0004586380717394882,0.6826719867113036,0.3173280132886964,0.7495672244662435,0.841321243523316,2913962270.539609,0.8509151756300444,0.7765748694409128
link,random,1,20460906,0.08,0.08002808002808003,228,0.08002808002808003,0.0,0.00040560347636782554,0.6037312384007969,0.3962687615992031,0.6895556837853434,0.7739637305699483,3413563112.0688977,1.1682558593763928,0.69206834235216
link,random,1,20460906,0.1,0.10003510003510004,285,0.10003510003510004,0.0,0.0003528358972789855,0.5251879375494325,0.4748120624505675,0.5885747259088286,0.6606217616580311,3998431641.3115444,1.5397575934476349,0.5533097516694491
link,random,1,20460906,0.12,0.12004212004212005,342,0.12004212004212005,0.0,0.000291793585313042,0.4343278913583436,0.5656721086416564,0.517599538372764,0.5809585492227979,4314699589.186969,1.7406473407879781,0.4982810761462688
link,random,1,20460906,0.14,0.14004914004914004,399,0.14004914004914004,0.0,0.0002538496057326292,0.3778491698565514,0.6221508301434486,0.4766301211771495,0.5349740932642487,4595034252.463077,1.918712680809282,0.4582833304436141
link,random,1,20460906,0.16,0.16005616005616005,456,0.16005616005616005,0.0,0.00020889295736904278,0.310932255746369,0.689067744253631,0.2608193883439123,0.2927461139896373,5146067623.675505,2.2687227133231205,0.31432306377290176
link,random,1,20460906,0.18,0.18006318006318006,513,0.18006318006318006,0.0,0.0001834175814590966,0.27301275765782235,0.7269872423421777,0.24062319676860935,0.2700777202072539,5421317586.395803,2.443558310283771,0.24711253142854092
link,random,1,20460906,0.2,0.20007020007020007,570,0.20007020007020007,0.0,0.00015181261180218257,0.22596950339023664,0.7740304966097633,0.07212925562608194,0.08095854922279792,5823606421.916249,2.6990875318455334,0.1709060736655174
link,random,1,20460906,0.22,0.22007722007722008,627,0.22007722007722008,0.0,0.00012578369777690448,0.18722607683129316,0.8127739231687068,0.031159838430467397,0.034974093264248704,6094535140.49707,2.871178324442646,0.0802701839773182
link,random,1,20460906,0.24,0.2400842400842401,684,0.2400842400842401,0.0,0.00011496350228185854,0.1711204702313173,0.8288795297686827,0.031159838430467397,0.034974093264248704,6194487021.666452,2.9346666048365173,0.05461765873089654
link,random,1,20460906,0.26,0.2600912600912601,741,0.2600912600912601,0.0,0.00010632734543638512,0.15826575381213923,0.8417342461878607,0.031159838430467397,0.034974093264248704,6256848575.92024,2.974277943772226,0.03965094329929416
link,random,1,20460906,0.28,0.2800982800982801,798,0.2800982800982801,0.0,0.00010021821109115929,0.14917245097157067,0.8508275490284294,0.01673398730525101,0.01878238341968912,6301955398.722138,3.002929276595773,0.02788730445142294
link,random,1,20460906,0.3,0.3001053001053001,855,0.3001053001053001,0.0,8.164332966299501e-05,0.1215241766811308,0.8784758233188692,0.01673398730525101,0.01878238341968912,6341672870.220992,3.028157355722984,0.017981922704866423
link,random,1,20460906,0.32,0.3201123201123201,912,0.3201123201123201,0.0,7.822840813897059e-05,0.11644114628108775,0.8835588537189123,0.01673398730525101,0.01878238341968912,6365232194.7001295,3.0431219665029148,0.012272925678209026
link,random,1,20460906,0.34,0.34011934011934014,969,0.34011934011934014,0.0,7.714873007712884e-05,0.11483407087042542,0.8851659291295746,0.01673398730525101,0.01878238341968912,6369612132.689776,3.045904052522119,0.011317153774700344
link,random,1,20460906,0.36,0.3601263601263601,1026,0.3601263601263601,0.0,7.535100056165212e-05,0.11215819275318717,0.8878418072468128,0.012117714945181766,0.013601036269430053,6375555638.531315,3.049679298780373,0.010082585091580405
link,random,1,20460906,0.38,0.38013338013338016,1083,0.38013338013338016,0.0,7.480408842671237e-05,0.11134412689882019,0.8886558731011798,0.012117714945181766,0.013601036269430053,6378958413.802122,3.0518407023275884,0.009314008268587484
link,random,1,20460906,0.4,0.40014040014040014,1140,0.40014040014040014,0.0,4.983499102301526e-05,0.07417821246367465,0.9258217875363254,0.010963646855164455,0.012305699481865285,6383104202.5521555,3.0544740594544026,0.008446954729489198
link,random,2,20460907,0.0,0.0,0,0.0,0.0,0.0006718278773220594,1.0,0.0,0.8909405654933641,1.0,1574335933.3296878,0.0,1.0
link,random,2,20460907,0.02,0.020007020007020006,57,0.020007020007020006,0.0,0.0006230166383519809,0.9273456183976131,0.07265438160238691,0.8522792844777842,0.9566062176165804,1896762283.9056814,0.20480149360122174,0.9465578677217297
link,random,2,20460907,0.04,0.04001404001404001,114,0.04001404001404001,0.0,0.0005811298845741349,0.8649981702017913,0.13500182979820874,0.8251586843623774,0.9261658031088084,2225046449.4224453,0.41332380359032916,0.8967667463011121
link,random,2,20460907,0.06,0.06002106002106002,171,0.06002106002106002,0.0,0.0005409772875096192,0.8052319735018776,0.19476802649812242,0.7743796884016156,0.8691709844559585,2604048244.768821,0.6540613662176361,0.8389636914636887
link,random,2,20460907,0.08,0.08002808002808003,228,0.08002808002808003,0.0,0.00048544477119214494,0.7225731285923307,0.2774268714076693,0.705135603000577,0.7914507772020725,3110139248.724261,0.9755245261704603,0.7847485623065074
link,random,2,20460907,0.1,0.10003510003510004,285,0.10003510003510004,0.0,0.0004380982354062508,0.6520989232428595,0.34790107675714055,0.5683785343335257,0.6379533678756477,3628740812.70702,1.3049342493455691,0.6941746023089096
link,random,2,20460907,0.12,0.12004212004212005,342,0.12004212004212005,0.0,0.00040346982603891397,0.6005553500506194,0.39944464994938056,0.5060588574725908,0.5680051813471502,4058356552.8089695,1.5778212050496931,0.5979589114996737
link,random,2,20460907,0.14,0.14004914004914004,399,0.14004914004914004,0.0,0.0003463412011415413,0.5155207350461182,0.4844792649538818,0.44547028274668204,0.5,4628504123.879055,1.939972356528676,0.4669255184908485
link,random,2,20460907,0.16,0.16005616005616005,456,0.16005616005616005,0.0,0.00026833038626743205,0.39940347122392544,0.6005965287760746,0.33756491633006347,0.3788860103626943,5256555101.869565,2.338903083252416,0.3334933381271052
link,random,2,20460907,0.18,0.18006318006318006,513,0.18006318006318006,0.0,0.0002401712546848296,0.35748926591460395,0.642510734085396,0.17426428159261395,0.1955958549222798,5549393283.425795,2.524910513659523,0.21944838042382658
link,random,2,20460907,0.2,0.20007020007020007,570,0.20007020007020007,0.0,0.00021214593753227508,0.31577424023828804,0.684225759761712,0.0675129832660127,0.07577720207253887,5952874991.36058,2.7811974340002346,0.10544431197586528
link,random,2,20460907,0.22,0.22007722007722008,627,0.22007722007722008,0.0,0.0002009903233947003,0.29916937087496,0.70083062912504,0.05654933641084824,0.06347150259067358,6060605638.763045,2.84962669685433,0.07943485433647449
link,random,2,20460907,0.24,0.2400842400842401,684,0.2400842400842401,0.0,0.00018544894341670538,0.2760363921722249,0.7239636078277751,0.03346797461050202,0.03756476683937824,6212492844.032891,2.946103695221894,0.04563236657379886
link,random,2,20460907,0.26,0.2600912600912601,741,0.2600912600912601,0.0,0.00018169571253979046,0.27044979625442006,0.7295502037455799,0.02827466820542412,0.03173575129533679,6241103360.909024,2.9642767650670465,0.03920798865479518
link,random,2,20460907,0.28,0.2800982800982801,798,0.2800982800982801,0.0,0.00017788116671471404,0.26477193447785696,0.735228065522143,0.019042123485285632,0.021373056994818652,6274686277.016885,2.985608245468966,0.03125933723096439
link,random,2,20460907,0.3,0.3001053001053001,855,0.3001053001053001,0.0,0.00017259661555762444,0.25690600432599414,0.7430939956740059,0.01673398730525101,0.01878238341968912,6284722329.741899,2.991983030235384,0.02950349122572274
link,random,2,20460907,0.32,0.3201123201123201,912,0.3201123201123201,0.0,0.00014179438256066264,0.21105760470354754,0.7889423952964525,0.008655510675129832,0.009715025906735751,6355592212.288958,3.036998761024918,0.01417911516294751
link,random,2,20460907,0.34,0.34011934011934014,969,0.34011934011934014,0.0,0.00013218936561582492,0.1967607628054057,0.8032392371945943,0.008655510675129832,0.009715025906735751,6362649852.469695,3.0414816925462804,0.012703065205058038
link,random,2,20460907,0.36,0.3601263601263601,1026,0.3601263601263601,0.0,0.00013039555514454278,0.19409071809331016,0.8059092819066899,0.005770340450086555,0.006476683937823835,6370891819.726661,3.0467168949465293,0.010895623171224507
link,random,2,20460907,0.38,0.38013338013338016,1083,0.38013338013338016,0.0,0.00013000192248669592,0.19350480513683105,0.8064951948631689,0.005770340450086555,0.006476683937823835,6373203729.645586,3.0481853934226044,0.010400087698094706
link,random,2,20460907,0.4,0.40014040014040014,1140,0.40014040014040014,0.0,0.00012980938906679125,0.19321822366797012,0.8067817763320299,0.005770340450086555,0.006476683937823835,6373811844.86125,3.048571661183373,0.010273825691671516
link,random,3,20460908,0.0,0.0,0,0.0,0.0,0.0006718278773220594,1.0,0.0,0.8909405654933641,1.0,1574335933.3296878,0.0,1.0
link,random,3,20460908,0.02,0.020007020007020006,57,0.020007020007020006,0.0,0.0006330057137755741,0.9422141223117558,0.05778587768824417,0.86266589728794,0.9682642487046632,1804442277.301776,0.1461608917770288,0.9719331270015129
link,random,3,20460908,0.04,0.04001404001404001,114,0.04001404001404001,0.0,0.0005900228849325632,0.8782351921513363,0.12176480784866373,0.8165031736872476,0.9164507772020726,2204582129.842446,0.40032510417252587,0.9057462834526068
link,random,3,20460908,0.06,0.06002106002106002,171,0.06002106002106002,0.0,0.0005434700864011632,0.8089424460435657,0.1910575539564343,0.7547605308713214,0.8471502590673575,2680746914.5624237,0.7027794753389764,0.8256171495700028
link,random,3,20460908,0.08,0.08002808002808003,228,0.08002808002808003,0.0,0.000421912355813789,0.6280066220168675,0.3719933779831325,0.6168493941142528,0.6923575129533679,3635086821.5007896,1.3089651608298467,0.6379630505380535
link,random,3,20460908,0.1,0.10003510003510004,285,0.10003510003510004,0.0,0.00039758998755099563,0.5918033487026616,0.4081966512973384,0.5626081938834391,0.6314766839378237,3903218123.3800483,1.4792790666505484,0.5866754653164022
link,random,3,20460908,0.12,0.12004212004212005,342,0.12004212004212005,0.0,0.0003669518107651969,0.5461991428933938,0.4538008571066062,0.5083669936526255,0.5705958549222798,4234291286.3533373,1.6895729156088681,0.5363566855579022
link,random,3,20460908,0.14,0.14004914004914004,399,0.14004914004914004,0.0,0.00033070253652581937,0.4922429504473925,0.5077570495526075,0.3837276399307559,0.430699481865285,4639549664.974186,1.9469883566473862,0.4517522231991152
link,random,3,20460908,0.16,0.16005616005616005,456,0.16005616005616005,0.0,0.0002963608344469959,0.44112613431330877,0.5588738656866912,0.2371609924985574,0.2661917098445596,5037865144.155768,2.199993748158176,0.33411782678395596
link,random,3,20460908,0.18,0.18006318006318006,513,0.18006318006318006,0.0,0.0002474359731106921,0.36830262849017914,0.6316973715098209,0.0882862088863243,0.09909326424870467,5506355666.008935,2.4975735161955597,0.21955831997660505
link,random,3,20460908,0.2,0.20007020007020007,570,0.20007020007020007,0.0,0.0002333237074775544,0.3472968528897532,0.6527031471102468,0.07097518753606463,0.07966321243523317,5634645979.87259,2.5790620417050576,0.19092351181613185
link,random,3,20460908,0.22,0.22007722007722008,627,0.22007722007722008,0.0,0.00019780024476872388,0.29442101384236374,0.7055789861576363,0.05539526832083093,0.06217616580310881,5863251685.589023,2.7242697453956772,0.13659290659446635
link,random,3,20460908,0.24,0.2400842400842401,684,0.2400842400842401,0.0,0.00018119743637738298,0.26970812390168347,0.7302918760983166,0.021350259665320254,0.02396373056994819,6060274518.128099,2.849416372851723,0.08394051978302013
link,random,3,20460908,0.26,0.2600912600912601,741,0.2600912600912601,0.0,0.00015886212679781285,0.23646254071957462,0.7635374592804254,0.01788805539526832,0.020077720207253888,6184396193.248441,2.9282570271826107,0.054601569928366935
link,random,3,20460908,0.28,0.2800982800982801,798,0.2800982800982801,0.0,0.00014828836027813683,0.2207237378556274,0.7792762621443726,0.016156953260242354,0.018134715025906734,6222223272.003414,2.952284350674472,0.045885664904132505
link,random,3,20460908,0.3,0.3001053001053001,855,0.3001053001053001,0.0,0.0001249138371286488,0.1859313097077213,0.8140686902922787,0.015002885170225043,0.01683937823834197,6265013829.494822,2.979464418527529,0.03579963923224683
link,random,3,20460908,0.32,0.3201123201123201,912,0.3201123201123201,0.0,0.00012195163971299542,0.18152214849895923,0.8184778515010408,0.013848817080207732,0.015544041450777202,6296836453.508408,2.999677781723961,0.02824166458142504
link,random,3,20460908,0.34,0.34011934011934014,969,0.34011934011934014,0.0,0.00011947898060830923,0.17784165355650114,0.8221583464434988,0.013271783035199077,0.01489637305699482,6313402016.06106,3.0102000357117844,0.024315597473987084
link,random,3,20460908,0.36,0.3601263601263601,1026,0.3601263601263601,0.0,0.00011859840288682395,0.1765309343213969,0.8234690656786031,0.013271783035199077,0.01489637305699482,6322010595.506956,3.0156681059397754,0.022305667993120414
link,random,3,20460908,0.38,0.38013338013338016,1083,0.38013338013338016,0.0,0.00011679642127473834,0.17384872705832768,0.8261512729416723,0.012694748990190421,0.014248704663212436,6331341307.577295,3.0215948664695973,0.020205288523656557
link,random,3,20460908,0.4,0.40014040014040014,1140,0.40014040014040014,0.0,0.00011585956783430096,0.17245424273866572,0.8275457572613343,0.012694748990190421,0.014248704663212436,6344435194.682775,3.029911952314031,0.016966284551930857
link,random,4,20460909,0.0,0.0,0,0.0,0.0,0.0006718278773220594,1.0,0.0,0.8909405654933641,1.0,1574335933.3296878,0.0,1.0
link,random,4,20460909,0.02,0.020007020007020006,57,0.020007020007020006,0.0,0.0006039750606601022,0.899002677691164,0.10099732230883596,0.860934795152914,0.966321243523316,1874551921.9069393,0.19069372820723265,0.9538204141450872
link,random,4,20460909,0.04,0.04001404001404001,114,0.04001404001404001,0.0,0.0005650593239034324,0.8410775184795667,0.1589224815204333,0.8055395268320831,0.9041450777202072,2274733808.587714,0.4448846402029962,0.8822489245716408
link,random,4,20460909,0.06,0.06002106002106002,171,0.06002106002106002,0.0,0.0005063321204290308,0.7536634568474544,0.2463365431525456,0.7645701096364685,0.8581606217616581,2632070958.725496,0.6718610704379467,0.8383365189936681
link,random,4,20460909,0.08,0.08002808002808003,228,0.08002808002808003,0.0,0.00046099684265263216,0.6861829617582846,0.31381703824171536,0.7195614541257934,0.8076424870466321,2989618593.5615096,0.8989711981219461,0.7808982520138422
link,random,4,20460909,0.1,0.10003510003510004,285,0.10003510003510004,0.0,0.0004089967090053815,0.6087819854032606,0.39121801459673944,0.634737449509521,0.7124352331606217,3562694277.4895625,1.2629822530662425,0.6784203057751826
link,random,4,20460909,0.12,0.12004212004212005,342,0.12004212004212005,0.0,0.00036456766516561713,0.5426503982222391,0.45734960177776085,0.5585689555683785,0.6269430051813472,4031001912.068907,1.5604458532197898,0.5965749698956831
link,random,4,20460909,0.14,0.14004914004914004,399,0.14004914004914004,0.0,0.00033666970448012934,0.501124939652865,0.498875060347135,0.4893248701673399,0.5492227979274612,4322599887.243278,1.7456655188585248,0.5475017253015122
link,random,4,20460909,0.16,0.16005616005616005,456,0.16005616005616005,0.0,0.00028868242087866315,0.4296969962445831,0.5703030037554169,0.30294287362954414,0.3400259067357513,4961744190.247182,2.1516425974939133,0.3884253542971308
link,random,4,20460909,0.18,0.18006318006318006,513,0.18006318006318006,0.0,0.0002499221600764011,0.3720032593357152,0.6279967406642848,0.24350836699365264,0.27331606217616583,5435936836.221376,2.452844288908837,0.24980817158914825
link,random,4,20460909,0.2,0.20007020007020007,570,0.20007020007020007,0.0,0.0002302589409012552,0.34273501989688077,0.6572649801031192,0.1477207155222158,0.16580310880829016,5724631103.962621,2.636219553126215,0.17470661727922016
link,random,4,20460909,0.22,0.22007722007722008,627,0.22007722007722008,0.0,0.00021278891224532826,0.31673129298164265,0.6832687070183574,0.054818234275822275,0.06152849740932643,5913199137.84377,2.755995790134496,0.1180503622974653
link,random,4,20460909,0.24,0.2400842400842401,684,0.2400842400842401,0.0,0.0001897654239631698,0.28246137198055044,0.7175386280194496,0.03462204270051933,0.038860103626943004,6141898601.492361,2.9012630477806427,0.06302350895208948
link,random,4,20460909,0.26,0.2600912600912601,741,0.2600912600912601,0.0,0.00018058405172702134,0.2687951152709511,0.7312048847290489,0.02192729371032891,0.02461139896373057,6231602199.200052,2.9582417368955953,0.0421904603756684
link,random,4,20460909,0.28,0.2800982800982801,798,0.2800982800982801,0.0,0.0001775178282246449,0.2642311136778666,0.7357688863221334,0.02192729371032891,0.02461139896373057,6251782389.741578,2.9710599608300803,0.0368301522101839
link,random,4,20460909,0.3,0.3001053001053001,855,0.3001053001053001,0.0,0.0001644000190188874,0.24470556308885896,0.7552944369111411,0.013848817080207732,0.015544041450777202,6277361258.269147,2.98730736266221,0.0313103600531366
link,random,4,20460909,0.32,0.3201123201123201,912,0.3201123201123201,0.0,0.00016180115920245273,0.24083722135407734,0.7591627786459226,0.013848817080207732,0.015544041450777202,6303105749.846639,3.003659966342571,0.02508461099759317
link,random,4,20460909,0.34,0.34011934011934014,969,0.34011934011934014,0.0,0.00015132605667609114,0.22524527752448234,0.7747547224755177,0.013848817080207732,0.015544041450777202,6317599753.38979,3.0128663899757386,0.02202986477907178
link,random,4,20460909,0.36,0.3601263601263601,1026,0.3601263601263601,0.0,0.0001392451547724792,0.20726313907591568,0.7927368609240844,0.013848817080207732,0.015544041450777202,6335076861.012699,3.023967646863108,0.0184132996051744
link,random,4,20460909,0.38,0.38013338013338016,1083,0.38013338013338016,0.0,0.00011023451757805359,0.16408148768320552,0.8359185123167945,0.013848817080207732,0.015544041450777202,6357521878.567799,3.0382244627560344,0.013690628604500087
link,random,4,20460909,0.4,0.40014040014040014,1140,0.40014040014040014,0.0,0.00010844916642617042,0.16142403446914766,0.8385759655308523,0.012694748990190421,0.014248704663212436,6363375368.385139,3.0419425318754763,0.012410750002603084
link,random,5,20460910,0.0,0.0,0,0.0,0.0,0.0006718278773220594,1.0,0.0,0.8909405654933641,1.0,1574335933.3296878,0.0,1.0
link,random,5,20460910,0.02,0.020007020007020006,57,0.020007020007020006,0.0,0.0006191244929420912,0.921552251463505,0.07844774853649505,0.8563185227928448,0.9611398963730571,1803631735.2881255,0.14564604485237265,0.9710497578731728
link,random,5,20460910,0.04,0.04001404001404001,114,0.04001404001404001,0.0,0.0005836066689062121,0.8686848054482325,0.13131519455176754,0.8303519907674553,0.9319948186528497,2088766534.8130293,0.3267603759734629,0.9253383981912644
link,random,5,20460910,0.06,0.06002106002106002,171,0.06002106002106002,0.0,0.0005163957356144408,0.7686429114445517,0.23135708855544834,0.7916907097518754,0.8886010362694301,2668502566.7405834,0.695002007034646,0.825437934348608
link,random,5,20460910,0.08,0.08002808002808003,228,0.08002808002808003,0.0,0.00048067547059264505,0.715474136781347,0.28452586321865303,0.7495672244662435,0.841321243523316,2977476016.831464,0.8912583736395852,0.7862864973549691
link,random,5,20460910,0.1,0.10003510003510004,285,0.10003510003510004,0.0,0.00043542035316924163,0.6481129584929546,0.3518870415070454,0.6635891517599538,0.7448186528497409,3492115422.955906,1.218151379909213,0.7295856677956915
link,random,5,20460910,0.12,0.12004212004212005,342,0.12004212004212005,0.0,0.0003653718382251344,0.5438473909143595,0.4561526090856405,0.47374495095210617,0.5317357512953368,4356776803.178024,1.7673743010893053,0.5710301366999222
link,random,5,20460910,0.14,0.14004914004914004,399,0.14004914004914004,0.0,0.0003170306760096566,0.47189270750918716,0.5281072924908128,0.3058280438545874,0.3432642487046632,4969499097.132683,2.156568424772148,0.38428796092958106
link,random,5,20460910,0.16,0.16005616005616005,456,0.16005616005616005,0.0,0.0002767663006456082,0.4119601314384467,0.5880398685615533,0.2285054818234276,0.25647668393782386,5466376194.095312,2.4721790174312033,0.24014739868546658
link,random,5,20460910,0.18,0.18006318006318006,513,0.18006318006318006,0.0,0.00024884513849288733,0.3704001380305874,0.6295998619694125,0.11713791113675708,0.13147668393782386,5775375792.8213415,2.6684519933471513,0.1555737737481244
link,random,5,20460910,0.2,0.20007020007020007,570,0.20007020007020007,0.0,0.0002400586214498233,0.35732161399242524,0.6426783860075748,0.031736872475476054,0.03562176165803109,5856963834.860209,2.720275775242487,0.12990001720997094
link,random,5,20460910,0.22,0.22007722007722008,627,0.22007722007722008,0.0,0.00022022671211711158,0.3278022832201406,0.6721977167798594,0.02308136180034622,0.02590673575129534,6060051173.683481,2.8492745070403105,0.07944538323997893
link,random,5,20460910,0.24,0.2400842400842401,684,0.2400842400842401,0.0,0.000213382365930012,0.31761463483856184,0.6823853651614382,0.022504327755337564,0.025259067357512953,6107312132.947354,2.8792941224624884,0.06951171864227398
link,random,5,20460910,0.26,0.2600912600912601,741,0.2600912600912601,0.0,0.00017987784566887184,0.2677439441570574,0.7322560558429426,0.017311021350259664,0.019430051813471502,6207138252.645689,2.9427025206225967,0.046333513906786854
link,random,5,20460910,0.28,0.2800982800982801,798,0.2800982800982801,0.0,0.00014831928216417237,0.2207697643559846,0.7792302356440154,0.016156953260242354,0.018134715025906734,6262828660.254613,2.9780764242666176,0.03339877739700323
link,random,5,20460910,0.3,0.3001053001053001,855,0.3001053001053001,0.0,0.00013860386387894375,0.2063085926583248,0.7936914073416752,0.016156953260242354,0.018134715025906734,6301865829.253934,3.002872383104169,0.025249008070970892
link,random,5,20460910,0.32,0.3201123201123201,912,0.3201123201123201,0.0,0.0001375364892588284,0.2047198306314051,0.7952801693685949,0.013848817080207732,0.015544041450777202,6312595432.194825,3.009687702956647,0.022920906137578318
link,random,5,20460910,0.34,0.34011934011934014,969,0.34011934011934014,0.0,0.00013599159879899562,0.20242029750397553,0.7975797024960245,0.013848817080207732,0.015544041450777202,6319963063.652741,3.014367537356624,0.02139652250070142
link,random,5,20460910,0.36,0.3601263601263601,1026,0.3601263601263601,0.0,0.00013539234173623113,0.20152831745522679,0.7984716825447732,0.013848817080207732,0.015544041450777202,6322410565.597863,3.015922162321542,0.020891615250491498
link,random,5,20460910,0.38,0.38013338013338016,1083,0.38013338013338016,0.0,0.00013257096467022902,0.1973287640260832,0.8026712359739168,0.013848817080207732,0.015544041450777202,6331080038.689091,3.0214289114896764,0.01907350394796612
link,random,5,20460910,0.4,0.40014040014040014,1140,0.40014040014040014,0.0,0.0001295408169689365,0.19281846041473136,0.8071815395852686,0.008078476630121177,0.009067357512953367,6343416231.428809,3.0292647186249604,0.016527992032608598
link,random,6,20460911,0.0,0.0,0,0.0,0.0,0.0006718278773220594,1.0,0.0,0.8909405654933641,1.0,1574335933.3296878,0.0,1.0
link,random,6,20460911,0.02,0.020007020007020006,57,0.020007020007020006,0.0,0.0006503877646546845,0.9680868963746544,0.03191310362534561,0.864396999422966,0.9702072538860105,1709239964.6492553,0.08568948244371721,0.9833252212682221
link,random,6,20460911,0.04,0.04001404001404001,114,0.04001404001404001,0.0,0.0006143224487129497,0.9144045215296375,0.08559547847036253,0.8263127524523947,0.927461139896373,2044704140.063872,0.2987724517850299,0.9229012965921365
link,random,6,20460911,0.06,0.06002106002106002,171,0.06002106002106002,0.0,0.0005417611980951227,0.8063988059778211,0.1936011940221789,0.7553375649163301,0.8477979274611399,2694752926.3556476,0.7116759322492888,0.8371263882283956
link,random,6,20460911,0.08,0.08002808002808003,228,0.08002808002808003,0.0,0.0004866470192359471,0.7243626465393893,0.2756373534606107,0.6959030582804385,0.7810880829015544,3193174276.5719905,1.0282674167377308,0.7425957417548031
link,random,6,20460911,0.1,0.10003510003510004,285,0.10003510003510004,0.0,0.00044874555127626407,0.6679472025855596,0.3320527974144404,0.651471436814772,0.7312176165803108,3422613688.944858,1.1740046812665332,0.717216688528542
link,random,6,20460911,0.12,0.12004212004212005,342,0.12004212004212005,0.0,0.0004011618354650213,0.5971199603447138,0.4028800396552862,0.5585689555683785,0.6269430051813472,4049156651.4225936,1.5719775339553557,0.6306922094616819
link,random,6,20460911,0.14,0.14004914004914004,399,0.14004914004914004,0.0,0.00034108647459003605,0.5076991981184591,0.4923008018815409,0.4258511252163878,0.477979274611399,4790181629.252725,2.0426680404363187,0.46052209127929533
link,random,6,20460911,0.16,0.16005616005616005,456,0.16005616005616005,0.0,0.0003080265125314372,0.45849022186939725,0.5415097781306027,0.3346797461050202,0.3756476683937824,5123490004.647076,2.2543816705059894,0.35778391055703374
link,random,6,20460911,0.18,0.18006318006318006,513,0.18006318006318006,0.0,0.00027822435668983916,0.4141304135798232,0.5858695864201768,0.3087132140796307,0.34650259067357514,5285114882.6623955,2.357043926123497,0.3160763227439986
link,random,6,20460911,0.2,0.20007020007020007,570,0.20007020007020007,0.0,0.00022100055758407435,0.3289541340037779,0.6710458659962222,0.08424697057126371,0.09455958549222798,5824177436.197453,2.6994502335212776,0.14743164180133245
link,random,6,20460911,0.22,0.22007722007722008,627,0.22007722007722008,0.0,0.00021221599539164503,0.31587851971482483,0.6841214802851752,0.07905366416618581,0.08873056994818654,5903394379.351862,2.749767920793312,0.1297274927274645
link,random,6,20460911,0.24,0.2400842400842401,684,0.2400842400842401,0.0,0.0001707497358443197,0.25415696729486276,0.7458430327051373,0.0675129832660127,0.07577720207253887,6130315059.3598995,2.8939053156173666,0.07082777269437625
link,random,6,20460911,0.26,0.2600912600912601,741,0.2600912600912601,0.0,0.0001447078061823083,0.2153941672666533,0.7846058327333467,0.0415464512406232,0.04663212435233161,6209741556.510893,2.944356109167513,0.05109046811733116
link,random,6,20460911,0.28,0.2800982800982801,798,0.2800982800982801,0.0,0.000130083700742212,0.19362653014747222,0.8063734698525278,0.01788805539526832,0.020077720207253888,6304987668.85551,3.0048553395593225,0.02693681677523633
link,random,6,20460911,0.3,0.3001053001053001,855,0.3001053001053001,0.0,0.00012800354551183139,0.190530267993731,0.809469732006269,0.01788805539526832,0.020077720207253888,6327520413.587362,3.019167878741602,0.020091148780299814
link,random,6,20460911,0.32,0.3201123201123201,912,0.3201123201123201,0.0,0.00012590629440040055,0.18740855902298897,0.812591440977011,0.01788805539526832,0.020077720207253888,6335261522.738856,3.024084941858571,0.01838157651934237
link,random,6,20460911,0.34,0.34011934011934014,969,0.34011934011934014,0.0,0.00012530578367476775,0.1865147129265357,0.8134852870734643,0.01788805539526832,0.020077720207253888,6339425939.614119,3.026730131355361,0.01745033260699379
link,random,6,20460911,0.36,0.3601263601263601,1026,0.3601263601263601,0.0,0.0001241093013757207,0.18473377715498618,0.8152662228450138,0.01788805539526832,0.020077720207253888,6348163664.955388,3.0322802335643533,0.0155414359904072
link,random,6,20460911,0.38,0.38013338013338016,1083,0.38013338013338016,0.0,0.00012206282402801276,0.18168764373780005,0.8183123562621999,0.01788805539526832,0.020077720207253888,6354706707.948906,3.036436298896407,0.014173853902077347
link,random,6,20460911,0.4,0.40014040014040014,1140,0.40014040014040014,0.0,0.00012156137417063031,0.18094124741471018,0.8190587525852898,0.006347374495095211,0.007124352331606218,6355340295.94083,3.0368387466704245,0.014043192669339339
link,random,7,20460912,0.0,0.0,0,0.0,0.0,0.0006718278773220594,1.0,0.0,0.8909405654933641,1.0,1574335933.3296878,0.0,1.0
link,random,7,20460912,0.02,0.020007020007020006,57,0.020007020007020006,0.0,0.0006425882489816458,0.9564775006703142,0.04352249932968577,0.864396999422966,0.9702072538860105,1784927449.9773593,0.13376529887256958,0.975497991083171
link,random,7,20460912,0.04,0.04001404001404001,114,0.04001404001404001,0.0,0.0006052301001829178,0.90087077451355,0.09912922548644998,0.8095787651471437,0.908678756476684,2069417924.849448,0.3144703624166616,0.9358522826494091
link,random,7,20460912,0.06,0.06002106002106002,171,0.06002106002106002,0.0,0.0005470933253615895,0.8143355520499265,0.18566444795007353,0.7316791690709752,0.8212435233160622,2573379385.645543,0.6345808611526125,0.8427488762120962
link,random,7,20460912,0.08,0.08002808002808003,228,0.08002808002808003,0.0,0.0005103879656041295,0.7597004870333192,0.24029951296668084,0.7016733987305251,0.7875647668393783,2924701627.3962417,0.8577366910571357,0.7793174806320393
link,random,7,20460912,0.1,0.10003510003510004,285,0.10003510003510004,0.0,0.0004331458771500712,0.6447274544137898,0.35527254558621024,0.6024235429890363,0.6761658031088082,3625005973.873309,1.3025619228587997,0.6406362806794245
link,random,7,20460912,0.12,0.12004212004212005,342,0.12004212004212005,0.0,0.0003760380397982318,0.5597237811820772,0.4402762188179228,0.5043277553375649,0.5660621761658031,4244181894.9414535,1.6958553159395258,0.5342013757827228
link,random,7,20460912,0.14,0.14004914004914004,399,0.14004914004914004,0.0,0.00033039639971484217,0.4917872730018577,0.5082127269981422,0.189267166762839,0.21243523316062177,4906659127.102149,2.116653201661139,0.3492618529640303
link,random,7,20460912,0.16,0.16005616005616005,456,0.16005616005616005,0.0,0.0002840311731276033,0.42277372332295327,0.5772262766770467,0.17714945181765723,0.1988341968911917,5217005392.723949,2.3137815648341906,0.29541793414431144
link,random,7,20460912,0.18,0.18006318006318006,513,0.18006318006318006,0.0,0.0002470239743839111,0.36768937807189755,0.6323106219281025,0.08020773225620312,0.0900259067357513,5747381301.375606,2.6506702157397966,0.1527605207510536
link,random,7,20460912,0.2,0.20007020007020007,570,0.20007020007020007,0.0,0.00020788461324366123,0.30943135922299037,0.6905686407770096,0.07097518753606463,0.07966321243523317,5897210520.120632,2.7458400048382012,0.12234540788602835
link,random,7,20460912,0.22,0.22007722007722008,627,0.22007722007722008,0.0,0.00018983692317459252,0.28256779687573,0.7174322031242699,0.040392383150605886,0.04533678756476684,6101369472.924204,2.875519413458304,0.07295492324201569
link,random,7,20460912,0.24,0.2400842400842401,684,0.2400842400842401,0.0,0.0001637573620353874,0.2437489832784741,0.756251016721526,0.021350259665320254,0.02396373056994819,6223717897.1017,2.9532337192727764,0.045057708983825155
link,random,7,20460912,0.26,0.2600912600912601,741,0.2600912600912601,0.0,0.00013722301289761777,0.20425322843790852,0.7957467715620915,0.017311021350259664,0.019430051813471502,6306624228.438369,3.00589486330277,0.0251558685218795
link,random,7,20460912,0.28,0.2800982800982801,798,0.2800982800982801,0.0,0.00013110616360830957,0.19514844208445997,0.80485155791554,0.012694748990190421,0.014248704663212436,6344805228.720968,3.0301469936608996,0.016404817933499957
link,random,7,20460912,0.3,0.3001053001053001,855,0.3001053001053001,0.0,0.0001281755684368858,0.190786320073231,0.809213679926769,0.012694748990190421,0.014248704663212436,6351559825.365224,3.0344374354282864,0.014963038022993806
link,random,7,20460912,0.32,0.3201123201123201,912,0.3201123201123201,0.0,0.0001269298295580873,0.1889320670407965,0.8110679329592035,0.01154068090017311,0.01295336787564767,6355061475.42925,3.0366616431020708,0.014231773182048586
link,random,7,20460912,0.34,0.34011934011934014,969,0.34011934011934014,0.0,0.0001022524195480109,0.15220032243317191,0.8477996775668281,0.01154068090017311,0.01295336787564767,6364172519.949588,3.0424488733414696,0.012324891138151007
link,random,7,20460912,0.36,0.3601263601263601,1026,0.3601263601263601,0.0,9.637847466717372e-05,0.14345709358078934,0.8565429064192107,0.01154068090017311,0.01295336787564767,6378156268.261459,3.0513311887455883,0.009414051143271101
link,random,7,20460912,0.38,0.38013338013338016,1083,0.38013338013338016,0.0,9.613566482878766e-05,0.14309567684507138,0.8569043231549286,0.01154068090017311,0.01295336787564767,6379705955.865161,3.0523155324113165,0.009081186235579828
link,random,7,20460912,0.4,0.40014040014040014,1140,0.40014040014040014,0.0,9.438701273664989e-05,0.14049284931861028,0.8595071506813897,0.005770340450086555,0.006476683937823835,6381170747.29435,3.0532459510076135,0.008779107720436835
link,random,8,20460913,0.0,0.0,0,0.0,0.0,0.0006718278773220594,1.0,0.0,0.8909405654933641,1.0,1574335933.3296878,0.0,1.0
link,random,8,20460913,0.02,0.020007020007020006,57,0.020007020007020006,0.0,0.0006266920971578345,0.932816452416148,0.06718354758385203,0.8482400461627236,0.9520725388601037,1853514002.4995863,0.17733068480463549,0.9605717008606567
link,random,8,20460913,0.04,0.04001404001404001,114,0.04001404001404001,0.0,0.0005485163645985109,0.8164537124969053,0.18354628750309465,0.8026543566070398,0.9009067357512953,2295309605.148425,0.4579541485112983,0.89038077403443
link,random,8,20460913,0.06,0.06002106002106002,171,0.06002106002106002,0.0,0.0005171983687910103,0.7698376120571087,0.23016238794289134,0.7639930755914599,0.8575129533678757,2564580029.971239,0.6289916120679565,0.8545455309854083
link,random,8,20460913,0.08,0.08002808002808003,228,0.08002808002808003,0.0,0.0004691970784867298,0.6983888200010002,0.3016111799989998,0.7120600115406809,0.7992227979274611,2894715397.5270743,0.838689784209404,0.8035749607807056
link,random,8,20460913,0.1,0.10003510003510004,285,0.10003510003510004,0.0,0.00042440509039112746,0.6317169988283726,0.3682830011716274,0.6099249855741489,0.6845854922279793,3416696831.0043125,1.1702463614471847,0.7255665412121981
link,random,8,20460913,0.12,0.12004212004212005,342,0.12004212004212005,0.0,0.0003689725914020478,0.5492070273606264,0.45079297263937357,0.5718407386035776,0.641839378238342,3972381122.6849284,1.5232106049205298,0.6618853085605974
link,random,8,20460913,0.14,0.14004914004914004,399,0.14004914004914004,0.0,0.000319051796836048,0.47490109834055255,0.5250989016594474,0.4679746105020196,0.5252590673575129,4481960157.05418,1.8468893215026396,0.5564525791510011
link,random,8,20460913,0.16,0.16005616005616005,456,0.16005616005616005,0.0,0.0002715401873751896,0.40418118470695624,0.5958188152930437,0.16849394114252741,0.18911917098445596,5071000036.689983,2.2210406491611505,0.3433266513728916
link,random,8,20460913,0.18,0.18006318006318006,513,0.18006318006318006,0.0,0.00021268932879164952,0.31658306535215563,0.6834169346478444,0.05943450663589152,0.0667098445595855,5862938834.942287,2.7240710262785486,0.12709510532774365
link,random,8,20460913,0.2,0.20007020007020007,570,0.20007020007020007,0.0,0.00019908109485390317,0.296327529079994,0.703672470920006,0.03981534910559723,0.04468911917098446,5990603913.788749,2.8051624097270937,0.09620632802572184
link,random,8,20460913,0.22,0.22007722007722008,627,0.22007722007722008,0.0,0.00019252854308901112,0.2865742098354713,0.7134257901645287,0.027120600115406807,0.030440414507772018,6043660636.156045,2.8388634269268236,0.08496126414081967
link,random,8,20460913,0.24,0.2400842400842401,684,0.2400842400842401,0.0,0.0001792725965652673,0.2668430450963975,0.7331569549036026,0.025966532025389497,0.029145077720207253,6103933187.064994,2.877147855067566,0.06932917168307384
link,random,8,20460913,0.26,0.2600912600912601,741,0.2600912600912601,0.0,0.00014591536096412647,0.21719158416848172,0.7828084158315183,0.022504327755337564,0.025259067357512953,6157320136.122115,2.9110586284462876,0.05886464372034495
link,random,8,20460913,0.28,0.2800982800982801,798,0.2800982800982801,0.0,0.0001383127547026777,0.20587528349374173,0.7941247165062583,0.021350259665320254,0.02396373056994819,6220788504.42557,2.951373002881749,0.04453212190407276
link,random,8,20460913,0.3,0.3001053001053001,855,0.3001053001053001,0.0,0.00012698193850508248,0.18900962998326157,0.8109903700167385,0.013271783035199077,0.01489637305699482,6269319148.144232,2.9821991072037286,0.03410491406595
link,random,8,20460913,0.32,0.3201123201123201,912,0.3201123201123201,0.0,0.0001238689782950351,0.18437606189963904,0.8156239381003609,0.0103866128101558,0.011658031088082903,6303068258.836899,3.003636152486236,0.026224316468208744
link,random,8,20460913,0.34,0.34011934011934014,969,0.34011934011934014,0.0,0.0001232714025977622,0.1834865845238938,0.8165134154761062,0.0103866128101558,0.011658031088082903,6306510730.099056,3.005822770468636,0.02543671246590705
link,random,8,20460913,0.36,0.3601263601263601,1026,0.3601263601263601,0.0,0.0001196664075906047,0.1781206342130386,0.8218793657869614,0.0103866128101558,0.011658031088082903,6321193078.945074,3.0151488288626442,0.02222915388926371
link,random,8,20460913,0.38,0.38013338013338016,1083,0.38013338013338016,0.0,0.00011741328164369575,0.17476690921447197,0.8252330907855281,0.0103866128101558,0.011658031088082903,6327868473.093092,3.0193889621192733,0.020838010722856817
link,random,8,20460913,0.4,0.40014040014040014,1140,0.40014040014040014,0.0,0.00011130688036447135,0.16567767447838921,0.8343223255216108,0.0103866128101558,0.011658031088082903,6349533789.281895,3.033150520710508,0.01625597344424461
link,random,9,20460914,0.0,0.0,0,0.0,0.0,0.0006718278773220594,1.0,0.0,0.8909405654933641,1.0,1574335933.3296878,0.0,1.0
link,random,9,20460914,0.02,0.020007020007020006,57,0.020007020007020006,0.0,0.0005937312949796233,0.8837550733176881,0.1162449266823119,0.86266589728794,0.9682642487046632,1985520654.6643264,0.26117978547627474,0.9281181225402707
link,random,9,20460914,0.04,0.04001404001404001,114,0.04001404001404001,0.0,0.000549859429211154,0.8184528325959353,0.18154716740406474,0.8199653779572995,0.9203367875647669,2404929535.802947,0.5275834622643536,0.858804736990758
link,random,9,20460914,0.06,0.06002106002106002,171,0.06002106002106002,0.0,0.0005084116089305621,0.756758726590979,0.24324127340902102,0.79399884593191,0.8911917098445595,2696815952.5827265,0.7129863426791109,0.814718631071108
link,random,9,20460914,0.08,0.08002808002808003,228,0.08002808002808003,0.0,0.0004705599350416486,0.7004173999407778,0.2995826000592222,0.7311021350259665,0.8205958549222798,3030261675.043479,0.9247872140188901,0.7524646204486655
link,random,9,20460914,0.1,0.10003510003510004,285,0.10003510003510004,0.0,0.0004316011838338694,0.6424282147300199,0.3575717852699801,0.6231967686093479,0.699481865284974,3583064674.862664,1.2759212941831015,0.6361568858122405
link,random,9,20460914,0.12,0.12004212004212005,342,0.12004212004212005,0.0,0.000356770723050725,0.531044833198693,0.468955166801307,0.5395268320830929,0.6055699481865285,4166127304.9684916,1.646275941982229,0.541195950771438
link,random,9,20460914,0.14,0.14004914004914004,399,0.14004914004914004,0.0,0.00029814332971824604,0.4437793366161892,0.5562206633838108,0.4420080784766301,0.4961139896373057,4801690516.815236,2.0499783528790836,0.41799971187134966
link,random,9,20460914,0.16,0.16005616005616005,456,0.16005616005616005,0.0,0.0002509688149573888,0.3735611805180867,0.6264388194819133,0.2463935372186959,0.2765544041450777,5447008556.671855,2.4598769178516715,0.24219722867147997
link,random,9,20460914,0.18,0.18006318006318006,513,0.18006318006318006,0.0,0.00022562893314199698,0.3358433622036727,0.6641566377963273,0.17830351990767454,0.20012953367875647,5784138675.093131,2.6740180749478273,0.15981130227655857
link,random,9,20460914,0.2,0.20007020007020007,570,0.20007020007020007,0.0,0.00020718351865166152,0.3083877964062845,0.6916122035937156,0.15637622619734565,0.17551813471502592,5953774269.063916,2.7817686448100103,0.1126346962187164
link,random,9,20460914,0.22,0.22007722007722008,627,0.22007722007722008,0.0,0.0002018076400069519,0.30038592743630643,0.6996140725636936,0.15579919215233698,0.1748704663212435,5992449494.795535,2.806334701464654,0.10385940108317467
link,random,9,20460914,0.24,0.2400842400842401,684,0.2400842400842401,0.0,0.00019452320279738305,0.28954321391479404,0.710456786085206,0.10271206001154068,0.11528497409326426,6053015499.009989,2.8448055277554305,0.08896970261731779
link,random,9,20460914,0.26,0.2600912600912601,741,0.2600912600912601,0.0,0.0001830054604117988,0.2723993251683274,0.7276006748316726,0.07328332371609925,0.0822538860103627,6193445573.731028,2.9340050891374996,0.05178497564497384
link,random,9,20460914,0.28,0.2800982800982801,798,0.2800982800982801,0.0,0.00017495659008914837,0.26041877093063537,0.7395812290693646,0.03923831506058857,0.04404145077720207,6277671531.010159,2.9875044443234002,0.03128605799778743
link,random,9,20460914,0.3,0.3001053001053001,855,0.3001053001053001,0.0,0.0001724816559465465,0.2567348896477284,0.7432651103522716,0.019619157530294286,0.022020725388601035,6291806901.141357,2.996483068155801,0.028017150368303902
link,random,9,20460914,0.32,0.3201123201123201,912,0.3201123201123201,0.0,0.00013844931283830093,0.20607854706798867,0.7939214529320113,0.01673398730525101,0.01878238341968912,6316628053.426212,3.012249177382793,0.022859565865098797
link,random,9,20460914,0.34,0.34011934011934014,969,0.34011934011934014,0.0,0.00010444499494682723,0.155463919364511,0.844536080635489,0.013271783035199077,0.01489637305699482,6349206878.051298,3.032942870472922,0.01575631551843418
link,random,9,20460914,0.36,0.3601263601263601,1026,0.3601263601263601,0.0,0.00010272094455443577,0.15289771088970996,0.8471022891102901,0.009809578765147143,0.011010362694300517,6352621979.7561035,3.0351121036286326,0.015363167183774814
link,random,9,20460914,0.38,0.38013338013338016,1083,0.38013338013338016,0.0,0.00010222348012707478,0.15215724678550532,0.8478427532144946,0.006924408540103866,0.007772020725388601,6357620636.465568,3.0382871926319637,0.013901399706129752
link,random,9,20460914,0.4,0.40014040014040014,1140,0.40014040014040014,0.0,8.539921865884221e-05,0.12711472914647112,0.8728852708535288,0.005770340450086555,0.006476683937823835,6375035895.385592,3.0493491639376633,0.01002015409428913
link,random,10,20460915,0.0,0.0,0,0.0,0.0,0.0006718278773220594,1.0,0.0,0.8909405654933641,1.0,1574335933.3296878,0.0,1.0
link,random,10,20460915,0.02,0.020007020007020006,57,0.020007020007020006,0.0,0.0006353273896627842,0.9456698822847781,0.05433011771522189,0.8661281015579919,0.9721502590673575,1780840485.8010979,0.13116930643554403,0.9740482557721065
link,random,10,20460915,0.04,0.04001404001404001,114,0.04001404001404001,0.0,0.0005828122960363205,0.8675024001079569,0.13249759989204313,0.8326601269474899,0.9345854922279793,2106092598.229805,0.33776569132577877,0.9241024408965938
link,random,10,20460915,0.06,0.06002106002106002,171,0.06002106002106002,0.0,0.0005334950064001881,0.7940947739869426,0.20590522601305739,0.7818811309867282,0.8775906735751295,2565755418.104598,0.6297382050335842,0.842067570006598
link,random,10,20460915,0.08,0.08002808002808003,228,0.08002808002808003,0.0,0.0004949157056618338,0.7366703918786363,0.26332960812136375,0.7074437391806117,0.7940414507772021,2904814536.096462,0.8451046403754752,0.790955557218697
link,random,10,20460915,0.1,0.10003510003510004,285,0.10003510003510004,0.0,0.00046877489450000676,0.6977604090627613,0.30223959093723873,0.6503173687247548,0.7299222797927462,3135590537.030706,0.991690890519787,0.7509168759907887
link,random,10,20460915,0.12,0.12004212004212005,342,0.12004212004212005,0.0,0.000399839826936001,0.5951521817311053,0.4048478182688947,0.5753029428736296,0.6457253886010363,3996176299.5168896,1.5383250263906887,0.6041424817443768
link,random,10,20460915,0.14,0.14004914004914004,399,0.14004914004914004,0.0,0.0003637119861675873,0.5413767401516026,0.45862325984839736,0.4720138488170802,0.5297927461139896,4542071911.021487,1.8850716132833856,0.5267081286918142
link,random,10,20460915,0.16,0.16005616005616005,456,0.16005616005616005,0.0,0.00030061798338337856,0.4474628004149774,0.5525371995850226,0.20023081361800346,0.22474093264248704,5309658786.285307,2.372633930202869,0.26393318841189384
link,random,10,20460915,0.18,0.18006318006318006,513,0.18006318006318006,0.0,0.00026883202599291414,0.40015015016121763,0.5998498498387823,0.12925562608193883,0.14507772020725387,5610569909.762681,2.56376920006929,0.18846644369481833
link,random,10,20460915,0.2,0.20007020007020007,570,0.20007020007020007,0.0,0.00024689139930630526,0.36749204318586354,0.6325079568141365,0.0727062896710906,0.08160621761658031,5822627557.537768,2.698465768498996,0.13505585336376286
link,random,10,20460915,0.22,0.22007722007722008,627,0.22007722007722008,0.0,0.0002264436129733607,0.3370559939786611,0.662944006021339,0.06809001731102135,0.07642487046632125,6022902028.865654,2.82567779935464,0.08901035375008473
link,random,10,20460915,0.24,0.2400842400842401,684,0.2400842400842401,0.0,0.00021626362593725937,0.32190332261783683,0.6780966773821632,0.06462781304096941,0.07253886010362694,6115822385.583682,2.8846997366367955,0.06732276926140977
link,random,10,20460915,0.26,0.2600912600912601,741,0.2600912600912601,0.0,0.00020988819390380578,0.3124136419292855,0.6875863580707144,0.018465089440276975,0.02072538860103627,6157791470.089252,2.9113580143379254,0.05680271870034376
link,random,10,20460915,0.28,0.2800982800982801,798,0.2800982800982801,0.0,0.00018302097652706114,0.27242242054109483,0.7275775794589052,0.01788805539526832,0.020077720207253888,6270394310.331975,2.982882037806392,0.03252853781350743
link,random,10,20460915,0.3,0.3001053001053001,855,0.3001053001053001,0.0,0.00015188928560935268,0.2260836305495259,0.773916369450474,0.01788805539526832,0.020077720207253888,6292297600.436891,2.9967947546803506,0.02734743690901448
link,random,10,20460915,0.32,0.3201123201123201,912,0.3201123201123201,0.0,0.00015057244831531683,0.22412354919761054,0.7758764508023894,0.009809578765147143,0.011010362694300517,6297838106.1078825,3.000314019885251,0.02620154624135818
link,random,10,20460915,0.34,0.34011934011934014,969,0.34011934011934014,0.0,0.00013640972725182122,0.2030426718753581,0.7969573281246419,0.008078476630121177,0.009067357512953367,6320697956.785282,3.0148343329858047,0.021468652614084125
link,random,10,20460915,0.36,0.3601263601263601,1026,0.3601263601263601,0.0,0.00013554005139248927,0.2017481798057546,0.7982518201942455,0.008078476630121177,0.009067357512953367,6324190018.6775255,3.017052450363624,0.020638843211092918
link,random,10,20460915,0.38,0.38013338013338016,1083,0.38013338013338016,0.0,0.00011265044114396031,0.16767753311010372,0.8323224668898963,0.008078476630121177,0.009067357512953367,6329682293.316724,3.0205410797742367,0.019490366824157834
link,random,10,20460915,0.4,0.40014040014040014,1140,0.40014040014040014,0.0,0.00011261501577498862,0.16762480328127777,0.8323751967187223,0.008078476630121177,0.009067357512953367,6329968914.632826,3.020723138323517,0.019430979978026963
link,random,11,20460916,0.0,0.0,0,0.0,0.0,0.0006718278773220594,1.0,0.0,0.8909405654933641,1.0,1574335933.3296878,0.0,1.0
link,random,11,20460916,0.02,0.020007020007020006,57,0.020007020007020006,0.0,0.000643671829285333,0.9580903844762175,0.04190961552378247,0.8499711482977496,0.9540155440414508,1796352173.8198056,0.14102215149250774,0.9634616729302258
link,random,11,20460916,0.04,0.04001404001404001,114,0.04001404001404001,0.0,0.00056240538941291,0.8371271993872701,0.1628728006127299,0.8026543566070398,0.9009067357512953,2242307577.670295,0.4242878728733967,0.8853520680307444
link,random,11,20460916,0.06,0.06002106002106002,171,0.06002106002106002,0.0,0.0004998943708108544,0.7440810178991965,0.25591898210080355,0.740334679746105,0.8309585492227979,2821363609.5792775,0.7920975757773324,0.7847073767164943
link,random,11,20460916,0.08,0.08002808002808003,228,0.08002808002808003,0.0,0.0004578284411084287,0.681466870552256,0.31853312944774403,0.6722446624350836,0.7545336787564767,3173177317.8758955,1.0155655795549883,0.7240506465648607
link,random,11,20460916,0.1,0.10003510003510004,285,0.10003510003510004,0.0,0.00038050520195676197,0.5663730470272763,0.4336269529727237,0.599538372763993,0.6729274611398963,3855308401.9779305,1.4488473650118838,0.5977775348694432
link,random,11,20460916,0.12,0.12004212004212005,342,0.12004212004212005,0.0,0.000346380157223287,0.5155787202578973,0.4844212797421027,0.5556837853433353,0.6237046632124353,4281716167.4327035,1.7196966522748185,0.5422218116215494
link,random,11,20460916,0.14,0.14004914004914004,399,0.14004914004914004,0.0,0.0003030845825285518,0.4511342752501766,0.5488657247498234,0.4725908828620889,0.530440414507772,4666280947.924153,1.9639677588093067,0.4549648965531469
link,random,11,20460916,0.16,0.16005616005616005,456,0.16005616005616005,0.0,0.00027159787201360867,0.4042670469350153,0.5957329530649846,0.4004616272360069,0.4494818652849741,5064784497.343103,2.2170926103625095,0.3960064110163408
link,random,11,20460916,0.18,0.18006318006318006,513,0.18006318006318006,0.0,0.00020704655367734156,0.3081839272622027,0.6918160727377973,0.04385458742065782,0.04922279792746114,5819713955.540146,2.6966150821645614,0.14616972965852967
link,random,11,20460916,0.2,0.20007020007020007,570,0.20007020007020007,0.0,0.00016211023177061678,0.241297268605162,0.758702731394838,0.030005770340450086,0.03367875647668394,6023484236.152056,2.8260476106979984,0.08957192750064837
link,random,11,20460916,0.22,0.22007722007722008,627,0.22007722007722008,0.0,0.00014794273120675855,0.22020927710899096,0.779790722891009,0.024235429890363532,0.027202072538860107,6091089290.877913,2.8689895605669027,0.07246336893190752
link,random,11,20460916,0.24,0.2400842400842401,684,0.2400842400842401,0.0,0.00013961972715416203,0.20782068125945216,0.7921793187405478,0.024235429890363532,0.027202072538860107,6160828554.048693,2.9132871349881904,0.0573193455527666
link,random,11,20460916,0.26,0.2600912600912601,741,0.2600912600912601,0.0,0.0001362306775247421,0.20277616056625192,0.7972238394337481,0.018465089440276975,0.02072538860103627,6196813652.875872,2.9361444541062713,0.04884934701165263
link,random,11,20460916,0.28,0.2800982800982801,798,0.2800982800982801,0.0,0.00012962775201776777,0.19294786119098048,0.8070521388090195,0.015579919215233698,0.017487046632124352,6252902885.358782,2.971771686703499,0.036026191112435275
link,random,11,20460916,0.3,0.3001053001053001,855,0.3001053001053001,0.0,0.00011862622550695347,0.17657234763732005,0.82342765236268,0.012117714945181766,0.013601036269430053,6342416535.874568,3.028629723556197,0.017236317210077873
link,random,11,20460916,0.32,0.3201123201123201,912,0.3201123201123201,0.0,0.00011346238808793884,0.16888609704647237,0.8311139029535276,0.008078476630121177,0.009067357512953367,6358601597.251337,3.0389102875921954,0.013769662390303646
link,random,11,20460916,0.34,0.34011934011934014,969,0.34011934011934014,0.0,0.00011115504937450317,0.16545167761953097,0.834548322380469,0.008078476630121177,0.009067357512953367,6364310176.770564,3.042536311364106,0.012587213896764869
link,random,11,20460916,0.36,0.3601263601263601,1026,0.3601263601263601,0.0,0.00011104729840399125,0.16529129283326485,0.8347087071667352,0.005770340450086555,0.006476683937823835,6364798647.220965,3.0428465821519732,0.012479749359350515
link,random,11,20460916,0.38,0.38013338013338016,1083,0.38013338013338016,0.0,0.00010901474296566784,0.1622658818508786,0.8377341181491214,0.005770340450086555,0.006476683937823835,6372536576.832791,3.047761625662071,0.010595902976955542
link,random,11,20460916,0.4,0.40014040014040014,1140,0.40014040014040014,0.0,0.00010798203928760724,0.16072872670605637,0.8392712732939436,0.0051933064050779,0.0058290155440414515,6377023083.786732,3.0506114030564366,0.009670676273226323
link,random,12,20460917,0.0,0.0,0,0.0,0.0,0.0006718278773220594,1.0,0.0,0.8909405654933641,1.0,1574335933.3296878,0.0,1.0
link,random,12,20460917,0.02,0.020007020007020006,57,0.020007020007020006,0.0,0.0006340273439685846,0.9437347948344305,0.05626520516556954,0.8545874206578188,0.9591968911917098,1767466529.1712162,0.12267432366423932,0.9771922256338286
link,random,12,20460917,0.04,0.04001404001404001,114,0.04001404001404001,0.0,0.0005892450691523023,0.8770774316497012,0.1229225683502988,0.8015002885170225,0.8996113989637305,2177213958.745645,0.38294115801630896,0.9019107783793239
link,random,12,20460917,0.06,0.06002106002106002,171,0.06002106002106002,0.0,0.0005215864288385081,0.7763691362698115,0.22363086373018848,0.773802654356607,0.8685233160621761,2546509307.5197964,0.6175132978982332,0.838269785439169
link,random,12,20460917,0.08,0.08002808002808003,228,0.08002808002808003,0.0,0.0004794517397976149,0.7136526422641679,0.2863473577358321,0.7085978072706289,0.7953367875647668,2926740057.0390253,0.8590314780207239,0.7786853012600153
link,random,12,20460917,0.1,0.10003510003510004,285,0.10003510003510004,0.0,0.00043447826019582167,0.6467106752516351,0.35328932474836494,0.6485862665897288,0.727979274611399,3384105637.996925,1.1495448121034826,0.7002397721272032
link,random,12,20460917,0.12,0.12004212004212005,342,0.12004212004212005,0.0,0.00039657891308195366,0.5902983881269377,0.4097016118730623,0.5187536064627813,0.5822538860103628,3899805312.333116,1.4771112884942599,0.6145334534749839
link,random,12,20460917,0.14,0.14004914004914004,399,0.14004914004914004,0.0,0.0003653578681383782,0.5438265967686746,0.4561734032313254,0.4979803808424697,0.5589378238341969,4176640695.882821,1.6529539264528583,0.5651376598924105
link,random,12,20460917,0.16,0.16005616005616005,456,0.16005616005616005,0.0,0.0002863825885902528,0.4262737499548077,0.5737262500451923,0.189267166762839,0.21243523316062177,4978665227.905092,2.1623906451625725,0.34863968717473426
link,random,12,20460917,0.18,0.18006318006318006,513,0.18006318006318006,0.0,0.00024183509841020726,0.35996585818107824,0.6400341418189217,0.16099249855741488,0.18069948186528498,5253325143.931417,2.3368514512787266,0.2843382334215683
link,random,12,20460917,0.2,0.20007020007020007,570,0.20007020007020007,0.0,0.00019883052236001843,0.2959545578140746,0.7040454421859255,0.10617426428159261,0.11917098445595856,5685795071.291583,2.6115513537611026,0.1896881358958439
link,random,12,20460917,0.22,0.22007722007722008,627,0.22007722007722008,0.0,0.0001762920079813896,0.2624065090661296,0.7375934909338704,0.04731679169070975,0.05310880829015544,5964243949.306475,2.788418864766824,0.11101448799554953
link,random,12,20460917,0.24,0.2400842400842401,684,0.2400842400842401,0.0,0.0001550355949790247,0.23076683807317522,0.7692331619268248,0.03577611079053664,0.040155440414507776,6172814564.613658,2.9209005104509576,0.05427633526888407
link,random,12,20460917,0.26,0.2600912600912601,741,0.2600912600912601,0.0,0.0001440872349256471,0.2144704615414089,0.7855295384585911,0.03231390652048471,0.03626943005181347,6240399605.4320345,2.963829747717006,0.038691772189569415
link,random,12,20460917,0.28,0.2800982800982801,798,0.2800982800982801,0.0,0.0001376378619963615,0.20487072156784134,0.7951292784321586,0.009232544720138488,0.010362694300518135,6286760146.276728,2.9932774277598813,0.02866338138397951
link,random,12,20460917,0.3,0.3001053001053001,855,0.3001053001053001,0.0,0.00013440226512029124,0.20005461169016328,0.7999453883098367,0.009232544720138488,0.010362694300518135,6302640171.696504,3.003364236479409,0.025319432079038657
link,random,12,20460917,0.32,0.3201123201123201,912,0.3201123201123201,0.0,0.00012831051648857277,0.19098718707539367,0.8090128129246064,0.009232544720138488,0.010362694300518135,6338664526.813109,3.0262464907390925,0.0176482361818195
link,random,12,20460917,0.34,0.34011934011934014,969,0.34011934011934014,0.0,0.0001274372685356763,0.18968737802850313,0.8103126219714969,0.009232544720138488,0.010362694300518135,6345362020.832218,3.0305006615785675,0.016216039002189982
link,random,12,20460917,0.36,0.3601263601263601,1026,0.3601263601263601,0.0,0.00012187009068779307,0.18140076469225058,0.8185992353077494,0.009232544720138488,0.010362694300518135,6361511580.266504,3.0407586751907765,0.012802803571665765
link,random,12,20460917,0.38,0.38013338013338016,1083,0.38013338013338016,0.0,0.00011999769059032911,0.17861374116930978,0.8213862588306902,0.006347374495095211,0.007124352331606218,6369609793.499212,3.045902566695292,0.011125399487249603
link,random,12,20460917,0.4,0.40014040014040014,1140,0.40014040014040014,0.0,0.00011925738471569956,0.17751181328030874,0.8224881867196913,0.006347374495095211,0.007124352331606218,6372918616.732086,3.048004292993234,0.010418993216400952
link,random,13,20460918,0.0,0.0,0,0.0,0.0,0.0006718278773220594,1.0,0.0,0.8909405654933641,1.0,1574335933.3296878,0.0,1.0
link,random,13,20460918,0.02,0.020007020007020006,57,0.020007020007020006,0.0,0.0006245722041054746,0.9296610414486693,0.07033895855133065,0.8655510675129833,0.9715025906735751,1961520521.8811853,0.2459351783533328,0.9373300980707775
link,random,13,20460918,0.04,0.04001404001404001,114,0.04001404001404001,0.0,0.0005553120735940253,0.8265689655623222,0.17343103443767782,0.8297749567224466,0.9313471502590673,2296254232.380756,0.45855416481806766,0.8917521230942489
link,random,13,20460918,0.06,0.06002106002106002,171,0.06002106002106002,0.0,0.0005271504515276852,0.7846510532265112,0.21534894677348881,0.7836122331217542,0.8795336787564767,2598758801.541039,0.6507015729766887,0.8439020073531751
link,random,13,20460918,0.08,0.08002808002808003,228,0.08002808002808003,0.0,0.00046166187240871226,0.6871728429146471,0.3128271570853529,0.7224466243508367,0.8108808290155441,3068343787.1675515,0.9489765317609616,0.7728583987667774
link,random,13,20460918,0.1,0.10003510003510004,285,0.10003510003510004,0.0,0.0004175035261373472,0.6214441826997977,0.37855581730020227,0.6855164454702828,0.7694300518134716,3450454420.6889057,1.1916887924874244,0.7242122690523791
link,random,13,20460918,0.12,0.12004212004212005,342,0.12004212004212005,0.0,0.00034036828514363073,0.5066301900128889,0.4933698099871111,0.5856895556837853,0.6573834196891192,4253043041.336375,1.7014838137761852,0.5937971461525325
link,random,13,20460918,0.14,0.14004914004914004,399,0.14004914004914004,0.0,0.00027487847199513557,0.4091501428770943,0.5908498571229057,0.4177726485862666,0.46891191709844565,5309020188.8972645,2.3722283005183,0.37393226832725024
link,random,13,20460918,0.16,0.16005616005616005,456,0.16005616005616005,0.0,0.0002619228582273266,0.38986601638408436,0.6101339836159156,0.3941142527409117,0.4423575129533679,5460837865.3393545,2.4686611349775873,0.3535345023302265
link,random,13,20460918,0.18,0.18006318006318006,513,0.18006318006318006,0.0,0.0002131652964620025,0.3172915320389657,0.6827084679610342,0.04904789382573572,0.05505181347150259,5845574318.175648,2.7130412858025665,0.1442995546109594
link,random,13,20460918,0.2,0.20007020007020007,570,0.20007020007020007,0.0,0.0001836120958253822,0.2733022877187971,0.7266977122812028,0.04904789382573572,0.05505181347150259,6069487689.7682495,2.855268473057976,0.0820044802198001
link,random,13,20460918,0.22,0.22007722007722008,627,0.22007722007722008,0.0,0.00016892234995397723,0.25143694636089003,0.7485630536391099,0.03346797461050202,0.03756476683937824,6225288241.823757,2.954231184101478,0.041904548613255876
link,random,13,20460918,0.24,0.2400842400842401,684,0.2400842400842401,0.0,0.00014290870781609813,0.21271625164728147,0.7872837483527185,0.014425851125216388,0.016191709844559584,6270312803.599498,2.982830265671391,0.03222248928966778
link,random,13,20460918,0.26,0.2600912600912601,741,0.2600912600912601,0.0,0.00013534588041035694,0.20145916086401863,0.7985408391359814,0.009809578765147143,0.011010362694300517,6309976069.16454,3.0080239138155678,0.02388069679354905
link,random,13,20460918,0.28,0.2800982800982801,798,0.2800982800982801,0.0,9.938483339936331e-05,0.14793198787093562,0.8520680121290644,0.009809578765147143,0.011010362694300517,6350388211.471078,3.033693239815811,0.015307980635201368
link,random,13,20460918,0.3,0.3001053001053001,855,0.3001053001053001,0.0,8.629653365138547e-05,0.128450361416034,0.8715496385839661,0.009232544720138488,0.010362694300518135,6353657064.17217,3.035769577293657,0.014711259375561536
link,random,13,20460918,0.32,0.3201123201123201,912,0.3201123201123201,0.0,8.474255493707903e-05,0.12613730063549497,0.873862699364505,0.008655510675129832,0.009715025906735751,6362377051.350925,3.041308412426711,0.012822766327853969
link,random,13,20460918,0.34,0.34011934011934014,969,0.34011934011934014,0.0,6.9880703742832e-05,0.10401578455091814,0.8959842154490818,0.008078476630121177,0.009067357512953367,6364758125.88728,3.0428208434688706,0.012314497755990084
link,random,13,20460918,0.36,0.3601263601263601,1026,0.3601263601263601,0.0,6.837301984035525e-05,0.10177163250934694,0.898228367490653,0.008078476630121177,0.009067357512953367,6371032690.8302355,3.046806374644345,0.010953287713939977
link,random,13,20460918,0.38,0.38013338013338016,1083,0.38013338013338016,0.0,5.837066870430959e-05,0.08688336800934503,0.913116631990655,0.006924408540103866,0.007772020725388601,6383861559.630666,3.0549551239225865,0.008306612101239019
link,random,13,20460918,0.4,0.40014040014040014,1140,0.40014040014040014,0.0,5.6227381698009316e-05,0.08369313569144313,0.9163068643085569,0.006924408540103866,0.007772020725388601,6387608928.262576,3.057335409192443,0.007522560617839833
link,random,14,20460919,0.0,0.0,0,0.0,0.0,0.0006718278773220594,1.0,0.0,0.8909405654933641,1.0,1574335933.3296878,0.0,1.0
link,random,14,20460919,0.02,0.020007020007020006,57,0.020007020007020006,0.0,0.0006141984656218565,0.9142199756135208,0.08578002438647925,0.8470859780727062,0.9507772020725388,1986092067.2101102,0.26154274012508033,0.9317455918701084
link,random,14,20460919,0.04,0.04001404001404001,114,0.04001404001404001,0.0,0.000577863944307608,0.8601368949008242,0.13986310509917577,0.8263127524523947,0.927461139896373,2206229391.1759253,0.40137142554435373,0.9152332794925419
link,random,14,20460919,0.06,0.06002106002106002,171,0.06002106002106002,0.0,0.0005292148449280966,0.7877238542669208,0.21227614573307918,0.7813040969417195,0.8769430051813472,2683896206.0769024,0.7047798689321139,0.8503106937967788
link,random,14,20460919,0.08,0.08002808002808003,228,0.08002808002808003,0.0,0.00043136238176728426,0.6420727634684006,0.3579272365315994,0.6803231390652048,0.76360103626943,3462793347.021029,1.1995263359690285,0.714639496284488
link,random,14,20460919,0.1,0.10003510003510004,285,0.10003510003510004,0.0,0.0003983438914771961,0.5929255169717211,0.40707448302827887,0.6497403346797461,0.7292746113989638,3806159776.2844276,1.4176287256776756,0.675718825790581
link,random,14,20460919,0.12,0.12004212004212005,342,0.12004212004212005,0.0,0.0003411123454207236,0.5077377062416866,0.49226229375831343,0.5049047893825735,0.5667098445595855,4591007951.786495,1.916155221126541,0.4732606370838815
link,random,14,20460919,0.14,0.14004914004914004,399,0.14004914004914004,0.0,0.0002807743414147714,0.4179260058900093,0.5820739941099907,0.257934218118869,0.2895077720207254,5351811218.334295,2.3994086681457656,0.2534800712591279
link,random,14,20460919,0.16,0.16005616005616005,456,0.16005616005616005,0.0,0.0002551606928432402,0.37980069219563184,0.6201993078043682,0.11309867282169649,0.12694300518134716,5674246664.280681,2.6042159390212016,0.1774570897908171
link,random,14,20460919,0.18,0.18006318006318006,513,0.18006318006318006,0.0,0.00019244110078826582,0.2864440540266742,0.7135559459733258,0.03519907674552799,0.03950777202072539,6079101311.808543,2.8613749347328747,0.07426274724244726
link,random,14,20460919,0.2,0.20007020007020007,570,0.20007020007020007,0.0,0.00017392266142670542,0.2588797924253607,0.7411202075746393,0.03519907674552799,0.03950777202072539,6161376875.72331,2.9136354225823493,0.05593122419802354
link,random,14,20460919,0.22,0.22007722007722008,627,0.22007722007722008,0.0,0.00016861116607294976,0.2509737564702474,0.7490262435297526,0.027120600115406807,0.030440414507772018,6192021573.470557,2.9331005806204016,0.049042354251540465
link,random,14,20460919,0.24,0.2400842400842401,684,0.2400842400842401,0.0,0.00013751503135549264,0.20468789104678814,0.7953121089532118,0.027120600115406807,0.030440414507772018,6232833075.65925,2.9590235754048613,0.04074240006048919
link,random,14,20460919,0.26,0.2600912600912601,741,0.2600912600912601,0.0,0.00013148639022919425,0.19571440047011118,0.8042855995298888,0.019042123485285632,0.021373056994818652,6276613142.066269,2.986832167891488,0.030630724790623103
link,random,14,20460919,0.28,0.2800982800982801,798,0.2800982800982801,0.0,0.00011669760997032957,0.17370164875487495,0.8262983512451251,0.017311021350259664,0.019430051813471502,6337043988.223381,3.025217143345426,0.018030029927392707
link,random,14,20460919,0.3,0.3001053001053001,855,0.3001053001053001,0.0,0.00011562866980624536,0.17211055645256523,0.8278894435474348,0.017311021350259664,0.019430051813471502,6342130814.249541,3.0284482364802954,0.016927301597390303
link,random,14,20460919,0.32,0.3201123201123201,912,0.3201123201123201,0.0,0.00011407367175574381,0.16979597841406546,0.8302040215859345,0.0075014425851125215,0.008419689119170985,6347435060.200695,3.031817432240145,0.015826533269162658
link,random,14,20460919,0.34,0.34011934011934014,969,0.34011934011934014,0.0,0.00011328944663779339,0.1686286777639698,0.8313713222360302,0.006924408540103866,0.007772020725388601,6351414669.920872,3.034345234366697,0.014981064477532976
link,random,14,20460919,0.36,0.3601263601263601,1026,0.3601263601263601,0.0,9.637344932776615e-05,0.14344961348123228,0.8565503865187677,0.006924408540103866,0.007772020725388601,6362967538.961982,3.0416834833366453,0.012597884353318083
link,random,14,20460919,0.38,0.38013338013338016,1083,0.38013338013338016,0.0,9.51298265088067e-05,0.1415985101541173,0.8584014898458827,0.006924408540103866,0.007772020725388601,6364860815.635022,3.0428860708104866,0.012206006423894536
link,random,14,20460919,0.4,0.40014040014040014,1140,0.40014040014040014,0.0,9.493316688228095e-05,0.14130578692371246,0.8586942130762876,0.006924408540103866,0.007772020725388601,6368205441.024262,3.0450105382246084,0.011470732384331954
link,random,15,20460920,0.0,0.0,0,0.0,0.0,0.0006718278773220594,1.0,0.0,0.8909405654933641,1.0,1574335933.3296878,0.0,1.0
link,random,15,20460920,0.02,0.020007020007020006,57,0.020007020007020006,0.0,0.0006429094337091934,0.9569555765858715,0.04304442341412851,0.8545874206578188,0.9591968911917098,1759477619.9487066,0.11759986080445231,0.9776204528474598
link,random,15,20460920,0.04,0.04001404001404001,114,0.04001404001404001,0.0,0.0006016984355662789,0.8956139747649056,0.10438602523509444,0.8113098672821697,0.9106217616580312,2141715034.6015258,0.36039265144119714,0.9127965427157289
link,random,15,20460920,0.06,0.06002106002106002,171,0.06002106002106002,0.0,0.0005573080429274306,0.8295399189877164,0.1704600810122836,0.7143681477207156,0.8018134715025907,2515613460.866792,0.5978886129762165,0.8497415946154819
link,random,15,20460920,0.08,0.08002808002808003,228,0.08002808002808003,0.0,0.0004973979773297335,0.740365194895436,0.25963480510456405,0.6583958453548759,0.7389896373056996,2978326370.4471993,0.8917985084340296,0.7735128088094393
link,random,15,20460920,0.1,0.10003510003510004,285,0.10003510003510004,0.0,0.0004805965334323142,0.7153566406740917,0.28464335932590834,0.6093479515291402,0.6839378238341969,3132200849.652791,0.9895378002509612,0.7502863777021896
link,random,15,20460920,0.12,0.12004212004212005,342,0.12004212004212005,0.0,0.0003797403308649828,0.5652345543901027,0.43476544560989727,0.48066935949221,0.5395077720207254,3935923054.594456,1.5000528611895816,0.5866129503204105
link,random,15,20460920,0.14,0.14004914004914004,399,0.14004914004914004,0.0,0.00035271837511737636,0.5250130085749494,0.47498699142505063,0.45412579342181186,0.5097150259067358,4258542787.304715,1.7049771888887686,0.5351497087414103
link,random,15,20460920,0.16,0.16005616005616005,456,0.16005616005616005,0.0,0.00030860224608524685,0.45934718772812966,0.5406528122718703,0.395268320830929,0.4436528497409326,4795976882.335409,2.0463491182545885,0.4327629344777065
link,random,15,20460920,0.18,0.18006318006318006,513,0.18006318006318006,0.0,0.000275416716644273,0.4099513073826265,0.5900486926173736,0.24523946912867858,0.27525906735751293,5263393712.204643,2.3432468895457874,0.32316834086070084
link,random,15,20460920,0.2,0.20007020007020007,570,0.20007020007020007,0.0,0.00023238851623108708,0.3459048427067357,0.6540951572932643,0.1154068090017311,0.12953367875647667,5708303089.610525,2.6258481870115116,0.1762255795511996
link,random,15,20460920,0.22,0.22007722007722008,627,0.22007722007722008,0.0,0.00020289562647461123,0.3020053697136887,0.6979946302863114,0.022504327755337564,0.025259067357512953,6108096361.811559,2.8797922555785544,0.07078353087984354
link,random,15,20460920,0.24,0.2400842400842401,684,0.2400842400842401,0.0,0.00019259365933222002,0.28667113383253506,0.7133288661674649,0.01788805539526832,0.020077720207253888,6196673672.913586,2.936055540451109,0.050265692483791036
link,random,15,20460920,0.26,0.2600912600912601,741,0.2600912600912601,0.0,0.00018547822897628256,0.2760799830391206,0.7239200169608794,0.0103866128101558,0.011658031088082903,6261538284.241382,2.9772567923278976,0.033809521285975405
link,random,15,20460920,0.28,0.2800982800982801,798,0.2800982800982801,0.0,0.00017463629033186292,0.25994201227250674,0.7400579877274933,0.009232544720138488,0.010362694300518135,6277893524.204073,2.987645451835974,0.030481377063601996
link,random,15,20460920,0.3,0.3001053001053001,855,0.3001053001053001,0.0,0.00017312255551258843,0.25768885358354565,0.7423111464164543,0.008078476630121177,0.009067357512953367,6282670259.467715,2.990679578900291,0.029467830264926196
link,random,15,20460920,0.32,0.3201123201123201,912,0.3201123201123201,0.0,0.00016375915026795666,0.2437516450206102,0.7562483549793898,0.008078476630121177,0.009067357512953367,6296656730.141471,2.9995636235172327,0.026464662080361384
link,random,15,20460920,0.34,0.34011934011934014,969,0.34011934011934014,0.0,0.00016146111703674147,0.24033107658517214,0.7596689234148278,0.008078476630121177,0.009067357512953367,6302460742.684096,3.003250265243278,0.02526787125371231
link,random,15,20460920,0.36,0.3601263601263601,1026,0.3601263601263601,0.0,0.00013227203508080332,0.19688381436037827,0.8031161856396217,0.008078476630121177,0.009067357512953367,6368239111.698369,3.0450319254478777,0.011428154054472912
link,random,15,20460920,0.38,0.38013338013338016,1083,0.38013338013338016,0.0,0.00013145991171870737,0.19567498782978965,0.8043250121702104,0.008078476630121177,0.009067357512953367,6372202118.813116,3.0475491817912332,0.01056704142037807
link,random,15,20460920,0.4,0.40014040014040014,1140,0.40014040014040014,0.0,0.00013114592764639353,0.19520762992025276,0.8047923700797472,0.008078476630121177,0.009067357512953367,6372764933.4016485,3.0479066751169066,0.010450975382388133
link,random,16,20460921,0.0,0.0,0,0.0,0.0,0.0006718278773220594,1.0,0.0,0.8909405654933641,1.0,1574335933.3296878,0.0,1.0
link,random,16,20460921,0.02,0.020007020007020006,57,0.020007020007020006,0.0,0.0006139761423029393,0.9138890525803721,0.08611094741962788,0.8586266589728794,0.9637305699481865,1804863585.4742525,0.14642850186173634,0.9660315363695028
link,random,16,20460921,0.04,0.04001404001404001,114,0.04001404001404001,0.0,0.000581839061094181,0.8660537627783795,0.13394623722162047,0.8130409694171956,0.9125647668393783,2080018966.0283856,0.3212040213229388,0.9221428729511846
link,random,16,20460921,0.06,0.06002106002106002,171,0.06002106002106002,0.0,0.000512006915290859,0.7621102555787728,0.23788974442122723,0.7501442585112522,0.8419689119170986,2520795416.050039,0.601180131052849,0.8565549334370786
link,random,16,20460921,0.08,0.08002808002808003,228,0.08002808002808003,0.0,0.0004408502486613427,0.6561952302702808,0.3438047697297192,0.6543566070398154,0.7344559585492229,3016179866.785655,0.9158426120697742,0.7733162784377137
link,random,16,20460921,0.1,0.10003510003510004,285,0.10003510003510004,0.0,0.0003966580182235582,0.5904161342703693,0.4095838657296307,0.5735718407386036,0.6437823834196891,3510128502.1590405,1.2295930797534371,0.6973894397911111
link,random,16,20460921,0.12,0.12004212004212005,342,0.12004212004212005,0.0,0.0003607038712399191,0.5368992318057765,0.4631007681942235,0.5233698788228506,0.5874352331606219,3923824450.3541327,1.492367967524774,0.6237070078373941
link,random,16,20460921,0.14,0.14004914004914004,399,0.14004914004914004,0.0,0.00028043161575818526,0.41741586680802856,0.5825841331919714,0.396999422965955,0.44559585492227977,4721062042.013045,1.9987640770087085,0.4643726561779358
link,random,16,20460921,0.16,0.16005616005616005,456,0.16005616005616005,0.0,0.0002469658053666873,0.36760279485737596,0.6323972051426241,0.16791690709751875,0.18847150259067358,5187498875.663361,2.2950393660213977,0.3259074535221025
link,random,16,20460921,0.18,0.18006318006318006,513,0.18006318006318006,0.0,0.00021091928314929102,0.31394839402917635,0.6860516059708237,0.06809001731102135,0.07642487046632125,5645623904.329304,2.586035092516072,0.2167863447409176
link,random,16,20460921,0.2,0.20007020007020007,570,0.20007020007020007,0.0,0.00018180133631339287,0.27060701475809906,0.729392985241901,0.05193306405077899,0.05829015544041451,5877675609.474592,2.7334316552398255,0.14557769114438465
link,random,16,20460921,0.22,0.22007722007722008,627,0.22007722007722008,0.0,0.00014396419515941733,0.21428731974217274,0.7857126802578273,0.025389497980380843,0.02849740932642487,6020351754.03791,2.8240578942417907,0.09185820749563524
link,random,16,20460921,0.24,0.2400842400842401,684,0.2400842400842401,0.0,0.00013392356337559562,0.19934207539797524,0.8006579246020248,0.025389497980380843,0.02849740932642487,6090256919.674881,2.868460847993296,0.07431538365552547
link,random,16,20460921,0.26,0.2600912600912601,741,0.2600912600912601,0.0,0.00012687883629188917,0.18885616476296693,0.811143835237033,0.019619157530294286,0.022020725388601035,6166557960.458046,2.916926387760142,0.0559756614631268
link,random,16,20460921,0.28,0.2800982800982801,798,0.2800982800982801,0.0,0.00012092684748256415,0.17999676935792663,0.8200032306420734,0.019619157530294286,0.022020725388601035,6200113366.4380245,2.9382403940465953,0.04843715225966977
link,random,16,20460921,0.3,0.3001053001053001,855,0.3001053001053001,0.0,0.00011757432162643764,0.17500661344256055,0.8249933865574395,0.01673398730525101,0.01878238341968912,6231583989.77528,2.9582301704793137,0.04128014657617056
link,random,16,20460921,0.32,0.3201123201123201,912,0.3201123201123201,0.0,9.730740861724807e-05,0.1448397899252416,0.8551602100747584,0.009232544720138488,0.010362694300518135,6321890830.995897,3.0155920329057273,0.0215367934831759
link,random,16,20460921,0.34,0.34011934011934014,969,0.34011934011934014,0.0,8.528688851057146e-05,0.12694752836177237,0.8730524716382276,0.009232544720138488,0.010362694300518135,6348807160.639779,3.032688974590184,0.015885740134725886
link,random,16,20460921,0.36,0.3601263601263601,1026,0.3601263601263601,0.0,6.981324300671415e-05,0.10391537083128098,0.896084629168719,0.008655510675129832,0.009715025906735751,6351964313.013084,3.0346943613100485,0.01518625045653913
link,random,16,20460921,0.38,0.38013338013338016,1083,0.38013338013338016,0.0,5.977232994100087e-05,0.08896970780560114,0.9110302921943989,0.008655510675129832,0.009715025906735751,6378597344.199245,3.0516113550864867,0.009523021807239435
link,random,16,20460921,0.4,0.40014040014040014,1140,0.40014040014040014,0.0,5.869146068091886e-05,0.08736085932436453,0.9126391406756355,0.008655510675129832,0.009715025906735751,6383044437.507253,3.0544360973882148,0.008552492439451175
link,random,17,20460922,0.0,0.0,0,0.0,0.0,0.0006718278773220594,1.0,0.0,0.8909405654933641,1.0,1574335933.3296878,0.0,1.0
link,random,17,20460922,0.02,0.020007020007020006,57,0.020007020007020006,0.0,0.0006342646665917094,0.9440880439792424,0.0559119560207576,0.8667051356030006,0.9727979274611399,1800440181.6779902,0.1436188068642355,0.9702049082252161
link,random,17,20460922,0.04,0.04001404001404001,114,0.04001404001404001,0.0,0.0005696477728475863,0.8479073168535843,0.15209268314641566,0.8095787651471437,0.908678756476684,2251370406.3440003,0.4300444769639467,0.8989275135785452
link,random,17,20460922,0.06,0.06002106002106002,171,0.06002106002106002,0.0,0.00053884980187921,0.8020652611604824,0.19793473883951762,0.7663012117714946,0.8601036269430052,2510518467.24474,0.5946523318787786,0.8580720047868182
link,random,17,20460922,0.08,0.08002808002808003,228,0.08002808002808003,0.0,0.00047521795239089624,0.7073507492501495,0.2926492507498505,0.676860934795153,0.7597150259067358,3114044470.406318,0.9780050778744399,0.7442684431451098
link,random,17,20460922,0.1,0.10003510003510004,285,0.10003510003510004,0.0,0.0004342040693789158,0.6463025486671908,0.35369745133280917,0.621465666474322,0.697538860103627,3602604732.9048,1.2883329133480208,0.6621401312133469
link,random,17,20460922,0.12,0.12004212004212005,342,0.12004212004212005,0.0,0.00040302437558436134,0.5998923075220357,0.4001076924779643,0.5614541257934218,0.6301813471502591,3913712274.584411,1.4859448302796412,0.6089219482798841
link,random,17,20460922,0.14,0.14004914004914004,399,0.14004914004914004,0.0,0.0003689237881780876,0.5491343849091778,0.45086561509082224,0.4893248701673399,0.5492227979274612,4297981877.912769,1.7300284436896682,0.5552450752310207
link,random,17,20460922,0.16,0.16005616005616005,456,0.16005616005616005,0.0,0.00031901051693492677,0.4748396541782684,0.5251603458217315,0.2810155799192152,0.31541450777202074,5042656720.919617,2.2030373023719925,0.3551461937343808
link,random,17,20460922,0.18,0.18006318006318006,513,0.18006318006318006,0.0,0.00029747481690477266,0.44278427101078727,0.5572157289892128,0.15522215810732834,0.17422279792746115,5380104306.789764,2.4173801111246664,0.26056790784202855
link,random,17,20460922,0.2,0.20007020007020007,570,0.20007020007020007,0.0,0.00027966819661661595,0.4162795353646054,0.5837204646353946,0.1425274091171379,0.1599740932642487,5598815572.657784,2.556302980912343,0.19817380551024288
link,random,17,20460922,0.22,0.22007722007722008,627,0.22007722007722008,0.0,0.00025884328914681226,0.3852821502117105,0.6147178497882895,0.1361800346220427,0.1528497409326425,5860023581.64176,2.7222192910555827,0.12637566599845063
link,random,17,20460922,0.24,0.2400842400842401,684,0.2400842400842401,0.0,0.0002326341315857116,0.3462704353874139,0.653729564612586,0.07616849394114253,0.08549222797927461,6045939041.807348,2.8403106438791066,0.08132498208412678
link,random,17,20460922,0.26,0.2600912600912601,741,0.2600912600912601,0.0,0.00022448096150102384,0.3341346334061286,0.6658653665938714,0.06924408540103866,0.07772020725388601,6114927349.977407,2.8841312203580736,0.06540506695797968
link,random,17,20460922,0.28,0.2800982800982801,798,0.2800982800982801,0.0,0.00021268674555721472,0.31657922026843405,0.6834207797315659,0.06924408540103866,0.07772020725388601,6167088778.387146,2.9172635571773307,0.05423414565213044
link,random,17,20460922,0.3,0.3001053001053001,855,0.3001053001053001,0.0,0.00017744917553259566,0.26412892575984975,0.7358710742401502,0.031159838430467397,0.034974093264248704,6238244888.043811,2.962461096120732,0.039375588389470105
link,random,17,20460922,0.32,0.3201123201123201,912,0.3201123201123201,0.0,0.00015842568210287835,0.23581290305244745,0.7641870969475526,0.028851702250432775,0.03238341968911917,6279918548.39933,2.988931723814137,0.030630005771237343
link,random,17,20460922,0.34,0.34011934011934014,969,0.34011934011934014,0.0,0.0001513342487710178,0.22525747126517573,0.7747425287348243,0.01788805539526832,0.020077720207253888,6318304304.513555,3.01331391271142,0.0218764197024992
link,random,17,20460922,0.36,0.3601263601263601,1026,0.3601263601263601,0.0,0.0001481261573975423,0.2204823026814261,0.7795176973185739,0.01788805539526832,0.020077720207253888,6342401283.943467,3.028620035705734,0.016807784035897614
link,random,17,20460922,0.38,0.38013338013338016,1083,0.38013338013338016,0.0,0.00014671429786834733,0.21838078296655106,0.7816192170334489,0.008078476630121177,0.009067357512953367,6345663385.657666,3.030692085034685,0.016128798652423136
link,random,17,20460922,0.4,0.40014040014040014,1140,0.40014040014040014,0.0,0.00014559201741597093,0.2167102948992058,0.7832897051007942,0.0075014425851125215,0.008419689119170985,6350091142.786061,3.033504545218472,0.015218368394039927
link,random,18,20460923,0.0,0.0,0,0.0,0.0,0.0006718278773220594,1.0,0.0,0.8909405654933641,1.0,1574335933.3296878,0.0,1.0
link,random,18,20460923,0.02,0.020007020007020006,57,0.020007020007020006,0.0,0.0006147967542140707,0.9151105141166251,0.08488948588337486,0.8638199653779572,0.969559585492228,1813216455.3662148,0.15173414833472013,0.9689661472250041
link,random,18,20460923,0.04,0.04001404001404001,114,0.04001404001404001,0.0,0.0005782691536302297,0.8607400394506409,0.13925996054935907,0.8326601269474899,0.9345854922279793,2056216206.1321478,0.3060847831779417,0.9419802271456122
link,random,18,20460923,0.06,0.06002106002106002,171,0.06002106002106002,0.0,0.0005051605555902699,0.7519196101297047,0.24808038987029535,0.7801500288517023,0.8756476683937824,2693094548.1598854,0.7106225495749476,0.8434617728426739
link,random,18,20460923,0.08,0.08002808002808003,228,0.08002808002808003,0.0,0.0004673483418708806,0.6956370190140893,0.30436298098591075,0.7351413733410271,0.8251295336787565,3130653909.213559,0.9885552015523721,0.7786118236892591
link,random,18,20460923,0.1,0.10003510003510004,285,0.10003510003510004,0.0,0.00037957250706127226,0.5649847526039972,0.43501524739600284,0.5839584535487594,0.6554404145077721,3863549638.4292207,1.454082103212809,0.6195526777833869
link,random,18,20460923,0.12,0.12004212004212005,342,0.12004212004212005,0.0,0.00030031284089611365,0.4470086029969107,0.5529913970030893,0.44143104443162146,0.4954663212435233,4796154755.099599,2.0464621009798276,0.41036406500905076
link,random,18,20460923,0.14,0.14004914004914004,399,0.14004914004914004,0.0,0.0002457575619604696,0.3658043529543191,0.6341956470456809,0.27928447778418924,0.3134715025906736,5431225181.240215,2.449851500088222,0.26775228200444046
link,random,18,20460923,0.16,0.16005616005616005,456,0.16005616005616005,0.0,0.0001892491208261239,0.28169286689989803,0.718307133100102,0.07674552798615118,0.086139896373057,5937413541.503708,2.7713764996433774,0.10883709954782422
link,random,18,20460923,0.18,0.18006318006318006,513,0.18006318006318006,0.0,0.00018092675704888756,0.2693052240851793,0.7306947759148207,0.05135603000577034,0.05764248704663213,6018087544.613626,2.8226196945689317,0.08970967349523909
link,random,18,20460923,0.2,0.20007020007020007,570,0.20007020007020007,0.0,0.00017453419963544102,0.2597900526711445,0.7402099473288555,0.0415464512406232,0.04663212435233161,6071415125.022633,2.856492757668127,0.07945821441439248
link,random,18,20460923,0.22,0.22007722007722008,627,0.22007722007722008,0.0,0.00013235167414289535,0.1970023552319025,0.8029976447680975,0.02308136180034622,0.02590673575129534,6200298412.935378,2.9383579334442778,0.04990523599589028
link,random,18,20460923,0.24,0.2400842400842401,684,0.2400842400842401,0.0,0.00012889610016241515,0.19185881460620788,0.8081411853937921,0.015002885170225043,0.01683937823834197,6223831247.118841,2.9533057178943802,0.04485324947189138
link,random,18,20460923,0.26,0.2600912600912601,741,0.2600912600912601,0.0,0.00012087270338094641,0.17991617713565453,0.8200838228643454,0.015002885170225043,0.01683937823834197,6309594744.687204,3.0077817009121697,0.023737476488265435
link,random,18,20460923,0.28,0.2800982800982801,798,0.2800982800982801,0.0,0.0001194844531648724,0.17784979932827977,0.8221502006717203,0.012694748990190421,0.014248704663212436,6316277028.280501,3.0120262102648616,0.02234314339102904
link,random,18,20460923,0.3,0.3001053001053001,855,0.3001053001053001,0.0,0.00011846030019944739,0.17632537171817916,0.8236746282818208,0.012694748990190421,0.014248704663212436,6322834099.596141,3.0161911862250883,0.020953948782079134
link,random,18,20460923,0.32,0.3201123201123201,912,0.3201123201123201,0.0,0.00011326991828456704,0.16859961026932493,0.8314003897306751,0.008078476630121177,0.009067357512953367,6336743080.035202,3.025026009940027,0.01817001951925275
link,random,18,20460923,0.34,0.34011934011934014,969,0.34011934011934014,0.0,0.00010995615195633757,0.16366714699995552,0.8363328530000445,0.008078476630121177,0.009067357512953367,6353531856.572991,3.035690046872908,0.014499722974806225
link,random,18,20460923,0.36,0.3601263601263601,1026,0.3601263601263601,0.0,0.00010170894981723441,0.1513913805164673,0.8486086194835327,0.008078476630121177,0.009067357512953367,6359375665.3313,3.0394019666954764,0.01327600456231811
link,random,18,20460923,0.38,0.38013338013338016,1083,0.38013338013338016,0.0,8.338298962466766e-05,0.12411361963280917,0.8758863803671908,0.005770340450086555,0.006476683937823835,6366563131.451024,3.043967362153689,0.011790551874939957
link,random,18,20460923,0.4,0.40014040014040014,1140,0.40014040014040014,0.0,7.93845846744177e-05,0.1181620878711505,0.8818379121288495,0.0051933064050779,0.0058290155440414515,6376540212.954055,3.0503046890810683,0.009741362046954546
link,random,19,20460924,0.0,0.0,0,0.0,0.0,0.0006718278773220594,1.0,0.0,0.8909405654933641,1.0,1574335933.3296878,0.0,1.0
link,random,19,20460924,0.02,0.020007020007020006,57,0.020007020007020006,0.0,0.0006331797312828263,0.9424731432799625,0.057526856720037545,0.8545874206578188,0.9591968911917098,1815297536.465723,0.153056027010961,0.9700339587550626
link,random,19,20460924,0.04,0.04001404001404001,114,0.04001404001404001,0.0,0.0005879008139804124,0.8750765394312238,0.12492346056877623,0.8205424120023082,0.9209844559585493,2169909602.1615014,0.3783015150852764,0.9220252730150864
link,random,19,20460924,0.06,0.06002106002106002,171,0.06002106002106002,0.0,0.0005509647457257282,0.8200980702407024,0.17990192975929764,0.777264858626659,0.8724093264248705,2535284232.4548225,0.610383259875641,0.8589975430227673
link,random,19,20460924,0.08,0.08002808002808003,228,0.08002808002808003,0.0,0.0004900272715055378,0.7293940725693191,0.2706059274306809,0.6705135603000577,0.7525906735751295,3233999981.274385,1.0541994327948432,0.7114821009661152
link,random,19,20460924,0.1,0.10003510003510004,285,0.10003510003510004,0.0,0.0004652310967124811,0.6924855493745158,0.3075144506254842,0.6376226197345644,0.7156735751295337,3478939064.042159,1.209781908924784,0.6717878021144567
link,random,19,20460924,0.12,0.12004212004212005,342,0.12004212004212005,0.0,0.0004076034911597729,0.6067082133961179,0.3932917866038821,0.5389497980380843,0.6049222797927462,4008099830.697606,1.5458987156702686,0.5607795239329062
link,random,19,20460924,0.14,0.14004914004914004,399,0.14004914004914004,0.0,0.00038089005116647703,0.5669458860277196,0.43305411397228044,0.4997114829774957,0.560880829015544,4218927125.8764925,1.6798137783424336,0.5227581627243174
link,random,19,20460924,0.16,0.16005616005616005,456,0.16005616005616005,0.0,0.000345847648067302,0.514786092899075,0.48521390710092505,0.41950375072129253,0.47085492227979275,4674489364.572644,1.9691816502505892,0.437804427804959
link,random,19,20460924,0.18,0.18006318006318006,513,0.18006318006318006,0.0,0.0003089885092782898,0.45992213140951216,0.5400778685904879,0.33121754183496827,0.37176165803108807,5177713066.584202,2.2888235331283115,0.35277556764697515
link,random,19,20460924,0.2,0.20007020007020007,570,0.20007020007020007,0.0,0.0002648620209145655,0.3942408909411726,0.6057591090588275,0.14195037507212926,0.15932642487046633,5709250557.787344,2.6264500078534048,0.1696962023554503
link,random,19,20460924,0.22,0.22007722007722008,627,0.22007722007722008,0.0,0.00025036252832051485,0.3726587371135488,0.6273412628864512,0.12694748990190421,0.14248704663212436,5860517517.85907,2.7225330336354556,0.1338348329963268
link,random,19,20460924,0.24,0.2400842400842401,684,0.2400842400842401,0.0,0.00023118614798112237,0.34411514583563024,0.6558848541643698,0.060588574725908825,0.06800518134715025,6078377786.811353,2.8609153600119575,0.07462747725278254
link,random,19,20460924,0.26,0.2600912600912601,741,0.2600912600912601,0.0,0.00021756542737669604,0.32384102345369037,0.6761589765463096,0.04962492787074437,0.05569948186528497,6193565401.966997,2.9340812026488745,0.04834493422217352
link,random,19,20460924,0.28,0.2800982800982801,798,0.2800982800982801,0.0,0.00019374816120991083,0.2883895827339006,0.7116104172660994,0.04385458742065782,0.04922279792746114,6267054028.531624,2.98076032938976,0.0327969265265276
link,random,19,20460924,0.3,0.3001053001053001,855,0.3001053001053001,0.0,0.00019090752824490315,0.284161367351814,0.715838632648186,0.04385458742065782,0.04922279792746114,6272079544.74851,2.983952479241957,0.031809380511019184
link,random,19,20460924,0.32,0.3201123201123201,912,0.3201123201123201,0.0,0.00018010311389077903,0.26807925060906873,0.7319207493909312,0.023658395845354875,0.02655440414507772,6297811649.3591,3.0002972148640215,0.026548389023402966
link,random,19,20460924,0.34,0.34011934011934014,969,0.34011934011934014,0.0,0.00016452974249215387,0.24489865342887815,0.7551013465711218,0.0103866128101558,0.011658031088082903,6314539327.061343,3.010922442522304,0.02286243127458876
link,random,19,20460924,0.36,0.3601263601263601,1026,0.3601263601263601,0.0,0.0001628396919414532,0.24238305291906112,0.7576169470809389,0.0103866128101558,0.011658031088082903,6330890375.424266,3.0213084395746237,0.019235582335104105
link,random,19,20460924,0.38,0.38013338013338016,1083,0.38013338013338016,0.0,0.00015995425084773334,0.23808814169087364,0.7619118583091263,0.009809578765147143,0.011010362694300517,6337427053.812968,3.0254604621832146,0.017872751656195007
link,random,19,20460924,0.4,0.40014040014040014,1140,0.40014040014040014,0.0,0.00012364257369581615,0.18403906397671654,0.8159609360232835,0.008078476630121177,0.009067357512953367,6375451111.964853,3.049612904712723,0.00991792556188989
link,random,20,20460925,0.0,0.0,0,0.0,0.0,0.0006718278773220594,1.0,0.0,0.8909405654933641,1.0,1574335933.3296878,0.0,1.0
link,random,20,20460925,0.02,0.020007020007020006,57,0.020007020007020006,0.0,0.0006252579983467649,0.9306818300530719,0.06931816994692808,0.8747836122331217,0.9818652849740933,1796562389.8184328,0.14115567826667122,0.9742312033047797
link,random,20,20460925,0.04,0.04001404001404001,114,0.04001404001404001,0.0,0.0005757043795570288,0.8569224335432705,0.14307756645672953,0.8026543566070398,0.9009067357512953,2221381693.50986,0.41099599296554445,0.9116727346422371
link,random,20,20460925,0.06,0.06002106002106002,171,0.06002106002106002,0.0,0.0005107166774822854,0.7601897669355854,0.23981023306441462,0.760530871321408,0.8536269430051814,2586890352.6917124,0.6431628713577622,0.848220630606099
link,random,20,20460925,0.08,0.08002808002808003,228,0.08002808002808003,0.0,0.00046064459168912415,0.6856586444809009,0.31434135551909914,0.7085978072706289,0.7953367875647668,2895888834.3463745,0.8394351377228808,0.8020148308957872
link,random,20,20460925,0.1,0.10003510003510004,285,0.10003510003510004,0.0,0.0004237782150738308,0.6307839096570875,0.3692160903429125,0.6797461050201962,0.7629533678756476,3120526453.1588154,0.9821223584466923,0.7779948471576027
link,random,20,20460925,0.12,0.12004212004212005,342,0.12004212004212005,0.0,0.0003626970250331897,0.5398659943658766,0.46013400563412343,0.5949221004039238,0.6677461139896372,3722999570.920414,1.3648063237979629,0.6826706402884317
link,random,20,20460925,0.14,0.14004914004914004,399,0.14004914004914004,0.0,0.00028516087074780157,0.4244552516702158,0.5755447483297842,0.4772071552221581,0.5356217616580311,4529352614.149291,1.876992462828314,0.5315163040094644
link,random,20,20460925,0.16,0.16005616005616005,456,0.16005616005616005,0.0,0.00024247835797408228,0.360923334918184,0.639076665081816,0.2815926139642239,0.3160621761658031,5087431638.186799,2.2314778126336647,0.36537320589469596
link,random,20,20460925,0.18,0.18006318006318006,513,0.18006318006318006,0.0,0.0001778804224795393,0.26477082670129715,0.7352291732987029,0.08020773225620312,0.0900259067357513,5742057639.237027,2.647288687041967,0.17001964962926275
link,random,20,20460925,0.2,0.20007020007020007,570,0.20007020007020007,0.0,0.00012834923149819392,0.19104481345698335,0.8089551865430167,0.05770340450086555,0.06476683937823834,6082133064.490279,2.8633006690171223,0.07599798687646278
link,random,20,20460925,0.22,0.22007722007722008,627,0.22007722007722008,0.0,0.0001184085723667142,0.17624837605533264,0.8237516239446674,0.02308136180034622,0.02590673575129534,6175490325.722544,2.922600123000121,0.05358911049506846
link,random,20,20460925,0.24,0.2400842400842401,684,0.2400842400842401,0.0,0.00011076439790968557,0.16487020209878486,0.8351297979012151,0.0207732256203116,0.023316062176165806,6239155022.683544,2.9630392031311006,0.038425934736200144
link,random,20,20460925,0.26,0.2600912600912601,741,0.2600912600912601,0.0,8.894916790259198e-05,0.13239874513267888,0.8676012548673211,0.0207732256203116,0.023316062176165806,6303839919.286403,3.0041263022904596,0.024921674442111165
link,random,20,20460925,0.28,0.2800982800982801,798,0.2800982800982801,0.0,8.597041288659737e-05,0.1279649383250958,0.8720350616749042,0.0207732256203116,0.023316062176165806,6316320155.540108,3.0120536042020087,0.022480845829971053
link,random,20,20460925,0.3,0.3001053001053001,855,0.3001053001053001,0.0,8.324977972314491e-05,0.12391533982630021,0.8760846601736998,0.012117714945181766,0.013601036269430053,6343182984.0872135,3.029116562607774,0.016774847756277817
link,random,20,20460925,0.32,0.3201123201123201,912,0.3201123201123201,0.0,7.494736583204166e-05,0.11155739194804737,0.8884426080519526,0.010963646855164455,0.012305699481865285,6348824639.963663,3.0327000772548147,0.015613467231779405
link,random,20,20460925,0.34,0.34011934011934014,969,0.34011934011934014,0.0,7.276478545639178e-05,0.10830867237369782,0.8916913276263022,0.010963646855164455,0.012305699481865285,6361194748.778439,3.0405574274892166,0.013021265117570579
link,random,20,20460925,0.36,0.3601263601263601,1026,0.3601263601263601,0.0,6.97500607560652e-05,0.1038213255366725,0.8961786744633276,0.010963646855164455,0.012305699481865285,6366478313.702139,3.0439134868993105,0.011867075725616107
link,random,20,20460925,0.38,0.38013338013338016,1083,0.38013338013338016,0.0,4.771075870653721e-05,0.0710163426035769,0.9289836573964231,0.008655510675129832,0.009715025906735751,6381520155.631031,3.0534678911471254,0.008705904835040357
link,random,20,20460925,0.4,0.40014040014040014,1140,0.40014040014040014,0.0,3.939971664844729e-05,0.058645551901621885,0.9413544480983781,0.008655510675129832,0.009715025906735751,6394173825.854344,3.061505356312867,0.00608410290176313
link,random,21,20460926,0.0,0.0,0,0.0,0.0,0.0006718278773220594,1.0,0.0,0.8909405654933641,1.0,1574335933.3296878,0.0,1.0
link,random,21,20460926,0.02,0.020007020007020006,57,0.020007020007020006,0.0,0.0006258781253994214,0.9316048745910991,0.06839512540890091,0.847663012117715,0.9514248704663213,1926866244.6718724,0.223923181754856,0.9528357135504592
link,random,21,20460926,0.04,0.04001404001404001,114,0.04001404001404001,0.0,0.0005768167707511795,0.8585782016822537,0.14142179831774626,0.7876514714368148,0.8840673575129534,2394339156.8289566,0.5208565758675018,0.8735440826415524
link,random,21,20460926,0.06,0.06002106002106002,171,0.06002106002106002,0.0,0.0005215631251648677,0.7763344492994921,0.22366555070050786,0.7386035776110791,0.8290155440414508,2859846378.8319554,0.8165413862995807,0.794259129931126
link,random,21,20460926,0.08,0.08002808002808003,228,0.08002808002808003,0.0,0.0004741304577261778,0.7057320390098819,0.2942679609901181,0.6739757645701097,0.7564766839378239,3302855470.5018535,1.0979356442156425,0.7471570536908534
link,random,21,20460926,0.1,0.10003510003510004,285,0.10003510003510004,0.0,0.00041802146298384844,0.6222151195185642,0.37778488048143577,0.582804385458742,0.6541450777202072,3860365218.9907503,1.4520593967681077,0.6414432809583251
link,random,21,20460926,0.12,0.12004212004212005,342,0.12004212004212005,0.0,0.0003833861251361097,0.570661233446142,0.42933876655385805,0.5291402192729371,0.5939119170984456,4322410426.64656,1.7455451756759126,0.552035748287145
link,random,21,20460926,0.14,0.14004914004914004,399,0.14004914004914004,0.0,0.00030041263961871537,0.44715715104912834,0.5528428489508717,0.4933641084824005,0.5537564766839379,4643392163.868132,1.949429067560856,0.48093080720896453
link,random,21,20460926,0.16,0.16005616005616005,456,0.16005616005616005,0.0,0.00026597709881417183,0.39590065817805936,0.6040993418219407,0.3889209463358338,0.4365284974093264,5046650917.479363,2.205574369890549,0.3634242225543917
link,random,21,20460926,0.18,0.18006318006318006,513,0.18006318006318006,0.0,0.00023510482678952734,0.3499480071095997,0.6500519928904003,0.32660126947489904,0.36658031088082904,5313814912.866367,2.375273853800541,0.31334258352866956
link,random,21,20460926,0.2,0.20007020007020007,570,0.20007020007020007,0.0,0.0002018249084272921,0.3004116310739837,0.6995883689260163,0.15522215810732834,0.17422279792746115,5765897334.880852,2.6624313863471936,0.18456706951090754
link,random,21,20460926,0.22,0.22007722007722008,627,0.22007722007722008,0.0,0.0001858366568598575,0.276613494516798,0.723386505483202,0.0934795152914022,0.10492227979274611,5918171092.700245,2.759153918429236,0.139237925701967
link,random,21,20460926,0.24,0.2400842400842401,684,0.2400842400842401,0.0,0.00016171952556262093,0.24071571160048214,0.7592842883995179,0.025389497980380843,0.02849740932642487,6074535463.8492,2.8584747608483303,0.09393902863355759
link,random,21,20460926,0.26,0.2600912600912601,741,0.2600912600912601,0.0,0.0001323106361292047,0.19694127111337167,0.8030587288866283,0.02308136180034622,0.02590673575129534,6261467523.38985,2.9772118458523495,0.03539498491510751
link,random,21,20460926,0.28,0.2800982800982801,798,0.2800982800982801,0.0,0.00012924430772866076,0.19237711338183114,0.8076228866181688,0.0207732256203116,0.023316062176165806,6279386002.583966,2.9885934568635517,0.03142048541436507
link,random,21,20460926,0.3,0.3001053001053001,855,0.3001053001053001,0.0,0.00011358283603265402,0.16906538098032053,0.8309346190196795,0.01673398730525101,0.01878238341968912,6324488486.358994,3.0172420335873498,0.02108920229574323
link,random,21,20460926,0.32,0.3201123201123201,912,0.3201123201123201,0.0,0.00011235510947102318,0.16723793885850116,0.8327620611414989,0.01673398730525101,0.01878238341968912,6332781687.680592,3.0225097792736584,0.019137903076469308
link,random,21,20460926,0.34,0.34011934011934014,969,0.34011934011934014,0.0,0.00010994115308071557,0.16364482152623183,0.8363551784737682,0.01673398730525101,0.01878238341968912,6346770491.465745,3.0313953058560106,0.016048375813298817
link,random,21,20460926,0.36,0.3601263601263601,1026,0.3601263601263601,0.0,0.00010834283854856781,0.16126576792321862,0.8387342320767814,0.0103866128101558,0.011658031088082903,6352884049.809054,3.0352785674991463,0.014690596137731484
link,random,21,20460926,0.38,0.38013338013338016,1083,0.38013338013338016,0.0,0.0001048533518416769,0.1560717490015862,0.8439282509984138,0.0103866128101558,0.011658031088082903,6363205867.007981,3.041834866558583,0.012451698151532917
link,random,21,20460926,0.4,0.40014040014040014,1140,0.40014040014040014,0.0,0.00010444841116270971,0.15546900432153318,0.8445309956784668,0.009809578765147143,0.011010362694300517,6363749952.568733,3.042180463422145,0.012339073303905816
link,random,22,20460927,0.0,0.0,0,0.0,0.0,0.0006718278773220594,1.0,0.0,0.8909405654933641,1.0,1574335933.3296878,0.0,1.0
link,random,22,20460927,0.02,0.020007020007020006,57,0.020007020007020006,0.0,0.0006009724337282839,0.8945333380981318,0.10546666190186815,0.8678592036930178,0.9740932642487046,1885709254.5086193,0.19778073699962076,0.9540479843109699
link,random,22,20460927,0.04,0.04001404001404001,114,0.04001404001404001,0.0,0.0005637544024218786,0.8391351735343772,0.16086482646562283,0.8315060588574726,0.9332901554404146,2197951599.6054044,0.3961134679539343,0.9057092198708543
link,random,22,20460927,0.06,0.06002106002106002,171,0.06002106002106002,0.0,0.000527667999632716,0.7854214114127386,0.21457858858726142,0.7991921523369879,0.8970207253886011,2473566131.3647995,0.571180634957152,0.8746981335329069
link,random,22,20460927,0.08,0.08002808002808003,228,0.08002808002808003,0.0,0.0004654541263556043,0.6928175237546386,0.30718247624536144,0.7634160415464513,0.8568652849740933,2902839735.694028,0.8438502699703881,0.7962614760097262
link,random,22,20460927,0.1,0.10003510003510004,285,0.10003510003510004,0.0,0.000421240172294981,0.6270060926528772,0.3729939073471228,0.688401615695326,0.7726683937823834,3398409210.5010424,1.1586302761402882,0.7162534864900657
link,random,22,20460927,0.12,0.12004212004212005,342,0.12004212004212005,0.0,0.0003603266486884565,0.5363377449068312,0.46366225509316883,0.6266589728793999,0.7033678756476683,3915912458.1403418,1.4873423614604717,0.6069956827364235
link,random,22,20460927,0.14,0.14004914004914004,399,0.14004914004914004,0.0,0.00031581682605748686,0.4700859203942966,0.5299140796057034,0.49624927870744373,0.5569948186528497,4579110071.3666115,1.908597824913955,0.4941170235643949
link,random,22,20460927,0.16,0.16005616005616005,456,0.16005616005616005,0.0,0.0002576493229877297,0.3835049596553409,0.6164950403446591,0.1869590305828044,0.20984455958549222,5309588781.928278,2.372589464243891,0.2994927905194383
link,random,22,20460927,0.18,0.18006318006318006,513,0.18006318006318006,0.0,0.00018865746398798988,0.28081219960682235,0.7191878003931776,0.07847663012117714,0.08808290155440414,5913242918.574564,2.7560235991489934,0.11602677348508968
link,random,22,20460927,0.2,0.20007020007020007,570,0.20007020007020007,0.0,0.00017315581742550094,0.2577383631588927,0.7422616368411072,0.06231967686093479,0.06994818652849741,6071775668.47876,2.856721770706891,0.07807864000802223
link,random,22,20460927,0.22,0.22007722007722008,627,0.22007722007722008,0.0,0.00016277958266980633,0.24229358168144818,0.7577064183185518,0.06174264281592614,0.06930051813471502,6186044761.205428,2.9293041785065985,0.05083564872163954
link,random,22,20460927,0.24,0.2400842400842401,684,0.2400842400842401,0.0,0.0001423562992085274,0.21189400442263123,0.7881059955773688,0.0467397576457011,0.052461139896373056,6253511479.58254,2.9721582587246753,0.03597784038878449
link,random,22,20460927,0.26,0.2600912600912601,741,0.2600912600912601,0.0,0.00012259206310651536,0.18247540366317286,0.8175245963368272,0.04385458742065782,0.04922279792746114,6269164044.691741,2.9821005872822766,0.03268200343968419
link,random,22,20460927,0.28,0.2800982800982801,798,0.2800982800982801,0.0,0.00012059976035348855,0.17950990785646678,0.8204900921435332,0.03693017888055395,0.04145077720207254,6287462770.813357,2.9937237267496677,0.02838899133923959
link,random,22,20460927,0.3,0.3001053001053001,855,0.3001053001053001,0.0,0.00011671474911563657,0.17372715996970473,0.8262728400302952,0.030582804385458743,0.034326424870466325,6306814577.213662,3.006015770646154,0.024258564226880608
link,random,22,20460927,0.32,0.3201123201123201,912,0.3201123201123201,0.0,0.00011178021070112388,0.16638221555599267,0.8336177844440074,0.030582804385458743,0.034326424870466325,6318683926.85014,3.013555044434674,0.02180487006659314
link,random,22,20460927,0.34,0.34011934011934014,969,0.34011934011934014,0.0,0.0001091067243182402,0.1624027939316023,0.8375972060683977,0.01154068090017311,0.01295336787564767,6329904033.30201,3.0206819264516143,0.019370105944055215
link,random,22,20460927,0.36,0.3601263601263601,1026,0.3601263601263601,0.0,9.636034831041246e-05,0.14343011292492028,0.8565698870750798,0.01154068090017311,0.01295336787564767,6347556179.959295,3.031894366111777,0.016898888696645353
link,random,22,20460927,0.38,0.38013338013338016,1083,0.38013338013338016,0.0,5.740878030855437e-05,0.08545161974729112,0.9145483802527089,0.01154068090017311,0.01295336787564767,6385617848.143162,3.056070698099174,0.007857123146258289
link,random,22,20460927,0.4,0.40014040014040014,1140,0.40014040014040014,0.0,5.654029334929149e-05,0.08415889732748814,0.9158411026725118,0.01154068090017311,0.01295336787564767,6388946225.716587,3.0581848450883657,0.0071707308498366075
link,random,23,20460928,0.0,0.0,0,0.0,0.0,0.0006718278773220594,1.0,0.0,0.8909405654933641,1.0,1574335933.3296878,0.0,1.0
link,random,23,20460928,0.02,0.020007020007020006,57,0.020007020007020006,0.0,0.0006147623992539376,0.9150593775661889,0.08494062243381106,0.8661281015579919,0.9721502590673575,1868363651.1179037,0.18676301008156077,0.9639142461108233
link,random,23,20460928,0.04,0.04001404001404001,114,0.04001404001404001,0.0,0.00058716827674525,0.8739861749794204,0.12601382502057956,0.8245816503173687,0.925518134715026,2132085936.3425574,0.35427635945095903,0.9188071666811359
link,random,23,20460928,0.06,0.06002106002106002,171,0.06002106002106002,0.0,0.0005245231487040166,0.7807403747441874,0.21925962525581255,0.7830351990767456,0.8788860103626943,2646558572.213728,0.6810634351820399,0.8295949630075926
link,random,23,20460928,0.08,0.08002808002808003,228,0.08002808002808003,0.0,0.0004779811072267627,0.7114636402586033,0.2885363597413967,0.7241777264858626,0.8128238341968912,3112047733.604905,0.9767367737221043,0.7487134670194785
link,random,23,20460928,0.1,0.10003510003510004,285,0.10003510003510004,0.0,0.00040974209579220874,0.6098914761106102,0.39010852388938977,0.6607039815349106,0.7415803108808291,3673175705.042568,1.3331587796982298,0.6457195345462432
link,random,23,20460928,0.12,0.12004212004212005,342,0.12004212004212005,0.0,0.0003406153076814006,0.5069978772525946,0.4930021227474054,0.5470282746682055,0.6139896373056996,4419915484.177027,1.8074792619571332,0.48323334561180864
link,random,23,20460928,0.14,0.14004914004914004,399,0.14004914004914004,0.0,0.00029550854180020067,0.43985751674686824,0.5601424832531318,0.4402769763416042,0.4941709844559586,4921607256.54276,2.1261480808188518,0.36770914976043756
link,random,23,20460928,0.16,0.16005616005616005,456,0.16005616005616005,0.0,0.0002219805189886358,0.330412783514524,0.6695872164854759,0.28851702250432776,0.3238341968911917,5475747803.13599,2.4781317552441915,0.23528814871343892
link,random,23,20460928,0.18,0.18006318006318006,513,0.18006318006318006,0.0,0.00019416134802049183,0.2890046015869854,0.7109953984130146,0.27524523946912866,0.3089378238341969,5822763563.874417,2.6985521581530523,0.14694353080494219
link,random,23,20460928,0.2,0.20007020007020007,570,0.20007020007020007,0.0,0.0001801228456119373,0.2681086208120989,0.7318913791879011,0.13271783035199078,0.14896373056994822,5974333519.585331,2.7948276432652714,0.10025565493642301
link,random,23,20460928,0.22,0.22007722007722008,627,0.22007722007722008,0.0,0.00013841465423765053,0.20602695855578143,0.7939730414442185,0.06809001731102135,0.07642487046632125,6131000949.157295,2.8943409848940913,0.06560313502698978
link,random,23,20460928,0.24,0.2400842400842401,684,0.2400842400842401,0.0,0.00011583645892565527,0.17241984567146185,0.8275801543285382,0.03866128101557992,0.04339378238341969,6217896784.941448,2.9495362160671297,0.04435747554607941
link,random,23,20460928,0.26,0.2600912600912601,741,0.2600912600912601,0.0,0.0001094937017460942,0.16297880073470863,0.8370211992652914,0.020196191575302943,0.02266839378238342,6275707668.277918,2.986257021400081,0.0312269079992897
link,random,23,20460928,0.28,0.2800982800982801,798,0.2800982800982801,0.0,0.00010727066539580156,0.15966986339326672,0.8403301366067333,0.012694748990190421,0.014248704663212436,6289687703.977927,2.9951369785960282,0.02816235754490594
link,random,23,20460928,0.3,0.3001053001053001,855,0.3001053001053001,0.0,0.0001045614684948705,0.1556372875023554,0.8443627124976446,0.012694748990190421,0.014248704663212436,6322127806.764143,3.0157425571764556,0.021117071353505053
link,random,23,20460928,0.32,0.3201123201123201,912,0.3201123201123201,0.0,8.588379523030481e-05,0.12783600998017836,0.8721639900198217,0.012694748990190421,0.014248704663212436,6329996489.174589,3.0207406533539367,0.019460017748013606
link,random,23,20460928,0.34,0.34011934011934014,969,0.34011934011934014,0.0,7.725467031933201e-05,0.11499176043017614,0.8850082395698239,0.0103866128101558,0.011658031088082903,6353225732.069151,3.0354956001240536,0.014562498802749678
link,random,23,20460928,0.36,0.3601263601263601,1026,0.3601263601263601,0.0,7.704533433095713e-05,0.11468016873319371,0.8853198312668062,0.0103866128101558,0.011658031088082903,6354353252.860913,3.0362117883072055,0.014324165847763687
link,random,23,20460928,0.38,0.38013338013338016,1083,0.38013338013338016,0.0,7.654159220546675e-05,0.11393036042291887,0.8860696395770811,0.0103866128101558,0.011658031088082903,6357499879.922176,3.038210489470437,0.013656771523636129
link,random,23,20460928,0.4,0.40014040014040014,1140,0.40014040014040014,0.0,7.640188075920555e-05,0.11372240321992501,0.886277596780075,0.0051933064050779,0.0058290155440414515,6358225275.164217,3.0386712521492805,0.013495510088133454
link,random,24,20460929,0.0,0.0,0,0.0,0.0,0.0006718278773220594,1.0,0.0,0.8909405654933641,1.0,1574335933.3296878,0.0,1.0
link,random,24,20460929,0.02,0.020007020007020006,57,0.020007020007020006,0.0,0.0006046850315751916,0.9000594527060969,0.09994054729390311,0.8615118291979227,0.9669689119170984,1939154961.5699406,0.23172883278390785,0.9405818840684422
link,random,24,20460929,0.04,0.04001404001404001,114,0.04001404001404001,0.0,0.0005566106920629856,0.8285019286214568,0.17149807137854323,0.8107328332371609,0.9099740932642487,2283351848.2327204,0.45035871944018874,0.8852074858243016
link,random,24,20460929,0.06,0.06002106002106002,171,0.06002106002106002,0.0,0.0004690409162693693,0.6981563762120003,0.30184362378799967,0.7501442585112522,0.8419689119170986,2861620175.9709616,0.8176680817534885,0.7895254092071599
link,random,24,20460929,0.08,0.08002808002808003,228,0.08002808002808003,0.0,0.00042991337154607643,0.639915945821917,0.360084054178083,0.6970571263704558,0.7823834196891192,3225787525.1735587,1.0489829755400966,0.7354878255205928
link,random,24,20460929,0.1,0.10003510003510004,285,0.10003510003510004,0.0,0.00038115612734705527,0.5673419341667739,0.4326580658332261,0.5954991344489324,0.6683937823834196,3760385273.9789233,1.388553290545676,0.6608542081281611
link,random,24,20460929,0.12,0.12004212004212005,342,0.12004212004212005,0.0,0.0003212823836178327,0.4782212743217517,0.5217787256782482,0.5216387766878245,0.5854922279792746,4223747852.4163284,1.6828758481572539,0.5649812409759408
link,random,24,20460929,0.14,0.14004914004914004,399,0.14004914004914004,0.0,0.0002919021529028367,0.43448949166321255,0.5655105083367875,0.4362377380265436,0.4896373056994819,4606786064.81394,1.9261772962716304,0.5145870467903081
link,random,24,20460929,0.16,0.16005616005616005,456,0.16005616005616005,0.0,0.0002380739056264585,0.3543674111521442,0.6456325888478558,0.27120600115406807,0.3044041450777202,5354432465.439418,2.4010736540294193,0.31899981260712773
link,random,24,20460929,0.18,0.18006318006318006,513,0.18006318006318006,0.0,0.00020447207613318377,0.3043518779664518,0.6956481220335482,0.1956145412579342,0.21955958549222798,5796586814.386661,2.681924989241019,0.17410570763233144
link,random,24,20460929,0.2,0.20007020007020007,570,0.20007020007020007,0.0,0.00017279867638329404,0.25720676711433665,0.7427932328856633,0.14079630698211196,0.15803108808290156,5911056210.772272,2.754634627611218,0.14407600867223525
link,random,24,20460929,0.22,0.22007722007722008,627,0.22007722007722008,0.0,0.0001381959426186339,0.20570141145301987,0.7942985885469801,0.0946335833814195,0.10621761658031088,6057858031.710111,2.8478814485913855,0.09862464438119822
link,random,24,20460929,0.24,0.2400842400842401,684,0.2400842400842401,0.0,0.00013402450348144035,0.19949232237231498,0.800507677627685,0.09405654933641085,0.1055699481865285,6084522149.151039,2.8648181879977805,0.092184663731884
link,random,24,20460929,0.26,0.2600912600912601,741,0.2600912600912601,0.0,0.00012419994105427557,0.18486869218547905,0.8151313078145209,0.04385458742065782,0.04922279792746114,6202363297.193674,2.939669524074067,0.0508660734700918
link,random,24,20460929,0.28,0.2800982800982801,798,0.2800982800982801,0.0,0.00011844798880679683,0.17630704649967285,0.8236929535003271,0.030582804385458743,0.034326424870466325,6251120509.509293,2.9706395421517833,0.037625094817136294
link,random,24,20460929,0.3,0.3001053001053001,855,0.3001053001053001,0.0,0.00011321068920638332,0.1685114491789876,0.8314885508210124,0.029428736295441432,0.033031088082901554,6274972055.264888,2.985789768511128,0.032455548470945055
link,random,24,20460929,0.32,0.3201123201123201,912,0.3201123201123201,0.0,0.00011012594397323317,0.16391987842511221,0.8360801215748878,0.024812463935372186,0.027849740932642485,6296269815.668538,2.9993178599132,0.027775933369309943
link,random,24,20460929,0.34,0.34011934011934014,969,0.34011934011934014,0.0,0.0001058332666143363,0.15753032910184253,0.8424696708981575,0.013271783035199077,0.01489637305699482,6334620032.607959,3.0236774747371538,0.018419783374969533
link,random,24,20460929,0.36,0.3601263601263601,1026,0.3601263601263601,0.0,0.00010356900881440255,0.15416003460177027,0.8458399653982297,0.012117714945181766,0.013601036269430053,6341668107.15011,3.0281543302753775,0.01694091787715875
link,random,24,20460929,0.38,0.38013338013338016,1083,0.38013338013338016,0.0,0.00010186034204628664,0.1516167242900179,0.8483832757099821,0.012117714945181766,0.013601036269430053,6347899546.078563,3.03211246830458,0.015652309901934374
link,random,24,20460929,0.4,0.40014040014040014,1140,0.40014040014040014,0.0,8.29981712291868e-05,0.12354082649862909,0.8764591735013709,0.012117714945181766,0.013601036269430053,6354453480.603137,3.036275451811355,0.014295500913733892
link,random,25,20460930,0.0,0.0,0,0.0,0.0,0.0006718278773220594,1.0,0.0,0.8909405654933641,1.0,1574335933.3296878,0.0,1.0
link,random,25,20460930,0.02,0.020007020007020006,57,0.020007020007020006,0.0,0.0006406421705460653,0.9535808086733437,0.046419191326656284,0.8465089440276976,0.9501295336787565,1868557452.1305223,0.1868861102462179,0.9482524309466038
link,random,25,20460930,0.04,0.04001404001404001,114,0.04001404001404001,0.0,0.0006108897799571453,0.9092950747923464,0.09070492520765361,0.8147720715522215,0.9145077720207253,2164871884.426223,0.3751016149695343,0.8988120529498443
link,random,25,20460930,0.06,0.06002106002106002,171,0.06002106002106002,0.0,0.0005685209246946609,0.8462300298713633,0.1537699701286367,0.7334102712060011,0.8231865284974093,2471803204.035042,0.5700608438805238,0.8488509837761415
link,random,25,20460930,0.08,0.08002808002808003,228,0.08002808002808003,0.0,0.0004993589181076217,0.7432840091395019,0.2567159908604981,0.688401615695326,0.7726683937823834,2813015805.7499247,0.786795147208801,0.7944432879087017
link,random,25,20460930,0.1,0.10003510003510004,285,0.10003510003510004,0.0,0.0004642603593692799,0.6910406296622369,0.3089593703377631,0.6289671090594345,0.705958549222798,3167566705.3381124,1.0120017832780928,0.7442964593362319
link,random,25,20460930,0.12,0.12004212004212005,342,0.12004212004212005,0.0,0.0004006853971684852,0.596410793141895,0.40358920685810495,0.5216387766878245,0.5854922279792746,3957986157.4785137,1.5140670892948844,0.6107482642396884
link,random,25,20460930,0.14,0.14004914004914004,399,0.14004914004914004,0.0,0.0003437881656520007,0.5117206017445393,0.48827939825546074,0.4281592613964224,0.48056994818652854,4557070436.661062,1.8945985035245638,0.4495044521157505
link,random,25,20460930,0.16,0.16005616005616005,456,0.16005616005616005,0.0,0.0003109302524253103,0.46281237043138845,0.5371876295686115,0.2608193883439123,0.2927461139896373,4991211916.308243,2.1703601567118733,0.33033105655210704
link,random,25,20460930,0.18,0.18006318006318006,513,0.18006318006318006,0.0,0.00027544018328906514,0.4099862369316736,0.5900137630683264,0.2233121754183497,0.2506476683937824,5337736433.164871,2.390468527181279,0.24978070655428825
link,random,25,20460930,0.2,0.20007020007020007,570,0.20007020007020007,0.0,0.0002573888669244269,0.38311727692871606,0.6168827230712839,0.20830929024812464,0.2338082901554404,5577251227.21813,2.5426055577746736,0.19586300168334436
link,random,25,20460930,0.22,0.22007722007722008,627,0.22007722007722008,0.0,0.00024089756387048788,0.35857036006114845,0.6414296399388515,0.08251586843623773,0.09261658031088082,5793502381.139452,2.679965792870086,0.14570557363106063
link,random,25,20460930,0.24,0.2400842400842401,684,0.2400842400842401,0.0,0.0002171178635824844,0.32317483526871116,0.6768251647312888,0.05366416618580496,0.06023316062176166,6025641885.844715,2.8274181248601797,0.08642013278032144
link,random,25,20460930,0.26,0.2600912600912601,741,0.2600912600912601,0.0,0.00015819442880653434,0.23546868795785242,0.7645313120421475,0.04904789382573572,0.05505181347150259,6153079144.515587,2.9083647995646977,0.058868980044166276
link,random,25,20460930,0.28,0.2800982800982801,798,0.2800982800982801,0.0,0.00015039892236105916,0.22386525989447928,0.7761347401055207,0.04731679169070975,0.05310880829015544,6218790848.426391,2.95010411486561,0.04408734898103111
link,random,25,20460930,0.3,0.3001053001053001,855,0.3001053001053001,0.0,0.00014495442891651348,0.21576125940815277,0.7842387405918472,0.034045008655510675,0.038212435233160626,6252137340.226017,2.9712854212778312,0.03714276481261901
link,random,25,20460930,0.32,0.3201123201123201,912,0.3201123201123201,0.0,0.00014329826113824821,0.2132960926084855,0.7867039073915145,0.026543566070398154,0.02979274611398964,6266817267.744818,2.980609941672759,0.03367449486979694
link,random,25,20460930,0.34,0.34011934011934014,969,0.34011934011934014,0.0,0.000133300894835036,0.1984152479149574,0.8015847520850425,0.025966532025389497,0.029145077720207253,6288783764.12681,2.9945628064438337,0.02929658768338068
link,random,25,20460930,0.36,0.3601263601263601,1026,0.3601263601263601,0.0,0.0001262232311825613,0.18788031197171162,0.8121196880282884,0.0075014425851125215,0.008419689119170985,6357629782.706691,3.0382930022186785,0.013773504825620555
link,random,25,20460930,0.38,0.38013338013338016,1083,0.38013338013338016,0.0,0.00012381449551450706,0.18429496556177163,0.8157050344382284,0.006347374495095211,0.007124352331606218,6368489320.421052,3.0451908551384133,0.011352445969743668
link,random,25,20460930,0.4,0.40014040014040014,1140,0.40014040014040014,0.0,0.00012328740705009242,0.1835104067749055,0.8164895932250945,0.006347374495095211,0.007124352331606218,6369573831.159357,3.04587972383241,0.011112405811284054
link,random,26,20460931,0.0,0.0,0,0.0,0.0,0.0006718278773220594,1.0,0.0,0.8909405654933641,1.0,1574335933.3296878,0.0,1.0
link,random,26,20460931,0.02,0.020007020007020006,57,0.020007020007020006,0.0,0.0006325714427251561,0.9415677200633867,0.05843227993661326,0.8632429313329486,0.9689119170984456,1864671448.9806962,0.18441776593192202,0.9504877077339627
link,random,26,20460931,0.04,0.04001404001404001,114,0.04001404001404001,0.0,0.0005378843828235001,0.8006282575940954,0.1993717424059046,0.8390075014425851,0.9417098445595855,2169053426.169772,0.3777576819848539,0.9085053221043444
link,random,26,20460931,0.06,0.06002106002106002,171,0.06002106002106002,0.0,0.0004819075471574018,0.717308053780546,0.28269194621945404,0.7611079053664166,0.8542746113989638,2690133497.7068787,0.708741724529721,0.8225438155310817
link,random,26,20460931,0.08,0.08002808002808003,228,0.08002808002808003,0.0,0.0004286741010742477,0.6380713208611778,0.3619286791388222,0.6728216964800924,0.7551813471502592,3279447673.9393506,1.0830672822180885,0.6969759506913613
link,random,26,20460931,0.1,0.10003510003510004,285,0.10003510003510004,0.0,0.00038155554122111193,0.5679364523276588,0.43206354767234123,0.5914598961338718,0.6638601036269429,3734873019.800412,1.3723482013786175,0.6141115058148036
link,random,26,20460931,0.12,0.12004212004212005,342,0.12004212004212005,0.0,0.0003257619624654581,0.4848890221167394,0.5151109778832605,0.5314483554529718,0.5965025906735751,4145552333.0169315,1.6332069574561345,0.5560151632991585
link,random,26,20460931,0.14,0.14004914004914004,399,0.14004914004914004,0.0,0.000286069330976843,0.42580747336226976,0.5741925266377302,0.44777841892671666,0.5025906735751295,4664623781.31842,1.9629151457229574,0.47424652601842837
link,random,26,20460931,0.16,0.16005616005616005,456,0.16005616005616005,0.0,0.00024720010221613957,0.36795154020921544,0.6320484597907845,0.15579919215233698,0.1748704663212435,5254943995.076153,2.3378797268268245,0.3116007735852601
link,random,26,20460931,0.18,0.18006318006318006,513,0.18006318006318006,0.0,0.000187354216938467,0.2788723470143433,0.7211276529856567,0.09578765147143682,0.10751295336787565,5886001224.746912,2.7387199898932253,0.1251343367821351
link,random,26,20460931,0.2,0.20007020007020007,570,0.20007020007020007,0.0,0.00017950809391179267,0.26719357735990534,0.7328064226400947,0.09290248124639354,0.10427461139896374,5947054280.695433,2.77750018581964,0.11142891777629867
link,random,26,20460931,0.22,0.22007722007722008,627,0.22007722007722008,0.0,0.0001586584873968992,0.2361594282590954,0.7638405717409046,0.07039815349105598,0.07901554404145078,6101212388.714679,2.875419635382863,0.07427352619102155
link,random,26,20460931,0.24,0.2400842400842401,684,0.2400842400842401,0.0,0.0001284418025240625,0.19118260325254463,0.8088173967474553,0.016156953260242354,0.018134715025906734,6245654737.664281,2.9671677470099094,0.040422376608767414
link,random,26,20460931,0.26,0.2600912600912601,741,0.2600912600912601,0.0,0.00010859031970633972,0.16163413780801467,0.8383658621919854,0.013271783035199077,0.01489637305699482,6301846247.445596,3.002859944965698,0.025877980183289167
link,random,26,20460931,0.28,0.2800982800982801,798,0.2800982800982801,0.0,7.720296329338408e-05,0.11491479573774027,0.8850852042622597,0.013271783035199077,0.01489637305699482,6353544327.254365,3.03569796810567,0.014676526553372853
link,random,26,20460931,0.3,0.3001053001053001,855,0.3001053001053001,0.0,7.693477285625838e-05,0.11451560057752345,0.8854843994224766,0.013271783035199077,0.01489637305699482,6354732909.728855,3.036452941964379,0.014430252798276373
link,random,26,20460931,0.32,0.3201123201123201,912,0.3201123201123201,0.0,5.595531128273948e-05,0.08328816527498122,0.9167118347250188,0.013271783035199077,0.01489637305699482,6367575056.5649805,3.044610125297522,0.01167421566503284
link,random,26,20460931,0.34,0.34011934011934014,969,0.34011934011934014,0.0,5.424772668590823e-05,0.08074646574974303,0.919253534250257,0.006347374495095211,0.007124352331606218,6377485470.706697,3.0509051058870567,0.00954253684586633
link,random,26,20460931,0.36,0.3601263601263601,1026,0.3601263601263601,0.0,4.9560338038042246e-05,0.07376939795292853,0.9262306020470714,0.006347374495095211,0.007124352331606218,6385742404.961592,3.056149815151509,0.007839555336393286
link,random,26,20460931,0.38,0.38013338013338016,1083,0.38013338013338016,0.0,4.936737280161578e-05,0.0734821737353274,0.9265178262646726,0.006347374495095211,0.007124352331606218,6386493426.793337,3.056626855544125,0.007684676393610543
link,random,26,20460931,0.4,0.40014040014040014,1140,0.40014040014040014,0.0,4.752173420903238e-05,0.07073498408320963,0.9292650159167903,0.0051933064050779,0.0058290155440414515,6391880999.363868,3.0600489794101136,0.006539051788589453
link,random,27,20460932,0.0,0.0,0,0.0,0.0,0.0006718278773220594,1.0,0.0,0.8909405654933641,1.0,1574335933.3296878,0.0,1.0
link,random,27,20460932,0.02,0.020007020007020006,57,0.020007020007020006,0.0,0.0006396997475702751,0.9521780342312548,0.0478219657687452,0.864396999422966,0.9702072538860105,1839313687.8472042,0.16831080896254075,0.9604968052504538
link,random,27,20460932,0.04,0.04001404001404001,114,0.04001404001404001,0.0,0.0005818705964722396,0.8661007024471892,0.13389929755281083,0.8251586843623774,0.9261658031088084,2232382844.0384903,0.41798379670916036,0.8929028116227229
link,random,27,20460932,0.06,0.06002106002106002,171,0.06002106002106002,0.0,0.0005132624063004342,0.7639790244285852,0.23602097557141477,0.7836122331217542,0.8795336787564767,2647723073.2232356,0.6818031127723524,0.81787477575657
link,random,27,20460932,0.08,0.08002808002808003,228,0.08002808002808003,0.0,0.0004737786915505242,0.7052084433278216,0.2947915566721784,0.7357184073860358,0.8257772020725389,3040748874.6486506,0.9314485620724732,0.7505584193500725
link,random,27,20460932,0.1,0.10003510003510004,285,0.10003510003510004,0.0,0.0004384542172702498,0.6526287938779066,0.3473712061220934,0.6912867859203693,0.7759067357512953,3398251347.1164145,1.1585300031418222,0.6900466786575883
link,random,27,20460932,0.12,0.12004212004212005,342,0.12004212004212005,0.0,0.0003996405179967386,0.5948555150609801,0.4051444849390199,0.641661858049625,0.7202072538860104,3739852088.1664677,1.3755108480924765,0.6324633526098589
link,random,27,20460932,0.14,0.14004914004914004,399,0.14004914004914004,0.0,0.0003520842347219411,0.5240691055056648,0.47593089449433523,0.5972302365839585,0.6703367875647669,4207495286.4739566,1.6725524060009171,0.5373762295238204
link,random,27,20460932,0.16,0.16005616005616005,456,0.16005616005616005,0.0,0.00029413794165426436,0.4378174106539214,0.5621825893460786,0.44835545297172535,0.5032383419689119,4829721831.69606,2.067783520307066,0.425932239244175
link,random,27,20460932,0.18,0.18006318006318006,513,0.18006318006318006,0.0,0.0002633403343933901,0.39197589633088503,0.608024103669115,0.18638199653779572,0.20919689119170984,5244200601.56882,2.3310556473658353,0.33403308939374465
link,random,27,20460932,0.2,0.20007020007020007,570,0.20007020007020007,0.0,0.00023696372309159295,0.35271493055057884,0.6472850694494212,0.15233698788228506,0.17098445595854922,5612986886.403422,2.5653044357134576,0.21784731247884892
link,random,27,20460932,0.22,0.22007722007722008,627,0.22007722007722008,0.0,0.00020232948689953418,0.3011626842667351,0.6988373157332649,0.1257934218118869,0.1411917098445596,6022335788.932047,2.8253181302893413,0.0897142737225881
link,random,27,20460932,0.24,0.2400842400842401,684,0.2400842400842401,0.0,0.00018266404088763776,0.27189113023375283,0.7281088697662472,0.06231967686093479,0.06994818652849741,6124818906.174203,2.8904142225988183,0.0660830178099082
link,random,27,20460932,0.26,0.2600912600912601,741,0.2600912600912601,0.0,0.00016571281252086582,0.24665962535137073,0.7533403746486292,0.06231967686093479,0.06994818652849741,6151498688.460921,2.9073609121343176,0.05975086205346825
link,random,27,20460932,0.28,0.2800982800982801,798,0.2800982800982801,0.0,0.00015284653019411156,0.22750846660809274,0.7724915333919072,0.019619157530294286,0.022020725388601035,6282035193.057164,2.9902761920518386,0.02975838884529514
link,random,27,20460932,0.3,0.3001053001053001,855,0.3001053001053001,0.0,0.00015108522901155892,0.22488681120794282,0.7751131887920572,0.01788805539526832,0.020077720207253888,6296202527.045011,2.9992751189567737,0.02666821369662497
link,random,27,20460932,0.32,0.3201123201123201,912,0.3201123201123201,0.0,0.00014392968053005914,0.21423594552784903,0.7857640544721509,0.012694748990190421,0.014248704663212436,6322874781.582715,3.0162170269530506,0.020922161604132284
link,random,27,20460932,0.34,0.34011934011934014,969,0.34011934011934014,0.0,0.00011823250482816126,0.17598630366373325,0.8240136963362668,0.012694748990190421,0.014248704663212436,6330058593.239165,3.0207801011384037,0.019440471202437044
link,random,27,20460932,0.36,0.3601263601263601,1026,0.3601263601263601,0.0,0.0001171752623148081,0.17441262303951238,0.8255873769604876,0.010963646855164455,0.012305699481865285,6337730955.388138,3.025653496953454,0.017862204127367196
link,random,27,20460932,0.38,0.38013338013338016,1083,0.38013338013338016,0.0,9.041566858766896e-05,0.13458159692341212,0.8654184030765879,0.010963646855164455,0.012305699481865285,6354472680.4254,3.0362876473166827,0.014268166788337047
link,random,27,20460932,0.4,0.40014040014040014,1140,0.40014040014040014,0.0,8.749033492207956e-05,0.13022730653991402,0.869772693460086,0.009232544720138488,0.010362694300518135,6363473293.2032995,3.0420047325888606,0.012371079910693887
link,random,28,20460933,0.0,0.0,0,0.0,0.0,0.0006718278773220594,1.0,0.0,0.8909405654933641,1.0,1574335933.3296878,0.0,1.0
link,random,28,20460933,0.02,0.020007020007020006,57,0.020007020007020006,0.0,0.0006138742586042755,0.9137374010903061,0.0862625989096939,0.8430467397576457,0.9462435233160621,1897674338.7107491,0.2053808202784315,0.9505491834632229
link,random,28,20460933,0.04,0.04001404001404001,114,0.04001404001404001,0.0,0.0005595014534134895,0.8328047589267823,0.1671952410732177,0.7864974033467974,0.8827720207253885,2372593851.091393,0.5070442088388379,0.8675260170097231
link,random,28,20460933,0.06,0.06002106002106002,171,0.06002106002106002,0.0,0.0005045994465307067,0.7510844124868206,0.24891558751317944,0.7132140796306982,0.8005181347150259,2836240980.0083394,0.8015475096282333,0.7791842531675358
link,random,28,20460933,0.08,0.08002808002808003,228,0.08002808002808003,0.0,0.00044952516495913754,0.669107639222963,0.330892360777037,0.6751298326601269,0.7577720207253886,3121213398.4049735,0.9825586981322798,0.730707348597642
link,random,28,20460933,0.1,0.10003510003510004,285,0.10003510003510004,0.0,0.00037963989160857904,0.5650850529183803,0.4349149470816197,0.5666474321984997,0.6360103626943004,3852309050.2863426,1.4469422114623203,0.5927749646051487
link,random,28,20460933,0.12,0.12004212004212005,342,0.12004212004212005,0.0,0.0003423949525837872,0.5096468368484368,0.4903531631515632,0.5170225043277553,0.5803108808290155,4192899241.935659,1.6632811671062886,0.5394696682977485
link,random,28,20460933,0.14,0.14004914004914004,399,0.14004914004914004,0.0,0.0002899142699516623,0.43153057462764954,0.5684694253723505,0.463935372186959,0.5207253886010362,4885411476.5662155,2.103156939468231,0.4264492336782487
link,random,28,20460933,0.16,0.16005616005616005,456,0.16005616005616005,0.0,0.0002702517080163494,0.4022633134748541,0.5977366865251459,0.4298903635314484,0.4825129533678757,5126890732.500862,2.2565417735575624,0.38474291783903963
link,random,28,20460933,0.18,0.18006318006318006,513,0.18006318006318006,0.0,0.0002374155133979059,0.35338740979945105,0.646612590200549,0.35429890363531447,0.3976683937823834,5549294903.944806,2.5248480241495614,0.30962099964231
link,random,28,20460933,0.2,0.20007020007020007,570,0.20007020007020007,0.0,0.0002067948637367625,0.30780929270315116,0.6921907072968488,0.13675706866705137,0.1534974093264249,5865156847.33544,2.7254798821308452,0.14190546308313676
link,random,28,20460933,0.22,0.22007722007722008,627,0.22007722007722008,0.0,0.00019828525318978392,0.29514293747404347,0.7048570625259565,0.06866705135603,0.07707253886010362,5987127956.196962,2.8029545216149074,0.10927976385577383
link,random,28,20460933,0.24,0.2400842400842401,684,0.2400842400842401,0.0,0.000192347993904054,0.2863054666185676,0.7136945333814324,0.06866705135603,0.07707253886010362,6035076930.0981865,2.8334111559876067,0.09430169126275673
link,random,28,20460933,0.26,0.2600912600912601,741,0.2600912600912601,0.0,0.00017828356417694022,0.26537089363958477,0.7346291063604152,0.024812463935372186,0.027849740932642485,6179915195.602763,2.925410749237217,0.05316977716989777
link,random,28,20460933,0.28,0.2800982800982801,798,0.2800982800982801,0.0,0.0001755556572234918,0.2613104682753948,0.7386895317246052,0.02192729371032891,0.02461139896373057,6210698419.897142,2.9449638977379142,0.04547781753607844
link,random,28,20460933,0.3,0.3001053001053001,855,0.3001053001053001,0.0,0.0001704766425286492,0.2537504743152039,0.7462495256847961,0.019042123485285632,0.021373056994818652,6236195162.6740265,2.9611591342418278,0.04034710541213288
link,random,28,20460933,0.32,0.3201123201123201,912,0.3201123201123201,0.0,0.00016439384909858475,0.24469637930754992,0.75530362069245,0.019042123485285632,0.021373056994818652,6270192288.335147,2.9827537157675237,0.0322438779125527
link,random,28,20460933,0.34,0.34011934011934014,969,0.34011934011934014,0.0,0.00016269883225491645,0.24217338658741344,0.7578266134125866,0.019042123485285632,0.021373056994818652,6276710658.232484,2.9868941090338774,0.030782791979846496
link,random,28,20460933,0.36,0.3601263601263601,1026,0.3601263601263601,0.0,0.00016069480627522488,0.2391904410334425,0.7608095589665576,0.01154068090017311,0.01295336787564767,6291215786.309416,2.9961075988424053,0.02730020445368242
link,random,28,20460933,0.38,0.38013338013338016,1083,0.38013338013338016,0.0,0.00014116606092956345,0.21012236272817178,0.7898776372718282,0.005770340450086555,0.006476683937823835,6331997095.73907,3.022011415535074,0.018888368058441116
link,random,28,20460933,0.4,0.40014040014040014,1140,0.40014040014040014,0.0,0.0001354016659790769,0.20154219637147977,0.7984578036285203,0.005770340450086555,0.006476683937823835,6351794810.10455,3.0345866950204434,0.014782020825962843
link,random,29,20460934,0.0,0.0,0,0.0,0.0,0.0006718278773220594,1.0,0.0,0.8909405654933641,1.0,1574335933.3296878,0.0,1.0
link,random,29,20460934,0.02,0.020007020007020006,57,0.020007020007020006,0.0,0.0006188562066013198,0.9211529135529664,0.07884708644703364,0.8563185227928448,0.9611398963730571,1788217286.7105136,0.135854965165199,0.9716019261507396
link,random,29,20460934,0.04,0.04001404001404001,114,0.04001404001404001,0.0,0.0005812868384065653,0.865231792291211,0.13476820770878895,0.8107328332371609,0.9099740932642487,2110364703.3093235,0.3404792831260263,0.9151850990110698
link,random,29,20460934,0.06,0.06002106002106002,171,0.06002106002106002,0.0,0.0005349827544791165,0.7963092520238746,0.2036907479761254,0.7709174841315638,0.8652849740932643,2468809531.6912584,0.5681592977870851,0.8602984502952508
link,random,29,20460934,0.08,0.08002808002808003,228,0.08002808002808003,0.0,0.0004679885221178323,0.6965899122603526,0.3034100877396474,0.7311021350259665,0.8205958549222798,2794162949.1185317,0.7748200304422544,0.8091026325049302
link,random,29,20460934,0.1,0.10003510003510004,285,0.10003510003510004,0.0,0.0003919953286203062,0.5834758304207618,0.4165241695792382,0.65666474321985,0.7370466321243524,3461420717.1100917,1.1986544573045848,0.6847554917401443
link,random,29,20460934,0.12,0.12004212004212005,342,0.12004212004212005,0.0,0.00033245849301362574,0.49485665039507215,0.5051433496049278,0.4697057126370456,0.5272020725388601,4273478869.1592536,1.7144644155589681,0.4972327181415489
link,random,29,20460934,0.14,0.14004914004914004,399,0.14004914004914004,0.0,0.000289590968796371,0.43104934845915527,0.5689506515408447,0.3577611079053664,0.4015544041450777,4679707568.635207,1.9724961931966594,0.40387264994191896
link,random,29,20460934,0.16,0.16005616005616005,456,0.16005616005616005,0.0,0.00020193940323603792,0.30058205390490617,0.6994179460950938,0.18118869013271782,0.2033678756476684,5523120636.421609,2.5082224317527473,0.22747626017475792
link,random,29,20460934,0.18,0.18006318006318006,513,0.18006318006318006,0.0,0.0001759860820506747,0.26195114551090726,0.7380488544890927,0.15753029428736295,0.17681347150259066,5801317865.694761,2.6849300983844624,0.15093819948476214
link,random,29,20460934,0.2,0.20007020007020007,570,0.20007020007020007,0.0,0.0001416697685684062,0.21087211970588246,0.7891278802941175,0.08136180034622043,0.09132124352331607,6058042725.236535,2.8479987637860114,0.08143786580109064
link,random,29,20460934,0.22,0.22007722007722008,627,0.22007722007722008,0.0,0.00010846251361227442,0.1614439014418568,0.8385560985581432,0.0675129832660127,0.07577720207253887,6154104339.102369,2.909015991324397,0.06207289384876644
link,random,29,20460934,0.24,0.2400842400842401,684,0.2400842400842401,0.0,0.00010332855701230584,0.15380212774762905,0.846197872252371,0.06520484708597807,0.07318652849740932,6187870181.854022,2.930463664617503,0.05387681073487827
link,random,29,20460934,0.26,0.2600912600912601,741,0.2600912600912601,0.0,9.628227104100354e-05,0.14331389674508543,0.8566861032549146,0.0571263704558569,0.06411917098445596,6272188142.952539,2.984021459566759,0.03411508775943035
link,random,29,20460934,0.28,0.2800982800982801,798,0.2800982800982801,0.0,9.307828557202429e-05,0.13854483970364426,0.8614551602963557,0.019619157530294286,0.022020725388601035,6299716922.919152,3.0015074226219185,0.026509092872127667
link,random,29,20460934,0.3,0.3001053001053001,855,0.3001053001053001,0.0,8.992581425062239e-05,0.1338524602597191,0.8661475397402809,0.013848817080207732,0.015544041450777202,6325064608.016963,3.0176079794098216,0.021180798608290228
link,random,29,20460934,0.32,0.3201123201123201,912,0.3201123201123201,0.0,8.58047304761593e-05,0.1277183239525299,0.8722816760474701,0.013848817080207732,0.015544041450777202,6344942931.843963,3.0302344610940435,0.016601690300910115
link,random,29,20460934,0.34,0.34011934011934014,969,0.34011934011934014,0.0,8.43691279063045e-05,0.12558146327985706,0.8744185367201429,0.008078476630121177,0.009067357512953367,6352746292.264243,3.035191065497893,0.01496289273992619
link,random,29,20460934,0.36,0.3601263601263601,1026,0.3601263601263601,0.0,7.469838961367044e-05,0.11118679670069971,0.8888132032993002,0.008078476630121177,0.009067357512953367,6371643872.084783,3.0471945899175963,0.01071208689705759
link,random,29,20460934,0.38,0.38013338013338016,1083,0.38013338013338016,0.0,7.394939551267471e-05,0.11007193659102213,0.8899280634089779,0.008078476630121177,0.009067357512953367,6376256344.260512,3.0501243789658425,0.009760883105108694
link,random,29,20460934,0.4,0.40014040014040014,1140,0.40014040014040014,0.0,7.044411615460425e-05,0.10485441067941113,0.8951455893205889,0.0051933064050779,0.0058290155440414515,6385908731.496534,3.056255463845299,0.007739569530467423
link,random,30,20460935,0.0,0.0,0,0.0,0.0,0.0006718278773220594,1.0,0.0,0.8909405654933641,1.0,1574335933.3296878,0.0,1.0
link,random,30,20460935,0.02,0.020007020007020006,57,0.020007020007020006,0.0,0.0006395427053936498,0.9519442806435782,0.04805571935642183,0.8563185227928448,0.9611398963730571,1774094432.4655445,0.12688429127916273,0.9769010590578858
link,random,30,20460935,0.04,0.04001404001404001,114,0.04001404001404001,0.0,0.0005809565924262634,0.8647402289139688,0.13525977108603116,0.8032313906520485,0.9015544041450778,2237699641.808581,0.4213609652394153,0.9012753933050738
link,random,30,20460935,0.06,0.06002106002106002,171,0.06002106002106002,0.0,0.0005451989882046756,0.8115158757297584,0.18848412427024164,0.7582227351413734,0.8510362694300518,2640251935.945485,0.6770575326711924,0.8323768531265564
link,random,30,20460935,0.08,0.08002808002808003,228,0.08002808002808003,0.0,0.0005031316373909641,0.7488996130920806,0.25110038690791936,0.6803231390652048,0.76360103626943,3019748612.913925,0.9181094383885525,0.7874506552310679
link,random,30,20460935,0.1,0.10003510003510004,285,0.10003510003510004,0.0,0.00042089080089942506,0.6264860615446884,0.37351393845531156,0.5920369301788806,0.6645077720207254,3509995584.6914415,1.2295086521133223,0.7141719703763373
link,random,30,20460935,0.12,0.12004212004212005,342,0.12004212004212005,0.0,0.0003816387926976763,0.5680603701931933,0.43193962980680667,0.5204847085978073,0.5841968911917098,4015456974.860956,1.550571888661874,0.6002544131864497
link,random,30,20460935,0.14,0.14004914004914004,399,0.14004914004914004,0.0,0.00031093179964436897,0.46281467343058047,0.5371853265694195,0.32198499711482975,0.36139896373056996,4881896747.616523,2.100924424237343,0.40518711300979093
link,random,30,20460935,0.16,0.16005616005616005,456,0.16005616005616005,0.0,0.0002594094082801147,0.3861248052315632,0.6138751947684369,0.16791690709751875,0.18847150259067358,5371728303.43111,2.4120597705408504,0.31180037869826843
link,random,30,20460935,0.18,0.18006318006318006,513,0.18006318006318006,0.0,0.00023431775103923747,0.3487764633602883,0.6512235366397117,0.1321407963069821,0.1483160621761658,5668006059.161162,2.6002519787333105,0.2065246603975962
link,random,30,20460935,0.2,0.20007020007020007,570,0.20007020007020007,0.0,0.00020617392778926838,0.3068850441441762,0.6931149558558238,0.05597230236583958,0.06282383419689119,5984747816.979958,2.8014426846767955,0.10341327853371245
link,random,30,20460935,0.22,0.22007722007722008,627,0.22007722007722008,0.0,0.00017795177100786934,0.264877027308236,0.7351229726917641,0.030582804385458743,0.034326424870466325,6124409687.397662,2.890154291558767,0.07029660648234483
link,random,30,20460935,0.24,0.2400842400842401,684,0.2400842400842401,0.0,0.00017204097935845928,0.2560789529071397,0.7439210470928603,0.030005770340450086,0.03367875647668394,6178652958.181964,2.9246089906073864,0.05806810897328714
link,random,30,20460935,0.26,0.2600912600912601,741,0.2600912600912601,0.0,0.00016628207065821015,0.24750695270493847,0.7524930472950615,0.028851702250432775,0.03238341968911917,6225410688.055115,2.9543089605332833,0.0431137027950793
link,random,30,20460935,0.28,0.2800982800982801,798,0.2800982800982801,0.0,0.00016388480321046712,0.24393867647130157,0.7560613235286984,0.028851702250432775,0.03238341968911917,6244639532.190695,2.9665229002195304,0.03784820461905418
link,random,30,20460935,0.3,0.3001053001053001,855,0.3001053001053001,0.0,0.00014018260444074426,0.20865851086668116,0.7913414891333188,0.025966532025389497,0.029145077720207253,6253102885.280001,2.971898724343297,0.03610118230258899
link,random,30,20460935,0.32,0.3201123201123201,912,0.3201123201123201,0.0,0.00013800658571853298,0.20541955815920346,0.7945804418407966,0.018465089440276975,0.02072538860103627,6258396516.735625,2.9752611778981923,0.034990121123557864
link,random,30,20460935,0.34,0.34011934011934014,969,0.34011934011934014,0.0,0.0001108105521134593,0.16493890154596724,0.8350610984540328,0.0103866128101558,0.011658031088082903,6314638380.7512455,3.01098536028198,0.023129870636731113
link,random,30,20460935,0.36,0.3601263601263601,1026,0.3601263601263601,0.0,7.319672917098163e-05,0.10895161043740485,0.8910483895625951,0.0103866128101558,0.011658031088082903,6344579780.029473,3.0300037912561764,0.016818457593237517
link,random,30,20460935,0.38,0.38013338013338016,1083,0.38013338013338016,0.0,7.004806395232963e-05,0.10426489628793736,0.8957351037120627,0.0103866128101558,0.011658031088082903,6354722851.779078,3.0364465532708578,0.014660101293592688
link,random,30,20460935,0.4,0.40014040014040014,1140,0.40014040014040014,0.0,6.653622349451596e-05,0.0990376043336171,0.9009623956663829,0.005770340450086555,0.006476683937823835,6364122309.188995,3.042416980046316,0.012705077061795056
link,td,0,20260905,0.0,0.0,0,0.0,0.0,0.0006718278773220594,1.0,0.0,0.8909405654933641,1.0,1574335933.3296878,0.0,1.0
link,td,0,20260905,0.02,0.020007020007020006,57,0.020007020007020006,0.0,0.0004296858321387698,0.6395772587638365,0.36042274123616347,0.7882285054818234,0.8847150259067358,3595626939.4638796,1.2839006995534956,0.5906950853465525
link,td,0,20260905,0.04,0.04001404001404001,114,0.04001404001404001,0.0,0.0003606497904915819,0.536818733883373,0.463181266116627,0.742065781881131,0.8329015544041452,4229473765.909518,1.6865128822692046,0.46601575779502624
link,td,0,20260905,0.06,0.06002106002106002,171,0.06002106002106002,0.0,0.00030853246754474433,0.45924332401115997,0.54075667598884,0.7155222158107328,0.8031088082901554,4631806013.569426,1.9420696787205076,0.38738586701699623
link,td,0,20260905,0.08,0.08002808002808003,228,0.08002808002808003,0.0,0.00027356053176460143,0.4071884198301325,0.5928115801698675,0.6318522792844777,0.7091968911917098,5018915953.268205,2.1879574409848486,0.31236901290820557
link,td,0,20260905,0.1,0.10003510003510004,285,0.10003510003510004,0.0,0.00022233402930583305,0.33093897531026545,0.6690610246897346,0.5516445470282747,0.6191709844559586,5390295499.521222,2.423853439031185,0.2535051686730386
link,td,0,20260905,0.12,0.12004212004212005,342,0.12004212004212005,0.0,0.00017897593467547715,0.2664014708482841,0.733598529151716,0.5129832660126947,0.5757772020725388,5645000036.406276,2.5856388188175425,0.19315767333613795
link,td,0,20260905,0.14,0.14004914004914004,399,0.14004914004914004,0.0,0.00016136281811490115,0.24018476095112587,0.7598152390488742,0.4552798615118292,0.5110103626943006,5848781391.271411,2.715078381588712,0.15851478644123135
link,td,0,20260905,0.16,0.16005616005616005,456,0.16005616005616005,0.0,0.00015005002312709116,0.22334593158771307,0.7766540684122869,0.3364108482400462,0.3775906735751296,5978013992.420401,2.797165437097675,0.11041451855487575
link,td,0,20260905,0.18,0.18006318006318006,513,0.18006318006318006,0.0,0.00013418928675991358,0.1997375984080908,0.8002624015919092,0.20773225620311597,0.23316062176165803,6187557640.965619,2.9302651422552892,0.051719834083988045
link,td,0,20260905,0.2,0.20007020007020007,570,0.20007020007020007,0.0,0.0001293256545931798,0.19249819627711573,0.8075018037228843,0.1840738603577611,0.20660621761658032,6206050134.765597,2.9420113607138028,0.04851288379749813
link,td,0,20260905,0.22,0.22007722007722008,627,0.22007722007722008,0.0,0.00012265277005166138,0.18256576452373735,0.8174342354762627,0.1142527409117138,0.12823834196891193,6259965189.0569515,2.976257580437267,0.036520476306740074
link,td,0,20260905,0.24,0.2400842400842401,684,0.2400842400842401,0.0,0.000118379954874281,0.17620577959067377,0.8237942204093263,0.09232544720138489,0.10362694300518135,6287825412.385789,2.993954072487673,0.029974855269778392
link,td,0,20260905,0.26,0.2600912600912601,741,0.2600912600912601,0.0,0.00011556617225570278,0.17201753031796704,0.8279824696820329,0.06462781304096941,0.07253886010362694,6320649492.883962,3.0148035492754834,0.022219601903998427
link,td,0,20260905,0.28,0.2800982800982801,798,0.2800982800982801,0.0,0.00011395184040455102,0.16961463531220072,0.8303853646877992,0.05020196191575303,0.05634715025906736,6341013007.479462,3.0277382185315114,0.017287372231111025
link,td,0,20260905,0.3,0.3001053001053001,855,0.3001053001053001,0.0,0.00011261858796994884,0.16763012040948994,0.8323698795905101,0.04096941719561454,0.04598445595854922,6348799466.409696,3.0326840873041094,0.015620124031714692
link,td,0,20260905,0.32,0.3201123201123201,912,0.3201123201123201,0.0,0.00011014688827622052,0.16395105352768585,0.8360489464723142,0.017311021350259664,0.019430051813471502,6369661851.046828,3.045935633048231,0.01118911774099868
link,td,0,20260905,0.34,0.34011934011934014,969,0.34011934011934014,0.0,0.00010945697272662,0.16292413045275994,0.83707586954724,0.015002885170225043,0.01683937823834197,6372463111.945249,3.0477149616140826,0.010614234652866263
link,td,0,20260905,0.36,0.3601263601263601,1026,0.3601263601263601,0.0,0.00010676741515264282,0.15892078723827782,0.8410792127617222,0.013271783035199077,0.01489637305699482,6379031253.187352,3.051886969063733,0.009247813805945948
link,td,0,20260905,0.38,0.38013338013338016,1083,0.38013338013338016,0.0,0.00010596187843520223,0.15772176477339964,0.8422782352266004,0.012694748990190421,0.014248704663212436,6381670440.690544,3.053563350481014,0.008693039696211788
link,td,0,20260905,0.4,0.40014040014040014,1140,0.40014040014040014,0.0,0.00010467995979919247,0.155813659022981,0.844186340977019,0.0103866128101558,0.011658031088082903,6387360058.732372,3.0571773301415015,0.007467987043070083
node,lscc,0,20260905,0.0,0.0,0,0.0,0.0,0.0006718278773220594,1.0,0.0,0.8909405654933641,1.0,1574335933.3296878,0.0,1.0
node,lscc,0,20260905,0.02,0.020196191575302943,35,0.041067041067041066,0.020196191575302943,0.0005795885313267913,0.8627039021319882,0.13729609786801178,0.7328332371609925,0.822538860103627,2574756932.07083,0.6354558627301813,0.8056447819320347
node,lscc,0,20260905,0.04,0.03981534910559723,69,0.0716040716040716,0.03981534910559723,0.0005166914643003143,0.769083096640576,0.23091690335942405,0.6508944027697634,0.7305699481865285,3283126995.1332936,1.085404344541351,0.663681294483466
node,lscc,0,20260905,0.06,0.06001154068090017,104,0.10565110565110565,0.06001154068090017,0.0004624939192833267,0.6884113251251963,0.3115886748748037,0.601269474899019,0.6748704663212436,3801004010.905409,1.4143538430621754,0.586175037505923
node,lscc,0,20260905,0.08,0.08020773225620312,139,0.14426114426114425,0.08020773225620312,0.0003737000003764926,0.5562436644726326,0.4437563355273674,0.5401038661281016,0.6062176165803109,4258200112.9933786,1.7047595261243726,0.5006496197041252
node,lscc,0,20260905,0.1,0.0998268897864974,173,0.17725517725517725,0.0998268897864974,0.0003143494585465891,0.46790177835370916,0.5320982216462908,0.4425851125216388,0.4967616580310881,4840174905.77549,2.074423192220875,0.3767600832396468
node,lscc,0,20260905,0.12,0.12002308136180034,208,0.21095121095121094,0.12002308136180034,0.00029260778379971124,0.4355398066630712,0.5644601933369289,0.3929601846508944,0.4410621761658031,5127356342.500538,2.256837523651185,0.31896381480662334
node,lscc,0,20260905,0.14,0.1402192729371033,243,0.24113724113724114,0.1402192729371033,0.00026022648339671286,0.38734100233230734,0.6126589976676926,0.20542412002308136,0.2305699481865285,5590235441.015377,2.550852980400533,0.19219703928465942
node,lscc,0,20260905,0.16,0.15983843046739757,277,0.2751842751842752,0.15983843046739757,0.00023486058272827022,0.34958445556685835,0.6504155444331416,0.1765724177726486,0.19818652849740934,5794366968.127552,2.6805149685382497,0.14646660409785878
node,lscc,0,20260905,0.18,0.18003462204270052,312,0.31133731133731135,0.18003462204270052,0.00020407509897543813,0.3037609868005061,0.6962390131994939,0.07039815349105598,0.07901554404145078,6124138563.539476,2.889982076815747,0.06521260285647693
node,lscc,0,20260905,0.2,0.20023081361800346,347,0.34503334503334504,0.20023081361800346,0.0001954017699347787,0.29085094044275184,0.7091490595572482,0.06289671090594345,0.0705958549222798,6229128443.960611,2.9566704361413727,0.040627289212121304
node,lscc,0,20260905,0.22,0.21984997114829774,381,0.36995436995437,0.21984997114829774,0.0001835661816138916,0.2732339454944857,0.7267660545055143,0.06289671090594345,0.0705958549222798,6250109667.492853,2.9699974669789824,0.03626100957810762
node,lscc,0,20260905,0.24,0.2400461627236007,416,0.3990873990873991,0.2400461627236007,0.00018180394652094565,0.27061089999067256,0.7293891000093274,0.04327755337564916,0.048575129533678756,6262385096.099886,2.977794677439059,0.03367165413911419
node,lscc,0,20260905,0.26,0.26024235429890363,451,0.43383643383643383,0.26024235429890363,0.0001808641149847606,0.26921198284550846,0.7307880171544916,0.04096941719561454,0.04598445595854922,6269263746.06632,2.982163916443778,0.03222081853157666
node,lscc,0,20260905,0.28,0.27986151182919794,485,0.4650754650754651,0.27986151182919794,0.00017842067728360592,0.2655749832751805,0.7344250167248195,0.03923831506058857,0.04404145077720207,6278303320.570864,2.9879057497546806,0.030204085742428638
node,lscc,0,20260905,0.3,0.3000577034045009,520,0.49526149526149527,0.3000577034045009,0.00017706434405181614,0.26355611314851024,0.7364438868514898,0.03289094056549336,0.036917098445595854,6283119821.877668,2.9909651357502844,0.029198887902353712
node,lscc,0,20260905,0.32,0.32025389497980383,555,0.5240435240435241,0.32025389497980383,0.00017305167176746565,0.2575833447954833,0.7424166552045167,0.03289094056549336,0.036917098445595854,6293235895.480907,2.9973907488542446,0.027081537323831874
node,lscc,0,20260905,0.34,0.3398730525100981,589,0.5531765531765532,0.3398730525100981,0.00016314527011164015,0.2428378988409139,0.7571621011590861,0.031159838430467397,0.034974093264248704,6348684378.1047735,3.0326109845421856,0.015442673636952923
node,lscc,0,20260905,0.36,0.36006924408540103,624,0.5795015795015795,0.36006924408540103,0.0001624413356472814,0.24179010894097008,0.7582098910590299,0.026543566070398154,0.02979274611398964,6349878707.266572,3.033369608630294,0.015196373955511704
node,lscc,0,20260905,0.38,0.380265435660704,659,0.6065286065286065,0.380265435660704,0.00015972667334628924,0.2377493979305652,0.7622506020694348,0.015002885170225043,0.01683937823834197,6360230052.966756,3.0399446638526513,0.013055770079726964
node,lscc,0,20260905,0.4,0.3998845931909983,693,0.6342576342576343,0.3998845931909983,0.0001580317310077027,0.23522651610949127,0.7647734838905087,0.015002885170225043,0.01683937823834197,6366229505.737336,3.043755446954001,0.011818537201657384
node,od_eff,0,20260905,0.0,0.0,0,0.0,0.0,0.0006718278773220594,1.0,0.0,0.8909405654933641,1.0,1574335933.3296878,0.0,1.0
node,od_eff,0,20260905,0.02,0.020196191575302943,35,0.036504036504036504,0.020196191575302943,0.00030659651825625124,0.45636170901148193,0.543638290988518,0.8413156376226197,0.944300518134715,3202875721.2813253,1.034429662357582,0.6742361143211985
node,od_eff,0,20260905,0.04,0.03981534910559723,69,0.07932607932607932,0.03981534910559723,0.00017159121749351334,0.2554094929455515,0.7445905070544485,0.740334679746105,0.8309585492227979,4538728377.816595,1.882947839612146,0.399799706780553
node,od_eff,0,20260905,0.06,0.06001154068090017,104,0.11512811512811513,0.06001154068090017,0.000135197997731438,0.2012390409733282,0.7987609590266718,0.7155222158107328,0.8031088082901554,4940731801.108289,2.1382957706229466,0.3155983963586759
node,od_eff,0,20260905,0.08,0.08020773225620312,139,0.14917514917514918,0.08020773225620312,9.439884647328544e-05,0.1405104635573685,0.8594895364426315,0.6780150028851702,0.7610103626943006,5386675112.890802,2.421553811261931,0.22547151218789416
node,od_eff,0,20260905,0.1,0.0998268897864974,173,0.18041418041418042,0.0998268897864974,6.366661437915635e-05,0.09476625863299208,0.905233741367008,0.6410848240046163,0.719559585492228,5652322911.369598,2.5902902244091277,0.17560466883621337
node,od_eff,0,20260905,0.12,0.12002308136180034,208,0.21200421200421202,0.12002308136180034,4.261108412400656e-05,0.06342559688629854,0.9365744031137014,0.45585689555683784,0.5116580310880829,5916650708.574696,2.7581881879943513,0.11357976726753083
node,od_eff,0,20260905,0.14,0.1402192729371033,243,0.2435942435942436,0.1402192729371033,3.164627513580618e-05,0.04710473650178059,0.9528952634982194,0.41546451240623195,0.46632124352331605,6029043301.201006,2.8295786646054024,0.08735099917291259
node,od_eff,0,20260905,0.16,0.15983843046739757,277,0.2685152685152685,0.15983843046739757,2.643055235218186e-05,0.039341255765591936,0.9606587442344081,0.396999422965955,0.44559585492227977,6095588422.83661,2.87184735721846,0.07754838506895398
node,od_eff,0,20260905,0.18,0.18003462204270052,312,0.28992628992628994,0.18003462204270052,2.1536695502395566e-05,0.032056864904507903,0.9679431350954921,0.3929601846508944,0.4410621761658031,6148818142.08679,2.905658260039944,0.06591965897830364
node,od_eff,0,20260905,0.2,0.20023081361800346,347,0.31695331695331697,0.20023081361800346,1.4764767781236061e-05,0.021977009706845133,0.9780229902931549,0.36526255049047895,0.4099740932642487,6234022055.202667,2.959778801477166,0.047476158872052886
node,od_eff,0,20260905,0.22,0.21984997114829774,381,0.34713934713934713,0.21984997114829774,1.1302823939285038e-05,0.01682398769211346,0.9831760123078865,0.3421811886901327,0.38406735751295334,6283907429.007078,2.9914654147013873,0.03524212805414272
node,od_eff,0,20260905,0.24,0.2400461627236007,416,0.3783783783783784,0.2400461627236007,7.12591773528375e-06,0.010606761011001846,0.9893932389889981,0.24697057126370456,0.2772020725388601,6338107812.637172,3.0258928723250347,0.02164789509342903
node,od_eff,0,20260905,0.26,0.26024235429890363,451,0.4032994032994033,0.26024235429890363,3.7065132012096486e-06,0.00551705775590022,0.9944829422440998,0.14829774956722447,0.16645077720207255,6389757063.31694,3.058699879766281,0.008287532980492791
node,od_eff,0,20260905,0.28,0.27986151182919794,485,0.42295542295542293,0.27986151182919794,3.1825092717618315e-06,0.004737090226811483,0.9952629097731885,0.14310444316214657,0.1606217616580311,6395075450.40487,3.0620780578128697,0.006793107909373945
node,od_eff,0,20260905,0.3,0.3000577034045009,520,0.4485784485784486,0.3000577034045009,2.501960393368415e-06,0.003724109221756856,0.9962758907782432,0.12117714945181765,0.1360103626943005,6401451751.539592,3.066128210642219,0.005418973634087858
node,od_eff,0,20260905,0.32,0.32025389497980383,555,0.4756054756054756,0.32025389497980383,1.948402489107885e-06,0.0029001512960050396,0.9970998487039949,0.09924985574148874,0.11139896373056994,6408891803.809758,3.0708540459056186,0.0038304940011776954
node,od_eff,0,20260905,0.34,0.3398730525100981,589,0.4987714987714988,0.3398730525100981,9.030741893767951e-07,0.001344204698644682,0.9986557953013553,0.08193883439122908,0.09196891191709844,6420269683.069389,3.0780811433876454,0.0007755536548736862
node,od_eff,0,20260905,0.36,0.36006924408540103,624,0.5240435240435241,0.36006924408540103,3.1251280881498244e-07,0.0004651679684098175,0.9995348320315902,0.08020773225620312,0.0900259067357513,6421343460.42547,3.078763194361233,0.0005364552556726566
node,od_eff,0,20260905,0.38,0.380265435660704,659,0.5475605475605475,0.380265435660704,2.578290176712645e-07,0.0003837724309669678,0.999616227569033,0.06866705135603,0.07707253886010362,6422175037.730905,3.0792914026602554,0.00027969971061881206
node,od_eff,0,20260905,0.4,0.3998845931909983,693,0.5703755703755704,0.3998845931909983,2.578290176712645e-07,0.0003837724309669678,0.999616227569033,0.06405077899596076,0.07189119170984457,6422175037.730905,3.0792914026602554,0.00027969971061881206
node,odbc,0,20260905,0.0,0.0,0,0.0,0.0,0.0006718278773220594,1.0,0.0,0.8909405654933641,1.0,1574335933.3296878,0.0,1.0
node,odbc,0,20260905,0.02,0.020196191575302943,35,0.04317304317304317,0.020196191575302943,0.0005454253942977305,0.8118528758762205,0.18814712412377954,0.8216964800923254,0.922279792746114,2508550378.141943,0.5934022244136999,0.8390642750482913
node,odbc,0,20260905,0.04,0.03981534910559723,69,0.07686907686907687,0.03981534910559723,0.0004790112003121659,0.7129969095976328,0.28700309040236716,0.7645701096364685,0.8581606217616581,3292174135.2556334,1.0911509834452888,0.6869359020730567
node,odbc,0,20260905,0.06,0.06001154068090017,104,0.11091611091611092,0.06001154068090017,0.00040416790648663953,0.6015944263844389,0.39840557361556106,0.7114829774956722,0.7985751295336788,3878021738.987603,1.4632746143230482,0.5778931063764117
node,odbc,0,20260905,0.08,0.08020773225620312,139,0.14215514215514216,0.08020773225620312,0.00031576866624319393,0.4700142356430105,0.5299857643569895,0.6676283900750144,0.7493523316062176,4450137032.42822,1.8266756403230104,0.4920902246531714
node,odbc,0,20260905,0.1,0.0998268897864974,173,0.17374517374517376,0.0998268897864974,0.0002922309997925863,0.43497897252706186,0.5650210274729381,0.6156953260242354,0.6910621761658031,4709167627.900937,1.991208882554783,0.4409681726947987
node,odbc,0,20260905,0.12,0.12002308136180034,208,0.20252720252720252,0.12002308136180034,0.0002532965531416096,0.37702596407767824,0.6229740359223217,0.5718407386035776,0.641839378238342,5025519816.964819,2.1921521389249805,0.36219625563513264
node,odbc,0,20260905,0.14,0.1402192729371033,243,0.2270972270972271,0.1402192729371033,0.0002406338822668876,0.35817787619362673,0.6418221238063733,0.5435660703981535,0.6101036269430052,5171388390.167604,2.2848061717236074,0.3240581632314932
node,odbc,0,20260905,0.16,0.15983843046739757,277,0.25833625833625834,0.15983843046739757,0.0001976548848404923,0.2942046490067588,0.7057953509932412,0.30755914598961337,0.34520725388601037,5606683910.890965,2.5613008584724004,0.20142727729760732
node,odbc,0,20260905,0.18,0.18003462204270052,312,0.28782028782028785,0.18003462204270052,0.00014666510466163565,0.21830756003494575,0.7816924399650542,0.28332371609924983,0.3180051813471502,5998478145.264376,2.8101640306066815,0.10445821412737133
node,odbc,0,20260905,0.2,0.20023081361800346,347,0.31554931554931553,0.20023081361800346,0.0001342131591325297,0.1997731318734648,0.8002268681265352,0.15233698788228506,0.17098445595854922,6159905686.849982,2.9127009404034303,0.0636141823390746
node,odbc,0,20260905,0.22,0.21984997114829774,381,0.3432783432783433,0.21984997114829774,0.00012739694162711647,0.18962735237324072,0.8103726476267593,0.14829774956722447,0.16645077720207255,6200545748.052507,2.938515037853758,0.055086279238494414
node,odbc,0,20260905,0.24,0.2400461627236007,416,0.36644436644436645,0.2400461627236007,0.00012185264581532965,0.18137479840973644,0.8186252015902635,0.08020773225620312,0.0900259067357513,6278159129.944394,2.9878141615342653,0.031859038210898166
node,odbc,0,20260905,0.26,0.26024235429890363,451,0.39241839241839244,0.26024235429890363,0.00011902931838651306,0.1771723419113986,0.8228276580886014,0.08020773225620312,0.0900259067357513,6305128518.073163,3.0049448053554535,0.025998161698162894
node,odbc,0,20260905,0.28,0.27986151182919794,485,0.4155844155844156,0.27986151182919794,0.00011361072654231587,0.16910689534821643,0.8308931046517836,0.06982111944604731,0.0783678756476684,6318018846.037536,3.0131325927847286,0.022785610083108577
node,odbc,0,20260905,0.3,0.3000577034045009,520,0.44155844155844154,0.3000577034045009,0.0001095284518407299,0.1630305254335619,0.8369694745664381,0.06693594922100404,0.07512953367875648,6335377360.692075,3.0241585207884336,0.018861814877311398
node,odbc,0,20260905,0.32,0.32025389497980383,555,0.46367146367146367,0.32025389497980383,0.00010894880301005514,0.16216773177726815,0.8378322682227318,0.06693594922100404,0.07512953367875648,6341691772.723186,3.0281693623740384,0.017153358231470142
node,odbc,0,20260905,0.34,0.3398730525100981,589,0.48964548964548965,0.3398730525100981,0.00010393487291520541,0.15470461471395797,0.8452953852860421,0.06693594922100404,0.07512953367875648,6371789614.20408,3.0472871636283347,0.010782249073887971
node,odbc,0,20260905,0.36,0.36006924408540103,624,0.5149175149175149,0.36006924408540103,8.951970629857424e-05,0.1332479781211289,0.8667520218788711,0.03346797461050202,0.03756476683937824,6379343795.883061,3.052085492573927,0.009125490776206934
node,odbc,0,20260905,0.38,0.380265435660704,659,0.5366795366795367,0.380265435660704,8.91904162102725e-05,0.13275783756665488,0.8672421624333451,0.031736872475476054,0.03562176165803109,6381424324.656212,3.0534070204188453,0.008695510369736256
node,odbc,0,20260905,0.4,0.3998845931909983,693,0.5616005616005616,0.3998845931909983,8.734734298140172e-05,0.1300144663981089,0.8699855336018911,0.027120600115406807,0.030440414507772018,6387734733.577379,3.057415319275253,0.007378368748026248
node,random,1,20360906,0.0,0.0,0,0.0,0.0,0.0006718278773220594,1.0,0.0,0.8909405654933641,1.0,1574335933.3296878,0.0,1.0
node,random,1,20360906,0.02,0.020196191575302943,35,0.04141804141804142,0.020196191575302943,0.0006006314859150002,0.8940258452941077,0.10597415470589233,0.8528563185227929,0.9572538860103628,2138122821.404851,0.35811091911163173,0.8972415940702746
node,random,1,20360906,0.04,0.03981534910559723,69,0.08037908037908038,0.03981534910559723,0.0005491454551005357,0.8173900989185771,0.18260990108142294,0.7991921523369879,0.8970207253886011,2674925908.7051167,0.6990820396557321,0.7919846114229511
node,random,1,20360906,0.06,0.06001154068090017,104,0.11407511407511407,0.06001154068090017,0.0005066227839691915,0.7540961026931722,0.24590389730682782,0.727062896710906,0.8160621761658031,3146765529.875968,0.9987891168949083,0.7009190121622383
node,random,1,20360906,0.08,0.08020773225620312,139,0.15408915408915408,0.08020773225620312,0.00045221497613301046,0.6731113599149275,0.32688864008507246,0.6635891517599538,0.7448186528497409,3708074681.5640936,1.3553262064733493,0.5972799114033717
node,random,1,20360906,0.1,0.0998268897864974,173,0.18743418743418744,0.0998268897864974,0.00035530820694760487,0.5288679123645207,0.4711320876354793,0.5562608193883439,0.6243523316062176,4217802488.4531426,1.6790994216415922,0.5069004333737255
node,random,1,20360906,0.12,0.12002308136180034,208,0.22358722358722358,0.12002308136180034,0.00031752728489402765,0.47263189815776596,0.527368101842234,0.447201384881708,0.5019430051813472,4661515671.930231,1.9609409105407523,0.4269421698412555
node,random,1,20360906,0.14,0.1402192729371033,243,0.2597402597402597,0.1402192729371033,0.0002774987207109214,0.41305032148568416,0.5869496785143158,0.2815926139642239,0.3160621761658031,5225691210.400704,2.319298695894259,0.28447245840683844
node,random,1,20360906,0.16,0.15983843046739757,277,0.2916812916812917,0.15983843046739757,0.0002309552693611028,0.3437714884379351,0.656228511562065,0.07963069821119446,0.08937823834196892,5854331072.854049,2.7186034752267005,0.1223341147097618
node,random,1,20360906,0.18,0.18003462204270052,312,0.32643032643032643,0.18003462204270052,0.00018558133730561794,0.2762334573631489,0.7237665426368511,0.07616849394114253,0.08549222797927461,6010279091.243541,2.8176598551821943,0.08871627195687104
node,random,1,20360906,0.2,0.20023081361800346,347,0.3590733590733591,0.20023081361800346,0.00017701630391297698,0.26348460653132333,0.7365153934686767,0.06289671090594345,0.0705958549222798,6100691109.773757,2.8750885250207823,0.06913701456643172
node,random,1,20360906,0.22,0.21984997114829774,381,0.38996138996138996,0.21984997114829774,0.0001251955487495985,0.1863506308321626,0.8136493691678374,0.058280438545874204,0.06541450777202072,6250739801.51018,2.970397720828232,0.03631162984234893
node,random,1,20360906,0.24,0.2400461627236007,416,0.4190944190944191,0.2400461627236007,0.00011941921088313412,0.17775268772582833,0.8222473122741717,0.05135603000577034,0.05764248704663213,6283041304.615408,2.9909152624922344,0.02930061203397057
node,random,1,20360906,0.26,0.26024235429890363,451,0.45279045279045277,0.26024235429890363,0.00011258977056134602,0.1675872263743128,0.8324127736256872,0.04904789382573572,0.05505181347150259,6314987890.240017,3.011207364672131,0.02245642381858969
node,random,1,20360906,0.28,0.27986151182919794,485,0.4822744822744823,0.27986151182919794,8.987033332808912e-05,0.13376987821094433,0.8662301217890557,0.02308136180034622,0.02590673575129534,6342295427.407287,3.0285527968566806,0.0168271137592247
node,random,1,20360906,0.3,0.3000577034045009,520,0.5131625131625132,0.3000577034045009,8.96871235358735e-05,0.13349717474269007,0.8665028252573099,0.02308136180034622,0.02590673575129534,6342904587.711602,3.0289397284456885,0.016701490108979408
node,random,1,20360906,0.32,0.32025389497980383,555,0.5415935415935416,0.32025389497980383,8.618968229256832e-05,0.1282913156806247,0.8717086843193753,0.020196191575302943,0.02266839378238342,6358170510.149518,3.0386364660445238,0.013543392811625582
node,random,1,20360906,0.34,0.3398730525100981,589,0.5675675675675675,0.3398730525100981,8.618968229256832e-05,0.1282913156806247,0.8717086843193753,0.016156953260242354,0.018134715025906734,6358170510.149518,3.0386364660445238,0.013543392811625582
node,random,1,20360906,0.36,0.36006924408540103,624,0.5935415935415935,0.36006924408540103,8.605189096910735e-05,0.12808621653527483,0.8719137834647251,0.016156953260242354,0.018134715025906734,6359005791.159635,3.03916702689398,0.013353129518483156
node,random,1,20360906,0.38,0.380265435660704,659,0.6212706212706213,0.380265435660704,7.955125464343203e-05,0.11841017220143862,0.8815898277985614,0.009809578765147143,0.011010362694300517,6377822417.148145,3.0511191303746603,0.009456763255903783
node,random,1,20360906,0.4,0.3998845931909983,693,0.6482976482976482,0.3998845931909983,4.15841895929055e-05,0.06189708852014631,0.9381029114798537,0.009809578765147143,0.011010362694300517,6399214069.296165,3.064706860728231,0.005045285015164299
node,random,2,20360907,0.0,0.0,0,0.0,0.0,0.0006718278773220594,1.0,0.0,0.8909405654933641,1.0,1574335933.3296878,0.0,1.0
node,random,2,20360907,0.02,0.020196191575302943,35,0.03931203931203931,0.020196191575302943,0.0006006657357667044,0.8940768253931187,0.10592317460688128,0.8413156376226197,0.944300518134715,2095465572.4506457,0.3310155273015839,0.9015708938772988
node,random,2,20360907,0.04,0.03981534910559723,69,0.08037908037908038,0.03981534910559723,0.0005154386626589728,0.7672183308521492,0.2327816691478508,0.7564916330063474,0.8490932642487047,2961532798.956362,0.881131425802358,0.7309042665003225
node,random,2,20360907,0.06,0.06001154068090017,104,0.12039312039312039,0.06001154068090017,0.00044191889576425576,0.6577858863579275,0.34221411364207255,0.6589728793998846,0.7396373056994818,3550335299.07951,1.2551319727363555,0.6230014547747964
node,random,2,20360907,0.08,0.08020773225620312,139,0.1547911547911548,0.08020773225620312,0.0003960085965116086,0.5894494853207333,0.41055051467926673,0.6001154068090018,0.6735751295336788,3950698389.206273,1.5094379830679643,0.5650312297269655
node,random,2,20360907,0.1,0.0998268897864974,173,0.1898911898911899,0.0998268897864974,0.00036119051112571115,0.5376235838343524,0.4623764161656476,0.5308713214079631,0.5958549222797929,4371423651.100508,1.7766778097067486,0.4973478003806657
node,random,2,20360907,0.12,0.12002308136180034,208,0.22639522639522638,0.12002308136180034,0.00032914449795784414,0.489923846670119,0.510076153329881,0.45412579342181186,0.5097150259067358,4751420046.208281,2.018047130614065,0.4118998677005779
node,random,2,20360907,0.14,0.1402192729371033,243,0.26114426114426115,0.1402192729371033,0.0002927617077772859,0.43576891888477326,0.5642310811152267,0.3554529717253318,0.3989637305699482,5190480589.130407,2.2969333159744685,0.3081934356002379
node,random,2,20360907,0.16,0.15983843046739757,277,0.29343629343629346,0.15983843046739757,0.00026901560351784773,0.4004234009909768,0.5995765990090232,0.28620888632429314,0.3212435233160622,5489593689.574614,2.486926502378839,0.2421425267368452
node,random,2,20360907,0.18,0.18003462204270052,312,0.3281853281853282,0.18003462204270052,0.000191719605238724,0.28537012486431534,0.7146298751356847,0.2533179457587998,0.28432642487046633,5815778540.991234,2.6941153523003076,0.16395742262479868
node,random,2,20360907,0.2,0.20023081361800346,347,0.36117936117936117,0.20023081361800346,0.00017020157490202413,0.2533410426201074,0.7466589573798925,0.06982111944604731,0.0783678756476684,6075185358.710353,2.858887566557324,0.08760310909423265
node,random,2,20360907,0.22,0.21984997114829774,381,0.3906633906633907,0.21984997114829774,0.00016082405839497194,0.23938282977483005,0.76061717022517,0.031736872475476054,0.03562176165803109,6196583282.235836,2.935998125336688,0.049101536189489696
node,random,2,20360907,0.24,0.2400461627236007,416,0.4201474201474201,0.2400461627236007,0.0001547236596382976,0.23030252965243733,0.7696974703475626,0.030005770340450086,0.03367875647668394,6262998958.362782,2.978184595657846,0.03563727187557931
node,random,2,20360907,0.26,0.26024235429890363,451,0.44963144963144963,0.26024235429890363,5.464158485680395e-05,0.08133271437709333,0.9186672856229067,0.02308136180034622,0.02590673575129534,6351065705.013361,3.0341235758882723,0.015407565691816285
node,random,2,20360907,0.28,0.27986151182919794,485,0.4801684801684802,0.27986151182919794,5.3401725061174335e-05,0.0794872122217321,0.920512787778268,0.02308136180034622,0.02590673575129534,6357822928.897705,3.0384156864482166,0.013829988262712981
node,random,2,20360907,0.3,0.3000577034045009,520,0.5082485082485082,0.3000577034045009,5.204544276696031e-05,0.0774684179144458,0.9225315820855542,0.013271783035199077,0.01489637305699482,6369531619.379187,3.0458529113972257,0.011118831552907655
node,random,2,20360907,0.32,0.32025389497980383,555,0.5363285363285363,0.32025389497980383,5.041536624175436e-05,0.07504208733152398,0.924957912668476,0.01154068090017311,0.01295336787564767,6373736245.979354,3.0485236416468204,0.010251173337872423
node,random,2,20360907,0.34,0.3398730525100981,589,0.5612495612495613,0.3398730525100981,5.021977207548237e-05,0.07475095001365674,0.9252490499863433,0.01154068090017311,0.01295336787564767,6373971087.830081,3.048672810477789,0.010202743244332646
node,random,2,20360907,0.36,0.36006924408540103,624,0.59003159003159,0.36006924408540103,4.823051480730939e-05,0.07178998733955297,0.928210012660447,0.01154068090017311,0.01295336787564767,6378013710.307153,3.051240637579672,0.009369056300953095
node,random,2,20360907,0.38,0.380265435660704,659,0.6135486135486136,0.380265435660704,4.6615663369318244e-05,0.06938631894099227,0.9306136810590078,0.01154068090017311,0.01295336787564767,6379977062.100991,3.05248773596082,0.008964165474498572
node,random,2,20360907,0.4,0.3998845931909983,693,0.6346086346086346,0.3998845931909983,3.866784332291348e-05,0.057556175663691575,0.9424438243363085,0.01154068090017311,0.01295336787564767,6390404742.261264,3.059111277950501,0.006813230977732159
node,random,3,20360908,0.0,0.0,0,0.0,0.0,0.0006718278773220594,1.0,0.0,0.8909405654933641,1.0,1574335933.3296878,0.0,1.0
node,random,3,20360908,0.02,0.020196191575302943,35,0.0343980343980344,0.020196191575302943,0.0006211313896917403,0.9245394700910627,0.07546052990893726,0.8338141950375072,0.935880829015544,2046092999.3835573,0.2996546391824476,0.9149606981609395
node,random,3,20360908,0.04,0.03981534910559723,69,0.07125307125307126,0.03981534910559723,0.0005578902342184411,0.830406497036444,0.16959350296355602,0.7766878245816503,0.8717616580310881,2470063024.4928493,0.5689555019358018,0.8502626842688694
node,random,3,20360908,0.06,0.06001154068090017,104,0.11196911196911197,0.06001154068090017,0.0004431304310192937,0.6595892281005583,0.3404107718994417,0.6468551644547028,0.7260362694300518,3490590230.2250257,1.2171825951037654,0.6593214693389933
node,random,3,20360908,0.08,0.08020773225620312,139,0.151983151983152,0.08020773225620312,0.00034104994177584633,0.5076448198834633,0.4923551801165367,0.5591459896133872,0.6275906735751297,4264656041.0276427,1.7088602570405567,0.4947870092427709
node,random,3,20360908,0.1,0.0998268897864974,173,0.18673218673218672,0.0998268897864974,0.0003012399673541025,0.4483886089318898,0.5516113910681102,0.48182342758222735,0.5408031088082902,4750555001.625375,2.0174976642869664,0.3788353423109014
node,random,3,20360908,0.12,0.12002308136180034,208,0.22674622674622674,0.12002308136180034,0.00025269251281551943,0.37612686425392894,0.6238731357460711,0.4275822273514137,0.4799222797927461,5170591655.569567,2.2843000951098618,0.29426560470981905
node,random,3,20360908,0.14,0.1402192729371033,243,0.2625482625482625,0.1402192729371033,0.00013459936689769346,0.20034799305175233,0.7996520069482477,0.36930178880553954,0.4145077720207254,5438743838.0337305,2.4546272640369073,0.24170088118755728
node,random,3,20360908,0.16,0.15983843046739757,277,0.29694629694629693,0.15983843046739757,0.00010935660411059044,0.16277473412757373,0.8372252658724263,0.3035199076745528,0.34067357512953367,5717495316.327973,2.631686983244795,0.18253462013111169
node,random,3,20360908,0.18,0.18003462204270052,312,0.3288873288873289,0.18003462204270052,7.565011731023384e-05,0.11260342100089553,0.8873965789991045,0.15983843046739757,0.1794041450777202,6078650300.437264,2.8610884575193842,0.08100743413836706
node,random,3,20360908,0.2,0.20023081361800346,347,0.36117936117936117,0.20023081361800346,5.93430730590355e-05,0.08833076902908532,0.9116692309709147,0.09867282169648009,0.11075129533678757,6238806450.416423,2.9628177940533162,0.043058397307325254
node,random,3,20360908,0.22,0.21984997114829774,381,0.39276939276939277,0.21984997114829774,4.3446480025379686e-05,0.06466906404443888,0.9353309359555612,0.04731679169070975,0.05310880829015544,6301349714.226154,3.0025445528000687,0.028367984398167196
node,random,3,20360908,0.24,0.2400461627236007,416,0.42295542295542293,0.2400461627236007,3.8133357660511494e-05,0.05676060632153734,0.9432393936784627,0.04385458742065782,0.04922279792746114,6337675369.018038,3.0256181891332337,0.018347845764279305
node,random,3,20360908,0.26,0.26024235429890363,451,0.4541944541944542,0.26024235429890363,3.652282845427085e-05,0.05436337146331696,0.9456366285366831,0.038084246970571264,0.042746113989637305,6348708055.976794,3.032626024452995,0.01597807189948532
node,random,3,20360908,0.28,0.27986151182919794,485,0.4826254826254826,0.27986151182919794,3.524372558366808e-05,0.052459456913504975,0.947540543086495,0.025966532025389497,0.029145077720207253,6353289670.767707,3.0355362132468326,0.01500514274017371
node,random,3,20360908,0.3,0.3000577034045009,520,0.5135135135135135,0.3000577034045009,3.294181006647703e-05,0.04903310978666855,0.9509668902133315,0.02308136180034622,0.02590673575129534,6360374476.020459,3.0400363997081605,0.013731801335614148
node,random,3,20360908,0.32,0.32025389497980383,555,0.5440505440505441,0.32025389497980383,3.1227124105328015e-05,0.046480840047604076,0.9535191599523959,0.02308136180034622,0.02590673575129534,6377990931.994956,3.0512261690588725,0.009869538755828713
node,random,3,20360908,0.34,0.3398730525100981,589,0.5728325728325728,0.3398730525100981,3.049468453640663e-05,0.04539062096970435,0.9546093790302956,0.022504327755337564,0.025259067357512953,6379740186.510518,3.0523372753218556,0.009482180565853404
node,random,3,20360908,0.36,0.36006924408540103,624,0.5991575991575991,0.36006924408540103,2.7590614825029967e-05,0.04106798148211352,0.9589320185178865,0.009232544720138488,0.010362694300518135,6403562410.972952,3.067468877134469,0.0041015010935821
node,random,3,20360908,0.38,0.380265435660704,659,0.6244296244296245,0.380265435660704,2.710395232986456e-05,0.040343595800016986,0.959656404199983,0.009232544720138488,0.010362694300518135,6404414606.711781,3.0680101820242243,0.0039257576338118895
node,random,3,20360908,0.4,0.3998845931909983,693,0.6479466479466479,0.3998845931909983,1.0165938969189909e-05,0.015131761143511738,0.9848682388564882,0.008655510675129832,0.009715025906735751,6411328489.34765,3.0724018004136022,0.0024967893185674174
node,random,4,20360909,0.0,0.0,0,0.0,0.0,0.0006718278773220594,1.0,0.0,0.8909405654933641,1.0,1574335933.3296878,0.0,1.0
node,random,4,20360909,0.02,0.020196191575302943,35,0.03896103896103896,0.020196191575302943,0.0006286903876504634,0.9357908608324735,0.06420913916752646,0.8338141950375072,0.935880829015544,1942905453.1107736,0.23411110168943983,0.9402305357006134
node,random,4,20360909,0.04,0.03981534910559723,69,0.07616707616707617,0.03981534910559723,0.0005933937161722564,0.8832525951997622,0.11674740480023782,0.7991921523369879,0.8970207253886011,2312368593.8748884,0.46878982110525597,0.8774887604141609
node,random,4,20360909,0.06,0.06001154068090017,104,0.11547911547911548,0.06001154068090017,0.0005096084331403171,0.7585401712885785,0.24145982871142146,0.7132140796306982,0.8005181347150259,3002337605.2606497,0.9070501674383865,0.7432245535537908
node,random,4,20360909,0.08,0.08020773225620312,139,0.15373815373815375,0.08020773225620312,0.0004182521409438167,0.6225584782384908,0.37744152176150925,0.6405077899596077,0.7189119170984457,3528973602.271805,1.2415632696689447,0.6455989362041641
node,random,4,20360909,0.1,0.0998268897864974,173,0.18883818883818884,0.0998268897864974,0.0003656118362992908,0.5442046224051292,0.45579537759487077,0.5851125216387767,0.6567357512953368,4099631883.2428684,1.604038818177917,0.5331865401832099
node,random,4,20360909,0.12,0.12002308136180034,208,0.2256932256932257,0.12002308136180034,0.00033192680946268126,0.4940652519299418,0.5059347480700582,0.5129832660126947,0.5757772020725388,4438099954.307414,1.8190298273386447,0.4877598597933592
node,random,4,20360909,0.14,0.1402192729371033,243,0.26114426114426115,0.1402192729371033,0.0002749413150219933,0.4092436832450651,0.5907563167549349,0.309867282169648,0.34779792746113986,5238264151.708688,2.3272848829854675,0.30056773287396377
node,random,4,20360909,0.16,0.15983843046739757,277,0.29484029484029484,0.15983843046739757,0.00024449153962469557,0.3639199084730623,0.6360800915269377,0.09867282169648009,0.11075129533678757,5608763276.511776,2.5626216474963877,0.18452474885916317
node,random,4,20360909,0.18,0.18003462204270052,312,0.3274833274833275,0.18003462204270052,0.00020673631472157213,0.30772214387059044,0.6922778561294096,0.07674552798615118,0.086139896373057,5882409668.435701,2.736438674809719,0.12114579171540524
node,random,4,20360909,0.2,0.20023081361800346,347,0.3618813618813619,0.20023081361800346,0.00017613105804298987,0.2621669388669273,0.7378330611330727,0.05770340450086555,0.06476683937823834,6072515384.488952,2.857191629772248,0.07973033167751813
node,random,4,20360909,0.22,0.21984997114829774,381,0.3934713934713935,0.21984997114829774,0.00014374764912185965,0.21396499605649769,0.7860350039435023,0.029428736295441432,0.033031088082901554,6215507336.131397,2.948018465783048,0.050821427975596495
node,random,4,20360909,0.24,0.2400461627236007,416,0.41944541944541947,0.2400461627236007,0.00014233986160336754,0.2118695374338165,0.7881304625661835,0.017311021350259664,0.019430051813471502,6233802333.808467,2.9596392369855296,0.04514538680789361
node,random,4,20360909,0.26,0.26024235429890363,451,0.4492804492804493,0.26024235429890363,0.00013841648935988832,0.2060296900920867,0.7939703099079133,0.013271783035199077,0.01489637305699482,6253745313.105494,2.9723067870774895,0.04084819302734365
node,random,4,20360909,0.28,0.27986151182919794,485,0.47806247806247804,0.27986151182919794,0.0001242311279459378,0.184915113140481,0.815084886859519,0.012117714945181766,0.013601036269430053,6334985743.696505,3.0239097701963398,0.01873035486456491
node,random,4,20360909,0.3,0.3000577034045009,520,0.5075465075465075,0.3000577034045009,0.00012030031153216938,0.17906418532629612,0.8209358146737039,0.012117714945181766,0.013601036269430053,6352860871.698326,3.0352638450309377,0.014940427643251182
node,random,4,20360909,0.32,0.32025389497980383,555,0.5345735345735346,0.32025389497980383,0.00011756908708685647,0.17499882195346364,0.8250011780465364,0.009232544720138488,0.010362694300518135,6361215278.552091,3.040570467764305,0.013132419137827006
node,random,4,20360909,0.34,0.3398730525100981,589,0.563004563004563,0.3398730525100981,0.00011718657998891677,0.17442946913133248,0.8255705308686675,0.009232544720138488,0.010362694300518135,6370012192.5835,3.046158165945597,0.011066272718223453
node,random,4,20360909,0.36,0.36006924408540103,624,0.59003159003159,0.36006924408540103,0.00011546095172703593,0.1718609120348939,0.828139087965106,0.008655510675129832,0.009715025906735751,6372979946.885165,3.0480432491980567,0.010454249699381019
node,random,4,20360909,0.38,0.380265435660704,659,0.6156546156546157,0.380265435660704,0.00011236604277076303,0.16725421281811034,0.8327457871818896,0.008655510675129832,0.009715025906735751,6379623133.968345,3.0522629248991184,0.009083699315694
node,random,4,20360909,0.4,0.3998845931909983,693,0.6402246402246402,0.3998845931909983,0.0001119331387274369,0.1666098453276577,0.8333901546723423,0.008655510675129832,0.009715025906735751,6380904521.07409,3.0530768471876324,0.008819446171717905
node,random,5,20360910,0.0,0.0,0,0.0,0.0,0.0006718278773220594,1.0,0.0,0.8909405654933641,1.0,1574335933.3296878,0.0,1.0
node,random,5,20360910,0.02,0.020196191575302943,35,0.03896103896103896,0.020196191575302943,0.0006270016688461136,0.933277242595789,0.06672275740421096,0.8361223312175419,0.9384715025906737,1932496075.7283068,0.22749918541280936,0.9413556688623361
node,random,5,20360910,0.04,0.03981534910559723,69,0.07757107757107758,0.03981534910559723,0.0005598096031665131,0.8332634325892267,0.16673656741077325,0.7530294287362954,0.8452072538860104,2473891177.1942067,0.5713871003134497,0.8516975542276096
node,random,5,20360910,0.06,0.06001154068090017,104,0.11863811863811864,0.06001154068090017,0.0004850723498633855,0.7220187882004971,0.27798121179950286,0.684939411425274,0.7687823834196891,3158323284.4562726,1.0061304691029216,0.7206722396336084
node,random,5,20360910,0.08,0.08020773225620312,139,0.15584415584415584,0.08020773225620312,0.00038797632537232815,0.5774936385772228,0.4225063614227772,0.6318522792844777,0.7091968911917098,3859351889.2639046,1.4514157414303916,0.602460215811434
node,random,5,20360910,0.1,0.0998268897864974,173,0.1898911898911899,0.0998268897864974,0.0003199814333680638,0.47628484046170627,0.5237151595382937,0.5435660703981535,0.6101036269430052,4589563038.592772,1.9152374289558014,0.4615181561974742
node,random,5,20360910,0.12,0.12002308136180034,208,0.22358722358722358,0.12002308136180034,0.00028390966951649427,0.42259286805449764,0.5774071319455023,0.3531448355452972,0.3963730569948187,5066107387.652849,2.217932895006809,0.3245115488735407
node,random,5,20360910,0.14,0.1402192729371033,243,0.26044226044226043,0.1402192729371033,0.0002625658780645427,0.3908231362936946,0.6091768637063054,0.3214079630698211,0.36075129533678757,5328260053.400563,2.384449240214827,0.2781803843836815
node,random,5,20360910,0.16,0.15983843046739757,277,0.29273429273429274,0.15983843046739757,0.00023080692499718192,0.34355068133997396,0.656449318660026,0.09117137911136756,0.10233160621761657,5738398983.132057,2.644964750944522,0.16849068420071428
node,random,5,20360910,0.18,0.18003462204270052,312,0.3274833274833275,0.18003462204270052,0.0002102998047958513,0.31302631506468176,0.6869736849353183,0.07789959607616849,0.08743523316062175,6007646794.609354,2.81598785076531,0.09237742262594192
node,random,5,20360910,0.2,0.20023081361800346,347,0.36117936117936117,0.20023081361800346,0.00019422567203313895,0.28910034636748405,0.710899653632516,0.04500865551067513,0.050518134715025906,6160062479.292206,2.9128005331516515,0.05704290375798871
node,random,5,20360910,0.22,0.21984997114829774,381,0.39206739206739205,0.21984997114829774,0.00014166566505144997,0.21086601171737115,0.7891339882826288,0.03866128101557992,0.04339378238341969,6308932425.03952,3.0073610031222873,0.02415260955879371
node,random,5,20360910,0.24,0.2400461627236007,416,0.4233064233064233,0.2400461627236007,0.000138060779274832,0.2055002239936059,0.7944997760063941,0.031736872475476054,0.03562176165803109,6327271290.831646,3.0190096388447403,0.02019533549296038
node,random,5,20360910,0.26,0.26024235429890363,451,0.45103545103545106,0.26024235429890363,0.0001367134166082999,0.20349470634241412,0.7965052936575858,0.030005770340450086,0.03367875647668394,6337877602.1269455,3.0257466452680566,0.017878050009083428
node,random,5,20360910,0.28,0.27986151182919794,485,0.4798174798174798,0.27986151182919794,0.00013543064435076076,0.2015853299964186,0.7984146700035815,0.030005770340450086,0.03367875647668394,6344714665.319954,3.030089468834656,0.01642692206520738
node,random,5,20360910,0.3,0.3000577034045009,520,0.5064935064935064,0.3000577034045009,0.00013077717277789523,0.19465874696831548,0.8053412530316846,0.027120600115406807,0.030440414507772018,6361875488.779042,3.0409898256745036,0.012834505612419257
node,random,5,20360910,0.32,0.32025389497980383,555,0.5345735345735346,0.32025389497980383,0.00010149578960570263,0.15107409655322743,0.8489259034467725,0.025389497980380843,0.02849740932642487,6393813919.49751,3.061276747952215,0.0061736411584629135
node,random,5,20360910,0.34,0.3398730525100981,589,0.5577395577395577,0.3398730525100981,0.00010061972219051263,0.14977009080300158,0.8502299091969985,0.013848817080207732,0.015544041450777202,6397369548.358132,3.0635352423340985,0.005410865487691705
node,random,5,20360910,0.36,0.36006924408540103,624,0.5896805896805897,0.36006924408540103,8.626128252260059e-05,0.12839789093962953,0.8716021090603705,0.012117714945181766,0.013601036269430053,6401248427.581451,3.065999061612564,0.004574245351131364
node,random,5,20360910,0.38,0.380265435660704,659,0.6110916110916111,0.380265435660704,8.591896957481488e-05,0.12788836616499502,0.872111633835005,0.008655510675129832,0.009715025906735751,6401483269.4321785,3.0661482304435332,0.00452581525759159
node,random,5,20360910,0.4,0.3998845931909983,693,0.6381186381186381,0.3998845931909983,8.488713971723865e-05,0.1263525116814193,0.8736474883185807,0.006924408540103866,0.007772020725388601,6403880094.825015,3.0676706662477944,0.0040314563199747916
node,random,6,20360911,0.0,0.0,0,0.0,0.0,0.0006718278773220594,1.0,0.0,0.8909405654933641,1.0,1574335933.3296878,0.0,1.0
node,random,6,20360911,0.02,0.020196191575302943,35,0.04141804141804142,0.020196191575302943,0.0006186516407906483,0.9208484221533434,0.0791515778466566,0.8136180034622043,0.9132124352331606,2062401537.5375738,0.310013634241097,0.911943053004541
node,random,6,20360911,0.04,0.03981534910559723,69,0.08073008073008073,0.03981534910559723,0.0005168747339801262,0.7693558892501091,0.23064411074989088,0.7489901904212348,0.8406735751295337,2566305575.3191195,0.6300876585414883,0.8255010821449962
node,random,6,20360911,0.06,0.06001154068090017,104,0.11758511758511758,0.06001154068090017,0.0004728576843857949,0.7038375458169883,0.2961624541830117,0.684939411425274,0.7687823834196891,2977091029.7561398,0.8910138342962509,0.7477122996375691
node,random,6,20360911,0.08,0.08020773225620312,139,0.16005616005616005,0.08020773225620312,0.0003717382491378792,0.5533236438768321,0.4466763561231679,0.61800346220427,0.6936528497409327,3615931848.131827,1.2967981430012883,0.6310142950050184
node,random,6,20360911,0.1,0.0998268897864974,173,0.19796419796419795,0.0998268897864974,0.0002903893466604482,0.4322377151391144,0.5677622848608856,0.4847085978072706,0.544041450777202,4637165137.173493,1.9454737321316073,0.46118346368113766
node,random,6,20360911,0.12,0.12002308136180034,208,0.23306423306423307,0.12002308136180034,0.00025192236345431733,0.374980515036817,0.6250194849631829,0.3837276399307559,0.430699481865285,5121761036.220958,2.2532834497327006,0.34612634560220606
node,random,6,20360911,0.14,0.1402192729371033,243,0.26535626535626533,0.1402192729371033,0.0002055518380129861,0.3059590781381778,0.6940409218618222,0.22908251586843623,0.2571243523316062,5584413397.854128,2.5471548858338062,0.20150363867780116
node,random,6,20360911,0.16,0.15983843046739757,277,0.30115830115830117,0.15983843046739757,0.00017654155373976837,0.26277795206038806,0.7372220479396119,0.18234275822273513,0.20466321243523314,5896485828.460081,2.745379689066193,0.12327784550239597
node,random,6,20360911,0.18,0.18003462204270052,312,0.330993330993331,0.18003462204270052,0.00014958390401230288,0.222652124244311,0.777347875755689,0.030582804385458743,0.034326424870466325,6203029910.304606,2.940092949022212,0.0485931370766624
node,random,6,20360911,0.2,0.20023081361800346,347,0.365040365040365,0.20023081361800346,0.0001420794520926026,0.21148192399954976,0.7885180760004502,0.030582804385458743,0.034326424870466325,6275692455.235812,2.9862473582514584,0.031395603475361696
node,random,6,20360911,0.22,0.21984997114829774,381,0.39522639522639524,0.21984997114829774,0.00013985528782933373,0.20817130778616114,0.7918286922138389,0.026543566070398154,0.02979274611398964,6302450264.765937,3.003243609790691,0.02561258194441116
node,random,6,20360911,0.24,0.2400461627236007,416,0.42892242892242893,0.2400461627236007,0.0001304407202412122,0.1941579452778227,0.8058420547221773,0.017311021350259664,0.019430051813471502,6359411345.724984,3.0394246304694073,0.013276714459297064
node,random,6,20360911,0.26,0.26024235429890363,451,0.45875745875745877,0.26024235429890363,0.00012953453717423982,0.19280911308797005,0.8071908869120299,0.017311021350259664,0.019430051813471502,6363811806.609131,3.0422197523941414,0.012366080023979683
node,random,6,20360911,0.28,0.27986151182919794,485,0.49210249210249213,0.27986151182919794,0.00012898010910861272,0.19198385994748254,0.8080161400525174,0.015579919215233698,0.017487046632124352,6367204317.912171,3.0443746363875888,0.01165787617596027
node,random,6,20360911,0.3,0.3000577034045009,520,0.515970515970516,0.3000577034045009,0.0001078556424196701,0.16054058793985784,0.8394594120601422,0.014425851125216388,0.016191709844559584,6378589820.2126465,3.051606575937107,0.00931961080726253
node,random,6,20360911,0.32,0.32025389497980383,555,0.5436995436995437,0.32025389497980383,0.0001060028184021984,0.1577827029517309,0.8422172970482691,0.014425851125216388,0.016191709844559584,6388036516.77323,3.0576070084754177,0.007313157691961551
node,random,6,20360911,0.34,0.3398730525100981,589,0.5686205686205686,0.3398730525100981,0.0001014983080291867,0.15107784516737263,0.8489221548326273,0.012117714945181766,0.013601036269430053,6395851177.18411,3.062570790502772,0.005699353784181389
node,random,6,20360911,0.36,0.36006924408540103,624,0.5914355914355914,0.36006924408540103,0.0001012685812940191,0.15073590232319756,0.8492640976768024,0.01154068090017311,0.01295336787564767,6397597378.83904,3.063679957623945,0.0053273750270825745
node,random,6,20360911,0.38,0.380265435660704,659,0.616005616005616,0.380265435660704,0.00010084902283952718,0.15011139942795557,0.8498886005720444,0.008078476630121177,0.009067357512953367,6397818245.669529,3.063820249683481,0.0052818269221460235
node,random,6,20360911,0.4,0.3998845931909983,693,0.6388206388206388,0.3998845931909983,2.1159421208221515e-05,0.031495300987753085,0.9685046990122469,0.004616272360069244,0.0051813471502590676,6408537111.174464,3.070628749240666,0.0030703023845973032
node,random,7,20360912,0.0,0.0,0,0.0,0.0,0.0006718278773220594,1.0,0.0,0.8909405654933641,1.0,1574335933.3296878,0.0,1.0
node,random,7,20360912,0.02,0.020196191575302943,35,0.040365040365040364,0.020196191575302943,0.0005856793282527789,0.871769910155153,0.12823008984484696,0.829197922677438,0.930699481865285,2306604149.9831114,0.4651283129291799,0.8734146082619387
node,random,7,20360912,0.04,0.03981534910559723,69,0.08073008073008073,0.03981534910559723,0.0005400840115062994,0.803902353172813,0.196097646827187,0.7761107905366417,0.8711139896373057,2758416080.8456826,0.7521140326205283,0.7936576621112501
node,random,7,20360912,0.06,0.06001154068090017,104,0.12039312039312039,0.06001154068090017,0.0004639055606845219,0.6905125201616721,0.3094874798383279,0.7062896710905944,0.7927461139896373,3278663991.6149845,1.0825694962578147,0.7025141164053313
node,random,7,20360912,0.08,0.08020773225620312,139,0.1561951561951562,0.08020773225620312,0.0004011824273591425,0.5971506108949757,0.4028493891050243,0.6243508366993653,0.7007772020725389,4080355507.8805194,1.5917946872054507,0.5606131790918055
node,random,7,20360912,0.1,0.0998268897864974,173,0.1905931905931906,0.0998268897864974,0.00035211483939097215,0.5241146598359688,0.47588534016403117,0.5476053087132141,0.6146373056994819,4647514054.994358,1.952047245193065,0.45020104405950573
node,random,7,20360912,0.12,0.12002308136180034,208,0.2270972270972271,0.12002308136180034,0.0002782972894481109,0.41423897227578327,0.5857610277242167,0.3710328909405655,0.4164507772020726,5269232671.605209,2.346955729112332,0.3091653692162081
node,random,7,20360912,0.14,0.1402192729371033,243,0.26184626184626186,0.1402192729371033,0.0002562597983558249,0.3814366849099649,0.6185633150900351,0.28620888632429314,0.3212435233160622,5557181177.698296,2.5298572941449495,0.2337184733803597
node,random,7,20360912,0.16,0.15983843046739757,277,0.2937872937872938,0.15983843046739757,0.00021869596334428347,0.32552379966133127,0.6744762003386687,0.18465089440276977,0.2072538860103627,5802237832.614298,2.6855144507453916,0.17442629471076346
node,random,7,20360912,0.18,0.18003462204270052,312,0.3281853281853282,0.18003462204270052,0.00019163054109014958,0.28523755497315595,0.714762445026844,0.12002308136180034,0.13471502590673576,6043846611.708226,2.838981556449401,0.0949275055296763
node,random,7,20360912,0.2,0.20023081361800346,347,0.3618813618813619,0.20023081361800346,0.00018258196215493848,0.271768957969889,0.728231042030111,0.07732256203115984,0.08678756476683938,6139749105.542838,2.8998977127819194,0.06310909365795507
node,random,7,20360912,0.22,0.21984997114829774,381,0.3934713934713935,0.21984997114829774,0.00017447358714135,0.25969983239875477,0.7403001676012453,0.0571263704558569,0.06411917098445596,6228727765.935035,2.9564159300876813,0.04141011681665107
node,random,7,20360912,0.24,0.2400461627236007,416,0.4254124254124254,0.2400461627236007,0.00015194628948048887,0.22616847947149,0.77383152052851,0.05308713214079631,0.05958549222797928,6255081840.611179,2.9731557339111294,0.0358657331386162
node,random,7,20360912,0.26,0.26024235429890363,451,0.45384345384345387,0.26024235429890363,0.0001491038647635859,0.2219375971088333,0.7780624028911667,0.040392383150605886,0.04533678756476684,6272190333.409029,2.9840228509194198,0.03214938755278735
node,random,7,20360912,0.28,0.27986151182919794,485,0.48122148122148123,0.27986151182919794,0.00014618483151299696,0.21759268474493387,0.7824073152550661,0.03981534910559723,0.04468911917098446,6287927853.003155,2.9940191415845523,0.028702862209669937
node,random,7,20360912,0.3,0.3000577034045009,520,0.5110565110565111,0.3000577034045009,0.00014576550459547498,0.2169685264870279,0.7830314735129721,0.021350259665320254,0.02396373056994819,6292553610.728847,2.9969573694606755,0.02739694783291658
node,random,7,20360912,0.32,0.32025389497980383,555,0.5436995436995437,0.32025389497980383,0.0001308734233180724,0.19480201363441577,0.8051979863655843,0.01673398730525101,0.01878238341968912,6360849268.660895,3.0403379825091275,0.012946301390630214
node,random,7,20360912,0.34,0.3398730525100981,589,0.5738855738855739,0.3398730525100981,0.00013020521573492452,0.19380740235717703,0.806192597642823,0.012694748990190421,0.014248704663212436,6362280231.672633,3.0412469136854052,0.012655319431453442
node,random,7,20360912,0.36,0.36006924408540103,624,0.5995085995085995,0.36006924408540103,0.00012688353817906294,0.18886316341147869,0.8111368365885213,0.01154068090017311,0.01295336787564767,6372480432.072581,3.047725963158903,0.010534912783598955
node,random,7,20360912,0.38,0.380265435660704,659,0.628992628992629,0.380265435660704,0.0001262592184040983,0.18793387810487128,0.8120661218951287,0.009809578765147143,0.011010362694300517,6375135205.537726,3.0494122445991865,0.009973128634207821
node,random,7,20360912,0.4,0.3998845931909983,693,0.6497016497016497,0.3998845931909983,0.0001262592184040983,0.18793387810487128,0.8120661218951287,0.009809578765147143,0.011010362694300517,6375135205.537726,3.0494122445991865,0.009973128634207821
node,random,8,20360913,0.0,0.0,0,0.0,0.0,0.0006718278773220594,1.0,0.0,0.8909405654933641,1.0,1574335933.3296878,0.0,1.0
node,random,8,20360913,0.02,0.020196191575302943,35,0.03861003861003861,0.020196191575302943,0.0006339968444045883,0.9436893969504995,0.05631060304950053,0.8511252163877668,0.9553108808290155,1803186732.9411573,0.14536338450171485,0.9728763789380638
node,random,8,20360913,0.04,0.03981534910559723,69,0.07441207441207441,0.03981534910559723,0.0005752042154033674,0.856177950959941,0.14382204904005902,0.7916907097518754,0.8886010362694301,2236251264.322161,0.42044097258997076,0.9089082513793397
node,random,8,20360913,0.06,0.06001154068090017,104,0.11232011232011233,0.06001154068090017,0.0004973819143080343,0.7403412854652955,0.25965871453470446,0.7005193306405078,0.7862694300518135,3089098303.921513,0.962159561071654,0.7492260430714197
node,random,8,20360913,0.08,0.08020773225620312,139,0.14742014742014742,0.08020773225620312,0.000452459346232536,0.6734750990626682,0.3265249009373318,0.6439699942296595,0.7227979274611399,3574642379.8189344,1.2705715496556316,0.6687946035798419
node,random,8,20360913,0.1,0.0998268897864974,173,0.18462618462618463,0.0998268897864974,0.00040217828793702535,0.598632925951404,0.40136707404859595,0.5810732833237161,0.6522020725388601,4207316047.7406054,1.6724385556278443,0.576308949171316
node,random,8,20360913,0.12,0.12002308136180034,208,0.21867321867321868,0.12002308136180034,0.00034513515701676926,0.5137255667217857,0.4862744332782143,0.45816503173687245,0.5142487046632124,4768373194.083466,2.028815574321838,0.44268155400182146
node,random,8,20360913,0.14,0.1402192729371033,243,0.2513162513162513,0.1402192729371033,0.00031588169989592784,0.4701824835775625,0.5298175164224375,0.4281592613964224,0.48056994818652854,5094400047.524436,2.235904065754178,0.3815234154422535
node,random,8,20360913,0.16,0.15983843046739757,277,0.28711828711828713,0.15983843046739757,0.00013530421322125827,0.20139714023268557,0.7986028597673145,0.11079053664166186,0.12435233160621761,5924515129.103425,2.7631835770737943,0.12223020157859314
node,random,8,20360913,0.18,0.18003462204270052,312,0.3201123201123201,0.18003462204270052,9.84436271235897e-05,0.14653102445821553,0.8534689755417845,0.06924408540103866,0.07772020725388601,6183513058.180135,2.927696069988146,0.05668492743708734
node,random,8,20360913,0.2,0.20023081361800346,347,0.35064935064935066,0.20023081361800346,8.617348970726775e-05,0.12826721339810984,0.8717327866018901,0.05597230236583958,0.06282383419689119,6266661954.88315,2.980511288737017,0.03427897032698424
node,random,8,20360913,0.22,0.21984997114829774,381,0.3804843804843805,0.21984997114829774,8.30158729066923e-05,0.1235671750294106,0.8764328249705894,0.04558568955568378,0.051165803108808285,6286652113.734114,2.9932088067366758,0.02956886034091877
node,random,8,20360913,0.24,0.2400461627236007,416,0.41382941382941385,0.2400461627236007,3.92124648295986e-05,0.05836683197175669,0.9416331680282433,0.031159838430467397,0.034974093264248704,6338519306.679226,3.026154248587459,0.0178970408038728
node,random,8,20360913,0.26,0.26024235429890363,451,0.4398034398034398,0.26024235429890363,3.812686756400383e-05,0.056750945965474815,0.9432490540345252,0.019619157530294286,0.022020725388601035,6344904431.1504,3.0302100058982067,0.016566612773212145
node,random,8,20360913,0.28,0.27986151182919794,485,0.4692874692874693,0.27986151182919794,3.639336078627275e-05,0.054170661883425515,0.9458293381165744,0.019042123485285632,0.021373056994818652,6357403529.250742,3.03814928863687,0.013826002021708804
node,random,8,20360913,0.3,0.3000577034045009,520,0.5033345033345034,0.3000577034045009,3.0818897171048847e-05,0.04587320385378255,0.9541267961462174,0.01673398730525101,0.01878238341968912,6377125814.998176,3.0506766567353174,0.009714412977544563
node,random,8,20360913,0.32,0.32025389497980383,555,0.5286065286065286,0.32025389497980383,3.074606839273029e-05,0.04576479992953806,0.9542352000704619,0.01673398730525101,0.01878238341968912,6377292374.432751,3.0507824533642633,0.009680064376682293
node,random,8,20360913,0.34,0.3398730525100981,589,0.5584415584415584,0.3398730525100981,2.9073711033817776e-05,0.04327553531971179,0.9567244646802882,0.015579919215233698,0.017487046632124352,6383934708.977996,3.0550015875430767,0.008293573157909748
node,random,8,20360913,0.36,0.36006924408540103,624,0.5879255879255879,0.36006924408540103,2.9073711033817776e-05,0.04327553531971179,0.9567244646802882,0.015579919215233698,0.017487046632124352,6383934708.977996,3.0550015875430767,0.008293573157909748
node,random,8,20360913,0.38,0.380265435660704,659,0.6096876096876097,0.380265435660704,2.8213773353470004e-05,0.04199553830057121,0.9580044616994288,0.015579919215233698,0.017487046632124352,6386958874.153883,3.056922502331251,0.007665397319645651
node,random,8,20360913,0.4,0.3998845931909983,693,0.6346086346086346,0.3998845931909983,2.262218804708939e-05,0.03367259503619082,0.9663274049638092,0.015579919215233698,0.017487046632124352,6400354368.225857,3.0654311654369977,0.0049029210876294525
node,random,9,20360914,0.0,0.0,0,0.0,0.0,0.0006718278773220594,1.0,0.0,0.8909405654933641,1.0,1574335933.3296878,0.0,1.0
node,random,9,20360914,0.02,0.020196191575302943,35,0.0358020358020358,0.020196191575302943,0.0005324183807942027,0.7924922420850559,0.20750775791494414,0.8355452971725332,0.9378238341968913,2174097198.364038,0.3809614278230108,0.8840727021730037
node,random,9,20360914,0.04,0.03981534910559723,69,0.07371007371007371,0.03981534910559723,0.0004894556506189002,0.7285432283189791,0.2714567716810209,0.777264858626659,0.8724093264248705,2508875067.562637,0.5936084633832998,0.8309038093341962
node,random,9,20360914,0.06,0.06001154068090017,104,0.11056511056511056,0.06001154068090017,0.000432587466096578,0.6438962726895079,0.3561037273104921,0.6843623773802654,0.7681347150259067,3111440232.268037,0.9763508958900565,0.7151090545200108
node,random,9,20360914,0.08,0.08020773225620312,139,0.15022815022815023,0.08020773225620312,0.00036217709026116935,0.5390920836819484,0.4609079163180516,0.6110790536641661,0.685880829015544,3796391162.5373445,1.411423815060904,0.5727501991525981
node,random,9,20360914,0.1,0.0998268897864974,173,0.18567918567918568,0.0998268897864974,0.00032893652701008227,0.4896142868039955,0.5103857131960046,0.5418349682631275,0.608160621761658,4119435569.758684,1.616617891104196,0.5267729367353449
node,random,9,20360914,0.12,0.12002308136180034,208,0.21902421902421904,0.12002308136180034,0.00027756447239623135,0.4131481913233754,0.5868518086766246,0.33294864396999424,0.37370466321243523,4792005041.277919,2.0438262506928413,0.3781937724585358
node,random,9,20360914,0.14,0.1402192729371033,243,0.25342225342225344,0.1402192729371033,0.00024377114863068132,0.3628476234156369,0.6371523765843631,0.2787074437391806,0.3128238341968912,5187134078.620226,2.2948076511532993,0.28984067859923945
node,random,9,20360914,0.16,0.15983843046739757,277,0.2892242892242892,0.15983843046739757,0.00019974565236797193,0.29731670731522547,0.7026832926847746,0.08078476630121177,0.09067357512953368,5784598392.472315,2.674310082116978,0.14224127390670568
node,random,9,20360914,0.18,0.18003462204270052,312,0.3257283257283257,0.18003462204270052,0.0001777309998024214,0.26454841455949457,0.7354515854405055,0.06693594922100404,0.07512953367875648,6025756373.572683,2.8274908461425596,0.08649896793760051
node,random,9,20360914,0.2,0.20023081361800346,347,0.356967356967357,0.20023081361800346,0.00016721233899049813,0.248891635245943,0.7511083647540571,0.06001154068090017,0.06735751295336788,6085359810.266965,2.8653502606629546,0.07173631187460121
node,random,9,20360914,0.22,0.21984997114829774,381,0.38961038961038963,0.21984997114829774,0.00010330646283059785,0.15376924107761464,0.8462307589223854,0.0571263704558569,0.06411917098445596,6270159471.088683,2.9827328706316356,0.03260244288592375
node,random,9,20360914,0.24,0.2400461627236007,416,0.4212004212004212,0.2400461627236007,8.454088287612345e-05,0.125837116514289,0.874162883485711,0.054818234275822275,0.06152849740932643,6300502689.363783,3.002006532391311,0.026006322384210148
node,random,9,20360914,0.26,0.26024235429890363,451,0.45454545454545453,0.26024235429890363,8.205106373493636e-05,0.12213107926095021,0.8778689207390498,0.05193306405077899,0.05829015544041451,6313688706.120915,3.010382137926303,0.02315946199930089
node,random,9,20360914,0.28,0.27986151182919794,485,0.48192348192348194,0.27986151182919794,7.971750004107366e-05,0.11865762456722061,0.8813423754327794,0.01673398730525101,0.01878238341968912,6326900202.233691,3.0187739276536925,0.02000547564237259
node,random,9,20360914,0.3,0.3000577034045009,520,0.5128115128115128,0.3000577034045009,7.202182223405482e-05,0.10720278908511138,0.8927972109148886,0.013848817080207732,0.015544041450777202,6354335938.534203,3.0362007904468733,0.01425774046062845
node,random,9,20360914,0.32,0.32025389497980383,555,0.5345735345735346,0.32025389497980383,7.193519357943748e-05,0.10707384436944606,0.8929261556305539,0.013271783035199077,0.01489637305699482,6354690137.717385,3.036425773676745,0.014183750609794779
node,random,9,20360914,0.34,0.3398730525100981,589,0.5577395577395577,0.3398730525100981,7.193519357943748e-05,0.10707384436944606,0.8929261556305539,0.013271783035199077,0.01489637305699482,6354690137.717385,3.036425773676745,0.014183750609794779
node,random,9,20360914,0.36,0.36006924408540103,624,0.5847665847665847,0.36006924408540103,6.995539530893977e-05,0.10412696119099075,0.8958730388090093,0.01154068090017311,0.01295336787564767,6361120933.404973,3.0405105408166184,0.012848669901129145
node,random,9,20360914,0.38,0.380265435660704,659,0.616005616005616,0.380265435660704,4.844763202373417e-05,0.07211316121154265,0.9278868387884573,0.008078476630121177,0.009067357512953367,6373488669.352354,3.04836638383306,0.010298142356947284
node,random,9,20360914,0.4,0.3998845931909983,693,0.6384696384696384,0.3998845931909983,3.942376008902578e-05,0.0586813399976359,0.9413186600023641,0.0075014425851125215,0.008419689119170985,6385266974.45805,3.0558478271872653,0.007869169768620211
node,random,10,20360915,0.0,0.0,0,0.0,0.0,0.0006718278773220594,1.0,0.0,0.8909405654933641,1.0,1574335933.3296878,0.0,1.0
node,random,10,20360915,0.02,0.020196191575302943,35,0.03545103545103545,0.020196191575302943,0.0006043163833425497,0.8995107284791248,0.10048927152087517,0.8511252163877668,0.9553108808290155,2096558488.1867185,0.33170973475307824,0.8977023681403046
node,random,10,20360915,0.04,0.03981534910559723,69,0.07722007722007722,0.03981534910559723,0.0005337401159632919,0.7944596138088339,0.2055403861911661,0.8078476630121177,0.9067357512953368,2757169693.281989,0.7513223416368529,0.777962455747419
node,random,10,20360915,0.06,0.06001154068090017,104,0.11512811512811513,0.06001154068090017,0.00045215890352471097,0.6730278971558009,0.3269721028441991,0.7461050201961916,0.8374352331606219,3433175995.0197124,1.1807137360821185,0.6536947819248857
node,random,10,20360915,0.08,0.08020773225620312,139,0.14847314847314846,0.08020773225620312,0.0004186434146454845,0.6231408799441589,0.3768591200558411,0.6889786497403346,0.7733160621761658,3832086139.7668204,1.434096852291263,0.5772350106455097
node,random,10,20360915,0.1,0.0998268897864974,173,0.18216918216918218,0.0998268897864974,0.0003846615655784851,0.572559696557645,0.42744030344235495,0.638199653779573,0.716321243523316,4193682700.089695,1.6637788106761577,0.5273043398287098
node,random,10,20360915,0.12,0.12002308136180034,208,0.22077922077922077,0.12002308136180034,0.0003499080408319406,0.5208298920650511,0.47917010793494885,0.5470282746682055,0.6139896373056996,4573192476.200624,1.9048390368175216,0.46179772716864
node,random,10,20360915,0.14,0.1402192729371033,243,0.2593892593892594,0.1402192729371033,0.00031096012515833426,0.4628568352921546,0.5371431647078454,0.4108482400461627,0.461139896373057,5107023972.182279,2.2439226368803187,0.3291987689163966
node,random,10,20360915,0.16,0.15983843046739757,277,0.29238329238329236,0.15983843046739757,0.00027295032510102227,0.40628014155800796,0.593719858441992,0.21061742642815925,0.23639896373056996,5576699965.046394,2.54225540241071,0.19377430245553834
node,random,10,20360915,0.18,0.18003462204270052,312,0.32713232713232715,0.18003462204270052,0.00021774004302475952,0.3241009347404317,0.6758990652595682,0.15349105597230236,0.172279792746114,5813735762.29928,2.692817802870922,0.14106676843436977
node,random,10,20360915,0.2,0.20023081361800346,347,0.35872235872235875,0.20023081361800346,0.000195839456247528,0.2915024262288046,0.7084975737711954,0.07963069821119446,0.08937823834196892,6083972769.413534,2.864469228334297,0.07326841223494275
node,random,10,20360915,0.22,0.21984997114829774,381,0.3875043875043875,0.21984997114829774,0.0001390773793656105,0.20701340932737136,0.7929865906726287,0.026543566070398154,0.02979274611398964,6175265989.521048,2.9224576272361946,0.052967959333199324
node,random,10,20360915,0.24,0.2400461627236007,416,0.4173394173394173,0.2400461627236007,0.00013569017379467862,0.20197163347187477,0.7980283665281253,0.025966532025389497,0.029145077720207253,6203669313.395758,2.940499090480089,0.04633470873661979
node,random,10,20360915,0.26,0.26024235429890363,451,0.44752544752544754,0.26024235429890363,0.000126633851403948,0.18849151051712396,0.811508489482876,0.024235429890363532,0.027202072538860107,6284775938.740595,2.9920170820521284,0.02872667815671974
node,random,10,20360915,0.28,0.27986151182919794,485,0.47876447876447875,0.27986151182919794,0.00012304831246944,0.18315452011297437,0.8168454798870256,0.021350259665320254,0.02396373056994819,6300743687.443445,3.0021596115877904,0.025321256605788243
node,random,10,20360915,0.3,0.3000577034045009,520,0.5068445068445069,0.3000577034045009,9.968328556745785e-05,0.1483762269062138,0.8516237730937862,0.013848817080207732,0.015544041450777202,6349486785.640943,3.0331206645407054,0.015273572587292027
node,random,10,20360915,0.32,0.32025389497980383,555,0.5342225342225342,0.32025389497980383,9.9071321450573e-05,0.14746533270616338,0.8525346672938366,0.013848817080207732,0.015544041450777202,6350143198.615543,3.033537610480072,0.01513820428874475
node,random,10,20360915,0.34,0.3398730525100981,589,0.5612495612495613,0.3398730525100981,9.780450515493018e-05,0.14557970643430873,0.8544202935656913,0.013848817080207732,0.015544041450777202,6356098664.934675,3.0373204538955405,0.013907584606064395
node,random,10,20360915,0.36,0.36006924408540103,624,0.5893295893295893,0.36006924408540103,9.643427705093207e-05,0.14354015411703974,0.8564598458829602,0.009809578765147143,0.011010362694300517,6361149805.142479,3.0405288798107906,0.01284381917980057
node,random,10,20360915,0.38,0.380265435660704,659,0.6167076167076168,0.380265435660704,9.643427705093207e-05,0.14354015411703974,0.8564598458829602,0.009809578765147143,0.011010362694300517,6361149805.142479,3.0405288798107906,0.01284381917980057
node,random,10,20360915,0.4,0.3998845931909983,693,0.6402246402246402,0.3998845931909983,9.312730736614273e-05,0.1386178074916346,0.8613821925083653,0.009232544720138488,0.010362694300518135,6372364576.460938,3.047652373012613,0.010529957613512313
node,random,11,20360916,0.0,0.0,0,0.0,0.0,0.0006718278773220594,1.0,0.0,0.8909405654933641,1.0,1574335933.3296878,0.0,1.0
node,random,11,20360916,0.02,0.020196191575302943,35,0.04247104247104247,0.020196191575302943,0.0005925124613843843,0.8819408681672597,0.1180591318327403,0.8355452971725332,0.9378238341968913,2108808208.0288959,0.33949061530267577,0.9037791477082111
node,random,11,20360916,0.04,0.03981534910559723,69,0.07827307827307828,0.03981534910559723,0.0005366360876463804,0.7987701995717111,0.20122980042828886,0.7813040969417195,0.8769430051813472,2613342350.564493,0.659964874864622,0.821933704043556
node,random,11,20360916,0.06,0.06001154068090017,104,0.11407511407511407,0.06001154068090017,0.0004862766639885104,0.7238113814610289,0.27618861853897114,0.7224466243508367,0.8108808290155441,3037544502.6836677,0.9294131820133992,0.7529097892747425
node,random,11,20360916,0.08,0.08020773225620312,139,0.15233415233415235,0.08020773225620312,0.00042518951970949085,0.6328846034259821,0.3671153965740179,0.641661858049625,0.7202072538860104,3660717932.5729823,1.3252457465228782,0.6562189539012453
node,random,11,20360916,0.1,0.0998268897864974,173,0.18673218673218672,0.0998268897864974,0.0003774871991666275,0.5618808208306434,0.4381191791693566,0.51933064050779,0.5829015544041452,4126024116.622133,1.6208028599688236,0.5632023729648675
node,random,11,20360916,0.12,0.12002308136180034,208,0.22148122148122149,0.12002308136180034,0.00033783981115150956,0.5028666159227517,0.4971333840772483,0.4772071552221581,0.5356217616580311,4410916723.879034,1.8017633533587945,0.5029979462290197
node,random,11,20360916,0.14,0.1402192729371033,243,0.2572832572832573,0.1402192729371033,0.00028400161709915984,0.4227297298695091,0.5772702701304909,0.31852279284477786,0.3575129533678757,5278552101.988251,2.352875323644695,0.3431791831911617
node,random,11,20360916,0.16,0.15983843046739757,277,0.2892242892242892,0.15983843046739757,0.00025350088276925823,0.37733010392442456,0.6226698960755754,0.10732833237160992,0.12046632124352331,5635816718.120557,2.579805681117194,0.205707897068022
node,random,11,20360916,0.18,0.18003462204270052,312,0.3278343278343278,0.18003462204270052,0.00018022651744897732,0.2682629339040969,0.731737066095903,0.038084246970571264,0.042746113989637305,6031291878.231268,2.831006934762145,0.09746479970017108
node,random,11,20360916,0.2,0.20023081361800346,347,0.3653913653913654,0.20023081361800346,0.00011799346625934704,0.17563050037410638,0.8243694996258937,0.025966532025389497,0.029145077720207253,6149350661.63692,2.9059965103071557,0.065274251469066
node,random,11,20360916,0.22,0.21984997114829774,381,0.39768339768339767,0.21984997114829774,0.00010043781271502714,0.14949932282562828,0.8505006771743717,0.024235429890363532,0.027202072538860107,6296884345.943917,2.9997082024458,0.02657664490795353
node,random,11,20360916,0.24,0.2400461627236007,416,0.42962442962442965,0.2400461627236007,9.772848350186413e-05,0.1454665499910705,0.8545334500089294,0.024235429890363532,0.027202072538860107,6306141257.201989,3.0055880855521293,0.024598036050465295
node,random,11,20360916,0.26,0.26024235429890363,451,0.45875745875745877,0.26024235429890363,8.739032938465094e-05,0.13007845064868895,0.869921549351311,0.024235429890363532,0.027202072538860107,6336143377.165422,3.0246450856041953,0.018380940565109007
node,random,11,20360916,0.28,0.27986151182919794,485,0.4885924885924886,0.27986151182919794,5.61892512488371e-05,0.08363637941433803,0.916363620585662,0.01788805539526832,0.020077720207253888,6348320058.885532,3.032379573182305,0.015921968535248656
node,random,11,20360916,0.3,0.3000577034045009,520,0.515970515970516,0.3000577034045009,5.1712478995993974e-05,0.07697280916969773,0.9230271908303023,0.012694748990190421,0.014248704663212436,6378456519.210493,3.0515219046802735,0.009274637521790054
node,random,11,20360916,0.32,0.32025389497980383,555,0.5465075465075465,0.32025389497980383,5.163411491671797e-05,0.07685616608011894,0.9231438339198811,0.012694748990190421,0.014248704663212436,6378461064.820661,3.0515247919993462,0.009274637521790054
node,random,11,20360916,0.34,0.3398730525100981,589,0.5728325728325728,0.3398730525100981,4.928475635395828e-05,0.07335920109539049,0.9266407989046095,0.0103866128101558,0.011658031088082903,6384758697.329835,3.0555249754264344,0.007975912739330208
node,random,11,20360916,0.36,0.36006924408540103,624,0.601965601965602,0.36006924408540103,4.9111739427696886e-05,0.07310166946846389,0.9268983305315361,0.0103866128101558,0.011658031088082903,6384885036.826996,3.0556052248157077,0.007949858466438357
node,random,11,20360916,0.38,0.380265435660704,659,0.627939627939628,0.380265435660704,4.809066113200479e-05,0.07158181843197196,0.928418181568028,0.009232544720138488,0.010362694300518135,6386816533.844325,3.0568320894107655,0.0075502606273997715
node,random,11,20360916,0.4,0.3998845931909983,693,0.6518076518076518,0.3998845931909983,4.740161718331133e-05,0.07055619271450393,0.929443807285496,0.008078476630121177,0.009067357512953367,6388330580.621819,3.0577937944353666,0.007238027408190758
node,random,12,20360917,0.0,0.0,0,0.0,0.0,0.0006718278773220594,1.0,0.0,0.8909405654933641,1.0,1574335933.3296878,0.0,1.0
node,random,12,20360917,0.02,0.020196191575302943,35,0.03861003861003861,0.020196191575302943,0.0006224706359975916,0.9265329067302055,0.0734670932697945,0.8488170802077323,0.9527202072538861,1910954959.9557328,0.21381651749134806,0.9454586307260405
node,random,12,20360917,0.04,0.03981534910559723,69,0.07441207441207441,0.03981534910559723,0.0005711764183300887,0.8501826697141944,0.14981733028580557,0.792267743796884,0.8892487046632125,2316801509.577956,0.4716055579560895,0.8792729833311083
node,random,12,20360917,0.06,0.06001154068090017,104,0.11126711126711127,0.06001154068090017,0.0005254694235907897,0.7821488826652118,0.21785111733478824,0.7449509521061742,0.836139896373057,2783604333.7287407,0.7681133199071911,0.797225376778923
node,random,12,20360917,0.08,0.08020773225620312,139,0.14882414882414882,0.08020773225620312,0.00045545859008574367,0.6779394030227283,0.32206059697727174,0.6710905943450663,0.7532383419689119,3476892739.585995,1.2084821072669283,0.6819306326762196
node,random,12,20360917,0.1,0.0998268897864974,173,0.1825201825201825,0.0998268897864974,0.00039883820374533684,0.5936612891610371,0.4063387108389629,0.5903058280438546,0.6625647668393783,4279562282.7034903,1.7183285295739295,0.5545777305967973
node,random,12,20360917,0.12,0.12002308136180034,208,0.21762021762021763,0.12002308136180034,0.00033162800814124385,0.4936204931881217,0.5063795068118784,0.2775533756491633,0.3115284974093265,4992854155.013411,2.171403287768213,0.3497736047484179
node,random,12,20360917,0.14,0.1402192729371033,243,0.25307125307125306,0.1402192729371033,0.0003025532347227827,0.45034337653384604,0.549656623466154,0.1309867282169648,0.14702072538860103,5355353435.30683,2.4016586434512543,0.2451107312181354
node,random,12,20360917,0.16,0.15983843046739757,277,0.2881712881712882,0.15983843046739757,0.00027324846171138405,0.40672391089302,0.5932760891069799,0.08540103866128101,0.09585492227979275,5697471686.8027115,2.6189682050594354,0.1643123691778096
node,random,12,20360917,0.18,0.18003462204270052,312,0.3176553176553177,0.18003462204270052,0.0002674840024792015,0.3981436488545348,0.6018563511454652,0.07443739180611655,0.08354922279792745,5756001820.6319685,2.656145869997481,0.15183906528068122
node,random,12,20360917,0.2,0.20023081361800346,347,0.3517023517023517,0.20023081361800346,0.0002422807347725513,0.3606291774290386,0.6393708225709613,0.06347374495095211,0.07124352331606218,5981729212.369326,2.7995253018954425,0.09983707985094788
node,random,12,20360917,0.22,0.21984997114829774,381,0.38223938223938225,0.21984997114829774,0.00021598867501762816,0.3214940646383567,0.6785059353616433,0.06289671090594345,0.0705958549222798,6049929671.069225,2.8428454454912613,0.0862142351531337
node,random,12,20360917,0.24,0.2400461627236007,416,0.4145314145314145,0.2400461627236007,0.00020301410326856024,0.3021817196359653,0.6978182803640347,0.05308713214079631,0.05958549222797928,6174842959.18369,2.9221889232522473,0.05406749772637455
node,random,12,20360917,0.26,0.26024235429890363,451,0.44717444717444715,0.26024235429890363,0.00017966733720754566,0.267430607261653,0.732569392738347,0.029428736295441432,0.033031088082901554,6268557928.111023,2.98171558903134,0.033815742381717355
node,random,12,20360917,0.28,0.27986151182919794,485,0.47385047385047385,0.27986151182919794,0.00017844898433125333,0.2656171176500746,0.7343828823499254,0.029428736295441432,0.033031088082901554,6274475829.414812,2.9854745715829694,0.032564859034141434
node,random,12,20360917,0.3,0.3000577034045009,520,0.502983502983503,0.3000577034045009,0.0001770696182146675,0.2635639636159133,0.7364360363840867,0.015579919215233698,0.017487046632124352,6288010938.918245,2.9940719167981085,0.028546623234525104
node,random,12,20360917,0.32,0.32025389497980383,555,0.5314145314145314,0.32025389497980383,0.00017584132154758344,0.26173567290553057,0.7382643270944694,0.015579919215233698,0.017487046632124352,6293557800.251221,2.997595219046088,0.02733486894211939
node,random,12,20360917,0.34,0.3398730525100981,589,0.5598455598455598,0.3398730525100981,0.00016450721143538498,0.24486511648060694,0.7551348835193931,0.009809578765147143,0.011010362694300517,6323679443.016275,3.016728138601159,0.0208710520615719
node,random,12,20360917,0.36,0.36006924408540103,624,0.5872235872235873,0.36006924408540103,0.00016105255497095958,0.2397229415559881,0.7602770584440119,0.006924408540103866,0.007772020725388601,6349775770.115858,3.0333042241411676,0.015189264715794137
node,random,12,20360917,0.38,0.380265435660704,659,0.6117936117936118,0.380265435660704,0.00014230764638993446,0.21182158584603558,0.7881784141539644,0.006924408540103866,0.007772020725388601,6361972723.79137,3.0410515882311913,0.012673956624090332
node,random,12,20360917,0.4,0.3998845931909983,693,0.6374166374166375,0.3998845931909983,0.00014106683892136247,0.20997467310178045,0.7900253268982196,0.005770340450086555,0.006476683937823835,6364286205.313301,3.0425210849713427,0.012196860543631933
node,random,13,20360918,0.0,0.0,0,0.0,0.0,0.0006718278773220594,1.0,0.0,0.8909405654933641,1.0,1574335933.3296878,0.0,1.0
node,random,13,20360918,0.02,0.020196191575302943,35,0.044226044226044224,0.020196191575302943,0.0006017932159387495,0.8957550531209398,0.10424494687906016,0.829197922677438,0.930699481865285,2114213357.4510684,0.34292390378180027,0.8992786512556997
node,random,13,20360918,0.04,0.03981534910559723,69,0.08178308178308179,0.03981534910559723,0.0005427367392947711,0.8078508761174779,0.19214912388252214,0.7853433352567801,0.8814766839378239,2459361011.8164067,0.5621577071006117,0.8546506213297931
node,random,13,20360918,0.06,0.06001154068090017,104,0.1246051246051246,0.06001154068090017,0.00041947896498160914,0.624384576974796,0.375615423025204,0.6653202538949798,0.7467616580310882,3503273376.157728,1.2252387828996432,0.6490825347823929
node,random,13,20360918,0.08,0.08020773225620312,139,0.15865215865215865,0.08020773225620312,0.0003655501567047398,0.5441128137787935,0.4558871862212065,0.5614541257934218,0.6301813471502591,3996115936.410551,1.5382866844427852,0.5462269462392972
node,random,13,20360918,0.1,0.0998268897864974,173,0.19375219375219374,0.0998268897864974,0.0003244057160405675,0.4828702812000976,0.5171297187999024,0.5152914021927294,0.5783678756476685,4437345559.062393,1.8185506441928814,0.4663825915622544
node,random,13,20360918,0.12,0.12002308136180034,208,0.22885222885222886,0.12002308136180034,0.0002864769582914572,0.4264142170363176,0.5735857829636823,0.45585689555683784,0.5116580310880829,4840592962.510632,2.074688737030144,0.3849097192509595
node,random,13,20360918,0.14,0.1402192729371033,243,0.26114426114426115,0.1402192729371033,0.00023450282500255793,0.3490519416034034,0.6509480583965965,0.3485285631852279,0.3911917098445596,5445018022.845847,2.4586125537576637,0.25411446074940947
node,random,13,20360918,0.16,0.15983843046739757,277,0.29694629694629693,0.15983843046739757,0.00019777632838740967,0.2943854148710773,0.7056145851289227,0.26947489901904215,0.3024611398963731,5767957331.340708,2.663739872303872,0.18211008415623198
node,random,13,20360918,0.18,0.18003462204270052,312,0.32994032994032996,0.18003462204270052,0.00016121708627896543,0.2399678425396473,0.7600321574603527,0.06635891517599539,0.07448186528497411,6097663803.643704,2.873165615134803,0.07980966637016527
node,random,13,20360918,0.2,0.20023081361800346,347,0.3594243594243594,0.20023081361800346,0.00015172879131838452,0.22584473857081272,0.7741552614291873,0.054241200230813615,0.060880829015544036,6203683486.3614025,2.9405080929841576,0.052296900334203845
node,random,13,20360918,0.22,0.21984997114829774,381,0.39522639522639524,0.21984997114829774,0.00014049294673780147,0.2091204480793706,0.7908795519206294,0.031736872475476054,0.03562176165803109,6311661970.080423,3.00909477860382,0.024738533498282495
node,random,13,20360918,0.24,0.2400461627236007,416,0.4254124254124254,0.2400461627236007,0.0001376711607774295,0.20492028602057102,0.795079713979429,0.031736872475476054,0.03562176165803109,6334784029.86435,3.023781643900113,0.019038702496612978
node,random,13,20360918,0.26,0.26024235429890363,451,0.45243945243945244,0.26024235429890363,0.00013538598332154175,0.20151885310445478,0.7984811468955453,0.031736872475476054,0.03562176165803109,6354816356.269285,3.0365059462429853,0.014278459490684738
node,random,13,20360918,0.28,0.27986151182919794,485,0.4822744822744823,0.27986151182919794,0.00013255662718890323,0.19730742302221932,0.8026925769777806,0.031736872475476054,0.03562176165803109,6375026399.752087,3.0493431324209426,0.009981030022816226
node,random,13,20360918,0.3,0.3000577034045009,520,0.5093015093015093,0.3000577034045009,0.00012951748369314072,0.19278372938229968,0.8072162706177003,0.021350259665320254,0.02396373056994819,6379866872.073079,3.0524177445278737,0.00898280706316809
node,random,13,20360918,0.32,0.32025389497980383,555,0.5366795366795367,0.32025389497980383,0.00012902835914362876,0.19205567899019385,0.8079443210098062,0.013271783035199077,0.01489637305699482,6381549012.466693,3.053486220675818,0.008635908857599408
node,random,13,20360918,0.34,0.3398730525100981,589,0.564057564057564,0.3398730525100981,0.00012815216524660595,0.19075148497473357,0.8092485150252664,0.008655510675129832,0.009715025906735751,6382176502.67587,3.0538847952086687,0.008506505135768649
node,random,13,20360918,0.36,0.36006924408540103,624,0.5910845910845911,0.36006924408540103,3.189424912942224e-05,0.04747383996114357,0.9525261600388564,0.008655510675129832,0.009715025906735751,6399451942.98978,3.064857955350782,0.004943889751193791
node,random,13,20360918,0.38,0.380265435660704,659,0.6177606177606177,0.380265435660704,3.189424912942224e-05,0.04747383996114357,0.9525261600388564,0.008655510675129832,0.009715025906735751,6399451942.98978,3.064857955350782,0.004943889751193791
node,random,13,20360918,0.4,0.3998845931909983,693,0.6447876447876448,0.3998845931909983,3.189424912942224e-05,0.04747383996114357,0.9525261600388564,0.008655510675129832,0.009715025906735751,6399451942.98978,3.064857955350782,0.004943889751193791
node,random,14,20360919,0.0,0.0,0,0.0,0.0,0.0006718278773220594,1.0,0.0,0.8909405654933641,1.0,1574335933.3296878,0.0,1.0
node,random,14,20360919,0.02,0.020196191575302943,35,0.04387504387504387,0.020196191575302943,0.0005832616495996041,0.8681712523221203,0.13182874767787967,0.8528563185227929,0.9572538860103628,2039826642.044149,0.2956743213819416,0.9276251513931023
node,random,14,20360919,0.04,0.03981534910559723,69,0.08634608634608634,0.03981534910559723,0.000493690891044901,0.734847284118037,0.265152715881963,0.777264858626659,0.8724093264248705,2848306577.128276,0.8092114375514294,0.7779599058389948
node,random,14,20360919,0.06,0.06001154068090017,104,0.13127413127413126,0.06001154068090017,0.0004310213409226629,0.6415651321894177,0.3584348678105823,0.7184073860357761,0.8063471502590674,3445080534.899445,1.1882753623066782,0.6789255349787204
node,random,14,20360919,0.08,0.08020773225620312,139,0.17514917514917516,0.08020773225620312,0.0003343669317020468,0.49769731651334664,0.5023026834866533,0.5926139642238892,0.6651554404145078,4250841461.411285,1.7000853956377935,0.5285094558456889
node,random,14,20360919,0.1,0.0998268897864974,173,0.2098982098982099,0.0998268897864974,0.0002982149377719134,0.4438859235204909,0.5561140764795092,0.5302942873629544,0.5952072538860104,4643803033.946085,1.949690047488491,0.4479240941587521
node,random,14,20360919,0.12,0.12002308136180034,208,0.2457002457002457,0.12002308136180034,0.00024694415352942764,0.3675705666066728,0.6324294333933271,0.4645124062319677,0.5213730569948187,5064655961.710161,2.217010966013155,0.36050772534020087
node,random,14,20360919,0.14,0.1402192729371033,243,0.28185328185328185,0.1402192729371033,0.00020695927463678184,0.30805401446235336,0.6919459855376466,0.1350259665320254,0.15155440414507773,5678454623.701555,2.6068887862400123,0.18373752902130944
node,random,14,20360919,0.16,0.15983843046739757,277,0.3123903123903124,0.15983843046739757,0.00016270973951820213,0.24218962179237272,0.7578103782076273,0.11944604731679169,0.13406735751295337,5961801542.470735,2.786867476156533,0.1056160372616986
node,random,14,20360919,0.18,0.18003462204270052,312,0.3464373464373464,0.18003462204270052,0.00014362155512943594,0.21377730811338,0.78622269188662,0.08193883439122908,0.09196891191709844,6164985018.063013,2.9159272729195713,0.0608631139731883
node,random,14,20360919,0.2,0.20023081361800346,347,0.378027378027378,0.20023081361800346,0.00013834918390035638,0.20592950749799693,0.794070492502003,0.06174264281592614,0.06930051813471502,6220296808.039596,2.9510606830168684,0.04772344194813336
node,random,14,20360919,0.22,0.21984997114829774,381,0.4096174096174096,0.21984997114829774,0.00012717333249478397,0.18929451543705428,0.8107054845629458,0.02192729371032891,0.02461139896373057,6315758070.382432,3.0116965742023907,0.02386793868519197
node,random,14,20360919,0.24,0.2400461627236007,416,0.44155844155844154,0.2400461627236007,0.00012431213517700784,0.1850356904993619,0.8149643095006381,0.02192729371032891,0.02461139896373057,6348238935.937121,3.03232804482251,0.016419043145762164
node,random,14,20360919,0.26,0.26024235429890363,451,0.47174447174447176,0.26024235429890363,0.00012315881785198958,0.18331900477679938,0.8166809952232006,0.02192729371032891,0.02461139896373057,6355715879.763534,3.0370773131763094,0.014790931890354384
node,random,14,20360919,0.28,0.27986151182919794,485,0.49982449982449983,0.27986151182919794,0.00011866609859793181,0.1766316977957822,0.8233683022042178,0.013271783035199077,0.01489637305699482,6378648761.806773,3.0516440149568735,0.009323956484612069
node,random,14,20360919,0.3,0.3000577034045009,520,0.525096525096525,0.3000577034045009,0.00011844477844447695,0.17630226795083878,0.8236977320491612,0.008078476630121177,0.009067357512953367,6381663950.648603,3.0535592280813386,0.00862261780698477
node,random,14,20360919,0.32,0.32025389497980383,555,0.5549315549315549,0.32025389497980383,0.00011642128750329289,0.17329034925932837,0.8267096507406716,0.008078476630121177,0.009067357512953367,6384165812.184793,3.055148381630606,0.008098469279641285
node,random,14,20360919,0.34,0.3398730525100981,589,0.5812565812565813,0.3398730525100981,0.00011595805810392163,0.17260084318938423,0.8273991568106158,0.008078476630121177,0.009067357512953367,6384673360.075572,3.0554707701882404,0.007993793757348659
node,random,14,20360919,0.36,0.36006924408540103,624,0.6054756054756055,0.36006924408540103,0.00011585293845256204,0.17244437505981122,0.8275556249401887,0.008078476630121177,0.009067357512953367,6385197312.562977,3.055803578756166,0.007883535743356384
node,random,14,20360919,0.38,0.380265435660704,659,0.6286416286416286,0.380265435660704,0.00011565863987406157,0.17215516619388121,0.8278448338061188,0.008078476630121177,0.009067357512953367,6385474622.744856,3.055979722980539,0.007826347648447767
node,random,14,20360919,0.4,0.3998845931909983,693,0.6482976482976482,0.3998845931909983,6.951390753792648e-05,0.10346981702368843,0.8965301829763116,0.0075014425851125215,0.008419689119170985,6392659487.617737,3.0605434661568034,0.006344654003186295
node,random,15,20360920,0.0,0.0,0,0.0,0.0,0.0006718278773220594,1.0,0.0,0.8909405654933641,1.0,1574335933.3296878,0.0,1.0
node,random,15,20360920,0.02,0.020196191575302943,35,0.03896103896103896,0.020196191575302943,0.0006108457930336243,0.9092296012908652,0.09077039870913484,0.8407386035776111,0.9436528497409327,2041969952.1763716,0.29703572722096705,0.9187783891158771
node,random,15,20360920,0.04,0.03981534910559723,69,0.07686907686907687,0.03981534910559723,0.000536022921372931,0.7978575159898783,0.2021424840101217,0.7651471436814772,0.8588082901554404,2686451585.914941,0.7064030166885358,0.8139213578699825
node,random,15,20360920,0.06,0.06001154068090017,104,0.11232011232011233,0.06001154068090017,0.000500937279089474,0.7456333623520296,0.2543666376479704,0.7114829774956722,0.7985751295336788,3033204524.830355,0.926656478211223,0.7511972764861349
node,random,15,20360920,0.08,0.08020773225620312,139,0.14355914355914356,0.08020773225620312,0.0004348221213710506,0.6472225045264184,0.3527774954735816,0.6156953260242354,0.6910621761658031,3543110112.4809012,1.250542617665657,0.6465142465206062
node,random,15,20360920,0.1,0.0998268897864974,173,0.18287118287118287,0.0998268897864974,0.00038249210223467093,0.5693305013767875,0.43066949862321247,0.5551067512983267,0.623056994818653,4124776063.744427,1.6200101111969234,0.5677530115155166
node,random,15,20360920,0.12,0.12002308136180034,208,0.21691821691821692,0.12002308136180034,0.00030201742027450565,0.44954582932515796,0.550454170674842,0.16330063473744952,0.18329015544041452,5262171809.301759,2.3424707509358402,0.2750986236587682
node,random,15,20360920,0.14,0.1402192729371033,243,0.25307125307125306,0.1402192729371033,0.00023714930130835685,0.352991159363089,0.647008840636911,0.11598384304673975,0.13018134715025906,5623018685.290068,2.5716765184908787,0.1899593774641402
node,random,15,20360920,0.16,0.15983843046739757,277,0.28711828711828713,0.15983843046739757,0.00020782191291459162,0.3093380312573222,0.6906619687426778,0.09694171956145413,0.10880829015544043,5952834354.463863,2.781171621912829,0.10674165330649132
node,random,15,20360920,0.18,0.18003462204270052,312,0.32151632151632153,0.18003462204270052,0.00018970693239976025,0.2823743086636147,0.7176256913363853,0.06347374495095211,0.07124352331606218,6146695030.324531,2.904309683972212,0.06533496876503497
node,random,15,20360920,0.2,0.20023081361800346,347,0.3545103545103545,0.20023081361800346,0.00018445381412426014,0.27455516561697707,0.7254448343830229,0.03750721292556261,0.042098445595854926,6209123225.582407,2.9439633525039604,0.045255421200080345
node,random,15,20360920,0.22,0.21984997114829774,381,0.38434538434538434,0.21984997114829774,0.00018025461878986855,0.2683047620893208,0.7316952379106791,0.03750721292556261,0.042098445595854926,6238747954.391821,2.9627806380541655,0.03894325235515591
node,random,15,20360920,0.24,0.2400461627236007,416,0.41593541593541594,0.2400461627236007,0.0001777881795617132,0.2646335252868429,0.7353664747131571,0.03750721292556261,0.042098445595854926,6255772734.457573,2.973594581701977,0.03530312866596635
node,random,15,20360920,0.26,0.26024235429890363,451,0.4457704457704458,0.26024235429890363,0.0001531046060921086,0.22789260651462018,0.7721073934853798,0.018465089440276975,0.02072538860103627,6324308046.777288,3.0171274204492735,0.020561448937632537
node,random,15,20360920,0.28,0.27986151182919794,485,0.4777114777114777,0.27986151182919794,0.00013396381215252093,0.19940198475613666,0.8005980152438633,0.018465089440276975,0.02072538860103627,6349572800.22318,3.0331753000098045,0.015315263728773964
node,random,15,20360920,0.3,0.3000577034045009,520,0.5078975078975079,0.3000577034045009,0.0001323269882442782,0.19696561085220282,0.8030343891477971,0.014425851125216388,0.016191709844559584,6361237780.123748,3.04058476050271,0.012825142172075973
node,random,15,20360920,0.32,0.32025389497980383,555,0.5356265356265356,0.32025389497980383,0.0001302450136308356,0.19386664058954947,0.8061333594104505,0.013271783035199077,0.01489637305699482,6369551848.590229,3.0458657607584163,0.01111048899882649
node,random,15,20360920,0.34,0.3398730525100981,589,0.5594945594945595,0.3398730525100981,0.00012892799838854768,0.19190629436584464,0.8080937056341554,0.013271783035199077,0.01489637305699482,6374661206.821331,3.0491111660895998,0.010056431995571274
node,random,15,20360920,0.36,0.36006924408540103,624,0.5854685854685855,0.36006924408540103,0.00012474926450378726,0.1856863472248938,0.8143136527751063,0.013271783035199077,0.01489637305699482,6382760919.862431,3.0542560102550818,0.008386074437875445
node,random,15,20360920,0.38,0.380265435660704,659,0.6135486135486136,0.380265435660704,0.00012457624757752586,0.18542881559796717,0.8145711844020328,0.013271783035199077,0.01489637305699482,6382887259.3595915,3.054336259644355,0.008360020164983595
node,random,15,20360920,0.4,0.3998845931909983,693,0.6367146367146367,0.3998845931909983,4.489172837551393e-05,0.06682028223427507,0.933179717765725,0.01154068090017311,0.01295336787564767,6392992341.878659,3.060754891338606,0.006301932622862035
node,random,16,20360921,0.0,0.0,0,0.0,0.0,0.0006718278773220594,1.0,0.0,0.8909405654933641,1.0,1574335933.3296878,0.0,1.0
node,random,16,20360921,0.02,0.020196191575302943,35,0.037557037557037556,0.020196191575302943,0.0006166448445354065,0.9178613531093481,0.08213864689065187,0.8349682631275245,0.9371761658031088,1922089078.0297334,0.22088878068390075,0.9415994572676016
node,random,16,20360921,0.04,0.03981534910559723,69,0.07441207441207441,0.03981534910559723,0.00045871913961023056,0.682792654330911,0.31720734566908904,0.7836122331217542,0.8795336787564767,2439407913.493203,0.5494837295201069,0.8601534085280385
node,random,16,20360921,0.06,0.06001154068090017,104,0.11196911196911197,0.06001154068090017,0.00040024266580941073,0.5957517979230018,0.4042482020769982,0.7137911136757069,0.8011658031088084,2992518135.078358,0.900812953401403,0.7627447612167587
node,random,16,20360921,0.08,0.08020773225620312,139,0.15057915057915058,0.08020773225620312,0.0003547330298813978,0.5280117748245011,0.4719882251754989,0.6618580496249279,0.7428756476683939,3444064112.7043877,1.1876297426688747,0.683473612037156
node,random,16,20360921,0.1,0.0998268897864974,173,0.18532818532818532,0.0998268897864974,0.0002890489344528105,0.4302425430825742,0.5697574569174257,0.603000577034045,0.6768134715025906,3956573059.449518,1.5131695057492895,0.5886465141953054
node,random,16,20360921,0.12,0.12002308136180034,208,0.21797121797121796,0.12002308136180034,0.0002457920940472086,0.36585575315354374,0.6341442468464562,0.5118291979226774,0.5744818652849741,4519999459.5753565,1.871051447079437,0.5345719777046949
node,random,16,20360921,0.14,0.1402192729371033,243,0.25307125307125306,0.1402192729371033,0.00018066716418298193,0.26891882620758545,0.7310811737924146,0.4085401038661281,0.4585492227979275,5095969882.448163,2.236901206764869,0.38131501884063834
node,random,16,20360921,0.16,0.15983843046739757,277,0.2885222885222885,0.15983843046739757,0.0001311557975581797,0.19522232105189424,0.8047776789481058,0.10502019619157531,0.11787564766839378,5721079901.560887,2.6339638703798887,0.17179016272871747
node,random,16,20360921,0.18,0.18003462204270052,312,0.3208143208143208,0.18003462204270052,8.578741072292384e-05,0.1276925439070449,0.8723074560929551,0.07501442585112522,0.08419689119170985,6099751185.528526,2.8744914959970957,0.07581806883479736
node,random,16,20360921,0.2,0.20023081361800346,347,0.3517023517023517,0.20023081361800346,8.227862953946328e-05,0.12246980561067242,0.8775301943893276,0.05654933641084824,0.06347150259067358,6145544194.827085,2.9035786865573128,0.06543511532576747
node,random,16,20360921,0.22,0.21984997114829774,381,0.3846963846963847,0.21984997114829774,4.518774219335467e-05,0.0672608918425287,0.9327391081574713,0.03346797461050202,0.03756476683937824,6292380364.645141,2.9968473255494374,0.028592566429528562
node,random,16,20360921,0.24,0.2400461627236007,416,0.4145314145314145,0.2400461627236007,3.0024026278821505e-05,0.04469005721896928,0.9553099427810308,0.027120600115406807,0.030440414507772018,6332578833.629979,3.0223809287238375,0.01993860127640305
node,random,16,20360921,0.26,0.26024235429890363,451,0.44506844506844506,0.26024235429890363,2.7280818892356993e-05,0.04060685751996441,0.9593931424800356,0.027120600115406807,0.030440414507772018,6355163933.4418125,3.0367267232481776,0.014661382196161218
node,random,16,20360921,0.28,0.27986151182919794,485,0.47630747630747633,0.27986151182919794,1.7611561465679388e-05,0.026214395174966515,0.9737856048250335,0.024235429890363532,0.027202072538860107,6384495517.305687,3.0553578065150373,0.008276732636977771
node,random,16,20360921,0.3,0.3000577034045009,520,0.5036855036855037,0.3000577034045009,1.4523549837162166e-05,0.021617962468383697,0.9783820375316163,0.024235429890363532,0.027202072538860107,6395418298.936112,3.0622958312397377,0.005997344974025388
node,random,16,20360921,0.32,0.32025389497980383,555,0.53001053001053,0.32025389497980383,1.336686696852206e-05,0.019896267213267607,0.9801037327867324,0.0207732256203116,0.023316062176165806,6402950710.946303,3.067080332343171,0.004363073999821254
node,random,16,20360921,0.34,0.3398730525100981,589,0.5524745524745525,0.3398730525100981,1.3043202928754198e-05,0.019414500899761825,0.9805854991002382,0.018465089440276975,0.02072538860103627,6403707543.664973,3.067561063744041,0.004206996711017712
node,random,16,20360921,0.36,0.36006924408540103,624,0.5812565812565813,0.36006924408540103,1.1591159137524708e-05,0.017253167855623478,0.9827468321443765,0.008655510675129832,0.009715025906735751,6408041211.642934,3.070313759586278,0.0033130748093913973
node,random,16,20360921,0.38,0.380265435660704,659,0.6061776061776062,0.380265435660704,1.0068925027522677e-05,0.014987358172241873,0.9850126418277582,0.008655510675129832,0.009715025906735751,6415247712.261609,3.0748912455383604,0.0016865087947576971
node,random,16,20360921,0.4,0.3998845931909983,693,0.6286416286416286,0.3998845931909983,9.896518295747737e-06,0.014730734805462034,0.985269265194538,0.008655510675129832,0.009715025906735751,6415528692.736363,3.0750697210903732,0.0016284684525918116
node,random,17,20360922,0.0,0.0,0,0.0,0.0,0.0006718278773220594,1.0,0.0,0.8909405654933641,1.0,1574335933.3296878,0.0,1.0
node,random,17,20360922,0.02,0.020196191575302943,35,0.04247104247104247,0.020196191575302943,0.0005735530319427461,0.8537202031999,0.14627979680009995,0.8326601269474899,0.9345854922279793,2276804778.177078,0.44620009616478923,0.8807117890965127
node,random,17,20360922,0.04,0.03981534910559723,69,0.07827307827307828,0.03981534910559723,0.00053754221454708,0.8001189481593872,0.19988105184061278,0.7864974033467974,0.8827720207253885,2574200872.9012012,0.6351026603685656,0.835211519238862
node,random,17,20360922,0.06,0.06001154068090017,104,0.12074412074412075,0.06001154068090017,0.0004686852110032207,0.6976269172863504,0.3023730827136496,0.6814772071552222,0.7648963730569949,3408278605.4714093,1.1648992018259856,0.6670753111326889
node,random,17,20360922,0.08,0.08020773225620312,139,0.16286416286416286,0.08020773225620312,0.0003532842283403429,0.5258552677935189,0.4741447322064811,0.5470282746682055,0.6139896373056996,4323395743.934487,1.746171037835994,0.4777783699857064
node,random,17,20360922,0.1,0.0998268897864974,173,0.20042120042120043,0.0998268897864974,0.00031720562700327095,0.4721531179498966,0.5278468820501034,0.48066935949221,0.5395077720207254,4686803360.724143,1.9770033583694244,0.4056455519065959
node,random,17,20360922,0.12,0.12002308136180034,208,0.23657423657423657,0.12002308136180034,0.00026920441340485526,0.40070444006866457,0.5992955599313354,0.3566070398153491,0.40025906735751293,5176809822.327167,2.288249802809443,0.29375053585639105
node,random,17,20360922,0.14,0.1402192729371033,243,0.26956826956826957,0.1402192729371033,0.0002246486509507566,0.334384235209497,0.665615764790503,0.30813618003462206,0.34585492227979275,5627963020.605383,2.5748171031721023,0.1988874622867231
node,random,17,20360922,0.16,0.15983843046739757,277,0.30115830115830117,0.15983843046739757,0.00020305481418183454,0.3022423168732169,0.6977576831267831,0.18061165608770918,0.20272020725388604,5914280244.605409,2.7566824966618326,0.11979470889470503
node,random,17,20360922,0.18,0.18003462204270052,312,0.33696033696033695,0.18003462204270052,0.00018532465866554,0.27585139724218305,0.724148602757817,0.15406809001731103,0.17292746113989638,6016623983.827947,2.821690057663177,0.09767809309594046
node,random,17,20360922,0.2,0.20023081361800346,347,0.37135837135837135,0.20023081361800346,0.00017553345169884062,0.2612774158740272,0.7387225841259728,0.10444316214656665,0.11722797927461141,6126069593.477662,2.8912086447275276,0.07348848151713544
node,random,17,20360922,0.22,0.21984997114829774,381,0.40365040365040367,0.21984997114829774,0.000169579010482712,0.25241437011911844,0.7475856298808816,0.05654933641084824,0.06347150259067358,6213504879.331161,2.9467465283535303,0.04877506908856545
node,random,17,20360922,0.24,0.2400461627236007,416,0.43173043173043174,0.2400461627236007,0.0001621043867796685,0.2412885684735575,0.7587114315264425,0.021350259665320254,0.02396373056994819,6306044457.949805,3.0055265997852514,0.02466384538591492
node,random,17,20360922,0.26,0.26024235429890363,451,0.464022464022464,0.26024235429890363,0.00014552597613259465,0.21661199400160158,0.7833880059983984,0.016156953260242354,0.018134715025906734,6333357587.254712,3.0228755840310346,0.018680125963679305
node,random,17,20360922,0.28,0.27986151182919794,485,0.491049491049491,0.27986151182919794,0.00014385119375518138,0.21411911980875173,0.7858808801912482,0.016156953260242354,0.018134715025906734,6337701763.5763445,3.025634954651792,0.017780281847658508
node,random,17,20360922,0.3,0.3000577034045009,520,0.5184275184275184,0.3000577034045009,0.0001406020085961641,0.20928278409138212,0.7907172159086179,0.009809578765147143,0.011010362694300517,6347748646.182229,3.0320166184334445,0.015670644719572115
node,random,17,20360922,0.32,0.32025389497980383,555,0.5472095472095472,0.32025389497980383,0.00011045194671919588,0.16440512584780353,0.8355948741521965,0.009809578765147143,0.011010362694300517,6371189092.695102,3.04690571930234,0.010821650847026167
node,random,17,20360922,0.34,0.3398730525100981,589,0.5686205686205686,0.3398730525100981,0.00011021462326940555,0.16405187547251945,0.8359481245274806,0.009809578765147143,0.011010362694300517,6372078349.840206,3.0474705651692724,0.01062940277090487
node,random,17,20360922,0.36,0.36006924408540103,624,0.5903825903825903,0.36006924408540103,0.00011009388685514903,0.1638721621585412,0.8361278378414588,0.009809578765147143,0.011010362694300517,6372760720.879381,3.04790399937142,0.010487434581081747
node,random,17,20360922,0.38,0.380265435660704,659,0.6188136188136188,0.380265435660704,0.00010996026636159421,0.16367327119544595,0.836326728804554,0.008078476630121177,0.009067357512953367,6373795381.040218,3.048561203554424,0.01027298241620922
node,random,17,20360922,0.4,0.3998845931909983,693,0.6416286416286416,0.3998845931909983,0.00010986931407579096,0.16353789085641357,0.8364621091435864,0.008078476630121177,0.009067357512953367,6374257455.387743,3.0488547078426396,0.01017628260469301
node,random,18,20360923,0.0,0.0,0,0.0,0.0,0.0006718278773220594,1.0,0.0,0.8909405654933641,1.0,1574335933.3296878,0.0,1.0
node,random,18,20360923,0.02,0.020196191575302943,35,0.044577044577044575,0.020196191575302943,0.0005408965544584427,0.8051118042533221,0.19488819574667793,0.8303519907674553,0.9319948186528497,2374039777.3168445,0.5079626444756296,0.8465590120917653
node,random,18,20360923,0.04,0.03981534910559723,69,0.08213408213408213,0.03981534910559723,0.0004939918781358387,0.7352952963263685,0.2647047036736315,0.7726485862665897,0.8672279792746114,2789751781.487226,0.7720181077153965,0.7727637526058879
node,random,18,20360923,0.06,0.06001154068090017,104,0.1217971217971218,0.06001154068090017,0.0004197311214033671,0.6247599058801148,0.37524009411988524,0.6630121177149452,0.7441709844559585,3525546293.5512743,1.2393862827578463,0.6305937334285613
node,random,18,20360923,0.08,0.08020773225620312,139,0.15795015795015796,0.08020773225620312,0.0003548805467146004,0.5282313501624443,0.47176864983755573,0.6035776110790536,0.677461139896373,3885421700.1352997,1.4679749841685397,0.561355189735223
node,random,18,20360923,0.1,0.0998268897864974,173,0.19164619164619165,0.0998268897864974,0.00031613026737059644,0.4705524704195188,0.5294475295804812,0.5435660703981535,0.6101036269430052,4333919913.031544,1.7528558684837947,0.4688535290098698
node,random,18,20360923,0.12,0.12002308136180034,208,0.22744822744822746,0.12002308136180034,0.00026633537978816487,0.3964339509842781,0.603566049015722,0.49624927870744373,0.5569948186528497,4662462577.833693,1.9615423742331033,0.40912271050105886
node,random,18,20360923,0.14,0.1402192729371033,243,0.2607932607932608,0.1402192729371033,0.00023443080287542377,0.3489447383604817,0.6510552616395183,0.40738603577611077,0.45725388601036265,5030455443.296212,2.195287191760213,0.34365982892000074
node,random,18,20360923,0.16,0.15983843046739757,277,0.29764829764829764,0.15983843046739757,0.00018803423189049992,0.2798845332825635,0.7201154667174365,0.24985574148874784,0.280440414507772,5593977570.361096,2.553229937736319,0.20064965628120007
node,random,18,20360923,0.18,0.18003462204270052,312,0.32923832923832924,0.18003462204270052,0.00017096768244611284,0.2544813756874735,0.7455186243125265,0.2140796306982112,0.24028497409326427,5805891786.525507,2.687835400063674,0.15224739481683902
node,random,18,20360923,0.2,0.20023081361800346,347,0.3625833625833626,0.20023081361800346,0.00014428941337799693,0.21477139941429937,0.7852286005857007,0.10040392383150606,0.11269430051813473,6109947718.61893,2.880968216037931,0.07138301225054614
node,random,18,20360923,0.22,0.21984997114829774,381,0.39241839241839244,0.21984997114829774,0.00013428280729871732,0.199876801531332,0.800123198468668,0.07616849394114253,0.08549222797927461,6184359103.290225,2.928233468069571,0.0578822650898414
node,random,18,20360923,0.24,0.2400461627236007,416,0.42435942435942436,0.2400461627236007,0.00012039280263415813,0.1792018561570414,0.8207981438429586,0.04558568955568378,0.051165803108808285,6323087082.585804,3.016351878097965,0.022178869565043963
node,random,18,20360923,0.26,0.26024235429890363,451,0.4506844506844507,0.26024235429890363,0.00012013198063458355,0.17881362874287957,0.8211863712571205,0.04270051933064051,0.04792746113989638,6323782598.508028,3.016793661777991,0.022035979031201584
node,random,18,20360923,0.28,0.27986151182919794,485,0.47911547911547914,0.27986151182919794,0.00011798757072273614,0.17562172500647144,0.8243782749935286,0.04270051933064051,0.04792746113989638,6337042170.857593,3.025215988975669,0.018952110521204733
node,random,18,20360923,0.3,0.3000577034045009,520,0.5057915057915058,0.3000577034045009,0.00011357790963457352,0.1690580481526026,0.8309419518473974,0.016156953260242354,0.018134715025906734,6356603049.892769,3.0376408333948683,0.014419563772680557
node,random,18,20360923,0.32,0.32025389497980383,555,0.5324675324675324,0.32025389497980383,0.0001118574271247944,0.16649715038718532,0.8335028496128147,0.015002885170225043,0.01683937823834197,6361991573.084798,3.041063561084652,0.013259610058185859
node,random,18,20360923,0.34,0.3398730525100981,589,0.5524745524745525,0.3398730525100981,0.00011173648528723195,0.1663171313054459,0.8336828686945541,0.015002885170225043,0.01683937823834197,6364834011.077224,3.0428690448649873,0.012659632628506466
node,random,18,20360923,0.36,0.36006924408540103,624,0.5784485784485784,0.36006924408540103,0.0001101876685415295,0.16401175399381052,0.8359882460061895,0.015002885170225043,0.01683937823834197,6370823917.318066,3.0466737641209174,0.011419286006191555
node,random,18,20360923,0.38,0.380265435660704,659,0.6065286065286065,0.380265435660704,0.00010953120289120022,0.16303462030750682,0.8369653796924932,0.013271783035199077,0.01489637305699482,6371695871.23815,3.047227619179183,0.011240031784671494
node,random,18,20360923,0.4,0.3998845931909983,693,0.6346086346086346,0.3998845931909983,0.00010357232761173284,0.15416497455356795,0.8458350254464321,0.0075014425851125215,0.008419689119170985,6392252796.948118,3.060285140941067,0.006434740458201954
node,random,19,20360924,0.0,0.0,0,0.0,0.0,0.0006718278773220594,1.0,0.0,0.8909405654933641,1.0,1574335933.3296878,0.0,1.0
node,random,19,20360924,0.02,0.020196191575302943,35,0.040365040365040364,0.020196191575302943,0.0005693247489803475,0.8474265034218369,0.1525734965781631,0.8528563185227929,0.9572538860103628,1982405150.3392928,0.2592008531156035,0.939660363392166
node,random,19,20360924,0.04,0.03981534910559723,69,0.07722007722007722,0.03981534910559723,0.0005129318620829055,0.7634870171322429,0.23651298286775713,0.8015002885170225,0.8996113989637305,2447151988.468928,0.5544026764943694,0.8620442895988785
node,random,19,20360924,0.06,0.06001154068090017,104,0.11196911196911197,0.06001154068090017,0.000468690163071352,0.6976342883233355,0.3023657116766645,0.7443739180611656,0.8354922279792746,2850484312.441819,0.8105947098679911,0.794870294162901
node,random,19,20360924,0.08,0.08020773225620312,139,0.14987714987714987,0.08020773225620312,0.0004051827796729656,0.6031050412615283,0.3968949587384717,0.6739757645701097,0.7564766839378239,3457567729.2025204,1.1962070838908163,0.6934516767883395
node,random,19,20360924,0.1,0.0998268897864974,173,0.184977184977185,0.0998268897864974,0.0003602370539497842,0.5362043852447859,0.46379561475521414,0.6018465089440277,0.6755181347150259,3946647570.6008587,1.5068649498800302,0.5988517306255196
node,random,19,20360924,0.12,0.12002308136180034,208,0.22218322218322217,0.12002308136180034,0.0003254439504507179,0.48441566870960207,0.5155843312903979,0.5320253894979804,0.5971502590673575,4369118493.507688,1.7752136002302206,0.5183912152168837
node,random,19,20360924,0.14,0.1402192729371033,243,0.2607932607932608,0.1402192729371033,0.0002911750929545346,0.433407280024124,0.566592719975876,0.40565493364108485,0.4553108808290156,4892808821.586323,2.1078556475796963,0.3922205180623914
node,random,19,20360924,0.16,0.15983843046739757,277,0.290979290979291,0.15983843046739757,0.0002606342789736717,0.38794799646089917,0.6120520035391008,0.24812463935372187,0.27849740932642486,5359017803.053894,2.403986207517783,0.27942765461402885
node,random,19,20360924,0.18,0.18003462204270052,312,0.3253773253773254,0.18003462204270052,0.0002249547965793338,0.33483992577982213,0.6651600742201779,0.1454125793421812,0.16321243523316062,5750214979.9492,2.652470135638468,0.17634493642280882
node,random,19,20360924,0.2,0.20023081361800346,347,0.3597753597753598,0.20023081361800346,0.00020489132246047912,0.3049759162677002,0.6950240837322998,0.054241200230813615,0.060880829015544036,5984229324.218573,2.801113344063774,0.09780422741560713
node,random,19,20360924,0.22,0.21984997114829774,381,0.3885573885573886,0.21984997114829774,0.00019701993782070647,0.293259545296093,0.706740454703907,0.05193306405077899,0.05829015544041451,6060958428.598436,2.849850784882763,0.07891320031853058
node,random,19,20360924,0.24,0.2400461627236007,416,0.4173394173394173,0.2400461627236007,0.00018508019043856787,0.2754875120340452,0.7245124879659548,0.03577611079053664,0.040155440414507776,6143275695.1377945,2.902137761757679,0.06108509146148745
node,random,19,20360924,0.26,0.26024235429890363,451,0.4517374517374517,0.26024235429890363,0.00018084464492134887,0.2691830021138822,0.7308169978861179,0.02308136180034622,0.02590673575129534,6179185893.353697,2.9249475048726397,0.051459869398054
node,random,19,20360924,0.28,0.27986151182919794,485,0.47630747630747633,0.27986151182919794,0.00017535109100410494,0.2610059762674086,0.7389940237325914,0.02308136180034622,0.02590673575129534,6207740426.414188,2.9430850144447547,0.045288000668018275
node,random,19,20360924,0.3,0.3000577034045009,520,0.5082485082485082,0.3000577034045009,0.00017483908610044373,0.2602438690060933,0.7397561309939067,0.02308136180034622,0.02590673575129534,6215464629.263039,2.9479913388735652,0.043416138342636496
node,random,19,20360924,0.32,0.32025389497980383,555,0.5321165321165321,0.32025389497980383,0.00014468433363747172,0.21535922893552878,0.7846407710644712,0.022504327755337564,0.025259067357512953,6221920957.989445,2.952092324304769,0.042059945587352175
node,random,19,20360924,0.34,0.3398730525100981,589,0.5573885573885574,0.3398730525100981,0.00013973085491390824,0.2079860923171016,0.7920139076828984,0.0103866128101558,0.011658031088082903,6255567320.454881,2.9734641051001645,0.03503080870525083
node,random,19,20360924,0.36,0.36006924408540103,624,0.5837135837135837,0.36006924408540103,0.00012117592380434143,0.18036751360684067,0.8196324863931593,0.009809578765147143,0.011010362694300517,6293599133.182921,2.997621473246875,0.027187052664225466
node,random,19,20360924,0.38,0.380265435660704,659,0.6110916110916111,0.380265435660704,0.000120556323438083,0.17944525302913408,0.820554746970866,0.009809578765147143,0.011010362694300517,6298576181.997631,3.000782837165047,0.0261582260546965
node,random,19,20360924,0.4,0.3998845931909983,693,0.6342576342576343,0.3998845931909983,0.00011860044214600954,0.17653396971074947,0.8234660302892505,0.009809578765147143,0.011010362694300517,6303153399.152036,3.0036902326309716,0.02521012283954443
node,random,20,20360925,0.0,0.0,0,0.0,0.0,0.0006718278773220594,1.0,0.0,0.8909405654933641,1.0,1574335933.3296878,0.0,1.0
node,random,20,20360925,0.02,0.020196191575302943,35,0.03825903825903826,0.020196191575302943,0.0006190989181721315,0.9215141840197103,0.0784858159802897,0.8597807270628968,0.9650259067357514,1943018172.451289,0.23418269971253583,0.9422607128982298
node,random,20,20360925,0.04,0.03981534910559723,69,0.07722007722007722,0.03981534910559723,0.0005647775480851473,0.8406581017989009,0.15934189820109912,0.8130409694171956,0.9125647668393783,2412171115.078308,0.532183229773976,0.869091176800039
node,random,20,20360925,0.06,0.06001154068090017,104,0.11477711477711477,0.06001154068090017,0.0005155426820376727,0.7673731612517367,0.2326268387482633,0.7466820542412003,0.8380829015544042,2944696257.774483,0.8704370493192719,0.7882766961801467
node,random,20,20360925,0.08,0.08020773225620312,139,0.15408915408915408,0.08020773225620312,0.00044241591740925987,0.6585256913910041,0.34147430860899586,0.6687824581650318,0.7506476683937825,3737910389.254989,1.3742775033720958,0.6631303883653403
node,random,20,20360925,0.1,0.0998268897864974,173,0.18883818883818884,0.0998268897864974,0.0003608449065351562,0.5371091595268459,0.4628908404731541,0.2908251586843624,0.32642487046632124,4876859251.930349,2.0977246651646277,0.3566037540541062
node,random,20,20360925,0.12,0.12002308136180034,208,0.22464022464022465,0.12002308136180034,0.00032474237400908514,0.4833713886710463,0.5166286113289538,0.27293710328909404,0.30634715025906734,5289150545.244198,2.359607332380297,0.26600238615522487
node,random,20,20360925,0.14,0.1402192729371033,243,0.2614952614952615,0.1402192729371033,0.00026068686841679165,0.388026274610549,0.611973725389451,0.19734564339296018,0.22150259067357514,5645061638.571885,2.585677947801583,0.18936555775956107
node,random,20,20360925,0.16,0.15983843046739757,277,0.29764829764829764,0.15983843046739757,0.0002234933795444795,0.33266464088292325,0.6673353591170768,0.12463935372186959,0.13989637305699482,5969149560.742479,2.7915348524872017,0.10092947001129399
node,random,20,20360925,0.18,0.18003462204270052,312,0.33204633204633205,0.18003462204270052,0.0002076698541243176,0.3091116953230646,0.6908883046769354,0.0946335833814195,0.10621761658031088,6157065134.165332,2.9108966541488175,0.05636079736522368
node,random,20,20360925,0.2,0.20023081361800346,347,0.36293436293436293,0.20023081361800346,0.00020446086983945896,0.3043351976617144,0.6956648023382856,0.09001731102135026,0.10103626943005181,6180928626.880569,2.92605446907893,0.051074389247754
node,random,20,20360925,0.22,0.21984997114829774,381,0.39241839241839244,0.21984997114829774,0.00020264386283394195,0.30163062545378566,0.6983693745462143,0.09001731102135026,0.10103626943005181,6188801143.374195,2.9310550006217597,0.04947557309101892
node,random,20,20360925,0.24,0.2400461627236007,416,0.42435942435942436,0.2400461627236007,0.00018706424491474834,0.27844073047459134,0.7215592695254087,0.03923831506058857,0.04404145077720207,6256755382.911661,2.974218748649631,0.03474561808808296
node,random,20,20360925,0.26,0.26024235429890363,451,0.4566514566514567,0.26024235429890363,0.00018174971465686834,0.27053017713604277,0.7294698228639572,0.029428736295441432,0.033031088082901554,6290185612.882346,2.9954532445808653,0.0276698468962435
node,random,20,20360925,0.28,0.27986151182919794,485,0.4878904878904879,0.27986151182919794,0.00015916660494158137,0.23691574927796638,0.7630842507220337,0.02192729371032891,0.02461139896373057,6329096115.356095,3.020168746304474,0.01957140301583299
node,random,20,20360925,0.3,0.3000577034045009,520,0.5149175149175149,0.3000577034045009,0.00015150539214849344,0.2255122141587839,0.7744877858412161,0.02192729371032891,0.02461139896373057,6349751382.677093,3.0332887335217587,0.015291953683260424
node,random,20,20360925,0.32,0.32025389497980383,555,0.5422955422955423,0.32025389497980383,0.00014752195654929145,0.2195829639242146,0.7804170360757854,0.02192729371032891,0.02461139896373057,6360580294.426152,3.0401671331820883,0.01299685719871947
node,random,20,20360925,0.34,0.3398730525100981,589,0.5665145665145666,0.3398730525100981,0.0001474924933285904,0.21953910861291304,0.780460891387087,0.02192729371032891,0.02461139896373057,6360753704.528923,3.0402772812763414,0.01296109055765519
node,random,20,20360925,0.36,0.36006924408540103,624,0.5963495963495964,0.36006924408540103,0.0001438398922578641,0.21410229779570528,0.7858977022042948,0.009809578765147143,0.011010362694300517,6372815535.350181,3.0479388168901207,0.010449976666835312
node,random,20,20360925,0.38,0.380265435660704,659,0.6233766233766234,0.380265435660704,0.0001404437851797443,0.20904727225604344,0.7909527277439565,0.009232544720138488,0.010362694300518135,6374697188.544225,3.049134021264364,0.010061934075982265
node,random,20,20360925,0.4,0.3998845931909983,693,0.6507546507546508,0.3998845931909983,0.00013784224093231538,0.20517493480884075,0.7948250651911593,0.006924408540103866,0.007772020725388601,6379529006.4514,3.052203136187604,0.009065495128419605
node,random,21,20360926,0.0,0.0,0,0.0,0.0,0.0006718278773220594,1.0,0.0,0.8909405654933641,1.0,1574335933.3296878,0.0,1.0
node,random,21,20360926,0.02,0.020196191575302943,35,0.03615303615303615,0.020196191575302943,0.0005709003079882371,0.8497716859619985,0.15022831403800152,0.8366993652625505,0.939119170984456,2142213710.6914814,0.3607094047334255,0.8916900789794097
node,random,21,20360926,0.04,0.03981534910559723,69,0.07546507546507547,0.03981534910559723,0.0005295719739305783,0.7882554323906289,0.2117445676093711,0.7934218118869013,0.8905440414507771,2473017599.260359,0.5708322137003999,0.8438005956276702
node,random,21,20360926,0.06,0.06001154068090017,104,0.11477711477711477,0.06001154068090017,0.0004464120581923166,0.6644738529930287,0.33552614700697125,0.7305251009809579,0.8199481865284974,2911187900.817719,0.84915292802891,0.7693326632747388
node,random,21,20360926,0.08,0.08020773225620312,139,0.15163215163215163,0.08020773225620312,0.00039962690116752123,0.5948352467308363,0.4051647532691637,0.6647432198499712,0.7461139896373058,3352423417.3358865,1.1294206314948174,0.700641471897222
node,random,21,20360926,0.1,0.0998268897864974,173,0.19024219024219025,0.0998268897864974,0.0003135818841867684,0.4667592619656124,0.5332407380343875,0.5372186959030583,0.602979274611399,4211341012.607587,1.6749951668197574,0.52305068335117
node,random,21,20360926,0.12,0.12002308136180034,208,0.22639522639522638,0.12002308136180034,0.00023903653473801806,0.35580026195225783,0.6441997380477422,0.1944604731679169,0.2182642487046632,5282420369.382005,2.3553324024115967,0.2653142689170727
node,random,21,20360926,0.14,0.1402192729371033,243,0.2625482625482625,0.1402192729371033,0.00020660124853677877,0.3075211010300764,0.6924788989699235,0.14310444316214657,0.1606217616580311,5631434007.46683,2.5770218339337934,0.1868447390568915
node,random,21,20360926,0.16,0.15983843046739757,277,0.29484029484029484,0.15983843046739757,0.00017740640871964335,0.26406526836426386,0.7359347316357361,0.12290825158684363,0.1379533678756477,5948984671.450213,2.7787263477295054,0.1128985049594103
node,random,21,20360926,0.18,0.18003462204270052,312,0.3260793260793261,0.18003462204270052,0.00015742492865702915,0.23432330507708768,0.7656766949229123,0.08078476630121177,0.09067357512953368,6157206945.705041,2.910986731200803,0.06210946663227334
node,random,21,20360926,0.2,0.20023081361800346,347,0.356967356967357,0.20023081361800346,0.00014661974686676167,0.21824004602368624,0.7817599539763138,0.0675129832660127,0.07577720207253887,6254572299.111429,2.9728320790361042,0.03883581038967403
node,random,21,20360926,0.22,0.21984997114829774,381,0.38715338715338715,0.21984997114829774,0.0001387526561833285,0.20653006650513486,0.7934699334948652,0.0675129832660127,0.07577720207253887,6291896951.048733,2.9965402668168166,0.030468603831711804
node,random,21,20360926,0.24,0.2400461627236007,416,0.41804141804141803,0.2400461627236007,0.00012201826450836281,0.1816213179404432,0.8183786820595568,0.06231967686093479,0.06994818652849741,6311067322.53159,3.0087170653494604,0.025429219352943355
node,random,21,20360926,0.26,0.26024235429890363,451,0.4513864513864514,0.26024235429890363,0.00011880890286823477,0.1768442585946466,0.8231557414053534,0.061165608770917486,0.06865284974093265,6331591945.3564625,3.021754068691856,0.021085222083068806
node,random,21,20360926,0.28,0.27986151182919794,485,0.4805194805194805,0.27986151182919794,0.00011710681500488612,0.17431074082796316,0.8256892591720368,0.04904789382573572,0.05505181347150259,6348518225.875757,3.032505446565507,0.016659521040723425
node,random,21,20360926,0.3,0.3000577034045009,520,0.5047385047385048,0.3000577034045009,0.0001169776345146186,0.17411845870537182,0.8258815412946282,0.04731679169070975,0.05310880829015544,6349034689.878366,3.032833498534388,0.016551082134029973
node,random,21,20360926,0.32,0.32025389497980383,555,0.5321165321165321,0.32025389497980383,0.00011596741857662305,0.17261477603292555,0.8273852239670745,0.024235429890363532,0.027202072538860107,6356313396.632419,3.0374568489896228,0.014132958611394601
node,random,21,20360926,0.34,0.3398730525100981,589,0.5594945594945595,0.3398730525100981,0.0001132139525315316,0.16851630656174654,0.8314836934382535,0.019619157530294286,0.022020725388601035,6367168719.163312,3.044352024473507,0.01182525155405988
node,random,21,20360926,0.36,0.36006924408540103,624,0.5868725868725869,0.36006924408540103,0.00010591169418808443,0.15764706670145026,0.8423529332985498,0.009809578765147143,0.011010362694300517,6387152142.094334,3.0570452638946244,0.007580308859364209
node,random,21,20360926,0.38,0.380265435660704,659,0.6114426114426115,0.380265435660704,0.00010579225686376991,0.15746928705230767,0.8425307129476923,0.009809578765147143,0.011010362694300517,6388247422.631434,3.0577409734404166,0.00734626449037605
node,random,21,20360926,0.4,0.3998845931909983,693,0.6353106353106354,0.3998845931909983,9.951463651955828e-05,0.14812519676353528,0.8518748032364647,0.009809578765147143,0.011010362694300517,6397111104.709867,3.0633710819139526,0.005483970427111629
node,random,22,20360927,0.0,0.0,0,0.0,0.0,0.0006718278773220594,1.0,0.0,0.8909405654933641,1.0,1574335933.3296878,0.0,1.0
node,random,22,20360927,0.02,0.020196191575302943,35,0.03825903825903826,0.020196191575302943,0.0005257206779708302,0.7825228689026422,0.21747713109735778,0.8349682631275245,0.9371761658031088,2155757559.0456934,0.3693123007656383,0.8986015359826548
node,random,22,20360927,0.04,0.03981534910559723,69,0.07757107757107758,0.03981534910559723,0.0004893755808166491,0.7284240463008553,0.27157595369914467,0.7859203693017888,0.8821243523316062,2440922600.7322607,0.5504458413584958,0.8527460112306346
node,random,22,20360927,0.06,0.06001154068090017,104,0.11091611091611092,0.06001154068090017,0.0004048232574237545,0.6025699008463313,0.39743009915366867,0.7039815349105597,0.7901554404145078,3285080047.455653,1.0866449008171826,0.6999262253361672
node,random,22,20360927,0.08,0.08020773225620312,139,0.15303615303615303,0.08020773225620312,0.000347996959832734,0.517985292929296,0.48201470707070404,0.6324293133294865,0.7098445595854923,3836977194.849028,1.4372035939838463,0.602153500745432
node,random,22,20360927,0.1,0.0998268897864974,173,0.1912951912951913,0.0998268897864974,0.0002716586963169806,0.4043575824805398,0.5956424175194601,0.430467397576457,0.483160621761658,4604489821.46647,1.9247187490207818,0.42987104921829
node,random,22,20360927,0.12,0.12002308136180034,208,0.2242892242892243,0.12002308136180034,0.0002198718272933598,0.32727404550370887,0.6727259544962911,0.3814195037507213,0.42810880829015546,4921767619.827204,2.1262499417248053,0.35439604357357846
node,random,22,20360927,0.14,0.1402192729371033,243,0.2625482625482625,0.1402192729371033,0.00018273820144719044,0.2720015164830527,0.7279984835169473,0.29255626081938835,0.3283678756476684,5308714848.405361,2.3720343517647717,0.2791768324412908
node,random,22,20360927,0.16,0.15983843046739757,277,0.2944892944892945,0.15983843046739757,0.00013456507133027611,0.2002969449059772,0.7997030550940228,0.1788805539526832,0.20077720207253885,5790457002.127854,2.6780314032985055,0.152167270642552
node,random,22,20360927,0.18,0.18003462204270052,312,0.3257283257283257,0.18003462204270052,0.00012026759633262154,0.1790154895209386,0.8209845104790614,0.13040969417195614,0.14637305699481865,5931482698.736019,2.7676092968233634,0.12363446090078005
node,random,22,20360927,0.2,0.20023081361800346,347,0.35626535626535627,0.20023081361800346,9.848480405113591e-05,0.14659231534675432,0.8534076846532457,0.06578188113098672,0.07383419689119171,6189110484.811136,2.9312514907293616,0.05107863767766752
node,random,22,20360927,0.22,0.21984997114829774,381,0.3861003861003861,0.21984997114829774,9.459949582744595e-05,0.1408091254035549,0.8591908745964452,0.06001154068090017,0.06735751295336788,6227954986.009833,2.955925069205425,0.04213453394076671
node,random,22,20360927,0.24,0.2400461627236007,416,0.4155844155844156,0.2400461627236007,8.662984796836939e-05,0.1289464919402875,0.8710535080597125,0.058857472590882864,0.06606217616580311,6269656298.756878,2.9824132613785195,0.03303897464344691
node,random,22,20360927,0.26,0.26024235429890363,451,0.44752544752544754,0.26024235429890363,6.052950378774662e-05,0.09009674327451304,0.909903256725487,0.05597230236583958,0.06282383419689119,6312908158.90518,3.0098863433508183,0.023805413423473802
node,random,22,20360927,0.28,0.27986151182919794,485,0.47876447876447875,0.27986151182919794,5.332621372823597e-05,0.07937481537800578,0.9206251846219942,0.05539526832083093,0.06217616580310881,6350721762.7241955,3.0339051077190056,0.015392740654556498
node,random,22,20360927,0.3,0.3000577034045009,520,0.5068445068445069,0.3000577034045009,5.235095395579894e-05,0.0779231641361364,0.9220768358638636,0.030005770340450086,0.03367875647668394,6356981330.249455,3.0378811127079923,0.013823284252580033
node,random,22,20360927,0.32,0.32025389497980383,555,0.5310635310635311,0.32025389497980383,5.235095395579894e-05,0.0779231641361364,0.9220768358638636,0.027697634160415464,0.031088082901554404,6356981330.249455,3.0378811127079923,0.013823284252580033
node,random,22,20360927,0.34,0.3398730525100981,589,0.5619515619515619,0.3398730525100981,3.340613366236702e-05,0.049724244542405115,0.9502757554575949,0.019042123485285632,0.021373056994818652,6372848571.032102,3.047959800773688,0.010489313878336712
node,random,22,20360927,0.36,0.36006924408540103,624,0.5865215865215865,0.36006924408540103,2.947097202805344e-05,0.04386684896959956,0.9561331510304004,0.019042123485285632,0.021373056994818652,6385457948.829155,3.055969131901883,0.007843139224091113
node,random,22,20360927,0.38,0.380265435660704,659,0.6142506142506142,0.380265435660704,2.9087767799551813e-05,0.043296458485017265,0.9567035415149827,0.019042123485285632,0.021373056994818652,6386744761.564242,3.0567865004874846,0.007574280392804727
node,random,22,20360927,0.4,0.3998845931909983,693,0.6426816426816426,0.3998845931909983,2.858425502848387e-05,0.042546991563407854,0.9574530084365922,0.017311021350259664,0.019430051813471502,6389845630.132626,3.058756136384586,0.0069326461904238666
node,random,23,20360928,0.0,0.0,0,0.0,0.0,0.0006718278773220594,1.0,0.0,0.8909405654933641,1.0,1574335933.3296878,0.0,1.0
node,random,23,20360928,0.02,0.020196191575302943,35,0.037557037557037556,0.020196191575302943,0.000618166391522911,0.9201261400270471,0.07987385997295293,0.825735718407386,0.9268134715025906,2066887513.4759326,0.31286307434049887,0.9164593722429152
node,random,23,20360928,0.04,0.03981534910559723,69,0.07195507195507196,0.03981534910559723,0.0005569806659835283,0.8290526261037009,0.1709473738962991,0.7501442585112522,0.8419689119170986,2602676709.0250826,0.6531901825555587,0.8285584178826196
node,random,23,20360928,0.06,0.06001154068090017,104,0.11196911196911197,0.06001154068090017,0.0004863376010673411,0.7239020848701723,0.27609791512982773,0.6820542412002308,0.7655440414507773,3244276736.045956,1.0607271087209311,0.7050484223241041
node,random,23,20360928,0.08,0.08020773225620312,139,0.15514215514215515,0.08020773225620312,0.00042261648967678106,0.629054708716989,0.370945291283011,0.6024235429890363,0.6761658031088082,3846145877.9999485,1.4430274356156183,0.5910593201180276
node,random,23,20360928,0.1,0.0998268897864974,173,0.19164619164619165,0.0998268897864974,0.00037492894524215924,0.5580729200113657,0.44192707998863434,0.5337564916330063,0.5990932642487047,4421172182.966674,1.8082775025124316,0.48820735919883834
node,random,23,20360928,0.12,0.12002308136180034,208,0.2313092313092313,0.12002308136180034,0.0002380813798790938,0.35437853640146416,0.6456214635985358,0.4420080784766301,0.4961139896373057,4998720869.298858,2.175129756917043,0.3819399978133057
node,random,23,20360928,0.14,0.1402192729371033,243,0.2643032643032643,0.1402192729371033,0.00016987852382826412,0.2528601886920928,0.7471398113079072,0.3421811886901327,0.38406735751295334,5407732778.932221,2.434929397498397,0.2985012087295762
node,random,23,20360928,0.16,0.15983843046739757,277,0.29554229554229555,0.15983843046739757,0.00013915562440414828,0.20712987522761006,0.7928701247723899,0.0998268897864974,0.11204663212435233,5816866487.860152,2.69480640358478,0.15913215911714754
node,random,23,20360928,0.18,0.18003462204270052,312,0.32713232713232715,0.18003462204270052,0.00011300274676310941,0.16820193174112424,0.8317980682588757,0.042123485285631854,0.04727979274611399,6124206168.120647,2.890025018464819,0.06696475440099824
node,random,23,20360928,0.2,0.20023081361800346,347,0.36153036153036155,0.20023081361800346,9.90204057738342e-05,0.14738954591841982,0.8526104540815802,0.03231390652048471,0.03626943005181347,6233104702.22597,2.959196109462536,0.041077662992943444
node,random,23,20360928,0.22,0.21984997114829774,381,0.38925938925938924,0.21984997114829774,9.092336120865664e-05,0.1353372854533543,0.8646627145466457,0.02827466820542412,0.03173575129533679,6294030433.323957,2.9978954301145966,0.027222102164026336
node,random,23,20360928,0.24,0.2400461627236007,416,0.4204984204984205,0.2400461627236007,6.549394468842417e-05,0.09748619683584198,0.902513803164158,0.014425851125216388,0.016191709844559584,6340687288.24807,3.0275313254380514,0.0175357292571274
node,random,23,20360928,0.26,0.26024235429890363,451,0.4517374517374517,0.26024235429890363,6.371855157504728e-05,0.09484356592797655,0.9051564340720235,0.014425851125216388,0.016191709844559584,6353488081.741826,3.0356622416057863,0.01473770736110264
node,random,23,20360928,0.28,0.27986151182919794,485,0.4798174798174798,0.27986151182919794,6.236101094694778e-05,0.09282289862028649,0.9071771013797135,0.010963646855164455,0.012305699481865285,6367301667.051498,3.044436471436428,0.011626906494224232
node,random,23,20360928,0.3,0.3000577034045009,520,0.5110565110565111,0.3000577034045009,4.4650508785635145e-05,0.06646123254607174,0.9335387674539283,0.009232544720138488,0.010362694300518135,6395429047.685566,3.0623026587212334,0.005812100740271988
node,random,23,20360928,0.32,0.32025389497980383,555,0.5366795366795367,0.32025389497980383,4.3015616928271734e-05,0.06402773445444718,0.9359722655455528,0.009232544720138488,0.010362694300518135,6396669627.759842,3.063090660854712,0.005556095401420189
node,random,23,20360928,0.34,0.3398730525100981,589,0.5637065637065637,0.3398730525100981,4.295003470441913e-05,0.06393011685615099,0.936069883143849,0.009232544720138488,0.010362694300518135,6397059959.998833,3.0633385953842667,0.005475524003802488
node,random,23,20360928,0.36,0.36006924408540103,624,0.5921375921375921,0.36006924408540103,4.221495550272023e-05,0.06283596874692254,0.9371640312530775,0.006924408540103866,0.007772020725388601,6399039205.605096,3.0645957893314804,0.005067355487191702
node,random,23,20360928,0.38,0.380265435660704,659,0.6195156195156195,0.380265435660704,2.485071284762573e-05,0.03698970180678116,0.9630102981932188,0.006924408540103866,0.007772020725388601,6406103782.860569,3.0690831272025862,0.0036104680702267015
node,random,23,20360928,0.4,0.3998845931909983,693,0.6472446472446473,0.3998845931909983,2.433264947978513e-05,0.03621857666397579,0.9637814233360242,0.006347374495095211,0.007124352331606218,6407172620.8852825,3.0697620407699424,0.0033859366481907866
node,random,24,20360929,0.0,0.0,0,0.0,0.0,0.0006718278773220594,1.0,0.0,0.8909405654933641,1.0,1574335933.3296878,0.0,1.0
node,random,24,20360929,0.02,0.020196191575302943,35,0.03474903474903475,0.020196191575302943,0.0006304092622570811,0.9383493652718388,0.061650634728161235,0.8534333525678015,0.9579015544041452,1962575533.9431653,0.24660530982886147,0.9327193546567877
node,random,24,20360929,0.04,0.03981534910559723,69,0.07406107406107407,0.03981534910559723,0.00048612775179307055,0.723589729159202,0.27641027084079794,0.7986151182919792,0.8963730569948186,2621463655.0753846,0.6651234336823167,0.8151018836259089
node,random,24,20360929,0.06,0.06001154068090017,104,0.11161811161811162,0.06001154068090017,0.00042559748766546866,0.6334918541366908,0.36650814586330915,0.7160992498557415,0.8037564766839378,3194749310.399908,1.029267860032312,0.7253217056693979
node,random,24,20360929,0.08,0.08020773225620312,139,0.14917514917514918,0.08020773225620312,0.0003709924191331821,0.5522134934501037,0.44778650654989627,0.5926139642238892,0.6651554404145078,3698330663.40756,1.3491369186915954,0.6178914203169438
node,random,24,20360929,0.1,0.0998268897864974,173,0.18603018603018603,0.0998268897864974,0.000300870224640573,0.44783825559584883,0.5521617444041511,0.4835545297172533,0.5427461139896373,4459266932.456938,1.832474847363536,0.45720569851173176
node,random,24,20360929,0.12,0.12002308136180034,208,0.21937521937521937,0.12002308136180034,0.00026199916489200615,0.38997959706040836,0.6100204029395917,0.3866128101557992,0.4339378238341969,4944931978.556063,2.140963674822332,0.36377517045801144
node,random,24,20360929,0.14,0.1402192729371033,243,0.2544752544752545,0.1402192729371033,0.0002324178292090464,0.3459484743852486,0.6540515256147514,0.34564339296018465,0.38795336787564766,5262879090.956079,2.34292000807299,0.2878880767496814
node,random,24,20360929,0.16,0.15983843046739757,277,0.28957528957528955,0.15983843046739757,0.0002015188846342312,0.2999561218529601,0.7000438781470399,0.2296595499134449,0.25777202072538863,5636013967.618672,2.5799309717200063,0.19556737115981193
node,random,24,20360929,0.18,0.18003462204270052,312,0.3208143208143208,0.18003462204270052,0.0001751754217405139,0.2607444966987261,0.7392555033012739,0.1142527409117138,0.12823834196891193,5983980087.194279,2.8009550315848313,0.10476536430531758
node,random,24,20360929,0.2,0.20023081361800346,347,0.3538083538083538,0.20023081361800346,0.0001703943253720127,0.25362794716291515,0.7463720528370849,0.10675129832660127,0.11981865284974093,6032799129.50994,2.8319643233643883,0.09373802271702876
node,random,24,20360929,0.22,0.21984997114829774,381,0.3853983853983854,0.21984997114829774,0.00010746971579348638,0.15996614523033226,0.8400338547696677,0.08020773225620312,0.0900259067357513,6177199492.877527,2.9236857662347058,0.060853846834997796
node,random,24,20360929,0.24,0.2400461627236007,416,0.4152334152334152,0.2400461627236007,7.10592918212272e-05,0.10577008519573974,0.8942299148042603,0.0363531448355453,0.040803108808290155,6276762775.646655,2.986927213413361,0.03125282566012158
node,random,24,20360929,0.26,0.26024235429890363,451,0.4454194454194454,0.26024235429890363,6.50687367496779e-05,0.0968532848161128,0.9031467151838872,0.0363531448355453,0.040803108808290155,6308050139.598231,3.0068005856010895,0.02460346073273739
node,random,24,20360929,0.28,0.27986151182919794,485,0.4720954720954721,0.27986151182919794,6.227920258941942e-05,0.09270112880350774,0.9072988711964922,0.020196191575302943,0.02266839378238342,6319468223.242801,3.014053220444036,0.022144860655358315
node,random,24,20360929,0.3,0.3000577034045009,520,0.5026325026325026,0.3000577034045009,6.002511651637546e-05,0.08934597467976274,0.9106540253202373,0.020196191575302943,0.02266839378238342,6332385822.972224,3.02225833058346,0.01944136621668589
node,random,24,20360929,0.32,0.32025389497980383,555,0.5279045279045279,0.32025389497980383,5.720742386626578e-05,0.08515190541705046,0.9148480945829496,0.020196191575302943,0.02266839378238342,6333983554.620266,3.023273191271206,0.01938786802460758
node,random,24,20360929,0.34,0.3398730525100981,589,0.5538785538785539,0.3398730525100981,5.674853299587407e-05,0.0844688571454889,0.9155311428545111,0.015579919215233698,0.017487046632124352,6335893047.27324,3.0244860789481933,0.01899189165446974
node,random,24,20360929,0.36,0.36006924408540103,624,0.5826605826605826,0.36006924408540103,5.3986710695463655e-05,0.08035794958473214,0.9196420504152678,0.015579919215233698,0.017487046632124352,6358846397.59592,3.0390657819434326,0.013657369369396164
node,random,24,20360929,0.38,0.380265435660704,659,0.6089856089856089,0.380265435660704,5.279055769754548e-05,0.07857750397017071,0.9214224960298293,0.012117714945181766,0.013601036269430053,6362888652.615906,3.041633375640819,0.012825772326575589
node,random,24,20360929,0.4,0.3998845931909983,693,0.628992628992629,0.3998845931909983,2.8569334326981186e-05,0.04252478245002281,0.9574752175499772,0.0075014425851125215,0.008419689119170985,6381128577.408213,3.0532191651830356,0.009063635574296462
node,random,25,20360930,0.0,0.0,0,0.0,0.0,0.0006718278773220594,1.0,0.0,0.8909405654933641,1.0,1574335933.3296878,0.0,1.0
node,random,25,20360930,0.02,0.020196191575302943,35,0.04212004212004212,0.020196191575302943,0.0005078050709241403,0.7558559090287792,0.2441440909712208,0.8315060588574726,0.9332901554404146,2317524450.318109,0.4720647615636854,0.8598486029436011
node,random,25,20360930,0.04,0.03981534910559723,69,0.08178308178308179,0.03981534910559723,0.0004359189285006195,0.6488550761516698,0.3511449238483302,0.7478361223312175,0.8393782383419689,3051197696.2162695,0.9380855328399001,0.7325933120193262
node,random,25,20360930,0.06,0.06001154068090017,104,0.11969111969111969,0.06001154068090017,0.00038624660808011125,0.5749189950552666,0.42508100494473344,0.6653202538949798,0.7467616580310882,3552887292.3947377,1.256752969412605,0.6517833480569863
node,random,25,20360930,0.08,0.08020773225620312,139,0.15865215865215865,0.08020773225620312,0.00033922757479484805,0.5049322694780495,0.4950677305219505,0.5874206578188114,0.6593264248704664,4092898886.353934,1.5997620963256158,0.5513879273960652
node,random,25,20360930,0.1,0.0998268897864974,173,0.19656019656019655,0.0998268897864974,0.00028153404406997386,0.419056805430854,0.580943194569146,0.36295441431044434,0.40738341968911923,4897117845.018387,2.110592689491044,0.3514075851438335
node,random,25,20360930,0.12,0.12002308136180034,208,0.23306423306423307,0.12002308136180034,0.0002461526798602469,0.36639247665849206,0.6336075233415079,0.3023658395845355,0.33937823834196895,5150403447.28369,2.271476778396777,0.29902352700865353
node,random,25,20360930,0.14,0.1402192729371033,243,0.26816426816426814,0.1402192729371033,0.00015308287456312921,0.22786025964466594,0.7721397403553341,0.07155222158107329,0.08031088082901555,5645216276.422739,2.5857761719782535,0.1793664576823325
node,random,25,20360930,0.16,0.15983843046739757,277,0.303966303966304,0.15983843046739757,0.00012671934828833686,0.18861877061941332,0.8113812293805867,0.06693594922100404,0.07512953367875648,5973731002.598726,2.7944449314349376,0.09658244638888759
node,random,25,20360930,0.18,0.18003462204270052,312,0.3411723411723412,0.18003462204270052,9.791795838650982e-05,0.14574857890210788,0.8542514210978921,0.061165608770917486,0.06865284974093265,6098394547.021458,2.8736297748876756,0.06992584478110403
node,random,25,20360930,0.2,0.20023081361800346,347,0.3745173745173745,0.20023081361800346,8.33198087934496e-05,0.1240195764509902,0.8759804235490098,0.050778995960761686,0.05699481865284974,6239286785.460967,2.9631228973253534,0.03884312941183389
node,random,25,20360930,0.22,0.21984997114829774,381,0.40821340821340824,0.21984997114829774,5.6918567895620245e-05,0.08472195009605824,0.9152780499039418,0.0207732256203116,0.023316062176165806,6338018317.828421,3.0258360262562536,0.01766735088197041
node,random,25,20360930,0.24,0.2400461627236007,416,0.43699543699543697,0.2400461627236007,4.043164803907439e-05,0.060181557514756644,0.9398184424852434,0.01673398730525101,0.01878238341968912,6359684661.936981,3.039598237770245,0.013195911147706386
node,random,25,20360930,0.26,0.26024235429890363,451,0.4647244647244647,0.26024235429890363,3.834557332138264e-05,0.05707648434332626,0.9429235156566738,0.01673398730525101,0.01878238341968912,6370504281.846431,3.0464707353613827,0.010961787376562955
node,random,25,20360930,0.28,0.27986151182919794,485,0.48999648999649,0.27986151182919794,3.7327153174418946e-05,0.05556058989872065,0.9444394101012794,0.01673398730525101,0.01878238341968912,6374021015.406011,3.048704523897316,0.010214640326913837
node,random,25,20360930,0.3,0.3000577034045009,520,0.517023517023517,0.3000577034045009,3.247028025704199e-05,0.048331248751496005,0.951668751248504,0.013271783035199077,0.01489637305699482,6389628737.775863,3.058618368864852,0.006985887106495178
node,random,25,20360930,0.32,0.32025389497980383,555,0.5426465426465427,0.32025389497980383,3.06079650415303e-05,0.045559236338234776,0.9544407636617652,0.013271783035199077,0.01489637305699482,6394785522.443978,3.061893898921013,0.005919487677638073
node,random,25,20360930,0.34,0.3398730525100981,589,0.5693225693225693,0.3398730525100981,3.0388338759418206e-05,0.04523232778096035,0.9547676722190397,0.013271783035199077,0.01489637305699482,6395700700.380338,3.062475209375145,0.005728263255658446
node,random,25,20360930,0.36,0.36006924408540103,624,0.5921375921375921,0.36006924408540103,2.9953724397782793e-05,0.04458541452191577,0.9554145854780842,0.013271783035199077,0.01489637305699482,6396275585.937288,3.0628403700405276,0.005609707890796853
node,random,25,20360930,0.38,0.380265435660704,659,0.6117936117936118,0.380265435660704,2.92476655435998e-05,0.043534462517665254,0.9564655374823348,0.013271783035199077,0.01489637305699482,6398312041.792595,3.064133903277109,0.0051897412312911055
node,random,25,20360930,0.4,0.3998845931909983,693,0.6391716391716392,0.3998845931909983,2.7019292105525542e-05,0.04021758104654102,0.959782418953459,0.013271783035199077,0.01489637305699482,6403929432.794037,3.067702005155824,0.0040210887845586515
node,random,26,20360931,0.0,0.0,0,0.0,0.0,0.0006718278773220594,1.0,0.0,0.8909405654933641,1.0,1574335933.3296878,0.0,1.0
node,random,26,20360931,0.02,0.020196191575302943,35,0.04247104247104247,0.020196191575302943,0.000628734834134709,0.9358570183792887,0.0641429816207113,0.8286208886324293,0.9300518134715027,1888462024.2686834,0.1995292645545004,0.9498487702688976
node,random,26,20360931,0.04,0.03981534910559723,69,0.08143208143208143,0.03981534910559723,0.0005278562577514257,0.7857016291962877,0.21429837080371228,0.7841892671667628,0.8801813471502591,2402795532.7651105,0.5262279681841777,0.8579726012154391
node,random,26,20360931,0.06,0.06001154068090017,104,0.11898911898911899,0.06001154068090017,0.00045603868347135327,0.6788028583885906,0.32119714161140944,0.710328909405655,0.797279792746114,3071208605.88833,0.9507962315214311,0.7408319681646409
node,random,26,20360931,0.08,0.08020773225620312,139,0.1604071604071604,0.08020773225620312,0.00038644757987700405,0.575218136849879,0.424781863150121,0.6151182919792267,0.6904145077720207,3801423959.507884,1.4146205895637223,0.5885777030181377
node,random,26,20360931,0.1,0.0998268897864974,173,0.1926991926991927,0.0998268897864974,0.00033438147996981516,0.4977189712678745,0.5022810287321255,0.5302942873629544,0.5952072538860104,4401504633.9690485,1.7957849025652088,0.4718951313695421
node,random,26,20360931,0.12,0.12002308136180034,208,0.22744822744822746,0.12002308136180034,0.0002538506305186623,0.3778506952264679,0.622149304773532,0.41604154645124064,0.4669689119170985,5023816399.771222,2.1910701479994517,0.3330957244892754
node,random,26,20360931,0.14,0.1402192729371033,243,0.2643032643032643,0.1402192729371033,0.00021159823238165213,0.31495899399872124,0.6850410060012788,0.24523946912867858,0.27525906735751293,5641530765.113202,2.5834351777650664,0.22278792275635215
node,random,26,20360931,0.16,0.15983843046739757,277,0.29624429624429627,0.15983843046739757,0.00016119411610433302,0.2399336519747604,0.7600663480252396,0.10963646855164455,0.12305699481865286,5887865489.263462,2.7399041491803775,0.1453419979293955
node,random,26,20360931,0.18,0.18003462204270052,312,0.3334503334503334,0.18003462204270052,0.0001391608592998914,0.2071376672468457,0.7928623327531543,0.052510098095787654,0.05893782383419689,6112181810.462897,2.882387285371655,0.06722088037342631
node,random,26,20360931,0.2,0.20023081361800346,347,0.36855036855036855,0.20023081361800346,0.00010599915737071321,0.15777725359243996,0.84222274640756,0.0467397576457011,0.052461139896373056,6252078011.022913,2.9712477360533196,0.0363220862328776
node,random,26,20360931,0.22,0.21984997114829774,381,0.3962793962793963,0.21984997114829774,9.959831174667381e-05,0.1482497453718024,0.8517502546281976,0.0467397576457011,0.052461139896373056,6284335156.405161,2.9917371022040524,0.02920005871784902
node,random,26,20360931,0.24,0.2400461627236007,416,0.4254124254124254,0.2400461627236007,9.859095481438006e-05,0.14675031826212495,0.8532496817378751,0.03981534910559723,0.04468911917098446,6287252299.997091,2.9935900381182834,0.02859056228261518
node,random,26,20360931,0.26,0.26024235429890363,451,0.45524745524745525,0.26024235429890363,9.372400305179554e-05,0.13950597499077333,0.8604940250092267,0.03981534910559723,0.04468911917098446,6314103848.176468,3.010645831364764,0.02268232435507196
node,random,26,20360931,0.28,0.27986151182919794,485,0.4864864864864865,0.27986151182919794,9.217664911821534e-05,0.1372027750405896,0.8627972249594105,0.025389497980380843,0.02849740932642487,6322674453.060779,3.0160897805898728,0.020844621282652586
node,random,26,20360931,0.3,0.3000577034045009,520,0.5145665145665146,0.3000577034045009,8.7747246317266e-05,0.13060971311138658,0.8693902868886134,0.024812463935372186,0.027849740932642485,6346033065.718665,3.030926901539328,0.0159922255417611
node,random,26,20360931,0.32,0.32025389497980383,555,0.5422955422955423,0.32025389497980383,4.824644050030951e-05,0.07181369235915354,0.9281863076408464,0.0103866128101558,0.011658031088082903,6374483864.090875,3.0489985200356657,0.010120830056312974
node,random,26,20360931,0.34,0.3398730525100981,589,0.5717795717795717,0.3398730525100981,4.630404297245748e-05,0.06892247930679475,0.9310775206932053,0.0103866128101558,0.011658031088082903,6376926829.993785,3.0505502637589657,0.00961698133915361
node,random,26,20360931,0.36,0.36006924408540103,624,0.5967005967005967,0.36006924408540103,4.583754596904877e-05,0.06822810948506572,0.9317718905149343,0.009232544720138488,0.010362694300518135,6378128136.736239,3.0513133199257103,0.009355378350676015
node,random,26,20360931,0.38,0.380265435660704,659,0.6216216216216216,0.380265435660704,4.4738336918226476e-05,0.06659196265650036,0.9334080373434996,0.009232544720138488,0.010362694300518135,6386420531.947692,3.0565805535801656,0.007631489359974099
node,random,26,20360931,0.4,0.3998845931909983,693,0.6479466479466479,0.3998845931909983,4.39769020257354e-05,0.0654585847211783,0.9345414152788217,0.009232544720138488,0.010362694300518135,6387576368.78917,3.0573147277910238,0.007393127729897968
node,random,27,20360932,0.0,0.0,0,0.0,0.0,0.0006718278773220594,1.0,0.0,0.8909405654933641,1.0,1574335933.3296878,0.0,1.0
node,random,27,20360932,0.02,0.020196191575302943,35,0.03896103896103896,0.020196191575302943,0.0006127748117675683,0.9121009003230416,0.08789909967695841,0.8418926716676284,0.9449481865284974,1994217065.2432458,0.26670364502544136,0.9277713506143656
node,random,27,20360932,0.04,0.03981534910559723,69,0.07581607581607581,0.03981534910559723,0.0005417824661452162,0.8064304629703505,0.19356953702964952,0.7761107905366417,0.8711139896373057,2612720966.1912336,0.6595701786882188,0.811976858235565
node,random,27,20360932,0.06,0.06001154068090017,104,0.11863811863811864,0.06001154068090017,0.00048251531455067493,0.7182127012561699,0.28178729874383013,0.7195614541257934,0.8076424870466321,3183174924.469375,1.021915943782739,0.708270447224193
node,random,27,20360932,0.08,0.08020773225620312,139,0.1575991575991576,0.08020773225620312,0.000403293496095093,0.600292887074948,0.399707112925052,0.6520484708597807,0.7318652849740932,3777033608.4673085,1.3991281203109942,0.6117650950876709
node,random,27,20360932,0.1,0.0998268897864974,173,0.19375219375219374,0.0998268897864974,0.0003189960834097304,0.4748181702153612,0.5251818297846388,0.5533756491633006,0.6211139896373057,4613142008.0843935,1.9302145180207464,0.47688698283559444
node,random,27,20360932,0.12,0.12002308136180034,208,0.23166023166023167,0.12002308136180034,0.0002632071386570134,0.3917776376088629,0.6082223623911371,0.4339296018465089,0.4870466321243523,5288077768.79299,2.3589259171699237,0.31092720094710763
node,random,27,20360932,0.14,0.1402192729371033,243,0.2607932607932608,0.1402192729371033,0.00023036788515853546,0.34289718086244614,0.6571028191375539,0.1765724177726486,0.19818652849740934,5674106711.499894,2.6041270426314136,0.18316403882390045
node,random,27,20360932,0.16,0.15983843046739757,277,0.2972972972972973,0.15983843046739757,0.00012161183644960007,0.1810163593305344,0.8189836406694656,0.12925562608193883,0.14507772020725387,5840845002.122757,2.710037278873189,0.1392720588060243
node,random,27,20360932,0.18,0.18003462204270052,312,0.3330993330993331,0.18003462204270052,0.00010658385859537987,0.15864756761840346,0.8413524323815965,0.07039815349105598,0.07901554404145078,6039283747.954963,2.8360832780980885,0.09337963162371861
node,random,27,20360932,0.2,0.20023081361800346,347,0.36609336609336607,0.20023081361800346,7.69980694103221e-05,0.11460981601007744,0.8853901839899225,0.05135603000577034,0.05764248704663213,6190230452.892974,2.9319628815184093,0.056807355816748235
node,random,27,20360932,0.22,0.21984997114829774,381,0.3959283959283959,0.21984997114829774,6.975678547897726e-05,0.10383133512862165,0.8961686648713784,0.04904789382573572,0.05505181347150259,6260905016.049637,2.9768545476872603,0.04167819480687331
node,random,27,20360932,0.24,0.2400461627236007,416,0.42716742716742717,0.2400461627236007,5.670639255145798e-05,0.0844061320847426,0.9155938679152574,0.03693017888055395,0.04145077720207254,6335097380.094349,3.02398068034676,0.02053075456565376
node,random,27,20360932,0.26,0.26024235429890363,451,0.46016146016146015,0.26024235429890363,5.240507940939249e-05,0.07800372860126294,0.9219962713987371,0.021350259665320254,0.02396373056994819,6367681043.198158,3.0446774467826856,0.011712708295353088
node,random,27,20360932,0.28,0.27986151182919794,485,0.4882414882414882,0.27986151182919794,4.720217818135893e-05,0.07025933244912261,0.9297406675508774,0.021350259665320254,0.02396373056994819,6374810695.364454,3.0492061194854783,0.010207438980897902
node,random,27,20360932,0.3,0.3000577034045009,520,0.5149175149175149,0.3000577034045009,4.631771463403119e-05,0.0689428292536118,0.9310571707463882,0.021350259665320254,0.02396373056994819,6378120470.85046,3.05130845064361,0.009498538730077275
node,random,27,20360932,0.32,0.32025389497980383,555,0.5401895401895402,0.32025389497980383,4.5328983057754284e-05,0.06747112554846332,0.9325288744515366,0.01673398730525101,0.01878238341968912,6385738598.416491,3.0561473972780293,0.00789320382464606
node,random,27,20360932,0.34,0.3398730525100981,589,0.5668655668655669,0.3398730525100981,4.4915675077843594e-05,0.06685592633768012,0.9331440736623199,0.01673398730525101,0.01878238341968912,6388329558.83596,3.057793145408792,0.0073561123887061885
node,random,27,20360932,0.36,0.36006924408540103,624,0.5910845910845911,0.36006924408540103,4.45797370907149e-05,0.0663558905421014,0.9336441094578986,0.009232544720138488,0.010362694300518135,6392736156.747135,3.060592165502207,0.006338234555538785
node,random,27,20360932,0.38,0.380265435660704,659,0.6142506142506142,0.380265435660704,4.423885509674012e-05,0.0658484957085712,0.9341515042914288,0.009232544720138488,0.010362694300518135,6394193672.573943,3.0615179627199107,0.006031670269528614
node,random,27,20360932,0.4,0.3998845931909983,693,0.6395226395226395,0.3998845931909983,4.2247155795490906e-05,0.06288389812564828,0.9371161018743517,0.009232544720138488,0.010362694300518135,6397197880.380294,3.0634262008174793,0.005408727185499795
node,random,28,20360933,0.0,0.0,0,0.0,0.0,0.0006718278773220594,1.0,0.0,0.8909405654933641,1.0,1574335933.3296878,0.0,1.0
node,random,28,20360933,0.02,0.020196191575302943,35,0.040365040365040364,0.020196191575302943,0.0006019197610053833,0.8959434124774139,0.10405658752258606,0.8297749567224466,0.9313471502590673,2109213867.8961668,0.3397482857646673,0.902239729853169
node,random,28,20360933,0.04,0.03981534910559723,69,0.07686907686907687,0.03981534910559723,0.0004972413919483483,0.7401321212367343,0.25986787876326567,0.7507212925562609,0.8426165803108809,2761829708.984405,0.7542823297840839,0.779956556183436
node,random,28,20360933,0.06,0.06001154068090017,104,0.11021411021411022,0.06001154068090017,0.00043712606909727573,0.6506518765486226,0.34934812345137745,0.6693594922100404,0.7512953367875648,3273925352.4473248,1.0795595673936251,0.6892597433040462
node,random,28,20360933,0.08,0.08020773225620312,139,0.14882414882414882,0.08020773225620312,0.0003904165906949719,0.5811259161367234,0.4188740838632766,0.5972302365839585,0.6703367875647669,3719753947.213315,1.3627447411087878,0.60579436382523
node,random,28,20360933,0.1,0.0998268897864974,173,0.18673218673218672,0.0998268897864974,0.00034757763361773983,0.5173611357170861,0.4826388642829139,0.5308713214079631,0.5958549222797929,4149549141.4173384,1.6357456839857094,0.5551255731302992
node,random,28,20360933,0.12,0.12002308136180034,208,0.22674622674622674,0.12002308136180034,0.00029009336875339143,0.4317971589832184,0.5682028410167816,0.25620311598384304,0.28756476683937826,4987950933.292482,2.168288817967249,0.3394764741676833
node,random,28,20360933,0.14,0.1402192729371033,243,0.2625482625482625,0.1402192729371033,0.0002500809094010267,0.3722395539730536,0.6277604460269464,0.189267166762839,0.21243523316062177,5571998354.242407,2.539268993535418,0.19813653482845067
node,random,28,20360933,0.16,0.15983843046739757,277,0.29764829764829764,0.15983843046739757,0.00018399111718253735,0.273866452097724,0.726133547902276,0.08597807270628967,0.09650259067357513,5872849670.025346,2.730366274245161,0.12303233013830109
node,random,28,20360933,0.18,0.18003462204270052,312,0.3352053352053352,0.18003462204270052,0.00016724144468518046,0.24893495838817153,0.7510650416118285,0.07501442585112522,0.08419689119170985,6029124001.856636,2.829629924729701,0.08747775295553153
node,random,28,20360933,0.2,0.20023081361800346,347,0.3689013689013689,0.20023081361800346,0.0001539070441792322,0.22908701674112367,0.7709129832588764,0.03750721292556261,0.042098445595854926,6130884162.507058,2.8942668033628407,0.06505196800882124
node,random,28,20360933,0.22,0.21984997114829774,381,0.40084240084240086,0.21984997114829774,0.0001405632094632912,0.20922503249431004,0.79077496750569,0.02827466820542412,0.03173575129533679,6241418733.875802,2.964477086332731,0.039494978887015475
node,random,28,20360933,0.24,0.2400461627236007,416,0.43383643383643383,0.2400461627236007,9.72059817229627e-05,0.1446888183777529,0.8553111816222471,0.024812463935372186,0.027849740932642485,6297670845.98507,3.0002077781872303,0.027554697196839867
node,random,28,20360933,0.26,0.26024235429890363,451,0.46332046332046334,0.26024235429890363,9.54100095608395e-05,0.14201555603966412,0.8579844439603359,0.023658395845354875,0.02655440414507772,6322604761.070336,3.0160455130425423,0.022028395166726895
node,random,28,20360933,0.28,0.27986151182919794,485,0.49210249210249213,0.27986151182919794,9.298730999990923e-05,0.13840942470348425,0.8615905752965157,0.023658395845354875,0.02655440414507772,6344589432.861419,3.03000992262353,0.01696187709649063
node,random,28,20360933,0.3,0.3000577034045009,520,0.5201825201825202,0.3000577034045009,8.188271278560288e-05,0.12188049283097868,0.8781195071690213,0.02308136180034622,0.02590673575129534,6361176094.287923,3.0405455783723156,0.013530411888363158
node,random,28,20360933,0.32,0.32025389497980383,555,0.5465075465075465,0.32025389497980383,8.165400231938801e-05,0.12154006267924618,0.8784599373207538,0.01788805539526832,0.020077720207253888,6362395988.831155,3.04132044129541,0.013276958015794758
node,random,28,20360933,0.34,0.3398730525100981,589,0.5707265707265707,0.3398730525100981,4.5580456061756584e-05,0.06784543720252074,0.9321545627974792,0.01788805539526832,0.020077720207253888,6386614968.644658,3.0567040575241777,0.0076656539289293784
node,random,28,20360933,0.36,0.36006924408540103,624,0.5963495963495964,0.36006924408540103,4.187308497852822e-05,0.06232710250940539,0.9376728974905946,0.01788805539526832,0.020077720207253888,6389780843.863966,3.0587149848950674,0.007014133288669051
node,random,28,20360933,0.38,0.380265435660704,659,0.6216216216216216,0.380265435660704,4.044252727127364e-05,0.06019775099610282,0.9398022490038972,0.01788805539526832,0.020077720207253888,6394651675.985373,3.0618088811965416,0.005993759583068263
node,random,28,20360933,0.4,0.3998845931909983,693,0.6458406458406458,0.3998845931909983,2.5313085845788648e-05,0.037677933143661614,0.9623220668563384,0.015579919215233698,0.017487046632124352,6399870817.984721,3.065124019909224,0.004955722491962465
node,random,29,20360934,0.0,0.0,0,0.0,0.0,0.0006718278773220594,1.0,0.0,0.8909405654933641,1.0,1574335933.3296878,0.0,1.0
node,random,29,20360934,0.02,0.020196191575302943,35,0.04247104247104247,0.020196191575302943,0.0006008778691453666,0.894392580939774,0.10560741906022597,0.8228505481823427,0.9235751295336787,2183060456.9106984,0.3866547861189771,0.8975042385180787
node,random,29,20360934,0.04,0.03981534910559723,69,0.07792207792207792,0.03981534910559723,0.0005464390520479483,0.8133616816052389,0.18663831839476108,0.7859203693017888,0.8821243523316062,2654709099.1780825,0.6862405557646314,0.8159217554775278
node,random,29,20360934,0.06,0.06001154068090017,104,0.11618111618111618,0.06001154068090017,0.0004772309999653676,0.7103471232358428,0.2896528767641572,0.7091748413156376,0.7959844559585492,3223680411.8490524,1.04764456149523,0.7094349945102703
node,random,29,20360934,0.08,0.08020773225620312,139,0.15514215514215515,0.08020773225620312,0.00041517044955276917,0.617971453056786,0.382028546943214,0.6024235429890363,0.6761658031088082,3966264609.4732256,1.5193254663791216,0.5688237028636818
node,random,29,20360934,0.1,0.0998268897864974,173,0.191997191997192,0.0998268897864974,0.0003649281980629837,0.5431870429634542,0.4568129570365458,0.482400461627236,0.5414507772020726,4557043755.234205,1.8945815557904164,0.4424305954331015
node,random,29,20360934,0.12,0.12002308136180034,208,0.22604422604422605,0.12002308136180034,0.00032626825505514833,0.48564262673301156,0.5143573732669884,0.3998845931909983,0.44883419689119175,5039867785.173766,2.2012658026006875,0.3689279056282959
node,random,29,20360934,0.14,0.1402192729371033,243,0.26044226044226043,0.1402192729371033,0.0001914377443414545,0.28495058154558167,0.7150494184544183,0.24293133294864397,0.27266839378238344,5622421463.435386,2.5712971700671794,0.1987954120667207
node,random,29,20360934,0.16,0.15983843046739757,277,0.2941382941382941,0.15983843046739757,0.00017572405267750872,0.26156112094954126,0.7384388790504588,0.2192729371032891,0.2461139896373057,5793846133.7887335,2.680184140582289,0.15497086904680554
node,random,29,20360934,0.18,0.18003462204270052,312,0.3285363285363285,0.18003462204270052,0.00014375961823268944,0.2139828117965612,0.7860171882034388,0.1840738603577611,0.20660621761658032,6014246518.331668,2.820179919041587,0.10005306645394497
node,random,29,20360934,0.2,0.20023081361800346,347,0.3597753597753598,0.20023081361800346,0.00012664399575954485,0.18850661015192516,0.8114933898480748,0.09001731102135026,0.10103626943005181,6240448166.004686,2.963860592831841,0.04017717425709234
node,random,29,20360934,0.22,0.21984997114829774,381,0.39241839241839244,0.21984997114829774,0.00011795550492163782,0.17557399581543795,0.824426004184562,0.030582804385458743,0.034326424870466325,6297022881.821344,2.999796198834941,0.027377685755832177
node,random,29,20360934,0.24,0.2400461627236007,416,0.42716742716742717,0.2400461627236007,0.00011656380641903732,0.1735024853146414,0.8264975146853586,0.030005770340450086,0.03367875647668394,6306314788.934267,3.0056983109040405,0.025253417059430905
node,random,29,20360934,0.26,0.26024235429890363,451,0.45805545805545805,0.26024235429890363,0.00010957174998847233,0.1630949737084906,0.8369050262915094,0.0207732256203116,0.023316062176165806,6355219309.115866,3.0367618972367025,0.014115891629920116
node,random,29,20360934,0.28,0.27986151182919794,485,0.48613548613548613,0.27986151182919794,0.00010899958599450383,0.1622433210556576,0.8377566789443424,0.0207732256203116,0.023316062176165806,6356058246.100082,3.0372947803186774,0.013942882447384076
node,random,29,20360934,0.3,0.3000577034045009,520,0.5142155142155143,0.3000577034045009,0.00010797111813298488,0.16071247082416903,0.8392875291758309,0.0207732256203116,0.023316062176165806,6357371072.049286,3.038128672197412,0.01367214585028952
node,random,29,20360934,0.32,0.32025389497980383,555,0.542997542997543,0.32025389497980383,0.00010669355980614692,0.1588108552914371,0.8411891447085629,0.0207732256203116,0.023316062176165806,6358794632.497248,3.039032901350685,0.013378573109992974
node,random,29,20360934,0.34,0.3398730525100981,589,0.5658125658125658,0.3398730525100981,0.00010649024839343252,0.15850823103368106,0.8414917689663189,0.013848817080207732,0.015544041450777202,6360606537.127647,3.0401838022429537,0.01295475090734766
node,random,29,20360934,0.36,0.36006924408540103,624,0.5938925938925939,0.36006924408540103,0.00010649024839343252,0.15850823103368106,0.8414917689663189,0.013271783035199077,0.01489637305699482,6360606537.127647,3.0401838022429537,0.01295475090734766
node,random,29,20360934,0.38,0.380265435660704,659,0.6202176202176202,0.380265435660704,0.00010629594981493207,0.15821902216775108,0.8417809778322489,0.012694748990190421,0.014248704663212436,6360883847.309526,3.0403599464673268,0.012897562812439043
node,random,29,20360934,0.4,0.3998845931909983,693,0.6465426465426466,0.3998845931909983,0.00010629594981493207,0.15821902216775108,0.8417809778322489,0.0051933064050779,0.0058290155440414515,6360883847.309526,3.0403599464673268,0.012897562812439043
node,random,30,20360935,0.0,0.0,0,0.0,0.0,0.0006718278773220594,1.0,0.0,0.8909405654933641,1.0,1574335933.3296878,0.0,1.0
node,random,30,20360935,0.02,0.020196191575302943,35,0.03790803790803791,0.020196191575302943,0.0006031500820868455,0.8977747164810024,0.10222528351899762,0.8407386035776111,0.9436528497409327,2145071281.4902446,0.3625245006975502,0.8952164167681017
node,random,30,20360935,0.04,0.03981534910559723,69,0.07862407862407862,0.03981534910559723,0.0005412344239967967,0.8056147151174867,0.19438528488251328,0.7963069821119446,0.8937823834196892,2664273413.3062468,0.6923156976232917,0.8047661455637093
node,random,30,20360935,0.06,0.06001154068090017,104,0.11898911898911899,0.06001154068090017,0.00041441070783177896,0.6168405953674346,0.38315940463256537,0.6255049047893826,0.7020725388601037,3563679152.4610853,1.2636078342720527,0.6253299516411791
node,random,30,20360935,0.08,0.08020773225620312,139,0.15654615654615656,0.08020773225620312,0.0003812014351631524,0.5674093737857991,0.43259062621420086,0.584535487593768,0.6560880829015544,3926728840.965648,1.4942128028931527,0.5775294766962644
node,random,30,20360935,0.1,0.0998268897864974,173,0.1898911898911899,0.0998268897864974,0.0003366851430685225,0.5011479196287104,0.4988520803712896,0.5476053087132141,0.6146373056994819,4368518399.452731,1.774832427418083,0.5051585512187076
node,random,30,20360935,0.12,0.12002308136180034,208,0.22815022815022815,0.12002308136180034,0.00027577370260868314,0.4104826725975281,0.5895173274024719,0.3998845931909983,0.44883419689119175,5171280503.504607,2.2847376433614497,0.30903065750150016
node,random,30,20360935,0.14,0.1402192729371033,243,0.26325026325026324,0.1402192729371033,0.00019901850681517874,0.2962343682558646,0.7037656317441354,0.380265435660704,0.4268134715025907,5598220306.965511,2.5559248750204104,0.23802905545356337
node,random,30,20360935,0.16,0.15983843046739757,277,0.29273429273429274,0.15983843046739757,0.00018958061578676973,0.28218628935501733,0.7178137106449827,0.3346797461050202,0.3756476683937824,5726231510.375834,2.6372361127939024,0.21079270524706495
node,random,30,20360935,0.18,0.18003462204270052,312,0.3274833274833275,0.18003462204270052,0.00015921670908866588,0.23699032812289944,0.7630096718771006,0.06809001731102135,0.07642487046632125,6155229004.312199,2.909730365674889,0.06135178949393694
node,random,30,20360935,0.2,0.20023081361800346,347,0.3597753597753598,0.20023081361800346,0.00013097158045510663,0.19494811822511166,0.8050518817748884,0.0363531448355453,0.040803108808290155,6241255495.627088,2.9643733992826813,0.041896290451671966
node,random,30,20360935,0.22,0.21984997114829774,381,0.3885573885573886,0.21984997114829774,0.0001244277562480388,0.1852077897452161,0.8147922102547839,0.0363531448355453,0.040803108808290155,6269731011.235365,2.982460717881865,0.03498319908786776
node,random,30,20360935,0.24,0.2400461627236007,416,0.41628641628641627,0.2400461627236007,0.00011847767483533353,0.17635123345519937,0.8236487665448007,0.0363531448355453,0.040803108808290155,6322356872.447991,3.0158880570529427,0.021993244108217253
node,random,30,20360935,0.26,0.26024235429890363,451,0.4464724464724465,0.26024235429890363,0.00011355570255652106,0.16902499343903377,0.8309750065609662,0.030582804385458743,0.034326424870466325,6347484936.152431,3.0318491128685805,0.01647535249011176
node,random,30,20360935,0.28,0.27986151182919794,485,0.47876447876447875,0.27986151182919794,0.00010952303629045541,0.16302246451430372,0.8369775354856963,0.023658395845354875,0.02655440414507772,6373266316.062509,3.0482251475917104,0.010372780847266793
node,random,30,20360935,0.3,0.3000577034045009,520,0.5047385047385048,0.3000577034045009,0.00010491158370457927,0.15615842576042285,0.8438415742395772,0.023658395845354875,0.02655440414507772,6384927371.753779,3.055632115472198,0.007948485729264834
node,random,30,20360935,0.32,0.32025389497980383,555,0.538083538083538,0.32025389497980383,0.00010422852649635676,0.15514171116539113,0.8448582888346089,0.020196191575302943,0.02266839378238342,6389509078.162631,3.0585423624606927,0.007006247254171548
node,random,30,20360935,0.34,0.3398730525100981,589,0.5637065637065637,0.3398730525100981,0.00010394744784116107,0.15472333219559298,0.845276667804407,0.010963646855164455,0.012305699481865285,6390567922.664319,3.059214928257656,0.006786267703564036
node,random,30,20360935,0.36,0.36006924408540103,624,0.59003159003159,0.36006924408540103,5.018974924952344e-05,0.0747062617430857,0.9252937382569143,0.0075014425851125215,0.008419689119170985,6407565819.838685,3.0700117962033784,0.0032787760394114435
node,random,30,20360935,0.38,0.380265435660704,659,0.6170586170586171,0.380265435660704,4.973949316281371e-05,0.07403606614402175,0.9259639338559782,0.005770340450086555,0.006476683937823835,6409372864.014993,3.07115960979135,0.00289940848327983
node,random,30,20360935,0.4,0.3998845931909983,693,0.6402246402246402,0.3998845931909983,4.9620017912817465e-05,0.07385823004339359,0.9261417699566064,0.0051933064050779,0.0058290155440414515,6410608582.09403,3.071944523641613,0.002644573401835661
node,td,0,20260905,0.0,0.0,0,0.0,0.0,0.0006718278773220594,1.0,0.0,0.8909405654933641,1.0,1574335933.3296878,0.0,1.0
node,td,0,20260905,0.02,0.020196191575302943,35,0.04633204633204633,0.020196191575302943,0.0003703087267734889,0.5511958334470409,0.44880416655295907,0.8147720715522215,0.9145077720207253,3815711696.2455783,1.423695994904612,0.5435374631527838
node,td,0,20260905,0.04,0.03981534910559723,69,0.08037908037908038,0.03981534910559723,0.00027220158030982316,0.4051656525401011,0.5948343474598989,0.7680323139065205,0.8620466321243524,4654654686.407009,1.9565828917863235,0.3737954512771905
node,td,0,20260905,0.06,0.06001154068090017,104,0.11372411372411373,0.06001154068090017,0.0002299255616869674,0.3422387927745163,0.6577612072254837,0.7230236583958454,0.8115284974093264,5042605523.31036,2.2030047822419663,0.2956788989350242
node,td,0,20260905,0.08,0.08020773225620312,139,0.14777114777114778,0.08020773225620312,0.00019405705642104967,0.28884936599322303,0.711150634006777,0.6803231390652048,0.76360103626943,5466902711.255733,2.4725134550498042,0.20694540078763526
node,td,0,20260905,0.1,0.0998268897864974,173,0.1755001755001755,0.0998268897864974,0.00016694916287865114,0.24849990379101136,0.7515000962089886,0.6485862665897288,0.727979274611399,5753375603.911232,2.654477727471393,0.14883582312729762
node,td,0,20260905,0.12,0.12002308136180034,208,0.20393120393120392,0.12002308136180034,0.00013894896935001745,0.2068222740382183,0.7931777259617817,0.6283900750144259,0.7053108808290156,5901408953.895012,2.748506801476388,0.11777371155489505
node,td,0,20260905,0.14,0.1402192729371033,243,0.2313092313092313,0.1402192729371033,0.00012175207020093653,0.1812250939723528,0.8187749060276472,0.5799192152336988,0.6509067357512954,6062250302.099588,2.850671368008513,0.08221861279662585
node,td,0,20260905,0.16,0.15983843046739757,277,0.2569322569322569,0.15983843046739757,0.00011317070117082553,0.16845192792822145,0.8315480720717785,0.514137334102712,0.5770725388601036,6141728717.158102,2.901155139213823,0.06545644386304708
node,td,0,20260905,0.18,0.18003462204270052,312,0.28957528957528955,0.18003462204270052,0.00010050481443580651,0.14959905331172607,0.8504009466882739,0.36699365262550493,0.4119170984455959,6292286298.6895,2.996787575940952,0.032006159963991705
node,td,0,20260905,0.2,0.20023081361800346,347,0.3166023166023166,0.20023081361800346,9.814062040255292e-05,0.14608000607796523,0.8539199939220348,0.35487593768032316,0.39831606217616583,6310941740.290153,3.0086372969602753,0.02704076539097489
node,td,0,20260905,0.22,0.21984997114829774,381,0.33906633906633904,0.21984997114829774,9.666736186697043e-05,0.14388709538563885,0.8561129046143612,0.3364108482400462,0.3775906735751296,6325127985.952377,3.0176482363423305,0.02343607833564535
node,td,0,20260905,0.24,0.2400461627236007,416,0.3703053703053703,0.2400461627236007,9.398680511669183e-05,0.13989714968561306,0.8601028503143869,0.18580496249278708,0.20854922279792748,6347965752.3300495,3.032154521750789,0.016927421634805196
node,td,0,20260905,0.26,0.26024235429890363,451,0.3990873990873991,0.26024235429890363,9.099297279121587e-05,0.13544090065735076,0.8645590993426493,0.14483554529717255,0.16256476683937826,6370127410.413996,3.046231350980669,0.01170481860160291
node,td,0,20260905,0.28,0.27986151182919794,485,0.42892242892242893,0.27986151182919794,9.025512126388471e-05,0.13434262600659902,0.865657373993401,0.13848817080207732,0.15544041450777202,6376060089.830869,3.04999972041903,0.010268817835726245
node,td,0,20260905,0.3,0.3000577034045009,520,0.45103545103545106,0.3000577034045009,8.94431600225071e-05,0.13313404078888802,0.866865959211112,0.13675706866705137,0.1534974093264249,6383025921.865107,3.0544243364661945,0.008495758532218695
node,td,0,20260905,0.32,0.32025389497980383,555,0.4742014742014742,0.32025389497980383,8.594929587965053e-05,0.12793350615673893,0.8720664938432611,0.1286785920369302,0.14443005181347152,6393065242.323576,3.060801196859158,0.006459572510265447
node,td,0,20260905,0.34,0.3398730525100981,589,0.4987714987714988,0.3398730525100981,3.123093925151549e-05,0.04648651880300595,0.9535134811969941,0.09751875360646278,0.1094559585492228,6412793305.856758,3.0733322349403744,0.0022505178941662667
node,td,0,20260905,0.36,0.36006924408540103,624,0.5247455247455247,0.36006924408540103,1.2781671426519652e-06,0.0019025217407571795,0.9980974782592428,0.0571263704558569,0.06411917098445596,6419092914.571911,3.0773336736306733,0.000947749477156749
node,td,0,20260905,0.38,0.380265435660704,659,0.5454545454545454,0.380265435660704,9.830868296356499e-07,0.0014633016324870067,0.998536698367513,0.0571263704558569,0.06411917098445596,6421116089.488913,3.078618770968649,0.0004924319475848902
node,td,0,20260905,0.4,0.3998845931909983,693,0.5686205686205686,0.3998845931909983,7.940539021966284e-07,0.0011819305643608721,0.9988180694356391,0.03750721292556261,0.042098445595854926,6422220163.361701,3.0793200659396995,0.0002562750568698272
