component,component_id,reachable_share,reach_loss,mean_m,median_m,p90_m,p95_m,mean_increase_m,median_increase_m,p90_increase_m,p95_increase_m,odbc,od_eff_loss,lscc_loss,td_loss
link,0,0.8713531536537927,0.0,1678.3658804209185,1813.3350000000003,2515.206,3245.7529999999997,0.0,0.0,0.0,0.0,0.0081728040001161,0.0005149791773932,0.0,0.000842693857222
link,1,0.8713531536537927,0.0,1686.5843950892859,1825.814,2515.206,3245.7529999999997,8.218514668367334,12.478999999999814,0.0,0.0,0.0102302261320766,0.0008320460379504,0.0012953367875647,0.0048565189767635
link,2,0.8713531536537927,0.0,1678.3658804209185,1813.3350000000003,2515.206,3245.7529999999997,0.0,0.0,0.0,0.0,0.0005697978144997,2.555031390186592e-05,0.0,0.0001058073879873
link,3,0.8713531536537927,0.0,1686.781056760204,1829.2359999999999,2515.206,3245.7529999999997,8.415176339285381,15.900999999999613,0.0,0.0,0.0073625630619153,0.0002982001920235,0.0,0.0007040903637762
link,4,0.8713531536537927,0.0,1678.4656297831632,1813.3350000000003,2515.206,3245.7529999999997,0.09974936224466546,0.0,0.0,0.0,0.0432247737669793,0.0007918471733016,0.0,0.0013173032943394
link,5,0.8713531536537927,0.0,1678.3658804209185,1813.3350000000003,2515.206,3245.7529999999997,0.0,0.0,0.0,0.0,0.0011643196336987,1.1266451933677823e-05,0.0012953367875647,1.5866657969253958e-05
link,6,0.8713531536537927,0.0,1681.0397369260204,1813.3350000000003,2515.206,3245.7529999999997,2.673856505101867,0.0,0.0,0.0,0.0346761201596553,0.0012558016177127,0.0,0.0015883360516515
link,7,0.8713531536537927,0.0,1678.3658804209185,1813.3350000000003,2515.206,3245.7529999999997,0.0,0.0,0.0,0.0,0.051156960128021,0.0032576360358418,0.0045336787564766,0.0098504134794236
link,8,0.8713531536537927,0.0,1678.3737028061225,1813.3350000000003,2515.206,3245.7529999999997,0.007822385204008242,0.0,0.0,0.0,0.0227752729980441,5.989005208795796e-06,0.0,1.5480236990074454e-05
link,9,0.8713531536537927,0.0,1678.3658804209185,1813.3350000000003,2515.206,3245.7529999999997,0.0,0.0,0.0,0.0,0.0039245414930509,0.0040819905281609,0.0006476683937823,0.00095251037039
link,10,0.8691303139761045,0.0022228396776882153,1680.4185744884908,1819.2195000000002,2516.832000000001,3245.7529999999997,2.052694067572247,5.884499999999889,1.6260000000006585,0.0,0.0256942826065113,0.0015487651132375,0.001943005181347,0.00508410391967
link,11,0.8713531536537927,0.0,1678.718541135204,1813.3350000000003,2515.206,3245.7529999999997,0.35266071428554824,0.0,0.0,0.0,0.0104306881339762,0.0002564576744681,0.0,0.0004585760078825
link,12,0.8713531536537927,0.0,1678.3658804209185,1813.3350000000003,2515.206,3245.7529999999997,0.0,0.0,0.0,0.0,0.000252761316191,2.2279752684668676e-05,0.0,2.446156554830055e-05
link,13,0.8713531536537927,0.0,1683.1124413265306,1818.8680000000002,2576.3595,3245.7529999999997,4.746560905612114,5.532999999999902,61.153499999999894,0.0,0.00566910861523,0.0006487830956362,0.0,0.0008263915236515
link,14,0.8713531536537927,0.0,1678.3658804209185,1813.3350000000003,2515.206,3245.7529999999997,0.0,0.0,0.0,0.0,0.0233578113717461,0.0008008058287565,0.0006476683937823,0.0020923222653545
link,15,0.8713531536537927,0.0,1678.495273278061,1813.3350000000003,2515.206,3245.7529999999997,0.12939285714242033,0.0,0.0,0.0,0.0233578113717461,0.0001740464610238,0.0,0.000495112590361
link,16,0.8713531536537927,0.0,1678.3658804209185,1813.3350000000003,2515.206,3245.7529999999997,0.0,0.0,0.0,0.0,0.0,0.0,0.0,0.0
link,17,0.8713531536537927,0.0,1678.8378185586735,1813.3350000000003,2515.206,3245.7529999999997,0.47193813775493254,0.0,0.0,0.0,0.0174179668980815,0.0003705705133278,0.0,0.00077362446565
link,18,0.8713531536537927,0.0,1678.3658804209185,1813.3350000000003,2515.206,3245.7529999999997,0.0,0.0,0.0,0.0,0.0359988465927241,0.0005184712059515,0.0006476683937823,0.0011217362124915
link,19,0.8710752986940817,0.00027785495971099916,1678.4504858054227,1813.3350000000003,2515.206,3245.7529999999997,0.08460538450412969,0.0,0.0,0.0,0.0140968695435951,0.0033196490161971,0.0032383419689119,0.0183196338530172
link,20,0.8713531536537927,0.0,1678.3658804209185,1813.3350000000003,2515.206,3245.7529999999997,0.0,0.0,0.0,0.0,0.0052556104986307,0.0001465799272005,0.0,0.0002704349837664
link,21,0.8713531536537927,0.0,1678.3658804209185,1813.3350000000003,2515.206,3245.7529999999997,0.0,0.0,0.0,0.0,0.0045066815451445,1.8911961495325865e-05,0.0,2.760525271493529e-05
link,22,0.8713531536537927,0.0,1678.3685073341837,1813.3350000000003,2515.206,3245.7529999999997,0.0026269132652032567,0.0,0.0,0.0,0.0025560664289432,2.07235925052886e-06,0.0,7.584658607391098e-06
link,23,0.8713531536537927,0.0,1678.3658804209185,1813.3350000000003,2515.206,3245.7529999999997,0.0,0.0,0.0,0.0,0.0047804863816478,6.8680627070604365e-06,0.0,2.9499742189728665e-05
link,24,0.8713531536537927,0.0,1678.3658804209185,1813.3350000000003,2515.206,3245.7529999999997,0.0,0.0,0.0,0.0,0.0008332629908012,4.375381775419901e-06,0.0,1.5983918338147798e-05
link,25,0.8713531536537927,0.0,1681.3053832908163,1813.3350000000003,2515.206,3245.7529999999997,2.9395028698977512,0.0,0.0,0.0,0.013384360771137,0.0009200285850971,0.0,0.0021454836252584
link,26,0.8713531536537927,0.0,1678.3658804209185,1813.3350000000003,2515.206,3245.7529999999997,0.0,0.0,0.0,0.0,0.0022056749689521,0.000282440514119,0.0,0.000522808151239
link,27,0.8713531536537927,0.0,1678.3658804209185,1813.3350000000003,2515.206,3245.7529999999997,0.0,0.0,0.0,0.0,0.0171074878715385,0.0015148463876976,0.0,0.0039272264611983
link,28,0.8713531536537927,0.0,1695.0130554846937,1838.0,2617.3019999999997,3245.7529999999997,16.647175063775194,24.664999999999736,102.09599999999955,0.0,0.0150532832506956,0.0003880599808763,0.0,0.0009580508121032
link,29,0.8585718255070853,0.012781328146707405,1651.2696300970872,1799.3995,2450.9258,2893.32,-27.096250323831327,-13.935500000000275,-64.28020000000015,-352.43299999999954,0.0242552999998304,0.0087359190981466,0.0025906735751294,0.0627280017752287
link,30,0.8713531536537927,0.0,1679.2732311862246,1813.3350000000003,2515.206,3257.4392500000004,0.9073507653060915,0.0,0.0,11.686250000000655,0.0113373079802691,0.000562102590242,0.0006476683937823,0.0018930755220005
link,31,0.8713531536537927,0.0,1678.3658804209185,1813.3350000000003,2515.206,3245.7529999999997,0.0,0.0,0.0,0.0,0.0129179920195612,8.361098340698058e-05,0.0006476683937823,0.0002136814332563
link,32,0.8713531536537927,0.0,1678.3658804209185,1813.3350000000003,2515.206,3245.7529999999997,0.0,0.0,0.0,0.0,0.0035288745263118,1.3045702209300205e-05,0.0,6.845931727359043e-05
link,33,0.8713531536537927,0.0,1678.3658804209185,1813.3350000000003,2515.206,3245.7529999999997,0.0,0.0,0.0,0.0,0.0034736550617503,0.0002160665513365,0.0,0.0003352410997354
link,34,0.8710752986940817,0.00027785495971099916,1678.544050079745,1813.3350000000003,2515.206,3245.7529999999997,0.17816965882639124,0.0,0.0,0.0,0.0139683618696098,0.0003992378737527,0.0006476683937823,0.0005527744121131
link,35,0.8713531536537927,0.0,1678.6958600127552,1813.3350000000003,2515.206,3257.4392500000004,0.3299795918367181,0.0,0.0,11.686250000000655,0.0059824895578166,0.0001418466356244,0.0,0.0002440046081885
link,36,0.8713531536537927,0.0,1678.3658804209185,1813.3350000000003,2515.206,3245.7529999999997,0.0,0.0,0.0,0.0,0.0003015636521416,0.0012308826981191,0.0,0.0001020452818233
link,37,0.8713531536537927,0.0,1678.3658804209185,1813.3350000000003,2515.206,3245.7529999999997,0.0,0.0,0.0,0.0,0.0001209298676821,3.734825750876471e-08,0.0,2.352174032973297e-08
link,38,0.8713531536537927,0.0,1678.3834984056125,1813.3350000000003,2515.206,3245.7529999999997,0.017617984693970357,0.0,0.0,0.0,0.0047484373716969,0.0006152165811578,0.0,0.000159132668577
link,39,0.8705195887746596,0.0008335648791331085,1677.8812310884136,1813.3350000000003,2515.206,3245.7529999999997,-0.48464933250488684,0.0,0.0,0.0,0.012098045328917,0.0041361850619235,0.0025906735751294,0.0084613695206686
link,40,0.8713531536537927,0.0,1678.3658804209185,1813.3350000000003,2515.206,3245.7529999999997,0.0,0.0,0.0,0.0,0.0065936934274502,1.6085413223780584e-05,0.0,3.5855973600103846e-05
link,41,0.8605168102250625,0.010836343428730189,1673.0430978366162,1813.3350000000003,2534.5830000000014,3247.480399999998,-5.322782584302331,0.0,19.377000000001317,1.727399999998397,0.0059161134394826,0.0025822911981596,0.0032383419689119,0.0182221354770522
link,42,0.8713531536537927,0.0,1678.3658804209185,1813.3350000000003,2515.206,3245.7529999999997,0.0,0.0,0.0,0.0,0.0061032555664047,0.0001258317651459,0.0,0.0002645601956893
link,43,0.8713531536537927,0.0,1678.3658804209185,1813.3350000000003,2515.206,3245.7529999999997,0.0,0.0,0.0,0.0,0.0041492763576745,0.0026691657175363,0.0045336787564766,0.0127801261241344
link,44,0.856348985829397,0.015004167824395731,1672.661612264763,1813.3350000000003,2543.0460000000003,3253.9581499999986,-5.704268156155422,0.0,27.840000000000146,8.205149999998866,0.0078524827456473,0.0035302206178829,0.0097150259067357,0.0241863185833222
link,45,0.8713531536537927,0.0,1678.3658804209185,1813.3350000000003,2515.206,3245.7529999999997,0.0,0.0,0.0,0.0,0.0127727316087363,0.0007085915160595,0.0,0.0017648411875924
link,46,0.8713531536537927,0.0,1678.3658804209185,1813.3350000000003,2515.206,3245.7529999999997,0.0,0.0,0.0,0.0,0.0117733585882247,0.0009343558110631,0.0006476683937823,0.0021993598792058
link,47,0.8710752986940817,0.00027785495971099916,1678.6005007974481,1813.3350000000003,2515.206,3245.7529999999997,0.23462037652961953,0.0,0.0,0.0,0.0089624155466779,0.0004350701365201,0.0006476683937823,0.0003253730970048
link,48,0.8705195887746596,0.0008335648791331085,1679.7828783913183,1813.3350000000003,2515.206,3245.7529999999997,1.4169979703997342,0.0,0.0,0.0,0.0070346413903003,0.0047826129781101,0.001943005181347,0.0201402041885527
link,49,0.8713531536537927,0.0,1678.3658804209185,1813.3350000000003,2515.206,3245.7529999999997,0.0,0.0,0.0,0.0,0.0,0.0,0.0,0.0
link,50,0.8713531536537927,0.0,1678.4275672831632,1813.3350000000003,2515.206,3245.7529999999997,0.061686862244641816,0.0,0.0,0.0,0.0052499459657693,0.0003426278734045,0.0,0.0004161278849882
link,51,0.8713531536537927,0.0,1678.3658804209185,1813.3350000000003,2515.206,3245.7529999999997,0.0,0.0,0.0,0.0,0.0,0.0,0.0,0.0
link,52,0.8713531536537927,0.0,1678.8641304209186,1813.3350000000003,2515.206,3245.7529999999997,0.4982500000000982,0.0,0.0,0.0,0.0006252337578768,2.0717109423332657e-05,0.0006476683937823,3.59290061901964e-05
link,53,0.8713531536537927,0.0,1678.3658804209185,1813.3350000000003,2515.206,3245.7529999999997,0.0,0.0,0.0,0.0,0.0433049361980641,0.0053957368753846,0.0,0.0077207030941379
link,54,0.8713531536537927,0.0,1678.3658804209185,1813.3350000000003,2515.206,3245.7529999999997,0.0,0.0,0.0,0.0,0.003788343933333,0.0003016368577678,0.0,0.0005461617724341
link,55,0.8713531536537927,0.0,1685.540306760204,1815.8110000000001,2608.2690000000002,3245.7529999999997,7.174426339285446,2.4759999999998854,93.0630000000001,0.0,0.0079705082472171,0.0007631688804506,0.0,0.001565237448994
link,56,0.8713531536537927,0.0,1678.3658804209185,1813.3350000000003,2515.206,3245.7529999999997,0.0,0.0,0.0,0.0,0.0076358912201894,0.0002723669717288,0.0,0.0007779484073394
link,57,0.8713531536537927,0.0,1679.8016122448983,1813.3350000000003,2515.206,3245.7529999999997,1.4357318239797223,0.0,0.0,0.0,0.0218300208792696,0.0009258533031729,0.0,0.0015894650712373
link,58,0.8657960544595721,0.005557099194220649,1675.1422788831835,1813.3350000000003,2524.307,3245.7529999999997,-3.2236015377350213,0.0,9.100999999999658,0.0,0.009525695790218,0.00159187028846,0.0012953367875647,0.0066798918978477
link,59,0.8713531536537927,0.0,1678.3658804209185,1813.3350000000003,2515.206,3245.7529999999997,0.0,0.0,0.0,0.0,0.000468589799617,1.6007428894784851e-06,0.0,1.928879847784125e-06
link,60,0.8713531536537927,0.0,1681.4890988520408,1813.3350000000003,2584.1830000000004,3245.7529999999997,3.123218431122268,0.0,68.97700000000032,0.0,0.0194138813159492,0.0047280190120616,0.0,0.0088512902657904
link,61,0.8713531536537927,0.0,1678.3658804209185,1813.3350000000003,2515.206,3245.7529999999997,0.0,0.0,0.0,0.0,0.0078575075584398,0.0005497429211027,0.0,0.0004055049830936
link,62,0.8713531536537927,0.0,1678.3658804209185,1813.3350000000003,2515.206,3245.7529999999997,0.0,0.0,0.0,0.0,0.0368566155090236,0.0046815931051998,0.0032383419689119,0.0145972778183045
link,63,0.8713531536537927,0.0,1678.3658804209185,1813.3350000000003,2515.206,3245.7529999999997,0.0,0.0,0.0,0.0,0.0,0.0,0.0,0.0
link,64,0.8710752986940817,0.00027785495971099916,1678.557893141946,1813.3350000000003,2515.206,3245.7529999999997,0.19201272102736766,0.0,0.0,0.0,0.0199692040245436,0.0013449728654639,0.001943005181347,0.0036123527998333
link,65,0.8713531536537927,0.0,1679.9950226403064,1813.3350000000003,2515.206,3245.7529999999997,1.6291422193878589,0.0,0.0,0.0,0.0066280388481476,0.0004881857277744,0.0,0.000246972153724
link,66,0.8713531536537927,0.0,1678.3658804209185,1813.3350000000003,2515.206,3245.7529999999997,0.0,0.0,0.0,0.0,0.0138204617721975,0.0004466646649913,0.0006476683937823,0.0008805272675171
link,67,0.8713531536537927,0.0,1678.3658804209185,1813.3350000000003,2515.206,3245.7529999999997,0.0,0.0,0.0,0.0,0.0314873826753516,0.000954361872649,0.0006476683937823,0.0020371842124555
link,68,0.8710752986940817,0.00027785495971099916,1678.516666985646,1813.3350000000003,2515.206,3245.7529999999997,0.15078656472746843,0.0,0.0,0.0,0.0001251824893648,0.0001186237876494,0.0,0.0003855727757582
link,69,0.8713531536537927,0.0,1678.4451884566324,1813.3350000000003,2515.206,3245.7529999999997,0.07930803571389333,0.0,0.0,0.0,0.0038083387071045,0.0002219182704196,0.0006476683937823,0.000190214064376
link,70,0.8713531536537927,0.0,1678.3658804209185,1813.3350000000003,2515.206,3245.7529999999997,0.0,0.0,0.0,0.0,0.0,0.0,0.0,0.0
link,71,0.8713531536537927,0.0,1679.1736890943878,1813.3350000000003,2515.206,3257.4392500000004,0.8078086734692533,0.0,0.0,11.686250000000655,0.0118827789757057,0.0033779200051221,0.0,0.0017938215435793
link,72,0.8713531536537927,0.0,1680.0627241709183,1813.3350000000003,2515.206,3245.7529999999997,1.6968437499997435,0.0,0.0,0.0,0.0022877821653195,0.00069783241747,0.0,0.0003605934183669
link,73,0.8713531536537927,0.0,1678.3658804209185,1813.3350000000003,2515.206,3245.7529999999997,0.0,0.0,0.0,0.0,0.0105571120338764,0.0001991345943712,0.0,0.0005280336990658
link,74,0.8713531536537927,0.0,1679.830995854592,1813.3350000000003,2528.4645,3245.7529999999997,1.465115433673418,0.0,13.258499999999913,0.0,0.0007202901672245,5.0419939022590526e-05,0.001943005181347,7.352202382262205e-05
link,75,0.8713531536537927,0.0,1678.3658804209185,1813.3350000000003,2515.206,3245.7529999999997,0.0,0.0,0.0,0.0,0.0002755738900078,1.2273976442327272e-05,0.0006476683937823,6.585457022776875e-05
link,76,0.8713531536537927,0.0,1678.369238520408,1813.3350000000003,2515.206,3245.7529999999997,0.003358099489560118,0.0,0.0,0.0,0.0020841263790503,0.0001387858698312,0.0,0.0002988885904456
link,77,0.8713531536537927,0.0,1678.3658804209185,1813.3350000000003,2515.206,3245.7529999999997,0.0,0.0,0.0,0.0,2.5387057819783408e-05,8.224111082441149e-06,0.0012953367875647,7.819430977577216e-05
link,78,0.8713531536537927,0.0,1678.5224362244896,1813.3350000000003,2515.206,3245.7529999999997,0.1565558035711092,0.0,0.0,0.0,0.0,0.0,0.0,0.0
link,79,0.8713531536537927,0.0,1678.9690841836737,1813.3350000000003,2515.206,3245.7529999999997,0.603203762755129,0.0,0.0,0.0,0.0031294932836515,0.0003253033791666,0.0,0.0006281496719741
link,80,0.8713531536537927,0.0,1678.3658804209185,1813.3350000000003,2515.206,3245.7529999999997,0.0,0.0,0.0,0.0,0.0,0.0,0.0,0.0
link,81,0.8713531536537927,0.0,1689.6040947066326,1813.3350000000003,2515.206,3245.7529999999997,11.238214285714093,0.0,0.0,0.0,0.007521881795092,0.0008999453359994,0.0,0.002794759724586
link,82,0.8713531536537927,0.0,1678.3658804209185,1813.3350000000003,2515.206,3245.7529999999997,0.0,0.0,0.0,0.0,0.0052728859624603,7.38818171899008e-05,0.005181347150259,0.0006292742480071
link,83,0.8713531536537927,0.0,1678.3658804209185,1813.3350000000003,2515.206,3245.7529999999997,0.0,0.0,0.0,0.0,4.632056965942536e-05,9.816435022253022e-08,0.0,5.711308136020352e-07
link,84,0.8713531536537927,0.0,1678.640134885204,1813.3350000000003,2515.206,3245.7529999999997,0.27425446428537725,0.0,0.0,0.0,0.0002292533203484,1.1903716781064173e-05,0.0,6.321358398390615e-05
link,85,0.8713531536537927,0.0,1678.3658804209185,1813.3350000000003,2515.206,3245.7529999999997,0.0,0.0,0.0,0.0,0.0032285487414902,0.0002754944542204,0.0012953367875647,0.0026684379047074
link,86,0.8713531536537927,0.0,1678.9597241709184,1813.3350000000003,2563.9210000000003,3245.7529999999997,0.5938437499999054,0.0,48.715000000000146,0.0,0.0093496742798337,0.0002548603821161,0.001943005181347,0.0007827937643956
link,87,0.856348985829397,0.015004167824395731,1635.439925697599,1799.199,2436.3500000000004,2893.32,-42.92595472331959,-14.136000000000195,-78.85599999999977,-352.43299999999954,0.0001100142087328,2.917388603577124e-05,0.0,0.0003388531738679
link,88,0.8713531536537927,0.0,1678.491235969388,1813.3350000000003,2515.206,3245.7529999999997,0.12535554846954255,0.0,0.0,0.0,0.0032069120047564,0.0001200281233764,0.0,0.0002251314981911
link,89,0.8713531536537927,0.0,1678.3658804209185,1813.3350000000003,2515.206,3245.7529999999997,0.0,0.0,0.0,0.0,0.0302712900573643,0.0048048729178818,0.0025906735751294,0.0180538903421898
link,90,0.8713531536537927,0.0,1686.5486033163265,1813.3350000000003,2570.614,3309.5359999999996,8.182722895408006,0.0,55.4079999999999,63.7829999999999,0.0322747812756165,0.0025297585932363,0.0006476683937823,0.0061209766524781
link,91,0.8713531536537927,0.0,1679.414376594388,1813.3350000000003,2515.206,3245.7529999999997,1.0484961734694025,0.0,0.0,0.0,0.01610934561129,0.0005729625390797,0.0,0.0010206898423969
link,92,0.8713531536537927,0.0,1678.3658804209185,1813.3350000000003,2515.206,3245.7529999999997,0.0,0.0,0.0,0.0,0.0347614657104287,0.0015340531904175,0.0,0.0039467990705909
link,93,0.8713531536537927,0.0,1678.3658804209185,1813.3350000000003,2515.206,3245.7529999999997,0.0,0.0,0.0,0.0,0.0241049605638523,0.0049940328018234,0.0006476683937823,0.0303341606706924
link,94,0.8713531536537927,0.0,1686.3021195790818,1813.3350000000003,2570.614,3309.5359999999996,7.936239158163289,0.0,55.4079999999999,63.7829999999999,0.0327709164651704,0.0036039095386941,0.0006476683937823,0.0146458939205241
link,95,0.8713531536537927,0.0,1678.3658804209185,1813.3350000000003,2515.206,3245.7529999999997,0.0,0.0,0.0,0.0,0.0004493147533138,9.037041857316604e-05,0.0,0.0001383971590034
link,96,0.8713531536537927,0.0,1678.3658804209185,1813.3350000000003,2515.206,3245.7529999999997,0.0,0.0,0.0,0.0,0.004433499674132,9.382704395687066e-05,0.0,0.0001844403800631
link,97,0.8713531536537927,0.0,1678.3658804209185,1813.3350000000003,2515.206,3245.7529999999997,0.0,0.0,0.0,0.0,0.0048250457675732,0.0001204831170703,0.0,0.0002428977005083
link,98,0.8713531536537927,0.0,1678.3658804209185,1813.3350000000003,2515.206,3245.7529999999997,0.0,0.0,0.0,0.0,0.0009580309694258,2.5777686112521822e-05,0.0,6.880751765180252e-05
link,99,0.8696860238955265,0.001667129758266217,1676.4707255591056,1813.3350000000003,2503.847,3245.7529999999997,-1.8951548618128982,0.0,-11.358999999999924,0.0,0.0094573798113955,0.0020227577341684,0.0025906735751294,0.0107721214393356
link,100,0.8710752986940817,0.00027785495971099916,1680.9846858054227,1813.3350000000003,2586.4350000000004,3245.7529999999997,2.618805384504185,0.0,71.22900000000027,0.0,0.0112354695089041,0.0011463180488869,0.0012953367875647,0.0020540626800625
link,101,0.8713531536537927,0.0,1678.3658804209185,1813.3350000000003,2515.206,3245.7529999999997,0.0,0.0,0.0,0.0,0.0053215213937938,0.0002698769271046,0.0,0.000402576433599
link,102,0.8713531536537927,0.0,1697.1623000637755,1813.3350000000003,2789.609000000001,3319.890000000001,18.796419642857018,0.0,274.4030000000007,74.13700000000108,0.0129019748336903,0.0016637643404579,0.0,0.0025083447433004
link,103,0.8713531536537927,0.0,1678.3658804209185,1813.3350000000003,2515.206,3245.7529999999997,0.0,0.0,0.0,0.0,0.0,0.0,0.0,0.0
link,104,0.8641289247013059,0.007224228952486866,1668.2300427652733,1808.5405,2468.4634,3245.7529999999997,-10.135837655645219,-4.794500000000198,-46.74260000000004,0.0,0.0009214934748988,0.0003516708670139,0.0006476683937823,0.0028382787302155
link,105,0.8713531536537927,0.0,1678.4153431122452,1813.3350000000003,2515.206,3245.7529999999997,0.04946269132665293,0.0,0.0,0.0,0.0050231655045006,0.0001796067537655,0.0,0.000180122472517
link,106,0.8713531536537927,0.0,1678.3658804209185,1813.3350000000003,2515.206,3245.7529999999997,0.0,0.0,0.0,0.0,0.0006402569662481,3.5605954799679684e-05,0.0,4.628005638379216e-05
link,107,0.8713531536537927,0.0,1678.3658804209185,1813.3350000000003,2515.206,3245.7529999999997,0.0,0.0,0.0,0.0,0.0007204434050993,6.117191159386787e-05,0.0,1.3987243618066457e-05
link,108,0.8713531536537927,0.0,1678.3658804209185,1813.3350000000003,2515.206,3245.7529999999997,0.0,0.0,0.0,0.0,0.0057797098598806,0.0069500405723528,0.0006476683937823,0.0178020007834753
link,109,0.8713531536537927,0.0,1678.688453125,1813.3350000000003,2515.206,3257.4392500000004,0.3225727040814945,0.0,0.0,11.686250000000655,0.0108512968815355,0.0027736954388035,0.0,0.0015940234403342
link,110,0.8710752986940817,0.00027785495971099916,1678.041573524721,1813.3350000000003,2515.206,3245.7529999999997,-0.3243068961976405,0.0,0.0,0.0,0.0038842338758945,0.0002184546940671,0.0006476683937823,0.0001791481652931
link,111,0.8713531536537927,0.0,1678.3840086096939,1813.3350000000003,2515.206,3245.7529999999997,0.01812818877533573,0.0,0.0,0.0,0.004155930791165,0.0006271755170675,0.0,0.0001682613033182
link,112,0.8713531536537927,0.0,1678.3658804209185,1813.3350000000003,2515.206,3245.7529999999997,0.0,0.0,0.0,0.0,0.0116274531045366,0.0012845802732919,0.0,0.0006087994120882
link,113,0.8707974437343706,0.0005557099194221093,1677.4607622846204,1813.3350000000003,2513.5215000000017,3245.7529999999997,-0.9051181362981424,0.0,-1.6844999999984793,0.0,0.0009559693568801,0.0003635597848095,0.0,0.0029444673958964
link,114,0.8705195887746596,0.0008335648791331085,1676.8650309607406,1813.3350000000003,2508.442200000001,3201.565,-1.5008494601779603,0.0,-6.763799999999264,-44.18799999999965,0.0002024386997552,0.0001418623738887,0.0,0.0006235285125061
link,115,0.8713531536537927,0.0,1678.3658804209185,1813.3350000000003,2515.206,3245.7529999999997,0.0,0.0,0.0,0.0,0.0058120865754707,0.0046572152897987,0.0,0.0179017238371018
link,116,0.8713531536537927,0.0,1678.5206412627554,1813.3350000000003,2515.206,3245.7529999999997,0.1547608418368327,0.0,0.0,0.0,0.0012754054589313,0.0009156661868928,0.0012953367875647,0.0037726347055544
link,117,0.8696860238955265,0.001667129758266217,1675.9517696485623,1813.3350000000003,2503.847,3245.7529999999997,-2.4141107723562527,0.0,-11.358999999999924,0.0,0.0010839770035566,0.000478620497528,0.0,0.0033387418978474
link,118,0.8688524590163934,0.0025006946373993255,1675.1397070674768,1813.3350000000003,2503.847,3245.7529999999997,-3.226173353441709,0.0,-11.358999999999924,0.0,0.0049530049916058,0.0005294024552539,0.0012953367875647,0.0034193794390583
link,119,0.8713531536537927,0.0,1678.4144416454083,1813.3350000000003,2515.206,3245.7529999999997,0.0485612244897311,0.0,0.0,0.0,0.0026971838411289,4.927962916686695e-06,0.0,9.246946887965674e-06
link,120,0.8713531536537927,0.0,1678.3658804209185,1813.3350000000003,2515.206,3245.7529999999997,0.0,0.0,0.0,0.0,0.0022558211504769,8.459837184263027e-05,0.0,0.000105710481341
link,121,0.8713531536537927,0.0,1681.9672417091838,1813.3350000000003,2605.29,3245.7529999999997,3.6013612882652524,0.0,90.08399999999983,0.0,0.006628122444019,0.0002375149551461,0.0,0.0006898226961975
link,122,0.8713531536537927,0.0,1678.3658804209185,1813.3350000000003,2515.206,3245.7529999999997,0.0,0.0,0.0,0.0,0.0024306043095152,0.0004048073225158,0.0,0.000732841956998
link,123,0.8713531536537927,0.0,1678.3658804209185,1813.3350000000003,2515.206,3245.7529999999997,0.0,0.0,0.0,0.0,0.0001129759047856,1.8772890587211536e-06,0.0,3.2595643062115715e-06
link,124,0.8713531536537927,0.0,1679.1072353316324,1813.3350000000003,2515.206,3245.7529999999997,0.7413549107138806,0.0,0.0,0.0,8.674571731752248e-05,1.0994190897640696e-06,0.0,4.536179496276528e-06
link,125,0.8713531536537927,0.0,1678.3658804209185,1813.3350000000003,2515.206,3245.7529999999997,0.0,0.0,0.0,0.0,0.0023586401874099,1.869776135001001e-05,0.0,3.1168005626903935e-05
link,126,0.8713531536537927,0.0,1679.6192295918365,1813.3350000000003,2515.206,3245.7529999999997,1.2533491709179998,0.0,0.0,0.0,0.0050111893098919,1.982968474269657e-05,0.0,2.3230575498196823e-05
link,127,0.8713531536537927,0.0,1681.9078705357144,1813.3350000000003,2515.206,3245.7529999999997,3.541990114795908,0.0,0.0,0.0,0.0076026469978869,0.0006783005265183,0.0006476683937823,0.0009520049410747
link,128,0.8713531536537927,0.0,1678.3658804209185,1813.3350000000003,2515.206,3245.7529999999997,0.0,0.0,0.0,0.0,0.0048190947384574,6.120619663529314e-06,0.0,7.10472816869137e-06
link,129,0.8713531536537927,0.0,1678.5081141581634,1813.3350000000003,2515.206,3245.7529999999997,0.142233737244851,0.0,0.0,0.0,0.0041775183082557,0.0008764544596442,0.0006476683937823,0.0020737572372684
link,130,0.8713531536537927,0.0,1678.3658804209185,1813.3350000000003,2515.206,3245.7529999999997,0.0,0.0,0.0,0.0,0.0006415764302016,1.3891970335209864e-06,0.0,4.476309790600851e-07
link,131,0.8710752986940817,0.00027785495971099916,1678.5983754385963,1813.3350000000003,2515.206,3245.7529999999997,0.23249501767782021,0.0,0.0,0.0,0.0,0.0,0.001943005181347,0.0
link,132,0.8713531536537927,0.0,1678.3658804209185,1813.3350000000003,2515.206,3245.7529999999997,0.0,0.0,0.0,0.0,0.0,0.0,0.0006476683937823,0.0
link,133,0.8710752986940817,0.00027785495971099916,1678.5983754385963,1813.3350000000003,2515.206,3245.7529999999997,0.23249501767782021,0.0,0.0,0.0,0.0072830837799843,3.790122382971207e-05,0.0032383419689119,5.183944367142658e-05
link,134,0.8713531536537927,0.0,1678.3658804209185,1813.3350000000003,2515.206,3245.7529999999997,0.0,0.0,0.0,0.0,0.0054989858715296,0.0007100439869905,0.0006476683937823,0.0016079871653208
link,135,0.8713531536537927,0.0,1678.3658804209185,1813.3350000000003,2515.206,3245.7529999999997,0.0,0.0,0.0,0.0,0.0002974381352341,7.84885513637498e-05,0.0,2.235249103594772e-05
link,136,0.8713531536537927,0.0,1678.3658804209185,1813.3350000000003,2515.206,3245.7529999999997,0.0,0.0,0.0,0.0,7.095191542826118e-05,4.439945855404284e-05,0.0006476683937823,0.000218537968975
link,137,0.8713531536537927,0.0,1678.399058992347,1813.3350000000003,2515.206,3245.7529999999997,0.033178571428379655,0.0,0.0,0.0,0.0001419038308565,3.0826397088487185e-06,0.0,4.664675708884418e-06
link,138,0.8713531536537927,0.0,1678.3658804209185,1813.3350000000003,2515.206,3245.7529999999997,0.0,0.0,0.0,0.0,0.022881553553882,0.0003598115363457,0.0006476683937823,0.0006950418170448
link,139,0.8713531536537927,0.0,1678.3658804209185,1813.3350000000003,2515.206,3245.7529999999997,0.0,0.0,0.0,0.0,0.0152020388138626,0.0009257966277008,0.0,0.00111583983617
link,140,0.8710752986940817,0.00027785495971099916,1678.7925897926632,1813.3350000000003,2515.206,3245.7529999999997,0.42670937174466417,0.0,0.0,0.0,0.00540838423776,0.0013491972084065,0.0038860103626943,0.0057518623222685
link,141,0.8713531536537927,0.0,1678.3658804209185,1813.3350000000003,2515.206,3245.7529999999997,0.0,0.0,0.0,0.0,0.0016638287034532,1.906250403424226e-06,0.0,2.6459487847696043e-06
link,142,0.8713531536537927,0.0,1678.6163938137754,1813.3350000000003,2515.206,3245.7529999999997,0.2505133928568739,0.0,0.0,0.0,0.0052076768531718,0.0003165487027327,0.0,0.0004563730138519
link,143,0.8713531536537927,0.0,1679.3710452806124,1813.3350000000003,2515.206,3245.7529999999997,1.0051648596938776,0.0,0.0,0.0,0.0064080835850954,0.0002522941100918,0.0006476683937823,0.0002691927085143
link,144,0.8713531536537927,0.0,1678.3658804209185,1813.3350000000003,2515.206,3245.7529999999997,0.0,0.0,0.0,0.0,0.0045128653692151,0.0001487379140837,0.0,0.0001745682947707
link,145,0.8713531536537927,0.0,1678.3658804209185,1813.3350000000003,2515.206,3245.7529999999997,0.0,0.0,0.0,0.0,0.0035754355801226,6.283320083797872e-05,0.0,0.0001019567121721
link,146,0.8713531536537927,0.0,1678.7525733418368,1813.3350000000003,2515.206,3245.7529999999997,0.3866929209182217,0.0,0.0,0.0,0.0034911936201317,0.0004580675950641,0.0,0.0004772390179354
link,147,0.8713531536537927,0.0,1678.3658804209185,1813.3350000000003,2515.206,3245.7529999999997,0.0,0.0,0.0,0.0,0.0047479985348643,0.0003509402002487,0.0006476683937823,0.0010249576215417
link,148,0.8713531536537927,0.0,1678.3658804209185,1813.3350000000003,2515.206,3245.7529999999997,0.0,0.0,0.0,0.0,0.0001962055301722,2.131325739198188e-05,0.0,5.742914008243711e-05
link,149,0.8713531536537927,0.0,1678.4457267219389,1813.3350000000003,2515.206,3245.7529999999997,0.07984630102032497,0.0,0.0,0.0,0.0026659406793888,0.0015777533293812,0.0006476683937823,0.0073205233836651
link,150,0.8710752986940817,0.00027785495971099916,1678.5314041467304,1813.3350000000003,2515.206,3245.7529999999997,0.16552372581190866,0.0,0.0,0.0,0.0307656250239675,0.0061002854195646,0.001943005181347,0.0091574969295271
link,151,0.8713531536537927,0.0,1678.3658804209185,1813.3350000000003,2515.206,3245.7529999999997,0.0,0.0,0.0,0.0,0.0054988167718957,0.000213800668614,0.0,0.0003981820676888
link,152,0.8713531536537927,0.0,1678.381198022959,1813.3350000000003,2515.206,3245.7529999999997,0.01531760204056809,0.0,0.0,0.0,0.0349926807381899,0.0094465459284104,0.001943005181347,0.0221771901253262
link,153,0.8713531536537927,0.0,1678.3658804209185,1813.3350000000003,2515.206,3245.7529999999997,0.0,0.0,0.0,0.0,0.0388276688066323,0.0043532682760534,0.0,0.0047060198321915
link,154,0.8713531536537927,0.0,1678.9876517857144,1813.3350000000003,2515.206,3245.7529999999997,0.6217713647959044,0.0,0.0,0.0,0.0074297553341788,0.0003714246391216,0.0,0.0003876325880352
link,155,0.8707974437343706,0.0005557099194221093,1678.8139097000637,1813.3350000000003,2515.206,3245.7529999999997,0.44802927914520296,0.0,0.0,0.0,0.035663822100232,0.0061994732290531,0.0006476683937823,0.0126134981867213
link,156,0.8702417338149486,0.0011114198388441077,1685.1858780332057,1813.3350000000003,2542.029600000001,3259.8786499999983,6.819997612287125,0.0,26.82360000000108,14.125649999998586,0.0382368302206978,0.0058818643775401,0.0025906735751294,0.0243108300115747
link,157,0.8713531536537927,0.0,1687.7831151147957,1818.5775,2553.6860000000006,3305.1370000000006,9.417234693877162,5.242499999999836,38.48000000000047,59.384000000000924,0.0078273566698237,0.000207755541361,0.0,0.0002425334826384
link,158,0.8713531536537927,0.0,1678.3658804209185,1813.3350000000003,2515.206,3245.7529999999997,0.0,0.0,0.0,0.0,0.0327569910665735,0.0015021592713941,0.0,0.0028699906468752
link,159,0.8713531536537927,0.0,1678.3658804209185,1813.3350000000003,2515.206,3245.7529999999997,0.0,0.0,0.0,0.0,0.0076185989068368,0.0020157365097237,0.001943005181347,0.0085465398692924
link,160,0.8713531536537927,0.0,1683.3523520408162,1813.3350000000003,2537.964000000001,3257.4392500000004,4.986471619897657,0.0,22.75800000000072,11.686250000000655,0.0324568377542828,0.000921782859303,0.0,0.0023069289615094
link,161,0.8713531536537927,0.0,1678.3658804209185,1813.3350000000003,2515.206,3245.7529999999997,0.0,0.0,0.0,0.0,0.0532986807285215,0.0066763900650217,0.0,0.0083317159967505
link,162,0.8713531536537927,0.0,1683.1056326530613,1813.3350000000003,2537.964000000001,3257.4392500000004,4.739752232142791,0.0,22.75800000000072,11.686250000000655,0.039832874371598,0.00303397668955,0.0025906735751294,0.0116079921474864
link,163,0.8707974437343706,0.0005557099194221093,1678.8928669432037,1813.3350000000003,2515.206,3245.7529999999997,0.5269865222851422,0.0,0.0,0.0,0.0013925191061867,0.0005526043244277,0.0006476683937823,0.0033982760056096
link,164,0.8710752986940817,0.00027785495971099916,1678.5800226475278,1813.3350000000003,2515.206,3245.7529999999997,0.21414222660928317,0.0,0.0,0.0,0.0008750151979675,0.0004143199252175,0.0,0.0026951216613652
link,165,0.8713531536537927,0.0,1678.3658804209185,1813.3350000000003,2515.206,3245.7529999999997,0.0,0.0,0.0,0.0,0.0,0.0,0.0,0.0
link,166,0.8713531536537927,0.0,1678.3658804209185,1813.3350000000003,2515.206,3245.7529999999997,0.0,0.0,0.0,0.0,0.0,0.0,0.0,0.0
link,167,0.8713531536537927,0.0,1678.5293549107143,1813.3350000000003,2515.206,3245.7529999999997,0.16347448979581714,0.0,0.0,0.0,0.0006252337578768,1.687712979718041e-05,0.0,1.9853495679691145e-05
link,168,0.8713531536537927,0.0,1678.3658804209185,1813.3350000000003,2515.206,3245.7529999999997,0.0,0.0,0.0,0.0,0.0011416734215695,0.0002145912259439,0.0,0.0002729966606118
link,169,0.8713531536537927,0.0,1678.971990114796,1813.3350000000003,2515.206,3245.7529999999997,0.6061096938774426,0.0,0.0,0.0,0.0066019795379331,0.0004807951596022,0.0,0.0009007121749868
link,170,0.8713531536537927,0.0,1678.3658804209185,1813.3350000000003,2515.206,3245.7529999999997,0.0,0.0,0.0,0.0,0.0052041691277799,0.002075837795218,0.0038860103626943,0.0160292860949924
link,171,0.8713531536537927,0.0,1678.3658804209185,1813.3350000000003,2515.206,3245.7529999999997,0.0,0.0,0.0,0.0,0.0110490138027069,0.0063530495364949,0.0025906735751294,0.0340319076806532
link,172,0.8713531536537927,0.0,1678.55393622449,1813.3350000000003,2515.206,3245.7529999999997,0.18805580357138751,0.0,0.0,0.0,0.0070883035845508,0.0011687303874956,0.0,0.000255269307469
link,173,0.8713531536537927,0.0,1678.3658804209185,1813.3350000000003,2515.206,3245.7529999999997,0.0,0.0,0.0,0.0,0.0,0.0,0.0,0.0
link,174,0.8696860238955265,0.001667129758266217,1676.661756549521,1813.3350000000003,2503.847,3245.7529999999997,-1.7041238713975417,0.0,-11.358999999999924,0.0,0.0040476262780966,0.0031537351352427,0.0012953367875647,0.0114057570456487
link,175,0.8713531536537927,0.0,1678.3658804209185,1813.3350000000003,2515.206,3245.7529999999997,0.0,0.0,0.0,0.0,0.0012114788088877,0.001070832861723,0.0,0.003731458365183
link,176,0.8713531536537927,0.0,1678.3658804209185,1813.3350000000003,2515.206,3245.7529999999997,0.0,0.0,0.0,0.0,3.740654150515159e-05,4.056439620623167e-07,0.0,7.771275994972198e-07
link,177,0.8710752986940817,0.00027785495971099916,1678.5892969696968,1813.3350000000003,2515.206,3245.7529999999997,0.22341654877823203,0.0,0.0,0.0,0.0002909495902714,0.0001819705820636,0.0006476683937823,0.0008961496268035
link,178,0.8713531536537927,0.0,1678.3658804209185,1813.3350000000003,2515.206,3245.7529999999997,0.0,0.0,0.0,0.0,0.0004193449482054,2.0385896375206983e-05,0.0,4.2234541298841554e-05
link,179,0.8705195887746596,0.0008335648791331085,1678.2797181615065,1813.3350000000003,2515.206,3245.7529999999997,-0.08616225941204902,0.0,0.0,0.0,0.0010010019497718,0.0004254325791527,0.0006476683937823,0.0030831716342361
link,180,0.8713531536537927,0.0,1678.3658804209185,1813.3350000000003,2515.206,3245.7529999999997,0.0,0.0,0.0,0.0,0.0020590617075957,0.0005161186185224,0.0,0.0001458712265419
link,181,0.8713531536537927,0.0,1678.3861339285716,1813.3350000000003,2515.206,3245.7529999999997,0.020253507653023917,0.0,0.0,0.0,0.0073165418099356,0.0007327963482796,0.0,0.0005078197677214
link,182,0.8713531536537927,0.0,1678.3658804209185,1813.3350000000003,2515.206,3245.7529999999997,0.0,0.0,0.0,0.0,0.0021872413234744,2.906709303199612e-05,0.0,5.085560628643054e-05
link,183,0.8713531536537927,0.0,1678.3658804209185,1813.3350000000003,2515.206,3245.7529999999997,0.0,0.0,0.0,0.0,0.0321181487213876,0.0040173154238212,0.0,0.0028158031189461
link,184,0.8713531536537927,0.0,1678.3731686862245,1813.3350000000003,2515.206,3245.7529999999997,0.007288265305987807,0.0,0.0,0.0,0.0021231030813468,7.269218875115238e-05,0.0,2.646096391517656e-05
link,185,0.8713531536537927,0.0,1681.4040079719389,1813.3350000000003,2537.4760000000006,3257.4392500000004,3.0381275510203523,0.0,22.270000000000437,11.686250000000655,0.0527338959496614,0.0021877331988099,0.0012953367875647,0.0061747867620794
link,186,0.8713531536537927,0.0,1678.3658804209185,1813.3350000000003,2515.206,3245.7529999999997,0.0,0.0,0.0,0.0,0.0004241960713389,8.156675668364455e-05,0.0,1.2326572838950964e-05
link,187,0.8713531536537927,0.0,1678.3658804209185,1813.3350000000003,2515.206,3245.7529999999997,0.0,0.0,0.0,0.0,0.0179976090699497,0.0006826693422135,0.0,0.0006714963303029
link,188,0.8713531536537927,0.0,1678.3658804209185,1813.3350000000003,2515.206,3245.7529999999997,0.0,0.0,0.0,0.0,0.0001152116909091,2.261137839355178e-06,0.0,7.573328408380327e-06
link,189,0.8713531536537927,0.0,1678.3658804209185,1813.3350000000003,2515.206,3245.7529999999997,0.0,0.0,0.0,0.0,0.0018226348231727,2.745663024748056e-05,0.0,4.409230863914029e-05
link,190,0.8713531536537927,0.0,1678.4785353954085,1813.3350000000003,2515.206,3245.7529999999997,0.1126549744899421,0.0,0.0,0.0,0.0273797773397204,0.002214392404571,0.0006476683937823,0.0075069288410797
link,191,0.8713531536537927,0.0,1678.3658804209185,1813.3350000000003,2515.206,3245.7529999999997,0.0,0.0,0.0,0.0,0.0120321078376428,0.0014293846961672,0.0,0.0028678312388069
link,192,0.8713531536537927,0.0,1678.7350443239793,1813.3350000000003,2517.916,3245.7529999999997,0.3691639030607803,0.0,2.7100000000000364,0.0,0.0182391822197214,0.0030585865303076,0.001943005181347,0.014510803506477
link,193,0.8713531536537927,0.0,1678.3658804209185,1813.3350000000003,2515.206,3245.7529999999997,0.0,0.0,0.0,0.0,0.0102783236882042,0.0027388632249555,0.0012953367875647,0.0132658733843978
link,194,0.8713531536537927,0.0,1678.5410347576533,1813.3350000000003,2515.206,3245.7529999999997,0.17515433673474945,0.0,0.0,0.0,0.0079608585315171,0.0003161031452197,0.0,0.0012271916506251
link,195,0.8713531536537927,0.0,1678.4516919642858,1813.3350000000003,2515.206,3245.7529999999997,0.08581154336729924,0.0,0.0,0.0,0.0037218684291854,0.0001820560134743,0.0,0.0002283825912632
link,196,0.8713531536537927,0.0,1678.3658804209185,1813.3350000000003,2515.206,3245.7529999999997,0.0,0.0,0.0,0.0,0.0049019084959078,0.0002875019026437,0.0006476683937823,0.001000610234764
link,197,0.8713531536537927,0.0,1678.4009968112246,1813.3350000000003,2515.206,3245.7529999999997,0.03511639030602964,0.0,0.0,0.0,0.001315635448738,4.0380493038048135e-05,0.0,3.164336977526641e-05
link,198,0.8713531536537927,0.0,1678.3658804209185,1813.3350000000003,2515.206,3245.7529999999997,0.0,0.0,0.0,0.0,0.0025727655902891,0.0001300299997214,0.0006476683937823,0.0005196325303439
link,199,0.8713531536537927,0.0,1678.4785353954085,1813.3350000000003,2515.206,3245.7529999999997,0.1126549744899421,0.0,0.0,0.0,0.0017845303723125,0.0001440851263891,0.0,0.0001216833274783
link,200,0.8713531536537927,0.0,1678.3658804209185,1813.3350000000003,2515.206,3245.7529999999997,0.0,0.0,0.0,0.0,0.0057723168824698,0.0008365932721659,0.0032383419689119,0.004902504760196
link,201,0.8713531536537927,0.0,1678.3658804209185,1813.3350000000003,2515.206,3245.7529999999997,0.0,0.0,0.0,0.0,0.0089269434554104,1.748708173278137e-05,0.0,2.7281930755933025e-05
link,202,0.8713531536537927,0.0,1686.420284119898,1813.3350000000003,2570.614,3309.5359999999996,8.054403698979513,0.0,55.4079999999999,63.7829999999999,0.0238131018913083,0.0009179955156272,0.0,0.0016435178419003
link,203,0.8713531536537927,0.0,1678.3658804209185,1813.3350000000003,2515.206,3245.7529999999997,0.0,0.0,0.0,0.0,0.0352267297815309,0.0019818879421509,0.0012953367875647,0.0045516727988632
link,204,0.8713531536537927,0.0,1678.3658804209185,1813.3350000000003,2515.206,3245.7529999999997,0.0,0.0,0.0,0.0,0.020487848248061,0.0013241767394918,0.0,0.0023810409684372
link,205,0.8713531536537927,0.0,1678.3658804209185,1813.3350000000003,2515.206,3245.7529999999997,0.0,0.0,0.0,0.0,0.0147388815334699,1.0233988477123094e-05,0.0,3.244284453339014e-05
link,206,0.8713531536537927,0.0,1697.8354036989797,1813.3350000000003,2789.609000000001,3319.890000000001,19.46952327806116,0.0,274.4030000000007,74.13700000000108,0.0170281307919905,0.0019509387758132,0.0006476683937823,0.0031284349881167
link,207,0.8713531536537927,0.0,1678.3658804209185,1813.3350000000003,2515.206,3245.7529999999997,0.0,0.0,0.0,0.0,0.0008005712193956,0.0001848032987046,0.0,0.0004601117712042
link,208,0.8710752986940817,0.00027785495971099916,1697.9615942583732,1813.3350000000003,2789.609000000001,3319.890000000001,19.595713837454696,0.0,274.4030000000007,74.13700000000108,0.0341733531108212,0.002562943638694,0.001943005181347,0.0053683211088103
link,209,0.8710752986940817,0.00027785495971099916,1698.1045830940989,1813.3350000000003,2789.609000000001,3319.890000000001,19.73870267318034,0.0,274.4030000000007,74.13700000000108,0.0615531304505416,0.0132461594340042,0.005181347150259,0.0695574848335702
link,210,0.8713531536537927,0.0,1678.371934630102,1813.3350000000003,2515.206,3245.7529999999997,0.00605420918350319,0.0,0.0,0.0,0.0084616793843082,2.1661984324516736e-05,0.0,5.7867158297409984e-05
link,211,0.8713531536537927,0.0,1678.3658804209185,1813.3350000000003,2515.206,3245.7529999999997,0.0,0.0,0.0,0.0,0.0262997863261205,0.0014791314366558,0.0,0.0037494353776129
link,212,0.8713531536537927,0.0,1678.3658804209185,1813.3350000000003,2515.206,3245.7529999999997,0.0,0.0,0.0,0.0,0.0,0.0,0.0,0.0
link,213,0.8713531536537927,0.0,1679.3101183035712,1813.3350000000003,2515.206,3245.7529999999997,0.9442378826527147,0.0,0.0,0.0,0.0136299076192758,0.000441912175648,0.0,0.0007897771799254
link,214,0.8713531536537927,0.0,1678.3658804209185,1813.3350000000003,2515.206,3245.7529999999997,0.0,0.0,0.0,0.0,0.0010794061590489,0.0005315151899357,0.0,0.0033246633057587
link,215,0.8710752986940817,0.00027785495971099916,1679.4333381180222,1813.3350000000003,2518.4579999999996,3267.3828999999996,1.0674576971036913,0.0,3.251999999999498,21.629899999999907,0.0153953728718572,0.0011098280740039,0.0012953367875647,0.001656958606722
link,216,0.8713531536537927,0.0,1678.3658804209185,1813.3350000000003,2515.206,3245.7529999999997,0.0,0.0,0.0,0.0,0.0002225633024628,0.000123021362316,0.0006476683937823,0.0006855140103692
link,217,0.8713531536537927,0.0,1678.3658804209185,1813.3350000000003,2515.206,3245.7529999999997,0.0,0.0,0.0,0.0,0.0002604216076876,0.0001612633634773,0.0,0.0008021208289831
link,218,0.8713531536537927,0.0,1679.341815369898,1813.3350000000003,2515.206,3245.7529999999997,0.9759349489795568,0.0,0.0,0.0,0.0180233991500092,0.0079263455319306,0.0006476683937823,0.0039472020265502
link,219,0.8713531536537927,0.0,1678.3658804209185,1813.3350000000003,2515.206,3245.7529999999997,0.0,0.0,0.0,0.0,0.0,0.0,0.0,0.0
link,220,0.8713531536537927,0.0,1678.3658804209185,1813.3350000000003,2515.206,3245.7529999999997,0.0,0.0,0.0,0.0,0.0003404520899398,1.3815562034764251e-05,0.0,5.523147962110665e-05
link,221,0.8713531536537927,0.0,1678.3658804209185,1813.3350000000003,2515.206,3245.7529999999997,0.0,0.0,0.0,0.0,0.0134780013604148,0.0005445209335809,0.0,0.0008892860388721
link,222,0.8713531536537927,0.0,1678.3658804209185,1813.3350000000003,2515.206,3245.7529999999997,0.0,0.0,0.0,0.0,0.0,0.0,0.0,0.0
link,223,0.8713531536537927,0.0,1678.3658804209185,1813.3350000000003,2515.206,3245.7529999999997,0.0,0.0,0.0,0.0,0.014157377790232,0.0008328409018396,0.0,0.0007087487876906
link,224,0.8713531536537927,0.0,1678.3658804209185,1813.3350000000003,2515.206,3245.7529999999997,0.0,0.0,0.0,0.0,0.0003372840473415,2.6821805739149803e-06,0.0,7.2199539913815316e-06
link,225,0.8713531536537927,0.0,1679.2847091836736,1813.3350000000003,2524.307,3245.7529999999997,0.9188287627550835,0.0,9.100999999999658,0.0,0.0029959518521613,0.0001937782637082,0.0,0.0002144952342652
link,226,0.8713531536537927,0.0,1680.4623313137756,1813.3350000000003,2526.011,3257.4392500000004,2.096450892857092,0.0,10.804999999999836,11.686250000000655,0.0139959757850889,0.0004334781901777,0.0006476683937823,0.0010585777218004
link,227,0.8713531536537927,0.0,1678.3658804209185,1813.3350000000003,2515.206,3245.7529999999997,0.0,0.0,0.0,0.0,0.0179976090699497,0.0006826693422135,0.0,0.0006714963303029
link,228,0.8713531536537927,0.0,1678.4010558035716,1813.3350000000003,2515.206,3245.7529999999997,0.0351753826530512,0.0,0.0,0.0,0.002914125167914,0.0002207321611065,0.0,0.0001462801193101
link,229,0.8713531536537927,0.0,1678.6901546556123,1813.3350000000003,2515.206,3245.7529999999997,0.324274234693803,0.0,0.0,0.0,0.0319063743855636,0.0008181893865504,0.0006476683937823,0.0024105441420572
link,230,0.8713531536537927,0.0,1678.3658804209185,1813.3350000000003,2515.206,3245.7529999999997,0.0,0.0,0.0,0.0,0.0001945677262645,5.178324125145525e-05,0.0,4.592704446410232e-05
link,231,0.8713531536537927,0.0,1678.3658804209185,1813.3350000000003,2515.206,3245.7529999999997,0.0,0.0,0.0,0.0,0.0372409037024429,0.0015695816089733,0.0,0.0040051386160501
link,232,0.8713531536537927,0.0,1678.3922509566326,1813.3350000000003,2515.206,3245.7529999999997,0.02637053571402248,0.0,0.0,0.0,0.0069548885032488,0.0001407462801243,0.0,0.0002662725891068
link,233,0.8713531536537927,0.0,1678.3658804209185,1813.3350000000003,2515.206,3245.7529999999997,0.0,0.0,0.0,0.0,0.0053001598413895,0.0003605692870284,0.0012953367875647,0.0006421838676182
link,234,0.8713531536537927,0.0,1678.3658804209185,1813.3350000000003,2515.206,3245.7529999999997,0.0,0.0,0.0,0.0,0.0036930923283623,2.348365942721141e-05,0.0,8.48993419028141e-05
link,235,0.8713531536537927,0.0,1678.3658804209185,1813.3350000000003,2515.206,3245.7529999999997,0.0,0.0,0.0,0.0,0.0105110245124976,0.0001977110337698,0.0,0.000523459892356
link,236,0.8705195887746596,0.0008335648791331085,1678.8326335780403,1813.3350000000003,2515.206,3245.7529999999997,0.4667531571217296,0.0,0.0,0.0,0.0,0.0,0.0006476683937823,0.0
link,237,0.8713531536537927,0.0,1678.4391501913265,1813.3350000000003,2515.206,3245.7529999999997,0.07326977040793281,0.0,0.0,0.0,0.0023898757499527,0.0002746647291171,0.0,0.00014757258373
link,238,0.8713531536537927,0.0,1678.3658804209185,1813.3350000000003,2515.206,3245.7529999999997,0.0,0.0,0.0,0.0,0.0056339703296453,0.0001683396315556,0.0006476683937823,0.0001744576770505
link,239,0.8713531536537927,0.0,1678.5039607780614,1813.3350000000003,2515.206,3245.7529999999997,0.13808035714282596,0.0,0.0,0.0,0.0,0.0,0.0,0.0
link,240,0.8713531536537927,0.0,1678.3658804209185,1813.3350000000003,2515.206,3245.7529999999997,0.0,0.0,0.0,0.0,0.0017076078829844,3.537515690649796e-06,0.0,1.570997113260967e-05
link,241,0.8713531536537927,0.0,1678.3658804209185,1813.3350000000003,2515.206,3245.7529999999997,0.0,0.0,0.0,0.0,0.0070025295880622,0.0002772720051195,0.0012953367875647,0.0007197009213624
link,242,0.8713531536537927,0.0,1681.2788746811225,1813.3350000000003,2535.9935,3245.7529999999997,2.912994260203959,0.0,20.78749999999991,0.0,0.0023338696866983,0.0009769497139505,0.0006476683937823,0.0006316761821705
link,243,0.8707974437343706,0.0005557099194221093,1677.9664116145502,1813.3350000000003,2515.206,3245.7529999999997,-0.3994688063683043,0.0,0.0,0.0,0.0104366594507972,8.39219160914042e-06,0.0012953367875647,2.250066582893064e-05
link,244,0.8713531536537927,0.0,1678.3658804209185,1813.3350000000003,2515.206,3245.7529999999997,0.0,0.0,0.0,0.0,0.015310988894834,0.0005074429296088,0.0,0.0012354245710767
link,245,0.8713531536537927,0.0,1678.3688396045918,1813.3350000000003,2515.206,3245.7529999999997,0.0029591836732834054,0.0,0.0,0.0,0.0275433561695297,0.0015539103739702,0.001943005181347,0.0024963520342546
link,246,0.8713531536537927,0.0,1678.3658804209185,1813.3350000000003,2515.206,3245.7529999999997,0.0,0.0,0.0,0.0,0.0001441354043198,7.707408738717367e-05,0.0,1.3190849556874816e-05
link,247,0.8713531536537927,0.0,1678.3658804209185,1813.3350000000003,2515.206,3245.7529999999997,0.0,0.0,0.0,0.0,0.0052053029799659,8.593419182107094e-05,0.0,0.0002050225259816
link,248,0.8713531536537927,0.0,1678.3658804209185,1813.3350000000003,2515.206,3245.7529999999997,0.0,0.0,0.0,0.0,0.000407333840856,0.0001686092874691,0.0006476683937823,0.0003211811870248
link,249,0.8713531536537927,0.0,1678.3698829719388,1813.3350000000003,2515.206,3245.7529999999997,0.00400255102022129,0.0,0.0,0.0,0.0029960926901038,8.873923605580607e-05,0.0,0.0001074277060581
link,250,0.8707974437343706,0.0005557099194221093,1681.9055500957243,1813.3350000000003,2539.313600000003,3258.658949999999,3.5396696748057366,0.0,24.107600000003004,12.905949999999393,0.0530518722434746,0.0025882857422765,0.0025906735751294,0.0077060422148191
link,251,0.8710752986940817,0.00027785495971099916,1678.6791065390748,1813.3350000000003,2515.206,3245.7529999999997,0.3132261181563081,0.0,0.0,0.0,0.0003179762938131,1.5454631425751225e-05,0.0006476683937823,1.5438925922582188e-05
link,252,0.8713531536537927,0.0,1678.3658804209185,1813.3350000000003,2515.206,3245.7529999999997,0.0,0.0,0.0,0.0,0.000919833686783,4.108751082637712e-05,0.0,6.41762419586704e-05
link,253,0.8713531536537927,0.0,1678.3658804209185,1813.3350000000003,2515.206,3245.7529999999997,0.0,0.0,0.0,0.0,0.00207760896267,2.482187612004943e-05,0.0,2.722040228392595e-05
link,254,0.8713531536537927,0.0,1678.3698829719388,1813.3350000000003,2515.206,3245.7529999999997,0.00400255102022129,0.0,0.0,0.0,0.0273802648685498,0.0023003392559083,0.0012953367875647,0.0077651532422897
link,255,0.8713531536537927,0.0,1678.3658804209185,1813.3350000000003,2515.206,3245.7529999999997,0.0,0.0,0.0,0.0,0.0732336945101742,0.0115921496852025,0.0012953367875647,0.0381074203662999
link,256,0.8713531536537927,0.0,1681.098462372449,1813.3350000000003,2537.964000000001,3257.4392500000004,2.732581951530392,0.0,22.75800000000072,11.686250000000655,0.0352441656076652,0.0005221099487371,0.0,0.0010412333066825
link,257,0.8713531536537927,0.0,1678.3701575255102,1813.3350000000003,2515.206,3245.7529999999997,0.004277104591665193,0.0,0.0,0.0,0.0617078249703962,0.0018611575569231,0.0,0.0028236703885844
link,258,0.8713531536537927,0.0,1678.3658804209185,1813.3350000000003,2515.206,3245.7529999999997,0.0,0.0,0.0,0.0,0.0006125762227193,3.3647479611284435e-05,0.0,4.98369191563187e-05
link,259,0.8713531536537927,0.0,1678.3658804209185,1813.3350000000003,2515.206,3245.7529999999997,0.0,0.0,0.0,0.0,0.0069986031035237,0.0058281198718425,0.0,0.0215562962419596
link,260,0.8707974437343706,0.0005557099194221093,1678.6350982769623,1813.3350000000003,2515.206,3245.7529999999997,0.26921785604372417,0.0,0.0,0.0,0.0617078249703962,0.0018611575569231,0.0006476683937823,0.0028236703885844
link,261,0.8713531536537927,0.0,1678.4019859693879,1813.3350000000003,2515.206,3245.7529999999997,0.03610554846932246,0.0,0.0,0.0,9.839002932367891e-05,1.219161517728479e-06,0.0,4.0127601709575336e-06
link,262,0.8713531536537927,0.0,1678.3658804209185,1813.3350000000003,2515.206,3245.7529999999997,0.0,0.0,0.0,0.0,0.0003116314691412,0.0001302815854855,0.0,2.640969545341661e-05
link,263,0.8713531536537927,0.0,1678.4287771045917,1813.3350000000003,2515.206,3245.7529999999997,0.0628966836732161,0.0,0.0,0.0,0.0254943518553672,0.0015023641573739,0.0006476683937823,0.0032987424626354
link,264,0.8713531536537927,0.0,1678.3658804209185,1813.3350000000003,2515.206,3245.7529999999997,0.0,0.0,0.0,0.0,6.518094324651847e-05,2.80857546578864e-05,0.0006476683937823,0.0002007628809875
link,265,0.8707974437343706,0.0005557099194221093,1678.6391853860882,1813.3350000000003,2515.206,3245.7529999999997,0.27330496516970015,0.0,0.0,0.0,0.027791512852193,0.0002226608264355,0.0012953367875647,0.0012012597700958
link,266,0.8707974437343706,0.0005557099194221093,1678.6955437141037,1813.3350000000003,2515.206,3245.7529999999997,0.3296632931851491,0.0,0.0,0.0,0.0298955603708834,0.0040672456754469,0.001943005181347,0.0064776233698884
link,267,0.8713531536537927,0.0,1678.3658804209185,1813.3350000000003,2515.206,3245.7529999999997,0.0,0.0,0.0,0.0,0.0,0.0,0.0,0.0
link,268,0.8713531536537927,0.0,1678.3658804209185,1813.3350000000003,2515.206,3245.7529999999997,0.0,0.0,0.0,0.0,0.001181426257254,0.0002701862417205,0.0,0.0002934129031349
link,269,0.8713531536537927,0.0,1678.8961980229592,1813.3350000000003,2515.206,3245.7529999999997,0.5303176020406681,0.0,0.0,0.0,0.007974851450405,0.00012070901648,0.0006476683937823,0.0004425056588603
link,270,0.8713531536537927,0.0,1678.403566007653,1813.3350000000003,2515.206,3245.7529999999997,0.03768558673436928,0.0,0.0,0.0,0.0079728304315763,8.536434288664935e-06,0.0,2.535743257088616e-05
link,271,0.8713531536537927,0.0,1678.3658804209185,1813.3350000000003,2515.206,3245.7529999999997,0.0,0.0,0.0,0.0,0.0,0.0,0.0,0.0
link,272,0.8710752986940817,0.00027785495971099916,1678.541996491228,1813.3350000000003,2515.206,3245.7529999999997,0.17611607030949017,0.0,0.0,0.0,0.0002007073845881,1.622610908501487e-05,0.0006476683937823,7.82513137067732e-05
link,273,0.8713531536537927,0.0,1679.3710452806124,1813.3350000000003,2515.206,3245.7529999999997,1.0051648596938776,0.0,0.0,0.0,0.0058908624974471,0.000234932441519,0.0,0.0002040031071314
link,274,0.8713531536537927,0.0,1678.3658804209185,1813.3350000000003,2515.206,3245.7529999999997,0.0,0.0,0.0,0.0,0.0005172210876483,1.1687352743702734e-05,0.0,4.089350661677416e-05
link,275,0.8710752986940817,0.00027785495971099916,1678.6193814992025,1813.3350000000003,2515.206,3245.7529999999997,0.25350107828398905,0.0,0.0,0.0,0.0030246326041538,0.0002061023707038,0.0006476683937823,0.001302031715149
link,276,0.8713531536537927,0.0,1678.796058035714,1813.3350000000003,2515.206,3245.7529999999997,0.4301776147954115,0.0,0.0,0.0,0.0002415809356346,3.11430596248018e-05,0.0006476683937823,0.0002105915366198
link,277,0.8713531536537927,0.0,1678.3658804209185,1813.3350000000003,2515.206,3245.7529999999997,0.0,0.0,0.0,0.0,5.3365019220392e-05,2.5025409415188728e-05,0.001943005181347,0.0001643688242149
link,278,0.8710752986940817,0.00027785495971099916,1679.9632468899522,1813.3350000000003,2515.206,3245.7529999999997,1.597366469033659,0.0,0.0,0.0,0.0074105524264524,0.0005413689828917,0.0006476683937823,0.0003777595685702
link,279,0.8713531536537927,0.0,1683.2421572066328,1813.3350000000003,2517.916,3245.7529999999997,4.8762767857142535,0.0,2.7100000000000364,0.0,0.0019840350576434,0.0005477063878583,0.0,0.0061109976983067
link,280,0.8713531536537927,0.0,1678.3658804209185,1813.3350000000003,2515.206,3245.7529999999997,0.0,0.0,0.0,0.0,1.2882922274626566e-05,4.7102989107936453e-07,0.0,3.415482121692537e-06
link,281,0.8713531536537927,0.0,1689.7110640943877,1813.3350000000003,2521.549,3245.7529999999997,11.345183673469137,0.0,6.342999999999847,0.0,0.0110207065903807,0.00091098339071,0.0,0.0028361850292568
link,282,0.8713531536537927,0.0,1678.3658804209185,1813.3350000000003,2515.206,3245.7529999999997,0.0,0.0,0.0,0.0,0.0,0.0,0.0,0.0
link,283,0.8713531536537927,0.0,1678.3658804209185,1813.3350000000003,2515.206,3245.7529999999997,0.0,0.0,0.0,0.0,0.0117901645505446,6.308660985044721e-05,0.0,0.0004736415439872
link,284,0.8713531536537927,0.0,1678.3658804209185,1813.3350000000003,2515.206,3245.7529999999997,0.0,0.0,0.0,0.0,0.011677527539576,0.0031048530915157,0.0,0.0359677837553046
link,285,0.8713531536537927,0.0,1678.3658804209185,1813.3350000000003,2515.206,3245.7529999999997,0.0,0.0,0.0,0.0,0.0,0.0,0.0,0.0
link,286,0.8713531536537927,0.0,1678.9939601403062,1813.3350000000003,2517.916,3245.7529999999997,0.6280797193876424,0.0,2.7100000000000364,0.0,0.0,0.0,0.0,0.0
link,287,0.8713531536537927,0.0,1678.3658804209185,1813.3350000000003,2515.206,3245.7529999999997,0.0,0.0,0.0,0.0,0.0,0.0,0.0,0.0
link,288,0.8713531536537927,0.0,1678.3658804209185,1813.3350000000003,2515.206,3245.7529999999997,0.0,0.0,0.0,0.0,0.0,0.0,0.0,0.0
link,289,0.8713531536537927,0.0,1678.3658804209185,1813.3350000000003,2515.206,3245.7529999999997,0.0,0.0,0.0,0.0,0.0019279597206211,2.706140601327756e-05,0.0006476683937823,6.723085638237561e-05
link,290,0.8713531536537927,0.0,1710.0866820790816,1860.8315,2689.2070000000003,3365.9299999999985,31.720801658163055,47.49649999999974,174.0010000000002,120.17699999999877,0.0180670340846992,0.0016425312374743,0.0,0.0020090419860058
link,291,0.8713531536537927,0.0,1678.373247767857,1813.3350000000003,2515.206,3245.7529999999997,0.00736734693850849,0.0,0.0,0.0,0.0060154480756229,2.5015545544464956e-05,0.0006476683937823,8.973102059039847e-05
link,292,0.8713531536537927,0.0,1678.3658804209185,1813.3350000000003,2515.206,3245.7529999999997,0.0,0.0,0.0,0.0,0.0024624806250684,1.293592614122415e-05,0.0025906735751294,4.07400582837519e-05
link,293,0.8713531536537927,0.0,1678.3658804209185,1813.3350000000003,2515.206,3245.7529999999997,0.0,0.0,0.0,0.0,0.0,0.0,0.0,0.0
link,294,0.8713531536537927,0.0,1678.3668737244898,1813.3350000000003,2515.206,3245.7529999999997,0.000993303571249271,0.0,0.0,0.0,0.0182094997580586,4.382306553308627e-06,0.0,2.043140251313601e-05
link,295,0.8705195887746596,0.0008335648791331085,1678.3522231088416,1813.3350000000003,2508.442200000001,3294.8601999999746,-0.013657312076929884,0.0,-6.763799999999264,49.10719999997491,0.0031234187158262,0.0001153644397432,0.0,0.000546556105277
link,296,0.8705195887746596,0.0008335648791331085,1678.3522231088416,1813.3350000000003,2508.442200000001,3294.8601999999746,-0.013657312076929884,0.0,-6.763799999999264,49.10719999997491,0.0035048428742797,0.0001404279203575,0.0,0.0007692123297639
link,297,0.8705195887746596,0.0008335648791331085,1683.519551228854,1813.3350000000003,2614.0434,3270.945999999999,5.153670807935441,0.0,98.83739999999989,25.1929999999993,0.0172861648166651,0.002350683543183,0.0071243523316061,0.0130790630630969
link,298,0.8713531536537927,0.0,1678.3658804209185,1813.3350000000003,2515.206,3245.7529999999997,0.0,0.0,0.0,0.0,0.0107717580881985,0.0001667531540648,0.0032383419689119,0.0005684349057938
link,299,0.8713531536537927,0.0,1685.397856505102,1815.8110000000001,2614.638,3270.945999999999,7.031976084183498,2.4759999999998854,99.43199999999979,25.1929999999993,0.0048598599653556,0.0003716188689094,0.001943005181347,0.0012121657398553
link,300,0.8713531536537927,0.0,1678.3658804209185,1813.3350000000003,2515.206,3245.7529999999997,0.0,0.0,0.0,0.0,0.0012232967344239,6.709621665874179e-05,0.001943005181347,0.000233029623297
link,301,0.8713531536537927,0.0,1678.4132063137756,1813.3350000000003,2515.206,3245.7529999999997,0.04732589285708855,0.0,0.0,0.0,0.0095484613537746,4.3735754537447246e-05,0.0006476683937823,0.0001351386901658
link,302,0.8713531536537927,0.0,1678.6722031250001,1813.3350000000003,2517.916,3245.7529999999997,0.30632270408159457,0.0,2.7100000000000364,0.0,0.0008129313065433,5.218000347865636e-05,0.001943005181347,8.251874815747843e-05
link,303,0.8713531536537927,0.0,1678.3658804209185,1813.3350000000003,2515.206,3245.7529999999997,0.0,0.0,0.0,0.0,0.0004103654278805,1.4916213180085429e-05,0.0,0.0001505108751395
link,304,0.8710752986940817,0.00027785495971099916,1681.4300133971292,1813.3350000000003,2528.5598,3245.7529999999997,3.064132976210658,0.0,13.353799999999865,0.0,0.0107936248649871,0.0001122084053709,0.0006476683937823,0.0001407481367032
link,305,0.8710752986940817,0.00027785495971099916,1681.4300133971292,1813.3350000000003,2528.5598,3245.7529999999997,3.064132976210658,0.0,13.353799999999865,0.0,0.0107936248649871,0.0001122084053709,0.0012953367875647,0.0001407481367032
link,306,0.8713531536537927,0.0,1678.373247767857,1813.3350000000003,2515.206,3245.7529999999997,0.00736734693850849,0.0,0.0,0.0,0.0033767394591278,2.335578377244432e-06,0.0,1.038037579046743e-05
link,307,0.8713531536537927,0.0,1678.3658804209185,1813.3350000000003,2515.206,3245.7529999999997,0.0,0.0,0.0,0.0,0.027143235700712,0.0033764598747634,0.0,0.0060735406259596
link,308,0.8707974437343706,0.0005557099194221093,1683.3172437779197,1813.3350000000003,2614.0121,3270.945999999999,4.951363357001128,0.0,98.80609999999979,25.1929999999993,0.0093253062851479,0.0003397813271112,0.0006476683937823,0.0009383166425874
link,309,0.8696860238955265,0.001667129758266217,1676.4707255591056,1813.3350000000003,2503.847,3245.7529999999997,-1.8951548618128982,0.0,-11.358999999999924,0.0,0.0070267755018803,0.0016179504116526,0.0012953367875647,0.0100392794823375
link,310,0.8713531536537927,0.0,1678.3658804209185,1813.3350000000003,2515.206,3245.7529999999997,0.0,0.0,0.0,0.0,6.479092928779226e-05,9.788383011886456e-09,0.0,7.589389802293743e-08
link,311,0.8713531536537927,0.0,1678.3658804209185,1813.3350000000003,2515.206,3245.7529999999997,0.0,0.0,0.0,0.0,0.0046755448547167,0.0001562277421034,0.0,0.0005501445133607
link,312,0.8713531536537927,0.0,1679.0897873086735,1813.3350000000003,2515.206,3319.890000000001,0.7239068877549926,0.0,0.0,74.13700000000108,0.0044821057784927,9.522949026231202e-05,0.0,0.0002470652457487
link,313,0.8713531536537927,0.0,1678.3658804209185,1813.3350000000003,2515.206,3245.7529999999997,0.0,0.0,0.0,0.0,0.0002286633911713,1.0703343941817455e-06,0.0,4.803976988876678e-06
link,314,0.8713531536537927,0.0,1678.3658804209185,1813.3350000000003,2515.206,3245.7529999999997,0.0,0.0,0.0,0.0,0.0027325058048057,0.0002398210320924,0.0,0.0007131835374038
link,315,0.8713531536537927,0.0,1678.3658804209185,1813.3350000000003,2515.206,3245.7529999999997,0.0,0.0,0.0,0.0,0.0011240314954657,4.645621864971296e-05,0.0,0.000203938477341
link,316,0.8713531536537927,0.0,1697.8002873086737,1813.3350000000003,2789.609000000001,3319.890000000001,19.43440688775513,0.0,274.4030000000007,74.13700000000108,0.0157124953432524,0.001910558282775,0.0,0.0030967916183414
link,317,0.8713531536537927,0.0,1678.3658804209185,1813.3350000000003,2515.206,3245.7529999999997,0.0,0.0,0.0,0.0,0.0019067572456183,0.0010890456742745,0.0,0.0058729754266756
link,318,0.8669074742984162,0.004445679355376542,1683.277451923077,1819.571,2564.23,3515.656,4.911571502158495,6.235999999999649,49.02399999999989,269.90300000000025,0.0049970511618333,0.0001356178884124,0.0045336787564766,0.0008296719810032
link,319,0.8713531536537927,0.0,1678.3658804209185,1813.3350000000003,2515.206,3245.7529999999997,0.0,0.0,0.0,0.0,0.0,0.0,0.0,0.0
link,320,0.8713531536537927,0.0,1688.8583603316326,1846.3230000000003,2515.206,3245.7529999999997,10.49247991071411,32.988000000000056,0.0,0.0,0.0049552269701316,0.0001214980413468,0.0025906735751294,0.0007008498927854
link,321,0.8713531536537927,0.0,1678.3658804209185,1813.3350000000003,2515.206,3245.7529999999997,0.0,0.0,0.0,0.0,0.0,0.0,0.0,0.0
link,322,0.8710752986940817,0.00027785495971099916,1689.070746092504,1846.6500000000003,2515.206,3245.7529999999997,10.704865671585367,33.315000000000055,0.0,0.0,0.0050415962039653,0.000194191268747,0.0025906735751294,0.0009668745212964
link,323,0.8713531536537927,0.0,1678.388941645408,1813.3350000000003,2515.206,3245.7529999999997,0.02306122448953829,0.0,0.0,0.0,0.0047019753796472,2.196156680697049e-06,0.0006476683937823,7.165751400508723e-06
link,324,0.8713531536537927,0.0,1678.3658804209185,1813.3350000000003,2515.206,3245.7529999999997,0.0,0.0,0.0,0.0,0.0003396208243181,2.1686828646866707e-06,0.0006476683937823,4.992082291600733e-06
link,325,0.8710752986940817,0.00027785495971099916,1677.836724401914,1813.3350000000003,2515.206,3214.821399999988,-0.5291560190046312,0.0,0.0,-30.931600000011713,0.0182094997580586,0.0001505097959581,0.0032383419689119,0.0007193675483141
link,326,0.8713531536537927,0.0,1678.3658804209185,1813.3350000000003,2515.206,3245.7529999999997,0.0,0.0,0.0,0.0,0.0117901645505446,6.308660985044721e-05,0.0,0.0004736415439872
link,327,0.8707974437343706,0.0005557099194221093,1677.3297843012124,1813.3350000000003,2513.5215000000017,3201.565,-1.0360961197061442,0.0,-1.6844999999984793,-44.18799999999965,0.006419335207514,8.742318610755974e-05,0.0032383419689119,0.0002457260043269
link,328,0.8713531536537927,0.0,1679.119256377551,1813.3350000000003,2515.206,3257.4392500000004,0.7533759566324534,0.0,0.0,11.686250000000655,0.0,0.0,0.0,0.0
link,329,0.8713531536537927,0.0,1678.3658804209185,1813.3350000000003,2515.206,3245.7529999999997,0.0,0.0,0.0,0.0,0.0182094997580586,0.0001505097959581,0.0032383419689119,0.0007193675483141
link,330,0.8699638788552375,0.0013892747985552178,1676.0465844778028,1813.3350000000003,2503.847,3245.7529999999997,-2.319295943115776,0.0,-11.358999999999924,0.0,0.0027383154256955,2.088484488158507e-05,0.0032383419689119,6.361638110398654e-05
link,331,0.8713531536537927,0.0,1678.3658804209185,1813.3350000000003,2515.206,3245.7529999999997,0.0,0.0,0.0,0.0,0.0003814241584534,3.904272761038737e-06,0.0,2.510426904354313e-05
link,332,0.8713531536537927,0.0,1678.3658804209185,1813.3350000000003,2515.206,3245.7529999999997,0.0,0.0,0.0,0.0,9.264113931885072e-05,1.7600644559044593e-06,0.0,8.996724335007823e-06
link,333,0.8713531536537927,0.0,1679.3007503188776,1813.3350000000003,2528.4645,3245.7529999999997,0.9348698979590608,0.0,13.258499999999913,0.0,0.0007202901672245,5.0419939022590526e-05,0.0,7.352202382262205e-05
link,334,0.8713531536537927,0.0,1683.2421572066328,1813.3350000000003,2517.916,3245.7529999999997,4.8762767857142535,0.0,2.7100000000000364,0.0,0.0019840350576434,0.0005477063878583,0.0,0.0061109976983067
link,335,0.8713531536537927,0.0,1678.3658804209185,1813.3350000000003,2515.206,3245.7529999999997,0.0,0.0,0.0,0.0,0.0,0.0,0.0,0.0
link,336,0.8713531536537927,0.0,1678.440786989796,1813.3350000000003,2517.916,3245.7529999999997,0.07490656887739533,0.0,2.7100000000000364,0.0,0.0065108686890596,0.000537142997635,0.0,0.0002506701956254
link,337,0.8713531536537927,0.0,1678.3658804209185,1813.3350000000003,2515.206,3245.7529999999997,0.0,0.0,0.0,0.0,0.0088890780980735,0.0010594463850864,0.0,0.0006379309858424
link,338,0.8713531536537927,0.0,1678.6421811224488,1813.3350000000003,2524.307,3245.7529999999997,0.2763007015303174,0.0,9.100999999999658,0.0,0.0091277602452679,0.0015516177748537,0.0,0.0007800164656819
link,339,0.8713531536537927,0.0,1678.3658804209185,1813.3350000000003,2515.206,3245.7529999999997,0.0,0.0,0.0,0.0,0.0066629131666228,0.0002279102442725,0.0,0.0002380567304828
link,340,0.8713531536537927,0.0,1678.3658804209185,1813.3350000000003,2515.206,3245.7529999999997,0.0,0.0,0.0,0.0,0.0003144696950629,6.023177203515107e-06,0.0,1.38710096953422e-05
link,341,0.8713531536537927,0.0,1678.3658804209185,1813.3350000000003,2515.206,3245.7529999999997,0.0,0.0,0.0,0.0,0.0064658672429182,0.0001196867173474,0.0,0.0002013841203568
link,342,0.8713531536537927,0.0,1678.954737882653,1813.3350000000003,2515.206,3245.7529999999997,0.5888574617345057,0.0,0.0,0.0,0.0090354481439595,0.0004163418646831,0.0,0.0002891899005356
link,343,0.8713531536537927,0.0,1678.3658804209185,1813.3350000000003,2515.206,3245.7529999999997,0.0,0.0,0.0,0.0,0.0074467238401816,0.0009443914902239,0.0006476683937823,0.0032429474749848
link,344,0.8713531536537927,0.0,1678.3658804209185,1813.3350000000003,2515.206,3245.7529999999997,0.0,0.0,0.0,0.0,0.0075513791336809,0.0001979000327708,0.0,0.0002683871109688
link,345,0.8713531536537927,0.0,1678.3658804209185,1813.3350000000003,2515.206,3245.7529999999997,0.0,0.0,0.0,0.0,0.0004734091710489,0.0002977200541625,0.0006476683937823,0.0014581407437798
link,346,0.8713531536537927,0.0,1678.3658804209185,1813.3350000000003,2515.206,3245.7529999999997,0.0,0.0,0.0,0.0,0.0077375287108802,0.0001881381141253,0.0,0.0002651585265283
link,347,0.8713531536537927,0.0,1678.3658804209185,1813.3350000000003,2515.206,3245.7529999999997,0.0,0.0,0.0,0.0,0.0031507046351261,0.0001278668439996,0.0,0.0001747480609807
link,348,0.8713531536537927,0.0,1678.8213670280613,1813.3350000000003,2515.206,3245.7529999999997,0.4554866071428023,0.0,0.0,0.0,0.0236392550538104,0.0048852623279842,0.0006476683937823,0.0037654536542018
link,349,0.8713531536537927,0.0,1678.3658804209185,1813.3350000000003,2515.206,3245.7529999999997,0.0,0.0,0.0,0.0,0.0108882333460064,0.0004025925881925,0.0006476683937823,0.0005266434374441
link,350,0.8713531536537927,0.0,1678.3658804209185,1813.3350000000003,2515.206,3245.7529999999997,0.0,0.0,0.0,0.0,8.759039487359923e-05,9.689042181330612e-05,0.0012953367875647,0.0002697859089758
link,351,0.8713531536537927,0.0,1678.3672554209186,1813.3350000000003,2515.206,3245.7529999999997,0.0013750000000527507,0.0,0.0,0.0,0.0165002673534528,0.0008595074938056,0.0,0.0003902933930852
link,352,0.8713531536537927,0.0,1678.430603635204,1813.3350000000003,2515.206,3245.7529999999997,0.06472321428555006,0.0,0.0,0.0,0.0090508099326586,0.0002212987088546,0.0,0.0005002436587032
link,353,0.8713531536537927,0.0,1678.3658804209185,1813.3350000000003,2515.206,3245.7529999999997,0.0,0.0,0.0,0.0,0.000252761316191,2.2279752684668676e-05,0.0,2.446156554830055e-05
link,354,0.8713531536537927,0.0,1678.3767936862246,1813.3350000000003,2515.206,3245.7529999999997,0.010913265306044195,0.0,0.0,0.0,0.0014686039981364,1.5932388162927704e-06,0.0,4.526031744346049e-06
link,355,0.8713531536537927,0.0,1678.3658804209185,1813.3350000000003,2515.206,3245.7529999999997,0.0,0.0,0.0,0.0,0.0096491227550801,0.0003867349458613,0.0,0.0006943395796205
link,356,0.8713531536537927,0.0,1727.8619572704079,1818.8680000000002,2828.818999999999,3245.7529999999997,49.49607684948933,5.532999999999902,313.6129999999989,0.0,0.0069805741891772,0.0002694377537311,0.0012953367875647,0.0010402574884997
link,357,0.8713531536537927,0.0,1678.8523804209183,1813.3350000000003,2515.206,3245.7529999999997,0.4864999999997508,0.0,0.0,0.0,0.0047862623159252,0.0001192766219525,0.0,0.0002037504897258
link,358,0.8713531536537927,0.0,1678.3658804209185,1813.3350000000003,2515.206,3245.7529999999997,0.0,0.0,0.0,0.0,0.0,0.0,0.0,0.0
link,359,0.8713531536537927,0.0,1678.3658804209185,1813.3350000000003,2515.206,3245.7529999999997,0.0,0.0,0.0,0.0,0.0088574462934963,0.0010297088529663,0.0,0.0013302397659256
link,360,0.8713531536537927,0.0,1678.6054100765305,1813.3350000000003,2517.916,3245.7529999999997,0.23952965561193196,0.0,2.7100000000000364,0.0,0.0051457248947617,0.0046524396299789,0.0006476683937823,0.0097129862187245
link,361,0.8713531536537927,0.0,1679.2618383290817,1813.3350000000003,2524.307,3245.7529999999997,0.8959579081631546,0.0,9.100999999999658,0.0,0.0007303273247862,8.750612305264328e-06,0.0,2.1578484616214985e-05
link,362,0.8713531536537927,0.0,1678.3658804209185,1813.3350000000003,2515.206,3245.7529999999997,0.0,0.0,0.0,0.0,0.0004336164416545,6.276031514819755e-07,0.0,2.3239222741324887e-06
link,363,0.8707974437343706,0.0005557099194221093,1678.2171056158263,1813.3350000000003,2515.206,3245.7529999999997,-0.1487748050922164,0.0,0.0,0.0,0.0111177267532165,0.0007446982253188,0.001943005181347,0.002202021143677
link,364,0.8713531536537927,0.0,1678.3658804209185,1813.3350000000003,2515.206,3245.7529999999997,0.0,0.0,0.0,0.0,0.0001982663521068,5.027859604200565e-06,0.0,7.032048154874269e-06
link,365,0.8713531536537927,0.0,1678.3658804209185,1813.3350000000003,2515.206,3245.7529999999997,0.0,0.0,0.0,0.0,0.0230003148715326,0.0025530940281579,0.0006476683937823,0.0027492922310162
link,366,0.8713531536537927,0.0,1678.3658804209185,1813.3350000000003,2515.206,3245.7529999999997,0.0,0.0,0.0,0.0,0.0061835686592839,5.0792561839890514e-05,0.0,1.720154023986105e-05
link,367,0.8713531536537927,0.0,1678.3658804209185,1813.3350000000003,2515.206,3245.7529999999997,0.0,0.0,0.0,0.0,0.0131288859870773,0.0020982784548221,0.0,0.0011313892609984
link,368,0.8713531536537927,0.0,1678.4038711734695,1813.3350000000003,2515.206,3245.7529999999997,0.037990752550967954,0.0,0.0,0.0,0.0100290391543093,0.0060191273020554,0.0,0.000378675847075
link,369,0.8713531536537927,0.0,1678.3658804209185,1813.3350000000003,2515.206,3245.7529999999997,0.0,0.0,0.0,0.0,0.0193124546463613,0.0050320667652505,0.0006476683937823,0.0026794951306459
link,370,0.8713531536537927,0.0,1696.243961415816,1813.3350000000003,2591.142,3245.7529999999997,17.878080994897573,0.0,75.9359999999997,0.0,0.0132847673627479,0.0126462964235973,0.0,0.0012146481035842
link,371,0.8713531536537927,0.0,1678.3658804209185,1813.3350000000003,2515.206,3245.7529999999997,0.0,0.0,0.0,0.0,0.0292978308990464,0.0231378877131964,0.0012953367875647,0.0088160878971916
link,372,0.8713531536537927,0.0,1678.3658804209185,1813.3350000000003,2515.206,3245.7529999999997,0.0,0.0,0.0,0.0,0.0151867527834428,0.0203690151197103,0.0,0.0034643631571712
link,373,0.8713531536537927,0.0,1696.4191588010203,1813.3350000000003,2591.142,3245.7529999999997,18.0532783801018,0.0,75.9359999999997,0.0,0.0155532752243434,0.0189521692442608,0.0,0.0030031855803795
link,374,0.8713531536537927,0.0,1678.4041074617346,1813.3350000000003,2515.206,3245.7529999999997,0.03822704081608208,0.0,0.0,0.0,0.0077292884039559,0.0002501331149029,0.0,0.0001640125206561
link,375,0.8713531536537927,0.0,1678.3658804209185,1813.3350000000003,2515.206,3245.7529999999997,0.0,0.0,0.0,0.0,0.0151867527834428,0.0203690151197103,0.0,0.0034643631571712
link,376,0.8713531536537927,0.0,1696.4191588010203,1813.3350000000003,2591.142,3245.7529999999997,18.0532783801018,0.0,75.9359999999997,0.0,0.0155532752243434,0.0189521692442608,0.0,0.0030031855803795
link,377,0.8713531536537927,0.0,1678.3658804209185,1813.3350000000003,2515.206,3245.7529999999997,0.0,0.0,0.0,0.0,0.016290408598366,0.023077824745416,0.0,0.0035598483657371
link,378,0.8713531536537927,0.0,1678.3658804209185,1813.3350000000003,2515.206,3245.7529999999997,0.0,0.0,0.0,0.0,0.0071480162878729,0.0028255260469246,0.0,0.0015024563547403
link,379,0.8713531536537927,0.0,1678.3658804209185,1813.3350000000003,2515.206,3245.7529999999997,0.0,0.0,0.0,0.0,0.0,0.0,0.0,0.0
link,380,0.8713531536537927,0.0,1678.3658804209185,1813.3350000000003,2515.206,3245.7529999999997,0.0,0.0,0.0,0.0,0.0145412071049135,0.0018987161525023,0.0,0.0015375265745435
link,381,0.8713531536537927,0.0,1678.630366390306,1813.3350000000003,2517.916,3245.7529999999997,0.26448596938757873,0.0,2.7100000000000364,0.0,0.0100534344089726,0.0002835193704752,0.0,0.0006418477631409
link,382,0.8713531536537927,0.0,1678.3658804209185,1813.3350000000003,2515.206,3245.7529999999997,0.0,0.0,0.0,0.0,0.0068551549003851,0.0010562267838589,0.0006476683937823,0.0045240695587248
link,383,0.8713531536537927,0.0,1678.3658804209185,1813.3350000000003,2515.206,3245.7529999999997,0.0,0.0,0.0,0.0,0.0094705697631119,0.0065819154960582,0.0,0.029170165013501
link,384,0.8713531536537927,0.0,1678.3658804209185,1813.3350000000003,2515.206,3245.7529999999997,0.0,0.0,0.0,0.0,0.0145616120438707,0.0023868053352802,0.0006476683937823,0.0014432224610636
link,385,0.8713531536537927,0.0,1678.3658804209185,1813.3350000000003,2515.206,3245.7529999999997,0.0,0.0,0.0,0.0,0.0013318142085592,4.762438533345863e-05,0.0,8.7330611692108e-05
link,386,0.8710752986940817,0.00027785495971099916,1678.1267562998403,1813.3350000000003,2515.206,3245.7529999999997,-0.2391241210782482,0.0,0.0,0.0,0.0,0.0,0.0,0.0
link,387,0.8710752986940817,0.00027785495971099916,1678.2407824561403,1813.3350000000003,2515.206,3245.7529999999997,-0.125097964778206,0.0,0.0,0.0,0.0108107894652453,0.0017840499575144,0.0012953367875647,0.0010792668815097
link,388,0.8713531536537927,0.0,1678.3658804209185,1813.3350000000003,2515.206,3245.7529999999997,0.0,0.0,0.0,0.0,0.0,0.0,0.0,0.0
link,389,0.8713531536537927,0.0,1678.3900558035714,1813.3350000000003,2515.206,3245.7529999999997,0.02417538265285657,0.0,0.0,0.0,0.0108107894652453,0.0004711053446041,0.0,0.0002836060002087
link,390,0.8713531536537927,0.0,1678.3658804209185,1813.3350000000003,2515.206,3245.7529999999997,0.0,0.0,0.0,0.0,0.0133961774657288,0.0022738344933783,0.0006476683937823,0.0015164461636709
link,391,0.8713531536537927,0.0,1719.640873405612,1813.3350000000003,2777.039,3245.7529999999997,41.27499298469343,0.0,261.8330000000001,0.0,0.0092106041048969,0.00040698861679,0.0,0.0011896973332365
link,392,0.8713531536537927,0.0,1678.3658804209185,1813.3350000000003,2515.206,3245.7529999999997,0.0,0.0,0.0,0.0,0.0018756117919885,0.0001394528654538,0.0,2.041131930237002e-05
link,393,0.8713531536537927,0.0,1678.3658804209185,1813.3350000000003,2515.206,3245.7529999999997,0.0,0.0,0.0,0.0,0.0115205656737402,0.0004634936182685,0.0,0.0009732231237499
link,394,0.8713531536537927,0.0,1678.3658804209185,1813.3350000000003,2515.206,3245.7529999999997,0.0,0.0,0.0,0.0,0.0108107894652453,0.0017840499575144,0.0012953367875647,0.0010792668815097
link,395,0.8713531536537927,0.0,1678.6275749362246,1813.3350000000003,2515.206,3245.7529999999997,0.26169451530608967,0.0,0.0,0.0,0.0,0.0,0.0,0.0
link,396,0.8710752986940817,0.00027785495971099916,1719.9480405103668,1813.3350000000003,2787.1059999999993,3245.7529999999997,41.58216008944828,0.0,271.8999999999992,0.0,0.0226067815706257,0.0027400246888213,0.0025906735751294,0.0028481002348892
link,397,0.8713531536537927,0.0,1678.3658804209185,1813.3350000000003,2515.206,3245.7529999999997,0.0,0.0,0.0,0.0,0.0,0.0,0.0,0.0
link,398,0.8713531536537927,0.0,1678.3967069515306,1813.3350000000003,2515.206,3245.7529999999997,0.030826530612102943,0.0,0.0,0.0,0.0039495939304855,0.0019522648860534,0.0,0.0008791937337304
link,399,0.8713531536537927,0.0,1678.3658804209185,1813.3350000000003,2515.206,3245.7529999999997,0.0,0.0,0.0,0.0,0.0007292326993243,1.1540657257799152e-05,0.0,4.937829219369805e-05
link,400,0.8713531536537927,0.0,1678.376693877551,1813.3350000000003,2515.206,3245.7529999999997,0.010813456632376983,0.0,0.0,0.0,0.0009573717024737,1.3143252955443892e-05,0.0,2.1895031238372108e-05
link,401,0.8713531536537927,0.0,1678.3658804209185,1813.3350000000003,2515.206,3245.7529999999997,0.0,0.0,0.0,0.0,0.0026511613023901,0.0003036443769626,0.0,0.0001804255699056
link,402,0.8713531536537927,0.0,1678.4581763392857,1813.3350000000003,2515.206,3245.7529999999997,0.09229591836719919,0.0,0.0,0.0,0.0088423471306175,6.513365241143794e-05,0.0,5.40636502057488e-05
link,403,0.8713531536537927,0.0,1678.3658804209185,1813.3350000000003,2515.206,3245.7529999999997,0.0,0.0,0.0,0.0,0.0,0.0,0.0,0.0
link,404,0.8713531536537927,0.0,1678.3658804209185,1813.3350000000003,2515.206,3245.7529999999997,0.0,0.0,0.0,0.0,0.0041292217282145,0.0012708888228283,0.0,0.0005079829285857
link,405,0.8713531536537927,0.0,1678.4481941964286,1813.3350000000003,2515.206,3245.7529999999997,0.08231377551010155,0.0,0.0,0.0,0.0032808524547895,0.0005011671154707,0.0,0.0001761233786096
link,406,0.8713531536537927,0.0,1678.3658804209185,1813.3350000000003,2515.206,3245.7529999999997,0.0,0.0,0.0,0.0,0.0043410516901814,0.001570715371064,0.0006476683937823,0.0133708105533367
link,407,0.8713531536537927,0.0,1678.3658804209185,1813.3350000000003,2515.206,3245.7529999999997,0.0,0.0,0.0,0.0,0.0025812053708745,0.000101646757332,0.0,0.0001468554109214
link,408,0.8713531536537927,0.0,1678.4900736607144,1813.3350000000003,2515.206,3245.7529999999997,0.12419323979588626,0.0,0.0,0.0,0.0370281238749495,0.001581934437858,0.0,0.0053027477105385
link,409,0.8713531536537927,0.0,1680.4533134566327,1813.3350000000003,2515.206,3245.7529999999997,2.0874330357141844,0.0,0.0,0.0,0.0105423089421871,0.0002961607149073,0.0,0.0002947224195219
link,410,0.8713531536537927,0.0,1678.3658804209185,1813.3350000000003,2515.206,3245.7529999999997,0.0,0.0,0.0,0.0,0.0011251359961868,0.0003285054522411,0.0,0.0002257974130836
link,411,0.8713531536537927,0.0,1678.3658804209185,1813.3350000000003,2515.206,3245.7529999999997,0.0,0.0,0.0,0.0,0.0020835400045091,0.0006202200680549,0.0,0.0002155528878909
link,412,0.8713531536537927,0.0,1678.3658804209185,1813.3350000000003,2515.206,3245.7529999999997,0.0,0.0,0.0,0.0,0.006453690480134,0.0047979411655423,0.0032383419689119,0.0198779187483342
link,413,0.8713531536537927,0.0,1678.3658804209185,1813.3350000000003,2515.206,3245.7529999999997,0.0,0.0,0.0,0.0,0.0017179171326811,0.0019082104806614,0.0006476683937823,0.0052913317248362
link,414,0.8713531536537927,0.0,1678.3658804209185,1813.3350000000003,2515.206,3245.7529999999997,0.0,0.0,0.0,0.0,0.0048202398686531,0.0035956610137878,0.001943005181347,0.0148467511343337
link,415,0.8627396499027508,0.008613503751041973,1682.262163607085,1820.744,2528.5598,3245.7529999999997,3.8962831861665563,7.408999999999651,13.353799999999865,0.0,0.0084024765768114,0.0061386954472117,0.0032383419689119,0.0258803466315557
link,416,0.8707974437343706,0.0005557099194221093,1678.6563832163372,1813.3350000000003,2515.206,3245.7529999999997,0.29050279541866075,0.0,0.0,0.0,0.0002474744276497,0.0001915797859501,0.0006476683937823,0.0002462015354466
link,417,0.8710752986940817,0.00027785495971099916,1678.5800561403507,1813.3350000000003,2515.206,3245.7529999999997,0.21417571943220537,0.0,0.0,0.0,0.0006387389978275,0.0004006526443957,0.0,0.0019673707531051
link,418,0.8713531536537927,0.0,1678.4010558035716,1813.3350000000003,2515.206,3245.7529999999997,0.0351753826530512,0.0,0.0,0.0,0.0031627373665035,0.0001663439507818,0.0,0.0001414860723732
link,419,0.8713531536537927,0.0,1678.3658804209185,1813.3350000000003,2515.206,3245.7529999999997,0.0,0.0,0.0,0.0,0.0001755838727494,0.000316895666836,0.0006476683937823,0.0003945318361838
link,420,0.8694081689358155,0.0019449847179772162,1677.6116094598913,1813.3350000000003,2516.2900000000013,3245.7529999999997,-0.7542709610272595,0.0,1.084000000001197,0.0,0.0021964062500659,0.001027670472599,0.0006476683937823,0.0067651191378856
link,421,0.8713531536537927,0.0,1678.3658804209185,1813.3350000000003,2515.206,3245.7529999999997,0.0,0.0,0.0,0.0,0.0018838105034385,0.0009692522378983,0.0,0.0058022974978236
link,422,0.8682967490969714,0.003056404556821324,1677.8217971200002,1813.3350000000003,2518.4579999999996,3245.7529999999997,-0.5440833009183734,0.0,3.251999999999498,0.0,0.002054479959246,0.0011194408301083,0.0045336787564766,0.006327974021327
link,423,0.8713531536537927,0.0,1678.3658804209185,1813.3350000000003,2515.206,3245.7529999999997,0.0,0.0,0.0,0.0,0.0007878339097761,0.0005625189882285,0.0012953367875647,0.0024265958359671
link,424,0.8713531536537927,0.0,1678.4345781250001,1813.3350000000003,2515.206,3245.7529999999997,0.06869770408161457,0.0,0.0,0.0,0.0024592360988609,1.66338281855745e-05,0.0,3.180602275082184e-05
link,425,0.8713531536537927,0.0,1678.3658804209185,1813.3350000000003,2515.206,3245.7529999999997,0.0,0.0,0.0,0.0,0.0127394759944331,0.0060433975832746,0.0032383419689119,0.0392386758387639
link,426,0.8566268407891081,0.01472631286468462,1672.581613363607,1813.3350000000003,2543.0460000000003,3253.5262999999973,-5.784267057311581,0.0,27.840000000000146,7.773299999997562,0.007909670840556,0.0036076930409347,0.0090673575129533,0.024362462807695
link,427,0.8713531536537927,0.0,1678.3658804209185,1813.3350000000003,2515.206,3245.7529999999997,0.0,0.0,0.0,0.0,9.417817247596086e-05,7.910371155398964e-05,0.0006476683937823,0.0002900768275309
link,428,0.8707974437343706,0.0005557099194221093,1678.4225867900448,1813.3350000000003,2515.206,3245.7529999999997,0.05670636912623195,0.0,0.0,0.0,0.0,0.0,0.0006476683937823,0.0
link,429,0.8705195887746596,0.0008335648791331085,1678.2938276412383,1813.3350000000003,2515.206,3245.7529999999997,-0.07205277968023438,0.0,0.0,0.0,0.0002497890786908,9.846130137271048e-05,0.0006476683937823,0.0007693717301321
link,430,0.8713531536537927,0.0,1678.3658804209185,1813.3350000000003,2515.206,3245.7529999999997,0.0,0.0,0.0,0.0,0.0001756153501382,0.0001108662645101,0.0006476683937823,0.0005409103011299
link,431,0.8702417338149486,0.0011114198388441077,1678.2766251596422,1813.3350000000003,2515.206,3245.7529999999997,-0.08925526127632111,0.0,0.0,0.0,0.0014790543638235,0.000841922824332,0.0012953367875647,0.0045556139636624
link,432,0.8713531536537927,0.0,1678.372902104592,1813.3350000000003,2515.206,3245.7529999999997,0.0070216836734289245,0.0,0.0,0.0,0.0002877127977112,4.892488782055168e-07,0.0,1.141007798233981e-06
link,433,0.8713531536537927,0.0,1678.3658804209185,1813.3350000000003,2515.206,3245.7529999999997,0.0,0.0,0.0,0.0,0.0,0.0,0.0,0.0
link,434,0.8713531536537927,0.0,1678.3658804209185,1813.3350000000003,2515.206,3245.7529999999997,0.0,0.0,0.0,0.0,0.0007388159722299,0.000546197908297,0.0012953367875647,0.0022756163951718
link,435,0.8713531536537927,0.0,1678.4925194515306,1813.3350000000003,2515.206,3245.7529999999997,0.12663903061206838,0.0,0.0,0.0,0.0029593572109259,0.0001347635783521,0.0,0.0002116669926626
link,436,0.8705195887746596,0.0008335648791331085,1678.1036182572614,1813.3350000000003,2515.206,3245.7529999999997,-0.26226216365716937,0.0,0.0,0.0,0.0002877127977112,0.0001377159493132,0.0012953367875647,0.0008861800288323
link,437,0.8638510697415949,0.0075020839121978655,1673.7920083628173,1813.3350000000003,2528.1786000000006,3245.7529999999997,-4.573872058101188,0.0,12.972600000000511,0.0,0.0038375239875607,0.00181810044492,0.0012953367875647,0.0118199021558796
link,438,0.8713531536537927,0.0,1678.3658804209185,1813.3350000000003,2515.206,3245.7529999999997,0.0,0.0,0.0,0.0,0.0060737374125855,0.0025964354614427,0.0006476683937823,0.0187076307978727
link,439,0.8713531536537927,0.0,1678.3658804209185,1813.3350000000003,2515.206,3245.7529999999997,0.0,0.0,0.0,0.0,0.0,0.0,0.0,0.0
link,440,0.8610725201444845,0.01028063350930819,1672.96099386899,1810.8749999999998,2531.762000000004,3246.616699999999,-5.4048865519284846,-2.460000000000491,16.556000000003678,0.8636999999994259,0.005884490743265,0.0025681291131061,0.0025906735751294,0.0181247348675945
link,441,0.8713531536537927,0.0,1678.3658804209185,1813.3350000000003,2515.206,3245.7529999999997,0.0,0.0,0.0,0.0,0.0060785822489561,0.0031969681183559,0.0006476683937823,0.0187225533083369
link,442,0.8713531536537927,0.0,1679.0451830357142,1815.8110000000001,2515.206,3245.7529999999997,0.679302614795688,2.4759999999998854,0.0,0.0,0.002142385912102,3.7550073289452406e-05,0.0,5.407623204132225e-05
link,443,0.8713531536537927,0.0,1678.3658804209185,1813.3350000000003,2515.206,3245.7529999999997,0.0,0.0,0.0,0.0,0.0138184534503546,0.0005583364956158,0.0006476683937823,0.0009445175184934
link,444,0.8713531536537927,0.0,1678.383133609694,1813.3350000000003,2515.206,3245.7529999999997,0.017253188775384842,0.0,0.0,0.0,0.0101474703093903,0.0010760836694392,0.0,0.0006032096072511
link,445,0.8713531536537927,0.0,1678.3658804209185,1813.3350000000003,2515.206,3245.7529999999997,0.0,0.0,0.0,0.0,0.0028372111211955,0.000111820154146,0.0,0.0001777784509099
link,446,0.8713531536537927,0.0,1678.3658804209185,1813.3350000000003,2515.206,3245.7529999999997,0.0,0.0,0.0,0.0,3.834304525653457e-05,1.4499416792919156e-05,0.0,7.38416744096704e-06
link,447,0.8713531536537927,0.0,1678.5323093112247,1813.3350000000003,2515.206,3245.7529999999997,0.1664288903061788,0.0,0.0,0.0,0.0003460923912805,1.742169087325371e-05,0.0,1.9043961301779847e-05
link,448,0.8713531536537927,0.0,1678.3658804209185,1813.3350000000003,2515.206,3245.7529999999997,0.0,0.0,0.0,0.0,0.0040701181702794,0.0003815884507837,0.0,0.0001958812542276
link,449,0.8713531536537927,0.0,1678.3658804209185,1813.3350000000003,2515.206,3245.7529999999997,0.0,0.0,0.0,0.0,0.0084734420567317,0.0011611151212256,0.0006476683937823,0.0018351582933762
link,450,0.8707974437343706,0.0005557099194221093,1677.786385130823,1813.3350000000003,2513.5215000000017,3245.7529999999997,-0.579495290095565,0.0,-1.6844999999984793,0.0,0.0204442837228354,0.0022746073334397,0.0012953367875647,0.0085664300473816
link,451,0.8713531536537927,0.0,1678.3658804209185,1813.3350000000003,2515.206,3245.7529999999997,0.0,0.0,0.0,0.0,0.0039481731327237,0.0003448856761837,0.0,0.0002723725014664
link,452,0.8713531536537927,0.0,1678.3674767219386,1813.3350000000003,2515.206,3245.7529999999997,0.0015963010200721328,0.0,0.0,0.0,0.0042115759063281,4.0260404123421126e-05,0.0,1.4996738440340952e-05
link,453,0.8713531536537927,0.0,1678.4276431760204,1813.3350000000003,2517.916,3245.7529999999997,0.06176275510188134,0.0,2.7100000000000364,0.0,0.0194768409512422,0.000937204515625,0.0,0.0007750450186166
link,454,0.8713531536537927,0.0,1678.3658804209185,1813.3350000000003,2515.206,3245.7529999999997,0.0,0.0,0.0,0.0,0.0016385970105212,0.0002116009491502,0.0,7.572931535828375e-05
link,455,0.8713531536537927,0.0,1678.3658804209185,1813.3350000000003,2515.206,3245.7529999999997,0.0,0.0,0.0,0.0,0.0053499548393109,0.0004304400690187,0.0,0.0002201116381038
link,456,0.8713531536537927,0.0,1678.4737707270408,1813.3350000000003,2517.916,3245.7529999999997,0.1078903061222718,0.0,2.7100000000000364,0.0,0.0061034144506229,0.0007541969440845,0.0,0.0003130737172673
link,457,0.8713531536537927,0.0,1678.3658804209185,1813.3350000000003,2515.206,3245.7529999999997,0.0,0.0,0.0,0.0,0.0004305923394495,0.0004612511851034,0.0,0.0013262612397636
link,458,0.8713531536537927,0.0,1678.3658804209185,1813.3350000000003,2515.206,3245.7529999999997,0.0,0.0,0.0,0.0,0.0004427170612179,3.896976657813717e-05,0.0,2.9033510307043968e-05
link,459,0.8710752986940817,0.00027785495971099916,1678.171422647528,1813.3350000000003,2515.206,3245.7529999999997,-0.194457773390468,0.0,0.0,0.0,0.0079653157361963,0.0018994167473875,0.0006476683937823,0.0011917031564485
link,460,0.8713531536537927,0.0,1678.3658804209185,1813.3350000000003,2515.206,3245.7529999999997,0.0,0.0,0.0,0.0,2.098022338335476e-06,1.6003567355411574e-07,0.0,9.006226164067462e-08
link,461,0.8713531536537927,0.0,1678.6508408801021,1813.3350000000003,2517.916,3245.7529999999997,0.28496045918359414,0.0,2.7100000000000364,0.0,0.0029862638168044,0.0002170209641341,0.0,0.0001753941379108
link,462,0.8713531536537927,0.0,1678.3658804209185,1813.3350000000003,2515.206,3245.7529999999997,0.0,0.0,0.0,0.0,0.0014113773998648,0.0001458844866389,0.0,0.0001150196232602
link,463,0.8713531536537927,0.0,1678.3658804209185,1813.3350000000003,2515.206,3245.7529999999997,0.0,0.0,0.0,0.0,0.0079565787170066,0.0003754997067791,0.0,0.0001539933311409
link,464,0.8707974437343706,0.0005557099194221093,1677.960527760051,1813.3350000000003,2515.206,3245.7529999999997,-0.4053526608674929,0.0,0.0,0.0,0.010946192481522,0.0032977481837228,0.0025906735751294,0.0099634106463299
link,465,0.8713531536537927,0.0,1678.6592669005101,1813.3350000000003,2517.916,3245.7529999999997,0.2933864795916179,0.0,2.7100000000000364,0.0,0.0014941809195714,8.594067638547224e-05,0.0,7.587935176366901e-05
link,466,0.8713531536537927,0.0,1678.3658804209185,1813.3350000000003,2515.206,3245.7529999999997,0.0,0.0,0.0,0.0,0.0,0.0,0.0,0.0
link,467,0.8710752986940817,0.00027785495971099916,1678.1806542264753,1813.3350000000003,2515.206,3245.7529999999997,-0.18522619444320298,0.0,0.0,0.0,0.0079565787170066,0.0003754997067791,0.0006476683937823,0.0001539933311409
link,468,0.8713531536537927,0.0,1678.3658804209185,1813.3350000000003,2515.206,3245.7529999999997,0.0,0.0,0.0,0.0,0.0002001356776156,4.212062991367482e-05,0.0,1.0879900822180552e-05
link,469,0.8710752986940817,0.00027785495971099916,1678.155114832536,1813.3350000000003,2515.206,3245.7529999999997,-0.21076558838262827,0.0,0.0,0.0,0.0029357256493231,0.0012996499885093,0.0012953367875647,0.0084457037842885
link,470,0.8710752986940817,0.00027785495971099916,1678.4176889952153,1813.3350000000003,2515.206,3245.7529999999997,0.05180857429672869,0.0,0.0,0.0,0.0,0.0,0.0012953367875647,0.0
link,471,0.8713531536537927,0.0,1678.5475121173467,1813.3350000000003,2515.206,3245.7529999999997,0.1816316964282123,0.0,0.0,0.0,0.0241850165767846,0.0001931997893819,0.0,0.0005583175305775
link,472,0.8713531536537927,0.0,1678.3658804209185,1813.3350000000003,2515.206,3245.7529999999997,0.0,0.0,0.0,0.0,0.0,0.0,0.0,0.0
link,473,0.8713531536537927,0.0,1678.4177927295918,1813.3350000000003,2515.206,3245.7529999999997,0.05191230867330887,0.0,0.0,0.0,0.0400270408267811,0.000753601017841,0.0,0.0016681184701251
link,474,0.8713531536537927,0.0,1678.3658804209185,1813.3350000000003,2515.206,3245.7529999999997,0.0,0.0,0.0,0.0,0.0,0.0,0.0,0.0
link,475,0.8713531536537927,0.0,1678.3658804209185,1813.3350000000003,2515.206,3245.7529999999997,0.0,0.0,0.0,0.0,0.0109023099051389,0.0011681686078354,0.001943005181347,0.0065196621124762
link,476,0.8713531536537927,0.0,1678.3658804209185,1813.3350000000003,2515.206,3245.7529999999997,0.0,0.0,0.0,0.0,0.0001973749842353,8.079771692319524e-06,0.0,1.9365422473580284e-05
link,477,0.8713531536537927,0.0,1680.8811750637756,1813.3350000000003,2515.206,3245.7529999999997,2.515294642857043,0.0,0.0,0.0,0.0310798551322918,0.001628598500088,0.0,0.0011622946110169
link,478,0.8713531536537927,0.0,1678.3658804209185,1813.3350000000003,2515.206,3245.7529999999997,0.0,0.0,0.0,0.0,0.0,0.0,0.0,0.0
link,479,0.8713531536537927,0.0,1678.3658804209185,1813.3350000000003,2515.206,3245.7529999999997,0.0,0.0,0.0,0.0,0.0251770557381686,0.0032930465353214,0.0,0.0022522945920549
link,480,0.8713531536537927,0.0,1678.3658804209185,1813.3350000000003,2515.206,3245.7529999999997,0.0,0.0,0.0,0.0,0.0037314652443815,4.065465196079069e-05,0.0,4.910528996042963e-05
link,481,0.8713531536537927,0.0,1680.1945794005103,1823.145,2515.206,3245.7529999999997,1.8286989795917634,9.809999999999718,0.0,0.0,0.0006408497365215,2.616376438526424e-05,0.0,3.677173311899829e-05
link,482,0.8713531536537927,0.0,1680.3663867984694,1813.3350000000003,2515.206,3245.7529999999997,2.0005063775508916,0.0,0.0,0.0,0.0096772045020859,0.0030173485407249,0.0,0.0025544716953156
link,483,0.8713531536537927,0.0,1678.3658804209185,1813.3350000000003,2515.206,3245.7529999999997,0.0,0.0,0.0,0.0,0.0168938371004196,0.0082582452079366,0.0006476683937823,0.0354440694761192
link,484,0.8713531536537927,0.0,1678.5512136479595,1813.3350000000003,2517.916,3245.7529999999997,0.18533322704092825,0.0,2.7100000000000364,0.0,0.0121605479315556,0.0015684544146251,0.0,0.0009676525350401
link,485,0.8713531536537927,0.0,1678.3658804209185,1813.3350000000003,2515.206,3245.7529999999997,0.0,0.0,0.0,0.0,0.0010386477084968,0.0010041108808972,0.0012953367875647,0.0001974399852337
link,486,0.8713531536537927,0.0,1684.5164107142857,1819.571,2591.0935000000004,3245.7529999999997,6.150530293367183,6.235999999999649,75.88750000000027,0.0,0.0057237621454682,0.0004106645017296,0.0,0.0009090619417337
link,487,0.8713531536537927,0.0,1678.3658804209185,1813.3350000000003,2515.206,3245.7529999999997,0.0,0.0,0.0,0.0,0.0067822178157397,0.000738222581779,0.0012953367875647,0.0046900576837147
link,488,0.8713531536537927,0.0,1678.3658804209185,1813.3350000000003,2515.206,3245.7529999999997,0.0,0.0,0.0,0.0,0.0004530057595544,9.918493193524642e-06,0.0,1.287214044972156e-05
link,489,0.8713531536537927,0.0,1680.3377308673469,1813.3350000000003,2515.206,3245.7529999999997,1.9718504464283342,0.0,0.0,0.0,0.0025089109492212,0.0002233643663858,0.0,0.0004732049204332
link,490,0.8680188941372603,0.003334259516532434,1677.1329183738796,1813.3350000000003,2519.0000000000014,3245.7529999999997,-1.2329620470388818,0.0,3.7940000000012333,0.0,0.0154673358135085,0.0034907057970485,0.0012953367875647,0.0184073562483723
link,491,0.8713531536537927,0.0,1678.3658804209185,1813.3350000000003,2515.206,3245.7529999999997,0.0,0.0,0.0,0.0,0.0016335351896982,0.0007361591490702,0.0,0.0050314281221454
link,492,0.8671853292581273,0.0041678243956654315,1676.9350576738227,1813.3350000000003,2520.6259999999997,3245.7529999999997,-1.4308227470958172,0.0,5.419999999999618,0.0,0.0145149256500206,0.0027890996021262,0.0012953367875647,0.0154738514725891
link,493,0.8663517643789942,0.00500138927479854,1676.3578694676073,1813.3350000000003,2522.834600000001,3245.7529999999997,-2.0080109533112136,0.0,7.628600000000915,0.0,0.0035719853624138,0.0014629903011442,0.0,0.0110020204753957
link,494,0.8710752986940817,0.00027785495971099916,1680.286432535885,1813.3350000000003,2515.206,3245.7529999999997,1.92055211496654,0.0,0.0,0.0,0.007764521447852,0.0003947731895424,0.0012953367875647,0.0007977812981571
link,495,0.8713531536537927,0.0,1678.6932426658161,1813.3350000000003,2515.206,3245.7529999999997,0.3273622448975857,0.0,0.0,0.0,0.0013979457345142,5.962138712044765e-06,0.0006476683937823,2.3126058215631397e-05
link,496,0.8713531536537927,0.0,1678.3658804209185,1813.3350000000003,2515.206,3245.7529999999997,0.0,0.0,0.0,0.0,0.003726689848166,1.8418277234221144e-05,0.0,6.176683554605573e-05
link,497,0.8713531536537927,0.0,1678.3658804209185,1813.3350000000003,2515.206,3245.7529999999997,0.0,0.0,0.0,0.0,0.008239906239741,2.103097496305644e-05,0.0,2.8756618840402547e-05
link,498,0.8713531536537927,0.0,1678.9293214285715,1813.3350000000003,2515.206,3245.7529999999997,0.5634410076529548,0.0,0.0,0.0,0.010390319013811,0.0008014956304173,0.0,0.0025395819816026
link,499,0.8713531536537927,0.0,1678.3658804209185,1813.3350000000003,2515.206,3245.7529999999997,0.0,0.0,0.0,0.0,0.0041836732889062,0.0001624402432714,0.0,0.0002904260673209
link,500,0.8713531536537927,0.0,1688.1166007653062,1833.7420000000002,2532.2625,3245.7529999999997,9.750720344387673,20.406999999999925,17.056499999999687,0.0,0.0261156890981855,0.0001245755892215,0.0,0.0001476630392935
link,501,0.8710752986940817,0.00027785495971099916,1678.1285948963316,1813.3350000000003,2515.206,3245.7529999999997,-0.2372855245869232,0.0,0.0,0.0,0.0007499263801705,0.0001359533845613,0.0012953367875647,0.000726621066876
link,502,0.8713531536537927,0.0,1678.3658804209185,1813.3350000000003,2515.206,3245.7529999999997,0.0,0.0,0.0,0.0,0.0,0.0,0.0,0.0
link,503,0.8713531536537927,0.0,1678.3658804209185,1813.3350000000003,2515.206,3245.7529999999997,0.0,0.0,0.0,0.0,0.0070413559334823,0.0012652870481204,0.0,0.0006595895086463
link,504,0.8713531536537927,0.0,1678.4387012117347,1813.3350000000003,2515.206,3245.7529999999997,0.07282079081619486,0.0,0.0,0.0,0.0016764155742306,4.083681193752333e-05,0.0,1.659920734777717e-05
link,505,0.8713531536537927,0.0,1678.3658804209185,1813.3350000000003,2515.206,3245.7529999999997,0.0,0.0,0.0,0.0,0.028347891094406,0.0020269182538292,0.0,0.0017509760052487
link,506,0.8713531536537927,0.0,1678.3658804209185,1813.3350000000003,2515.206,3245.7529999999997,0.0,0.0,0.0,0.0,0.0002931929681456,0.0005895556270418,0.0006476683937823,4.187842425861629e-05
link,507,0.8707974437343706,0.0005557099194221093,1677.9598245054244,1813.3350000000003,2515.206,3245.7529999999997,-0.40605591549410747,0.0,0.0,0.0,0.009215913466639,0.0048905629343501,0.0032383419689119,0.0158638260336461
link,508,0.8713531536537927,0.0,1678.3658804209185,1813.3350000000003,2515.206,3245.7529999999997,0.0,0.0,0.0,0.0,0.0002931929681456,0.0005895556270418,0.0,4.187842425861629e-05
link,509,0.8707974437343706,0.0005557099194221093,1677.9598245054244,1813.3350000000003,2515.206,3245.7529999999997,-0.40605591549410747,0.0,0.0,0.0,0.009215913466639,0.0048905629343501,0.001943005181347,0.0158638260336461
link,510,0.8713531536537927,0.0,1678.3658804209185,1813.3350000000003,2515.206,3245.7529999999997,0.0,0.0,0.0,0.0,0.0002931929681456,0.0005895556270418,0.0,4.187842425861629e-05
link,511,0.8710752986940817,0.00027785495971099916,1678.1497684210526,1813.3350000000003,2515.206,3245.7529999999997,-0.216111999865916,0.0,0.0,0.0,0.009215913466639,0.0048905629343501,0.0012953367875647,0.0158638260336461
link,512,0.8707974437343706,0.0005557099194221093,1677.9409594767071,1813.3350000000003,2515.206,3245.7529999999997,-0.4249209442114079,0.0,0.0,0.0,0.0010386477084968,0.0010041108808972,0.0012953367875647,0.0001974399852337
link,513,0.8713531536537927,0.0,1678.3658804209185,1813.3350000000003,2515.206,3245.7529999999997,0.0,0.0,0.0,0.0,0.0,0.0,0.0,0.0
link,514,0.8713531536537927,0.0,1678.3928124999998,1813.3350000000003,2515.206,3245.7529999999997,0.026932079081234406,0.0,0.0,0.0,0.0001824173170191,5.59844997948635e-07,0.0,1.8498344268782144e-06
link,515,0.8713531536537927,0.0,1678.3658804209185,1813.3350000000003,2515.206,3245.7529999999997,0.0,0.0,0.0,0.0,0.0001084711406951,3.0210760992781982e-06,0.0,6.221301028258949e-06
link,516,0.8713531536537927,0.0,1678.4868584183673,1813.3350000000003,2515.206,3245.7529999999997,0.12097799744879012,0.0,0.0,0.0,0.0240765454360895,0.0001901787132827,0.0,0.0005520962295496
link,517,0.8713531536537927,0.0,1678.6086801658164,1813.3350000000003,2515.206,3245.7529999999997,0.24279974489786582,0.0,0.0,0.0,0.0005135238064633,2.0484004569863702e-05,0.0,5.3520038101388814e-05
link,518,0.8713531536537927,0.0,1678.3658804209185,1813.3350000000003,2515.206,3245.7529999999997,0.0,0.0,0.0,0.0,0.0277095003661174,0.0017003864902548,0.0,0.0035082340363678
link,519,0.8713531536537927,0.0,1681.1738140943878,1818.8680000000002,2515.206,3245.7529999999997,2.807933673469279,5.532999999999902,0.0,0.0,0.015792747626302,0.0007504871034308,0.0012953367875647,0.0024460912782875
link,520,0.8713531536537927,0.0,1678.3658804209185,1813.3350000000003,2515.206,3245.7529999999997,0.0,0.0,0.0,0.0,0.0138609952556475,0.0008474212447042,0.0012953367875647,0.0028637610931894
link,521,0.8713531536537927,0.0,1678.3658804209185,1813.3350000000003,2515.206,3245.7529999999997,0.0,0.0,0.0,0.0,0.0060492677539381,0.0008211538852286,0.0,0.0009123820673315
link,522,0.8713531536537927,0.0,1678.3658804209185,1813.3350000000003,2515.206,3245.7529999999997,0.0,0.0,0.0,0.0,0.0,0.0,0.0,0.0
link,523,0.8713531536537927,0.0,1678.3658804209185,1813.3350000000003,2515.206,3245.7529999999997,0.0,0.0,0.0,0.0,0.0116370730913477,4.8152677262478605e-05,0.0,3.837209680874949e-05
link,524,0.8713531536537927,0.0,1726.8215988520408,1846.3230000000003,2587.765,3245.7529999999997,48.45571843112225,32.988000000000056,72.55899999999974,0.0,0.0129060772201543,0.0004305286254063,0.0,0.0006340090934746
link,525,0.8713531536537927,0.0,1678.3658804209185,1813.3350000000003,2515.206,3245.7529999999997,0.0,0.0,0.0,0.0,0.0132096118780311,3.923335328093852e-05,0.0,8.925691134638669e-05
link,526,0.8713531536537927,0.0,1678.3658804209185,1813.3350000000003,2515.206,3245.7529999999997,0.0,0.0,0.0,0.0,0.0374039701088452,0.0063311367342052,0.0025906735751294,0.0101411093492127
link,527,0.8713531536537927,0.0,1678.3658804209185,1813.3350000000003,2515.206,3245.7529999999997,0.0,0.0,0.0,0.0,0.0047782834074222,0.0014457921439653,0.0,0.0009917871228377
link,528,0.8713531536537927,0.0,1680.0472930484693,1813.3350000000003,2515.206,3245.7529999999997,1.6814126275507988,0.0,0.0,0.0,0.0045474094294365,0.0007443012503722,0.0,0.0004218297445302
link,529,0.8627396499027508,0.008613503751041973,1680.477583252818,1820.744,2528.5598,3245.7529999999997,2.1117028318994926,7.408999999999651,13.353799999999865,0.0,0.0050863101718152,0.0041193498351684,0.0006476683937823,0.0156662704285859
link,530,0.8713531536537927,0.0,1681.3053832908163,1813.3350000000003,2515.206,3245.7529999999997,2.9395028698977512,0.0,0.0,0.0,0.0143609961065439,0.0011886798837515,0.001943005181347,0.0043515068811022
link,531,0.8713531536537927,0.0,1678.3658804209185,1813.3350000000003,2515.206,3245.7529999999997,0.0,0.0,0.0,0.0,0.0,0.0,0.0,0.0
link,532,0.8713531536537927,0.0,1678.3658804209185,1813.3350000000003,2515.206,3245.7529999999997,0.0,0.0,0.0,0.0,0.0404803169834635,0.0050513514910153,0.0006476683937823,0.0240869187369166
link,533,0.8710752986940817,0.00027785495971099916,1678.4735291866027,1813.3350000000003,2515.206,3245.7529999999997,0.10764876568418913,0.0,0.0,0.0,0.0042905234449688,0.0002242671995041,0.0032383419689119,0.0013009864112354
link,534,0.8702417338149486,0.0011114198388441077,1678.9282289272032,1813.3350000000003,2515.206,3245.7529999999997,0.5623485062847067,0.0,0.0,0.0,0.0071958006870043,0.0011790691032988,0.0032383419689119,0.0102494888435007
link,535,0.864684634620728,0.006668519033064757,1668.9960543059126,1812.105,2474.9263000000014,3245.7529999999997,-9.369826115005935,-1.2300000000002456,-40.279699999998684,0.0,0.0094114136099774,0.0057809534535757,0.0,0.0289879590014383
link,536,0.8713531536537927,0.0,1678.5463985969388,1813.3350000000003,2515.206,3245.7529999999997,0.18051817602031406,0.0,0.0,0.0,0.0,0.0,0.0,0.0
link,537,0.8713531536537927,0.0,1678.3658804209185,1813.3350000000003,2515.206,3245.7529999999997,0.0,0.0,0.0,0.0,0.0018158853588733,8.622037928556868e-05,0.0064766839378237,0.0007455420982265
link,538,0.8713531536537927,0.0,1678.3658804209185,1813.3350000000003,2515.206,3245.7529999999997,0.0,0.0,0.0,0.0,0.0010650425243045,0.0004169838436083,0.0,0.0032804220820342
link,539,0.8705195887746596,0.0008335648791331085,1677.1924142993935,1813.3350000000003,2508.442200000001,3245.7529999999997,-1.1734661215250526,0.0,-6.763799999999264,0.0,0.005989875838644,0.0038250424617122,0.0012953367875647,0.0184493299763432
link,540,0.8710752986940817,0.00027785495971099916,1678.0368009569377,1813.3350000000003,2515.206,3245.7529999999997,-0.32907946398086096,0.0,0.0,0.0,0.0070968952797642,0.0008851543602752,0.0006476683937823,0.0012631441541596
link,541,0.8713531536537927,0.0,1678.8574234693876,1813.3350000000003,2515.206,3245.7529999999997,0.49154304846911145,0.0,0.0,0.0,0.0243804135147792,0.0006512884030331,0.0012953367875647,0.0029067825070949
link,542,0.8713531536537927,0.0,1678.3658804209185,1813.3350000000003,2515.206,3245.7529999999997,0.0,0.0,0.0,0.0,0.0026017302350818,0.0007339137941676,0.0,0.0003740962881819
link,543,0.8710752986940817,0.00027785495971099916,1683.0295751196174,1818.8680000000002,2515.206,3245.7529999999997,4.663694698698919,5.532999999999902,0.0,0.0,0.0248429588523961,0.0006338933432004,0.001943005181347,0.0033043347508649
link,544,0.8713531536537927,0.0,1678.3658804209185,1813.3350000000003,2515.206,3245.7529999999997,0.0,0.0,0.0,0.0,0.0004800564941132,4.942596879245717e-05,0.0,7.362373301837484e-05
link,545,0.8713531536537927,0.0,1678.3658804209185,1813.3350000000003,2515.206,3245.7529999999997,0.0,0.0,0.0,0.0,0.0028712653354854,9.696251327451622e-05,0.0,0.0001377806664776
link,546,0.8707974437343706,0.0005557099194221093,1678.7916448627952,1813.3350000000003,2515.206,3245.7529999999997,0.4257644418767086,0.0,0.0,0.0,0.004837492679518,0.0018164880201123,0.0006476683937823,0.005943012696052
link,547,0.8707974437343706,0.0005557099194221093,1690.7212651563498,1853.893,2537.736,3245.7529999999997,12.355384735431244,40.557999999999765,22.529999999999745,0.0,0.0255314235131165,0.0016410973748825,0.0058290155440414,0.0109198419583456
link,548,0.8702417338149486,0.0011114198388441077,1678.7114537037037,1813.3350000000003,2515.206,3245.7529999999997,0.3455732827851534,0.0,0.0,0.0,0.0005242269024168,0.0003067375041885,0.0006476683937823,0.0016146637035056
link,549,0.8702417338149486,0.0011114198388441077,1678.4002531928481,1813.3350000000003,2515.206,3245.7529999999997,0.03437277192961119,0.0,0.0,0.0,0.0026934525359612,0.0033403912548176,0.0006476683937823,0.008296064217387
link,550,0.8713531536537927,0.0,1678.3658804209185,1813.3350000000003,2515.206,3245.7529999999997,0.0,0.0,0.0,0.0,0.0047664246534797,0.0025068372062056,0.0,0.0146809956680724
link,551,0.8713531536537927,0.0,1678.3658804209185,1813.3350000000003,2515.206,3245.7529999999997,0.0,0.0,0.0,0.0,8.90802691963154e-05,7.841743419996844e-05,0.0,0.0002743748493384
link,552,0.8713531536537927,0.0,1678.3658804209185,1813.3350000000003,2515.206,3245.7529999999997,0.0,0.0,0.0,0.0,8.90802691963154e-05,7.779501988819085e-05,0.0,0.0002743748493384
link,553,0.8713531536537927,0.0,1678.3658804209185,1813.3350000000003,2515.206,3245.7529999999997,0.0,0.0,0.0,0.0,0.00059491959229,0.0002499145599798,0.0,0.001832403235596
link,554,0.8713531536537927,0.0,1678.3658804209185,1813.3350000000003,2515.206,3245.7529999999997,0.0,0.0,0.0,0.0,0.0023355130160487,0.0010532155198368,0.0,0.0071935798767544
link,555,0.8713531536537927,0.0,1678.3658804209185,1813.3350000000003,2515.206,3245.7529999999997,0.0,0.0,0.0,0.0,0.0020194077997521,5.0729210706232655e-05,0.0,7.229436773574285e-05
link,556,0.8713531536537927,0.0,1678.4187624362246,1813.3350000000003,2515.206,3245.7529999999997,0.05288201530606784,0.0,0.0,0.0,0.0027470168537276,0.0002246799666651,0.0,0.0004441572112262
link,557,0.8713531536537927,0.0,1691.522508609694,1850.4329999999998,2515.206,3245.7529999999997,13.156628188775358,37.0979999999995,0.0,0.0,0.0274691383064134,0.0022439488390072,0.0025906735751294,0.008827239936832
link,558,0.8713531536537927,0.0,1679.3885876913266,1813.3350000000003,2515.206,3245.7529999999997,1.022707270408091,0.0,0.0,0.0,0.0084069324007987,0.0002275184974177,0.0,0.0006377378632337
link,559,0.8713531536537927,0.0,1678.3658804209185,1813.3350000000003,2515.206,3245.7529999999997,0.0,0.0,0.0,0.0,0.0,0.0,0.0,0.0
link,560,0.8705195887746596,0.0008335648791331085,1678.5129166932654,1813.3350000000003,2515.206,3245.7529999999997,0.1470362723468952,0.0,0.0,0.0,0.0036745525695174,0.0007435623804856,0.0,0.0051702818450407
link,561,0.8713531536537927,0.0,1679.3271661352044,1813.3350000000003,2515.206,3245.7529999999997,0.9612857142858502,0.0,0.0,0.0,0.0036745525695174,9.645225615871768e-05,0.0,0.0001506859873919
link,562,0.8713531536537927,0.0,1678.3658804209185,1813.3350000000003,2515.206,3245.7529999999997,0.0,0.0,0.0,0.0,0.0,0.0,0.0,0.0
link,563,0.8710752986940817,0.00027785495971099916,1679.701467304625,1813.3350000000003,2515.206,3245.7529999999997,1.3355868837065827,0.0,0.0,0.0,0.0226036814342644,0.0009608476051252,0.0012953367875647,0.0019772346393288
link,564,0.8699638788552375,0.0013892747985552178,1679.6803755988503,1813.3350000000003,2515.206,3245.7529999999997,1.3144951779318035,0.0,0.0,0.0,0.0208243360517102,0.0030842636702422,0.001943005181347,0.0201807728720471
link,565,0.8713531536537927,0.0,1679.1125306122449,1823.145,2515.206,3245.7529999999997,0.7466501913263528,9.809999999999718,0.0,0.0,0.0168232188984401,3.855995603895933e-05,0.0,0.0001842773702915
link,566,0.8713531536537927,0.0,1678.3658804209185,1813.3350000000003,2515.206,3245.7529999999997,0.0,0.0,0.0,0.0,0.0048297061308878,0.0001029980043684,0.0,0.0001603988426679
link,567,0.8713531536537927,0.0,1678.3658804209185,1813.3350000000003,2515.206,3245.7529999999997,0.0,0.0,0.0,0.0,0.0104324801040958,0.0010452278986341,0.001943005181347,0.0044839797214408
link,568,0.8713531536537927,0.0,1678.3658804209185,1813.3350000000003,2515.206,3245.7529999999997,0.0,0.0,0.0,0.0,0.009936666129269,0.0005812017862291,0.0006476683937823,0.001119713098701
link,569,0.8713531536537927,0.0,1679.1125306122449,1823.145,2515.206,3245.7529999999997,0.7466501913263528,9.809999999999718,0.0,0.0,0.0175324721771444,0.0001289601081715,0.0,0.0003031983521162
link,570,0.8713531536537927,0.0,1678.3658804209185,1813.3350000000003,2515.206,3245.7529999999997,0.0,0.0,0.0,0.0,0.0041204528521834,1.2597852235781073e-05,0.0,4.147786084322881e-05
link,571,0.8713531536537927,0.0,1679.969481505102,1823.145,2517.916,3245.7529999999997,1.6036010841835378,9.809999999999718,2.7100000000000364,0.0,0.0169962705901323,4.844017707052152e-05,0.0,0.0002126621934759
link,572,0.8713531536537927,0.0,1678.3658804209185,1813.3350000000003,2515.206,3245.7529999999997,0.0,0.0,0.0,0.0,0.0104393394891051,0.0001938194746581,0.0,0.0003782697906239
link,573,0.8713531536537927,0.0,1678.3658804209185,1813.3350000000003,2515.206,3245.7529999999997,0.0,0.0,0.0,0.0,0.0,0.0,0.0,0.0
link,574,0.8713531536537927,0.0,1678.3658804209185,1813.3350000000003,2515.206,3245.7529999999997,0.0,0.0,0.0,0.0,0.028776051805565,0.0005435345332814,0.0,0.001114145041112
link,575,0.8713531536537927,0.0,1679.9388447066326,1813.3350000000003,2515.206,3245.7529999999997,1.5729642857140789,0.0,0.0,0.0,0.0212227596424357,0.0007348937259107,0.0,0.001350498823958
link,576,0.8713531536537927,0.0,1678.3658804209185,1813.3350000000003,2515.206,3245.7529999999997,0.0,0.0,0.0,0.0,0.0061286590374577,0.0003015512842929,0.0,0.000522012874145
link,577,0.8713531536537927,0.0,1679.448247130102,1813.3350000000003,2517.916,3245.7529999999997,1.0823667091833613,0.0,2.7100000000000364,0.0,0.0148209659945398,0.001179168353281,0.0,0.0019915899163419
link,578,0.8713531536537927,0.0,1678.3658804209185,1813.3350000000003,2515.206,3245.7529999999997,0.0,0.0,0.0,0.0,0.0,0.0,0.0,0.0
link,579,0.8713531536537927,0.0,1678.8947063137757,1813.3350000000003,2515.206,3245.7529999999997,0.528825892857185,0.0,0.0,0.0,0.0102350152489573,0.0004968522718713,0.0,0.00087341638104
link,580,0.8713531536537927,0.0,1678.3658804209185,1813.3350000000003,2515.206,3245.7529999999997,0.0,0.0,0.0,0.0,0.0192019109391576,0.0001365939222446,0.0,3.404501705027234e-06
link,581,0.8713531536537927,0.0,1678.3658804209185,1813.3350000000003,2515.206,3245.7529999999997,0.0,0.0,0.0,0.0,0.001590019948821,0.0002362674039587,0.0,0.0003861179179449
link,582,0.8713531536537927,0.0,1678.3658804209185,1813.3350000000003,2515.206,3245.7529999999997,0.0,0.0,0.0,0.0,0.0228355977323075,0.0008488877358909,0.0,0.0011710711573129
link,583,0.8713531536537927,0.0,1679.532593112245,1813.3350000000003,2515.206,3245.7529999999997,1.1667126913264383,0.0,0.0,0.0,0.0272801638586418,0.0012423923763752,0.0,0.0023844004007065
link,584,0.8713531536537927,0.0,1678.3658804209185,1813.3350000000003,2515.206,3245.7529999999997,0.0,0.0,0.0,0.0,0.0198655078407464,0.0003350231105105,0.0,0.0007018872825715
link,585,0.8713531536537927,0.0,1678.3658804209185,1813.3350000000003,2515.206,3245.7529999999997,0.0,0.0,0.0,0.0,0.0211947380296928,0.0034122434420504,0.001943005181347,0.0210924944211078
link,586,0.8713531536537927,0.0,1685.8156476403062,1815.8110000000001,2515.206,3245.7529999999997,7.449767219387695,2.4759999999998854,0.0,0.0,0.0265115346790555,0.0003938128662759,0.0,0.0008273594534526
link,587,0.8713531536537927,0.0,1678.3658804209185,1813.3350000000003,2515.206,3245.7529999999997,0.0,0.0,0.0,0.0,0.0251316842993185,0.0013683077304937,0.0025906735751294,0.0028934175127312
link,588,0.8663517643789942,0.00500138927479854,1679.6043466966005,1818.8680000000002,2522.834600000001,3245.7529999999997,1.238466275681958,5.532999999999902,7.628600000000915,0.0,0.0059521335591523,0.0031779138774717,0.0,0.0183330805269121
link,589,0.8713531536537927,0.0,1678.3658804209185,1813.3350000000003,2515.206,3245.7529999999997,0.0,0.0,0.0,0.0,0.0003888711442402,9.66663100105937e-05,0.0006476683937823,0.0011977563895531
link,590,0.8713531536537927,0.0,1678.3721329719388,1813.3350000000003,2515.206,3245.7529999999997,0.006252551020224928,0.0,0.0,0.0,0.0030463725408356,2.585779876778511e-05,0.0,7.476169586089996e-05
link,591,0.8710752986940817,0.00027785495971099916,1678.067398724083,1813.3350000000003,2515.206,3245.7529999999997,-0.2984816968355517,0.0,0.0,0.0,0.0001652616404648,3.883907308798067e-05,0.0006476683937823,0.0003066661139999
link,592,0.8696860238955265,0.001667129758266217,1678.6663990415336,1813.3350000000003,2515.6200999999996,3245.7529999999997,0.3005186206150938,0.0,0.4140999999995074,0.0,0.0476338719214601,0.0120026571237307,0.0077720207253886,0.0390535667871895
link,593,0.8713531536537927,0.0,1678.6271033163268,1813.3350000000003,2528.4645,3245.7529999999997,0.26122289540830934,0.0,13.258499999999913,0.0,0.0106929350269019,0.0002846592834298,0.0,0.0008455386834279
link,594,0.8713531536537927,0.0,1678.3658804209185,1813.3350000000003,2515.206,3245.7529999999997,0.0,0.0,0.0,0.0,0.0034215235994553,0.0001751798100699,0.0012953367875647,0.0016288335546911
link,595,0.8713531536537927,0.0,1683.1392815688778,1815.8110000000001,2515.206,3245.7529999999997,4.773401147959248,2.4759999999998854,0.0,0.0,0.0242670141658623,0.0010652244240976,0.0,0.0026122792425283
link,596,0.8713531536537927,0.0,1678.3658804209185,1813.3350000000003,2515.206,3245.7529999999997,0.0,0.0,0.0,0.0,0.0046376552664991,0.0001762011262191,0.0,0.0002004966870885
link,597,0.8713531536537927,0.0,1678.3658804209185,1813.3350000000003,2515.206,3245.7529999999997,0.0,0.0,0.0,0.0,0.0359486634978941,0.000491890032035,0.0,0.0008766479851164
link,598,0.8713531536537927,0.0,1678.3658804209185,1813.3350000000003,2515.206,3245.7529999999997,0.0,0.0,0.0,0.0,0.0370676670688273,0.0069652528996304,0.0,0.0093422186429223
link,599,0.8713531536537927,0.0,1678.3658804209185,1813.3350000000003,2515.206,3245.7529999999997,0.0,0.0,0.0,0.0,0.0,0.0,0.0,0.0
link,600,0.8713531536537927,0.0,1678.4436728316327,1813.3350000000003,2515.206,3245.7529999999997,0.07779241071420984,0.0,0.0,0.0,0.0213968401270507,0.0031269319692062,0.0,0.0049589523008936
link,601,0.8713531536537927,0.0,1678.9351447704082,1813.3350000000003,2517.2765,3245.7529999999997,0.5692643494896856,0.0,2.070499999999811,0.0,0.006869044802666,0.0002677496943135,0.0,0.000500979913708
link,602,0.8713531536537927,0.0,1678.3658804209185,1813.3350000000003,2515.206,3245.7529999999997,0.0,0.0,0.0,0.0,0.0143019126576285,0.0007219591942824,0.0,0.001030555380467
link,603,0.8713531536537927,0.0,1678.4206090561222,1813.3350000000003,2515.206,3245.7529999999997,0.05472863520367355,0.0,0.0,0.0,0.0146693311365703,0.0016945884509168,0.0,0.0009337798555863
link,604,0.8713531536537927,0.0,1678.3658804209185,1813.3350000000003,2515.206,3245.7529999999997,0.0,0.0,0.0,0.0,0.0046250351765746,0.0001439294361969,0.0,0.0002381618775646
link,605,0.8710752986940817,0.00027785495971099916,1678.232451674641,1813.3350000000003,2515.206,3245.7529999999997,-0.13342874627755918,0.0,0.0,0.0,0.0290997517551796,0.0031948071357599,0.0012953367875647,0.0033661454832489
link,606,0.8713531536537927,0.0,1678.3658804209185,1813.3350000000003,2515.206,3245.7529999999997,0.0,0.0,0.0,0.0,0.0046265813242994,0.0031881807758108,0.0006476683937823,0.0142502662515471
link,607,0.8713531536537927,0.0,1678.3658804209185,1813.3350000000003,2515.206,3245.7529999999997,0.0,0.0,0.0,0.0,0.0008408634812626,4.1067037945052745e-05,0.0,5.576937411775072e-05
link,608,0.8713531536537927,0.0,1681.1509001913266,1813.3350000000003,2579.958,3245.7529999999997,2.7850197704080983,0.0,64.75199999999995,0.0,0.0157064256283928,0.003846277127936,0.0,0.0064108197283964
link,609,0.8713531536537927,0.0,1678.3658804209185,1813.3350000000003,2515.206,3245.7529999999997,0.0,0.0,0.0,0.0,0.0143650317692818,0.0009414716614297,0.0032383419689119,0.0049396979788967
link,610,0.8713531536537927,0.0,1679.3081004464284,1813.3350000000003,2535.9935,3245.7529999999997,0.9422200255098687,0.0,20.78749999999991,0.0,0.0070056004876711,0.0001630897536706,0.0,0.0003930529183449
link,611,0.8713531536537927,0.0,1678.3658804209185,1813.3350000000003,2515.206,3245.7529999999997,0.0,0.0,0.0,0.0,0.0002567717099127,0.0001194549445705,0.0006476683937823,0.0007908788316123
link,612,0.8705195887746596,0.0008335648791331085,1677.7979639323332,1813.3350000000003,2515.206,3245.7529999999997,-0.567916488585297,0.0,0.0,0.0,0.0139021563060591,0.0007129354561579,0.0032383419689119,0.003514001956309
link,613,0.8710752986940817,0.00027785495971099916,1678.4347496012758,1813.3350000000003,2515.206,3245.7529999999997,0.0688691803572965,0.0,0.0,0.0,0.0,0.0,0.0006476683937823,0.0
link,614,0.8713531536537927,0.0,1678.3658804209185,1813.3350000000003,2515.206,3245.7529999999997,0.0,0.0,0.0,0.0,0.0,0.0,0.0,0.0
link,615,0.8713531536537927,0.0,1678.3658804209185,1813.3350000000003,2515.206,3245.7529999999997,0.0,0.0,0.0,0.0,0.0,0.0,0.0,0.0
link,616,0.8713531536537927,0.0,1678.3658804209185,1813.3350000000003,2515.206,3245.7529999999997,0.0,0.0,0.0,0.0,0.0,0.0,0.0006476683937823,0.0
link,617,0.8713531536537927,0.0,1678.3658804209185,1813.3350000000003,2515.206,3245.7529999999997,0.0,0.0,0.0,0.0,0.0,0.0,0.0006476683937823,0.0
link,618,0.8707974437343706,0.0005557099194221093,1678.4996327377155,1813.3350000000003,2515.206,3245.7529999999997,0.13375231679697208,0.0,0.0,0.0,0.0,0.0,0.001943005181347,0.0
link,619,0.8710752986940817,0.00027785495971099916,1678.4307208931418,1813.3350000000003,2515.206,3245.7529999999997,0.06484047222329536,0.0,0.0,0.0,0.0,0.0,0.0006476683937823,0.0
link,620,0.8713531536537927,0.0,1678.3658804209185,1813.3350000000003,2515.206,3245.7529999999997,0.0,0.0,0.0,0.0,0.0,0.0,0.001943005181347,0.0
link,621,0.8713531536537927,0.0,1690.8692844387754,1822.8770000000004,2608.2690000000002,3245.7529999999997,12.503404017856838,9.542000000000144,93.0630000000001,0.0,0.0231223480631703,0.0011551175260243,0.0,0.0035654051285092
link,622,0.8713531536537927,0.0,1678.3658804209185,1813.3350000000003,2515.206,3245.7529999999997,0.0,0.0,0.0,0.0,0.013986250264697,0.0021473533958887,0.0,0.0013477513521403
link,623,0.8705195887746596,0.0008335648791331085,1677.7979639323332,1813.3350000000003,2515.206,3245.7529999999997,-0.567916488585297,0.0,0.0,0.0,2.5333978301361426e-05,6.587529882703232e-06,0.0006476683937823,7.803082031856982e-05
link,624,0.8713531536537927,0.0,1678.3658804209185,1813.3350000000003,2515.206,3245.7529999999997,0.0,0.0,0.0,0.0,0.0,0.0,0.0,0.0
link,625,0.8713531536537927,0.0,1678.3658804209185,1813.3350000000003,2515.206,3245.7529999999997,0.0,0.0,0.0,0.0,0.0104615549978025,0.0016389055134592,0.0,0.0009448028611507
link,626,0.8713531536537927,0.0,1683.2114569515309,1818.5775,2517.916,3245.7529999999997,4.845576530612334,5.242499999999836,2.7100000000000364,0.0,0.0094443365607098,0.0005808002139528,0.0,0.0006200410995694
link,627,0.8713531536537927,0.0,1678.3658804209185,1813.3350000000003,2515.206,3245.7529999999997,0.0,0.0,0.0,0.0,0.0,0.0,0.0,0.0
link,628,0.8713531536537927,0.0,1678.3658804209185,1813.3350000000003,2515.206,3245.7529999999997,0.0,0.0,0.0,0.0,0.0007881620294638,0.0002112245377944,0.0,5.485017777284928e-05
link,629,0.8713531536537927,0.0,1678.3658804209185,1813.3350000000003,2515.206,3245.7529999999997,0.0,0.0,0.0,0.0,0.0291206461047466,0.002845301362628,0.0006476683937823,0.0037835192318741
link,630,0.8713531536537927,0.0,1678.3658804209185,1813.3350000000003,2515.206,3245.7529999999997,0.0,0.0,0.0,0.0,0.0082520509080122,0.0014085924111598,0.0,0.001410257634783
link,631,0.8713531536537927,0.0,1681.525269770408,1818.5775,2543.0460000000003,3245.7529999999997,3.159389349489402,5.242499999999836,27.840000000000146,0.0,0.0393818210134478,0.0025156985480634,0.0006476683937823,0.0039978915576289
link,632,0.8713531536537927,0.0,1690.8692844387754,1822.8770000000004,2608.2690000000002,3245.7529999999997,12.503404017856838,9.542000000000144,93.0630000000001,0.0,0.0240064073105693,0.0013203320044606,0.0,0.0038217699059682
link,633,0.8713531536537927,0.0,1678.3658804209185,1813.3350000000003,2515.206,3245.7529999999997,0.0,0.0,0.0,0.0,0.013287792635172,0.0014801646512183,0.0,0.0010607589842749
link,634,0.8713531536537927,0.0,1678.3658804209185,1813.3350000000003,2515.206,3245.7529999999997,0.0,0.0,0.0,0.0,0.016165671846289,8.616480562991437e-05,0.0,8.539318775429016e-05
link,635,0.8713531536537927,0.0,1678.4206090561222,1813.3350000000003,2515.206,3245.7529999999997,0.05472863520367355,0.0,0.0,0.0,0.0144323731154493,0.0017154519596142,0.0,0.0009186037202837
link,636,0.8713531536537927,0.0,1678.3658804209185,1813.3350000000003,2515.206,3245.7529999999997,0.0,0.0,0.0,0.0,0.013287792635172,0.0014801646512183,0.0,0.0010607589842749
link,637,0.8713531536537927,0.0,1678.3696237244899,1813.3350000000003,2515.206,3245.7529999999997,0.0037433035713547724,0.0,0.0,0.0,0.0260940283782757,1.8784137231674963e-06,0.0,5.2540602879207e-06
link,638,0.8713531536537927,0.0,1678.3658804209185,1813.3350000000003,2515.206,3245.7529999999997,0.0,0.0,0.0,0.0,0.0,0.0,0.0,0.0
link,639,0.8713531536537927,0.0,1690.8904964923468,1822.8770000000004,2608.2690000000002,3245.7529999999997,12.524616071428227,9.542000000000144,93.0630000000001,0.0,0.0509844949362441,0.0020414085527869,0.0006476683937823,0.0070283601870439
link,640,0.8713531536537927,0.0,1678.3658804209185,1813.3350000000003,2515.206,3245.7529999999997,0.0,0.0,0.0,0.0,0.0136508513065752,0.0005220781033184,0.0,0.0026579147091711
link,641,0.8713531536537927,0.0,1699.8750086096939,1831.2755,2630.0299999999997,3245.7529999999997,21.50912818877532,17.9404999999997,114.82399999999961,0.0,0.0382481699720166,0.0025161085032861,0.0,0.0052498693654276
link,642,0.8713531536537927,0.0,1678.547737244898,1813.3350000000003,2515.206,3245.7529999999997,0.18185682397938763,0.0,0.0,0.0,0.0020864839502409,6.464364017828842e-06,0.0,3.299576797996803e-05
link,643,0.8713531536537927,0.0,1678.3658804209185,1813.3350000000003,2515.206,3245.7529999999997,0.0,0.0,0.0,0.0,0.0013840947429274,4.846250252020007e-05,0.0,0.0001184352924318
link,644,0.8705195887746596,0.0008335648791331085,1702.3738917969997,1843.156,2630.0299999999997,3245.7529999999997,24.008011376081186,29.820999999999685,114.82399999999961,0.0,0.0387025538906599,0.002654495047788,0.0012953367875647,0.0061547360284551
link,645,0.8713531536537927,0.0,1698.3291986607144,1834.8419999999996,2608.2690000000002,3245.7529999999997,19.963318239795854,21.50699999999938,93.0630000000001,0.0,0.0233257260764549,0.0012000623378438,0.0,0.0023146575320284
link,646,0.8713531536537927,0.0,1678.3658804209185,1813.3350000000003,2515.206,3245.7529999999997,0.0,0.0,0.0,0.0,0.0152913308665248,0.0004036369010246,0.0,0.0008572775008016
link,647,0.8713531536537927,0.0,1678.3737152423473,1813.3350000000003,2515.206,3245.7529999999997,0.007834821428787109,0.0,0.0,0.0,0.0231161597515921,0.0001625222794808,0.0,0.0002905703455224
link,648,0.8713531536537927,0.0,1678.3658804209185,1813.3350000000003,2515.206,3245.7529999999997,0.0,0.0,0.0,0.0,0.0019432411498345,4.78382331391478e-06,0.001943005181347,2.418576322580432e-05
link,649,0.8713531536537927,0.0,1678.7088676658161,1813.3350000000003,2524.307,3245.7529999999997,0.3429872448975857,0.0,9.100999999999658,0.0,0.0229733189017425,0.0010814443886711,0.0,0.0020705097287168
link,650,0.8713531536537927,0.0,1678.3658804209185,1813.3350000000003,2515.206,3245.7529999999997,0.0,0.0,0.0,0.0,0.0069491075302921,9.620718744481464e-05,0.0006476683937823,0.0005093089254569
link,651,0.8713531536537927,0.0,1678.3658804209185,1813.3350000000003,2515.206,3245.7529999999997,0.0,0.0,0.0,0.0,0.0033062741455288,2.724961840690504e-05,0.0006476683937823,0.0003046525231571
link,652,0.8713531536537927,0.0,1678.3658804209185,1813.3350000000003,2515.206,3245.7529999999997,0.0,0.0,0.0,0.0,0.0153267131878255,0.0050653490739306,0.0,0.047207587715036
link,653,0.8713531536537927,0.0,1678.4348370535715,1813.3350000000003,2515.206,3245.7529999999997,0.06895663265299845,0.0,0.0,0.0,0.0025019622935936,2.7344009066116846e-05,0.001943005181347,0.0001518808614831
link,654,0.8710752986940817,0.00027785495971099916,1678.1793071770333,1813.3350000000003,2515.206,3245.7529999999997,-0.1865732438852774,0.0,0.0,0.0,0.0201424665796165,0.005154017952258,0.0045336787564766,0.047608805702312
link,655,0.8713531536537927,0.0,1678.3758893494899,1813.3350000000003,2515.206,3245.7529999999997,0.01000892857132385,0.0,0.0,0.0,0.0023137910981972,6.132486926074735e-05,0.0,0.0002493371257928
link,656,0.8713531536537927,0.0,1678.3658804209185,1813.3350000000003,2515.206,3245.7529999999997,0.0,0.0,0.0,0.0,0.0178286754814192,0.0050926930829971,0.001943005181347,0.0473594685765191
link,657,0.8710752986940817,0.00027785495971099916,1678.551418181818,1813.3350000000003,2515.206,3245.7529999999997,0.1855377608994786,0.0,0.0,0.0,0.0073333833144464,0.0001389316354998,0.0006476683937823,0.0004319397717651
link,658,0.8705195887746596,0.0008335648791331085,1678.8923641876795,1813.3350000000003,2519.542000000001,3245.7529999999997,0.5264837667609754,0.0,4.336000000000695,0.0,0.0180150091023745,0.000570684301504,0.0025906735751294,0.0022099324225783
link,659,0.8713531536537927,0.0,1678.3658804209185,1813.3350000000003,2515.206,3245.7529999999997,0.0,0.0,0.0,0.0,0.0035229883656898,0.0001077672854414,0.0,0.0003420336704183
link,660,0.8713531536537927,0.0,1681.4763179209183,1813.3350000000003,2576.3595,3245.7529999999997,3.1104374999997617,0.0,61.153499999999894,0.0,0.0076787444080259,0.000507305634161,0.0006476683937823,0.0015995421180646
link,661,0.8713531536537927,0.0,1682.070671875,1813.3350000000003,2584.1830000000004,3245.7529999999997,3.7047914540814872,0.0,68.97700000000032,0.0,0.0074514566659388,0.000484955099439,0.0,0.0015076091301603
link,662,0.8713531536537927,0.0,1678.3658804209185,1813.3350000000003,2515.206,3245.7529999999997,0.0,0.0,0.0,0.0,0.0002272877420871,3.191536167183016e-06,0.0,3.1190669894387505e-05
link,663,0.8710752986940817,0.00027785495971099916,1678.1793071770333,1813.3350000000003,2515.206,3245.7529999999997,-0.1865732438852774,0.0,0.0,0.0,0.0168361924340876,0.000654569830537,0.0006476683937823,0.0034024802464237
link,664,0.8713531536537927,0.0,1678.4407943239796,1813.3350000000003,2515.206,3245.7529999999997,0.0749139030610877,0.0,0.0,0.0,0.0073931094925402,0.0002315210426127,0.0032383419689119,0.0009014215780947
link,665,0.8713531536537927,0.0,1678.3658804209185,1813.3350000000003,2515.206,3245.7529999999997,0.0,0.0,0.0,0.0,0.0029052772420355,0.0009548019037946,0.0,0.0089485024322653
link,666,0.8713531536537927,0.0,1679.6706814413267,1813.3350000000003,2528.4645,3245.7529999999997,1.3048010204081493,0.0,13.258499999999913,0.0,0.003116153944832,0.0002586713717544,0.0012953367875647,0.0009059256203901
link,667,0.8713531536537927,0.0,1678.3658804209185,1813.3350000000003,2515.206,3245.7529999999997,0.0,0.0,0.0,0.0,7.451680563929595e-05,2.863777423139155e-07,0.0,5.198268352054629e-07
link,668,0.8702417338149486,0.0011114198388441077,1677.159735312899,1813.3350000000003,2514.0701000000013,3245.7529999999997,-1.2061451080194274,0.0,-1.1358999999988555,0.0,0.0299224264320346,0.0013927502142864,0.0038860103626943,0.0030589399006434
link,669,0.8713531536537927,0.0,1678.3658804209185,1813.3350000000003,2515.206,3245.7529999999997,0.0,0.0,0.0,0.0,0.0109936885582834,0.000347004854616,0.0006476683937823,0.0010596946738945
link,670,0.8713531536537927,0.0,1678.3658804209185,1813.3350000000003,2515.206,3245.7529999999997,0.0,0.0,0.0,0.0,0.0,0.0,0.0,0.0
link,671,0.8713531536537927,0.0,1678.369238520408,1813.3350000000003,2515.206,3245.7529999999997,0.003358099489560118,0.0,0.0,0.0,0.0028044165462748,0.0002973588234413,0.0012953367875647,0.0006284795111724
link,672,0.8713531536537927,0.0,1678.7038989158164,1813.3350000000003,2517.916,3245.7529999999997,0.338018494897824,0.0,2.7100000000000364,0.0,0.0164985952929268,0.0027790598149585,0.0,0.0024226861194188
link,673,0.8713531536537927,0.0,1678.3658804209185,1813.3350000000003,2515.206,3245.7529999999997,0.0,0.0,0.0,0.0,0.0126644691774994,0.0080175722916091,0.0077720207253886,0.039007648426283
link,674,0.8713531536537927,0.0,1678.3658804209185,1813.3350000000003,2515.206,3245.7529999999997,0.0,0.0,0.0,0.0,0.000199611172031,5.826148965478108e-05,0.0,1.8237138162215763e-05
link,675,0.8713531536537927,0.0,1678.3658804209185,1813.3350000000003,2515.206,3245.7529999999997,0.0,0.0,0.0,0.0,0.0003462090427803,3.284087664439832e-06,0.0,5.075329692940874e-06
link,676,0.8713531536537927,0.0,1678.3658804209185,1813.3350000000003,2515.206,3245.7529999999997,0.0,0.0,0.0,0.0,0.0111556805869649,0.0014963188825825,0.0,0.0005517205356519
link,677,0.8713531536537927,0.0,1678.5007021683673,1813.3350000000003,2524.7834999999995,3245.7529999999997,0.1348217474487683,0.0,9.577499999999418,0.0,0.013681726623786,0.0004959278671544,0.0,0.0006697963648332
link,678,0.8713531536537927,0.0,1679.6950251913267,1813.3350000000003,2517.916,3245.7529999999997,1.3291447704082202,0.0,2.7100000000000364,0.0,0.0036631396486647,0.0001981673216202,0.0006476683937823,0.0003894210159419
link,679,0.8713531536537927,0.0,1678.3658804209185,1813.3350000000003,2515.206,3245.7529999999997,0.0,0.0,0.0,0.0,0.0143518694537097,3.332638457917571e-05,0.0,0.0001324173673068
link,680,0.8713531536537927,0.0,1678.4041894132656,1813.3350000000003,2515.206,3245.7529999999997,0.038308992347083404,0.0,0.0,0.0,0.0100457292294366,0.0007756655495928,0.0,0.0025110872984346
link,681,0.8713531536537927,0.0,1678.3658804209185,1813.3350000000003,2515.206,3245.7529999999997,0.0,0.0,0.0,0.0,0.0033185498642904,2.2782869399723637e-05,0.0,5.809972116479729e-05
link,682,0.8713531536537927,0.0,1678.3658804209185,1813.3350000000003,2515.206,3245.7529999999997,0.0,0.0,0.0,0.0,0.003726689848166,1.8418277234221144e-05,0.0,6.176683554605573e-05
link,683,0.8705195887746596,0.0008335648791331085,1678.2518969039259,1813.3350000000003,2515.206,3245.7529999999997,-0.1139835169926755,0.0,0.0,0.0,0.0181783062388443,0.0002356491459675,0.0025906735751294,0.0008532082601163
link,684,0.8713531536537927,0.0,1678.3658804209185,1813.3350000000003,2515.206,3245.7529999999997,0.0,0.0,0.0,0.0,0.0047448392601287,0.0003559196896929,0.0,0.0004900866982675
link,685,0.8713531536537927,0.0,1678.3658804209185,1813.3350000000003,2515.206,3245.7529999999997,0.0,0.0,0.0,0.0,0.0275781082680309,0.0013453870078698,0.0,0.0017405698057717
link,686,0.8713531536537927,0.0,1678.3658804209185,1813.3350000000003,2515.206,3245.7529999999997,0.0,0.0,0.0,0.0,0.0275781082680309,0.0013453870078698,0.0,0.0017405698057717
link,687,0.8713531536537927,0.0,1678.4567547831634,1813.3350000000003,2515.206,3245.7529999999997,0.09087436224490375,0.0,0.0,0.0,0.0028951866324804,8.89742470451288e-05,0.0,7.27733164017732e-05
link,688,0.8713531536537927,0.0,1679.8762892219386,1813.3350000000003,2515.206,3245.7529999999997,1.5104088010200485,0.0,0.0,0.0,0.0463619320702903,0.0066124015897349,0.001943005181347,0.0187037332359507
link,689,0.8713531536537927,0.0,1678.3658804209185,1813.3350000000003,2515.206,3245.7529999999997,0.0,0.0,0.0,0.0,0.0157635657869305,0.0020674241304152,0.0012953367875647,0.0092349221025915
link,690,0.8713531536537927,0.0,1678.3658804209185,1813.3350000000003,2515.206,3245.7529999999997,0.0,0.0,0.0,0.0,0.0,0.0,0.0,0.0
link,691,0.8705195887746596,0.0008335648791331085,1678.2518969039259,1813.3350000000003,2515.206,3245.7529999999997,-0.1139835169926755,0.0,0.0,0.0,0.0181783062388443,0.0002356491459675,0.0025906735751294,0.0008532082601163
link,692,0.8713531536537927,0.0,1678.6080921556122,1813.3350000000003,2515.206,3245.7529999999997,0.24221173469368296,0.0,0.0,0.0,0.0169161513733723,0.0001761655238383,0.0,0.0007408039675415
link,693,0.8713531536537927,0.0,1678.3658804209185,1813.3350000000003,2515.206,3245.7529999999997,0.0,0.0,0.0,0.0,0.0012621548654719,4.764740011086684e-05,0.0,8.977182919890997e-05
link,694,0.8713531536537927,0.0,1678.3658804209185,1813.3350000000003,2515.206,3245.7529999999997,0.0,0.0,0.0,0.0,0.0328732727029994,0.0020098232628702,0.0,0.0024663104723196
link,695,0.8713531536537927,0.0,1679.2499556760206,1813.3350000000003,2515.206,3245.7529999999997,0.8840752551020614,0.0,0.0,0.0,0.0070733823262104,0.0003125751607072,0.0,0.0006759644047331
link,696,0.8713531536537927,0.0,1678.3658804209185,1813.3350000000003,2515.206,3245.7529999999997,0.0,0.0,0.0,0.0,0.0018124800403116,0.0002063682843076,0.0,0.0001620486360544
link,697,0.8713531536537927,0.0,1678.3658804209185,1813.3350000000003,2515.206,3245.7529999999997,0.0,0.0,0.0,0.0,0.0323229475281597,0.0018314039431641,0.0006476683937823,0.0024514850027276
link,698,0.8713531536537927,0.0,1678.76600127551,1813.3350000000003,2517.916,3245.7529999999997,0.40012085459147784,0.0,2.7100000000000364,0.0,0.0214571856463414,0.0008395515992256,0.0006476683937823,0.0013394964930746
link,699,0.8713531536537927,0.0,1678.3658804209185,1813.3350000000003,2515.206,3245.7529999999997,0.0,0.0,0.0,0.0,0.0110842313942264,0.0003517681920483,0.0,0.0011191242841987
link,700,0.8713531536537927,0.0,1679.8762892219386,1813.3350000000003,2515.206,3245.7529999999997,1.5104088010200485,0.0,0.0,0.0,0.0453607053995895,0.0055251065536495,0.0006476683937823,0.0138696325829522
link,701,0.8713531536537927,0.0,1678.3658804209185,1813.3350000000003,2515.206,3245.7529999999997,0.0,0.0,0.0,0.0,0.0101184219869676,3.948334903737528e-05,0.0,8.727095783353828e-05
link,702,0.8713531536537927,0.0,1678.3658804209185,1813.3350000000003,2515.206,3245.7529999999997,0.0,0.0,0.0,0.0,0.0074168846469935,0.000891512640035,0.0,0.0028335541926164
link,703,0.8713531536537927,0.0,1678.3658804209185,1813.3350000000003,2515.206,3245.7529999999997,0.0,0.0,0.0,0.0,0.0072777452128791,9.999874863163376e-05,0.0,0.0001899615351665
link,704,0.8713531536537927,0.0,1678.6322920918367,1813.3350000000003,2517.916,3245.7529999999997,0.26641167091815987,0.0,2.7100000000000364,0.0,0.010647043982035,0.0001048141360569,0.0,0.0002121222467519
link,705,0.8713531536537927,0.0,1764.8193772321429,1875.4920000000004,2886.265999999999,3245.7529999999997,86.45349681122434,62.15700000000015,371.05999999999904,0.0,0.0261156890981855,0.0012288028601206,0.0012953367875647,0.002299285633921
link,706,0.8710752986940817,0.00027785495971099916,1678.100736842105,1813.3350000000003,2515.206,3245.7529999999997,-0.2651435788134222,0.0,0.0,0.0,0.0237628676064831,0.0005961672948384,0.0006476683937823,0.0010473483895847
link,707,0.8713531536537927,0.0,1681.7160398596939,1820.1574999999998,2532.2625,3245.7529999999997,3.3501594387753357,6.822499999999536,17.056499999999687,0.0,0.00577452368941,1.016575608293022e-06,0.0006476683937823,2.4226686439660864e-06
link,708,0.8713531536537927,0.0,1678.3658804209185,1813.3350000000003,2515.206,3245.7529999999997,0.0,0.0,0.0,0.0,0.0179052920238561,0.0002012143588231,0.0006476683937823,0.0007168505763935
link,709,0.8713531536537927,0.0,1681.7841323341838,1819.571,2532.2625,3245.7529999999997,3.418251913265294,6.235999999999649,17.056499999999687,0.0,0.00577452368941,1.016575608293022e-06,0.0,2.4226686439660864e-06
link,710,0.8713531536537927,0.0,1678.3658804209185,1813.3350000000003,2515.206,3245.7529999999997,0.0,0.0,0.0,0.0,0.0,0.0,0.0,0.0
link,711,0.8710752986940817,0.00027785495971099916,1678.498503030303,1813.3350000000003,2515.206,3245.7529999999997,0.132622609384498,0.0,0.0,0.0,0.0152913308665248,0.0004036369010246,0.0006476683937823,0.0008572775008016
link,712,0.8707974437343706,0.0005557099194221093,1682.38538417358,1813.3350000000003,2584.677000000001,3245.7529999999997,4.0195037526614215,0.0,69.47100000000091,0.0,0.0227427875324636,0.0009104081848904,0.001943005181347,0.0024518893987251
link,713,0.8705195887746596,0.0008335648791331085,1677.7793112033196,1813.3350000000003,2515.206,3245.7529999999997,-0.5865692175989352,0.0,0.0,0.0,0.0058358547118975,0.0008004239413478,0.0006476683937823,0.0037224867245379
link,714,0.8707974437343706,0.0005557099194221093,1677.9622070835992,1813.3350000000003,2515.206,3245.7529999999997,-0.40367333731933286,0.0,0.0,0.0,0.0002695138117743,0.0001874261536728,0.0,0.0008301255953465
link,715,0.8660739094192831,0.00527924423450965,1684.1198848251524,1820.744,2556.438,3245.7529999999997,5.7540044042339105,7.408999999999651,41.23199999999997,0.0,0.0288627701966879,0.0074929467339768,0.005181347150259,0.0446753147784808
link,716,0.8713531536537927,0.0,1680.558246492347,1819.2710000000002,2521.113,3245.7529999999997,2.1923660714285234,5.935999999999922,5.906999999999698,0.0,0.0232776074552535,8.39124286909542e-05,0.0,0.0002835474116904
link,717,0.8713531536537927,0.0,1678.3658804209185,1813.3350000000003,2515.206,3245.7529999999997,0.0,0.0,0.0,0.0,0.0166146061590692,0.000424341508208,0.0,0.0009501390173228
link,718,0.8713531536537927,0.0,1680.3296808035714,1813.3350000000003,2515.206,3245.7529999999997,1.9638003826528347,0.0,0.0,0.0,0.0074913185613354,7.90658394816932e-05,0.0,0.0002131081102266
link,719,0.8713531536537927,0.0,1678.3658804209185,1813.3350000000003,2515.206,3245.7529999999997,0.0,0.0,0.0,0.0,4.6523619880690345e-05,8.191898996190399e-07,0.0,5.689774372053299e-06
link,720,0.8713531536537927,0.0,1678.3658804209185,1813.3350000000003,2515.206,3245.7529999999997,0.0,0.0,0.0,0.0,0.0092166713971535,0.0002521970398133,0.0,0.0005769887522342
link,721,0.8713531536537927,0.0,1680.1810462372448,1813.3350000000003,2515.206,3245.7529999999997,1.815165816326271,0.0,0.0,0.0,0.0075548483769118,9.12599083043766e-05,0.0006476683937823,0.0003273646681151
link,722,0.8713531536537927,0.0,1679.8108533163265,1813.3350000000003,2515.206,3245.7529999999997,1.4449728954080001,0.0,0.0,0.0,0.0005209814494109,2.003011991279479e-05,0.0,2.3209830947893936e-05
link,723,0.8713531536537927,0.0,1678.3658804209185,1813.3350000000003,2515.206,3245.7529999999997,0.0,0.0,0.0,0.0,0.007243539998441,0.0002900479785854,0.0,0.0005487645125939
link,724,0.8671853292581273,0.0041678243956654315,1683.4443053508494,1819.571,2556.438,3245.7529999999997,5.078424929930861,6.235999999999649,41.23199999999997,0.0,0.025714872190555,0.0056389288260484,0.005181347150259,0.0349795196382321
link,725,0.8713531536537927,0.0,1678.3658804209185,1813.3350000000003,2515.206,3245.7529999999997,0.0,0.0,0.0,0.0,0.0049225743547391,1.1836714712908824e-05,0.0,3.425031168290024e-05
link,726,0.8713531536537927,0.0,1679.8108533163265,1813.3350000000003,2515.206,3245.7529999999997,1.4449728954080001,0.0,0.0,0.0,0.0003788934763196,1.5061467906946404e-05,0.0,1.845926145457092e-05
link,727,0.8688524590163934,0.0025006946373993255,1681.6927230572433,1818.8680000000002,2556.438,3245.7529999999997,3.326842636324727,5.532999999999902,41.23199999999997,0.0,0.0146304564448198,0.0004523244397947,0.0025906735751294,0.0029544428815666
link,728,0.8713531536537927,0.0,1678.5024728954083,1813.3350000000003,2515.206,3245.7529999999997,0.1365924744898166,0.0,0.0,0.0,0.0042935045438757,2.2478073267504647e-05,0.0,6.986268402759241e-05
link,729,0.8713531536537927,0.0,1678.3658804209185,1813.3350000000003,2515.206,3245.7529999999997,0.0,0.0,0.0,0.0,0.0015072590881016,4.211000315342968e-05,0.0,7.631366090779048e-05
link,730,0.8710752986940817,0.00027785495971099916,1683.8784414673046,1828.4830000000002,2518.4579999999996,3245.7529999999997,5.512561046386054,15.14799999999991,3.251999999999498,0.0,0.0173412716507656,0.000164434475846,0.0006476683937823,0.0006493559251908
link,731,0.8713531536537927,0.0,1678.3658804209185,1813.3350000000003,2515.206,3245.7529999999997,0.0,0.0,0.0,0.0,0.0001295492937326,9.620321168097726e-06,0.0,1.2629658661280508e-05
link,732,0.8713531536537927,0.0,1678.4503491709183,1813.3350000000003,2515.206,3245.7529999999997,0.08446874999981446,0.0,0.0,0.0,0.0284530282647938,4.6935418055552765e-05,0.0,4.057140705824781e-05
link,733,0.8713531536537927,0.0,1678.4819295280613,1813.3350000000003,2515.206,3245.7529999999997,0.11604910714277139,0.0,0.0,0.0,0.0096923795603291,4.071827023236017e-05,0.0,5.9759411455460775e-05
link,734,0.8713531536537927,0.0,1678.3658804209185,1813.3350000000003,2515.206,3245.7529999999997,0.0,0.0,0.0,0.0,0.0382359115993113,0.0007815823075016,0.0,0.0010219371844988
link,735,0.8713531536537927,0.0,1678.3658804209185,1813.3350000000003,2515.206,3245.7529999999997,0.0,0.0,0.0,0.0,0.0477904392906852,0.0009524398382543,0.0,0.001878061684669
link,736,0.8713531536537927,0.0,1678.5977844387758,1813.3350000000003,2515.206,3245.7529999999997,0.23190401785723225,0.0,0.0,0.0,0.0017529328051028,2.779524218004693e-05,0.0,5.094466408761213e-05
link,737,0.8713531536537927,0.0,1678.3658804209185,1813.3350000000003,2515.206,3245.7529999999997,0.0,0.0,0.0,0.0,0.0271089568424025,0.0007394977001089,0.0,0.00081774499127
link,738,0.8713531536537927,0.0,1678.3658804209185,1813.3350000000003,2515.206,3245.7529999999997,0.0,0.0,0.0,0.0,0.0416169316056079,0.0004156275704371,0.0,0.0015299619219515
link,739,0.8699638788552375,0.0013892747985552178,1680.1046921111467,1813.3350000000003,2515.206,3245.7529999999997,1.7388116902282036,0.0,0.0,0.0,0.0424243344568497,0.0018255862480702,0.0006476683937823,0.0081128150202882
link,740,0.8713531536537927,0.0,1678.3658804209185,1813.3350000000003,2515.206,3245.7529999999997,0.0,0.0,0.0,0.0,0.0165625115644033,0.0006138602675507,0.0,0.0015011239037808
link,741,0.8713531536537927,0.0,1690.0108239795918,1815.6865000000003,2515.206,3245.7529999999997,11.644943558673276,2.3514999999999873,0.0,0.0,0.0331756979145336,0.0021549732622062,0.0,0.0025742018308638
link,742,0.8713531536537927,0.0,1678.3658804209185,1813.3350000000003,2515.206,3245.7529999999997,0.0,0.0,0.0,0.0,0.0049697135406739,0.0002366010336755,0.0,0.0002304890953692
link,743,0.8713531536537927,0.0,1678.3918313137754,1813.3350000000003,2515.206,3245.7529999999997,0.025950892856826613,0.0,0.0,0.0,0.0,0.0,0.0,0.0
link,744,0.8713531536537927,0.0,1678.3658804209185,1813.3350000000003,2515.206,3245.7529999999997,0.0,0.0,0.0,0.0,0.0416868572330465,5.152416373961212e-05,0.0,0.0002058223408624
link,745,0.8710752986940817,0.00027785495971099916,1678.470500797448,1813.3350000000003,2515.206,3245.7529999999997,0.1046203765295104,0.0,0.0,0.0,0.0421827026282295,0.0008706359601821,0.0006476683937823,0.0031341491750642
link,746,0.8713531536537927,0.0,1678.7943979591837,1813.3350000000003,2515.206,3245.7529999999997,0.4285175382651687,0.0,0.0,0.0,0.0458501493732814,0.0013101984965388,0.0,0.0037580094018886
link,747,0.8713531536537927,0.0,1678.3658804209185,1813.3350000000003,2515.206,3245.7529999999997,0.0,0.0,0.0,0.0,0.0300365689930463,0.0015403831030577,0.0,0.0019636677122917
link,748,0.8713531536537927,0.0,1678.469644132653,1813.3350000000003,2515.206,3245.7529999999997,0.10376371173447296,0.0,0.0,0.0,0.0522632720288006,0.0024811219337176,0.0012953367875647,0.0067574689531413
link,749,0.8713531536537927,0.0,1678.3658804209185,1813.3350000000003,2515.206,3245.7529999999997,0.0,0.0,0.0,0.0,0.031311638769368,0.001403158942855,0.0,0.0023741391474271
link,750,0.8713531536537927,0.0,1686.7123383290814,1815.6865000000003,2515.206,3245.7529999999997,8.346457908162847,2.3514999999999873,0.0,0.0,0.0065064721708453,0.0014829127514616,0.0,0.0005285416688368
link,751,0.8713531536537927,0.0,1678.3658804209185,1813.3350000000003,2515.206,3245.7529999999997,0.0,0.0,0.0,0.0,0.0210521681245549,0.002450688506865,0.0,0.0021320508405817
link,752,0.8713531536537927,0.0,1678.3658804209185,1813.3350000000003,2515.206,3245.7529999999997,0.0,0.0,0.0,0.0,0.0650254295307119,0.0012730651043397,0.0006476683937823,0.0040078532097152
link,753,0.8713531536537927,0.0,1678.605903380102,1813.3350000000003,2515.206,3245.7529999999997,0.2400229591835341,0.0,0.0,0.0,0.0251908541607086,0.0002899839409606,0.0,0.0010475544623964
link,754,0.8713531536537927,0.0,1678.3658804209185,1813.3350000000003,2515.206,3245.7529999999997,0.0,0.0,0.0,0.0,0.0357695141607431,0.0012856169345969,0.0012953367875647,0.0034612175370408
link,755,0.8713531536537927,0.0,1678.5977844387758,1813.3350000000003,2515.206,3245.7529999999997,0.23190401785723225,0.0,0.0,0.0,0.0115092676205002,0.0001353419394563,0.0,0.0004418844987149
link,756,0.8713531536537927,0.0,1678.3658804209185,1813.3350000000003,2515.206,3245.7529999999997,0.0,0.0,0.0,0.0,0.0466565707737205,0.0013474297568347,0.0006476683937823,0.0039243444035318
link,757,0.8713531536537927,0.0,1678.3658804209185,1813.3350000000003,2515.206,3245.7529999999997,0.0,0.0,0.0,0.0,0.0002003775724826,1.2655385744550275e-06,0.0,1.038536673135693e-06
link,758,0.8713531536537927,0.0,1678.3820672831635,1813.3350000000003,2515.206,3245.7529999999997,0.01618686224492194,0.0,0.0,0.0,0.0821878274249751,0.0036836093624807,0.0,0.0047204568314881
link,759,0.8710752986940817,0.00027785495971099916,1678.998017862839,1813.3350000000003,2515.206,3245.7529999999997,0.6321374419205767,0.0,0.0,0.0,0.0829633744631405,0.0037056461131436,0.0006476683937823,0.0047442215332227
link,760,0.8707974437343706,0.0005557099194221093,1679.9060440331846,1813.3350000000003,2515.206,3245.7529999999997,1.540163612266042,0.0,0.0,0.0,0.0584186762439212,0.0075553062818141,0.0012953367875647,0.0182267176677657
link,761,0.8707974437343706,0.0005557099194221093,1679.610479259732,1813.3350000000003,2515.206,3245.7529999999997,1.2445988388135447,0.0,0.0,0.0,0.0126319541287517,0.0022105024642656,0.0006476683937823,0.0111984248668696
link,762,0.8707974437343706,0.0005557099194221093,1680.7994878749205,1813.3350000000003,2515.206,3245.7529999999997,2.433607454001958,0.0,0.0,0.0,0.0120274534016544,0.0012958620120118,0.0006476683937823,0.0046343006141304
link,763,0.8707974437343706,0.0005557099194221093,1678.762888002553,1813.3350000000003,2515.206,3245.7529999999997,0.39700758163439787,0.0,0.0,0.0,0.0349730136936725,0.0008767986652666,0.0012953367875647,0.0010079279632416
link,764,0.8713531536537927,0.0,1678.3658804209185,1813.3350000000003,2515.206,3245.7529999999997,0.0,0.0,0.0,0.0,0.0007965004670706,0.0004088182693304,0.0,0.0024532895737993
link,765,0.8713531536537927,0.0,1679.1151868622449,1813.3350000000003,2515.206,3245.7529999999997,0.7493064413263255,0.0,0.0,0.0,0.0034028377849012,0.0006350077226375,0.0,0.0004933064553926
link,766,0.8713531536537927,0.0,1678.3658804209185,1813.3350000000003,2515.206,3245.7529999999997,0.0,0.0,0.0,0.0,0.0315701759087712,0.0002416480032847,0.0,0.0005142031271273
link,767,0.8710752986940817,0.00027785495971099916,1678.4032548644338,1813.3350000000003,2515.206,3245.7529999999997,0.03737444351531849,0.0,0.0,0.0,0.0315046710413466,0.0011092131160242,0.001943005181347,0.0036048174070938
link,768,0.8713531536537927,0.0,1678.3658804209185,1813.3350000000003,2515.206,3245.7529999999997,0.0,0.0,0.0,0.0,0.0055220114210997,0.0007035894640603,0.0,0.000404543155042
link,769,0.8713531536537927,0.0,1679.4764598214288,1813.3350000000003,2515.206,3245.7529999999997,1.1105794005102325,0.0,0.0,0.0,0.0379516133728743,0.0284851197702623,0.0,0.0100814425543236
link,770,0.8713531536537927,0.0,1678.3658804209185,1813.3350000000003,2515.206,3245.7529999999997,0.0,0.0,0.0,0.0,0.0090525761691767,0.0012872269852312,0.0,0.0009703911770294
link,771,0.8713531536537927,0.0,1679.722234375,1813.3350000000003,2515.206,3245.7529999999997,1.3563539540814418,0.0,0.0,0.0,0.042465518767109,0.0050172152580171,0.0,0.0131868380755007
link,772,0.8707974437343706,0.0005557099194221093,1678.6003937460114,1813.3350000000003,2515.206,3245.7529999999997,0.2345133250928484,0.0,0.0,0.0,0.0324234558231534,0.0017356753475297,0.0012953367875647,0.0022882112235285
link,773,0.8713531536537927,0.0,1678.4120845025511,1813.3350000000003,2515.206,3245.7529999999997,0.04620408163259526,0.0,0.0,0.0,0.0071638246595484,0.0089091907588701,0.0,0.000186944831218
link,774,0.8713531536537927,0.0,1678.3658804209185,1813.3350000000003,2515.206,3245.7529999999997,0.0,0.0,0.0,0.0,0.0195064058777424,0.0027557777942287,0.0,0.0041939493059534
link,775,0.8713531536537927,0.0,1678.3658804209185,1813.3350000000003,2515.206,3245.7529999999997,0.0,0.0,0.0,0.0,0.0,0.0,0.0,0.0
link,776,0.8713531536537927,0.0,1678.4049537627552,1813.3350000000003,2515.206,3245.7529999999997,0.03907334183668354,0.0,0.0,0.0,0.0324234558231534,0.0009580007741796,0.0,0.0013743210382457
link,777,0.8713531536537927,0.0,1678.3658804209185,1813.3350000000003,2515.206,3245.7529999999997,0.0,0.0,0.0,0.0,0.0016366746461645,0.0008844889981373,0.0006476683937823,0.0050410979166206
link,778,0.8713531536537927,0.0,1682.2774760841837,1819.571,2515.206,3245.7529999999997,3.9115956632651887,6.235999999999649,0.0,0.0,0.0100401446258747,0.0016817496203386,0.0,0.0011206812404275
link,779,0.8713531536537927,0.0,1678.3658804209185,1813.3350000000003,2515.206,3245.7529999999997,0.0,0.0,0.0,0.0,0.0054003707370384,0.0013624781549975,0.0,0.0011421184851159
link,780,0.8713531536537927,0.0,1678.3658804209185,1813.3350000000003,2515.206,3245.7529999999997,0.0,0.0,0.0,0.0,0.0002727827536586,0.0008070158331933,0.0006476683937823,0.0008401942159861
link,781,0.8713531536537927,0.0,1678.3658804209185,1813.3350000000003,2515.206,3245.7529999999997,0.0,0.0,0.0,0.0,0.0206169380462086,0.0011914742238717,0.0,0.0018625934716611
link,782,0.8713531536537927,0.0,1686.4386425382654,1815.6865000000003,2515.206,3245.7529999999997,8.072762117346883,2.3514999999999873,0.0,0.0,0.0200870617897416,0.0015938212137381,0.0,0.0007928039515647
link,783,0.8713531536537927,0.0,1678.3658804209185,1813.3350000000003,2515.206,3245.7529999999997,0.0,0.0,0.0,0.0,4.5053812942740696e-05,2.6992131153860936e-05,0.0006476683937823,0.0001387695979122
link,784,0.8705195887746596,0.0008335648791331085,1679.555510054261,1813.3350000000003,2528.7504,3245.7529999999997,1.1896296333425198,0.0,13.544399999999769,0.0,0.0035097373199298,0.0004952524240018,0.0012953367875647,0.0021181960840837
link,785,0.8710752986940817,0.00027785495971099916,1678.9263661881978,1813.3350000000003,2515.206,3245.7529999999997,0.5604857672792605,0.0,0.0,0.0,0.0158769629712725,0.0006784905987119,0.0006476683937823,0.0014966454124391
link,786,0.8713531536537927,0.0,1678.3658804209185,1813.3350000000003,2515.206,3245.7529999999997,0.0,0.0,0.0,0.0,0.0001376950306366,7.37973875911499e-05,0.0,0.0004241124732383
link,787,0.8713531536537927,0.0,1678.8906875000002,1813.3350000000003,2528.4645,3245.7529999999997,0.524807079081711,0.0,13.258499999999913,0.0,0.0315658928941944,0.0036943926436149,0.0025906735751294,0.0102488860269131
link,788,0.8710752986940817,0.00027785495971099916,1678.1894931419456,1813.3350000000003,2515.206,3245.7529999999997,-0.17638727897292483,0.0,0.0,0.0,0.0022832632349344,0.0011573128018558,0.0,0.0070326460813074
link,789,0.8713531536537927,0.0,1678.3658804209185,1813.3350000000003,2515.206,3245.7529999999997,0.0,0.0,0.0,0.0,0.0039245414930509,0.0003273473498697,0.0,3.9798906977634056e-05
link,790,0.8713531536537927,0.0,1678.5944990433673,1813.3350000000003,2515.206,3245.7529999999997,0.228618622448721,0.0,0.0,0.0,0.0,0.0,0.0,0.0
link,791,0.8713531536537927,0.0,1678.3658804209185,1813.3350000000003,2515.206,3245.7529999999997,0.0,0.0,0.0,0.0,0.0269273429061131,0.0015551143599194,0.0006476683937823,0.0026011616359293
link,792,0.8713531536537927,0.0,1678.4451884566324,1813.3350000000003,2515.206,3245.7529999999997,0.07930803571389333,0.0,0.0,0.0,0.0038083387071045,0.0002219182704196,0.0,0.000190214064376
link,793,0.8713531536537927,0.0,1678.3658804209185,1813.3350000000003,2515.206,3245.7529999999997,0.0,0.0,0.0,0.0,0.0,0.0,0.0,0.0
link,794,0.8713531536537927,0.0,1678.3658804209185,1813.3350000000003,2515.206,3245.7529999999997,0.0,0.0,0.0,0.0,0.0039586445221674,0.0019692423478581,0.0,0.0121929637635099
link,795,0.8713531536537927,0.0,1679.342353635204,1813.3350000000003,2515.206,3245.7529999999997,0.9764732142855337,0.0,0.0,0.0,0.0196250221833745,0.0004708967402446,0.0,0.0005295193475902
link,796,0.8713531536537927,0.0,1678.3658804209185,1813.3350000000003,2515.206,3245.7529999999997,0.0,0.0,0.0,0.0,0.0025500401107725,0.0001665816500297,0.0,0.000232386110632
link,797,0.8713531536537927,0.0,1682.0789390943878,1813.3350000000003,2515.206,3245.7529999999997,3.713058673469277,0.0,0.0,0.0,0.0090112630917665,0.0011412716218357,0.0,0.0009642931406635
link,798,0.8713531536537927,0.0,1678.3658804209185,1813.3350000000003,2515.206,3245.7529999999997,0.0,0.0,0.0,0.0,0.0022737351576743,0.0001460450617055,0.0,6.637177983797056e-05
link,799,0.8713531536537927,0.0,1678.3658804209185,1813.3350000000003,2515.206,3245.7529999999997,0.0,0.0,0.0,0.0,0.0042804781265869,7.414814644129894e-05,0.0006476683937823,9.67830824462592e-05
link,800,0.8713531536537927,0.0,1678.5512981505103,1813.3350000000003,2515.206,3245.7529999999997,0.1854177295917907,0.0,0.0,0.0,0.0158769629712725,0.0004520647434429,0.0,0.000904088120687
link,801,0.8713531536537927,0.0,1678.3658804209185,1813.3350000000003,2515.206,3245.7529999999997,0.0,0.0,0.0,0.0,0.0002757553283026,0.0002547768874799,0.0006476683937823,0.0008493500001733
link,802,0.8702417338149486,0.0011114198388441077,1680.8909913793107,1813.3350000000003,2515.206,3245.7529999999997,2.5251109583921334,0.0,0.0,0.0,0.007685753436947,0.0013200110560327,0.0012953367875647,0.0033325813518722
link,803,0.8713531536537927,0.0,1678.3658804209185,1813.3350000000003,2515.206,3245.7529999999997,0.0,0.0,0.0,0.0,0.0155878586285077,0.0003184038144165,0.0,0.0003976323939505
link,804,0.8713531536537927,0.0,1678.3658804209185,1813.3350000000003,2515.206,3245.7529999999997,0.0,0.0,0.0,0.0,0.0005289617272241,4.857443203203523e-05,0.0,4.0733710090476265e-05
link,805,0.8713531536537927,0.0,1678.3658804209185,1813.3350000000003,2515.206,3245.7529999999997,0.0,0.0,0.0,0.0,0.0274657680588585,0.0047113626919264,0.0006476683937823,0.0059322227468746
link,806,0.8713531536537927,0.0,1682.6027949617348,1813.3350000000003,2585.9265000000005,3245.7529999999997,4.236914540816315,0.0,70.72050000000036,0.0,0.0058891791882823,0.0004758996276327,0.0,0.0007622001666821
link,807,0.8713531536537927,0.0,1678.3658804209185,1813.3350000000003,2515.206,3245.7529999999997,0.0,0.0,0.0,0.0,0.0104426668613995,0.001215382294344,0.0,0.0025570191216423
link,808,0.8710752986940817,0.00027785495971099916,1678.3374714513557,1813.3350000000003,2515.206,3245.7529999999997,-0.028408969562860875,0.0,0.0,0.0,3.213534757235281e-05,1.844267590954867e-05,0.0006476683937823,9.897961948423004e-05
link,809,0.8713531536537927,0.0,1678.3658804209185,1813.3350000000003,2515.206,3245.7529999999997,0.0,0.0,0.0,0.0,0.0016765113382279,0.0003988617596519,0.0,0.0001653053031119
link,810,0.8713531536537927,0.0,1679.0221294642856,1813.3350000000003,2515.206,3245.7529999999997,0.6562490433670973,0.0,0.0,0.0,0.0220020356181516,0.0025802031015408,0.0006476683937823,0.0016881009001299
link,811,0.8713531536537927,0.0,1678.3658804209185,1813.3350000000003,2515.206,3245.7529999999997,0.0,0.0,0.0,0.0,0.0,0.0,0.0006476683937823,0.0
link,812,0.8713531536537927,0.0,1678.3658804209185,1813.3350000000003,2515.206,3245.7529999999997,0.0,0.0,0.0,0.0,0.0024916843611803,0.0002499047330693,0.0,0.0004602387603096
link,813,0.8713531536537927,0.0,1678.4005733418367,1813.3350000000003,2515.206,3245.7529999999997,0.034692920918132586,0.0,0.0,0.0,0.0102760252591308,0.0001130821719063,0.0,0.0004027023804675
link,814,0.8713531536537927,0.0,1678.3658804209185,1813.3350000000003,2515.206,3245.7529999999997,0.0,0.0,0.0,0.0,0.004816958462283,0.0008634103637742,0.0,0.0008231446357442
link,815,0.8713531536537927,0.0,1678.5014448341835,1813.3350000000003,2515.206,3245.7529999999997,0.13556441326500135,0.0,0.0,0.0,0.0003292108119514,1.6436888963265253e-05,0.0,2.7429040266377548e-05
link,816,0.8707974437343706,0.0005557099194221093,1678.3210947670711,1813.3350000000003,2515.206,3245.7529999999997,-0.04478565384738431,0.0,0.0,0.0,0.0041272611448031,0.003157127720327,0.0038860103626943,0.0127123173852381
link,817,0.8713531536537927,0.0,1678.3658804209185,1813.3350000000003,2515.206,3245.7529999999997,0.0,0.0,0.0,0.0,0.0,0.0,0.0,0.0
link,818,0.8713531536537927,0.0,1678.3658804209185,1813.3350000000003,2515.206,3245.7529999999997,0.0,0.0,0.0,0.0,0.0,0.0,0.0,0.0
link,819,0.8707974437343706,0.0005557099194221093,1678.1655363752393,1813.3350000000003,2515.206,3245.7529999999997,-0.20034404567923048,0.0,0.0,0.0,0.0051018983664965,0.0025451170338297,0.0,0.0157142834016685
link,820,0.8713531536537927,0.0,1685.8650985331633,1845.53,2515.206,3245.7529999999997,7.499218112244762,32.19499999999971,0.0,0.0,0.0142908906757553,0.0001871159619283,0.0,0.0004058105901115
link,821,0.8713531536537927,0.0,1678.3658804209185,1813.3350000000003,2515.206,3245.7529999999997,0.0,0.0,0.0,0.0,0.0149244237450956,0.0006493691287453,0.0006476683937823,0.0014636239170971
link,822,0.8710752986940817,0.00027785495971099916,1678.4099384370015,1813.3350000000003,2515.206,3245.7529999999997,0.04405801608299953,0.0,0.0,0.0,0.0073600453294895,0.0042354999837031,0.001943005181347,0.0170329826400316
link,823,0.8710752986940817,0.00027785495971099916,1678.2505406698565,1813.3350000000003,2515.206,3245.7529999999997,-0.11533975106203798,0.0,0.0,0.0,0.0074891955967571,0.0012190141928423,0.0006476683937823,0.0047024024720262
link,824,0.8713531536537927,0.0,1678.4424722576532,1813.3350000000003,2515.206,3245.7529999999997,0.07659183673467851,0.0,0.0,0.0,0.0169812358572831,0.0012479254498021,0.0,0.0020023959913853
link,825,0.8713531536537927,0.0,1678.3658804209185,1813.3350000000003,2515.206,3245.7529999999997,0.0,0.0,0.0,0.0,0.0312797115861574,0.0004763171141811,0.0,0.001449374600224
link,826,0.8713531536537927,0.0,1679.1992726403064,1813.3350000000003,2515.206,3245.7529999999997,0.8333922193878607,0.0,0.0,0.0,0.0079428155803945,0.0003000150709494,0.0,0.0003780347260748
link,827,0.8713531536537927,0.0,1678.3658804209185,1813.3350000000003,2515.206,3245.7529999999997,0.0,0.0,0.0,0.0,0.0211254686395517,0.0003572865190005,0.0,0.000990192140164
link,828,0.8713531536537927,0.0,1678.3658804209185,1813.3350000000003,2515.206,3245.7529999999997,0.0,0.0,0.0,0.0,0.0013009308546336,1.6729831494384446e-05,0.0,2.661377014224008e-05
link,829,0.8713531536537927,0.0,1691.2004193239798,1853.893,2537.736,3245.7529999999997,12.83453890306123,40.557999999999765,22.529999999999745,0.0,0.0242781075826816,0.0008257119006682,0.0012953367875647,0.0043538404263976
link,830,0.8713531536537927,0.0,1678.3658804209185,1813.3350000000003,2515.206,3245.7529999999997,0.0,0.0,0.0,0.0,0.0222065162231378,0.001167175435081,0.0,0.0019909643564808
link,831,0.8713531536537927,0.0,1678.3658804209185,1813.3350000000003,2515.206,3245.7529999999997,0.0,0.0,0.0,0.0,0.0058123388099693,0.000801423770158,0.0006476683937823,0.0036500557349731
link,832,0.8713531536537927,0.0,1678.5944990433673,1813.3350000000003,2515.206,3245.7529999999997,0.228618622448721,0.0,0.0,0.0,0.000317490231202,2.159034727395989e-05,0.0,4.783191574777098e-05
link,833,0.8713531536537927,0.0,1678.3658804209185,1813.3350000000003,2515.206,3245.7529999999997,0.0,0.0,0.0,0.0,0.0259756131055383,0.0018156444877121,0.0,0.0058406344818482
link,834,0.8699638788552375,0.0013892747985552178,1678.172917917598,1813.3350000000003,2515.206,3245.7529999999997,-0.19296250332058662,0.0,0.0,0.0,0.0283877312585949,0.0101113885391002,0.0038860103626943,0.0525561277789081
link,835,0.8702417338149486,0.0011114198388441077,1678.3402091315454,1813.3350000000003,2515.206,3245.7529999999997,-0.02567128937312191,0.0,0.0,0.0,0.0405995654783291,0.011681705067067,0.0045336787564766,0.0381725329273515
link,836,0.8713531536537927,0.0,1678.398888392857,1813.3350000000003,2515.206,3245.7529999999997,0.03300797193855942,0.0,0.0,0.0,0.0039989097846759,0.000914881379829,0.0,0.0006587733426204
link,837,0.8713531536537927,0.0,1678.3658804209185,1813.3350000000003,2515.206,3245.7529999999997,0.0,0.0,0.0,0.0,0.0394040941263565,0.003214609445499,0.0025906735751294,0.0088766133033071
link,838,0.8713531536537927,0.0,1678.5667120535716,1813.3350000000003,2515.206,3245.7529999999997,0.20083163265303483,0.0,0.0,0.0,0.024621908901223,0.0033453706495095,0.0,0.005277459782008
link,839,0.8713531536537927,0.0,1678.3658804209185,1813.3350000000003,2515.206,3245.7529999999997,0.0,0.0,0.0,0.0,0.036798900161705,0.0075865753230207,0.0,0.0105363051426521
link,840,0.8710752986940817,0.00027785495971099916,1678.220335247209,1813.3350000000003,2515.206,3245.7529999999997,-0.14554517370947906,0.0,0.0,0.0,0.014003171188258,0.0061084552636173,0.0025906735751294,0.0143576728401394
link,841,0.8713531536537927,0.0,1678.3658804209185,1813.3350000000003,2515.206,3245.7529999999997,0.0,0.0,0.0,0.0,0.0220309086245953,0.0023839439365017,0.0,0.0027687684386263
link,842,0.8713531536537927,0.0,1680.5292866709185,1813.3350000000003,2515.206,3245.7529999999997,2.16340624999998,0.0,0.0,0.0,0.0252864650635049,0.0015391608234708,0.0,0.0009010677355723
link,843,0.8713531536537927,0.0,1678.3658804209185,1813.3350000000003,2515.206,3245.7529999999997,0.0,0.0,0.0,0.0,0.016406864832509,0.0093567017072154,0.0006476683937823,0.0261229133738739
link,844,0.8713531536537927,0.0,1678.3762573341837,1813.3350000000003,2515.206,3245.7529999999997,0.010376913265190524,0.0,0.0,0.0,0.0116390063638081,0.0002679681018983,0.0,0.0001723597234375
link,845,0.8713531536537927,0.0,1678.3658804209185,1813.3350000000003,2515.206,3245.7529999999997,0.0,0.0,0.0,0.0,0.005475320136055,0.0006429544332441,0.0,0.0005809244113463
link,846,0.8710752986940817,0.00027785495971099916,1678.4111827751196,1813.3350000000003,2518.4579999999996,3245.7529999999997,0.045302354201112394,0.0,3.251999999999498,0.0,0.0273877122463123,0.0045076322811969,0.0012953367875647,0.0099517030299018
link,847,0.8713531536537927,0.0,1679.3081004464284,1813.3350000000003,2535.9935,3245.7529999999997,0.9422200255098687,0.0,20.78749999999991,0.0,0.0216020699885643,0.0012301119506234,0.0038860103626943,0.0061170040104737
link,848,0.8713531536537927,0.0,1678.3658804209185,1813.3350000000003,2515.206,3245.7529999999997,0.0,0.0,0.0,0.0,0.0101641814316728,0.0005225922136032,0.0,0.0008294139860027
link,849,0.8713531536537927,0.0,1727.3646438137755,1818.8680000000002,2828.818999999999,3245.7529999999997,48.99876339285697,5.532999999999902,313.6129999999989,0.0,0.0063962977946909,0.0002356731371422,0.0,0.0009245729517381
link,850,0.8713531536537927,0.0,1678.3658804209185,1813.3350000000003,2515.206,3245.7529999999997,0.0,0.0,0.0,0.0,0.0028143063102059,0.0001435346704196,0.0,0.0001992064814735
link,851,0.8699638788552375,0.0013892747985552178,1677.8994787607794,1813.3350000000003,2520.6259999999997,3245.7529999999997,-0.46640166013912676,0.0,5.419999999999618,0.0,0.0294921717449529,0.0057116975361047,0.0012953367875647,0.0164336183079754
link,852,0.8713531536537927,0.0,1678.3658804209185,1813.3350000000003,2515.206,3245.7529999999997,0.0,0.0,0.0,0.0,0.00061101131516,2.7219154564781165e-05,0.0,2.3532198437172704e-05
link,853,0.8713531536537927,0.0,1683.6499668367346,1815.8110000000001,2515.206,3245.7529999999997,5.284086415816091,2.4759999999998854,0.0,0.0,0.0295612639339565,0.0011674567577065,0.0,0.0028333803193022
link,854,0.8713531536537927,0.0,1678.3658804209185,1813.3350000000003,2515.206,3245.7529999999997,0.0,0.0,0.0,0.0,0.0007247353220844,1.0102516815960854e-05,0.0,2.056453612174305e-05
link,855,0.8713531536537927,0.0,1678.3658804209185,1813.3350000000003,2515.206,3245.7529999999997,0.0,0.0,0.0,0.0,0.0304557127811082,0.0030640439312636,0.0006476683937823,0.0033208239970511
link,856,0.8710752986940817,0.00027785495971099916,1678.2869135566186,1813.3350000000003,2515.206,3245.7529999999997,-0.07896686429990041,0.0,0.0,0.0,0.0,0.0,0.0,0.0
link,857,0.8713531536537927,0.0,1680.1124505739795,1815.8110000000001,2524.307,3245.7529999999997,1.7465701530609294,2.4759999999998854,9.100999999999658,0.0,0.0164152000887812,0.0004172771132726,0.0006476683937823,0.0015258118153403
link,858,0.8713531536537927,0.0,1678.3658804209185,1813.3350000000003,2515.206,3245.7529999999997,0.0,0.0,0.0,0.0,0.0016866044017981,0.0003824835034132,0.0012953367875647,0.0030103980694969
link,859,0.8710752986940817,0.00027785495971099916,1678.8204086124401,1813.3350000000003,2515.206,3245.7529999999997,0.45452819152160373,0.0,0.0,0.0,0.0289354946152637,0.0010373627335591,0.001943005181347,0.0019676735753017
link,860,0.8713531536537927,0.0,1678.3658804209185,1813.3350000000003,2515.206,3245.7529999999997,0.0,0.0,0.0,0.0,0.0101999476739319,0.0004671438352236,0.0006476683937823,0.000615866326304
link,861,0.8713531536537927,0.0,1678.449754145408,1813.3350000000003,2515.206,3245.7529999999997,0.08387372448942187,0.0,0.0,0.0,0.0066463095482948,0.0001301901341165,0.0,0.0002387480259802
link,862,0.8713531536537927,0.0,1679.2276265943876,1813.3350000000003,2524.307,3245.7529999999997,0.8617461734691005,0.0,9.100999999999658,0.0,0.0168859565183164,0.000532279682922,0.0006476683937823,0.0019619112762104
link,863,0.8710752986940817,0.00027785495971099916,1678.1285948963316,1813.3350000000003,2515.206,3245.7529999999997,-0.2372855245869232,0.0,0.0,0.0,0.0007666379051841,0.0001420950486729,0.0012953367875647,0.0007780939934759
link,864,0.8713531536537927,0.0,1678.4306352040817,1813.3350000000003,2515.206,3245.7529999999997,0.06475478316315275,0.0,0.0,0.0,0.0156602974063523,0.0029574246962226,0.0006476683937823,0.0084675329575351
link,865,0.8713531536537927,0.0,1678.3658804209185,1813.3350000000003,2515.206,3245.7529999999997,0.0,0.0,0.0,0.0,0.0139745495078976,0.0009447682841228,0.0,0.0012629244189736
link,866,0.8713531536537927,0.0,1678.389331632653,1813.3350000000003,2515.206,3245.7529999999997,0.023451211734482058,0.0,0.0,0.0,0.0124278148792173,0.0004348974402941,0.0,0.0003190660639276
link,867,0.8713531536537927,0.0,1678.3658804209185,1813.3350000000003,2515.206,3245.7529999999997,0.0,0.0,0.0,0.0,0.0165434289149815,0.0009925170179633,0.0,0.0011405269666511
link,868,0.8710752986940817,0.00027785495971099916,1678.2869135566186,1813.3350000000003,2515.206,3245.7529999999997,-0.07896686429990041,0.0,0.0,0.0,0.005318189872543,0.0001061003953664,0.0006476683937823,0.0004880763327511
link,869,0.8713531536537927,0.0,1683.7061913265306,1818.8680000000002,2515.206,3245.7529999999997,5.340310905612114,5.532999999999902,0.0,0.0,0.0014086789460896,0.0001234814604205,0.0,0.0001451065584637
link,870,0.8713531536537927,0.0,1678.3658804209185,1813.3350000000003,2515.206,3245.7529999999997,0.0,0.0,0.0,0.0,0.0039734243367484,0.0001447606752742,0.0,0.000254550541791
link,871,0.8713531536537927,0.0,1678.3658804209185,1813.3350000000003,2515.206,3245.7529999999997,0.0,0.0,0.0,0.0,0.016485122393604,0.0004473883597859,0.0,0.000711691088548
link,872,0.8713531536537927,0.0,1684.5878284438775,1842.1570000000002,2515.206,3245.7529999999997,6.221948022958941,28.82199999999989,0.0,0.0,0.0067086842686566,0.0002994088872534,0.0,0.0006386025962042
link,873,0.8713531536537927,0.0,1678.3658804209185,1813.3350000000003,2515.206,3245.7529999999997,0.0,0.0,0.0,0.0,0.0137075709525783,0.0006063861691175,0.0,0.0015090625410164
link,874,0.8713531536537927,0.0,1678.3658804209185,1813.3350000000003,2515.206,3245.7529999999997,0.0,0.0,0.0,0.0,0.0016329538034042,0.0009496274880142,0.0006476683937823,0.0050296374026259
link,875,0.8713531536537927,0.0,1683.094328125,1813.3350000000003,2564.3940000000002,3245.7529999999997,4.728447704081418,0.0,49.1880000000001,0.0,0.0096294103861394,0.0010746869213989,0.0,0.0011567346527476
link,876,0.8713531536537927,0.0,1678.3658804209185,1813.3350000000003,2515.206,3245.7529999999997,0.0,0.0,0.0,0.0,0.0016842440316476,6.034240308704368e-05,0.0,7.96964765602065e-05
link,877,0.8713531536537927,0.0,1678.3658804209185,1813.3350000000003,2515.206,3245.7529999999997,0.0,0.0,0.0,0.0,0.0,0.0,0.0,0.0
link,878,0.8702417338149486,0.0011114198388441077,1679.6458943167304,1813.3350000000003,2515.206,3245.7529999999997,1.2800138958118623,0.0,0.0,0.0,0.0040281175391492,0.00161501354599,0.0006476683937823,0.0124069465987599
link,879,0.8713531536537927,0.0,1678.3658804209185,1813.3350000000003,2515.206,3245.7529999999997,0.0,0.0,0.0,0.0,0.0021096039992673,5.433293324300563e-05,0.0,0.0001706183147054
link,880,0.8713531536537927,0.0,1678.4031061862245,1813.3350000000003,2515.206,3245.7529999999997,0.03722576530594779,0.0,0.0,0.0,0.0037313554649323,4.383432892001576e-05,0.0,5.854140856779736e-05
link,881,0.8713531536537927,0.0,1678.5501890943879,1813.3350000000003,2515.206,3245.7529999999997,0.18430867346933155,0.0,0.0,0.0,0.0221696417595028,0.0005243771986489,0.0,0.0016144029091517
link,882,0.8713531536537927,0.0,1678.3658804209185,1813.3350000000003,2515.206,3245.7529999999997,0.0,0.0,0.0,0.0,2.851136255601696e-05,3.509173409220149e-08,0.0,1.1762977462589898e-07
link,883,0.8713531536537927,0.0,1678.7118660714286,1813.3350000000003,2515.206,3245.7529999999997,0.34598565051010155,0.0,0.0,0.0,0.027189026173671,0.0026206264983578,0.0012953367875647,0.0019613639690762
link,884,0.8713531536537927,0.0,1680.8044158163266,1813.3350000000003,2517.916,3245.7529999999997,2.438535395408053,0.0,2.7100000000000364,0.0,0.0057526206996608,9.254123560159176e-05,0.0,0.0001794470708069
link,885,0.8713531536537927,0.0,1678.3658804209185,1813.3350000000003,2515.206,3245.7529999999997,0.0,0.0,0.0,0.0,0.0,0.0,0.0,0.0
link,886,0.8713531536537927,0.0,1678.377480548469,1813.3350000000003,2515.206,3245.7529999999997,0.011600127550536854,0.0,0.0,0.0,0.0139745495078976,0.0009447682841228,0.0,0.0012629244189736
link,887,0.8713531536537927,0.0,1678.3658804209185,1813.3350000000003,2515.206,3245.7529999999997,0.0,0.0,0.0,0.0,0.0156602974063523,0.0017363437977059,0.0,0.0023058493416501
link,888,0.8713531536537927,0.0,1678.3658804209185,1813.3350000000003,2515.206,3245.7529999999997,0.0,0.0,0.0,0.0,0.0007907691004224,0.0001938548251878,0.0012953367875647,0.0008524201390702
link,889,0.8713531536537927,0.0,1679.6318816964285,1813.3350000000003,2524.307,3245.7529999999997,1.266001275510007,0.0,9.100999999999658,0.0,0.0164260148692142,0.0004185746236994,0.0006476683937823,0.0015591222642051
link,890,0.8710752986940817,0.00027785495971099916,1678.1497684210526,1813.3350000000003,2515.206,3245.7529999999997,-0.216111999865916,0.0,0.0,0.0,0.0068612186615664,0.0003724267951344,0.0006476683937823,0.0002637828733258
link,891,0.8713531536537927,0.0,1678.3658804209185,1813.3350000000003,2515.206,3245.7529999999997,0.0,0.0,0.0,0.0,0.0049775874961191,0.0001735089689101,0.0,0.0002578532942624
link,892,0.8713531536537927,0.0,1678.7671371173471,1813.3350000000003,2515.206,3245.7529999999997,0.40125669642861794,0.0,0.0,0.0,0.0222114386775519,0.0024431856409504,0.0,0.001696714937437
link,893,0.8713531536537927,0.0,1678.3658804209185,1813.3350000000003,2515.206,3245.7529999999997,0.0,0.0,0.0,0.0,0.0153090018418027,0.0004995071787845,0.0,0.0008648097408089
link,894,0.8713531536537927,0.0,1683.3656224489796,1815.8110000000001,2515.206,3245.7529999999997,4.999742028061064,2.4759999999998854,0.0,0.0,0.031561693758324,0.0012525284189277,0.0,0.0029007666973429
link,895,0.8710752986940817,0.00027785495971099916,1678.15875215311,1813.3350000000003,2515.206,3245.7529999999997,-0.20712826780845717,0.0,0.0,0.0,0.0038065880593562,0.0003018120961557,0.0006476683937823,0.0004927828661605
link,896,0.8713531536537927,0.0,1678.449754145408,1813.3350000000003,2515.206,3245.7529999999997,0.08387372448942187,0.0,0.0,0.0,0.0068445759004016,0.0001362642621858,0.0006476683937823,0.0002467447243332
link,897,0.8713531536537927,0.0,1679.9665985331635,1813.3350000000003,2515.206,3245.7529999999997,1.6007181122449765,0.0,0.0,0.0,0.0057526206996608,9.254123560159176e-05,0.0006476683937823,0.0001794470708069
link,898,0.8713531536537927,0.0,1678.3658804209185,1813.3350000000003,2515.206,3245.7529999999997,0.0,0.0,0.0,0.0,0.0114935084330077,0.0003743175159668,0.0,0.0002370721121216
link,899,0.8713531536537927,0.0,1679.390460778061,1813.3350000000003,2515.206,3245.7529999999997,1.0245803571424403,0.0,0.0,0.0,0.0051825873929369,0.0002689893355238,0.0,0.0004198717427383
link,900,0.8713531536537927,0.0,1678.3658804209185,1813.3350000000003,2515.206,3245.7529999999997,0.0,0.0,0.0,0.0,7.233470644103109e-06,4.596057624677688e-06,0.0,2.20723272622966e-06
link,901,0.8713531536537927,0.0,1678.389166135204,1813.3350000000003,2515.206,3245.7529999999997,0.023285714285520953,0.0,0.0,0.0,0.0119139686119461,0.0039687920140197,0.0006476683937823,0.0032144049069616
link,902,0.8713531536537927,0.0,1678.4306352040817,1813.3350000000003,2515.206,3245.7529999999997,0.06475478316315275,0.0,0.0,0.0,0.0146877107742983,0.004766405616167,0.0025906735751294,0.0110456622076851
link,903,0.8713531536537927,0.0,1678.3658804209185,1813.3350000000003,2515.206,3245.7529999999997,0.0,0.0,0.0,0.0,0.0,0.0,0.0,0.0
link,904,0.8713531536537927,0.0,1678.3658804209185,1813.3350000000003,2515.206,3245.7529999999997,0.0,0.0,0.0,0.0,0.0003232730380198,1.543727092989508e-05,0.0,2.5783249510535876e-05
link,905,0.8713531536537927,0.0,1678.3658804209185,1813.3350000000003,2515.206,3245.7529999999997,0.0,0.0,0.0,0.0,0.002825272499017,6.9560156883608345e-06,0.0,2.919060007885171e-05
link,906,0.8713531536537927,0.0,1678.3658804209185,1813.3350000000003,2515.206,3245.7529999999997,0.0,0.0,0.0,0.0,0.0075153828678431,0.0031577334544548,0.0012953367875647,0.003521993133938
link,907,0.8713531536537927,0.0,1678.3658804209185,1813.3350000000003,2515.206,3245.7529999999997,0.0,0.0,0.0,0.0,0.0017913030171191,6.790389430313366e-06,0.0,1.1667603262507657e-05
link,908,0.8713531536537927,0.0,1678.4306352040817,1813.3350000000003,2515.206,3245.7529999999997,0.06475478316315275,0.0,0.0,0.0,0.0141006482383252,0.0026157299064704,0.0006476683937823,0.0089384138664388
link,909,0.8710752986940817,0.00027785495971099916,1678.2532363636362,1813.3350000000003,2515.206,3245.7529999999997,-0.11264405728229576,0.0,0.0,0.0,0.0026202672135225,4.919902784219667e-05,0.0006476683937823,0.0002591851256439
link,910,0.8713531536537927,0.0,1678.3658804209185,1813.3350000000003,2515.206,3245.7529999999997,0.0,0.0,0.0,0.0,0.0100437498852264,0.0154776283721188,0.0,0.0016616471243719
link,911,0.8713531536537927,0.0,1717.1328896683676,1813.3350000000003,2777.039,3245.7529999999997,38.767009247449096,0.0,261.8330000000001,0.0,0.0186571876401402,0.0007811377133015,0.0,0.0019364932102575
link,912,0.8713531536537927,0.0,1678.3658804209185,1813.3350000000003,2515.206,3245.7529999999997,0.0,0.0,0.0,0.0,0.0001912952534521,0.0001717369884489,0.001943005181347,0.0005892057446462
link,913,0.8713531536537927,0.0,1678.3658804209185,1813.3350000000003,2515.206,3245.7529999999997,0.0,0.0,0.0,0.0,0.000653821643895,0.0001013937340773,0.0,1.6628953423009044e-05
link,914,0.8713531536537927,0.0,1678.5279939413267,1813.3350000000003,2515.206,3245.7529999999997,0.16211352040818383,0.0,0.0,0.0,0.0006574921837049,0.0003112135609308,0.0,3.023665406374202e-05
link,915,0.8713531536537927,0.0,1678.4450625,1813.3350000000003,2515.206,3245.7529999999997,0.07918207908141994,0.0,0.0,0.0,0.0,0.0,0.0,0.0
link,916,0.8713531536537927,0.0,1678.3658804209185,1813.3350000000003,2515.206,3245.7529999999997,0.0,0.0,0.0,0.0,0.0003195148062997,3.4926175760523144e-05,0.0006476683937823,0.0002637895611325
link,917,0.8713531536537927,0.0,1678.3658804209185,1813.3350000000003,2515.206,3245.7529999999997,0.0,0.0,0.0,0.0,0.0,0.0,0.0,0.0
link,918,0.8713531536537927,0.0,1678.3658804209185,1813.3350000000003,2515.206,3245.7529999999997,0.0,0.0,0.0,0.0,0.0006567288104906,2.9625992358106545e-05,0.0,2.496752894382441e-05
link,919,0.8680188941372603,0.003334259516532434,1682.8864644686298,1819.571,2556.438,3245.7529999999997,4.5205840477112815,6.235999999999649,41.23199999999997,0.0,0.0262488698880372,0.0059760783573839,0.005181347150259,0.0366242782263645
link,920,0.8713531536537927,0.0,1678.3658804209185,1813.3350000000003,2515.206,3245.7529999999997,0.0,0.0,0.0,0.0,0.0079764215458722,0.0001055048650381,0.0,0.0002054147253559
link,921,0.8713531536537927,0.0,1678.3658804209185,1813.3350000000003,2515.206,3245.7529999999997,0.0,0.0,0.0,0.0,0.0005577679265233,0.0004050888630742,0.0006476683937823,0.0017179729269613
link,922,0.8713531536537927,0.0,1678.3658804209185,1813.3350000000003,2515.206,3245.7529999999997,0.0,0.0,0.0,0.0,0.0010387995437054,5.661763459903663e-07,0.0,3.079453842990247e-07
link,923,0.8713531536537927,0.0,1678.470372130102,1813.3350000000003,2515.206,3245.7529999999997,0.10449170918354866,0.0,0.0,0.0,0.0015196899290053,0.0003064365413727,0.0,0.0001737564614388
link,924,0.8713531536537927,0.0,1678.3658804209185,1813.3350000000003,2515.206,3245.7529999999997,0.0,0.0,0.0,0.0,0.0024971423343487,5.989259531640288e-05,0.0,9.67254506439706e-05
link,925,0.8713531536537927,0.0,1678.3658804209185,1813.3350000000003,2515.206,3245.7529999999997,0.0,0.0,0.0,0.0,0.0002680228239727,0.0002025856245804,0.0025906735751294,0.0007796980389301
link,926,0.8713531536537927,0.0,1678.3966795280612,1813.3350000000003,2515.206,3245.7529999999997,0.03079910714268408,0.0,0.0,0.0,0.0131848888803333,0.0023666214036936,0.0,0.0006854653401428
link,927,0.8710752986940817,0.00027785495971099916,1678.083321212121,1813.3350000000003,2515.206,3245.7529999999997,-0.28255920879746554,0.0,0.0,0.0,0.0127020809821546,0.000359012205429,0.0006476683937823,0.0005416912485952
link,928,0.8710752986940817,0.00027785495971099916,1678.4140567783095,1813.3350000000003,2515.206,3245.7529999999997,0.04817635739095749,0.0,0.0,0.0,0.000234750606774,5.899114294431403e-06,0.0006476683937823,2.3717025276518607e-05
link,929,0.8713531536537927,0.0,1678.3658804209185,1813.3350000000003,2515.206,3245.7529999999997,0.0,0.0,0.0,0.0,0.0001057014831657,4.29508649831698e-05,0.0,0.0003255696101967
link,930,0.8713531536537927,0.0,1678.3658804209185,1813.3350000000003,2515.206,3245.7529999999997,0.0,0.0,0.0,0.0,0.0222414294627739,0.0001624342840047,0.0,0.0002070616119347
link,931,0.8713531536537927,0.0,1678.3658804209185,1813.3350000000003,2515.206,3245.7529999999997,0.0,0.0,0.0,0.0,0.0006891618069977,0.0001289623136742,0.0,6.698058788411831e-05
link,932,0.8713531536537927,0.0,1678.4585494260205,1813.3350000000003,2515.206,3245.7529999999997,0.092669005101925,0.0,0.0,0.0,0.0032665246341671,0.0023101430856341,0.0,0.000162283064443
link,933,0.8713531536537927,0.0,1678.3658804209185,1813.3350000000003,2515.206,3245.7529999999997,0.0,0.0,0.0,0.0,0.0117004396466657,0.0013418853190649,0.0,0.0006107363415589
link,934,0.8713531536537927,0.0,1678.4022107780613,1813.3350000000003,2515.206,3245.7529999999997,0.03633035714278776,0.0,0.0,0.0,0.0010043327042481,1.0499904852320252e-05,0.0,3.577498629245771e-05
link,935,0.8713531536537927,0.0,1678.3658804209185,1813.3350000000003,2515.206,3245.7529999999997,0.0,0.0,0.0,0.0,0.0028329252306026,0.0001229498598437,0.0,6.964232144995202e-05
link,936,0.8713531536537927,0.0,1678.3658804209185,1813.3350000000003,2515.206,3245.7529999999997,0.0,0.0,0.0,0.0,0.0020093383139067,0.000139505204296,0.0,9.84564501307619e-05
link,937,0.8713531536537927,0.0,1678.3658804209185,1813.3350000000003,2515.206,3245.7529999999997,0.0,0.0,0.0,0.0,0.002839210732753,0.0002739745560689,0.0,0.0001093261657398
link,938,0.8713531536537927,0.0,1678.3658804209185,1813.3350000000003,2515.206,3245.7529999999997,0.0,0.0,0.0,0.0,0.0001540080771837,0.0001031747927042,0.0006476683937823,0.0004743580520739
link,939,0.8713531536537927,0.0,1678.3658804209185,1813.3350000000003,2515.206,3245.7529999999997,0.0,0.0,0.0,0.0,0.0004908162552447,0.0003594859010599,0.0,0.0015117560521613
link,940,0.8713531536537927,0.0,1678.5547866709185,1813.3350000000003,2517.916,3245.7529999999997,0.18890624999994543,0.0,2.7100000000000364,0.0,0.0150021884006852,0.0027491903363629,0.0,0.0003279064065542
link,941,0.8713531536537927,0.0,1678.3658804209185,1813.3350000000003,2515.206,3245.7529999999997,0.0,0.0,0.0,0.0,0.0005980421672587,0.0001299713067206,0.0,8.181187910831692e-06
link,942,0.8713531536537927,0.0,1678.3658804209185,1813.3350000000003,2515.206,3245.7529999999997,0.0,0.0,0.0,0.0,0.000381971500575,7.30955512152901e-05,0.0006476683937823,0.0006044649198359
link,943,0.8713531536537927,0.0,1678.3658804209185,1813.3350000000003,2515.206,3245.7529999999997,0.0,0.0,0.0,0.0,0.0004362755511429,0.0005730911282203,0.0,0.0013437660179395
link,944,0.8710752986940817,0.00027785495971099916,1678.2934497607655,1813.3350000000003,2518.4579999999996,3245.7529999999997,-0.07243066015303157,0.0,3.251999999999498,0.0,0.0098690805307005,0.0014452617097344,0.0006476683937823,0.0006317815507389
link,945,0.8713531536537927,0.0,1678.3658804209185,1813.3350000000003,2515.206,3245.7529999999997,0.0,0.0,0.0,0.0,0.0132432582306933,0.0001964536670362,0.0,0.0002537725420959
link,946,0.8713531536537927,0.0,1678.6421811224488,1813.3350000000003,2524.307,3245.7529999999997,0.2763007015303174,0.0,9.100999999999658,0.0,0.0085955606287183,0.0014539341516064,0.0,0.0006554439379574
link,947,0.8713531536537927,0.0,1678.709839604592,1813.3350000000003,2515.206,3245.7529999999997,0.3439591836734053,0.0,0.0,0.0,0.0013979457345142,5.962138712044765e-06,0.0,2.3126058215631397e-05
link,948,0.8713531536537927,0.0,1678.3658804209185,1813.3350000000003,2515.206,3245.7529999999997,0.0,0.0,0.0,0.0,0.0007219411135633,3.5274666874184856e-06,0.0,9.52262232433395e-06
link,949,0.8710752986940817,0.00027785495971099916,1678.6083645933015,1813.3350000000003,2515.206,3245.7529999999997,0.24248417238300135,0.0,0.0,0.0,0.0055446249163432,0.0006665877338566,0.0012953367875647,0.0015298162092252
link,950,0.8713531536537927,0.0,1678.8275554846937,1813.3350000000003,2515.206,3245.7529999999997,0.46167506377514655,0.0,0.0,0.0,0.0283757626341996,0.0017214953999792,0.0,0.0016637217905649
link,951,0.8713531536537927,0.0,1678.3658804209185,1813.3350000000003,2515.206,3245.7529999999997,0.0,0.0,0.0,0.0,0.0122444851907694,0.0006370923359189,0.0,0.0006712542130516
link,952,0.8713531536537927,0.0,1678.3658804209185,1813.3350000000003,2515.206,3245.7529999999997,0.0,0.0,0.0,0.0,0.0007506425845072,0.0005464102392408,0.0006476683937823,0.0020186590184955
link,953,0.8688524590163934,0.0025006946373993255,1679.6015196674127,1813.3350000000003,2517.3740000000003,3245.7529999999997,1.2356392464942019,0.0,2.16800000000012,0.0,0.0296537428819496,0.0027058206028957,0.0097150259067357,0.0105696213681998
link,954,0.8696860238955265,0.001667129758266217,1679.0894849840254,1813.3350000000003,2515.7479999999996,3245.7529999999997,0.7236045631068464,0.0,0.5419999999994616,0.0,0.0023055369115438,0.0004211037638109,0.0045336787564766,0.0023278453526733
link,955,0.8707974437343706,0.0005557099194221093,1678.7370768985322,1813.3350000000003,2515.206,3245.7529999999997,0.3711964776136938,0.0,0.0,0.0,0.0007579714778012,0.0005339515127131,0.0006476683937823,0.0023346169909553
link,956,0.8702417338149486,0.0011114198388441077,1679.9353208812263,1813.3350000000003,2515.206,3245.7529999999997,1.56944046030776,0.0,0.0,0.0,0.0002727827536586,0.0007608066227827,0.0006476683937823,0.0008401942159861
link,957,0.8713531536537927,0.0,1678.605903380102,1813.3350000000003,2515.206,3245.7529999999997,0.2400229591835341,0.0,0.0,0.0,0.045533884265469,0.0010860279490279,0.0006476683937823,0.0035890650115581
link,958,0.8713531536537927,0.0,1678.4011004464285,1813.3350000000003,2515.206,3245.7529999999997,0.0352200255099433,0.0,0.0,0.0,0.0157378471969618,6.415366470723386e-06,0.0,1.3321566593687422e-05
link,959,0.8713531536537927,0.0,1678.3658804209185,1813.3350000000003,2515.206,3245.7529999999997,0.0,0.0,0.0,0.0,0.009299109263771,0.0001362135988759,0.0,0.000487024723363
link,960,0.8713531536537927,0.0,1678.3658804209185,1813.3350000000003,2515.206,3245.7529999999997,0.0,0.0,0.0,0.0,0.02037058161274,0.0014657149594084,0.0006476683937823,0.0044205031883843
link,961,0.8710752986940817,0.00027785495971099916,1678.508203508772,1813.3350000000003,2515.206,3245.7529999999997,0.14232308785358327,0.0,0.0,0.0,0.0001379513171264,0.0001004769916981,0.001943005181347,0.0004249018575507
link,962,0.8713531536537927,0.0,1678.3658804209185,1813.3350000000003,2515.206,3245.7529999999997,0.0,0.0,0.0,0.0,0.0001379513171264,8.227125679045485e-05,0.0006476683937823,0.0004249018575507
link,963,0.8713531536537927,0.0,1678.3658804209185,1813.3350000000003,2515.206,3245.7529999999997,0.0,0.0,0.0,0.0,0.0,0.0,0.0006476683937823,0.0
link,964,0.8710752986940817,0.00027785495971099916,1699.1971575757575,1848.4940000000001,2617.3019999999997,3245.7529999999997,20.831277154838972,35.15899999999988,102.09599999999955,0.0,0.0200473740649068,0.0006409347089151,0.0006476683937823,0.0014614896865157
link,965,0.8713531536537927,0.0,1684.4074837372452,1819.571,2515.206,3245.7529999999997,6.0416033163267,6.235999999999649,0.0,0.0,0.0241642026320106,0.001125772042062,0.0006476683937823,0.0041273921798776
link,966,0.8713531536537927,0.0,1678.3658804209185,1813.3350000000003,2515.206,3245.7529999999997,0.0,0.0,0.0,0.0,0.0035275412360209,0.0007202664278004,0.0,0.0004876013110779
link,967,0.8713531536537927,0.0,1678.3658804209185,1813.3350000000003,2515.206,3245.7529999999997,0.0,0.0,0.0,0.0,0.0023146850166515,0.0011902316179792,0.0006476683937823,0.0071294278569167
link,968,0.8699638788552375,0.0013892747985552178,1678.338532417758,1813.3350000000003,2515.206,3245.7529999999997,-0.027348003160568624,0.0,0.0,0.0,0.0010010019497718,0.0004254325791527,0.001943005181347,0.0030831716342361
link,969,0.8710752986940817,0.00027785495971099916,1678.464797767145,1813.3350000000003,2515.206,3245.7529999999997,0.09891734622647164,0.0,0.0,0.0,0.0273482059704057,0.0021109499244579,0.0012953367875647,0.0070732497647079
link,970,0.8713531536537927,0.0,1678.3658804209185,1813.3350000000003,2515.206,3245.7529999999997,0.0,0.0,0.0,0.0,0.0001090100476994,3.113878706575392e-06,0.0,8.210251202519648e-06
link,971,0.8713531536537927,0.0,1678.3658804209185,1813.3350000000003,2515.206,3245.7529999999997,0.0,0.0,0.0,0.0,0.0028125775053985,0.0005264659683694,0.0,0.0008123531505864
link,972,0.8627396499027508,0.008613503751041973,1680.8096112721419,1820.744,2528.5598,3245.7529999999997,2.4437308512233358,7.408999999999651,13.353799999999865,0.0,0.0079209655224035,0.0042297033269278,0.0045336787564766,0.024397251393969
link,973,0.8707974437343706,0.0005557099194221093,1679.533082641991,1813.3350000000003,2515.206,3245.7529999999997,1.1672022210725572,0.0,0.0,0.0,0.0377714540750601,0.0019331474213526,0.001943005181347,0.0073864991134914
link,974,0.8713531536537927,0.0,1678.3658804209185,1813.3350000000003,2515.206,3245.7529999999997,0.0,0.0,0.0,0.0,0.0015537103342479,2.253536242228533e-05,0.0,2.5330625154662185e-05
link,975,0.8713531536537927,0.0,1679.7113313137756,1813.3350000000003,2515.206,3245.7529999999997,1.3454508928571158,0.0,0.0,0.0,0.0364475501344594,0.0015834643494314,0.0006476683937823,0.0054802587808455
link,976,0.8713531536537927,0.0,1678.3658804209185,1813.3350000000003,2515.206,3245.7529999999997,0.0,0.0,0.0,0.0,0.0153737283624683,0.0006109932911554,0.0,0.0023101408535914
link,977,0.8713531536537927,0.0,1678.3658804209185,1813.3350000000003,2515.206,3245.7529999999997,0.0,0.0,0.0,0.0,0.007014402722958,3.981410373295677e-05,0.0,9.846076734017408e-05
link,978,0.8713531536537927,0.0,1682.643990752551,1813.3350000000003,2515.206,3245.7529999999997,4.278110331632433,0.0,0.0,0.0,0.0017760715465842,0.000123899141658,0.0,0.0004053342702087
link,979,0.8713531536537927,0.0,1678.3658804209185,1813.3350000000003,2515.206,3245.7529999999997,0.0,0.0,0.0,0.0,0.0169365501320865,0.0009291246277737,0.0006476683937823,0.0029118733925047
link,980,0.8713531536537927,0.0,1684.6126887755102,1813.3350000000003,2515.206,3245.7529999999997,6.2468083545916215,0.0,0.0,0.0,0.0212311051971787,0.0012815520613777,0.0006476683937823,0.0051554418770776
link,981,0.8713531536537927,0.0,1678.3658804209185,1813.3350000000003,2515.206,3245.7529999999997,0.0,0.0,0.0,0.0,0.017222322877512,0.0005063664333882,0.0,0.0015581492214652
link,982,0.8713531536537927,0.0,1678.3658804209185,1813.3350000000003,2515.206,3245.7529999999997,0.0,0.0,0.0,0.0,0.0153737283624683,0.0006109932911554,0.0,0.0023101408535914
link,983,0.8694081689358155,0.0019449847179772162,1678.4900476190476,1813.3350000000003,2516.2900000000013,3245.7529999999997,0.12416719812904375,0.0,1.084000000001197,0.0,0.0045285431857927,0.0011456990069534,0.0025906735751294,0.0035707729453139
link,984,0.8713531536537927,0.0,1678.3658804209185,1813.3350000000003,2515.206,3245.7529999999997,0.0,0.0,0.0,0.0,0.0023146850166515,0.0011902316179792,0.001943005181347,0.0071294278569167
link,985,0.8713531536537927,0.0,1678.3658804209185,1813.3350000000003,2515.206,3245.7529999999997,0.0,0.0,0.0,0.0,0.0032397909358371,2.7775230152671383e-05,0.0,3.650160487818416e-05
link,986,0.8713531536537927,0.0,1678.3658804209185,1813.3350000000003,2515.206,3245.7529999999997,0.0,0.0,0.0,0.0,0.032308045768303,9.762328526127516e-05,0.0,0.0001403699569403
link,987,0.8713531536537927,0.0,1699.390487244898,1813.3350000000003,2653.163999999999,3309.5359999999996,21.02460682397941,0.0,137.95799999999872,63.7829999999999,0.0340794129871958,0.0012041876669379,0.0,0.0023698348557841
link,988,0.8713531536537927,0.0,1678.3658804209185,1813.3350000000003,2515.206,3245.7529999999997,0.0,0.0,0.0,0.0,0.0290048383003647,0.0009087912734271,0.0,0.0013634835762017
link,989,0.8682967490969714,0.003056404556821324,1680.0615574400001,1813.3350000000003,2518.4579999999996,3245.7529999999997,1.695677019081586,0.0,3.251999999999498,0.0,0.0277986293982804,0.00246708641054,0.0038860103626943,0.0070895658041047
link,990,0.8713531536537927,0.0,1678.4973574617347,1813.3350000000003,2515.206,3245.7529999999997,0.1314770408162076,0.0,0.0,0.0,0.0042584897224509,0.0004599903187715,0.0,0.0004702345672487
link,991,0.8713531536537927,0.0,1678.3658804209185,1813.3350000000003,2515.206,3245.7529999999997,0.0,0.0,0.0,0.0,0.0279959646031484,0.0008628018381174,0.0,0.0013724679599204
link,992,0.8713531536537927,0.0,1680.5183762755103,1813.3350000000003,2515.206,3245.7529999999997,2.1524958545917343,0.0,0.0,0.0,0.0471973620990786,0.0028070049944846,0.0,0.0044149758620157
link,993,0.8713531536537927,0.0,1678.3658804209185,1813.3350000000003,2515.206,3245.7529999999997,0.0,0.0,0.0,0.0,0.0308596925055198,0.000718955834716,0.0,0.0009777586531752
link,994,0.8713531536537927,0.0,1679.5180580357146,1813.3350000000003,2515.206,3245.7529999999997,1.1521776147960736,0.0,0.0,0.0,0.0026164609430806,0.0001166765187566,0.0,8.034112640196728e-05
link,995,0.8713531536537927,0.0,1678.3658804209185,1813.3350000000003,2515.206,3245.7529999999997,0.0,0.0,0.0,0.0,0.0287707483366777,0.0008495655195985,0.0,0.0013404530229249
link,996,0.8710752986940817,0.00027785495971099916,1678.4188523125997,1813.3350000000003,2515.206,3245.7529999999997,0.05297189168118166,0.0,0.0,0.0,0.017567500251607,0.0008262431217916,0.0006476683937823,0.0021516118623309
link,997,0.8713531536537927,0.0,1678.3658804209185,1813.3350000000003,2515.206,3245.7529999999997,0.0,0.0,0.0,0.0,0.0066252483330518,0.000579298596531,0.0,0.0004270792669727
link,998,0.8713531536537927,0.0,1706.2845188137755,1834.5389999999998,2688.3915,3318.9174999999996,27.91863839285702,21.203999999999496,173.18550000000005,73.16449999999986,0.0163971830700009,0.0008370040202198,0.001943005181347,0.0015867625019235
link,999,0.8713531536537927,0.0,1680.737293367347,1813.3350000000003,2537.4760000000006,3257.4392500000004,2.3714129464285634,0.0,22.270000000000437,11.686250000000655,0.0205064425186935,0.0003896690528306,0.0,0.0005897400349833
link,1000,0.8713531536537927,0.0,1678.3658804209185,1813.3350000000003,2515.206,3245.7529999999997,0.0,0.0,0.0,0.0,0.0067056877568429,0.0002334220127246,0.0,0.0003080474218865
link,1001,0.8713531536537927,0.0,1678.3658804209185,1813.3350000000003,2515.206,3245.7529999999997,0.0,0.0,0.0,0.0,0.0052202760184934,0.0004410347228285,0.0,0.0002687424696278
link,1002,0.8713531536537927,0.0,1679.4848794642858,1813.3350000000003,2515.206,3245.7529999999997,1.1189990433672392,0.0,0.0,0.0,0.0023823709793935,2.427713690975324e-05,0.0,3.633878763290287e-05
link,1003,0.8713531536537927,0.0,1678.3658804209185,1813.3350000000003,2515.206,3245.7529999999997,0.0,0.0,0.0,0.0,0.0390933765951434,0.0078478954909894,0.0058290155440414,0.030929171779188
link,1004,0.8713531536537927,0.0,1678.413208227041,1813.3350000000003,2515.206,3245.7529999999997,0.04732780612243914,0.0,0.0,0.0,0.0,0.0,0.0,0.0
link,1005,0.8713531536537927,0.0,1678.3658804209185,1813.3350000000003,2515.206,3245.7529999999997,0.0,0.0,0.0,0.0,0.0,0.0,0.0,0.0
link,1006,0.8713531536537927,0.0,1678.3658804209185,1813.3350000000003,2515.206,3245.7529999999997,0.0,0.0,0.0,0.0,9.974693696847708e-05,4.851335293405306e-06,0.0,1.2006118963791558e-05
link,1007,0.8713531536537927,0.0,1679.6604416454081,1813.3350000000003,2515.206,3245.7529999999997,1.2945612244895983,0.0,0.0,0.0,0.0519612631474611,0.0022793184660057,0.0,0.0057471886727543
link,1008,0.8713531536537927,0.0,1678.3658804209185,1813.3350000000003,2515.206,3245.7529999999997,0.0,0.0,0.0,0.0,0.032177725366199,0.004904973852668,0.0,0.0064479237253631
link,1009,0.8713531536537927,0.0,1678.3658804209185,1813.3350000000003,2515.206,3245.7529999999997,0.0,0.0,0.0,0.0,0.0554875867016594,0.0025638676409999,0.0,0.0033931988508437
link,1010,0.8713531536537927,0.0,1679.5180580357146,1813.3350000000003,2515.206,3245.7529999999997,1.1521776147960736,0.0,0.0,0.0,0.0024533228948218,2.428805004145232e-05,0.0,3.6354939521585975e-05
link,1011,0.8713531536537927,0.0,1678.3658804209185,1813.3350000000003,2515.206,3245.7529999999997,0.0,0.0,0.0,0.0,0.0,0.0,0.0,0.0
link,1012,0.8713531536537927,0.0,1678.3658804209185,1813.3350000000003,2515.206,3245.7529999999997,0.0,0.0,0.0,0.0,0.0369425769032071,0.0025094855852943,0.0,0.0050729763513238
link,1013,0.8713531536537927,0.0,1699.47048309949,1813.3350000000003,2653.163999999999,3309.5359999999996,21.104602678571382,0.0,137.95799999999872,63.7829999999999,0.0296248837231811,0.00087882178047,0.0006476683937823,0.0022010299309348
link,1014,0.8713531536537927,0.0,1678.3658804209185,1813.3350000000003,2515.206,3245.7529999999997,0.0,0.0,0.0,0.0,0.026511782089616,0.0019193920265341,0.001943005181347,0.0065971212324322
link,1015,0.8713531536537927,0.0,1678.5541610331634,1813.3350000000003,2515.206,3245.7529999999997,0.18828061224485282,0.0,0.0,0.0,0.0050820914547711,0.0029572963509917,0.0025906735751294,0.0142971682203187
link,1016,0.8713531536537927,0.0,1678.3658804209185,1813.3350000000003,2515.206,3245.7529999999997,0.0,0.0,0.0,0.0,0.0356524213425108,0.0010788715790877,0.0006476683937823,0.0023227996612825
link,1017,0.8713531536537927,0.0,1678.3658804209185,1813.3350000000003,2515.206,3245.7529999999997,0.0,0.0,0.0,0.0,6.83335315873449e-05,5.594509755283298e-06,0.0,2.7804708652233327e-05
link,1018,0.8713531536537927,0.0,1704.52981377551,1834.5389999999998,2688.3915,3318.9174999999996,26.163933354591563,21.203999999999496,173.18550000000005,73.16449999999986,0.0181972187455577,0.0006899949431051,0.0,0.0011881899677257
link,1019,0.8713531536537927,0.0,1706.2845188137755,1834.5389999999998,2688.3915,3318.9174999999996,27.91863839285702,21.203999999999496,173.18550000000005,73.16449999999986,0.0175421738137209,0.0011307666967061,0.0,0.0015446073994049
link,1020,0.8713531536537927,0.0,1678.3658804209185,1813.3350000000003,2515.206,3245.7529999999997,0.0,0.0,0.0,0.0,0.0072830837799843,1.7045074148702312e-05,0.0,2.131427286234929e-05
link,1021,0.8713531536537927,0.0,1678.3658804209185,1813.3350000000003,2515.206,3245.7529999999997,0.0,0.0,0.0,0.0,4.744856330875515e-05,1.6404827599715716e-06,0.0,2.644613190981998e-06
link,1022,0.8713531536537927,0.0,1684.6224528061225,1813.3350000000003,2530.5650000000005,3245.7529999999997,6.256572385203981,0.0,15.359000000000378,0.0,0.0295774351598723,0.0002503447106525,0.0,0.0005774658656109
link,1023,0.8710752986940817,0.00027785495971099916,1678.5832784688994,1813.3350000000003,2515.206,3245.7529999999997,0.2173980479808506,0.0,0.0,0.0,0.0322544543255993,0.0036167773630575,0.001943005181347,0.012831752104847
link,1024,0.8713531536537927,0.0,1678.3658804209185,1813.3350000000003,2515.206,3245.7529999999997,0.0,0.0,0.0,0.0,0.0302904382656829,0.0020572429905851,0.0006476683937823,0.0060212280034446
link,1025,0.8713531536537927,0.0,1678.5507908163265,1813.3350000000003,2515.206,3245.7529999999997,0.18491039540799648,0.0,0.0,0.0,0.0553348663885305,0.0030404774463786,0.0,0.004197071348219
link,1026,0.8713531536537927,0.0,1678.3658804209185,1813.3350000000003,2515.206,3245.7529999999997,0.0,0.0,0.0,0.0,0.0255166611800195,0.0007461177309446,0.0,0.0015405909466759
link,1027,0.8713531536537927,0.0,1680.0488593750001,1813.3350000000003,2515.206,3245.7529999999997,1.682978954081591,0.0,0.0,0.0,0.0479282911596405,0.0017321559049566,0.0006476683937823,0.0025160189340319
link,1028,0.8713531536537927,0.0,1678.923652742347,1813.3350000000003,2515.206,3245.7529999999997,0.5577723214285015,0.0,0.0,0.0,0.0194752628948467,0.0008722782197725,0.0,0.0019109937228765
link,1029,0.8713531536537927,0.0,1678.3658804209185,1813.3350000000003,2515.206,3245.7529999999997,0.0,0.0,0.0,0.0,0.0004958453951829,3.2293797049562e-05,0.0,3.944094598284383e-05
link,1030,0.8713531536537927,0.0,1678.3658804209185,1813.3350000000003,2515.206,3245.7529999999997,0.0,0.0,0.0,0.0,0.005056403386361,0.0002360965395077,0.0,0.0002370367307141
link,1031,0.8713531536537927,0.0,1678.3658804209185,1813.3350000000003,2515.206,3245.7529999999997,0.0,0.0,0.0,0.0,0.0,0.0,0.0,0.0
link,1032,0.8713531536537927,0.0,1679.3001941964285,1813.3350000000003,2515.206,3245.7529999999997,0.9343137755099633,0.0,0.0,0.0,0.0277986293982804,0.0008958375113537,0.0006476683937823,0.0016439419625431
link,1033,0.8713531536537927,0.0,1678.3658804209185,1813.3350000000003,2515.206,3245.7529999999997,0.0,0.0,0.0,0.0,0.0030573486367633,7.890000914808158e-05,0.0,6.589897560807748e-05
link,1034,0.8713531536537927,0.0,1678.9681218112246,1813.3350000000003,2515.206,3245.7529999999997,0.6022413903060624,0.0,0.0,0.0,0.0199506953062396,0.0009190812943241,0.0,0.0020085110601301
link,1035,0.8713531536537927,0.0,1678.3658804209185,1813.3350000000003,2515.206,3245.7529999999997,0.0,0.0,0.0,0.0,0.0313795389491459,7.087906646264933e-06,0.0,1.854800707704833e-05
link,1036,0.8713531536537927,0.0,1678.922651466837,1813.3350000000003,2515.206,3245.7529999999997,0.5567710459183672,0.0,0.0,0.0,0.0338514114790493,0.000525290828918,0.0,0.0014731176550514
link,1037,0.8713531536537927,0.0,1678.380866390306,1813.3350000000003,2515.206,3245.7529999999997,0.014985969387453224,0.0,0.0,0.0,0.003853208417,3.166012131001958e-05,0.0,3.245052858320304e-05
link,1038,0.8713531536537927,0.0,1678.3658804209185,1813.3350000000003,2515.206,3245.7529999999997,0.0,0.0,0.0,0.0,0.0,0.0,0.0,0.0
link,1039,0.8713531536537927,0.0,1678.3658804209185,1813.3350000000003,2515.206,3245.7529999999997,0.0,0.0,0.0,0.0,0.0,0.0,0.0,0.0
link,1040,0.8713531536537927,0.0,1678.3658804209185,1813.3350000000003,2515.206,3245.7529999999997,0.0,0.0,0.0,0.0,0.0352088548415548,0.0057654292045939,0.0032383419689119,0.0087627633287518
link,1041,0.8705195887746596,0.0008335648791331085,1677.7198353016279,1813.3350000000003,2515.206,3245.7529999999997,-0.6460451192906476,0.0,0.0,0.0,0.0118097871340066,0.0015662689999948,0.0045336787564766,0.0046171455730065
link,1042,0.8707974437343706,0.0005557099194221093,1679.6786100829613,1813.3350000000003,2551.29,3245.7529999999997,1.3127296620427842,0.0,36.08399999999983,0.0,0.0174893995507445,0.0054232294580374,0.0032383419689119,0.0182708680748275
link,1043,0.8713531536537927,0.0,1678.3658804209185,1813.3350000000003,2515.206,3245.7529999999997,0.0,0.0,0.0,0.0,0.0352088548415548,0.0057654292045939,0.0032383419689119,0.0087627633287518
link,1044,0.8713531536537927,0.0,1678.3658804209185,1813.3350000000003,2515.206,3245.7529999999997,0.0,0.0,0.0,0.0,0.0001692053565928,8.159641200513953e-05,0.0006476683937823,0.0005211669726786
link,1045,0.8710752986940817,0.00027785495971099916,1678.265012121212,1813.3350000000003,2515.206,3245.7529999999997,-0.1008682997064625,0.0,0.0,0.0,0.0011802203097973,0.0008294846348471,0.001943005181347,0.003635179514032
link,1046,0.8713531536537927,0.0,1678.3658804209185,1813.3350000000003,2515.206,3245.7529999999997,0.0,0.0,0.0,0.0,0.0005178996827457,0.0001683450658724,0.0006476683937823,0.0015951753256679
link,1047,0.8710752986940817,0.00027785495971099916,1678.4226143540668,1813.3350000000003,2515.206,3245.7529999999997,0.0567339331482799,0.0,0.0,0.0,0.0354265032627621,0.0059507671449278,0.0032383419689119,0.0094331390844189
link,1048,0.8713531536537927,0.0,1678.3658804209185,1813.3350000000003,2515.206,3245.7529999999997,0.0,0.0,0.0,0.0,0.0001688211227958,9.172366568843274e-05,0.0006476683937823,0.000519983499715
link,1049,0.8713531536537927,0.0,1678.3672554209186,1813.3350000000003,2515.206,3245.7529999999997,0.0013750000000527507,0.0,0.0,0.0,0.0165884455613765,0.0009566012966863,0.001943005181347,0.0006618898165387
link,1050,0.8713531536537927,0.0,1678.3658804209185,1813.3350000000003,2515.206,3245.7529999999997,0.0,0.0,0.0,0.0,0.0356009251858616,0.00104683731611,0.0,0.0013324577010878
link,1051,0.8713531536537927,0.0,1678.3658804209185,1813.3350000000003,2515.206,3245.7529999999997,0.0,0.0,0.0,0.0,0.0006871050393386,0.0002499414778775,0.001943005181347,0.0021163422983466
link,1052,0.8713531536537927,0.0,1679.1502659438777,1813.3350000000003,2515.206,3245.7529999999997,0.7843855229591554,0.0,0.0,0.0,0.0183357976356301,0.0010191234118079,0.0,0.0007666400546956
link,1053,0.8707974437343706,0.0005557099194221093,1677.9053267389916,1813.3350000000003,2515.206,3245.7529999999997,-0.46055368192696733,0.0,0.0,0.0,0.0025781090068519,0.0001400835834778,0.001943005181347,0.000506581120833
link,1054,0.8713531536537927,0.0,1678.3658804209185,1813.3350000000003,2515.206,3245.7529999999997,0.0,0.0,0.0,0.0,0.0,0.0,0.0,0.0
link,1055,0.8713531536537927,0.0,1678.3658804209185,1813.3350000000003,2515.206,3245.7529999999997,0.0,0.0,0.0,0.0,0.0192438867130778,0.0045362358406394,0.0006476683937823,0.0058364995087121
link,1056,0.8710752986940817,0.00027785495971099916,1678.265012121212,1813.3350000000003,2515.206,3245.7529999999997,-0.1008682997064625,0.0,0.0,0.0,0.0010113991870015,0.0007377609691586,0.0006476683937823,0.003115196014317
link,1057,0.8713531536537927,0.0,1678.3658804209185,1813.3350000000003,2515.206,3245.7529999999997,0.0,0.0,0.0,0.0,0.0043508688441027,0.0018245349057736,0.0,0.0020490208607021
link,1058,0.8713531536537927,0.0,1678.5300028698978,1813.3350000000003,2515.206,3245.7529999999997,0.1641224489792421,0.0,0.0,0.0,0.0026279063307589,2.2743886519794257e-06,0.0,3.4673527937145348e-06
link,1059,0.8713531536537927,0.0,1678.3658804209185,1813.3350000000003,2515.206,3245.7529999999997,0.0,0.0,0.0,0.0,0.0056831951154527,0.0147752075307074,0.0006476683937823,0.0175047271144546
link,1060,0.8713531536537927,0.0,1678.3658804209185,1813.3350000000003,2515.206,3245.7529999999997,0.0,0.0,0.0,0.0,0.0027143869965688,0.0002062826822071,0.001943005181347,0.00092632898682
link,1061,0.8713531536537927,0.0,1678.3658804209185,1813.3350000000003,2515.206,3245.7529999999997,0.0,0.0,0.0,0.0,0.0159649681284769,0.0006550121630479,0.0,0.0010515122319749
link,1062,0.8713531536537927,0.0,1678.3658804209185,1813.3350000000003,2515.206,3245.7529999999997,0.0,0.0,0.0,0.0,0.0137940899119874,0.0008877257402662,0.0,0.000536676182945
link,1063,0.8713531536537927,0.0,1678.7136438137754,1813.3350000000003,2515.206,3245.7529999999997,0.34776339285690483,0.0,0.0,0.0,0.0170790552657269,0.0075518763495986,0.0,0.0018849599500443
link,1064,0.8713531536537927,0.0,1678.3658804209185,1813.3350000000003,2515.206,3245.7529999999997,0.0,0.0,0.0,0.0,0.0005818991805429,6.036538952305322e-06,0.0,8.510780188955805e-06
link,1065,0.8713531536537927,0.0,1678.3658804209185,1813.3350000000003,2515.206,3245.7529999999997,0.0,0.0,0.0,0.0,0.0038421085720572,0.0002069925744881,0.0,5.427422444528302e-05
link,1066,0.8713531536537927,0.0,1678.4029751275511,1813.3350000000003,2515.206,3245.7529999999997,0.03709470663261527,0.0,0.0,0.0,0.0002909495902714,6.554733080208194e-06,0.0,8.672800459387083e-06
link,1067,0.8713531536537927,0.0,1678.3658804209185,1813.3350000000003,2515.206,3245.7529999999997,0.0,0.0,0.0,0.0,0.0002535818444276,5.240873004144692e-05,0.0006476683937823,0.0001520359004459
link,1068,0.8713531536537927,0.0,1678.5044186862247,1813.3350000000003,2515.206,3245.7529999999997,0.13853826530612423,0.0,0.0,0.0,0.0308147012552455,0.0024362389391131,0.0,0.0029080819370437
link,1069,0.8713531536537927,0.0,1678.3658804209185,1813.3350000000003,2515.206,3245.7529999999997,0.0,0.0,0.0,0.0,0.0021265854273605,0.0001716178524706,0.0006476683937823,0.0007524132984612
link,1070,0.8713531536537927,0.0,1678.3765860969388,1813.3350000000003,2515.206,3245.7529999999997,0.010705676020279498,0.0,0.0,0.0,0.0043776732955301,0.0002449080268338,0.0,0.000106673255253
link,1071,0.8713531536537927,0.0,1678.3658804209185,1813.3350000000003,2515.206,3245.7529999999997,0.0,0.0,0.0,0.0,0.033026296813315,0.0030239414274566,0.0012953367875647,0.0047049825203743
link,1072,0.8710752986940817,0.00027785495971099916,1678.3736800637957,1813.3350000000003,2515.206,3245.7529999999997,0.007799642877216684,0.0,0.0,0.0,0.022396589489313,0.0230538855489474,0.0006476683937823,0.0381260974066129
link,1073,0.8713531536537927,0.0,1678.4246202168367,1813.3350000000003,2515.206,3245.7529999999997,0.05873979591819989,0.0,0.0,0.0,0.0144111735979879,5.210450615879428e-05,0.0,3.297250575376939e-05
link,1074,0.8713531536537927,0.0,1678.3658804209185,1813.3350000000003,2515.206,3245.7529999999997,0.0,0.0,0.0,0.0,0.0040696110541166,0.0001717574484496,0.0,0.0002638583429655
link,1075,0.8713531536537927,0.0,1678.3658804209185,1813.3350000000003,2515.206,3245.7529999999997,0.0,0.0,0.0,0.0,0.0200158211579527,0.0004744652013271,0.0,0.0010440877090187
link,1076,0.8710752986940817,0.00027785495971099916,1678.2375741626795,1813.3350000000003,2515.206,3245.7529999999997,-0.12830625823903574,0.0,0.0,0.0,0.0039909785753702,0.0010406595146702,0.0012953367875647,0.0010147885999058
link,1077,0.8713531536537927,0.0,1678.3658804209185,1813.3350000000003,2515.206,3245.7529999999997,0.0,0.0,0.0,0.0,0.0,0.0,0.0,0.0
link,1078,0.8713531536537927,0.0,1678.48728125,1813.3350000000003,2515.206,3245.7529999999997,0.12140082908149452,0.0,0.0,0.0,0.0075150239328705,3.2713354971631784e-05,0.0012953367875647,0.0001002792721292
link,1079,0.8624617949430398,0.008891358710752972,1676.6491523840207,1813.3350000000003,2528.6551000000004,3245.7529999999997,-1.7167280368978481,0.0,13.449100000000271,0.0,0.0144461274380952,0.0023487119875307,0.001943005181347,0.0093530239773922
link,1080,0.8713531536537927,0.0,1678.406757015306,1813.3350000000003,2515.206,3245.7529999999997,0.04087659438755509,0.0,0.0,0.0,0.007336552810591,2.0646840928692893e-05,0.0006476683937823,7.752170273026297e-05
link,1081,0.8713531536537927,0.0,1678.3658804209185,1813.3350000000003,2515.206,3245.7529999999997,0.0,0.0,0.0,0.0,0.0001784711222794,7.001882983352342e-06,0.0,6.527232127306347e-06
link,1082,0.8713531536537927,0.0,1678.3658804209185,1813.3350000000003,2515.206,3245.7529999999997,0.0,0.0,0.0,0.0,0.0069702808616126,0.0003759008285942,0.0,0.0010407453059153
link,1083,0.8713531536537927,0.0,1678.394416454082,1813.3350000000003,2515.206,3245.7529999999997,0.02853603316339104,0.0,0.0,0.0,0.0049595805953843,7.837617394910936e-05,0.0,0.0002516030508977
link,1084,0.8713531536537927,0.0,1678.3658804209185,1813.3350000000003,2515.206,3245.7529999999997,0.0,0.0,0.0,0.0,0.0045066815451445,1.8911961495325865e-05,0.0006476683937823,2.760525271493529e-05
link,1085,0.8710752986940817,0.00027785495971099916,1678.257700478469,1813.3350000000003,2515.206,3245.7529999999997,-0.10817994244962392,0.0,0.0,0.0,0.0034375468851073,0.0001884618000199,0.0006476683937823,0.000569773095631
link,1086,0.8710752986940817,0.00027785495971099916,1679.82211738437,1813.3350000000003,2515.206,3245.7529999999997,1.4562369634513743,0.0,0.0,0.0,0.0029349599052628,2.7974747025012683e-05,0.0006476683937823,6.314182072864833e-05
link,1087,0.8710752986940817,0.00027785495971099916,1678.2437244019136,1813.3350000000003,2515.206,3245.7529999999997,-0.12215601900493311,0.0,0.0,0.0,0.022647106655068,0.0021984751257632,0.001943005181347,0.0068788592946906
link,1088,0.8713531536537927,0.0,1678.3658804209185,1813.3350000000003,2515.206,3245.7529999999997,0.0,0.0,0.0,0.0,0.0003845761834197,2.25115448587587e-05,0.0,5.192368095841875e-05
link,1089,0.8713531536537927,0.0,1678.4283000637756,1813.3350000000003,2515.206,3245.7529999999997,0.062419642857094004,0.0,0.0,0.0,0.0216811214096264,0.0015885167317605,0.0,0.00331236320367
link,1090,0.8713531536537927,0.0,1678.3658804209185,1813.3350000000003,2515.206,3245.7529999999997,0.0,0.0,0.0,0.0,0.0,0.0,0.0,0.0
link,1091,0.8713531536537927,0.0,1678.3658804209185,1813.3350000000003,2515.206,3245.7529999999997,0.0,0.0,0.0,0.0,0.0051560235643745,7.683317173602314e-05,0.0,0.0001779880822811
link,1092,0.8669074742984162,0.004445679355376542,1677.0796080128207,1813.3350000000003,2521.362199999999,3245.7529999999997,-1.2862724080978296,0.0,6.156199999998989,0.0,0.0072666716567752,0.0003948782121216,0.0006476683937823,0.001260071353833
link,1093,0.8713531536537927,0.0,1678.3658804209185,1813.3350000000003,2515.206,3245.7529999999997,0.0,0.0,0.0,0.0,0.006788413841977,0.0010046979080018,0.0,0.0004161608783883
link,1094,0.8713531536537927,0.0,1679.581269770408,1813.3350000000003,2515.206,3257.4392500000004,1.2153893494894419,0.0,0.0,11.686250000000655,0.0110231383197583,0.0001318654290094,0.0,0.0003061544830863
link,1095,0.8713531536537927,0.0,1678.3658804209185,1813.3350000000003,2515.206,3245.7529999999997,0.0,0.0,0.0,0.0,0.0087780991589616,0.0010332488333814,0.0,0.0005246632354944
link,1096,0.8713531536537927,0.0,1678.3658804209185,1813.3350000000003,2515.206,3245.7529999999997,0.0,0.0,0.0,0.0,0.0053316083098191,0.0002201162589807,0.0,0.0002012317753545
link,1097,0.8713531536537927,0.0,1678.3658804209185,1813.3350000000003,2515.206,3245.7529999999997,0.0,0.0,0.0,0.0,0.0140685178506572,0.0003156165173443,0.0,0.0004658831461048
link,1098,0.8713531536537927,0.0,1678.3658804209185,1813.3350000000003,2515.206,3245.7529999999997,0.0,0.0,0.0,0.0,0.0187001029346676,0.0024451441213319,0.0012953367875647,0.002471024249508
link,1099,0.8713531536537927,0.0,1678.3658804209185,1813.3350000000003,2515.206,3245.7529999999997,0.0,0.0,0.0,0.0,0.0205506937878057,0.0007529541752717,0.0,0.0008581372841229
link,1100,0.8713531536537927,0.0,1678.3658804209185,1813.3350000000003,2515.206,3245.7529999999997,0.0,0.0,0.0,0.0,0.007401172188773,0.0001751324027356,0.0,0.00026527426421
link,1101,0.8713531536537927,0.0,1678.608229272959,1813.3350000000003,2515.206,3245.7529999999997,0.2423488520405499,0.0,0.0,0.0,0.0080987227291443,0.0003907410235141,0.0,0.0005629257184594
link,1102,0.8713531536537927,0.0,1678.3658804209185,1813.3350000000003,2515.206,3245.7529999999997,0.0,0.0,0.0,0.0,0.014157377790232,0.0008328409018396,0.0006476683937823,0.0007087487876906
link,1103,0.8713531536537927,0.0,1678.3658804209185,1813.3350000000003,2515.206,3245.7529999999997,0.0,0.0,0.0,0.0,0.0,0.0,0.0,0.0
link,1104,0.8713531536537927,0.0,1678.3658804209185,1813.3350000000003,2515.206,3245.7529999999997,0.0,0.0,0.0,0.0,0.0041008531732779,0.0027541320391692,0.0,0.0126309785739173
link,1105,0.8713531536537927,0.0,1678.3658804209185,1813.3350000000003,2515.206,3245.7529999999997,0.0,0.0,0.0,0.0,0.0,0.0,0.0,0.0
link,1106,0.8713531536537927,0.0,1678.4305746173468,1813.3350000000003,2515.206,3245.7529999999997,0.06469419642826324,0.0,0.0,0.0,0.0220502921712907,0.0006812183792315,0.0,0.0010354487664596
link,1107,0.8713531536537927,0.0,1678.3658804209185,1813.3350000000003,2515.206,3245.7529999999997,0.0,0.0,0.0,0.0,0.0001939620828852,6.244912260946848e-06,0.0,8.989644114661225e-06
link,1108,0.8713531536537927,0.0,1678.3658804209185,1813.3350000000003,2515.206,3245.7529999999997,0.0,0.0,0.0,0.0,4.737393064516367e-05,1.2679789546466262e-05,0.0,1.0814992703944842e-05
link,1109,0.8713531536537927,0.0,1678.542449617347,1813.3350000000003,2515.206,3245.7529999999997,0.17656919642854518,0.0,0.0,0.0,0.022097663614081,0.0006967899801174,0.0,0.0010683674239711
link,1110,0.8713531536537927,0.0,1680.497841836735,1813.3350000000003,2524.307,3257.4392500000004,2.131961415816477,0.0,9.100999999999658,11.686250000000655,0.0108878318086694,0.0002504152870016,0.0,0.0004710168103924
link,1111,0.8713531536537927,0.0,1678.3658804209185,1813.3350000000003,2515.206,3245.7529999999997,0.0,0.0,0.0,0.0,0.0112068667055638,0.0003780236804055,0.0,0.0006299415837595
link,1112,0.8713531536537927,0.0,1678.3658804209185,1813.3350000000003,2515.206,3245.7529999999997,0.0,0.0,0.0,0.0,0.0041008531732779,0.0027541320391692,0.0,0.0126309785739173
link,1113,0.8707974437343706,0.0005557099194221093,1678.5834878749204,1813.3350000000003,2515.206,3245.7529999999997,0.21760745400183623,0.0,0.0,0.0,0.0118862947840163,0.0006401738894344,0.0006476683937823,0.0037100233902376
link,1114,0.8713531536537927,0.0,1678.3658804209185,1813.3350000000003,2515.206,3245.7529999999997,0.0,0.0,0.0,0.0,0.0005303002456315,0.0003062735277092,0.0012953367875647,0.0011758672548614
link,1115,0.8713531536537927,0.0,1678.3658804209185,1813.3350000000003,2515.206,3245.7529999999997,0.0,0.0,0.0,0.0,0.022244254254176,0.0008376419699991,0.0012953367875647,0.0017304989743751
link,1116,0.8713531536537927,0.0,1678.3658804209185,1813.3350000000003,2515.206,3245.7529999999997,0.0,0.0,0.0,0.0,0.0109445847134256,0.0004937451063273,0.001943005181347,0.0016506841092363
link,1117,0.8713531536537927,0.0,1678.3658804209185,1813.3350000000003,2515.206,3245.7529999999997,0.0,0.0,0.0,0.0,0.019046719836742,0.0005882235601994,0.0,0.0008432527059705
link,1118,0.8713531536537927,0.0,1678.5351198979592,1813.3350000000003,2515.206,3245.7529999999997,0.16923947704071907,0.0,0.0,0.0,0.0322007644646573,0.0010394011534954,0.0012953367875647,0.0029974121739618
link,1119,0.8713531536537927,0.0,1678.420759247449,1813.3350000000003,2515.206,3245.7529999999997,0.054878826530512015,0.0,0.0,0.0,0.0170537910491495,0.0050764721390236,0.0006476683937823,0.0196263539311632
link,1120,0.8713531536537927,0.0,1678.3658804209185,1813.3350000000003,2515.206,3245.7529999999997,0.0,0.0,0.0,0.0,0.0222445360125647,0.0007867464706712,0.0012953367875647,0.0017313668143148
link,1121,0.8713531536537927,0.0,1679.581269770408,1813.3350000000003,2515.206,3257.4392500000004,1.2153893494894419,0.0,0.0,11.686250000000655,0.0111525774573254,0.0001850378479835,0.0,0.0003244736310272
link,1122,0.8713531536537927,0.0,1678.3658804209185,1813.3350000000003,2515.206,3245.7529999999997,0.0,0.0,0.0,0.0,0.0201358095177121,0.0007044302669602,0.0,0.0008748183793418
link,1123,0.8710752986940817,0.00027785495971099916,1678.862956937799,1813.3350000000003,2515.206,3245.7529999999997,0.49707651688049737,0.0,0.0,0.0,0.0083721932433637,0.0001014275548033,0.0012953367875647,0.0002386297664007
link,1124,0.8713531536537927,0.0,1678.5493950892858,1813.3350000000003,2515.206,3245.7529999999997,0.18351466836725194,0.0,0.0,0.0,0.0048260603426945,0.0006227535080029,0.001943005181347,0.0025321405478907
link,1125,0.8713531536537927,0.0,1678.3658804209185,1813.3350000000003,2515.206,3245.7529999999997,0.0,0.0,0.0,0.0,0.0,0.0,0.0,0.0
link,1126,0.8713531536537927,0.0,1679.047953125,1813.3350000000003,2515.206,3245.7529999999997,0.68207270408152,0.0,0.0,0.0,0.0177477887176234,0.0075712241739863,0.0006476683937823,0.0019284136792595
link,1127,0.8713531536537927,0.0,1678.3658804209185,1813.3350000000003,2515.206,3245.7529999999997,0.0,0.0,0.0,0.0,6.884431173720947e-05,4.327987671662272e-05,0.0006476683937823,0.0002120463693153
link,1128,0.8713531536537927,0.0,1678.3745322066327,1813.3350000000003,2515.206,3245.7529999999997,0.008651785714164362,0.0,0.0,0.0,0.0033418620856056,9.751077801614918e-06,0.0,8.136172760491246e-06
link,1129,0.8713531536537927,0.0,1678.3658804209185,1813.3350000000003,2515.206,3245.7529999999997,0.0,0.0,0.0,0.0,0.0001295907933339,8.21853007074265e-06,0.0,1.6924383267790466e-05
link,1130,0.8713531536537927,0.0,1678.3658804209185,1813.3350000000003,2515.206,3245.7529999999997,0.0,0.0,0.0,0.0,0.0068329405925986,0.0024435943150285,0.0,0.0012131167813591
link,1131,0.8713531536537927,0.0,1678.3820672831635,1813.3350000000003,2515.206,3245.7529999999997,0.01618686224492194,0.0,0.0,0.0,0.0826680005607912,0.0041668499627455,0.0006476683937823,0.0059669707416903
link,1132,0.8713531536537927,0.0,1678.3658804209185,1813.3350000000003,2515.206,3245.7529999999997,0.0,0.0,0.0,0.0,6.682329290843409e-05,4.436148516743509e-05,0.0006476683937823,0.0002058214584382
link,1133,0.8713531536537927,0.0,1678.3658804209185,1813.3350000000003,2515.206,3245.7529999999997,0.0,0.0,0.0,0.0,0.0516529077560798,0.0108163146490353,0.0032383419689119,0.0272531049859068
link,1134,0.8713531536537927,0.0,1678.3658804209185,1813.3350000000003,2515.206,3245.7529999999997,0.0,0.0,0.0,0.0,0.0129473772121262,0.0029966236363839,0.001943005181347,0.0031779883820422
link,1135,0.8713531536537927,0.0,1679.8298239795918,1813.3350000000003,2551.29,3245.7529999999997,1.4639435586732361,0.0,36.08399999999983,0.0,0.0190232869087659,0.0086895714635892,0.0032383419689119,0.0229953723512106
link,1136,0.8713531536537927,0.0,1678.3658804209185,1813.3350000000003,2515.206,3245.7529999999997,0.0,0.0,0.0,0.0,0.0115872297255189,0.0029478395436416,0.0,0.0031374333474306
link,1137,0.8713531536537927,0.0,1678.3658804209185,1813.3350000000003,2515.206,3245.7529999999997,0.0,0.0,0.0,0.0,0.0001507767512848,0.0001415785610751,0.0,0.0004644052918873
link,1138,0.8713531536537927,0.0,1678.3658804209185,1813.3350000000003,2515.206,3245.7529999999997,0.0,0.0,0.0,0.0,0.0090382622475345,0.0002318891400803,0.0,0.0001066123706258
link,1139,0.8713531536537927,0.0,1678.3658804209185,1813.3350000000003,2515.206,3245.7529999999997,0.0,0.0,0.0,0.0,0.0115534858079413,0.0029259386399603,0.0,0.0031208203929615
link,1140,0.8713531536537927,0.0,1678.3658804209185,1813.3350000000003,2515.206,3245.7529999999997,0.0,0.0,0.0,0.0,0.0,0.0,0.0,0.0
link,1141,0.8702417338149486,0.0011114198388441077,1677.7648943167305,1813.3350000000003,2515.206,3245.7529999999997,-0.6009861041879958,0.0,0.0,0.0,0.012098045328917,0.0041361850619235,0.0025906735751294,0.0084613695206686
link,1142,0.8707974437343706,0.0005557099194221093,1677.9751477345246,1813.3350000000003,2515.206,3245.7529999999997,-0.39073268639390335,0.0,0.0,0.0,0.0193692480421856,0.0098925683040716,0.0071243523316061,0.0204598917109868
link,1143,0.8713531536537927,0.0,1678.3658804209185,1813.3350000000003,2515.206,3245.7529999999997,0.0,0.0,0.0,0.0,0.0002054764588167,6.689216579893741e-06,0.0,4.046465375061464e-06
link,1144,0.8713531536537927,0.0,1678.3658804209185,1813.3350000000003,2515.206,3245.7529999999997,0.0,0.0,0.0,0.0,0.000361408250392,2.941841374910708e-05,0.0,3.753965297597066e-06
link,1145,0.8713531536537927,0.0,1679.0539920280612,1813.3350000000003,2515.206,3245.7529999999997,0.6881116071426732,0.0,0.0,0.0,0.0078714295215746,0.0003225450312601,0.0,0.0004350331265243
link,1146,0.8707974437343706,0.0005557099194221093,1678.0258707721762,1813.3350000000003,2515.206,3245.7529999999997,-0.3400096487423525,0.0,0.0,0.0,0.0083915362929896,0.00384174300892,0.0012953367875647,0.0050140485887842
link,1147,0.8713531536537927,0.0,1678.3658804209185,1813.3350000000003,2515.206,3245.7529999999997,0.0,0.0,0.0,0.0,0.0006839332589017,0.0008904310581639,0.0,0.0021065729432767
link,1148,0.8713531536537927,0.0,1678.6503204719386,1813.3350000000003,2515.206,3245.7529999999997,0.28444005102005576,0.0,0.0,0.0,0.0086702661481137,0.0001703032976625,0.0006476683937823,0.0003021308565312
link,1149,0.8713531536537927,0.0,1679.414376594388,1813.3350000000003,2515.206,3245.7529999999997,1.0484961734694025,0.0,0.0,0.0,0.0170892745513885,0.0009941034925868,0.0006476683937823,0.0040389548041859
link,1150,0.8713531536537927,0.0,1678.3922509566326,1813.3350000000003,2515.206,3245.7529999999997,0.02637053571402248,0.0,0.0,0.0,0.0177557387858413,0.0005849622044945,0.0,0.0014554427671148
link,1151,0.8713531536537927,0.0,1678.3658804209185,1813.3350000000003,2515.206,3245.7529999999997,0.0,0.0,0.0,0.0,0.0003180366865107,9.192699670272536e-06,0.0,4.677223001433682e-06
link,1152,0.8713531536537927,0.0,1678.3658804209185,1813.3350000000003,2515.206,3245.7529999999997,0.0,0.0,0.0,0.0,0.0018565797116386,0.0009007357469281,0.0006476683937823,0.0050782295909018
link,1153,0.8713531536537927,0.0,1678.3889713010205,1813.3350000000003,2515.206,3245.7529999999997,0.023090880102017763,0.0,0.0,0.0,0.0255236851569111,0.0013996035089801,0.0,0.0026869236513881
link,1154,0.8713531536537927,0.0,1678.5227582908165,1813.3350000000003,2515.206,3245.7529999999997,0.15687786989792585,0.0,0.0,0.0,0.0444691296122914,0.0014116095374714,0.0,0.0024052311966362
link,1155,0.8713531536537927,0.0,1678.3658804209185,1813.3350000000003,2515.206,3245.7529999999997,0.0,0.0,0.0,0.0,0.0439301699559409,0.0054164539848081,0.0012953367875647,0.0077566321003281
link,1156,0.8713531536537927,0.0,1678.3658804209185,1813.3350000000003,2515.206,3245.7529999999997,0.0,0.0,0.0,0.0,0.0002121642186693,9.229500270250157e-06,0.0,1.3289203945707105e-05
link,1157,0.8713531536537927,0.0,1678.3659088010204,1813.3350000000003,2515.206,3245.7529999999997,2.83801018667873e-05,0.0,0.0,0.0,0.0019850473008737,3.1301637417440645e-08,0.0,6.363601567023429e-08
link,1158,0.8707974437343706,0.0005557099194221093,1678.8139097000637,1813.3350000000003,2515.206,3245.7529999999997,0.44802927914520296,0.0,0.0,0.0,0.0357866474728118,0.0075040483131452,0.0012953367875647,0.018615858966631
link,1159,0.8713531536537927,0.0,1678.4868514030616,1813.3350000000003,2515.206,3245.7529999999997,0.12097098214303514,0.0,0.0,0.0,1.7483519486128968e-07,2.3867585971028637e-08,0.0,2.3890664934599432e-08
link,1160,0.8713531536537927,0.0,1678.3658804209185,1813.3350000000003,2515.206,3245.7529999999997,0.0,0.0,0.0,0.0,0.0730584975163805,0.0113775494308017,0.0006476683937823,0.0371645633892093
link,1161,0.8710752986940817,0.00027785495971099916,1678.5538475279106,1813.3350000000003,2515.206,3245.7529999999997,0.18796710699211872,0.0,0.0,0.0,0.0007292951838515,0.0003913725606223,0.0,0.0022462915525276
link,1162,0.8713531536537927,0.0,1678.3658804209185,1813.3350000000003,2515.206,3245.7529999999997,0.0,0.0,0.0,0.0,0.0262997863261205,0.0014791314366558,0.0,0.0037494353776129
link,1163,0.8713531536537927,0.0,1686.420284119898,1813.3350000000003,2570.614,3309.5359999999996,8.054403698979513,0.0,55.4079999999999,63.7829999999999,0.0238131018913083,0.0009179955156272,0.0,0.0016435178419003
link,1164,0.8710752986940817,0.00027785495971099916,1678.5631330143542,1813.3350000000003,2515.206,3245.7529999999997,0.19725259343567814,0.0,0.0,0.0,0.0105601155140889,0.0002132734895504,0.0012953367875647,0.0001669055666386
link,1165,0.8713531536537927,0.0,1678.3658804209185,1813.3350000000003,2515.206,3245.7529999999997,0.0,0.0,0.0,0.0,2.3076305938624983e-05,1.345824802508811e-06,0.0,4.878719047656203e-06
link,1166,0.8713531536537927,0.0,1678.3658804209185,1813.3350000000003,2515.206,3245.7529999999997,0.0,0.0,0.0,0.0,0.0019048834146824,2.4878298449848143e-06,0.0,6.370258311392056e-06
link,1167,0.8710752986940817,0.00027785495971099916,1679.9557097288678,1813.3350000000003,2515.206,3245.7529999999997,1.5898293079492305,0.0,0.0,0.0,0.0113146925171819,0.0002234163381555,0.0071243523316061,0.0009600327003492
link,1168,0.8710752986940817,0.00027785495971099916,1681.5844759170654,1813.3350000000003,2528.5598,3245.7529999999997,3.218595496146918,0.0,13.353799999999865,0.0,0.0153848558927402,0.0001176491352579,0.001943005181347,0.0001607684988831
link,1169,0.8713531536537927,0.0,1678.3658804209185,1813.3350000000003,2515.206,3245.7529999999997,0.0,0.0,0.0,0.0,0.0198045674714417,0.0002021323864577,0.0,0.0001922038709906
link,1170,0.8713531536537927,0.0,1678.3658804209185,1813.3350000000003,2515.206,3245.7529999999997,0.0,0.0,0.0,0.0,0.0002233802842274,6.991380067699177e-05,0.0,3.970738864065762e-05
link,1171,0.8713531536537927,0.0,1678.3658804209185,1813.3350000000003,2515.206,3245.7529999999997,0.0,0.0,0.0,0.0,0.0010543837118672,8.036922601522673e-07,0.0,5.548697102731621e-06
link,1172,0.8713531536537927,0.0,1678.7546750637757,1813.3350000000003,2515.206,3245.7529999999997,0.38879464285719223,0.0,0.0,0.0,0.0038026806538097,1.0136119566511147e-05,0.0006476683937823,2.091613550848656e-05
link,1173,0.8713531536537927,0.0,1678.368351721939,1813.3350000000003,2515.206,3245.7529999999997,0.0024713010204777675,0.0,0.0,0.0,0.0127376589205117,7.333419152003488e-05,0.0,7.136932455239219e-05
link,1174,0.8713531536537927,0.0,1678.3658804209185,1813.3350000000003,2515.206,3245.7529999999997,0.0,0.0,0.0,0.0,8.960951310684605e-05,7.8789560558326e-06,0.0,3.713882417736668e-06
link,1175,0.8713531536537927,0.0,1678.7546750637757,1813.3350000000003,2515.206,3245.7529999999997,0.38879464285719223,0.0,0.0,0.0,0.0037030303533066,8.728485339622987e-06,0.0,1.9360493604156092e-05
link,1176,0.8713531536537927,0.0,1678.3658804209185,1813.3350000000003,2515.206,3245.7529999999997,0.0,0.0,0.0,0.0,0.0271404401010334,0.0033798210128398,0.0,0.0060740090369812
link,1177,0.8713531536537927,0.0,1678.388941645408,1813.3350000000003,2515.206,3245.7529999999997,0.02306122448953829,0.0,0.0,0.0,0.0045912310277531,8.15080289815471e-07,0.0,2.9899896598542493e-06
link,1178,0.8713531536537927,0.0,1678.3658804209185,1813.3350000000003,2515.206,3245.7529999999997,0.0,0.0,0.0,0.0,0.000110744351894,1.3579077330312135e-06,0.0,4.1036406768440765e-06
link,1179,0.8713531536537927,0.0,1678.368351721939,1813.3350000000003,2515.206,3245.7529999999997,0.0024713010204777675,0.0,0.0,0.0,0.0324375145508387,0.0007527146701826,0.0006476683937823,0.0012526906028986
link,1180,0.8696860238955265,0.001667129758266217,1677.6249332268371,1813.3350000000003,2515.206,3245.7529999999997,-0.7409471940814001,0.0,0.0,0.0,0.0124484813620218,0.0002141944270238,0.0045336787564766,0.000659645812331
link,1181,0.8713531536537927,0.0,1678.389903380102,1813.3350000000003,2515.206,3245.7529999999997,0.02402295918341224,0.0,0.0,0.0,0.0035692727187284,0.0005813634607124,0.0,0.0001691436053725
link,1182,0.8713531536537927,0.0,1678.3658804209185,1813.3350000000003,2515.206,3245.7529999999997,0.0,0.0,0.0,0.0,0.020042067025132,0.0006815454455474,0.0,0.0006105583334481
link,1183,0.8713531536537927,0.0,1710.1521527423467,1860.8315,2689.2070000000003,3365.9299999999985,31.786272321428214,47.49649999999974,174.0010000000002,120.17699999999877,0.0183338858087323,0.0016788958117068,0.0012953367875647,0.0022182570881451
link,1184,0.8713531536537927,0.0,1680.0940353954081,1813.3350000000003,2515.206,3245.7529999999997,1.7281549744895983,0.0,0.0,0.0,0.0046101379125801,0.0007060743725168,0.0,0.0003701848451436
link,1185,0.8713531536537927,0.0,1678.3658804209185,1813.3350000000003,2515.206,3245.7529999999997,0.0,0.0,0.0,0.0,0.0036930923283623,2.348365942721141e-05,0.0,8.48993419028141e-05
link,1186,0.8713531536537927,0.0,1678.3658804209185,1813.3350000000003,2515.206,3245.7529999999997,0.0,0.0,0.0,0.0,9.965030050304436e-05,7.557187540536698e-07,0.0,8.273186490737042e-07
link,1187,0.8713531536537927,0.0,1678.7546750637757,1813.3350000000003,2515.206,3245.7529999999997,0.38879464285719223,0.0,0.0,0.0,0.0037030303533066,8.728485339622987e-06,0.0,1.9360493604156092e-05
link,1188,0.8713531536537927,0.0,1678.3658804209185,1813.3350000000003,2515.206,3245.7529999999997,0.0,0.0,0.0,0.0,0.0033094372596998,2.09186445194695e-05,0.0,1.7033996875061656e-05
link,1189,0.8713531536537927,0.0,1678.3658804209185,1813.3350000000003,2515.206,3245.7529999999997,0.0,0.0,0.0,0.0,0.0105110245124976,0.0001977110337698,0.0,0.000523459892356
link,1190,0.8713531536537927,0.0,1678.3658804209185,1813.3350000000003,2515.206,3245.7529999999997,0.0,0.0,0.0,0.0,0.0,0.0,0.0,0.0
link,1191,0.8713531536537927,0.0,1678.3658804209185,1813.3350000000003,2515.206,3245.7529999999997,0.0,0.0,0.0,0.0,0.0122647199168609,0.0002032281205679,0.0006476683937823,0.0005457412241173
link,1192,0.8707974437343706,0.0005557099194221093,1678.1085695596682,1813.3350000000003,2515.206,3245.7529999999997,-0.25731086125028924,0.0,0.0,0.0,0.0003626971302567,3.514507667195482e-06,0.0006476683937823,9.870801339105497e-06
link,1193,0.8713531536537927,0.0,1678.3658804209185,1813.3350000000003,2515.206,3245.7529999999997,0.0,0.0,0.0,0.0,0.0112809660138931,9.428941766603596e-05,0.0,0.0003135417491612
link,1194,0.8713531536537927,0.0,1678.3658804209185,1813.3350000000003,2515.206,3245.7529999999997,0.0,0.0,0.0,0.0,0.0026306842992396,2.943739033584862e-06,0.0,2.5310257180961243e-05
link,1195,0.8713531536537927,0.0,1678.3658804209185,1813.3350000000003,2515.206,3245.7529999999997,0.0,0.0,0.0,0.0,0.0020847198351057,1.548005075469959e-05,0.0,6.359400868504669e-05
link,1196,0.8713531536537927,0.0,1680.4316954719388,1813.3350000000003,2586.4350000000004,3245.7529999999997,2.0658150510203086,0.0,71.22900000000027,0.0,0.0055224596214224,0.0003637208402708,0.0,0.0004793441801527
link,1197,0.8713531536537927,0.0,1678.3658804209185,1813.3350000000003,2515.206,3245.7529999999997,0.0,0.0,0.0,0.0,0.0003034063088972,0.0001257534275798,0.0006476683937823,0.0009345173857589
link,1198,0.8713531536537927,0.0,1678.3658804209185,1813.3350000000003,2515.206,3245.7529999999997,0.0,0.0,0.0,0.0,0.0080667802665914,0.0001219473459521,0.0,0.0002730967621477
link,1199,0.8713531536537927,0.0,1678.8779384566326,1813.3350000000003,2515.206,3245.7529999999997,0.5120580357140625,0.0,0.0,0.0,0.0291668894790714,0.0023498827892474,0.0006476683937823,0.0074716166733782
link,1200,0.8713531536537927,0.0,1678.3658804209185,1813.3350000000003,2515.206,3245.7529999999997,0.0,0.0,0.0,0.0,0.0026873958557166,0.0001478683394758,0.0,9.872261395772546e-05
link,1201,0.8713531536537927,0.0,1678.3658804209185,1813.3350000000003,2515.206,3245.7529999999997,0.0,0.0,0.0,0.0,0.0009809928523284,2.0565374157556663e-05,0.0,5.951177571199943e-05
link,1202,0.8713531536537927,0.0,1678.3658804209185,1813.3350000000003,2515.206,3245.7529999999997,0.0,0.0,0.0,0.0,0.0003274540150886,2.2415178100050954e-06,0.0,3.7005163354520336e-06
link,1203,0.8713531536537927,0.0,1680.400424107143,1813.3350000000003,2535.9935,3245.7529999999997,2.034543686224424,0.0,20.78749999999991,0.0,0.001118793023126,0.000656105137551,0.0,0.0004511005149648
link,1204,0.8705195887746596,0.0008335648791331085,1678.1279198850941,1813.3350000000003,2515.206,3245.7529999999997,-0.23796053582441345,0.0,0.0,0.0,0.0,0.0,0.0,0.0
link,1205,0.8713531536537927,0.0,1678.3658804209185,1813.3350000000003,2515.206,3245.7529999999997,0.0,0.0,0.0,0.0,0.0200380780198045,0.0004834521076167,0.0,0.0012501499099371
link,1206,0.8713531536537927,0.0,1679.2977241709186,1813.3350000000003,2528.4645,3245.7529999999997,0.9318437500000982,0.0,13.258499999999913,0.0,0.0071209599149714,4.100855824528283e-05,0.0,4.753384505050648e-05
link,1207,0.8713531536537927,0.0,1678.7546750637757,1813.3350000000003,2515.206,3245.7529999999997,0.38879464285719223,0.0,0.0,0.0,0.0037030303533066,8.728485339622987e-06,0.0,1.9360493604156092e-05
link,1208,0.8713531536537927,0.0,1678.3658804209185,1813.3350000000003,2515.206,3245.7529999999997,0.0,0.0,0.0,0.0,0.0200380780198045,0.0004834521076167,0.0,0.0012501499099371
link,1209,0.8699638788552375,0.0013892747985552178,1677.9966397317153,1813.3350000000003,2515.206,3245.7529999999997,-0.36924068920325226,0.0,0.0,0.0,0.0129903538140597,0.0011856815447766,0.0006476683937823,0.0054667564766045
link,1210,0.8705195887746596,0.0008335648791331085,1678.908273858921,1813.3350000000003,2515.206,3245.7529999999997,0.5423934380023638,0.0,0.0,0.0,0.0014462470382147,0.0015432518818175,0.001943005181347,0.0044545645943427
link,1211,0.8713531536537927,0.0,1678.3658804209185,1813.3350000000003,2515.206,3245.7529999999997,0.0,0.0,0.0,0.0,0.0,0.0,0.0006476683937823,0.0
link,1212,0.8713531536537927,0.0,1678.3658804209185,1813.3350000000003,2515.206,3245.7529999999997,0.0,0.0,0.0,0.0,0.0,0.0,0.0,0.0
link,1213,0.8713531536537927,0.0,1678.3658804209185,1813.3350000000003,2515.206,3245.7529999999997,0.0,0.0,0.0,0.0,0.0272400904015364,0.0033865832024345,0.0012953367875647,0.0060821148142926
link,1214,0.8713531536537927,0.0,1678.3658804209185,1813.3350000000003,2515.206,3245.7529999999997,0.0,0.0,0.0,0.0,0.0175101137552034,0.0002535557795069,0.0,0.0006596152417829
link,1215,0.8713531536537927,0.0,1678.373247767857,1813.3350000000003,2515.206,3245.7529999999997,0.00736734693850849,0.0,0.0,0.0,0.0059047037237288,2.3657637811110974e-05,0.0006476683937823,8.562737991385728e-05
link,1216,0.8710752986940817,0.00027785495971099916,1689.5935598086123,1819.571,2570.614,3309.5359999999996,11.227679387693797,6.235999999999649,55.4079999999999,63.7829999999999,0.0271590379347759,0.0019484375075606,0.0012953367875647,0.0042609409436387
link,1217,0.8713531536537927,0.0,1678.3658804209185,1813.3350000000003,2515.206,3245.7529999999997,0.0,0.0,0.0,0.0,0.0272400904015364,0.0033865832024345,0.0012953367875647,0.0060821148142926
link,1218,0.8713531536537927,0.0,1678.3658804209185,1813.3350000000003,2515.206,3245.7529999999997,0.0,0.0,0.0,0.0,0.0430987203943625,0.001709239454262,0.0,0.004439156883213
link,1219,0.8713531536537927,0.0,1678.4518029336737,1813.3350000000003,2515.206,3245.7529999999997,0.08592251275513263,0.0,0.0,0.0,0.0016862802424947,0.0002447869766161,0.0,0.0003131575003578
link,1220,0.8713531536537927,0.0,1678.3658804209185,1813.3350000000003,2515.206,3245.7529999999997,0.0,0.0,0.0,0.0,0.0014584653986487,1.436174419146037e-05,0.001943005181347,6.144108744390216e-05
link,1221,0.8713531536537927,0.0,1678.3658804209185,1813.3350000000003,2515.206,3245.7529999999997,0.0,0.0,0.0,0.0,0.0009164115371743,0.0007189481232771,0.0,0.0028226259272988
link,1222,0.8713531536537927,0.0,1679.2618383290817,1813.3350000000003,2524.307,3245.7529999999997,0.8959579081631546,0.0,9.100999999999658,0.0,0.0007303273247862,8.750612305264328e-06,0.0,2.1578484616214985e-05
link,1223,0.8713531536537927,0.0,1678.3658804209185,1813.3350000000003,2515.206,3245.7529999999997,0.0,0.0,0.0,0.0,4.094648884909472e-05,1.101178114299405e-06,0.0,1.1120567786437783e-06
link,1224,0.8713531536537927,0.0,1678.3658804209185,1813.3350000000003,2515.206,3245.7529999999997,0.0,0.0,0.0,0.0,0.0239715713227486,0.0010573322840909,0.0,0.0015210942134154
link,1225,0.8713531536537927,0.0,1678.4710047831634,1813.3350000000003,2515.206,3245.7529999999997,0.105124362244851,0.0,0.0,0.0,0.0055584214516496,0.0001349093611902,0.0,0.0003206891279716
link,1226,0.8713531536537927,0.0,1678.3658804209185,1813.3350000000003,2515.206,3245.7529999999997,0.0,0.0,0.0,0.0,0.0,0.0,0.0006476683937823,0.0
link,1227,0.8713531536537927,0.0,1678.3658804209185,1813.3350000000003,2515.206,3245.7529999999997,0.0,0.0,0.0,0.0,0.0007292326993243,6.898753360418666e-07,0.0,2.9214007659526463e-06
link,1228,0.8713531536537927,0.0,1678.5949926658163,1813.3350000000003,2515.206,3245.7529999999997,0.2291122448978058,0.0,0.0,0.0,0.004055934991139,0.0001105260096471,0.0,0.0001821720051096
link,1229,0.8710752986940817,0.00027785495971099916,1678.9331977671452,1813.3350000000003,2515.206,3245.7529999999997,0.5673173462266732,0.0,0.0,0.0,0.0439430291163748,0.0028622286910101,0.0038860103626943,0.0065775982950688
link,1230,0.8705195887746596,0.0008335648791331085,1677.4224174912226,1813.3350000000003,2508.442200000001,3245.7529999999997,-0.9434629296958974,0.0,-6.763799999999264,0.0,0.0058575339821537,0.0027616437792905,0.001943005181347,0.0180417057374033
link,1231,0.8713531536537927,0.0,1678.3658804209185,1813.3350000000003,2515.206,3245.7529999999997,0.0,0.0,0.0,0.0,0.0150145881489128,0.0123119375278939,0.0012953367875647,0.043718618530525
link,1232,0.8713531536537927,0.0,1678.3658804209185,1813.3350000000003,2515.206,3245.7529999999997,0.0,0.0,0.0,0.0,0.0,0.0,0.0,0.0
link,1233,0.8713531536537927,0.0,1678.3658804209185,1813.3350000000003,2515.206,3245.7529999999997,0.0,0.0,0.0,0.0,0.0066555162851882,0.0001969797863444,0.0006476683937823,0.0003543692227831
link,1234,0.8713531536537927,0.0,1678.9198370535714,1813.3350000000003,2517.916,3245.7529999999997,0.5539566326528984,0.0,2.7100000000000364,0.0,0.0011639437664407,1.6054958241793313e-05,0.0006476683937823,4.91098861188158e-05
link,1235,0.8713531536537927,0.0,1678.3658804209185,1813.3350000000003,2515.206,3245.7529999999997,0.0,0.0,0.0,0.0,0.0009109758535563,0.0001093656890043,0.0,0.0003642353592252
link,1236,0.8702417338149486,0.0011114198388441077,1676.8663384418903,1813.3350000000003,2503.847,3245.7529999999997,-1.4995419790282085,0.0,-11.358999999999924,0.0,0.0051397539329626,0.0019322662033443,0.001943005181347,0.0124044655804516
link,1237,0.8713531536537927,0.0,1678.3658804209185,1813.3350000000003,2515.206,3245.7529999999997,0.0,0.0,0.0,0.0,0.0007078853279099,0.0002575414004327,0.0012953367875647,0.0014312232531872
link,1238,0.8713531536537927,0.0,1678.3658804209185,1813.3350000000003,2515.206,3245.7529999999997,0.0,0.0,0.0,0.0,0.0004745629305036,1.960117784099626e-05,0.0006476683937823,8.376147439146975e-05
link,1239,0.8713531536537927,0.0,1678.3658804209185,1813.3350000000003,2515.206,3245.7529999999997,0.0,0.0,0.0,0.0,0.0007292326993243,2.713994943283743e-06,0.0006476683937823,1.1583424957287073e-05
link,1240,0.8713531536537927,0.0,1678.3658804209185,1813.3350000000003,2515.206,3245.7529999999997,0.0,0.0,0.0,0.0,0.0004598722479748,6.279227048269149e-06,0.0,2.96386497659299e-05
link,1241,0.8702417338149486,0.0011114198388441077,1676.8663384418903,1813.3350000000003,2503.847,3245.7529999999997,-1.4995419790282085,0.0,-11.358999999999924,0.0,0.0046798816849878,0.0019259869762961,0.001943005181347,0.0123748269306855
link,1242,0.8713531536537927,0.0,1679.9984362244898,1813.3350000000003,2515.206,3245.7529999999997,1.632555803571222,0.0,0.0,0.0,0.0004543839186433,1.2449066908607864e-05,0.0,9.053781913311104e-05
link,1243,0.8713531536537927,0.0,1678.3658804209185,1813.3350000000003,2515.206,3245.7529999999997,0.0,0.0,0.0,0.0,0.0031853411275124,0.0001320141646798,0.0,0.0007420076433673
link,1244,0.8713531536537927,0.0,1678.3658804209185,1813.3350000000003,2515.206,3245.7529999999997,0.0,0.0,0.0,0.0,0.0005418467161555,0.000291687576214,0.0,0.0016689342370766
link,1245,0.8713531536537927,0.0,1678.3658804209185,1813.3350000000003,2515.206,3245.7529999999997,0.0,0.0,0.0,0.0,0.0020126661620839,0.0005558949262924,0.001943005181347,0.0027727677449604
link,1246,0.8713531536537927,0.0,1678.4370577168368,1813.3350000000003,2515.206,3245.7529999999997,0.07117729591823263,0.0,0.0,0.0,0.0089918443085718,0.0002486057420634,0.0,0.0001761972483919
link,1247,0.8713531536537927,0.0,1678.3658804209185,1813.3350000000003,2515.206,3245.7529999999997,0.0,0.0,0.0,0.0,0.0150145881489128,0.0123119375278939,0.0025906735751294,0.043718618530525
link,1248,0.8713531536537927,0.0,1678.3658804209185,1813.3350000000003,2515.206,3245.7529999999997,0.0,0.0,0.0,0.0,0.0100471435558652,8.068088933105752e-05,0.0,0.0001883909110912
link,1249,0.8713531536537927,0.0,1678.3658804209185,1813.3350000000003,2515.206,3245.7529999999997,0.0,0.0,0.0,0.0,0.002870848463696,9.355835448527776e-07,0.0,8.150585605476266e-06
link,1250,0.8713531536537927,0.0,1678.4206151147962,1813.3350000000003,2515.206,3245.7529999999997,0.05473469387766272,0.0,0.0,0.0,4.7275217240287375e-05,2.9098507665768665e-06,0.0,1.4614514705286928e-06
link,1251,0.8713531536537927,0.0,1678.3658804209185,1813.3350000000003,2515.206,3245.7529999999997,0.0,0.0,0.0,0.0,4.843009353977402e-05,0.0001166430895787,0.0,2.887319073385273e-06
link,1252,0.8713531536537927,0.0,1678.3658804209185,1813.3350000000003,2515.206,3245.7529999999997,0.0,0.0,0.0,0.0,0.0,0.0,0.0,0.0
link,1253,0.8713531536537927,0.0,1678.3658804209185,1813.3350000000003,2515.206,3245.7529999999997,0.0,0.0,0.0,0.0,0.0029602276393381,0.0002340142051866,0.0,0.0001578016508859
link,1254,0.8713531536537927,0.0,1680.4816049107144,1813.3350000000003,2537.4760000000006,3257.4392500000004,2.1157244897958662,0.0,22.270000000000437,11.686250000000655,0.018804351966006,0.0003225779407365,0.0,0.0004322823308219
link,1255,0.8710752986940817,0.00027785495971099916,1678.5230928229664,1813.3350000000003,2515.206,3245.7529999999997,0.15721240204788955,0.0,0.0,0.0,0.0002406891644563,0.0001045626283185,0.0006476683937823,0.0001696757979937
link,1256,0.8713531536537927,0.0,1678.3658804209185,1813.3350000000003,2515.206,3245.7529999999997,0.0,0.0,0.0,0.0,0.0100003593780532,0.0005547453947869,0.0,0.0004065074414169
link,1257,0.8713531536537927,0.0,1680.9515778061225,1813.3350000000003,2547.4035,3257.4392500000004,2.5856973852039573,0.0,32.19749999999976,11.686250000000655,0.0219081283134587,0.0009649238179397,0.0006476683937823,0.001474156532194
link,1258,0.8710752986940817,0.00027785495971099916,1680.6855068580544,1813.3350000000003,2538.3947999999996,3258.049099999997,2.3196264371358666,0.0,23.188799999999446,12.296099999997296,0.0188906530914768,0.0003820905225968,0.0006476683937823,0.0006513644036604
link,1259,0.8713531536537927,0.0,1680.9848909438779,1813.3350000000003,2547.4035,3257.4392500000004,2.619010522959343,0.0,32.19749999999976,11.686250000000655,0.0212456293105032,0.0008007476643141,0.0,0.000944045687502
link,1260,0.8713531536537927,0.0,1678.3658804209185,1813.3350000000003,2515.206,3245.7529999999997,0.0,0.0,0.0,0.0,0.0032592390276909,8.185340081473975e-05,0.0,0.0002072412493866
link,1261,0.8713531536537927,0.0,1678.3658804209185,1813.3350000000003,2515.206,3245.7529999999997,0.0,0.0,0.0,0.0,0.0153017250787274,0.0004833363922738,0.0006476683937823,0.0013413591323278
link,1262,0.8713531536537927,0.0,1678.3658804209185,1813.3350000000003,2515.206,3245.7529999999997,0.0,0.0,0.0,0.0,0.0002206396254752,8.803916602520537e-05,0.0,0.0006795889206895
link,1263,0.8713531536537927,0.0,1678.6901546556123,1813.3350000000003,2515.206,3245.7529999999997,0.324274234693803,0.0,0.0,0.0,0.0316854530016997,0.0006825537592853,0.0006476683937823,0.0017300873814281
link,1264,0.8707974437343706,0.0005557099194221093,1678.2860169112955,1813.3350000000003,2515.206,3245.7529999999997,-0.07986350962301003,0.0,0.0,0.0,0.024433254494558,0.0007331606616243,0.0006476683937823,0.0009580661470299
link,1265,0.8713531536537927,0.0,1678.4049228316328,1813.3350000000003,2515.206,3245.7529999999997,0.0390424107142735,0.0,0.0,0.0,0.00022268327566,6.581205189688882e-06,0.0,9.82069886811918e-06
link,1266,0.8713531536537927,0.0,1678.3658804209185,1813.3350000000003,2515.206,3245.7529999999997,0.0,0.0,0.0,0.0,0.0108064070891232,0.0019059082734311,0.0,0.0014453317948351
link,1267,0.8713531536537927,0.0,1678.4131147959183,1813.3350000000003,2515.206,3245.7529999999997,0.047234374999789,0.0,0.0,0.0,0.0033858775887621,4.6632641207724886e-05,0.0,0.0001460610787375
link,1268,0.8713531536537927,0.0,1678.3658804209185,1813.3350000000003,2515.206,3245.7529999999997,0.0,0.0,0.0,0.0,0.007656914814379,0.0001637543061846,0.0,0.0002849145815969
link,1269,0.8713531536537927,0.0,1678.3658804209185,1813.3350000000003,2515.206,3245.7529999999997,0.0,0.0,0.0,0.0,0.0045828901093725,4.2223793709991735e-06,0.0,1.4061896152811348e-05
link,1270,0.8713531536537927,0.0,1679.235895727041,1813.3350000000003,2528.4645,3245.7529999999997,0.8700153061224682,0.0,13.258499999999913,0.0,0.0092964756756536,0.0004215871752311,0.0006476683937823,0.000932278905402
link,1271,0.8685746040566824,0.0027785495971103247,1677.3766557901472,1813.3350000000003,2517.916,3245.7529999999997,-0.9892246307713322,0.0,2.7100000000000364,0.0,0.0112017327737158,0.0010449281152776,0.0032383419689119,0.0051909060649712
link,1272,0.8713531536537927,0.0,1678.3658804209185,1813.3350000000003,2515.206,3245.7529999999997,0.0,0.0,0.0,0.0,0.0,0.0,0.0,0.0
link,1273,0.8713531536537927,0.0,1678.379987882653,1813.3350000000003,2515.206,3245.7529999999997,0.014107461734511162,0.0,0.0,0.0,0.0112017327737158,2.195924254825985e-05,0.0,5.927284146742695e-05
link,1274,0.8713531536537927,0.0,1678.3658804209185,1813.3350000000003,2515.206,3245.7529999999997,0.0,0.0,0.0,0.0,0.0002872595938496,7.395087089303273e-06,0.0,5.745200940051429e-06
link,1275,0.8713531536537927,0.0,1679.247073341837,1813.3350000000003,2515.206,3245.7529999999997,0.8811929209184655,0.0,0.0,0.0,0.0173480638521847,0.0075480394452044,0.0,0.001938791385744
link,1276,0.8713531536537927,0.0,1678.3658804209185,1813.3350000000003,2515.206,3245.7529999999997,0.0,0.0,0.0,0.0,0.0080247883047298,0.0004956200869334,0.001943005181347,0.0017265278547485
link,1277,0.8682967490969714,0.003056404556821324,1683.00506176,1818.8680000000002,2548.1269999999986,3245.7529999999997,4.6391813390814605,5.532999999999902,32.92099999999846,0.0,0.0417434131873393,0.0040526599107319,0.0058290155440414,0.0136142052739637
link,1278,0.8710752986940817,0.00027785495971099916,1678.3736800637957,1813.3350000000003,2515.206,3245.7529999999997,0.007799642877216684,0.0,0.0,0.0,0.022396589489313,0.0230538855489474,0.0012953367875647,0.0381260974066129
link,1279,0.8713531536537927,0.0,1679.1119601403063,1813.3350000000003,2517.916,3246.0830000000005,0.7460797193878079,0.0,2.7100000000000364,0.33000000000083674,0.0276841320485109,0.0023260606601873,0.0,0.0019422485986792
link,1280,0.8713531536537927,0.0,1678.3658804209185,1813.3350000000003,2515.206,3245.7529999999997,0.0,0.0,0.0,0.0,0.0037761268381116,0.0001645186054821,0.0,7.722021861109582e-05
link,1281,0.8713531536537927,0.0,1678.3658804209185,1813.3350000000003,2515.206,3245.7529999999997,0.0,0.0,0.0,0.0,0.0070157881036282,0.000492242601237,0.0,0.0002040478274817
link,1282,0.8713531536537927,0.0,1678.990933992347,1813.3350000000003,2541.5060000000003,3245.7529999999997,0.6250535714284524,0.0,26.300000000000182,0.0,0.0221372323703021,0.0005490698159186,0.0,0.0010711407216912
link,1283,0.8713531536537927,0.0,1678.3658804209185,1813.3350000000003,2515.206,3245.7529999999997,0.0,0.0,0.0,0.0,0.0019291024370352,0.0007150862543524,0.0,0.0001547793663419
link,1284,0.8713531536537927,0.0,1678.91334247449,1813.3350000000003,2541.5060000000003,3245.7529999999997,0.5474620535715076,0.0,26.300000000000182,0.0,0.0291530204739303,0.0012190056953247,0.0006476683937823,0.0013642615674325
link,1285,0.8713531536537927,0.0,1678.3658804209185,1813.3350000000003,2515.206,3245.7529999999997,0.0,0.0,0.0,0.0,0.0053521188645899,0.0003085453024695,0.0,0.0002369323874284
link,1286,0.8713531536537927,0.0,1679.410963647959,1813.3350000000003,2547.4035,3245.7529999999997,1.04508322704055,0.0,32.19749999999976,0.0,0.0133522908808687,0.0003971912472224,0.0006476683937823,0.0004821365353981
link,1287,0.8713531536537927,0.0,1678.990933992347,1813.3350000000003,2541.5060000000003,3245.7529999999997,0.6250535714284524,0.0,26.300000000000182,0.0,0.023960460180359,0.0007307437800044,0.0,0.00113839097212
link,1288,0.8713531536537927,0.0,1678.3658804209185,1813.3350000000003,2515.206,3245.7529999999997,0.0,0.0,0.0,0.0,0.0092939138185527,0.0006341589412119,0.0006476683937823,0.0009971769201062
link,1289,0.8713531536537927,0.0,1678.5446731505103,1813.3350000000003,2515.206,3245.7529999999997,0.17879272959180526,0.0,0.0,0.0,0.0052559951544663,0.0002668869736013,0.0012953367875647,0.0006171048413922
link,1290,0.8713531536537927,0.0,1678.3658804209185,1813.3350000000003,2515.206,3245.7529999999997,0.0,0.0,0.0,0.0,0.0245293782046817,0.0008157939615807,0.0,0.0009522465624553
link,1291,0.8713531536537927,0.0,1678.3658804209185,1813.3350000000003,2515.206,3245.7529999999997,0.0,0.0,0.0,0.0,0.0090382622475345,0.0002318891400803,0.0006476683937823,0.0001066123706258
link,1292,0.8713531536537927,0.0,1678.3658804209185,1813.3350000000003,2515.206,3245.7529999999997,0.0,0.0,0.0,0.0,0.020671743714267,0.0005130068615916,0.0,0.0010418293044629
link,1293,0.8713531536537927,0.0,1678.3658804209185,1813.3350000000003,2515.206,3245.7529999999997,0.0,0.0,0.0,0.0,0.0116084638843311,0.0008352378467218,0.0,0.0006936773007698
link,1294,0.8713531536537927,0.0,1678.3658804209185,1813.3350000000003,2515.206,3245.7529999999997,0.0,0.0,0.0,0.0,0.0,0.0,0.0,0.0
link,1295,0.8713531536537927,0.0,1678.3658804209185,1813.3350000000003,2515.206,3245.7529999999997,0.0,0.0,0.0,0.0,0.0113242467812469,0.0008252367271208,0.0,0.0007542193220062
link,1296,0.8713531536537927,0.0,1678.3658804209185,1813.3350000000003,2515.206,3245.7529999999997,0.0,0.0,0.0,0.0,0.0068933698284567,0.0002340256377166,0.0,0.0002450783512683
link,1297,0.8713531536537927,0.0,1678.3658804209185,1813.3350000000003,2515.206,3245.7529999999997,0.0,0.0,0.0,0.0,0.0111877473945299,0.0007433483130766,0.0006476683937823,0.0006505036577402
link,1298,0.8713531536537927,0.0,1679.3762611607144,1813.3350000000003,2547.4035,3245.7529999999997,1.0103807397958917,0.0,32.19749999999976,0.0,0.0187044097454587,0.0010906488102395,0.0012953367875647,0.0011476804619857
link,1299,0.8713531536537927,0.0,1678.3658804209185,1813.3350000000003,2515.206,3245.7529999999997,0.0,0.0,0.0,0.0,0.0156836923033797,0.0005247174739488,0.0,0.0004199435238227
link,1300,0.8713531536537927,0.0,1678.3658804209185,1813.3350000000003,2515.206,3245.7529999999997,0.0,0.0,0.0,0.0,0.0138168799336008,0.0005266474046466,0.0,0.0009152056702907
link,1301,0.8713531536537927,0.0,1678.3922509566326,1813.3350000000003,2515.206,3245.7529999999997,0.02637053571402248,0.0,0.0,0.0,0.0026456354711215,1.8663669923274716e-06,0.0,4.660731216001473e-06
link,1302,0.8713531536537927,0.0,1678.3658804209185,1813.3350000000003,2515.206,3245.7529999999997,0.0,0.0,0.0,0.0,0.0252861557322027,4.823389065310596e-05,0.0,6.981693541588587e-05
link,1303,0.8713531536537927,0.0,1678.3658804209185,1813.3350000000003,2515.206,3245.7529999999997,0.0,0.0,0.0,0.0,0.0217887049206877,0.001215306931787,0.0,0.0007177652420124
link,1304,0.8713531536537927,0.0,1678.5557021683674,1813.3350000000003,2515.206,3245.7529999999997,0.18982174744883196,0.0,0.0,0.0,0.0066437058391995,0.0005291831401037,0.0006476683937823,0.0016126472446086
link,1305,0.8713531536537927,0.0,1678.3731686862245,1813.3350000000003,2515.206,3245.7529999999997,0.007288265305987807,0.0,0.0,0.0,0.0021231030813468,7.269218875115238e-05,0.0006476683937823,2.646096391517656e-05
link,1306,0.8713531536537927,0.0,1678.3658804209185,1813.3350000000003,2515.206,3245.7529999999997,0.0,0.0,0.0,0.0,0.0113263448035852,0.0026268330149623,0.0006476683937823,0.0029569336595705
link,1307,0.8713531536537927,0.0,1678.4174043367348,1813.3350000000003,2515.206,3245.7529999999997,0.05152391581623306,0.0,0.0,0.0,6.996574147414673e-05,2.5897930462657765e-05,0.0,1.2557119047253245e-05
link,1308,0.8713531536537927,0.0,1678.3658804209185,1813.3350000000003,2515.206,3245.7529999999997,0.0,0.0,0.0,0.0,0.0111177816530558,0.0003874359029149,0.0,0.0003541739860012
link,1309,0.8713531536537927,0.0,1678.3658804209185,1813.3350000000003,2515.206,3245.7529999999997,0.0,0.0,0.0,0.0,0.0113745584987226,0.0009622608357952,0.0,0.0007566293263622
link,1310,0.8713531536537927,0.0,1678.9068309948982,1813.3350000000003,2536.424000000001,3245.7529999999997,0.5409505739796714,0.0,21.218000000000757,0.0,0.019945631495046,0.0004313445749823,0.0,0.0006623586028457
link,1311,0.8713531536537927,0.0,1678.3804910714289,1813.3350000000003,2515.206,3245.7529999999997,0.014610650510348933,0.0,0.0,0.0,0.0017059339505859,0.000168258193035,0.0,7.895562731814211e-05
link,1312,0.8713531536537927,0.0,1678.3658804209185,1813.3350000000003,2515.206,3245.7529999999997,0.0,0.0,0.0,0.0,0.0112414432615403,0.0026259108345859,0.0006476683937823,0.0029560561111823
link,1313,0.8713531536537927,0.0,1678.3694987244896,1813.3350000000003,2515.206,3245.7529999999997,0.003618303571101933,0.0,0.0,0.0,0.0118995506290293,0.0001979612775787,0.0,0.0002568583633657
link,1314,0.8713531536537927,0.0,1678.3658804209185,1813.3350000000003,2515.206,3245.7529999999997,0.0,0.0,0.0,0.0,0.0071946525698986,0.0002690609374009,0.0,0.0002817174709215
link,1315,0.8713531536537927,0.0,1678.491235969388,1813.3350000000003,2515.206,3245.7529999999997,0.12535554846954255,0.0,0.0,0.0,0.0179457935382263,0.0005627827130111,0.0006476683937823,0.0018718118017882
link,1316,0.8691303139761045,0.0022228396776882153,1677.6311141304348,1813.3350000000003,2515.206,3245.7529999999997,-0.7347662904837762,0.0,0.0,0.0,0.0136299076192758,0.0004843806687445,0.0058290155440414,0.0009530587154658
link,1317,0.8713531536537927,0.0,1678.3658804209185,1813.3350000000003,2515.206,3245.7529999999997,0.0,0.0,0.0,0.0,0.0,0.0,0.0006476683937823,0.0
link,1318,0.8713531536537927,0.0,1678.3658804209185,1813.3350000000003,2515.206,3245.7529999999997,0.0,0.0,0.0,0.0,0.0,0.0,0.0012953367875647,0.0
link,1319,0.8713531536537927,0.0,1678.4313510841837,1813.3350000000003,2515.206,3245.7529999999997,0.0654706632651596,0.0,0.0,0.0,0.0002668517240331,1.7066778158450266e-05,0.0,3.230667540807189e-05
link,1320,0.8713531536537927,0.0,1678.3658804209185,1813.3350000000003,2515.206,3245.7529999999997,0.0,0.0,0.0,0.0,0.0,0.0,0.0006476683937823,0.0
link,1321,0.8710752986940817,0.00027785495971099916,1678.742585645933,1813.3350000000003,2515.206,3245.7529999999997,0.37670522501457526,0.0,0.0,0.0,0.0,0.0,0.0006476683937823,0.0
link,1322,0.8713531536537927,0.0,1678.3658804209185,1813.3350000000003,2515.206,3245.7529999999997,0.0,0.0,0.0,0.0,0.0,0.0,0.0006476683937823,0.0
link,1323,0.8702417338149486,0.0011114198388441077,1681.4513588761174,1813.3350000000003,2515.206,3245.7529999999997,3.0854784551988814,0.0,0.0,0.0,0.0052464618064825,0.0003515682873655,0.0025906735751294,0.0007879440967743
link,1324,0.8713531536537927,0.0,1678.3658804209185,1813.3350000000003,2515.206,3245.7529999999997,0.0,0.0,0.0,0.0,0.0430808331452798,0.0017059122153172,0.0,0.0044290990132564
link,1325,0.8713531536537927,0.0,1678.3807257653061,1813.3350000000003,2515.206,3245.7529999999997,0.014845344387595105,0.0,0.0,0.0,0.0069958589134169,5.2633095237255937e-05,0.0,0.0001053871748911
link,1326,0.8713531536537927,0.0,1678.3658804209185,1813.3350000000003,2515.206,3245.7529999999997,0.0,0.0,0.0,0.0,0.0,0.0,0.0006476683937823,0.0
link,1327,0.8713531536537927,0.0,1678.4378561862247,1813.3350000000003,2515.206,3245.7529999999997,0.07197576530620609,0.0,0.0,0.0,0.0013938753054863,7.042312308936937e-05,0.0,0.0001210120443749
link,1328,0.8713531536537927,0.0,1678.3658804209185,1813.3350000000003,2515.206,3245.7529999999997,0.0,0.0,0.0,0.0,0.0500766920586967,0.0025678743203798,0.0006476683937823,0.006905012235596
link,1329,0.8713531536537927,0.0,1678.3658804209185,1813.3350000000003,2515.206,3245.7529999999997,0.0,0.0,0.0,0.0,0.0,0.0,0.0006476683937823,0.0
link,1330,0.8702417338149486,0.0011114198388441077,1679.5353882503193,1813.3350000000003,2515.206,3245.7529999999997,1.1695078294008,0.0,0.0,0.0,0.0511570553537352,0.0031698287630412,0.0045336787564766,0.0098507067827691
link,1331,0.8713531536537927,0.0,1678.702546237245,1813.3350000000003,2515.206,3245.7529999999997,0.33666581632655834,0.0,0.0,0.0,0.0186153542096313,0.0007631296480636,0.0,0.0016147171505969
link,1332,0.8713531536537927,0.0,1678.3658804209185,1813.3350000000003,2515.206,3245.7529999999997,0.0,0.0,0.0,0.0,0.0354164372204389,0.0007322147751198,0.0006476683937823,0.0021610599009867
link,1333,0.8713531536537927,0.0,1678.3658804209185,1813.3350000000003,2515.206,3245.7529999999997,0.0,0.0,0.0,0.0,0.0400851275969756,0.0008194567896658,0.0,0.0020041110399014
link,1334,0.8713531536537927,0.0,1706.8787330994899,1847.0259999999998,2576.3595,3245.7529999999997,28.512852678571335,33.690999999999576,61.153499999999894,0.0,0.007782647723141,0.0001996779796153,0.0,0.0004937849991122
link,1335,0.8699638788552375,0.0013892747985552178,1680.0484915362504,1813.3350000000003,2515.206,3245.7529999999997,1.682611115331838,0.0,0.0,0.0,0.0356611323281759,0.00351063886167,0.001943005181347,0.015641456338551
link,1336,0.8713531536537927,0.0,1678.3658804209185,1813.3350000000003,2515.206,3245.7529999999997,0.0,0.0,0.0,0.0,0.0007073745771507,0.0003808934798998,0.0,0.0021787742087294
link,1337,0.8713531536537927,0.0,1678.3658804209185,1813.3350000000003,2515.206,3245.7529999999997,0.0,0.0,0.0,0.0,0.0034077216590184,8.615783438528758e-05,0.0006476683937823,9.018672952629592e-05
link,1338,0.8713531536537927,0.0,1698.5998596938775,1818.8680000000002,2515.206,3245.7529999999997,20.233979272959004,5.532999999999902,0.0,0.0,0.0089757312504922,0.0001014606817948,0.0006476683937823,0.0005030253955386
link,1339,0.8705195887746596,0.0008335648791331085,1679.323781998085,1813.3350000000003,2515.206,3245.7529999999997,0.9579015771664672,0.0,0.0,0.0,0.0372878052578035,0.0043170058378392,0.001943005181347,0.0206517481126584
link,1340,0.8713531536537927,0.0,1678.3658804209185,1813.3350000000003,2515.206,3245.7529999999997,0.0,0.0,0.0,0.0,0.0140968695435951,0.0033196490161971,0.0032383419689119,0.0183196338530172
link,1341,0.8713531536537927,0.0,1698.2813890306124,1818.8680000000002,2515.206,3245.7529999999997,19.915508609693916,5.532999999999902,0.0,0.0,0.030344613065857,0.0003063316662797,0.0,0.0007969777623832
link,1342,0.8713531536537927,0.0,1678.3658804209185,1813.3350000000003,2515.206,3245.7529999999997,0.0,0.0,0.0,0.0,0.0010769686158928,4.522069703853862e-06,0.0,8.334518582283591e-06
link,1343,0.8713531536537927,0.0,1723.8081345663268,1875.4920000000004,2601.0189999999993,3245.7529999999997,45.44225414540824,62.15700000000015,85.81299999999919,0.0,0.0081812662068568,0.0004687738600862,0.0,0.0005885818269775
link,1344,0.8707974437343706,0.0005557099194221093,1692.168217932355,1818.5775,2528.6551000000004,3245.7529999999997,13.802337511436463,5.242499999999836,13.449100000000271,0.0,0.0051607094024827,0.0004079917313466,0.0006476683937823,0.0009858383919975
link,1345,0.8713531536537927,0.0,1678.3658804209185,1813.3350000000003,2515.206,3245.7529999999997,0.0,0.0,0.0,0.0,0.0,0.0,0.0006476683937823,0.0
link,1346,0.8713531536537927,0.0,1693.3378864795918,1818.8680000000002,2543.0460000000003,3247.91225,14.972006058673287,5.532999999999902,27.840000000000146,2.1592500000001564,0.008879941196232,0.0010378654664896,0.0,0.0019116027567564
link,1347,0.8713531536537927,0.0,1678.3658804209185,1813.3350000000003,2515.206,3245.7529999999997,0.0,0.0,0.0,0.0,0.0182094997580586,0.0001505097959581,0.0006476683937823,0.0007193675483141
link,1348,0.8710752986940817,0.00027785495971099916,1698.6157649122808,1818.8680000000002,2515.206,3245.7529999999997,20.24988449136231,5.532999999999902,0.0,0.0,0.0123834529095106,0.0005568023084372,0.0025906735751294,0.0021002882866145
link,1349,0.8705195887746596,0.0008335648791331085,1679.323781998085,1813.3350000000003,2515.206,3245.7529999999997,0.9579015771664672,0.0,0.0,0.0,0.0365401982670969,0.003891685581895,0.001943005181347,0.0183490546285663
link,1350,0.8713531536537927,0.0,1678.3658804209185,1813.3350000000003,2515.206,3245.7529999999997,0.0,0.0,0.0,0.0,0.0004017090283892,0.0002320948004588,0.0,0.0012372981709261
link,1351,0.8713531536537927,0.0,1678.3658804209185,1813.3350000000003,2515.206,3245.7529999999997,0.0,0.0,0.0,0.0,0.0287562488134166,0.0033596671026744,0.0,0.0045301432532899
link,1352,0.8713531536537927,0.0,1678.3658804209185,1813.3350000000003,2515.206,3245.7529999999997,0.0,0.0,0.0,0.0,0.0349881892989411,0.0027108974438063,0.001943005181347,0.0135687342427882
link,1353,0.8707974437343706,0.0005557099194221093,1678.9019913848117,1813.3350000000003,2515.206,3245.7529999999997,0.5361109638931794,0.0,0.0,0.0,0.0511570553537352,0.0031698287630412,0.0045336787564766,0.0098507067827691
link,1354,0.8713531536537927,0.0,1678.3658804209185,1813.3350000000003,2515.206,3245.7529999999997,0.0,0.0,0.0,0.0,0.0001769317280732,0.0001489222019079,0.0006476683937823,0.0005449648577767
link,1355,0.8713531536537927,0.0,1706.2747375637755,1847.0259999999998,2576.3595,3245.7529999999997,27.90885714285696,33.690999999999576,61.153499999999894,0.0,0.0131645521189246,0.0002603407595648,0.0,0.0005557377529008
link,1356,0.8713531536537927,0.0,1678.3658804209185,1813.3350000000003,2515.206,3245.7529999999997,0.0,0.0,0.0,0.0,0.0219768439598228,0.0007714871125263,0.0,0.0019279165941826
link,1357,0.8713531536537927,0.0,1678.3658804209185,1813.3350000000003,2515.206,3245.7529999999997,0.0,0.0,0.0,0.0,0.0173653067382776,0.0001764754944797,0.0,0.000542166556224
link,1358,0.8713531536537927,0.0,1699.0924977678571,1818.8680000000002,2515.206,3245.7529999999997,20.72661734693861,5.532999999999902,0.0,0.0,0.0095625873801114,0.0001118552694988,0.0,0.0003529722866443
link,1359,0.8713531536537927,0.0,1678.3658804209185,1813.3350000000003,2515.206,3245.7529999999997,0.0,0.0,0.0,0.0,0.0,0.0,0.0,0.0
link,1360,0.8710752986940817,0.00027785495971099916,1698.885807017544,1818.8680000000002,2515.206,3245.7529999999997,20.51992659662551,5.532999999999902,0.0,0.0,0.0090490913380177,0.0001267667355137,0.0006476683937823,0.0007289807405761
link,1361,0.8713531536537927,0.0,1698.4297101403063,1818.8680000000002,2515.206,3245.7529999999997,20.06382971938774,5.532999999999902,0.0,0.0,0.0118822757438825,0.0001208065135988,0.0025906735751294,0.0005566197441672
link,1362,0.8713531536537927,0.0,1678.3658804209185,1813.3350000000003,2515.206,3245.7529999999997,0.0,0.0,0.0,0.0,0.0282768118790517,0.0003279069335036,0.0,0.0007639607524893
link,1363,0.8713531536537927,0.0,1678.3658804209185,1813.3350000000003,2515.206,3245.7529999999997,0.0,0.0,0.0,0.0,0.0155918481842567,0.0006811111010246,0.0006476683937823,0.0010305298839829
link,1364,0.8699638788552375,0.0013892747985552178,1679.0467595017567,1813.3350000000003,2515.206,3245.7529999999997,0.6808790808381673,0.0,0.0,0.0,0.0100533184437843,0.0018206416598657,0.0032383419689119,0.0058651505671831
link,1365,0.8713531536537927,0.0,1726.8215988520408,1846.3230000000003,2587.765,3245.7529999999997,48.45571843112225,32.988000000000056,72.55899999999974,0.0,0.0164716901277404,0.0006923931395314,0.0,0.0009972737812371
link,1366,0.8713531536537927,0.0,1678.3658804209185,1813.3350000000003,2515.206,3245.7529999999997,0.0,0.0,0.0,0.0,0.0024836548463521,0.0003600344293846,0.0,0.0001934232280007
link,1367,0.8713531536537927,0.0,1678.3658804209185,1813.3350000000003,2515.206,3245.7529999999997,0.0,0.0,0.0,0.0,0.0235634259466037,0.0002574408277751,0.0006476683937823,0.0007447048414704
link,1368,0.8713531536537927,0.0,1678.3658804209185,1813.3350000000003,2515.206,3245.7529999999997,0.0,0.0,0.0,0.0,0.0,0.0,0.0,0.0
link,1369,0.8713531536537927,0.0,1678.8904056122449,1813.3350000000003,2515.206,3245.7529999999997,0.5245251913263473,0.0,0.0,0.0,0.0197619970897417,0.0005824056175092,0.0,0.001237993387545
link,1370,0.8713531536537927,0.0,1678.3658804209185,1813.3350000000003,2515.206,3245.7529999999997,0.0,0.0,0.0,0.0,0.0224431791348774,0.0002978761562423,0.0,0.0009730255025337
link,1371,0.8713531536537927,0.0,1678.3658804209185,1813.3350000000003,2515.206,3245.7529999999997,0.0,0.0,0.0,0.0,0.0,0.0,0.0,0.0
link,1372,0.8713531536537927,0.0,1723.6535660076534,1875.4920000000004,2601.0189999999993,3245.7529999999997,45.287685586734824,62.15700000000015,85.81299999999919,0.0,0.0079954463339973,0.0003984594832763,0.0006476683937823,0.0018161977474983
link,1373,0.8713531536537927,0.0,1678.3658804209185,1813.3350000000003,2515.206,3245.7529999999997,0.0,0.0,0.0,0.0,0.0291578507376969,0.0005861351499669,0.0,0.0009860487835413
link,1374,0.8713531536537927,0.0,1678.3658804209185,1813.3350000000003,2515.206,3245.7529999999997,0.0,0.0,0.0,0.0,0.0215371092763706,0.0002156492473717,0.0,0.0006028369796391
link,1375,0.8713531536537927,0.0,1678.3658804209185,1813.3350000000003,2515.206,3245.7529999999997,0.0,0.0,0.0,0.0,0.0354164372204389,0.0006606679743375,0.0,0.0017980122034733
link,1376,0.8713531536537927,0.0,1678.4076425382652,1813.3350000000003,2515.206,3245.7529999999997,0.04176211734670687,0.0,0.0,0.0,0.0002265005918349,1.3587473959864483e-06,0.0,5.342444539353847e-06
link,1377,0.8705195887746596,0.0008335648791331085,1678.741245132461,1813.3350000000003,2515.206,3245.7529999999997,0.3753647115424883,0.0,0.0,0.0,0.0,0.0,0.0006476683937823,0.0
link,1378,0.8713531536537927,0.0,1678.3679677933676,1813.3350000000003,2515.206,3245.7529999999997,0.0020873724490684253,0.0,0.0,0.0,0.0040702143095591,0.0003955672632206,0.0,0.0004976617071111
link,1379,0.8713531536537927,0.0,1678.3658804209185,1813.3350000000003,2515.206,3245.7529999999997,0.0,0.0,0.0,0.0,0.0169672024641233,0.0030382824837647,0.0064766839378237,0.0192340504590352
link,1380,0.8713531536537927,0.0,1678.3658804209185,1813.3350000000003,2515.206,3245.7529999999997,0.0,0.0,0.0,0.0,0.0236718970872988,0.0015216344015961,0.001943005181347,0.0087472822248185
link,1381,0.8713531536537927,0.0,1678.3658804209185,1813.3350000000003,2515.206,3245.7529999999997,0.0,0.0,0.0,0.0,0.0,0.0,0.0,0.0
link,1382,0.8713531536537927,0.0,1678.3658804209185,1813.3350000000003,2515.206,3245.7529999999997,0.0,0.0,0.0,0.0,0.0,0.0,0.0,0.0
link,1383,0.8713531536537927,0.0,1678.3658804209185,1813.3350000000003,2515.206,3245.7529999999997,0.0,0.0,0.0,0.0,0.0,0.0,0.0,0.0
link,1384,0.8713531536537927,0.0,1678.850716517857,1813.3350000000003,2515.206,3245.7529999999997,0.48483609693857943,0.0,0.0,0.0,0.0026015193772651,0.0002043194815548,0.0006476683937823,0.0005382053686163
link,1385,0.8713531536537927,0.0,1678.3658804209185,1813.3350000000003,2515.206,3245.7529999999997,0.0,0.0,0.0,0.0,0.0097626666187336,0.0003038665332169,0.0,0.0008628860759892
link,1386,0.8713531536537927,0.0,1678.3658804209185,1813.3350000000003,2515.206,3245.7529999999997,0.0,0.0,0.0,0.0,0.0259756131055383,0.0018156444877121,0.0,0.0058406344818482
link,1387,0.8713531536537927,0.0,1678.375523915816,1813.3350000000003,2515.206,3245.7529999999997,0.009643494897545679,0.0,0.0,0.0,0.002284029146063,5.04274252089579e-06,0.0,1.2440111373265985e-05
link,1388,0.8713531536537927,0.0,1678.3679677933676,1813.3350000000003,2515.206,3245.7529999999997,0.0020873724490684253,0.0,0.0,0.0,0.004722569156259,0.0005428259721406,0.0,0.0006516701938366
link,1389,0.8713531536537927,0.0,1678.3658804209185,1813.3350000000003,2515.206,3245.7529999999997,0.0,0.0,0.0,0.0,0.0075177365431433,0.0004025041373696,0.001943005181347,0.0010847417631261
link,1390,0.8713531536537927,0.0,1678.3658804209185,1813.3350000000003,2515.206,3245.7529999999997,0.0,0.0,0.0,0.0,0.0210258097478683,0.0006576598045038,0.0,0.001514374860634
link,1391,0.8713531536537927,0.0,1683.1124413265306,1818.8680000000002,2576.3595,3245.7529999999997,4.746560905612114,5.532999999999902,61.153499999999894,0.0,0.0059627103462289,0.0006892918040398,0.0006476683937823,0.001166258101082
link,1392,0.8682967490969714,0.003056404556821324,1675.8449385600002,1813.3350000000003,2515.206,3245.7529999999997,-2.520941860918356,0.0,0.0,0.0,0.0303148583558824,0.0036402713170249,0.001943005181347,0.0279345159738273
link,1393,0.8710752986940817,0.00027785495971099916,1678.916254226475,1813.3350000000003,2515.206,3245.7529999999997,0.5503738055565464,0.0,0.0,0.0,0.0242589627531087,0.0001979643511459,0.0006476683937823,0.0005806573235412
link,1394,0.8713531536537927,0.0,1678.3658804209185,1813.3350000000003,2515.206,3245.7529999999997,0.0,0.0,0.0,0.0,0.0167997592363985,0.0004158965200451,0.0,0.0006475640785736
link,1395,0.8713531536537927,0.0,1678.5386814413264,1813.3350000000003,2515.206,3245.7529999999997,0.17280102040786005,0.0,0.0,0.0,0.0001289878147071,2.785956092157061e-05,0.0,2.0371689645383937e-05
link,1396,0.8713531536537927,0.0,1678.3658804209185,1813.3350000000003,2515.206,3245.7529999999997,0.0,0.0,0.0,0.0,0.0126648696510825,0.0014035340830831,0.0,0.0022951346423152
link,1397,0.8713531536537927,0.0,1678.3658804209185,1813.3350000000003,2515.206,3245.7529999999997,0.0,0.0,0.0,0.0,0.0018374413843268,2.1278427930165836e-05,0.0,1.958077260150754e-05
link,1398,0.8713531536537927,0.0,1678.3658804209185,1813.3350000000003,2515.206,3245.7529999999997,0.0,0.0,0.0,0.0,0.012205942866604,1.078446948811678e-05,0.0,1.5483198421375993e-05
link,1399,0.8713531536537927,0.0,1678.3658804209185,1813.3350000000003,2515.206,3245.7529999999997,0.0,0.0,0.0,0.0,0.0,0.0,0.0006476683937823,0.0
link,1400,0.8713531536537927,0.0,1678.3658804209185,1813.3350000000003,2515.206,3245.7529999999997,0.0,0.0,0.0,0.0,0.0011554687562598,0.0003913183521791,0.001943005181347,0.0035589426118085
link,1401,0.8705195887746596,0.0008335648791331085,1678.1824963293968,1813.3350000000003,2515.206,3245.7529999999997,-0.18338409152170243,0.0,0.0,0.0,0.0015618095163584,0.0007300348089794,0.005181347150259,0.0048105069126128
link,1402,0.8713531536537927,0.0,1678.3658804209185,1813.3350000000003,2515.206,3245.7529999999997,0.0,0.0,0.0,0.0,0.0,0.0,0.0,0.0
link,1403,0.8713531536537927,0.0,1678.3658804209185,1813.3350000000003,2515.206,3245.7529999999997,0.0,0.0,0.0,0.0,6.727202939086304e-05,3.745679352695582e-05,0.0,0.0002072036051904
link,1404,0.8713531536537927,0.0,1678.3658804209185,1813.3350000000003,2515.206,3245.7529999999997,0.0,0.0,0.0,0.0,0.0017361117803147,0.0006509020453,0.005181347150259,0.0053473727959767
link,1405,0.8713531536537927,0.0,1678.3658804209185,1813.3350000000003,2515.206,3245.7529999999997,0.0,0.0,0.0,0.0,0.0036774611518164,0.0018107924454088,0.0,0.0113268949294955
link,1406,0.8713531536537927,0.0,1678.3658804209185,1813.3350000000003,2515.206,3245.7529999999997,0.0,0.0,0.0,0.0,3.401239139139593e-05,5.122720203108359e-07,0.0,2.671378169122341e-06
link,1407,0.8713531536537927,0.0,1678.4515200892859,1813.3350000000003,2515.206,3245.7529999999997,0.08563966836732106,0.0,0.0,0.0,0.0137030411127303,0.000317126432332,0.0,0.0007541134622469
link,1408,0.8713531536537927,0.0,1678.3658804209185,1813.3350000000003,2515.206,3245.7529999999997,0.0,0.0,0.0,0.0,0.0,0.0,0.001943005181347,0.0
link,1409,0.8713531536537927,0.0,1678.3658804209185,1813.3350000000003,2515.206,3245.7529999999997,0.0,0.0,0.0,0.0,0.0,0.0,0.0006476683937823,0.0
link,1410,0.8713531536537927,0.0,1678.3658804209185,1813.3350000000003,2515.206,3245.7529999999997,0.0,0.0,0.0,0.0,0.0,0.0,0.0006476683937823,0.0
link,1411,0.8707974437343706,0.0005557099194221093,1678.3642479259734,1813.3350000000003,2515.206,3245.7529999999997,-0.0016324949451700377,0.0,0.0,0.0,6.352981557638832e-05,6.020152138209604e-06,0.0006476683937823,5.807031187965943e-05
link,1412,0.8713531536537927,0.0,1678.3658804209185,1813.3350000000003,2515.206,3245.7529999999997,0.0,0.0,0.0,0.0,0.0056867873797436,0.0004290881326738,0.0,0.0004916939668129
link,1413,0.8713531536537927,0.0,1683.7061913265306,1818.8680000000002,2515.206,3245.7529999999997,5.340310905612114,5.532999999999902,0.0,0.0,0.0054776095209318,0.0006831138965645,0.0,0.0011279952451881
link,1414,0.8713531536537927,0.0,1682.789950255102,1818.5775,2515.206,3245.7529999999997,4.424069834183456,5.242499999999836,0.0,0.0,0.0053340340085422,0.0006159735197316,0.0,0.0010509382517168
link,1415,0.8713531536537927,0.0,1678.3658804209185,1813.3350000000003,2515.206,3245.7529999999997,0.0,0.0,0.0,0.0,0.0001240783413316,7.086173849925498e-05,0.0006476683937823,0.0003821719053633
link,1416,0.8713531536537927,0.0,1678.3658804209185,1813.3350000000003,2515.206,3245.7529999999997,0.0,0.0,0.0,0.0,0.0056867873797436,0.0004290881326738,0.0,0.0004916939668129
link,1417,0.8713531536537927,0.0,1678.3658804209185,1813.3350000000003,2515.206,3245.7529999999997,0.0,0.0,0.0,0.0,0.0,0.0,0.0006476683937823,0.0
link,1418,0.8713531536537927,0.0,1678.3658804209185,1813.3350000000003,2515.206,3245.7529999999997,0.0,0.0,0.0,0.0,0.0087662350894265,0.0005069353178993,0.0,0.0007665013064018
link,1419,0.8713531536537927,0.0,1678.9900513392856,1813.3350000000003,2515.206,3245.7529999999997,0.6241709183670991,0.0,0.0,0.0,0.0081149084412364,0.0012269271176353,0.0006476683937823,0.00267537587771
link,1420,0.8713531536537927,0.0,1678.3658804209185,1813.3350000000003,2515.206,3245.7529999999997,0.0,0.0,0.0,0.0,1.5943645232610112e-05,7.429780047047587e-06,0.001943005181347,4.910779118728787e-05
link,1421,0.8710752986940817,0.00027785495971099916,1678.291293460925,1813.3350000000003,2515.206,3245.7529999999997,-0.07458695999343945,0.0,0.0,0.0,0.001706257793971,0.0006368780536865,0.005181347150259,0.0052554199642316
link,1422,0.8710752986940817,0.00027785495971099916,1678.301832216906,1813.3350000000003,2515.206,3245.7529999999997,-0.06404820401257894,0.0,0.0,0.0,0.0,0.0,0.0006476683937823,0.0
link,1423,0.8713531536537927,0.0,1683.0791884566327,1813.3350000000003,2564.3940000000002,3245.7529999999997,4.713308035714135,0.0,49.1880000000001,0.0,0.026008883807192,0.0011651921217755,0.0006476683937823,0.0020080930777986
link,1424,0.8713531536537927,0.0,1678.3658804209185,1813.3350000000003,2515.206,3245.7529999999997,0.0,0.0,0.0,0.0,0.0080928567067234,0.0004383303904389,0.0006476683937823,0.000573741197128
link,1425,0.8713531536537927,0.0,1678.3658804209185,1813.3350000000003,2515.206,3245.7529999999997,0.0,0.0,0.0,0.0,0.0116152499800685,0.0027054875488641,0.0,0.0030266800142674
link,1426,0.8713531536537927,0.0,1680.095736607143,1813.3350000000003,2528.4645,3245.7529999999997,1.7298561862244242,0.0,13.258499999999913,0.0,0.0220800285531515,0.0005519455753389,0.0,0.0010755186202299
link,1427,0.8713531536537927,0.0,1681.7683989158163,1813.3350000000003,2545.7080000000005,3245.7529999999997,3.4025184948977767,0.0,30.502000000000407,0.0,0.0223689337296348,0.0008910046993683,0.0,0.001660047543921
link,1428,0.8713531536537927,0.0,1678.3658804209185,1813.3350000000003,2515.206,3245.7529999999997,0.0,0.0,0.0,0.0,0.0085000491012111,0.0020991499912307,0.0006476683937823,0.0015191490970077
link,1429,0.8713531536537927,0.0,1680.4730746173468,1813.3350000000003,2540.3509999999997,3245.7529999999997,2.1071941964282814,0.0,25.144999999999527,0.0,0.0250662923699559,0.0008567761312453,0.0006476683937823,0.0013308858015006
link,1430,0.8713531536537927,0.0,1678.3658804209185,1813.3350000000003,2515.206,3245.7529999999997,0.0,0.0,0.0,0.0,0.00873736197288,0.0015359376433663,0.0,0.0006727622830441
link,1431,0.8713531536537927,0.0,1681.7326881377553,1813.3350000000003,2528.4645,3245.7529999999997,3.3668077168367745,0.0,13.258499999999913,0.0,0.0218332388893747,0.0011224483017778,0.0,0.0017563635445802
link,1432,0.8713531536537927,0.0,1678.399314732143,1813.3350000000003,2515.206,3245.7529999999997,0.03343431122448237,0.0,0.0,0.0,0.0104802333172724,4.962295981046464e-06,0.0,7.916104074027091e-06
link,1433,0.8713531536537927,0.0,1678.3658804209185,1813.3350000000003,2515.206,3245.7529999999997,0.0,0.0,0.0,0.0,0.0155286504899195,0.0006224353280201,0.0,0.001012123118624
link,1434,0.8713531536537927,0.0,1678.5249722576532,1813.3350000000003,2517.916,3245.7529999999997,0.15909183673466032,0.0,2.7100000000000364,0.0,0.0028052688040498,7.241913232508551e-05,0.0006476683937823,6.685748812054134e-05
link,1435,0.8713531536537927,0.0,1678.3658804209185,1813.3350000000003,2515.206,3245.7529999999997,0.0,0.0,0.0,0.0,0.0090045183299568,0.0002304542446909,0.0,0.0001061283778594
link,1436,0.8710752986940817,0.00027785495971099916,1678.1999438596492,1813.3350000000003,2515.206,3245.7529999999997,-0.1659365612692909,0.0,0.0,0.0,0.0,0.0,0.0,0.0
link,1437,0.8710752986940817,0.00027785495971099916,1678.120485167464,1813.3350000000003,2515.206,3245.7529999999997,-0.24539525345448965,0.0,0.0,0.0,0.0025781090068519,0.0001400835834778,0.001943005181347,0.000506581120833
link,1438,0.8713531536537927,0.0,1678.3658804209185,1813.3350000000003,2515.206,3245.7529999999997,0.0,0.0,0.0,0.0,0.0001362779897168,1.1465889347367722e-06,0.0,2.272293335737215e-06
link,1439,0.8705195887746596,0.0008335648791331085,1677.6584222789656,1813.3350000000003,2515.206,3245.7529999999997,-0.707458141952884,0.0,0.0,0.0,0.0188921413309687,0.0101807821572316,0.0038860103626943,0.0567869866086572
link,1440,0.8713531536537927,0.0,1678.3658804209185,1813.3350000000003,2515.206,3245.7529999999997,0.0,0.0,0.0,0.0,0.0006564721929483,0.000440028398502,0.0,0.002021990511032
link,1441,0.8707974437343706,0.0005557099194221093,1677.814074345884,1813.3350000000003,2513.5215000000017,3245.7529999999997,-0.5518060750346194,0.0,-1.6844999999984793,0.0,0.0095496002696437,0.0039562351234351,0.0006476683937823,0.0219034096147498
link,1442,0.8713531536537927,0.0,1679.5021125637754,1813.3350000000003,2524.307,3245.7529999999997,1.1362321428568976,0.0,9.100999999999658,0.0,0.0266257586629844,0.0008617267031788,0.0,0.0012204758725148
link,1443,0.8713531536537927,0.0,1678.3658804209185,1813.3350000000003,2515.206,3245.7529999999997,0.0,0.0,0.0,0.0,0.0016767660572163,0.0012265242851277,0.0012953367875647,0.0051645828922087
link,1444,0.8696860238955265,0.001667129758266217,1676.661756549521,1813.3350000000003,2503.847,3245.7529999999997,-1.7041238713975417,0.0,-11.358999999999924,0.0,0.0037978643495131,0.0032758455344432,0.0012953367875647,0.0116977470780795
link,1445,0.8713531536537927,0.0,1678.3658804209185,1813.3350000000003,2515.206,3245.7529999999997,0.0,0.0,0.0,0.0,0.0006206593379398,0.000629819108519,0.0,0.0019116838540584
link,1446,0.8707974437343706,0.0005557099194221093,1677.9946282705807,1813.3350000000003,2515.206,3245.7529999999997,-0.3712521503377957,0.0,0.0,0.0,0.0,0.0,0.0006476683937823,0.0
link,1447,0.8677410391775493,0.003612114476243433,1675.5302731348065,1813.3350000000003,2519.542000000001,3245.7529999999997,-2.8356072861120083,0.0,4.336000000000695,0.0,0.0070876325254678,0.0047413211881985,0.0,0.0218305144774116
link,1448,0.8710752986940817,0.00027785495971099916,1677.9110414673046,1813.3350000000003,2515.206,3245.7529999999997,-0.4548389536139439,0.0,0.0,0.0,0.0,0.0,0.0,0.0
link,1449,0.8710752986940817,0.00027785495971099916,1677.8631614035087,1813.3350000000003,2515.206,3214.821399999988,-0.502719017409845,0.0,0.0,-30.931600000011713,0.0,0.0,0.0,0.0
link,1450,0.8713531536537927,0.0,1680.256349489796,1813.3350000000003,2515.206,3245.7529999999997,1.8904690688775645,0.0,0.0,0.0,0.0479282911596405,0.0017321559049566,0.001943005181347,0.0025160189340319
link,1451,0.8710752986940817,0.00027785495971099916,1678.4073556618819,1813.3350000000003,2515.206,3245.7529999999997,0.041475240963336546,0.0,0.0,0.0,0.0058409594641997,0.0003170456819084,0.0025906735751294,0.0005386389369793
link,1452,0.8713531536537927,0.0,1678.3658804209185,1813.3350000000003,2515.206,3245.7529999999997,0.0,0.0,0.0,0.0,0.0026576468755085,0.000150699430667,0.0012953367875647,3.373419826141194e-05
link,1453,0.8710752986940817,0.00027785495971099916,1678.4073556618819,1813.3350000000003,2515.206,3245.7529999999997,0.041475240963336546,0.0,0.0,0.0,0.0030266531539937,0.0001402929548556,0.0006476683937823,0.0002705394625971
link,1454,0.8713531536537927,0.0,1678.3658804209185,1813.3350000000003,2515.206,3245.7529999999997,0.0,0.0,0.0,0.0,0.0,0.0,0.0006476683937823,0.0
link,1455,0.8713531536537927,0.0,1678.3658804209185,1813.3350000000003,2515.206,3245.7529999999997,0.0,0.0,0.0,0.0,0.0072525671812146,0.0001480704325021,0.0,0.000321825016166
link,1456,0.8713531536537927,0.0,1678.5107375637756,1813.3350000000003,2515.206,3245.7529999999997,0.14485714285706308,0.0,0.0,0.0,0.0076830823184098,0.0001122785612215,0.0,0.0002477042741901
link,1457,0.8710752986940817,0.00027785495971099916,1678.3430698564594,1813.3350000000003,2515.206,3245.7529999999997,-0.02281056445917784,0.0,0.0,0.0,0.0,0.0,0.0,0.0
link,1458,0.8710752986940817,0.00027785495971099916,1678.3430698564594,1813.3350000000003,2515.206,3245.7529999999997,-0.02281056445917784,0.0,0.0,0.0,0.0,0.0,0.0,0.0
link,1459,0.8710752986940817,0.00027785495971099916,1678.232451674641,1813.3350000000003,2515.206,3245.7529999999997,-0.13342874627755918,0.0,0.0,0.0,0.0208477008471674,0.0014713370618008,0.0006476683937823,0.0015137131503219
link,1460,0.8710752986940817,0.00027785495971099916,1678.374519617225,1813.3350000000003,2515.206,3245.7529999999997,0.008639196306376107,0.0,0.0,0.0,0.0049094299067745,0.0018310864436323,0.0006476683937823,0.0151214640813514
link,1461,0.8713531536537927,0.0,1678.3658804209185,1813.3350000000003,2515.206,3245.7529999999997,0.0,0.0,0.0,0.0,0.0003828203614006,0.0001826359683444,0.0,0.0011791194608038
link,1462,0.8707974437343706,0.0005557099194221093,1679.0210293554564,1813.3350000000003,2528.6551000000004,3245.7529999999997,0.6551489345379196,0.0,13.449100000000271,0.0,0.0307356816132177,0.0032858439913732,0.0025906735751294,0.0076917642625515
link,1463,0.8713531536537927,0.0,1678.4214110331632,1813.3350000000003,2515.206,3245.7529999999997,0.05553061224463818,0.0,0.0,0.0,0.0007454547403512,4.666037349678123e-05,0.0,2.3379860439548077e-05
link,1464,0.8713531536537927,0.0,1678.3658804209185,1813.3350000000003,2515.206,3245.7529999999997,0.0,0.0,0.0,0.0,0.0002931929681456,5.533721563591887e-05,0.0,2.0168962228851217e-06
link,1465,0.8707974437343706,0.0005557099194221093,1679.2329747925974,1813.3350000000003,2515.206,3245.7529999999997,0.8670943716788315,0.0,0.0,0.0,4.642723813424605e-05,3.2197088416620424e-05,0.0006476683937823,0.0001429998649892
link,1466,0.8710752986940817,0.00027785495971099916,1678.7579821371612,1813.3350000000003,2515.206,3245.7529999999997,0.39210171624267787,0.0,0.0,0.0,0.0216814287582332,0.0003419314663639,0.0012953367875647,0.0027638197618375
link,1467,0.8713531536537927,0.0,1678.3658804209185,1813.3350000000003,2515.206,3245.7529999999997,0.0,0.0,0.0,0.0,0.0,0.0,0.0,0.0
link,1468,0.8713531536537927,0.0,1678.3658804209185,1813.3350000000003,2515.206,3245.7529999999997,0.0,0.0,0.0,0.0,0.0007831670938588,0.0001363300514292,0.0,5.986218865408176e-05
link,1469,0.8713531536537927,0.0,1678.3658804209185,1813.3350000000003,2515.206,3245.7529999999997,0.0,0.0,0.0,0.0,0.0065838314791967,0.0045012527183192,0.0045336787564766,0.0202787641581286
link,1470,0.8710752986940817,0.00027785495971099916,1690.3704988835727,1853.893,2537.736,3245.7529999999997,12.004618462654207,40.557999999999765,22.529999999999745,0.0,0.0255314235131165,0.0010385378690051,0.0025906735751294,0.006265876703479
link,1471,0.8707974437343706,0.0005557099194221093,1679.0054125717934,1813.3350000000003,2515.206,3245.7529999999997,0.6395321508748566,0.0,0.0,0.0,0.0003813106223628,4.498728561114221e-05,0.0012953367875647,5.3568736236158165e-05
link,1472,0.8713531536537927,0.0,1678.3658804209185,1813.3350000000003,2515.206,3245.7529999999997,0.0,0.0,0.0,0.0,4.189120238941045e-05,2.683388942041636e-05,0.0006476683937823,0.000129028486868
link,1473,0.8713531536537927,0.0,1678.3658804209185,1813.3350000000003,2515.206,3245.7529999999997,0.0,0.0,0.0,0.0,0.0042804781265869,7.414814644129894e-05,0.0,9.67830824462592e-05
link,1474,0.8713531536537927,0.0,1678.3658804209185,1813.3350000000003,2515.206,3245.7529999999997,0.0,0.0,0.0,0.0,0.0,0.0,0.0,0.0
link,1475,0.8713531536537927,0.0,1678.410199617347,1813.3350000000003,2515.206,3245.7529999999997,0.044319196428432406,0.0,0.0,0.0,0.0042590020221004,0.0002490833236093,0.0,0.0002667861126792
link,1476,0.8713531536537927,0.0,1678.3658804209185,1813.3350000000003,2515.206,3245.7529999999997,0.0,0.0,0.0,0.0,0.0195635872532796,0.0026124440080282,0.0,0.0040771756618979
link,1477,0.8713531536537927,0.0,1678.3658804209185,1813.3350000000003,2515.206,3245.7529999999997,0.0,0.0,0.0,0.0,0.0,0.0,0.0006476683937823,0.0
link,1478,0.8713531536537927,0.0,1678.398888392857,1813.3350000000003,2515.206,3245.7529999999997,0.03300797193855942,0.0,0.0,0.0,0.0433586252895496,0.0042148130380024,0.0032383419689119,0.0099415246986901
link,1479,0.8713531536537927,0.0,1678.3658804209185,1813.3350000000003,2515.206,3245.7529999999997,0.0,0.0,0.0,0.0,0.0169207947388604,0.0032261958696094,0.0,0.0041175922289326
link,1480,0.8610725201444845,0.01028063350930819,1681.002567925137,1823.145,2531.762000000004,3246.616699999999,2.636687504218571,9.809999999999718,16.556000000003678,0.8636999999994259,0.0094586013779472,0.0072210913607291,0.0045336787564766,0.0291333013633794
link,1481,0.8713531536537927,0.0,1678.3658804209185,1813.3350000000003,2515.206,3245.7529999999997,0.0,0.0,0.0,0.0,0.0020848735557484,0.0013598490598607,0.0006476683937823,0.0064215888985208
link,1482,0.8713531536537927,0.0,1678.521144132653,1813.3350000000003,2515.206,3245.7529999999997,0.1552637117345057,0.0,0.0,0.0,0.0212182064461234,7.394670214276141e-05,0.0,8.299300969316318e-05
link,1483,0.8713531536537927,0.0,1678.3658804209185,1813.3350000000003,2515.206,3245.7529999999997,0.0,0.0,0.0,0.0,0.0,0.0,0.0,0.0
link,1484,0.8691303139761045,0.0022228396776882153,1679.402749680307,1813.3350000000003,2516.832000000001,3245.7529999999997,1.036869259388368,0.0,1.6260000000006585,0.0,0.0011563420701083,0.0005089988534277,0.0006476683937823,0.0035616324931679
link,1485,0.8713531536537927,0.0,1678.3658804209185,1813.3350000000003,2515.206,3245.7529999999997,0.0,0.0,0.0,0.0,0.001513313038562,0.000109504394209,0.0,0.0002526108887875
link,1486,0.8713531536537927,0.0,1678.3942544642857,1813.3350000000003,2515.206,3245.7529999999997,0.028374043367193735,0.0,0.0,0.0,0.0071950905768512,0.0008867057713768,0.0,0.0029096142740582
link,1487,0.8710752986940817,0.00027785495971099916,1678.1918749601275,1813.3350000000003,2515.206,3245.7529999999997,-0.17400546079102241,0.0,0.0,0.0,0.0,0.0,0.0006476683937823,0.0
link,1488,0.8713531536537927,0.0,1678.5192796556123,1813.3350000000003,2515.206,3245.7529999999997,0.15339923469377936,0.0,0.0,0.0,0.0025449251379546,0.0002766461132361,0.0,0.0002406969339077
link,1489,0.8713531536537927,0.0,1678.3658804209185,1813.3350000000003,2515.206,3245.7529999999997,0.0,0.0,0.0,0.0,0.0705330031336373,0.0035665541600623,0.0,0.0064798412407754
link,1490,0.8713531536537927,0.0,1678.6330066964285,1813.3350000000003,2515.206,3245.7529999999997,0.2671262755100088,0.0,0.0,0.0,0.0103600275004772,0.0006188728209923,0.0,0.0004958986783525
link,1491,0.8713531536537927,0.0,1678.3658804209185,1813.3350000000003,2515.206,3245.7529999999997,0.0,0.0,0.0,0.0,0.0282736888758367,0.0340980650522783,0.0,0.0084001801185724
link,1492,0.8685746040566824,0.0027785495971103247,1679.738835252719,1813.3350000000003,2517.916,3245.7529999999997,1.3729548318003708,0.0,2.7100000000000364,0.0,0.0011995251680191,0.0005387241664821,0.0012953367875647,0.0036946401287549
link,1493,0.8713531536537927,0.0,1678.3658804209185,1813.3350000000003,2515.206,3245.7529999999997,0.0,0.0,0.0,0.0,0.0007654753709903,0.0004748641040329,0.0006476683937823,0.0023577296238852
link,1494,0.8713531536537927,0.0,1678.3658804209185,1813.3350000000003,2515.206,3245.7529999999997,0.0,0.0,0.0,0.0,0.0012017399300292,0.000810361704048,0.0012953367875647,0.0037014617852039
link,1495,0.8713531536537927,0.0,1678.377305484694,1813.3350000000003,2515.206,3245.7529999999997,0.011425063775504896,0.0,0.0,0.0,0.0240541790923066,0.0001853927404481,0.0,0.0002869267087832
link,1496,0.8713531536537927,0.0,1678.3830621811223,1813.3350000000003,2515.206,3245.7529999999997,0.01718176020381179,0.0,0.0,0.0,0.0063985433194319,2.0781033276336784e-05,0.0,6.20921846031038e-05
link,1497,0.8713531536537927,0.0,1678.3658804209185,1813.3350000000003,2515.206,3245.7529999999997,0.0,0.0,0.0,0.0,0.0,0.0,0.0,0.0
link,1498,0.8713531536537927,0.0,1678.3658804209185,1813.3350000000003,2515.206,3245.7529999999997,0.0,0.0,0.0,0.0,0.000751459497843,0.0002688744277341,0.0006476683937823,0.0023145595356282
link,1499,0.8702417338149486,0.0011114198388441077,1676.7726644316729,1813.3350000000003,2503.847,3245.7529999999997,-1.5932159892456639,0.0,-11.358999999999924,0.0,0.0005673175177411,0.0007154548806861,0.0006476683937823,0.001747386484815
link,1500,0.8713531536537927,0.0,1678.3658804209185,1813.3350000000003,2515.206,3245.7529999999997,0.0,0.0,0.0,0.0,0.0,0.0,0.0,0.0
link,1501,0.8699638788552375,0.0013892747985552178,1679.2358802299582,1813.3350000000003,2515.206,3245.7529999999997,0.8699998090396548,0.0,0.0,0.0,0.0016414113343107,0.0029911774659716,0.0006476683937823,0.0050556873213023
link,1502,0.8669074742984162,0.004445679355376542,1675.3162576923078,1813.3350000000003,2521.362199999999,3319.890000000001,-3.049622728610757,0.0,6.156199999998989,74.13700000000108,0.0169688510949929,0.0061863776634669,0.001943005181347,0.0333868414159629
link,1503,0.8710752986940817,0.00027785495971099916,1696.97346953748,1813.3350000000003,2789.609000000001,3319.890000000001,18.607589116561485,0.0,274.4030000000007,74.13700000000108,0.0161281803518767,0.0028131888709138,0.001943005181347,0.0115817450466013
link,1504,0.8699638788552375,0.0013892747985552178,1677.7086100287447,1813.3350000000003,2515.206,3245.7529999999997,-0.6572703921738139,0.0,0.0,0.0,0.0031294932836515,0.0016770305607694,0.0025906735751294,0.0092763063337334
link,1505,0.8713531536537927,0.0,1678.9597241709184,1813.3350000000003,2563.9210000000003,3245.7529999999997,0.5938437499999054,0.0,48.715000000000146,0.0,0.0032539357993099,0.000295194258457,0.0025906735751294,0.0028750155069306
link,1506,0.8713531536537927,0.0,1678.9597241709184,1813.3350000000003,2563.9210000000003,3245.7529999999997,0.5938437499999054,0.0,48.715000000000146,0.0,5.355444197577937e-05,4.882823608875588e-06,0.0,4.722448947271747e-06
link,1507,0.8713531536537927,0.0,1678.3658804209185,1813.3350000000003,2515.206,3245.7529999999997,0.0,0.0,0.0,0.0,0.0039287959972367,6.389008902658962e-05,0.0,0.0002600337472562
link,1508,0.8713531536537927,0.0,1678.3658804209185,1813.3350000000003,2515.206,3245.7529999999997,0.0,0.0,0.0,0.0,0.0,0.0,0.0,0.0
link,1509,0.8713531536537927,0.0,1678.3658804209185,1813.3350000000003,2515.206,3245.7529999999997,0.0,0.0,0.0,0.0,0.0118049812844423,8.479888281594013e-05,0.0,0.0001701772337817
link,1510,0.8713531536537927,0.0,1683.5915369897962,1818.8680000000002,2558.3740000000007,3245.7529999999997,5.225656568877639,5.532999999999902,43.168000000000575,0.0,0.0032060931004772,0.0005023086153881,0.0,0.0007109576227842
link,1511,0.8710752986940817,0.00027785495971099916,1678.4493460925041,1813.3350000000003,2515.206,3245.7529999999997,0.08346567158559992,0.0,0.0,0.0,0.0014186642831214,0.0005188351280929,0.0006476683937823,0.0043696073491374
link,1512,0.8713531536537927,0.0,1678.3658804209185,1813.3350000000003,2515.206,3245.7529999999997,0.0,0.0,0.0,0.0,0.02538758948102,0.0030032665509494,0.0,0.0015748867875986
link,1513,0.8713531536537927,0.0,1678.727389987245,1813.3350000000003,2528.4645,3245.7529999999997,0.3615095663265038,0.0,13.258499999999913,0.0,0.0174003962871795,0.0016908674190881,0.0,0.0008449272219324
link,1514,0.8713531536537927,0.0,1678.3658804209185,1813.3350000000003,2515.206,3245.7529999999997,0.0,0.0,0.0,0.0,0.0201574410978594,0.0011184739097103,0.0012953367875647,0.0018730616131224
link,1515,0.8713531536537927,0.0,1678.5138427933675,1813.3350000000003,2515.206,3245.7529999999997,0.14796237244900112,0.0,0.0,0.0,0.0046001910259494,0.0003205443221197,0.0,0.0004441934302595
link,1516,0.8713531536537927,0.0,1678.5869308035715,1813.3350000000003,2515.206,3245.7529999999997,0.22105038265294752,0.0,0.0,0.0,0.0003450010606332,1.0129693074881278e-05,0.0,1.4638424937423608e-05
link,1517,0.8713531536537927,0.0,1678.3658804209185,1813.3350000000003,2515.206,3245.7529999999997,0.0,0.0,0.0,0.0,0.0237338791327651,0.0012017248252213,0.0,0.0018990026041946
link,1518,0.8713531536537927,0.0,1678.3658804209185,1813.3350000000003,2515.206,3245.7529999999997,0.0,0.0,0.0,0.0,0.0187560771730546,0.0006678291957003,0.0012953367875647,0.0011465165879545
link,1519,0.8713531536537927,0.0,1678.3658804209185,1813.3350000000003,2515.206,3245.7529999999997,0.0,0.0,0.0,0.0,0.0063756071262639,0.0004277870015228,0.0,0.0006022708128004
link,1520,0.8713531536537927,0.0,1678.3658804209185,1813.3350000000003,2515.206,3245.7529999999997,0.0,0.0,0.0,0.0,0.009936666129269,0.000313266617479,0.0,0.000441266917604
link,1521,0.8713531536537927,0.0,1678.3658804209185,1813.3350000000003,2515.206,3245.7529999999997,0.0,0.0,0.0,0.0,0.0,0.0,0.0,0.0
link,1522,0.8702417338149486,0.0011114198388441077,1678.921042145594,1813.3350000000003,2515.206,3245.7529999999997,0.5551617246753722,0.0,0.0,0.0,0.0068978087406772,0.0030133890038885,0.0038860103626943,0.0212458409821172
link,1523,0.8713531536537927,0.0,1678.3658804209185,1813.3350000000003,2515.206,3245.7529999999997,0.0,0.0,0.0,0.0,0.0006154494725019,0.0004710049086759,0.001943005181347,0.0018956370228409
link,1524,0.8699638788552375,0.0013892747985552178,1680.580256467582,1813.3350000000003,2515.206,3245.7529999999997,2.214376046663574,0.0,0.0,0.0,0.0093698528756637,0.0016644414585801,0.0038860103626943,0.0065130479856677
link,1525,0.8707974437343706,0.0005557099194221093,1679.1338190810468,1813.3350000000003,2515.206,3245.7529999999997,0.7679386601282658,0.0,0.0,0.0,0.0009289614829498,0.0006393937801762,0.0006476683937823,0.0028612808338503
link,1526,0.8713531536537927,0.0,1678.3658804209185,1813.3350000000003,2515.206,3245.7529999999997,0.0,0.0,0.0,0.0,0.0001781605383926,0.0001562124540881,0.0,0.0005487496986769
link,1527,0.8710752986940817,0.00027785495971099916,1678.5466653907497,1813.3350000000003,2515.206,3245.7529999999997,0.18078496983116565,0.0,0.0,0.0,0.0001878242565789,8.652359783110452e-05,0.0006476683937823,0.0005785147773567
link,1528,0.8713531536537927,0.0,1678.3658804209185,1813.3350000000003,2515.206,3245.7529999999997,0.0,0.0,0.0,0.0,0.004433499674132,9.382704395687066e-05,0.0012953367875647,0.0001844403800631
link,1529,0.8713531536537927,0.0,1683.1124413265306,1818.8680000000002,2576.3595,3245.7529999999997,4.746560905612114,5.532999999999902,61.153499999999894,0.0,0.0059704004104565,0.0004574623854391,0.0,0.0006618076318928
link,1530,0.8713531536537927,0.0,1678.3658804209185,1813.3350000000003,2515.206,3245.7529999999997,0.0,0.0,0.0,0.0,0.0,0.0,0.0,0.0
link,1531,0.8713531536537927,0.0,1678.3658804209185,1813.3350000000003,2515.206,3245.7529999999997,0.0,0.0,0.0,0.0,0.0154605595644971,0.0001318386661079,0.0,0.0004370871907626
link,1532,0.8713531536537927,0.0,1683.4521779336733,1818.8680000000002,2576.3595,3245.7529999999997,5.086297512754754,5.532999999999902,61.153499999999894,0.0,0.0080476320951173,0.0011292675755698,0.0012953367875647,0.0046509439854493
link,1533,0.8707974437343706,0.0005557099194221093,1678.7125650925336,1813.3350000000003,2515.206,3245.7529999999997,0.346684671615094,0.0,0.0,0.0,0.0175377912491579,0.0002104188392309,0.0006476683937823,0.0007703716382595
link,1534,0.8713531536537927,0.0,1678.3777700892856,1813.3350000000003,2515.206,3245.7529999999997,0.011889668367075501,0.0,0.0,0.0,0.0176020552628276,0.0001833180192214,0.0,0.000560224096799
link,1535,0.8713531536537927,0.0,1678.3658804209185,1813.3350000000003,2515.206,3245.7529999999997,0.0,0.0,0.0,0.0,0.0244444648052489,0.0004802278644252,0.0006476683937823,0.0009790623704699
link,1536,0.8713531536537927,0.0,1678.3658804209185,1813.3350000000003,2515.206,3245.7529999999997,0.0,0.0,0.0,0.0,3.740654150515159e-05,4.308419346136234e-11,0.0,8.084269492669939e-11
link,1537,0.8710752986940817,0.00027785495971099916,1678.5380194577351,1813.3350000000003,2515.206,3245.7529999999997,0.1721390368165885,0.0,0.0,0.0,0.0033703151175133,8.61577913012555e-05,0.0006476683937823,9.0186648683601e-05
link,1538,0.8707974437343706,0.0005557099194221093,1678.5872121888963,1813.3350000000003,2515.206,3245.7529999999997,0.22133176797774468,0.0,0.0,0.0,0.0140084387132162,0.0032624368849793,0.0032383419689119,0.0180472593307918
link,1539,0.8713531536537927,0.0,1678.3658804209185,1813.3350000000003,2515.206,3245.7529999999997,0.0,0.0,0.0,0.0,6.442360491279901e-05,1.8607021158904767e-05,0.0,0.0001984302141346
link,1540,0.8713531536537927,0.0,1678.3658804209185,1813.3350000000003,2515.206,3245.7529999999997,0.0,0.0,0.0,0.0,6.442360491279901e-05,1.8607021158904767e-05,0.0,0.0001984302141346
link,1541,0.8713531536537927,0.0,1678.3658804209185,1813.3350000000003,2515.206,3245.7529999999997,0.0,0.0,0.0,0.0,0.0056665738213277,0.0031310896001727,0.0,0.0174535321067102
link,1542,0.8702417338149486,0.0011114198388441077,1678.864574393359,1813.3350000000003,2515.206,3245.7529999999997,0.4986939724403783,0.0,0.0,0.0,0.0086070714055696,0.000357799066387,0.0032383419689119,0.0014105859728405
link,1543,0.8710752986940817,0.00027785495971099916,1678.5455352472088,1813.3350000000003,2515.206,3245.7529999999997,0.17965482629028884,0.0,0.0,0.0,0.0,0.0,0.0,0.0
link,1544,0.8707974437343706,0.0005557099194221093,1678.7615622208043,1813.3350000000003,2515.206,3245.7529999999997,0.3956817998857787,0.0,0.0,0.0,0.0036612647077847,0.0002681283733649,0.001943005181347,0.0009863362754871
link,1545,0.8713531536537927,0.0,1678.3658804209185,1813.3350000000003,2515.206,3245.7529999999997,0.0,0.0,0.0,0.0,0.0176212864288867,0.0003678968613712,0.0006476683937823,0.0017155821498184
link,1546,0.8713531536537927,0.0,1678.4492882653062,1813.3350000000003,2515.206,3245.7529999999997,0.08340784438769333,0.0,0.0,0.0,0.006940117300129,0.0011072819749603,0.0025906735751294,0.0033781071420839
link,1547,0.8713531536537927,0.0,1678.3658804209185,1813.3350000000003,2515.206,3245.7529999999997,0.0,0.0,0.0,0.0,0.0,0.0,0.0006476683937823,0.0
link,1548,0.8713531536537927,0.0,1678.4492882653062,1813.3350000000003,2515.206,3245.7529999999997,0.08340784438769333,0.0,0.0,0.0,0.0069126130572655,0.0010810571974909,0.0025906735751294,0.0032933917212623
link,1549,0.8713531536537927,0.0,1678.3658804209185,1813.3350000000003,2515.206,3245.7529999999997,0.0,0.0,0.0,0.0,0.0007377987813405,0.0002206160087861,0.0006476683937823,0.0010230995889239
link,1550,0.8713531536537927,0.0,1678.4492882653062,1813.3350000000003,2515.206,3245.7529999999997,0.08340784438769333,0.0,0.0,0.0,0.0061473100330614,0.0002541561489937,0.0,0.000260490278843
link,1551,0.8707974437343706,0.0005557099194221093,1679.10541161455,1813.3350000000003,2515.206,3245.7529999999997,0.7395311936313647,0.0,0.0,0.0,0.011532496411418,5.8611820214589626e-05,0.0045336787564766,0.0002388789855412
link,1552,0.8713531536537927,0.0,1678.3658804209185,1813.3350000000003,2515.206,3245.7529999999997,0.0,0.0,0.0,0.0,0.0113474450246981,0.0001703394102806,0.0,0.000359441384343
link,1553,0.8713531536537927,0.0,1678.4484301658163,1813.3350000000003,2515.206,3245.7529999999997,0.08254974489773304,0.0,0.0,0.0,0.0090591764682446,0.0005474054778364,0.0,0.0004351604097688
link,1554,0.8713531536537927,0.0,1678.4540548469388,1813.3350000000003,2515.206,3245.7529999999997,0.08817442602025949,0.0,0.0,0.0,0.0004904964261642,5.12819309861151e-06,0.0006476683937823,1.5009170148632312e-05
link,1555,0.8710752986940817,0.00027785495971099916,1679.1309199362042,1813.3350000000003,2515.206,3245.7529999999997,0.7650395152857072,0.0,0.0,0.0,0.0033703151175133,7.710884177037853e-05,0.0012953367875647,8.103483682583093e-05
link,1556,0.8710752986940817,0.00027785495971099916,1679.2882880382774,1813.3350000000003,2515.206,3245.7529999999997,0.9224076173588855,0.0,0.0,0.0,0.0059316918789415,0.0009850733297761,0.0071243523316061,0.0052089289702626
link,1557,0.8699638788552375,0.0013892747985552178,1677.055223570744,1813.3350000000003,2515.206,3245.7529999999997,-1.3106568501746096,0.0,0.0,0.0,0.0079044458406055,0.0028258693495622,0.0012953367875647,0.0243463693608843
link,1558,0.8713531536537927,0.0,1678.3658804209185,1813.3350000000003,2515.206,3245.7529999999997,0.0,0.0,0.0,0.0,3.276661960059903e-05,1.3485982837658276e-05,0.0006476683937823,0.0001009239913322
link,1559,0.8710752986940817,0.00027785495971099916,1678.0773374800638,1813.3350000000003,2515.206,3245.7529999999997,-0.28854294085476795,0.0,0.0,0.0,0.0,0.0,0.0006476683937823,0.0
link,1560,0.8713531536537927,0.0,1678.3658804209185,1813.3350000000003,2515.206,3245.7529999999997,0.0,0.0,0.0,0.0,0.0,0.0,0.0,0.0
link,1561,0.8713531536537927,0.0,1683.8454272959184,1818.8680000000002,2576.3595,3245.7529999999997,5.479546874999869,5.532999999999902,61.153499999999894,0.0,0.0082015438101483,0.0011426150839794,0.0006476683937823,0.004685128378741
link,1562,0.8713531536537927,0.0,1690.9534457908164,1850.4329999999998,2515.206,3245.7529999999997,12.587565369897902,37.0979999999995,0.0,0.0,0.0284979888214152,0.0007326524588234,0.0,0.0019564052362183
link,1563,0.8713531536537927,0.0,1678.3658804209185,1813.3350000000003,2515.206,3245.7529999999997,0.0,0.0,0.0,0.0,0.0080047592317828,0.0002266471428498,0.0,0.0004710386247363
link,1564,0.8713531536537927,0.0,1678.4486865433673,1813.3350000000003,2515.206,3245.7529999999997,0.08280612244880103,0.0,0.0,0.0,0.0121524071410811,0.0006797437551946,0.0,0.0010002402847221
link,1565,0.8713531536537927,0.0,1678.3658804209185,1813.3350000000003,2515.206,3245.7529999999997,0.0,0.0,0.0,0.0,0.0051430642075821,0.0029781129947481,0.0012953367875647,0.0158410777136712
link,1566,0.8713531536537927,0.0,1678.3658804209185,1813.3350000000003,2515.206,3245.7529999999997,0.0,0.0,0.0,0.0,0.0159772832616606,0.0001678490850912,0.0,0.0003449177140129
link,1567,0.8713531536537927,0.0,1678.4076425382652,1813.3350000000003,2515.206,3245.7529999999997,0.04176211734670687,0.0,0.0,0.0,0.0004530011836698,6.152969496162307e-06,0.0006476683937823,2.4890751219239904e-05
link,1568,0.8713531536537927,0.0,1678.3658804209185,1813.3350000000003,2515.206,3245.7529999999997,0.0,0.0,0.0,0.0,0.0008266034020378,0.000192788205453,0.0,7.428572447686633e-05
link,1569,0.8713531536537927,0.0,1678.751678890306,1813.3350000000003,2515.206,3245.7529999999997,0.3857984693875096,0.0,0.0,0.0,0.0,0.0,0.0,0.0
link,1570,0.8713531536537927,0.0,1678.3658804209185,1813.3350000000003,2515.206,3245.7529999999997,0.0,0.0,0.0,0.0,0.0001289878147071,0.0001254126414001,0.0006476683937823,0.0003972935033323
link,1571,0.8710752986940817,0.00027785495971099916,1678.4508210526317,1813.3350000000003,2515.206,3245.7529999999997,0.08494063171315247,0.0,0.0,0.0,0.02595893617898,0.0008629687797181,0.0006476683937823,0.0034553126028453
link,1572,0.8713531536537927,0.0,1685.5445800382652,1831.2755,2576.3595,3245.7529999999997,7.178699617346638,17.9404999999997,61.153499999999894,0.0,0.0247988212227215,0.0008241372135046,0.0,0.0022000622312482
link,1573,0.8713531536537927,0.0,1678.3658804209185,1813.3350000000003,2515.206,3245.7529999999997,0.0,0.0,0.0,0.0,0.0235574012943354,0.0004040142331237,0.0,0.0009124504138446
link,1574,0.8702417338149486,0.0011114198388441077,1679.810970945083,1813.3350000000003,2515.206,3245.7529999999997,1.4450905241644705,0.0,0.0,0.0,0.0,0.0,0.0006476683937823,0.0
link,1575,0.8707974437343706,0.0005557099194221093,1678.581389597958,1813.3350000000003,2515.206,3245.7529999999997,0.21550917703939376,0.0,0.0,0.0,0.0262141837974196,0.0011101291752289,0.0012953367875647,0.0051059868906651
link,1576,0.8710752986940817,0.00027785495971099916,1678.7710392344497,1813.3350000000003,2515.206,3245.7529999999997,0.40515881353121586,0.0,0.0,0.0,0.0144902701676155,0.000738621168036,0.0012953367875647,0.002846831631997
link,1577,0.8713531536537927,0.0,1678.3658804209185,1813.3350000000003,2515.206,3245.7529999999997,0.0,0.0,0.0,0.0,0.0020263166702331,5.568852219507959e-06,0.0,1.8721334383631104e-05
link,1578,0.8713531536537927,0.0,1678.3658804209185,1813.3350000000003,2515.206,3245.7529999999997,0.0,0.0,0.0,0.0,0.0224181481350158,0.0003797835959565,0.0,0.0007064610091946
link,1579,0.8713531536537927,0.0,1679.4111125637755,1813.3350000000003,2515.206,3245.7529999999997,1.045232142857003,0.0,0.0,0.0,0.0002127986108563,9.203710698557286e-06,0.0,2.6418419131102905e-05
link,1580,0.8713531536537927,0.0,1678.3658804209185,1813.3350000000003,2515.206,3245.7529999999997,0.0,0.0,0.0,0.0,0.0006976155873307,0.0001824890161367,0.0,6.402510028797161e-05
link,1581,0.8713531536537927,0.0,1678.3658804209185,1813.3350000000003,2515.206,3245.7529999999997,0.0,0.0,0.0,0.0,0.0147828525261962,0.0004629179502792,0.0,0.0009789324296372
link,1582,0.8707974437343706,0.0005557099194221093,1678.9315510529677,1813.3350000000003,2515.206,3245.7529999999997,0.5656706320492049,0.0,0.0,0.0,0.0177500446046289,0.0004293988608416,0.0006476683937823,0.0021121683454947
link,1583,0.8713531536537927,0.0,1678.3658804209185,1813.3350000000003,2515.206,3245.7529999999997,0.0,0.0,0.0,0.0,0.0,0.0,0.0,0.0
link,1584,0.8713531536537927,0.0,1678.3658804209185,1813.3350000000003,2515.206,3245.7529999999997,0.0,0.0,0.0,0.0,0.0,0.0,0.0006476683937823,0.0
link,1585,0.8699638788552375,0.0013892747985552178,1680.2271047588629,1813.3350000000003,2515.206,3245.7529999999997,1.8612243379443498,0.0,0.0,0.0,0.0156932667243832,0.0008144655529819,0.001943005181347,0.0011701377211653
link,1586,0.8713531536537927,0.0,1678.3658804209185,1813.3350000000003,2515.206,3245.7529999999997,0.0,0.0,0.0,0.0,0.0156932667243832,0.0008144655529819,0.001943005181347,0.0011701377211653
link,1587,0.8710752986940817,0.00027785495971099916,1678.6624992025518,1813.3350000000003,2515.206,3245.7529999999997,0.2966187816332422,0.0,0.0,0.0,0.0020314083656541,0.0015124156791299,0.0,0.0062569115394455
link,1588,0.8713531536537927,0.0,1908.7453360969387,2088.894,3212.937999999999,3340.2627500000003,230.37945567602014,275.5589999999995,697.7319999999991,94.50975000000062,0.0048146406001429,0.0026756206568921,0.0006476683937823,0.0148295049083427
link,1589,0.8713531536537927,0.0,1678.3658804209185,1813.3350000000003,2515.206,3245.7529999999997,0.0,0.0,0.0,0.0,0.0053993629631147,0.0033588006107453,0.0025906735751294,0.0166304998053348
link,1590,0.8713531536537927,0.0,1678.3658804209185,1813.3350000000003,2515.206,3245.7529999999997,0.0,0.0,0.0,0.0,0.0053993629631147,0.0033588006107453,0.0006476683937823,0.0166304998053348
link,1591,0.8713531536537927,0.0,1678.5719426020407,1813.3350000000003,2515.206,3245.7529999999997,0.2060621811222063,0.0,0.0,0.0,0.0449118822576554,0.0031576274995728,0.0006476683937823,0.0055628532245534
link,1592,0.8713531536537927,0.0,1678.3658804209185,1813.3350000000003,2515.206,3245.7529999999997,0.0,0.0,0.0,0.0,0.0054723124926155,0.0005115807872241,0.0006476683937823,0.0021879331277107
link,1593,0.8710752986940817,0.00027785495971099916,1678.9863090909091,1813.3350000000003,2515.206,3245.7529999999997,0.6204286699905879,0.0,0.0,0.0,0.0086821391559117,0.0012694389601099,0.0038860103626943,0.0043948308995793
link,1594,0.8713531536537927,0.0,1678.3658804209185,1813.3350000000003,2515.206,3245.7529999999997,0.0,0.0,0.0,0.0,0.0,0.0,0.0006476683937823,0.0
link,1595,0.8713531536537927,0.0,1678.3658804209185,1813.3350000000003,2515.206,3245.7529999999997,0.0,0.0,0.0,0.0,0.0023725511606537,0.0030878137389848,0.0006476683937823,0.0073076605305003
link,1596,0.864406779661017,0.006946373992775756,1681.189219543555,1819.571,2527.9880000000003,3245.7529999999997,2.8233391226365256,6.235999999999649,12.782000000000153,0.0,0.0068455317637009,0.0038534483101468,0.001943005181347,0.0210848234210888
link,1597,0.8713531536537927,0.0,1678.3658804209185,1813.3350000000003,2515.206,3245.7529999999997,0.0,0.0,0.0,0.0,0.0004921238315631,0.0002245967680224,0.0006476683937823,0.0015157834990759
link,1598,0.8682967490969714,0.003056404556821324,1679.14438496,1813.3350000000003,2518.4579999999996,3245.7529999999997,0.7785045390814957,0.0,3.251999999999498,0.0,0.0019688319632512,0.0010517894494557,0.0045336787564766,0.0060641708670568
link,1599,0.8713531536537927,0.0,1678.3658804209185,1813.3350000000003,2515.206,3245.7529999999997,0.0,0.0,0.0,0.0,0.0008869515227305,0.0005113462050828,0.0,0.0027318865627072
link,1600,0.8713531536537927,0.0,1678.6816919642858,1813.3350000000003,2515.206,3245.7529999999997,0.3158115433673174,0.0,0.0,0.0,0.0289828841916431,0.0017882065284455,0.0006476683937823,0.0017161749451582
link,1601,0.8710752986940817,0.00027785495971099916,1678.5438385964912,1813.3350000000003,2515.206,3245.7529999999997,0.1779581755727122,0.0,0.0,0.0,0.000257651470111,0.000160167310714,0.0012953367875647,0.0007935885682806
link,1602,0.8713531536537927,0.0,1678.3658804209185,1813.3350000000003,2515.206,3245.7529999999997,0.0,0.0,0.0,0.0,0.0002661056325224,0.0001542289275098,0.0006476683937823,0.0007410150916379
link,1603,0.8713531536537927,0.0,1678.4158287627552,1813.3350000000003,2515.206,3245.7529999999997,0.04994834183662533,0.0,0.0,0.0,0.0234527762786661,0.0008696100447898,0.0,0.0003544658616352
link,1604,0.8713531536537927,0.0,1678.3658804209185,1813.3350000000003,2515.206,3245.7529999999997,0.0,0.0,0.0,0.0,0.0,0.0,0.0,0.0
link,1605,0.8713531536537927,0.0,1678.3658804209185,1813.3350000000003,2515.206,3245.7529999999997,0.0,0.0,0.0,0.0,0.013066860375163,0.0001567164447241,0.0,0.0001650160431274
link,1606,0.8707974437343706,0.0005557099194221093,1678.9644722399491,1813.3350000000003,2515.206,3245.7529999999997,0.5985918190306165,0.0,0.0,0.0,0.023679467645438,0.0002915677305103,0.0006476683937823,0.0003785392744584
link,1607,0.8713531536537927,0.0,1678.3658804209185,1813.3350000000003,2515.206,3245.7529999999997,0.0,0.0,0.0,0.0,0.0,0.0,0.0,0.0
link,1608,0.8713531536537927,0.0,1679.0451830357142,1815.8110000000001,2515.206,3245.7529999999997,0.679302614795688,2.4759999999998854,0.0,0.0,0.0021439594288557,3.761616174651484e-05,0.0,5.417330082059057e-05
link,1609,0.8713531536537927,0.0,1678.3658804209185,1813.3350000000003,2515.206,3245.7529999999997,0.0,0.0,0.0,0.0,0.0,0.0,0.0,0.0
link,1610,0.8713531536537927,0.0,1679.0451830357142,1815.8110000000001,2515.206,3245.7529999999997,0.679302614795688,2.4759999999998854,0.0,0.0,0.0021439594288557,3.761616174651484e-05,0.0006476683937823,5.417330082059057e-05
link,1611,0.8713531536537927,0.0,1678.3658804209185,1813.3350000000003,2515.206,3245.7529999999997,0.0,0.0,0.0,0.0,0.000234750606774,6.672323943855974e-06,0.0,2.7148428974927203e-05
link,1612,0.8713531536537927,0.0,1682.1341661352042,1819.571,2515.206,3245.7529999999997,3.768285714285639,6.235999999999649,0.0,0.0,0.0155982810822572,0.0006633007358316,0.0006476683937823,0.0018884777038399
link,1613,0.8713531536537927,0.0,1678.3658804209185,1813.3350000000003,2515.206,3245.7529999999997,0.0,0.0,0.0,0.0,0.000207687987855,3.172582886754685e-06,0.0,9.141652283467766e-06
link,1614,0.8710752986940817,0.00027785495971099916,1678.4442414673044,1813.3350000000003,2515.206,3245.7529999999997,0.07836104638590768,0.0,0.0,0.0,0.0024749522349582,0.0004605405109946,0.0045336787564766,0.0028496590411231
link,1615,0.8713531536537927,0.0,1678.3658804209185,1813.3350000000003,2515.206,3245.7529999999997,0.0,0.0,0.0,0.0,0.0003613556625014,0.0001337254171063,0.0006476683937823,0.0011130063520345
link,1616,0.8710752986940817,0.00027785495971099916,1678.4442414673044,1813.3350000000003,2515.206,3245.7529999999997,0.07836104638590768,0.0,0.0,0.0,0.002254042803293,0.0001796160631608,0.0012953367875647,0.0007254216604364
link,1617,0.8710752986940817,0.00027785495971099916,1678.4442414673044,1813.3350000000003,2515.206,3245.7529999999997,0.07836104638590768,0.0,0.0,0.0,0.0001787188952769,7.673104092767262e-05,0.0006476683937823,0.0005504694856443
link,1618,0.8713531536537927,0.0,1678.3658804209185,1813.3350000000003,2515.206,3245.7529999999997,0.0,0.0,0.0,0.0,0.0,0.0,0.0,0.0
link,1619,0.8713531536537927,0.0,1678.370487244898,1813.3350000000003,2515.206,3245.7529999999997,0.004606823979429464,0.0,0.0,0.0,0.0161739718591046,5.5499462858279706e-06,0.0,7.603935303601323e-06
link,1620,0.8713531536537927,0.0,1678.3658804209185,1813.3350000000003,2515.206,3245.7529999999997,0.0,0.0,0.0,0.0,0.0066848629708238,0.0091428828022889,0.0,0.0021236949428897
link,1621,0.8713531536537927,0.0,1678.5543300382656,1813.3350000000003,2515.206,3245.7529999999997,0.18844961734703247,0.0,0.0,0.0,0.0027124168007816,5.603847349675855e-06,0.0,1.3210396338536128e-05
link,1622,0.8710752986940817,0.00027785495971099916,1678.4235575757575,1813.3350000000003,2515.206,3245.7529999999997,0.05767715483898428,0.0,0.0,0.0,0.0,0.0,0.0006476683937823,0.0
link,1623,0.8713531536537927,0.0,1678.3658804209185,1813.3350000000003,2515.206,3245.7529999999997,0.0,0.0,0.0,0.0,0.0340440380036251,0.0026595619891492,0.0012953367875647,0.0075407876406533
link,1624,0.8707974437343706,0.0005557099194221093,1678.4022115507337,1813.3350000000003,2515.206,3245.7529999999997,0.03633112981515296,0.0,0.0,0.0,0.0031630772165139,0.0031806816028832,0.0006476683937823,0.009742548406701
link,1625,0.8713531536537927,0.0,1678.3658804209185,1813.3350000000003,2515.206,3245.7529999999997,0.0,0.0,0.0,0.0,0.0003866417928205,0.0002947066804093,0.005181347150259,0.0011908897964745
link,1626,0.8713531536537927,0.0,1678.3658804209185,1813.3350000000003,2515.206,3245.7529999999997,0.0,0.0,0.0,0.0,0.0029215875530979,0.0005295798470762,0.0006476683937823,0.0008205634017887
link,1627,0.8713531536537927,0.0,1682.0737005739795,1813.3350000000003,2515.206,3245.7529999999997,3.707820153060993,0.0,0.0,0.0,0.0081423495494391,0.0004141561381342,0.0006476683937823,0.0008980672731298
link,1628,0.8713531536537927,0.0,1678.3658804209185,1813.3350000000003,2515.206,3245.7529999999997,0.0,0.0,0.0,0.0,0.0024013308547349,0.000242507176371,0.0,0.0005108372967199
link,1629,0.8713531536537927,0.0,1678.3658804209185,1813.3350000000003,2515.206,3245.7529999999997,0.0,0.0,0.0,0.0,0.0101454761664051,0.0007794009051898,0.0,0.0025223741426671
link,1630,0.8713531536537927,0.0,1678.3950577168368,1813.3350000000003,2515.206,3245.7529999999997,0.029177295918316304,0.0,0.0,0.0,0.009763782743227,0.0007799646994021,0.0,0.0013599219022805
link,1631,0.8696860238955265,0.001667129758266217,1677.394921086262,1813.3350000000003,2515.7479999999996,3245.7529999999997,-0.9709593346565271,0.0,0.5419999999994616,0.0,0.0053094234801242,0.0047845103801496,0.0006476683937823,0.0163534785040102
link,1632,0.8713531536537927,0.0,1678.3658804209185,1813.3350000000003,2515.206,3245.7529999999997,0.0,0.0,0.0,0.0,0.0100181665451102,0.0202294072612291,0.0,0.0015047603243486
link,1633,0.8713531536537927,0.0,1678.3658804209185,1813.3350000000003,2515.206,3245.7529999999997,0.0,0.0,0.0,0.0,0.0102618121985827,0.0011876636892056,0.0,0.0012921333294145
link,1634,0.8713531536537927,0.0,1683.0710025510205,1813.3350000000003,2579.958,3245.7529999999997,4.705122130101927,0.0,64.75199999999995,0.0,0.047445543445608,0.0085396374755471,0.0,0.0177747724164765
link,1635,0.8713531536537927,0.0,1678.3658804209185,1813.3350000000003,2515.206,3245.7529999999997,0.0,0.0,0.0,0.0,0.0015238109972731,0.0001238439804116,0.0,0.0002485561180717
link,1636,0.8713531536537927,0.0,1678.3658804209185,1813.3350000000003,2515.206,3245.7529999999997,0.0,0.0,0.0,0.0,0.0,0.0,0.0,0.0
link,1637,0.8713531536537927,0.0,1678.5142653061225,1813.3350000000003,2515.206,3245.7529999999997,0.1483848852039955,0.0,0.0,0.0,0.0067762735194588,0.0006176786806052,0.0,0.0017830600157058
link,1638,0.8710752986940817,0.00027785495971099916,1679.0348114832534,1813.3350000000003,2515.206,3245.7529999999997,0.6689310623348774,0.0,0.0,0.0,0.0051583792627552,0.003119924400921,0.001943005181347,0.0143611563341933
link,1639,0.8713531536537927,0.0,1678.3658804209185,1813.3350000000003,2515.206,3245.7529999999997,0.0,0.0,0.0,0.0,0.0015340619580796,3.486131362628253e-05,0.0,8.654978462840191e-05
link,1640,0.8713531536537927,0.0,1678.3658804209185,1813.3350000000003,2515.206,3245.7529999999997,0.0,0.0,0.0,0.0,0.0010162715391287,7.608511889732622e-05,0.0,0.0001081314118739
link,1641,0.8713531536537927,0.0,1679.0632241709184,1813.3350000000003,2528.4645,3245.7529999999997,0.6973437499998454,0.0,13.258499999999913,0.0,0.0086532317125368,0.0011997888217481,0.0,0.0035282816247885
link,1642,0.8713531536537927,0.0,1678.44984502551,1813.3350000000003,2515.206,3245.7529999999997,0.08396460459152877,0.0,0.0,0.0,0.0007474228680655,1.7005173450801567e-05,0.0,2.362977254961536e-05
link,1643,0.8713531536537927,0.0,1678.3658804209185,1813.3350000000003,2515.206,3245.7529999999997,0.0,0.0,0.0,0.0,0.0012190883504827,7.515881049744336e-05,0.0,0.0001922489915251
link,1644,0.8713531536537927,0.0,1678.3658804209185,1813.3350000000003,2515.206,3245.7529999999997,0.0,0.0,0.0,0.0,0.0,0.0,0.0006476683937823,0.0
link,1645,0.8713531536537927,0.0,1678.3658804209185,1813.3350000000003,2515.206,3245.7529999999997,0.0,0.0,0.0,0.0,0.0,0.0,0.0006476683937823,0.0
link,1646,0.8710752986940817,0.00027785495971099916,1678.1918749601275,1813.3350000000003,2515.206,3245.7529999999997,-0.17400546079102241,0.0,0.0,0.0,0.0037743926047274,0.0019264915227551,0.0012953367875647,0.0116254520962905
link,1647,0.8713531536537927,0.0,1678.3658804209185,1813.3350000000003,2515.206,3245.7529999999997,0.0,0.0,0.0,0.0,0.0099639515098645,0.0007932460576159,0.0,0.0013471128601154
link,1648,0.8713531536537927,0.0,1678.3658804209185,1813.3350000000003,2515.206,3245.7529999999997,0.0,0.0,0.0,0.0,0.009533045309853,0.000574209786394,0.0,0.0014592086604623
link,1649,0.8713531536537927,0.0,1680.082586096939,1813.3350000000003,2515.206,3245.7529999999997,1.7167056760204105,0.0,0.0,0.0,0.0486921636814561,0.0018906804381782,0.0012953367875647,0.0050565785700272
link,1650,0.8713531536537927,0.0,1678.3658804209185,1813.3350000000003,2515.206,3245.7529999999997,0.0,0.0,0.0,0.0,0.0299805648061145,0.0001604410013973,0.0,0.0003011587568469
link,1651,0.8713531536537927,0.0,1678.9883022959182,1813.3350000000003,2515.206,3245.7529999999997,0.6224218749996453,0.0,0.0,0.0,0.0032243236746484,0.000175599615247,0.0,0.0004216431210359
link,1652,0.8713531536537927,0.0,1678.3658804209185,1813.3350000000003,2515.206,3245.7529999999997,0.0,0.0,0.0,0.0,0.012291432472053,0.0005475944909311,0.0,0.0007455103229175
link,1653,0.8713531536537927,0.0,1678.3658804209185,1813.3350000000003,2515.206,3245.7529999999997,0.0,0.0,0.0,0.0,0.0,0.0,0.0006476683937823,0.0
link,1654,0.8713531536537927,0.0,1678.6846288265308,1813.3350000000003,2515.206,3245.7529999999997,0.31874840561226847,0.0,0.0,0.0,0.0007474228680655,1.7005173450801567e-05,0.0,2.362977254961536e-05
link,1655,0.8713531536537927,0.0,1678.3658804209185,1813.3350000000003,2515.206,3245.7529999999997,0.0,0.0,0.0,0.0,9.974693696847708e-05,4.851335293405306e-06,0.0,1.2006118963791558e-05
link,1656,0.8710752986940817,0.00027785495971099916,1678.3697183413078,1813.3350000000003,2515.206,3245.7529999999997,0.0038379203892873193,0.0,0.0,0.0,0.0,0.0,0.0006476683937823,0.0
link,1657,0.8713531536537927,0.0,1678.3658804209185,1813.3350000000003,2515.206,3245.7529999999997,0.0,0.0,0.0,0.0,0.0,0.0,0.0006476683937823,0.0
link,1658,0.8713531536537927,0.0,1678.3658804209185,1813.3350000000003,2515.206,3245.7529999999997,0.0,0.0,0.0,0.0,0.0123880062178332,0.0010261215368619,0.0,0.0011063405210476
link,1659,0.8713531536537927,0.0,1678.8275554846937,1813.3350000000003,2515.206,3245.7529999999997,0.46167506377514655,0.0,0.0,0.0,0.0289476070569896,0.0017782036503747,0.0,0.0018450170461619
link,1660,0.8713531536537927,0.0,1678.3658804209185,1813.3350000000003,2515.206,3245.7529999999997,0.0,0.0,0.0,0.0,0.0096292812002858,0.0048202913446401,0.001943005181347,0.0296590098166855
link,1661,0.8713531536537927,0.0,1680.4069821428573,1813.3350000000003,2515.206,3245.7529999999997,2.0411017219387304,0.0,0.0,0.0,0.0053145368374842,0.0005726903883688,0.0,0.0009862645474158
link,1662,0.8713531536537927,0.0,1678.3658804209185,1813.3350000000003,2515.206,3245.7529999999997,0.0,0.0,0.0,0.0,0.011966596087907,0.001205240065624,0.0,0.0028491168954761
link,1663,0.8713531536537927,0.0,1678.3658804209185,1813.3350000000003,2515.206,3245.7529999999997,0.0,0.0,0.0,0.0,0.0,0.0,0.0006476683937823,0.0
link,1664,0.8691303139761045,0.0022228396776882153,1679.3457806905371,1813.3350000000003,2516.832000000001,3245.7529999999997,0.9799002696186108,0.0,1.6260000000006585,0.0,0.0107987259262294,0.0061316540686457,0.001943005181347,0.0332609996106694
link,1665,0.8713531536537927,0.0,1678.3658804209185,1813.3350000000003,2515.206,3245.7529999999997,0.0,0.0,0.0,0.0,0.0048146406001429,0.0022972648512037,0.0006476683937823,0.0148295049083427
link,1666,0.8705195887746596,0.0008335648791331085,1678.7593246090012,1813.3350000000003,2515.206,3245.7529999999997,0.3934441880826398,0.0,0.0,0.0,0.0,0.0,0.0006476683937823,0.0
link,1667,0.8713531536537927,0.0,1678.3658804209185,1813.3350000000003,2515.206,3245.7529999999997,0.0,0.0,0.0,0.0,0.0,0.0,0.0006476683937823,0.0
link,1668,0.8699638788552375,0.0013892747985552178,1681.847755988502,1813.3350000000003,2515.206,3245.7529999999997,3.481875567583529,0.0,0.0,0.0,0.0488904557716122,0.0023122286892495,0.0012953367875647,0.0056673351702536
link,1669,0.8713531536537927,0.0,1678.3658804209185,1813.3350000000003,2515.206,3245.7529999999997,0.0,0.0,0.0,0.0,0.0,0.0,0.0006476683937823,0.0
link,1670,0.8699638788552375,0.0013892747985552178,1693.1629038645801,1823.145,2554.241000000001,3305.1370000000006,14.797023443661601,9.809999999999718,39.035000000000764,59.384000000000924,0.0408532911637785,0.0063014833448861,0.0045336787564766,0.0252501389058482
link,1671,0.8710752986940817,0.00027785495971099916,1678.8113492822968,1813.3350000000003,2515.206,3245.7529999999997,0.44546886137823094,0.0,0.0,0.0,0.0,0.0,0.0006476683937823,0.0
link,1672,0.8713531536537927,0.0,1678.3658804209185,1813.3350000000003,2515.206,3245.7529999999997,0.0,0.0,0.0,0.0,0.0210109870917598,0.0004934185403014,0.0,0.0008684830907949
link,1673,0.8713531536537927,0.0,1678.4953957270411,1813.3350000000003,2515.206,3245.7529999999997,0.12951530612258466,0.0,0.0,0.0,0.0021274397657237,8.631801878655168e-05,0.0,0.0001109433937848
link,1674,0.8713531536537927,0.0,1678.3658804209185,1813.3350000000003,2515.206,3245.7529999999997,0.0,0.0,0.0,0.0,8.004752883058802e-05,9.75594306316588e-06,0.0,1.2474834169405928e-05
link,1675,0.8713531536537927,0.0,1678.3658804209185,1813.3350000000003,2515.206,3245.7529999999997,0.0,0.0,0.0,0.0,0.0008969973947096,1.177504756794106e-06,0.0,1.4633075585247423e-06
link,1676,0.8713531536537927,0.0,1678.3658804209185,1813.3350000000003,2515.206,3245.7529999999997,0.0,0.0,0.0,0.0,0.000197644731644,2.009064947654681e-07,0.0,5.303513675771072e-07
link,1677,0.8713531536537927,0.0,1678.3658804209185,1813.3350000000003,2515.206,3245.7529999999997,0.0,0.0,0.0,0.0,0.0009770449235402,1.0933447819959988e-05,0.0006476683937823,1.393814172793067e-05
link,1678,0.8710752986940817,0.00027785495971099916,1678.658557256778,1813.3350000000003,2515.206,3245.7529999999997,0.2926768358595382,0.0,0.0,0.0,0.0,0.0,0.0006476683937823,0.0
link,1679,0.8713531536537927,0.0,1679.4529065688773,1813.3350000000003,2515.206,3245.7529999999997,1.0870261479587953,0.0,0.0,0.0,0.0059316918789415,0.0005328957650189,0.0045336787564766,0.0023288103551252
link,1680,0.8713531536537927,0.0,1678.3658804209185,1813.3350000000003,2515.206,3245.7529999999997,0.0,0.0,0.0,0.0,0.0,0.0,0.0,0.0
link,1681,0.8713531536537927,0.0,1678.3658804209185,1813.3350000000003,2515.206,3245.7529999999997,0.0,0.0,0.0,0.0,0.0,0.0,0.0006476683937823,0.0
link,1682,0.8713531536537927,0.0,1678.3658804209185,1813.3350000000003,2515.206,3245.7529999999997,0.0,0.0,0.0,0.0,0.000685230072459,0.0002070289812639,0.0006476683937823,0.0015168204873176
link,1683,0.8713531536537927,0.0,1679.9947496811226,1813.3350000000003,2515.206,3245.7529999999997,1.6288692602040555,0.0,0.0,0.0,0.0052464618064825,0.0003140539802631,0.0025906735751294,0.0007879440967744
link,1684,0.8710752986940817,0.00027785495971099916,1678.7074950558213,1813.3350000000003,2515.206,3245.7529999999997,0.3416146349027258,0.0,0.0,0.0,0.0,0.0,0.0006476683937823,0.0
link,1685,0.8713531536537927,0.0,1678.3658804209185,1813.3350000000003,2515.206,3245.7529999999997,0.0,0.0,0.0,0.0,0.0006567288104906,2.9625992358106545e-05,0.0006476683937823,2.496752894382441e-05
link,1686,0.8713531536537927,0.0,1678.3658804209185,1813.3350000000003,2515.206,3245.7529999999997,0.0,0.0,0.0,0.0,4.705466978389841e-05,1.1004737639403936e-07,0.0,4.420815444547916e-07
link,1687,0.8713531536537927,0.0,1678.3658804209185,1813.3350000000003,2515.206,3245.7529999999997,0.0,0.0,0.0,0.0,0.0006329390758531,8.913563831151426e-05,0.0012953367875647,0.0005745838705856
link,1688,0.8713531536537927,0.0,1678.6512340561226,1813.3350000000003,2515.206,3245.7529999999997,0.28535363520404644,0.0,0.0,0.0,0.0433809344449431,0.0024353953501701,0.0,0.0040193883541522
link,1689,0.8707974437343706,0.0005557099194221093,1680.6838931078496,1813.3350000000003,2515.206,3245.7529999999997,2.3180126869310698,0.0,0.0,0.0,0.0052464618064825,0.0003515682873655,0.0025906735751294,0.0007879440967743
link,1690,0.8713531536537927,0.0,1678.3658804209185,1813.3350000000003,2515.206,3245.7529999999997,0.0,0.0,0.0,0.0,0.0,0.0,0.0006476683937823,0.0
link,1691,0.8710752986940817,0.00027785495971099916,1678.5983754385963,1813.3350000000003,2515.206,3245.7529999999997,0.23249501767782021,0.0,0.0,0.0,0.0,0.0,0.0006476683937823,0.0
link,1692,0.8713531536537927,0.0,1678.3658804209185,1813.3350000000003,2515.206,3245.7529999999997,0.0,0.0,0.0,0.0,0.0,0.0,0.0006476683937823,0.0
link,1693,0.8710752986940817,0.00027785495971099916,1678.5983754385963,1813.3350000000003,2515.206,3245.7529999999997,0.23249501767782021,0.0,0.0,0.0,0.0,0.0,0.0012953367875647,0.0
link,1694,0.8713531536537927,0.0,1678.3745322066327,1813.3350000000003,2515.206,3245.7529999999997,0.008651785714164362,0.0,0.0,0.0,0.0034734738977683,5.495079862409023e-05,0.0012953367875647,0.0002281985269176
link,1695,0.8713531536537927,0.0,1678.3658804209185,1813.3350000000003,2515.206,3245.7529999999997,0.0,0.0,0.0,0.0,0.0010683354546108,0.0001039557529133,0.0,0.0001042711044232
link,1696,0.8713531536537927,0.0,1678.3658804209185,1813.3350000000003,2515.206,3245.7529999999997,0.0,0.0,0.0,0.0,0.0024074929622687,5.91096661110026e-05,0.0006476683937823,0.000204675569642
link,1697,0.8713531536537927,0.0,1678.8961259566327,1813.3350000000003,2515.206,3245.7529999999997,0.5302455357141298,0.0,0.0,0.0,0.0,0.0,0.0006476683937823,0.0
link,1698,0.8713531536537927,0.0,1678.3658804209185,1813.3350000000003,2515.206,3245.7529999999997,0.0,0.0,0.0,0.0,0.0007202901672245,5.0419939022590526e-05,0.0,7.352202382262205e-05
link,1699,0.8713531536537927,0.0,1680.150360012755,1813.3350000000003,2528.4645,3245.7529999999997,1.7844795918365435,0.0,13.258499999999913,0.0,0.0,0.0,0.0,0.0
link,1700,0.8713531536537927,0.0,1681.5203239795917,1813.3350000000003,2543.0460000000003,3381.8665,3.154443558673165,0.0,27.840000000000146,136.11350000000039,0.0049970511618333,7.383014195949391e-05,0.0045336787564766,0.0006290907387119
link,1701,0.8713531536537927,0.0,1678.3658804209185,1813.3350000000003,2515.206,3245.7529999999997,0.0,0.0,0.0,0.0,0.000275834800627,5.167523040687936e-08,0.0,1.8350929502140539e-07
link,1702,0.8705195887746596,0.0008335648791331085,1678.289165336738,1813.3350000000003,2508.442200000001,3319.890000000001,-0.07671508418047779,0.0,-6.763799999999264,74.13700000000108,0.0167331702936609,0.0020192753523752,0.0006476683937823,0.0051096849657145
link,1703,0.8713531536537927,0.0,1678.3658804209185,1813.3350000000003,2515.206,3245.7529999999997,0.0,0.0,0.0,0.0,6.649320649016327e-05,3.929565465527672e-05,0.0,0.0002048047640333
link,1704,0.8710752986940817,0.00027785495971099916,1678.3005288676236,1813.3350000000003,2515.206,3245.7529999999997,-0.06535155329493136,0.0,0.0,0.0,0.0024843548631165,7.55130572555441e-05,0.0006476683937823,0.0002473199277136
link,1705,0.8713531536537927,0.0,1678.432409119898,1813.3350000000003,2515.206,3245.7529999999997,0.06652869897948221,0.0,0.0,0.0,0.0040615362589538,0.0001383369722661,0.0,0.0002504984447245
link,1706,0.8713531536537927,0.0,1678.3658804209185,1813.3350000000003,2515.206,3245.7529999999997,0.0,0.0,0.0,0.0,4.432880432677551e-05,2.3368101571628862e-06,0.0,3.1406159153637065e-06
link,1707,0.8710752986940817,0.00027785495971099916,1678.3689438596493,1813.3350000000003,2515.206,3245.7529999999997,0.003063438730805501,0.0,0.0,0.0,0.0016568294329946,0.0014563386271324,0.0,0.0051031763841628
link,1708,0.8713531536537927,0.0,1678.3658804209185,1813.3350000000003,2515.206,3245.7529999999997,0.0,0.0,0.0,0.0,0.0,0.0,0.0,0.0
link,1709,0.8713531536537927,0.0,1678.3658804209185,1813.3350000000003,2515.206,3245.7529999999997,0.0,0.0,0.0,0.0,0.0057723168824698,0.0008365932721659,0.0032383419689119,0.004902504760196
link,1710,0.8713531536537927,0.0,1678.3658804209185,1813.3350000000003,2515.206,3245.7529999999997,0.0,0.0,0.0,0.0,8.476419952571231e-05,8.931980732672324e-07,0.0,1.6463134129265892e-06
link,1711,0.8713531536537927,0.0,1678.75593622449,1813.3350000000003,2515.206,3245.7529999999997,0.3900558035713857,0.0,0.0,0.0,0.0069865158684527,0.0002596805525971,0.0,0.0003327952072839
link,1712,0.8713531536537927,0.0,1678.5457142857144,1813.3350000000003,2515.206,3245.7529999999997,0.1798338647959099,0.0,0.0,0.0,0.0054144506349838,0.0003011166365566,0.0012953367875647,0.0011718492721447
link,1713,0.8713531536537927,0.0,1678.7594483418368,1813.3350000000003,2517.916,3245.7529999999997,0.3935679209182581,0.0,2.7100000000000364,0.0,0.0030999608702337,4.6924892703542645e-05,0.0,9.783584476698222e-05
link,1714,0.8713531536537927,0.0,1678.3658804209185,1813.3350000000003,2515.206,3245.7529999999997,0.0,0.0,0.0,0.0,0.0026723560122361,0.0007896683794624,0.001943005181347,0.004804668915429
link,1715,0.8713531536537927,0.0,1678.3658804209185,1813.3350000000003,2515.206,3245.7529999999997,0.0,0.0,0.0,0.0,0.0,0.0,0.0,0.0
link,1716,0.8713531536537927,0.0,1678.3876705994899,1813.3350000000003,2515.206,3245.7529999999997,0.021790178571336583,0.0,0.0,0.0,0.0036756443784288,0.0001725201455188,0.0,0.0003253971724165
link,1717,0.8713531536537927,0.0,1678.405548469388,1813.3350000000003,2515.206,3245.7529999999997,0.03966804846936611,0.0,0.0,0.0,0.0001315013620906,1.3866894103924269e-06,0.0,5.892359747330134e-06
link,1718,0.8713531536537927,0.0,1678.3658804209185,1813.3350000000003,2515.206,3245.7529999999997,0.0,0.0,0.0,0.0,0.0001880134442091,3.790476378947355e-06,0.0,1.3668387444551096e-05
link,1719,0.8710752986940817,0.00027785495971099916,1678.3287480063796,1813.3350000000003,2515.206,3245.7529999999997,-0.037132414538973535,0.0,0.0,0.0,0.0248063915870696,0.0011666217447136,0.0006476683937823,0.0019934235623512
link,1720,0.8707974437343706,0.0005557099194221093,1678.6596537970645,1813.3350000000003,2515.206,3245.7529999999997,0.293773376145964,0.0,0.0,0.0,0.0021439594288557,3.761616174651484e-05,0.0012953367875647,5.417330082059057e-05
link,1721,0.8713531536537927,0.0,1678.3658804209185,1813.3350000000003,2515.206,3245.7529999999997,0.0,0.0,0.0,0.0,0.0,0.0,0.0,0.0
link,1722,0.8710752986940817,0.00027785495971099916,1678.5405065390748,1813.3350000000003,2515.206,3245.7529999999997,0.17462611815631135,0.0,0.0,0.0,0.0021439594288557,3.761616174651484e-05,0.0006476683937823,5.417330082059057e-05
link,1723,0.8710752986940817,0.00027785495971099916,1677.967459968102,1813.3350000000003,2515.206,3245.7529999999997,-0.398420452816481,0.0,0.0,0.0,0.0015814782183473,0.0005735830592052,0.0,0.0048710881972629
link,1724,0.8713531536537927,0.0,1678.3658804209185,1813.3350000000003,2515.206,3245.7529999999997,0.0,0.0,0.0,0.0,0.0,0.0,0.0,0.0
link,1725,0.8713531536537927,0.0,1678.3658804209185,1813.3350000000003,2515.206,3245.7529999999997,0.0,0.0,0.0,0.0,0.000462055444424,0.0003743777800399,0.0,0.0014231702945408
link,1726,0.8713531536537927,0.0,1678.3658804209185,1813.3350000000003,2515.206,3245.7529999999997,0.0,0.0,0.0,0.0,0.0,0.0,0.0,0.0
link,1727,0.8713531536537927,0.0,1678.3658804209185,1813.3350000000003,2515.206,3245.7529999999997,0.0,0.0,0.0,0.0,0.0009241108888481,0.0007589245281027,0.0,0.0028463405890817
link,1728,0.8713531536537927,0.0,1678.3658804209185,1813.3350000000003,2515.206,3245.7529999999997,0.0,0.0,0.0,0.0,0.0009241108888481,0.0007589245281027,0.0,0.0028463405890817
link,1729,0.8713531536537927,0.0,1678.7929799107144,1813.3350000000003,2517.916,3245.7529999999997,0.42709948979586443,0.0,2.7100000000000364,0.0,0.0048261007698644,0.0012066518425556,0.001943005181347,0.0084396515003809
link,1730,0.8713531536537927,0.0,1678.3658804209185,1813.3350000000003,2515.206,3245.7529999999997,0.0,0.0,0.0,0.0,0.0,0.0,0.0,0.0
link,1731,0.8707974437343706,0.0005557099194221093,1677.7207999361838,1813.3350000000003,2513.5215000000017,3245.7529999999997,-0.6450804847347626,0.0,-1.6844999999984793,0.0,0.0024705612224897,0.0010099515200788,0.0006476683937823,0.0076095399050522
link,1732,0.8705195887746596,0.0008335648791331085,1677.4224174912226,1813.3350000000003,2508.442200000001,3245.7529999999997,-0.9434629296958974,0.0,-6.763799999999264,0.0,0.0049411224449794,0.0020426956560134,0.0012953367875647,0.0152190798101045
link,1733,0.8713531536537927,0.0,1678.3658804209185,1813.3350000000003,2515.206,3245.7529999999997,0.0,0.0,0.0,0.0,0.0022774103398314,0.001087470152333,0.0006476683937823,0.0070146186637147
link,1734,0.8713531536537927,0.0,1678.3658804209185,1813.3350000000003,2515.206,3245.7529999999997,0.0,0.0,0.0,0.0,0.0104597674692499,0.0101062785577074,0.0,0.0296893812030952
link,1735,0.8713531536537927,0.0,1678.5571884566327,1813.3350000000003,2517.916,3245.7529999999997,0.19130803571420074,0.0,2.7100000000000364,0.0,0.027772460205117,0.0018848530688657,0.0006476683937823,0.0057060395769563
link,1736,0.8713531536537927,0.0,1678.3658804209185,1813.3350000000003,2515.206,3245.7529999999997,0.0,0.0,0.0,0.0,0.0193265507724968,0.0076693779152183,0.0,0.0058016922874608
link,1737,0.8713531536537927,0.0,1678.8111288265306,1813.3350000000003,2515.206,3245.7529999999997,0.4452484056121193,0.0,0.0,0.0,0.0014277076497405,7.909425110835324e-05,0.0,0.000161052153301
link,1738,0.8713531536537927,0.0,1678.3658804209185,1813.3350000000003,2515.206,3245.7529999999997,0.0,0.0,0.0,0.0,0.006839435985333,0.0006377137774168,0.0,0.0007290386478502
link,1739,0.8713531536537927,0.0,1678.3658804209185,1813.3350000000003,2515.206,3245.7529999999997,0.0,0.0,0.0,0.0,0.0011702483553093,6.728760650308386e-05,0.0,2.885761923130842e-05
link,1740,0.8713531536537927,0.0,1678.6288941326532,1813.3350000000003,2515.206,3245.7529999999997,0.2630137117346294,0.0,0.0,0.0,0.0027321138856803,8.648293893712441e-05,0.0,0.0001823098701763
link,1741,0.8710752986940817,0.00027785495971099916,1678.319869856459,1813.3350000000003,2515.206,3245.7529999999997,-0.04601056445949325,0.0,0.0,0.0,0.0077099619443019,0.0002083919641499,0.0012953367875647,0.000606046390695
link,1742,0.8713531536537927,0.0,1678.9620031887755,1813.3350000000003,2536.424000000001,3245.7529999999997,0.5961227678569685,0.0,21.218000000000757,0.0,0.0200428539181063,0.0004075023772989,0.0,0.0006385565332893
link,1743,0.8713531536537927,0.0,1678.3658804209185,1813.3350000000003,2515.206,3245.7529999999997,0.0,0.0,0.0,0.0,0.0039064631638006,0.001267700831318,0.0006476683937823,0.0036913598387795
link,1744,0.8713531536537927,0.0,1678.6485522959185,1813.3350000000003,2515.206,3245.7529999999997,0.28267187500000546,0.0,0.0,0.0,0.0073385895018178,0.000419192578619,0.0,0.0002697083499409
link,1745,0.8713531536537927,0.0,1678.3658804209185,1813.3350000000003,2515.206,3245.7529999999997,0.0,0.0,0.0,0.0,9.747213965221504e-05,5.498041473114541e-06,0.0,1.8965933039183704e-06
link,1746,0.8713531536537927,0.0,1678.4101568877552,1813.3350000000003,2515.206,3245.7529999999997,0.04427646683666353,0.0,0.0,0.0,0.0054843286797982,0.0003336598294164,0.0,0.0004022287591993
link,1747,0.8713531536537927,0.0,1678.3658804209185,1813.3350000000003,2515.206,3245.7529999999997,0.0,0.0,0.0,0.0,0.003976312858794,0.0003560657423143,0.0,0.0001807161789673
link,1748,0.8713531536537927,0.0,1678.3658804209185,1813.3350000000003,2515.206,3245.7529999999997,0.0,0.0,0.0,0.0,0.0204566083505989,0.0009721500333692,0.0006476683937823,0.0025392757213482
link,1749,0.8713531536537927,0.0,1678.5557021683674,1813.3350000000003,2515.206,3245.7529999999997,0.18982174744883196,0.0,0.0,0.0,0.0164786349088492,0.000556880698521,0.0,0.0001318898359394
link,1750,0.8713531536537927,0.0,1678.3658804209185,1813.3350000000003,2515.206,3245.7529999999997,0.0,0.0,0.0,0.0,0.0024056680026993,0.0002560012560265,0.0,0.0001241220282672
link,1751,0.8713531536537927,0.0,1678.3658804209185,1813.3350000000003,2515.206,3245.7529999999997,0.0,0.0,0.0,0.0,0.0108968188343685,0.000616454534853,0.0,0.0006722002698572
link,1752,0.8713531536537927,0.0,1678.3658804209185,1813.3350000000003,2515.206,3245.7529999999997,0.0,0.0,0.0,0.0,0.0121805928825979,0.0002295934840795,0.0,0.0005381908064326
link,1753,0.8713531536537927,0.0,1678.3658804209185,1813.3350000000003,2515.206,3245.7529999999997,0.0,0.0,0.0,0.0,0.0057485705327164,0.0002908250226041,0.0,0.0004539175779167
link,1754,0.8713531536537927,0.0,1678.3658804209185,1813.3350000000003,2515.206,3245.7529999999997,0.0,0.0,0.0,0.0,0.0037656660800775,0.0002971258051164,0.0,0.0001264005827604
link,1755,0.8705195887746596,0.0008335648791331085,1677.3995126077243,1813.3350000000003,2508.442200000001,3245.7529999999997,-0.9663678131942106,0.0,-6.763799999999264,0.0,5.278367211386565e-05,4.298427243711793e-05,0.001943005181347,0.0001625782253963
link,1756,0.8713531536537927,0.0,1678.3658804209185,1813.3350000000003,2515.206,3245.7529999999997,0.0,0.0,0.0,0.0,0.0,0.0,0.0006476683937823,0.0
link,1757,0.8713531536537927,0.0,1678.3658804209185,1813.3350000000003,2515.206,3245.7529999999997,0.0,0.0,0.0,0.0,0.0001912952534521,0.0001717369884489,0.0006476683937823,0.0005892057446462
link,1758,0.8713531536537927,0.0,1678.3658804209185,1813.3350000000003,2515.206,3245.7529999999997,0.0,0.0,0.0,0.0,0.0,0.0,0.0,0.0
link,1759,0.8705195887746596,0.0008335648791331085,1676.9073431216088,1813.3350000000003,2508.442200000001,3245.7529999999997,-1.4585372993096826,0.0,-6.763799999999264,0.0,0.006674456018023,0.0074701591082641,0.0006476683937823,0.0205578954900293
link,1760,0.8707974437343706,0.0005557099194221093,1677.8617782386727,1813.3350000000003,2515.206,3245.7529999999997,-0.5041021822457878,0.0,0.0,0.0,0.0151038537196886,0.0029811889846511,0.0006476683937823,0.0015528639752531
link,1761,0.8713531536537927,0.0,1678.5249722576532,1813.3350000000003,2517.916,3245.7529999999997,0.15909183673466032,0.0,2.7100000000000364,0.0,0.0014113773998648,6.80505033379109e-05,0.0,6.33639136916661e-05
link,1762,0.8713531536537927,0.0,1678.3658804209185,1813.3350000000003,2515.206,3245.7529999999997,0.0,0.0,0.0,0.0,0.0013938914041849,4.364505324641172e-06,0.0,3.490947220898814e-06
link,1763,0.8707974437343706,0.0005557099194221093,1677.9751477345246,1813.3350000000003,2515.206,3245.7529999999997,-0.39073268639390335,0.0,0.0,0.0,0.0104823674055644,0.0033112279535616,0.0032383419689119,0.0107010294574075
link,1764,0.8713531536537927,0.0,1678.3658804209185,1813.3350000000003,2515.206,3245.7529999999997,0.0,0.0,0.0,0.0,0.0022940415741287,0.0018059814177058,0.0012953367875647,0.0064602891815536
link,1765,0.8713531536537927,0.0,1678.3658804209185,1813.3350000000003,2515.206,3245.7529999999997,0.0,0.0,0.0,0.0,0.0039958701682755,0.0045016178992826,0.0,0.0123076219379246
link,1766,0.8713531536537927,0.0,1678.3658804209185,1813.3350000000003,2515.206,3245.7529999999997,0.0,0.0,0.0,0.0,0.0120616065557711,0.0018846300285771,0.0,0.0033245394413918
link,1767,0.8713531536537927,0.0,1680.1478781887756,1813.3350000000003,2515.206,3245.7529999999997,1.7819977678570922,0.0,0.0,0.0,0.0029713771917344,0.0005902252202941,0.0,0.0005070371562881
link,1768,0.8710752986940817,0.00027785495971099916,1678.257097926635,1813.3350000000003,2515.206,3245.7529999999997,-0.10878249428355957,0.0,0.0,0.0,0.0066671194941659,0.0026710399210432,0.001943005181347,0.003419613143667
link,1769,0.8713531536537927,0.0,1678.3658804209185,1813.3350000000003,2515.206,3245.7529999999997,0.0,0.0,0.0,0.0,0.0030086119399366,0.0025001952142936,0.0,0.0092667821413845
link,1770,0.8713531536537927,0.0,1678.3658804209185,1813.3350000000003,2515.206,3245.7529999999997,0.0,0.0,0.0,0.0,0.0,0.0,0.0,0.0
link,1771,0.8713531536537927,0.0,1678.3658804209185,1813.3350000000003,2515.206,3245.7529999999997,0.0,0.0,0.0,0.0,0.0050666023590707,0.0002917566529902,0.0,0.0001651279876595
link,1772,0.8713531536537927,0.0,1678.3658804209185,1813.3350000000003,2515.206,3245.7529999999997,0.0,0.0,0.0,0.0,0.0124645820392224,0.0003391751361093,0.0,0.0009109649490148
link,1773,0.8713531536537927,0.0,1678.4483140943876,1813.3350000000003,2515.206,3245.7529999999997,0.08243367346904051,0.0,0.0,0.0,0.0158717068999002,0.0004733548375342,0.0045336787564766,0.0011595690784038
link,1774,0.8713531536537927,0.0,1678.3826205357143,1813.3350000000003,2515.206,3245.7529999999997,0.016740114795766203,0.0,0.0,0.0,0.0034071248606777,3.427493347748527e-05,0.0,6.442651633328224e-05
link,1775,0.8713531536537927,0.0,1678.3658804209185,1813.3350000000003,2515.206,3245.7529999999997,0.0,0.0,0.0,0.0,0.0067928228132542,0.0003885213255026,0.0,0.0004712123633761
link,1776,0.8713531536537927,0.0,1678.3658804209185,1813.3350000000003,2515.206,3245.7529999999997,0.0,0.0,0.0,0.0,0.0,0.0,0.001943005181347,0.0
link,1777,0.8710752986940817,0.00027785495971099916,1678.395322169059,1813.3350000000003,2515.206,3245.7529999999997,0.029441748140470736,0.0,0.0,0.0,0.0158717068999002,0.0004733548375342,0.0045336787564766,0.0011595690784038
link,1778,0.8713531536537927,0.0,1678.3658804209185,1813.3350000000003,2515.206,3245.7529999999997,0.0,0.0,0.0,0.0,0.0067928228132542,0.0003718063888852,0.0,0.0004281742434388
link,1779,0.8713531536537927,0.0,1678.3658804209185,1813.3350000000003,2515.206,3245.7529999999997,0.0,0.0,0.0,0.0,0.0162074920582784,0.000687130118831,0.0,0.0009784458558177
link,1780,0.8713531536537927,0.0,1678.3658804209185,1813.3350000000003,2515.206,3245.7529999999997,0.0,0.0,0.0,0.0,0.0,0.0,0.0,0.0
link,1781,0.8713531536537927,0.0,1678.3658804209185,1813.3350000000003,2515.206,3245.7529999999997,0.0,0.0,0.0,0.0,0.0068480551108111,0.0026799952674855,0.0025906735751294,0.0151668438177613
link,1782,0.8713531536537927,0.0,1678.3658804209185,1813.3350000000003,2515.206,3245.7529999999997,0.0,0.0,0.0,0.0,0.0005538183246871,0.0003680618473626,0.0,0.001705807815444
link,1783,0.8713531536537927,0.0,1678.6481686862244,1813.3350000000003,2515.206,3245.7529999999997,0.2822882653058514,0.0,0.0,0.0,0.0003583537567669,2.8351683416973075e-05,0.0,4.499694494200127e-05
link,1784,0.8713531536537927,0.0,1678.3658804209185,1813.3350000000003,2515.206,3245.7529999999997,0.0,0.0,0.0,0.0,0.0159460140424248,0.0024860087130451,0.0,0.0021861118166353
link,1785,0.8707974437343706,0.0005557099194221093,1677.9328653477985,1813.3350000000003,2515.206,3245.7529999999997,-0.43301507312003196,0.0,0.0,0.0,0.0074088377755671,0.0005084504664995,0.0025906735751294,0.0018773094958581
link,1786,0.8713531536537927,0.0,1678.3658804209185,1813.3350000000003,2515.206,3245.7529999999997,0.0,0.0,0.0,0.0,3.369620675175942e-05,1.917199639994381e-05,0.0,0.0001037871992778
link,1787,0.8713531536537927,0.0,1678.3658804209185,1813.3350000000003,2515.206,3245.7529999999997,0.0,0.0,0.0,0.0,0.0026576468755085,0.00015012901488,0.0006476683937823,3.3588691566159066e-05
link,1788,0.8713531536537927,0.0,1683.1744713010205,1818.5775,2517.916,3245.7529999999997,4.808590880101974,5.242499999999836,2.7100000000000364,0.0,0.0094443365607098,0.0005851841940355,0.0,0.0006307850530213
link,1789,0.8713531536537927,0.0,1678.3658804209185,1813.3350000000003,2515.206,3245.7529999999997,0.0,0.0,0.0,0.0,0.0142168892502116,0.0016925982708583,0.0,0.0011187848617299
link,1790,0.8713531536537927,0.0,1678.3658804209185,1813.3350000000003,2515.206,3245.7529999999997,0.0,0.0,0.0,0.0,0.0,0.0,0.0,0.0
link,1791,0.8713531536537927,0.0,1678.8464492984695,1813.3350000000003,2515.206,3245.7529999999997,0.4805688775509225,0.0,0.0,0.0,0.0,0.0,0.0,0.0
link,1792,0.8710752986940817,0.00027785495971099916,1678.3628657097288,1813.3350000000003,2515.206,3245.7529999999997,-0.0030147111897349532,0.0,0.0,0.0,0.0163043677991917,0.0025333256745757,0.0025906735751294,0.0022667831893598
link,1793,0.8713531536537927,0.0,1678.8464492984695,1813.3350000000003,2515.206,3245.7529999999997,0.4805688775509225,0.0,0.0,0.0,0.0,0.0,0.0,0.0
link,1794,0.8713531536537927,0.0,1678.3658804209185,1813.3350000000003,2515.206,3245.7529999999997,0.0,0.0,0.0,0.0,0.0,0.0,0.0,0.0
link,1795,0.8713531536537927,0.0,1684.1099263392857,1818.5775,2543.0460000000003,3245.7529999999997,5.744045918367192,5.242499999999836,27.840000000000146,0.0,0.009786513764389,0.0005925150439728,0.0,0.0006548143988899
link,1796,0.8713531536537927,0.0,1678.3658804209185,1813.3350000000003,2515.206,3245.7529999999997,0.0,0.0,0.0,0.0,0.0104615549978025,0.0016389055134592,0.0,0.0009448028611507
link,1797,0.8713531536537927,0.0,1678.3658804209185,1813.3350000000003,2515.206,3245.7529999999997,0.0,0.0,0.0,0.0,0.0136467209236832,0.0002352836221223,0.0,0.0003176839162723
link,1798,0.8713531536537927,0.0,1678.3658804209185,1813.3350000000003,2515.206,3245.7529999999997,0.0,0.0,0.0,0.0,0.0,0.0,0.0,0.0
link,1799,0.8707974437343706,0.0005557099194221093,1677.9601764518188,1813.3350000000003,2515.206,3245.7529999999997,-0.4057039690997044,0.0,0.0,0.0,0.0058149609754075,0.00442826690366,0.0006476683937823,0.0179105772347926
link,1800,0.8713531536537927,0.0,1678.5701431760206,1813.3350000000003,2515.206,3245.7529999999997,0.20426275510203595,0.0,0.0,0.0,0.0147612112944537,0.0009196226873093,0.0,0.0008526931289349
link,1801,0.8713531536537927,0.0,1678.3658804209185,1813.3350000000003,2515.206,3245.7529999999997,0.0,0.0,0.0,0.0,0.02159245243956,0.0015916630569328,0.0,0.0019799730938671
link,1802,0.8713531536537927,0.0,1678.3658804209185,1813.3350000000003,2515.206,3245.7529999999997,0.0,0.0,0.0,0.0,0.0017759009044557,0.0008809864499328,0.0006476683937823,0.0054699267020213
link,1803,0.8699638788552375,0.0013892747985552178,1678.9651660811244,1813.3350000000003,2519.347,3245.7529999999997,0.599285660205851,0.0,4.141000000000076,0.0,0.0474686102809953,0.0119517737945649,0.005181347150259,0.0386825465181523
link,1804,0.8702417338149486,0.0011114198388441077,1677.6941037675608,1813.3350000000003,2515.206,3245.7529999999997,-0.6717766533577105,0.0,0.0,0.0,0.0004841804337224,0.0004489736944866,0.0006476683937823,0.0014913171542227
link,1805,0.8713531536537927,0.0,1679.5389939413267,1813.3350000000003,2515.206,3245.7529999999997,1.173113520408151,0.0,0.0,0.0,0.0148457275333521,0.0003383529498787,0.0,0.0003488183915239
link,1806,0.8713531536537927,0.0,1678.3658804209185,1813.3350000000003,2515.206,3245.7529999999997,0.0,0.0,0.0,0.0,0.0154659752664895,0.0005989616806536,0.0,0.0010670109075693
link,1807,0.8713531536537927,0.0,1678.5206412627554,1813.3350000000003,2515.206,3245.7529999999997,0.1547608418368327,0.0,0.0,0.0,0.0063154851982995,0.000661700150178,0.0,0.0009904317469444
link,1808,0.8713531536537927,0.0,1678.3658804209185,1813.3350000000003,2515.206,3245.7529999999997,0.0,0.0,0.0,0.0,0.0063862682242406,0.004019971872761,0.0058290155440414,0.0188469803294278
link,1809,0.8713531536537927,0.0,1678.3658804209185,1813.3350000000003,2515.206,3245.7529999999997,0.0,0.0,0.0,0.0,0.0001787858550208,8.054453878278981e-07,0.0,2.716969697419857e-06
link,1810,0.8713531536537927,0.0,1678.9902107780615,1813.3350000000003,2515.206,3249.7200000000003,0.6243303571429806,0.0,0.0,3.967000000000553,0.0132174600083734,0.0002525148208736,0.0,0.0005753873098441
link,1811,0.8713531536537927,0.0,1678.3658804209185,1813.3350000000003,2515.206,3245.7529999999997,0.0,0.0,0.0,0.0,0.0103623005211928,0.000120009441318,0.0,0.0001769757046474
link,1812,0.8713531536537927,0.0,1681.2425953443878,1813.3350000000003,2515.206,3245.7529999999997,2.876714923469308,0.0,0.0,0.0,0.0086160146591323,0.0004219858220819,0.0,0.0008421646707171
link,1813,0.8710752986940817,0.00027785495971099916,1678.2301055821372,1813.3350000000003,2515.206,3245.7529999999997,-0.13577483878134444,0.0,0.0,0.0,0.0050594414464279,0.0018659083652037,0.0025906735751294,0.0139388220826897
link,1814,0.8713531536537927,0.0,1678.3658804209185,1813.3350000000003,2515.206,3245.7529999999997,0.0,0.0,0.0,0.0,0.001696144254913,2.0135136652676577e-05,0.0,7.606546577711304e-05
link,1815,0.8713531536537927,0.0,1686.781056760204,1829.2359999999999,2515.206,3245.7529999999997,8.415176339285381,15.900999999999613,0.0,0.0,0.0079323608764151,0.0003237505059257,0.0006476683937823,0.0008098977517635
link,1816,0.8713531536537927,0.0,1678.743152104592,1813.3350000000003,2515.206,3245.7529999999997,0.3772716836733707,0.0,0.0,0.0,0.0283643393954264,0.0137036106936646,0.001943005181347,0.0170850070745445
link,1817,0.8710752986940817,0.00027785495971099916,1678.2301055821372,1813.3350000000003,2515.206,3245.7529999999997,-0.13577483878134444,0.0,0.0,0.0,0.0031317552014621,0.0013488824984867,0.0006476683937823,0.0096460739209552
link,1818,0.8705195887746596,0.0008335648791331085,1678.1824963293968,1813.3350000000003,2515.206,3245.7529999999997,-0.18338409152170243,0.0,0.0,0.0,0.0185310452846033,0.0037691934613302,0.0064766839378237,0.0240508201222776
link,1819,0.8713531536537927,0.0,1678.4837904974488,1813.3350000000003,2515.206,3245.7529999999997,0.11791007653027918,0.0,0.0,0.0,0.0001335187560722,2.1442858398020614e-06,0.0,1.3795954682027648e-05
link,1820,0.8713531536537927,0.0,1678.3658804209185,1813.3350000000003,2515.206,3245.7529999999997,0.0,0.0,0.0,0.0,0.0051560235643745,7.683317173602314e-05,0.0006476683937823,0.0001779880822811
link,1821,0.8713531536537927,0.0,1678.3658804209185,1813.3350000000003,2515.206,3245.7529999999997,0.0,0.0,0.0,0.0,0.0090508099326586,0.0002212987088546,0.0,0.0005002436587032
link,1822,0.8713531536537927,0.0,1678.3658804209185,1813.3350000000003,2515.206,3245.7529999999997,0.0,0.0,0.0,0.0,0.0,0.0,0.0,0.0
link,1823,0.8713531536537927,0.0,1681.7866265943876,1823.145,2515.206,3245.7529999999997,3.4207461734690696,9.809999999999718,0.0,0.0,0.0158933850458886,0.0012157944012188,0.0006476683937823,0.0068984121759754
link,1824,0.8713531536537927,0.0,1678.3658804209185,1813.3350000000003,2515.206,3245.7529999999997,0.0,0.0,0.0,0.0,0.0128526189133227,0.0059164328314124,0.001943005181347,0.0324667398058999
link,1825,0.8713531536537927,0.0,1678.9068683035712,1813.3350000000003,2515.206,3245.7529999999997,0.5409878826526437,0.0,0.0,0.0,0.0039815061959926,0.0003233667005588,0.0012953367875647,0.0023758020462388
link,1826,0.8713531536537927,0.0,1678.3658804209185,1813.3350000000003,2515.206,3245.7529999999997,0.0,0.0,0.0,0.0,0.0154348852375018,0.0014563605173578,0.0012953367875647,0.0062430479208721
link,1827,0.8713531536537927,0.0,1679.239377232143,1813.3350000000003,2556.438,3245.7529999999997,0.8734968112244132,0.0,41.23199999999997,0.0,0.0070215339893991,0.0001369879980704,0.0,0.0005654775570883
link,1828,0.8713531536537927,0.0,1678.3658804209185,1813.3350000000003,2515.206,3245.7529999999997,0.0,0.0,0.0,0.0,0.0307859823366375,0.0102228472650374,0.0071243523316061,0.0626490502017907
link,1829,0.8713531536537927,0.0,1678.3658804209185,1813.3350000000003,2515.206,3245.7529999999997,0.0,0.0,0.0,0.0,0.0002106496383205,0.0001961951057514,0.0,2.882078410824994e-05
link,1830,0.8713531536537927,0.0,1682.397866390306,1823.145,2515.206,3245.7529999999997,4.031985969387506,9.809999999999718,0.0,0.0,0.0176204512806266,0.0007621872161483,0.0,0.0019222048282854
link,1831,0.8713531536537927,0.0,1690.7048185586737,1850.4329999999998,2515.206,3245.7529999999997,12.338938137755122,37.0979999999995,0.0,0.0,0.0167407509634563,0.0005482477627439,0.0,0.0016794272199477
link,1832,0.8713531536537927,0.0,1678.3658804209185,1813.3350000000003,2515.206,3245.7529999999997,0.0,0.0,0.0,0.0,0.0070702568055575,0.0005441847338417,0.0,0.000668578941548
link,1833,0.8699638788552375,0.0013892747985552178,1679.3029246247206,1813.3350000000003,2556.438,3245.7529999999997,0.9370442038020883,0.0,41.23199999999997,0.0,0.0071206039420778,0.0001971008501822,0.0012953367875647,0.0013468581859403
link,1834,0.8713531536537927,0.0,1678.6152184311222,1813.3350000000003,2515.206,3245.7529999999997,0.24933801020370083,0.0,0.0,0.0,0.0011929776164232,2.0258986242941157e-06,0.0,7.63635791635499e-06
link,1835,0.8713531536537927,0.0,1678.3658804209185,1813.3350000000003,2515.206,3245.7529999999997,0.0,0.0,0.0,0.0,0.0031485455370369,2.239328661809453e-05,0.0006476683937823,5.49738495890847e-05
link,1836,0.8713531536537927,0.0,1678.8676103316325,1813.3350000000003,2515.206,3245.7529999999997,0.5017299107139479,0.0,0.0,0.0,0.0089402255515706,0.0005315899420137,0.0,0.0013229209307803
link,1837,0.8713531536537927,0.0,1678.3658804209185,1813.3350000000003,2515.206,3245.7529999999997,0.0,0.0,0.0,0.0,0.0051893542395811,8.877655765979945e-05,0.0,0.0001970128224513
link,1838,0.8713531536537927,0.0,1678.3658804209185,1813.3350000000003,2515.206,3245.7529999999997,0.0,0.0,0.0,0.0,0.000204968118091,3.270515003504512e-06,0.0,1.306296409730041e-05
link,1839,0.8713531536537927,0.0,1678.3658804209185,1813.3350000000003,2515.206,3245.7529999999997,0.0,0.0,0.0,0.0,0.002825272499017,6.9560156883608345e-06,0.0,2.919060007885171e-05
link,1840,0.8713531536537927,0.0,1678.398455357143,1813.3350000000003,2515.206,3245.7529999999997,0.03257493622436414,0.0,0.0,0.0,0.0,0.0,0.0,0.0
link,1841,0.8713531536537927,0.0,1678.3658804209185,1813.3350000000003,2515.206,3245.7529999999997,0.0,0.0,0.0,0.0,0.000204968118091,3.270515003504512e-06,0.0,1.306296409730041e-05
link,1842,0.8713531536537927,0.0,1678.398455357143,1813.3350000000003,2515.206,3245.7529999999997,0.03257493622436414,0.0,0.0,0.0,0.002825272499017,6.9560156883608345e-06,0.0006476683937823,2.919060007885171e-05
link,1843,0.847457627118644,0.023895526535148703,1668.1469236065573,1776.295,2565.7141999999985,3305.4626499999813,-10.218956814361263,-37.04000000000019,50.508199999998396,59.70964999998159,0.0172418768845215,0.0315791496060284,0.0012953367875647,0.0531064557301458
link,1844,0.8713531536537927,0.0,1678.3658804209185,1813.3350000000003,2515.206,3245.7529999999997,0.0,0.0,0.0,0.0,0.0108904482095232,0.0390229331347546,0.0006476683937823,0.0335435120894345
link,1845,0.8710752986940817,0.00027785495971099916,1678.4789339712918,1813.3350000000003,2515.206,3245.7529999999997,0.11305355037325171,0.0,0.0,0.0,0.0035472136125804,3.646984727444799e-05,0.001943005181347,0.0001481761029535
link,1846,0.8713531536537927,0.0,1678.3658804209185,1813.3350000000003,2515.206,3245.7529999999997,0.0,0.0,0.0,0.0,0.0022446307309382,0.0014400156742865,0.0006476683937823,0.0069136546642501
link,1847,0.8713531536537927,0.0,1678.3658804209185,1813.3350000000003,2515.206,3245.7529999999997,0.0,0.0,0.0,0.0,0.0007821538413168,2.787363126294073e-05,0.0,9.074028854401372e-05
link,1848,0.8713531536537927,0.0,1679.156521364796,1813.3350000000003,2515.206,3245.7529999999997,0.7906409438774062,0.0,0.0,0.0,0.0024587338752966,5.854398779645057e-05,0.0,0.0001021741446909
link,1849,0.8713531536537927,0.0,1678.5394158163263,1813.3350000000003,2515.206,3245.7529999999997,0.17353539540772545,0.0,0.0,0.0,1.3941397233900544e-05,3.704113801688832e-07,0.0,4.23708667708097e-07
link,1850,0.8713531536537927,0.0,1678.3658804209185,1813.3350000000003,2515.206,3245.7529999999997,0.0,0.0,0.0,0.0,0.0035332722153465,3.609943589427911e-05,0.0,0.0001477523942859
link,1851,0.8713531536537927,0.0,1678.562040497449,1813.3350000000003,2515.206,3245.7529999999997,0.19616007653053202,0.0,0.0,0.0,4.182419170170164e-05,1.342970893798308e-06,0.0,1.976696145620189e-06
link,1852,0.8713531536537927,0.0,1678.3658804209185,1813.3350000000003,2515.206,3245.7529999999997,0.0,0.0,0.0,0.0,0.0072303360722322,0.0004979254045497,0.0,0.0006897260203143
link,1853,0.8713531536537927,0.0,1678.3658804209185,1813.3350000000003,2515.206,3245.7529999999997,0.0,0.0,0.0,0.0,0.0014584653986487,1.436174419146037e-05,0.0,6.144108744390216e-05
link,1854,0.8713531536537927,0.0,1678.3658804209185,1813.3350000000003,2515.206,3245.7529999999997,0.0,0.0,0.0,0.0,0.0,0.0,0.0,0.0
link,1855,0.8713531536537927,0.0,1678.3658804209185,1813.3350000000003,2515.206,3245.7529999999997,0.0,0.0,0.0,0.0,0.0088039356550193,0.0006575240848923,0.0006476683937823,0.001862780186885
link,1856,0.8713531536537927,0.0,1678.3658804209185,1813.3350000000003,2515.206,3245.7529999999997,0.0,0.0,0.0,0.0,0.0,0.0,0.0,0.0
link,1857,0.8713531536537927,0.0,1678.3658804209185,1813.3350000000003,2515.206,3245.7529999999997,0.0,0.0,0.0,0.0,0.0,0.0,0.0,0.0
link,1858,0.8713531536537927,0.0,1678.4623233418367,1813.3350000000003,2515.206,3245.7529999999997,0.09644292091820716,0.0,0.0,0.0,0.0032438732994468,7.372018418018634e-05,0.0,0.0001177961648186
link,1859,0.8713531536537927,0.0,1678.8154748086733,1813.3350000000003,2515.206,3245.7529999999997,0.4495943877548143,0.0,0.0,0.0,0.000204968118091,3.270515003504512e-06,0.0006476683937823,1.306296409730041e-05
link,1860,0.8713531536537927,0.0,1678.3658804209185,1813.3350000000003,2515.206,3245.7529999999997,0.0,0.0,0.0,0.0,0.0022969941755026,1.7214681365762506e-05,0.0,0.0001078935280566
link,1861,0.8710752986940817,0.00027785495971099916,1678.514346092504,1813.3350000000003,2515.206,3245.7529999999997,0.14846567158542712,0.0,0.0,0.0,0.0009326894129072,0.0005081527384497,0.0,0.0028727631770182
link,1862,0.8713531536537927,0.0,1678.6028191964285,1813.3350000000003,2515.206,3245.7529999999997,0.23693877550999787,0.0,0.0,0.0,0.0230067233141031,2.678519759950426e-05,0.0,8.498401606329109e-05
link,1863,0.8713531536537927,0.0,1678.3658804209185,1813.3350000000003,2515.206,3245.7529999999997,0.0,0.0,0.0,0.0,0.0058560468825847,2.806872447541737e-05,0.0,3.597269016821272e-05
link,1864,0.8713531536537927,0.0,1678.3658804209185,1813.3350000000003,2515.206,3245.7529999999997,0.0,0.0,0.0,0.0,0.0112273727055945,0.0002965127913283,0.0,0.0007986808788125
link,1865,0.8713531536537927,0.0,1678.3658804209185,1813.3350000000003,2515.206,3245.7529999999997,0.0,0.0,0.0,0.0,0.0036169878007136,0.0001672939211326,0.0,0.000141316415579
link,1866,0.8713531536537927,0.0,1678.3658804209185,1813.3350000000003,2515.206,3245.7529999999997,0.0,0.0,0.0,0.0,0.0017428075265028,0.0002333514163213,0.0,3.8724121297490055e-05
link,1867,0.8710752986940817,0.00027785495971099916,1690.041602232855,1813.3350000000003,2515.206,3245.7529999999997,11.675721811936455,0.0,0.0,0.0,0.007521881795092,0.0008999453359994,0.0012953367875647,0.002794759724586
link,1868,0.8713531536537927,0.0,1678.3658804209185,1813.3350000000003,2515.206,3245.7529999999997,0.0,0.0,0.0,0.0,4.189120238941045e-05,1.7076385384735558e-06,0.0,3.190292642092834e-06
link,1869,0.8713531536537927,0.0,1681.9181307397957,1813.3350000000003,2585.4180000000006,3245.7529999999997,3.5522503188772134,0.0,70.21200000000044,0.0,0.0039040164067271,0.0003369268318807,0.0006476683937823,0.001085466367334
link,1870,0.8713531536537927,0.0,1678.3658804209185,1813.3350000000003,2515.206,3245.7529999999997,0.0,0.0,0.0,0.0,0.0178364417628318,0.0009308313684385,0.0,0.0014064177778296
link,1871,0.8713531536537927,0.0,1678.5845956632654,1813.3350000000003,2517.916,3245.7529999999997,0.21871524234688877,0.0,2.7100000000000364,0.0,0.0039698425471212,0.0005701120585798,0.0,0.0002859256522248
link,1872,0.8705195887746596,0.0008335648791331085,1678.9311203319503,1813.3350000000003,2515.206,3245.7529999999997,0.5652399110317674,0.0,0.0,0.0,0.022463749321843,0.0018440103234452,0.0006476683937823,0.0064834989848283
link,1873,0.8685746040566824,0.0027785495971103247,1679.9639948816382,1813.3350000000003,2517.916,3245.7529999999997,1.5981144607196711,0.0,2.7100000000000364,0.0,0.0148371188276968,0.0010355941301697,0.0012953367875647,0.0049199342705483
link,1874,0.8713531536537927,0.0,1678.3658804209185,1813.3350000000003,2515.206,3245.7529999999997,0.0,0.0,0.0,0.0,0.0,0.0,0.0,0.0
link,1875,0.8713531536537927,0.0,1682.8215102040817,1813.3350000000003,2586.4350000000004,3245.7529999999997,4.455629783163204,0.0,71.22900000000027,0.0,0.0082620333259906,0.0013421688913819,0.0006476683937823,0.0044554988281578
link,1876,0.8710752986940817,0.00027785495971099916,1678.293869218501,1813.3350000000003,2515.206,3245.7529999999997,-0.07201120241757053,0.0,0.0,0.0,0.0004194203058385,0.0002580345477868,0.0,0.0012918504205497
link,1877,0.8713531536537927,0.0,1678.3658804209185,1813.3350000000003,2515.206,3245.7529999999997,0.0,0.0,0.0,0.0,0.0370848975855553,0.0015449848598742,0.0,0.0035846429253498
link,1878,0.8713531536537927,0.0,1678.801855229592,1813.3350000000003,2515.206,3245.7529999999997,0.43597480867356353,0.0,0.0,0.0,0.0030980641250896,0.0004822344449133,0.001943005181347,0.002534091590355
link,1879,0.8713531536537927,0.0,1678.6376658163267,1813.3350000000003,2515.206,3245.7529999999997,0.27178539540818747,0.0,0.0,0.0,0.0046102272939205,0.0010193503935894,0.0,0.0013539357457697
link,1880,0.8713531536537927,0.0,1678.3658804209185,1813.3350000000003,2515.206,3245.7529999999997,0.0,0.0,0.0,0.0,0.0044093905610706,0.000635183725059,0.0,0.0009069177547929
link,1881,0.8713531536537927,0.0,1679.3198300382653,1813.3350000000003,2515.206,3245.7529999999997,0.9539496173467796,0.0,0.0,0.0,0.0124841087158389,0.0002512631923553,0.0,0.0003450675375744
link,1882,0.8713531536537927,0.0,1678.3658804209185,1813.3350000000003,2515.206,3245.7529999999997,0.0,0.0,0.0,0.0,9.662682529866738e-05,3.654406917633877e-05,0.001943005181347,0.0002976188876904
link,1883,0.8710752986940817,0.00027785495971099916,1678.4423349282297,1813.3350000000003,2515.206,3245.7529999999997,0.07645450731115488,0.0,0.0,0.0,0.004888043298839,0.0040925560027255,0.0006476683937823,0.0150555914994305
link,1884,0.8713531536537927,0.0,1678.3658804209185,1813.3350000000003,2515.206,3245.7529999999997,0.0,0.0,0.0,0.0,0.0007458273671036,1.5947986158264358e-05,0.0,3.0225096305350856e-05
link,1885,0.8713531536537927,0.0,1678.3658804209185,1813.3350000000003,2515.206,3245.7529999999997,0.0,0.0,0.0,0.0,0.0056623646614573,0.0027046364221864,0.0025906735751294,0.0122165010961662
link,1886,0.8713531536537927,0.0,1682.3610280612247,1818.8680000000002,2515.206,3245.7529999999997,3.995147640306186,5.532999999999902,0.0,0.0,0.0159532697852577,0.0009071133748015,0.0,0.0013785111888259
link,1887,0.8713531536537927,0.0,1678.3658804209185,1813.3350000000003,2515.206,3245.7529999999997,0.0,0.0,0.0,0.0,0.0011509967039654,0.0006509543515114,0.0006476683937823,0.0035451683081881
link,1888,0.8710752986940817,0.00027785495971099916,1678.374519617225,1813.3350000000003,2515.206,3245.7529999999997,0.008639196306376107,0.0,0.0,0.0,0.0130850367329059,0.0047568595205506,0.0025906735751294,0.0350789660355633
link,1889,0.8713531536537927,0.0,1678.3658804209185,1813.3350000000003,2515.206,3245.7529999999997,0.0,0.0,0.0,0.0,0.004888043298839,0.0036875830683955,0.0006476683937823,0.0150555914994305
link,1890,0.8713531536537927,0.0,1678.3658804209185,1813.3350000000003,2515.206,3245.7529999999997,0.0,0.0,0.0,0.0,0.0017599399654558,0.0011897136615445,0.0006476683937823,0.0054207656445512
link,1891,0.8713531536537927,0.0,1678.3658804209185,1813.3350000000003,2515.206,3245.7529999999997,0.0,0.0,0.0,0.0,0.0050863101718152,0.0037805967002698,0.0012953367875647,0.0156662704285859
link,1892,0.8607946651847735,0.01055848846901919,1681.0807866365399,1823.145,2533.1725000000024,3247.048549999997,2.7149062156213404,9.809999999999718,17.96650000000227,1.2955499999970925,0.0125867047113304,0.0098158157309433,0.0045336787564766,0.0387681272182587
link,1893,0.8713531536537927,0.0,1678.3658804209185,1813.3350000000003,2515.206,3245.7529999999997,0.0,0.0,0.0,0.0,0.0017599399654558,0.0012060302250572,0.0006476683937823,0.0054207656445512
link,1894,0.8713531536537927,0.0,1682.202443239796,1813.3350000000003,2515.206,3245.7529999999997,3.8365628188773826,0.0,0.0,0.0,0.0105018311555819,0.001179374187759,0.0,0.0010018595881125
link,1895,0.8713531536537927,0.0,1678.3658804209185,1813.3350000000003,2515.206,3245.7529999999997,0.0,0.0,0.0,0.0,0.0020848735557484,0.0013260745361043,0.0012953367875647,0.0064215888985208
link,1896,0.8713531536537927,0.0,1678.3658804209185,1813.3350000000003,2515.206,3245.7529999999997,0.0,0.0,0.0,0.0,0.0234432234720879,0.0030499153018026,0.0,0.0041398119020872
link,1897,0.8713531536537927,0.0,1678.3699728954082,1813.3350000000003,2515.206,3245.7529999999997,0.004092474489652886,0.0,0.0,0.0,0.0182958497488412,0.0011279920787379,0.001943005181347,0.0027903681009332
link,1898,0.8710752986940817,0.00027785495971099916,1679.4834631578947,1813.3350000000003,2515.206,3245.7529999999997,1.1175827369761464,0.0,0.0,0.0,0.0196250221833745,0.0004708967402446,0.0006476683937823,0.0005295193475902
link,1899,0.8710752986940817,0.00027785495971099916,1679.4834631578947,1813.3350000000003,2515.206,3245.7529999999997,1.1175827369761464,0.0,0.0,0.0,0.0196250221833745,0.0004937460924338,0.0025906735751294,0.0007055681002889
link,1900,0.8713531536537927,0.0,1678.3658804209185,1813.3350000000003,2515.206,3245.7529999999997,0.0,0.0,0.0,0.0,0.0,0.0,0.0,0.0
link,1901,0.8713531536537927,0.0,1679.3985188137758,1813.3350000000003,2515.206,3245.7529999999997,1.0326383928572795,0.0,0.0,0.0,0.0196250221833745,0.0004937460924338,0.0006476683937823,0.0007055681002889
link,1902,0.8713531536537927,0.0,1678.3658804209185,1813.3350000000003,2515.206,3245.7529999999997,0.0,0.0,0.0,0.0,0.0,0.0,0.0,0.0
link,1903,0.8713531536537927,0.0,1679.3985188137758,1813.3350000000003,2515.206,3245.7529999999997,1.0326383928572795,0.0,0.0,0.0,0.0196167249082662,0.0004720729652868,0.0,0.0005324322611465
link,1904,0.8710752986940817,0.00027785495971099916,1679.5721253588517,1813.3350000000003,2515.206,3245.7529999999997,1.2062449379332065,0.0,0.0,0.0,0.0197151969962917,0.0004954082471386,0.0006476683937823,0.0006851933474016
link,1905,0.8707974437343706,0.0005557099194221093,1679.7912750478624,1813.3350000000003,2515.206,3245.7529999999997,1.4253946269438984,0.0,0.0,0.0,0.0200340842827698,0.0005751915189766,0.0025906735751294,0.0011170732639448
link,1906,0.8713531536537927,0.0,1679.6833195153063,1813.3350000000003,2515.206,3245.7529999999997,1.317439094387737,0.0,0.0,0.0,0.0200186217625187,0.0005027579999333,0.0006476683937823,0.0006607017022087
link,1907,0.8713531536537927,0.0,1678.3658804209185,1813.3350000000003,2515.206,3245.7529999999997,0.0,0.0,0.0,0.0,1.546252025112194e-05,1.0450579570856545e-07,0.0,2.9542719684030093e-07
link,1908,0.8713531536537927,0.0,1678.3658804209185,1813.3350000000003,2515.206,3245.7529999999997,0.0,0.0,0.0,0.0,6.863481516616198e-05,6.754597900193782e-07,0.0,2.8774874898649407e-06
link,1909,0.8713531536537927,0.0,1679.8108179209185,1813.3350000000003,2517.916,3257.4392500000004,1.4449374999999236,0.0,2.7100000000000364,11.686250000000655,0.0023392630120432,0.0003149605033271,0.0,0.0008894749465213
link,1910,0.8713531536537927,0.0,1679.6833195153063,1813.3350000000003,2515.206,3245.7529999999997,1.317439094387737,0.0,0.0,0.0,0.0200146030610392,0.0004896631744339,0.0,0.0005669984909533
link,1911,0.8713531536537927,0.0,1678.3658804209185,1813.3350000000003,2515.206,3245.7529999999997,0.0,0.0,0.0,0.0,1.546252025112194e-05,3.0143416143754665e-07,0.0,8.921686361803932e-07
link,1912,0.8713531536537927,0.0,1679.6833195153063,1813.3350000000003,2515.206,3245.7529999999997,1.317439094387737,0.0,0.0,0.0,0.0200966116811581,0.000583963748022,0.0006476683937823,0.0010919187767558
link,1913,0.8710752986940817,0.00027785495971099916,1680.004314832536,1813.3350000000003,2515.206,3245.7529999999997,1.6384344116174816,0.0,0.0,0.0,0.0208662970867757,0.0006934002795388,0.001943005181347,0.0016843324255145
link,1914,0.8713531536537927,0.0,1678.3658804209185,1813.3350000000003,2515.206,3245.7529999999997,0.0,0.0,0.0,0.0,0.0,0.0,0.0,0.0
link,1915,0.8713531536537927,0.0,1678.4276852678572,1813.3350000000003,2515.206,3245.7529999999997,0.06180484693868493,0.0,0.0,0.0,0.0014415887177617,0.0006766803486169,0.0,0.0002372306409238
link,1916,0.8713531536537927,0.0,1678.3658804209185,1813.3350000000003,2515.206,3245.7529999999997,0.0,0.0,0.0,0.0,9.31569256765251e-05,1.0064280763468835e-06,0.0,1.6805519125236606e-06
link,1917,0.8713531536537927,0.0,1679.9800806760204,1813.3350000000003,2515.206,3245.7529999999997,1.6142002551018777,0.0,0.0,0.0,0.0207731401610992,0.0005077899216873,0.0,0.0006342484315302
link,1918,0.8713531536537927,0.0,1678.3658804209185,1813.3350000000003,2515.206,3245.7529999999997,0.0,0.0,0.0,0.0,0.0,0.0,0.0,0.0
link,1919,0.8713531536537927,0.0,1678.4276852678572,1813.3350000000003,2515.206,3245.7529999999997,0.06180484693868493,0.0,0.0,0.0,0.0014415887177617,0.0006766803486169,0.0006476683937823,0.0002372306409238
link,1920,0.8707974437343706,0.0005557099194221093,1678.627786215699,1813.3350000000003,2515.206,3245.7529999999997,0.2619057947804322,0.0,0.0,0.0,0.0014415887177617,0.0006766803486169,0.0025906735751294,0.0002372306409238
link,1921,0.8710752986940817,0.00027785495971099916,1678.4925553429027,1813.3350000000003,2515.206,3245.7529999999997,0.12667492198420405,0.0,0.0,0.0,0.0014415887177617,0.0006766803486169,0.0006476683937823,0.0002372306409238
link,1922,0.8713531536537927,0.0,1678.3658804209185,1813.3350000000003,2515.206,3245.7529999999997,0.0,0.0,0.0,0.0,0.0014415887177617,0.0006766803486169,0.0,0.0002372306409238
link,1923,0.8713531536537927,0.0,1678.3658804209185,1813.3350000000003,2515.206,3245.7529999999997,0.0,0.0,0.0,0.0,0.0001067693631338,1.075795151739934e-06,0.0,3.2562669522685086e-06
link,1924,0.8713531536537927,0.0,1678.3658804209185,1813.3350000000003,2515.206,3245.7529999999997,0.0,0.0,0.0,0.0,0.0015566553560039,0.0007017779377264,0.0006476683937823,0.0004165845934692
link,1925,0.8713531536537927,0.0,1678.3828568239796,1813.3350000000003,2515.206,3245.7529999999997,0.016976403061107703,0.0,0.0,0.0,0.0003548397548413,3.906536355522755e-06,0.0,6.8044983949071855e-06
link,1926,0.8710752986940817,0.00027785495971099916,1678.495685167464,1813.3350000000003,2515.206,3245.7529999999997,0.12980474654546015,0.0,0.0,0.0,0.0019474475792084,0.000870113452968,0.0025906735751294,0.0014463230177237
link,1927,0.8710752986940817,0.00027785495971099916,1678.495685167464,1813.3350000000003,2515.206,3245.7529999999997,0.12980474654546015,0.0,0.0,0.0,0.0019564937085488,0.0007208641981199,0.0006476683937823,0.000426293530862
link,1928,0.8713531536537927,0.0,1678.3658804209185,1813.3350000000003,2515.206,3245.7529999999997,0.0,0.0,0.0,0.0,0.001929587369526,0.0007044270527592,0.0,0.0002963713407504
link,1929,0.8713531536537927,0.0,1678.3658804209185,1813.3350000000003,2515.206,3245.7529999999997,0.0,0.0,0.0,0.0,5.3210541950831706e-05,2.576043162151413e-06,0.0,3.065737038821872e-06
link,1930,0.8713531536537927,0.0,1678.3658804209185,1813.3350000000003,2515.206,3245.7529999999997,0.0,0.0,0.0,0.0,0.0019827979114768,0.0007088889857671,0.0006476683937823,0.0003019904403435
link,1931,0.8713531536537927,0.0,1678.382775510204,1813.3350000000003,2515.206,3245.7529999999997,0.01689508928552641,0.0,0.0,0.0,0.0007408873274495,4.494005078338881e-06,0.0,1.4139394937280768e-05
link,1932,0.8710752986940817,0.00027785495971099916,1678.5380114832537,1813.3350000000003,2515.206,3245.7529999999997,0.17213106233521103,0.0,0.0,0.0,0.0026948871607583,0.000812095636987,0.001943005181347,0.0008130510890768
link,1933,0.8713531536537927,0.0,1678.3658804209185,1813.3350000000003,2515.206,3245.7529999999997,0.0,0.0,0.0,0.0,0.0,0.0,0.0006476683937823,0.0
link,1934,0.8713531536537927,0.0,1678.3658804209185,1813.3350000000003,2515.206,3245.7529999999997,0.0,0.0,0.0,0.0,0.0003888711442402,9.66663100105937e-05,0.0,0.0011977563895531
link,1935,0.8713531536537927,0.0,1678.4399148596942,1813.3350000000003,2515.206,3245.7529999999997,0.07403443877569771,0.0,0.0,0.0,0.0138214147367716,9.950624486826343e-05,0.0,0.0002254806558477
link,1936,0.8713531536537927,0.0,1678.3658804209185,1813.3350000000003,2515.206,3245.7529999999997,0.0,0.0,0.0,0.0,0.001103009008324,0.0001017163641364,0.0,0.0001295568613259
link,1937,0.8713531536537927,0.0,1687.0615216836734,1847.9479999999999,2515.206,3245.7529999999997,8.695641262754862,34.6129999999996,0.0,0.0,0.0217663229624118,0.000266565842772,0.0006476683937823,0.000641623644433
link,1938,0.8713531536537927,0.0,1678.3658804209185,1813.3350000000003,2515.206,3245.7529999999997,0.0,0.0,0.0,0.0,0.0022746776473219,1.953137636279806e-05,0.0,5.783280887686933e-05
link,1939,0.8713531536537927,0.0,1678.3658804209185,1813.3350000000003,2515.206,3245.7529999999997,0.0,0.0,0.0,0.0,0.0151245962079541,0.0007553903950538,0.0,0.0013069894562565
link,1940,0.8713531536537927,0.0,1696.8517085459187,1853.893,2535.9935,3257.4392500000004,18.485828125000126,40.557999999999765,20.78749999999991,11.686250000000655,0.0209963153470708,0.0007842641171801,0.0,0.0011078863344709
link,1941,0.8710752986940817,0.00027785495971099916,1697.2829719298247,1853.893,2537.4039999999986,3258.049099999997,18.917091508906196,40.557999999999765,22.1979999999985,12.296099999997296,0.0209422979435368,0.0008604874657424,0.0006476683937823,0.0014028214903774
link,1942,0.8713531536537927,0.0,1709.5933883928574,1915.0379999999998,2557.036,3257.4392500000004,31.22750797193885,101.70299999999952,41.82999999999993,11.686250000000655,0.0100238710119939,0.0006261451227587,0.0,0.0006127812010014
link,1943,0.8713531536537927,0.0,1678.3658804209185,1813.3350000000003,2515.206,3245.7529999999997,0.0,0.0,0.0,0.0,0.0563475814987463,0.0026051210557588,0.0,0.0030311482273179
link,1944,0.8713531536537927,0.0,1678.3658804209185,1813.3350000000003,2515.206,3245.7529999999997,0.0,0.0,0.0,0.0,0.0279346668616191,0.0015079062136081,0.0,0.0011121582814488
link,1945,0.8713531536537927,0.0,1678.3658804209185,1813.3350000000003,2515.206,3245.7529999999997,0.0,0.0,0.0,0.0,0.0056277119402851,0.0001245336862046,0.0006476683937823,0.0003569999937478
link,1946,0.8713531536537927,0.0,1678.3658804209185,1813.3350000000003,2515.206,3245.7529999999997,0.0,0.0,0.0,0.0,0.0347593062944713,0.0006893740834611,0.0,0.0014840887951757
link,1947,0.8713531536537927,0.0,1678.3658804209185,1813.3350000000003,2515.206,3245.7529999999997,0.0,0.0,0.0,0.0,7.216307584779149e-05,4.872548724835618e-05,0.0006476683937823,0.0002222684466737
link,1948,0.8713531536537927,0.0,1678.3658804209185,1813.3350000000003,2515.206,3245.7529999999997,0.0,0.0,0.0,0.0,0.0,0.0,0.0,0.0
link,1949,0.8702417338149486,0.0011114198388441077,1698.6330961047256,1856.9805000000001,2541.6355000000017,3259.8786499999983,20.26721568380708,43.645499999999856,26.429500000001553,14.125649999998586,0.0210415416537531,0.0010200455223414,0.001943005181347,0.0019809692658253
link,1950,0.8707974437343706,0.0005557099194221093,1678.8238943841736,1813.3350000000003,2515.206,3245.7529999999997,0.45801396325509813,0.0,0.0,0.0,0.0016131651750422,0.0006599539757369,0.0006476683937823,0.0049686867344877
link,1951,0.8710752986940817,0.00027785495971099916,1678.7602644338117,1813.3350000000003,2515.206,3245.7529999999997,0.3943840128931697,0.0,0.0,0.0,0.0058007636319773,0.0002043506664736,0.0012953367875647,0.0008900140075607
link,1952,0.8713531536537927,0.0,1678.3658804209185,1813.3350000000003,2515.206,3245.7529999999997,0.0,0.0,0.0,0.0,0.0008057623238003,0.0005030475897362,0.0006476683937823,0.0024818168848161
link,1953,0.8705195887746596,0.0008335648791331085,1679.0806556016598,1813.3350000000003,2515.206,3245.7529999999997,0.7147751807412988,0.0,0.0,0.0,0.0211372702027424,0.0029029293032105,0.001943005181347,0.020915488598117
link,1954,0.8713531536537927,0.0,1680.084180484694,1813.3350000000003,2515.206,3245.7529999999997,1.7183000637753594,0.0,0.0,0.0,0.0055054995084665,8.384457372273304e-05,0.0,0.0001462404282454
link,1955,0.8713531536537927,0.0,1678.3658804209185,1813.3350000000003,2515.206,3245.7529999999997,0.0,0.0,0.0,0.0,0.019788913801757,0.000271875384275,0.0,0.0006774268966017
link,1956,0.8710752986940817,0.00027785495971099916,1683.8159288676236,1818.287,2515.206,3245.7529999999997,5.450048446705068,4.951999999999771,0.0,0.0,0.0301722752491166,0.0014646789488145,0.0012953367875647,0.0039397703989674
link,1957,0.8713531536537927,0.0,1678.3658804209185,1813.3350000000003,2515.206,3245.7529999999997,0.0,0.0,0.0,0.0,0.0,0.0,0.0,0.0
link,1958,0.8713531536537927,0.0,1678.5922213010206,1813.3350000000003,2515.206,3245.7529999999997,0.22634088010204323,0.0,0.0,0.0,0.0226036814342644,0.0008751549750473,0.0,0.0014210902096615
link,1959,0.8713531536537927,0.0,1678.693740114796,1813.3350000000003,2515.206,3245.7529999999997,0.3278596938773717,0.0,0.0,0.0,0.0254194131152676,0.0001883068247781,0.0,0.0002129214571743
link,1960,0.8713531536537927,0.0,1678.3658804209185,1813.3350000000003,2515.206,3245.7529999999997,0.0,0.0,0.0,0.0,0.0035160814999961,0.0003876736686522,0.0,0.0004589254748416
link,1961,0.8710752986940817,0.00027785495971099916,1678.6044443381181,1813.3350000000003,2515.206,3245.7529999999997,0.23856391719959902,0.0,0.0,0.0,0.0147501767674118,0.0009117618333694,0.0006476683937823,0.0018471332171399
link,1962,0.8710752986940817,0.00027785495971099916,1678.6599413078147,1813.3350000000003,2515.206,3245.7529999999997,0.29406088689620447,0.0,0.0,0.0,0.0015466130233835,0.000287241641733,0.0006476683937823,0.0010191143786976
link,1963,0.8713531536537927,0.0,1678.3658804209185,1813.3350000000003,2515.206,3245.7529999999997,0.0,0.0,0.0,0.0,0.0023443836701192,0.0002654545200459,0.0,0.0001350998672763
link,1964,0.8713531536537927,0.0,1678.4581763392857,1813.3350000000003,2515.206,3245.7529999999997,0.09229591836719919,0.0,0.0,0.0,0.0,0.0,0.0,0.0
link,1965,0.8713531536537927,0.0,1678.3658804209185,1813.3350000000003,2515.206,3245.7529999999997,0.0,0.0,0.0,0.0,0.0,0.0,0.0,0.0
link,1966,0.8713531536537927,0.0,1682.6977828443878,1815.8110000000001,2515.206,3245.7529999999997,4.331902423469273,2.4759999999998854,0.0,0.0,0.0239485426395544,0.0010082230611533,0.0,0.002539824648423
link,1967,0.8713531536537927,0.0,1678.3658804209185,1813.3350000000003,2515.206,3245.7529999999997,0.0,0.0,0.0,0.0,0.0016415119708797,1.1055116549456831e-05,0.0,1.8224656484996275e-05
link,1968,0.8713531536537927,0.0,1678.3658804209185,1813.3350000000003,2515.206,3245.7529999999997,0.0,0.0,0.0,0.0,0.0059862823902829,0.000331235901541,0.0,0.0003138667951176
link,1969,0.8713531536537927,0.0,1678.3658804209185,1813.3350000000003,2515.206,3245.7529999999997,0.0,0.0,0.0,0.0,0.0319221099128993,0.0006058692749513,0.0,0.0011847721832657
link,1970,0.8713531536537927,0.0,1678.3658804209185,1813.3350000000003,2515.206,3245.7529999999997,0.0,0.0,0.0,0.0,0.00080060677363,0.0003461978285528,0.0006476683937823,0.002465937349269
link,1971,0.8713531536537927,0.0,1678.990895089286,1813.3350000000003,2515.206,3245.7529999999997,0.6250146683673847,0.0,0.0,0.0,0.0050467867458942,0.0003343138092473,0.0,0.0004439378976859
link,1972,0.8713531536537927,0.0,1678.3658804209185,1813.3350000000003,2515.206,3245.7529999999997,0.0,0.0,0.0,0.0,0.0042755510255005,0.0006901601038398,0.0,0.0006333871905295
link,1973,0.8713531536537927,0.0,1678.4584964923472,1813.3350000000003,2515.206,3245.7529999999997,0.09261607142866524,0.0,0.0,0.0,0.0024007521608676,0.0014117792126946,0.0006476683937823,0.0073945220235637
link,1974,0.8713531536537927,0.0,1678.3658804209185,1813.3350000000003,2515.206,3245.7529999999997,0.0,0.0,0.0,0.0,0.0041451694881385,0.0012878216121998,0.0,0.0005590389255151
link,1975,0.8713531536537927,0.0,1678.3658804209185,1813.3350000000003,2515.206,3245.7529999999997,0.0,0.0,0.0,0.0,0.0035485095986665,0.0002024573068863,0.0,0.0001878315584836
link,1976,0.8713531536537927,0.0,1679.6885066964285,1813.3350000000003,2515.206,3245.7529999999997,1.322626275509947,0.0,0.0,0.0,0.0119919755047056,0.0014237998440086,0.0,0.0012131184049378
link,1977,0.8713531536537927,0.0,1678.3658804209185,1813.3350000000003,2515.206,3245.7529999999997,0.0,0.0,0.0,0.0,0.0180891827109256,0.0008066135035454,0.0,0.0001095549657181
link,1978,0.8713531536537927,0.0,1678.3658804209185,1813.3350000000003,2515.206,3245.7529999999997,0.0,0.0,0.0,0.0,0.0179383801372337,0.0022576824383727,0.0,0.0022808022245134
link,1979,0.8713531536537927,0.0,1678.8534646045919,1813.3350000000003,2515.206,3245.7529999999997,0.48758418367333434,0.0,0.0,0.0,0.0088247640285214,0.0010020916016623,0.0,0.0004422643428564
link,1980,0.8713531536537927,0.0,1678.3658804209185,1813.3350000000003,2515.206,3245.7529999999997,0.0,0.0,0.0,0.0,0.0003207368914042,0.0006289838512541,0.0,4.345889202359202e-05
link,1981,0.8713531536537927,0.0,1678.3658804209185,1813.3350000000003,2515.206,3245.7529999999997,0.0,0.0,0.0,0.0,0.0003288162082565,0.0006105089169587,0.0,4.185644710224687e-05
link,1982,0.8713531536537927,0.0,1678.3749272959183,1813.3350000000003,2515.206,3245.7529999999997,0.009046874999739885,0.0,0.0,0.0,0.0134452427760747,0.0007082285215169,0.0,0.0001659108963606
link,1983,0.8713531536537927,0.0,1678.3658804209185,1813.3350000000003,2515.206,3245.7529999999997,0.0,0.0,0.0,0.0,0.0003558938016089,6.211421209571625e-06,0.0,1.37203125731443e-05
link,1984,0.8713531536537927,0.0,1678.3658804209185,1813.3350000000003,2515.206,3245.7529999999997,0.0,0.0,0.0,0.0,0.0024052448173996,0.0023826070566745,0.0,0.0001913204596012
link,1985,0.8713531536537927,0.0,1678.3658804209185,1813.3350000000003,2515.206,3245.7529999999997,0.0,0.0,0.0,0.0,0.0015469987346241,0.035803216951597,0.0,0.0001948133497632
link,1986,0.8713531536537927,0.0,1678.571258609694,1813.3350000000003,2515.206,3245.7529999999997,0.20537818877551217,0.0,0.0,0.0,0.0009733317155123,4.362716993326352e-05,0.0,5.397855202228994e-05
link,1987,0.8713531536537927,0.0,1678.3658804209185,1813.3350000000003,2515.206,3245.7529999999997,0.0,0.0,0.0,0.0,0.0011931574480289,6.690536557725874e-05,0.0,3.3915700248358915e-05
link,1988,0.8713531536537927,0.0,1678.6802139668368,1813.3350000000003,2515.206,3245.7529999999997,0.3143335459183163,0.0,0.0,0.0,0.0011168804236269,5.33830237477644e-05,0.0,7.164568364142271e-05
link,1989,0.8713531536537927,0.0,1678.977508609694,1813.3350000000003,2515.206,3245.7529999999997,0.6116281887755122,0.0,0.0,0.0,0.0015257158983154,8.895790280962004e-05,0.0,0.000139226407117
link,1990,0.8713531536537927,0.0,1678.3658804209185,1813.3350000000003,2515.206,3245.7529999999997,0.0,0.0,0.0,0.0,0.0,0.0,0.0,0.0
link,1991,0.8713531536537927,0.0,1678.3658804209185,1813.3350000000003,2515.206,3245.7529999999997,0.0,0.0,0.0,0.0,0.0012366282216465,1.1399456579864722e-07,0.0,5.389725395781661e-08
link,1992,0.8688524590163934,0.0025006946373993255,1680.4358110009596,1813.3350000000003,2517.3740000000003,3245.7529999999997,2.0699305800410457,0.0,2.16800000000012,0.0,0.0005426397217622,0.0002666025846787,0.0006476683937823,0.0016713767621817
link,1993,0.8699638788552375,0.0013892747985552178,1678.4569559246247,1813.3350000000003,2515.206,3245.7529999999997,0.091075503706179,0.0,0.0,0.0,0.0038101624395339,0.0035103269366151,0.0012953367875647,0.0117356262473618
link,1994,0.8713531536537927,0.0,1678.3658804209185,1813.3350000000003,2515.206,3245.7529999999997,0.0,0.0,0.0,0.0,0.005987367404734,0.0031371397865159,0.0,0.018441603785321
link,1995,0.8713531536537927,0.0,1678.3658804209185,1813.3350000000003,2515.206,3245.7529999999997,0.0,0.0,0.0,0.0,0.002689504791397,0.0020865622220103,0.0006476683937823,0.0082839048264267
link,1996,0.8710752986940817,0.00027785495971099916,1678.3891540669856,1813.3350000000003,2515.206,3245.7529999999997,0.023273646067082154,0.0,0.0,0.0,0.0086237026785928,0.0040379247383041,0.0058290155440414,0.0265617419494373
link,1997,0.8707974437343706,0.0005557099194221093,1680.784376196554,1813.3350000000003,2586.4350000000004,3245.7529999999997,2.4184957756353924,0.0,71.22900000000027,0.0,0.0116493243430505,0.0011812930814397,0.0032383419689119,0.0027239174620425
link,1998,0.8705195887746596,0.0008335648791331085,1678.8186345355887,1813.3350000000003,2515.206,3245.7529999999997,0.45275411467014237,0.0,0.0,0.0,0.0083142546942412,0.0006471909169339,0.001943005181347,0.0018204939626491
link,1999,0.8707974437343706,0.0005557099194221093,1678.4240858328014,1813.3350000000003,2515.206,3245.7529999999997,0.058205411882909175,0.0,0.0,0.0,0.0006949952930973,0.0003083304731202,0.0006476683937823,0.0021406449548813
link,2000,0.8713531536537927,0.0,1678.3658804209185,1813.3350000000003,2515.206,3245.7529999999997,0.0,0.0,0.0,0.0,0.0091939535255486,0.0054826636535824,0.0012953367875647,0.0283181633391598
link,2001,0.8691303139761045,0.0022228396776882153,1678.582787404092,1813.3350000000003,2516.832000000001,3245.7529999999997,0.2169069831734305,0.0,1.6260000000006585,0.0,0.005448492988501,0.0042873014110213,0.0025906735751294,0.0167818244862655
link,2002,0.8713531536537927,0.0,1678.3658804209185,1813.3350000000003,2515.206,3245.7529999999997,0.0,0.0,0.0,0.0,0.0008029100099592,0.0003609710458627,0.0006476683937823,0.0024730315141892
link,2003,0.8713531536537927,0.0,1678.3658804209185,1813.3350000000003,2515.206,3245.7529999999997,0.0,0.0,0.0,0.0,0.0,0.0,0.0006476683937823,0.0
link,2004,0.8710752986940817,0.00027785495971099916,1678.3550669856459,1813.3350000000003,2515.206,3245.7529999999997,-0.010813435272666538,0.0,0.0,0.0,0.0,0.0,0.0006476683937823,0.0
link,2005,0.8713531536537927,0.0,1678.3658804209185,1813.3350000000003,2515.206,3245.7529999999997,0.0,0.0,0.0,0.0,0.0,0.0,0.0006476683937823,0.0
link,2006,0.8713531536537927,0.0,1678.3658804209185,1813.3350000000003,2515.206,3245.7529999999997,0.0,0.0,0.0,0.0,0.0,0.0,0.0006476683937823,0.0
link,2007,0.8710752986940817,0.00027785495971099916,1678.3550669856459,1813.3350000000003,2515.206,3245.7529999999997,-0.010813435272666538,0.0,0.0,0.0,0.0016421044067173,0.0018576100489259,0.001943005181347,0.0050578220436024
link,2008,0.8705195887746596,0.0008335648791331085,1678.3102601340568,1813.3350000000003,2515.206,3245.7529999999997,-0.055620286861767454,0.0,0.0,0.0,0.0075485510083468,0.0066901369089516,0.0038860103626943,0.0232501828331343
link,2009,0.8713531536537927,0.0,1678.3658804209185,1813.3350000000003,2515.206,3245.7529999999997,0.0,0.0,0.0,0.0,4.911125130220345e-05,2.386315890747849e-05,0.001943005181347,0.0001512668551457
link,2010,0.864684634620728,0.006668519033064757,1673.916154562982,1812.105,2527.251800000001,3245.7529999999997,-4.449725857936528,-1.2300000000002456,12.045800000000781,0.0,0.003806141288124,0.0022282095338094,0.0006476683937823,0.0117232407570371
link,2011,0.8713531536537927,0.0,1678.3658804209185,1813.3350000000003,2515.206,3245.7529999999997,0.0,0.0,0.0,0.0,0.0028044165462748,0.0002973588234413,0.0,0.0006284795111724
link,2012,0.8713531536537927,0.0,1678.6370672831633,1813.3350000000003,2515.206,3245.7529999999997,0.2711868622448037,0.0,0.0,0.0,0.0,0.0,0.0,0.0
link,2013,0.8713531536537927,0.0,1678.3658804209185,1813.3350000000003,2515.206,3245.7529999999997,0.0,0.0,0.0,0.0,0.0150493623969807,0.0018760322008181,0.0012953367875647,0.0074260631616604
link,2014,0.8713531536537927,0.0,1684.5878284438775,1842.1570000000002,2515.206,3245.7529999999997,6.221948022958941,28.82199999999989,0.0,0.0,0.0067086842686566,0.0002994088872534,0.0,0.0006386025962042
link,2015,0.8713531536537927,0.0,1678.3658804209185,1813.3350000000003,2515.206,3245.7529999999997,0.0,0.0,0.0,0.0,0.0013417914444023,8.146700785464288e-06,0.0,8.540114263630837e-06
link,2016,0.8713531536537927,0.0,1678.3658804209185,1813.3350000000003,2515.206,3245.7529999999997,0.0,0.0,0.0,0.0,0.0168811435306629,0.0017511482220625,0.001943005181347,0.0034699297353286
link,2017,0.8713531536537927,0.0,1678.419308992347,1813.3350000000003,2515.206,3245.7529999999997,0.0534285714284124,0.0,0.0,0.0,0.0102792346304472,1.717638145644464e-05,0.0,3.64924975555514e-05
link,2018,0.8713531536537927,0.0,1678.3658804209185,1813.3350000000003,2515.206,3245.7529999999997,0.0,0.0,0.0,0.0,0.0010122277290894,4.162989288562135e-06,0.0,8.652031302691907e-06
link,2019,0.8713531536537927,0.0,1678.3658804209185,1813.3350000000003,2515.206,3245.7529999999997,0.0,0.0,0.0,0.0,0.0114513251729269,1.941886406289813e-05,0.0,5.2419686108578034e-05
link,2020,0.8713531536537927,0.0,1688.0512716836736,1845.53,2528.4645,3245.7529999999997,9.685391262755047,32.19499999999971,13.258499999999913,0.0,0.0168854903002197,0.0008206265985862,0.0006476683937823,0.0022944413594118
link,2021,0.8702417338149486,0.0011114198388441077,1679.328174648787,1813.3350000000003,2515.206,3245.7529999999997,0.9622942278683695,0.0,0.0,0.0,0.0036677220476339,0.0011967524259366,0.0058290155440414,0.0054461196807954
link,2022,0.8707974437343706,0.0005557099194221093,1678.7073232291002,1813.3350000000003,2515.206,3245.7529999999997,0.34144280818168227,0.0,0.0,0.0,0.0007545845940895,0.0005163395970668,0.005181347150259,0.0023241850993983
link,2023,0.8713531536537927,0.0,1678.3658804209185,1813.3350000000003,2515.206,3245.7529999999997,0.0,0.0,0.0,0.0,0.0,0.0,0.0006476683937823,0.0
link,2024,0.8713531536537927,0.0,1678.3658804209185,1813.3350000000003,2515.206,3245.7529999999997,0.0,0.0,0.0,0.0,0.0001379513171264,8.227125679045485e-05,0.001943005181347,0.0004249018575507
link,2025,0.8710752986940817,0.00027785495971099916,1678.508203508772,1813.3350000000003,2515.206,3245.7529999999997,0.14232308785358327,0.0,0.0,0.0,0.0007545845940895,0.0005163395970668,0.005181347150259,0.0023241850993983
link,2026,0.8713531536537927,0.0,1678.3658804209185,1813.3350000000003,2515.206,3245.7529999999997,0.0,0.0,0.0,0.0,0.0,0.0,0.0,0.0
link,2027,0.8713531536537927,0.0,1678.367076211735,1813.3350000000003,2515.206,3245.7529999999997,0.001195790816382214,0.0,0.0,0.0,0.0007545845940895,9.012788051080678e-07,0.0,1.019251397202491e-06
link,2028,0.8707974437343706,0.0005557099194221093,1678.7073232291002,1813.3350000000003,2515.206,3245.7529999999997,0.34144280818168227,0.0,0.0,0.0,0.0007545845940895,0.0005163395970668,0.005181347150259,0.0023241850993983
link,2029,0.8707974437343706,0.0005557099194221093,1678.2425319081049,1813.3350000000003,2515.206,3245.7529999999997,-0.12334851281366355,0.0,0.0,0.0,0.0027050022618898,0.0003435278438546,0.0012953367875647,0.0011691122756118
link,2030,0.8710752986940817,0.00027785495971099916,1677.951100797448,1813.3350000000003,2515.206,3245.7529999999997,-0.414779623470622,0.0,0.0,0.0,0.0,0.0,0.0,0.0
link,2031,0.8705195887746596,0.0008335648791331085,1677.2140954356846,1813.3350000000003,2508.442200000001,3245.7529999999997,-1.1517849852339168,0.0,-6.763799999999264,0.0,0.0020054818005061,0.0009409494370083,0.0,0.0061770555009475
link,2032,0.8710752986940817,0.00027785495971099916,1677.9798940988837,1813.3350000000003,2515.206,3245.7529999999997,-0.3859863220347961,0.0,0.0,0.0,0.0004240035821587,0.0003673663778029,0.0,0.0013059673036846
link,2033,0.8713531536537927,0.0,1691.4696265943876,1850.4329999999998,2515.206,3245.7529999999997,13.103746173469062,37.0979999999995,0.0,0.0,0.0247221214526858,0.0020192688723419,0.0025906735751294,0.0083830827256057
link,2034,0.8713531536537927,0.0,1681.134103635204,1813.3350000000003,2584.1830000000004,3245.7529999999997,2.768223214285399,0.0,68.97700000000032,0.0,0.0038863031457713,0.0008221644141023,0.0,0.0008834100316074
link,2035,0.8713531536537927,0.0,1678.3658804209185,1813.3350000000003,2515.206,3245.7529999999997,0.0,0.0,0.0,0.0,0.0125196004924645,0.0011530576735973,0.0,0.0009802006918061
link,2036,0.8713531536537927,0.0,1678.3658804209185,1813.3350000000003,2515.206,3245.7529999999997,0.0,0.0,0.0,0.0,0.0002699973927088,1.5402901465901945e-05,0.0,1.4884525067819022e-05
link,2037,0.8713531536537927,0.0,1687.1729700255103,1830.4600000000003,2515.206,3245.7529999999997,8.807089604591738,17.125,0.0,0.0,0.0135198435044319,0.0005426507432676,0.0,0.0022340773053715
link,2038,0.8713531536537927,0.0,1678.3658804209185,1813.3350000000003,2515.206,3245.7529999999997,0.0,0.0,0.0,0.0,0.0,0.0,0.0,0.0
link,2039,0.8713531536537927,0.0,1680.0707675382653,1821.6765000000003,2515.206,3245.7529999999997,1.7048871173467433,8.341499999999996,0.0,0.0,0.0002699973927088,1.5402901465901945e-05,0.0,1.4884525067819022e-05
link,2040,0.8677410391775493,0.003612114476243433,1677.9625302593658,1818.287,2519.542000000001,3245.7529999999997,-0.4033501615526802,4.951999999999771,4.336000000000695,0.0,0.0,0.0,0.0006476683937823,0.0
link,2041,0.8699638788552375,0.0013892747985552178,1678.3430201213669,1813.3350000000003,2515.206,3245.7529999999997,-0.022860299551666685,0.0,0.0,0.0,0.0,0.0,0.0006476683937823,0.0
link,2042,0.8705195887746596,0.0008335648791331085,1678.4082834344078,1813.3350000000003,2515.206,3245.7529999999997,0.042403013489320074,0.0,0.0,0.0,0.0,0.0,0.0006476683937823,0.0
link,2043,0.8713531536537927,0.0,1678.3658804209185,1813.3350000000003,2515.206,3245.7529999999997,0.0,0.0,0.0,0.0,0.0063606259448008,0.0029981470491019,0.0032383419689119,0.0195912720184672
link,2044,0.8713531536537927,0.0,1678.3658804209185,1813.3350000000003,2515.206,3245.7529999999997,0.0,0.0,0.0,0.0,0.0001697283595562,9.129716493172177e-05,0.0,0.0005227778665449
link,2045,0.8713531536537927,0.0,1678.4237095025512,1813.3350000000003,2515.206,3245.7529999999997,0.05782908163268985,0.0,0.0,0.0,0.0092964756756536,0.0003290434861323,0.0,0.0007046418074449
link,2046,0.8713531536537927,0.0,1678.3658804209185,1813.3350000000003,2515.206,3245.7529999999997,0.0,0.0,0.0,0.0,0.0,0.0,0.0,0.0
link,2047,0.8713531536537927,0.0,1678.7051288265307,1813.3350000000003,2515.206,3245.7529999999997,0.33924840561212477,0.0,0.0,0.0,0.0007755470381654,2.046331606100442e-05,0.0,2.0408738645607395e-05
link,2048,0.8713531536537927,0.0,1678.3658804209185,1813.3350000000003,2515.206,3245.7529999999997,0.0,0.0,0.0,0.0,0.0437303236328834,0.0012724322145974,0.0,0.0021218849729552
link,2049,0.8707974437343706,0.0005557099194221093,1678.827102105935,1813.3350000000003,2515.206,3245.7529999999997,0.4612216850164259,0.0,0.0,0.0,0.0444875001416701,0.0016129455806582,0.0012953367875647,0.0035878771003201
link,2050,0.8713531536537927,0.0,1678.4177927295918,1813.3350000000003,2515.206,3245.7529999999997,0.05191230867330887,0.0,0.0,0.0,0.0347190726776704,0.0004047221159972,0.0,0.0007779120972109
link,2051,0.8713531536537927,0.0,1678.3658804209185,1813.3350000000003,2515.206,3245.7529999999997,0.0,0.0,0.0,0.0,0.0012344253334601,1.3783381504136448e-05,0.0,2.0179432710815683e-05
link,2052,0.8710752986940817,0.00027785495971099916,1678.465552472089,1813.3350000000003,2515.206,3245.7529999999997,0.09967205117050071,0.0,0.0,0.0,0.0012344253334601,0.0007386555808398,0.0012953367875647,0.0038021356237858
link,2053,0.8713531536537927,0.0,1678.8410031887754,1813.3350000000003,2515.206,3245.7529999999997,0.4751227678568739,0.0,0.0,0.0,0.010390319013811,0.0008014956304173,0.0,0.0025395819816026
link,2054,0.8713531536537927,0.0,1678.3658804209185,1813.3350000000003,2515.206,3245.7529999999997,0.0,0.0,0.0,0.0,0.003726689848166,1.8418277234221144e-05,0.0,6.176683554605573e-05
link,2055,0.8713531536537927,0.0,1678.3658804209185,1813.3350000000003,2515.206,3245.7529999999997,0.0,0.0,0.0,0.0,0.0033185498642904,1.1509190984061003e-05,0.0,2.911482991608096e-05
link,2056,0.8713531536537927,0.0,1678.4081501913265,1813.3350000000003,2515.206,3245.7529999999997,0.04226977040798374,0.0,0.0,0.0,0.0003445897843743,2.845339185475888e-06,0.0,2.7422004919432923e-06
link,2057,0.8713531536537927,0.0,1678.3658804209185,1813.3350000000003,2515.206,3245.7529999999997,0.0,0.0,0.0,0.0,0.0115584561040314,0.0009749675720556,0.0,0.0018104597574597
link,2058,0.8713531536537927,0.0,1678.4041894132656,1813.3350000000003,2515.206,3245.7529999999997,0.038308992347083404,0.0,0.0,0.0,0.0100457292294366,0.0007756655495928,0.0,0.0025110872984346
link,2059,0.8707974437343706,0.0005557099194221093,1677.9011821952774,1813.3350000000003,2515.206,3245.7529999999997,-0.46469822564108654,0.0,0.0,0.0,0.0113994429966762,0.0013122253878662,0.0032383419689119,0.0057998704644601
link,2060,0.8713531536537927,0.0,1678.4900656887755,1813.3350000000003,2528.4645,3245.7529999999997,0.12418526785700124,0.0,13.258499999999913,0.0,0.0017712839380254,9.98943815430082e-05,0.0,0.0001381330778208
link,2061,0.8713531536537927,0.0,1678.3658804209185,1813.3350000000003,2515.206,3245.7529999999997,0.0,0.0,0.0,0.0,0.0025011349075381,2.425616284715725e-05,0.0,7.86230623116925e-05
link,2062,0.8713531536537927,0.0,1678.3658804209185,1813.3350000000003,2515.206,3245.7529999999997,0.0,0.0,0.0,0.0,0.0011120670898631,1.879803080523464e-05,0.0,3.453191568376642e-05
link,2063,0.8682967490969714,0.003056404556821324,1673.16168928,1813.3350000000003,2503.847,3201.565,-5.20419114091851,0.0,-11.358999999999924,-44.18799999999965,0.0091576506332095,0.0003348394590401,0.0077720207253886,0.001097264779627
link,2064,0.8713531536537927,0.0,1678.3658804209185,1813.3350000000003,2515.206,3245.7529999999997,0.0,0.0,0.0,0.0,0.0059509508318118,0.0036697768020699,0.001943005181347,0.0174757757880108
link,2065,0.8713531536537927,0.0,1678.7575159438777,1813.3350000000003,2515.206,3257.4392500000004,0.39163552295917725,0.0,0.0,11.686250000000655,0.0071278889673633,0.000142222297221,0.0032383419689119,0.000270108353701
link,2066,0.8713531536537927,0.0,1678.3658804209185,1813.3350000000003,2515.206,3245.7529999999997,0.0,0.0,0.0,0.0,0.0085871147843225,0.0040247858913944,0.0058290155440414,0.0264490481052381
link,2067,0.8713531536537927,0.0,1687.6361460459184,1833.1634999999997,2515.206,3245.7529999999997,9.270265624999865,19.828499999999394,0.0,0.0,0.017135969479882,0.0015848149309439,0.0025906735751294,0.008796779996647
link,2068,0.8707974437343706,0.0005557099194221093,1687.2588730057435,1831.2755,2515.206,3245.7529999999997,8.892992584824924,17.9404999999997,0.0,0.0,0.0257230842642046,0.0060653901899565,0.0123056994818653,0.0398211027500877
link,2069,0.8591275354265073,0.012225618227285406,1676.1979611901681,1803.0425,2541.6355000000017,3249.6396499999983,-2.1679192307503854,-10.292500000000246,26.429500000001553,3.8866499999985535,0.0138642066017376,0.005015608945768,0.0058290155440414,0.0427029423223493
link,2070,0.8713531536537927,0.0,1678.3730063775508,1813.3350000000003,2515.206,3245.7529999999997,0.007125956632307862,0.0,0.0,0.0,0.0,0.0,0.0,0.0
link,2071,0.8713531536537927,0.0,1678.3658804209185,1813.3350000000003,2515.206,3245.7529999999997,0.0,0.0,0.0,0.0,0.0,0.0,0.0,0.0
link,2072,0.8652403445401501,0.006112809113642648,1676.9803866409761,1813.3350000000003,2525.779400000002,3245.7529999999997,-1.3854937799424079,0.0,10.573400000002039,0.0,0.0076754153452837,0.0027850010673108,0.0032383419689119,0.023640935843285
link,2073,0.8652403445401501,0.006112809113642648,1676.973210340398,1813.3350000000003,2525.779400000002,3245.7529999999997,-1.3926700805204746,0.0,10.573400000002039,0.0,0.0065317314373334,0.0022552011536001,0.0006476683937823,0.0201182915723838
link,2074,0.8652403445401501,0.006112809113642648,1676.973210340398,1813.3350000000003,2525.779400000002,3245.7529999999997,-1.3926700805204746,0.0,10.573400000002039,0.0,0.0076754153452837,0.0027850010673108,0.0032383419689119,0.023640935843285
link,2075,0.8713531536537927,0.0,1678.3658804209185,1813.3350000000003,2515.206,3245.7529999999997,0.0,0.0,0.0,0.0,0.0052535299311208,0.0024812506947361,0.0006476683937823,0.0161813215917651
link,2076,0.8705195887746596,0.0008335648791331085,1677.8572368337054,1813.3350000000003,2515.206,3245.7529999999997,-0.5086435872131005,0.0,0.0,0.0,0.0112111340517866,0.0035987602395476,0.0012953367875647,0.0072483512390936
link,2077,0.8713531536537927,0.0,1678.3658804209185,1813.3350000000003,2515.206,3245.7529999999997,0.0,0.0,0.0,0.0,0.0,0.0,0.0006476683937823,0.0
link,2078,0.8713531536537927,0.0,1678.3658804209185,1813.3350000000003,2515.206,3245.7529999999997,0.0,0.0,0.0,0.0,0.0075042407820621,0.0030821475008114,0.0,0.0023644824367365
link,2079,0.8713531536537927,0.0,1678.3898517219388,1813.3350000000003,2515.206,3245.7529999999997,0.02397130102031042,0.0,0.0,0.0,0.0008872955109274,0.0001186898621198,0.0,8.810727443217684e-05
link,2080,0.8713531536537927,0.0,1678.4805216836735,1813.3350000000003,2517.916,3245.7529999999997,0.114641262754958,0.0,2.7100000000000364,0.0,0.0018948662127526,3.594671262870254e-05,0.0,0.0001294134108085
link,2081,0.8713531536537927,0.0,1678.3658804209185,1813.3350000000003,2515.206,3245.7529999999997,0.0,0.0,0.0,0.0,0.0035892826303924,9.304038306614428e-05,0.0,0.0001345027607949
link,2082,0.8713531536537927,0.0,1678.3658804209185,1813.3350000000003,2515.206,3245.7529999999997,0.0,0.0,0.0,0.0,0.0035076126493717,2.355139491430698e-05,0.0,2.5057754675129583e-05
link,2083,0.8713531536537927,0.0,1678.4805216836735,1813.3350000000003,2517.916,3245.7529999999997,0.114641262754958,0.0,2.7100000000000364,0.0,0.0006591030755718,8.503978624183861e-06,0.0,2.1018471095193804e-05
link,2084,0.8710752986940817,0.00027785495971099916,1678.1831527910688,1813.3350000000003,2515.206,3245.7529999999997,-0.18272762984975088,0.0,0.0,0.0,0.0009580309694258,2.5777686112521822e-05,0.0006476683937823,6.880751765180252e-05
link,2085,0.8713531536537927,0.0,1678.3774400510206,1813.3350000000003,2515.206,3245.7529999999997,0.011559630102055962,0.0,0.0,0.0,0.0,0.0,0.0,0.0
link,2086,0.8713531536537927,0.0,1678.3658804209185,1813.3350000000003,2515.206,3245.7529999999997,0.0,0.0,0.0,0.0,0.004433499674132,9.382704395687066e-05,0.0,0.0001844403800631
link,2087,0.8713531536537927,0.0,1678.3658804209185,1813.3350000000003,2515.206,3245.7529999999997,0.0,0.0,0.0,0.0,0.0058168534584064,0.0002229933682841,0.0006476683937823,0.0004028592906903
link,2088,0.8713531536537927,0.0,1678.563658482143,1813.3350000000003,2515.206,3245.7529999999997,0.19777806122442598,0.0,0.0,0.0,0.0006402569662481,3.5605954799679684e-05,0.0,4.628005638379216e-05
link,2089,0.8713531536537927,0.0,1678.3658804209185,1813.3350000000003,2515.206,3245.7529999999997,0.0,0.0,0.0,0.0,0.0014277076497405,7.909425110835324e-05,0.0,0.000161052153301
link,2090,0.8713531536537927,0.0,1678.3658804209185,1813.3350000000003,2515.206,3245.7529999999997,0.0,0.0,0.0,0.0,0.0032621052747415,0.0001074266512633,0.0,0.0001537193328594
link,2091,0.8713531536537927,0.0,1679.6486635841839,1813.3350000000003,2517.916,3267.25025,1.2827831632653215,0.0,2.7100000000000364,21.49725000000035,0.0139676652221167,0.0009822811362754,0.0,0.0013714959024668
link,2092,0.8713531536537927,0.0,1678.3658804209185,1813.3350000000003,2515.206,3245.7529999999997,0.0,0.0,0.0,0.0,0.0183291062591345,0.0007242635204751,0.0006476683937823,0.0017037083272028
link,2093,0.8713531536537927,0.0,1678.3658804209185,1813.3350000000003,2515.206,3245.7529999999997,0.0,0.0,0.0,0.0,0.0083214771840597,0.0002905661897774,0.0,0.0004503988130459
link,2094,0.8713531536537927,0.0,1678.640134885204,1813.3350000000003,2515.206,3245.7529999999997,0.27425446428537725,0.0,0.0,0.0,0.0002292533203484,1.1903716781064173e-05,0.0,6.321358398390615e-05
link,2095,0.8713531536537927,0.0,1678.3658804209185,1813.3350000000003,2515.206,3245.7529999999997,0.0,0.0,0.0,0.0,0.0023611723926093,5.880439822677962e-05,0.0,0.0002028728144411
link,2096,0.8713531536537927,0.0,1678.3658804209185,1813.3350000000003,2515.206,3245.7529999999997,0.0,0.0,0.0,0.0,0.0079935735017845,0.0025441695830593,0.0006476683937823,0.0106290789827401
link,2097,0.8713531536537927,0.0,1678.4480334821428,1813.3350000000003,2515.206,3245.7529999999997,0.08215306122428956,0.0,0.0,0.0,0.0038690279880491,5.078195772607191e-05,0.0012953367875647,8.063754121087998e-05
link,2098,0.8707974437343706,0.0005557099194221093,1677.5022275047863,1813.3350000000003,2513.5215000000017,3217.030799999996,-0.863652916132196,0.0,-1.6844999999984793,-28.722200000003795,0.0046357365776671,0.0002520749673846,0.0006476683937823,0.0002866540162462
link,2099,0.8713531536537927,0.0,1678.3658804209185,1813.3350000000003,2515.206,3245.7529999999997,0.0,0.0,0.0,0.0,0.0033578369241174,0.0022920946156744,0.0,0.010342424966494
link,2100,0.8713531536537927,0.0,1678.454533482143,1813.3350000000003,2515.206,3245.7529999999997,0.08865306122447691,0.0,0.0,0.0,0.0002786282444313,1.5521528037591951e-06,0.0,4.536990089736842e-06
link,2101,0.8713531536537927,0.0,1678.3658804209185,1813.3350000000003,2515.206,3245.7529999999997,0.0,0.0,0.0,0.0,0.0044053265000174,0.0001510471735217,0.0,0.0001300716035993
link,2102,0.8713531536537927,0.0,1678.4341093750002,1813.3350000000003,2515.206,3245.7529999999997,0.06822895408163276,0.0,0.0,0.0,0.0062716676284749,0.00139020927222,0.0,0.0005360344432167
link,2103,0.8713531536537927,0.0,1678.3658804209185,1813.3350000000003,2515.206,3245.7529999999997,0.0,0.0,0.0,0.0,0.0053847942263174,0.0003734656551866,0.0,0.0004778648842835
link,2104,0.8713531536537927,0.0,1678.6805440051023,1813.3350000000003,2515.206,3245.7529999999997,0.3146635841837906,0.0,0.0,0.0,0.0010314820941702,0.0002929791236416,0.0,7.134738802802428e-05
link,2105,0.8713531536537927,0.0,1678.3658804209185,1813.3350000000003,2515.206,3245.7529999999997,0.0,0.0,0.0,0.0,0.0008521169964135,0.0009733240296257,0.0006476683937823,0.0026245932417931
link,2106,0.8713531536537927,0.0,1678.3658804209185,1813.3350000000003,2515.206,3245.7529999999997,0.0,0.0,0.0,0.0,0.0112208179283655,0.0033099748191429,0.0,0.0021367564190425
link,2107,0.8713531536537927,0.0,1678.3658804209185,1813.3350000000003,2515.206,3245.7529999999997,0.0,0.0,0.0,0.0,0.0128218989798806,0.0035758560767768,0.0,0.0022311315951337
link,2108,0.8713531536537927,0.0,1678.3840086096939,1813.3350000000003,2515.206,3245.7529999999997,0.01812818877533573,0.0,0.0,0.0,0.0043298000916224,0.0007773957740133,0.0006476683937823,0.0011423556098315
link,2109,0.8713531536537927,0.0,1678.3966795280612,1813.3350000000003,2515.206,3245.7529999999997,0.03079910714268408,0.0,0.0,0.0,0.0006600270589052,4.866707871451647e-05,0.0,6.33877052540915e-05
link,2110,0.8713531536537927,0.0,1678.3658804209185,1813.3350000000003,2515.206,3245.7529999999997,0.0,0.0,0.0,0.0,0.012995768280338,0.0017643018753232,0.0,0.0009660302386729
link,2111,0.8713531536537927,0.0,1678.3658804209185,1813.3350000000003,2515.206,3245.7529999999997,0.0,0.0,0.0,0.0,0.0108165846064902,0.0022686145064006,0.0,0.0012208560770511
link,2112,0.8713531536537927,0.0,1678.4585494260205,1813.3350000000003,2515.206,3245.7529999999997,0.092669005101925,0.0,0.0,0.0,0.0132663464082016,0.0024911793110127,0.0,0.0001849087222497
link,2113,0.8713531536537927,0.0,1678.4006744260205,1813.3350000000003,2515.206,3245.7529999999997,0.03479400510195774,0.0,0.0,0.0,0.0174626248237605,0.0011088676859662,0.0,0.0011204900498497
link,2114,0.8713531536537927,0.0,1678.3658804209185,1813.3350000000003,2515.206,3245.7529999999997,0.0,0.0,0.0,0.0,0.0206270456394141,0.0022330331566237,0.0,0.0012059345739062
link,2115,0.8699638788552375,0.0013892747985552178,1679.3057543915681,1818.287,2515.206,3245.7529999999997,0.9398739706496144,4.951999999999771,0.0,0.0,0.0029190096084671,0.0003751827031207,0.0012953367875647,0.001516102439858
link,2116,0.8713531536537927,0.0,1727.8619572704079,1818.8680000000002,2828.818999999999,3245.7529999999997,49.49607684948933,5.532999999999902,313.6129999999989,0.0,0.0017336748249717,1.3566879874350185e-05,0.0,8.030160128618125e-05
link,2117,0.8713531536537927,0.0,1678.3658804209185,1813.3350000000003,2515.206,3245.7529999999997,0.0,0.0,0.0,0.0,0.0052468993642055,0.0001324672714818,0.0,0.0003989440037851
link,2118,0.8713531536537927,0.0,1678.3658804209185,1813.3350000000003,2515.206,3245.7529999999997,0.0,0.0,0.0,0.0,0.001349577062867,5.243375922599135e-05,0.0,0.0001272648380968
link,2119,0.8713531536537927,0.0,1678.3876705994899,1813.3350000000003,2515.206,3245.7529999999997,0.021790178571336583,0.0,0.0,0.0,0.0036756443784288,0.0001725201455188,0.0006476683937823,0.0003253971724165
link,2120,0.8710752986940817,0.00027785495971099916,1678.6836998405104,1813.3350000000003,2515.206,3245.7529999999997,0.31781941959184223,0.0,0.0,0.0,0.0530054021497882,0.0028487690199869,0.0012953367875647,0.0090432932099896
link,2121,0.8713531536537927,0.0,1678.3658804209185,1813.3350000000003,2515.206,3245.7529999999997,0.0,0.0,0.0,0.0,0.0,0.0,0.0006476683937823,0.0
link,2122,0.8713531536537927,0.0,1678.3658804209185,1813.3350000000003,2515.206,3245.7529999999997,0.0,0.0,0.0,0.0,0.0140433842509308,0.0002734048760864,0.0012953367875647,0.0002169184765783
link,2123,0.8713531536537927,0.0,1678.3658804209185,1813.3350000000003,2515.206,3245.7529999999997,0.0,0.0,0.0,0.0,0.0076853456857347,0.0001464136791403,0.0,0.000287435732467
link,2124,0.8713531536537927,0.0,1678.5233246173468,1813.3350000000003,2515.206,3245.7529999999997,0.1574441964282869,0.0,0.0,0.0,0.0110219238068581,0.0019484409544279,0.0006476683937823,0.0016830065566967
link,2125,0.8713531536537927,0.0,1678.5883692602042,1813.3350000000003,2515.206,3245.7529999999997,0.2224888392856883,0.0,0.0,0.0,0.0239507206012799,0.0026318240351407,0.0,0.0045025452084777
link,2126,0.8713531536537927,0.0,1678.3658804209185,1813.3350000000003,2515.206,3245.7529999999997,0.0,0.0,0.0,0.0,0.0298597875042046,0.0042961625838501,0.0,0.0049184447698886
link,2127,0.8713531536537927,0.0,1678.3658804209185,1813.3350000000003,2515.206,3245.7529999999997,0.0,0.0,0.0,0.0,0.0049862356110396,0.0005233711249393,0.0,0.0005706267613115
link,2128,0.8713531536537927,0.0,1678.3658804209185,1813.3350000000003,2515.206,3245.7529999999997,0.0,0.0,0.0,0.0,0.0009241108888481,0.0003171003581038,0.0,0.0003187432246053
link,2129,0.8713531536537927,0.0,1678.3658804209185,1813.3350000000003,2515.206,3245.7529999999997,0.0,0.0,0.0,0.0,0.0047678282902008,0.00470629809188,0.0,0.0146853189892451
link,2130,0.8710752986940817,0.00027785495971099916,1678.6225776714512,1813.3350000000003,2515.206,3245.7529999999997,0.2566972505326248,0.0,0.0,0.0,0.0001769793409302,0.000106561759967,0.0006476683937823,0.0005451115094495
link,2131,0.8707974437343706,0.0005557099194221093,1677.6830552010213,1813.3350000000003,2513.5215000000017,3245.7529999999997,-0.6828252198972677,0.0,-1.6844999999984793,0.0,0.0061595588255514,1.5997990264463118e-05,0.0012953367875647,9.383505002058765e-05
link,2132,0.8713531536537927,0.0,1678.3658804209185,1813.3350000000003,2515.206,3245.7529999999997,0.0,0.0,0.0,0.0,0.0139116503131327,0.0001125166724121,0.0012953367875647,0.0004723805006003
link,2133,0.8713531536537927,0.0,1678.3658804209185,1813.3350000000003,2515.206,3245.7529999999997,0.0,0.0,0.0,0.0,0.0,0.0,0.0006476683937823,0.0
link,2134,0.8702417338149486,0.0011114198388441077,1678.886962962963,1813.3350000000003,2515.206,3245.7529999999997,0.5210825420444962,0.0,0.0,0.0,0.0234653187962799,0.0004800374073338,0.001943005181347,0.0011767877824442
link,2135,0.8713531536537927,0.0,1678.3658804209185,1813.3350000000003,2515.206,3245.7529999999997,0.0,0.0,0.0,0.0,0.0234653187962799,0.0004800374073338,0.001943005181347,0.0011767877824442
link,2136,0.8713531536537927,0.0,1679.115573022959,1813.3350000000003,2515.206,3245.7529999999997,0.7496926020405681,0.0,0.0,0.0,0.0040185016249124,0.0002901028058574,0.0,0.0004567595657498
link,2137,0.8713531536537927,0.0,1678.3658804209185,1813.3350000000003,2515.206,3245.7529999999997,0.0,0.0,0.0,0.0,0.0404803169834635,0.0050513514910153,0.0012953367875647,0.0240869187369166
link,2138,0.8710752986940817,0.00027785495971099916,1678.5214462519934,1813.3350000000003,2515.206,3245.7529999999997,0.1555658310749095,0.0,0.0,0.0,0.0002992004281488,0.0002016797876648,0.0,0.0009215629132692
link,2139,0.8713531536537927,0.0,1678.3658804209185,1813.3350000000003,2515.206,3245.7529999999997,0.0,0.0,0.0,0.0,0.0037210174543321,0.0002804228360633,0.0,0.0003490033031325
link,2140,0.8713531536537927,0.0,1682.3131820790818,1823.145,2515.206,3245.7529999999997,3.947301658163269,9.809999999999718,0.0,0.0,0.0055387971491678,0.0002215394026981,0.0,0.0004953188570092
link,2141,0.8696860238955265,0.001667129758266217,1678.8868833865815,1813.3350000000003,2515.7479999999996,3245.7529999999997,0.5210029656630013,0.0,0.5419999999994616,0.0,0.0021802154324943,0.0020908075604224,0.0006476683937823,0.00671525003475
link,2142,0.8713531536537927,0.0,1683.1419135841838,1813.3350000000003,2608.2690000000002,3245.7529999999997,4.776033163265311,0.0,93.0630000000001,0.0,0.0024249226090336,6.841703290328881e-05,0.0,9.618145648267164e-05
link,2143,0.8713531536537927,0.0,1678.3658804209185,1813.3350000000003,2515.206,3245.7529999999997,0.0,0.0,0.0,0.0,0.0039428967460399,0.0004469649925936,0.0,0.000566986566538
link,2144,0.8713531536537927,0.0,1682.0737005739795,1813.3350000000003,2515.206,3245.7529999999997,3.707820153060993,0.0,0.0,0.0,0.0049940908142111,0.0002528747280387,0.0,0.0005034388744124
link,2145,0.8713531536537927,0.0,1678.3658804209185,1813.3350000000003,2515.206,3245.7529999999997,0.0,0.0,0.0,0.0,0.0031482587352279,0.0001506216137101,0.0,0.0003712224778687
link,2146,0.8713531536537927,0.0,1678.456661033163,1813.3350000000003,2515.206,3245.7529999999997,0.09078061224454359,0.0,0.0,0.0,0.004314470098275,1.0838996240248617e-05,0.0,3.631703807680283e-05
link,2147,0.8713531536537927,0.0,1678.3658804209185,1813.3350000000003,2515.206,3245.7529999999997,0.0,0.0,0.0,0.0,0.0112838109839821,0.0004806915815802,0.0,0.0012267181694059
link,2148,0.8713531536537927,0.0,1678.3658804209185,1813.3350000000003,2515.206,3245.7529999999997,0.0,0.0,0.0,0.0,0.0112838109839821,0.0004806915815802,0.0,0.0012267181694059
link,2149,0.8713531536537927,0.0,1736.1699668367346,1863.471,2890.768000000001,3700.8259999999996,57.80408641581607,50.13599999999974,375.5620000000008,455.07299999999987,0.0352986584644127,0.0042129343216159,0.0,0.0114896073704875
link,2150,0.8713531536537927,0.0,1678.3658804209185,1813.3350000000003,2515.206,3245.7529999999997,0.0,0.0,0.0,0.0,0.0112838109839821,0.0004806915815802,0.0,0.0012267181694059
link,2151,0.8713531536537927,0.0,1682.0502295918368,1813.3350000000003,2535.8084999999996,3245.7529999999997,3.684349170918267,0.0,20.60249999999951,0.0,0.026975247673013,0.0005284868881011,0.0,0.0009874986261531
link,2152,0.8713531536537927,0.0,1682.0502295918368,1813.3350000000003,2535.8084999999996,3245.7529999999997,3.684349170918267,0.0,20.60249999999951,0.0,0.0264847512468488,0.000519621938242,0.0,0.0009638254336047
link,2153,0.8713531536537927,0.0,1678.3658804209185,1813.3350000000003,2515.206,3245.7529999999997,0.0,0.0,0.0,0.0,0.0152586619404904,2.615801003510037e-05,0.0,4.6667808346146325e-05
link,2154,0.8713531536537927,0.0,1678.368351721939,1813.3350000000003,2515.206,3245.7529999999997,0.0024713010204777675,0.0,0.0,0.0,0.0107682067260228,1.069749991468356e-05,0.0,2.8896378777265303e-05
link,2155,0.8713531536537927,0.0,1678.3658804209185,1813.3350000000003,2515.206,3245.7529999999997,0.0,0.0,0.0,0.0,0.0046271661458344,0.0006394683663092,0.0,0.0004968460828663
link,2156,0.8713531536537927,0.0,1679.2892340561227,1813.3350000000003,2515.206,3257.4392500000004,0.9233536352041938,0.0,0.0,11.686250000000655,0.0110000239329275,5.502089741875939e-05,0.0,0.00019233159553
link,2157,0.8713531536537927,0.0,1678.3658804209185,1813.3350000000003,2515.206,3245.7529999999997,0.0,0.0,0.0,0.0,0.0003372840473415,2.6821805739149803e-06,0.0,7.2199539913815316e-06
link,2158,0.8713531536537927,0.0,1679.448247130102,1813.3350000000003,2517.916,3245.7529999999997,1.0823667091833613,0.0,2.7100000000000364,0.0,0.0247576321238088,0.0014951998380143,0.0025906735751294,0.0024427914920371
link,2159,0.8713531536537927,0.0,1678.3658804209185,1813.3350000000003,2515.206,3245.7529999999997,0.0,0.0,0.0,0.0,0.004493596477757,0.001013730818308,0.0,0.000964821225929
link,2160,0.8713531536537927,0.0,1678.3658804209185,1813.3350000000003,2515.206,3245.7529999999997,0.0,0.0,0.0,0.0,0.0262136077500128,0.0040918129449044,0.0,0.0059720372804689
link,2161,0.8713531536537927,0.0,1682.609279655612,1815.6865000000003,2515.206,3245.7529999999997,4.24339923469347,2.3514999999999873,0.0,0.0,0.0197520800528955,0.0003391175732161,0.0,0.0004854667942183
link,2162,0.8713531536537927,0.0,1680.6075169005103,1813.3350000000003,2528.4645,3257.4392500000004,2.2416364795917616,0.0,13.258499999999913,11.686250000000655,0.0023392630120432,0.0003149605033271,0.0,0.0008894749465213
link,2163,0.8713531536537927,0.0,1678.3658804209185,1813.3350000000003,2515.206,3245.7529999999997,0.0,0.0,0.0,0.0,9.662682529866738e-05,3.654406917633877e-05,0.0006476683937823,0.0002976188876904
link,2164,0.8713531536537927,0.0,1681.0761036352042,1813.3350000000003,2535.9935,3257.4392500000004,2.7102232142856337,0.0,20.78749999999991,11.686250000000655,0.0023392630120432,0.0003149605033271,0.0,0.0008894749465213
link,2165,0.8713531536537927,0.0,1678.3658804209185,1813.3350000000003,2515.206,3245.7529999999997,0.0,0.0,0.0,0.0,9.662682529866738e-05,3.654406917633877e-05,0.0012953367875647,0.0002976188876904
link,2166,0.8713531536537927,0.0,1678.3658804209185,1813.3350000000003,2515.206,3245.7529999999997,0.0,0.0,0.0,0.0,0.006381265830527,0.0030304006558348,0.0032383419689119,0.0196548446321064
link,2167,0.8713531536537927,0.0,1678.4533125,1813.3350000000003,2515.206,3245.7529999999997,0.08743207908150907,0.0,0.0,0.0,0.0017601873868283,8.261528234588563e-05,0.0,0.000173839265329
link,2168,0.8710752986940817,0.00027785495971099916,1678.7280832535882,1813.3350000000003,2515.206,3245.7529999999997,0.3622028326697091,0.0,0.0,0.0,0.020399925116917,0.000806951926278,0.0006476683937823,0.0015642556671432
link,2169,0.8713531536537927,0.0,1684.1266138392857,1818.8680000000002,2576.3595,3245.7529999999997,5.760733418367181,5.532999999999902,61.153499999999894,0.0,0.0078189254507023,0.0007643253270841,0.0,0.0012593597721409
link,2170,0.8713531536537927,0.0,1678.3658804209185,1813.3350000000003,2515.206,3245.7529999999997,0.0,0.0,0.0,0.0,0.001749608937836,7.927636580288395e-05,0.0,7.024726416037645e-05
link,2171,0.8713531536537927,0.0,1681.5452433035712,1819.571,2515.206,3245.7529999999997,3.17936288265264,6.235999999999649,0.0,0.0,0.0242843516988043,0.0011821224794074,0.0,0.0030218291106576
link,2172,0.8713531536537927,0.0,1678.3658804209185,1813.3350000000003,2515.206,3245.7529999999997,0.0,0.0,0.0,0.0,0.0054284325326194,0.0001859229255395,0.0012953367875647,0.0005219762894628
link,2173,0.8713531536537927,0.0,1678.3658804209185,1813.3350000000003,2515.206,3245.7529999999997,0.0,0.0,0.0,0.0,0.0,0.0,0.0,0.0
link,2174,0.8713531536537927,0.0,1679.465051339286,1813.3350000000003,2515.206,3257.4392500000004,1.099170918367463,0.0,0.0,11.686250000000655,0.0054284325326194,0.0001859229255395,0.0,0.0005219762894628
link,2175,0.8710752986940817,0.00027785495971099916,1679.0290398724082,1813.3350000000003,2515.206,3245.7529999999997,0.6631594514897188,0.0,0.0,0.0,0.0063453040334229,0.0005470987578429,0.0012953367875647,0.0014170223448304
link,2176,0.8713531536537927,0.0,1678.3658804209185,1813.3350000000003,2515.206,3245.7529999999997,0.0,0.0,0.0,0.0,0.0007137093208287,0.0002497440957539,0.0006476683937823,0.0021982857611523
link,2177,0.8710752986940817,0.00027785495971099916,1678.444896969697,1813.3350000000003,2515.206,3245.7529999999997,0.07901654877855435,0.0,0.0,0.0,0.0014368159109203,0.0007007781986596,0.0006476683937823,0.0044255159155068
link,2178,0.8713531536537927,0.0,1678.8481010841836,1813.3350000000003,2515.206,3245.7529999999997,0.482220663265025,0.0,0.0,0.0,0.0068711890976727,0.0007103192557655,0.0012953367875647,0.0030367933286262
link,2179,0.8713531536537927,0.0,1678.3658804209185,1813.3350000000003,2515.206,3245.7529999999997,0.0,0.0,0.0,0.0,0.0,0.0,0.0,0.0
link,2180,0.8713531536537927,0.0,1678.3658804209185,1813.3350000000003,2515.206,3245.7529999999997,0.0,0.0,0.0,0.0,0.0058959343342842,1.1353285523492852e-05,0.0,3.2904727846316795e-05
link,2181,0.8713531536537927,0.0,1680.00073309949,1813.3350000000003,2515.206,3245.7529999999997,1.6348526785714057,0.0,0.0,0.0,0.0054955083631643,0.000295578790824,0.0,0.000530805377859
link,2182,0.8710752986940817,0.00027785495971099916,1678.2437244019136,1813.3350000000003,2515.206,3245.7529999999997,-0.12215601900493311,0.0,0.0,0.0,0.0162582348554771,0.0002356050414275,0.0006476683937823,0.0005302948389614
link,2183,0.8710752986940817,0.00027785495971099916,1678.6044443381181,1813.3350000000003,2515.206,3245.7529999999997,0.23856391719959902,0.0,0.0,0.0,0.0209985132376379,0.0016389397034292,0.001943005181347,0.0031683252875389
link,2184,0.8713531536537927,0.0,1678.3658804209185,1813.3350000000003,2515.206,3245.7529999999997,0.0,0.0,0.0,0.0,0.0008927552360992,9.16058195020564e-05,0.0,7.879261496359376e-05
link,2185,0.8713531536537927,0.0,1678.3658804209185,1813.3350000000003,2515.206,3245.7529999999997,0.0,0.0,0.0,0.0,0.0002318460461497,0.000167924709775,0.0,5.69742242488988e-05
link,2186,0.8713531536537927,0.0,1678.3658804209185,1813.3350000000003,2515.206,3245.7529999999997,0.0,0.0,0.0,0.0,0.0064263968491251,0.000261881662437,0.0,0.0001341247734374
link,2187,0.8713531536537927,0.0,1678.3658804209185,1813.3350000000003,2515.206,3245.7529999999997,0.0,0.0,0.0,0.0,0.0067755026444131,0.0002627114400493,0.0,0.0001586089576818
link,2188,0.8713531536537927,0.0,1678.493801339286,1813.3350000000003,2515.206,3245.7529999999997,0.12792091836740838,0.0,0.0,0.0,0.0028090574232867,0.0002943249596149,0.0,0.0005493535177292
link,2189,0.8713531536537927,0.0,1678.3658804209185,1813.3350000000003,2515.206,3245.7529999999997,0.0,0.0,0.0,0.0,0.0003652688907259,9.311093849368228e-06,0.0,4.033640626925517e-05
link,2190,0.8702417338149486,0.0011114198388441077,1678.98704853129,1813.3350000000003,2515.206,3245.7529999999997,0.6211681103714,0.0,0.0,0.0,0.0079489858035152,0.0006547208788875,0.001943005181347,0.0017502725231299
link,2191,0.8713531536537927,0.0,1678.3658804209185,1813.3350000000003,2515.206,3245.7529999999997,0.0,0.0,0.0,0.0,0.0021714906520404,0.0003666876495238,0.0,0.0002847644154901
link,2192,0.8713531536537927,0.0,1678.3658804209185,1813.3350000000003,2515.206,3245.7529999999997,0.0,0.0,0.0,0.0,0.0126774202665046,0.0046225701110799,0.0012953367875647,0.0117646382112822
link,2193,0.8713531536537927,0.0,1678.3658804209185,1813.3350000000003,2515.206,3245.7529999999997,0.0,0.0,0.0,0.0,0.0105924914319682,0.0019471365926496,0.0,0.0032149127169274
link,2194,0.8713531536537927,0.0,1679.4495758928572,1813.3350000000003,2515.206,3245.7529999999997,1.083695471938654,0.0,0.0,0.0,0.0066479260712286,0.0029114004139798,0.0,0.0016850445335482
link,2195,0.8713531536537927,0.0,1678.3658804209185,1813.3350000000003,2515.206,3245.7529999999997,0.0,0.0,0.0,0.0,0.0042564194865768,9.941967428839684e-05,0.0,3.3479542171664344e-05
link,2196,0.8713531536537927,0.0,1679.3657031250002,1813.3350000000003,2515.206,3245.7529999999997,0.9998227040816801,0.0,0.0,0.0,0.0066450971621438,0.0038139901214772,0.0,0.001892332318777
link,2197,0.8677410391775493,0.003612114476243433,1676.5577476785145,1813.3350000000003,2519.542000000001,3245.7529999999997,-1.808132742404041,0.0,4.336000000000695,0.0,0.0109015166487207,0.0079264172291204,0.001943005181347,0.0164619186037006
link,2198,0.8713531536537927,0.0,1678.3704084821427,1813.3350000000003,2515.206,3245.7529999999997,0.004528061224164048,0.0,0.0,0.0,0.0025963816817694,1.908567916007949e-05,0.0,4.801794149792443e-06
link,2199,0.8713531536537927,0.0,1678.3658804209185,1813.3350000000003,2515.206,3245.7529999999997,0.0,0.0,0.0,0.0,0.0192438867130778,0.0045362358406394,0.0,0.0058364995087121
link,2200,0.8710752986940817,0.00027785495971099916,1681.3278583732058,1813.3350000000003,2598.8283999999985,3245.7529999999997,2.9619779522872705,0.0,83.62239999999838,0.0,0.0090587267535343,0.0006423222776619,0.001943005181347,0.0014226646531957
link,2201,0.8713531536537927,0.0,1678.3658804209185,1813.3350000000003,2515.206,3245.7529999999997,0.0,0.0,0.0,0.0,0.0041667157249435,0.0007547649791555,0.0006476683937823,0.0010597667424917
link,2202,0.8713531536537927,0.0,1681.5095832270406,1813.3350000000003,2597.2129999999997,3245.7529999999997,3.1437028061220644,0.0,82.0069999999996,0.0,0.0081006957841084,0.0002573208184261,0.0,0.000656531598866
link,2203,0.8713531536537927,0.0,1678.3658804209185,1813.3350000000003,2515.206,3245.7529999999997,0.0,0.0,0.0,0.0,0.0,0.0,0.0,0.0
link,2204,0.8713531536537927,0.0,1678.7654327168366,1813.3350000000003,2515.206,3245.7529999999997,0.3995522959180562,0.0,0.0,0.0,0.0412784792620855,0.0009276501643901,0.0006476683937823,0.002507079962854
link,2205,0.8710752986940817,0.00027785495971099916,1713.7695703349282,1879.157,2659.3929999999996,3245.7529999999997,35.40368991400965,65.82199999999966,144.18699999999944,0.0,0.0412784792620855,0.0028690305257291,0.0045336787564766,0.0094396070234089
link,2206,0.8713531536537927,0.0,1713.945299107143,1877.3245000000002,2659.3929999999996,3245.7529999999997,35.57941868622447,63.98949999999991,144.18699999999944,0.0,0.0,0.0,0.0006476683937823,0.0
link,2207,0.8713531536537927,0.0,1678.3658804209185,1813.3350000000003,2515.206,3245.7529999999997,0.0,0.0,0.0,0.0,0.0412784792620855,0.0028690305257291,0.0045336787564766,0.0094396070234089
link,2208,0.8713531536537927,0.0,1678.3658804209185,1813.3350000000003,2515.206,3245.7529999999997,0.0,0.0,0.0,0.0,0.0203430301047603,2.457614284700268e-05,0.0,6.57572769554919e-05
link,2209,0.8713531536537927,0.0,1678.419435905612,1813.3350000000003,2515.206,3245.7529999999997,0.053555484693561084,0.0,0.0,0.0,0.0,0.0,0.0,0.0
link,2210,0.8713531536537927,0.0,1678.3658804209185,1813.3350000000003,2515.206,3245.7529999999997,0.0,0.0,0.0,0.0,0.0209354491573252,4.703440511792166e-06,0.0,8.83595852747752e-06
link,2211,0.8713531536537927,0.0,1678.3658804209185,1813.3350000000003,2515.206,3245.7529999999997,0.0,0.0,0.0,0.0,0.0477904392906852,0.0009524398382543,0.0,0.001878061684669
link,2212,0.8713531536537927,0.0,1678.3658804209185,1813.3350000000003,2515.206,3245.7529999999997,0.0,0.0,0.0,0.0,0.0203430301047603,2.457614284700268e-05,0.0,6.57572769554919e-05
link,2213,0.8713531536537927,0.0,1678.3658804209185,1813.3350000000003,2515.206,3245.7529999999997,0.0,0.0,0.0,0.0,0.0461401072818919,0.0032793336252894,0.0006476683937823,0.0062369130649269
link,2214,0.8713531536537927,0.0,1678.4567547831634,1813.3350000000003,2515.206,3245.7529999999997,0.09087436224490375,0.0,0.0,0.0,0.0028951866324804,8.89742470451288e-05,0.0,7.27733164017732e-05
link,2215,0.8713531536537927,0.0,1678.3658804209185,1813.3350000000003,2515.206,3245.7529999999997,0.0,0.0,0.0,0.0,0.018561999013861,3.559758425622731e-05,0.0,7.689126372291476e-05
link,2216,0.8707974437343706,0.0005557099194221093,1678.5642788768348,1813.3350000000003,2515.206,3245.7529999999997,0.19839845591627636,0.0,0.0,0.0,0.006923720353066,0.0030229860303455,0.0012953367875647,0.0057538411156774
link,2217,0.8713531536537927,0.0,1678.3658804209185,1813.3350000000003,2515.206,3245.7529999999997,0.0,0.0,0.0,0.0,0.0001353065110889,6.437378523659327e-05,0.0006476683937823,0.0004167556287098
link,2218,0.8710752986940817,0.00027785495971099916,1678.365361722488,1813.3350000000003,2515.206,3245.7529999999997,-0.000518698430596487,0.0,0.0,0.0,0.0018030317096886,0.0028204728419808,0.0006476683937823,0.005553491902995
link,2219,0.8713531536537927,0.0,1678.3658804209185,1813.3350000000003,2515.206,3245.7529999999997,0.0,0.0,0.0,0.0,0.0200175820960401,0.0028134534006109,0.0,0.0042829828542669
link,2220,0.8713531536537927,0.0,1678.922336096939,1813.3350000000003,2515.206,3245.7529999999997,0.556455676020505,0.0,0.0,0.0,0.0369560924515717,0.0068991651098583,0.0,0.0092431729871144
link,2221,0.8713531536537927,0.0,1678.3658804209185,1813.3350000000003,2515.206,3245.7529999999997,0.0,0.0,0.0,0.0,0.000587062535973,0.0003913873336119,0.0,1.8093502073732928e-05
link,2222,0.8713531536537927,0.0,1678.3658804209185,1813.3350000000003,2515.206,3245.7529999999997,0.0,0.0,0.0,0.0,0.0139745495078976,0.0009447682841228,0.0,0.0012629244189736
link,2223,0.8713531536537927,0.0,1678.389166135204,1813.3350000000003,2515.206,3245.7529999999997,0.023285714285520953,0.0,0.0,0.0,0.0119231705089457,0.0029982760677091,0.0006476683937823,0.0032427475368802
link,2224,0.8713531536537927,0.0,1678.3658804209185,1813.3350000000003,2515.206,3245.7529999999997,0.0,0.0,0.0,0.0,0.0027645402653526,0.0001857742179843,0.0,0.0002192350248013
link,2225,0.8713531536537927,0.0,1678.3658804209185,1813.3350000000003,2515.206,3245.7529999999997,0.0,0.0,0.0,0.0,0.0,0.0,0.0,0.0
link,2226,0.8713531536537927,0.0,1678.3658804209185,1813.3350000000003,2515.206,3245.7529999999997,0.0,0.0,0.0,0.0,0.0,0.0,0.0,0.0
link,2227,0.8713531536537927,0.0,1717.8333756377551,1813.3350000000003,2783.5275,3245.7529999999997,39.467495216836596,0.0,268.3215,0.0,0.0186571876401402,0.0007811377133015,0.0006476683937823,0.0019364932102575
link,2228,0.8713531536537927,0.0,1678.3658804209185,1813.3350000000003,2515.206,3245.7529999999997,0.0,0.0,0.0,0.0,0.0054925995927022,0.0016559684246579,0.0006476683937823,0.000493929795861
link,2229,0.8707974437343706,0.0005557099194221093,1678.2687686662414,1813.3350000000003,2515.206,3245.7529999999997,-0.09711175467714384,0.0,0.0,0.0,0.0108107894652453,0.0017840499575144,0.0038860103626943,0.0010792668815097
link,2230,0.8702417338149486,0.0011114198388441077,1676.7351778416346,1813.3350000000003,2503.847,3245.7529999999997,-1.630702579283934,0.0,-11.358999999999924,0.0,0.0119945499991831,0.0078876015493329,0.0,0.0369442400500191
link,2231,0.8710752986940817,0.00027785495971099916,1733.3720296650715,1818.287,2842.3569999999995,3245.7529999999997,55.006149244152994,4.951999999999771,327.1509999999994,0.0,0.0092106041048969,0.000478256963999,0.0012953367875647,0.0015255732882808
link,2232,0.8713531536537927,0.0,1748.5183657525508,1846.3230000000003,2828.818999999999,3245.7529999999997,70.1524853316323,32.988000000000056,313.6129999999989,0.0,0.0250594009014267,0.0012753013448523,0.0032383419689119,0.0025149401455168
link,2233,0.8713531536537927,0.0,1681.7920704719388,1819.571,2532.2625,3245.7529999999997,3.426190051020285,6.235999999999649,17.056499999999687,0.0,0.0288906834410021,0.0001635388550891,0.0006476683937823,0.0002929930141663
link,2234,0.8713531536537927,0.0,1678.3658804209185,1813.3350000000003,2515.206,3245.7529999999997,0.0,0.0,0.0,0.0,0.0053079681491106,6.833765274725575e-05,0.0,0.0001534999291817
link,2235,0.8713531536537927,0.0,1696.8619001913264,1817.0639999999999,2515.206,3245.7529999999997,18.496019770407884,3.728999999999587,0.0,0.0,0.0119903922271418,0.0001616659077452,0.0,0.0003761374507142
link,2236,0.8713531536537927,0.0,1678.3658804209185,1813.3350000000003,2515.206,3245.7529999999997,0.0,0.0,0.0,0.0,0.0,0.0,0.0,0.0
link,2237,0.8713531536537927,0.0,1678.4492917729592,1813.3350000000003,2515.206,3245.7529999999997,0.0834113520406845,0.0,0.0,0.0,0.0,0.0,0.0,0.0
link,2238,0.8713531536537927,0.0,1678.3658804209185,1813.3350000000003,2515.206,3245.7529999999997,0.0,0.0,0.0,0.0,0.0093020091748566,0.0002542398102199,0.0006476683937823,0.0005877426905402
link,2239,0.8713531536537927,0.0,1678.718541135204,1813.3350000000003,2515.206,3245.7529999999997,0.35266071428554824,0.0,0.0,0.0,0.0104306881339762,0.0002564576744681,0.0006476683937823,0.0004585760078825
link,2240,0.8713531536537927,0.0,1678.4330111607144,1813.3350000000003,2515.206,3245.7529999999997,0.06713073979585715,0.0,0.0,0.0,0.0154447395703333,0.0004179349133962,0.0,0.0005638281048731
link,2241,0.8713531536537927,0.0,1678.3658804209185,1813.3350000000003,2515.206,3245.7529999999997,0.0,0.0,0.0,0.0,0.0,0.0,0.0,0.0
link,2242,0.8713531536537927,0.0,1678.5187340561224,1813.3350000000003,2515.206,3245.7529999999997,0.15285363520388273,0.0,0.0,0.0,0.0021439594288557,3.761616174651484e-05,0.0,5.417330082059057e-05
link,2243,0.8713531536537927,0.0,1678.3658804209185,1813.3350000000003,2515.206,3245.7529999999997,0.0,0.0,0.0,0.0,0.0246184134704248,0.0010834180567898,0.0,0.0015530356076487
link,2244,0.8713531536537927,0.0,1678.5332656250002,1813.3350000000003,2515.206,3245.7529999999997,0.16738520408171098,0.0,0.0,0.0,0.0244476400768306,8.203215996935827e-05,0.0,0.000105602852751
link,2245,0.8713531536537927,0.0,1678.3658804209185,1813.3350000000003,2515.206,3245.7529999999997,0.0,0.0,0.0,0.0,0.0,0.0,0.0,0.0
link,2246,0.8710752986940817,0.00027785495971099916,1679.1578778309413,1813.3350000000003,2515.206,3245.7529999999997,0.7919974100227591,0.0,0.0,0.0,0.0244476400768306,0.000541672303448,0.0012953367875647,0.0031138460689905
link,2247,0.8713531536537927,0.0,1678.3658804209185,1813.3350000000003,2515.206,3245.7529999999997,0.0,0.0,0.0,0.0,0.0016595725255016,0.0001053052533813,0.0,0.0002014815385011
link,2248,0.8713531536537927,0.0,1688.7113775510204,1819.2195000000002,2609.424,3257.4392500000004,10.345497130101876,5.884499999999889,94.21799999999985,11.686250000000655,0.0131637992023806,0.0021572066042979,0.0,0.0038427950688399
link,2249,0.8713531536537927,0.0,1678.5118463010206,1813.3350000000003,2515.206,3245.7529999999997,0.1459658801020396,0.0,0.0,0.0,0.0090196178549911,0.0011283043194129,0.0,0.0014221899878752
link,2250,0.8713531536537927,0.0,1678.3658804209185,1813.3350000000003,2515.206,3245.7529999999997,0.0,0.0,0.0,0.0,0.0,0.0,0.0,0.0
link,2251,0.8713531536537927,0.0,1678.3658804209185,1813.3350000000003,2515.206,3245.7529999999997,0.0,0.0,0.0,0.0,3.087268595325034e-05,2.4071290562357447e-06,0.0,8.176134324667965e-06
link,2252,0.8713531536537927,0.0,1678.6890800382653,1813.3350000000003,2515.206,3245.7529999999997,0.32319961734674507,0.0,0.0,0.0,0.0049466341304472,0.0028801076412262,0.001943005181347,0.0137089632133224
link,2253,0.8713531536537927,0.0,1678.3658804209185,1813.3350000000003,2515.206,3245.7529999999997,0.0,0.0,0.0,0.0,0.0175840112609342,0.0008179186680675,0.0,0.0023335637069617
link,2254,0.8713531536537927,0.0,1678.3658804209185,1813.3350000000003,2515.206,3245.7529999999997,0.0,0.0,0.0,0.0,0.0024069774064877,1.3065447244813884e-05,0.0,2.1910573246471764e-05
link,2255,0.8710752986940817,0.00027785495971099916,1678.489828708134,1813.3350000000003,2515.206,3245.7529999999997,0.12394828721539852,0.0,0.0,0.0,0.0056713919933955,1.6568483680463758e-05,0.0006476683937823,5.408241504032637e-05
link,2256,0.8713531536537927,0.0,1678.3658804209185,1813.3350000000003,2515.206,3245.7529999999997,0.0,0.0,0.0,0.0,0.0056713919933955,2.473554777346438e-05,0.0,6.676152513223729e-05
link,2257,0.8713531536537927,0.0,1692.2535787627548,1818.8680000000002,2524.307,3245.7529999999997,13.887698341836312,5.532999999999902,9.100999999999658,0.0,0.008879941196232,0.0004020499371638,0.0,0.0007499185197578
link,2258,0.8713531536537927,0.0,1678.3658804209185,1813.3350000000003,2515.206,3245.7529999999997,0.0,0.0,0.0,0.0,0.0002792258207252,1.364275314968083e-07,0.0006476683937823,2.377634872019461e-07
link,2259,0.8713531536537927,0.0,1678.3658804209185,1813.3350000000003,2515.206,3245.7529999999997,0.0,0.0,0.0,0.0,0.0056713919933955,1.1195645648176469e-06,0.0,5.808334790384472e-06
link,2260,0.8713531536537927,0.0,1678.464032844388,1813.3350000000003,2515.206,3245.7529999999997,0.09815242346940067,0.0,0.0,0.0,0.0055818785972972,2.4473366584107403e-06,0.0006476683937823,1.067017611757532e-05
link,2261,0.8707974437343706,0.0005557099194221093,1694.8877434588383,1813.3350000000003,2515.206,3245.7529999999997,16.52186303791973,0.0,0.0,0.0,0.011532496411418,5.8611820214589626e-05,0.0045336787564766,0.0002388789855412
link,2262,0.8605168102250625,0.010836343428730189,1624.3418156280272,1802.5730000000003,2466.127000000001,2924.8500000000004,-54.024064792891295,-10.761999999999944,-49.07899999999927,-320.90299999999934,0.0,0.0,0.0,0.0
link,2263,0.8713531536537927,0.0,1678.3658804209185,1813.3350000000003,2515.206,3245.7529999999997,0.0,0.0,0.0,0.0,0.0029715132361258,0.0027543187681332,0.0038860103626943,0.0091525149601042
link,2264,0.8713531536537927,0.0,1678.4819805484694,1813.3350000000003,2515.206,3245.7529999999997,0.11610012755090793,0.0,0.0,0.0,0.0260913056839378,0.0011369091971088,0.0,0.0016369983335054
link,2265,0.8696860238955265,0.001667129758266217,1677.572954313099,1813.3350000000003,2515.7479999999996,3245.7529999999997,-0.7929261078195395,0.0,0.5419999999994616,0.0,2.5387057819783408e-05,8.224111082441149e-06,0.0025906735751294,7.819430977577216e-05
link,2266,0.8713531536537927,0.0,1678.3658804209185,1813.3350000000003,2515.206,3245.7529999999997,0.0,0.0,0.0,0.0,0.009324287222014,0.0002547509530716,0.0006476683937823,0.0007822444246324
link,2267,0.8713531536537927,0.0,1678.9597241709184,1813.3350000000003,2563.9210000000003,3245.7529999999997,0.5938437499999054,0.0,48.715000000000146,0.0,2.5387057819783408e-05,1.0942904449905345e-07,0.0,5.493397631969823e-07
link,2268,0.8710752986940817,0.00027785495971099916,1684.8322940988835,1844.5779999999995,2537.736,3245.7529999999997,6.466413677964965,31.242999999999256,22.529999999999745,0.0,0.0043723149809031,7.839395901789595e-05,0.0012953367875647,0.000103864009822
link,2269,0.8699638788552375,0.0013892747985552178,1677.999602682849,1813.3350000000003,2527.9880000000003,3245.7529999999997,-0.3662777380695843,0.0,12.782000000000153,0.0,0.0317662514202371,0.0025005207850985,0.008419689119171,0.0094674540474749
link,2270,0.8713531536537927,0.0,1678.3658804209185,1813.3350000000003,2515.206,3245.7529999999997,0.0,0.0,0.0,0.0,0.0,0.0,0.0,0.0
link,2271,0.8713531536537927,0.0,1678.3658804209185,1813.3350000000003,2515.206,3245.7529999999997,0.0,0.0,0.0,0.0,0.0019432411498345,4.78382331391478e-06,0.0012953367875647,2.418576322580432e-05
link,2272,0.8713531536537927,0.0,1678.3658804209185,1813.3350000000003,2515.206,3245.7529999999997,0.0,0.0,0.0,0.0,0.0098735721688585,5.633771477438663e-06,0.0,1.6456275546512917e-05
link,2273,0.8713531536537927,0.0,1681.1407943239794,1813.3350000000003,2535.9935,3245.7529999999997,2.774913903060906,0.0,20.78749999999991,0.0,0.0023338696866983,0.0009769497139505,0.0,0.0006316761821705
link,2274,0.8713531536537927,0.0,1697.556051339286,1813.3350000000003,2789.609000000001,3319.890000000001,19.190170918367357,0.0,274.4030000000007,74.13700000000108,0.01611145622807,0.0022800854897163,0.0006476683937823,0.0062750118132065
link,2275,0.8713531536537927,0.0,1678.3658804209185,1813.3350000000003,2515.206,3245.7529999999997,0.0,0.0,0.0,0.0,1.6724123806734258e-05,1.1735589299288109e-07,0.0,2.498035335776096e-07
link,2276,0.8699638788552375,0.0013892747985552178,1683.1290012775473,1819.571,2586.4350000000004,3245.7529999999997,4.763120856628802,6.235999999999649,71.22900000000027,0.0,0.0057945763046128,0.0013422642649743,0.0012953367875647,0.002178350941818
link,2277,0.8657960544595721,0.005557099194220649,1680.4385754172015,1818.8680000000002,2524.307,3245.7529999999997,2.072694996282962,5.532999999999902,9.100999999999658,0.0,0.0014541237762597,0.0012867374192206,0.0006476683937823,0.0044788256213227
link,2278,0.8713531536537927,0.0,1678.4518029336737,1813.3350000000003,2515.206,3245.7529999999997,0.08592251275513263,0.0,0.0,0.0,0.0017041674915774,0.000244892657263,0.0,0.0003134914391537
link,2279,0.8713531536537927,0.0,1678.3658804209185,1813.3350000000003,2515.206,3245.7529999999997,0.0,0.0,0.0,0.0,0.0429952180951917,0.0026488190859362,0.0,0.0042969830404297
link,2280,0.8713531536537927,0.0,1679.1852952806123,1813.3350000000003,2517.916,3245.7529999999997,0.8194148596937794,0.0,2.7100000000000364,0.0,0.0185124713053678,0.0015196070134166,0.0006476683937823,0.0011230034827803
link,2281,0.8713531536537927,0.0,1678.3658804209185,1813.3350000000003,2515.206,3245.7529999999997,0.0,0.0,0.0,0.0,0.0088209162796038,0.00465693292975,0.0012953367875647,0.0072478468159605
link,2282,0.8713531536537927,0.0,1678.3658804209185,1813.3350000000003,2515.206,3245.7529999999997,0.0,0.0,0.0,0.0,0.0,0.0,0.0,0.0
link,2283,0.8713531536537927,0.0,1679.1852952806123,1813.3350000000003,2517.916,3245.7529999999997,0.8194148596937794,0.0,2.7100000000000364,0.0,0.0185124713053678,0.0015196070134166,0.0,0.0011230034827803
link,2284,0.8680188941372603,0.003334259516532434,1676.6674919974391,1813.3350000000003,2519.0000000000014,3245.7529999999997,-1.6983884234794004,0.0,3.7940000000012333,0.0,0.0040808724262452,0.0057690073124969,0.0,0.0125694361638392
link,2285,0.8713531536537927,0.0,1680.047441964286,1813.3350000000003,2515.206,3245.7529999999997,1.6815615433674793,0.0,0.0,0.0,0.0037204802174017,0.0095057172609828,0.0,0.0003435930773236
link,2286,0.8713531536537927,0.0,1678.3658804209185,1813.3350000000003,2515.206,3245.7529999999997,0.0,0.0,0.0,0.0,0.0,0.0,0.0,0.0
link,2287,0.8713531536537927,0.0,1678.3658804209185,1813.3350000000003,2515.206,3245.7529999999997,0.0,0.0,0.0,0.0,0.0127234985890686,0.0020863160491276,0.0,0.0034336408830844
link,2288,0.8713531536537927,0.0,1678.3658804209185,1813.3350000000003,2515.206,3245.7529999999997,0.0,0.0,0.0,0.0,0.0127433710120228,0.0103877480337094,0.0,0.0005037067353008
link,2289,0.8713531536537927,0.0,1682.111053252551,1818.5775,2552.8215,3245.7529999999997,3.7451728316325443,5.242499999999836,37.615499999999884,0.0,0.0032486201010554,0.0005034061069955,0.0,0.0007121313621927
link,2290,0.8713531536537927,0.0,1678.3658804209185,1813.3350000000003,2515.206,3245.7529999999997,0.0,0.0,0.0,0.0,0.026957618242269,0.0011191101306579,0.0,0.0012826601128502
link,2291,0.8713531536537927,0.0,1679.3784113520408,1813.3350000000003,2515.206,3245.7529999999997,1.0125309311222281,0.0,0.0,0.0,0.0564391225284795,0.0059670033480166,0.0,0.0080931538013659
link,2292,0.8713531536537927,0.0,1678.3905602678572,1813.3350000000003,2515.206,3245.7529999999997,0.024679846938624905,0.0,0.0,0.0,0.0337040157380981,0.001881663733679,0.0,0.002373230962342
link,2293,0.8713531536537927,0.0,1678.3658804209185,1813.3350000000003,2515.206,3245.7529999999997,0.0,0.0,0.0,0.0,0.0220306141017734,0.0039245584245165,0.0006476683937823,0.0155478871934129
link,2294,0.8713531536537927,0.0,1679.2154212372452,1813.3350000000003,2515.206,3245.7529999999997,0.8495408163266802,0.0,0.0,0.0,0.0088733400369423,0.0003630906396343,0.0,0.0005769905166985
link,2295,0.8713531536537927,0.0,1678.3658804209185,1813.3350000000003,2515.206,3245.7529999999997,0.0,0.0,0.0,0.0,0.038536014794498,0.0025942881347837,0.0,0.0046186910744194
link,2296,0.8713531536537927,0.0,1678.3658804209185,1813.3350000000003,2515.206,3245.7529999999997,0.0,0.0,0.0,0.0,0.0222036570844184,6.637350147797047e-05,0.0,9.151067793887212e-05
link,2297,0.8713531536537927,0.0,1678.410199617347,1813.3350000000003,2515.206,3245.7529999999997,0.044319196428432406,0.0,0.0,0.0,0.0042590020221004,0.0002490833236093,0.0,0.0002667861126792
link,2298,0.8713531536537927,0.0,1678.3658804209185,1813.3350000000003,2515.206,3245.7529999999997,0.0,0.0,0.0,0.0,0.0195635872532796,0.0026124440080282,0.0,0.0040771756618979
link,2299,0.8713531536537927,0.0,1678.410199617347,1813.3350000000003,2515.206,3245.7529999999997,0.044319196428432406,0.0,0.0,0.0,0.0042590020221004,0.0002490833236093,0.0,0.0002667861126792
link,2300,0.8707974437343706,0.0005557099194221093,1677.7460864709635,1813.3350000000003,2513.5215000000017,3245.7529999999997,-0.6197939499550102,0.0,-1.6844999999984793,0.0,0.0082671436350735,0.0010382800980264,0.001943005181347,0.0014867546192908
link,2301,0.8713531536537927,0.0,1678.3922509566326,1813.3350000000003,2515.206,3245.7529999999997,0.02637053571402248,0.0,0.0,0.0,0.0179566243659556,0.0007938910439393,0.0012953367875647,0.0025615025247051
link,2302,0.8713531536537927,0.0,1678.3658804209185,1813.3350000000003,2515.206,3245.7529999999997,0.0,0.0,0.0,0.0,0.0054287481225206,0.0006251363867332,0.0,0.0008532070934018
link,2303,0.8713531536537927,0.0,1685.1123019770407,1831.2755,2576.3595,3245.7529999999997,6.746421556122186,17.9404999999997,61.153499999999894,0.0,0.0296594354207986,0.0005197010218776,0.0,0.0016077536383506
link,2304,0.8713531536537927,0.0,1678.3658804209185,1813.3350000000003,2515.206,3245.7529999999997,0.0,0.0,0.0,0.0,0.0248760721151393,3.848786161285853e-05,0.0,0.0001225414494096
link,2305,0.8713531536537927,0.0,1678.3658804209185,1813.3350000000003,2515.206,3245.7529999999997,0.0,0.0,0.0,0.0,0.0161956138196552,0.0007377356889744,0.0,0.0010990743723247
link,2306,0.8713531536537927,0.0,1678.3658804209185,1813.3350000000003,2515.206,3245.7529999999997,0.0,0.0,0.0,0.0,0.0173291041094798,0.0002241076907086,0.0,0.000459306636903
link,2307,0.8713531536537927,0.0,1678.3658804209185,1813.3350000000003,2515.206,3245.7529999999997,0.0,0.0,0.0,0.0,0.0165057619935259,0.0007468942959527,0.0,0.0010979420937009
link,2308,0.8713531536537927,0.0,1678.3658804209185,1813.3350000000003,2515.206,3245.7529999999997,0.0,0.0,0.0,0.0,0.0146932890417542,0.0002652675368669,0.0,0.0003891562680965
link,2309,0.8713531536537927,0.0,1845.2135558035716,2016.525,2943.484999999999,3245.7529999999997,166.84767538265305,203.18999999999983,428.2789999999991,0.0,0.0019568105593765,0.0001768771900812,0.0,0.0002513562301831
link,2310,0.8713531536537927,0.0,1845.2135558035716,2016.525,2943.484999999999,3245.7529999999997,166.84767538265305,203.18999999999983,428.2789999999991,0.0,0.0101380767662334,0.0006456510501675,0.0,0.0008399380571607
link,2311,0.8713531536537927,0.0,1678.3658804209185,1813.3350000000003,2515.206,3245.7529999999997,0.0,0.0,0.0,0.0,0.0145148795683638,0.0005967174466622,0.0,0.0008728552026611
link,2312,0.8713531536537927,0.0,1678.3658804209185,1813.3350000000003,2515.206,3245.7529999999997,0.0,0.0,0.0,0.0,0.002406311159583,8.884052018177578e-06,0.0,1.292411068978156e-05
link,2313,0.8713531536537927,0.0,1678.3658804209185,1813.3350000000003,2515.206,3245.7529999999997,0.0,0.0,0.0,0.0,0.0029930518035316,0.0004123291799072,0.0,0.0005740467379326
link,2314,0.8713531536537927,0.0,1678.3985947066326,1813.3350000000003,2515.206,3245.7529999999997,0.03271428571406432,0.0,0.0,0.0,0.0028578300407663,9.364895514012471e-06,0.0,1.3200853761925698e-05
link,2315,0.8713531536537927,0.0,1678.3658804209185,1813.3350000000003,2515.206,3245.7529999999997,0.0,0.0,0.0,0.0,0.0065120228348973,9.606194582466842e-05,0.0,0.000149941593011
link,2316,0.8713531536537927,0.0,1684.4998166454081,1842.1570000000002,2515.206,3245.7529999999997,6.1339362244896165,28.82199999999989,0.0,0.0,0.0064699362980168,0.0002863490935373,0.0,0.0006221678802404
link,2317,0.8713531536537927,0.0,1678.3658804209185,1813.3350000000003,2515.206,3245.7529999999997,0.0,0.0,0.0,0.0,0.0060947948532245,3.0024282825571176e-05,0.0,3.823147682742557e-05
link,2318,0.8713531536537927,0.0,1678.3658804209185,1813.3350000000003,2515.206,3245.7529999999997,0.0,0.0,0.0,0.0,0.0137075709525783,0.0006063861691175,0.0,0.0015090625410164
link,2319,0.8713531536537927,0.0,1678.3658804209185,1813.3350000000003,2515.206,3245.7529999999997,0.0,0.0,0.0,0.0,0.0158689158015735,0.0014948252319075,0.0,0.0023107579749428
link,2320,0.8713531536537927,0.0,1678.3658804209185,1813.3350000000003,2515.206,3245.7529999999997,0.0,0.0,0.0,0.0,0.0120303667280003,0.0011927337889108,0.0,0.0018831701049333
link,2321,0.8713531536537927,0.0,1678.419308992347,1813.3350000000003,2515.206,3245.7529999999997,0.0534285714284124,0.0,0.0,0.0,0.0105115292955168,1.8131573041334385e-05,0.0,3.8383238961082965e-05
link,2322,0.8713531536537927,0.0,1678.3658804209185,1813.3350000000003,2515.206,3245.7529999999997,0.0,0.0,0.0,0.0,0.0122626613930699,0.0012157017418091,0.0,0.0019389439223606
link,2323,0.8713531536537927,0.0,1681.2965628188774,1819.571,2532.2625,3245.7529999999997,2.93068239795889,6.235999999999649,17.056499999999687,0.0,0.0236798157132662,0.0005894279507541,0.001943005181347,0.0023258589318889
link,2324,0.8713531536537927,0.0,1678.3658804209185,1813.3350000000003,2515.206,3245.7529999999997,0.0,0.0,0.0,0.0,0.0166146061590692,0.000424341508208,0.0,0.0009501390173228
link,2325,0.8713531536537927,0.0,1678.3797238520406,1813.3350000000003,2515.206,3245.7529999999997,0.013843431122040784,0.0,0.0,0.0,0.0126648696510825,0.0014035340830831,0.0,0.0022951346423152
link,2326,0.8713531536537927,0.0,1678.377480548469,1813.3350000000003,2515.206,3245.7529999999997,0.011600127550536854,0.0,0.0,0.0,0.0156602974063523,0.0017363437977059,0.0,0.0023058493416501
link,2327,0.8713531536537927,0.0,1678.3658804209185,1813.3350000000003,2515.206,3245.7529999999997,0.0,0.0,0.0,0.0,0.0147954153747559,0.0013271410523464,0.0,0.0010143309007831
link,2328,0.8671853292581273,0.0041678243956654315,1689.9307487984622,1818.8680000000002,2521.549,3245.7529999999997,11.56486837754369,5.532999999999902,6.342999999999847,0.0,0.0127947677575524,0.0009807902265332,0.0064766839378237,0.0034529050392658
link,2329,0.8713531536537927,0.0,1678.418119260204,1813.3350000000003,2515.206,3245.7529999999997,0.05223883928556461,0.0,0.0,0.0,0.0008272052050385,1.994115184858237e-05,0.0,6.623779257782123e-05
link,2330,0.8713531536537927,0.0,1678.3658804209185,1813.3350000000003,2515.206,3245.7529999999997,0.0,0.0,0.0,0.0,0.0213117214146395,0.0005492750735629,0.0,0.0014777392559802
link,2331,0.8713531536537927,0.0,1678.715646364796,1813.3350000000003,2515.206,3245.7529999999997,0.3497659438774008,0.0,0.0,0.0,0.0110886488324308,0.0002626883966348,0.0,0.0003838915204328
link,2332,0.8713531536537927,0.0,1678.3658804209185,1813.3350000000003,2515.206,3245.7529999999997,0.0,0.0,0.0,0.0,0.0080238460795981,0.0004430043606728,0.0012953367875647,0.0003220302607806
link,2333,0.8710752986940817,0.00027785495971099916,1678.4504858054227,1813.3350000000003,2515.206,3245.7529999999997,0.08460538450412969,0.0,0.0,0.0,0.0,0.0,0.0,0.0
link,2334,0.8713531536537927,0.0,1678.3658804209185,1813.3350000000003,2515.206,3245.7529999999997,0.0,0.0,0.0,0.0,0.0,0.0,0.0,0.0
link,2335,0.864406779661017,0.006946373992775756,1674.837433622629,1810.8749999999998,2527.9880000000003,3245.7529999999997,-3.528446798289451,-2.460000000000491,12.782000000000153,0.0,0.012505979961208,0.0024849201332848,0.0045336787564766,0.0142959411477638
link,2336,0.8713531536537927,0.0,1679.630840880102,1813.3350000000003,2535.9935,3245.7529999999997,1.264960459183385,0.0,20.78749999999991,0.0,0.0052081672879327,0.0005079755066547,0.0006476683937823,0.0044608744961664
link,2337,0.8713531536537927,0.0,1678.3658804209185,1813.3350000000003,2515.206,3245.7529999999997,0.0,0.0,0.0,0.0,0.0102267179495691,0.0004688761757114,0.0,0.0008788019898537
link,2338,0.8713531536537927,0.0,1678.9209298469389,1813.3350000000003,2515.206,3245.7529999999997,0.5550494260203322,0.0,0.0,0.0,0.0011244803404536,0.0002309592385124,0.0006476683937823,0.0009238258295384
link,2339,0.8713531536537927,0.0,1678.3658804209185,1813.3350000000003,2515.206,3245.7529999999997,0.0,0.0,0.0,0.0,0.0053414315999477,6.353158816432025e-06,0.0,1.0860847887368712e-05
link,2340,0.8710752986940817,0.00027785495971099916,1678.232251355662,1813.3350000000003,2515.206,3245.7529999999997,-0.13362906525662765,0.0,0.0,0.0,0.004959687304699,4.368487958981758e-05,0.0012953367875647,6.058226726926439e-05
link,2341,0.8702417338149486,0.0011114198388441077,1677.9505791826311,1813.3350000000003,2515.206,3245.7529999999997,-0.41530123828738397,0.0,0.0,0.0,0.004959687304699,0.0001509935943397,0.001943005181347,0.0002653735463174
link,2342,0.8705195887746596,0.0008335648791331085,1678.7043255665496,1813.3350000000003,2515.206,3245.7529999999997,0.3384451456311126,0.0,0.0,0.0,0.0142736452268973,0.0034888886665601,0.0032383419689119,0.0188641180795508
link,2343,0.8710752986940817,0.00027785495971099916,1678.4828484848483,1813.3350000000003,2515.206,3245.7529999999997,0.11696806392978942,0.0,0.0,0.0,0.000265206513681,0.0002264517815803,0.0,0.0008168587487589
link,2344,0.8713531536537927,0.0,1678.3658804209185,1813.3350000000003,2515.206,3245.7529999999997,0.0,0.0,0.0,0.0,0.0,0.0,0.0,0.0
link,2345,0.8713531536537927,0.0,1678.3658804209185,1813.3350000000003,2515.206,3245.7529999999997,0.0,0.0,0.0,0.0,0.0023611723926093,5.880439822677962e-05,0.0,0.0002028728144411
link,2346,0.8713531536537927,0.0,1690.1048820153062,1813.3350000000003,2515.206,3245.7529999999997,11.739001594387673,0.0,0.0,0.0,0.0051607094024827,0.0004079917313466,0.0,0.0009858383919975
link,2347,0.8713531536537927,0.0,1678.3854349489793,1813.3350000000003,2515.206,3245.7529999999997,0.019554528060780285,0.0,0.0,0.0,0.0025854422979488,5.596931436216466e-05,0.0,1.6169682849411696e-05
link,2348,0.8713531536537927,0.0,1678.3658804209185,1813.3350000000003,2515.206,3245.7529999999997,0.0,0.0,0.0,0.0,0.0273101180729345,0.0020779466135285,0.0,0.0030851971011073
link,2349,0.8713531536537927,0.0,1678.3658804209185,1813.3350000000003,2515.206,3245.7529999999997,0.0,0.0,0.0,0.0,0.0161168203557318,0.0003700254176951,0.0006476683937823,0.0004401831188917
link,2350,0.8713531536537927,0.0,1678.3658804209185,1813.3350000000003,2515.206,3245.7529999999997,0.0,0.0,0.0,0.0,0.0003643760222966,2.062510859642784e-05,0.0,1.9255621544881448e-05
link,2351,0.8710752986940817,0.00027785495971099916,1742.1919492822967,1875.4920000000004,2890.768000000001,3703.010199999988,63.82606886137819,62.15700000000015,375.5620000000008,457.2571999999882,0.03914229724577,0.006349380157428,0.0032383419689119,0.0252957895612595
link,2352,0.8685746040566824,0.0027785495971103247,1676.8278730006398,1813.3350000000003,2517.916,3263.5377500000004,-1.5380074202787455,0.0,2.7100000000000364,17.784750000000713,0.0054468531534668,0.0001918283128472,0.0012953367875647,0.0005271019258959
link,2353,0.8713531536537927,0.0,1680.2283727678569,1813.3350000000003,2576.3595,3245.7529999999997,1.8624923469383248,0.0,61.153499999999894,0.0,0.0028023047739206,0.0003287072920195,0.0,0.0006326921523843
link,2354,0.8713531536537927,0.0,1678.3658804209185,1813.3350000000003,2515.206,3245.7529999999997,0.0,0.0,0.0,0.0,0.0007079518291596,6.399437637834303e-06,0.0012953367875647,8.144071913381818e-06
link,2355,0.8705195887746596,0.0008335648791331085,1679.892170443664,1813.3350000000003,2576.7246,3245.7529999999997,1.5262900227455702,0.0,61.51859999999988,0.0,0.0035108444161304,0.0005824498797137,0.0025906735751294,0.0021378905564356
link,2356,0.8713531536537927,0.0,1678.3658804209185,1813.3350000000003,2515.206,3245.7529999999997,0.0,0.0,0.0,0.0,2.5387057819783408e-05,3.758916265740478e-07,0.0,2.012386439929414e-06
link,2357,0.8713531536537927,0.0,1678.9597241709184,1813.3350000000003,2563.9210000000003,3245.7529999999997,0.5938437499999054,0.0,48.715000000000146,0.0,0.005420878282597,0.0001909702930893,0.0,0.0005227600171392
link,2358,0.8710752986940817,0.00027785495971099916,1678.405703030303,1813.3350000000003,2515.206,3245.7529999999997,0.03982260938437321,0.0,0.0,0.0,0.0030112799645896,0.0023067466446558,0.0006476683937823,0.0092749998855471
link,2359,0.8710752986940817,0.00027785495971099916,1678.505967783094,1813.3350000000003,2515.206,3245.7529999999997,0.1400873621755636,0.0,0.0,0.0,0.0,0.0,0.0006476683937823,0.0
link,2360,0.8713531536537927,0.0,1678.3658804209185,1813.3350000000003,2515.206,3245.7529999999997,0.0,0.0,0.0,0.0,0.0232554032543298,0.0011046596271663,0.0,0.0032238054926937
link,2361,0.8713531536537927,0.0,1678.3658804209185,1813.3350000000003,2515.206,3245.7529999999997,0.0,0.0,0.0,0.0,0.0,0.0,0.0,0.0
link,2362,0.8713531536537927,0.0,1678.529518494898,1813.3350000000003,2515.206,3245.7529999999997,0.16363807397942765,0.0,0.0,0.0,0.0219287315518079,0.0005860238189161,0.0,0.0011934218305884
link,2363,0.8713531536537927,0.0,1678.3658804209185,1813.3350000000003,2515.206,3245.7529999999997,0.0,0.0,0.0,0.0,0.0023597002690582,0.0001549307841359,0.0,0.0003704538657786
link,2364,0.8713531536537927,0.0,1678.3658804209185,1813.3350000000003,2515.206,3245.7529999999997,0.0,0.0,0.0,0.0,0.0002792258207252,1.364275314968083e-07,0.0,2.377634872019461e-07
link,2365,0.8713531536537927,0.0,1678.4094043367347,1813.3350000000003,2515.206,3245.7529999999997,0.04352391581619486,0.0,0.0,0.0,0.0,0.0,0.0,0.0
link,2366,0.8696860238955265,0.001667129758266217,1683.753598402556,1819.571,2586.7051,3245.7529999999997,5.387717981637479,6.235999999999649,71.4991,0.0,0.0057945763046128,0.0013422642649743,0.001943005181347,0.002178350941818
link,2367,0.8713531536537927,0.0,1678.3658804209185,1813.3350000000003,2515.206,3245.7529999999997,0.0,0.0,0.0,0.0,0.0015580491558573,0.0001050140425971,0.0,0.0001493646146849
link,2368,0.8713531536537927,0.0,1678.3658804209185,1813.3350000000003,2515.206,3245.7529999999997,0.0,0.0,0.0,0.0,0.0096491227550801,0.0003867349458613,0.0,0.0006943395796205
link,2369,0.8713531536537927,0.0,1685.3405293367348,1819.571,2562.8660000000004,3245.7529999999997,6.97464891581626,6.235999999999649,47.66000000000031,0.0,0.0032060931004772,0.0005023086153881,0.0,0.0007109576227842
link,2370,0.8713531536537927,0.0,1678.3658804209185,1813.3350000000003,2515.206,3245.7529999999997,0.0,0.0,0.0,0.0,0.0117733585882247,0.0009343558110631,0.0,0.0021993598792058
link,2371,0.8707974437343706,0.0005557099194221093,1677.498513401404,1813.3350000000003,2513.5215000000017,3245.7529999999997,-0.8673670195146315,0.0,-1.6844999999984793,0.0,0.0182094997580586,0.0001505097959581,0.0032383419689119,0.0007193675483141
link,2372,0.8713531536537927,0.0,1678.3658804209185,1813.3350000000003,2515.206,3245.7529999999997,0.0,0.0,0.0,0.0,0.007737655183489,0.0002450472751535,0.0,0.0007214668204615
link,2373,0.8713531536537927,0.0,1679.0252260841835,1813.3350000000003,2515.206,3245.7529999999997,0.6593456632649577,0.0,0.0,0.0,0.0015866320385249,9.703677918111736e-06,0.0006476683937823,6.077760417097186e-05
link,2374,0.8713531536537927,0.0,1679.064887117347,1813.3350000000003,2515.206,3245.7529999999997,0.6990066964285688,0.0,0.0,0.0,0.0019840350576434,1.4876065676980996e-05,0.0,0.0001037402953755
link,2375,0.8713531536537927,0.0,1678.3658804209185,1813.3350000000003,2515.206,3245.7529999999997,0.0,0.0,0.0,0.0,0.0,0.0,0.0,0.0
link,2376,0.8710752986940817,0.00027785495971099916,1678.6019416267943,1813.3350000000003,2518.4579999999996,3245.7529999999997,0.23606120587578516,0.0,3.251999999999498,0.0,0.0008129313065433,5.218000347865636e-05,0.001943005181347,8.251874815747843e-05
link,2377,0.8707974437343706,0.0005557099194221093,1678.446163050415,1813.3350000000003,2515.206,3245.7529999999997,0.0802826294964234,0.0,0.0,0.0,0.0122032407597726,0.0055227394466887,0.0123056994818653,0.0375870254447162
link,2378,0.8707974437343706,0.0005557099194221093,1678.5058203573708,1813.3350000000003,2525.779400000002,3245.7529999999997,0.1399399364522651,0.0,10.573400000002039,0.0,0.0243574136446699,0.0013533386678525,0.0006476683937823,0.0029397988743099
link,2379,0.8702417338149486,0.0011114198388441077,1672.8093528097063,1813.3350000000003,2503.847,3162.5941999999873,-5.556527611212232,0.0,-11.358999999999924,-83.15880000001243,0.0,0.0,0.0,0.0
link,2380,0.8713531536537927,0.0,1678.3658804209185,1813.3350000000003,2515.206,3245.7529999999997,0.0,0.0,0.0,0.0,0.0,0.0,0.0,0.0
link,2381,0.8713531536537927,0.0,1678.3658804209185,1813.3350000000003,2515.206,3245.7529999999997,0.0,0.0,0.0,0.0,0.0,0.0,0.0,0.0
link,2382,0.8713531536537927,0.0,1678.3658804209185,1813.3350000000003,2515.206,3245.7529999999997,0.0,0.0,0.0,0.0,0.0,0.0,0.0,0.0
link,2383,0.8713531536537927,0.0,1678.612472895408,1813.3350000000003,2515.206,3245.7529999999997,0.24659247448948918,0.0,0.0,0.0,0.0,0.0,0.0,0.0
link,2384,0.8713531536537927,0.0,1678.3701061862246,1813.3350000000003,2515.206,3245.7529999999997,0.004225765306046014,0.0,0.0,0.0,0.0150331234842286,1.26571207759351e-05,0.0,3.563786375310928e-05
link,2385,0.8713531536537927,0.0,1678.3658804209185,1813.3350000000003,2515.206,3245.7529999999997,0.0,0.0,0.0,0.0,0.0053079681491106,6.833765274725575e-05,0.0,0.0001534999291817
link,2386,0.8713531536537927,0.0,1678.3658804209185,1813.3350000000003,2515.206,3245.7529999999997,0.0,0.0,0.0,0.0,0.0001689228732347,2.25771112673479e-06,0.0,9.775485502765231e-07
link,2387,0.8713531536537927,0.0,1678.3658804209185,1813.3350000000003,2515.206,3245.7529999999997,0.0,0.0,0.0,0.0,0.0054650474564106,0.0001034309832254,0.0,0.0001309947343412
link,2388,0.8710752986940817,0.00027785495971099916,1678.453896969697,1813.3350000000003,2515.206,3245.7529999999997,0.0880165487785689,0.0,0.0,0.0,0.0203410916333393,0.0003268284910405,0.0012953367875647,0.0007927175624217
link,2389,0.8713531536537927,0.0,1678.3658804209185,1813.3350000000003,2515.206,3245.7529999999997,0.0,0.0,0.0,0.0,0.0201721687601045,0.0002567942335778,0.0,0.0007436655074766
link,2390,0.8713531536537927,0.0,1678.3681785714286,1813.3350000000003,2515.206,3245.7529999999997,0.002298150510114283,0.0,0.0,0.0,0.0014716932888086,2.421043690218448e-05,0.0,3.202371758358908e-05
link,2391,0.8713531536537927,0.0,1678.598362882653,1813.3350000000003,2515.206,3245.7529999999997,0.23248246173443476,0.0,0.0,0.0,0.0189840441429181,0.0003667577982513,0.0,0.000633871326152
link,2392,0.8713531536537927,0.0,1678.3658804209185,1813.3350000000003,2515.206,3245.7529999999997,0.0,0.0,0.0,0.0,0.019990988667422,0.0004692556288747,0.0,0.0012635802835446
link,2393,0.8713531536537927,0.0,1697.4944853316326,1818.8680000000002,2515.206,3245.7529999999997,19.128604910714103,5.532999999999902,0.0,0.0,0.0119903922271418,0.000356615975178,0.0,0.0007515501863624
link,2394,0.8713531536537927,0.0,1678.3658804209185,1813.3350000000003,2515.206,3245.7529999999997,0.0,0.0,0.0,0.0,0.0214554717093055,0.000389865560208,0.0006476683937823,0.0007057719256996
link,2395,0.8713531536537927,0.0,1678.3658804209185,1813.3350000000003,2515.206,3245.7529999999997,0.0,0.0,0.0,0.0,0.0268744316443373,0.0006833246162948,0.0012953367875647,0.0011700461545005
link,2396,0.8713531536537927,0.0,1678.3658804209185,1813.3350000000003,2515.206,3245.7529999999997,0.0,0.0,0.0,0.0,0.0054650474564106,0.0001034309832254,0.0,0.0001309947343412
link,2397,0.8713531536537927,0.0,1678.3658804209185,1813.3350000000003,2515.206,3245.7529999999997,0.0,0.0,0.0,0.0,0.0201721687601045,0.0002567942335778,0.0,0.0007436655074766
link,2398,0.8713531536537927,0.0,1679.4239620535714,1818.5775,2515.206,3245.7529999999997,1.0580816326528293,5.242499999999836,0.0,0.0,1.3442343954385018e-05,7.331230175985177e-08,0.0,6.313953360066429e-07
link,2399,0.8713531536537927,0.0,1678.3658804209185,1813.3350000000003,2515.206,3245.7529999999997,0.0,0.0,0.0,0.0,0.0037045805564727,4.0210716013537634e-05,0.0,4.531353344630311e-05
link,2400,0.8674631842178383,0.0038899694359544323,1679.784812299808,1818.5775,2520.0840000000003,3245.7529999999997,1.4189318788894525,5.242499999999836,4.878000000000156,0.0,0.0037180229004271,4.028402831529748e-05,0.001943005181347,4.594492878215831e-05
link,2401,0.8713531536537927,0.0,1678.3658804209185,1813.3350000000003,2515.206,3245.7529999999997,0.0,0.0,0.0,0.0,1.9008433897523368e-05,5.5323612784159255e-06,0.0,3.3246616390354644e-06
link,2402,0.8713531536537927,0.0,1680.580266262755,1813.3350000000003,2579.958,3245.7529999999997,2.2143858418364744,0.0,64.75199999999995,0.0,0.0057945763046128,0.0013422642649743,0.0,0.002178350941818
link,2403,0.8713531536537927,0.0,1678.3658804209185,1813.3350000000003,2515.206,3245.7529999999997,0.0,0.0,0.0,0.0,0.0024069774064877,0.0003446961520693,0.0,0.0008279666790088
link,2404,0.8713531536537927,0.0,1678.4128702168366,1813.3350000000003,2515.206,3245.7529999999997,0.046989795918079835,0.0,0.0,0.0,0.0,0.0,0.0,0.0
link,2405,0.8713531536537927,0.0,1678.4251227678574,1813.3350000000003,2515.206,3245.7529999999997,0.059242346938845,0.0,0.0,0.0,0.0041567120285508,7.263535690123079e-05,0.0,0.0003438501903219
link,2406,0.8713531536537927,0.0,1678.3658804209185,1813.3350000000003,2515.206,3245.7529999999997,0.0,0.0,0.0,0.0,0.0026913430822602,0.0001693010112801,0.0006476683937823,0.000137375890844
link,2407,0.8713531536537927,0.0,1678.3658804209185,1813.3350000000003,2515.206,3245.7529999999997,0.0,0.0,0.0,0.0,0.0013423133832033,4.919696061427048e-05,0.0,2.3058091392686047e-05
link,2408,0.8713531536537927,0.0,1681.5586903698982,1813.3350000000003,2515.206,3245.7529999999997,3.1928099489796296,0.0,0.0,0.0,0.0080359601374996,0.0014215347081212,0.0012953367875647,0.0044112479473861
link,2409,0.8713531536537927,0.0,1678.3658804209185,1813.3350000000003,2515.206,3245.7529999999997,0.0,0.0,0.0,0.0,0.0039636164618318,0.0003700715462744,0.0,0.0003651852266765
link,2410,0.8713531536537927,0.0,1678.3658804209185,1813.3350000000003,2515.206,3245.7529999999997,0.0,0.0,0.0,0.0,0.0038389595704093,0.0003507072278499,0.0,0.0003508135048192
link,2411,0.8713531536537927,0.0,1679.0989129464285,1813.3350000000003,2515.206,3245.7529999999997,0.7330325255099979,0.0,0.0,0.0,0.0049390319123538,0.0002149276565023,0.0,0.0002740934042808
link,2412,0.8713531536537927,0.0,1678.3658804209185,1813.3350000000003,2515.206,3245.7529999999997,0.0,0.0,0.0,0.0,0.0,0.0,0.0,0.0
link,2413,0.8705195887746596,0.0008335648791331085,1685.9261991701244,1818.8680000000002,2614.638,3270.945999999999,7.560318749205862,5.532999999999902,99.43199999999979,25.1929999999993,0.0048570643656769,0.0003661436797171,0.001943005181347,0.0012035550537003
link,2414,0.8713531536537927,0.0,1679.5393616071428,1813.3350000000003,2517.916,3245.7529999999997,1.1734811862243077,0.0,2.7100000000000364,0.0,0.0294655914479726,0.0033869252801095,0.0006476683937823,0.0061042466962735
link,2415,0.8713531536537927,0.0,1678.5672044005103,1813.3350000000003,2515.206,3245.7529999999997,0.20132397959173431,0.0,0.0,0.0,0.0056443594893441,0.000139824480962,0.0,0.0002322288534114
link,2416,0.8713531536537927,0.0,1678.3658804209185,1813.3350000000003,2515.206,3245.7529999999997,0.0,0.0,0.0,0.0,0.0174104634547004,0.0002493219630797,0.0,0.0006545869362202
link,2417,0.8713531536537927,0.0,1678.3658804209185,1813.3350000000003,2515.206,3245.7529999999997,0.0,0.0,0.0,0.0,0.0067200107280198,9.46819217364702e-06,0.0,2.857061170095155e-05
link,2418,0.8713531536537927,0.0,1678.5672044005103,1813.3350000000003,2515.206,3245.7529999999997,0.20132397959173431,0.0,0.0,0.0,0.0055447091888411,0.0001355906645346,0.0,0.0002272005478486
link,2419,0.8710752986940817,0.00027785495971099916,1678.5271183413079,1813.3350000000003,2515.206,3245.7529999999997,0.1612379203893397,0.0,0.0,0.0,0.0241304741827203,0.0003353877269477,0.0012953367875647,0.0010757176259298
link,2420,0.8713531536537927,0.0,1678.3658804209185,1813.3350000000003,2515.206,3245.7529999999997,0.0,0.0,0.0,0.0,0.0055858993408947,0.0001121366465014,0.0025906735751294,0.0005177376518568
link,2421,0.8713531536537927,0.0,1678.3658804209185,1813.3350000000003,2515.206,3245.7529999999997,0.0,0.0,0.0,0.0,0.0030531996857088,3.707203745845705e-06,0.0,1.1586439089961783e-05
link,2422,0.8713531536537927,0.0,1679.0299550382654,1813.3350000000003,2517.916,3245.7529999999997,0.6640746173468415,0.0,2.7100000000000364,0.0,0.0238212319586284,0.0006543680218653,0.0,0.0010853589587947
link,2423,0.8713531536537927,0.0,1678.468574617347,1813.3350000000003,2515.206,3245.7529999999997,0.10269419642850153,0.0,0.0,0.0,0.0025326996551859,5.239249813740377e-05,0.0,0.000260355789466
link,2424,0.8713531536537927,0.0,1678.3658804209185,1813.3350000000003,2515.206,3245.7529999999997,0.0,0.0,0.0,0.0,0.0215977745275344,0.0002747190492818,0.0,0.0007720728699606
link,2425,0.8574604056682412,0.013892747985551512,1671.9379134802332,1799.199,2543.0460000000003,3252.23075,-6.427966940685337,-14.136000000000195,27.840000000000146,6.477750000000469,0.0145801795339214,0.0372892772695494,0.0006476683937823,0.0449082002001118
link,2426,0.8241178105029174,0.0472353431508753,1644.4415883344573,1760.588,2585.9265000000005,3515.656,-33.924292086461264,-52.7470000000003,70.72050000000036,269.90300000000025,0.0207062176418303,0.0360226593894991,0.0006476683937823,0.063776921613551
link,2427,0.8713531536537927,0.0,1678.4407943239796,1813.3350000000003,2515.206,3245.7529999999997,0.0749139030610877,0.0,0.0,0.0,0.0038701211268504,7.828503958746838e-05,0.0,0.0003328708334551
link,2428,0.8713531536537927,0.0,1678.3658804209185,1813.3350000000003,2515.206,3245.7529999999997,0.0,0.0,0.0,0.0,0.0030789864034417,1.7267580194073963e-05,0.0,0.0001746353557605
link,2429,0.8707974437343706,0.0005557099194221093,1677.896847798341,1813.3350000000003,2513.5215000000017,3245.7529999999997,-0.4690326225775152,0.0,-1.6844999999984793,0.0,0.0031234187158262,9.920072036009736e-05,0.0,0.0004769975935732
link,2430,0.8713531536537927,0.0,1678.3658804209185,1813.3350000000003,2515.206,3245.7529999999997,0.0,0.0,0.0,0.0,0.0031234187158262,9.920072036009736e-05,0.0,0.0004769975935732
link,2431,0.8713531536537927,0.0,1678.3658804209185,1813.3350000000003,2515.206,3245.7529999999997,0.0,0.0,0.0,0.0,0.0024624806250684,1.293592614122415e-05,0.0025906735751294,4.07400582837519e-05
link,2432,0.8713531536537927,0.0,1678.3658804209185,1813.3350000000003,2515.206,3245.7529999999997,0.0,0.0,0.0,0.0,0.0024624806250684,1.293592614122415e-05,0.0025906735751294,4.07400582837519e-05
link,2433,0.8713531536537927,0.0,1678.3679709821429,1813.3350000000003,2515.206,3245.7529999999997,0.0020905612243495852,0.0,0.0,0.0,0.0166929517769852,2.9243574199693877e-05,0.0,3.941978009566325e-05
link,2434,0.8713531536537927,0.0,1678.3658804209185,1813.3350000000003,2515.206,3245.7529999999997,0.0,0.0,0.0,0.0,0.0,0.0,0.0,0.0
link,2435,0.8713531536537927,0.0,1678.3658804209185,1813.3350000000003,2515.206,3245.7529999999997,0.0,0.0,0.0,0.0,0.0046212453873435,0.0004070821805323,0.0,0.000339163481649
link,2436,0.8713531536537927,0.0,1678.4430883290818,1813.3350000000003,2515.206,3245.7529999999997,0.07720790816324552,0.0,0.0,0.0,0.0053985882255147,0.0006479716767316,0.0,0.0006782079719773
link,2437,0.8713531536537927,0.0,1678.3658804209185,1813.3350000000003,2515.206,3245.7529999999997,0.0,0.0,0.0,0.0,0.0,0.0,0.0,0.0
link,2438,0.8713531536537927,0.0,1680.896970344388,1818.5775,2515.206,3245.7529999999997,2.5310899234693807,5.242499999999836,0.0,0.0,0.0003622647937584,1.7349342079154038e-05,0.0,3.330184170801277e-05
link,2439,0.8713531536537927,0.0,1678.3658804209185,1813.3350000000003,2515.206,3245.7529999999997,0.0,0.0,0.0,0.0,0.017222322877512,0.0005063664333882,0.0,0.0015581492214652
link,2440,0.8713531536537927,0.0,1679.9703788265306,1813.3350000000003,2515.206,3245.7529999999997,1.6044984056120484,0.0,0.0,0.0,0.0192252272569473,0.0008957342832771,0.0,0.0032920282774401
link,2441,0.8713531536537927,0.0,1678.3658804209185,1813.3350000000003,2515.206,3245.7529999999997,0.0,0.0,0.0,0.0,0.0093020091748566,1.5287022465952006e-05,0.0,3.498666655731202e-05
link,2442,0.8713531536537927,0.0,1678.3658804209185,1813.3350000000003,2515.206,3245.7529999999997,0.0,0.0,0.0,0.0,0.0,0.0,0.0,0.0
link,2443,0.8713531536537927,0.0,1678.3658804209185,1813.3350000000003,2515.206,3245.7529999999997,0.0,0.0,0.0,0.0,0.0,0.0,0.0,0.0
link,2444,0.8713531536537927,0.0,1678.5464505739794,1813.3350000000003,2515.206,3245.7529999999997,0.18057015306089852,0.0,0.0,0.0,0.0,0.0,0.0,0.0
link,2445,0.8713531536537927,0.0,1678.3658804209185,1813.3350000000003,2515.206,3245.7529999999997,0.0,0.0,0.0,0.0,0.0368361965563221,0.0028624543661607,0.0006476683937823,0.0061645950457058
link,2446,0.8713531536537927,0.0,1678.3831948341838,1813.3350000000003,2515.206,3245.7529999999997,0.017314413265239637,0.0,0.0,0.0,0.0,0.0,0.0,0.0
link,2447,0.8713531536537927,0.0,1678.3658804209185,1813.3350000000003,2515.206,3245.7529999999997,0.0,0.0,0.0,0.0,0.0056277119402851,0.0001245336862046,0.0,0.0003569999937478
link,2448,0.8713531536537927,0.0,1678.3658804209185,1813.3350000000003,2515.206,3245.7529999999997,0.0,0.0,0.0,0.0,0.0,0.0,0.0,0.0
link,2449,0.8713531536537927,0.0,1678.5202688137756,1813.3350000000003,2515.206,3245.7529999999997,0.15438839285707218,0.0,0.0,0.0,0.0133522908808687,4.326937174492791e-05,0.0,5.000802781126544e-05
link,2450,0.8713531536537927,0.0,1735.424573660714,1861.2009999999998,2890.768000000001,3700.8259999999996,57.0586932397955,47.86599999999953,375.5620000000008,455.07299999999987,0.0352986584644127,0.0042129343216159,0.0006476683937823,0.0114896073704875
link,2451,0.8713531536537927,0.0,1678.3658804209185,1813.3350000000003,2515.206,3245.7529999999997,0.0,0.0,0.0,0.0,0.0169589980439782,0.0087074949345744,0.0097150259067357,0.052235164702903
link,2452,0.8713531536537927,0.0,1678.3658804209185,1813.3350000000003,2515.206,3245.7529999999997,0.0,0.0,0.0,0.0,0.0019630998902081,8.135401584278528e-05,0.0,0.0001301523102268
link,2453,0.8713531536537927,0.0,1720.2832130102042,1840.0670000000005,2804.5135,3575.0870000000004,41.91733258928571,26.7320000000002,289.3074999999999,329.33400000000074,0.0084175889638756,0.001001176705807,0.0,0.0039263183880359
link,2454,0.8713531536537927,0.0,1679.047953125,1813.3350000000003,2515.206,3245.7529999999997,0.68207270408152,0.0,0.0,0.0,0.0179703520200863,0.0080129891083103,0.0032383419689119,0.0045410593578967
link,2455,0.8713531536537927,0.0,1678.3887566964288,1813.3350000000003,2515.206,3245.7529999999997,0.022876275510270716,0.0,0.0,0.0,0.0006687334518964,3.976056746040509e-06,0.0,8.640254573578335e-06
link,2456,0.8713531536537927,0.0,1678.3658804209185,1813.3350000000003,2515.206,3245.7529999999997,0.0,0.0,0.0,0.0,0.0087089536910051,0.0004059533501852,0.0,0.0003910814207266
link,2457,0.8710752986940817,0.00027785495971099916,1678.495385645933,1813.3350000000003,2515.206,3245.7529999999997,0.12950522501455453,0.0,0.0,0.0,0.0394708445080148,0.0013933308423193,0.0012953367875647,0.003121571135761
link,2458,0.8713531536537927,0.0,1678.3658804209185,1813.3350000000003,2515.206,3245.7529999999997,0.0,0.0,0.0,0.0,0.0,0.0,0.0006476683937823,0.0
link,2459,0.8705195887746596,0.0008335648791331085,1678.6164650494734,1813.3350000000003,2515.206,3245.7529999999997,0.2505846285548614,0.0,0.0,0.0,0.0053993629631147,0.0029017669591213,0.0006476683937823,0.0166304998053346
link,2460,0.8713531536537927,0.0,1678.3658804209185,1813.3350000000003,2515.206,3245.7529999999997,0.0,0.0,0.0,0.0,0.0006071215574434,0.0004757759266752,0.0,0.0018699863320641
link,2461,0.8710752986940817,0.00027785495971099916,1678.5466580542266,1813.3350000000003,2515.206,3245.7529999999997,0.18077763330802554,0.0,0.0,0.0,0.0002289508905341,0.0001606798064502,0.0006476683937823,0.0004118039738663
link,2462,0.8707974437343706,0.0005557099194221093,1678.8154891512447,1813.3350000000003,2515.206,3245.7529999999997,0.4496087303261902,0.0,0.0,0.0,0.0122647199168609,0.0002032281205679,0.001943005181347,0.0005457412241173
link,2463,0.8713531536537927,0.0,1678.3658804209185,1813.3350000000003,2515.206,3245.7529999999997,0.0,0.0,0.0,0.0,0.0029715132361258,0.0027543187681332,0.0038860103626943,0.0091525149601042
link,2464,0.8707974437343706,0.0005557099194221093,1678.7595516911297,1813.3350000000003,2515.206,3245.7529999999997,0.39367127021114356,0.0,0.0,0.0,0.0027124168007816,5.603847349675855e-06,0.0006476683937823,1.3210396338536128e-05
link,2465,0.8696860238955265,0.001667129758266217,1679.1442511182108,1813.3350000000003,2515.7479999999996,3245.7529999999997,0.7783706972923028,0.0,0.5419999999994616,0.0,0.0285507630692852,0.0008601297285396,0.0012953367875647,0.0052332662914988
link,2466,0.8713531536537927,0.0,1678.3658804209185,1813.3350000000003,2515.206,3245.7529999999997,0.0,0.0,0.0,0.0,0.0,0.0,0.0,0.0
link,2467,0.8713531536537927,0.0,1678.373247767857,1813.3350000000003,2515.206,3245.7529999999997,0.00736734693850849,0.0,0.0,0.0,0.0059047037237288,2.3657637811110974e-05,0.0,8.562737991385728e-05
link,2468,0.8696860238955265,0.001667129758266217,1677.6249332268371,1813.3350000000003,2515.206,3245.7529999999997,-0.7409471940814001,0.0,0.0,0.0,0.0105435979473393,3.656386154117165e-05,0.0032383419689119,0.0001676223495066
link,2469,0.8713531536537927,0.0,1678.3658804209185,1813.3350000000003,2515.206,3245.7529999999997,0.0,0.0,0.0,0.0,0.0002788349396533,6.56975641736791e-07,0.0,6.079585349646686e-06
link,2470,0.8713531536537927,0.0,1678.3715963010202,1813.3350000000003,2515.206,3245.7529999999997,0.0057158801016612415,0.0,0.0,0.0,0.001065330534705,1.6696351232293635e-06,0.0,6.878371889624545e-06
link,2471,0.8713531536537927,0.0,1678.3658804209185,1813.3350000000003,2515.206,3245.7529999999997,0.0,0.0,0.0,0.0,0.0034375468851073,0.0001884618000199,0.0006476683937823,0.000569773095631
link,2472,0.8713531536537927,0.0,1678.4286683673467,1813.3350000000003,2515.206,3245.7529999999997,0.06278794642821595,0.0,0.0,0.0,0.0060249111300894,0.0001048514799907,0.0006476683937823,0.0003740735216603
link,2473,0.8713531536537927,0.0,1678.4041894132656,1813.3350000000003,2515.206,3245.7529999999997,0.038308992347083404,0.0,0.0,0.0,0.0100457292294366,0.0007756655495928,0.0,0.0025110872984346
link,2474,0.8713531536537927,0.0,1678.3658804209185,1813.3350000000003,2515.206,3245.7529999999997,0.0,0.0,0.0,0.0,0.0115584561040314,0.0009749675720556,0.0,0.0018104597574597
link,2475,0.8713531536537927,0.0,1678.3658804209185,1813.3350000000003,2515.206,3245.7529999999997,0.0,0.0,0.0,0.0,9.974693696847708e-05,6.519967244281862e-07,0.0,1.022495293023062e-06
link,2476,0.8710752986940817,0.00027785495971099916,1678.320464752791,1813.3350000000003,2515.206,3245.7529999999997,-0.045415668127589015,0.0,0.0,0.0,0.0038264367851345,4.403278812278904e-05,0.0006476683937823,0.0001446423524722
link,2477,0.8713531536537927,0.0,1678.3658804209185,1813.3350000000003,2515.206,3245.7529999999997,0.0,0.0,0.0,0.0,0.0195635872532796,0.0005613899518573,0.0,0.0006963633242618
link,2478,0.8713531536537927,0.0,1678.3658804209185,1813.3350000000003,2515.206,3245.7529999999997,0.0,0.0,0.0,0.0,0.0,0.0,0.0,0.0
link,2479,0.8713531536537927,0.0,1679.722747767857,1813.3350000000003,2515.206,3245.7529999999997,1.356867346938543,0.0,0.0,0.0,0.0192733532024029,0.0007398433318538,0.0,0.0011172628583845
link,2480,0.8713531536537927,0.0,1678.3658804209185,1813.3350000000003,2515.206,3245.7529999999997,0.0,0.0,0.0,0.0,0.0075889391016885,0.002076915175591,0.0,0.0032882478531225
link,2481,0.8713531536537927,0.0,1678.3658804209185,1813.3350000000003,2515.206,3245.7529999999997,0.0,0.0,0.0,0.0,0.0244557924198386,0.0032152484143724,0.0,0.0021628886851427
link,2482,0.8713531536537927,0.0,1684.9523552295918,1813.3350000000003,2585.4180000000006,3245.7529999999997,6.586474808673302,0.0,70.21200000000044,0.0,0.0297017303754511,0.0032496132027881,0.0,0.0022488386937207
link,2483,0.8713531536537927,0.0,1678.3658804209185,1813.3350000000003,2515.206,3245.7529999999997,0.0,0.0,0.0,0.0,0.0020453156770788,4.230316876090001e-05,0.0,1.3696407944920302e-06
link,2484,0.8713531536537927,0.0,1679.7024209183674,1813.3350000000003,2515.206,3245.7529999999997,1.3365404974488229,0.0,0.0,0.0,0.0284602754646617,0.0012283546837572,0.0,0.0024173304544176
link,2485,0.8713531536537927,0.0,1678.3658804209185,1813.3350000000003,2515.206,3245.7529999999997,0.0,0.0,0.0,0.0,0.0251457347136827,0.0004149241974558,0.0,0.000825624669877
link,2486,0.8713531536537927,0.0,1678.3658804209185,1813.3350000000003,2515.206,3245.7529999999997,0.0,0.0,0.0,0.0,0.0024785278119368,0.0016583052282357,0.0006476683937823,0.007634077682037
link,2487,0.8713531536537927,0.0,1678.5577971938776,1813.3350000000003,2517.916,3245.7529999999997,0.1919167729590754,0.0,2.7100000000000364,0.0,0.0164761085762179,0.0003151103336372,0.0,0.0004818419975623
link,2488,0.8713531536537927,0.0,1678.3658804209185,1813.3350000000003,2515.206,3245.7529999999997,0.0,0.0,0.0,0.0,0.0036544821289376,8.382251057841373e-05,0.0,0.000133749421494
link,2489,0.8241178105029174,0.0472353431508753,1644.5189935940662,1760.588,2585.9265000000005,3515.656,-33.84688682685237,-52.7470000000003,70.72050000000036,269.90300000000025,0.0269929597597181,0.0378988366433923,0.001943005181347,0.0658130976496954
link,2490,0.8713531536537927,0.0,1678.3658804209185,1813.3350000000003,2515.206,3245.7529999999997,0.0,0.0,0.0,0.0,0.0156562656483678,0.0308932973257209,0.0006476683937823,0.0482226374844874
link,2491,0.8713531536537927,0.0,1678.3658804209185,1813.3350000000003,2515.206,3245.7529999999997,0.0,0.0,0.0,0.0,5.424509291896756e-05,1.3701112390356634e-05,0.0,0.0001670795264908
link,2492,0.8710752986940817,0.00027785495971099916,1678.61856523126,1813.3350000000003,2515.206,3245.7529999999997,0.2526848103414068,0.0,0.0,0.0,0.0231513280577527,0.0113397655626792,0.0006476683937823,0.053826552928249
link,2493,0.8713531536537927,0.0,1679.1996757015306,1813.3350000000003,2547.4035,3245.7529999999997,0.8337952806120938,0.0,32.19749999999976,0.0,0.0043198141676913,0.0008674458898971,0.0012953367875647,0.0037130918071191
link,2494,0.8713531536537927,0.0,1678.3658804209185,1813.3350000000003,2515.206,3245.7529999999997,0.0,0.0,0.0,0.0,0.0048143750209313,0.0001695888473916,0.0,0.0002371496457547
link,2495,0.8713531536537927,0.0,1678.3658804209185,1813.3350000000003,2515.206,3245.7529999999997,0.0,0.0,0.0,0.0,0.02113885895803,0.0017387181558089,0.0,0.0020249938918859
link,2496,0.8713531536537927,0.0,1683.8465041454083,1815.6865000000003,2515.206,3245.7529999999997,5.48062372448976,2.3514999999999873,0.0,0.0,0.0196316507374161,0.0003519923547416,0.0,0.0005544436729451
link,2497,0.8713531536537927,0.0,1678.3658804209185,1813.3350000000003,2515.206,3245.7529999999997,0.0,0.0,0.0,0.0,0.0004703450191815,5.1794720866740906e-05,0.0,9.76157136195472e-05
link,2498,0.8702417338149486,0.0011114198388441077,1680.1930379948917,1813.3350000000003,2515.206,3245.7529999999997,1.8271575739731816,0.0,0.0,0.0,0.0067803403272152,0.0048268040341678,0.001943005181347,0.0207080223408076
link,2499,0.8713531536537927,0.0,1678.3658804209185,1813.3350000000003,2515.206,3245.7529999999997,0.0,0.0,0.0,0.0,0.0001429552520591,1.6606134571945604e-05,0.0,1.4909019352171637e-05
link,2500,0.8713531536537927,0.0,1684.6850503826531,1843.8669999999997,2515.206,3245.7529999999997,6.319169961734588,30.53199999999947,0.0,0.0,0.008050475713059,0.0004916308095971,0.0006476683937823,0.0008987445999567
link,2501,0.8713531536537927,0.0,1678.3658804209185,1813.3350000000003,2515.206,3245.7529999999997,0.0,0.0,0.0,0.0,0.0,0.0,0.0,0.0
link,2502,0.8713531536537927,0.0,1678.3658804209185,1813.3350000000003,2515.206,3245.7529999999997,0.0,0.0,0.0,0.0,0.0047360448075202,0.000890520082899,0.0,0.0006211480255875
link,2503,0.8713531536537927,0.0,1678.598466517857,1813.3350000000003,2515.206,3245.7529999999997,0.2325860969385758,0.0,0.0,0.0,0.0206371595327535,0.0022496938706371,0.0,0.003654815964681
link,2504,0.8713531536537927,0.0,1678.3658804209185,1813.3350000000003,2515.206,3245.7529999999997,0.0,0.0,0.0,0.0,0.0007219411135633,3.5274666874184856e-06,0.0,9.52262232433395e-06
link,2505,0.8713531536537927,0.0,1678.3658804209185,1813.3350000000003,2515.206,3245.7529999999997,0.0,0.0,0.0,0.0,0.0002511992421979,1.4836842619117787e-05,0.0,1.4097387171264774e-05
link,2506,0.8713531536537927,0.0,1678.7543434311222,1813.3350000000003,2515.206,3245.7529999999997,0.3884630102036226,0.0,0.0,0.0,0.0015669761775371,4.497350698648568e-06,0.0,2.060293183407801e-05
link,2507,0.8713531536537927,0.0,1678.3658804209185,1813.3350000000003,2515.206,3245.7529999999997,0.0,0.0,0.0,0.0,0.0004232018247522,7.182117503155857e-05,0.0012953367875647,0.0001825972231043
link,2508,0.8713531536537927,0.0,1678.3744926658164,1813.3350000000003,2515.206,3245.7529999999997,0.00861224489790402,0.0,0.0,0.0,0.0178509376956787,0.0003224693236256,0.0,0.0006847848811142
link,2509,0.8713531536537927,0.0,1680.1297774234692,1815.8110000000001,2515.206,3245.7529999999997,1.7638970025507206,2.4759999999998854,0.0,0.0,0.0125353355784444,0.0015833676145883,0.0,0.0013032463924842
link,2510,0.8713531536537927,0.0,1678.3658804209185,1813.3350000000003,2515.206,3245.7529999999997,0.0,0.0,0.0,0.0,0.0065541092200176,0.0015701265230331,0.0,0.001678813124267
link,2511,0.8713531536537927,0.0,1678.3658804209185,1813.3350000000003,2515.206,3245.7529999999997,0.0,0.0,0.0,0.0,0.0049064296527312,0.0034469153280942,0.0006476683937823,0.015112223042247
link,2512,0.8713531536537927,0.0,1678.5153804209183,1813.3350000000003,2515.206,3245.7529999999997,0.1494999999997617,0.0,0.0,0.0,0.0212182064461234,0.0002181372329346,0.0012953367875647,0.0013370554150068
link,2513,0.8713531536537927,0.0,1678.3658804209185,1813.3350000000003,2515.206,3245.7529999999997,0.0,0.0,0.0,0.0,0.0026004849046365,0.0002215758397181,0.0,0.0002896909491272
link,2514,0.8713531536537927,0.0,1678.5064569515305,1813.3350000000003,2515.206,3245.7529999999997,0.14057653061195197,0.0,0.0,0.0,0.008647945851615,0.0004081549541828,0.0,0.0002607182180735
link,2515,0.8713531536537927,0.0,1678.3658804209185,1813.3350000000003,2515.206,3245.7529999999997,0.0,0.0,0.0,0.0,0.008495846427139,0.0004941619910633,0.0,0.0004018864606216
link,2516,0.8713531536537927,0.0,1678.3658804209185,1813.3350000000003,2515.206,3245.7529999999997,0.0,0.0,0.0,0.0,0.0052081014778137,7.291247116528739e-05,0.0,9.306399986257576e-05
link,2517,0.8713531536537927,0.0,1678.3658804209185,1813.3350000000003,2515.206,3245.7529999999997,0.0,0.0,0.0,0.0,0.0164152882816606,0.0019898597382883,0.0,0.0025719256053261
link,2518,0.8713531536537927,0.0,1678.3658804209185,1813.3350000000003,2515.206,3245.7529999999997,0.0,0.0,0.0,0.0,0.0373316838239503,0.004094108640025,0.0,0.0051172698995906
link,2519,0.8713531536537927,0.0,1678.3658804209185,1813.3350000000003,2515.206,3245.7529999999997,0.0,0.0,0.0,0.0,0.0163583270897657,0.000522820875562,0.0012953367875647,0.0011840445189822
link,2520,0.8713531536537927,0.0,1678.766067602041,1813.3350000000003,2515.206,3245.7529999999997,0.40018718112241913,0.0,0.0,0.0,0.0074881089747225,0.000190553309534,0.0,0.000275699042632
link,2521,0.8713531536537927,0.0,1678.3658804209185,1813.3350000000003,2515.206,3245.7529999999997,0.0,0.0,0.0,0.0,0.0024366795705175,0.0002366104393395,0.0012953367875647,0.0012879585268267
link,2522,0.8713531536537927,0.0,1731.9129260204083,1875.4920000000004,2889.6405000000004,3515.656,53.54704559948982,62.15700000000015,374.4345000000003,269.90300000000025,0.0352092978411482,0.0039019536796895,0.0006476683937823,0.011369570431305
link,2523,0.8713531536537927,0.0,1678.3658804209185,1813.3350000000003,2515.206,3245.7529999999997,0.0,0.0,0.0,0.0,0.0084923145718896,0.0014315787512618,0.0006476683937823,0.0100830057528475
link,2524,0.8713531536537927,0.0,1678.3658804209185,1813.3350000000003,2515.206,3245.7529999999997,0.0,0.0,0.0,0.0,0.0194108614961782,0.0004415725698805,0.0,0.0016197350183174
link,2525,0.8713531536537927,0.0,1679.8565816326532,1813.3350000000003,2515.206,3245.7529999999997,1.4907012117346312,0.0,0.0,0.0,0.0180854328822477,0.0020579850927947,0.0012953367875647,0.0046450578448691
link,2526,0.8713531536537927,0.0,1678.3658804209185,1813.3350000000003,2515.206,3245.7529999999997,0.0,0.0,0.0,0.0,0.0010099187014598,7.553997889099962e-06,0.0,1.1912644590664848e-05
link,2527,0.8713531536537927,0.0,1678.3658804209185,1813.3350000000003,2515.206,3245.7529999999997,0.0,0.0,0.0,0.0,0.0002047327891774,4.851439449796423e-06,0.0,3.139887524687492e-06
link,2528,0.8696860238955265,0.001667129758266217,1717.0019865814697,1927.033,2562.4988,3261.098349999997,38.63610616055121,113.69799999999964,47.292799999999716,15.345349999997325,0.0381523446776277,0.0014120268887994,0.0032383419689119,0.0031573623119185
link,2529,0.8713531536537927,0.0,1678.3658804209185,1813.3350000000003,2515.206,3245.7529999999997,0.0,0.0,0.0,0.0,0.0011856486849397,0.000728077403409,0.0012953367875647,0.003046344267345
link,2530,0.8713531536537927,0.0,1678.3658804209185,1813.3350000000003,2515.206,3245.7529999999997,0.0,0.0,0.0,0.0,0.0,0.0,0.0,0.0
link,2531,0.8713531536537927,0.0,1678.3658804209185,1813.3350000000003,2515.206,3245.7529999999997,0.0,0.0,0.0,0.0,0.0015790882443839,0.0013408362737794,0.0,0.0048637268730095
link,2532,0.8713531536537927,0.0,1678.3658804209185,1813.3350000000003,2515.206,3245.7529999999997,0.0,0.0,0.0,0.0,0.0013257484979518,0.0001283520983838,0.0,0.0002391981173158
link,2533,0.8713531536537927,0.0,1678.8140956632656,1813.3350000000003,2528.4645,3245.7529999999997,0.44821524234703247,0.0,13.258499999999913,0.0,0.0145657244602878,0.000775003440614,0.0,0.001385189224464
link,2534,0.8713531536537927,0.0,1678.584603635204,1813.3350000000003,2515.206,3245.7529999999997,0.21872321428554642,0.0,0.0,0.0,0.0557346298398716,0.0060615522830172,0.0012953367875647,0.0182962978417712
link,2535,0.8713531536537927,0.0,1678.3658804209185,1813.3350000000003,2515.206,3245.7529999999997,0.0,0.0,0.0,0.0,0.0324234558231534,0.0017356753475297,0.0012953367875647,0.0022882112235285
link,2536,0.8713531536537927,0.0,1678.3658804209185,1813.3350000000003,2515.206,3245.7529999999997,0.0,0.0,0.0,0.0,0.0068842220882392,0.0004370457315562,0.0006476683937823,0.0004569012638682
link,2537,0.8713531536537927,0.0,1682.6040934311225,1813.3350000000003,2535.9935,3245.7529999999997,4.2382130102039355,0.0,20.78749999999991,0.0,0.0294812910246711,0.00516050835038,0.0045336787564766,0.0135323965614949
link,2538,0.8655181994998611,0.0058349541539316485,1676.1086497592296,1813.3350000000003,2525.0431999999996,3245.7529999999997,-2.2572306616889364,0.0,9.837199999999484,0.0,0.013125826734536,0.005218079127242,0.0012953367875647,0.0378496011139241
link,2539,0.8713531536537927,0.0,1678.3658804209185,1813.3350000000003,2515.206,3245.7529999999997,0.0,0.0,0.0,0.0,0.0066555162851882,0.0001969797863444,0.0006476683937823,0.0003543692227831
link,2540,0.8713531536537927,0.0,1678.9021572066326,1813.3350000000003,2517.916,3245.7529999999997,0.536276785714108,0.0,2.7100000000000364,0.0,0.0092161906147119,0.0001538117021873,0.0,0.0005247926126406
link,2541,0.8713531536537927,0.0,1678.4330111607144,1813.3350000000003,2515.206,3245.7529999999997,0.06713073979585715,0.0,0.0,0.0,0.0147200042482489,0.0009914286576195,0.0006476683937823,0.0012863042794131
link,2542,0.8713531536537927,0.0,1678.3658804209185,1813.3350000000003,2515.206,3245.7529999999997,0.0,0.0,0.0,0.0,0.0056288379433176,0.0024789272878961,0.0025906735751294,0.0114115506461086
link,2543,0.8713531536537927,0.0,1688.8246887755101,1813.3350000000003,2515.206,3245.7529999999997,10.45880835459161,0.0,0.0,0.0,0.011459060640845,0.0004793955835464,0.0,0.0005759366476346
link,2544,0.8713531536537927,0.0,1678.3658804209185,1813.3350000000003,2515.206,3245.7529999999997,0.0,0.0,0.0,0.0,0.0118583367300205,0.0293506246467762,0.0012953367875647,0.0365246915288756
link,2545,0.8713531536537927,0.0,1678.3658804209185,1813.3350000000003,2515.206,3245.7529999999997,0.0,0.0,0.0,0.0,0.0013009308546336,1.6729831494384446e-05,0.0,2.661377014224008e-05
link,2546,0.8713531536537927,0.0,1678.3658804209185,1813.3350000000003,2515.206,3245.7529999999997,0.0,0.0,0.0,0.0,0.0042804781265869,7.414814644129894e-05,0.0,9.67830824462592e-05
link,2547,0.8710752986940817,0.00027785495971099916,1678.3519961722486,1813.3350000000003,2515.206,3245.7529999999997,-0.013884248669910448,0.0,0.0,0.0,0.0013009308546336,1.6729831494384446e-05,0.0006476683937823,2.661377014224008e-05
link,2548,0.8707974437343706,0.0005557099194221093,1678.7360922144226,1813.3350000000003,2515.206,3245.7529999999997,0.37021179350404054,0.0,0.0,0.0,0.0037180229004271,4.028402831529748e-05,0.001943005181347,4.594492878215831e-05
link,2549,0.8713531536537927,0.0,1678.3658804209185,1813.3350000000003,2515.206,3245.7529999999997,0.0,0.0,0.0,0.0,0.0,0.0,0.0,0.0
link,2550,0.8710752986940817,0.00027785495971099916,1678.514346092504,1813.3350000000003,2515.206,3245.7529999999997,0.14846567158542712,0.0,0.0,0.0,0.001126171134968,0.0006559271857326,0.0,0.0034687034320165
link,2551,0.8713531536537927,0.0,1678.3658804209185,1813.3350000000003,2515.206,3245.7529999999997,0.0,0.0,0.0,0.0,0.0001934817220607,0.0001477744472826,0.0,0.0005959402549983
link,2552,0.8713531536537927,0.0,1908.3929422831632,2088.894,3212.937999999999,3340.2627500000003,230.02706186224464,275.5589999999995,697.7319999999991,94.50975000000062,0.0048146406001429,0.0026756206568921,0.0025906735751294,0.0148295049083427
link,2553,0.8713531536537927,0.0,1678.3658804209185,1813.3350000000003,2515.206,3245.7529999999997,0.0,0.0,0.0,0.0,0.0,0.0,0.0006476683937823,0.0
link,2554,0.8713531536537927,0.0,1678.3658804209185,1813.3350000000003,2515.206,3245.7529999999997,0.0,0.0,0.0,0.0,0.0,0.0,0.0006476683937823,0.0
link,2555,0.8677410391775493,0.003612114476243433,1678.6116721101505,1818.287,2519.542000000001,3245.7529999999997,0.24579168923196448,4.951999999999771,4.336000000000695,0.0,0.0,0.0,0.001943005181347,0.0
link,2556,0.8713531536537927,0.0,1678.5138427933675,1813.3350000000003,2515.206,3245.7529999999997,0.14796237244900112,0.0,0.0,0.0,0.0240788801933983,0.0025770705484188,0.0025906735751294,0.0096823012626736
link,2557,0.8713531536537927,0.0,1678.3658804209185,1813.3350000000003,2515.206,3245.7529999999997,0.0,0.0,0.0,0.0,0.003019512877535,0.0013532244938539,0.0,0.0093003579616889
link,2558,0.8713531536537927,0.0,1678.3658804209185,1813.3350000000003,2515.206,3245.7529999999997,0.0,0.0,0.0,0.0,0.019478689167449,0.0022389167193571,0.0012953367875647,0.0092144968858613
link,2559,0.8707974437343706,0.0005557099194221093,1679.053984365029,1813.3350000000003,2515.206,3245.7529999999997,0.6881039441104804,0.0,0.0,0.0,0.0,0.0,0.0006476683937823,0.0
link,2560,0.8710752986940817,0.00027785495971099916,1688.2883802232855,1818.8680000000002,2553.797000000001,3305.1370000000006,9.922499802366929,5.532999999999902,38.591000000000804,59.384000000000924,0.0078748052331325,0.0002300702406201,0.0006476683937823,0.0003886791165326
link,2561,0.8710752986940817,0.00027785495971099916,1678.64233907496,1813.3350000000003,2515.206,3245.7529999999997,0.2764586540415621,0.0,0.0,0.0,0.0222414294627739,0.0002484966537309,0.0006476683937823,0.0003199705786939
link,2562,0.8713531536537927,0.0,1678.4018478954083,1813.3350000000003,2515.206,3245.7529999999997,0.035967474489780216,0.0,0.0,0.0,0.0270935508032136,0.0045592519410502,0.0,0.0017290399679261
link,2563,0.8713531536537927,0.0,1678.3658804209185,1813.3350000000003,2515.206,3245.7529999999997,0.0,0.0,0.0,0.0,0.0256490004834639,0.0023431725723737,0.001943005181347,0.0067785863198611
link,2564,0.8710752986940817,0.00027785495971099916,1678.5799030303028,1813.3350000000003,2515.206,3245.7529999999997,0.21402260938430118,0.0,0.0,0.0,0.0,0.0,0.0006476683937823,0.0
link,2565,0.8713531536537927,0.0,1678.3658804209185,1813.3350000000003,2515.206,3245.7529999999997,0.0,0.0,0.0,0.0,0.0,0.0,0.0,0.0
link,2566,0.8663517643789942,0.00500138927479854,1677.5867129570236,1818.8680000000002,2522.834600000001,3245.7529999999997,-0.7791674638949644,5.532999999999902,7.628600000000915,0.0,0.0048124225635824,0.0015755073157631,0.0,0.0148226731659983
link,2567,0.8596832453459294,0.011669908307863297,1676.141725274725,1802.5730000000003,2538.814500000004,3248.7759499999993,-2.224155146193425,-10.761999999999944,23.608500000003914,3.0229499999995824,0.0119524054283068,0.0040644793738658,0.0032383419689119,0.0368144311665373
link,2568,0.8710752986940817,0.00027785495971099916,1678.0972169059012,1813.3350000000003,2515.206,3245.7529999999997,-0.26866351501735153,0.0,0.0,0.0,0.0102010261839471,8.198358041584355e-06,0.0006476683937823,2.069758576843051e-05
link,2569,0.8713531536537927,0.0,1678.3658804209185,1813.3350000000003,2515.206,3245.7529999999997,0.0,0.0,0.0,0.0,0.0081137520231243,0.0006051544302262,0.0006476683937823,0.0007083283168411
link,2570,0.8702417338149486,0.0011114198388441077,1678.8780118135378,1813.3350000000003,2515.206,3245.7529999999997,0.512131392619267,0.0,0.0,0.0,0.0718943003311682,0.0046891043735094,0.0038860103626943,0.0105899326162775
link,2571,0.8699638788552375,0.0013892747985552178,1676.9173781539444,1813.3350000000003,2503.847,3245.7529999999997,-1.4485022669741738,0.0,-11.358999999999924,0.0,0.0027427878509819,0.0026831327324589,0.0,0.0084480212079529
link,2572,0.8705195887746596,0.0008335648791331085,1680.302377274178,1813.3350000000003,2515.206,3245.7529999999997,1.9364968532595412,0.0,0.0,0.0,0.058418851079116,0.0075553308456798,0.001943005181347,0.0182267424031196
link,2573,0.8663517643789942,0.00500138927479854,1677.5867129570236,1818.8680000000002,2522.834600000001,3245.7529999999997,-0.7791674638949644,5.532999999999902,7.628600000000915,0.0,0.0018204890547847,0.0007700934463622,0.0,0.0056072620192487
link,2574,0.8713531536537927,0.0,1678.3658804209185,1813.3350000000003,2515.206,3245.7529999999997,0.0,0.0,0.0,0.0,0.0462755265116197,0.0099340399064695,0.001943005181347,0.0145207096543873
link,2575,0.8713531536537927,0.0,1678.3658804209185,1813.3350000000003,2515.206,3245.7529999999997,0.0,0.0,0.0,0.0,0.0002303839199689,2.95467614697641e-06,0.0,3.94165621881316e-06
link,2576,0.8713531536537927,0.0,1678.4313718112244,1813.3350000000003,2515.206,3245.7529999999997,0.06549139030585138,0.0,0.0,0.0,0.0045921997044721,0.0001123842000221,0.0,0.0001774224758147
link,2577,0.8705195887746596,0.0008335648791331085,1677.3995126077243,1813.3350000000003,2508.442200000001,3245.7529999999997,-0.9663678131942106,0.0,-6.763799999999264,0.0,5.278367211386565e-05,4.298427243711793e-05,0.0006476683937823,0.0001625782253963
link,2578,0.8713531536537927,0.0,1678.3658804209185,1813.3350000000003,2515.206,3245.7529999999997,0.0,0.0,0.0,0.0,0.0001379513171264,0.0001004769916981,0.0006476683937823,0.0004249018575507
link,2579,0.8713531536537927,0.0,1678.3658804209185,1813.3350000000003,2515.206,3245.7529999999997,0.0,0.0,0.0,0.0,0.0,0.0,0.0006476683937823,0.0
link,2580,0.8713531536537927,0.0,1678.3658804209185,1813.3350000000003,2515.206,3245.7529999999997,0.0,0.0,0.0,0.0,0.0054284325326194,0.0001859229255395,0.0006476683937823,0.0005219762894628
link,2581,0.8713531536537927,0.0,1678.7932640306121,1813.3350000000003,2517.916,3245.7529999999997,0.42738360969360656,0.0,2.7100000000000364,0.0,0.0,0.0,0.0,0.0
link,2582,0.8705195887746596,0.0008335648791331085,1677.3483957867859,1813.3350000000003,2508.442200000001,3245.7529999999997,-1.017484634132643,0.0,-6.763799999999264,0.0,0.0067347834447582,0.0012997725794797,0.0012953367875647,0.0089467535484586
link,2583,0.8713531536537927,0.0,1678.3658804209185,1813.3350000000003,2515.206,3245.7529999999997,0.0,0.0,0.0,0.0,0.0025326996551859,5.239249813740377e-05,0.0,0.000260355789466
link,2584,0.8713531536537927,0.0,1679.1326492346939,1813.3350000000003,2517.916,3245.7529999999997,0.766768813775343,0.0,2.7100000000000364,0.0,0.0238212319586284,0.0006543680218653,0.0,0.0010853589587947
link,2585,0.8713531536537927,0.0,1678.3658804209185,1813.3350000000003,2515.206,3245.7529999999997,0.0,0.0,0.0,0.0,0.0024069774064877,0.0003181440660541,0.0006476683937823,0.0007369511263809
link,2586,0.8713531536537927,0.0,1678.3658804209185,1813.3350000000003,2515.206,3245.7529999999997,0.0,0.0,0.0,0.0,0.0,0.0,0.0,0.0
link,2587,0.8713531536537927,0.0,1678.529518494898,1813.3350000000003,2515.206,3245.7529999999997,0.16363807397942765,0.0,0.0,0.0,0.0007079518291596,6.399437637834303e-06,0.0,8.144071913381818e-06
link,2588,0.8713531536537927,0.0,1678.3658804209185,1813.3350000000003,2515.206,3245.7529999999997,0.0,0.0,0.0,0.0,0.019990988667422,0.0011522295822321,0.0012953367875647,0.0030974945640732
link,2589,0.8713531536537927,0.0,1697.052833864796,1817.0639999999999,2515.206,3245.7529999999997,18.686953443877428,3.728999999999587,0.0,0.0,0.0270235157113705,0.0002813835869879,0.0006476683937823,0.0006932842724504
link,2590,0.8713531536537927,0.0,1678.3658804209185,1813.3350000000003,2515.206,3245.7529999999997,0.0,0.0,0.0,0.0,0.0214093841879267,3.70327806616481e-05,0.0,6.45799135094753e-05
link,2591,0.8713531536537927,0.0,1678.3658804209185,1813.3350000000003,2515.206,3245.7529999999997,0.0,0.0,0.0,0.0,4.6087521378838094e-05,6.285621198189497e-06,0.0,3.61635509957017e-06
link,2592,0.8710752986940817,0.00027785495971099916,1678.557893141946,1813.3350000000003,2515.206,3245.7529999999997,0.19201272102736766,0.0,0.0,0.0,0.0199692040245436,0.0013449728654639,0.001943005181347,0.0036123527998333
link,2593,0.8713531536537927,0.0,1678.3658804209185,1813.3350000000003,2515.206,3245.7529999999997,0.0,0.0,0.0,0.0,0.0006154494725019,2.9081760627780224e-06,0.0,2.566436662007427e-06
link,2594,0.8713531536537927,0.0,1678.3658804209185,1813.3350000000003,2515.206,3245.7529999999997,0.0,0.0,0.0,0.0,0.0,0.0,0.0,0.0
link,2595,0.8705195887746596,0.0008335648791331085,1679.5351599106286,1813.3350000000003,2515.206,3245.7529999999997,1.1692794897101066,0.0,0.0,0.0,0.0009289614829498,0.0006393937801762,0.001943005181347,0.0028612808338503
link,2596,0.8713531536537927,0.0,1678.3658804209185,1813.3350000000003,2515.206,3245.7529999999997,0.0,0.0,0.0,0.0,0.0006154494725019,0.0004710049086759,0.0006476683937823,0.0018956370228409
link,2597,0.8707974437343706,0.0005557099194221093,1679.1338190810468,1813.3350000000003,2515.206,3245.7529999999997,0.7679386601282658,0.0,0.0,0.0,0.0009289614829498,0.0006393937801762,0.0012953367875647,0.0028612808338503
link,2598,0.8705195887746596,0.0008335648791331085,1679.1371465049472,1813.3350000000003,2515.206,3245.7529999999997,0.7712660840286389,0.0,0.0,0.0,0.0001435755123896,0.0001110910548482,0.0006476683937823,0.0004422248600728
link,2599,0.8713531536537927,0.0,1678.3658804209185,1813.3350000000003,2515.206,3245.7529999999997,0.0,0.0,0.0,0.0,0.0098102586980165,2.3339017944227008e-05,0.0,4.984555695469435e-05
link,2600,0.8713531536537927,0.0,1678.3658804209185,1813.3350000000003,2515.206,3245.7529999999997,0.0,0.0,0.0,0.0,0.016732214226456,0.0001847588132036,0.0,0.0003492962584309
link,2601,0.8699638788552375,0.0013892747985552178,1683.1935020760143,1813.3350000000003,2515.206,3245.7529999999997,4.827621655095754,0.0,0.0,0.0,0.0277285222333239,0.0031682463377826,0.0025906735751294,0.0096843233721265
link,2602,0.8705195887746596,0.0008335648791331085,1681.6524851579957,1813.3350000000003,2585.4180000000006,3245.7529999999997,3.286604737077141,0.0,70.21200000000044,0.0,0.009102904044049,0.0029646402088604,0.0006476683937823,0.01709848501992
link,2603,0.8713531536537927,0.0,1678.3658804209185,1813.3350000000003,2515.206,3245.7529999999997,0.0,0.0,0.0,0.0,0.0052561487598132,0.0003729816586326,0.0,0.0007095292595555
link,2604,0.8713531536537927,0.0,1678.5929802295918,1813.3350000000003,2515.206,3245.7529999999997,0.2270998086733016,0.0,0.0,0.0,0.0216711941462999,0.0011643867432351,0.0,0.0018056791870332
link,2605,0.8713531536537927,0.0,1678.3658804209185,1813.3350000000003,2515.206,3245.7529999999997,0.0,0.0,0.0,0.0,0.0227443616853587,0.0010738298172331,0.0006476683937823,0.0057523153736753
link,2606,0.8713531536537927,0.0,1678.3889661989797,1813.3350000000003,2515.206,3245.7529999999997,0.023085778061158635,0.0,0.0,0.0,0.0195966846600098,0.0009537568081628,0.0,0.0015028294270899
link,2607,0.8713531536537927,0.0,1678.3658804209185,1813.3350000000003,2515.206,3245.7529999999997,0.0,0.0,0.0,0.0,0.0173763190437348,0.0025584956258219,0.0,0.0017545325952304
link,2608,0.8713531536537927,0.0,1690.1923533163267,1820.1574999999998,2608.2690000000002,3245.7529999999997,11.826472895408187,6.822499999999536,93.0630000000001,0.0,0.0233078696209069,0.0014096070760511,0.0,0.00359536409793
link,2609,0.8713531536537927,0.0,1678.3658804209185,1813.3350000000003,2515.206,3245.7529999999997,0.0,0.0,0.0,0.0,0.00013810867468,1.6518358018103228e-05,0.0,3.570201307015916e-05
link,2610,0.8616282300639067,0.00972492358988608,1681.7846775233795,1823.145,2528.941,3245.7529999999997,3.418797102460985,9.809999999999718,13.734999999999673,0.0,0.0114505788953575,0.0055796957160688,0.0129533678756476,0.030792563760325
link,2611,0.8713531536537927,0.0,1678.3658804209185,1813.3350000000003,2515.206,3245.7529999999997,0.0,0.0,0.0,0.0,0.0,0.0,0.0,0.0
link,2612,0.8688524590163934,0.0025006946373993255,1678.7443610489288,1813.3350000000003,2517.3740000000003,3245.7529999999997,0.3784806280102657,0.0,2.16800000000012,0.0,0.0028557834859818,0.0015573663874292,0.0045336787564766,0.0087960574297644
link,2613,0.8713531536537927,0.0,1678.3658804209185,1813.3350000000003,2515.206,3245.7529999999997,0.0,0.0,0.0,0.0,4.094648884909472e-05,1.101178114299405e-06,0.0,1.1120567786437783e-06
link,2614,0.8713531536537927,0.0,1678.3658804209185,1813.3350000000003,2515.206,3245.7529999999997,0.0,0.0,0.0,0.0,0.0051184111350636,0.0001277310138836,0.0,0.0002086995206448
link,2615,0.8713531536537927,0.0,1678.8631938775509,1813.3350000000003,2515.206,3245.7529999999997,0.49731345663235516,0.0,0.0,0.0,0.0005842763944863,6.730037127390564e-06,0.0,1.792524455005113e-05
link,2616,0.8713531536537927,0.0,1678.5522394770408,1813.3350000000003,2515.206,3245.7529999999997,0.18635905612222814,0.0,0.0,0.0,0.0020749196199971,0.0001254206472463,0.0012953367875647,0.0004133452453437
link,2617,0.8713531536537927,0.0,1678.3658804209185,1813.3350000000003,2515.206,3245.7529999999997,0.0,0.0,0.0,0.0,0.005318189872543,0.0001061003953664,0.0006476683937823,0.0004880763327511
link,2618,0.8713531536537927,0.0,1678.3658804209185,1813.3350000000003,2515.206,3245.7529999999997,0.0,0.0,0.0,0.0,0.0017076078829844,4.093526196187274e-06,0.0006476683937823,1.7707525051678267e-05
link,2619,0.8713531536537927,0.0,1678.3658804209185,1813.3350000000003,2515.206,3245.7529999999997,0.0,0.0,0.0,0.0,0.00023563326685,1.9383356771744694e-07,0.0,1.803080060500128e-06
link,2620,0.8705195887746596,0.0008335648791331085,1677.1723112033194,1813.3350000000003,2508.442200000001,3245.7529999999997,-1.1935692175991335,0.0,-6.763799999999264,0.0,0.0024078978272094,0.0011418892078188,0.0,0.0074165312871597
link,2621,0.8713531536537927,0.0,1678.3658804209185,1813.3350000000003,2515.206,3245.7529999999997,0.0,0.0,0.0,0.0,0.0018419663163305,0.000166284299864,0.0,0.0003151542269021
link,2622,0.8707974437343706,0.0005557099194221093,1680.784376196554,1813.3350000000003,2586.4350000000004,3245.7529999999997,2.4184957756353924,0.0,71.22900000000027,0.0,0.0093935031925736,0.0009800337490231,0.0012953367875647,0.0017389084531604
link,2623,0.8713531536537927,0.0,1678.3658804209185,1813.3350000000003,2515.206,3245.7529999999997,0.0,0.0,0.0,0.0,0.0373316838239503,0.004094108640025,0.0,0.0051172698995906
link,2624,0.8713531536537927,0.0,1685.274799744898,1818.929,2585.9265000000005,3245.7529999999997,6.9089193239794895,5.593999999999824,70.72050000000036,0.0,0.046309993458472,0.007390945428901,0.0,0.0172715031520346
link,2625,0.8713531536537927,0.0,1684.445612244898,1813.3350000000003,2585.4180000000006,3245.7529999999997,6.0797318239795,0.0,70.21200000000044,0.0,0.046309993458472,0.007390945428901,0.0,0.0172715031520346
link,2626,0.8713531536537927,0.0,1678.3658804209185,1813.3350000000003,2515.206,3245.7529999999997,0.0,0.0,0.0,0.0,0.0357410195908494,0.0052885979060999,0.0,0.0046799631864233
link,2627,0.8713531536537927,0.0,1678.3658804209185,1813.3350000000003,2515.206,3245.7529999999997,0.0,0.0,0.0,0.0,0.0,0.0,0.0,0.0
link,2628,0.8713531536537927,0.0,1678.6249390943879,1813.3350000000003,2515.206,3245.7529999999997,0.2590586734693261,0.0,0.0,0.0,0.0,0.0,0.0,0.0
link,2629,0.8710752986940817,0.00027785495971099916,1678.3133157894733,1813.3350000000003,2515.206,3245.7529999999997,-0.0525646314451933,0.0,0.0,0.0,0.0024069774064877,0.0003446961520693,0.001943005181347,0.0008279666790088
link,2630,0.8713531536537927,0.0,1678.529518494898,1813.3350000000003,2515.206,3245.7529999999997,0.16363807397942765,0.0,0.0,0.0,0.0007079518291596,6.399437637834303e-06,0.0006476683937823,8.144071913381818e-06
link,2631,0.8713531536537927,0.0,1678.3658804209185,1813.3350000000003,2515.206,3245.7529999999997,0.0,0.0,0.0,0.0,0.0,0.0,0.0,0.0
link,2632,0.8707974437343706,0.0005557099194221093,1677.9997061263562,1813.3350000000003,2515.206,3245.7529999999997,-0.36617429456237005,0.0,0.0,0.0,0.0031294932836515,0.0016770305607694,0.0006476683937823,0.0092763063337334
link,2633,0.8702417338149486,0.0011114198388441077,1677.6484620051085,1813.3350000000003,2515.206,3245.7529999999997,-0.7174184158100161,0.0,0.0,0.0,0.0031294932836515,0.0016770305607694,0.0012953367875647,0.0092763063337334
link,2634,0.8713531536537927,0.0,1678.6249390943879,1813.3350000000003,2515.206,3245.7529999999997,0.2590586734693261,0.0,0.0,0.0,0.0,0.0,0.0006476683937823,0.0
link,2635,0.8713531536537927,0.0,1678.3658804209185,1813.3350000000003,2515.206,3245.7529999999997,0.0,0.0,0.0,0.0,0.0,0.0,0.0,0.0
link,2636,0.8713531536537927,0.0,1678.3658804209185,1813.3350000000003,2515.206,3245.7529999999997,0.0,0.0,0.0,0.0,0.0037443699239138,0.0003058670676516,0.0,0.0005343330683567
link,2637,0.8713531536537927,0.0,1678.8715927933672,1813.3350000000003,2515.206,3245.7529999999997,0.5057123724486701,0.0,0.0,0.0,0.0057130098874816,0.0001641995018584,0.0,0.0003572053562886
link,2638,0.8713531536537927,0.0,1697.8975366709185,1813.3350000000003,2653.163999999999,3309.5359999999996,19.53165624999997,0.0,137.95799999999872,63.7829999999999,0.015886889188482,0.0005248886009646,0.0,0.0009295387492207
link,2639,0.8713531536537927,0.0,1678.3658804209185,1813.3350000000003,2515.206,3245.7529999999997,0.0,0.0,0.0,0.0,0.0005102938815188,0.0001259706496268,0.0012953367875647,0.0002455551357198
link,2640,0.8710752986940817,0.00027785495971099916,1679.759903987241,1813.3350000000003,2515.206,3245.7529999999997,1.394023566322403,0.0,0.0,0.0,0.0239895336995827,0.0008914197693439,0.0012953367875647,0.0040484144939519
link,2641,0.8699638788552375,0.0013892747985552178,1677.6593736825296,1813.3350000000003,2515.206,3245.7529999999997,-0.7065067383889527,0.0,0.0,0.0,0.0108224328869926,3.7220837183069816e-05,0.0032383419689119,0.0001737019348564
link,2642,0.8713531536537927,0.0,1678.3658804209185,1813.3350000000003,2515.206,3245.7529999999997,0.0,0.0,0.0,0.0,0.035392699074753,0.0056695492282808,0.0,0.0077445479373482
link,2643,0.8713531536537927,0.0,1678.3666913265306,1813.3350000000003,2515.206,3245.7529999999997,0.0008109056120702007,0.0,0.0,0.0,0.0065517250196391,0.0091398782580254,0.0,0.0020888456573381
link,2644,0.8710752986940817,0.00027785495971099916,1678.6564,1813.3350000000003,2515.206,3245.7529999999997,0.2905195790815469,0.0,0.0,0.0,0.0033418620856056,9.751077801614918e-06,0.001943005181347,8.136172760491246e-06
link,2645,0.8713531536537927,0.0,1678.3658804209185,1813.3350000000003,2515.206,3245.7529999999997,0.0,0.0,0.0,0.0,0.0,0.0,0.0006476683937823,0.0
link,2646,0.8710752986940817,0.00027785495971099916,1678.6564,1813.3350000000003,2515.206,3245.7529999999997,0.2905195790815469,0.0,0.0,0.0,0.0033418620856056,9.751077801614918e-06,0.001943005181347,8.136172760491246e-06
link,2647,0.8713531536537927,0.0,1678.3658804209185,1813.3350000000003,2515.206,3245.7529999999997,0.0,0.0,0.0,0.0,0.0046050474294909,0.0002486699067671,0.0,0.0004220954540645
link,2648,0.8713531536537927,0.0,1683.094328125,1813.3350000000003,2564.3940000000002,3245.7529999999997,4.728447704081418,0.0,49.1880000000001,0.0,0.0096294103861394,0.0010746869213989,0.0,0.0011567346527476
link,2649,0.8713531536537927,0.0,1678.3658804209185,1813.3350000000003,2515.206,3245.7529999999997,0.0,0.0,0.0,0.0,0.0165434289149815,0.0009925170179633,0.0,0.0011405269666511
link,2650,0.8713531536537927,0.0,1678.6571374362245,1813.3350000000003,2515.206,3245.7529999999997,0.29125701530597325,0.0,0.0,0.0,0.0147612112944537,0.0009196226873093,0.0,0.0008526931289349
link,2651,0.8713531536537927,0.0,1678.4583370535715,1813.3350000000003,2515.206,3245.7529999999997,0.09245663265301118,0.0,0.0,0.0,0.0215197855795582,0.0015666697764796,0.0,0.0019238936290297
link,2652,0.8713531536537927,0.0,1678.3658804209185,1813.3350000000003,2515.206,3245.7529999999997,0.0,0.0,0.0,0.0,0.0155682390425945,0.0006037689131153,0.0,0.0010754713076327
link,2653,0.8713531536537927,0.0,1678.3658804209185,1813.3350000000003,2515.206,3245.7529999999997,0.0,0.0,0.0,0.0,0.003120401072717,0.000166028211088,0.0,0.0002164339222512
link,2654,0.8713531536537927,0.0,1678.3658804209185,1813.3350000000003,2515.206,3245.7529999999997,0.0,0.0,0.0,0.0,0.0037638210155222,0.000271017520468,0.0,0.0002404673416171
link,2655,0.8713531536537927,0.0,1678.3658804209185,1813.3350000000003,2515.206,3245.7529999999997,0.0,0.0,0.0,0.0,0.0207218698663639,0.0001959742781905,0.0,0.0002992609032606
link,2656,0.8713531536537927,0.0,1678.3658804209185,1813.3350000000003,2515.206,3245.7529999999997,0.0,0.0,0.0,0.0,0.0046050474294909,0.0002486699067671,0.0,0.0004220954540645
link,2657,0.8707974437343706,0.0005557099194221093,1678.2425319081049,1813.3350000000003,2515.206,3245.7529999999997,-0.12334851281366355,0.0,0.0,0.0,0.0030422863092313,0.000466025348007,0.001943005181347,0.0018259801715136
link,2658,0.8652403445401501,0.006112809113642648,1676.1242029543996,1813.3350000000003,2515.206,3399.705099999984,-2.2416774665189223,0.0,0.0,153.9520999999845,0.0093205344664844,0.0029649020936217,0.0,0.0287080434653846
link,2659,0.8713531536537927,0.0,1678.3658804209185,1813.3350000000003,2515.206,3245.7529999999997,0.0,0.0,0.0,0.0,0.0115205656737402,0.0004634936182685,0.0,0.0009732231237499
link,2660,0.8713531536537927,0.0,1678.3658804209185,1813.3350000000003,2515.206,3245.7529999999997,0.0,0.0,0.0,0.0,0.0036169878007136,0.0001672939211326,0.0,0.000141316415579
link,2661,0.8713531536537927,0.0,1678.3658804209185,1813.3350000000003,2515.206,3245.7529999999997,0.0,0.0,0.0,0.0,0.0012431581012586,0.0330855439007244,0.0,0.0001946498270707
link,2662,0.8713531536537927,0.0,1678.4255200892858,1813.3350000000003,2515.206,3245.7529999999997,0.05963966836725376,0.0,0.0,0.0,0.0013729726323797,0.0353708952279035,0.0,0.0001953006451896
link,2663,0.8713531536537927,0.0,1678.3658804209185,1813.3350000000003,2515.206,3245.7529999999997,0.0,0.0,0.0,0.0,0.0002381647743148,0.0014557907987242,0.0,3.482828785242211e-05
link,2664,0.8713531536537927,0.0,1678.3658804209185,1813.3350000000003,2515.206,3245.7529999999997,0.0,0.0,0.0,0.0,0.0012150095637834,0.032118028776404,0.0,0.0001849424061501
link,2665,0.8710752986940817,0.00027785495971099916,1678.4877384370016,1813.3350000000003,2515.206,3245.7529999999997,0.12185801608302427,0.0,0.0,0.0,0.0001892592845781,9.754794622545706e-05,0.0006476683937823,0.0005829347863509
link,2666,0.8713531536537927,0.0,1678.3820672831635,1813.3350000000003,2515.206,3245.7529999999997,0.01618686224492194,0.0,0.0,0.0,0.0741737776581848,0.0012722294268016,0.0,0.0014700952673822
link,2667,0.8713531536537927,0.0,1678.3658804209185,1813.3350000000003,2515.206,3245.7529999999997,0.0,0.0,0.0,0.0,0.0234527762786661,0.0008696100447898,0.0,0.0003544658616352
link,2668,0.8713531536537927,0.0,1678.3658804209185,1813.3350000000003,2515.206,3245.7529999999997,0.0,0.0,0.0,0.0,0.013066860375163,0.0001567164447241,0.0,0.0001650160431274
link,2669,0.8713531536537927,0.0,1678.367457270408,1813.3350000000003,2515.206,3245.7529999999997,0.00157684948953829,0.0,0.0,0.0,0.0234527762786661,0.0008696100447898,0.0,0.0003544658616352
link,2670,0.8713531536537927,0.0,1678.3658804209185,1813.3350000000003,2515.206,3245.7529999999997,0.0,0.0,0.0,0.0,0.0,0.0,0.0,0.0
link,2671,0.8713531536537927,0.0,1678.3658804209185,1813.3350000000003,2515.206,3245.7529999999997,0.0,0.0,0.0,0.0,0.0003396208243181,2.1686828646866707e-06,0.0,4.992082291600733e-06
link,2672,0.8691303139761045,0.0022228396776882153,1679.4981598465472,1813.3350000000003,2516.832000000001,3245.7529999999997,1.132279425628667,0.0,1.6260000000006585,0.0,0.0390309963865577,0.0008650920245206,0.001943005181347,0.0052411823955726
link,2673,0.8713531536537927,0.0,1678.3658804209185,1813.3350000000003,2515.206,3245.7529999999997,0.0,0.0,0.0,0.0,0.0,0.0,0.0,0.0
link,2674,0.8713531536537927,0.0,1678.3658804209185,1813.3350000000003,2515.206,3245.7529999999997,0.0,0.0,0.0,0.0,0.0352088548415548,6.1713542208727305e-06,0.0,6.924471884556484e-06
link,2675,0.8713531536537927,0.0,1678.3658804209185,1813.3350000000003,2515.206,3245.7529999999997,0.0,0.0,0.0,0.0,0.0065179208316301,0.003779821471795,0.0,0.0004395990906881
link,2676,0.8713531536537927,0.0,1678.3672554209186,1813.3350000000003,2515.206,3245.7529999999997,0.0013750000000527507,0.0,0.0,0.0,0.0167972594855352,5.269167304857094e-06,0.0,4.970738590592818e-06
link,2677,0.8713531536537927,0.0,1678.3658804209185,1813.3350000000003,2515.206,3245.7529999999997,0.0,0.0,0.0,0.0,0.0265424729244726,0.0033732555047822,0.0012953367875647,0.0113417474240925
link,2678,0.8713531536537927,0.0,1737.94009375,1870.4825,2890.768000000001,3700.8259999999996,59.57421332908143,57.14749999999981,375.5620000000008,455.07299999999987,0.0352986584644127,0.0042129343216159,0.0,0.0114896073704875
link,2679,0.8713531536537927,0.0,1678.3658804209185,1813.3350000000003,2515.206,3245.7529999999997,0.0,0.0,0.0,0.0,0.0112838109839821,0.0004806915815802,0.0,0.0012267181694059
link,2680,0.8713531536537927,0.0,1684.7164215561227,1819.571,2562.8660000000004,3245.7529999999997,6.350541135204139,6.235999999999649,47.66000000000031,0.0,0.0032060931004772,0.0005023086153881,0.0,0.0007109576227842
link,2681,0.8713531536537927,0.0,1678.3658804209185,1813.3350000000003,2515.206,3245.7529999999997,0.0,0.0,0.0,0.0,0.0117733585882247,0.0009343558110631,0.0,0.0021993598792058
link,2682,0.8713531536537927,0.0,1678.3658804209185,1813.3350000000003,2515.206,3245.7529999999997,0.0,0.0,0.0,0.0,0.0117733585882247,0.0009343558110631,0.0,0.0021993598792058
link,2683,0.8713531536537927,0.0,1684.7164215561227,1819.571,2562.8660000000004,3245.7529999999997,6.350541135204139,6.235999999999649,47.66000000000031,0.0,0.0032060931004772,0.0005023086153881,0.0,0.0007109576227842
link,2684,0.8713531536537927,0.0,1678.6171342474493,1813.3350000000003,2515.206,3257.4392500000004,0.2512538265307285,0.0,0.0,11.686250000000655,0.0039138477794652,1.5427924736157524e-05,0.0025906735751294,7.458886300253778e-05
link,2685,0.8713531536537927,0.0,1678.3658804209185,1813.3350000000003,2515.206,3245.7529999999997,0.0,0.0,0.0,0.0,0.0032140411878981,0.0001020306489291,0.0,6.625980916208695e-05
link,2686,0.8713531536537927,0.0,1678.4616109693877,1813.3350000000003,2515.206,3245.7529999999997,0.09573054846919149,0.0,0.0,0.0,0.0,0.0,0.0,0.0
link,2687,0.8713531536537927,0.0,1678.3658804209185,1813.3350000000003,2515.206,3245.7529999999997,0.0,0.0,0.0,0.0,0.0013009308546336,1.6729831494384446e-05,0.0,2.661377014224008e-05
link,2688,0.8713531536537927,0.0,1678.3658804209185,1813.3350000000003,2515.206,3245.7529999999997,0.0,0.0,0.0,0.0,0.0023597002690582,0.0001549307841359,0.001943005181347,0.0003704538657786
link,2689,0.8713531536537927,0.0,1704.259615752551,1821.6765000000003,2542.9175,3245.7529999999997,25.89373533163257,8.341499999999996,27.711499999999887,0.0,0.0144618197935293,0.0004720496899105,0.0006476683937823,0.0011651576058151
link,2690,0.8713531536537927,0.0,1678.3658804209185,1813.3350000000003,2515.206,3245.7529999999997,0.0,0.0,0.0,0.0,0.0,0.0,0.0,0.0
link,2691,0.8713531536537927,0.0,1678.464032844388,1813.3350000000003,2515.206,3245.7529999999997,0.09815242346940067,0.0,0.0,0.0,0.0055818785972972,2.4473366584107403e-06,0.0,1.067017611757532e-05
link,2692,0.8713531536537927,0.0,1678.3658804209185,1813.3350000000003,2515.206,3245.7529999999997,0.0,0.0,0.0,0.0,0.0347614657104287,0.0021184065566985,0.0012953367875647,0.005447107968421
link,2693,0.8707974437343706,0.0005557099194221093,1678.5038190810467,1813.3350000000003,2515.206,3245.7529999999997,0.1379386601281567,0.0,0.0,0.0,0.005189820863581,0.0002752001307148,0.0012953367875647,0.0004240505015464
link,2694,0.8713531536537927,0.0,1678.3658804209185,1813.3350000000003,2515.206,3245.7529999999997,0.0,0.0,0.0,0.0,0.0001947336462948,1.284035560591734e-06,0.0,6.04953608371781e-06
link,2695,0.8713531536537927,0.0,1678.3677321428572,1813.3350000000003,2515.206,3245.7529999999997,0.001851721938692208,0.0,0.0,0.0,0.0,0.0,0.0,0.0
link,2696,0.8713531536537927,0.0,1678.3658804209185,1813.3350000000003,2515.206,3245.7529999999997,0.0,0.0,0.0,0.0,0.0036683887080451,0.0002173505868973,0.0012953367875647,0.0003412906358191
link,2697,0.8713531536537927,0.0,1678.7439410076531,1813.3350000000003,2515.206,3245.7529999999997,0.3780605867345912,0.0,0.0,0.0,0.014137629562005,2.2931963229972104e-05,0.0,3.4953359742120894e-05
link,2698,0.8713531536537927,0.0,1678.3658804209185,1813.3350000000003,2515.206,3245.7529999999997,0.0,0.0,0.0,0.0,0.0076529443331634,3.1760927780186215e-05,0.0,2.5889803354526743e-05
link,2699,0.8585718255070853,0.012781328146707405,1651.01463592233,1799.3995,2450.9258,2893.32,-27.351244498588585,-13.935500000000275,-64.28020000000015,-352.43299999999954,0.0203414522203651,0.0087204911734106,0.0,0.0626534129122261
link,2700,0.8677410391775493,0.003612114476243433,1668.5933973743195,1813.3350000000003,2503.847,3116.9300000000003,-9.772483046599064,0.0,-11.358999999999924,-128.8229999999994,0.001996917979918,0.0005514529278569,0.0,0.0061506782009594
link,2701,0.8710752986940817,0.00027785495971099916,1678.4073556618819,1813.3350000000003,2515.206,3245.7529999999997,0.041475240963336546,0.0,0.0,0.0,0.0058409594641997,0.0003170456819084,0.0025906735751294,0.0005386389369793
link,2702,0.8713531536537927,0.0,1678.3658804209185,1813.3350000000003,2515.206,3245.7529999999997,0.0,0.0,0.0,0.0,0.0,0.0,0.0,0.0
link,2703,0.8713531536537927,0.0,1678.3658804209185,1813.3350000000003,2515.206,3245.7529999999997,0.0,0.0,0.0,0.0,0.0034705786931683,5.675515762811758e-05,0.0006476683937823,0.0001634223918027
link,2704,0.8713531536537927,0.0,1679.9984362244898,1813.3350000000003,2515.206,3245.7529999999997,1.632555803571222,0.0,0.0,0.0,0.0036397250461557,0.0001708695151601,0.0006476683937823,0.0010201358484909
link,2705,0.8713531536537927,0.0,1678.4044394132654,1813.3350000000003,2515.206,3245.7529999999997,0.03855899234690696,0.0,0.0,0.0,0.0055301079129769,6.597007599909267e-05,0.0,8.028902702506723e-05
link,2706,0.8713531536537927,0.0,1678.3658804209185,1813.3350000000003,2515.206,3245.7529999999997,0.0,0.0,0.0,0.0,0.013066860375163,0.0010429564812603,0.0,0.0011884554380081
link,2707,0.8713531536537927,0.0,1682.3110947066327,1823.145,2515.206,3245.7529999999997,3.9452142857142007,9.809999999999718,0.0,0.0,0.0045372454472409,0.0001829993183442,0.0,0.0004204599599371
link,2708,0.8713531536537927,0.0,1678.3658804209185,1813.3350000000003,2515.206,3245.7529999999997,0.0,0.0,0.0,0.0,0.0099088819908542,2.3479366396345217e-06,0.0,4.375797743339854e-06
link,2709,0.8713531536537927,0.0,1678.718541135204,1813.3350000000003,2515.206,3245.7529999999997,0.35266071428554824,0.0,0.0,0.0,0.0197326973088329,0.0021239906376364,0.005181347150259,0.0120422979857716
link,2710,0.8694081689358155,0.0019449847179772162,1675.9202317034196,1813.3350000000003,2503.847,3245.7529999999997,-2.445648717498898,0.0,-11.358999999999924,0.0,0.0150425291733838,0.0075672496392229,0.0058290155440414,0.0389931648245956
link,2711,0.8713531536537927,0.0,1678.3658804209185,1813.3350000000003,2515.206,3245.7529999999997,0.0,0.0,0.0,0.0,0.0150145881489128,0.0123119375278939,0.001943005181347,0.043718618530525
link,2712,0.8705195887746596,0.0008335648791331085,1677.4224174912226,1813.3350000000003,2508.442200000001,3245.7529999999997,-0.9434629296958974,0.0,-6.763799999999264,0.0,0.0058575339821537,0.0027616437792905,0.0025906735751294,0.0180417057374033
link,2713,0.8694081689358155,0.0019449847179772162,1678.460448066475,1813.3350000000003,2516.2900000000013,3245.7529999999997,0.09456764555648078,0.0,1.084000000001197,0.0,0.0,0.0,0.0,0.0
link,2714,0.8713531536537927,0.0,1678.3658804209185,1813.3350000000003,2515.206,3245.7529999999997,0.0,0.0,0.0,0.0,0.013066860375163,0.0010429564812603,0.0,0.0011884554380081
link,2715,0.8713531536537927,0.0,1678.5114904336735,1813.3350000000003,2515.206,3245.7529999999997,0.1456100127550144,0.0,0.0,0.0,0.0234527762786661,0.0008696100447898,0.0,0.0003544658616352
link,2716,0.8713531536537927,0.0,1678.6816919642858,1813.3350000000003,2515.206,3245.7529999999997,0.3158115433673174,0.0,0.0,0.0,0.0289828841916431,0.0017882065284455,0.0,0.0017161749451582
link,2717,0.8713531536537927,0.0,1678.3658804209185,1813.3350000000003,2515.206,3245.7529999999997,0.0,0.0,0.0,0.0,0.0122444851907694,0.0006370923359189,0.0,0.0006712542130516
link,2718,0.8705195887746596,0.0008335648791331085,1678.5512068305138,1813.3350000000003,2515.206,3245.7529999999997,0.1853264095952909,0.0,0.0,0.0,0.0359768919997862,0.0059804884756099,0.0032383419689119,0.0093712349930272
link,2719,0.8713531536537927,0.0,1678.3658804209185,1813.3350000000003,2515.206,3245.7529999999997,0.0,0.0,0.0,0.0,0.0,0.0,0.0,0.0
link,2720,0.8707974437343706,0.0005557099194221093,1678.4771649649012,1813.3350000000003,2515.206,3245.7529999999997,0.1112845439827197,0.0,0.0,0.0,0.0003765546269746,0.0002496433629664,0.001943005181347,0.0011598204627807
link,2721,0.8707974437343706,0.0005557099194221093,1678.4771649649012,1813.3350000000003,2515.206,3245.7529999999997,0.1112845439827197,0.0,0.0,0.0,8.759039487359923e-05,9.689042181330612e-05,0.0012953367875647,0.0002697859089758
link,2722,0.8713531536537927,0.0,1678.3658804209185,1813.3350000000003,2515.206,3245.7529999999997,0.0,0.0,0.0,0.0,0.0,0.0,0.0,0.0
link,2723,0.8707974437343706,0.0005557099194221093,1678.4771649649012,1813.3350000000003,2515.206,3245.7529999999997,0.1112845439827197,0.0,0.0,0.0,0.0003765546269746,0.0002496433629664,0.0012953367875647,0.0011598204627807
link,2724,0.8713531536537927,0.0,1678.3658804209185,1813.3350000000003,2515.206,3245.7529999999997,0.0,0.0,0.0,0.0,0.0260629330284819,0.0031096210639223,0.0006476683937823,0.0031580116510126
link,2725,0.8713531536537927,0.0,1678.3658804209185,1813.3350000000003,2515.206,3245.7529999999997,0.0,0.0,0.0,0.0,0.0071160355445689,3.068816896056241e-05,0.0,1.6686344700167917e-05
link,2726,0.8713531536537927,0.0,1678.4649330357145,1813.3350000000003,2515.206,3245.7529999999997,0.09905261479593719,0.0,0.0,0.0,0.0291498206873183,0.0006819679138642,0.0,0.0011111237094077
link,2727,0.8713531536537927,0.0,1678.6807324617348,1813.3350000000003,2515.206,3245.7529999999997,0.3148520408162767,0.0,0.0,0.0,0.0048714133475813,0.0028561423676594,0.0,0.000545450062902
link,2728,0.8713531536537927,0.0,1678.3658804209185,1813.3350000000003,2515.206,3245.7529999999997,0.0,0.0,0.0,0.0,0.0097391611115958,0.003870833225281,0.0012953367875647,0.0274183812889557
link,2729,0.8710752986940817,0.00027785495971099916,1678.257700478469,1813.3350000000003,2515.206,3245.7529999999997,-0.10817994244962392,0.0,0.0,0.0,0.0,0.0,0.0,0.0
link,2730,0.8713531536537927,0.0,1678.3658804209185,1813.3350000000003,2515.206,3245.7529999999997,0.0,0.0,0.0,0.0,0.0,0.0,0.0,0.0
link,2731,0.8713531536537927,0.0,1678.3658804209185,1813.3350000000003,2515.206,3245.7529999999997,0.0,0.0,0.0,0.0,0.0,0.0,0.0006476683937823,0.0
link,2732,0.8674631842178383,0.0038899694359544323,1677.9656204356183,1818.5775,2520.0840000000003,3245.7529999999997,-0.40025998530018114,5.242499999999836,4.878000000000156,0.0,0.0,0.0,0.0012953367875647,0.0
link,2733,0.8710752986940817,0.00027785495971099916,1678.3718577352472,1813.3350000000003,2515.206,3245.7529999999997,0.005977314328674765,0.0,0.0,0.0,0.0,0.0,0.0,0.0
link,2734,0.8713531536537927,0.0,1678.520266262755,1813.3350000000003,2515.206,3245.7529999999997,0.15438584183652893,0.0,0.0,0.0,0.0056723225873805,0.0036682246492659,0.0012953367875647,0.0174712387979209
link,2735,0.8713531536537927,0.0,1678.3658804209185,1813.3350000000003,2515.206,3245.7529999999997,0.0,0.0,0.0,0.0,0.0002786282444313,1.5521528037591951e-06,0.0,4.536990089736842e-06
link,2736,0.8713531536537927,0.0,1678.3658804209185,1813.3350000000003,2515.206,3245.7529999999997,0.0,0.0,0.0,0.0,0.0007572512296223,3.351249298665518e-05,0.0,8.64589611835642e-05
link,2737,0.8713531536537927,0.0,1678.4457850765305,1813.3350000000003,2515.206,3245.7529999999997,0.0799046556119265,0.0,0.0,0.0,0.0072721602639339,0.0010272104960832,0.0,0.0016187500321628
link,2738,0.8713531536537927,0.0,1678.5795041454082,1813.3350000000003,2515.206,3245.7529999999997,0.21362372448970746,0.0,0.0,0.0,0.0150534339260894,0.0006665128545306,0.0,0.0014665218763574
link,2739,0.8713531536537927,0.0,1678.3658804209185,1813.3350000000003,2515.206,3245.7529999999997,0.0,0.0,0.0,0.0,0.0084764733783465,3.3174500164001326e-05,0.0,3.18248480281197e-05
link,2740,0.8713531536537927,0.0,1678.3658804209185,1813.3350000000003,2515.206,3245.7529999999997,0.0,0.0,0.0,0.0,0.0230496358156423,0.0043481052585394,0.0012953367875647,0.0202133180326032
link,2741,0.8713531536537927,0.0,1678.3658804209185,1813.3350000000003,2515.206,3245.7529999999997,0.0,0.0,0.0,0.0,0.0,0.0,0.0,0.0
link,2742,0.8713531536537927,0.0,1682.4397283163264,1813.3350000000003,2543.0460000000003,3245.7529999999997,4.07384789540788,0.0,27.840000000000146,0.0,0.0079779404324702,0.0007833027993464,0.0,0.0006196515775648
link,2743,0.8713531536537927,0.0,1678.3658804209185,1813.3350000000003,2515.206,3245.7529999999997,0.0,0.0,0.0,0.0,0.000833425230152,5.40300749628374e-05,0.0,2.445968173059865e-05
link,2744,0.8713531536537927,0.0,1678.3658804209185,1813.3350000000003,2515.206,3245.7529999999997,0.0,0.0,0.0,0.0,0.0,0.0,0.0006476683937823,0.0
link,2745,0.8710752986940817,0.00027785495971099916,1678.312862200957,1813.3350000000003,2515.206,3245.7529999999997,-0.05301821996158651,0.0,0.0,0.0,0.0,0.0,0.001943005181347,0.0
link,2746,0.8713531536537927,0.0,1678.3658804209185,1813.3350000000003,2515.206,3245.7529999999997,0.0,0.0,0.0,0.0,0.0,0.0,0.0006476683937823,0.0
link,2747,0.8713531536537927,0.0,1678.3658804209185,1813.3350000000003,2515.206,3245.7529999999997,0.0,0.0,0.0,0.0,0.0,0.0,0.0006476683937823,0.0
link,2748,0.8713531536537927,0.0,1678.3658804209185,1813.3350000000003,2515.206,3245.7529999999997,0.0,0.0,0.0,0.0,0.0014462470382147,0.0014628425934783,0.0,0.0044545645943427
link,2749,0.8713531536537927,0.0,1678.3658804209185,1813.3350000000003,2515.206,3245.7529999999997,0.0,0.0,0.0,0.0,0.0074357170529875,0.0010996585450758,0.0012953367875647,0.0014284022684609
link,2750,0.8710752986940817,0.00027785495971099916,1678.3769486443382,1813.3350000000003,2515.206,3245.7529999999997,0.011068223419670176,0.0,0.0,0.0,0.0009601494766679,0.0004210228624342,0.0,0.0029573425224236
link,2751,0.8713531536537927,0.0,1678.3658804209185,1813.3350000000003,2515.206,3245.7529999999997,0.0,0.0,0.0,0.0,0.0267339842313031,0.0034533381778106,0.0,0.0025802255258475
link,2752,0.8713531536537927,0.0,1680.8811750637756,1813.3350000000003,2515.206,3245.7529999999997,2.515294642857043,0.0,0.0,0.0,0.0318116389598473,0.0017089291307253,0.0,0.0011796767613069
link,2753,0.8713531536537927,0.0,1678.3658804209185,1813.3350000000003,2515.206,3245.7529999999997,0.0,0.0,0.0,0.0,0.0110428228682655,9.510703092902148e-05,0.0,0.0002550781759733
link,2754,0.8713531536537927,0.0,1679.999630739796,1813.3350000000003,2515.206,3245.7529999999997,1.6337503188774463,0.0,0.0,0.0,0.0002718696489164,7.276465094667332e-05,0.0032383419689119,0.0004561659449168
link,2755,0.8713531536537927,0.0,1678.3658804209185,1813.3350000000003,2515.206,3245.7529999999997,0.0,0.0,0.0,0.0,0.0,0.0,0.0006476683937823,0.0
link,2756,0.8713531536537927,0.0,1678.3658804209185,1813.3350000000003,2515.206,3245.7529999999997,0.0,0.0,0.0,0.0,0.0013009308546336,1.6729831494384446e-05,0.0012953367875647,2.661377014224008e-05
link,2757,0.8713531536537927,0.0,1678.3914614158161,1813.3350000000003,2515.206,3245.7529999999997,0.025580994897609344,0.0,0.0,0.0,0.0002699973927088,4.473270348524719e-06,0.0,3.900903197983658e-06
link,2758,0.8713531536537927,0.0,1678.3658804209185,1813.3350000000003,2515.206,3245.7529999999997,0.0,0.0,0.0,0.0,0.0,0.0,0.0012953367875647,0.0
link,2759,0.8713531536537927,0.0,1678.3658804209185,1813.3350000000003,2515.206,3245.7529999999997,0.0,0.0,0.0,0.0,0.0013009308546336,1.6729831494384446e-05,0.0,2.661377014224008e-05
link,2760,0.8713531536537927,0.0,1678.6894339923472,1813.3350000000003,2515.206,3245.7529999999997,0.32355357142864705,0.0,0.0,0.0,0.0,0.0,0.0,0.0
link,2761,0.8707974437343706,0.0005557099194221093,1678.4355456285896,1813.3350000000003,2515.206,3245.7529999999997,0.06966520767105067,0.0,0.0,0.0,0.0013009308546336,1.6729831494384446e-05,0.001943005181347,2.661377014224008e-05
link,2762,0.8713531536537927,0.0,1678.3658804209185,1813.3350000000003,2515.206,3245.7529999999997,0.0,0.0,0.0,0.0,0.0001781605383926,1.1703514343267158e-05,0.0,8.780560929636241e-06
link,2763,0.8713531536537927,0.0,1678.6213070790816,1819.571,2515.206,3245.7529999999997,0.25542665816306,6.235999999999649,0.0,0.0,0.0002699973927088,4.951006692152648e-06,0.0,4.3278425670875004e-06
link,2764,0.8713531536537927,0.0,1678.3658804209185,1813.3350000000003,2515.206,3245.7529999999997,0.0,0.0,0.0,0.0,0.0,0.0,0.0025906735751294,0.0
link,2765,0.8713531536537927,0.0,1684.6278182397962,1843.8669999999997,2537.736,3245.7529999999997,6.261937818877641,30.53199999999947,22.529999999999745,0.0,9.183685431619844e-05,3.6993871224734048e-06,0.0,6.103964138031341e-06
link,2766,0.8713531536537927,0.0,1678.3658804209185,1813.3350000000003,2515.206,3245.7529999999997,0.0,0.0,0.0,0.0,0.0001781605383926,1.1703514343267158e-05,0.0,8.780560929636241e-06
link,2767,0.8713531536537927,0.0,1678.3658804209185,1813.3350000000003,2515.206,3245.7529999999997,0.0,0.0,0.0,0.0,0.0204244121253762,0.0001252536430301,0.0,0.0001055499561945
link,2768,0.8713531536537927,0.0,1678.4387012117347,1813.3350000000003,2515.206,3245.7529999999997,0.07282079081619486,0.0,0.0,0.0,0.0015776234927754,4.262955978885322e-05,0.0,1.9420453053455456e-05
link,2769,0.8707974437343706,0.0005557099194221093,1678.1610931716657,1813.3350000000003,2515.206,3245.7529999999997,-0.20478724925283132,0.0,0.0,0.0,0.0229160411873987,0.0251733470627021,0.0025906735751294,0.0196459522663648
link,2770,0.8713531536537927,0.0,1678.3658804209185,1813.3350000000003,2515.206,3245.7529999999997,0.0,0.0,0.0,0.0,0.0051286605933531,0.000648955238858,0.0,0.0010473604536559
link,2771,0.8713531536537927,0.0,1679.279271364796,1813.3350000000003,2515.206,3245.7529999999997,0.9133909438774026,0.0,0.0,0.0,0.0029829607777134,0.0001029646711619,0.0,0.0001680632346801
link,2772,0.8713531536537927,0.0,1678.390504145408,1813.3350000000003,2515.206,3245.7529999999997,0.024623724489401866,0.0,0.0,0.0,0.0001289878147071,1.0299189316075792e-05,0.0,1.0260624188894716e-05
link,2773,0.8713531536537927,0.0,1678.3658804209185,1813.3350000000003,2515.206,3245.7529999999997,0.0,0.0,0.0,0.0,0.0002265005918349,4.794222100014478e-06,0.0,1.9548306679886056e-05
link,2774,0.8713531536537927,0.0,1678.3658804209185,1813.3350000000003,2515.206,3245.7529999999997,0.0,0.0,0.0,0.0,0.0038558024511371,4.723641176724118e-05,0.0,2.869670752774995e-05
link,2775,0.8713531536537927,0.0,1681.1452471301018,1813.3350000000003,2515.206,3245.7529999999997,2.7793667091832504,0.0,0.0,0.0,0.0296322520829408,0.0012733391174185,0.0,0.0011282703652374
link,2776,0.8707974437343706,0.0005557099194221093,1678.103896936822,1813.3350000000003,2515.206,3245.7529999999997,-0.26198348409661776,0.0,0.0,0.0,0.000790648112172,0.0005058328733804,0.0006476683937823,0.0024352638200824
link,2777,0.8713531536537927,0.0,1678.7441521045919,1813.3350000000003,2515.206,3245.7529999999997,0.37827168367334707,0.0,0.0,0.0,0.0033703151175133,7.710884177037853e-05,0.0,8.103483682583093e-05
link,2778,0.8713531536537927,0.0,1678.3658804209185,1813.3350000000003,2515.206,3245.7529999999997,0.0,0.0,0.0,0.0,0.0064382596233329,0.0002638058346335,0.0,0.0002634129986607
link,2779,0.8713531536537927,0.0,1678.3658804209185,1813.3350000000003,2515.206,3245.7529999999997,0.0,0.0,0.0,0.0,0.0,0.0,0.0006476683937823,0.0
link,2780,0.8713531536537927,0.0,1678.3658804209185,1813.3350000000003,2515.206,3245.7529999999997,0.0,0.0,0.0,0.0,0.0,0.0,0.0006476683937823,0.0
link,2781,0.8702417338149486,0.0011114198388441077,1679.735147190294,1813.3350000000003,2515.206,3245.7529999999997,1.369266769375372,0.0,0.0,0.0,0.000198292090156,0.0004215482510711,0.0006476683937823,0.0006107566002263
link,2782,0.8713531536537927,0.0,1678.3658804209185,1813.3350000000003,2515.206,3245.7529999999997,0.0,0.0,0.0,0.0,0.0056027739732079,0.0003610856984588,0.0006476683937823,0.0010916360278806
link,2783,0.8713531536537927,0.0,1678.3658804209185,1813.3350000000003,2515.206,3245.7529999999997,0.0,0.0,0.0,0.0,0.0,0.0,0.0,0.0
link,2784,0.8713531536537927,0.0,1681.2759467474489,1818.5775,2515.206,3245.7529999999997,2.910066326530341,5.242499999999836,0.0,0.0,0.0003622647937584,1.7349342079154038e-05,0.0,3.330184170801277e-05
link,2785,0.8713531536537927,0.0,1678.3658804209185,1813.3350000000003,2515.206,3245.7529999999997,0.0,0.0,0.0,0.0,0.0037180229004271,4.028402831529748e-05,0.0,4.594492878215831e-05
link,2786,0.8713531536537927,0.0,1682.1952716836734,1818.5775,2515.206,3245.7529999999997,3.829391262754825,5.242499999999836,0.0,0.0,0.0003953187755654,1.9142897076308552e-05,0.0,4.47435201159496e-05
link,2787,0.8713531536537927,0.0,1678.3658804209185,1813.3350000000003,2515.206,3245.7529999999997,0.0,0.0,0.0,0.0,0.0037180229004271,4.028402831529748e-05,0.0,4.594492878215831e-05
link,2788,0.8713531536537927,0.0,1678.3658804209185,1813.3350000000003,2515.206,3245.7529999999997,0.0,0.0,0.0,0.0,0.0326367839970511,0.0044793229298017,0.0,0.0052623090040866
link,2789,0.8713531536537927,0.0,1678.808830357143,1813.3350000000003,2517.916,3245.7529999999997,0.4429499362245224,0.0,2.7100000000000364,0.0,0.0258122765849232,0.0029434796735829,0.0012953367875647,0.0046118492624541
link,2790,0.8710752986940817,0.00027785495971099916,1699.1465483253587,1830.4600000000003,2630.0299999999997,3245.7529999999997,20.78066790444018,17.125,114.82399999999961,0.0,0.0518685541836431,0.004319278258469,0.001943005181347,0.0151651493504422
link,2791,0.8713531536537927,0.0,1681.1452471301018,1813.3350000000003,2515.206,3245.7529999999997,2.7793667091832504,0.0,0.0,0.0,0.0089685326882792,0.0002665107299877,0.0,0.000279914103104
link,2792,0.8713531536537927,0.0,1678.3658804209185,1813.3350000000003,2515.206,3245.7529999999997,0.0,0.0,0.0,0.0,0.0348806086448732,0.0040993216525124,0.0,0.0028694388429068
link,2793,0.8713531536537927,0.0,1678.5107375637756,1813.3350000000003,2515.206,3245.7529999999997,0.14485714285706308,0.0,0.0,0.0,0.0149356494996244,0.0004140701619552,0.0006476683937823,0.0007853280129401
link,2794,0.8713531536537927,0.0,1678.3658804209185,1813.3350000000003,2515.206,3245.7529999999997,0.0,0.0,0.0,0.0,0.0015580491558573,0.0001050140425971,0.0,0.0001493646146849
link,2795,0.8710752986940817,0.00027785495971099916,1678.1504303030301,1813.3350000000003,2515.206,3245.7529999999997,-0.21545011788839474,0.0,0.0,0.0,0.0111376938031255,0.0018962860476694,0.0025906735751294,0.0099287152568761
link,2796,0.8713531536537927,0.0,1678.3658804209185,1813.3350000000003,2515.206,3245.7529999999997,0.0,0.0,0.0,0.0,0.0054650474564106,0.0001034309832254,0.0,0.0001309947343412
link,2797,0.8713531536537927,0.0,1678.3658804209185,1813.3350000000003,2515.206,3245.7529999999997,0.0,0.0,0.0,0.0,4.6087521378838094e-05,6.285621198189497e-06,0.0,3.61635509957017e-06
link,2798,0.8707974437343706,0.0005557099194221093,1678.6322721761328,1813.3350000000003,2515.206,3245.7529999999997,0.26639175521427205,0.0,0.0,0.0,0.0023798098483996,0.0012532346044683,0.0006476683937823,0.0073300179096893
link,2799,0.8713531536537927,0.0,1678.3658804209185,1813.3350000000003,2515.206,3245.7529999999997,0.0,0.0,0.0,0.0,0.0,0.0,0.001943005181347,0.0
link,2800,0.8671853292581273,0.0041678243956654315,1678.7789112463956,1818.8680000000002,2520.6259999999997,3245.7529999999997,0.413030825477108,5.532999999999902,5.419999999999618,0.0,0.0,0.0,0.0025906735751294,0.0
link,2801,0.8713531536537927,0.0,1678.3658804209185,1813.3350000000003,2515.206,3245.7529999999997,0.0,0.0,0.0,0.0,0.0061595588255514,1.5997990264463118e-05,0.0006476683937823,9.383505002058765e-05
link,2802,0.8713531536537927,0.0,1694.138147002551,1813.3350000000003,2515.206,3245.7529999999997,15.772266581632493,0.0,0.0,0.0,0.0,0.0,0.0,0.0
link,2803,0.8713531536537927,0.0,1678.3658804209185,1813.3350000000003,2515.206,3245.7529999999997,0.0,0.0,0.0,0.0,0.0,0.0,0.0,0.0
link,2804,0.8713531536537927,0.0,1678.3658804209185,1813.3350000000003,2515.206,3245.7529999999997,0.0,0.0,0.0,0.0,0.0,0.0,0.0,0.0
link,2805,0.8713531536537927,0.0,1678.3658804209185,1813.3350000000003,2515.206,3245.7529999999997,0.0,0.0,0.0,0.0,0.012291432472053,0.0005475944909311,0.0,0.0007455103229175
link,2806,0.8713531536537927,0.0,1678.3658804209185,1813.3350000000003,2515.206,3245.7529999999997,0.0,0.0,0.0,0.0,0.0257232833823411,0.0003362839211393,0.0,0.0003156076905842
link,2807,0.8713531536537927,0.0,1678.9883022959182,1813.3350000000003,2515.206,3245.7529999999997,0.6224218749996453,0.0,0.0,0.0,0.0032243236746484,0.000175599615247,0.0,0.0004216431210359
link,2808,0.8710752986940817,0.00027785495971099916,1678.4860267942584,1813.3350000000003,2515.206,3245.7529999999997,0.12014637333982137,0.0,0.0,0.0,0.0559021402786118,0.0036436538596058,0.0006476683937823,0.0052400694684552
link,2809,0.8713531536537927,0.0,1678.4305746173468,1813.3350000000003,2515.206,3245.7529999999997,0.06469419642826324,0.0,0.0,0.0,0.0222448598975553,0.0008434094013816,0.0012953367875647,0.0015879996768723
link,2810,0.8710752986940817,0.00027785495971099916,1678.3979984051036,1813.3350000000003,2515.206,3245.7529999999997,0.03211798418510625,0.0,0.0,0.0,0.0005303002456315,0.0003062735277092,0.0012953367875647,0.0011758672548614
link,2811,0.8713531536537927,0.0,1678.3658804209185,1813.3350000000003,2515.206,3245.7529999999997,0.0,0.0,0.0,0.0,0.0,0.0,0.0,0.0
link,2812,0.8713531536537927,0.0,1678.3688396045918,1813.3350000000003,2515.206,3245.7529999999997,0.0029591836732834054,0.0,0.0,0.0,0.0275433561695297,8.146027527564911e-05,0.0012953367875647,0.0004369159593692
link,2813,0.8713531536537927,0.0,1678.3658804209185,1813.3350000000003,2515.206,3245.7529999999997,0.0,0.0,0.0,0.0,0.0,0.0,0.0,0.0
link,2814,0.8710752986940817,0.00027785495971099916,1678.5631046251992,1813.3350000000003,2515.206,3245.7529999999997,0.1972242042807011,0.0,0.0,0.0,0.0086487631288509,0.0002148214283823,0.0006476683937823,0.000168115317322
link,2815,0.8713531536537927,0.0,1678.3658804209185,1813.3350000000003,2515.206,3245.7529999999997,0.0,0.0,0.0,0.0,0.0003613556625014,0.0001388527583162,0.0012953367875647,0.0011130063520345
link,2816,0.8713531536537927,0.0,1678.3789030612245,1813.3350000000003,2515.206,3245.7529999999997,0.01302264030596234,0.0,0.0,0.0,0.0021268180162669,5.219893258131438e-06,0.0,1.0428606691823562e-05
link,2817,0.8707974437343706,0.0005557099194221093,1678.5702399489471,1813.3350000000003,2515.206,3245.7529999999997,0.20435952802858992,0.0,0.0,0.0,0.0001787188952769,8.178550289820788e-05,0.0012953367875647,0.0005504694856443
link,2818,0.8713531536537927,0.0,1678.3658804209185,1813.3350000000003,2515.206,3245.7529999999997,0.0,0.0,0.0,0.0,0.0,0.0,0.0006476683937823,0.0
link,2819,0.8713531536537927,0.0,1678.3658804209185,1813.3350000000003,2515.206,3245.7529999999997,0.0,0.0,0.0,0.0,0.0,0.0,0.0,0.0
link,2820,0.8621839399833287,0.009169213670464083,1685.2356812761843,1829.9889999999998,2573.520600000002,3515.656,6.869800855265794,16.65399999999954,58.314600000001974,269.90300000000025,0.0049970511618333,0.0001356178884124,0.0045336787564766,0.0008296719810032
link,2821,0.8710752986940817,0.00027785495971099916,1679.0645668261564,1813.3350000000003,2515.206,3245.7529999999997,0.6986864052378223,0.0,0.0,0.0,0.011532496411418,5.8611820214589626e-05,0.0006476683937823,0.0002388789855412
link,2822,0.8713531536537927,0.0,1678.3658804209185,1813.3350000000003,2515.206,3245.7529999999997,0.0,0.0,0.0,0.0,0.0,0.0,0.0,0.0
link,2823,0.8713531536537927,0.0,1688.4546039540817,1818.8680000000002,2570.614,3309.5359999999996,10.088723533163147,5.532999999999902,55.4079999999999,63.7829999999999,0.0245748484711934,0.0015077580796848,0.0,0.0031157629702762
link,2824,0.8713531536537927,0.0,1678.3658804209185,1813.3350000000003,2515.206,3245.7529999999997,0.0,0.0,0.0,0.0,0.0114568823925639,0.0005282808789436,0.0,0.0008983083509907
link,2825,0.8713531536537927,0.0,1678.3658804209185,1813.3350000000003,2515.206,3245.7529999999997,0.0,0.0,0.0,0.0,0.0176676072355785,0.0037773277173623,0.0006476683937823,0.0198730971222418
link,2826,0.8713531536537927,0.0,1687.4309400510206,1815.8110000000001,2570.614,3309.5359999999996,9.065059630102041,2.4759999999998854,55.4079999999999,63.7829999999999,0.0213868030110831,0.0007345118874771,0.0,0.0016538969965896
link,2827,0.8713531536537927,0.0,1689.3460235969387,1819.2195000000002,2570.614,3309.5359999999996,10.980143176020192,5.884499999999889,55.4079999999999,63.7829999999999,0.0258468289854632,0.0017241573329887,0.0,0.0036919773011452
link,2828,0.8713531536537927,0.0,1678.3658804209185,1813.3350000000003,2515.206,3245.7529999999997,0.0,0.0,0.0,0.0,0.0196600699104434,0.0020119995994738,0.0,0.0027084391946148
link,2829,0.8713531536537927,0.0,1689.3460235969387,1819.2195000000002,2570.614,3309.5359999999996,10.980143176020192,5.884499999999889,55.4079999999999,63.7829999999999,0.027189403338067,0.001964237777913,0.0012953367875647,0.0043544689833297
link,2830,0.8713531536537927,0.0,1678.3658804209185,1813.3350000000003,2515.206,3245.7529999999997,0.0,0.0,0.0,0.0,0.0233702008200667,0.0026622800285809,0.0,0.0043112023113342
link,2831,0.8713531536537927,0.0,1678.3658804209185,1813.3350000000003,2515.206,3245.7529999999997,0.0,0.0,0.0,0.0,0.0,0.0,0.0006476683937823,0.0
link,2832,0.8713531536537927,0.0,1678.3658804209185,1813.3350000000003,2515.206,3245.7529999999997,0.0,0.0,0.0,0.0,0.0011554687562598,0.0003913183521791,0.0006476683937823,0.0035589426118085
link,2833,0.8710752986940817,0.00027785495971099916,1678.301832216906,1813.3350000000003,2515.206,3245.7529999999997,-0.06404820401257894,0.0,0.0,0.0,0.0004092203386683,0.0001770787751772,0.001943005181347,0.0012604336491276
link,2834,0.8713531536537927,0.0,1678.3658804209185,1813.3350000000003,2515.206,3245.7529999999997,0.0,0.0,0.0,0.0,0.0004092203386683,0.0001770787751772,0.0006476683937823,0.0012604336491276
link,2835,0.8710752986940817,0.00027785495971099916,1678.6099141945774,1813.3350000000003,2515.206,3245.7529999999997,0.24403377365888446,0.0,0.0,0.0,0.0,0.0,0.0,0.0
link,2836,0.8713531536537927,0.0,1678.3658804209185,1813.3350000000003,2515.206,3245.7529999999997,0.0,0.0,0.0,0.0,0.0,0.0,0.0006476683937823,0.0
link,2837,0.8710752986940817,0.00027785495971099916,1678.3310768740032,1813.3350000000003,2515.206,3245.7529999999997,-0.03480354691532739,0.0,0.0,0.0,0.0,0.0,0.0,0.0
link,2838,0.8657960544595721,0.005557099194220649,1674.186672657253,1813.3350000000003,2528.4645,3245.7529999999997,-4.179207763665545,0.0,13.258499999999913,0.0,0.0098485183361599,0.0068359326972967,0.0012953367875647,0.0230180978195972
link,2839,0.8713531536537927,0.0,1678.3658804209185,1813.3350000000003,2515.206,3245.7529999999997,0.0,0.0,0.0,0.0,0.005416130007071,0.0006548197583225,0.0,0.0006409734594745
link,2840,0.8713531536537927,0.0,1678.3658804209185,1813.3350000000003,2515.206,3245.7529999999997,0.0,0.0,0.0,0.0,0.004496878116304,0.0004104882908989,0.0,0.0003471613268126
link,2841,0.8713531536537927,0.0,1678.4416683673471,1813.3350000000003,2517.916,3245.7529999999997,0.07578794642859066,0.0,2.7100000000000364,0.0,0.0055295168374619,0.0013889480208583,0.0,0.0012709466117899
link,2842,0.8713531536537927,0.0,1678.3658804209185,1813.3350000000003,2515.206,3245.7529999999997,0.0,0.0,0.0,0.0,0.0106063676426502,0.0012824873287068,0.0,0.0009104857076011
link,2843,0.8713531536537927,0.0,1678.808830357143,1813.3350000000003,2517.916,3245.7529999999997,0.4429499362245224,0.0,2.7100000000000364,0.0,0.0211709574602946,0.001373451962669,0.0006476683937823,0.0021709377789832
link,2844,0.8713531536537927,0.0,1678.3658804209185,1813.3350000000003,2515.206,3245.7529999999997,0.0,0.0,0.0,0.0,0.0046413191246285,0.0003873326403069,0.0,0.0003644155365569
link,2845,0.8710752986940817,0.00027785495971099916,1678.309684210526,1813.3350000000003,2515.206,3245.7529999999997,-0.05619621039249978,0.0,0.0,0.0,0.0344983399806944,0.0048536522450424,0.001943005181347,0.0056374110184167
link,2846,0.8707974437343706,0.0005557099194221093,1678.6391853860882,1813.3350000000003,2515.206,3245.7529999999997,0.27330496516970015,0.0,0.0,0.0,0.0333206508089481,0.0031905129722946,0.0038860103626943,0.0061209174285038
link,2847,0.8713531536537927,0.0,1678.3658804209185,1813.3350000000003,2515.206,3245.7529999999997,0.0,0.0,0.0,0.0,0.026461781141116,0.0014455395980119,0.0,0.0028052556976946
link,2848,0.8713531536537927,0.0,1678.373466517857,1813.3350000000003,2515.206,3245.7529999999997,0.007586096938439368,0.0,0.0,0.0,0.0065711541661808,3.332664365756159e-05,0.0,2.4336743862005493e-05
node,0,0.8710752986940817,0.00027785495971099916,1688.244183413078,1823.145,2532.493000000001,3245.7529999999997,9.878302992159433,9.809999999999718,17.287000000000717,0.0,0.0191502472069094,0.0021117818796081,0.001943005181347,0.0098538750224619
node,1,0.8713531536537927,0.0,1686.781056760204,1829.2359999999999,2515.206,3245.7529999999997,8.415176339285381,15.900999999999613,0.0,0.0,0.0079323608764151,0.0003237505059257,0.0006476683937823,0.0008098977517635
node,2,0.8710752986940817,0.00027785495971099916,1678.8041043062203,1813.3350000000003,2515.206,3245.7529999999997,0.43822388530179524,0.0,0.0,0.0,0.0443890934006781,0.0027338142302899,0.001943005181347,0.0044490170081206
node,3,0.8699638788552375,0.0013892747985552178,1681.847755988502,1813.3350000000003,2515.206,3245.7529999999997,3.481875567583529,0.0,0.0,0.0,0.0860100120157494,0.0065357276549975,0.0064766839378237,0.0171702743864093
node,4,0.8705195887746596,0.0008335648791331085,1678.8150229811683,1813.3350000000003,2515.206,3245.7529999999997,0.44914256024981114,0.0,0.0,0.0,0.0284193429631177,0.0137214995819428,0.001943005181347,0.0172544227682162
node,5,0.8691303139761045,0.0022228396776882153,1680.4185744884908,1819.2195000000002,2516.832000000001,3245.7529999999997,2.052694067572247,5.884499999999889,1.6260000000006585,0.0,0.0256942826065113,0.0015487651132375,0.001943005181347,0.00508410391967
node,6,0.8699638788552375,0.0013892747985552178,1684.089770360907,1818.8680000000002,2593.051000000001,3245.7529999999997,5.723889939988567,5.532999999999902,77.84500000000071,0.0,0.0106834494501673,0.0006056782380907,0.0025906735751294,0.0012901111330529
node,7,0.8694081689358155,0.0019449847179772162,1692.020965803771,1841.433,2606.404,3312.571,13.655085382852576,28.09799999999973,91.19799999999987,66.81800000000021,0.0302613453204363,0.0034631037574231,0.0032383419689119,0.0098447357724827
node,8,0.8710752986940817,0.00027785495971099916,1678.5312015948962,1813.3350000000003,2515.206,3245.7529999999997,0.16532117397764523,0.0,0.0,0.0,0.0233578113717461,0.0008008058287565,0.0006476683937823,0.0020923222653545
node,9,0.8710752986940817,0.00027785495971099916,1678.916254226475,1813.3350000000003,2515.206,3245.7529999999997,0.5503738055565464,0.0,0.0,0.0,0.0534168134908057,0.0009318788847906,0.001943005181347,0.0020334401535018
node,10,0.8710752986940817,0.00027785495971099916,1678.4504858054227,1813.3350000000003,2515.206,3245.7529999999997,0.08460538450412969,0.0,0.0,0.0,0.0140968695435951,0.0033196490161971,0.0032383419689119,0.0183196338530172
node,11,0.8713531536537927,0.0,1678.3658804209185,1813.3350000000003,2515.206,3245.7529999999997,0.0,0.0,0.0,0.0,0.0109238464481363,0.0009736165856088,0.0006476683937823,0.0063588953017281
node,12,0.8713531536537927,0.0,1678.406757015306,1813.3350000000003,2515.206,3245.7529999999997,0.04087659438755509,0.0,0.0,0.0,0.007336552810591,2.0646840928692893e-05,0.0006476683937823,7.752170273026297e-05
node,13,0.8713531536537927,0.0,1681.3053832908163,1813.3350000000003,2515.206,3245.7529999999997,2.9395028698977512,0.0,0.0,0.0,0.0144063690627853,0.0012019049086691,0.001943005181347,0.0044912594676749
node,14,0.8713531536537927,0.0,1731.9129260204083,1875.4920000000004,2889.6405000000004,3515.656,53.54704559948982,62.15700000000015,374.4345000000003,269.90300000000025,0.0353386075422816,0.0039980734716906,0.0006476683937823,0.0117678553723652
node,15,0.8585718255070853,0.012781328146707405,1651.2696300970872,1799.3995,2450.9258,2893.32,-27.096250323831327,-13.935500000000275,-64.28020000000015,-352.43299999999954,0.0242552999998304,0.0087359190981466,0.0025906735751294,0.0627280017752287
node,16,0.8582939705473742,0.013059183106418515,1651.183124312075,1799.199,2451.182600000001,2893.32,-27.182756108843478,-14.136000000000195,-64.02339999999913,-352.43299999999954,0.0242552999998304,0.0087359190981466,0.0025906735751294,0.0627280017752287
node,17,0.8713531536537927,0.0,1678.3658804209185,1813.3350000000003,2515.206,3245.7529999999997,0.0,0.0,0.0,0.0,0.0071667473901127,0.0003725810369746,0.0012953367875647,0.001225505799399
node,18,0.8710752986940817,0.00027785495971099916,1678.544050079745,1813.3350000000003,2515.206,3245.7529999999997,0.17816965882639124,0.0,0.0,0.0,0.0139683618696098,0.0003992378737527,0.0006476683937823,0.0005527744121131
node,19,0.8694081689358155,0.0019449847179772162,1675.2701399808245,1813.3350000000003,2503.847,3201.565,-3.095740440094005,0.0,-11.358999999999924,-44.18799999999965,0.0102774303220228,0.0085090700360808,0.0012953367875647,0.0316553645564041
node,20,0.8707974437343706,0.0005557099194221093,1677.8918739629864,1813.3350000000003,2515.206,3245.7529999999997,-0.4740064579320915,0.0,0.0,0.0,0.0051887040264966,0.0014750268639374,0.0006476683937823,0.0037878532026599
node,21,0.8705195887746596,0.0008335648791331085,1677.8812310884136,1813.3350000000003,2515.206,3245.7529999999997,-0.48464933250488684,0.0,0.0,0.0,0.0122672506855099,0.0042241323248339,0.0025906735751294,0.0089825364933472
node,22,0.8605168102250625,0.010836343428730189,1673.0430978366162,1813.3350000000003,2534.5830000000014,3247.480399999998,-5.322782584302331,0.0,19.377000000001317,1.727399999998397,0.0186555894339158,0.0086256887814344,0.0032383419689119,0.0574608113158162
node,23,0.856348985829397,0.015004167824395731,1672.661612264763,1813.3350000000003,2543.0460000000003,3253.9581499999986,-5.704268156155422,0.0,27.840000000000146,8.205149999998866,0.0248686688845342,0.0123151879755093,0.0097150259067357,0.0765976275105979
node,24,0.8713531536537927,0.0,1678.3658804209185,1813.3350000000003,2515.206,3245.7529999999997,0.0,0.0,0.0,0.0,0.0117733585882247,0.0009343558110631,0.0006476683937823,0.0021993598792058
node,25,0.8710752986940817,0.00027785495971099916,1678.6005007974481,1813.3350000000003,2515.206,3245.7529999999997,0.23462037652961953,0.0,0.0,0.0,0.0090098495910043,0.0004813423211898,0.0006476683937823,0.0004714740111915
node,26,0.8705195887746596,0.0008335648791331085,1679.7828783913183,1813.3350000000003,2515.206,3245.7529999999997,1.4169979703997342,0.0,0.0,0.0,0.0083786814131794,0.0055678540222446,0.001943005181347,0.0242799624325435
node,27,0.8707974437343706,0.0005557099194221093,1678.695341097639,1813.3350000000003,2515.206,3245.7529999999997,0.32946067672037316,0.0,0.0,0.0,0.005485904121836,0.0009000125345319,0.0006476683937823,0.0032977699522411
node,28,0.8702417338149486,0.0011114198388441077,1678.8197295657728,1813.3350000000003,2515.206,3245.7529999999997,0.4538491448543027,0.0,0.0,0.0,0.0439301699559409,0.0054164539848081,0.0012953367875647,0.0077566321003281
node,29,0.8702417338149486,0.0011114198388441077,1684.167430715198,1813.3350000000003,2593.051000000001,3245.7529999999997,5.801550294279423,0.0,77.84500000000071,0.0,0.0118039059934928,0.0020003994635532,0.0025906735751294,0.0072491030113128
node,30,0.8705195887746596,0.0008335648791331085,1680.2156003830194,1813.3350000000003,2515.206,3245.7529999999997,1.849719962100835,0.0,0.0,0.0,0.0331220919304542,0.0055353449892321,0.0006476683937823,0.035404351216815
node,31,0.8657960544595721,0.005557099194220649,1675.1422788831835,1813.3350000000003,2524.307,3245.7529999999997,-3.2236015377350213,0.0,9.100999999999658,0.0,0.0110845494739588,0.0030713844604603,0.0012953367875647,0.0114812945931468
node,32,0.8710752986940817,0.00027785495971099916,1681.0938293460927,1813.3350000000003,2580.5559999999996,3245.7529999999997,2.7279489251741325,0.0,65.34999999999945,0.0,0.029742630431703,0.0081041327139778,0.0006476683937823,0.0251664753349022
node,33,0.8713531536537927,0.0,1678.3658804209185,1813.3350000000003,2515.206,3245.7529999999997,0.0,0.0,0.0,0.0,0.0370399722688594,0.0049123496866144,0.0032383419689119,0.0151620323235279
node,34,0.8710752986940817,0.00027785495971099916,1678.557893141946,1813.3350000000003,2515.206,3245.7529999999997,0.19201272102736766,0.0,0.0,0.0,0.0199692040245436,0.0013449728654639,0.001943005181347,0.0036123527998333
node,35,0.8702417338149486,0.0011114198388441077,1681.4513588761174,1813.3350000000003,2515.206,3245.7529999999997,3.0854784551988814,0.0,0.0,0.0,0.0204485006203451,0.0013304270630528,0.0038860103626943,0.0019334213753763
node,36,0.8713531536537927,0.0,1678.3658804209185,1813.3350000000003,2515.206,3245.7529999999997,0.0,0.0,0.0,0.0,0.0318632902377207,0.0011862033286708,0.0006476683937823,0.0031950116608991
node,37,0.8710752986940817,0.00027785495971099916,1678.516666985646,1813.3350000000003,2515.206,3245.7529999999997,0.15078656472746843,0.0,0.0,0.0,0.0001251824893648,0.0001186237876494,0.0,0.0003855727757582
node,38,0.8713531536537927,0.0,1678.4451884566324,1813.3350000000003,2515.206,3245.7529999999997,0.07930803571389333,0.0,0.0,0.0,0.0038083387071045,0.0002219182704196,0.0006476683937823,0.000190214064376
node,39,0.8713531536537927,0.0,1679.1736890943878,1813.3350000000003,2515.206,3257.4392500000004,0.8078086734692533,0.0,0.0,11.686250000000655,0.0118827789757057,0.0033779200051221,0.0006476683937823,0.0017938215435793
node,40,0.8710752986940817,0.00027785495971099916,1681.6177728867624,1813.3350000000003,2537.4039999999986,3245.7529999999997,3.2518924658438664,0.0,22.1979999999985,0.0,0.012844894199196,0.0011746607477207,0.0012953367875647,0.0011551360745266
node,41,0.8713531536537927,0.0,1679.830995854592,1813.3350000000003,2528.4645,3245.7529999999997,1.465115433673418,0.0,13.258499999999913,0.0,0.0007202901672245,5.0419939022590526e-05,0.001943005181347,7.352202382262205e-05
node,42,0.8710752986940817,0.00027785495971099916,1678.3390283891547,1813.3350000000003,2515.206,3245.7529999999997,-0.026852031763837658,0.0,0.0,0.0,0.0023597002690582,0.0001549307841359,0.001943005181347,0.0003704538657786
node,43,0.8694081689358155,0.0019449847179772162,1677.4681537232343,1813.3350000000003,2516.2900000000013,3245.7529999999997,-0.8977266976842202,0.0,1.084000000001197,0.0,2.5387057819783408e-05,8.224111082441149e-06,0.0025906735751294,7.819430977577216e-05
node,44,0.8696860238955265,0.001667129758266217,1677.6174581469647,1813.3350000000003,2515.7479999999996,3245.7529999999997,-0.7484222739537927,0.0,0.5419999999994616,0.0,0.0031294932836515,0.0016770305607694,0.0025906735751294,0.0092763063337334
node,45,0.8669074742984162,0.004445679355376542,1689.949288782051,1818.8680000000002,2522.1928999999996,3245.7529999999997,11.58340836113257,5.532999999999902,6.986899999999423,0.0,0.0127947677575524,0.0009807902265332,0.0064766839378237,0.0034529050392658
node,46,0.8710752986940817,0.00027785495971099916,1678.3735505582138,1813.3350000000003,2515.206,3245.7529999999997,0.0076701372952356905,0.0,0.0,0.0,0.0002755738900078,1.2273976442327272e-05,0.0006476683937823,6.585457022776875e-05
node,47,0.8713531536537927,0.0,1678.3658804209185,1813.3350000000003,2515.206,3245.7529999999997,0.0,0.0,0.0,0.0,0.0032980295959793,0.0002976601976596,0.0012953367875647,0.0028824448801507
node,48,0.8713531536537927,0.0,1678.9597241709184,1813.3350000000003,2563.9210000000003,3245.7529999999997,0.5938437499999054,0.0,48.715000000000146,0.0,0.0093496742798337,0.0002548603821161,0.001943005181347,0.0007827937643956
node,49,0.8713531536537927,0.0,1678.3658804209185,1813.3350000000003,2515.206,3245.7529999999997,0.0,0.0,0.0,0.0,0.0019067572456183,0.0010890456742745,0.0,0.0058729754266756
node,50,0.856348985829397,0.015004167824395731,1635.439925697599,1799.199,2436.3500000000004,2893.32,-42.92595472331959,-14.136000000000195,-78.85599999999977,-352.43299999999954,0.0001100142087328,2.917388603577124e-05,0.0,0.0003388531738679
node,51,0.8699638788552375,0.0013892747985552178,1677.9966397317153,1813.3350000000003,2515.206,3245.7529999999997,-0.36924068920325226,0.0,0.0,0.0,0.0334782020621208,0.0055628598520882,0.0038860103626943,0.0228427331276198
node,52,0.8713531536537927,0.0,1686.5486033163265,1813.3350000000003,2570.614,3309.5359999999996,8.182722895408006,0.0,55.4079999999999,63.7829999999999,0.0322747812756165,0.0025297585932363,0.0006476683937823,0.0061209766524781
node,53,0.8710752986940817,0.00027785495971099916,1679.3786255183413,1813.3350000000003,2515.206,3245.7529999999997,1.012745097422794,0.0,0.0,0.0,0.0508708113217189,0.0021132218293099,0.0006476683937823,0.0049793389611419
node,54,0.8710752986940817,0.00027785495971099916,1698.1045830940989,1813.3350000000003,2789.609000000001,3319.890000000001,19.73870267318034,0.0,274.4030000000007,74.13700000000108,0.0630355052037835,0.013918513369218,0.005181347150259,0.074123325880678
node,55,0.8713531536537927,0.0,1678.3658804209185,1813.3350000000003,2515.206,3245.7529999999997,0.0,0.0,0.0,0.0,0.0051170188383337,0.0004525035637645,0.0006476683937823,0.001663168490669
node,56,0.8713531536537927,0.0,1678.3658804209185,1813.3350000000003,2515.206,3245.7529999999997,0.0,0.0,0.0,0.0,0.005783076736999,0.000146260803183,0.0006476683937823,0.00031170521816
node,57,0.8696860238955265,0.001667129758266217,1676.4707255591056,1813.3350000000003,2503.847,3245.7529999999997,-1.8951548618128982,0.0,-11.358999999999924,0.0,0.0094573798113955,0.0020227577341684,0.0025906735751294,0.0107721214393356
node,58,0.8710752986940817,0.00027785495971099916,1680.9846858054227,1813.3350000000003,2586.4350000000004,3245.7529999999997,2.618805384504185,0.0,71.22900000000027,0.0,0.0112354695089041,0.0011463180488869,0.0012953367875647,0.0020540626800625
node,59,0.8385662684078911,0.032786885245901676,1653.8890675944335,1775.263,2583.6890000000008,3515.656,-24.476812826485002,-38.072000000000344,68.48300000000063,269.90300000000025,0.0280979150136818,0.0140442123017312,0.001943005181347,0.0676653103015859
node,60,0.8641289247013059,0.007224228952486866,1668.2300427652733,1808.5405,2468.4634,3245.7529999999997,-10.135837655645219,-4.794500000000198,-46.74260000000004,0.0,0.001224899783796,0.0004774242945942,0.0006476683937823,0.0037727961159743
node,61,0.8713531536537927,0.0,1678.454533482143,1813.3350000000003,2515.206,3245.7529999999997,0.08865306122447691,0.0,0.0,0.0,0.0056634224707487,0.0003849079805449,0.0006476683937823,0.0005050139526832
node,62,0.8696860238955265,0.001667129758266217,1675.9212635782746,1813.3350000000003,2503.847,3245.7529999999997,-2.4446168426438817,0.0,-11.358999999999924,0.0,0.0173514501465155,0.014791418515079,0.0012953367875647,0.0385541932347126
node,63,0.8710752986940817,0.00027785495971099916,1678.041573524721,1813.3350000000003,2515.206,3245.7529999999997,-0.3243068961976405,0.0,0.0,0.0,0.0039006049199958,0.0002262415424801,0.0006476683937823,0.000229572381557
node,64,0.8707974437343706,0.0005557099194221093,1678.5634556477346,1813.3350000000003,2513.5215000000017,3258.658949999999,0.19757522681607043,0.0,-1.6844999999984793,12.905949999999393,0.0157997549398029,0.0036213608543954,0.0012953367875647,0.002124058978094
node,65,0.8707974437343706,0.0005557099194221093,1677.4607622846204,1813.3350000000003,2513.5215000000017,3245.7529999999997,-0.9051181362981424,0.0,-1.6844999999984793,0.0,0.0009559693568801,0.0003635597848095,0.0,0.0029444673958964
node,66,0.8705195887746596,0.0008335648791331085,1676.8650309607406,1813.3350000000003,2508.442200000001,3201.565,-1.5008494601779603,0.0,-6.763799999999264,-44.18799999999965,0.0002024386997552,0.0001418623738887,0.0,0.0006235285125061
node,67,0.8713531536537927,0.0,1678.3658804209185,1813.3350000000003,2515.206,3245.7529999999997,0.0,0.0,0.0,0.0,0.0010650425243045,0.0004169838436083,0.0,0.0032804220820342
node,68,0.8713531536537927,0.0,1678.5206412627554,1813.3350000000003,2515.206,3245.7529999999997,0.1547608418368327,0.0,0.0,0.0,0.0072642189488148,0.0056445432037835,0.0012953367875647,0.0222186925568384
node,69,0.8713531536537927,0.0,1678.3658804209185,1813.3350000000003,2515.206,3245.7529999999997,0.0,0.0,0.0,0.0,0.0058120865754707,0.0046572152897987,0.0,0.0179017238371018
node,70,0.8696860238955265,0.001667129758266217,1675.9517696485623,1813.3350000000003,2503.847,3245.7529999999997,-2.4141107723562527,0.0,-11.358999999999924,0.0,0.0010839770035566,0.000478620497528,0.0,0.0033387418978474
node,71,0.8688524590163934,0.0025006946373993255,1675.1397070674768,1813.3350000000003,2503.847,3245.7529999999997,-3.226173353441709,0.0,-11.358999999999924,0.0,0.0049530049916058,0.0005294024552539,0.0012953367875647,0.0034193794390583
node,72,0.8680188941372603,0.003334259516532434,1674.4087112676057,1813.3350000000003,2503.847,3245.7529999999997,-3.9571691533128615,0.0,-11.358999999999924,0.0,0.0049530049916058,0.0005294024552539,0.0012953367875647,0.0034193794390583
node,73,0.8707974437343706,0.0005557099194221093,1681.1758190810465,1813.3350000000003,2600.4438000000046,3245.7529999999997,2.809938660127955,0.0,85.23780000000443,0.0,0.0090587267535343,0.0006423222776619,0.001943005181347,0.0014226646531957
node,74,0.8255070853014727,0.04584606835232008,1756.7993160552,1875.4920000000004,2585.4180000000006,3515.656,78.43343563428152,62.15700000000015,70.21200000000044,269.90300000000025,0.0093205344664844,0.0029649020936217,0.0,0.0287080434653846
node,75,0.8710752986940817,0.00027785495971099916,1679.1969381180222,1813.3350000000003,2515.206,3245.7529999999997,0.831057697103688,0.0,0.0,0.0,0.0002624891225287,3.896038541056688e-05,0.0006476683937823,0.0002749905408072
node,76,0.8710752986940817,0.00027785495971099916,1679.5565575757576,1813.3350000000003,2515.206,3245.7529999999997,1.1906771548390225,0.0,0.0,0.0,0.0073698294973018,3.900064291947614e-05,0.0038860103626943,5.637562316785455e-05
node,77,0.8707974437343706,0.0005557099194221093,1681.923952776005,1813.3350000000003,2515.206,3245.7529999999997,3.5580723550865514,0.0,0.0,0.0,0.0124217417363443,0.0006859400803333,0.001943005181347,0.0009621872878897
node,78,0.8710752986940817,0.00027785495971099916,1678.6806807017545,1813.3350000000003,2515.206,3245.7529999999997,0.31480028083592515,0.0,0.0,0.0,0.0048190947384574,0.0008827297052573,0.0012953367875647,0.0020812367756482
node,79,0.8710752986940817,0.00027785495971099916,1678.5983754385963,1813.3350000000003,2515.206,3245.7529999999997,0.23249501767782021,0.0,0.0,0.0,6.83335315873449e-05,2.5414769380245983e-05,0.001943005181347,0.00021047312276
node,80,0.8710752986940817,0.00027785495971099916,1678.5983754385963,1813.3350000000003,2515.206,3245.7529999999997,0.23249501767782021,0.0,0.0,0.0,0.0072830837799843,3.790122382971207e-05,0.0032383419689119,5.183944367142658e-05
node,81,0.8713531536537927,0.0,1678.3658804209185,1813.3350000000003,2515.206,3245.7529999999997,0.0,0.0,0.0,0.0,0.0059592889864701,0.0012309667604597,0.0006476683937823,0.0030257601351523
node,82,0.8710752986940817,0.00027785495971099916,1678.7757371610844,1813.3350000000003,2515.206,3245.7529999999997,0.40985674016587836,0.0,0.0,0.0,0.0005102938815188,0.0001259706496268,0.0012953367875647,0.0002455551357198
node,83,0.8713531536537927,0.0,1678.3658804209185,1813.3350000000003,2515.206,3245.7529999999997,0.0,0.0,0.0,0.0,0.0384594999301138,0.0021212081541606,0.001943005181347,0.0051799167136401
node,84,0.8710752986940817,0.00027785495971099916,1678.7925897926632,1813.3350000000003,2515.206,3245.7529999999997,0.42670937174466417,0.0,0.0,0.0,0.00540838423776,0.0013491972084065,0.0038860103626943,0.0057518623222685
node,85,0.8707974437343706,0.0005557099194221093,1678.7546295469049,1813.3350000000003,2515.206,3245.7529999999997,0.3887491259863509,0.0,0.0,0.0,0.0068715055566251,0.0003277839595654,0.0006476683937823,0.0004731321661824
node,86,0.8713531536537927,0.0,1679.653436862245,1813.3350000000003,2515.206,3245.7529999999997,1.2875564413263874,0.0,0.0,0.0,0.0109209489543106,0.0008355377910321,0.0012953367875647,0.000886102005358
node,87,0.8707974437343706,0.0005557099194221093,1679.038978940651,1813.3350000000003,2515.206,3245.7529999999997,0.6730985197325481,0.0,0.0,0.0,0.007630085271982,0.0010547200364101,0.0012953367875647,0.004546365551966
node,88,0.8710752986940817,0.00027785495971099916,1678.5685719298247,1813.3350000000003,2515.206,3245.7529999999997,0.20269150890612764,0.0,0.0,0.0,0.0076378064036238,0.0020237018360565,0.001943005181347,0.0086057006024675
node,89,0.8710752986940817,0.00027785495971099916,1678.5314041467304,1813.3350000000003,2515.206,3245.7529999999997,0.16552372581190866,0.0,0.0,0.0,0.0360048459631583,0.0107429638673506,0.001943005181347,0.0252947456021103
node,90,0.8710752986940817,0.00027785495971099916,1678.5001358851675,1813.3350000000003,2515.206,3245.7529999999997,0.13425546424900858,0.0,0.0,0.0,0.0404914975100856,0.0099915317205889,0.0025906735751294,0.0229961367804837
node,91,0.8699638788552375,0.0013892747985552178,1679.4423136378152,1813.3350000000003,2515.206,3245.7529999999997,1.076433216896703,0.0,0.0,0.0,0.0483687340830685,0.0130733897993106,0.0038860103626943,0.0391524941264441
node,92,0.8707974437343706,0.0005557099194221093,1678.8139097000637,1813.3350000000003,2515.206,3245.7529999999997,0.44802927914520296,0.0,0.0,0.0,0.0377751320424893,0.0075294460030594,0.0006476683937823,0.0191165134171431
node,93,0.8702417338149486,0.0011114198388441077,1685.1858780332057,1813.3350000000003,2542.029600000001,3259.8786499999983,6.819997612287125,0.0,26.82360000000108,14.125649999998586,0.0397863926815485,0.0065182330878304,0.0025906735751294,0.0290836149455709
node,94,0.8699638788552375,0.0013892747985552178,1693.1629038645801,1823.145,2554.241000000001,3305.1370000000006,14.797023443661601,9.809999999999718,39.035000000000764,59.384000000000924,0.0408532911637785,0.0063014833448861,0.0045336787564766,0.0252501389058482
node,95,0.8710752986940817,0.00027785495971099916,1683.4580370015951,1813.3350000000003,2538.9803999999995,3258.049099999997,5.092156580676601,0.0,23.774399999999332,12.296099999997296,0.040355241551087,0.0035215037675945,0.0025906735751294,0.0132169277452877
node,96,0.8705195887746596,0.0008335648791331085,1684.9492234280244,1818.8680000000002,2541.013200000002,3259.2687999999957,6.583343007105896,5.532999999999902,25.807200000002013,13.515799999996034,0.0952657317491805,0.0135735159175759,0.0045336787564766,0.0421244860603052
node,97,0.8707974437343706,0.0005557099194221093,1678.8928669432037,1813.3350000000003,2515.206,3245.7529999999997,0.5269865222851422,0.0,0.0,0.0,0.0037570185552985,0.002075402583777,0.0006476683937823,0.0106811365757912
node,98,0.8710752986940817,0.00027785495971099916,1678.5800226475278,1813.3350000000003,2515.206,3245.7529999999997,0.21414222660928317,0.0,0.0,0.0,0.0008750151979675,0.0004143199252175,0.0,0.0026951216613652
node,99,0.8713531536537927,0.0,1678.8641304209186,1813.3350000000003,2515.206,3245.7529999999997,0.4982500000000982,0.0,0.0,0.0,0.0006252337578768,2.0717109423332657e-05,0.0006476683937823,3.59290061901964e-05
node,100,0.8710752986940817,0.00027785495971099916,1679.0290398724082,1813.3350000000003,2515.206,3245.7529999999997,0.6631594514897188,0.0,0.0,0.0,0.0081919994867541,0.0010179884175491,0.001943005181347,0.0038615471731293
node,101,0.8682967490969714,0.003056404556821324,1678.8743795200003,1813.3350000000003,2518.4579999999996,3245.7529999999997,0.508499099081746,0.0,3.251999999999498,0.0,0.0250266837217846,0.0143006342915759,0.0071243523316061,0.0770843267264288
node,102,0.8696860238955265,0.001667129758266217,1676.661756549521,1813.3350000000003,2503.847,3245.7529999999997,-1.7041238713975417,0.0,-11.358999999999924,0.0,0.0049367872137385,0.0036955033362847,0.0012953367875647,0.0141444487891231
node,103,0.8713531536537927,0.0,1678.3658804209185,1813.3350000000003,2515.206,3245.7529999999997,0.0,0.0,0.0,0.0,0.0012114788088877,0.001070832861723,0.0,0.003731458365183
node,104,0.8713531536537927,0.0,1678.3658804209185,1813.3350000000003,2515.206,3245.7529999999997,0.0,0.0,0.0,0.0,0.0015790882443839,0.0013408362737794,0.0,0.0048637268730095
node,105,0.8713531536537927,0.0,1678.3658804209185,1813.3350000000003,2515.206,3245.7529999999997,0.0,0.0,0.0,0.0,3.740654150515159e-05,4.056439620623167e-07,0.0,7.771275994972198e-07
node,106,0.8713531536537927,0.0,1678.3658804209185,1813.3350000000003,2515.206,3245.7529999999997,0.0,0.0,0.0,0.0,0.0004567514897106,0.0002435878695874,0.0,0.001406833660306
node,107,0.8710752986940817,0.00027785495971099916,1678.5892969696968,1813.3350000000003,2515.206,3245.7529999999997,0.22341654877823203,0.0,0.0,0.0,0.001028748371612,0.0004025865908501,0.0006476683937823,0.0019192492157274
node,108,0.8705195887746596,0.0008335648791331085,1678.2797181615065,1813.3350000000003,2515.206,3245.7529999999997,-0.08616225941204902,0.0,0.0,0.0,0.0033156869664233,0.0016156641971323,0.0006476683937823,0.0102125994911528
node,109,0.8713531536537927,0.0,1678.3658804209185,1813.3350000000003,2515.206,3245.7529999999997,0.0,0.0,0.0,0.0,0.0,0.0,0.0,0.0
node,110,0.8710752986940817,0.00027785495971099916,1678.21061307815,1813.3350000000003,2515.206,3245.7529999999997,-0.15526734276863863,0.0,0.0,0.0,0.0093756035175313,0.0012546849474671,0.0006476683937823,0.0006559787514433
node,111,0.8710752986940817,0.00027785495971099916,1678.2400462519936,1813.3350000000003,2515.206,3245.7529999999997,-0.12583416892493915,0.0,0.0,0.0,0.036428493126209,0.0046156111567939,0.0038860103626943,0.0044965859092561
node,112,0.8713531536537927,0.0,1681.4040079719389,1813.3350000000003,2537.4760000000006,3257.4392500000004,3.0381275510203523,0.0,22.270000000000437,11.686250000000655,0.0529545355751366,0.0022840034006801,0.0012953367875647,0.0068543756827691
node,113,0.8713531536537927,0.0,1678.3658804209185,1813.3350000000003,2515.206,3245.7529999999997,0.0,0.0,0.0,0.0,0.0187597878090113,0.0017765503049673,0.0006476683937823,0.0030302443427138
node,114,0.8713531536537927,0.0,1678.3658804209185,1813.3350000000003,2515.206,3245.7529999999997,0.0,0.0,0.0,0.0,0.002166307952283,0.000182063271624,0.0006476683937823,0.0008747620732153
node,115,0.8713531536537927,0.0,1678.4785353954085,1813.3350000000003,2515.206,3245.7529999999997,0.1126549744899421,0.0,0.0,0.0,0.0275930813718309,0.002401800557851,0.0006476683937823,0.0081639235066958
node,116,0.8710752986940817,0.00027785495971099916,1678.3375939393939,1813.3350000000003,2515.206,3245.7529999999997,-0.028286481524673945,0.0,0.0,0.0,0.0302712900573643,0.0048048729178818,0.0025906735751294,0.0180538903421898
node,117,0.8710752986940817,0.00027785495971099916,1678.738762998405,1813.3350000000003,2518.4579999999996,3245.7529999999997,0.3728825774865072,0.0,3.251999999999498,0.0,0.0182391822197214,0.0030585865303076,0.001943005181347,0.014510803506477
node,118,0.8710752986940817,0.00027785495971099916,1678.297545135566,1813.3350000000003,2515.206,3245.7529999999997,-0.06833528535253208,0.0,0.0,0.0,0.0123727225509614,0.0040808347268645,0.0012953367875647,0.0197168010433309
node,119,0.8713531536537927,0.0,1678.4516919642858,1813.3350000000003,2515.206,3245.7529999999997,0.08581154336729924,0.0,0.0,0.0,0.0041199421277664,0.0007611234782025,0.0012953367875647,0.002402369300545
node,120,0.8707974437343706,0.0005557099194221093,1678.3550660497765,1813.3350000000003,2515.206,3245.7529999999997,-0.010814371142032542,0.0,0.0,0.0,0.0077910516656703,0.0021421738900281,0.0045336787564766,0.0097189092062901
node,121,0.8710752986940817,0.00027785495971099916,1686.3451814992025,1813.3350000000003,2570.614,3309.5359999999996,7.979301078283925,0.0,55.4079999999999,63.7829999999999,0.0367022950046973,0.0056587864898886,0.0006476683937823,0.0267548761250806
node,122,0.8713531536537927,0.0,1678.3658804209185,1813.3350000000003,2515.206,3245.7529999999997,0.0,0.0,0.0,0.0,0.0352267297815309,0.0019818879421509,0.0012953367875647,0.0045516727988632
node,123,0.8713531536537927,0.0,1678.3658804209185,1813.3350000000003,2515.206,3245.7529999999997,0.0,0.0,0.0,0.0,0.0352267297815309,0.0019818879421509,0.0012953367875647,0.0045516727988632
node,124,0.8713531536537927,0.0,1697.8354036989797,1813.3350000000003,2789.609000000001,3319.890000000001,19.46952327806116,0.0,274.4030000000007,74.13700000000108,0.0170281307919905,0.0019509387758132,0.0006476683937823,0.0031284349881167
node,125,0.8710752986940817,0.00027785495971099916,1697.9615942583732,1813.3350000000003,2789.609000000001,3319.890000000001,19.595713837454696,0.0,274.4030000000007,74.13700000000108,0.0349739243302168,0.0027490513107239,0.001943005181347,0.005834436008881
node,126,0.8710752986940817,0.00027785495971099916,1698.1045830940989,1813.3350000000003,2789.609000000001,3319.890000000001,19.73870267318034,0.0,274.4030000000007,74.13700000000108,0.0615531304505416,0.0132461594340042,0.005181347150259,0.0695574848335702
node,127,0.8710752986940817,0.00027785495971099916,1678.4052360446572,1813.3350000000003,2515.206,3245.7529999999997,0.03935562373862922,0.0,0.0,0.0,0.0347614657104287,0.0021184065566985,0.0012953367875647,0.005447107968421
node,128,0.8685746040566824,0.0027785495971103247,1677.6962767114526,1813.3350000000003,2515.206,3245.7529999999997,-0.6696037094659459,0.0,0.0,0.0,0.0136299076192758,0.0004843806687445,0.0058290155440414,0.0009530587154658
node,129,0.8713531536537927,0.0,1678.3658804209185,1813.3350000000003,2515.206,3245.7529999999997,0.0,0.0,0.0,0.0,0.0010794061590489,0.0005315151899357,0.0,0.0033246633057587
node,130,0.8710752986940817,0.00027785495971099916,1679.4333381180222,1813.3350000000003,2518.4579999999996,3267.3828999999996,1.0674576971036913,0.0,3.251999999999498,21.629899999999907,0.0153953728718572,0.0011098280740039,0.0012953367875647,0.001656958606722
node,131,0.8713531536537927,0.0,1678.3658804209185,1813.3350000000003,2515.206,3245.7529999999997,0.0,0.0,0.0,0.0,0.0002604216076876,0.0001612633634773,0.0,0.0008021208289831
node,132,0.8713531536537927,0.0,1678.3658804209185,1813.3350000000003,2515.206,3245.7529999999997,0.0,0.0,0.0,0.0,0.0006959724735118,0.0004207414164785,0.0006476683937823,0.002143654754149
node,133,0.8710752986940817,0.00027785495971099916,1679.084968740032,1813.3350000000003,2515.206,3245.7529999999997,0.7190883191135526,0.0,0.0,0.0,0.0180233991500092,0.008036151792716,0.0032383419689119,0.004704449055882
node,134,0.8713531536537927,0.0,1678.3658804209185,1813.3350000000003,2515.206,3245.7529999999997,0.0,0.0,0.0,0.0,0.0138184534503546,0.0005583364956158,0.0006476683937823,0.0009445175184934
node,135,0.8713531536537927,0.0,1678.3658804209185,1813.3350000000003,2515.206,3245.7529999999997,0.0,0.0,0.0,0.0,0.014157377790232,0.0008328409018396,0.0006476683937823,0.0007087487876906
node,136,0.8705195887746596,0.0008335648791331085,1678.3910616022984,1813.3350000000003,2515.206,3245.7529999999997,0.025181181379821282,0.0,0.0,0.0,0.0033332358995028,0.0004912591959547,0.0025906735751294,0.0018631901283206
node,137,0.8713531536537927,0.0,1680.4623313137756,1813.3350000000003,2526.011,3257.4392500000004,2.096450892857092,0.0,10.804999999999836,11.686250000000655,0.0139959757850889,0.0004334781901777,0.0006476683937823,0.0010585777218004
node,138,0.8710752986940817,0.00027785495971099916,1678.4585014354066,1813.3350000000003,2515.206,3245.7529999999997,0.0926210144880315,0.0,0.0,0.0,0.0209578367092878,0.0009464466521794,0.0006476683937823,0.0009597760053533
node,139,0.8710752986940817,0.00027785495971099916,1678.683507814992,1813.3350000000003,2515.206,3245.7529999999997,0.31762739407349727,0.0,0.0,0.0,0.0322798990322028,0.0010960724566161,0.0012953367875647,0.0032411534114284
node,140,0.8713531536537927,0.0,1678.3922509566326,1813.3350000000003,2515.206,3245.7529999999997,0.02637053571402248,0.0,0.0,0.0,0.0450658568587759,0.0035857435332257,0.0006476683937823,0.0071022496457708
node,141,0.8713531536537927,0.0,1678.3658804209185,1813.3350000000003,2515.206,3245.7529999999997,0.0,0.0,0.0,0.0,0.0055241738076787,0.001181847626869,0.0012953367875647,0.0013321660466669
node,142,0.8713531536537927,0.0,1678.3658804209185,1813.3350000000003,2515.206,3245.7529999999997,0.0,0.0,0.0,0.0,0.01420411684086,0.000221194693197,0.0006476683937823,0.0006083592342587
node,143,0.8705195887746596,0.0008335648791331085,1678.8326335780403,1813.3350000000003,2515.206,3245.7529999999997,0.4667531571217296,0.0,0.0,0.0,0.0,0.0,0.0006476683937823,0.0
node,144,0.8710752986940817,0.00027785495971099916,1678.5533569377992,1813.3350000000003,2515.206,3245.7529999999997,0.1874765168806789,0.0,0.0,0.0,0.0080238460795981,0.0004430043606728,0.0012953367875647,0.0003220302607806
node,145,0.8710752986940817,0.00027785495971099916,1678.6728303030302,1813.3350000000003,2515.206,3245.7529999999997,0.30694988211166674,0.0,0.0,0.0,0.0017076078829844,4.093526196187274e-06,0.0006476683937823,1.7707525051678267e-05
node,146,0.8713531536537927,0.0,1678.3658804209185,1813.3350000000003,2515.206,3245.7529999999997,0.0,0.0,0.0,0.0,0.0070025295880622,0.0002772720051195,0.0012953367875647,0.0007197009213624
node,147,0.8713531536537927,0.0,1681.2788746811225,1813.3350000000003,2535.9935,3245.7529999999997,2.912994260203959,0.0,20.78749999999991,0.0,0.0023338696866983,0.0009769497139505,0.0006476683937823,0.0006316761821705
node,148,0.8707974437343706,0.0005557099194221093,1677.9664116145502,1813.3350000000003,2515.206,3245.7529999999997,-0.3994688063683043,0.0,0.0,0.0,0.0104366594507972,8.39219160914042e-06,0.0012953367875647,2.250066582893064e-05
node,149,0.8710752986940817,0.00027785495971099916,1679.169353110048,1818.287,2515.206,3245.7529999999997,0.8034726891294213,4.951999999999771,0.0,0.0,0.0429195260076103,0.0022112713195476,0.0032383419689119,0.0046740442666768
node,150,0.8713531536537927,0.0,1678.3658804209185,1813.3350000000003,2515.206,3245.7529999999997,0.0,0.0,0.0,0.0,0.0053494383842858,0.0003818953786315,0.0012953367875647,0.0007939659951843
node,151,0.8705195887746596,0.0008335648791331085,1678.849627832748,1813.3350000000003,2515.206,3245.7529999999997,0.4837474118294267,0.0,0.0,0.0,0.0034034265309599,0.0003386315637821,0.001943005181347,0.0006164102941213
node,152,0.8707974437343706,0.0005557099194221093,1681.9055500957243,1813.3350000000003,2539.313600000003,3258.658949999999,3.5396696748057366,0.0,24.107600000003004,12.905949999999393,0.0535514774794441,0.0029892232390913,0.0025906735751294,0.0092448690794502
node,153,0.8710752986940817,0.00027785495971099916,1678.6791065390748,1813.3350000000003,2515.206,3245.7529999999997,0.3132261181563081,0.0,0.0,0.0,0.0012378099805962,5.654214225212834e-05,0.0006476683937823,7.961516788140403e-05
node,154,0.8713531536537927,0.0,1678.3698829719388,1813.3350000000003,2515.206,3245.7529999999997,0.00400255102022129,0.0,0.0,0.0,0.0294578738312199,0.0023461690838492,0.001943005181347,0.007815926478375
node,155,0.8707974437343706,0.0005557099194221093,1682.3460500957242,1813.3350000000003,2539.996800000003,3258.658949999999,3.9801696748056656,0.0,24.790800000002946,12.905949999999393,0.1085253634653243,0.0163532334776577,0.0045336787564766,0.0506518189880725
node,156,0.8710752986940817,0.00027785495971099916,1678.478068261563,1813.3350000000003,2515.206,3245.7529999999997,0.11218784064453757,0.0,0.0,0.0,0.0734041415826478,0.0116145142539478,0.0006476683937823,0.0382291766808218
node,157,0.8707974437343706,0.0005557099194221093,1678.6350982769623,1813.3350000000003,2515.206,3245.7529999999997,0.26921785604372417,0.0,0.0,0.0,0.0617078249703962,0.0018611575569231,0.0006476683937823,0.0028236703885844
node,158,0.8710752986940817,0.00027785495971099916,1678.5305001594895,1813.3350000000003,2515.206,3245.7529999999997,0.1646197385709911,0.0,0.0,0.0,0.0005057238701797,0.0002089337542841,0.0006476683937823,0.0006242308939426
node,159,0.8713531536537927,0.0,1678.4287771045917,1813.3350000000003,2515.206,3245.7529999999997,0.0628966836732161,0.0,0.0,0.0,0.0258224866363429,0.0017170431395221,0.0006476683937823,0.0043094256577494
node,160,0.8707974437343706,0.0005557099194221093,1678.6391853860882,1813.3350000000003,2515.206,3245.7529999999997,0.27330496516970015,0.0,0.0,0.0,0.027921874738686,0.0002795255439646,0.0012953367875647,0.001602785532071
node,161,0.8707974437343706,0.0005557099194221093,1678.6955437141037,1813.3350000000003,2515.206,3245.7529999999997,0.3296632931851491,0.0,0.0,0.0,0.0307656250239675,0.0061002854195646,0.001943005181347,0.0091574969295271
node,162,0.8710752986940817,0.00027785495971099916,1678.862956937799,1813.3350000000003,2515.206,3245.7529999999997,0.49707651688049737,0.0,0.0,0.0,0.0098847946270323,0.0011789173015171,0.0025906735751294,0.0042223933362235
node,163,0.8713531536537927,0.0,1678.8961980229592,1813.3350000000003,2515.206,3245.7529999999997,0.5303176020406681,0.0,0.0,0.0,0.0080416747433135,0.0001610230966284,0.0006476683937823,0.0006483271172987
node,164,0.8710752986940817,0.00027785495971099916,1678.541996491228,1813.3350000000003,2515.206,3245.7529999999997,0.17611607030949017,0.0,0.0,0.0,0.0002634748850136,3.969164663463093e-05,0.0006476683937823,0.000271580584352
node,165,0.8713531536537927,0.0,1679.3710452806124,1813.3350000000003,2515.206,3245.7529999999997,1.0051648596938776,0.0,0.0,0.0,0.0064080835850954,0.0002522941100918,0.0006476683937823,0.0002691927085143
node,166,0.8710752986940817,0.00027785495971099916,1678.6193814992025,1813.3350000000003,2515.206,3245.7529999999997,0.25350107828398905,0.0,0.0,0.0,0.0034027583084581,0.0003615431300135,0.0006476683937823,0.0024666912304997
node,167,0.8710752986940817,0.00027785495971099916,1680.3151913875597,1813.3350000000003,2515.206,3245.7529999999997,1.9493109666411783,0.0,0.0,0.0,0.0003180222607936,9.608535635124078e-05,0.0032383419689119,0.0005983199375422
node,168,0.8710752986940817,0.00027785495971099916,1679.9632468899522,1813.3350000000003,2515.206,3245.7529999999997,1.597366469033659,0.0,0.0,0.0,0.0074105524264524,0.0005413689828917,0.0006476683937823,0.0003777595685702
node,169,0.8674631842178383,0.0038899694359544323,1668.425780589366,1813.3350000000003,2503.847,3116.9300000000003,-9.940099831552516,0.0,-11.358999999999924,-128.8229999999994,0.001996917979918,0.0005514529278569,0.0,0.0061506782009594
node,170,0.8049458182828564,0.06640733537093635,1588.3600711080428,1712.2659999999998,2466.127000000001,2893.32,-90.00580931287573,-101.06900000000041,-49.07899999999927,-352.43299999999954,0.0110207065903807,0.0049457580694022,0.0,0.0339447190451982
node,171,0.8713531536537927,0.0,1678.3658804209185,1813.3350000000003,2515.206,3245.7529999999997,0.0,0.0,0.0,0.0,0.0117901645505446,6.308660985044721e-05,0.0,0.0004736415439872
node,172,0.8713531536537927,0.0,1678.3658804209185,1813.3350000000003,2515.206,3245.7529999999997,0.0,0.0,0.0,0.0,0.0117901645505446,0.0031385892908686,0.0,0.0363147153844212
node,173,0.8710752986940817,0.00027785495971099916,1678.3948159489632,1813.3350000000003,2515.206,3245.7529999999997,0.028935528044712555,0.0,0.0,0.0,0.0,0.0,0.0,0.0
node,174,0.8713531536537927,0.0,1678.3658804209185,1813.3350000000003,2515.206,3245.7529999999997,0.0,0.0,0.0,0.0,0.0,0.0,0.0,0.0
node,175,0.8710752986940817,0.00027785495971099916,1709.88002169059,1860.0680000000002,2689.2070000000003,3365.9299999999985,31.514141269671427,46.73299999999995,174.0010000000002,120.17699999999877,0.0199949938053203,0.0016711361166478,0.0032383419689119,0.0020791119732047
node,176,0.8713531536537927,0.0,1678.373247767857,1813.3350000000003,2515.206,3245.7529999999997,0.00736734693850849,0.0,0.0,0.0,0.0060154480756229,2.5015545544464956e-05,0.0006476683937823,8.973102059039847e-05
node,177,0.8713531536537927,0.0,1678.3658804209185,1813.3350000000003,2515.206,3245.7529999999997,0.0,0.0,0.0,0.0,0.0024624806250684,1.293592614122415e-05,0.0025906735751294,4.07400582837519e-05
node,178,0.8710752986940817,0.00027785495971099916,1677.9041802232853,1813.3350000000003,2515.206,3245.7529999999997,-0.4617001976332631,0.0,0.0,0.0,0.0182094997580586,0.0001505097959581,0.0006476683937823,0.0007193675483141
node,179,0.8705195887746596,0.0008335648791331085,1678.3522231088416,1813.3350000000003,2508.442200000001,3294.8601999999746,-0.013657312076929884,0.0,-6.763799999999264,49.10719999997491,0.0031234187158262,0.0001153644397432,0.0,0.000546556105277
node,180,0.8705195887746596,0.0008335648791331085,1678.3522231088416,1813.3350000000003,2508.442200000001,3294.8601999999746,-0.013657312076929884,0.0,-6.763799999999264,49.10719999997491,0.0035048428742797,0.0001404279203575,0.0,0.0007692123297639
node,181,0.8705195887746596,0.0008335648791331085,1683.519551228854,1813.3350000000003,2614.0434,3270.945999999999,5.153670807935441,0.0,98.83739999999989,25.1929999999993,0.0172861648166651,0.002350683543183,0.0071243523316061,0.0130790630630969
node,182,0.8696860238955265,0.001667129758266217,1683.8210785942492,1813.3350000000003,2614.1591999999996,3270.945999999999,5.4551981733307,0.0,98.95319999999947,25.1929999999993,0.0193805636794222,0.0033320667617072,0.0071243523316061,0.01952999072203
node,183,0.8710752986940817,0.00027785495971099916,1678.2220673046252,1813.3350000000003,2515.206,3245.7529999999997,-0.1438131162933587,0.0,0.0,0.0,0.0107717580881985,0.0001667531540648,0.0032383419689119,0.0005684349057938
node,184,0.8710752986940817,0.00027785495971099916,1678.2555649122808,1813.3350000000003,2515.206,3245.7529999999997,-0.11031550863776829,0.0,0.0,0.0,0.0012232967344239,6.709621665874179e-05,0.001943005181347,0.000233029623297
node,185,0.8710752986940817,0.00027785495971099916,1681.4300133971292,1813.3350000000003,2528.5598,3245.7529999999997,3.064132976210658,0.0,13.353799999999865,0.0,0.0108239902682781,0.0001275674380205,0.0006476683937823,0.0002342761763942
node,186,0.8710752986940817,0.00027785495971099916,1681.4300133971292,1813.3350000000003,2528.5598,3245.7529999999997,3.064132976210658,0.0,13.353799999999865,0.0,0.0107936248649871,0.0001122084053709,0.0012953367875647,0.0001407481367032
node,187,0.8713531536537927,0.0,1679.5393616071428,1813.3350000000003,2517.916,3245.7529999999997,1.1734811862243077,0.0,2.7100000000000364,0.0,0.0305199751598398,0.0033877289723696,0.0012953367875647,0.0061097953933764
node,188,0.8707974437343706,0.0005557099194221093,1683.3172437779197,1813.3350000000003,2614.0121,3270.945999999999,4.951363357001128,0.0,98.80609999999979,25.1929999999993,0.0093253062851479,0.0003397813271112,0.0006476683937823,0.0009383166425874
node,189,0.8696860238955265,0.001667129758266217,1676.4707255591056,1813.3350000000003,2503.847,3245.7529999999997,-1.8951548618128982,0.0,-11.358999999999924,0.0,0.0088725562879174,0.0024074824301496,0.0012953367875647,0.0155312767773801
node,190,0.8680188941372603,0.003334259516532434,1672.8306235595394,1813.3350000000003,2503.847,3201.565,-5.535256861379139,0.0,-11.358999999999924,-44.18799999999965,0.0091576506332095,0.0003348394590401,0.0077720207253886,0.001097264779627
node,191,0.8713531536537927,0.0,1678.3658804209185,1813.3350000000003,2515.206,3245.7529999999997,0.0,0.0,0.0,0.0,0.0040852006914428,0.0011884995496742,0.0006476683937823,0.0098680680553689
node,192,0.8710752986940817,0.00027785495971099916,1697.413239553429,1813.3350000000003,2789.609000000001,3319.890000000001,19.047359132510564,0.0,274.4030000000007,74.13700000000108,0.0179605583341839,0.0029049865658832,0.0006476683937823,0.0119704044782019
node,193,0.8713531536537927,0.0,1678.3658804209185,1813.3350000000003,2515.206,3245.7529999999997,0.0,0.0,0.0,0.0,0.0019067572456183,0.0010890456742745,0.0,0.0058729754266756
node,194,0.8669074742984162,0.004445679355376542,1683.277451923077,1819.571,2564.23,3515.656,4.911571502158495,6.235999999999649,49.02399999999989,269.90300000000025,0.0049970511618333,0.0001356178884124,0.0045336787564766,0.0008296719810032
node,195,0.8621839399833287,0.009169213670464083,1685.2356812761843,1829.9889999999998,2573.520600000002,3515.656,6.869800855265794,16.65399999999954,58.314600000001974,269.90300000000025,0.0049970511618333,0.0001356178884124,0.0045336787564766,0.0008296719810032
node,196,0.8710752986940817,0.00027785495971099916,1689.070746092504,1846.6500000000003,2515.206,3245.7529999999997,10.704865671585367,33.315000000000055,0.0,0.0,0.0051872011409104,0.0002435246351342,0.0025906735751294,0.0014153501826036
node,197,0.8710752986940817,0.00027785495971099916,1689.070746092504,1846.6500000000003,2515.206,3245.7529999999997,10.704865671585367,33.315000000000055,0.0,0.0,0.0050415962039653,0.000194191268747,0.0025906735751294,0.0009668745212964
node,198,0.8710752986940817,0.00027785495971099916,1677.836724401914,1813.3350000000003,2515.206,3214.821399999988,-0.5291560190046312,0.0,0.0,-30.931600000011713,0.0182094997580586,0.0001505097959581,0.0032383419689119,0.0007193675483141
node,199,0.8707974437343706,0.0005557099194221093,1677.3297843012124,1813.3350000000003,2513.5215000000017,3201.565,-1.0360961197061442,0.0,-1.6844999999984793,-44.18799999999965,0.0182094997580586,0.0001505097959581,0.0032383419689119,0.0007193675483141
node,200,0.8705195887746596,0.0008335648791331085,1677.1079591445898,1813.3350000000003,2508.442200000001,3245.7529999999997,-1.257921276328716,0.0,-6.763799999999264,0.0,0.0182094997580586,0.0001505097959581,0.0032383419689119,0.0007193675483141
node,201,0.8699638788552375,0.0013892747985552178,1676.0465844778028,1813.3350000000003,2503.847,3245.7529999999997,-2.319295943115776,0.0,-11.358999999999924,0.0,0.0027383154256955,2.088484488158507e-05,0.0032383419689119,6.361638110398654e-05
node,202,0.8713531536537927,0.0,1678.3658804209185,1813.3350000000003,2515.206,3245.7529999999997,0.0,0.0,0.0,0.0,0.0004232483501551,1.5387243071164793e-05,0.0,0.0001539263572612
node,203,0.8707974437343706,0.0005557099194221093,1678.5941783663047,1813.3350000000003,2519.0000000000014,3245.7529999999997,0.22829794538620263,0.0,3.7940000000012333,0.0,0.0008129313065433,5.218000347865636e-05,0.001943005181347,8.251874815747843e-05
node,204,0.8713531536537927,0.0,1683.2421572066328,1813.3350000000003,2517.916,3245.7529999999997,4.8762767857142535,0.0,2.7100000000000364,0.0,0.0019840350576434,0.0005477063878583,0.0,0.0061109976983067
node,205,0.8710752986940817,0.00027785495971099916,1678.1233094098884,1813.3350000000003,2515.206,3245.7529999999997,-0.24257101103012246,0.0,0.0,0.0,0.0154576436358448,0.0018418763683229,0.0006476683937823,0.0012734443814377
node,206,0.8713531536537927,0.0,1678.6421811224488,1813.3350000000003,2524.307,3245.7529999999997,0.2763007015303174,0.0,9.100999999999658,0.0,0.0157906734118908,0.0019570028359936,0.0006476683937823,0.0018755817797699
node,207,0.8713531536537927,0.0,1678.3658804209185,1813.3350000000003,2515.206,3245.7529999999997,0.0,0.0,0.0,0.0,0.0077611935352446,0.0010991658174543,0.0006476683937823,0.0042115410365317
node,208,0.8707974437343706,0.0005557099194221093,1678.5468793873645,1813.3350000000003,2515.206,3245.7529999999997,0.18099896644594082,0.0,0.0,0.0,0.0165296060284677,0.0014469302986575,0.001943005181347,0.0037879187840792
node,209,0.8713531536537927,0.0,1678.3658804209185,1813.3350000000003,2515.206,3245.7529999999997,0.0,0.0,0.0,0.0,0.0080247883047298,0.0004956200869334,0.001943005181347,0.0017265278547485
node,210,0.8713531536537927,0.0,1678.3658804209185,1813.3350000000003,2515.206,3245.7529999999997,0.0,0.0,0.0,0.0,0.0108882333460064,0.0004025925881925,0.0006476683937823,0.0005266434374441
node,211,0.8710752986940817,0.00027785495971099916,1679.467534290271,1813.3350000000003,2515.206,3245.7529999999997,1.1016538693525035,0.0,0.0,0.0,0.035165012211726,0.0095490001147679,0.0025906735751294,0.0095345753744383
node,212,0.8713531536537927,0.0,1678.3672554209186,1813.3350000000003,2515.206,3245.7529999999997,0.0013750000000527507,0.0,0.0,0.0,0.0165884455613765,0.0009566012966863,0.001943005181347,0.0006618898165387
node,213,0.8710752986940817,0.00027785495971099916,1678.363180861244,1813.3350000000003,2515.206,3245.7529999999997,-0.002699559674510965,0.0,0.0,0.0,0.0093035712488497,0.0002435784615392,0.0006476683937823,0.0005247052242515
node,214,0.8707974437343706,0.0005557099194221093,1678.2171056158263,1813.3350000000003,2515.206,3245.7529999999997,-0.1487748050922164,0.0,0.0,0.0,0.0111177267532165,0.0007446982253188,0.001943005181347,0.002202021143677
node,215,0.8713531536537927,0.0,1727.8619572704079,1818.8680000000002,2828.818999999999,3245.7529999999997,49.49607684948933,5.532999999999902,313.6129999999989,0.0,0.0069805741891772,0.0002694377537311,0.0012953367875647,0.0010402574884997
node,216,0.8713531536537927,0.0,1679.4909505739795,1813.3350000000003,2524.307,3245.7529999999997,1.1250701530609604,0.0,9.100999999999658,0.0,0.0047862623159252,0.0001192766219525,0.0006476683937823,0.0002037504897258
node,217,0.8710752986940817,0.00027785495971099916,1678.220335247209,1813.3350000000003,2515.206,3245.7529999999997,-0.14554517370947906,0.0,0.0,0.0,0.014003171188258,0.0061084552636173,0.0025906735751294,0.0143576728401394
node,218,0.8710752986940817,0.00027785495971099916,1678.9656698564593,1813.3350000000003,2518.4579999999996,3245.7529999999997,0.5997894355407425,0.0,3.251999999999498,0.0,0.0011639437664407,1.6054958241793313e-05,0.0006476683937823,4.91098861188158e-05
node,219,0.8707974437343706,0.0005557099194221093,1678.2171056158263,1813.3350000000003,2515.206,3245.7529999999997,-0.1487748050922164,0.0,0.0,0.0,0.0111177267532165,0.0007446982253188,0.001943005181347,0.002202021143677
node,220,0.8713531536537927,0.0,1678.3658804209185,1813.3350000000003,2515.206,3245.7529999999997,0.0,0.0,0.0,0.0,0.0231985812236394,0.0027969311705777,0.0012953367875647,0.0029084981319633
node,221,0.8713531536537927,0.0,1678.3658804209185,1813.3350000000003,2515.206,3245.7529999999997,0.0,0.0,0.0,0.0,0.0193124546463613,0.0050320667652505,0.0006476683937823,0.0026794951306459
node,222,0.8710752986940817,0.00027785495971099916,1678.2023409888357,1813.3350000000003,2515.206,3245.7529999999997,-0.16353943208287092,0.0,0.0,0.0,0.0305756946133111,0.0238595079252906,0.0012953367875647,0.0127520174497148
node,223,0.8230063906640733,0.048346762989719405,1643.9074216745446,1760.588,2586.3333000000007,3515.656,-34.458458746373935,-52.7470000000003,71.12730000000056,269.90300000000025,0.0457379561788444,0.0703096513157217,0.0038860103626943,0.0876642195469299
node,224,0.8713531536537927,0.0,1696.4191588010203,1813.3350000000003,2591.142,3245.7529999999997,18.0532783801018,0.0,75.9359999999997,0.0,0.0307400280077862,0.0393211843639711,0.0006476683937823,0.0064675487375506
node,225,0.8707974437343706,0.0005557099194221093,1678.1610931716657,1813.3350000000003,2515.206,3245.7529999999997,-0.20478724925283132,0.0,0.0,0.0,0.0229160411873987,0.0251733470627021,0.0025906735751294,0.0196459522663648
node,226,0.8710752986940817,0.00027785495971099916,1696.152451674641,1813.3350000000003,2591.142,3245.7529999999997,17.786571253722514,0.0,75.9359999999997,0.0,0.0370991676771759,0.0713969672465646,0.0006476683937823,0.0472838319029378
node,227,0.8713531536537927,0.0,1678.3658804209185,1813.3350000000003,2515.206,3245.7529999999997,0.0,0.0,0.0,0.0,0.0078231632503961,0.0033191716963272,0.0012953367875647,0.0044699830407291
node,228,0.8699638788552375,0.0013892747985552178,1677.3860392845734,1813.3350000000003,2515.206,3245.7529999999997,-0.9798411363451578,0.0,0.0,0.0,0.0249271256215882,0.006937696763268,0.0064766839378237,0.0198644476878599
node,229,0.8713531536537927,0.0,1678.3658804209185,1813.3350000000003,2515.206,3245.7529999999997,0.0,0.0,0.0,0.0,0.0181170276806162,0.0088411742096379,0.0006476683937823,0.0392116010987965
node,230,0.8713531536537927,0.0,1678.3658804209185,1813.3350000000003,2515.206,3245.7529999999997,0.0,0.0,0.0,0.0,0.0094705697631119,0.0065819154960582,0.0,0.029170165013501
node,231,0.8713531536537927,0.0,1678.3658804209185,1813.3350000000003,2515.206,3245.7529999999997,0.0,0.0,0.0,0.0,0.0158934262524299,0.0024344297206138,0.0012953367875647,0.0015305530727557
node,232,0.8710752986940817,0.00027785495971099916,1678.1267562998403,1813.3350000000003,2515.206,3245.7529999999997,-0.2391241210782482,0.0,0.0,0.0,0.0,0.0,0.0,0.0
node,233,0.8710752986940817,0.00027785495971099916,1678.2407824561403,1813.3350000000003,2515.206,3245.7529999999997,-0.125097964778206,0.0,0.0,0.0,0.0108107894652453,0.0017840499575144,0.0012953367875647,0.0010792668815097
node,234,0.8710752986940817,0.00027785495971099916,1678.2407824561403,1813.3350000000003,2515.206,3245.7529999999997,-0.125097964778206,0.0,0.0,0.0,0.0108107894652453,0.0017840499575144,0.0012953367875647,0.0010792668815097
node,235,0.8707974437343706,0.0005557099194221093,1719.9772083599237,1813.3350000000003,2787.833500000002,3245.7529999999997,41.61132793900515,0.0,272.6275000000019,0.0,0.0226067815706257,0.0027400246888213,0.0025906735751294,0.0028481002348892
node,236,0.8713531536537927,0.0,1678.3658804209185,1813.3350000000003,2515.206,3245.7529999999997,0.0,0.0,0.0,0.0,0.0133961774657288,0.0022738344933783,0.0006476683937823,0.0015164461636709
node,237,0.8707974437343706,0.0005557099194221093,1678.2687686662414,1813.3350000000003,2515.206,3245.7529999999997,-0.09711175467714384,0.0,0.0,0.0,0.0108107894652453,0.0017840499575144,0.0038860103626943,0.0010792668815097
node,238,0.8710752986940817,0.00027785495971099916,1719.9480405103668,1813.3350000000003,2787.1059999999993,3245.7529999999997,41.58216008944828,0.0,271.8999999999992,0.0,0.0226067815706257,0.0027400246888213,0.0025906735751294,0.0028481002348892
node,239,0.8705195887746596,0.0008335648791331085,1678.5391107564635,1813.3350000000003,2519.542000000001,3245.7529999999997,0.1732303355449858,0.0,4.336000000000695,0.0,0.006933947646591,0.0075113910650974,0.0006476683937823,0.0152208652647068
node,240,0.8710752986940817,0.00027785495971099916,1678.3972928229666,1813.3350000000003,2515.206,3245.7529999999997,0.03141240204809037,0.0,0.0,0.0,0.0016866044017981,0.0003824835034132,0.0012953367875647,0.0030103980694969
node,241,0.8713531536537927,0.0,1678.4581763392857,1813.3350000000003,2515.206,3245.7529999999997,0.09229591836719919,0.0,0.0,0.0,0.0114935084330077,0.0003743175159668,0.0006476683937823,0.0002370721121216
node,242,0.8702417338149486,0.0011114198388441077,1679.4190616219669,1813.3350000000003,2515.206,3245.7529999999997,1.0531812010483463,0.0,0.0,0.0,0.0087999693279533,0.0035627510711856,0.0006476683937823,0.0057295504134593
node,243,0.8685746040566824,0.0027785495971103247,1681.3003742802305,1813.3350000000003,2517.916,3245.7529999999997,2.9344938593119423,0.0,2.7100000000000364,0.0,0.048291432626187,0.0096781544312699,0.0032383419689119,0.0721557543071538
node,244,0.8619060850236177,0.009447068630175082,1682.9909113475178,1822.8770000000004,2528.8457,3245.7529999999997,4.6250309265992655,9.542000000000144,13.63969999999972,0.0,0.0231430394712156,0.0141828267224463,0.0038860103626943,0.0643394092071987
node,245,0.8627396499027508,0.008613503751041973,1682.262163607085,1820.744,2528.5598,3245.7529999999997,3.8962831861665563,7.408999999999651,13.353799999999865,0.0,0.0149406335781457,0.0116425669416612,0.0032383419689119,0.0460184294907254
node,246,0.8707974437343706,0.0005557099194221093,1678.6563832163372,1813.3350000000003,2515.206,3245.7529999999997,0.29050279541866075,0.0,0.0,0.0,0.0006612326046896,0.0003575100375349,0.0006476683937823,0.0015206121149398
node,247,0.8710752986940817,0.00027785495971099916,1678.5800561403507,1813.3350000000003,2515.206,3245.7529999999997,0.21417571943220537,0.0,0.0,0.0,0.0006387389978275,0.0004006526443957,0.0,0.0019673707531051
node,248,0.8713531536537927,0.0,1678.4010558035716,1813.3350000000003,2515.206,3245.7529999999997,0.0351753826530512,0.0,0.0,0.0,0.0033383212392529,0.000489990775174,0.0012953367875647,0.0005546202471727
node,249,0.8694081689358155,0.0019449847179772162,1677.6116094598913,1813.3350000000003,2516.2900000000013,3245.7529999999997,-0.7542709610272595,0.0,1.084000000001197,0.0,0.008274988499022,0.0042246385909554,0.0006476683937823,0.0254876724462224
node,250,0.8713531536537927,0.0,1678.3658804209185,1813.3350000000003,2515.206,3245.7529999999997,0.0,0.0,0.0,0.0,0.0018838105034385,0.0009692522378983,0.0,0.0058022974978236
node,251,0.8682967490969714,0.003056404556821324,1677.8217971200002,1813.3350000000003,2518.4579999999996,3245.7529999999997,-0.5440833009183734,0.0,3.251999999999498,0.0,0.0039382904626845,0.0020886930680066,0.0045336787564766,0.0121302715191506
node,252,0.8696860238955265,0.001667129758266217,1677.9187156549522,1813.3350000000003,2515.7479999999996,3245.7529999999997,-0.4471647659663631,0.0,0.5419999999994616,0.0,0.0032470700086371,0.0018092892319029,0.0045336787564766,0.0100012533914551
node,253,0.8566268407891081,0.01472631286468462,1672.581613363607,1813.3350000000003,2543.0460000000003,3253.5262999999973,-5.784267057311581,0.0,27.840000000000146,7.773299999997562,0.0207433250074651,0.0097301943357636,0.0090673575129533,0.0638912154739899
node,254,0.8707974437343706,0.0005557099194221093,1678.4225867900448,1813.3350000000003,2515.206,3245.7529999999997,0.05670636912623195,0.0,0.0,0.0,9.417817247596086e-05,7.910371155398964e-05,0.0006476683937823,0.0002900768275309
node,255,0.8705195887746596,0.0008335648791331085,1678.2938276412383,1813.3350000000003,2515.206,3245.7529999999997,-0.07205277968023438,0.0,0.0,0.0,0.000425404428829,0.000209327565883,0.0006476683937823,0.0013102820312619
node,256,0.8702417338149486,0.0011114198388441077,1678.2766251596422,1813.3350000000003,2515.206,3245.7529999999997,-0.08925526127632111,0.0,0.0,0.0,0.0022668882735997,0.0014044418125604,0.0012953367875647,0.0069822097996296
node,257,0.8707974437343706,0.0005557099194221093,1678.1822160178683,1813.3350000000003,2515.206,3245.7529999999997,-0.1836644030502157,0.0,0.0,0.0,0.0010265287699411,0.0006839138576104,0.0012953367875647,0.0031617964240041
node,258,0.8707974437343706,0.0005557099194221093,1678.2116193363113,1813.3350000000003,2515.206,3245.7529999999997,-0.15426108460724208,0.0,0.0,0.0,0.0044369891553857,0.0028089677739994,0.0045336787564766,0.0136663061529666
node,259,0.8705195887746596,0.0008335648791331085,1678.1036182572614,1813.3350000000003,2515.206,3245.7529999999997,-0.26226216365716937,0.0,0.0,0.0,0.0002877127977112,0.0001377159493132,0.0012953367875647,0.0008861800288323
node,260,0.8638510697415949,0.0075020839121978655,1673.7920083628173,1813.3350000000003,2528.1786000000006,3245.7529999999997,-4.573872058101188,0.0,12.972600000000511,0.0,0.0105806569093727,0.0052735322668689,0.0012953367875647,0.0325893283844229
node,261,0.8610725201444845,0.01028063350930819,1672.96099386899,1810.8749999999998,2531.762000000004,3246.616699999999,-5.4048865519284846,-2.460000000000491,16.556000000003678,0.8636999999994259,0.0121371858040314,0.0058979930474653,0.0025906735751294,0.0373835705304792
node,262,0.8713531536537927,0.0,1679.0451830357142,1815.8110000000001,2515.206,3245.7529999999997,0.679302614795688,2.4759999999998854,0.0,0.0,0.0159608393624566,0.0005959428497956,0.0012953367875647,0.0009986864426491
node,263,0.8710752986940817,0.00027785495971099916,1678.1304995215312,1813.3350000000003,2515.206,3245.7529999999997,-0.2353808993873372,0.0,0.0,0.0,0.0131150769987667,0.0017024669178473,0.0006476683937823,0.0022435270915805
node,264,0.8710752986940817,0.00027785495971099916,1678.3135001594896,1813.3350000000003,2515.206,3245.7529999999997,-0.05238026142887975,0.0,0.0,0.0,0.000384435436537,3.192110766617287e-05,0.0006476683937823,2.642812874274689e-05
node,265,0.8713531536537927,0.0,1678.3658804209185,1813.3350000000003,2515.206,3245.7529999999997,0.0,0.0,0.0,0.0,0.0125435602270111,0.001658122628343,0.0012953367875647,0.0020659886361636
node,266,0.8707974437343706,0.0005557099194221093,1677.786385130823,1813.3350000000003,2513.5215000000017,3245.7529999999997,-0.579495290095565,0.0,-1.6844999999984793,0.0,0.0206643626530359,0.0024261828673179,0.0012953367875647,0.0092442919786615
node,267,0.8710752986940817,0.00027785495971099916,1678.0948685805422,1813.3350000000003,2515.206,3245.7529999999997,-0.27101184037633175,0.0,0.0,0.0,0.0085692263695857,0.0013098829579412,0.0006476683937823,0.0021301821706659
node,268,0.8713531536537927,0.0,1678.5593934948981,1813.3350000000003,2517.916,3245.7529999999997,0.19351307397960227,0.0,2.7100000000000364,0.0,0.026638626330442,0.0100890461699939,0.0006476683937823,0.0355500444942223
node,269,0.8710752986940817,0.00027785495971099916,1678.1656775119618,1813.3350000000003,2515.206,3245.7529999999997,-0.20020290895672588,0.0,0.0,0.0,0.0162993357748036,0.0092088724439201,0.0006476683937823,0.0289773240733073
node,270,0.8713531536537927,0.0,1678.3658804209185,1813.3350000000003,2515.206,3245.7529999999997,0.0,0.0,0.0,0.0,0.0001362779897168,6.619909872932187e-05,0.0,0.000419747865987
node,271,0.8713531536537927,0.0,1678.3658804209185,1813.3350000000003,2515.206,3245.7529999999997,0.0,0.0,0.0,0.0,0.0006428527388336,0.0006639626820636,0.0,0.0019800414273066
node,272,0.8710752986940817,0.00027785495971099916,1678.171422647528,1813.3350000000003,2515.206,3245.7529999999997,-0.194457773390468,0.0,0.0,0.0,0.0085664204834466,0.0021306760830333,0.0006476683937823,0.0017235786319155
node,273,0.8710752986940817,0.00027785495971099916,1678.5575199362042,1813.3350000000003,2518.4579999999996,3245.7529999999997,0.19163951528571488,0.0,3.251999999999498,0.0,0.0029883618391428,0.0003838112328344,0.0006476683937823,0.0005093048126921
node,274,0.8713531536537927,0.0,1678.3658804209185,1813.3350000000003,2515.206,3245.7529999999997,0.0,0.0,0.0,0.0,0.0095042341065883,0.0016649668948163,0.0006476683937823,0.0049209043224916
node,275,0.8707974437343706,0.0005557099194221093,1677.960527760051,1813.3350000000003,2515.206,3245.7529999999997,-0.4053526608674929,0.0,0.0,0.0,0.0110000651948738,0.0033474217688833,0.0025906735751294,0.0101293432118992
node,276,0.8710752986940817,0.00027785495971099916,1678.4022590111645,1813.3350000000003,2518.4579999999996,3245.7529999999997,0.036378590245931264,0.0,3.251999999999498,0.0,0.0014941809195714,0.0001500282724354,0.0006476683937823,0.0003184058376681
node,277,0.8710752986940817,0.00027785495971099916,1678.1806542264753,1813.3350000000003,2515.206,3245.7529999999997,-0.18522619444320298,0.0,0.0,0.0,0.0079565787170066,0.0003754997067791,0.0006476683937823,0.0001539933311409
node,278,0.8710752986940817,0.00027785495971099916,1678.155114832536,1813.3350000000003,2515.206,3245.7529999999997,-0.21076558838262827,0.0,0.0,0.0,0.0034082394537373,0.0015591222376199,0.0012953367875647,0.0092955316157545
node,279,0.8710752986940817,0.00027785495971099916,1678.4176889952153,1813.3350000000003,2515.206,3245.7529999999997,0.05180857429672869,0.0,0.0,0.0,0.0,0.0,0.0012953367875647,0.0
node,280,0.8713531536537927,0.0,1678.5475121173467,1813.3350000000003,2515.206,3245.7529999999997,0.1816316964282123,0.0,0.0,0.0,0.0241850165767846,0.0001939876128724,0.0006476683937823,0.0005613503829387
node,281,0.8713531536537927,0.0,1678.4177927295918,1813.3350000000003,2515.206,3245.7529999999997,0.05191230867330887,0.0,0.0,0.0,0.0400270408267811,0.000753601017841,0.0006476683937823,0.0016681184701251
node,282,0.8713531536537927,0.0,1678.3658804209185,1813.3350000000003,2515.206,3245.7529999999997,0.0,0.0,0.0,0.0,0.0118511443872172,0.0015001778687675,0.001943005181347,0.0088535870705781
node,283,0.8710752986940817,0.00027785495971099916,1684.9427626794259,1813.3350000000003,2585.4180000000006,3245.7529999999997,6.576882258507339,0.0,70.21200000000044,0.0,0.0579888373630774,0.0084311418301639,0.0006476683937823,0.0145969795491676
node,284,0.8705195887746596,0.0008335648791331085,1685.389124800511,1845.53,2537.736,3245.7529999999997,7.02324437959237,32.19499999999971,22.529999999999745,0.0,0.0043723149809031,7.839395901789595e-05,0.0012953367875647,0.000103864009822
node,285,0.8707974437343706,0.0005557099194221093,1679.893494894703,1813.3350000000003,2515.206,3245.7529999999997,1.5276144737845243,0.0,0.0,0.0,0.0339095197421674,0.0195192973675969,0.0012953367875647,0.080599170747022
node,286,0.8705195887746596,0.0008335648791331085,1677.7885403766356,1813.3350000000003,2515.206,3245.7529999999997,-0.5773400442828915,0.0,0.0,0.0,0.0162311228167805,0.0085193664068254,0.0025906735751294,0.025616912327297
node,287,0.8610725201444845,0.01028063350930819,1674.444567925137,1813.3350000000003,2531.762000000004,3246.616699999999,-3.9213124957814216,0.0,16.556000000003678,0.8636999999994259,0.012505979961208,0.0024849201332848,0.0045336787564766,0.0142959411477638
node,288,0.8669074742984162,0.004445679355376542,1677.850073076923,1813.3350000000003,2521.362199999999,3245.7529999999997,-0.5158073439954478,0.0,6.156199999998989,0.0,0.0032182813189637,0.0014101369839828,0.0006476683937823,0.0073729119538457
node,289,0.8680188941372603,0.003334259516532434,1677.1329183738796,1813.3350000000003,2519.0000000000014,3245.7529999999997,-1.2329620470388818,0.0,3.7940000000012333,0.0,0.0157237004236965,0.0037360216067878,0.0012953367875647,0.0191969811780078
node,290,0.8671853292581273,0.0041678243956654315,1676.9350576738227,1813.3350000000003,2520.6259999999997,3245.7529999999997,-1.4308227470958172,0.0,5.419999999999618,0.0,0.018305688136619,0.0048654645640394,0.0012953367875647,0.0271497242053747
node,291,0.8663517643789942,0.00500138927479854,1676.3578694676073,1813.3350000000003,2522.834600000001,3245.7529999999997,-2.0080109533112136,0.0,7.628600000000915,0.0,0.0035719853624138,0.0014629903011442,0.0,0.0110020204753957
node,292,0.8710752986940817,0.00027785495971099916,1680.286432535885,1813.3350000000003,2515.206,3245.7529999999997,1.92055211496654,0.0,0.0,0.0,0.007764521447852,0.0003947731895424,0.0012953367875647,0.0007977812981571
node,293,0.8713531536537927,0.0,1678.6932426658161,1813.3350000000003,2515.206,3245.7529999999997,0.3273622448975857,0.0,0.0,0.0,0.0013979457345142,5.962138712044765e-06,0.0006476683937823,2.3126058215631397e-05
node,294,0.8710752986940817,0.00027785495971099916,1679.030112599681,1813.3350000000003,2515.206,3245.7529999999997,0.6642321787624041,0.0,0.0,0.0,0.0223569151017181,0.0020067356960416,0.0006476683937823,0.0053886988770787
node,295,0.8707974437343706,0.0005557099194221093,1687.9200612635614,1833.7420000000002,2533.5911000000015,3245.7529999999997,9.554180842642836,20.406999999999925,18.38510000000133,0.0,0.0302993623870918,0.0002870203155098,0.0012953367875647,0.00043809957263
node,296,0.8710752986940817,0.00027785495971099916,1678.1285948963316,1813.3350000000003,2515.206,3245.7529999999997,-0.2372855245869232,0.0,0.0,0.0,0.0009962133748401,0.0003023740117477,0.0012953367875647,0.0014852060786433
node,297,0.8713531536537927,0.0,1678.3658804209185,1813.3350000000003,2515.206,3245.7529999999997,0.0,0.0,0.0,0.0,0.0,0.0,0.0,0.0
node,298,0.8713531536537927,0.0,1678.4387012117347,1813.3350000000003,2515.206,3245.7529999999997,0.07282079081619486,0.0,0.0,0.0,0.0378076022340716,0.0060779266542643,0.0006476683937823,0.0091357769713357
node,299,0.8713531536537927,0.0,1678.3658804209185,1813.3350000000003,2515.206,3245.7529999999997,0.0,0.0,0.0,0.0,0.0002931929681456,0.0005895556270418,0.0006476683937823,4.187842425861629e-05
node,300,0.8707974437343706,0.0005557099194221093,1677.9598245054244,1813.3350000000003,2515.206,3245.7529999999997,-0.40605591549410747,0.0,0.0,0.0,0.0095091064347847,0.0054801185613918,0.0032383419689119,0.0159057044579047
node,301,0.8707974437343706,0.0005557099194221093,1677.9598245054244,1813.3350000000003,2515.206,3245.7529999999997,-0.40605591549410747,0.0,0.0,0.0,0.0095091064347847,0.0054801185613918,0.001943005181347,0.0159057044579047
node,302,0.8710752986940817,0.00027785495971099916,1678.1497684210526,1813.3350000000003,2515.206,3245.7529999999997,-0.216111999865916,0.0,0.0,0.0,0.012247840643367,0.0096710581569052,0.0012953367875647,0.0252024210988085
node,303,0.8707974437343706,0.0005557099194221093,1677.9409594767071,1813.3350000000003,2515.206,3245.7529999999997,-0.4249209442114079,0.0,0.0,0.0,0.0010386477084968,0.0010041108808972,0.0012953367875647,0.0001974399852337
node,304,0.8713531536537927,0.0,1678.3658804209185,1813.3350000000003,2515.206,3245.7529999999997,0.0,0.0,0.0,0.0,0.0001376950306366,7.37973875911499e-05,0.0,0.0004241124732383
node,305,0.8705195887746596,0.0008335648791331085,1678.8243897223108,1813.3350000000003,2515.206,3245.7529999999997,0.45850930139226875,0.0,0.0,0.0,0.0014168426504792,0.0008122593763246,0.0012953367875647,0.0043639965647712
node,306,0.8713531536537927,0.0,1678.5475121173467,1813.3350000000003,2515.206,3245.7529999999997,0.1816316964282123,0.0,0.0,0.0,0.0241850165767846,0.0001931997893819,0.0006476683937823,0.0005583175305775
node,307,0.8707974437343706,0.0005557099194221093,1679.59062507977,1813.3350000000003,2515.206,3245.7529999999997,1.2247446588514777,0.0,0.0,0.0,0.029519208103741,0.0027893163855565,0.0006476683937823,0.0085567881758334
node,308,0.8685746040566824,0.0027785495971103247,1679.8126110044786,1813.3350000000003,2517.916,3245.7529999999997,1.446730583560111,0.0,2.7100000000000364,0.0,0.0296537428819496,0.0027058206028957,0.0097150259067357,0.0105696213681998
node,309,0.8713531536537927,0.0,1678.3658804209185,1813.3350000000003,2515.206,3245.7529999999997,0.0,0.0,0.0,0.0,0.0176863408452859,0.0009910225102575,0.0006476683937823,0.0012642250308418
node,310,0.8710752986940817,0.00027785495971099916,1765.313390749601,1875.4920000000004,2886.265999999999,3245.7529999999997,86.94751032868248,62.15700000000015,371.05999999999904,0.0,0.0261156890981855,0.0012288028601206,0.0012953367875647,0.002299285633921
node,311,0.8713531536537927,0.0,1678.3658804209185,1813.3350000000003,2515.206,3245.7529999999997,0.0,0.0,0.0,0.0,0.0374582675759069,0.0063574452729824,0.0025906735751294,0.0103083501925435
node,312,0.8519033064740206,0.01944984717977216,1663.450741030659,1785.9515000000001,2561.173,3263.5377500000004,-14.915139390259583,-27.38350000000014,45.96699999999964,17.784750000000713,0.0105752182274265,0.0072483450206422,0.0012953367875647,0.0252563956489535
node,313,0.8627396499027508,0.008613503751041973,1680.477583252818,1820.744,2528.5598,3245.7529999999997,2.1117028318994926,7.408999999999651,13.353799999999865,0.0,0.0071711837275637,0.0054791988950294,0.0006476683937823,0.0220878593271067
node,314,0.8713531536537927,0.0,1681.3053832908163,1813.3350000000003,2515.206,3245.7529999999997,2.9395028698977512,0.0,0.0,0.0,0.0152079185010652,0.0015173119684151,0.001943005181347,0.0069601003047037
node,315,0.8713531536537927,0.0,1678.3658804209185,1813.3350000000003,2515.206,3245.7529999999997,0.0,0.0,0.0,0.0,0.0404803169834635,0.0050513514910153,0.0012953367875647,0.0240869187369166
node,316,0.8710752986940817,0.00027785495971099916,1678.4735291866027,1813.3350000000003,2515.206,3245.7529999999997,0.10764876568418913,0.0,0.0,0.0,0.0042905234449688,0.0002242671995041,0.0032383419689119,0.0013009864112354
node,317,0.8702417338149486,0.0011114198388441077,1678.9282289272032,1813.3350000000003,2515.206,3245.7529999999997,0.5623485062847067,0.0,0.0,0.0,0.0071958006870043,0.0011790691032988,0.0032383419689119,0.0102494888435007
node,318,0.864684634620728,0.006668519033064757,1668.9960543059126,1812.105,2474.9263000000014,3245.7529999999997,-9.369826115005935,-1.2300000000002456,-40.279699999998684,0.0,0.0094114136099774,0.0057809534535757,0.0,0.0289879590014383
node,319,0.8713531536537927,0.0,1679.2994805484693,1813.3350000000003,2515.206,3245.7529999999997,0.9336001275507897,0.0,0.0,0.0,0.0018158853588733,8.957043483323498e-05,0.0090673575129533,0.0007668974419133
node,320,0.8705195887746596,0.0008335648791331085,1677.1924142993935,1813.3350000000003,2508.442200000001,3245.7529999999997,-1.1734661215250526,0.0,-6.763799999999264,0.0,0.0076688213139601,0.0045226006695078,0.0012953367875647,0.0236206256627334
node,321,0.8710752986940817,0.00027785495971099916,1678.0368009569377,1813.3350000000003,2515.206,3245.7529999999997,-0.32907946398086096,0.0,0.0,0.0,0.0070968952797642,0.0008851543602752,0.0006476683937823,0.0012631441541596
node,322,0.8705195887746596,0.0008335648791331085,1679.184132780083,1813.3350000000003,2515.206,3245.7529999999997,0.8182523591644895,0.0,0.0,0.0,0.0273718530450834,0.0028785362314483,0.0038860103626943,0.0147790584044708
node,323,0.8710752986940817,0.00027785495971099916,1683.0295751196174,1818.8680000000002,2515.206,3245.7529999999997,4.663694698698919,5.532999999999902,0.0,0.0,0.0248429588523961,0.0006338933432004,0.001943005181347,0.0033043347508649
node,324,0.8713531536537927,0.0,1678.3658804209185,1813.3350000000003,2515.206,3245.7529999999997,0.0,0.0,0.0,0.0,0.003542017405974,0.0003783690538614,0.0006476683937823,0.0012920730104965
node,325,0.8707974437343706,0.0005557099194221093,1678.7916448627952,1813.3350000000003,2515.206,3245.7529999999997,0.4257644418767086,0.0,0.0,0.0,0.0069609240892719,0.0031678555603459,0.0006476683937823,0.0124833630832731
node,326,0.8707974437343706,0.0005557099194221093,1690.7212651563498,1853.893,2537.736,3245.7529999999997,12.355384735431244,40.557999999999765,22.529999999999745,0.0,0.0255314235131165,0.0016410973748825,0.0058290155440414,0.0109198419583456
node,327,0.8702417338149486,0.0011114198388441077,1678.7114537037037,1813.3350000000003,2515.206,3245.7529999999997,0.3455732827851534,0.0,0.0,0.0,0.0027688576333551,0.0017467531784754,0.0006476683937823,0.0085283183677559
node,328,0.8702417338149486,0.0011114198388441077,1678.4002531928481,1813.3350000000003,2515.206,3245.7529999999997,0.03437277192961119,0.0,0.0,0.0,0.0053829573273582,0.005426953476828,0.0006476683937823,0.016579969043814
node,329,0.8682967490969714,0.003056404556821324,1684.2737283200001,1813.3350000000003,2518.4579999999996,3245.7529999999997,5.907847899081617,0.0,3.251999999999498,0.0,0.0047664246534797,0.0025068372062056,0.0,0.0146809956680724
node,330,0.8713531536537927,0.0,1678.3658804209185,1813.3350000000003,2515.206,3245.7529999999997,0.0,0.0,0.0,0.0,0.0001781605383926,0.0001562124540881,0.0,0.0005487496986769
node,331,0.8713531536537927,0.0,1678.3658804209185,1813.3350000000003,2515.206,3245.7529999999997,0.0,0.0,0.0,0.0,8.90802691963154e-05,7.841743419996844e-05,0.0,0.0002743748493384
node,332,0.8713531536537927,0.0,1678.3658804209185,1813.3350000000003,2515.206,3245.7529999999997,0.0,0.0,0.0,0.0,0.003019512877535,0.0013532244938539,0.0,0.0093003579616889
node,333,0.8713531536537927,0.0,1678.3658804209185,1813.3350000000003,2515.206,3245.7529999999997,0.0,0.0,0.0,0.0,0.00059491959229,0.0002499145599798,0.0,0.001832403235596
node,334,0.8713531536537927,0.0,1678.3658804209185,1813.3350000000003,2515.206,3245.7529999999997,0.0,0.0,0.0,0.0,0.0023355130160487,0.0010532155198368,0.0,0.0071935798767544
node,335,0.8710752986940817,0.00027785495971099916,1678.4655320574163,1813.3350000000003,2515.206,3245.7529999999997,0.09965163649781061,0.0,0.0,0.0,0.0047664246534797,0.0025068372062056,0.0,0.0146809956680724
node,336,0.8713531536537927,0.0,1691.522508609694,1850.4329999999998,2515.206,3245.7529999999997,13.156628188775358,37.0979999999995,0.0,0.0,0.0274691383064134,0.0022439488390072,0.0025906735751294,0.008827239936832
node,337,0.8671853292581273,0.0041678243956654315,1678.791248317847,1818.8680000000002,2520.6259999999997,3245.7529999999997,0.425367896928492,5.532999999999902,5.419999999999618,0.0,0.0084069324007987,0.0035018668587655,0.0,0.0258940709506021
node,338,0.8705195887746596,0.0008335648791331085,1678.5129166932654,1813.3350000000003,2515.206,3245.7529999999997,0.1470362723468952,0.0,0.0,0.0,0.0036745525695174,0.0007435623804856,0.0,0.0051702818450407
node,339,0.8702417338149486,0.0011114198388441077,1678.8369022988504,1813.3350000000003,2515.206,3245.7529999999997,0.4710218779318893,0.0,0.0,0.0,0.0036745525695174,0.0007435623804856,0.0,0.0051702818450407
node,340,0.8710752986940817,0.00027785495971099916,1679.701467304625,1813.3350000000003,2515.206,3245.7529999999997,1.3355868837065827,0.0,0.0,0.0,0.0226036814342644,0.0009608476051252,0.0012953367875647,0.0019772346393288
node,341,0.8699638788552375,0.0013892747985552178,1679.6803755988503,1813.3350000000003,2515.206,3245.7529999999997,1.3144951779318035,0.0,0.0,0.0,0.0251653877418916,0.004560457325586,0.001943005181347,0.033551583425384
node,342,0.8713531536537927,0.0,1679.1125306122449,1823.145,2515.206,3245.7529999999997,0.7466501913263528,9.809999999999718,0.0,0.0,0.0216529250293279,0.0001415579604075,0.0006476683937823,0.0003446762129594
node,343,0.8713531536537927,0.0,1678.3658804209185,1813.3350000000003,2515.206,3245.7529999999997,0.0,0.0,0.0,0.0,0.0104324801040958,0.0010452278986341,0.001943005181347,0.0044839797214408
node,344,0.8713531536537927,0.0,1691.522508609694,1850.4329999999998,2515.206,3245.7529999999997,13.156628188775358,37.0979999999995,0.0,0.0,0.0274691383064134,0.0022439488390072,0.0025906735751294,0.008827239936832
node,345,0.8710752986940817,0.00027785495971099916,1679.6717550239234,1823.145,2515.206,3245.7529999999997,1.305874603004895,9.809999999999718,0.0,0.0,0.0211167234423158,6.103802930662536e-05,0.0006476683937823,0.0002541400543189
node,346,0.8707974437343706,0.0005557099194221093,1680.3547619655392,1813.3350000000003,2515.206,3245.7529999999997,1.9888815446206536,0.0,0.0,0.0,0.0606517858883701,0.0021271038135187,0.0006476683937823,0.0050724956196575
node,347,0.8707974437343706,0.0005557099194221093,1678.9180379706445,1813.3350000000003,2515.206,3245.7529999999997,0.5521575497259619,0.0,0.0,0.0,0.0210320224904491,0.001666772608557,0.001943005181347,0.0032715366526872
node,348,0.8707974437343706,0.0005557099194221093,1679.4779543714103,1813.3350000000003,2515.206,3245.7529999999997,1.1120739504917765,0.0,0.0,0.0,0.0331695342980662,0.0047761821329081,0.0006476683937823,0.0193834390908011
node,349,0.8707974437343706,0.0005557099194221093,1679.7610370134014,1813.3350000000003,2515.206,3245.7529999999997,1.3951565924828628,0.0,0.0,0.0,0.052759107259175,0.0060360992816875,0.0006476683937823,0.0230734377520451
node,350,0.8710752986940817,0.00027785495971099916,1686.1229588516746,1818.287,2515.206,3245.7529999999997,7.75707843075611,4.951999999999771,0.0,0.0,0.0706297526501698,0.0077712956681803,0.0025906735751294,0.0360533390239622
node,351,0.8713531536537927,0.0,1678.3658804209185,1813.3350000000003,2515.206,3245.7529999999997,0.0,0.0,0.0,0.0,0.0255449935993405,0.0016566391115196,0.0025906735751294,0.0041664455126108
node,352,0.8663517643789942,0.00500138927479854,1679.6043466966005,1818.8680000000002,2522.834600000001,3245.7529999999997,1.238466275681958,5.532999999999902,7.628600000000915,0.0,0.0059521335591523,0.0031779138774717,0.0,0.0183330805269121
node,353,0.8710752986940817,0.00027785495971099916,1678.532566507177,1813.3350000000003,2515.206,3245.7529999999997,0.16668608625855086,0.0,0.0,0.0,0.0035354254273575,0.000263325614135,0.0012953367875647,0.0019796609281599
node,354,0.8710752986940817,0.00027785495971099916,1678.067398724083,1813.3350000000003,2515.206,3245.7529999999997,-0.2984816968355517,0.0,0.0,0.0,0.0002618884657634,7.53831422646422e-05,0.0006476683937823,0.0006042850016906
node,355,0.8696860238955265,0.001667129758266217,1678.6663990415336,1813.3350000000003,2515.6200999999996,3245.7529999999997,0.3005186206150938,0.0,0.4140999999995074,0.0,0.0476338719214601,0.0120026571237307,0.0077720207253886,0.0390535667871895
node,356,0.8705195887746596,0.0008335648791331085,1677.7979639323332,1813.3350000000003,2515.206,3245.7529999999997,-0.567916488585297,0.0,0.0,0.0,0.0145396965767337,0.0010772477289853,0.0032383419689119,0.00547768052724
node,357,0.8713531536537927,0.0,1683.1392815688778,1815.8110000000001,2515.206,3245.7529999999997,4.773401147959248,2.4759999999998854,0.0,0.0,0.0649677696680331,0.0020132923814881,0.0006476683937823,0.0048813344499124
node,358,0.8694081689358155,0.0019449847179772162,1677.3967101310323,1813.3350000000003,2516.2900000000013,3245.7529999999997,-0.9691702898862786,0.0,1.084000000001197,0.0,0.0594057511010875,0.0121260250474116,0.0006476683937823,0.0255019153893921
node,359,0.8710752986940817,0.00027785495971099916,1678.7942376395533,1813.3350000000003,2518.4579999999996,3245.7529999999997,0.42835721863480103,0.0,3.251999999999498,0.0,0.0211709574602946,0.001373451962669,0.0006476683937823,0.0021709377789832
node,360,0.8713531536537927,0.0,1678.4206090561222,1813.3350000000003,2515.206,3245.7529999999997,0.05472863520367355,0.0,0.0,0.0,0.0198077046058097,0.002785460943974,0.0006476683937823,0.003943402956156
node,361,0.8710752986940817,0.00027785495971099916,1678.232451674641,1813.3350000000003,2515.206,3245.7529999999997,-0.13342874627755918,0.0,0.0,0.0,0.0290997517551796,0.0031948071357599,0.0012953367875647,0.0033661454832489
node,362,0.8691303139761045,0.0022228396776882153,1677.8998129795398,1813.3350000000003,2533.1725000000024,3245.7529999999997,-0.46606744137875467,0.0,17.96650000000227,0.0,0.0239808162564219,0.0121089805608249,0.0012953367875647,0.0494408857190564
node,363,0.8713531536537927,0.0,1679.3081004464284,1813.3350000000003,2535.9935,3245.7529999999997,0.9422200255098687,0.0,20.78749999999991,0.0,0.0216274039668657,0.0012377010831615,0.0038860103626943,0.0061950348307923
node,364,0.8705195887746596,0.0008335648791331085,1677.7979639323332,1813.3350000000003,2515.206,3245.7529999999997,-0.567916488585297,0.0,0.0,0.0,0.0144156997258845,0.0009547406653336,0.0032383419689119,0.0050957596195337
node,365,0.8710752986940817,0.00027785495971099916,1678.4347496012758,1813.3350000000003,2515.206,3245.7529999999997,0.0688691803572965,0.0,0.0,0.0,0.0,0.0,0.0006476683937823,0.0
node,366,0.8707974437343706,0.0005557099194221093,1678.4996327377155,1813.3350000000003,2515.206,3245.7529999999997,0.13375231679697208,0.0,0.0,0.0,0.0,0.0,0.001943005181347,0.0
node,367,0.8710752986940817,0.00027785495971099916,1678.4307208931418,1813.3350000000003,2515.206,3245.7529999999997,0.06484047222329536,0.0,0.0,0.0,0.0,0.0,0.0006476683937823,0.0
node,368,0.8707974437343706,0.0005557099194221093,1690.3336528398213,1821.6765000000003,2608.2690000000002,3245.7529999999997,11.967772418902769,8.341499999999996,93.0630000000001,0.0,0.0373126044899019,0.0043130674570182,0.0025906735751294,0.0074600929375384
node,369,0.8705195887746596,0.0008335648791331085,1677.7979639323332,1813.3350000000003,2515.206,3245.7529999999997,-0.567916488585297,0.0,0.0,0.0,0.000282105688214,0.0001260424744531,0.0006476683937823,0.0008689096519308
node,370,0.8713531536537927,0.0,1678.3658804209185,1813.3350000000003,2515.206,3245.7529999999997,0.0,0.0,0.0,0.0,0.0,0.0,0.0,0.0
node,371,0.8710752986940817,0.00027785495971099916,1683.2329789473686,1818.8680000000002,2518.4579999999996,3245.7529999999997,4.867098526450036,5.532999999999902,3.251999999999498,0.0,0.0199058915585123,0.0022240897074946,0.0006476683937823,0.0015755879141721
node,372,0.8713531536537927,0.0,1678.3658804209185,1813.3350000000003,2515.206,3245.7529999999997,0.0,0.0,0.0,0.0,0.0304221464268752,0.0042407657106482,0.0012953367875647,0.006704467365414
node,373,0.8694081689358155,0.0019449847179772162,1678.770271652285,1813.3350000000003,2516.0342000000014,3245.7529999999997,0.40439123136638955,0.0,0.8282000000012886,0.0,0.0476338719214601,0.0120026571237307,0.0077720207253886,0.0390535667871895
node,374,0.8713531536537927,0.0,1690.8692844387754,1822.8770000000004,2608.2690000000002,3245.7529999999997,12.503404017856838,9.542000000000144,93.0630000000001,0.0,0.0374621487147833,0.0034484580512985,0.0006476683937823,0.0083411842696749
node,375,0.8710752986940817,0.00027785495971099916,1678.2760382775118,1813.3350000000003,2515.206,3245.7529999999997,-0.08984214340671315,0.0,0.0,0.0,0.0311604945057052,0.0060975421186071,0.0006476683937823,0.0100664268020452
node,376,0.8713531536537927,0.0,1681.525269770408,1818.5775,2543.0460000000003,3245.7529999999997,3.159389349489402,5.242499999999836,27.840000000000146,0.0,0.0393818210134478,0.0025156985480634,0.0006476683937823,0.0039978915576289
node,377,0.8713531536537927,0.0,1690.8904964923468,1822.8770000000004,2608.2690000000002,3245.7529999999997,12.524616071428227,9.542000000000144,93.0630000000001,0.0,0.051152443705286,0.0021507591391036,0.0006476683937823,0.0075456567625731
node,378,0.8707974437343706,0.0005557099194221093,1699.3820220165924,1830.4600000000003,2630.0299999999997,3245.7529999999997,21.016141595673844,17.125,114.82399999999961,0.0,0.0522329203306805,0.0045082141459534,0.001943005181347,0.0162874282523741
node,379,0.8710752986940817,0.00027785495971099916,1678.3119614035088,1813.3350000000003,2515.206,3245.7529999999997,-0.05391901740972571,0.0,0.0,0.0,0.0034705786931683,5.675515762811758e-05,0.0006476683937823,0.0001634223918027
node,380,0.8705195887746596,0.0008335648791331085,1702.3738917969997,1843.156,2630.0299999999997,3245.7529999999997,24.008011376081186,29.820999999999685,114.82399999999961,0.0,0.0387025538906599,0.002654495047788,0.0012953367875647,0.0061547360284551
node,381,0.8702417338149486,0.0011114198388441077,1702.702367496807,1844.3429999999998,2630.0299999999997,3245.7529999999997,24.3364870758885,31.007999999999583,114.82399999999961,0.0,0.0389412729408977,0.0027892565322582,0.0012953367875647,0.0068900111239857
node,382,0.8713531536537927,0.0,1748.5183657525508,1846.3230000000003,2828.818999999999,3245.7529999999997,70.1524853316323,32.988000000000056,313.6129999999989,0.0,0.0250594009014267,0.0012753013448523,0.0032383419689119,0.0025149401455168
node,383,0.8702417338149486,0.0011114198388441077,1677.159735312899,1813.3350000000003,2514.0701000000013,3245.7529999999997,-1.2061451080194274,0.0,-1.1358999999988555,0.0,0.0299224264320346,0.0013927502142864,0.0038860103626943,0.0030589399006434
node,384,0.8713531536537927,0.0,1678.3658804209185,1813.3350000000003,2515.206,3245.7529999999997,0.0,0.0,0.0,0.0,0.0033062741455288,2.724961840690504e-05,0.0006476683937823,0.0003046525231571
node,385,0.8710752986940817,0.00027785495971099916,1678.2621792663476,1813.3350000000003,2515.206,3245.7529999999997,-0.10370115457089923,0.0,0.0,0.0,0.0178286754814192,0.0050926930829971,0.001943005181347,0.0473594685765191
node,386,0.8710752986940817,0.00027785495971099916,1678.1793071770333,1813.3350000000003,2515.206,3245.7529999999997,-0.1865732438852774,0.0,0.0,0.0,0.0201424665796165,0.005154017952258,0.0045336787564766,0.047608805702312
node,387,0.8707974437343706,0.0005557099194221093,1678.0437488832165,1813.3350000000003,2515.206,3245.7529999999997,-0.3221315377020346,0.0,0.0,0.0,0.0201424665796165,0.005154017952258,0.0045336787564766,0.047608805702312
node,388,0.8710752986940817,0.00027785495971099916,1678.551418181818,1813.3350000000003,2515.206,3245.7529999999997,0.1855377608994786,0.0,0.0,0.0,0.0073333833144464,0.0001389316354998,0.0006476683937823,0.0004319397717651
node,389,0.8705195887746596,0.0008335648791331085,1678.8923641876795,1813.3350000000003,2519.542000000001,3245.7529999999997,0.5264837667609754,0.0,4.336000000000695,0.0,0.0185059732513827,0.0009543045905546,0.0025906735751294,0.0037221440001822
node,390,0.8680188941372603,0.003334259516532434,1677.3558335467349,1813.3350000000003,2519.0000000000014,3245.7529999999997,-1.0100468741836721,0.0,3.7940000000012333,0.0,0.0112017327737158,0.0010449281152776,0.0032383419689119,0.0051909060649712
node,391,0.8707974437343706,0.0005557099194221093,1681.4739479897894,1813.3350000000003,2576.6029000000003,3245.7529999999997,3.108067568870865,0.0,61.39690000000019,0.0,0.0076787444080259,0.000507305634161,0.0006476683937823,0.0015995421180646
node,392,0.8710752986940817,0.00027785495971099916,1678.1793071770333,1813.3350000000003,2515.206,3245.7529999999997,-0.1865732438852774,0.0,0.0,0.0,0.0168361924340876,0.000654569830537,0.0006476683937823,0.0034024802464237
node,393,0.8713531536537927,0.0,1678.4407943239796,1813.3350000000003,2515.206,3245.7529999999997,0.0749139030610877,0.0,0.0,0.0,0.0073931094925402,0.0002315210426127,0.0032383419689119,0.0009014215780947
node,394,0.8230063906640733,0.048346762989719405,1776.959959824443,1883.0275,2586.3333000000007,3515.656,98.59407940352457,69.69249999999965,71.12730000000056,269.90300000000025,0.0153267131878255,0.0050653490739306,0.0,0.047207587715036
node,395,0.8521811614337316,0.019171992220061163,1716.1250084773396,1845.53,2556.732200000001,3262.9278999999983,37.759128056421105,32.19499999999971,41.5262000000007,17.174899999998615,0.0029052772420355,0.0009548019037946,0.0,0.0089485024322653
node,396,0.8705195887746596,0.0008335648791331085,1678.699044047239,1813.3350000000003,2515.206,3245.7529999999997,0.3331636263205837,0.0,0.0,0.0,0.0037713014108585,0.0009229685649075,0.001943005181347,0.0046077200214141
node,397,0.8702417338149486,0.0011114198388441077,1677.159735312899,1813.3350000000003,2514.0701000000013,3245.7529999999997,-1.2061451080194274,0.0,-1.1358999999988555,0.0,0.0299224264320346,0.0013927502142864,0.0038860103626943,0.0030589399006434
node,398,0.8713531536537927,0.0,1678.3658804209185,1813.3350000000003,2515.206,3245.7529999999997,0.0,0.0,0.0,0.0,0.011179912964084,0.0006783333791644,0.001943005181347,0.0023755152520026
node,399,0.8713531536537927,0.0,1678.369238520408,1813.3350000000003,2515.206,3245.7529999999997,0.003358099489560118,0.0,0.0,0.0,0.0028044165462748,0.0002973588234413,0.0012953367875647,0.0006284795111724
node,400,0.8710752986940817,0.00027785495971099916,1678.1585349282298,1813.3350000000003,2515.206,3245.7529999999997,-0.20734549268877345,0.0,0.0,0.0,0.0291630644704263,0.0131658533449633,0.0090673575129533,0.0557486222802283
node,401,0.8713531536537927,0.0,1678.3658804209185,1813.3350000000003,2515.206,3245.7529999999997,0.0,0.0,0.0,0.0,0.0005458202148114,0.000495458119739,0.0,0.0016811729528427
node,402,0.8710752986940817,0.00027785495971099916,1678.2117030303027,1813.3350000000003,2518.4579999999996,3245.7529999999997,-0.15417739061581415,0.0,3.251999999999498,0.0,0.0299511182488955,0.0113380250041416,0.0006476683937823,0.0340894544180095
node,403,0.8713531536537927,0.0,1678.3658804209185,1813.3350000000003,2515.206,3245.7529999999997,0.0,0.0,0.0,0.0,0.0004908162552447,0.0003594859010599,0.0,0.0015117560521613
node,404,0.8702417338149486,0.0011114198388441077,1679.056638888889,1813.3350000000003,2520.0840000000003,3245.7529999999997,0.6907584679704541,0.0,4.878000000000156,0.0,0.0180150091023745,0.000570684301504,0.0025906735751294,0.0022099324225783
node,405,0.8713531536537927,0.0,1678.4041894132656,1813.3350000000003,2515.206,3245.7529999999997,0.038308992347083404,0.0,0.0,0.0,0.0170909689418931,0.0008168666962268,0.0006476683937823,0.0026309538551451
node,406,0.8705195887746596,0.0008335648791331085,1678.2518969039259,1813.3350000000003,2515.206,3245.7529999999997,-0.1139835169926755,0.0,0.0,0.0,0.0181783062388443,0.0002356491459675,0.0025906735751294,0.0008532082601163
node,407,0.8713531536537927,0.0,1678.3658804209185,1813.3350000000003,2515.206,3245.7529999999997,0.0,0.0,0.0,0.0,0.0323229475281597,0.0018314039431641,0.0006476683937823,0.0024514850027276
node,408,0.8713531536537927,0.0,1678.4567547831634,1813.3350000000003,2515.206,3245.7529999999997,0.09087436224490375,0.0,0.0,0.0,0.0304732949005113,0.0014343612549149,0.0006476683937823,0.0018133431221734
node,409,0.8713531536537927,0.0,1679.8762892219386,1813.3350000000003,2515.206,3245.7529999999997,1.5104088010200485,0.0,0.0,0.0,0.0478220627824974,0.0074815428741663,0.001943005181347,0.0232010607338441
node,410,0.8713531536537927,0.0,1678.3658804209185,1813.3350000000003,2515.206,3245.7529999999997,0.0,0.0,0.0,0.0,0.0161710694959612,0.0023366652554518,0.0012953367875647,0.010490068385589
node,411,0.8705195887746596,0.0008335648791331085,1678.2518969039259,1813.3350000000003,2515.206,3245.7529999999997,-0.1139835169926755,0.0,0.0,0.0,0.0181783062388443,0.0002356491459675,0.0025906735751294,0.0008532082601163
node,412,0.8702417338149486,0.0011114198388441077,1678.413667943806,1813.3350000000003,2515.206,3245.7529999999997,0.047787522887574596,0.0,0.0,0.0,0.0181783062388443,0.0002356491459675,0.0025906735751294,0.0008532082601163
node,413,0.8710752986940817,0.00027785495971099916,1679.3613231259967,1813.3350000000003,2515.206,3245.7529999999997,0.995442705078176,0.0,0.0,0.0,0.0400611208441398,0.003313038474143,0.0006476683937823,0.0068950979866907
node,414,0.8713531536537927,0.0,1678.3658804209185,1813.3350000000003,2515.206,3245.7529999999997,0.0,0.0,0.0,0.0,0.0341354275684714,0.0021092784897136,0.0012953367875647,0.0026848357276196
node,415,0.8710752986940817,0.00027785495971099916,1678.4032548644338,1813.3350000000003,2515.206,3245.7529999999997,0.03737444351531849,0.0,0.0,0.0,0.0326558828554977,0.0021069448453496,0.001943005181347,0.007150648273055
node,416,0.8713531536537927,0.0,1679.8762892219386,1813.3350000000003,2515.206,3245.7529999999997,1.5104088010200485,0.0,0.0,0.0,0.0453607053995895,0.0055251065536495,0.0006476683937823,0.0138696325829522
node,417,0.8713531536537927,0.0,1678.3658804209185,1813.3350000000003,2515.206,3245.7529999999997,0.0,0.0,0.0,0.0,0.0195379583916579,0.0038733365923985,0.0012953367875647,0.0208603741988824
node,418,0.8710752986940817,0.00027785495971099916,1678.310376076555,1813.3350000000003,2515.206,3245.7529999999997,-0.0555043443634986,0.0,0.0,0.0,0.0180488675362458,0.0003359986861962,0.0006476683937823,0.0011590754364665
node,419,0.8713531536537927,0.0,1764.8193772321429,1875.4920000000004,2886.265999999999,3245.7529999999997,86.45349681122434,62.15700000000015,371.05999999999904,0.0,0.0261156890981855,0.0012288028601206,0.0012953367875647,0.002299285633921
node,420,0.8710752986940817,0.00027785495971099916,1678.100736842105,1813.3350000000003,2515.206,3245.7529999999997,-0.2651435788134222,0.0,0.0,0.0,0.0237628676064831,0.0005961672948384,0.0006476683937823,0.0010473483895847
node,421,0.8710752986940817,0.00027785495971099916,1681.5790567783095,1819.571,2532.9267999999993,3245.7529999999997,3.213176357390921,6.235999999999649,17.720799999999144,0.0,0.0236798157132662,0.0005894279507541,0.001943005181347,0.0023258589318889
node,422,0.8710752986940817,0.00027785495971099916,1682.0577550239234,1820.744,2532.9267999999993,3245.7529999999997,3.6918746030048624,7.408999999999651,17.720799999999144,0.0,0.00577452368941,1.016575608293022e-06,0.0006476683937823,2.4226686439660864e-06
node,423,0.8710752986940817,0.00027785495971099916,1678.498503030303,1813.3350000000003,2515.206,3245.7529999999997,0.132622609384498,0.0,0.0,0.0,0.0152913308665248,0.0004036369010246,0.0006476683937823,0.0008572775008016
node,424,0.8707974437343706,0.0005557099194221093,1682.38538417358,1813.3350000000003,2584.677000000001,3245.7529999999997,4.0195037526614215,0.0,69.47100000000091,0.0,0.0227427875324636,0.0009104081848904,0.001943005181347,0.0024518893987251
node,425,0.8713531536537927,0.0,1678.3658804209185,1813.3350000000003,2515.206,3245.7529999999997,0.0,0.0,0.0,0.0,0.0,0.0,0.0,0.0
node,426,0.8713531536537927,0.0,1678.3658804209185,1813.3350000000003,2515.206,3245.7529999999997,0.0,0.0,0.0,0.0,0.0,0.0,0.0,0.0
node,427,0.8705195887746596,0.0008335648791331085,1677.7793112033196,1813.3350000000003,2515.206,3245.7529999999997,-0.5865692175989352,0.0,0.0,0.0,0.0069109779964854,0.0014343211298034,0.0006476683937823,0.0070339584105859
node,428,0.8707974437343706,0.0005557099194221093,1677.9622070835992,1813.3350000000003,2515.206,3245.7529999999997,-0.40367333731933286,0.0,0.0,0.0,0.0002695138117743,0.0001874261536728,0.0,0.0008301255953465
node,429,0.8660739094192831,0.00527924423450965,1684.1198848251524,1820.744,2556.438,3245.7529999999997,5.7540044042339105,7.408999999999651,41.23199999999997,0.0,0.0292579459181507,0.0076951739463752,0.005181347150259,0.0458924898051935
node,430,0.8713531536537927,0.0,1696.6793341836735,1875.4920000000004,2560.3135,3245.7529999999997,18.31345376275499,62.15700000000015,45.10750000000007,0.0,0.0398922136143228,0.0016834020178285,0.0012953367875647,0.0053063393995492
node,431,0.8707974437343706,0.0005557099194221093,1680.2965842373962,1813.3350000000003,2515.206,3245.7529999999997,1.9307038164777168,0.0,0.0,0.0,0.0075718545726075,9.66626713255554e-05,0.0006476683937823,0.0003797452056228
node,432,0.8710752986940817,0.00027785495971099916,1680.0257320574162,1813.3350000000003,2515.206,3245.7529999999997,1.6598516364977058,0.0,0.0,0.0,0.0167715197740654,0.0003581092064273,0.001943005181347,0.0009362628111214
node,433,0.8702417338149486,0.0011114198388441077,1680.1425881226057,1813.3350000000003,2515.206,3245.7529999999997,1.7767077016872008,0.0,0.0,0.0,0.007764521447852,0.0003947731895424,0.0012953367875647,0.0007977812981571
node,434,0.8671853292581273,0.0041678243956654315,1683.4443053508494,1819.571,2556.438,3245.7529999999997,5.078424929930861,6.235999999999649,41.23199999999997,0.0,0.0273161033597262,0.0065853146214915,0.005181347150259,0.0399114486137637
node,435,0.8713531536537927,0.0,1679.8108533163265,1813.3350000000003,2515.206,3245.7529999999997,1.4449728954080001,0.0,0.0,0.0,0.0053014678310588,2.6898182620016608e-05,0.0006476683937823,5.270957313747116e-05
node,436,0.8688524590163934,0.0025006946373993255,1681.6927230572433,1818.8680000000002,2556.438,3245.7529999999997,3.326842636324727,5.532999999999902,41.23199999999997,0.0,0.0148720485293087,0.0005540448791739,0.0025906735751294,0.0036985671683592
node,437,0.8710752986940817,0.00027785495971099916,1678.7602644338117,1813.3350000000003,2515.206,3245.7529999999997,0.3943840128931697,0.0,0.0,0.0,0.0058007636319773,0.0002043506664736,0.0012953367875647,0.0008900140075607
node,438,0.8710752986940817,0.00027785495971099916,1683.8784414673046,1828.4830000000002,2518.4579999999996,3245.7529999999997,5.512561046386054,15.14799999999991,3.251999999999498,0.0,0.0173412716507656,0.000164434475846,0.0006476683937823,0.0006493559251908
node,439,0.8710752986940817,0.00027785495971099916,1679.5810220095696,1813.3350000000003,2515.206,3245.7529999999997,1.2151415886510222,0.0,0.0,0.0,0.0289117883704779,0.0014542923312121,0.0006476683937823,0.0050725668201238
node,440,0.8713531536537927,0.0,1680.256349489796,1813.3350000000003,2515.206,3245.7529999999997,1.8904690688775645,0.0,0.0,0.0,0.0479282911596405,0.0017321559049566,0.001943005181347,0.0025160189340319
node,441,0.8713531536537927,0.0,1678.5977844387758,1813.3350000000003,2515.206,3245.7529999999997,0.23190401785723225,0.0,0.0,0.0,0.0497681968326171,0.001235297196752,0.0006476683937823,0.0026942285468683
node,442,0.8713531536537927,0.0,1678.3658804209185,1813.3350000000003,2515.206,3245.7529999999997,0.0,0.0,0.0,0.0,0.0687258884480104,0.0011712808660035,0.0006476683937823,0.0023675352367798
node,443,0.8699638788552375,0.0013892747985552178,1680.1046921111467,1813.3350000000003,2515.206,3245.7529999999997,1.7388116902282036,0.0,0.0,0.0,0.0432300967806501,0.0022845461596508,0.0006476683937823,0.010594631905104
node,444,0.8688524590163934,0.0025006946373993255,1690.333452830189,1818.038,2517.3740000000003,3245.7529999999997,11.96757240927036,4.702999999999747,2.16800000000012,0.0,0.0505439718027373,0.004468592332584,0.0012953367875647,0.0160830590627655
node,445,0.8710752986940817,0.00027785495971099916,1678.6584947368422,1813.3350000000003,2515.206,3245.7529999999997,0.29261431592362896,0.0,0.0,0.0,0.0466565707737205,0.0013474297568347,0.0006476683937823,0.0039243444035318
node,446,0.8710752986940817,0.00027785495971099916,1678.470500797448,1813.3350000000003,2515.206,3245.7529999999997,0.1046203765295104,0.0,0.0,0.0,0.0421827026282295,0.0008706359601821,0.0006476683937823,0.0031341491750642
node,447,0.8705195887746596,0.0008335648791331085,1678.8946300670284,1813.3350000000003,2515.206,3245.7529999999997,0.5287496461098726,0.0,0.0,0.0,0.0758867183663276,0.0029817766741558,0.0012953367875647,0.0060114319597688
node,448,0.8713531536537927,0.0,1678.7943979591837,1813.3350000000003,2515.206,3245.7529999999997,0.4285175382651687,0.0,0.0,0.0,0.0850350415103757,0.0058189778790868,0.001943005181347,0.0169852047271209
node,449,0.8710752986940817,0.00027785495971099916,1686.8999116427433,1818.038,2515.206,3245.7529999999997,8.534031221824762,4.702999999999747,0.0,0.0,0.093136295315818,0.0057095160206001,0.0012953367875647,0.0091771562365194
node,450,0.8713531536537927,0.0,1678.922651466837,1813.3350000000003,2515.206,3245.7529999999997,0.5567710459183672,0.0,0.0,0.0,0.0609603683214518,0.0015914426105146,0.001943005181347,0.0045283565747737
node,451,0.8707974437343706,0.0005557099194221093,1680.1676056158267,1813.3350000000003,2515.206,3245.7529999999997,1.8017251949081583,0.0,0.0,0.0,0.0581658383942207,0.0034532558355138,0.0025906735751294,0.0151106960879886
node,452,0.8713531536537927,0.0,1678.3820672831635,1813.3350000000003,2515.206,3245.7529999999997,0.01618686224492194,0.0,0.0,0.0,0.0827090367107242,0.0041840627153441,0.0006476683937823,0.0060933655938488
node,453,0.8710752986940817,0.00027785495971099916,1678.998017862839,1813.3350000000003,2515.206,3245.7529999999997,0.6321374419205767,0.0,0.0,0.0,0.0829633744631405,0.0037056461131436,0.0006476683937823,0.0047442215332227
node,454,0.8707974437343706,0.0005557099194221093,1679.9060440331846,1813.3350000000003,2515.206,3245.7529999999997,1.540163612266042,0.0,0.0,0.0,0.0602560362357343,0.0086123744401709,0.0012953367875647,0.0238859436162562
node,455,0.8707974437343706,0.0005557099194221093,1679.610479259732,1813.3350000000003,2515.206,3245.7529999999997,1.2445988388135447,0.0,0.0,0.0,0.0161853491554633,0.0052873512483947,0.0006476683937823,0.0221431855180252
node,456,0.8707974437343706,0.0005557099194221093,1680.7994878749205,1813.3350000000003,2515.206,3245.7529999999997,2.433607454001958,0.0,0.0,0.0,0.012581488950435,0.0017495604071369,0.0006476683937823,0.0063407774983644
node,457,0.8707974437343706,0.0005557099194221093,1678.762888002553,1813.3350000000003,2515.206,3245.7529999999997,0.39700758163439787,0.0,0.0,0.0,0.0357695141607431,0.0012856169345969,0.0012953367875647,0.0034612175370408
node,458,0.8705195887746596,0.0008335648791331085,1679.0020277689116,1813.3350000000003,2515.206,3245.7529999999997,0.6361473479930737,0.0,0.0,0.0,0.0349730136936725,0.0008767986652666,0.0012953367875647,0.0010079279632416
node,459,0.8710752986940817,0.00027785495971099916,1678.4032548644338,1813.3350000000003,2515.206,3245.7529999999997,0.03737444351531849,0.0,0.0,0.0,0.0319121747503773,0.0013669607583441,0.001943005181347,0.004859963690091
node,460,0.8707974437343706,0.0005557099194221093,1679.0428647096364,1813.3350000000003,2515.206,3245.7529999999997,0.6769842887179038,0.0,0.0,0.0,0.0462805706164411,0.0336739569825804,0.0006476683937823,0.0270667414180934
node,461,0.8710752986940817,0.00027785495971099916,1685.348766507177,1819.571,2586.0282,3245.7529999999997,6.982886086258532,6.235999999999649,70.82220000000007,0.0,0.0515180949362858,0.0079596053951244,0.0006476683937823,0.0185665777108066
node,462,0.8707974437343706,0.0005557099194221093,1678.6003937460114,1813.3350000000003,2515.206,3245.7529999999997,0.2345133250928484,0.0,0.0,0.0,0.0324234558231534,0.0017356753475297,0.0012953367875647,0.0022882112235285
node,463,0.8707974437343706,0.0005557099194221093,1678.2088152520741,1813.3350000000003,2515.206,3245.7529999999997,-0.15706516884438315,0.0,0.0,0.0,0.0398172381354189,0.0711982234472173,0.0006476683937823,0.0636114771760207
node,464,0.8710752986940817,0.00027785495971099916,1678.4693180223285,1813.3350000000003,2515.206,3245.7529999999997,0.10343760140995073,0.0,0.0,0.0,0.0324234558231534,0.0017356753475297,0.0012953367875647,0.0022882112235285
node,465,0.8694081689358155,0.0019449847179772162,1681.5386992649408,1818.8680000000002,2516.2900000000013,3245.7529999999997,3.172818844022231,5.532999999999902,1.084000000001197,0.0,0.0191625731327903,0.0070078047111883,0.0012953367875647,0.0195109168018574
node,466,0.8694081689358155,0.0019449847179772162,1686.7069076382234,1818.038,2516.2900000000013,3245.7529999999997,8.341027217304827,4.702999999999747,1.084000000001197,0.0,0.0418508841623272,0.0061677615381407,0.0012953367875647,0.0094149778700718
node,467,0.8705195887746596,0.0008335648791331085,1679.555510054261,1813.3350000000003,2528.7504,3245.7529999999997,1.1896296333425198,0.0,13.544399999999769,0.0,0.0036964717711139,0.0005936116865952,0.0012953367875647,0.0026933541675988
node,468,0.8710752986940817,0.00027785495971099916,1678.9263661881978,1813.3350000000003,2515.206,3245.7529999999997,0.5604857672792605,0.0,0.0,0.0,0.0158769629712725,0.0006784905987119,0.0006476683937823,0.0014966454124391
node,469,0.8713531536537927,0.0,1678.8906875000002,1813.3350000000003,2528.4645,3245.7529999999997,0.524807079081711,0.0,13.258499999999913,0.0,0.0318412829554677,0.0038433981015099,0.0025906735751294,0.0110971109733902
node,470,0.8710752986940817,0.00027785495971099916,1678.1894931419456,1813.3350000000003,2515.206,3245.7529999999997,-0.17638727897292483,0.0,0.0,0.0,0.0022832632349344,0.0011573128018558,0.0,0.0070326460813074
node,471,0.8707974437343706,0.0005557099194221093,1678.490581684748,1813.3350000000003,2515.206,3245.7529999999997,0.12470126382936542,0.0,0.0,0.0,0.0039245414930509,0.0040819905281609,0.0006476683937823,0.00095251037039
node,472,0.8707974437343706,0.0005557099194221093,1679.0210293554564,1813.3350000000003,2528.6551000000004,3245.7529999999997,0.6551489345379196,0.0,13.449100000000271,0.0,0.0307356816132177,0.0032858439913732,0.0025906735751294,0.0076917642625515
node,473,0.8713531536537927,0.0,1678.3658804209185,1813.3350000000003,2515.206,3245.7529999999997,0.0,0.0,0.0,0.0,0.0039586445221674,0.0019692423478581,0.0,0.0121929637635099
node,474,0.8713531536537927,0.0,1710.3974917091837,1860.8315,2766.781,3257.4392500000004,32.03161128826514,47.49649999999974,251.57499999999982,11.686250000000655,0.0221750622941471,0.0058156515835473,0.0006476683937823,0.008999503551743
node,475,0.8713531536537927,0.0,1682.202443239796,1813.3350000000003,2515.206,3245.7529999999997,3.8365628188773826,0.0,0.0,0.0,0.0112849982494408,0.0013191457937962,0.0006476683937823,0.0010628994076468
node,476,0.8710752986940817,0.00027785495971099916,1678.7267799043063,1813.3350000000003,2515.206,3245.7529999999997,0.3608994833878114,0.0,0.0,0.0,0.0201574410978594,0.0011184739097103,0.0012953367875647,0.0018730616131224
node,477,0.8702417338149486,0.0011114198388441077,1680.8909913793107,1813.3350000000003,2515.206,3245.7529999999997,2.5251109583921334,0.0,0.0,0.0,0.0089737210446528,0.0020273840449874,0.0012953367875647,0.0072996317605136
node,478,0.8713531536537927,0.0,1678.3658804209185,1813.3350000000003,2515.206,3245.7529999999997,0.0,0.0,0.0,0.0,0.0161168203557318,0.0003700254176951,0.0006476683937823,0.0004401831188917
node,479,0.8713531536537927,0.0,1678.3658804209185,1813.3350000000003,2515.206,3245.7529999999997,0.0,0.0,0.0,0.0,0.0285634438001917,0.0064460009696265,0.0006476683937823,0.009313157928908
node,480,0.8699638788552375,0.0013892747985552178,1681.4855586074736,1813.3350000000003,2585.4180000000006,3245.7529999999997,3.11967818655512,0.0,70.21200000000044,0.0,0.0173392309144113,0.0051134622108681,0.001943005181347,0.0270413740077098
node,481,0.8710752986940817,0.00027785495971099916,1678.3374714513557,1813.3350000000003,2515.206,3245.7529999999997,-0.028408969562860875,0.0,0.0,0.0,7.718916051509351e-05,4.5434807063732365e-05,0.0006476683937823,0.0002377492173965
node,482,0.8707974437343706,0.0005557099194221093,1678.6874754307596,1813.3350000000003,2515.206,3245.7529999999997,0.3215950098410758,0.0,0.0,0.0,0.0246855758529036,0.005524796238271,0.0012953367875647,0.0099422501576824
node,483,0.8710752986940817,0.00027785495971099916,1678.374519617225,1813.3350000000003,2515.206,3245.7529999999997,0.008639196306376107,0.0,0.0,0.0,0.014134968800857,0.0054583916571046,0.0025906735751294,0.0383128466194317
node,484,0.8710752986940817,0.00027785495971099916,1678.590676874003,1813.3350000000003,2515.206,3245.7529999999997,0.22479645308453655,0.0,0.0,0.0,0.0054753800861859,0.0016972807121183,0.0006476683937823,0.0028511395608768
node,485,0.8707974437343706,0.0005557099194221093,1678.3210947670711,1813.3350000000003,2515.206,3245.7529999999997,-0.04478565384738431,0.0,0.0,0.0,0.0048022418737958,0.0035053359642473,0.0038860103626943,0.0147913157705666
node,486,0.8707974437343706,0.0005557099194221093,1678.1655363752393,1813.3350000000003,2515.206,3245.7529999999997,-0.20034404567923048,0.0,0.0,0.0,0.0051018983664965,0.0025451170338297,0.0,0.0157142834016685
node,487,0.8713531536537927,0.0,1685.8650985331633,1845.53,2515.206,3245.7529999999997,7.499218112244762,32.19499999999971,0.0,0.0,0.0292395653536076,0.0008563009458035,0.0012953367875647,0.0020892277333374
node,488,0.8710752986940817,0.00027785495971099916,1678.4099384370015,1813.3350000000003,2515.206,3245.7529999999997,0.04405801608299953,0.0,0.0,0.0,0.007689256141441,0.0047671617554988,0.001943005181347,0.0180469801025977
node,489,0.8710752986940817,0.00027785495971099916,1678.2505406698565,1813.3350000000003,2515.206,3245.7529999999997,-0.11533975106203798,0.0,0.0,0.0,0.0093409883387327,0.0023502126329667,0.0006476683937823,0.0104060825256413
node,490,0.8710752986940817,0.00027785495971099916,1678.6333814992026,1813.3350000000003,2515.206,3245.7529999999997,0.26750107828411274,0.0,0.0,0.0,0.0482609474434407,0.0017610614080316,0.0006476683937823,0.0035931138450838
node,491,0.8710752986940817,0.00027785495971099916,1679.3406870813396,1813.3350000000003,2515.206,3245.7529999999997,0.974806660421109,0.0,0.0,0.0,0.0293097909539803,0.0010538592188756,0.0006476683937823,0.0031538447431929
node,492,0.8707974437343706,0.0005557099194221093,1690.7212651563498,1853.893,2537.736,3245.7529999999997,12.355384735431244,40.557999999999765,22.529999999999745,0.0,0.0263664870242745,0.0019722643244369,0.0058290155440414,0.0134919090067413
node,493,0.8713531536537927,0.0,1678.3658804209185,1813.3350000000003,2515.206,3245.7529999999997,0.0,0.0,0.0,0.0,0.0290262398978365,0.0046823283275496,0.0012953367875647,0.0147773546454797
node,494,0.8713531536537927,0.0,1678.5944990433673,1813.3350000000003,2515.206,3245.7529999999997,0.228618622448721,0.0,0.0,0.0,0.0262931033367403,0.0019829987279954,0.0006476683937823,0.0068185315530899
node,495,0.8699638788552375,0.0013892747985552178,1678.172917917598,1813.3350000000003,2515.206,3245.7529999999997,-0.19296250332058662,0.0,0.0,0.0,0.0328824514610564,0.0160982958382571,0.0038860103626943,0.0664002504953683
node,496,0.8702417338149486,0.0011114198388441077,1678.3402091315454,1813.3350000000003,2515.206,3245.7529999999997,-0.02567128937312191,0.0,0.0,0.0,0.04284698673416,0.0140560977774995,0.0045336787564766,0.0450947826469816
node,497,0.8713531536537927,0.0,1678.398888392857,1813.3350000000003,2515.206,3245.7529999999997,0.03300797193855942,0.0,0.0,0.0,0.0434435300351756,0.0042673758870108,0.0032383419689119,0.0102030385782443
node,498,0.8710752986940817,0.00027785495971099916,1678.3614905901115,1813.3350000000003,2515.206,3245.7529999999997,-0.0043898308069856284,0.0,0.0,0.0,0.0614421643110375,0.0109527409591886,0.0006476683937823,0.0159366655194593
node,499,0.8713531536537927,0.0,1678.3658804209185,1813.3350000000003,2515.206,3245.7529999999997,0.0,0.0,0.0,0.0,0.0017913030171191,0.000960250273406,0.0,0.0055173665265709
node,500,0.8710752986940817,0.00027785495971099916,1678.220335247209,1813.3350000000003,2515.206,3245.7529999999997,-0.14554517370947906,0.0,0.0,0.0,0.014003171188258,0.0061084552636173,0.0025906735751294,0.0143576728401394
node,501,0.8696860238955265,0.001667129758266217,1679.830501916933,1813.3350000000003,2521.362199999999,3245.7529999999997,1.464621496014388,0.0,6.156199999998989,0.0,0.0656737146436317,0.020504441424181,0.0025906735751294,0.0589647426048715
node,502,0.8710752986940817,0.00027785495971099916,1678.1477636363636,1813.3350000000003,2515.206,3245.7529999999997,-0.21811678455492256,0.0,0.0,0.0,0.0179952694955648,0.0035342928824695,0.0006476683937823,0.0067553190234871
node,503,0.8710752986940817,0.00027785495971099916,1678.4111827751196,1813.3350000000003,2518.4579999999996,3245.7529999999997,0.045302354201112394,0.0,3.251999999999498,0.0,0.0276861037849229,0.0048519527400848,0.0012953367875647,0.0108707744941983
node,504,0.8696860238955265,0.001667129758266217,1677.9338753993609,1813.3350000000003,2528.0833000000002,3245.7529999999997,-0.432005021557643,0.0,12.877300000000105,0.0,0.0317662514202371,0.0025005207850985,0.008419689119171,0.0094674540474749
node,505,0.8707974437343706,0.0005557099194221093,1733.504149010849,1818.5775,2842.3569999999995,3245.7529999999997,55.138268589930476,5.242499999999836,327.1509999999994,0.0,0.0092106041048969,0.000478256963999,0.0012953367875647,0.0015255732882808
node,506,0.8699638788552375,0.0013892747985552178,1677.8994787607794,1813.3350000000003,2520.6259999999997,3245.7529999999997,-0.46640166013912676,0.0,5.419999999999618,0.0,0.0312240982375699,0.0064932458823337,0.0012953367875647,0.0217681000598198
node,507,0.8710752986940817,0.00027785495971099916,1683.8159288676236,1818.287,2515.206,3245.7529999999997,5.450048446705068,4.951999999999771,0.0,0.0,0.0301722752491166,0.0014646789488145,0.0012953367875647,0.0039397703989674
node,508,0.8713531536537927,0.0,1678.3658804209185,1813.3350000000003,2515.206,3245.7529999999997,0.0,0.0,0.0,0.0,0.0314788396418034,0.0039158413137867,0.0012953367875647,0.0064594777562715
node,509,0.8710752986940817,0.00027785495971099916,1678.2869135566186,1813.3350000000003,2515.206,3245.7529999999997,-0.07896686429990041,0.0,0.0,0.0,0.0,0.0,0.0,0.0
node,510,0.8713531536537927,0.0,1680.1124505739795,1815.8110000000001,2524.307,3245.7529999999997,1.7465701530609294,2.4759999999998854,9.100999999999658,0.0,0.0164749741512491,0.0004352015151431,0.0006476683937823,0.001709921041008
node,511,0.8713531536537927,0.0,1678.3658804209185,1813.3350000000003,2515.206,3245.7529999999997,0.0,0.0,0.0,0.0,0.0030803407482794,0.0008638565388592,0.0012953367875647,0.0073032252413665
node,512,0.8710752986940817,0.00027785495971099916,1678.8204086124401,1813.3350000000003,2515.206,3245.7529999999997,0.45452819152160373,0.0,0.0,0.0,0.0293008574581088,0.0012448616513616,0.001943005181347,0.0030930223855819
node,513,0.8713531536537927,0.0,1678.630366390306,1813.3350000000003,2517.916,3245.7529999999997,0.26448596938757873,0.0,2.7100000000000364,0.0,0.0168462572222268,0.0006720406959779,0.0012953367875647,0.0011130601265169
node,514,0.8713531536537927,0.0,1679.2276265943876,1813.3350000000003,2524.307,3245.7529999999997,0.8617461734691005,0.0,9.100999999999658,0.0,0.017090954054816,0.0006873480299103,0.0006476683937823,0.0025933212247806
node,515,0.8710752986940817,0.00027785495971099916,1678.1285948963316,1813.3350000000003,2515.206,3245.7529999999997,-0.2372855245869232,0.0,0.0,0.0,0.0007851225094821,0.0001488575617881,0.0012953367875647,0.0008350281559464
node,516,0.8710752986940817,0.00027785495971099916,1678.1708727272726,1813.3350000000003,2515.206,3245.7529999999997,-0.19500769364594817,0.0,0.0,0.0,0.02963484691425,0.0039021929803456,0.0012953367875647,0.0097304573765087
node,517,0.8713531536537927,0.0,1678.4206090561222,1813.3350000000003,2515.206,3245.7529999999997,0.05472863520367355,0.0,0.0,0.0,0.0289712437941988,0.0026811168270422,0.0006476683937823,0.0022151663653471
node,518,0.8710752986940817,0.00027785495971099916,1678.2869135566186,1813.3350000000003,2515.206,3245.7529999999997,-0.07896686429990041,0.0,0.0,0.0,0.005318189872543,0.0001061003953664,0.0006476683937823,0.0004880763327511
node,519,0.8713531536537927,0.0,1683.7061913265306,1818.8680000000002,2515.206,3245.7529999999997,5.340310905612114,5.532999999999902,0.0,0.0,0.0218672256764421,0.0008563796786212,0.0006476683937823,0.0014340273533885
node,520,0.8713531536537927,0.0,1684.5878284438775,1842.1570000000002,2515.206,3245.7529999999997,6.221948022958941,28.82199999999989,0.0,0.0,0.020416255221235,0.0009057950563709,0.0006476683937823,0.0021476651372206
node,521,0.8705195887746596,0.0008335648791331085,1682.079365783594,1813.3350000000003,2543.0460000000003,3245.7529999999997,3.7134853626755557,0.0,27.840000000000146,0.0,0.0150406561497607,0.0042547470646072,0.0012953367875647,0.019731267768374
node,522,0.8713531536537927,0.0,1678.3658804209185,1813.3350000000003,2515.206,3245.7529999999997,0.0,0.0,0.0,0.0,0.0,0.0,0.0,0.0
node,523,0.8702417338149486,0.0011114198388441077,1679.6458943167304,1813.3350000000003,2515.206,3245.7529999999997,1.2800138958118623,0.0,0.0,0.0,0.0083691692293306,0.003185728917054,0.0006476683937823,0.0257777571520968
node,524,0.8707974437343706,0.0005557099194221093,1678.4050178685386,1813.3350000000003,2515.206,3245.7529999999997,0.03913744762007809,0.0,0.0,0.0,0.0058409594641997,0.0003170456819084,0.0025906735751294,0.0005386389369793
node,525,0.8710752986940817,0.00027785495971099916,1678.3161610845295,1813.3350000000003,2515.206,3245.7529999999997,-0.04971933638898918,0.0,0.0,0.0,0.0236234490924175,0.001465815634118,0.0006476683937823,0.0084599797873917
node,526,0.8713531536537927,0.0,1678.7118660714286,1813.3350000000003,2515.206,3245.7529999999997,0.34598565051010155,0.0,0.0,0.0,0.027189026173671,0.0026206264983578,0.0012953367875647,0.0019613639690762
node,527,0.8710752986940817,0.00027785495971099916,1680.391919936204,1813.3350000000003,2515.206,3245.7529999999997,2.026039515285447,0.0,0.0,0.0,0.0057526206996608,9.254123560159176e-05,0.0006476683937823,0.0001794470708069
node,528,0.8713531536537927,0.0,1678.377480548469,1813.3350000000003,2515.206,3245.7529999999997,0.011600127550536854,0.0,0.0,0.0,0.02963484691425,0.0026811120818285,0.0006476683937823,0.0035687737606239
node,529,0.8713531536537927,0.0,1679.6318816964285,1813.3350000000003,2524.307,3245.7529999999997,1.266001275510007,0.0,9.100999999999658,0.0,0.0172580734278067,0.0007268709029947,0.0032383419689119,0.0031155013939955
node,530,0.8710752986940817,0.00027785495971099916,1678.1497684210526,1813.3350000000003,2515.206,3245.7529999999997,-0.216111999865916,0.0,0.0,0.0,0.0068612186615664,0.0003724267951344,0.0006476683937823,0.0002637828733258
node,531,0.8710752986940817,0.00027785495971099916,1678.6404976076556,1813.3350000000003,2515.206,3245.7529999999997,0.27461718673703217,0.0,0.0,0.0,0.027189026173671,0.0026206264983578,0.0012953367875647,0.0019613639690762
node,532,0.8713531536537927,0.0,1683.3656224489796,1815.8110000000001,2515.206,3245.7529999999997,4.999742028061064,2.4759999999998854,0.0,0.0,0.0468706956001267,0.0019532787967874,0.0006476683937823,0.0040432694386802
node,533,0.8710752986940817,0.00027785495971099916,1678.15875215311,1813.3350000000003,2515.206,3245.7529999999997,-0.20712826780845717,0.0,0.0,0.0,0.0038743264792147,0.0003287392636958,0.0006476683937823,0.000701422993888
node,534,0.8713531536537927,0.0,1678.449754145408,1813.3350000000003,2515.206,3245.7529999999997,0.08387372448942187,0.0,0.0,0.0,0.0068445759004016,0.0001362642621858,0.0006476683937823,0.0002467447243332
node,535,0.8710752986940817,0.00027785495971099916,1680.2662526315787,1813.3350000000003,2515.206,3245.7529999999997,1.90037221066018,0.0,0.0,0.0,0.0182669777279504,0.0023144806397746,0.0012953367875647,0.0052042314995658
node,536,0.8702417338149486,0.0011114198388441077,1678.6950916347384,1813.3350000000003,2515.206,3245.7529999999997,0.32921121381991725,0.0,0.0,0.0,0.005189820863581,0.0002752001307148,0.0012953367875647,0.0004240505015464
node,537,0.8713531536537927,0.0,1678.389166135204,1813.3350000000003,2515.206,3245.7529999999997,0.023285714285520953,0.0,0.0,0.0,0.0126047256218005,0.006124237309201,0.0006476683937823,0.0053419955868981
node,538,0.8713531536537927,0.0,1678.4306352040817,1813.3350000000003,2515.206,3245.7529999999997,0.06475478316315275,0.0,0.0,0.0,0.0146877107742983,0.004766405616167,0.0025906735751294,0.0110456622076851
node,539,0.8713531536537927,0.0,1678.3658804209185,1813.3350000000003,2515.206,3245.7529999999997,0.0,0.0,0.0,0.0,0.0031485455370369,2.239328661809453e-05,0.0006476683937823,5.49738495890847e-05
node,540,0.8713531536537927,0.0,1678.3658804209185,1813.3350000000003,2515.206,3245.7529999999997,0.0,0.0,0.0,0.0,0.0075153828678431,0.0031577334544548,0.0012953367875647,0.003521993133938
node,541,0.8713531536537927,0.0,1678.4306352040817,1813.3350000000003,2515.206,3245.7529999999997,0.06475478316315275,0.0,0.0,0.0,0.018009193781438,0.004326933203541,0.0006476683937823,0.0157023347249794
node,542,0.8710752986940817,0.00027785495971099916,1678.2532363636362,1813.3350000000003,2515.206,3245.7529999999997,-0.11264405728229576,0.0,0.0,0.0,0.0026202672135225,4.919902784219667e-05,0.0006476683937823,0.0002591851256439
node,543,0.847179772158933,0.024173381494859703,1687.0910819940964,1776.295,2591.142,3308.996799999994,8.725201573177856,-37.04000000000019,75.9359999999997,63.24379999999428,0.0287009375253666,0.0323216333040615,0.0025906735751294,0.0545306645742598
node,544,0.8702417338149486,0.0011114198388441077,1677.0950660919539,1813.3350000000003,2503.847,3245.7529999999997,-1.2708143289646614,0.0,-11.358999999999924,0.0,0.0015629656074715,0.0033484148031701,0.0025906735751294,0.0047682325856932
node,545,0.8710752986940817,0.00027785495971099916,1678.3895754385965,1813.3350000000003,2515.206,3245.7529999999997,0.023695017677937358,0.0,0.0,0.0,0.0003195148062997,3.4926175760523144e-05,0.0012953367875647,0.0002637895611325
node,546,0.8713531536537927,0.0,1678.3658804209185,1813.3350000000003,2515.206,3245.7529999999997,0.0,0.0,0.0,0.0,0.0006567288104906,2.9625992358106545e-05,0.0006476683937823,2.496752894382441e-05
node,547,0.8680188941372603,0.003334259516532434,1682.8864644686298,1819.571,2556.438,3245.7529999999997,4.5205840477112815,6.235999999999649,41.23199999999997,0.0,0.0324473035307841,0.0090392773069264,0.005181347150259,0.0557159840800522
node,548,0.8713531536537927,0.0,1678.3658804209185,1813.3350000000003,2515.206,3245.7529999999997,0.0,0.0,0.0,0.0,0.0086011411436741,0.0009575307465819,0.0012953367875647,0.0025016307596266
node,549,0.8713531536537927,0.0,1678.5081141581634,1813.3350000000003,2515.206,3245.7529999999997,0.142233737244851,0.0,0.0,0.0,0.0056972082372611,0.0024878495161425,0.0006476683937823,0.0067545322177882
node,550,0.8713531536537927,0.0,1678.3966795280612,1813.3350000000003,2515.206,3245.7529999999997,0.03079910714268408,0.0,0.0,0.0,0.0134968971866241,0.0053450456850033,0.0038860103626943,0.0058453321190379
node,551,0.8710752986940817,0.00027785495971099916,1678.083321212121,1813.3350000000003,2515.206,3245.7529999999997,-0.28255920879746554,0.0,0.0,0.0,0.0127786350498566,0.0003785503113357,0.0006476683937823,0.0007774843257995
node,552,0.8710752986940817,0.00027785495971099916,1678.4140567783095,1813.3350000000003,2515.206,3245.7529999999997,0.04817635739095749,0.0,0.0,0.0,0.0003404520899398,4.884997927760121e-05,0.0006476683937823,0.0003492866354732
node,553,0.8713531536537927,0.0,1678.3658804209185,1813.3350000000003,2515.206,3245.7529999999997,0.0,0.0,0.0,0.0,0.0230725393041695,0.0004283759070559,0.0006476683937823,0.0012832942654681
node,554,0.8710752986940817,0.00027785495971099916,1678.3116867623605,1813.3350000000003,2515.206,3245.7529999999997,-0.054193658558006064,0.0,0.0,0.0,0.0151576884151256,0.0074657046853966,0.0006476683937823,0.0054122263717138
node,555,0.8710752986940817,0.00027785495971099916,1678.2925020733653,1813.3350000000003,2515.206,3245.7529999999997,-0.07337834755321637,0.0,0.0,0.0,0.0050177922522054,0.001922971986998,0.0006476683937823,0.0071143484977447
node,556,0.8713531536537927,0.0,1678.3658804209185,1813.3350000000003,2515.206,3245.7529999999997,0.0,0.0,0.0,0.0,0.0053194451405758,0.0021871577308498,0.0006476683937823,0.0053359087700138
node,557,0.8713531536537927,0.0,1678.3658804209185,1813.3350000000003,2515.206,3245.7529999999997,0.0,0.0,0.0,0.0,0.0001057014831657,4.29508649831698e-05,0.0,0.0003255696101967
node,558,0.8713531536537927,0.0,1678.3658804209185,1813.3350000000003,2515.206,3245.7529999999997,0.0,0.0,0.0,0.0,0.000711776003707,0.0005082636557786,0.0006476683937823,0.0021923309790354
node,559,0.8710752986940817,0.00027785495971099916,1678.2517799043062,1813.3350000000003,2515.206,3245.7529999999997,-0.11410051661232501,0.0,0.0,0.0,0.0160628086075602,0.0045112509888052,0.0006476683937823,0.0041373010066298
node,560,0.8713531536537927,0.0,1678.3658804209185,1813.3350000000003,2515.206,3245.7529999999997,0.0,0.0,0.0,0.0,0.0009601950861158,0.0007268058193125,0.0006476683937823,0.0023854430264142
node,561,0.8710752986940817,0.00027785495971099916,1678.2934497607655,1813.3350000000003,2518.4579999999996,3245.7529999999997,-0.07243066015303157,0.0,3.251999999999498,0.0,0.0098690805307005,0.0014452617097344,0.0006476683937823,0.0006317815507389
node,562,0.8710752986940817,0.00027785495971099916,1678.2970692185008,1813.3350000000003,2518.4579999999996,3245.7529999999997,-0.06881120241769167,0.0,3.251999999999498,0.0,0.0219313463940618,0.0017676224412767,0.0012953367875647,0.0016717397382617
node,563,0.8710752986940817,0.00027785495971099916,1678.7743668261562,1813.3350000000003,2515.206,3245.7529999999997,0.40848640523768154,0.0,0.0,0.0,0.0021198868480775,9.48960539962463e-06,0.0012953367875647,3.2648680539813904e-05
node,564,0.8710752986940817,0.00027785495971099916,1678.6083645933015,1813.3350000000003,2515.206,3245.7529999999997,0.24248417238300135,0.0,0.0,0.0,0.0057173408296275,0.0008101810690386,0.0012953367875647,0.0020617959968179
node,565,0.8710752986940817,0.00027785495971099916,1678.9237496012759,1813.3350000000003,2515.206,3245.7529999999997,0.5578691803573292,0.0,0.0,0.0,0.0413708904094764,0.0032728869635553,0.0012953367875647,0.004775232787846
node,566,0.8713531536537927,0.0,1678.3658804209185,1813.3350000000003,2515.206,3245.7529999999997,0.0,0.0,0.0,0.0,0.0006071215574434,0.0004757759266752,0.0,0.0018699863320641
node,567,0.8688524590163934,0.0025006946373993255,1679.6015196674127,1813.3350000000003,2517.3740000000003,3245.7529999999997,1.2356392464942019,0.0,2.16800000000012,0.0,0.0296537428819496,0.0027058206028957,0.0097150259067357,0.0105696213681998
node,568,0.8696860238955265,0.001667129758266217,1679.0894849840254,1813.3350000000003,2515.7479999999996,3245.7529999999997,0.7236045631068464,0.0,0.5419999999994616,0.0,0.0023055369115438,0.0004211037638109,0.0045336787564766,0.0023278453526733
node,569,0.8707974437343706,0.0005557099194221093,1678.7370768985322,1813.3350000000003,2515.206,3245.7529999999997,0.3711964776136938,0.0,0.0,0.0,0.0023946461239658,0.0014184405108506,0.0006476683937823,0.007375714907576
node,570,0.8702417338149486,0.0011114198388441077,1679.9353208812263,1813.3350000000003,2515.206,3245.7529999999997,1.56944046030776,0.0,0.0,0.0,0.0005455655073173,0.001567822455976,0.0006476683937823,0.0016803884319723
node,571,0.8713531536537927,0.0,1678.605903380102,1813.3350000000003,2515.206,3245.7529999999997,0.2400229591835341,0.0,0.0,0.0,0.045533884265469,0.0010860279490279,0.0006476683937823,0.0035890650115581
node,572,0.8707974437343706,0.0005557099194221093,1679.9713720485004,1813.3350000000003,2515.206,3245.7529999999997,1.6054916275818414,0.0,0.0,0.0,0.0259973278123886,0.0024748270624085,0.0012953367875647,0.010232592114585
node,573,0.8713531536537927,0.0,1678.3658804209185,1813.3350000000003,2515.206,3245.7529999999997,0.0,0.0,0.0,0.0,0.02037058161274,0.0014657149594084,0.0006476683937823,0.0044205031883843
node,574,0.8710752986940817,0.00027785495971099916,1678.508203508772,1813.3350000000003,2515.206,3245.7529999999997,0.14232308785358327,0.0,0.0,0.0,0.0002759026342529,0.0001827482484886,0.001943005181347,0.0008498037151014
node,575,0.8710752986940817,0.00027785495971099916,1699.1971575757575,1848.4940000000001,2617.3019999999997,3245.7529999999997,20.831277154838972,35.15899999999988,102.09599999999955,0.0,0.0200473740649068,0.0006409347089151,0.0006476683937823,0.0014614896865157
node,576,0.8696860238955265,0.001667129758266217,1683.6164431309905,1815.8110000000001,2515.7479999999996,3245.7529999999997,5.250562710072018,2.4759999999998854,0.5419999999994616,0.0,0.0279505788997189,0.0032867952189838,0.0025906735751294,0.0103682769000673
node,577,0.8699638788552375,0.0013892747985552178,1678.338532417758,1813.3350000000003,2515.206,3245.7529999999997,-0.027348003160568624,0.0,0.0,0.0,0.0033156869664233,0.0016156641971323,0.001943005181347,0.0102125994911528
node,578,0.8710752986940817,0.00027785495971099916,1678.464797767145,1813.3350000000003,2515.206,3245.7529999999997,0.09891734622647164,0.0,0.0,0.0,0.0276070410020931,0.0022437492892533,0.0012953367875647,0.0078704838038891
node,579,0.8713531536537927,0.0,1678.3658804209185,1813.3350000000003,2515.206,3245.7529999999997,0.0,0.0,0.0,0.0,0.0029215875530979,0.0005295798470762,0.0006476683937823,0.0008205634017887
node,580,0.8627396499027508,0.008613503751041973,1680.8096112721419,1820.744,2528.5598,3245.7529999999997,2.4437308512233358,7.408999999999651,13.353799999999865,0.0,0.0079209655224035,0.0042297033269278,0.0045336787564766,0.024397251393969
node,581,0.8707974437343706,0.0005557099194221093,1679.533082641991,1813.3350000000003,2515.206,3245.7529999999997,1.1672022210725572,0.0,0.0,0.0,0.0379902533166568,0.0020178267368704,0.001943005181347,0.008060419494403
node,582,0.8702417338149486,0.0011114198388441077,1680.3900265006387,1813.3350000000003,2515.206,3245.7529999999997,2.02414607972014,0.0,0.0,0.0,0.038220059710304,0.0021794053145075,0.001943005181347,0.0087682428452172
node,583,0.8713531536537927,0.0,1684.4074837372452,1819.571,2515.206,3245.7529999999997,6.0416033163267,6.235999999999649,0.0,0.0,0.0241642026320106,0.001125772042062,0.0006476683937823,0.0041273921798776
node,584,0.8713531536537927,0.0,1678.3658804209185,1813.3350000000003,2515.206,3245.7529999999997,0.0,0.0,0.0,0.0,0.0170524355547199,0.0010733746286937,0.0006476683937823,0.0032688104074289
node,585,0.8713531536537927,0.0,1684.6126887755102,1813.3350000000003,2515.206,3245.7529999999997,6.2468083545916215,0.0,0.0,0.0,0.0214499044387755,0.0013780580055556,0.0006476683937823,0.0058293622579891
node,586,0.8713531536537927,0.0,1678.3658804209185,1813.3350000000003,2515.206,3245.7529999999997,0.0,0.0,0.0,0.0,0.0325960512399804,0.0011173597245438,0.0006476683937823,0.0038682900750565
node,587,0.8694081689358155,0.0019449847179772162,1678.4900476190476,1813.3350000000003,2516.2900000000013,3245.7529999999997,0.12416719812904375,0.0,1.084000000001197,0.0,0.0045285431857927,0.0011456990069534,0.0025906735751294,0.0035707729453139
node,588,0.8713531536537927,0.0,1678.3658804209185,1813.3350000000003,2515.206,3245.7529999999997,0.0,0.0,0.0,0.0,0.0023146850166515,0.0011902316179792,0.001943005181347,0.0071294278569167
node,589,0.8713531536537927,0.0,1678.3658804209185,1813.3350000000003,2515.206,3245.7529999999997,0.0,0.0,0.0,0.0,0.0357404685073118,0.0011097061712995,0.0006476683937823,0.0025939924607087
node,590,0.8713531536537927,0.0,1700.8479202806122,1813.3350000000003,2653.163999999999,3309.5359999999996,22.482039859693714,0.0,137.95799999999872,63.7829999999999,0.0630842512875606,0.0036397324092041,0.0006476683937823,0.0059589001428506
node,591,0.8682967490969714,0.003056404556821324,1680.0615574400001,1813.3350000000003,2518.4579999999996,3245.7529999999997,1.695677019081586,0.0,3.251999999999498,0.0,0.0277986293982804,0.00246708641054,0.0038860103626943,0.0070895658041047
node,592,0.8710752986940817,0.00027785495971099916,1678.5832784688994,1813.3350000000003,2515.206,3245.7529999999997,0.2173980479808506,0.0,0.0,0.0,0.0322544543255993,0.0036167773630575,0.001943005181347,0.012831752104847
node,593,0.8713531536537927,0.0,1681.4272429846937,1813.3350000000003,2515.206,3245.7529999999997,3.0613625637752193,0.0,0.0,0.0,0.0780570546045984,0.0037143078361697,0.0006476683937823,0.0056376120116628
node,594,0.8713531536537927,0.0,1679.5180580357146,1813.3350000000003,2515.206,3245.7529999999997,1.1521776147960736,0.0,0.0,0.0,0.0314581611951865,0.001008911457417,0.0006476683937823,0.0016393321183019
node,595,0.8710752986940817,0.00027785495971099916,1678.4188523125997,1813.3350000000003,2515.206,3245.7529999999997,0.05297189168118166,0.0,0.0,0.0,0.0178661808178944,0.0010415900204738,0.0006476683937823,0.0030715735565962
node,596,0.8713531536537927,0.0,1706.2845188137755,1834.5389999999998,2688.3915,3318.9174999999996,27.91863839285702,21.203999999999496,173.18550000000005,73.16449999999986,0.0234827345179932,0.0026293114069545,0.0032383419689119,0.0061532235082713
node,597,0.8710752986940817,0.00027785495971099916,1680.6855068580544,1813.3350000000003,2538.3947999999996,3258.049099999997,2.3196264371358666,0.0,23.188799999999446,12.296099999997296,0.0272121302755365,0.0006861394078273,0.0012953367875647,0.0011084894836715
node,598,0.8710752986940817,0.00027785495971099916,1682.3229199362042,1813.3350000000003,2515.206,3245.7529999999997,3.9570395152857145,0.0,0.0,0.0,0.0077823656064119,0.0008345730347051,0.0006476683937823,0.0015055536290417
node,599,0.8705195887746596,0.0008335648791331085,1791.6838806255982,1911.5110000000002,3014.7430000000004,3836.1430000000005,113.31800020467972,98.17599999999993,499.53700000000026,590.3900000000008,0.0402234419695969,0.0086950376040235,0.0058290155440414,0.0344098698019459
node,600,0.8710752986940817,0.00027785495971099916,1678.6897741626794,1813.3350000000003,2515.206,3245.7529999999997,0.32389374176091223,0.0,0.0,0.0,0.0,0.0,0.0,0.0
node,601,0.8707974437343706,0.0005557099194221093,1679.2528666241226,1813.3350000000003,2515.206,3245.7529999999997,0.8869862032040601,0.0,0.0,0.0,0.0584515861269994,0.0086376930186681,0.001943005181347,0.0409878527935344
node,602,0.8713531536537927,0.0,1678.3658804209185,1813.3350000000003,2515.206,3245.7529999999997,0.0,0.0,0.0,0.0,0.0881878841589769,0.0125233884806888,0.0006476683937823,0.0325406139302295
node,603,0.8713531536537927,0.0,1679.5180580357146,1813.3350000000003,2515.206,3245.7529999999997,1.1521776147960736,0.0,0.0,0.0,0.00252427481025,6.804489104622811e-05,0.0006476683937823,0.0002548929084966
node,604,0.8710752986940817,0.00027785495971099916,1699.8660188197769,1813.3350000000003,2654.447799999998,3309.5359999999996,21.500138398858326,0.0,139.24179999999797,63.7829999999999,0.0668364040537694,0.0038161592420438,0.0012953367875647,0.0081023750448817
node,605,0.8713531536537927,0.0,1678.3658804209185,1813.3350000000003,2515.206,3245.7529999999997,0.0,0.0,0.0,0.0,0.027023144096025,0.0022271526261506,0.001943005181347,0.0081721599557294
node,606,0.8705195887746596,0.0008335648791331085,1679.3294940951164,1813.3350000000003,2515.206,3245.7529999999997,0.9636136741978589,0.0,0.0,0.0,0.0418171296084267,0.0108344667775712,0.0058290155440414,0.0393185640587279
node,607,0.8713531536537927,0.0,1710.1521527423467,1860.8315,2689.2070000000003,3365.9299999999985,31.786272321428214,47.49649999999974,174.0010000000002,120.17699999999877,0.0183338858087323,0.0016788958117068,0.0012953367875647,0.0022182570881451
node,608,0.8710752986940817,0.00027785495971099916,1707.894950877193,1834.8419999999996,2688.5546,3320.7937999999895,29.52907045627444,21.50699999999938,173.3485999999998,75.04079999998976,0.0248252575937053,0.0014092973908553,0.0006476683937823,0.0017603483181874
node,609,0.8710752986940817,0.00027785495971099916,1699.9671732057416,1813.3350000000003,2654.447799999998,3309.5359999999996,21.601292784823045,0.0,139.24179999999797,63.7829999999999,0.0296723322864898,0.0009008678010519,0.0006476683937823,0.002347175564829
node,610,0.8710752986940817,0.00027785495971099916,1678.5832784688994,1813.3350000000003,2515.206,3245.7529999999997,0.2173980479808506,0.0,0.0,0.0,0.0335355796718396,0.0046645083448825,0.001943005181347,0.0167777277628657
node,611,0.8713531536537927,0.0,1678.3658804209185,1813.3350000000003,2515.206,3245.7529999999997,0.0,0.0,0.0,0.0,0.0309320146958845,0.002885096828495,0.0006476683937823,0.0079973382909848
node,612,0.8710752986940817,0.00027785495971099916,1678.6555499202552,1813.3350000000003,2515.206,3245.7529999999997,0.2896694993366964,0.0,0.0,0.0,0.0810839599778112,0.0045103872996118,0.0012953367875647,0.0081836223647319
node,613,0.8713531536537927,0.0,1680.0488593750001,1813.3350000000003,2515.206,3245.7529999999997,1.682978954081591,0.0,0.0,0.0,0.0479282911596405,0.0017321559049566,0.0006476683937823,0.0025160189340319
node,614,0.8713531536537927,0.0,1678.9681218112246,1813.3350000000003,2515.206,3245.7529999999997,0.6022413903060624,0.0,0.0,0.0,0.0253840723714987,0.001609636425539,0.0006476683937823,0.0043717108211387
node,615,0.8680188941372603,0.003334259516532434,1680.28473943662,1815.8110000000001,2519.0000000000014,3245.7529999999997,1.9188590157014005,2.4759999999998854,3.7940000000012333,0.0,0.0277986293982804,0.00246708641054,0.0038860103626943,0.0070895658041047
node,616,0.8705195887746596,0.0008335648791331085,1679.1632646026173,1813.3350000000003,2515.206,3245.7529999999997,0.797384181698817,0.0,0.0,0.0,0.0275218103213704,0.008110845609785,0.0006476683937823,0.0324612412844261
node,617,0.8707974437343706,0.0005557099194221093,1678.7997922782388,1813.3350000000003,2515.206,3245.7529999999997,0.43391185732025406,0.0,0.0,0.0,0.0654116393691126,0.001573302480468,0.0006476683937823,0.005197412549626
node,618,0.8707974437343706,0.0005557099194221093,1677.9053267389916,1813.3350000000003,2515.206,3245.7529999999997,-0.46055368192696733,0.0,0.0,0.0,0.0039894864067168,0.0012355572071835,0.001943005181347,0.0048537442461966
node,619,0.8713531536537927,0.0,1678.3658804209185,1813.3350000000003,2515.206,3245.7529999999997,0.0,0.0,0.0,0.0,0.0352088548415548,0.0057654292045939,0.0032383419689119,0.0087627633287518
node,620,0.8705195887746596,0.0008335648791331085,1677.7198353016279,1813.3350000000003,2515.206,3245.7529999999997,-0.6460451192906476,0.0,0.0,0.0,0.0118097871340066,0.0015662689999948,0.0045336787564766,0.0046171455730065
node,621,0.8707974437343706,0.0005557099194221093,1679.6786100829613,1813.3350000000003,2551.29,3245.7529999999997,1.3127296620427842,0.0,36.08399999999983,0.0,0.0236904943489431,0.0130705700167453,0.0032383419689119,0.0373707705149502
node,622,0.8713531536537927,0.0,1678.3658804209185,1813.3350000000003,2515.206,3245.7529999999997,0.0,0.0,0.0,0.0,0.0352088548415548,0.0057654292045939,0.0032383419689119,0.0087627633287518
node,623,0.8710752986940817,0.00027785495971099916,1678.265012121212,1813.3350000000003,2515.206,3245.7529999999997,-0.1008682997064625,0.0,0.0,0.0,0.001867325349136,0.0010794261127247,0.001943005181347,0.0057515218123786
node,624,0.8710752986940817,0.00027785495971099916,1678.4226143540668,1813.3350000000003,2515.206,3245.7529999999997,0.0567339331482799,0.0,0.0,0.0,0.0358628209013194,0.0062538627961242,0.0032383419689119,0.0107770347351952
node,625,0.8713531536537927,0.0,1678.3658804209185,1813.3350000000003,2515.206,3245.7529999999997,0.0,0.0,0.0,0.0,0.0003380264793886,0.0001733200776934,0.0006476683937823,0.0010411504723935
node,626,0.8713531536537927,0.0,1678.3672554209186,1813.3350000000003,2515.206,3245.7529999999997,0.0013750000000527507,0.0,0.0,0.0,0.0521899585602883,0.0069073529070569,0.0045336787564766,0.009103869466058
node,627,0.8713531536537927,0.0,1679.8298239795918,1813.3350000000003,2551.29,3245.7529999999997,1.4639435586732361,0.0,36.08399999999983,0.0,0.0191921080315617,0.0087852647366415,0.0032383419689119,0.0235153558509256
node,628,0.8707974437343706,0.0005557099194221093,1677.9053267389916,1813.3350000000003,2515.206,3245.7529999999997,-0.46055368192696733,0.0,0.0,0.0,0.0025781090068519,0.0001400835834778,0.001943005181347,0.000506581120833
node,629,0.8713531536537927,0.0,1678.3658804209185,1813.3350000000003,2515.206,3245.7529999999997,0.0,0.0,0.0,0.0,0.0192438867130778,0.0045362358406394,0.0006476683937823,0.0058364995087121
node,630,0.8710752986940817,0.00027785495971099916,1678.265012121212,1813.3350000000003,2515.206,3245.7529999999997,-0.1008682997064625,0.0,0.0,0.0,0.0015292988697473,0.0009061060350311,0.0006476683937823,0.0047103713399851
node,631,0.8702417338149486,0.0011114198388441077,1678.4710795019157,1813.3350000000003,2515.206,3245.7529999999997,0.10519908099718123,0.0,0.0,0.0,0.0130982879288718,0.0188214250884423,0.0012953367875647,0.0308363141912538
node,632,0.8713531536537927,0.0,1678.3658804209185,1813.3350000000003,2515.206,3245.7529999999997,0.0,0.0,0.0,0.0,0.0186793551250457,0.0008612948452552,0.0025906735751294,0.0019778412187952
node,633,0.8707974437343706,0.0005557099194221093,1678.3728771537972,1813.3350000000003,2515.206,3245.7529999999997,0.006996732878633338,0.0,0.0,0.0,0.031158590310241,0.0236130446473324,0.001943005181347,0.0395590097781606
node,634,0.8710752986940817,0.00027785495971099916,1678.3181432216904,1813.3350000000003,2515.206,3245.7529999999997,-0.04773719922809505,0.0,0.0,0.0,0.0050059069331431,0.000594785952506,0.0006476683937823,0.001855084258241
node,635,0.8713531536537927,0.0,1678.3658804209185,1813.3350000000003,2515.206,3245.7529999999997,0.0,0.0,0.0,0.0,0.000378314500059,0.0001793273633895,0.0006476683937823,0.0005362231498249
node,636,0.8710752986940817,0.00027785495971099916,1678.3051419457736,1813.3350000000003,2515.206,3245.7529999999997,-0.06073847514494446,0.0,0.0,0.0,0.0330660193382375,0.0030341420046873,0.0012953367875647,0.0048273312951285
node,637,0.8710752986940817,0.00027785495971099916,1678.286259968102,1813.3350000000003,2515.206,3245.7529999999997,-0.07962045281647079,0.0,0.0,0.0,0.0374039701088452,0.0063311367342052,0.0025906735751294,0.0101411093492127
node,638,0.8710752986940817,0.00027785495971099916,1678.3736800637957,1813.3350000000003,2515.206,3245.7529999999997,0.007799642877216684,0.0,0.0,0.0,0.0288459125086084,0.0292000551023256,0.0006476683937823,0.0579905640019576
node,639,0.8713531536537927,0.0,1678.7870905612247,1813.3350000000003,2515.206,3245.7529999999997,0.4212101403061297,0.0,0.0,0.0,0.0386452855970673,0.0035757648346737,0.0006476683937823,0.0051482217021384
node,640,0.8710752986940817,0.00027785495971099916,1678.2375741626795,1813.3350000000003,2515.206,3245.7529999999997,-0.12830625823903574,0.0,0.0,0.0,0.0043259418140016,0.001448541646743,0.0012953367875647,0.0020465040287276
node,641,0.8710752986940817,0.00027785495971099916,1678.2603119617224,1813.3350000000003,2515.206,3245.7529999999997,-0.10556845919609259,0.0,0.0,0.0,0.0076102157889513,0.0004442157834859,0.001943005181347,0.0013695857511879
node,642,0.8624617949430398,0.008891358710752972,1676.6491523840207,1813.3350000000003,2528.6551000000004,3245.7529999999997,-1.7167280368978481,0.0,13.449100000000271,0.0,0.0147024920482832,0.0025488952370681,0.001943005181347,0.010142648907028
node,643,0.8713531536537927,0.0,1678.48728125,1813.3350000000003,2515.206,3245.7529999999997,0.12140082908149452,0.0,0.0,0.0,0.0075150239328705,3.2713354971631784e-05,0.0012953367875647,0.0001002792721292
node,644,0.8710752986940817,0.00027785495971099916,1678.257700478469,1813.3350000000003,2515.206,3245.7529999999997,-0.10817994244962392,0.0,0.0,0.0,0.011929861456997,0.0016200405512815,0.001943005181347,0.0106527788484786
node,645,0.8713531536537927,0.0,1678.3658804209185,1813.3350000000003,2515.206,3245.7529999999997,0.0,0.0,0.0,0.0,0.0045066815451445,1.8911961495325865e-05,0.0006476683937823,2.760525271493529e-05
node,646,0.8710752986940817,0.00027785495971099916,1678.257700478469,1813.3350000000003,2515.206,3245.7529999999997,-0.10817994244962392,0.0,0.0,0.0,0.0034375468851073,0.0001884618000199,0.0006476683937823,0.000569773095631
node,647,0.8710752986940817,0.00027785495971099916,1679.82211738437,1813.3350000000003,2515.206,3245.7529999999997,1.4562369634513743,0.0,0.0,0.0,0.0029349599052628,2.7974747025012683e-05,0.0006476683937823,6.314182072864833e-05
node,648,0.8710752986940817,0.00027785495971099916,1678.2437244019136,1813.3350000000003,2515.206,3245.7529999999997,-0.12215601900493311,0.0,0.0,0.0,0.0235355316291774,0.0027003753504866,0.001943005181347,0.0096152842136888
node,649,0.8707974437343706,0.0005557099194221093,1678.1589492661135,1813.3350000000003,2515.206,3245.7529999999997,-0.20693115480503366,0.0,0.0,0.0,0.0229541225671556,0.0023729833078628,0.001943005181347,0.0078244945670531
node,650,0.8713531536537927,0.0,1678.3658804209185,1813.3350000000003,2515.206,3245.7529999999997,0.0,0.0,0.0,0.0,0.0051560235643745,7.683317173602314e-05,0.0006476683937823,0.0001779880822811
node,651,0.8669074742984162,0.004445679355376542,1677.0796080128207,1813.3350000000003,2521.362199999999,3245.7529999999997,-1.2862724080978296,0.0,6.156199999998989,0.0,0.0076637734064779,0.0006657268064364,0.0006476683937823,0.0024831787122834
node,652,0.8707974437343706,0.0005557099194221093,1680.7190258455648,1815.8110000000001,2525.779400000002,3258.658949999999,2.3531454246463,2.4759999999998854,10.573400000002039,12.905949999999393,0.0178115521617354,0.003301717538069,0.001943005181347,0.0062302520486512
node,653,0.8713531536537927,0.0,1678.3658804209185,1813.3350000000003,2515.206,3245.7529999999997,0.0,0.0,0.0,0.0,0.0142368612479903,0.0016125351409863,0.0006476683937823,0.0012482887408102
node,654,0.8713531536537927,0.0,1678.3658804209185,1813.3350000000003,2515.206,3245.7529999999997,0.0,0.0,0.0,0.0,0.0327686207853249,0.0038467766052856,0.0025906735751294,0.0045684225005501
node,655,0.8713531536537927,0.0,1678.3658804209185,1813.3350000000003,2515.206,3245.7529999999997,0.0,0.0,0.0,0.0,0.0280948286350824,0.0033036032813722,0.0006476683937823,0.0031335122016719
node,656,0.8710752986940817,0.00027785495971099916,1678.3955295055819,1813.3350000000003,2515.206,3245.7529999999997,0.02964908466333327,0.0,0.0,0.0,0.0222561005193764,0.0016254316521414,0.0012953367875647,0.0015062138225044
node,657,0.8713531536537927,0.0,1678.3658804209185,1813.3350000000003,2515.206,3245.7529999999997,0.0,0.0,0.0,0.0,0.0,0.0,0.0,0.0
node,658,0.8713531536537927,0.0,1678.3658804209185,1813.3350000000003,2515.206,3245.7529999999997,0.0,0.0,0.0,0.0,0.0041008531732779,0.0027541320391692,0.0,0.0126309785739173
node,659,0.8710752986940817,0.00027785495971099916,1678.4435119617226,1813.3350000000003,2515.206,3245.7529999999997,0.0776315408040773,0.0,0.0,0.0,0.022244254254176,0.0008376419699991,0.0012953367875647,0.0017304989743751
node,660,0.8710752986940817,0.00027785495971099916,1678.5355444976076,1813.3350000000003,2515.206,3245.7529999999997,0.16966407668905958,0.0,0.0,0.0,0.0223239944651008,0.0008965919129091,0.0012953367875647,0.001831740914339
node,661,0.8713531536537927,0.0,1680.7263128188777,1813.3350000000003,2526.011,3257.4392500000004,2.36043239795913,0.0,10.804999999999836,11.686250000000655,0.0220946985142332,0.0008242192136924,0.0012953367875647,0.0016215034402598
node,662,0.8707974437343706,0.0005557099194221093,1678.5834878749204,1813.3350000000003,2515.206,3245.7529999999997,0.21760745400183623,0.0,0.0,0.0,0.0180976250548787,0.0055329656817761,0.0006476683937823,0.0228414519617403
node,663,0.8713531536537927,0.0,1678.3658804209185,1813.3350000000003,2515.206,3245.7529999999997,0.0,0.0,0.0,0.0,0.0,0.0,0.0,0.0
node,664,0.8713531536537927,0.0,1678.3658804209185,1813.3350000000003,2515.206,3245.7529999999997,0.0,0.0,0.0,0.0,0.0006178906405051,0.0003776692387322,0.0012953367875647,0.001445653163837
node,665,0.8713531536537927,0.0,1678.3658804209185,1813.3350000000003,2515.206,3245.7529999999997,0.0,0.0,0.0,0.0,0.0224788338269463,0.0009990941688382,0.0012953367875647,0.0024530241252017
node,666,0.8713531536537927,0.0,1678.3658804209185,1813.3350000000003,2515.206,3245.7529999999997,0.0,0.0,0.0,0.0,0.0109445847134256,0.0004937451063273,0.001943005181347,0.0016506841092363
node,667,0.8713531536537927,0.0,1678.641502232143,1813.3350000000003,2515.206,3245.7529999999997,0.27562181122448237,0.0,0.0,0.0,0.0512474843013995,0.0016701077567757,0.001943005181347,0.0039211843665663
node,668,0.8713531536537927,0.0,1678.4237095025512,1813.3350000000003,2515.206,3245.7529999999997,0.05782908163268985,0.0,0.0,0.0,0.0533088625726585,0.0167048032537008,0.0025906735751294,0.0665110297728581
node,669,0.8713531536537927,0.0,1679.581269770408,1813.3350000000003,2515.206,3257.4392500000004,1.2153893494894419,0.0,0.0,11.686250000000655,0.0316548411515914,0.001101816174129,0.0006476683937823,0.0025644363420698
node,670,0.8710752986940817,0.00027785495971099916,1678.862956937799,1813.3350000000003,2515.206,3245.7529999999997,0.49707651688049737,0.0,0.0,0.0,0.0086702661481137,0.000365763406754,0.0012953367875647,0.0011567198111493
node,671,0.8710752986940817,0.00027785495971099916,1678.7925897926632,1813.3350000000003,2515.206,3245.7529999999997,0.42670937174466417,0.0,0.0,0.0,0.0058526501668178,0.0016855341671864,0.0038860103626943,0.0071202393877086
node,672,0.8713531536537927,0.0,1679.047953125,1813.3350000000003,2515.206,3245.7529999999997,0.68207270408152,0.0,0.0,0.0,0.0177477887176234,0.0075712241739863,0.0006476683937823,0.0019284136792595
node,673,0.8713531536537927,0.0,1678.3745322066327,1813.3350000000003,2515.206,3245.7529999999997,0.008651785714164362,0.0,0.0,0.0,0.0035402971906767,9.931228379152531e-05,0.0012953367875647,0.0004340199853558
node,674,0.8713531536537927,0.0,1678.3820672831635,1813.3350000000003,2515.206,3245.7529999999997,0.01618686224492194,0.0,0.0,0.0,0.0898419391453094,0.0105846864521485,0.0012953367875647,0.0159737748226676
node,675,0.8713531536537927,0.0,1678.3658804209185,1813.3350000000003,2515.206,3245.7529999999997,0.0,0.0,0.0,0.0,0.0001356676046456,8.76413618842192e-05,0.0006476683937823,0.0004178678277535
node,676,0.8713531536537927,0.0,1678.3658804209185,1813.3350000000003,2515.206,3245.7529999999997,0.0,0.0,0.0,0.0,0.0543253953748846,0.0127902328498993,0.0032383419689119,0.0354845954650453
node,677,0.8713531536537927,0.0,1678.3658804209185,1813.3350000000003,2515.206,3245.7529999999997,0.0,0.0,0.0,0.0,0.0001507767512848,0.0001415785610751,0.0,0.0004644052918873
node,678,0.8713531536537927,0.0,1678.3658804209185,1813.3350000000003,2515.206,3245.7529999999997,0.0,0.0,0.0,0.0,0.0129473772121262,0.0029966236363839,0.001943005181347,0.0031779883820422
node,679,0.8702417338149486,0.0011114198388441077,1678.77737100894,1813.3350000000003,2551.29,3245.7529999999997,0.4114905880214792,0.0,36.08399999999983,0.0,0.0306105166342849,0.014723838272005,0.0064766839378237,0.0369760597863487
node,680,0.8713531536537927,0.0,1678.3658804209185,1813.3350000000003,2515.206,3245.7529999999997,0.0,0.0,0.0,0.0,0.0002054764588167,0.0001837108758832,0.0,0.0006328850702753
node,681,0.8713531536537927,0.0,1678.3658804209185,1813.3350000000003,2515.206,3245.7529999999997,0.0,0.0,0.0,0.0,0.0205917480554758,0.0031784871758243,0.0006476683937823,0.0032439612077173
node,682,0.8702417338149486,0.0011114198388441077,1677.7648943167305,1813.3350000000003,2515.206,3245.7529999999997,-0.6009861041879958,0.0,0.0,0.0,0.012098045328917,0.0041361850619235,0.0025906735751294,0.0084613695206686
node,683,0.8707974437343706,0.0005557099194221093,1677.9751477345246,1813.3350000000003,2515.206,3245.7529999999997,-0.39073268639390335,0.0,0.0,0.0,0.0196294242085342,0.0099441570836123,0.0071243523316061,0.0206324179547499
node,684,0.8674631842178383,0.0038899694359544323,1675.3491492632927,1813.3350000000003,2520.0840000000003,3245.7529999999997,-3.016731157625827,0.0,4.878000000000156,0.0,0.0082328377719667,0.0053052178977788,0.0,0.0253578446011827
node,685,0.8707974437343706,0.0005557099194221093,1678.0258707721762,1813.3350000000003,2515.206,3245.7529999999997,-0.3400096487423525,0.0,0.0,0.0,0.0100382638983302,0.0059196806871378,0.0012953367875647,0.0100861104796298
node,686,0.8713531536537927,0.0,1678.3658804209185,1813.3350000000003,2515.206,3245.7529999999997,0.0,0.0,0.0,0.0,0.0004362755511429,0.0005730911282203,0.0,0.0013437660179395
node,687,0.8713531536537927,0.0,1678.6503204719386,1813.3350000000003,2515.206,3245.7529999999997,0.28444005102005576,0.0,0.0,0.0,0.0095403308011977,0.0019682053440584,0.0006476683937823,0.0029820044161698
node,688,0.8713531536537927,0.0,1679.414376594388,1813.3350000000003,2515.206,3245.7529999999997,1.0484961734694025,0.0,0.0,0.0,0.0170892745513885,0.0009941034925868,0.0006476683937823,0.0040389548041859
node,689,0.8713531536537927,0.0,1678.3922509566326,1813.3350000000003,2515.206,3245.7529999999997,0.02637053571402248,0.0,0.0,0.0,0.0184362791925216,0.001266388671852,0.0012953367875647,0.0040388804217507
node,690,0.8710752986940817,0.00027785495971099916,1678.5662787878787,1813.3350000000003,2515.206,3245.7529999999997,0.2003983669601439,0.0,0.0,0.0,0.0273802648685498,0.0023003392559083,0.0012953367875647,0.0077651532422897
node,691,0.8707974437343706,0.0005557099194221093,1678.6350982769623,1813.3350000000003,2515.206,3245.7529999999997,0.26921785604372417,0.0,0.0,0.0,0.0886659677182498,0.0071334103684791,0.0025906735751294,0.0111949990696591
node,692,0.8710752986940817,0.00027785495971099916,1678.5538475279106,1813.3350000000003,2515.206,3245.7529999999997,0.18796710699211872,0.0,0.0,0.0,0.0038416270125124,0.0019056813282023,0.0006476683937823,0.0111923450849485
node,693,0.8707974437343706,0.0005557099194221093,1678.8139097000637,1813.3350000000003,2515.206,3245.7529999999997,0.44802927914520296,0.0,0.0,0.0,0.0378979574150691,0.0088249571641806,0.0012953367875647,0.0251188741970529
node,694,0.8710752986940817,0.00027785495971099916,1678.5778188197764,1813.3350000000003,2515.206,3245.7529999999997,0.21193839885791022,0.0,0.0,0.0,0.073372843849078,0.0117140579743313,0.0012953367875647,0.0385360122334075
node,695,0.8710752986940817,0.00027785495971099916,1678.5538475279106,1813.3350000000003,2515.206,3245.7529999999997,0.18796710699211872,0.0,0.0,0.0,0.0007292951838515,0.0003913725606223,0.0,0.0022462915525276
node,696,0.8713531536537927,0.0,1686.420284119898,1813.3350000000003,2570.614,3309.5359999999996,8.054403698979513,0.0,55.4079999999999,63.7829999999999,0.0501128882174288,0.0023971269522832,0.0006476683937823,0.0053929532195132
node,697,0.8710752986940817,0.00027785495971099916,1678.5631330143542,1813.3350000000003,2515.206,3245.7529999999997,0.19725259343567814,0.0,0.0,0.0,0.0106338104297247,0.0002743635402029,0.0012953367875647,0.0003938922108978
node,698,0.8713531536537927,0.0,1678.3658804209185,1813.3350000000003,2515.206,3245.7529999999997,0.0,0.0,0.0,0.0,0.0069986031035237,0.0058281198718425,0.0,0.0215562962419596
node,699,0.8713531536537927,0.0,1678.3658804209185,1813.3350000000003,2515.206,3245.7529999999997,0.0,0.0,0.0,0.0,0.0019279597206211,2.706140601327756e-05,0.0006476683937823,6.723085638237561e-05
node,700,0.8710752986940817,0.00027785495971099916,1679.9557097288678,1813.3350000000003,2515.206,3245.7529999999997,1.5898293079492305,0.0,0.0,0.0,0.0113146925171819,0.0002234163381555,0.0071243523316061,0.0009600327003492
node,701,0.8710752986940817,0.00027785495971099916,1681.5844759170654,1813.3350000000003,2528.5598,3245.7529999999997,3.218595496146918,0.0,13.353799999999865,0.0,0.0153848558927402,0.0001176491352579,0.001943005181347,0.0001607684988831
node,702,0.8713531536537927,0.0,1678.3658804209185,1813.3350000000003,2515.206,3245.7529999999997,0.0,0.0,0.0,0.0,0.0201316765382388,0.0007812518862855,0.0006476683937823,0.0009585776909263
node,703,0.8702417338149486,0.0011114198388441077,1686.1746816730524,1818.8680000000002,2614.638,3270.945999999999,7.80880125213389,5.532999999999902,99.43199999999979,25.1929999999993,0.0048570643656769,0.0003661436797171,0.001943005181347,0.0012035550537003
node,704,0.8713531536537927,0.0,1678.368351721939,1813.3350000000003,2515.206,3245.7529999999997,0.0024713010204777675,0.0,0.0,0.0,0.0128272684336185,0.0006540932914524,0.0006476683937823,0.0005319464851871
node,705,0.8713531536537927,0.0,1678.7546750637757,1813.3350000000003,2515.206,3245.7529999999997,0.38879464285719223,0.0,0.0,0.0,0.0309459163545217,0.0035315455132383,0.0006476683937823,0.0067085646579934
node,706,0.8713531536537927,0.0,1678.388941645408,1813.3350000000003,2515.206,3245.7529999999997,0.02306122448953829,0.0,0.0,0.0,0.0047019753796472,2.196156680697049e-06,0.0006476683937823,7.165751400508723e-06
node,707,0.8713531536537927,0.0,1678.368351721939,1813.3350000000003,2515.206,3245.7529999999997,0.0024713010204777675,0.0,0.0,0.0,0.0327724777894702,0.0011470373598818,0.0006476683937823,0.0022844060317204
node,708,0.8696860238955265,0.001667129758266217,1677.6249332268371,1813.3350000000003,2515.206,3245.7529999999997,-0.7409471940814001,0.0,0.0,0.0,0.0124484813620218,0.0002141944270238,0.0045336787564766,0.000659645812331
node,709,0.8710752986940817,0.00027785495971099916,1678.2060711323763,1813.3350000000003,2515.206,3245.7529999999997,-0.159809288542192,0.0,0.0,0.0,0.0236113397438604,0.0012679252921343,0.0006476683937823,0.0007904433162436
node,710,0.8713531536537927,0.0,1710.1521527423467,1860.8315,2689.2070000000003,3365.9299999999985,31.786272321428214,47.49649999999974,174.0010000000002,120.17699999999877,0.0183338858087323,0.0016788958117068,0.0012953367875647,0.0022182570881451
node,711,0.8713531536537927,0.0,1680.0940353954081,1813.3350000000003,2515.206,3245.7529999999997,1.7281549744895983,0.0,0.0,0.0,0.0083032302409424,0.0007295580319441,0.0012953367875647,0.0004550841870464
node,712,0.8713531536537927,0.0,1678.7546750637757,1813.3350000000003,2515.206,3245.7529999999997,0.38879464285719223,0.0,0.0,0.0,0.0038026806538097,1.0136119566511147e-05,0.0006476683937823,2.091613550848656e-05
node,713,0.8713531536537927,0.0,1678.3658804209185,1813.3350000000003,2515.206,3245.7529999999997,0.0,0.0,0.0,0.0,0.0138204617721975,0.0004466646649913,0.0006476683937823,0.0008805272675171
node,714,0.8713531536537927,0.0,1678.3658804209185,1813.3350000000003,2515.206,3245.7529999999997,0.0,0.0,0.0,0.0,0.0122647199168609,0.0002032281205679,0.0006476683937823,0.0005457412241173
node,715,0.8707974437343706,0.0005557099194221093,1678.1085695596682,1813.3350000000003,2515.206,3245.7529999999997,-0.25731086125028924,0.0,0.0,0.0,0.0003626971302567,3.514507667195482e-06,0.0006476683937823,9.870801339105497e-06
node,716,0.8713531536537927,0.0,1678.3658804209185,1813.3350000000003,2515.206,3245.7529999999997,0.0,0.0,0.0,0.0,0.0139116503131327,0.0001125166724121,0.0012953367875647,0.0004723805006003
node,717,0.8599611003056404,0.011392053348152298,1664.4888442649433,1802.5730000000003,2474.2029999999995,3248.3440999999975,-13.877036155975247,-10.761999999999944,-41.00300000000061,2.591099999997823,0.0099674599768165,0.0024695385637489,0.0012953367875647,0.0164827724179863
node,718,0.8707974437343706,0.0005557099194221093,1679.039499361838,1813.3350000000003,2515.206,3245.7529999999997,0.6736189409193685,0.0,0.0,0.0,0.0375982456439903,0.0056238723527916,0.0032383419689119,0.0168815620754381
node,719,0.8713531536537927,0.0,1678.3658804209185,1813.3350000000003,2515.206,3245.7529999999997,0.0,0.0,0.0,0.0,0.0036683887080451,0.0002173505868973,0.0012953367875647,0.0003412906358191
node,720,0.8702417338149486,0.0011114198388441077,1679.1150188378033,1813.3350000000003,2515.206,3245.7529999999997,0.7491384168847617,0.0,0.0,0.0,0.0014462470382147,0.0015432518818175,0.001943005181347,0.0044545645943427
node,721,0.8705195887746596,0.0008335648791331085,1678.1279198850941,1813.3350000000003,2515.206,3245.7529999999997,-0.23796053582441345,0.0,0.0,0.0,0.0,0.0,0.0,0.0
node,722,0.8710752986940817,0.00027785495971099916,1689.5935598086123,1819.571,2570.614,3309.5359999999996,11.227679387693797,6.235999999999649,55.4079999999999,63.7829999999999,0.0271590379347759,0.0019484375075606,0.0012953367875647,0.0042609409436387
node,723,0.8713531536537927,0.0,1678.7546750637757,1813.3350000000003,2515.206,3245.7529999999997,0.38879464285719223,0.0,0.0,0.0,0.0237411083731112,0.0004921805929565,0.0006476683937823,0.0012695104035413
node,724,0.8699638788552375,0.0013892747985552178,1677.9966397317153,1813.3350000000003,2515.206,3245.7529999999997,-0.36924068920325226,0.0,0.0,0.0,0.0191499819888204,0.0044132194057353,0.0006476683937823,0.0244389381693495
node,725,0.8705195887746596,0.0008335648791331085,1678.908273858921,1813.3350000000003,2515.206,3245.7529999999997,0.5423934380023638,0.0,0.0,0.0,0.0053078160769761,0.0049058630667244,0.001943005181347,0.0163485275648116
node,726,0.8713531536537927,0.0,1678.3658804209185,1813.3350000000003,2515.206,3245.7529999999997,0.0,0.0,0.0,0.0,0.0272400904015364,0.0033865832024345,0.0012953367875647,0.0060821148142926
node,727,0.8713531536537927,0.0,1678.373247767857,1813.3350000000003,2515.206,3245.7529999999997,0.00736734693850849,0.0,0.0,0.0,0.0234148174789323,0.0004927442716654,0.0012953367875647,0.001294104693182
node,728,0.8710752986940817,0.00027785495971099916,1689.5935598086123,1819.571,2570.614,3309.5359999999996,11.227679387693797,6.235999999999649,55.4079999999999,63.7829999999999,0.027189403338067,0.001964237777913,0.0012953367875647,0.0043544689833297
node,729,0.8713531536537927,0.0,1678.3658804209185,1813.3350000000003,2515.206,3245.7529999999997,0.0,0.0,0.0,0.0,0.0272400904015364,0.0033865832024345,0.0012953367875647,0.0060821148142926
node,730,0.8713531536537927,0.0,1678.4518029336737,1813.3350000000003,2515.206,3245.7529999999997,0.08592251275513263,0.0,0.0,0.0,0.0447850006368572,0.0019540264308784,0.0006476683937823,0.0047523143835707
node,731,0.8713531536537927,0.0,1678.3658804209185,1813.3350000000003,2515.206,3245.7529999999997,0.0,0.0,0.0,0.0,0.0014584653986487,1.436174419146037e-05,0.001943005181347,6.144108744390216e-05
node,732,0.8713531536537927,0.0,1678.3658804209185,1813.3350000000003,2515.206,3245.7529999999997,0.0,0.0,0.0,0.0,0.0009164115371743,0.0007189481232771,0.0,0.0028226259272988
node,733,0.8713531536537927,0.0,1679.2618383290817,1813.3350000000003,2524.307,3245.7529999999997,0.8959579081631546,0.0,9.100999999999658,0.0,0.0007712738136353,9.851790419563734e-06,0.0006476683937823,2.2690541394858765e-05
node,734,0.8707974437343706,0.0005557099194221093,1678.7191965539248,1813.3350000000003,2519.0000000000014,3245.7529999999997,0.35331613300627396,0.0,3.7940000000012333,0.0,0.0297949214288506,0.0023054604716518,0.0012953367875647,0.0086695923659165
node,735,0.8713531536537927,0.0,1678.3658804209185,1813.3350000000003,2515.206,3245.7529999999997,0.0,0.0,0.0,0.0,0.0,0.0,0.0006476683937823,0.0
node,736,0.8713531536537927,0.0,1679.630840880102,1813.3350000000003,2535.9935,3245.7529999999997,1.264960459183385,0.0,20.78749999999991,0.0,0.0061789040369447,0.0008761230928727,0.0006476683937823,0.0074508267230793
node,737,0.8710752986940817,0.00027785495971099916,1678.9331977671452,1813.3350000000003,2515.206,3245.7529999999997,0.5673173462266732,0.0,0.0,0.0,0.0439435536219594,0.0028624129126324,0.0038860103626943,0.006579213817137
node,738,0.8705195887746596,0.0008335648791331085,1677.4224174912226,1813.3350000000003,2508.442200000001,3245.7529999999997,-0.9434629296958974,0.0,-6.763799999999264,0.0,0.0208721221310666,0.0150735813071848,0.001943005181347,0.0617603242679282
node,739,0.8713531536537927,0.0,1678.3658804209185,1813.3350000000003,2515.206,3245.7529999999997,0.0,0.0,0.0,0.0,0.000462055444424,0.0003743777800399,0.0,0.0014231702945408
node,740,0.8713531536537927,0.0,1678.3658804209185,1813.3350000000003,2515.206,3245.7529999999997,0.0,0.0,0.0,0.0,0.0066555162851882,0.0001969797863444,0.0006476683937823,0.0003543692227831
node,741,0.8710752986940817,0.00027785495971099916,1678.5505961722488,1813.3350000000003,2515.206,3245.7529999999997,0.18471575133025908,0.0,0.0,0.0,0.0020749196199971,0.0001254206472463,0.0012953367875647,0.0004133452453437
node,742,0.8702417338149486,0.0011114198388441077,1676.8663384418903,1813.3350000000003,2503.847,3245.7529999999997,-1.4995419790282085,0.0,-11.358999999999924,0.0,0.0055996261809374,0.0020946706811603,0.001943005181347,0.0138209114431709
node,743,0.8713531536537927,0.0,1678.3658804209185,1813.3350000000003,2515.206,3245.7529999999997,0.0,0.0,0.0,0.0,0.0008946355324838,0.0003491182543541,0.0012953367875647,0.0020064298584904
node,744,0.8713531536537927,0.0,1678.3658804209185,1813.3350000000003,2515.206,3245.7529999999997,0.0,0.0,0.0,0.0,0.0004745629305036,1.960117784099626e-05,0.0006476683937823,8.376147439146975e-05
node,745,0.8713531536537927,0.0,1678.3658804209185,1813.3350000000003,2515.206,3245.7529999999997,0.0,0.0,0.0,0.0,0.0007292326993243,2.713994943283743e-06,0.0006476683937823,1.1583424957287073e-05
node,746,0.8702417338149486,0.0011114198388441077,1676.8663384418903,1813.3350000000003,2503.847,3245.7529999999997,-1.4995419790282085,0.0,-11.358999999999924,0.0,0.0051397539329626,0.0019322662033443,0.001943005181347,0.0124044655804516
node,747,0.8713531536537927,0.0,1679.9984362244898,1813.3350000000003,2515.206,3245.7529999999997,1.632555803571222,0.0,0.0,0.0,0.0036397250461557,0.0001708695151601,0.0006476683937823,0.0010201358484909
node,748,0.8713531536537927,0.0,1678.3658804209185,1813.3350000000003,2515.206,3245.7529999999997,0.0,0.0,0.0,0.0,0.0030963595943949,0.0011586233962851,0.001943005181347,0.0061106362191136
node,749,0.8713531536537927,0.0,1678.3658804209185,1813.3350000000003,2515.206,3245.7529999999997,0.0,0.0,0.0,0.0,0.0,0.0,0.0,0.0
node,750,0.8702417338149486,0.0011114198388441077,1676.8663384418903,1813.3350000000003,2503.847,3245.7529999999997,-1.4995419790282085,0.0,-11.358999999999924,0.0,0.0240064324574847,0.0172111513612043,0.0058290155440414,0.0640751563763794
node,751,0.8713531536537927,0.0,1678.3658804209185,1813.3350000000003,2515.206,3245.7529999999997,0.0,0.0,0.0,0.0,0.0002206396254752,8.803916602520537e-05,0.0,0.0006795889206895
node,752,0.8713531536537927,0.0,1678.3658804209185,1813.3350000000003,2515.206,3245.7529999999997,0.0,0.0,0.0,0.0,0.0129179920195612,8.361098340698058e-05,0.0006476683937823,0.0002136814332563
node,753,0.8707974437343706,0.0005557099194221093,1678.486542118698,1813.3350000000003,2515.206,3245.7529999999997,0.12066169777949654,0.0,0.0,0.0,0.0002228590899896,0.0003671656847799,0.0006476683937823,0.0005401435493585
node,754,0.8713531536537927,0.0,1678.3658804209185,1813.3350000000003,2515.206,3245.7529999999997,0.0,0.0,0.0,0.0,0.000919833686783,0.0005142728874899,0.0,0.0028331664408356
node,755,0.8713531536537927,0.0,1678.3658804209185,1813.3350000000003,2515.206,3245.7529999999997,0.0,0.0,0.0,0.0,0.0,0.0,0.0,0.0
node,756,0.8713531536537927,0.0,1680.9515778061225,1813.3350000000003,2547.4035,3257.4392500000004,2.5856973852039573,0.0,32.19749999999976,11.686250000000655,0.0219081283134587,0.0009649238179397,0.0006476683937823,0.001474156532194
node,757,0.8710752986940817,0.00027785495971099916,1678.5230928229664,1813.3350000000003,2515.206,3245.7529999999997,0.15721240204788955,0.0,0.0,0.0,0.0002406891644563,0.0001045626283185,0.0006476683937823,0.0001696757979937
node,758,0.8713531536537927,0.0,1680.9848909438779,1813.3350000000003,2547.4035,3257.4392500000004,2.619010522959343,0.0,32.19749999999976,11.686250000000655,0.0320520363996265,0.0028876338504299,0.0012953367875647,0.0032499315247691
node,759,0.8710752986940817,0.00027785495971099916,1680.6855068580544,1813.3350000000003,2538.3947999999996,3258.049099999997,2.3196264371358666,0.0,23.188799999999446,12.296099999997296,0.0191010250924997,0.0005782687001117,0.0006476683937823,0.0012993281627116
node,760,0.8710752986940817,0.00027785495971099916,1680.9021355661882,1813.3350000000003,2548.274999999999,3258.049099999997,2.536255145269706,0.0,33.06899999999905,12.296099999997296,0.0245048683381941,0.0008852424847925,0.0006476683937823,0.0011585547531563
node,761,0.8713531536537927,0.0,1678.3658804209185,1813.3350000000003,2515.206,3245.7529999999997,0.0,0.0,0.0,0.0,0.0153017250787274,0.0004833363922738,0.0006476683937823,0.0013413591323278
node,762,0.8713531536537927,0.0,1678.6901546556123,1813.3350000000003,2515.206,3245.7529999999997,0.324274234693803,0.0,0.0,0.0,0.0321406721999452,0.0009645930409119,0.0006476683937823,0.0031322014529441
node,763,0.8707974437343706,0.0005557099194221093,1678.2860169112955,1813.3350000000003,2515.206,3245.7529999999997,-0.07986350962301003,0.0,0.0,0.0,0.0247186996270847,0.0008566661058931,0.0006476683937823,0.0018372615731102
node,764,0.8713531536537927,0.0,1678.5233246173468,1813.3350000000003,2515.206,3245.7529999999997,0.1574441964282869,0.0,0.0,0.0,0.0110959136576918,0.0020866065479279,0.0006476683937823,0.0019109016265952
node,765,0.8710752986940817,0.00027785495971099916,1678.3516070175438,1813.3350000000003,2515.206,3245.7529999999997,-0.014273403374772897,0.0,0.0,0.0,0.0112290168089418,0.0005390480393571,0.0006476683937823,0.0017845258166606
node,766,0.8705195887746596,0.0008335648791331085,1678.3921353335463,1813.3350000000003,2515.206,3245.7529999999997,0.026254912627791782,0.0,0.0,0.0,0.01410676283095,0.0009967562958657,0.0012953367875647,0.0036207462488732
node,767,0.8685746040566824,0.0027785495971103247,1677.3766557901472,1813.3350000000003,2517.916,3245.7529999999997,-0.9892246307713322,0.0,2.7100000000000364,0.0,0.0112017327737158,0.0010449281152776,0.0032383419689119,0.0051909060649712
node,768,0.8705195887746596,0.0008335648791331085,1677.7710427705076,1813.3350000000003,2515.206,3245.7529999999997,-0.5948376504109092,0.0,0.0,0.0,0.0122171574505833,0.0017009527335371,0.0032383419689119,0.0083185009324286
node,769,0.8713531536537927,0.0,1679.341815369898,1813.3350000000003,2515.206,3245.7529999999997,0.9759349489795568,0.0,0.0,0.0,0.0182728472579435,0.0081574224475169,0.0006476683937823,0.0047155235375842
node,770,0.8713531536537927,0.0,1678.3658804209185,1813.3350000000003,2515.206,3245.7529999999997,0.0,0.0,0.0,0.0,0.0080247883047298,0.0004956200869334,0.001943005181347,0.0017265278547485
node,771,0.8682967490969714,0.003056404556821324,1683.00506176,1818.8680000000002,2548.1269999999986,3245.7529999999997,4.6391813390814605,5.532999999999902,32.92099999999846,0.0,0.0417434131873393,0.0040526599107319,0.0058290155440414,0.0136142052739637
node,772,0.8710752986940817,0.00027785495971099916,1678.3736800637957,1813.3350000000003,2515.206,3245.7529999999997,0.007799642877216684,0.0,0.0,0.0,0.022396589489313,0.0230538855489474,0.0012953367875647,0.0381260974066129
node,773,0.8713531536537927,0.0,1679.4056096938778,1813.3350000000003,2517.916,3249.7200000000003,1.039729272959221,0.0,2.7100000000000364,3.967000000000553,0.0366905531376294,0.0099054403195364,0.0006476683937823,0.0389597981539205
node,774,0.8710752986940817,0.00027785495971099916,1678.7515240829346,1813.3350000000003,2541.814,3245.7529999999997,0.3856436620160366,0.0,26.60799999999972,0.0,0.0291530204739303,0.0012190056953247,0.0006476683937823,0.0013642615674325
node,775,0.8713531536537927,0.0,1678.91334247449,1813.3350000000003,2541.5060000000003,3245.7529999999997,0.5474620535715076,0.0,26.300000000000182,0.0,0.0310821229109655,0.0022755166768821,0.0012953367875647,0.0016636175796018
node,776,0.8710752986940817,0.00027785495971099916,1679.38392185008,1813.3350000000003,2548.274999999999,3245.7529999999997,1.0180414291614852,0.0,33.06899999999905,0.0,0.0187044097454587,0.0010906488102395,0.0012953367875647,0.0011476804619857
node,777,0.8713531536537927,0.0,1678.990933992347,1813.3350000000003,2541.5060000000003,3245.7529999999997,0.6250535714284524,0.0,26.300000000000182,0.0,0.0333847695670926,0.0019796619625351,0.0012953367875647,0.0035942541067701
node,778,0.8707974437343706,0.0005557099194221093,1678.2860169112955,1813.3350000000003,2515.206,3245.7529999999997,-0.07986350962301003,0.0,0.0,0.0,0.0298663824031753,0.0011859265891118,0.0025906735751294,0.0020772632920767
node,779,0.8713531536537927,0.0,1678.3658804209185,1813.3350000000003,2515.206,3245.7529999999997,0.0,0.0,0.0,0.0,0.0090382622475345,0.0002318891400803,0.0006476683937823,0.0001066123706258
node,780,0.8713531536537927,0.0,1678.3658804209185,1813.3350000000003,2515.206,3245.7529999999997,0.0,0.0,0.0,0.0,0.0326074010017551,0.002883687711455,0.0012953367875647,0.0066493066855846
node,781,0.8713531536537927,0.0,1678.3658804209185,1813.3350000000003,2515.206,3245.7529999999997,0.0,0.0,0.0,0.0,0.0113242467812469,0.0027028666564769,0.0006476683937823,0.0032110980351588
node,782,0.8713531536537927,0.0,1678.3658804209185,1813.3350000000003,2515.206,3245.7529999999997,0.0,0.0,0.0,0.0,0.0180811172229867,0.0028367178105477,0.0012953367875647,0.0032458781068851
node,783,0.8713531536537927,0.0,1679.892398596939,1813.3350000000003,2558.1799999999994,3245.7529999999997,1.526518176020545,0.0,42.97399999999925,0.0,0.0345075257081725,0.0019985562568395,0.001943005181347,0.0023273654609282
node,784,0.8705195887746596,0.0008335648791331085,1680.0680501117142,1818.8680000000002,2515.206,3245.7529999999997,1.7021696907956994,5.532999999999902,0.0,0.0,0.0417486711369251,0.0045479226753435,0.0025906735751294,0.0154267180262947
node,785,0.8713531536537927,0.0,1678.5557021683674,1813.3350000000003,2515.206,3245.7529999999997,0.18982174744883196,0.0,0.0,0.0,0.0288633329456139,0.0027448824643325,0.0012953367875647,0.0059905322050157
node,786,0.8713531536537927,0.0,1678.3731686862245,1813.3350000000003,2515.206,3245.7529999999997,0.007288265305987807,0.0,0.0,0.0,0.0021231030813468,7.269218875115238e-05,0.0006476683937823,2.646096391517656e-05
node,787,0.8713531536537927,0.0,1678.3658804209185,1813.3350000000003,2515.206,3245.7529999999997,0.0,0.0,0.0,0.0,0.0113263448035852,0.0026268330149623,0.0006476683937823,0.0029569336595705
node,788,0.8710752986940817,0.00027785495971099916,1678.230245614035,1813.3350000000003,2515.206,3245.7529999999997,-0.13563480688344498,0.0,0.0,0.0,0.0111877473945299,0.0007433483130766,0.0006476683937823,0.0006505036577402
node,789,0.8710752986940817,0.00027785495971099916,1678.8736995215313,1813.3350000000003,2541.814,3245.7529999999997,0.5078191006127781,0.0,26.60799999999972,0.0,0.031660285633875,0.0023829019241351,0.001943005181347,0.004555735505985
node,790,0.8710752986940817,0.00027785495971099916,1678.1999438596492,1813.3350000000003,2515.206,3245.7529999999997,-0.1659365612692909,0.0,0.0,0.0,0.0129473772121262,0.0029966236363839,0.001943005181347,0.0031779883820422
node,791,0.8710752986940817,0.00027785495971099916,1678.1973419457734,1813.3350000000003,2515.206,3245.7529999999997,-0.1685384751451693,0.0,0.0,0.0,0.0191611548702066,0.0006011629545062,0.0006476683937823,0.0009853326381372
node,792,0.8713531536537927,0.0,1678.491235969388,1813.3350000000003,2515.206,3245.7529999999997,0.12535554846954255,0.0,0.0,0.0,0.0179457935382263,0.0005627827130111,0.0006476683937823,0.0018718118017882
node,793,0.8691303139761045,0.0022228396776882153,1677.6311141304348,1813.3350000000003,2515.206,3245.7529999999997,-0.7347662904837762,0.0,0.0,0.0,0.0136299076192758,0.0004843806687445,0.0058290155440414,0.0009530587154658
node,794,0.8713531536537927,0.0,1678.3658804209185,1813.3350000000003,2515.206,3245.7529999999997,0.0,0.0,0.0,0.0,7.095191542826118e-05,4.439945855404284e-05,0.0006476683937823,0.000218537968975
node,795,0.8710752986940817,0.00027785495971099916,1678.6924711323763,1813.3350000000003,2515.206,3245.7529999999997,0.32659071145781127,0.0,0.0,0.0,0.0003202167432535,0.0001729973199689,0.001943005181347,0.000986294961595
node,796,0.8713531536537927,0.0,1678.3658804209185,1813.3350000000003,2515.206,3245.7529999999997,0.0,0.0,0.0,0.0,0.0,0.0,0.0006476683937823,0.0
node,797,0.8710752986940817,0.00027785495971099916,1678.742585645933,1813.3350000000003,2515.206,3245.7529999999997,0.37670522501457526,0.0,0.0,0.0,0.0,0.0,0.0006476683937823,0.0
node,798,0.8702417338149486,0.0011114198388441077,1681.4513588761174,1813.3350000000003,2515.206,3245.7529999999997,3.0854784551988814,0.0,0.0,0.0,0.0052464618064825,0.0003515682873655,0.0025906735751294,0.0007879440967743
node,799,0.8710752986940817,0.00027785495971099916,1678.7195180223284,1813.3350000000003,2515.206,3245.7529999999997,0.3536376014099005,0.0,0.0,0.0,0.0500766920586967,0.0025678743203798,0.0006476683937823,0.006905012235596
node,800,0.8702417338149486,0.0011114198388441077,1679.5353882503193,1813.3350000000003,2515.206,3245.7529999999997,1.1695078294008,0.0,0.0,0.0,0.052086016836685,0.0038650495346649,0.0045336787564766,0.0127119876166194
node,801,0.8702417338149486,0.0011114198388441077,1679.5353882503193,1813.3350000000003,2515.206,3245.7529999999997,1.1695078294008,0.0,0.0,0.0,0.0511570553537352,0.0031698287630412,0.0045336787564766,0.0098507067827691
node,802,0.8707974437343706,0.0005557099194221093,1679.1484023612,1813.3350000000003,2515.206,3245.7529999999997,0.7825219402814128,0.0,0.0,0.0,0.0553912158846143,0.0027375364556471,0.0025906735751294,0.0121846691902811
node,803,0.8699638788552375,0.0013892747985552178,1708.0019172788245,1852.3719999999994,2576.968,3245.7529999999997,29.636036857905992,39.036999999999125,61.761999999999716,0.0,0.0495865622218906,0.0051922521088428,0.0025906735751294,0.0236490433089032
node,804,0.8699638788552375,0.0013892747985552178,1680.0484915362504,1813.3350000000003,2515.206,3245.7529999999997,1.682611115331838,0.0,0.0,0.0,0.0383330613824031,0.0050564326600782,0.001943005181347,0.0238712263910091
node,805,0.8707974437343706,0.0005557099194221093,1698.8862606892155,1818.8680000000002,2515.206,3245.7529999999997,20.520380268297004,5.532999999999902,0.0,0.0,0.0123834529095106,0.0005568023084372,0.0025906735751294,0.0021002882866145
node,806,0.8705195887746596,0.0008335648791331085,1679.323781998085,1813.3350000000003,2515.206,3245.7529999999997,0.9579015771664672,0.0,0.0,0.0,0.0374747937617879,0.0043823198657915,0.001943005181347,0.0212276887005306
node,807,0.8713531536537927,0.0,1698.3805111607141,1818.8680000000002,2515.206,3245.7529999999997,20.01463073979562,5.532999999999902,0.0,0.0,0.0444414826094521,0.0036756734860576,0.0045336787564766,0.0192400249256953
node,808,0.8710752986940817,0.00027785495971099916,1724.1486727272727,1875.4920000000004,2601.0189999999993,3245.7529999999997,45.78279230635417,62.15700000000015,85.81299999999919,0.0,0.0096887947737002,0.0017929576401919,0.0006476683937823,0.0070318557962764
node,809,0.8707974437343706,0.0005557099194221093,1692.168217932355,1818.5775,2528.6551000000004,3245.7529999999997,13.802337511436463,5.242499999999836,13.449100000000271,0.0,0.0051607094024827,0.0004079917313466,0.0006476683937823,0.0009858383919975
node,810,0.8713531536537927,0.0,1678.3658804209185,1813.3350000000003,2515.206,3245.7529999999997,0.0,0.0,0.0,0.0,0.0002303839199689,0.0001472491505997,0.0006476683937823,0.0007096021812886
node,811,0.8707974437343706,0.0005557099194221093,1692.3319604339501,1818.8680000000002,2528.6551000000004,3245.7529999999997,13.966080013031615,5.532999999999902,13.449100000000271,0.0,0.0270894409542906,0.0011883752624478,0.001943005181347,0.0026309703050704
node,812,0.8710752986940817,0.00027785495971099916,1698.6157649122808,1818.8680000000002,2515.206,3245.7529999999997,20.24988449136231,5.532999999999902,0.0,0.0,0.0123834529095106,0.0005568023084372,0.0025906735751294,0.0021002882866145
node,813,0.8705195887746596,0.0008335648791331085,1679.323781998085,1813.3350000000003,2515.206,3245.7529999999997,0.9579015771664672,0.0,0.0,0.0,0.0375512816221467,0.0044318879960525,0.001943005181347,0.0214632778534543
node,814,0.8713531536537927,0.0,1678.3658804209185,1813.3350000000003,2515.206,3245.7529999999997,0.0,0.0,0.0,0.0,0.0725990404050205,0.018192117256937,0.0032383419689119,0.0848173507331965
node,815,0.8707974437343706,0.0005557099194221093,1678.9019913848117,1813.3350000000003,2515.206,3245.7529999999997,0.5361109638931794,0.0,0.0,0.0,0.0515109188098816,0.0034738963110276,0.0045336787564766,0.0109406364983228
node,816,0.8713531536537927,0.0,1706.7575825892857,1847.0259999999998,2576.3595,3245.7529999999997,28.391702168367146,33.690999999999576,61.153499999999894,0.0,0.0360907943323222,0.0028720223172841,0.0006476683937823,0.0107896006668486
node,817,0.8705195887746596,0.0008335648791331085,1699.4647574210026,1818.8680000000002,2515.206,3245.7529999999997,21.09887700008403,5.532999999999902,0.0,0.0,0.0273080962331051,0.0009857855390574,0.001943005181347,0.0055478954448604
node,818,0.8710752986940817,0.00027785495971099916,1698.885807017544,1818.8680000000002,2515.206,3245.7529999999997,20.51992659662551,5.532999999999902,0.0,0.0,0.0091224514255433,0.0001547897661873,0.0006476683937823,0.0009549360856137
node,819,0.8710752986940817,0.00027785495971099916,1698.5199059011165,1818.8680000000002,2515.206,3245.7529999999997,20.154025480198015,5.532999999999902,0.0,0.0,0.0425192632955937,0.0018509837624526,0.0032383419689119,0.0112601770163957
node,820,0.8713531536537927,0.0,1678.3658804209185,1813.3350000000003,2515.206,3245.7529999999997,0.0,0.0,0.0,0.0,0.0155918481842567,0.0006811111010246,0.0006476683937823,0.0010305298839829
node,821,0.8699638788552375,0.0013892747985552178,1679.0467595017567,1813.3350000000003,2515.206,3245.7529999999997,0.6808790808381673,0.0,0.0,0.0,0.0100533184437843,0.0018206416598657,0.0032383419689119,0.0058651505671831
node,822,0.8713531536537927,0.0,1726.8215988520408,1846.3230000000003,2587.765,3245.7529999999997,48.45571843112225,32.988000000000056,72.55899999999974,0.0,0.0189553449740926,0.0013587823236576,0.0006476683937823,0.001725862516961
node,823,0.8713531536537927,0.0,1678.3658804209185,1813.3350000000003,2515.206,3245.7529999999997,0.0,0.0,0.0,0.0,0.0235634259466037,0.0002574408277751,0.0006476683937823,0.0007447048414704
node,824,0.8713531536537927,0.0,1678.3658804209185,1813.3350000000003,2515.206,3245.7529999999997,0.0,0.0,0.0,0.0,6.442360491279901e-05,1.8607021158904767e-05,0.0,0.0001984302141346
node,825,0.8710752986940817,0.00027785495971099916,1678.670044338118,1813.3350000000003,2515.206,3245.7529999999997,0.304163917199503,0.0,0.0,0.0,0.0422051762246191,0.0008802817737516,0.0006476683937823,0.0022110188900786
node,826,0.8713531536537927,0.0,1723.6535660076534,1875.4920000000004,2601.0189999999993,3245.7529999999997,45.287685586734824,62.15700000000015,85.81299999999919,0.0,0.0079954463339973,0.0003984594832763,0.0012953367875647,0.0018161977474983
node,827,0.8713531536537927,0.0,1678.3658804209185,1813.3350000000003,2515.206,3245.7529999999997,0.0,0.0,0.0,0.0,0.0506949600140676,0.0008211173750555,0.0006476683937823,0.0016167257541515
node,828,0.8707974437343706,0.0005557099194221093,1678.962081365667,1813.3350000000003,2515.206,3245.7529999999997,0.5962009447484888,0.0,0.0,0.0,0.035771925626981,0.0009464607776288,0.0006476683937823,0.0032559946027624
node,829,0.8705195887746596,0.0008335648791331085,1678.741245132461,1813.3350000000003,2515.206,3245.7529999999997,0.3753647115424883,0.0,0.0,0.0,0.0,0.0,0.0006476683937823,0.0
node,830,0.8707974437343706,0.0005557099194221093,1678.2100437141037,1813.3350000000003,2515.206,3245.7529999999997,-0.15583670681485273,0.0,0.0,0.0,0.0351266901365909,0.0125387893844187,0.0071243523316061,0.0760188015438075
node,831,0.8713531536537927,0.0,1678.3658804209185,1813.3350000000003,2515.206,3245.7529999999997,0.0,0.0,0.0,0.0,0.0236718970872988,0.0015216344015961,0.001943005181347,0.0087472822248185
node,832,0.8713531536537927,0.0,1678.3658804209185,1813.3350000000003,2515.206,3245.7529999999997,0.0,0.0,0.0,0.0,0.0,0.0,0.0,0.0
node,833,0.8713531536537927,0.0,1678.3658804209185,1813.3350000000003,2515.206,3245.7529999999997,0.0,0.0,0.0,0.0,0.0,0.0,0.0,0.0
node,834,0.8713531536537927,0.0,1678.850716517857,1813.3350000000003,2515.206,3245.7529999999997,0.48483609693857943,0.0,0.0,0.0,0.0026015193772651,0.0002043194815548,0.0006476683937823,0.0005382053686163
node,835,0.8707974437343706,0.0005557099194221093,1678.5023085513722,1813.3350000000003,2515.206,3245.7529999999997,0.13642813045362345,0.0,0.0,0.0,0.0428057072501408,0.0060704839447315,0.0006476683937823,0.0312493196796746
node,836,0.8713531536537927,0.0,1678.3679677933676,1813.3350000000003,2515.206,3245.7529999999997,0.0020873724490684253,0.0,0.0,0.0,0.0123354975554832,0.0011312085101275,0.0025906735751294,0.0024085366234374
node,837,0.8713531536537927,0.0,1683.1124413265306,1818.8680000000002,2576.3595,3245.7529999999997,4.746560905612114,5.532999999999902,61.153499999999894,0.0,0.0270311144384571,0.0016711583838316,0.0012953367875647,0.003390805566656
node,838,0.8682967490969714,0.003056404556821324,1675.8449385600002,1813.3350000000003,2515.206,3245.7529999999997,-2.520941860918356,0.0,0.0,0.0,0.030347624975483,0.0036548497575906,0.001943005181347,0.0280354399651596
node,839,0.8710752986940817,0.00027785495971099916,1678.916254226475,1813.3350000000003,2515.206,3245.7529999999997,0.5503738055565464,0.0,0.0,0.0,0.0242589627531087,0.0001979643511459,0.0006476683937823,0.0005806573235412
node,840,0.8710752986940817,0.00027785495971099916,1678.784436044657,1813.3350000000003,2515.206,3245.7529999999997,0.41855562373848443,0.0,0.0,0.0,0.0295936167021883,0.0020075224624407,0.0006476683937823,0.0033378246404327
node,841,0.8713531536537927,0.0,1678.3658804209185,1813.3350000000003,2515.206,3245.7529999999997,0.0,0.0,0.0,0.0,0.0140433842509308,0.0002734048760864,0.0012953367875647,0.0002169184765783
node,842,0.8713531536537927,0.0,1678.3658804209185,1813.3350000000003,2515.206,3245.7529999999997,0.0,0.0,0.0,0.0,0.0,0.0,0.0006476683937823,0.0
node,843,0.8705195887746596,0.0008335648791331085,1678.1824963293968,1813.3350000000003,2515.206,3245.7529999999997,-0.18338409152170243,0.0,0.0,0.0,0.0032397910338059,0.0013535958945018,0.005181347150259,0.0099788335263081
node,844,0.8713531536537927,0.0,1678.3658804209185,1813.3350000000003,2515.206,3245.7529999999997,0.0,0.0,0.0,0.0,6.727202939086304e-05,3.745679352695582e-05,0.0,0.0002072036051904
node,845,0.8705195887746596,0.0008335648791331085,1678.1824963293968,1813.3350000000003,2515.206,3245.7529999999997,-0.18338409152170243,0.0,0.0,0.0,0.0196836344622934,0.0043478656910388,0.0064766839378237,0.0276008933857628
node,846,0.8713531536537927,0.0,1678.3658804209185,1813.3350000000003,2515.206,3245.7529999999997,0.0,0.0,0.0,0.0,1.5943645232610112e-05,7.429780047047587e-06,0.001943005181347,4.910779118728787e-05
node,847,0.8713531536537927,0.0,1678.3658804209185,1813.3350000000003,2515.206,3245.7529999999997,0.0,0.0,0.0,0.0,0.0,0.0,0.0,0.0
node,848,0.8707974437343706,0.0005557099194221093,1678.3642479259734,1813.3350000000003,2515.206,3245.7529999999997,-0.0016324949451700377,0.0,0.0,0.0,9.754220696778424e-05,1.7185203659489293e-05,0.0006476683937823,0.0001628313868948
node,849,0.8707974437343706,0.0005557099194221093,1683.5408481174218,1818.8680000000002,2515.206,3245.7529999999997,5.174967696503245,5.532999999999902,0.0,0.0,0.011288475242007,0.0012628093290581,0.0006476683937823,0.002367028983966
node,850,0.8696860238955265,0.001667129758266217,1682.214831948882,1813.3350000000003,2515.7479999999996,3245.7529999999997,3.848951527963436,0.0,0.5419999999994616,0.0,0.0111448997296174,0.0011822439174189,0.0012953367875647,0.0022998583792748
node,851,0.8713531536537927,0.0,1678.3658804209185,1813.3350000000003,2515.206,3245.7529999999997,0.0,0.0,0.0,0.0,0.0,0.0,0.0006476683937823,0.0
node,852,0.8707974437343706,0.0005557099194221093,1678.5249109763881,1813.3350000000003,2515.206,3245.7529999999997,0.15903055546959877,0.0,0.0,0.0,0.0168811435306629,0.0017511482220625,0.001943005181347,0.0034699297353286
node,853,0.8710752986940817,0.00027785495971099916,1678.291293460925,1813.3350000000003,2515.206,3245.7529999999997,-0.07458695999343945,0.0,0.0,0.0,0.0017643880568382,0.0006642190134643,0.005181347150259,0.0054344661465131
node,854,0.8710752986940817,0.00027785495971099916,1678.301832216906,1813.3350000000003,2515.206,3245.7529999999997,-0.06404820401257894,0.0,0.0,0.0,0.0,0.0,0.0006476683937823,0.0
node,855,0.8713531536537927,0.0,1683.085482461735,1813.3350000000003,2564.3940000000002,3245.7529999999997,4.719602040816426,0.0,49.1880000000001,0.0,0.0341017405139155,0.0016035225122148,0.0025906735751294,0.0025818342749266
node,856,0.8710752986940817,0.00027785495971099916,1681.6566028708135,1813.3350000000003,2546.918599999999,3245.7529999999997,3.290722449894929,0.0,31.71259999999893,0.0,0.03369527853322,0.0035199203511952,0.0012953367875647,0.0046201715051296
node,857,0.8713531536537927,0.0,1682.0089888392858,1813.3350000000003,2557.975,3245.7529999999997,3.6431084183673192,0.0,42.76899999999978,0.0,0.0310273705168783,0.0040799021359305,0.0012953367875647,0.0046178558782008
node,858,0.8713531536537927,0.0,1680.4730746173468,1813.3350000000003,2540.3509999999997,3245.7529999999997,2.1071941964282814,0.0,25.144999999999527,0.0,0.0250662923699559,0.0008567761312453,0.0006476683937823,0.0013308858015006
node,859,0.8621839399833287,0.009169213670464083,1666.5356281018371,1803.512,2466.127000000001,3245.7529999999997,-11.83025231908141,-9.82300000000032,-49.07899999999927,0.0,0.0310237367138944,0.0181603576600066,0.0038860103626943,0.0930920600259982
node,860,0.8713531536537927,0.0,1683.0791884566327,1813.3350000000003,2564.3940000000002,3245.7529999999997,4.713308035714135,0.0,49.1880000000001,0.0,0.026008883807192,0.0011651921217755,0.0006476683937823,0.0020080930777986
node,861,0.8702417338149486,0.0011114198388441077,1677.5657666028096,1813.3350000000003,2515.206,3245.7529999999997,-0.8001138181089118,0.0,0.0,0.0,0.0118097871340066,0.0015662689999948,0.0045336787564766,0.0046171455730065
node,862,0.8713531536537927,0.0,1678.3658804209185,1813.3350000000003,2515.206,3245.7529999999997,0.0,0.0,0.0,0.0,0.0006206593379398,0.000629819108519,0.0,0.0019116838540584
node,863,0.8710752986940817,0.00027785495971099916,1678.1999438596492,1813.3350000000003,2515.206,3245.7529999999997,-0.1659365612692909,0.0,0.0,0.0,0.0,0.0,0.0,0.0
node,864,0.8710752986940817,0.00027785495971099916,1678.120485167464,1813.3350000000003,2515.206,3245.7529999999997,-0.24539525345448965,0.0,0.0,0.0,0.0027143869965688,0.0002062826822071,0.001943005181347,0.00092632898682
node,865,0.8705195887746596,0.0008335648791331085,1677.6584222789656,1813.3350000000003,2515.206,3245.7529999999997,-0.707458141952884,0.0,0.0,0.0,0.0251085286060716,0.0145496130980748,0.0038860103626943,0.0759339911858131
node,866,0.8707974437343706,0.0005557099194221093,1677.814074345884,1813.3350000000003,2513.5215000000017,3245.7529999999997,-0.5518060750346194,0.0,-1.6844999999984793,0.0,0.0149266331726252,0.0076408712658716,0.0006476683937823,0.0384651309246889
node,867,0.8638510697415949,0.0075020839121978655,1668.2740935992279,1806.2060000000001,2471.0854000000018,3245.7529999999997,-10.091786821690675,-7.129000000000133,-44.120599999998376,0.0,0.0284694705038354,0.0160133690159648,0.0038860103626943,0.0862859797367474
node,868,0.8696860238955265,0.001667129758266217,1676.661756549521,1813.3350000000003,2503.847,3245.7529999999997,-1.7041238713975417,0.0,-11.358999999999924,0.0,0.0045854694710875,0.003960601618529,0.0012953367875647,0.0141236382268137
node,869,0.8707974437343706,0.0005557099194221093,1677.9946282705807,1813.3350000000003,2515.206,3245.7529999999997,-0.3712521503377957,0.0,0.0,0.0,0.0,0.0,0.0006476683937823,0.0
node,870,0.8677410391775493,0.003612114476243433,1675.5302731348065,1813.3350000000003,2519.542000000001,3245.7529999999997,-2.8356072861120083,0.0,4.336000000000695,0.0,0.0070876325254678,0.0047413211881985,0.0,0.0218305144774116
node,871,0.8710752986940817,0.00027785495971099916,1677.9110414673046,1813.3350000000003,2515.206,3245.7529999999997,-0.4548389536139439,0.0,0.0,0.0,0.0,0.0,0.0,0.0
node,872,0.8710752986940817,0.00027785495971099916,1677.8631614035087,1813.3350000000003,2515.206,3214.821399999988,-0.502719017409845,0.0,0.0,-30.931600000011713,0.0,0.0,0.0,0.0
node,873,0.8713531536537927,0.0,1680.256349489796,1813.3350000000003,2515.206,3245.7529999999997,1.8904690688775645,0.0,0.0,0.0,0.0479282911596405,0.0017321559049566,0.001943005181347,0.0025160189340319
node,874,0.8710752986940817,0.00027785495971099916,1678.4073556618819,1813.3350000000003,2515.206,3245.7529999999997,0.041475240963336546,0.0,0.0,0.0,0.0058409594641997,0.0003170456819084,0.0025906735751294,0.0005386389369793
node,875,0.8713531536537927,0.0,1678.3658804209185,1813.3350000000003,2515.206,3245.7529999999997,0.0,0.0,0.0,0.0,0.0026576468755085,0.000150699430667,0.0012953367875647,3.373419826141194e-05
node,876,0.8710752986940817,0.00027785495971099916,1678.4073556618819,1813.3350000000003,2515.206,3245.7529999999997,0.041475240963336546,0.0,0.0,0.0,0.0030266531539937,0.0001402929548556,0.0006476683937823,0.0002705394625971
node,877,0.8713531536537927,0.0,1678.3658804209185,1813.3350000000003,2515.206,3245.7529999999997,0.0,0.0,0.0,0.0,0.0,0.0,0.0,0.0
node,878,0.8713531536537927,0.0,1678.3658804209185,1813.3350000000003,2515.206,3245.7529999999997,0.0,0.0,0.0,0.0,0.0,0.0,0.0006476683937823,0.0
node,879,0.8713531536537927,0.0,1678.5107375637756,1813.3350000000003,2515.206,3245.7529999999997,0.14485714285706308,0.0,0.0,0.0,0.0149356494996244,0.0004140701619552,0.0006476683937823,0.0007853280129401
node,880,0.8710752986940817,0.00027785495971099916,1678.3430698564594,1813.3350000000003,2515.206,3245.7529999999997,-0.02281056445917784,0.0,0.0,0.0,0.0,0.0,0.0,0.0
node,881,0.8710752986940817,0.00027785495971099916,1678.3430698564594,1813.3350000000003,2515.206,3245.7529999999997,-0.02281056445917784,0.0,0.0,0.0,0.0,0.0,0.0,0.0
node,882,0.8710752986940817,0.00027785495971099916,1678.232451674641,1813.3350000000003,2515.206,3245.7529999999997,-0.13342874627755918,0.0,0.0,0.0,0.0208477008471674,0.0014713370618008,0.0006476683937823,0.0015137131503219
node,883,0.8713531536537927,0.0,1678.3658804209185,1813.3350000000003,2515.206,3245.7529999999997,0.0,0.0,0.0,0.0,0.0003828203614006,0.0001826359683444,0.0,0.0011791194608038
node,884,0.8710752986940817,0.00027785495971099916,1678.374519617225,1813.3350000000003,2515.206,3245.7529999999997,0.008639196306376107,0.0,0.0,0.0,0.00606042661074,0.0024820407951439,0.0006476683937823,0.0186666323895395
node,885,0.8707974437343706,0.0005557099194221093,1679.0210293554564,1813.3350000000003,2528.6551000000004,3245.7529999999997,0.6551489345379196,0.0,13.449100000000271,0.0,0.0322195599922418,0.0040217009178,0.0025906735751294,0.012262236605693
node,886,0.8707974437343706,0.0005557099194221093,1677.9409594767071,1813.3350000000003,2515.206,3245.7529999999997,-0.4249209442114079,0.0,0.0,0.0,0.0010386477084968,0.0010041108808972,0.0012953367875647,0.0001974399852337
node,887,0.8707974437343706,0.0005557099194221093,1679.2329747925974,1813.3350000000003,2515.206,3245.7529999999997,0.8670943716788315,0.0,0.0,0.0,0.000118590313982,8.092257566481524e-05,0.0006476683937823,0.0003652683116631
node,888,0.8710752986940817,0.00027785495971099916,1678.7579821371612,1813.3350000000003,2515.206,3245.7529999999997,0.39210171624267787,0.0,0.0,0.0,0.0220711380534556,0.0004607624531314,0.0012953367875647,0.0039641577281136
node,889,0.8713531536537927,0.0,1678.3658804209185,1813.3350000000003,2515.206,3245.7529999999997,0.0,0.0,0.0,0.0,0.0073669985730555,0.0050513941036804,0.0064766839378237,0.0213214976413432
node,890,0.8710752986940817,0.00027785495971099916,1690.3704988835727,1853.893,2537.736,3245.7529999999997,12.004618462654207,40.557999999999765,22.529999999999745,0.0,0.0263188721000757,0.0014680322586762,0.0025906735751294,0.008691285712208
node,891,0.8707974437343706,0.0005557099194221093,1679.0054125717934,1813.3350000000003,2515.206,3245.7529999999997,0.6395321508748566,0.0,0.0,0.0,0.0004232018247522,7.182117503155857e-05,0.0012953367875647,0.0001825972231043
node,892,0.8713531536537927,0.0,1678.3658804209185,1813.3350000000003,2515.206,3245.7529999999997,0.0,0.0,0.0,0.0,0.0042804781265869,7.414814644129894e-05,0.0006476683937823,9.67830824462592e-05
node,893,0.8713531536537927,0.0,1678.410199617347,1813.3350000000003,2515.206,3245.7529999999997,0.044319196428432406,0.0,0.0,0.0,0.02382258927538,0.0028615273316375,0.0006476683937823,0.0043439617745772
node,894,0.8713531536537927,0.0,1678.3658804209185,1813.3350000000003,2515.206,3245.7529999999997,0.0,0.0,0.0,0.0,4.189120238941045e-05,2.683388942041636e-05,0.0006476683937823,0.000129028486868
node,895,0.8710752986940817,0.00027785495971099916,1678.6025795853268,1813.3350000000003,2515.206,3245.7529999999997,0.23669916440826455,0.0,0.0,0.0,0.0603312853014146,0.0079363712826794,0.0045336787564766,0.0159915926414346
node,896,0.8610725201444845,0.01028063350930819,1681.002567925137,1823.145,2531.762000000004,3246.616699999999,2.636687504218571,9.809999999999718,16.556000000003678,0.8636999999994259,0.0118684085239882,0.0087207993593767,0.0045336787564766,0.0365557135158697
node,897,0.8710752986940817,0.00027785495971099916,1678.7579821371612,1813.3350000000003,2515.206,3245.7529999999997,0.39210171624267787,0.0,0.0,0.0,0.0212182064461234,0.0002181372329346,0.0012953367875647,0.0013370554150068
node,898,0.8691303139761045,0.0022228396776882153,1679.402749680307,1813.3350000000003,2516.832000000001,3245.7529999999997,1.036869259388368,0.0,1.6260000000006585,0.0,0.0019218174410986,0.0009838629574609,0.0006476683937823,0.005919362117053
node,899,0.8710752986940817,0.00027785495971099916,1678.152959489633,1813.3350000000003,2515.206,3245.7529999999997,-0.21292093128545275,0.0,0.0,0.0,0.0092328641432726,0.0015701546474169,0.0006476683937823,0.0055095031061209
node,900,0.8710752986940817,0.00027785495971099916,1678.1918749601275,1813.3350000000003,2515.206,3245.7529999999997,-0.17400546079102241,0.0,0.0,0.0,0.0,0.0,0.0006476683937823,0.0
node,901,0.8702417338149486,0.0011114198388441077,1678.8780118135378,1813.3350000000003,2515.206,3245.7529999999997,0.512131392619267,0.0,0.0,0.0,0.074067155209126,0.0065621220856472,0.0038860103626943,0.0172825115134094
node,902,0.8702417338149486,0.0011114198388441077,1678.1864396551725,1813.3350000000003,2515.206,3245.7529999999997,-0.1794407657459942,0.0,0.0,0.0,0.051780723974442,0.0740245545917653,0.0006476683937823,0.0662430595981873
node,903,0.8685746040566824,0.0027785495971103247,1679.738835252719,1813.3350000000003,2517.916,3245.7529999999997,1.3729548318003708,0.0,2.7100000000000364,0.0,0.0024012650980484,0.0013490858705302,0.0012953367875647,0.0073961019139589
node,904,0.8710752986940817,0.00027785495971099916,1678.5336870813398,1813.3350000000003,2515.206,3245.7529999999997,0.16780666042131998,0.0,0.0,0.0,0.0256921835813748,0.002372922820241,0.001943005181347,0.0069115939554483
node,905,0.8707974437343706,0.0005557099194221093,1678.5618596043394,1813.3350000000003,2515.206,3245.7529999999997,0.19597918342083176,0.0,0.0,0.0,0.0087616676093037,0.0035794938213584,0.0038860103626943,0.0269866857379924
node,906,0.8702417338149486,0.0011114198388441077,1676.7726644316729,1813.3350000000003,2503.847,3245.7529999999997,-1.5932159892456639,0.0,-11.358999999999924,0.0,0.0014194345141547,0.0016887789103117,0.0006476683937823,0.0043719797266081
node,907,0.8699638788552375,0.0013892747985552178,1679.2358802299582,1813.3350000000003,2515.206,3245.7529999999997,0.8699998090396548,0.0,0.0,0.0,0.0033593284669918,0.0048993879466332,0.0006476683937823,0.0103470190461389
node,908,0.8669074742984162,0.004445679355376542,1675.3162576923078,1813.3350000000003,2521.362199999999,3319.890000000001,-3.049622728610757,0.0,6.156199999998989,74.13700000000108,0.0170814881059615,0.0062245410489728,0.001943005181347,0.0337337730450797
node,909,0.8710752986940817,0.00027785495971099916,1696.97346953748,1813.3350000000003,2789.609000000001,3319.890000000001,18.607589116561485,0.0,274.4030000000007,74.13700000000108,0.0172522118473425,0.0032444655606444,0.001943005181347,0.0150438582059191
node,910,0.8699638788552375,0.0013892747985552178,1677.7086100287447,1813.3350000000003,2515.206,3245.7529999999997,-0.6572703921738139,0.0,0.0,0.0,0.0031294932836515,0.0016770305607694,0.0025906735751294,0.0092763063337334
node,911,0.8713531536537927,0.0,1678.9597241709184,1813.3350000000003,2563.9210000000003,3245.7529999999997,0.5938437499999054,0.0,48.715000000000146,0.0,0.0032539357993099,0.000295194258457,0.0025906735751294,0.0028750155069306
node,912,0.8713531536537927,0.0,1678.9597241709184,1813.3350000000003,2563.9210000000003,3245.7529999999997,0.5938437499999054,0.0,48.715000000000146,0.0,0.0040518312937016,0.0005229881002789,0.0025906735751294,0.005332601884214
node,913,0.8705195887746596,0.0008335648791331085,1682.4334082349185,1818.8680000000002,2553.4578000000006,3245.7529999999997,4.067527813999959,5.532999999999902,38.25180000000046,0.0,0.0150536013854977,0.001485166269757,0.0006476683937823,0.0031387049111255
node,914,0.8710752986940817,0.00027785495971099916,1678.4493460925041,1813.3350000000003,2515.206,3245.7529999999997,0.08346567158559992,0.0,0.0,0.0,0.0021701237809644,0.0007877095558272,0.0006476683937823,0.0066841668847656
node,915,0.8707974437343706,0.0005557099194221093,1678.6083340778555,1813.3350000000003,2519.0000000000014,3246.0830000000005,0.2424536569369593,0.0,3.7940000000012333,0.33000000000083674,0.0427879857681996,0.0053174693855933,0.0012953367875647,0.0035119196576504
node,916,0.8710752986940817,0.00027785495971099916,1679.811556937799,1813.3350000000003,2518.4579999999996,3245.7529999999997,1.4456765168804395,0.0,3.251999999999498,0.0,0.0247576321238088,0.0014951998380143,0.0025906735751294,0.0024427914920371
node,917,0.8710752986940817,0.00027785495971099916,1678.8968146730465,1813.3350000000003,2515.206,3245.7529999999997,0.5309342521279632,0.0,0.0,0.0,0.0240788801933983,0.0025770705484188,0.0025906735751294,0.0096823012626736
node,918,0.8713531536537927,0.0,1678.3658804209185,1813.3350000000003,2515.206,3245.7529999999997,0.0,0.0,0.0,0.0,0.0251316842993185,0.0013683077304937,0.0025906735751294,0.0028934175127312
node,919,0.8713531536537927,0.0,1678.3658804209185,1813.3350000000003,2515.206,3245.7529999999997,0.0,0.0,0.0,0.0,0.009936666129269,0.0005812017862291,0.0006476683937823,0.001119713098701
node,920,0.8702417338149486,0.0011114198388441077,1678.921042145594,1813.3350000000003,2515.206,3245.7529999999997,0.5551617246753722,0.0,0.0,0.0,0.0076046218388024,0.0032977185107512,0.0038860103626943,0.0234228857874176
node,921,0.8699638788552375,0.0013892747985552178,1680.580256467582,1813.3350000000003,2515.206,3245.7529999999997,2.214376046663574,0.0,0.0,0.0,0.0106348397460359,0.0026622751823144,0.0038860103626943,0.0104093157574753
node,922,0.8707974437343706,0.0005557099194221093,1679.1338190810468,1813.3350000000003,2515.206,3245.7529999999997,0.7679386601282658,0.0,0.0,0.0,0.0015444109554518,0.0011103986888523,0.0006476683937823,0.0047569178566914
node,923,0.8713531536537927,0.0,1678.3658804209185,1813.3350000000003,2515.206,3245.7529999999997,0.0,0.0,0.0,0.0,0.0003755355226279,0.0002528605128089,0.0,0.0011566815342153
node,924,0.8710752986940817,0.00027785495971099916,1678.5466653907497,1813.3350000000003,2515.206,3245.7529999999997,0.18078496983116565,0.0,0.0,0.0,0.0009015335774077,0.0003362676935848,0.0006476683937823,0.002776800538509
node,925,0.8713531536537927,0.0,1678.3658804209185,1813.3350000000003,2515.206,3245.7529999999997,0.0,0.0,0.0,0.0,0.004433499674132,9.382704395687066e-05,0.0012953367875647,0.0001844403800631
node,926,0.8713531536537927,0.0,1683.1124413265306,1818.8680000000002,2576.3595,3245.7529999999997,4.746560905612114,5.532999999999902,61.153499999999894,0.0,0.0060129947548164,0.0007171742038732,0.0006476683937823,0.0013211383810224
node,927,0.8707974437343706,0.0005557099194221093,1683.4621550733887,1818.8680000000002,2576.6029000000003,3245.7529999999997,5.096274652470129,5.532999999999902,61.39690000000019,0.0,0.0235081916596144,0.0013299527398147,0.0032383419689119,0.0054630359608769
node,928,0.8707974437343706,0.0005557099194221093,1678.7125650925336,1813.3350000000003,2515.206,3245.7529999999997,0.346684671615094,0.0,0.0,0.0,0.0176789987566753,0.0003175925928505,0.0006476683937823,0.0012053028407593
node,929,0.8707974437343706,0.0005557099194221093,1678.581389597958,1813.3350000000003,2515.206,3245.7529999999997,0.21550917703939376,0.0,0.0,0.0,0.0444066957407359,0.0026282626678524,0.0025906735751294,0.0153172157972226
node,930,0.8710752986940817,0.00027785495971099916,1678.5380194577351,1813.3350000000003,2515.206,3245.7529999999997,0.1721390368165885,0.0,0.0,0.0,0.0034077216590184,8.615783438528758e-05,0.0006476683937823,9.018672952629592e-05
node,931,0.8707974437343706,0.0005557099194221093,1678.5872121888963,1813.3350000000003,2515.206,3245.7529999999997,0.22133176797774468,0.0,0.0,0.0,0.0142026665267877,0.0033824411449385,0.0032383419689119,0.018645497611466
node,932,0.8713531536537927,0.0,1678.3658804209185,1813.3350000000003,2515.206,3245.7529999999997,0.0,0.0,0.0,0.0,6.442360491279901e-05,1.8607021158904767e-05,0.0,0.0001984302141346
node,933,0.8702417338149486,0.0011114198388441077,1678.864574393359,1813.3350000000003,2515.206,3245.7529999999997,0.4986939724403783,0.0,0.0,0.0,0.0142736452268973,0.0034888886665601,0.0032383419689119,0.0188641180795508
node,934,0.8710752986940817,0.00027785495971099916,1678.5455352472088,1813.3350000000003,2515.206,3245.7529999999997,0.17965482629028884,0.0,0.0,0.0,0.0,0.0,0.0,0.0
node,935,0.8713531536537927,0.0,1678.3658804209185,1813.3350000000003,2515.206,3245.7529999999997,0.0,0.0,0.0,0.0,0.0056665738213277,0.0031310896001727,0.0,0.0174535321067102
node,936,0.8707974437343706,0.0005557099194221093,1678.7615622208043,1813.3350000000003,2515.206,3245.7529999999997,0.3956817998857787,0.0,0.0,0.0,0.0036612647077847,0.0002681283733649,0.001943005181347,0.0009863362754871
node,937,0.8705195887746596,0.0008335648791331085,1678.9746393233322,1813.3350000000003,2515.206,3245.7529999999997,0.6087589024136832,0.0,0.0,0.0,0.0245988102705209,0.0023286100495756,0.0064766839378237,0.0082873096648545
node,938,0.8713531536537927,0.0,1678.4492882653062,1813.3350000000003,2515.206,3245.7529999999997,0.08340784438769333,0.0,0.0,0.0,0.0072310668904005,0.0012919862702224,0.0025906735751294,0.0042742567688874
node,939,0.8713531536537927,0.0,1678.4492882653062,1813.3350000000003,2515.206,3245.7529999999997,0.08340784438769333,0.0,0.0,0.0,0.0072035626475369,0.0012692115209973,0.0025906735751294,0.0041895413480659
node,940,0.8707974437343706,0.0005557099194221093,1679.10541161455,1813.3350000000003,2515.206,3245.7529999999997,0.7395311936313647,0.0,0.0,0.0,0.011532496411418,5.8611820214589626e-05,0.0045336787564766,0.0002388789855412
node,941,0.8710752986940817,0.00027785495971099916,1678.544050079745,1813.3350000000003,2515.206,3245.7529999999997,0.17816965882639124,0.0,0.0,0.0,0.0204066214929427,0.0007273400130106,0.0012953367875647,0.0008570725701175
node,942,0.8713531536537927,0.0,1678.4540548469388,1813.3350000000003,2515.206,3245.7529999999997,0.08817442602025949,0.0,0.0,0.0,0.0009809928523284,0.000224313590634,0.0006476683937823,0.0015257801213825
node,943,0.8710752986940817,0.00027785495971099916,1679.1309199362042,1813.3350000000003,2515.206,3245.7529999999997,0.7650395152857072,0.0,0.0,0.0,0.0038608115436775,0.0002894239072507,0.0012953367875647,0.0015918057880597
node,944,0.8710752986940817,0.00027785495971099916,1679.2882880382774,1813.3350000000003,2515.206,3245.7529999999997,0.9224076173588855,0.0,0.0,0.0,0.0063432022196904,0.0013574288686783,0.0071243523316061,0.0064764160216922
node,945,0.8699638788552375,0.0013892747985552178,1677.055223570744,1813.3350000000003,2515.206,3245.7529999999997,-1.3106568501746096,0.0,0.0,0.0,0.0130475100481877,0.0058039823443105,0.0012953367875647,0.0401874470745555
node,946,0.8710752986940817,0.00027785495971099916,1678.0773374800638,1813.3350000000003,2515.206,3245.7529999999997,-0.28854294085476795,0.0,0.0,0.0,3.276661960059903e-05,1.3485982837658276e-05,0.0006476683937823,0.0001009239913322
node,947,0.8707974437343706,0.0005557099194221093,1683.9456943203577,1818.8680000000002,2576.6029000000003,3245.7529999999997,5.579813899439159,5.532999999999902,61.39690000000019,0.0,0.0082015438101483,0.0012066575933244,0.0012953367875647,0.00512500523385
node,948,0.8713531536537927,0.0,1691.22934375,1853.1324999999997,2515.206,3245.7529999999997,12.863463329081469,39.797499999999445,0.0,0.0,0.036502748053198,0.0011393974018901,0.0006476683937823,0.0029236645800284
node,949,0.8710752986940817,0.00027785495971099916,1678.6980079744817,1813.3350000000003,2515.206,3245.7529999999997,0.3321275535631685,0.0,0.0,0.0,0.0333055212299245,0.0038981393608205,0.001943005181347,0.0174657219922135
node,950,0.8713531536537927,0.0,1678.4076425382652,1813.3350000000003,2515.206,3245.7529999999997,0.04176211734670687,0.0,0.0,0.0,0.0004530011836698,6.152969496162307e-06,0.0006476683937823,2.4890751219239904e-05
node,951,0.8707974437343706,0.0005557099194221093,1679.285902680281,1813.3350000000003,2515.206,3245.7529999999997,0.9200222593624403,0.0,0.0,0.0,0.000955591216745,0.0003182008468533,0.0012953367875647,0.000471579227809
node,952,0.8710752986940817,0.00027785495971099916,1678.4508210526317,1813.3350000000003,2515.206,3245.7529999999997,0.08494063171315247,0.0,0.0,0.0,0.0261133034883124,0.0009658769183705,0.0006476683937823,0.0039307771206672
node,953,0.8713531536537927,0.0,1685.5445800382652,1831.2755,2576.3595,3245.7529999999997,7.178699617346638,17.9404999999997,61.153499999999894,0.0,0.048356222517057,0.0013947880969366,0.0006476683937823,0.0037212928261697
node,954,0.8702417338149486,0.0011114198388441077,1679.810970945083,1813.3350000000003,2515.206,3245.7529999999997,1.4450905241644705,0.0,0.0,0.0,0.0,0.0,0.0006476683937823,0.0
node,955,0.8707974437343706,0.0005557099194221093,1678.581389597958,1813.3350000000003,2515.206,3245.7529999999997,0.21550917703939376,0.0,0.0,0.0,0.0265010284246466,0.0012409732292593,0.0012953367875647,0.0059894928801396
node,956,0.8710752986940817,0.00027785495971099916,1678.7710392344497,1813.3350000000003,2515.206,3245.7529999999997,0.40515881353121586,0.0,0.0,0.0,0.0158496946221596,0.0013125827704793,0.0012953367875647,0.0070339752415496
node,957,0.8713531536537927,0.0,1678.3658804209185,1813.3350000000003,2515.206,3245.7529999999997,0.0,0.0,0.0,0.0,0.0244444648052489,0.0004802278644252,0.0006476683937823,0.0009790623704699
node,958,0.8696860238955265,0.001667129758266217,1681.049738658147,1813.3350000000003,2515.7479999999996,3245.7529999999997,2.683858237228378,0.0,0.5419999999994616,0.0,0.0156932667243832,0.0008323568589103,0.0025906735751294,0.0012281966402181
node,959,0.8707974437343706,0.0005557099194221093,1678.9315510529677,1813.3350000000003,2515.206,3245.7529999999997,0.5656706320492049,0.0,0.0,0.0,0.0181302467193451,0.0006178359573554,0.0006476683937823,0.0032832233825369
node,960,0.8713531536537927,0.0,1678.3658804209185,1813.3350000000003,2515.206,3245.7529999999997,0.0,0.0,0.0,0.0,0.0007073745771507,0.0003808934798998,0.0,0.0021787742087294
node,961,0.8699638788552375,0.0013892747985552178,1680.2271047588629,1813.3350000000003,2515.206,3245.7529999999997,1.8612243379443498,0.0,0.0,0.0,0.0156932667243832,0.0008144655529819,0.001943005181347,0.0011701377211653
node,962,0.8713531536537927,0.0,1678.3658804209185,1813.3350000000003,2515.206,3245.7529999999997,0.0,0.0,0.0,0.0,0.0004017090283892,0.0002320948004588,0.0,0.0012372981709261
node,963,0.8713531536537927,0.0,1678.3658804209185,1813.3350000000003,2515.206,3245.7529999999997,0.0,0.0,0.0,0.0,0.0156932667243832,0.0008144655529819,0.001943005181347,0.0011701377211653
node,964,0.8710752986940817,0.00027785495971099916,1678.6624992025518,1813.3350000000003,2515.206,3245.7529999999997,0.2966187816332422,0.0,0.0,0.0,0.0020314083656541,0.0015124156791299,0.0,0.0062569115394455
node,965,0.8710752986940817,0.00027785495971099916,1908.9797515151515,2088.894,3212.937999999999,3340.861299999997,230.613871094233,275.5589999999995,697.7319999999991,95.10829999999714,0.0102140035632576,0.0060344212676374,0.0025906735751294,0.0314600047136776
node,966,0.8699638788552375,0.0013892747985552178,1911.793476205685,2094.525,3212.937999999999,3343.2555,233.42759578476648,281.1899999999998,697.7319999999991,97.50250000000051,0.0102140035632576,0.0060344212676374,0.0006476683937823,0.0314600047136776
node,967,0.8710752986940817,0.00027785495971099916,1678.7516867623604,1813.3350000000003,2515.206,3245.7529999999997,0.38580634144182113,0.0,0.0,0.0,0.0515756795174846,0.0077682795401349,0.001943005181347,0.0189805310166072
node,968,0.8710752986940817,0.00027785495971099916,1678.9863090909091,1813.3350000000003,2515.206,3245.7529999999997,0.6204286699905879,0.0,0.0,0.0,0.0086821391559117,0.0012694389601099,0.0038860103626943,0.0043948308995793
node,969,0.8713531536537927,0.0,1678.3658804209185,1813.3350000000003,2515.206,3245.7529999999997,0.0,0.0,0.0,0.0,0.0,0.0,0.0006476683937823,0.0
node,970,0.864406779661017,0.006946373992775756,1681.189219543555,1819.571,2527.9880000000003,3245.7529999999997,2.8233391226365256,6.235999999999649,12.782000000000153,0.0,0.0118353196107928,0.0090959255334991,0.001943005181347,0.0364537968326954
node,971,0.8682967490969714,0.003056404556821324,1679.14438496,1813.3350000000003,2518.4579999999996,3245.7529999999997,0.7785045390814957,0.0,3.251999999999498,0.0,0.0030444459051889,0.0016724396789712,0.0045336787564766,0.0093771538197146
node,972,0.8713531536537927,0.0,1678.6816919642858,1813.3350000000003,2515.206,3245.7529999999997,0.3158115433673174,0.0,0.0,0.0,0.0289828841916431,0.0017882065284455,0.0006476683937823,0.0017161749451582
node,973,0.8710752986940817,0.00027785495971099916,1678.5438385964912,1813.3350000000003,2515.206,3245.7529999999997,0.1779581755727122,0.0,0.0,0.0,0.0002853131293093,0.0001722257428379,0.0012953367875647,0.0008787888448791
node,974,0.8713531536537927,0.0,1678.3658804209185,1813.3350000000003,2515.206,3245.7529999999997,0.0,0.0,0.0,0.0,0.0004388215458067,0.0002967735332943,0.0006476683937823,0.0012729948792306
node,975,0.8710752986940817,0.00027785495971099916,1678.5607208931417,1813.3350000000003,2515.206,3245.7529999999997,0.19484047222317713,0.0,0.0,0.0,0.0365196366538293,0.0019125665260503,0.0006476683937823,0.0015429212996436
node,976,0.8707974437343706,0.0005557099194221093,1678.9644722399491,1813.3350000000003,2515.206,3245.7529999999997,0.5985918190306165,0.0,0.0,0.0,0.023679467645438,0.0002915677305103,0.0006476683937823,0.0003785392744584
node,977,0.8713531536537927,0.0,1679.0451830357142,1815.8110000000001,2515.206,3245.7529999999997,0.679302614795688,2.4759999999998854,0.0,0.0,0.0021439594288557,3.761616174651484e-05,0.0006476683937823,5.417330082059057e-05
node,978,0.8705195887746596,0.0008335648791331085,1678.7079546760294,1813.3350000000003,2515.206,3245.7529999999997,0.3420742551109015,0.0,0.0,0.0,0.0023787100356298,4.42884856905322e-05,0.0032383419689119,8.132172979536634e-05
node,979,0.8713531536537927,0.0,1678.3658804209185,1813.3350000000003,2515.206,3245.7529999999997,0.0,0.0,0.0,0.0,0.0007965004670706,0.0004088182693304,0.0,0.0024532895737993
node,980,0.8707974437343706,0.0005557099194221093,1681.707404275686,1819.2195000000002,2515.206,3245.7529999999997,3.3415238547675017,5.884499999999889,0.0,0.0,0.0159638999176856,0.0008259039393915,0.0012953367875647,0.0029732549766686
node,981,0.8710752986940817,0.00027785495971099916,1678.4442414673044,1813.3350000000003,2515.206,3245.7529999999997,0.07836104638590768,0.0,0.0,0.0,0.0026328830825316,0.000524651128646,0.0045336787564766,0.0033360995615638
node,982,0.8710752986940817,0.00027785495971099916,1678.4442414673044,1813.3350000000003,2515.206,3245.7529999999997,0.07836104638590768,0.0,0.0,0.0,0.0026153984657944,0.0003133414802674,0.0012953367875647,0.001838428012471
node,983,0.8710752986940817,0.00027785495971099916,1678.4442414673044,1813.3350000000003,2515.206,3245.7529999999997,0.07836104638590768,0.0,0.0,0.0,0.0005400745577783,0.0002104564580342,0.0006476683937823,0.0016634758376789
node,984,0.8710752986940817,0.00027785495971099916,1678.3993738437002,1813.3350000000003,2515.206,3245.7529999999997,0.033493422781702975,0.0,0.0,0.0,0.0179041596595006,0.0029662574852318,0.001943005181347,0.0091866771097085
node,985,0.8713531536537927,0.0,1678.5543300382656,1813.3350000000003,2515.206,3245.7529999999997,0.18844961734703247,0.0,0.0,0.0,0.0098335974101627,0.0097541189460527,0.0006476683937823,0.0052569010535795
node,986,0.8710752986940817,0.00027785495971099916,1678.4235575757575,1813.3350000000003,2515.206,3245.7529999999997,0.05767715483898428,0.0,0.0,0.0,0.0,0.0,0.0006476683937823,0.0
node,987,0.8713531536537927,0.0,1678.3658804209185,1813.3350000000003,2515.206,3245.7529999999997,0.0,0.0,0.0,0.0,0.0340440380036251,0.0026595619891492,0.0012953367875647,0.0075407876406533
node,988,0.8707974437343706,0.0005557099194221093,1678.4022115507337,1813.3350000000003,2515.206,3245.7529999999997,0.03633112981515296,0.0,0.0,0.0,0.0088462723319667,0.0179558891335909,0.0006476683937823,0.0272472755211557
node,989,0.8613503751041957,0.01000277854959708,1682.1314187096775,1823.145,2530.3514999999984,3246.1848499999974,3.7655382887589894,9.809999999999718,15.145499999998265,0.4318499999976666,0.0114505788953575,0.0055796957160688,0.0129533678756476,0.030792563760325
node,990,0.8702417338149486,0.0011114198388441077,1678.9527704342274,1813.3350000000003,2515.206,3245.7529999999997,0.5868900133089028,0.0,0.0,0.0,0.0223105897643671,0.0018114370400846,0.0006476683937823,0.0044213160790967
node,991,0.8696860238955265,0.001667129758266217,1677.394921086262,1813.3350000000003,2515.7479999999996,3245.7529999999997,-0.9709593346565271,0.0,0.5419999999994616,0.0,0.0099360048044237,0.0079726911559607,0.0006476683937823,0.0306037447555575
node,992,0.8710752986940817,0.00027785495971099916,1683.3652060606062,1813.3350000000003,2584.4300000000003,3245.7529999999997,4.99932563968764,0.0,69.22400000000016,0.0,0.0677255221893011,0.036627484740448,0.0006476683937823,0.0264315682996931
node,993,0.8707974437343706,0.0005557099194221093,1677.9999463943843,1813.3350000000003,2515.206,3245.7529999999997,-0.36593402653420526,0.0,0.0,0.0,0.0096194673065204,0.0022427352327982,0.0006476683937823,0.0112250115254587
node,994,0.8710752986940817,0.00027785495971099916,1679.0348114832534,1813.3350000000003,2515.206,3245.7529999999997,0.6689310623348774,0.0,0.0,0.0,0.0077613454139623,0.0048720782203687,0.001943005181347,0.0223785147460404
node,995,0.8705195887746596,0.0008335648791331085,1678.0689374401531,1813.3350000000003,2515.206,3245.7529999999997,-0.2969429807653796,0.0,0.0,0.0,0.0114820009200373,0.0028305328741509,0.001943005181347,0.0146180316780517
node,996,0.8705195887746596,0.0008335648791331085,1678.4616804979255,1813.3350000000003,2515.206,3245.7529999999997,0.09580007700697024,0.0,0.0,0.0,0.0044675890102516,0.0024902898049688,0.0012953367875647,0.013760556323564
node,997,0.8710752986940817,0.00027785495971099916,1678.1918749601275,1813.3350000000003,2515.206,3245.7529999999997,-0.17400546079102241,0.0,0.0,0.0,0.0057770443624241,0.0029682167478429,0.0012953367875647,0.0177937908232942
node,998,0.8710752986940817,0.00027785495971099916,1680.66541307815,1813.3350000000003,2515.206,3245.7529999999997,2.299532657231566,0.0,0.0,0.0,0.0681891605011737,0.0040405470888931,0.001943005181347,0.0097943366781673
node,999,0.8713531536537927,0.0,1678.9883022959182,1813.3350000000003,2515.206,3245.7529999999997,0.6224218749996453,0.0,0.0,0.0,0.045496320952816,0.0018038469391212,0.0006476683937823,0.0032727459558691
node,1000,0.8707974437343706,0.0005557099194221093,1678.6312897255905,1813.3350000000003,2515.206,3245.7529999999997,0.2654093046719481,0.0,0.0,0.0,0.0008471698050339,2.1856508744206876e-05,0.0012953367875647,3.563589151340692e-05
node,1001,0.8710752986940817,0.00027785495971099916,1678.3697183413078,1813.3350000000003,2515.206,3245.7529999999997,0.0038379203892873193,0.0,0.0,0.0,0.0,0.0,0.0006476683937823,0.0
node,1002,0.8713531536537927,0.0,1678.3658804209185,1813.3350000000003,2515.206,3245.7529999999997,0.0,0.0,0.0,0.0,0.0,0.0,0.0006476683937823,0.0
node,1003,0.8713531536537927,0.0,1678.8275554846937,1813.3350000000003,2515.206,3245.7529999999997,0.46167506377514655,0.0,0.0,0.0,0.0418069775618332,0.0035405617619385,0.0006476683937823,0.0075492702640378
node,1004,0.8680188941372603,0.003334259516532434,1680.7410412932138,1818.5775,2519.0000000000014,3245.7529999999997,2.3751608722952824,5.242499999999836,3.7940000000012333,0.0,0.0274013782746853,0.0122577732006064,0.0025906735751294,0.0664630717595483
node,1005,0.8691303139761045,0.0022228396776882153,1679.3457806905371,1813.3350000000003,2516.832000000001,3245.7529999999997,0.9799002696186108,0.0,1.6260000000006585,0.0,0.0204280071265153,0.010951945413286,0.001943005181347,0.062920009427355
node,1006,0.8705195887746596,0.0008335648791331085,1678.7593246090012,1813.3350000000003,2515.206,3245.7529999999997,0.3934441880826398,0.0,0.0,0.0,0.0,0.0,0.0006476683937823,0.0
node,1007,0.8699638788552375,0.0013892747985552178,1681.847755988502,1813.3350000000003,2515.206,3245.7529999999997,3.481875567583529,0.0,0.0,0.0,0.0488904557716122,0.0023122286892495,0.0012953367875647,0.0056673351702536
node,1008,0.8699638788552375,0.0013892747985552178,1693.1629038645801,1823.145,2554.241000000001,3305.1370000000006,14.797023443661601,9.809999999999718,39.035000000000764,59.384000000000924,0.0408532911637785,0.0063014833448861,0.0045336787564766,0.0252501389058482
node,1009,0.8710752986940817,0.00027785495971099916,1678.8113492822968,1813.3350000000003,2515.206,3245.7529999999997,0.44546886137823094,0.0,0.0,0.0,0.0,0.0,0.0006476683937823,0.0
node,1010,0.8710752986940817,0.00027785495971099916,1678.64233907496,1813.3350000000003,2515.206,3245.7529999999997,0.2764586540415621,0.0,0.0,0.0,0.0231384268574835,0.0005797365590881,0.0012953367875647,0.0009794264845794
node,1011,0.8713531536537927,0.0,1678.3658804209185,1813.3350000000003,2515.206,3245.7529999999997,0.0,0.0,0.0,0.0,0.0009770449235402,1.0933447819959988e-05,0.0006476683937823,1.393814172793067e-05
node,1012,0.8713531536537927,0.0,1678.3658804209185,1813.3350000000003,2515.206,3245.7529999999997,0.0,0.0,0.0,0.0,0.0011752141607688,1.5244837703685502e-05,0.0012953367875647,4.942273329826863e-05
node,1013,0.8710752986940817,0.00027785495971099916,1678.658557256778,1813.3350000000003,2515.206,3245.7529999999997,0.2926768358595382,0.0,0.0,0.0,0.0,0.0,0.0006476683937823,0.0
node,1014,0.8707974437343706,0.0005557099194221093,1679.6239483088705,1813.3350000000003,2515.206,3245.7529999999997,1.2580678879519382,0.0,0.0,0.0,0.006095909680992,0.0010953629432807,0.0071243523316061,0.0057147338482992
node,1015,0.8707974437343706,0.0005557099194221093,1680.1492900446713,1813.3350000000003,2515.206,3245.7529999999997,1.783409623752732,0.0,0.0,0.0,0.0059316918789415,0.0005328957650189,0.0045336787564766,0.0023288103551252
node,1016,0.8710752986940817,0.00027785495971099916,1678.7074950558213,1813.3350000000003,2515.206,3245.7529999999997,0.3416146349027258,0.0,0.0,0.0,0.0,0.0,0.0006476683937823,0.0
node,1017,0.8713531536537927,0.0,1678.3658804209185,1813.3350000000003,2515.206,3245.7529999999997,0.0,0.0,0.0,0.0,0.0008900091792638,0.000287779106755,0.0012953367875647,0.0013663817796972
node,1018,0.8710752986940817,0.00027785495971099916,1678.9331977671452,1813.3350000000003,2515.206,3245.7529999999997,0.5673173462266732,0.0,0.0,0.0,0.0442000992197855,0.0030569739305192,0.0038860103626943,0.0073693962041803
node,1019,0.8707974437343706,0.0005557099194221093,1680.6838931078496,1813.3350000000003,2515.206,3245.7529999999997,2.3180126869310698,0.0,0.0,0.0,0.005410679608533,0.0004330825436533,0.0025906735751294,0.001293748974811
node,1020,0.8710752986940817,0.00027785495971099916,1678.5983754385963,1813.3350000000003,2515.206,3245.7529999999997,0.23249501767782021,0.0,0.0,0.0,0.0,0.0,0.0006476683937823,0.0
node,1021,0.8710752986940817,0.00027785495971099916,1678.5983754385963,1813.3350000000003,2515.206,3245.7529999999997,0.23249501767782021,0.0,0.0,0.0,0.0,0.0,0.0012953367875647,0.0
node,1022,0.8710752986940817,0.00027785495971099916,1678.7775275917068,1813.3350000000003,2515.206,3245.7529999999997,0.4116471707882283,0.0,0.0,0.0,0.0052703262717524,0.0009642882727514,0.001943005181347,0.003900517613331
node,1023,0.8713531536537927,0.0,1678.3658804209185,1813.3350000000003,2515.206,3245.7529999999997,0.0,0.0,0.0,0.0,0.0024074929622687,5.91096661110026e-05,0.0006476683937823,0.000204675569642
node,1024,0.8713531536537927,0.0,1678.8961259566327,1813.3350000000003,2515.206,3245.7529999999997,0.5302455357141298,0.0,0.0,0.0,0.0,0.0,0.0006476683937823,0.0
node,1025,0.8710752986940817,0.00027785495971099916,1679.880995215311,1813.3350000000003,2528.5598,3245.7529999999997,1.5151147943925025,0.0,13.353799999999865,0.0,0.0007202901672245,5.0419939022590526e-05,0.001943005181347,7.352202382262205e-05
node,1026,0.8699638788552375,0.0013892747985552178,1678.4989319706162,1813.3350000000003,2515.206,3245.7529999999997,0.13305154969771138,0.0,0.0,0.0,0.0052728859624603,7.38818171899008e-05,0.005181347150259,0.0006292742480071
node,1027,0.8705195887746596,0.0008335648791331085,1678.289165336738,1813.3350000000003,2508.442200000001,3319.890000000001,-0.07671508418047779,0.0,-6.763799999999264,74.13700000000108,0.0168458073046294,0.0020584725240324,0.0006476683937823,0.0054566165948313
node,1028,0.8710752986940817,0.00027785495971099916,1678.3005288676236,1813.3350000000003,2515.206,3245.7529999999997,-0.06535155329493136,0.0,0.0,0.0,0.0026173412760969,0.0001559457475077,0.0006476683937823,0.0006569294557801
node,1029,0.8713531536537927,0.0,1678.3658804209185,1813.3350000000003,2515.206,3245.7529999999997,0.0,0.0,0.0,0.0,6.649320649016327e-05,3.929565465527672e-05,0.0,0.0002048047640333
node,1030,0.8710752986940817,0.00027785495971099916,1678.3092822966505,1813.3350000000003,2515.206,3245.7529999999997,-0.05659812426802091,0.0,0.0,0.0,0.0043400694741685,0.0005334076852959,0.0006476683937823,0.0017721009531969
node,1031,0.8710752986940817,0.00027785495971099916,1678.3689438596493,1813.3350000000003,2515.206,3245.7529999999997,0.003063438730805501,0.0,0.0,0.0,0.0016568294329946,0.0014563386271324,0.0,0.0051031763841628
node,1032,0.8713531536537927,0.0,1678.3658804209185,1813.3350000000003,2515.206,3245.7529999999997,0.0,0.0,0.0,0.0,0.0,0.0,0.0,0.0
node,1033,0.8713531536537927,0.0,1678.3658804209185,1813.3350000000003,2515.206,3245.7529999999997,0.0,0.0,0.0,0.0,0.0057723168824698,0.0008365932721659,0.0032383419689119,0.004902504760196
node,1034,0.8702417338149486,0.0011114198388441077,1678.690650063857,1813.3350000000003,2515.206,3245.7529999999997,0.3247696429384632,0.0,0.0,0.0,0.0070712800679785,0.0017574552636892,0.0012953367875647,0.0062750256563074
node,1035,0.8713531536537927,0.0,1678.5457142857144,1813.3350000000003,2515.206,3245.7529999999997,0.1798338647959099,0.0,0.0,0.0,0.005969074290721,0.0005713207004006,0.0012953367875647,0.0028801375761135
node,1036,0.8710752986940817,0.00027785495971099916,1678.3594647527912,1813.3350000000003,2515.206,3245.7529999999997,-0.006415668127374374,0.0,0.0,0.0,0.0057723168824698,0.0008365932721659,0.0032383419689119,0.004902504760196
node,1037,0.8713531536537927,0.0,1678.3876705994899,1813.3350000000003,2515.206,3245.7529999999997,0.021790178571336583,0.0,0.0,0.0,0.0036756443784288,0.0001725201455188,0.0006476683937823,0.0003253971724165
node,1038,0.8713531536537927,0.0,1678.3658804209185,1813.3350000000003,2515.206,3245.7529999999997,0.0,0.0,0.0,0.0,0.0005418467161555,0.000291687576214,0.0,0.0016689342370766
node,1039,0.8710752986940817,0.00027785495971099916,1678.345033492823,1813.3350000000003,2515.206,3245.7529999999997,-0.020846928095579642,0.0,0.0,0.0,0.0003993915460486,6.294461135192464e-05,0.0006476683937823,0.0005098167524734
node,1040,0.8710752986940817,0.00027785495971099916,1678.3287480063796,1813.3350000000003,2515.206,3245.7529999999997,-0.037132414538973535,0.0,0.0,0.0,0.0249378929491603,0.0012164925312903,0.0006476683937823,0.0023984590066412
node,1041,0.8713531536537927,0.0,1678.3658804209185,1813.3350000000003,2515.206,3245.7529999999997,0.0,0.0,0.0,0.0,0.0,0.0,0.0,0.0
node,1042,0.8707974437343706,0.0005557099194221093,1678.6596537970645,1813.3350000000003,2515.206,3245.7529999999997,0.293773376145964,0.0,0.0,0.0,0.0021439594288557,3.761616174651484e-05,0.0012953367875647,5.417330082059057e-05
node,1043,0.8710752986940817,0.00027785495971099916,1678.5405065390748,1813.3350000000003,2515.206,3245.7529999999997,0.17462611815631135,0.0,0.0,0.0,0.0021439594288557,3.761616174651484e-05,0.0006476683937823,5.417330082059057e-05
node,1044,0.8710752986940817,0.00027785495971099916,1677.967459968102,1813.3350000000003,2515.206,3245.7529999999997,-0.398420452816481,0.0,0.0,0.0,0.0015814782183473,0.0005735830592052,0.0,0.0048710881972629
node,1045,0.8713531536537927,0.0,1678.3658804209185,1813.3350000000003,2515.206,3245.7529999999997,0.0,0.0,0.0,0.0,0.0009241108888481,0.0007589245281027,0.0,0.0028463405890817
node,1046,0.8713531536537927,0.0,1678.3658804209185,1813.3350000000003,2515.206,3245.7529999999997,0.0,0.0,0.0,0.0,0.0009241108888481,0.0007589245281027,0.0,0.0028463405890817
node,1047,0.8713531536537927,0.0,1678.3658804209185,1813.3350000000003,2515.206,3245.7529999999997,0.0,0.0,0.0,0.0,0.0013839831368229,0.0009154997487069,0.0,0.004262786451801
node,1048,0.8713531536537927,0.0,1678.7929799107144,1813.3350000000003,2517.916,3245.7529999999997,0.42709948979586443,0.0,2.7100000000000364,0.0,0.0060704993363059,0.0016861819833265,0.001943005181347,0.0122725055348919
node,1049,0.8707974437343706,0.0005557099194221093,1677.7207999361838,1813.3350000000003,2513.5215000000017,3245.7529999999997,-0.6450804847347626,0.0,-1.6844999999984793,0.0,0.0047479715623211,0.002097421672412,0.0006476683937823,0.014624158568767
node,1050,0.8705195887746596,0.0008335648791331085,1677.4224174912226,1813.3350000000003,2508.442200000001,3245.7529999999997,-0.9434629296958974,0.0,-6.763799999999264,0.0,0.0199557105938923,0.0143546331839075,0.0012953367875647,0.0589376983406294
node,1051,0.8710752986940817,0.00027785495971099916,1678.2816602870812,1813.3350000000003,2515.206,3245.7529999999997,-0.08422013383733429,0.0,0.0,0.0,0.0483955983052766,0.0131566129549021,0.001943005181347,0.0210507121366371
node,1052,0.8705195887746596,0.0008335648791331085,1677.4590702202363,1813.3350000000003,2508.442200000001,3245.7529999999997,-0.9068102006822301,0.0,-6.763799999999264,0.0,0.0082671436350735,0.0010382800980264,0.001943005181347,0.0014867546192908
node,1053,0.8710752986940817,0.00027785495971099916,1678.2851266347686,1813.3350000000003,2515.206,3245.7529999999997,-0.08075378614989859,0.0,0.0,0.0,0.0039023622409896,0.0001545112841004,0.0006476683937823,0.0002149416932099
node,1054,0.8710752986940817,0.00027785495971099916,1678.319869856459,1813.3350000000003,2515.206,3245.7529999999997,-0.04601056445949325,0.0,0.0,0.0,0.0077099619443019,0.0002083919641499,0.0012953367875647,0.000606046390695
node,1055,0.8710752986940817,0.00027785495971099916,1678.8527362041466,1813.3350000000003,2537.1324,3245.7529999999997,0.4868557832280658,0.0,21.92639999999983,0.0,0.0242194613563796,0.0021723295495132,0.0012953367875647,0.0056478972765587
node,1056,0.8710752986940817,0.00027785495971099916,1678.4613923444977,1813.3350000000003,2515.206,3245.7529999999997,0.09551192357912441,0.0,0.0,0.0,0.0079119348316369,0.0018778635541986,0.0006476683937823,0.0055189010297188
node,1057,0.8713531536537927,0.0,1678.4101568877552,1813.3350000000003,2515.206,3245.7529999999997,0.04427646683666353,0.0,0.0,0.0,0.0112793631836043,0.0059529997307044,0.0006476683937823,0.0074452648655058
node,1058,0.8713531536537927,0.0,1678.3658804209185,1813.3350000000003,2515.206,3245.7529999999997,0.0,0.0,0.0,0.0,0.0206052881376089,0.0010253094487389,0.0006476683937823,0.002997222183888
node,1059,0.8710752986940817,0.00027785495971099916,1678.4935859649122,1813.3350000000003,2518.4579999999996,3245.7529999999997,0.1277055439936703,0.0,3.251999999999498,0.0,0.0206492323148154,0.0072048790653551,0.0006476683937823,0.0066784924923232
node,1060,0.8713531536537927,0.0,1678.3658804209185,1813.3350000000003,2515.206,3245.7529999999997,0.0,0.0,0.0,0.0,0.0230774117169664,0.0009005504619342,0.0006476683937823,0.001342324683828
node,1061,0.8713531536537927,0.0,1678.3658804209185,1813.3350000000003,2515.206,3245.7529999999997,0.0,0.0,0.0,0.0,0.0096446321809748,0.0011891285387382,0.0006476683937823,0.0020774194779473
node,1062,0.8705195887746596,0.0008335648791331085,1677.3995126077243,1813.3350000000003,2508.442200000001,3245.7529999999997,-0.9663678131942106,0.0,-6.763799999999264,0.0,0.000244078925566,0.0002147212608861,0.001943005181347,0.0007517839700426
node,1063,0.8705195887746596,0.0008335648791331085,1676.9073431216088,1813.3350000000003,2508.442200000001,3245.7529999999997,-1.4585372993096826,0.0,-6.763799999999264,0.0,0.0124541658779037,0.0144201996806173,0.0006476683937823,0.0383598962735047
node,1064,0.8707974437343706,0.0005557099194221093,1677.8617782386727,1813.3350000000003,2515.206,3245.7529999999997,-0.5041021822457878,0.0,0.0,0.0,0.0151038537196886,0.0029811889846511,0.0006476683937823,0.0015528639752531
node,1065,0.8713531536537927,0.0,1678.5249722576532,1813.3350000000003,2517.916,3245.7529999999997,0.15909183673466032,0.0,2.7100000000000364,0.0,0.0028052688040498,7.241913232508551e-05,0.0006476683937823,6.685748812054134e-05
node,1066,0.8707974437343706,0.0005557099194221093,1677.9751477345246,1813.3350000000003,2515.206,3245.7529999999997,-0.39073268639390335,0.0,0.0,0.0,0.0129236362218751,0.0052098700144141,0.0032383419689119,0.0176147911391752
node,1067,0.8702417338149486,0.0011114198388441077,1679.2374680715197,1813.3350000000003,2515.206,3245.7529999999997,0.8715876506012137,0.0,0.0,0.0,0.0201175958539493,0.0082702812279513,0.0006476683937823,0.0215513311916725
node,1068,0.8710752986940817,0.00027785495971099916,1678.257097926635,1813.3350000000003,2515.206,3245.7529999999997,-0.10878249428355957,0.0,0.0,0.0,0.0096757314341025,0.0051712351353369,0.001943005181347,0.0126863952850514
node,1069,0.8713531536537927,0.0,1678.3658804209185,1813.3350000000003,2515.206,3245.7529999999997,0.0,0.0,0.0,0.0,0.0,0.0,0.0,0.0
node,1070,0.8713531536537927,0.0,1678.3658804209185,1813.3350000000003,2515.206,3245.7529999999997,0.0,0.0,0.0,0.0,0.0192574048524766,0.0018343641294459,0.0006476683937823,0.0100914261142834
node,1071,0.8713531536537927,0.0,1678.4483140943876,1813.3350000000003,2515.206,3245.7529999999997,0.08243367346904051,0.0,0.0,0.0,0.0158717068999002,0.0004733548375342,0.0045336787564766,0.0011595690784038
node,1072,0.8710752986940817,0.00027785495971099916,1678.281147368421,1813.3350000000003,2515.206,3245.7529999999997,-0.08473305249754048,0.0,0.0,0.0,0.0101999476739319,0.0004671438352236,0.0006476683937823,0.000615866326304
node,1073,0.8710752986940817,0.00027785495971099916,1678.395322169059,1813.3350000000003,2515.206,3245.7529999999997,0.029441748140470736,0.0,0.0,0.0,0.0158717068999002,0.0004733548375342,0.0045336787564766,0.0011595690784038
node,1074,0.8713531536537927,0.0,1678.3658804209185,1813.3350000000003,2515.206,3245.7529999999997,0.0,0.0,0.0,0.0,0.0230003148715326,0.0025530940281579,0.0006476683937823,0.0027492922310162
node,1075,0.8713531536537927,0.0,1678.3658804209185,1813.3350000000003,2515.206,3245.7529999999997,0.0,0.0,0.0,0.0,0.0,0.0,0.0,0.0
node,1076,0.8713531536537927,0.0,1678.3658804209185,1813.3350000000003,2515.206,3245.7529999999997,0.0,0.0,0.0,0.0,0.0005538183246871,0.0003680618473626,0.0,0.001705807815444
node,1077,0.8713531536537927,0.0,1678.3658804209185,1813.3350000000003,2515.206,3245.7529999999997,0.0,0.0,0.0,0.0,0.0075920490030588,0.0031536004784408,0.0025906735751294,0.0174584086495243
node,1078,0.8707974437343706,0.0005557099194221093,1678.387141033823,1813.3350000000003,2515.206,3245.7529999999997,0.021260612904370646,0.0,0.0,0.0,0.0163043677991917,0.0025333256745757,0.0025906735751294,0.0022667831893598
node,1079,0.8707974437343706,0.0005557099194221093,1677.9328653477985,1813.3350000000003,2515.206,3245.7529999999997,-0.43301507312003196,0.0,0.0,0.0,0.0076138353120668,0.0006568173460896,0.0025906735751294,0.0025087194444281
node,1080,0.8713531536537927,0.0,1678.3658804209185,1813.3350000000003,2515.206,3245.7529999999997,0.0,0.0,0.0,0.0,0.0026913430822602,0.0001693010112801,0.0006476683937823,0.000137375890844
node,1081,0.8710752986940817,0.00027785495971099916,1683.0674893141945,1818.287,2518.4579999999996,3245.7529999999997,4.7016088932759885,4.951999999999771,3.251999999999498,0.0,0.0240887969970281,0.0027313107620253,0.0006476683937823,0.0047331055798424
node,1082,0.8713531536537927,0.0,1678.8464492984695,1813.3350000000003,2515.206,3245.7529999999997,0.4805688775509225,0.0,0.0,0.0,0.0,0.0,0.0,0.0
node,1083,0.8710752986940817,0.00027785495971099916,1678.3628657097288,1813.3350000000003,2515.206,3245.7529999999997,-0.0030147111897349532,0.0,0.0,0.0,0.0163043677991917,0.0025333256745757,0.0025906735751294,0.0022667831893598
node,1084,0.8707974437343706,0.0005557099194221093,1678.3497211231654,1813.3350000000003,2515.206,3245.7529999999997,-0.016159297753119972,0.0,0.0,0.0,0.0,0.0,0.0,0.0
node,1085,0.8713531536537927,0.0,1684.1536769770407,1818.5775,2543.0460000000003,3245.7529999999997,5.787796556122203,5.242499999999836,27.840000000000146,0.0,0.0340318568733926,0.0036429159747376,0.0006476683937823,0.0038165135892993
node,1086,0.8713531536537927,0.0,1678.3658804209185,1813.3350000000003,2515.206,3245.7529999999997,0.0,0.0,0.0,0.0,0.0,0.0,0.0,0.0
node,1087,0.8707974437343706,0.0005557099194221093,1677.9601764518188,1813.3350000000003,2515.206,3245.7529999999997,-0.4057039690997044,0.0,0.0,0.0,0.0075908618798633,0.0053092533535928,0.0006476683937823,0.0233805039368139
node,1088,0.8702417338149486,0.0011114198388441077,1677.74899201788,1813.3350000000003,2515.206,3245.7529999999997,-0.6168884030385016,0.0,0.0,0.0,0.0386866230844384,0.0076146251025596,0.0012953367875647,0.0290492751367758
node,1089,0.8699638788552375,0.0013892747985552178,1678.9651660811244,1813.3350000000003,2519.347,3245.7529999999997,0.599285660205851,0.0,4.141000000000076,0.0,0.0474686102809953,0.0119517737945649,0.005181347150259,0.0386825465181523
node,1090,0.8702417338149486,0.0011114198388441077,1677.6941037675608,1813.3350000000003,2515.206,3245.7529999999997,-0.6717766533577105,0.0,0.0,0.0,0.0007599357620251,0.0007037505819664,0.0006476683937823,0.0023406671543961
node,1091,0.8713531536537927,0.0,1683.094328125,1813.3350000000003,2564.3940000000002,3245.7529999999997,4.728447704081418,0.0,49.1880000000001,0.0,0.0305468716943822,0.0027487802896298,0.0006476683937823,0.0051664814954204
node,1092,0.8707974437343706,0.0005557099194221093,1677.5682447351626,1813.3350000000003,2513.5215000000017,3245.7529999999997,-0.7976356857559495,0.0,-1.6844999999984793,0.0,0.012985648217741,0.008174673516529,0.0077720207253886,0.0394489485872328
node,1093,0.8699638788552375,0.0013892747985552178,1676.5031600127752,1813.3350000000003,2503.847,3245.7529999999997,-1.862720408143332,0.0,-11.358999999999924,0.0,0.0139975414226915,0.0090604182924681,0.0012953367875647,0.0429579017665234
node,1094,0.8671853292581273,0.0041678243956654315,1678.5777677026595,1813.3350000000003,2520.6259999999997,3245.7529999999997,0.2118872817409283,0.0,5.419999999999618,0.0,0.0205510126794351,0.0040769758848328,0.001943005181347,0.0222604715007922
node,1095,0.8710752986940817,0.00027785495971099916,1678.2301055821372,1813.3350000000003,2515.206,3245.7529999999997,-0.13577483878134444,0.0,0.0,0.0,0.0063764563356443,0.0023775537001044,0.0025906735751294,0.0179953406031823
node,1096,0.8710752986940817,0.00027785495971099916,1686.6240708133969,1828.4830000000002,2515.206,3245.7529999999997,8.258190392478355,15.14799999999991,0.0,0.0,0.0109455200205445,0.0011155494004906,0.0012953367875647,0.0070596853417934
node,1097,0.8713531536537927,0.0,1678.743152104592,1813.3350000000003,2515.206,3245.7529999999997,0.3772716836733707,0.0,0.0,0.0,0.0295447505877149,0.0144291939850809,0.001943005181347,0.0207207745229778
node,1098,0.8710752986940817,0.00027785495971099916,1678.2301055821372,1813.3350000000003,2515.206,3245.7529999999997,-0.13577483878134444,0.0,0.0,0.0,0.0039122026542824,0.0019098407428568,0.0006476683937823,0.0120499188376367
node,1099,0.8705195887746596,0.0008335648791331085,1678.1824963293968,1813.3350000000003,2515.206,3245.7529999999997,-0.18338409152170243,0.0,0.0,0.0,0.0185572882570053,0.003782211218145,0.0064766839378237,0.0241316507221845
node,1100,0.8710752986940817,0.00027785495971099916,1678.3897827751196,1813.3350000000003,2515.206,3245.7529999999997,0.023902354201027265,0.0,0.0,0.0,0.0146587869529257,0.0005718333872606,0.0012953367875647,0.0017694682789682
node,1101,0.8713531536537927,0.0,1678.3658804209185,1813.3350000000003,2515.206,3245.7529999999997,0.0,0.0,0.0,0.0,0.0,0.0,0.0,0.0
node,1102,0.8663517643789942,0.00500138927479854,1678.4466472097497,1818.8680000000002,2522.834600000001,3245.7529999999997,0.08076678883116983,5.532999999999902,7.628600000000915,0.0,0.0303015579397002,0.0128318546136528,0.0038860103626943,0.0584508776716261
node,1103,0.8710752986940817,0.00027785495971099916,1678.711897288676,1813.3350000000003,2515.206,3245.7529999999997,0.3460168677574984,0.0,0.0,0.0,0.0205779458378555,0.0026191800874361,0.005181347150259,0.0146457357604496
node,1104,0.8682967490969714,0.003056404556821324,1675.8449385600002,1813.3350000000003,2515.206,3245.7529999999997,-2.520941860918356,0.0,0.0,0.0,0.0378075163260367,0.0131233394792209,0.0097150259067357,0.0870661815314073
node,1105,0.8707974437343706,0.0005557099194221093,1682.0073927887684,1823.145,2515.206,3245.7529999999997,3.6415123678498276,9.809999999999718,0.0,0.0,0.0196112582453881,0.0031419399446215,0.0006476683937823,0.0183497796693117
node,1106,0.8705195887746596,0.0008335648791331085,1691.2780718161507,1853.893,2515.206,3245.7529999999997,12.912191395232185,40.557999999999765,0.0,0.0,0.0334278351297692,0.0082473684467809,0.0006476683937823,0.0572501475213587
node,1107,0.8713531536537927,0.0,1678.3658804209185,1813.3350000000003,2515.206,3245.7529999999997,0.0,0.0,0.0,0.0,0.0036774611518164,0.0018107924454088,0.0,0.0113268949294955
node,1108,0.8699638788552375,0.0013892747985552178,1679.3029246247206,1813.3350000000003,2556.438,3245.7529999999997,0.9370442038020883,0.0,41.23199999999997,0.0,0.0073281836351752,0.0002954923100839,0.0012953367875647,0.0019862213977176
node,1109,0.8710752986940817,0.00027785495971099916,1678.9641961722489,1813.3350000000003,2515.206,3245.7529999999997,0.5983157513303468,0.0,0.0,0.0,0.005057643115201,0.0007504731522062,0.0012953367875647,0.0056903958136273
node,1110,0.8705195887746596,0.0008335648791331085,1678.6791557612512,1813.3350000000003,2515.206,3245.7529999999997,0.313275340332666,0.0,0.0,0.0,0.0159820518098879,0.0023764786201301,0.0012953367875647,0.0102988263386787
node,1111,0.8713531536537927,0.0,1678.3658804209185,1813.3350000000003,2515.206,3245.7529999999997,0.0,0.0,0.0,0.0,0.003030240617108,1.0226530692026727e-05,0.0006476683937823,4.225356417615212e-05
node,1112,0.8707974437343706,0.0005557099194221093,1678.937245373325,1813.3350000000003,2515.206,3245.7529999999997,0.571364952406384,0.0,0.0,0.0,0.000204968118091,3.270515003504512e-06,0.0006476683937823,1.306296409730041e-05
node,1113,0.8713531536537927,0.0,1678.398455357143,1813.3350000000003,2515.206,3245.7529999999997,0.03257493622436414,0.0,0.0,0.0,0.002825272499017,6.9560156883608345e-06,0.0006476683937823,2.919060007885171e-05
node,1114,0.847457627118644,0.023895526535148703,1668.1469236065573,1776.295,2565.7141999999985,3305.4626499999813,-10.218956814361263,-37.04000000000019,50.508199999998396,59.70964999998159,0.0304535199075756,0.0855008895050955,0.0012953367875647,0.0937994464077543
node,1115,0.8710752986940817,0.00027785495971099916,1678.4789339712918,1813.3350000000003,2515.206,3245.7529999999997,0.11305355037325171,0.0,0.0,0.0,0.0035472136125804,3.646984727444799e-05,0.001943005181347,0.0001481761029535
node,1116,0.8699638788552375,0.0013892747985552178,1679.2137409773234,1813.3350000000003,2515.206,3245.7529999999997,0.8478605564048394,0.0,0.0,0.0,0.0077719733701917,0.0036377941713606,0.0012953367875647,0.0173783108271987
node,1117,0.8707974437343706,0.0005557099194221093,1678.6103142948307,1813.3350000000003,2515.206,3245.7529999999997,0.24443387391215765,0.0,0.0,0.0,0.0035472136125804,3.646984727444799e-05,0.001943005181347,0.0001481761029535
node,1118,0.8713531536537927,0.0,1678.6193204719386,1813.3350000000003,2515.206,3245.7529999999997,0.2534400510201067,0.0,0.0,0.0,0.0073139844556356,0.0010719965691043,0.0006476683937823,0.0018311970539642
node,1119,0.8713531536537927,0.0,1678.3658804209185,1813.3350000000003,2515.206,3245.7529999999997,0.0,0.0,0.0,0.0,0.0014584653986487,1.436174419146037e-05,0.001943005181347,6.144108744390216e-05
node,1120,0.8713531536537927,0.0,1678.3658804209185,1813.3350000000003,2515.206,3245.7529999999997,0.0,0.0,0.0,0.0,0.009137834707108,0.0008131672014769,0.0006476683937823,0.0028912178301212
node,1121,0.8705195887746596,0.0008335648791331085,1678.8332604532397,1813.3350000000003,2515.206,3245.7529999999997,0.4673800323212163,0.0,0.0,0.0,0.0032438732994468,0.001841113647952,0.0,0.009991407253692
node,1122,0.8707974437343706,0.0005557099194221093,1678.392246011487,1813.3350000000003,2515.206,3245.7529999999997,0.02636559056850274,0.0,0.0,0.0,0.0025019622935936,2.7344009066116846e-05,0.001943005181347,0.0001518808614831
node,1123,0.8710752986940817,0.00027785495971099916,1678.514346092504,1813.3350000000003,2515.206,3245.7529999999997,0.14846567158542712,0.0,0.0,0.0,0.0009326894129072,0.0005081527384497,0.0,0.0028727631770182
node,1124,0.8660739094192831,0.00527924423450965,1684.1198848251524,1820.744,2556.438,3245.7529999999997,5.7540044042339105,7.408999999999651,41.23199999999997,0.0,0.0288627701966879,0.0074929467339768,0.005181347150259,0.0446753147784808
node,1125,0.8713531536537927,0.0,1678.3658804209185,1813.3350000000003,2515.206,3245.7529999999997,0.0,0.0,0.0,0.0,0.0165871680328109,0.0007552502712591,0.0006476683937823,0.0011383511114094
node,1126,0.8710752986940817,0.00027785495971099916,1690.041602232855,1813.3350000000003,2515.206,3245.7529999999997,11.675721811936455,0.0,0.0,0.0,0.007521881795092,0.0008999453359994,0.0012953367875647,0.002794759724586
node,1127,0.8677410391775493,0.003612114476243433,1677.7955036823566,1813.3350000000003,2560.201000000002,3245.7529999999997,-0.5703767385618903,0.0,44.99500000000171,0.0,0.004817823138542,0.001049234817383,0.0012953367875647,0.0052470020386349
node,1128,0.8707974437343706,0.0005557099194221093,1678.0822281429482,1813.3350000000003,2515.206,3245.7529999999997,-0.28365227797030457,0.0,0.0,0.0,0.0243903253956272,0.0044289366496565,0.0012953367875647,0.0128861362133231
node,1129,0.8705195887746596,0.0008335648791331085,1678.9311203319503,1813.3350000000003,2515.206,3245.7529999999997,0.5652399110317674,0.0,0.0,0.0,0.0258259506185636,0.0041305435302382,0.0006476683937823,0.0168393665922827
node,1130,0.8685746040566824,0.0027785495971103247,1679.9639948816382,1813.3350000000003,2517.916,3245.7529999999997,1.5981144607196711,0.0,2.7100000000000364,0.0,0.016287503403596,0.0021245733141084,0.0012953367875647,0.0093872428348973
node,1131,0.8713531536537927,0.0,1682.8215102040817,1813.3350000000003,2586.4350000000004,3245.7529999999997,4.455629783163204,0.0,71.22900000000027,0.0,0.0108460744116647,0.0038600234102664,0.0006476683937823,0.0124145664192519
node,1132,0.8710752986940817,0.00027785495971099916,1678.293869218501,1813.3350000000003,2515.206,3245.7529999999997,-0.07201120241757053,0.0,0.0,0.0,0.0004194203058385,0.0002580345477868,0.0,0.0012918504205497
node,1133,0.8705195887746596,0.0008335648791331085,1678.0460188317907,1813.3350000000003,2515.206,3245.7529999999997,-0.3198615891278678,0.0,0.0,0.0,0.0403604772546395,0.0036088905018309,0.0025906735751294,0.0115933568415778
node,1134,0.8710752986940817,0.00027785495971099916,1678.4099384370015,1813.3350000000003,2515.206,3245.7529999999997,0.04405801608299953,0.0,0.0,0.0,0.0090196178549911,0.0044901593575617,0.0032383419689119,0.0176270005519867
node,1135,0.8713531536537927,0.0,1686.0011543367348,1818.5775,2608.8465,3245.7529999999997,7.635273915816242,5.242499999999836,93.64049999999997,0.0,0.0125807355411376,0.0021754582570321,0.0032383419689119,0.0039895084668897
node,1136,0.8710752986940817,0.00027785495971099916,1678.4423349282297,1813.3350000000003,2515.206,3245.7529999999997,0.07645450731115488,0.0,0.0,0.0,0.0066479832642949,0.0052985862277829,0.0006476683937823,0.0204763571439819
node,1137,0.8677410391775493,0.003612114476243433,1680.7544761447327,1818.287,2519.542000000001,3245.7529999999997,2.3885957238142055,4.951999999999771,4.336000000000695,0.0,0.0241291082796059,0.0070007171219632,0.0045336787564766,0.0280284191041766
node,1138,0.8710752986940817,0.00027785495971099916,1678.374519617225,1813.3350000000003,2515.206,3245.7529999999997,0.008639196306376107,0.0,0.0,0.0,0.0155415184265571,0.0065415908918597,0.0025906735751294,0.0426451397873846
node,1139,0.8713531536537927,0.0,1678.3658804209185,1813.3350000000003,2515.206,3245.7529999999997,0.0,0.0,0.0,0.0,0.0066479832642949,0.0048772967299404,0.0006476683937823,0.0204763571439819
node,1140,0.8713531536537927,0.0,1678.3658804209185,1813.3350000000003,2515.206,3245.7529999999997,0.0,0.0,0.0,0.0,0.0071711837275637,0.0051066712363745,0.0012953367875647,0.0220878593271065
node,1141,0.8607946651847735,0.01055848846901919,1681.0807866365399,1823.145,2533.1725000000024,3247.048549999997,2.7149062156213404,9.809999999999718,17.96650000000227,1.2955499999970925,0.0146758554887377,0.01149128591451,0.0045336787564766,0.0452028903253761
node,1142,0.8605168102250625,0.010836343428730189,1681.1861963190186,1823.145,2534.5830000000014,3247.480399999998,2.8203158981000342,9.809999999999718,19.377000000001317,1.727399999998397,0.0125867047113304,0.0098158157309433,0.0045336787564766,0.0387681272182587
node,1143,0.8710752986940817,0.00027785495971099916,1678.6020350877193,1813.3350000000003,2515.206,3245.7529999999997,0.2361546668007577,0.0,0.0,0.0,0.0418811461656003,0.005750566501827,0.0025906735751294,0.0101281368417767
node,1144,0.8710752986940817,0.00027785495971099916,1679.4834631578947,1813.3350000000003,2515.206,3245.7529999999997,1.1175827369761464,0.0,0.0,0.0,0.0196250221833745,0.0004708967402446,0.0006476683937823,0.0005295193475902
node,1145,0.8710752986940817,0.00027785495971099916,1679.4834631578947,1813.3350000000003,2515.206,3245.7529999999997,1.1175827369761464,0.0,0.0,0.0,0.0196250221833745,0.0004937460924338,0.0025906735751294,0.0007055681002889
node,1146,0.8710752986940817,0.00027785495971099916,1679.4834631578947,1813.3350000000003,2515.206,3245.7529999999997,1.1175827369761464,0.0,0.0,0.0,0.0196250221833745,0.0004937460924338,0.0025906735751294,0.0007055681002889
node,1147,0.8713531536537927,0.0,1679.3985188137758,1813.3350000000003,2515.206,3245.7529999999997,1.0326383928572795,0.0,0.0,0.0,0.0196742582273873,0.0005164773909928,0.0006476683937823,0.0008572193276582
node,1148,0.8710752986940817,0.00027785495971099916,1679.5721253588517,1813.3350000000003,2515.206,3245.7529999999997,1.2062449379332065,0.0,0.0,0.0,0.0197727303154128,0.0005191004860837,0.0006476683937823,0.0008624008918805
node,1149,0.8707974437343706,0.0005557099194221093,1679.7912750478624,1813.3350000000003,2515.206,3245.7529999999997,1.4253946269438984,0.0,0.0,0.0,0.0201763325132924,0.0006469575211735,0.0025906735751294,0.0015552099823274
node,1150,0.8707974437343706,0.0005557099194221093,1679.7912750478624,1813.3350000000003,2515.206,3245.7529999999997,1.4253946269438984,0.0,0.0,0.0,0.0200340842827698,0.0005751915189766,0.0025906735751294,0.0011170732639448
node,1151,0.8702417338149486,0.0011114198388441077,1677.1676851851853,1813.3350000000003,2509.0166000000004,3245.7529999999997,-1.1981952357332375,0.0,-6.18939999999975,0.0,0.0024078978272094,0.0011418892078188,0.0,0.0074165312871597
node,1152,0.8713531536537927,0.0,1679.6833195153063,1813.3350000000003,2515.206,3245.7529999999997,1.317439094387737,0.0,0.0,0.0,0.0200609906217926,0.0005196464640626,0.0006476683937823,0.0007912014131414
node,1153,0.8713531536537927,0.0,1679.6833195153063,1813.3350000000003,2515.206,3245.7529999999997,1.317439094387737,0.0,0.0,0.0,0.0202429791487855,0.0006724695773325,0.0006476683937823,0.001542743097794
node,1154,0.8710752986940817,0.00027785495971099916,1680.004314832536,1813.3350000000003,2515.206,3245.7529999999997,1.6384344116174816,0.0,0.0,0.0,0.0210126645544031,0.0007818494306517,0.001943005181347,0.0021351567465525
node,1155,0.8713531536537927,0.0,1678.4276852678572,1813.3350000000003,2515.206,3245.7529999999997,0.06180484693868493,0.0,0.0,0.0,0.0014415887177617,0.0006766803486169,0.0006476683937823,0.0002372306409238
node,1156,0.8710752986940817,0.00027785495971099916,1680.004314832536,1813.3350000000003,2515.206,3245.7529999999997,1.6384344116174816,0.0,0.0,0.0,0.0208662970867757,0.0006934002795388,0.001943005181347,0.0016843324255145
node,1157,0.8707974437343706,0.0005557099194221093,1678.627786215699,1813.3350000000003,2515.206,3245.7529999999997,0.2619057947804322,0.0,0.0,0.0,0.0014415887177617,0.0006766803486169,0.0025906735751294,0.0002372306409238
node,1158,0.8707974437343706,0.0005557099194221093,1678.627786215699,1813.3350000000003,2515.206,3245.7529999999997,0.2619057947804322,0.0,0.0,0.0,0.0014415887177617,0.0006766803486169,0.0025906735751294,0.0002372306409238
node,1159,0.8710752986940817,0.00027785495971099916,1678.4925553429027,1813.3350000000003,2515.206,3245.7529999999997,0.12667492198420405,0.0,0.0,0.0,0.0014415887177617,0.0006766803486169,0.0006476683937823,0.0002372306409238
node,1160,0.8713531536537927,0.0,1678.3658804209185,1813.3350000000003,2515.206,3245.7529999999997,0.0,0.0,0.0,0.0,0.0016058914000166,0.0007239306715158,0.0006476683937823,0.0005682358208387
node,1161,0.8710752986940817,0.00027785495971099916,1678.495685167464,1813.3350000000003,2515.206,3245.7529999999997,0.12980474654546015,0.0,0.0,0.0,0.0020537433413678,0.0009282925556678,0.0025906735751294,0.0017737230580574
node,1162,0.8710752986940817,0.00027785495971099916,1678.495685167464,1813.3350000000003,2515.206,3245.7529999999997,0.12980474654546015,0.0,0.0,0.0,0.0021206208502332,0.0009590407819031,0.0025906735751294,0.0019797115062808
node,1163,0.8710752986940817,0.00027785495971099916,1678.495685167464,1813.3350000000003,2515.206,3245.7529999999997,0.12980474654546015,0.0,0.0,0.0,0.001987418749051,0.0007341304376677,0.0006476683937823,0.0005215453010369
node,1164,0.8713531536537927,0.0,1678.3658804209185,1813.3350000000003,2515.206,3245.7529999999997,0.0,0.0,0.0,0.0,0.0019827979114768,0.0007088889857671,0.0006476683937823,0.0003019904403435
node,1165,0.8710752986940817,0.00027785495971099916,1678.5380114832537,1813.3350000000003,2515.206,3245.7529999999997,0.17213106233521103,0.0,0.0,0.0,0.0028700527065537,0.0009143068988098,0.001943005181347,0.0013525759543532
node,1166,0.8710752986940817,0.00027785495971099916,1678.5380114832537,1813.3350000000003,2515.206,3245.7529999999997,0.17213106233521103,0.0,0.0,0.0,0.0026948871607583,0.000812095636987,0.001943005181347,0.0008130510890768
node,1167,0.8713531536537927,0.0,1678.3658804209185,1813.3350000000003,2515.206,3245.7529999999997,0.0,0.0,0.0,0.0,0.0003888711442402,9.66663100105937e-05,0.0006476683937823,0.0011977563895531
node,1168,0.8707974437343706,0.0005557099194221093,1678.960334716018,1813.3350000000003,2515.206,3245.7529999999997,0.5944542950994673,0.0,0.0,0.0,0.0149244237450956,0.0006493691287453,0.0006476683937823,0.0014636239170971
node,1169,0.8710752986940817,0.00027785495971099916,1691.5880287081343,1853.893,2537.736,3245.7529999999997,13.22214828721576,40.557999999999765,22.529999999999745,0.0,0.0249198283797683,0.0011374780326375,0.0012953367875647,0.0063303953762937
node,1170,0.8713531536537927,0.0,1697.5008191964287,1853.893,2535.9935,3257.4392500000004,19.134938775510136,40.557999999999765,20.78749999999991,11.686250000000655,0.0361209115550249,0.0016140946304713,0.0006476683937823,0.0025007168962927
node,1171,0.8710752986940817,0.00027785495971099916,1697.2829719298247,1853.893,2537.4039999999986,3258.049099999997,18.917091508906196,40.557999999999765,22.1979999999985,12.296099999997296,0.0210955590572871,0.0010173621251877,0.0006476683937823,0.0018748788311787
node,1172,0.8691303139761045,0.0022228396776882153,1718.091175831202,1927.1899999999998,2562.8744000000006,3262.3180499999958,39.72529541028348,113.85499999999956,47.668400000000474,16.565049999996063,0.0678828669211645,0.006717300276502,0.0038860103626943,0.0144544424865484
node,1173,0.8710752986940817,0.00027785495971099916,1796.1781106858054,1993.1190000000001,2803.139,3258.049099999997,117.81223026488692,179.78399999999988,287.933,12.296099999997296,0.0700609288621839,0.004855202773469,0.0012953367875647,0.010430034124403
node,1174,0.8702417338149486,0.0011114198388441077,1698.6330961047256,1856.9805000000001,2541.6355000000017,3259.8786499999983,20.26721568380708,43.645499999999856,26.429500000001553,14.125649999998586,0.021339128919199,0.0012687947021557,0.001943005181347,0.0028975634999744
node,1175,0.8707974437343706,0.0005557099194221093,1678.8238943841736,1813.3350000000003,2515.206,3245.7529999999997,0.45801396325509813,0.0,0.0,0.0,0.0024189274988425,0.0011630015654732,0.0006476683937823,0.0074505036193038
node,1176,0.8710752986940817,0.00027785495971099916,1678.7602644338117,1813.3350000000003,2515.206,3245.7529999999997,0.3943840128931697,0.0,0.0,0.0,0.0058007636319773,0.0002043506664736,0.0012953367875647,0.0008900140075607
node,1177,0.8705195887746596,0.0008335648791331085,1679.0806556016598,1813.3350000000003,2515.206,3245.7529999999997,0.7147751807412988,0.0,0.0,0.0,0.0232617608614095,0.0044100403618595,0.001943005181347,0.0274591015626022
node,1178,0.8713531536537927,0.0,1680.8044158163266,1813.3350000000003,2517.916,3245.7529999999997,2.438535395408053,0.0,2.7100000000000364,0.0,0.0256634598598909,0.0006760397411825,0.0006476683937823,0.0020908849148119
node,1179,0.8710752986940817,0.00027785495971099916,1683.8159288676236,1818.287,2515.206,3245.7529999999997,5.450048446705068,4.951999999999771,0.0,0.0,0.0319115190149248,0.0029312035098904,0.0012953367875647,0.0092967899781839
node,1180,0.8710752986940817,0.00027785495971099916,1679.701467304625,1813.3350000000003,2515.206,3245.7529999999997,1.3355868837065827,0.0,0.0,0.0,0.0226036814342644,0.0009608476051252,0.0012953367875647,0.0019772346393288
node,1181,0.8707974437343706,0.0005557099194221093,1679.2023519463944,1813.3350000000003,2515.206,3245.7529999999997,0.8364715254758721,0.0,0.0,0.0,0.0289354946152637,0.0010373627335591,0.001943005181347,0.0019676735753017
node,1182,0.8710752986940817,0.00027785495971099916,1678.6044443381181,1813.3350000000003,2515.206,3245.7529999999997,0.23856391719959902,0.0,0.0,0.0,0.015229945856752,0.0013222160044728,0.0006476683937823,0.0033248630533047
node,1183,0.8710752986940817,0.00027785495971099916,1678.6599413078147,1813.3350000000003,2515.206,3245.7529999999997,0.29406088689620447,0.0,0.0,0.0,0.0038357394975548,0.0019697640788958,0.0006476683937823,0.0080698197384148
node,1184,0.8707974437343706,0.0005557099194221093,1678.9177208040842,1813.3350000000003,2515.206,3245.7529999999997,0.5518403831656542,0.0,0.0,0.0,0.0027097465129643,0.0005425408924023,0.0006476683937823,0.0014352675804264
node,1185,0.8713531536537927,0.0,1685.2521661352043,1818.8680000000002,2515.206,3245.7529999999997,6.886285714285805,5.532999999999902,0.0,0.0,0.0641595193686407,0.0170213105813129,0.0174870466321243,0.1014221581385851
node,1186,0.8682967490969714,0.003056404556821324,1681.06061984,1813.3350000000003,2518.4579999999996,3245.7529999999997,2.694739419081543,0.0,3.251999999999498,0.0,0.0130302323783433,0.0056228420666472,0.001943005181347,0.01916025029855
node,1187,0.8705195887746596,0.0008335648791331085,1679.365757740185,1813.3350000000003,2515.206,3245.7529999999997,0.9998773192664885,0.0,0.0,0.0,0.010954365256339,0.0061533108601296,0.0012953367875647,0.0208280156160335
node,1188,0.8702417338149486,0.0011114198388441077,1679.6255494891443,1813.3350000000003,2515.206,3245.7529999999997,1.2596690682257758,0.0,0.0,0.0,0.0321834568254319,0.0070700894201655,0.0006476683937823,0.0187259185386254
node,1189,0.8705195887746596,0.0008335648791331085,1678.9097692307691,1813.3350000000003,2515.206,3245.7529999999997,0.543888809850614,0.0,0.0,0.0,0.027476439325859,0.0061502936728445,0.0012953367875647,0.0116432877939024
node,1190,0.8705195887746596,0.0008335648791331085,1680.3235343121607,1813.3350000000003,2515.206,3245.7529999999997,1.9576538912422166,0.0,0.0,0.0,0.0158566693083307,0.0057990243729182,0.0006476683937823,0.011227949051841
node,1191,0.8713531536537927,0.0,1678.3658804209185,1813.3350000000003,2515.206,3245.7529999999997,0.0,0.0,0.0,0.0,0.0034744337791124,0.004718023299127,0.0006476683937823,0.0049596942182551
node,1192,0.8707974437343706,0.0005557099194221093,1678.920444479898,1813.3350000000003,2515.206,3245.7529999999997,0.5545640589793948,0.0,0.0,0.0,0.0036481828088028,0.0750048205551345,0.0006476683937823,0.0068522477376534
node,1193,0.8710752986940817,0.00027785495971099916,1678.8368137161085,1813.3350000000003,2515.206,3245.7529999999997,0.4709332951899796,0.0,0.0,0.0,0.0023535086452734,0.000245135360091,0.0006476683937823,0.0006639302542558
node,1194,0.8707974437343706,0.0005557099194221093,1679.25128047224,1813.3350000000003,2515.206,3245.7529999999997,0.8854000513215396,0.0,0.0,0.0,0.0031672278691951,0.0004772328656045,0.0006476683937823,0.0025780243987437
node,1195,0.8688524590163934,0.0025006946373993255,1680.4358110009596,1813.3350000000003,2517.3740000000003,3245.7529999999997,2.0699305800410457,0.0,2.16800000000012,0.0,0.0013432464953923,0.0006128004132318,0.0006476683937823,0.0041373141114508
node,1196,0.8699638788552375,0.0013892747985552178,1678.4569559246247,1813.3350000000003,2515.206,3245.7529999999997,0.091075503706179,0.0,0.0,0.0,0.0130301702379744,0.0092505222171243,0.0012953367875647,0.0401340389757953
node,1197,0.8710752986940817,0.00027785495971099916,1678.3891540669856,1813.3350000000003,2515.206,3245.7529999999997,0.023273646067082154,0.0,0.0,0.0,0.008676829457184,0.0040551923558485,0.0058290155440414,0.0267253769721343
node,1198,0.8707974437343706,0.0005557099194221093,1680.784376196554,1813.3350000000003,2586.4350000000004,3245.7529999999997,2.4184957756353924,0.0,71.22900000000027,0.0,0.0116493243430505,0.0011812930814397,0.0032383419689119,0.0027239174620425
node,1199,0.8705195887746596,0.0008335648791331085,1678.8186345355887,1813.3350000000003,2515.206,3245.7529999999997,0.45275411467014237,0.0,0.0,0.0,0.0084522060113677,0.000761137291489,0.001943005181347,0.0022453958201998
node,1200,0.8707974437343706,0.0005557099194221093,1678.4240858328014,1813.3350000000003,2515.206,3245.7529999999997,0.058205411882909175,0.0,0.0,0.0,0.0014979053030566,0.0006693015189831,0.0006476683937823,0.0046136764690706
node,1201,0.8691303139761045,0.0022228396776882153,1678.582787404092,1813.3350000000003,2516.832000000001,3245.7529999999997,0.2169069831734305,0.0,1.6260000000006585,0.0,0.0164975067912079,0.0106403509475162,0.0025906735751294,0.0508137321669188
node,1202,0.8713531536537927,0.0,1678.3658804209185,1813.3350000000003,2515.206,3245.7529999999997,0.0,0.0,0.0,0.0,0.0,0.0,0.0006476683937823,0.0
node,1203,0.8710752986940817,0.00027785495971099916,1678.3550669856459,1813.3350000000003,2515.206,3245.7529999999997,-0.010813435272666538,0.0,0.0,0.0,0.0,0.0,0.0006476683937823,0.0
node,1204,0.8710752986940817,0.00027785495971099916,1678.3550669856459,1813.3350000000003,2515.206,3245.7529999999997,-0.010813435272666538,0.0,0.0,0.0,0.0016912156580195,0.0018814732078335,0.001943005181347,0.0052090888987482
node,1205,0.8705195887746596,0.0008335648791331085,1678.3102601340568,1813.3350000000003,2515.206,3245.7529999999997,-0.055620286861767454,0.0,0.0,0.0,0.0098450835154799,0.0090962474331645,0.0038860103626943,0.0303236994079103
node,1206,0.864684634620728,0.006668519033064757,1673.916154562982,1812.105,2527.251800000001,3245.7529999999997,-4.449725857936528,-1.2300000000002456,12.045800000000781,0.0,0.0098798787007096,0.0048246449952521,0.0006476683937823,0.03043087155491
node,1207,0.8710752986940817,0.00027785495971099916,1678.3886625199361,1813.3350000000003,2515.206,3245.7529999999997,0.022782099017604196,0.0,0.0,0.0,0.0028044165462748,0.0002973588234413,0.0012953367875647,0.0006284795111724
node,1208,0.8713531536537927,0.0,1678.3658804209185,1813.3350000000003,2515.206,3245.7529999999997,0.0,0.0,0.0,0.0,0.0150493623969807,0.0018760322008181,0.0012953367875647,0.0074260631616604
node,1209,0.8713531536537927,0.0,1684.6850503826531,1843.8669999999997,2515.206,3245.7529999999997,6.319169961734588,30.53199999999947,0.0,0.0,0.008050475713059,0.0004916308095971,0.0006476683937823,0.0008987445999567
node,1210,0.8713531536537927,0.0,1678.3658804209185,1813.3350000000003,2515.206,3245.7529999999997,0.0,0.0,0.0,0.0,0.0168811435306629,0.0017511482220625,0.001943005181347,0.0034699297353286
node,1211,0.8705195887746596,0.0008335648791331085,1682.6056243217363,1813.3350000000003,2584.924000000001,3245.7529999999997,4.239743900817757,0.0,69.71800000000076,0.0,0.0227427875324636,0.0009104081848904,0.001943005181347,0.0024518893987251
node,1212,0.8713531536537927,0.0,1688.0512716836736,1845.53,2528.4645,3245.7529999999997,9.685391262755047,32.19499999999971,13.258499999999913,0.0,0.0172806660216825,0.0010891247675091,0.0006476683937823,0.0035116163861246
node,1213,0.8702417338149486,0.0011114198388441077,1679.328174648787,1813.3350000000003,2515.206,3245.7529999999997,0.9622942278683695,0.0,0.0,0.0,0.0044676574884346,0.0015550307356538,0.0058290155440414,0.0079099892675222
node,1214,0.8707974437343706,0.0005557099194221093,1678.7073232291002,1813.3350000000003,2515.206,3245.7529999999997,0.34144280818168227,0.0,0.0,0.0,0.0007545845940895,0.0005163395970668,0.005181347150259,0.0023241850993983
node,1215,0.8710752986940817,0.00027785495971099916,1678.508203508772,1813.3350000000003,2515.206,3245.7529999999997,0.14232308785358327,0.0,0.0,0.0,0.00114122638691,0.0008110462774765,0.005181347150259,0.0035150748958728
node,1216,0.8710752986940817,0.00027785495971099916,1678.508203508772,1813.3350000000003,2515.206,3245.7529999999997,0.14232308785358327,0.0,0.0,0.0,0.0007545845940895,0.0005163395970668,0.005181347150259,0.0023241850993983
node,1217,0.8707974437343706,0.0005557099194221093,1678.7073232291002,1813.3350000000003,2515.206,3245.7529999999997,0.34144280818168227,0.0,0.0,0.0,0.0007545845940895,0.0005163395970668,0.005181347150259,0.0023241850993983
node,1218,0.8707974437343706,0.0005557099194221093,1678.2425319081049,1813.3350000000003,2515.206,3245.7529999999997,-0.12334851281366355,0.0,0.0,0.0,0.0029959518521613,0.0005316659576618,0.0012953367875647,0.0020652619024154
node,1219,0.8710752986940817,0.00027785495971099916,1677.951100797448,1813.3350000000003,2515.206,3245.7529999999997,-0.414779623470622,0.0,0.0,0.0,0.0,0.0,0.0,0.0
node,1220,0.8705195887746596,0.0008335648791331085,1677.2140954356846,1813.3350000000003,2508.442200000001,3245.7529999999997,-1.1517849852339168,0.0,-6.763799999999264,0.0,0.0020054818005061,0.0009409494370083,0.0,0.0061770555009475
node,1221,0.8710752986940817,0.00027785495971099916,1677.9798940988837,1813.3350000000003,2515.206,3245.7529999999997,-0.3859863220347961,0.0,0.0,0.0,0.0004240035821587,0.0003673663778029,0.0,0.0013059673036846
node,1222,0.8713531536537927,0.0,1691.4696265943876,1850.4329999999998,2515.206,3245.7529999999997,13.103746173469062,37.0979999999995,0.0,0.0,0.0267317588884354,0.0029968859113858,0.0025906735751294,0.0145729379385895
node,1223,0.8680188941372603,0.003334259516532434,1677.1872410371318,1813.3350000000003,2519.0000000000014,3245.7529999999997,-1.1786393837867308,0.0,3.7940000000012333,0.0,0.0246154007944761,0.0159868435816535,0.0006476683937823,0.0514059063214023
node,1224,0.8582939705473742,0.013059183106418515,1676.3471133052767,1803.512,2543.0460000000003,3250.9351999999994,-2.018767115641822,-9.82300000000032,27.840000000000146,5.182199999999739,0.013959569256697,0.0050681166487543,0.0058290155440414,0.0429966674572539
node,1225,0.8671853292581273,0.0041678243956654315,1678.0696789490548,1818.8680000000002,2520.6259999999997,3245.7529999999997,-0.2962014718636965,5.532999999999902,5.419999999999618,0.0,0.0002699973927088,1.5402901465901945e-05,0.0025906735751294,1.4884525067819022e-05
node,1226,0.8677410391775493,0.003612114476243433,1677.9625302593658,1818.287,2519.542000000001,3245.7529999999997,-0.4033501615526802,4.951999999999771,4.336000000000695,0.0,0.0,0.0,0.0006476683937823,0.0
node,1227,0.8699638788552375,0.0013892747985552178,1678.3430201213669,1813.3350000000003,2515.206,3245.7529999999997,-0.022860299551666685,0.0,0.0,0.0,0.0,0.0,0.0006476683937823,0.0
node,1228,0.8705195887746596,0.0008335648791331085,1678.4082834344078,1813.3350000000003,2515.206,3245.7529999999997,0.042403013489320074,0.0,0.0,0.0,0.0,0.0,0.0006476683937823,0.0
node,1229,0.8713531536537927,0.0,1678.3658804209185,1813.3350000000003,2515.206,3245.7529999999997,0.0,0.0,0.0,0.0,0.0067170085386535,0.0031728616227105,0.0032383419689119,0.0206889608936514
node,1230,0.8710752986940817,0.00027785495971099916,1679.292038596491,1813.3350000000003,2528.5598,3245.7529999999997,0.9261581755724819,0.0,13.353799999999865,0.0,0.0092964756756536,0.0004215871752311,0.0006476683937823,0.000932278905402
node,1231,0.8705195887746596,0.0008335648791331085,1679.0331698052985,1813.3350000000003,2515.206,3245.7529999999997,0.6672893843799557,0.0,0.0,0.0,0.0447332677169726,0.0018174719437305,0.0012953367875647,0.0043448622560039
node,1232,0.8707974437343706,0.0005557099194221093,1678.827102105935,1813.3350000000003,2515.206,3245.7529999999997,0.4612216850164259,0.0,0.0,0.0,0.0447148971875939,0.0017736384749517,0.0012953367875647,0.004288279454043
node,1233,0.8710752986940817,0.00027785495971099916,1678.5052548644337,1813.3350000000003,2515.206,3245.7529999999997,0.13937444351518025,0.0,0.0,0.0,0.0360179216160433,0.0005240073651141,0.0006476683937823,0.0011804889160537
node,1234,0.8710752986940817,0.00027785495971099916,1678.465552472089,1813.3350000000003,2515.206,3245.7529999999997,0.09967205117050071,0.0,0.0,0.0,0.0012344253334601,0.0007386555808398,0.0012953367875647,0.0038021356237858
node,1235,0.8713531536537927,0.0,1678.8410031887754,1813.3350000000003,2515.206,3245.7529999999997,0.4751227678568739,0.0,0.0,0.0,0.0141170088619771,0.0008199139076516,0.0006476683937823,0.0026013488171486
node,1236,0.8713531536537927,0.0,1679.6950251913267,1813.3350000000003,2517.916,3245.7529999999997,1.3291447704082202,0.0,2.7100000000000364,0.0,0.0036631396486647,0.0001981673216202,0.0006476683937823,0.0003894210159419
node,1237,0.8713531536537927,0.0,1678.4041894132656,1813.3350000000003,2515.206,3245.7529999999997,0.038308992347083404,0.0,0.0,0.0,0.021604185333468,0.0017506331216486,0.0006476683937823,0.0043215470558943
node,1238,0.8707974437343706,0.0005557099194221093,1677.9011821952774,1813.3350000000003,2515.206,3245.7529999999997,-0.46469822564108654,0.0,0.0,0.0,0.0119239035245355,0.0017861175399317,0.0032383419689119,0.0074152537543138
node,1239,0.8713531536537927,0.0,1678.3658804209185,1813.3350000000003,2515.206,3245.7529999999997,0.0,0.0,0.0,0.0,0.0,0.0,0.0,0.0
node,1240,0.8713531536537927,0.0,1678.3658804209185,1813.3350000000003,2515.206,3245.7529999999997,0.0,0.0,0.0,0.0,0.011677527539576,0.0031048530915157,0.0,0.0359677837553046
node,1241,0.8705195887746596,0.0008335648791331085,1677.6026096393232,1813.3350000000003,2515.206,3245.7529999999997,-0.7632707815953381,0.0,0.0,0.0,0.007165475792176,0.0015756699333131,0.0006476683937823,0.0092570971753781
node,1242,0.8682967490969714,0.003056404556821324,1673.16168928,1813.3350000000003,2503.847,3201.565,-5.20419114091851,0.0,-11.358999999999924,-44.18799999999965,0.0091576506332095,0.0003348394590401,0.0077720207253886,0.001097264779627
node,1243,0.8710752986940817,0.00027785495971099916,1678.2838194577353,1813.3350000000003,2515.206,3258.049099999997,-0.08206096318326672,0.0,0.0,12.296099999997296,0.0135243900679076,0.0045645634889813,0.0058290155440414,0.0226517527386337
node,1244,0.8707974437343706,0.0005557099194221093,1687.2588730057435,1831.2755,2515.206,3245.7529999999997,8.892992584824924,17.9404999999997,0.0,0.0,0.0257230842642046,0.0060653901899565,0.0123056994818653,0.0398211027500877
node,1245,0.8707974437343706,0.0005557099194221093,1687.2588730057435,1831.2755,2515.206,3245.7529999999997,8.892992584824924,17.9404999999997,0.0,0.0,0.0257230842642046,0.0060653901899565,0.0123056994818653,0.0398211027500877
node,1246,0.8591275354265073,0.012225618227285406,1676.1979611901681,1803.0425,2541.6355000000017,3249.6396499999983,-2.1679192307503854,-10.292500000000246,26.429500000001553,3.8866499999985535,0.0145999740329908,0.0053970671752586,0.0058290155440414,0.0449691689505309
node,1247,0.8710752986940817,0.00027785495971099916,1678.3310768740032,1813.3350000000003,2515.206,3245.7529999999997,-0.03480354691532739,0.0,0.0,0.0,0.0,0.0,0.0,0.0
node,1248,0.8652403445401501,0.006112809113642648,1676.9803866409761,1813.3350000000003,2525.779400000002,3245.7529999999997,-1.3854937799424079,0.0,10.573400000002039,0.0,0.0076754153452837,0.0027850010673108,0.0032383419689119,0.023640935843285
node,1249,0.8652403445401501,0.006112809113642648,1676.973210340398,1813.3350000000003,2525.779400000002,3245.7529999999997,-1.3926700805204746,0.0,10.573400000002039,0.0,0.0117852613684543,0.0047364518483364,0.0006476683937823,0.036299613164149
node,1250,0.8652403445401501,0.006112809113642648,1676.973210340398,1813.3350000000003,2525.779400000002,3245.7529999999997,-1.3926700805204746,0.0,10.573400000002039,0.0,0.0129820720549957,0.0052829527363867,0.0032383419689119,0.0399858924577472
node,1251,0.8705195887746596,0.0008335648791331085,1677.8572368337054,1813.3350000000003,2515.206,3245.7529999999997,-0.5086435872131005,0.0,0.0,0.0,0.0135358127328215,0.0053390534386256,0.0012953367875647,0.0144085604372013
node,1252,0.8707974437343706,0.0005557099194221093,1678.0258707721762,1813.3350000000003,2515.206,3245.7529999999997,-0.3400096487423525,0.0,0.0,0.0,0.0083915362929896,0.00384174300892,0.0012953367875647,0.0050140485887842
node,1253,0.8713531536537927,0.0,1678.4805216836735,1813.3350000000003,2517.916,3245.7529999999997,0.114641262754958,0.0,2.7100000000000364,0.0,0.0054841488431451,0.0001289870956948,0.0006476683937823,0.0002639161716033
node,1254,0.8710752986940817,0.00027785495971099916,1678.1283132376395,1813.3350000000003,2515.206,3245.7529999999997,-0.23756718327899762,0.0,0.0,0.0,0.0041667157249435,0.0007547649791555,0.0006476683937823,0.0010597667424917
node,1255,0.8710752986940817,0.00027785495971099916,1678.1831527910688,1813.3350000000003,2515.206,3245.7529999999997,-0.18272762984975088,0.0,0.0,0.0,0.0009580309694258,2.5777686112521822e-05,0.0006476683937823,6.880751765180252e-05
node,1256,0.8710752986940817,0.00027785495971099916,1678.1424449760764,1813.3350000000003,2515.206,3245.7529999999997,-0.22343544484215272,0.0,0.0,0.0,0.004433499674132,9.382704395687066e-05,0.0012953367875647,0.0001844403800631
node,1257,0.8713531536537927,0.0,1678.3658804209185,1813.3350000000003,2515.206,3245.7529999999997,0.0,0.0,0.0,0.0,0.0058168534584064,0.0002229933682841,0.0006476683937823,0.0004028592906903
node,1258,0.8710752986940817,0.00027785495971099916,1678.5285808612439,1813.3350000000003,2515.206,3245.7529999999997,0.16270044032535225,0.0,0.0,0.0,0.0020679646159886,0.000114700205908,0.0006476683937823,0.0002073322096846
node,1259,0.8691303139761045,0.0022228396776882153,1675.6814098465475,1813.3350000000003,2503.847,3245.7529999999997,-2.684470574371062,0.0,-11.358999999999924,0.0,0.0172297704968582,0.0076385281520419,0.0064766839378237,0.0391350152585113
node,1260,0.8713531536537927,0.0,1678.3658804209185,1813.3350000000003,2515.206,3245.7529999999997,0.0,0.0,0.0,0.0,0.0268456034524132,0.0021912099837422,0.001943005181347,0.007625319586005
node,1261,0.8713531536537927,0.0,1678.640134885204,1813.3350000000003,2515.206,3245.7529999999997,0.27425446428537725,0.0,0.0,0.0,0.0025904257129578,7.070811500800517e-05,0.0006476683937823,0.000266086398425
node,1262,0.8710752986940817,0.00027785495971099916,1678.066602551834,1813.3350000000003,2515.206,3245.7529999999997,-0.29927786908456255,0.0,0.0,0.0,0.0118626014898337,0.0025949515407853,0.0025906735751294,0.010709716523951
node,1263,0.8707974437343706,0.0005557099194221093,1677.5022275047863,1813.3350000000003,2513.5215000000017,3217.030799999996,-0.863652916132196,0.0,-1.6844999999984793,-28.722200000003795,0.0079935735017845,0.0025441695830593,0.0006476683937823,0.0106290789827401
node,1264,0.8705195887746596,0.0008335648791331085,1677.1447861474626,1813.3350000000003,2508.442200000001,3219.240199999984,-1.2210942734559467,0.0,-6.763799999999264,-26.512800000015886,0.0049143648220984,0.0003477382543665,0.0012953367875647,0.000844291342872
node,1265,0.8707974437343706,0.0005557099194221093,1677.6564674537333,1813.3350000000003,2513.5215000000017,3245.7529999999997,-0.7094129671852443,0.0,-1.6844999999984793,0.0,0.012508578851206,0.0052965296756243,0.0006476683937823,0.0065013887862599
node,1266,0.8699638788552375,0.0013892747985552178,1676.4489817949536,1813.3350000000003,2503.847,3245.7529999999997,-1.9168986259649046,0.0,-11.358999999999924,0.0,0.0139565340153629,0.007141349463077,0.0012953367875647,0.0108688609317822
node,1267,0.8713531536537927,0.0,1678.3840086096939,1813.3350000000003,2515.206,3245.7529999999997,0.01812818877533573,0.0,0.0,0.0,0.017151699071503,0.0043581304469969,0.0012953367875647,0.0033823118658925
node,1268,0.8710752986940817,0.00027785495971099916,1678.0945645933014,1813.3350000000003,2515.206,3245.7529999999997,-0.27131582761717254,0.0,0.0,0.0,0.0138332186553703,0.0037514199671072,0.0006476683937823,0.0035028999179435
node,1269,0.8713531536537927,0.0,1678.4585494260205,1813.3350000000003,2515.206,3245.7529999999997,0.092669005101925,0.0,0.0,0.0,0.0243173956798077,0.0060464528391881,0.0006476683937823,0.0034645443450365
node,1270,0.8707974437343706,0.0005557099194221093,1677.8368037651562,1813.3350000000003,2515.206,3245.7529999999997,-0.5290766557623101,0.0,0.0,0.0,0.0380896704631747,0.0038833155534636,0.0012953367875647,0.0027018176833491
node,1271,0.8699638788552375,0.0013892747985552178,1679.3057543915681,1818.287,2515.206,3245.7529999999997,0.9398739706496144,4.951999999999771,0.0,0.0,0.0029190096084671,0.0003751827031207,0.0012953367875647,0.001516102439858
node,1272,0.8713531536537927,0.0,1727.8619572704079,1818.8680000000002,2828.818999999999,3245.7529999999997,49.49607684948933,5.532999999999902,313.6129999999989,0.0,0.0069805741891772,0.0002694377537311,0.0012953367875647,0.0010402574884997
node,1273,0.8713531536537927,0.0,1678.3658804209185,1813.3350000000003,2515.206,3245.7529999999997,0.0,0.0,0.0,0.0,0.0039958701682755,0.0045016178992826,0.0,0.0123076219379246
node,1274,0.8713531536537927,0.0,1678.7929799107144,1813.3350000000003,2517.916,3245.7529999999997,0.42709948979586443,0.0,2.7100000000000364,0.0,0.0062696200077373,0.0018496315550424,0.001943005181347,0.0128858142363262
node,1275,0.8710752986940817,0.00027785495971099916,1678.6836998405104,1813.3350000000003,2515.206,3245.7529999999997,0.31781941959184223,0.0,0.0,0.0,0.0532841346336268,0.0030018998607742,0.0012953367875647,0.0099018131038894
node,1276,0.8713531536537927,0.0,1678.3658804209185,1813.3350000000003,2515.206,3245.7529999999997,0.0,0.0,0.0,0.0,0.0140433842509308,0.0002734048760864,0.0012953367875647,0.0002169184765783
node,1277,0.8710752986940817,0.00027785495971099916,1678.462,1813.3350000000003,2515.206,3245.7529999999997,0.09611957908145996,0.0,0.0,0.0,0.0187740927855012,0.0025780952039067,0.0012953367875647,0.0026989193194065
node,1278,0.8710752986940817,0.00027785495971099916,1678.4919872408293,1813.3350000000003,2515.206,3245.7529999999997,0.126106819910774,0.0,0.0,0.0,0.0592433369150099,0.0087176571828772,0.0006476683937823,0.014113471923516
node,1279,0.8713531536537927,0.0,1678.3658804209185,1813.3350000000003,2515.206,3245.7529999999997,0.0,0.0,0.0,0.0,0.0104597674692499,0.0101062785577074,0.0,0.0296893812030952
node,1280,0.8710752986940817,0.00027785495971099916,1678.6225776714512,1813.3350000000003,2515.206,3245.7529999999997,0.2566972505326248,0.0,0.0,0.0,0.0003539110690035,0.0002554839618751,0.0006476683937823,0.0010900763672264
node,1281,0.8713531536537927,0.0,1678.3658804209185,1813.3350000000003,2515.206,3245.7529999999997,0.0,0.0,0.0,0.0,0.0033578369241174,0.0022920946156744,0.0,0.010342424966494
node,1282,0.8707974437343706,0.0005557099194221093,1677.6830552010213,1813.3350000000003,2513.5215000000017,3245.7529999999997,-0.6828252198972677,0.0,-1.6844999999984793,0.0,0.0061595588255514,1.5997990264463118e-05,0.0012953367875647,9.383505002058765e-05
node,1283,0.8713531536537927,0.0,1678.3658804209185,1813.3350000000003,2515.206,3245.7529999999997,0.0,0.0,0.0,0.0,0.0139804946248699,0.0001599287385649,0.0012953367875647,0.0006844268699156
node,1284,0.8702417338149486,0.0011114198388441077,1678.886962962963,1813.3350000000003,2515.206,3245.7529999999997,0.5210825420444962,0.0,0.0,0.0,0.0234653187962799,0.0004800374073338,0.001943005181347,0.0011767877824442
node,1285,0.8713531536537927,0.0,1678.3658804209185,1813.3350000000003,2515.206,3245.7529999999997,0.0,0.0,0.0,0.0,0.0234653187962799,0.0004800374073338,0.001943005181347,0.0011767877824442
node,1286,0.8702417338149486,0.0011114198388441077,1678.886962962963,1813.3350000000003,2515.206,3245.7529999999997,0.5210825420444962,0.0,0.0,0.0,0.0445414129527358,0.005486539962522,0.0038860103626943,0.025013936592495
node,1287,0.8710752986940817,0.00027785495971099916,1678.5214462519934,1813.3350000000003,2515.206,3245.7529999999997,0.1555658310749095,0.0,0.0,0.0,0.0002992004281488,0.0002016797876648,0.0,0.0009215629132692
node,1288,0.8713531536537927,0.0,1682.3131820790818,1823.145,2515.206,3245.7529999999997,3.947301658163269,9.809999999999718,0.0,0.0,0.0092598146035,0.0007312200472836,0.0006476683937823,0.0010915888320032
node,1289,0.8696860238955265,0.001667129758266217,1678.8868833865815,1813.3350000000003,2515.7479999999996,3245.7529999999997,0.5210029656630013,0.0,0.5419999999994616,0.0,0.0070866450852256,0.0055377228885166,0.0006476683937823,0.0218274730769969
node,1290,0.864406779661017,0.006946373992775756,1674.907631308261,1810.8749999999998,2527.9880000000003,3245.7529999999997,-3.4582491126575405,-2.460000000000491,12.782000000000153,0.0,0.0070651499118563,0.001870964158889,0.0006476683937823,0.0052612596811207
node,1291,0.8713531536537927,0.0,1682.0737005739795,1813.3350000000003,2515.206,3245.7529999999997,3.707820153060993,0.0,0.0,0.0,0.0081423495494391,0.0004141561381342,0.0006476683937823,0.0008980672731298
node,1292,0.8713531536537927,0.0,1682.1341661352042,1819.571,2515.206,3245.7529999999997,3.768285714285639,6.235999999999649,0.0,0.0,0.0155982810822572,0.0006633007358316,0.0006476683937823,0.0018884777038399
node,1293,0.8710752986940817,0.00027785495971099916,1735.653320893142,1861.5949999999998,2890.768000000001,3703.010199999988,57.28744047222358,48.259999999999536,375.5620000000008,457.2571999999882,0.0465824694483949,0.0046936259031961,0.0012953367875647,0.0127163255398936
node,1294,0.8713531536537927,0.0,1682.0502295918368,1813.3350000000003,2535.8084999999996,3245.7529999999997,3.684349170918267,0.0,20.60249999999951,0.0,0.0382590586569952,0.0012244923166475,0.0006476683937823,0.0037013145542445
node,1295,0.8680188941372603,0.003334259516532434,1683.1958233034572,1818.8680000000002,2549.035500000002,3245.7529999999997,4.829942882538717,5.532999999999902,33.829500000001644,0.0,0.0417434131873393,0.0040526599107319,0.0058290155440414,0.0136142052739637
node,1296,0.8707974437343706,0.0005557099194221093,1679.2518126994255,1813.3350000000003,2519.0000000000014,3267.5155499999996,0.8859322785069708,0.0,3.7940000000012333,21.76254999999992,0.0153953728718572,0.0011098280740039,0.0012953367875647,0.001656958606722
node,1297,0.8710752986940817,0.00027785495971099916,1679.2741275917067,1813.3350000000003,2515.206,3258.049099999997,0.9082471707881723,0.0,0.0,12.296099999997296,0.0113373079802691,0.000562102590242,0.0006476683937823,0.0018930755220005
node,1298,0.8713531536537927,0.0,1679.448247130102,1813.3350000000003,2517.916,3245.7529999999997,1.0823667091833613,0.0,2.7100000000000364,0.0,0.0247576321238088,0.0014951998380143,0.0025906735751294,0.0024427914920371
node,1299,0.8702417338149486,0.0011114198388441077,1684.8635609833973,1820.1574999999998,2515.206,3245.7529999999997,6.497680562478763,6.822499999999536,0.0,0.0,0.0519096688565645,0.0076992607640959,0.0006476683937823,0.0167561464223118
node,1300,0.8707974437343706,0.0005557099194221093,1679.8908452456924,1813.3350000000003,2519.0000000000014,3258.658949999999,1.5249648247738605,0.0,3.7940000000012333,12.905949999999393,0.0024358898373419,0.0003515045725037,0.0012953367875647,0.0011870938342118
node,1301,0.8710752986940817,0.00027785495971099916,1680.682901754386,1813.3350000000003,2528.5598,3258.049099999997,2.317021333467437,0.0,13.353799999999865,12.296099999997296,0.0024358898373419,0.0003515045725037,0.001943005181347,0.0011870938342118
node,1302,0.8710752986940817,0.00027785495971099916,1678.3891540669856,1813.3350000000003,2515.206,3245.7529999999997,0.023273646067082154,0.0,0.0,0.0,0.0093886796017502,0.0044002007339364,0.0058290155440414,0.028917936311358
node,1303,0.8710752986940817,0.00027785495971099916,1678.7280832535882,1813.3350000000003,2515.206,3245.7529999999997,0.3622028326697091,0.0,0.0,0.0,0.020399925116917,0.000806951926278,0.0006476683937823,0.0015642556671432
node,1304,0.8710752986940817,0.00027785495971099916,1684.1378296650716,1818.8680000000002,2576.4811999999997,3245.7529999999997,5.77194924415312,5.532999999999902,61.275199999999586,0.0,0.0107307896815865,0.0029329061760622,0.0006476683937823,0.0124754220226291
node,1305,0.8688524590163934,0.0025006946373993255,1681.9545765909818,1820.744,2517.3740000000003,3245.7529999999997,3.5886961700632583,7.408999999999651,2.16800000000012,0.0,0.0297127842314237,0.0020029049347365,0.0038860103626943,0.0060767369079618
node,1306,0.8705195887746596,0.0008335648791331085,1677.297483881264,1813.3350000000003,2508.442200000001,3245.7529999999997,-1.0683965396544863,0.0,-6.763799999999264,0.0,0.0054284325326194,0.0001859229255395,0.0006476683937823,0.0005219762894628
node,1307,0.8710752986940817,0.00027785495971099916,1679.0290398724082,1813.3350000000003,2515.206,3245.7529999999997,0.6631594514897188,0.0,0.0,0.0,0.0070590133542517,0.0007968428535966,0.0012953367875647,0.0036153081059829
node,1308,0.8710752986940817,0.00027785495971099916,1678.444896969697,1813.3350000000003,2515.206,3245.7529999999997,0.07901654877855435,0.0,0.0,0.0,0.0025784893324898,0.0014564174119164,0.0006476683937823,0.0079419677163718
node,1309,0.8702417338149486,0.0011114198388441077,1678.921042145594,1813.3350000000003,2515.206,3245.7529999999997,0.5551617246753722,0.0,0.0,0.0,0.0082917115166267,0.0038596365148686,0.0038860103626943,0.025539180770986
node,1310,0.8655181994998611,0.0058349541539316485,1676.1086497592296,1813.3350000000003,2525.0431999999996,3245.7529999999997,-2.2572306616889364,0.0,9.837199999999484,0.0,0.0163752154750005,0.0065852307807736,0.0012953367875647,0.0478579963977592
node,1311,0.8710752986940817,0.00027785495971099916,1678.2437244019136,1813.3350000000003,2515.206,3245.7529999999997,-0.12215601900493311,0.0,0.0,0.0,0.0162582348554771,0.0002356050414275,0.0006476683937823,0.0005302948389614
node,1312,0.8710752986940817,0.00027785495971099916,1678.6044443381181,1813.3350000000003,2515.206,3245.7529999999997,0.23856391719959902,0.0,0.0,0.0,0.0211257838936757,0.0016773998322866,0.001943005181347,0.0035603297952782
node,1313,0.8713531536537927,0.0,1678.3658804209185,1813.3350000000003,2515.206,3245.7529999999997,0.0,0.0,0.0,0.0,0.0079647563084139,0.0007712179251242,0.0006476683937823,0.001812804587825
node,1314,0.8696860238955265,0.001667129758266217,1679.4200840255592,1813.3350000000003,2515.7479999999996,3245.7529999999997,1.0542036046406338,0.0,0.5419999999994616,0.0,0.0097425893739591,0.0014465417131111,0.0025906735751294,0.0053956512709639
node,1315,0.8702417338149486,0.0011114198388441077,1678.98704853129,1813.3350000000003,2515.206,3245.7529999999997,0.6211681103714,0.0,0.0,0.0,0.0086355627712035,0.0011206919694554,0.001943005181347,0.0028101503254232
node,1316,0.8713531536537927,0.0,1678.3658804209185,1813.3350000000003,2515.206,3245.7529999999997,0.0,0.0,0.0,0.0,0.0148489109185451,0.0050604787327163,0.001943005181347,0.012110474717838
node,1317,0.8710752986940817,0.00027785495971099916,1679.2673342902713,1813.3350000000003,2515.206,3245.7529999999997,0.9014538693527356,0.0,0.0,0.0,0.0195650961842318,0.0074879320908531,0.0006476683937823,0.0144591812381159
node,1318,0.8677410391775493,0.003612114476243433,1676.5577476785145,1813.3350000000003,2519.542000000001,3245.7529999999997,-1.808132742404041,0.0,4.336000000000695,0.0,0.0109015166487207,0.0079264172291204,0.001943005181347,0.0164619186037006
node,1319,0.8677410391775493,0.003612114476243433,1676.5577476785145,1813.3350000000003,2519.542000000001,3245.7529999999997,-1.808132742404041,0.0,4.336000000000695,0.0,0.0114762858627008,0.0088350663213837,0.001943005181347,0.0182322569503737
node,1320,0.8707974437343706,0.0005557099194221093,1679.6786100829613,1813.3350000000003,2551.29,3245.7529999999997,1.3127296620427842,0.0,36.08399999999983,0.0,0.0218402683948473,0.007247764363811,0.0038860103626943,0.0203198889355297
node,1321,0.8713531536537927,0.0,1678.3658804209185,1813.3350000000003,2515.206,3245.7529999999997,0.0,0.0,0.0,0.0,0.0006839332589017,0.0008904310581639,0.0,0.0021065729432767
node,1322,0.8710752986940817,0.00027785495971099916,1681.3278583732058,1813.3350000000003,2598.8283999999985,3245.7529999999997,2.9619779522872705,0.0,83.62239999999838,0.0,0.0090587267535343,0.0006423222776619,0.001943005181347,0.0014226646531957
node,1323,0.8705195887746596,0.0008335648791331085,1680.6168713692946,1813.3350000000003,2586.4350000000004,3245.7529999999997,2.2509909483760566,0.0,71.22900000000027,0.0,0.0125708178179493,0.0016029545599893,0.0032383419689119,0.0055621961922581
node,1324,0.8710752986940817,0.00027785495971099916,1678.6229763955341,1813.3350000000003,2515.206,3245.7529999999997,0.25709597461559497,0.0,0.0,0.0,0.0412784792620855,0.0028690305257291,0.0045336787564766,0.0094396070234089
node,1325,0.8710752986940817,0.00027785495971099916,1713.7695703349282,1879.157,2659.3929999999996,3245.7529999999997,35.40368991400965,65.82199999999966,144.18699999999944,0.0,0.0412784792620855,0.0028690305257291,0.0045336787564766,0.0094396070234089
node,1326,0.8707974437343706,0.0005557099194221093,1714.3021212507979,1879.355,2659.3929999999996,3245.7529999999997,35.93624082987935,66.01999999999975,144.18699999999944,0.0,0.0412784792620855,0.0028690305257291,0.0045336787564766,0.0094396070234089
node,1327,0.8710752986940817,0.00027785495971099916,1679.0785939393938,1813.3350000000003,2515.206,3245.7529999999997,0.7127135184753115,0.0,0.0,0.0,0.0412784792620855,0.0009276501643901,0.0006476683937823,0.002507079962854
node,1328,0.8713531536537927,0.0,1678.3658804209185,1813.3350000000003,2515.206,3245.7529999999997,0.0,0.0,0.0,0.0,0.0681334693954455,0.0009770159811016,0.0006476683937823,0.0019438189616245
node,1329,0.8713531536537927,0.0,1678.3658804209185,1813.3350000000003,2515.206,3245.7529999999997,0.0,0.0,0.0,0.0,0.0461401072818919,0.0032793336252894,0.0006476683937823,0.0062369130649269
node,1330,0.8710752986940817,0.00027785495971099916,1678.8536315789472,1813.3350000000003,2518.4579999999996,3245.7529999999997,0.4877511580286864,0.0,3.251999999999498,0.0,0.0214571856463414,0.0008395515992256,0.0006476683937823,0.0013394964930746
node,1331,0.8707974437343706,0.0005557099194221093,1678.5642788768348,1813.3350000000003,2515.206,3245.7529999999997,0.19839845591627636,0.0,0.0,0.0,0.0070590268641549,0.0030873598155821,0.0012953367875647,0.0061705967443874
node,1332,0.8710752986940817,0.00027785495971099916,1678.365361722488,1813.3350000000003,2515.206,3245.7529999999997,-0.000518698430596487,0.0,0.0,0.0,0.0019383382207776,0.0028848466272174,0.0006476683937823,0.0059702475317049
node,1333,0.8699638788552375,0.0013892747985552178,1677.9249029064197,1813.3350000000003,2515.206,3245.7529999999997,-0.44097751449885436,0.0,0.0,0.0,0.0577960471358312,0.0107843895817781,0.0006476683937823,0.0194733790253128
node,1334,0.8713531536537927,0.0,1678.3658804209185,1813.3350000000003,2515.206,3245.7529999999997,0.0,0.0,0.0,0.0,0.0145616120438707,0.0023868053352802,0.0006476683937823,0.0014432224610636
node,1335,0.8713531536537927,0.0,1678.4306352040817,1813.3350000000003,2515.206,3245.7529999999997,0.06475478316315275,0.0,0.0,0.0,0.0146877107742983,0.004766405616167,0.0025906735751294,0.0110456622076851
node,1336,0.8713531536537927,0.0,1678.3658804209185,1813.3350000000003,2515.206,3245.7529999999997,0.0,0.0,0.0,0.0,0.0,0.0,0.0,0.0
node,1337,0.8713531536537927,0.0,1717.8333756377551,1813.3350000000003,2783.5275,3245.7529999999997,39.467495216836596,0.0,268.3215,0.0,0.0186571876401402,0.0007811377133015,0.0006476683937823,0.0019364932102575
node,1338,0.8713531536537927,0.0,1678.3658804209185,1813.3350000000003,2515.206,3245.7529999999997,0.0,0.0,0.0,0.0,0.0054925995927022,0.0016559684246579,0.0006476683937823,0.000493929795861
node,1339,0.8707974437343706,0.0005557099194221093,1678.2687686662414,1813.3350000000003,2515.206,3245.7529999999997,-0.09711175467714384,0.0,0.0,0.0,0.0108107894652453,0.0017840499575144,0.0038860103626943,0.0010792668815097
node,1340,0.8702417338149486,0.0011114198388441077,1676.7351778416346,1813.3350000000003,2503.847,3245.7529999999997,-1.630702579283934,0.0,-11.358999999999924,0.0,0.0119945499991831,0.0078876015493329,0.0,0.0369442400500191
node,1341,0.8710752986940817,0.00027785495971099916,1733.3720296650715,1818.287,2842.3569999999995,3245.7529999999997,55.006149244152994,4.951999999999771,327.1509999999994,0.0,0.0092106041048969,0.000478256963999,0.0012953367875647,0.0015255732882808
node,1342,0.8713531536537927,0.0,1748.5183657525508,1846.3230000000003,2828.818999999999,3245.7529999999997,70.1524853316323,32.988000000000056,313.6129999999989,0.0,0.0250594009014267,0.0012753013448523,0.0032383419689119,0.0025149401455168
node,1343,0.8713531536537927,0.0,1681.7920704719388,1819.571,2532.2625,3245.7529999999997,3.426190051020285,6.235999999999649,17.056499999999687,0.0,0.0288906834410021,0.0001635388550891,0.0006476683937823,0.0002929930141663
node,1344,0.8713531536537927,0.0,1697.4944853316326,1818.8680000000002,2515.206,3245.7529999999997,19.128604910714103,5.532999999999902,0.0,0.0,0.0172983603762525,0.0004249536279253,0.0006476683937823,0.0009050501155443
node,1345,0.8710752986940817,0.00027785495971099916,1678.4312044657095,1813.3350000000003,2515.206,3245.7529999999997,0.06532404479094112,0.0,0.0,0.0,0.0093020091748566,0.0002542398102199,0.0012953367875647,0.0005877426905402
node,1346,0.8713531536537927,0.0,1678.718541135204,1813.3350000000003,2515.206,3245.7529999999997,0.35266071428554824,0.0,0.0,0.0,0.0104306881339762,0.0002564576744681,0.0006476683937823,0.0004585760078825
node,1347,0.8713531536537927,0.0,1678.3658804209185,1813.3350000000003,2515.206,3245.7529999999997,0.0,0.0,0.0,0.0,0.0006564721929483,0.000440028398502,0.0,0.002021990511032
node,1348,0.8713531536537927,0.0,1678.4330111607144,1813.3350000000003,2515.206,3245.7529999999997,0.06713073979585715,0.0,0.0,0.0,0.0154447395703333,0.0010068650968103,0.0012953367875647,0.0013225808378914
node,1349,0.8707974437343706,0.0005557099194221093,1678.4799435226548,1813.3350000000003,2519.0000000000014,3245.7529999999997,0.11406310173629208,0.0,3.7940000000012333,0.0,0.028026780048829,0.0019796129407776,0.0006476683937823,0.00648936645093
node,1350,0.8713531536537927,0.0,1678.8574234693876,1813.3350000000003,2515.206,3245.7529999999997,0.49154304846911145,0.0,0.0,0.0,0.0252485310077442,0.00097064411016,0.0012953367875647,0.0055806586470005
node,1351,0.8710752986940817,0.00027785495971099916,1679.1578778309413,1813.3350000000003,2515.206,3245.7529999999997,0.7919974100227591,0.0,0.0,0.0,0.0244476400768306,0.000541672303448,0.0012953367875647,0.0031138460689905
node,1352,0.8713531536537927,0.0,1688.7113775510204,1819.2195000000002,2609.424,3257.4392500000004,10.345497130101876,5.884499999999889,94.21799999999985,11.686250000000655,0.0148233717278822,0.0024538746911827,0.0006476683937823,0.0045813645257205
node,1353,0.8710752986940817,0.00027785495971099916,1678.4099384370015,1813.3350000000003,2515.206,3245.7529999999997,0.04405801608299953,0.0,0.0,0.0,0.0090196178549911,0.0044901593575617,0.0032383419689119,0.0176270005519867
node,1354,0.8710752986940817,0.00027785495971099916,1678.8921218500798,1813.3350000000003,2515.206,3245.7529999999997,0.5262414291612458,0.0,0.0,0.0,0.0051701386195721,0.0029873705830732,0.0025906735751294,0.0145683610197446
node,1355,0.8713531536537927,0.0,1678.3658804209185,1813.3350000000003,2515.206,3245.7529999999997,0.0,0.0,0.0,0.0,0.019990988667422,0.0011522295822321,0.0012953367875647,0.0030974945640732
node,1356,0.8710752986940817,0.00027785495971099916,1678.489828708134,1813.3350000000003,2515.206,3245.7529999999997,0.12394828721539852,0.0,0.0,0.0,0.0056713919933955,1.6568483680463758e-05,0.0006476683937823,5.408241504032637e-05
node,1357,0.8710752986940817,0.00027785495971099916,1693.466610526316,1818.8680000000002,2543.0460000000003,3248.3440999999975,15.10073010539736,5.532999999999902,27.840000000000146,2.591099999997823,0.0145513331896275,0.0010626010142632,0.0012953367875647,0.0019783642818884
node,1358,0.8705195887746596,0.0008335648791331085,1694.9526003830192,1813.3350000000003,2515.206,3245.7529999999997,16.586719962100688,0.0,0.0,0.0,0.011532496411418,5.8611820214589626e-05,0.0045336787564766,0.0002388789855412
node,1359,0.8707974437343706,0.0005557099194221093,1694.8877434588383,1813.3350000000003,2515.206,3245.7529999999997,16.52186303791973,0.0,0.0,0.0,0.011532496411418,5.8611820214589626e-05,0.0045336787564766,0.0002388789855412
node,1360,0.8605168102250625,0.010836343428730189,1624.3418156280272,1802.5730000000003,2466.127000000001,2924.8500000000004,-54.024064792891295,-10.761999999999944,-49.07899999999927,-320.90299999999934,0.0,0.0,0.0,0.0
node,1361,0.8710752986940817,0.00027785495971099916,1682.543621371611,1813.3350000000003,2537.4039999999986,3245.7529999999997,4.177740950692396,0.0,22.1979999999985,0.0,0.0296236982586237,0.0052413032758211,0.0045336787564766,0.0139710230240436
node,1362,0.8696860238955265,0.001667129758266217,1677.572954313099,1813.3350000000003,2515.7479999999996,3245.7529999999997,-0.7929261078195395,0.0,0.5419999999994616,0.0,2.5387057819783408e-05,8.224111082441149e-06,0.0025906735751294,7.819430977577216e-05
node,1363,0.8713531536537927,0.0,1678.9597241709184,1813.3350000000003,2563.9210000000003,3245.7529999999997,0.5938437499999054,0.0,48.715000000000146,0.0,0.0093496742798337,0.0002548603821161,0.001943005181347,0.0007827937643956
node,1364,0.8710752986940817,0.00027785495971099916,1684.8322940988835,1844.5779999999995,2537.736,3245.7529999999997,6.466413677964965,31.242999999999256,22.529999999999745,0.0,0.0043723149809031,7.839395901789595e-05,0.0012953367875647,0.000103864009822
node,1365,0.8699638788552375,0.0013892747985552178,1677.999602682849,1813.3350000000003,2527.9880000000003,3245.7529999999997,-0.3662777380695843,0.0,12.782000000000153,0.0,0.0317662514202371,0.0025005207850985,0.008419689119171,0.0094674540474749
node,1366,0.8713531536537927,0.0,1678.3658804209185,1813.3350000000003,2515.206,3245.7529999999997,0.0,0.0,0.0,0.0,0.0019432411498345,4.78382331391478e-06,0.001943005181347,2.418576322580432e-05
node,1367,0.8713531536537927,0.0,1681.1407943239794,1813.3350000000003,2535.9935,3245.7529999999997,2.774913903060906,0.0,20.78749999999991,0.0,0.0122074418555568,0.0010749516302612,0.0006476683937823,0.0009355569937855
node,1368,0.8707974437343706,0.0005557099194221093,1696.789362156988,1813.3350000000003,2789.609000000001,3319.890000000001,18.42348173606956,0.0,274.4030000000007,74.13700000000108,0.0161281803518767,0.0028131888709138,0.001943005181347,0.0115817450466013
node,1369,0.8699638788552375,0.0013892747985552178,1683.1290012775473,1819.571,2586.4350000000004,3245.7529999999997,4.763120856628802,6.235999999999649,71.22900000000027,0.0,0.0057945763046128,0.0013422642649743,0.0012953367875647,0.002178350941818
node,1370,0.8657960544595721,0.005557099194220649,1680.4385754172015,1818.8680000000002,2524.307,3245.7529999999997,2.072694996282962,5.532999999999902,9.100999999999658,0.0,0.0019462476078228,0.0015113341872433,0.0006476683937823,0.0059946091203989
node,1371,0.8713531536537927,0.0,1678.3658804209185,1813.3350000000003,2515.206,3245.7529999999997,0.0,0.0,0.0,0.0,0.0016335351896982,0.0007361591490702,0.0,0.0050314281221454
node,1372,0.8713531536537927,0.0,1678.5719426020407,1813.3350000000003,2515.206,3245.7529999999997,0.2060621811222063,0.0,0.0,0.0,0.0449476567558208,0.0031728433376888,0.0006476683937823,0.005673041739169
node,1373,0.8707974437343706,0.0005557099194221093,1678.6636984684108,1813.3350000000003,2515.206,3245.7529999999997,0.2978180474922283,0.0,0.0,0.0,0.0275804097002763,0.0105636481534196,0.0071243523316061,0.0219413288797645
node,1374,0.8713531536537927,0.0,1679.1852952806123,1813.3350000000003,2517.916,3245.7529999999997,0.8194148596937794,0.0,2.7100000000000364,0.0,0.0185124713053678,0.0015196070134166,0.0006476683937823,0.0011230034827803
node,1375,0.8680188941372603,0.003334259516532434,1676.6674919974391,1813.3350000000003,2519.0000000000014,3245.7529999999997,-1.6983884234794004,0.0,3.7940000000012333,0.0,0.0040808724262452,0.0057690073124969,0.0,0.0125694361638392
node,1376,0.8713531536537927,0.0,1678.3658804209185,1813.3350000000003,2515.206,3245.7529999999997,0.0,0.0,0.0,0.0,0.0030086119399366,0.0025001952142936,0.0,0.0092667821413845
node,1377,0.8705195887746596,0.0008335648791331085,1680.1435700606446,1813.3350000000003,2515.206,3245.7529999999997,1.777689639726077,0.0,0.0,0.0,0.0194188974593604,0.0256293404828335,0.0006476683937823,0.0229946657736597
node,1378,0.8702417338149486,0.0011114198388441077,1680.9862065772668,1813.3350000000003,2528.8457,3245.7529999999997,2.6203261563482556,0.0,13.63969999999972,0.0,0.0172651452554716,0.0224015502767678,0.0006476683937823,0.0100530622913279
node,1379,0.8705195887746596,0.0008335648791331085,1679.38848675391,1813.3350000000003,2515.206,3245.7529999999997,1.0226063329914723,0.0,0.0,0.0,0.0845676851750842,0.0129497316018462,0.0032383419689119,0.0242105731687762
node,1380,0.8713531536537927,0.0,1678.584603635204,1813.3350000000003,2515.206,3245.7529999999997,0.21872321428554642,0.0,0.0,0.0,0.0557346298398716,0.0060615522830172,0.0012953367875647,0.0182962978417712
node,1381,0.8707974437343706,0.0005557099194221093,1680.1622823867262,1813.3350000000003,2515.206,3245.7529999999997,1.7964019658077177,0.0,0.0,0.0,0.0483697261830962,0.0080801879237807,0.001943005181347,0.0248879108565842
node,1382,0.8705195887746596,0.0008335648791331085,1678.9641599106287,1813.3350000000003,2515.206,3245.7529999999997,0.598279489710194,0.0,0.0,0.0,0.0264626591065189,0.0027588917032742,0.0012953367875647,0.0071422723274487
node,1383,0.8713531536537927,0.0,1678.410199617347,1813.3350000000003,2515.206,3245.7529999999997,0.044319196428432406,0.0,0.0,0.0,0.02382258927538,0.0028615273316375,0.0006476683937823,0.0043439617745772
node,1384,0.8707974437343706,0.0005557099194221093,1677.7460864709635,1813.3350000000003,2513.5215000000017,3245.7529999999997,-0.6197939499550102,0.0,-1.6844999999984793,0.0,0.0082671436350735,0.0010382800980264,0.001943005181347,0.0014867546192908
node,1385,0.8713531536537927,0.0,1678.3922509566326,1813.3350000000003,2515.206,3245.7529999999997,0.02637053571402248,0.0,0.0,0.0,0.0179566243659556,0.0007938910439393,0.0012953367875647,0.0025615025247051
node,1386,0.8713531536537927,0.0,1699.5255934311224,1853.893,2576.3595,3245.7529999999997,21.15971301020386,40.557999999999765,61.153499999999894,0.0,0.0408926297086558,0.0068914655948667,0.0006476683937823,0.0345371153990443
node,1387,0.8713531536537927,0.0,1678.3658804209185,1813.3350000000003,2515.206,3245.7529999999997,0.0,0.0,0.0,0.0,0.0412006737495017,0.0017338233192193,0.0006476683937823,0.0043284419869588
node,1388,0.8713531536537927,0.0,1678.3658804209185,1813.3350000000003,2515.206,3245.7529999999997,0.0,0.0,0.0,0.0,0.0340780385032859,0.0020721939132918,0.0006476683937823,0.0080337306696929
node,1389,0.8713531536537927,0.0,1845.2135558035716,2016.525,2943.484999999999,3245.7529999999997,166.84767538265305,203.18999999999983,428.2789999999991,0.0,0.0166500996011308,0.0007526620301632,0.0006476683937823,0.0010215497672945
node,1390,0.8713531536537927,0.0,1878.094703125,2025.802,3234.249999999999,3257.4392500000004,199.7288227040815,212.46699999999964,719.043999999999,11.686250000000655,0.0246529563345973,0.0012913255259818,0.0006476683937823,0.0018102586261348
node,1391,0.8713531536537927,0.0,1678.3658804209185,1813.3350000000003,2515.206,3245.7529999999997,0.0,0.0,0.0,0.0,0.0053993629631147,0.0033588006107453,0.0025906735751294,0.0166304998053348
node,1392,0.8696860238955265,0.001667129758266217,1681.0732677316294,1813.3350000000003,2515.7479999999996,3245.7529999999997,2.7073873107108284,0.0,0.5419999999994616,0.0,0.0093698528756637,0.0016644414585801,0.0038860103626943,0.0065130479856677
node,1393,0.8713531536537927,0.0,1684.5878284438775,1842.1570000000002,2515.206,3245.7529999999997,6.221948022958941,28.82199999999989,0.0,0.0,0.0125647311512414,0.0003274776117288,0.0006476683937823,0.0006745752863725
node,1394,0.8713531536537927,0.0,1678.3658804209185,1813.3350000000003,2515.206,3245.7529999999997,0.0,0.0,0.0,0.0,0.0295764867541519,0.0021740329681479,0.0006476683937823,0.0039950695388423
node,1395,0.8713531536537927,0.0,1678.419308992347,1813.3350000000003,2515.206,3245.7529999999997,0.0534285714284124,0.0,0.0,0.0,0.0225418960235172,0.0012331520555021,0.0006476683937823,0.0019762610934256
node,1396,0.8713531536537927,0.0,1681.2965628188774,1819.571,2532.2625,3245.7529999999997,2.93068239795889,6.235999999999649,17.056499999999687,0.0,0.0359424771063361,0.0019841779869996,0.0025906735751294,0.0046009772079837
node,1397,0.8705195887746596,0.0008335648791331085,1679.0626271943825,1813.3350000000003,2515.206,3245.7529999999997,0.6967467734639285,0.0,0.0,0.0,0.0292794758101518,0.0018278755912914,0.0006476683937823,0.0032452736596379
node,1398,0.8710752986940817,0.00027785495971099916,1678.1812185007973,1813.3350000000003,2515.206,3245.7529999999997,-0.18466192012124338,0.0,0.0,0.0,0.0304557127811082,0.0030640439312636,0.0006476683937823,0.0033208239970511
node,1399,0.8671853292581273,0.0041678243956654315,1689.9307487984622,1818.8680000000002,2521.549,3245.7529999999997,11.56486837754369,5.532999999999902,6.342999999999847,0.0,0.0128365919492541,0.0009972037699954,0.0064766839378237,0.0035817271274834
node,1400,0.8710752986940817,0.00027785495971099916,1678.5412041467305,1813.3350000000003,2515.206,3245.7529999999997,0.17532372581194977,0.0,0.0,0.0,0.0244991022923374,0.0018615462262493,0.001943005181347,0.0112951450181415
node,1401,0.8699638788552375,0.0013892747985552178,1679.1294410731393,1813.3350000000003,2515.206,3245.7529999999997,0.7635606522208036,0.0,0.0,0.0,0.0191124949120289,0.0023703419812343,0.005181347150259,0.0063100435875158
node,1402,0.8713531536537927,0.0,1678.3658804209185,1813.3350000000003,2515.206,3245.7529999999997,0.0,0.0,0.0,0.0,0.0004305923394495,0.0004612511851034,0.0,0.0013262612397636
node,1403,0.8710752986940817,0.00027785495971099916,1678.4504858054227,1813.3350000000003,2515.206,3245.7529999999997,0.08460538450412969,0.0,0.0,0.0,0.0,0.0,0.0,0.0
node,1404,0.864406779661017,0.006946373992775756,1674.837433622629,1810.8749999999998,2527.9880000000003,3245.7529999999997,-3.528446798289451,-2.460000000000491,12.782000000000153,0.0,0.0132220999229489,0.0027659609921809,0.0045336787564766,0.0165016518891394
node,1405,0.8702417338149486,0.0011114198388441077,1678.105609514687,1813.3350000000003,2515.206,3245.7529999999997,-0.2602709062314261,0.0,0.0,0.0,0.0154348852375018,0.0014563605173578,0.0012953367875647,0.0062430479208721
node,1406,0.8677410391775493,0.003612114476243433,1676.6786730707654,1813.3350000000003,2519.542000000001,3245.7529999999997,-1.6872073501531304,0.0,4.336000000000695,0.0,0.0076274663447624,0.0011737864639669,0.0012953367875647,0.0072934954583929
node,1407,0.8710752986940817,0.00027785495971099916,1678.232251355662,1813.3350000000003,2515.206,3245.7529999999997,-0.13362906525662765,0.0,0.0,0.0,0.004959687304699,4.368487958981758e-05,0.0012953367875647,6.058226726926439e-05
node,1408,0.8702417338149486,0.0011114198388441077,1677.9505791826311,1813.3350000000003,2515.206,3245.7529999999997,-0.41530123828738397,0.0,0.0,0.0,0.004959687304699,0.0001509935943397,0.001943005181347,0.0002653735463174
node,1409,0.8705195887746596,0.0008335648791331085,1678.7043255665496,1813.3350000000003,2515.206,3245.7529999999997,0.3384451456311126,0.0,0.0,0.0,0.0142736452268973,0.0034888886665601,0.0032383419689119,0.0188641180795508
node,1410,0.8710752986940817,0.00027785495971099916,1678.4828484848483,1813.3350000000003,2515.206,3245.7529999999997,0.11696806392978942,0.0,0.0,0.0,0.000265206513681,0.0002264517815803,0.0,0.0008168587487589
node,1411,0.8713531536537927,0.0,1678.3658804209185,1813.3350000000003,2515.206,3245.7529999999997,0.0,0.0,0.0,0.0,0.0,0.0,0.0,0.0
node,1412,0.8710752986940817,0.00027785495971099916,1690.041602232855,1813.3350000000003,2515.206,3245.7529999999997,11.675721811936455,0.0,0.0,0.0,0.007521881795092,0.0008999453359994,0.0012953367875647,0.002794759724586
node,1413,0.8707974437343706,0.0005557099194221093,1678.6955437141037,1813.3350000000003,2515.206,3245.7529999999997,0.3296632931851491,0.0,0.0,0.0,0.0298955603708834,0.0040672456754469,0.001943005181347,0.0064776233698884
node,1414,0.8713531536537927,0.0,1678.3658804209185,1813.3350000000003,2515.206,3245.7529999999997,0.0,0.0,0.0,0.0,0.0167227031120624,0.0008081279848319,0.0012953367875647,0.0023063538375573
node,1415,0.8710752986940817,0.00027785495971099916,1742.1919492822967,1875.4920000000004,2890.768000000001,3703.010199999988,63.82606886137819,62.15700000000015,375.5620000000008,457.2571999999882,0.0404848208113263,0.006946073794015,0.0032383419689119,0.0294308769869734
node,1416,0.8685746040566824,0.0027785495971103247,1676.8278730006398,1813.3350000000003,2517.916,3263.5377500000004,-1.5380074202787455,0.0,2.7100000000000364,17.784750000000713,0.0054474409665169,0.000192253741903,0.0012953367875647,0.0005289124403737
node,1417,0.8702417338149486,0.0011114198388441077,1679.9412886334612,1813.3350000000003,2576.8463,3245.7529999999997,1.5754082125426976,0.0,61.640300000000025,0.0,0.0035108444161304,0.0005824498797137,0.0025906735751294,0.0021378905564356
node,1418,0.8705195887746596,0.0008335648791331085,1679.892170443664,1813.3350000000003,2576.7246,3245.7529999999997,1.5262900227455702,0.0,61.51859999999988,0.0,0.0036728654138595,0.0006727419566826,0.0025906735751294,0.0026369290892406
node,1419,0.8635732147818839,0.007779938871908865,1673.415157979408,1804.9015,2528.2739,3312.530949999975,-4.950722441510607,-8.433500000000322,13.067900000000009,66.77794999997514,0.0054468531534668,0.0001918283128472,0.0012953367875647,0.0005271019258959
node,1420,0.8710752986940817,0.00027785495971099916,1678.405703030303,1813.3350000000003,2515.206,3245.7529999999997,0.03982260938437321,0.0,0.0,0.0,0.0056974831918026,0.0037650296473865,0.0006476683937823,0.0175487356118605
node,1421,0.8710752986940817,0.00027785495971099916,1678.505967783094,1813.3350000000003,2515.206,3245.7529999999997,0.1400873621755636,0.0,0.0,0.0,0.0,0.0,0.0006476683937823,0.0
node,1422,0.8713531536537927,0.0,1678.3658804209185,1813.3350000000003,2515.206,3245.7529999999997,0.0,0.0,0.0,0.0,0.0232554032543298,0.0011046596271663,0.0006476683937823,0.0032238054926937
node,1423,0.8713531536537927,0.0,1678.529518494898,1813.3350000000003,2515.206,3245.7529999999997,0.16363807397942765,0.0,0.0,0.0,0.0269746350480791,0.0042492906704457,0.0006476683937823,0.0193644973475865
node,1424,0.8705195887746596,0.0008335648791331085,1678.4835151611874,1813.3350000000003,2515.206,3245.7529999999997,0.11763474026884069,0.0,0.0,0.0,0.0002792258207252,1.364275314968083e-07,0.0006476683937823,2.377634872019461e-07
node,1425,0.8696860238955265,0.001667129758266217,1683.753598402556,1819.571,2586.7051,3245.7529999999997,5.387717981637479,6.235999999999649,71.4991,0.0,0.0057945763046128,0.0013422642649743,0.001943005181347,0.002178350941818
node,1426,0.8713531536537927,0.0,1678.3658804209185,1813.3350000000003,2515.206,3245.7529999999997,0.0,0.0,0.0,0.0,0.0112071719109374,0.0004917489884585,0.0006476683937823,0.0008437041943055
node,1427,0.8710752986940817,0.00027785495971099916,1684.8897948963318,1819.571,2562.8660000000004,3245.7529999999997,6.523914475413221,6.235999999999649,47.66000000000031,0.0,0.014979451688702,0.0014366644264512,0.0012953367875647,0.0029103175019901
node,1428,0.8707974437343706,0.0005557099194221093,1677.498513401404,1813.3350000000003,2513.5215000000017,3245.7529999999997,-0.8673670195146315,0.0,-1.6844999999984793,0.0,0.0182094997580586,0.0001505097959581,0.0032383419689119,0.0007193675483141
node,1429,0.8702417338149486,0.0011114198388441077,1678.1855418263092,1813.3350000000003,2515.206,3245.7529999999997,-0.18033859460933854,0.0,0.0,0.0,0.009324287222014,0.0002547509530716,0.0006476683937823,0.0007822444246324
node,1430,0.8710752986940817,0.00027785495971099916,1683.1536236044658,1813.3350000000003,2518.4579999999996,3245.7529999999997,4.7877431835472635,0.0,3.251999999999498,0.0,0.0019840350576434,0.0005477063878583,0.0,0.0061109976983067
node,1431,0.8710752986940817,0.00027785495971099916,1678.6019416267943,1813.3350000000003,2518.4579999999996,3245.7529999999997,0.23606120587578516,0.0,3.251999999999498,0.0,0.0008129313065433,5.218000347865636e-05,0.001943005181347,8.251874815747843e-05
node,1432,0.8713531536537927,0.0,1678.3658804209185,1813.3350000000003,2515.206,3245.7529999999997,0.0,0.0,0.0,0.0,0.0,0.0,0.0,0.0
node,1433,0.8707974437343706,0.0005557099194221093,1678.446163050415,1813.3350000000003,2515.206,3245.7529999999997,0.0802826294964234,0.0,0.0,0.0,0.0122032407597726,0.0055227394466887,0.0123056994818653,0.0375870254447162
node,1434,0.8707974437343706,0.0005557099194221093,1678.5058203573708,1813.3350000000003,2525.779400000002,3245.7529999999997,0.1399399364522651,0.0,10.573400000002039,0.0,0.0243574136446699,0.0013533386678525,0.0006476683937823,0.0029397988743099
node,1435,0.8702417338149486,0.0011114198388441077,1672.8093528097063,1813.3350000000003,2503.847,3162.5941999999873,-5.556527611212232,0.0,-11.358999999999924,-83.15880000001243,0.0,0.0,0.0,0.0
node,1436,0.8713531536537927,0.0,1678.3658804209185,1813.3350000000003,2515.206,3245.7529999999997,0.0,0.0,0.0,0.0,0.0,0.0,0.0,0.0
node,1437,0.8713531536537927,0.0,1678.3658804209185,1813.3350000000003,2515.206,3245.7529999999997,0.0,0.0,0.0,0.0,0.0,0.0,0.0,0.0
node,1438,0.8710752986940817,0.00027785495971099916,1677.9471693779906,1813.3350000000003,2515.206,3245.7529999999997,-0.4187110429279528,0.0,0.0,0.0,0.0,0.0,0.0,0.0
node,1439,0.8707974437343706,0.0005557099194221093,1678.6162176132736,1813.3350000000003,2515.206,3245.7529999999997,0.25033719235511853,0.0,0.0,0.0,0.0203410916333393,0.0003268284910405,0.0012953367875647,0.0007927175624217
node,1440,0.8713531536537927,0.0,1678.3658804209185,1813.3350000000003,2515.206,3245.7529999999997,0.0,0.0,0.0,0.0,0.0056339703296453,0.0001683396315556,0.0006476683937823,0.0001744576770505
node,1441,0.8710752986940817,0.00027785495971099916,1678.453896969697,1813.3350000000003,2515.206,3245.7529999999997,0.0880165487785689,0.0,0.0,0.0,0.0203410916333393,0.0003268284910405,0.0012953367875647,0.0007927175624217
node,1442,0.8710752986940817,0.00027785495971099916,1678.5192437001594,1813.3350000000003,2515.206,3245.7529999999997,0.15336327924092075,0.0,0.0,0.0,0.0216438620489132,0.0002810046704801,0.0006476683937823,0.0007756892250602
node,1443,0.8713531536537927,0.0,1678.598362882653,1813.3350000000003,2515.206,3245.7529999999997,0.23248246173443476,0.0,0.0,0.0,0.0402094581438002,0.0017230009907511,0.0006476683937823,0.0062561259597606
node,1444,0.8713531536537927,0.0,1704.826537627551,1823.145,2542.9175,3245.7529999999997,26.460657206632504,9.809999999999718,27.711499999999887,0.0,0.0334458639364474,0.0008458384621463,0.001943005181347,0.0018286673493439
node,1445,0.8713531536537927,0.0,1678.3658804209185,1813.3350000000003,2515.206,3245.7529999999997,0.0,0.0,0.0,0.0,0.0268744316443373,0.0006833246162948,0.0012953367875647,0.0011700461545005
node,1446,0.8713531536537927,0.0,1678.3658804209185,1813.3350000000003,2515.206,3245.7529999999997,0.0,0.0,0.0,0.0,0.0256372162165152,0.0003602252168034,0.0006476683937823,0.0008746602418176
node,1447,0.8669074742984162,0.004445679355376542,1680.1754820512822,1818.8680000000002,2521.362199999999,3245.7529999999997,1.8096016303636588,5.532999999999902,6.156199999998989,0.0,0.0037180229004271,4.028402831529748e-05,0.001943005181347,4.594492878215831e-05
node,1448,0.8674631842178383,0.0038899694359544323,1679.784812299808,1818.5775,2520.0840000000003,3245.7529999999997,1.4189318788894525,5.242499999999836,4.878000000000156,0.0,0.0037180229004271,4.028402831529748e-05,0.001943005181347,4.594492878215831e-05
node,1449,0.8710752986940817,0.00027785495971099916,1680.268789473684,1813.3350000000003,2576.4811999999997,3245.7529999999997,1.9029090527653807,0.0,61.275199999999586,0.0,0.0058135847385103,0.0026354539366754,0.0012953367875647,0.0099076920379313
node,1450,0.8705195887746596,0.0008335648791331085,1678.2378337057132,1813.3350000000003,2515.206,3245.7529999999997,-0.12804671520530064,0.0,0.0,0.0,0.0024069774064877,0.0003446961520693,0.001943005181347,0.0008279666790088
node,1451,0.8710752986940817,0.00027785495971099916,1678.388821371611,1813.3350000000003,2515.206,3245.7529999999997,0.022940950692373008,0.0,0.0,0.0,0.0068480551108111,0.0026799952674855,0.0025906735751294,0.0151668438177613
node,1452,0.8710752986940817,0.00027785495971099916,1682.9798845295056,1813.3350000000003,2608.2690000000002,3245.7529999999997,4.614004108587096,0.0,93.0630000000001,0.0,0.0145914153731025,0.0032623917973157,0.001943005181347,0.0110800663836833
node,1453,0.8685746040566824,0.0027785495971103247,1676.6029017914268,1813.3350000000003,2517.916,3245.7529999999997,-1.7629786294917267,0.0,2.7100000000000364,0.0,0.0089026483741857,0.0007577911142347,0.0006476683937823,0.0013558709288427
node,1454,0.8705195887746596,0.0008335648791331085,1685.9261991701244,1818.8680000000002,2614.638,3270.945999999999,7.560318749205862,5.532999999999902,99.43199999999979,25.1929999999993,0.0049595102658586,0.0004417011001493,0.001943005181347,0.0015190971898132
node,1455,0.8713531536537927,0.0,1679.5393616071428,1813.3350000000003,2517.916,3245.7529999999997,1.1734811862243077,0.0,2.7100000000000364,0.0,0.0294655914479726,0.0033869252801095,0.0006476683937823,0.0061042466962735
node,1456,0.8713531536537927,0.0,1678.5672044005103,1813.3350000000003,2515.206,3245.7529999999997,0.20132397959173431,0.0,0.0,0.0,0.0230548229440445,0.0003891464440416,0.0006476683937823,0.0008868157896316
node,1457,0.8707974437343706,0.0005557099194221093,1678.8154891512447,1813.3350000000003,2515.206,3245.7529999999997,0.4496087303261902,0.0,0.0,0.0,0.0122647199168609,0.0002032281205679,0.001943005181347,0.0005457412241173
node,1458,0.8710752986940817,0.00027785495971099916,1678.5271183413079,1813.3350000000003,2515.206,3245.7529999999997,0.1612379203893397,0.0,0.0,0.0,0.0241304741827203,0.0003353877269477,0.0012953367875647,0.0010757176259298
node,1459,0.8713531536537927,0.0,1678.3658804209185,1813.3350000000003,2515.206,3245.7529999999997,0.0,0.0,0.0,0.0,0.0055858993408947,0.0001121366465014,0.0025906735751294,0.0005177376518568
node,1460,0.8710752986940817,0.00027785495971099916,1678.5719923444979,1813.3350000000003,2515.206,3245.7529999999997,0.2061119235793285,0.0,0.0,0.0,0.0268744316443373,0.0006833246162948,0.0012953367875647,0.0011700461545005
node,1461,0.8710752986940817,0.00027785495971099916,1678.5271183413079,1813.3350000000003,2515.206,3245.7529999999997,0.1612379203893397,0.0,0.0,0.0,0.0241304741827203,0.0003353877269477,0.0012953367875647,0.0010757176259298
node,1462,0.8574604056682412,0.013892747985551512,1671.9379134802332,1799.199,2543.0460000000003,3252.23075,-6.427966940685337,-14.136000000000195,27.840000000000146,6.477750000000469,0.0254706277434446,0.0763122104043044,0.0006476683937823,0.0784517122895465
node,1463,0.8241178105029174,0.0472353431508753,1644.4415883344573,1760.588,2585.9265000000005,3515.656,-33.924292086461264,-52.7470000000003,70.72050000000036,269.90300000000025,0.0363624832901982,0.0669159567152204,0.0006476683937823,0.1119995590980384
node,1464,0.8707974437343706,0.0005557099194221093,1677.9808165283985,1813.3350000000003,2515.206,3245.7529999999997,-0.38506389252006556,0.0,0.0,0.0,0.0069491075302921,9.620718744481464e-05,0.0006476683937823,0.0005093089254569
node,1465,0.8707974437343706,0.0005557099194221093,1677.896847798341,1813.3350000000003,2513.5215000000017,3245.7529999999997,-0.4690326225775152,0.0,-1.6844999999984793,0.0,0.0031234187158262,9.920072036009736e-05,0.0,0.0004769975935732
node,1466,0.8713531536537927,0.0,1678.3658804209185,1813.3350000000003,2515.206,3245.7529999999997,0.0,0.0,0.0,0.0,0.0055858993408947,0.0001121366465014,0.0025906735751294,0.0005177376518568
node,1467,0.8713531536537927,0.0,1678.3658804209185,1813.3350000000003,2515.206,3245.7529999999997,0.0,0.0,0.0,0.0,0.0024624806250684,1.293592614122415e-05,0.0025906735751294,4.07400582837519e-05
node,1468,0.8710752986940817,0.00027785495971099916,1678.421823923445,1813.3350000000003,2515.206,3245.7529999999997,0.055943502526361044,0.0,0.0,0.0,0.0258303856090102,0.0058396674587948,0.0006476683937823,0.035648617408208
node,1469,0.8705195887746596,0.0008335648791331085,1677.738387168848,1813.3350000000003,2515.206,3245.7529999999997,-0.6274932520705079,0.0,0.0,0.0,0.0114578350545286,0.0027008627733524,0.0006476683937823,0.0095577035809968
node,1470,0.8710752986940817,0.00027785495971099916,1680.9387738437001,1818.8680000000002,2515.206,3245.7529999999997,2.57289342278159,5.532999999999902,0.0,0.0,0.0003757071377128,2.9832572074898607e-05,0.0006476683937823,0.0001706417010573
node,1471,0.8713531536537927,0.0,1678.3658804209185,1813.3350000000003,2515.206,3245.7529999999997,0.0,0.0,0.0,0.0,0.0,0.0,0.0,0.0
node,1472,0.8710752986940817,0.00027785495971099916,1680.1574248803827,1813.3350000000003,2515.206,3245.7529999999997,1.7915444594641485,0.0,0.0,0.0,0.0364475501344594,0.0015834643494314,0.0006476683937823,0.0054802587808455
node,1473,0.8713531536537927,0.0,1678.3658804209185,1813.3350000000003,2515.206,3245.7529999999997,0.0,0.0,0.0,0.0,0.0093020091748566,0.0002542398102199,0.0006476683937823,0.0005877426905402
node,1474,0.8707974437343706,0.0005557099194221093,1678.5677996171028,1813.3350000000003,2515.206,3245.7529999999997,0.20191919618423526,0.0,0.0,0.0,0.0,0.0,0.0012953367875647,0.0
node,1475,0.8713531536537927,0.0,1678.3658804209185,1813.3350000000003,2515.206,3245.7529999999997,0.0,0.0,0.0,0.0,0.0371295685633605,0.0030519312496652,0.0006476683937823,0.0070682059233729
node,1476,0.8710752986940817,0.00027785495971099916,1678.7444149920257,1813.3350000000003,2515.206,3245.7529999999997,0.3785345711071386,0.0,0.0,0.0,0.0056277119402851,0.0001245336862046,0.0006476683937823,0.0003569999937478
node,1477,0.8713531536537927,0.0,1679.410963647959,1813.3350000000003,2547.4035,3245.7529999999997,1.04508322704055,0.0,32.19749999999976,0.0,0.0133522908808687,0.0003971912472224,0.0006476683937823,0.0004821365353981
node,1478,0.8713531536537927,0.0,1678.3658804209185,1813.3350000000003,2515.206,3245.7529999999997,0.0,0.0,0.0,0.0,0.0041008531732779,0.0027541320391692,0.0,0.0126309785739173
node,1479,0.8713531536537927,0.0,1735.424573660714,1861.2009999999998,2890.768000000001,3700.8259999999996,57.0586932397955,47.86599999999953,375.5620000000008,455.07299999999987,0.0353928366368887,0.0043217829541253,0.0006476683937823,0.0117796841980184
node,1480,0.856348985829397,0.015004167824395731,1679.7584646333548,1813.3350000000003,2582.350000000001,3253.9581499999986,1.3925842124363044,0.0,67.14400000000069,8.205149999998866,0.0280785028702919,0.0133479091158006,0.0103626943005181,0.0800241316644738
node,1481,0.8713531536537927,0.0,1679.047953125,1813.3350000000003,2515.206,3245.7529999999997,0.68207270408152,0.0,0.0,0.0,0.0179703520200863,0.0080129891083103,0.0032383419689119,0.0045410593578967
node,1482,0.8707974437343706,0.0005557099194221093,1678.3192753669432,1813.3350000000003,2515.206,3245.7529999999997,-0.04660505397532688,0.0,0.0,0.0,0.0094319846099633,0.0020533604046879,0.0012953367875647,0.0059100235083108
node,1483,0.8710752986940817,0.00027785495971099916,1678.495385645933,1813.3350000000003,2515.206,3245.7529999999997,0.12950522501455453,0.0,0.0,0.0,0.0398274052031229,0.0015866049652669,0.0012953367875647,0.0042198085780469
node,1484,0.8713531536537927,0.0,1678.3658804209185,1813.3350000000003,2515.206,3245.7529999999997,0.0,0.0,0.0,0.0,0.0,0.0,0.0006476683937823,0.0
node,1485,0.8705195887746596,0.0008335648791331085,1678.6164650494734,1813.3350000000003,2515.206,3245.7529999999997,0.2505846285548614,0.0,0.0,0.0,0.0102140035632576,0.0051990318103254,0.0006476683937823,0.0314600047136776
node,1486,0.8710752986940817,0.00027785495971099916,1678.5466580542266,1813.3350000000003,2515.206,3245.7529999999997,0.18077763330802554,0.0,0.0,0.0,0.0008758250738721,0.0006726433520104,0.0006476683937823,0.0024042317942537
node,1487,0.8707974437343706,0.0005557099194221093,1678.8154891512447,1813.3350000000003,2515.206,3245.7529999999997,0.4496087303261902,0.0,0.0,0.0,0.0122647199168609,0.0002032281205679,0.001943005181347,0.0005457412241173
node,1488,0.8713531536537927,0.0,1678.3658804209185,1813.3350000000003,2515.206,3245.7529999999997,0.0,0.0,0.0,0.0,0.0029715132361258,0.0027543187681332,0.0038860103626943,0.0091525149601042
node,1489,0.8713531536537927,0.0,1678.3658804209185,1813.3350000000003,2515.206,3245.7529999999997,0.0,0.0,0.0,0.0,0.0,0.0,0.0,0.0
node,1490,0.8707974437343706,0.0005557099194221093,1678.7595516911297,1813.3350000000003,2515.206,3245.7529999999997,0.39367127021114356,0.0,0.0,0.0,0.0027124168007816,5.603847349675855e-06,0.0006476683937823,1.3210396338536128e-05
node,1491,0.8696860238955265,0.001667129758266217,1679.1442511182108,1813.3350000000003,2515.7479999999996,3245.7529999999997,0.7783706972923028,0.0,0.5419999999994616,0.0,0.0285507630692852,0.0008601297285396,0.0012953367875647,0.0052332662914988
node,1492,0.8713531536537927,0.0,1678.373247767857,1813.3350000000003,2515.206,3245.7529999999997,0.00736734693850849,0.0,0.0,0.0,0.0059047037237288,2.3657637811110974e-05,0.0006476683937823,8.562737991385728e-05
node,1493,0.8696860238955265,0.001667129758266217,1677.6249332268371,1813.3350000000003,2515.206,3245.7529999999997,-0.7409471940814001,0.0,0.0,0.0,0.0108224328869926,3.7220837183069816e-05,0.0032383419689119,0.0001737019348564
node,1494,0.8710752986940817,0.00027785495971099916,1678.2301055821372,1813.3350000000003,2515.206,3245.7529999999997,-0.13577483878134444,0.0,0.0,0.0,0.0051750452870165,0.0019247883611827,0.0025906735751294,0.0142948918008285
node,1495,0.8713531536537927,0.0,1678.4286683673467,1813.3350000000003,2515.206,3245.7529999999997,0.06278794642821595,0.0,0.0,0.0,0.0060249111300894,0.0001048514799907,0.0006476683937823,0.0003740735216603
node,1496,0.8710752986940817,0.00027785495971099916,1678.527974800638,1813.3350000000003,2515.206,3245.7529999999997,0.16209437971951957,0.0,0.0,0.0,0.0217039322704365,0.0017543684772455,0.0006476683937823,0.0043328339001268
node,1497,0.8710752986940817,0.00027785495971099916,1678.320464752791,1813.3350000000003,2515.206,3245.7529999999997,-0.045415668127589015,0.0,0.0,0.0,0.0038264367851345,4.403278812278904e-05,0.0006476683937823,0.0001446423524722
node,1498,0.8710752986940817,0.00027785495971099916,1682.8799435406697,1819.571,2515.206,3245.7529999999997,4.514063119751199,6.235999999999649,0.0,0.0,0.0464258795573709,0.0059849698887886,0.0006476683937823,0.0093566344290917
node,1499,0.8707974437343706,0.0005557099194221093,1684.3927185705168,1813.3350000000003,2585.4180000000006,3245.7529999999997,6.026838149598234,0.0,70.21200000000044,0.0,0.0559831105097767,0.0097963622423165,0.0006476683937823,0.0150169149683519
node,1500,0.8707974437343706,0.0005557099194221093,1680.1109802169751,1813.3350000000003,2515.206,3245.7529999999997,1.7450997960565928,0.0,0.0,0.0,0.057258131291557,0.0031073646739668,0.0006476683937823,0.0118675567950324
node,1501,0.8624617949430398,0.008891358710752972,1695.7621923324741,1821.6765000000003,2528.6551000000004,3245.7529999999997,17.396311911555586,8.341499999999996,13.449100000000271,0.0,0.0048792799728044,0.0030700844409305,0.0006476683937823,0.0150285997056008
node,1502,0.8705195887746596,0.0008335648791331085,1677.533527928503,1813.3350000000003,2514.083000000001,3245.7529999999997,-0.8323524924155663,0.0,-1.1229999999991378,0.0,0.0205400680356894,0.0024013990294755,0.0012953367875647,0.0088614539246713
node,1503,0.8713531536537927,0.0,1678.3658804209185,1813.3350000000003,2515.206,3245.7529999999997,0.0,0.0,0.0,0.0,0.0006665505493537,0.0003725147692606,0.0,0.0020530327108954
node,1504,0.8241178105029174,0.0472353431508753,1644.5189935940662,1760.588,2585.9265000000005,3515.656,-33.84688682685237,-52.7470000000003,70.72050000000036,269.90300000000025,0.0426492254080859,0.0687921339691136,0.001943005181347,0.1140357351341829
node,1505,0.8710752986940817,0.00027785495971099916,1678.61856523126,1813.3350000000003,2515.206,3245.7529999999997,0.2526848103414068,0.0,0.0,0.0,0.0345883384176387,0.0195150843661783,0.0006476683937823,0.0890535231954917
node,1506,0.8713531536537927,0.0,1678.3658804209185,1813.3350000000003,2515.206,3245.7529999999997,0.0,0.0,0.0,0.0,5.424509291896756e-05,1.3701112390356634e-05,0.0,0.0001670795264908
node,1507,0.8696860238955265,0.001667129758266217,1677.349214057508,1813.3350000000003,2515.7479999999996,3245.7529999999997,-1.0166663634104225,0.0,0.5419999999994616,0.0,0.010079166470857,0.0025606760696488,0.0025906735751294,0.0112081917907861
node,1508,0.8696860238955265,0.001667129758266217,1684.6313172523962,1818.038,2515.7479999999996,3245.7529999999997,6.2654368314777,4.702999999999747,0.5419999999994616,0.0,0.0413718285145057,0.0032429305538496,0.001943005181347,0.0062066884550881
node,1509,0.8702417338149486,0.0011114198388441077,1680.1930379948917,1813.3350000000003,2515.206,3245.7529999999997,1.8271575739731816,0.0,0.0,0.0,0.0077210303655782,0.0051686048497031,0.001943005181347,0.0222543409483379
node,1510,0.8710752986940817,0.00027785495971099916,1684.5637416267944,1843.156,2515.206,3245.7529999999997,6.1978612058758245,29.820999999999685,0.0,0.0,0.0082352551568199,0.0005578422051285,0.0012953367875647,0.0011244595180069
node,1511,0.8713531536537927,0.0,1678.3658804209185,1813.3350000000003,2515.206,3245.7529999999997,0.0,0.0,0.0,0.0,3.369620675175942e-05,1.917199639994381e-05,0.0,0.0001037871992778
node,1512,0.8707974437343706,0.0005557099194221093,1678.913226228462,1813.3350000000003,2515.206,3245.7529999999997,0.5473458075434792,0.0,0.0,0.0,0.0274966357500278,0.0138191314244537,0.0012953367875647,0.0654467392160957
node,1513,0.8713531536537927,0.0,1678.8081310586733,1813.3350000000003,2515.206,3245.7529999999997,0.4422506377547961,0.0,0.0,0.0,0.0032562364950394,0.0007394311670857,0.0006476683937823,0.0055418946330848
node,1514,0.8710752986940817,0.00027785495971099916,1678.6403043062203,1813.3350000000003,2515.206,3245.7529999999997,0.27442388530175776,0.0,0.0,0.0,0.01891734954188,0.0018897541443095,0.001943005181347,0.0047046406285917
node,1515,0.8682967490969714,0.003056404556821324,1679.5547872,1813.3350000000003,2518.4579999999996,3245.7529999999997,1.1889067790814352,0.0,3.251999999999498,0.0,0.0239958744511933,0.0075804473496564,0.0012953367875647,0.023832788287255
node,1516,0.8713531536537927,0.0,1679.986333227041,1813.3350000000003,2515.206,3245.7529999999997,1.6204528061225574,0.0,0.0,0.0,0.0238913526853192,0.0007109830930387,0.001943005181347,0.0022935348688087
node,1517,0.8710752986940817,0.00027785495971099916,1678.274806379585,1813.3350000000003,2515.206,3245.7529999999997,-0.09107404133351338,0.0,0.0,0.0,0.0175853619387419,0.0016037202703063,0.0006476683937823,0.0049294047252879
node,1518,0.8713531536537927,0.0,1678.3658804209185,1813.3350000000003,2515.206,3245.7529999999997,0.0,0.0,0.0,0.0,0.0642690069451867,0.0129527101031716,0.0012953367875647,0.0326308310168909
node,1519,0.8710752986940817,0.00027785495971099916,1678.9118555023922,1813.3350000000003,2515.206,3245.7529999999997,0.5459750814736708,0.0,0.0,0.0,0.0240371316408636,0.0028127997465884,0.001943005181347,0.0056278540906805
node,1520,0.8705195887746596,0.0008335648791331085,1742.9107414618577,1875.4920000000004,2890.768000000001,3707.3785999999836,64.54486104093917,62.15700000000015,375.5620000000008,461.62559999998393,0.0403220180908188,0.0071285161223476,0.0032383419689119,0.0289294306811398
node,1521,0.8713531536537927,0.0,1678.3658804209185,1813.3350000000003,2515.206,3245.7529999999997,0.0,0.0,0.0,0.0,0.0133292665212024,0.003501872557595,0.0006476683937823,0.0249812315252183
node,1522,0.8705195887746596,0.0008335648791331085,1681.5011851260772,1813.3350000000003,2515.206,3245.7529999999997,3.13530470515866,0.0,0.0,0.0,0.0429769434414523,0.0072008655351914,0.001943005181347,0.0265944824622328
node,1523,0.8696860238955265,0.001667129758266217,1717.0019865814697,1927.033,2562.4988,3261.098349999997,38.63610616055121,113.69799999999964,47.292799999999716,15.345349999997325,0.0384292405426529,0.0014675512447878,0.0032383419689119,0.003382770646117
node,1524,0.8713531536537927,0.0,1678.3658804209185,1813.3350000000003,2515.206,3245.7529999999997,0.0,0.0,0.0,0.0,0.0030071764546543,0.0022745865720042,0.0012953367875647,0.0086568056174328
node,1525,0.8707974437343706,0.0005557099194221093,1678.4988059987238,1813.3350000000003,2528.6551000000004,3245.7529999999997,0.13292557780528114,0.0,13.449100000000271,0.0,0.016316710908616,0.001677888821744,0.0006476683937823,0.0051568414532269
node,1526,0.8707974437343706,0.0005557099194221093,1678.679177728143,1813.3350000000003,2515.206,3245.7529999999997,0.3132973072245022,0.0,0.0,0.0,0.0921825071997746,0.0154975484590903,0.0038860103626943,0.0482917825523047
node,1527,0.8713531536537927,0.0,1682.6040934311225,1813.3350000000003,2535.9935,3245.7529999999997,4.2382130102039355,0.0,20.78749999999991,0.0,0.0363655131129103,0.0058388660211582,0.0058290155440414,0.0143059161551728
node,1528,0.8655181994998611,0.0058349541539316485,1676.1086497592296,1813.3350000000003,2525.0431999999996,3245.7529999999997,-2.2572306616889364,0.0,9.837199999999484,0.0,0.0170058611169211,0.0070482769817805,0.0012953367875647,0.049800438922339
node,1529,0.8707974437343706,0.0005557099194221093,1678.3832016592214,1813.3350000000003,2515.206,3245.7529999999997,0.017321238302884012,0.0,0.0,0.0,0.0158717068999002,0.0004733548375342,0.0045336787564766,0.0011595690784038
node,1530,0.8713531536537927,0.0,1678.4330111607144,1813.3350000000003,2515.206,3245.7529999999997,0.06713073979585715,0.0,0.0,0.0,0.0147200042482489,0.0009914286576195,0.0006476683937823,0.0012863042794131
node,1531,0.8713531536537927,0.0,1678.3658804209185,1813.3350000000003,2515.206,3245.7529999999997,0.0,0.0,0.0,0.0,0.0067810872475022,0.0043154936031822,0.0025906735751294,0.0149605770701229
node,1532,0.8713531536537927,0.0,1696.857950255102,1813.3350000000003,2591.142,3245.7529999999997,18.49206983418344,0.0,75.9359999999997,0.0,0.0234062435499456,0.030130157577388,0.0025906735751294,0.0382225542047449
node,1533,0.8713531536537927,0.0,1678.3658804209185,1813.3350000000003,2515.206,3245.7529999999997,0.0,0.0,0.0,0.0,0.0055814089812205,9.0877977935522e-05,0.0006476683937823,0.0001233968525884
node,1534,0.8710752986940817,0.00027785495971099916,1678.3519961722486,1813.3350000000003,2515.206,3245.7529999999997,-0.013884248669910448,0.0,0.0,0.0,0.0013009308546336,1.6729831494384446e-05,0.0006476683937823,2.661377014224008e-05
node,1535,0.8707974437343706,0.0005557099194221093,1678.7360922144226,1813.3350000000003,2515.206,3245.7529999999997,0.37021179350404054,0.0,0.0,0.0,0.0037180229004271,4.028402831529748e-05,0.001943005181347,4.594492878215831e-05
node,1536,0.8710752986940817,0.00027785495971099916,1678.514346092504,1813.3350000000003,2515.206,3245.7529999999997,0.14846567158542712,0.0,0.0,0.0,0.001126171134968,0.0006559271857326,0.0,0.0034687034320165
node,1537,0.8713531536537927,0.0,1678.3658804209185,1813.3350000000003,2515.206,3245.7529999999997,0.0,0.0,0.0,0.0,0.0001934817220607,0.0001477744472826,0.0,0.0005959402549983
node,1538,0.8713531536537927,0.0,1908.3929422831632,2088.894,3212.937999999999,3340.2627500000003,230.02706186224464,275.5589999999995,697.7319999999991,94.50975000000062,0.0048146406001429,0.0026756206568921,0.0025906735751294,0.0148295049083427
node,1539,0.8677410391775493,0.003612114476243433,1678.6116721101505,1818.287,2519.542000000001,3245.7529999999997,0.24579168923196448,4.951999999999771,4.336000000000695,0.0,0.0,0.0,0.001943005181347,0.0
node,1540,0.8713531536537927,0.0,1678.5138427933675,1813.3350000000003,2515.206,3245.7529999999997,0.14796237244900112,0.0,0.0,0.0,0.0240788801933983,0.0025770705484188,0.0025906735751294,0.0096823012626736
node,1541,0.8713531536537927,0.0,1678.3658804209185,1813.3350000000003,2515.206,3245.7529999999997,0.0,0.0,0.0,0.0,0.0243969574640011,0.0052370880994686,0.0012953367875647,0.0243631839637923
node,1542,0.8707974437343706,0.0005557099194221093,1679.053984365029,1813.3350000000003,2515.206,3245.7529999999997,0.6881039441104804,0.0,0.0,0.0,0.0,0.0,0.0006476683937823,0.0
node,1543,0.8710752986940817,0.00027785495971099916,1688.2883802232855,1818.8680000000002,2553.797000000001,3305.1370000000006,9.922499802366929,5.532999999999902,38.591000000000804,59.384000000000924,0.0079222537964412,0.0002582646945581,0.0006476683937823,0.0005348247504268
node,1544,0.8710752986940817,0.00027785495971099916,1678.64233907496,1813.3350000000003,2515.206,3245.7529999999997,0.2764586540415621,0.0,0.0,0.0,0.0222414294627739,0.0002484966537309,0.0006476683937823,0.0003199705786939
node,1545,0.8710752986940817,0.00027785495971099916,1678.5377467304625,1813.3350000000003,2515.206,3245.7529999999997,0.17186630954392967,0.0,0.0,0.0,0.0554150389054823,0.0154071533072887,0.0032383419689119,0.0388407907509122
node,1546,0.8710752986940817,0.00027785495971099916,1678.5799030303028,1813.3350000000003,2515.206,3245.7529999999997,0.21402260938430118,0.0,0.0,0.0,0.0,0.0,0.0006476683937823,0.0
node,1547,0.8663517643789942,0.00500138927479854,1677.5867129570236,1818.8680000000002,2522.834600000001,3245.7529999999997,-0.7791674638949644,5.532999999999902,7.628600000000915,0.0,0.0048124225635824,0.0015755073157631,0.0,0.0148226731659983
node,1548,0.8596832453459294,0.011669908307863297,1676.141725274725,1802.5730000000003,2538.814500000004,3248.7759499999993,-2.224155146193425,-10.761999999999944,23.608500000003914,3.0229499999995824,0.0126706319552691,0.0044222137870162,0.0032383419689119,0.0390266303089973
node,1549,0.8710752986940817,0.00027785495971099916,1678.0972169059012,1813.3350000000003,2515.206,3245.7529999999997,-0.26866351501735153,0.0,0.0,0.0,0.0102010261839471,8.198358041584355e-06,0.0006476683937823,2.069758576843051e-05
node,1550,0.8713531536537927,0.0,1678.3658804209185,1813.3350000000003,2515.206,3245.7529999999997,0.0,0.0,0.0,0.0,0.0081137520231243,0.0006051544302262,0.0006476683937823,0.0007083283168411
node,1551,0.8702417338149486,0.0011114198388441077,1678.8780118135378,1813.3350000000003,2515.206,3245.7529999999997,0.512131392619267,0.0,0.0,0.0,0.0718943003311682,0.0046891043735094,0.0038860103626943,0.0105899326162775
node,1552,0.8699638788552375,0.0013892747985552178,1676.9173781539444,1813.3350000000003,2503.847,3245.7529999999997,-1.4485022669741738,0.0,-11.358999999999924,0.0,0.0027427878509819,0.0026831327324589,0.0,0.0084480212079529
node,1553,0.8705195887746596,0.0008335648791331085,1680.302377274178,1813.3350000000003,2515.206,3245.7529999999997,1.9364968532595412,0.0,0.0,0.0,0.058418851079116,0.0075553308456798,0.001943005181347,0.0182267424031196
node,1554,0.8663517643789942,0.00500138927479854,1677.5867129570236,1818.8680000000002,2522.834600000001,3245.7529999999997,-0.7791674638949644,5.532999999999902,7.628600000000915,0.0,0.0018204890547847,0.0007700934463622,0.0,0.0056072620192487
node,1555,0.8713531536537927,0.0,1678.3658804209185,1813.3350000000003,2515.206,3245.7529999999997,0.0,0.0,0.0,0.0,0.0462755265116197,0.0099340399064695,0.001943005181347,0.0145207096543873
node,1556,0.8710752986940817,0.00027785495971099916,1678.562546411483,1813.3350000000003,2515.206,3245.7529999999997,0.1966659905644974,0.0,0.0,0.0,0.0054723124926155,0.0005115807872241,0.0006476683937823,0.0021879331277107
node,1557,0.8705195887746596,0.0008335648791331085,1677.3995126077243,1813.3350000000003,2508.442200000001,3245.7529999999997,-0.9663678131942106,0.0,-6.763799999999264,0.0,0.000244078925566,0.0002147212608861,0.0006476683937823,0.0007517839700426
node,1558,0.8713531536537927,0.0,1678.3658804209185,1813.3350000000003,2515.206,3245.7529999999997,0.0,0.0,0.0,0.0,0.0002759026342529,0.0001827482484886,0.0006476683937823,0.0008498037151014
node,1559,0.8713531536537927,0.0,1678.3658804209185,1813.3350000000003,2515.206,3245.7529999999997,0.0,0.0,0.0,0.0,0.0,0.0,0.0006476683937823,0.0
node,1560,0.8710752986940817,0.00027785495971099916,1678.4246634768738,1813.3350000000003,2515.206,3245.7529999999997,0.0587830559552458,0.0,0.0,0.0,0.0054284325326194,0.0001859229255395,0.0012953367875647,0.0005219762894628
node,1561,0.8705195887746596,0.0008335648791331085,1677.3483957867859,1813.3350000000003,2508.442200000001,3245.7529999999997,-1.017484634132643,0.0,-6.763799999999264,0.0,0.0085157733015075,0.0021270834947691,0.0012953367875647,0.0144323546588691
node,1562,0.8713531536537927,0.0,1679.1326492346939,1813.3350000000003,2517.916,3245.7529999999997,0.766768813775343,0.0,2.7100000000000364,0.0,0.0263539316138143,0.000706760520003,0.0006476683937823,0.0013457147482609
node,1563,0.8713531536537927,0.0,1678.3658804209185,1813.3350000000003,2515.206,3245.7529999999997,0.0,0.0,0.0,0.0,0.0024069774064877,0.0003181440660541,0.0006476683937823,0.0007369511263809
node,1564,0.8713531536537927,0.0,1678.529518494898,1813.3350000000003,2515.206,3245.7529999999997,0.16363807397942765,0.0,0.0,0.0,0.0007079518291596,6.399437637834303e-06,0.0006476683937823,8.144071913381818e-06
node,1565,0.8713531536537927,0.0,1678.3658804209185,1813.3350000000003,2515.206,3245.7529999999997,0.0,0.0,0.0,0.0,0.019990988667422,0.0011522295822321,0.0012953367875647,0.0030974945640732
node,1566,0.8713531536537927,0.0,1697.052833864796,1817.0639999999999,2515.206,3245.7529999999997,18.686953443877428,3.728999999999587,0.0,0.0,0.0270235157113705,0.0002813835869879,0.0006476683937823,0.0006932842724504
node,1567,0.8713531536537927,0.0,1678.3658804209185,1813.3350000000003,2515.206,3245.7529999999997,0.0,0.0,0.0,0.0,0.0214554717093055,0.000389865560208,0.0006476683937823,0.0007057719256996
node,1568,0.8710752986940817,0.00027785495971099916,1678.557893141946,1813.3350000000003,2515.206,3245.7529999999997,0.19201272102736766,0.0,0.0,0.0,0.0220293044268916,0.0027996263312418,0.001943005181347,0.0099576382667052
node,1569,0.8705195887746596,0.0008335648791331085,1679.5351599106286,1813.3350000000003,2515.206,3245.7529999999997,1.1692794897101066,0.0,0.0,0.0,0.0015444109554518,0.0011103986888523,0.001943005181347,0.0047569178566914
node,1570,0.8707974437343706,0.0005557099194221093,1679.1338190810468,1813.3350000000003,2515.206,3245.7529999999997,0.7679386601282658,0.0,0.0,0.0,0.0015444109554518,0.0011103986888523,0.0012953367875647,0.0047569178566914
node,1571,0.8705195887746596,0.0008335648791331085,1679.1371465049472,1813.3350000000003,2515.206,3245.7529999999997,0.7712660840286389,0.0,0.0,0.0,0.0002676538537212,0.0001819527933476,0.0006476683937823,0.0008243967654362
node,1572,0.8713531536537927,0.0,1678.3658804209185,1813.3350000000003,2515.206,3245.7529999999997,0.0,0.0,0.0,0.0,0.0265424729244726,0.0033732555047822,0.0012953367875647,0.0113417474240925
node,1573,0.8699638788552375,0.0013892747985552178,1683.1935020760143,1813.3350000000003,2515.206,3245.7529999999997,4.827621655095754,0.0,0.0,0.0,0.0279873572650112,0.0033152693674295,0.0025906735751294,0.0104815574113078
node,1574,0.8705195887746596,0.0008335648791331085,1681.6524851579957,1813.3350000000003,2585.4180000000006,3245.7529999999997,3.286604737077141,0.0,70.21200000000044,0.0,0.0093444119928966,0.0030442033212987,0.0006476683937823,0.0178423501617404
node,1575,0.8710752986940817,0.00027785495971099916,1678.451349920255,1813.3350000000003,2515.206,3245.7529999999997,0.08546949933656833,0.0,0.0,0.0,0.0269273429061131,0.0015551143599194,0.0006476683937823,0.0026011616359293
node,1576,0.8710752986940817,0.00027785495971099916,1678.2334988835723,1813.3350000000003,2515.206,3245.7529999999997,-0.13238153734619118,0.0,0.0,0.0,0.0423410463453685,0.0024717066101735,0.0012953367875647,0.0084756450238593
node,1577,0.8713531536537927,0.0,1690.3239834183673,1820.1574999999998,2608.2690000000002,3245.7529999999997,11.958102997448805,6.822499999999536,93.0630000000001,0.0,0.0406841886646418,0.0042913565931075,0.0012953367875647,0.0068470120511033
node,1578,0.8713531536537927,0.0,1678.3658804209185,1813.3350000000003,2515.206,3245.7529999999997,0.0,0.0,0.0,0.0,0.0008869515227305,0.0005113462050828,0.0,0.0027318865627072
node,1579,0.8616282300639067,0.00972492358988608,1681.7846775233795,1823.145,2528.941,3245.7529999999997,3.418797102460985,9.809999999999718,13.734999999999673,0.0,0.0115886875700375,0.0056007618425595,0.0129533678756476,0.0308412077560348
node,1580,0.8688524590163934,0.0025006946373993255,1678.7443610489288,1813.3350000000003,2517.3740000000003,3245.7529999999997,0.3784806280102657,0.0,2.16800000000012,0.0,0.0054458194547451,0.00440612345817,0.0045336787564766,0.0167735897735948
node,1581,0.8713531536537927,0.0,1678.8631938775509,1813.3350000000003,2515.206,3245.7529999999997,0.49731345663235516,0.0,0.0,0.0,0.005743634018399,0.0001358177390917,0.0006476683937823,0.0002293569141609
node,1582,0.8710752986940817,0.00027785495971099916,1678.381175119617,1813.3350000000003,2515.206,3245.7529999999997,0.015294698698426146,0.0,0.0,0.0,0.0073931094925402,0.0002315210426127,0.0032383419689119,0.0009014215780947
node,1583,0.8713531536537927,0.0,1678.3658804209185,1813.3350000000003,2515.206,3245.7529999999997,0.0,0.0,0.0,0.0,0.0019432411498345,4.78382331391478e-06,0.0012953367875647,2.418576322580432e-05
node,1584,0.8705195887746596,0.0008335648791331085,1677.1723112033194,1813.3350000000003,2508.442200000001,3245.7529999999997,-1.1935692175991335,0.0,-6.763799999999264,0.0,0.0024078978272094,0.0011418892078188,0.0,0.0074165312871597
node,1585,0.8713531536537927,0.0,1678.3658804209185,1813.3350000000003,2515.206,3245.7529999999997,0.0,0.0,0.0,0.0,0.0003888711442402,9.66663100105937e-05,0.0,0.0011977563895531
node,1586,0.8707974437343706,0.0005557099194221093,1680.784376196554,1813.3350000000003,2586.4350000000004,3245.7529999999997,2.4184957756353924,0.0,71.22900000000027,0.0,0.0112354695089041,0.0011463180488869,0.0012953367875647,0.0020540626800625
node,1587,0.8707974437343706,0.0005557099194221093,1684.5747894065094,1815.8110000000001,2585.4180000000006,3245.7529999999997,6.208908985590824,2.4759999999998854,70.21200000000044,0.0,0.0836416772824222,0.0114850540689262,0.0006476683937823,0.0223887730516251
node,1588,0.8702417338149486,0.0011114198388441077,1683.1857024265648,1813.3350000000003,2582.350000000001,3245.7529999999997,4.8198220056463015,0.0,67.14400000000069,0.0,0.0869574427020526,0.0182657725351984,0.0006476683937823,0.0427393606179643
node,1589,0.8713531536537927,0.0,1678.6249390943879,1813.3350000000003,2515.206,3245.7529999999997,0.2590586734693261,0.0,0.0,0.0,0.0,0.0,0.0006476683937823,0.0
node,1590,0.8710752986940817,0.00027785495971099916,1678.3133157894733,1813.3350000000003,2515.206,3245.7529999999997,-0.0525646314451933,0.0,0.0,0.0,0.0024069774064877,0.0003446961520693,0.001943005181347,0.0008279666790088
node,1591,0.8710752986940817,0.00027785495971099916,1678.463540031898,1813.3350000000003,2515.206,3245.7529999999997,0.09765961097946274,0.0,0.0,0.0,0.0007079518291596,6.399437637834303e-06,0.0012953367875647,8.144071913381818e-06
node,1592,0.8707974437343706,0.0005557099194221093,1677.9997061263562,1813.3350000000003,2515.206,3245.7529999999997,-0.36617429456237005,0.0,0.0,0.0,0.0058156965108645,0.0031217192905205,0.0006476683937823,0.0175500420600468
node,1593,0.8702417338149486,0.0011114198388441077,1677.6484620051085,1813.3350000000003,2515.206,3245.7529999999997,-0.7174184158100161,0.0,0.0,0.0,0.0031294932836515,0.0016770305607694,0.0012953367875647,0.0092763063337334
node,1594,0.8707974437343706,0.0005557099194221093,1678.2660232929165,1813.3350000000003,2515.206,3245.7529999999997,-0.09985712800198598,0.0,0.0,0.0,2.5387057819783408e-05,8.224111082441149e-06,0.0012953367875647,7.819430977577216e-05
node,1595,0.8696860238955265,0.001667129758266217,1676.4707255591056,1813.3350000000003,2503.847,3245.7529999999997,-1.8951548618128982,0.0,-11.358999999999924,0.0,0.0094573798113955,0.0020227577341684,0.0025906735751294,0.0107721214393356
node,1596,0.8710752986940817,0.00027785495971099916,1706.739333971292,1834.8419999999996,2688.5546,3320.7937999999895,28.37345355037337,21.50699999999938,173.3485999999998,75.04079999998976,0.0163971830700009,0.0008370040202198,0.001943005181347,0.0015867625019235
node,1597,0.8710752986940817,0.00027785495971099916,1679.759903987241,1813.3350000000003,2515.206,3245.7529999999997,1.394023566322403,0.0,0.0,0.0,0.0239895336995827,0.0008914197693439,0.0012953367875647,0.0040484144939519
node,1598,0.8699638788552375,0.0013892747985552178,1677.6593736825296,1813.3350000000003,2515.206,3245.7529999999997,-0.7065067383889527,0.0,0.0,0.0,0.0108455091929312,4.679384312375045e-05,0.0032383419689119,0.000244778931169
node,1599,0.8710752986940817,0.00027785495971099916,1678.4226143540668,1813.3350000000003,2515.206,3245.7529999999997,0.0567339331482799,0.0,0.0,0.0,0.0419444240943922,0.015090642446248,0.0038860103626943,0.0115219736005123
node,1600,0.8710752986940817,0.00027785495971099916,1678.6564,1813.3350000000003,2515.206,3245.7529999999997,0.2905195790815469,0.0,0.0,0.0,0.0033418620856056,9.751077801614918e-06,0.001943005181347,8.136172760491246e-06
node,1601,0.8710752986940817,0.00027785495971099916,1678.6564,1813.3350000000003,2515.206,3245.7529999999997,0.2905195790815469,0.0,0.0,0.0,0.0033418620856056,9.751077801614918e-06,0.001943005181347,8.136172760491246e-06
node,1602,0.8713531536537927,0.0,1683.094328125,1813.3350000000003,2564.3940000000002,3245.7529999999997,4.728447704081418,0.0,49.1880000000001,0.0,0.0142344578156304,0.0013233568281661,0.0006476683937823,0.0015788301068121
node,1603,0.8710752986940817,0.00027785495971099916,1678.482816586922,1813.3350000000003,2515.206,3245.7529999999997,0.11693616600337009,0.0,0.0,0.0,0.0313046402094352,0.0019121397052724,0.0006476683937823,0.0019932200955859
node,1604,0.8710752986940817,0.00027785495971099916,1678.2812207336524,1813.3350000000003,2515.206,3245.7529999999997,-0.08465968726613937,0.0,0.0,0.0,0.0375658841845851,0.0027368211481017,0.0006476683937823,0.0059841752723943
node,1605,0.8713531536537927,0.0,1678.3658804209185,1813.3350000000003,2515.206,3245.7529999999997,0.0,0.0,0.0,0.0,0.0068842220882392,0.0004370457315562,0.0006476683937823,0.0004569012638682
node,1606,0.8713531536537927,0.0,1678.3658804209185,1813.3350000000003,2515.206,3245.7529999999997,0.0,0.0,0.0,0.0,0.0253269172958549,0.0013567305297164,0.0006476683937823,0.0023023394161029
node,1607,0.8707974437343706,0.0005557099194221093,1678.2425319081049,1813.3350000000003,2515.206,3245.7529999999997,-0.12334851281366355,0.0,0.0,0.0,0.0033332358995028,0.0006394325966634,0.001943005181347,0.0027221297983172
node,1608,0.8652403445401501,0.006112809113642648,1676.1242029543996,1813.3350000000003,2515.206,3399.705099999984,-2.2416774665189223,0.0,0.0,153.9520999999845,0.0113275626003725,0.0042200584824873,0.0,0.0348898618054266
node,1609,0.8713531536537927,0.0,1678.3658804209185,1813.3350000000003,2515.206,3245.7529999999997,0.0,0.0,0.0,0.0,0.0151375534744538,0.0006307875394014,0.0006476683937823,0.001114539539329
node,1610,0.8710752986940817,0.00027785495971099916,1678.6066277511961,1813.3350000000003,2515.206,3245.7529999999997,0.24074733027759976,0.0,0.0,0.0,0.0037005123186871,0.1176785824986204,0.0006476683937823,0.0064271262025237
node,1611,0.8713531536537927,0.0,1678.3658804209185,1813.3350000000003,2515.206,3245.7529999999997,0.0,0.0,0.0,0.0,0.0025375559231471,0.0694923600424362,0.0006476683937823,0.0062662983439308
node,1612,0.8710752986940817,0.00027785495971099916,1678.4877384370016,1813.3350000000003,2515.206,3245.7529999999997,0.12185801608302427,0.0,0.0,0.0,0.0002544402278246,0.0001256337008833,0.0006476683937823,0.0007836976673385
node,1613,0.8713531536537927,0.0,1678.4018478954083,1813.3350000000003,2515.206,3245.7529999999997,0.035967474489780216,0.0,0.0,0.0,0.0976265539368509,0.0088261795257084,0.0006476683937823,0.0089442448768213
node,1614,0.8710752986940817,0.00027785495971099916,1678.535738755981,1813.3350000000003,2515.206,3245.7529999999997,0.16985833506237213,0.0,0.0,0.0,0.0365196366538293,0.001026326489514,0.0006476683937823,0.0005194819047628
node,1615,0.8713531536537927,0.0,1678.3658804209185,1813.3350000000003,2515.206,3245.7529999999997,0.0,0.0,0.0,0.0,0.0003396208243181,2.1686828646866707e-06,0.0006476683937823,4.992082291600733e-06
node,1616,0.8691303139761045,0.0022228396776882153,1679.4981598465472,1813.3350000000003,2516.832000000001,3245.7529999999997,1.132279425628667,0.0,1.6260000000006585,0.0,0.0390309963865577,0.0008650920245206,0.001943005181347,0.0052411823955726
node,1617,0.8713531536537927,0.0,1678.3658804209185,1813.3350000000003,2515.206,3245.7529999999997,0.0,0.0,0.0,0.0,0.0352088548415548,0.0057654292045939,0.0032383419689119,0.0087627633287518
node,1618,0.8713531536537927,0.0,1678.8213670280613,1813.3350000000003,2515.206,3245.7529999999997,0.4554866071428023,0.0,0.0,0.0,0.0240651602895613,0.0051880437148509,0.0006476683937823,0.0050772782136234
node,1619,0.8713531536537927,0.0,1678.3658804209185,1813.3350000000003,2515.206,3245.7529999999997,0.0,0.0,0.0,0.0,0.0265424729244726,0.0033732555047822,0.0012953367875647,0.0113417474240925
node,1620,0.8707974437343706,0.0005557099194221093,1736.7678423739628,1867.0640000000003,2890.768000000001,3705.1943999999958,58.40196195304429,53.72900000000004,375.5620000000008,459.44139999999607,0.0465824694483949,0.0046936259031961,0.0006476683937823,0.0127163255398936
node,1621,0.8707974437343706,0.0005557099194221093,1683.876308232291,1819.2195000000002,2560.170800000003,3245.7529999999997,5.510427811372438,5.884499999999889,44.964800000002924,0.0,0.014979451688702,0.0014366644264512,0.0006476683937823,0.0029103175019901
node,1622,0.8713531536537927,0.0,1684.7164215561227,1819.571,2562.8660000000004,3245.7529999999997,6.350541135204139,6.235999999999649,47.66000000000031,0.0,0.014979451688702,0.0014366644264512,0.0006476683937823,0.0029103175019901
node,1623,0.8705195887746596,0.0008335648791331085,1677.768705713374,1813.3350000000003,2508.442200000001,3259.2687999999957,-0.5971747075445819,0.0,-6.763799999999264,13.515799999996034,0.0071278889673633,0.000142222297221,0.0032383419689119,0.000270108353701
node,1624,0.8710752986940817,0.00027785495971099916,1678.3711467304624,1813.3350000000003,2515.206,3245.7529999999997,0.005266309543912939,0.0,0.0,0.0,0.0013009308546336,1.6729831494384446e-05,0.0012953367875647,2.661377014224008e-05
node,1625,0.8713531536537927,0.0,1678.3658804209185,1813.3350000000003,2515.206,3245.7529999999997,0.0,0.0,0.0,0.0,8.90802691963154e-05,7.779501988819085e-05,0.0,0.0002743748493384
node,1626,0.8713531536537927,0.0,1678.3658804209185,1813.3350000000003,2515.206,3245.7529999999997,0.0,0.0,0.0,0.0,0.0023597002690582,0.0001549307841359,0.001943005181347,0.0003704538657786
node,1627,0.8713531536537927,0.0,1704.259615752551,1821.6765000000003,2542.9175,3245.7529999999997,25.89373533163257,8.341499999999996,27.711499999999887,0.0,0.0144618197935293,0.0004720496899105,0.0006476683937823,0.0011651576058151
node,1628,0.8713531536537927,0.0,1678.464032844388,1813.3350000000003,2515.206,3245.7529999999997,0.09815242346940067,0.0,0.0,0.0,0.0055818785972972,2.4473366584107403e-06,0.0006476683937823,1.067017611757532e-05
node,1629,0.8713531536537927,0.0,1678.3658804209185,1813.3350000000003,2515.206,3245.7529999999997,0.0,0.0,0.0,0.0,0.0347614657104287,0.0021184065566985,0.0012953367875647,0.005447107968421
node,1630,0.8707974437343706,0.0005557099194221093,1678.5038190810467,1813.3350000000003,2515.206,3245.7529999999997,0.1379386601281567,0.0,0.0,0.0,0.005189820863581,0.0002752001307148,0.0012953367875647,0.0004240505015464
node,1631,0.8710752986940817,0.00027785495971099916,1678.6189393939394,1813.3350000000003,2515.206,3245.7529999999997,0.2530589730208703,0.0,0.0,0.0,0.000685230072459,0.0002070289812639,0.0006476683937823,0.0015168204873176
node,1632,0.8713531536537927,0.0,1678.3658804209185,1813.3350000000003,2515.206,3245.7529999999997,0.0,0.0,0.0,0.0,0.0036683887080451,0.0002173505868973,0.0012953367875647,0.0003412906358191
node,1633,0.8713531536537927,0.0,1687.0615216836734,1847.9479999999999,2515.206,3245.7529999999997,8.695641262754862,34.6129999999996,0.0,0.0,0.021814824827925,0.0002802128455833,0.0006476683937823,0.0007910135392197
node,1634,0.8713531536537927,0.0,1678.3658804209185,1813.3350000000003,2515.206,3245.7529999999997,0.0,0.0,0.0,0.0,0.005987367404734,0.0031371397865159,0.0,0.018441603785321
node,1635,0.8585718255070853,0.012781328146707405,1651.01463592233,1799.3995,2450.9258,2893.32,-27.351244498588585,-13.935500000000275,-64.28020000000015,-352.43299999999954,0.0203414522203651,0.0087204911734106,0.0,0.0626534129122261
node,1636,0.8677410391775493,0.003612114476243433,1668.5933973743195,1813.3350000000003,2503.847,3116.9300000000003,-9.772483046599064,0.0,-11.358999999999924,-128.8229999999994,0.001996917979918,0.0005514529278569,0.0,0.0061506782009594
node,1637,0.8710752986940817,0.00027785495971099916,1678.4073556618819,1813.3350000000003,2515.206,3245.7529999999997,0.041475240963336546,0.0,0.0,0.0,0.0058409594641997,0.0003170456819084,0.0025906735751294,0.0005386389369793
node,1638,0.8699638788552375,0.0013892747985552178,1679.1590763334398,1813.3350000000003,2515.206,3245.7529999999997,0.7931959125212416,0.0,0.0,0.0,0.007434519737242,0.0013340410038159,0.0032383419689119,0.0109847639390313
node,1639,0.8710752986940817,0.00027785495971099916,1678.6083645933015,1813.3350000000003,2515.206,3245.7529999999997,0.24248417238300135,0.0,0.0,0.0,0.0190484166852629,0.0027333651903382,0.001943005181347,0.0078801286471489
node,1640,0.8613503751041957,0.01000277854959708,1676.6035538709677,1813.3350000000003,2530.3514999999984,3246.1848499999974,-1.7623265499507852,0.0,15.145499999998265,0.4318499999976666,0.0144461274380952,0.0023487119875307,0.001943005181347,0.0093530239773922
node,1641,0.8713531536537927,0.0,1678.718541135204,1813.3350000000003,2515.206,3245.7529999999997,0.35266071428554824,0.0,0.0,0.0,0.0197326973088329,0.0021239906376364,0.005181347150259,0.0120422979857716
node,1642,0.8694081689358155,0.0019449847179772162,1675.9202317034196,1813.3350000000003,2503.847,3245.7529999999997,-2.445648717498898,0.0,-11.358999999999924,0.0,0.0173199395132153,0.0087220764128099,0.0058290155440414,0.0460077834883101
node,1643,0.8705195887746596,0.0008335648791331085,1677.4224174912226,1813.3350000000003,2508.442200000001,3245.7529999999997,-0.9434629296958974,0.0,-6.763799999999264,0.0,0.0208721221310666,0.0150735813071848,0.0025906735751294,0.0617603242679282
node,1644,0.8694081689358155,0.0019449847179772162,1678.460448066475,1813.3350000000003,2516.2900000000013,3245.7529999999997,0.09456764555648078,0.0,1.084000000001197,0.0,0.0,0.0,0.0,0.0
node,1645,0.8710752986940817,0.00027785495971099916,1678.632760446571,1813.3350000000003,2515.206,3245.7529999999997,0.2668800256524264,0.0,0.0,0.0,0.0365196366538293,0.0019125665260503,0.0006476683937823,0.0015429212996436
node,1646,0.8713531536537927,0.0,1678.6816919642858,1813.3350000000003,2515.206,3245.7529999999997,0.3158115433673174,0.0,0.0,0.0,0.0412273693824126,0.0024252988643646,0.0012953367875647,0.0023874291582097
node,1647,0.8705195887746596,0.0008335648791331085,1678.5512068305138,1813.3350000000003,2515.206,3245.7529999999997,0.1853264095952909,0.0,0.0,0.0,0.0359774798128363,0.0059806877591118,0.0032383419689119,0.0093730455075049
node,1648,0.8707974437343706,0.0005557099194221093,1678.4771649649012,1813.3350000000003,2515.206,3245.7529999999997,0.1112845439827197,0.0,0.0,0.0,0.0003765546269746,0.0002496433629664,0.001943005181347,0.0011598204627807
node,1649,0.8707974437343706,0.0005557099194221093,1678.4771649649012,1813.3350000000003,2515.206,3245.7529999999997,0.1112845439827197,0.0,0.0,0.0,8.759039487359923e-05,9.689042181330612e-05,0.0012953367875647,0.0002697859089758
node,1650,0.8707974437343706,0.0005557099194221093,1678.4771649649012,1813.3350000000003,2515.206,3245.7529999999997,0.1112845439827197,0.0,0.0,0.0,0.0004641450218482,0.0003465337847799,0.0012953367875647,0.0014296063717565
node,1651,0.8713531536537927,0.0,1678.3658804209185,1813.3350000000003,2515.206,3245.7529999999997,0.0,0.0,0.0,0.0,0.0262418899488565,0.0032995282945408,0.0006476683937823,0.0037092142743193
node,1652,0.8705195887746596,0.0008335648791331085,1678.5512068305138,1813.3350000000003,2515.206,3245.7529999999997,0.1853264095952909,0.0,0.0,0.0,0.0363534466267609,0.0062428125952683,0.0032383419689119,0.0105310554558078
node,1653,0.8691303139761045,0.0022228396776882153,1677.533516943734,1813.3350000000003,2516.832000000001,3245.7529999999997,-0.8323634771845718,0.0,1.6260000000006585,0.0,0.0161963141086203,0.0111877593934674,0.001943005181347,0.0427656070378996
node,1654,0.8710752986940817,0.00027785495971099916,1678.257700478469,1813.3350000000003,2515.206,3245.7529999999997,-0.10817994244962392,0.0,0.0,0.0,0.0,0.0,0.0,0.0
node,1655,0.8674631842178383,0.0038899694359544323,1677.9656204356183,1818.5775,2520.0840000000003,3245.7529999999997,-0.40025998530018114,5.242499999999836,4.878000000000156,0.0,0.0,0.0,0.0012953367875647,0.0
node,1656,0.8710752986940817,0.00027785495971099916,1678.3718577352472,1813.3350000000003,2515.206,3245.7529999999997,0.005977314328674765,0.0,0.0,0.0,0.0,0.0,0.0,0.0
node,1657,0.8710752986940817,0.00027785495971099916,1677.9384570972886,1813.3350000000003,2515.206,3245.7529999999997,-0.42742332362990965,0.0,0.0,0.0,0.0059509508318118,0.0036697768020699,0.001943005181347,0.0174757757880108
node,1658,0.8713531536537927,0.0,1678.3658804209185,1813.3350000000003,2515.206,3245.7529999999997,0.0,0.0,0.0,0.0,0.0010794061590489,0.0005315151899357,0.0,0.0033246633057587
node,1659,0.8710752986940817,0.00027785495971099916,1679.1026424242425,1813.3350000000003,2515.206,3245.7529999999997,0.7367620033239746,0.0,0.0,0.0,0.0083536274914741,0.0013548161005125,0.0006476683937823,0.0034106509732405
node,1660,0.8710752986940817,0.00027785495971099916,1678.9263661881978,1813.3350000000003,2515.206,3245.7529999999997,0.5604857672792605,0.0,0.0,0.0,0.023529907304436,0.0007104574214928,0.0012953367875647,0.0015230135113484
node,1661,0.8713531536537927,0.0,1678.3658804209185,1813.3350000000003,2515.206,3245.7529999999997,0.0,0.0,0.0,0.0,0.0249483912346595,0.0060867978268069,0.0012953367875647,0.0260616471488453
node,1662,0.8713531536537927,0.0,1678.3658804209185,1813.3350000000003,2515.206,3245.7529999999997,0.0,0.0,0.0,0.0,0.0047678282902008,0.00470629809188,0.0,0.0146853189892451
node,1663,0.8699638788552375,0.0013892747985552178,1680.768506547429,1813.3350000000003,2515.206,3245.7529999999997,2.4026261265105404,0.0,0.0,0.0,0.0098235779420254,0.0019868377297747,0.001943005181347,0.0078661348896432
node,1664,0.8710752986940817,0.00027785495971099916,1678.312862200957,1813.3350000000003,2515.206,3245.7529999999997,-0.05301821996158651,0.0,0.0,0.0,0.0,0.0,0.001943005181347,0.0
node,1665,0.8713531536537927,0.0,1678.3658804209185,1813.3350000000003,2515.206,3245.7529999999997,0.0,0.0,0.0,0.0,0.0,0.0,0.0006476683937823,0.0
node,1666,0.8713531536537927,0.0,1678.3658804209185,1813.3350000000003,2515.206,3245.7529999999997,0.0,0.0,0.0,0.0,0.0014462470382147,0.0014628425934783,0.0,0.0044545645943427
node,1667,0.8713531536537927,0.0,1678.3658804209185,1813.3350000000003,2515.206,3245.7529999999997,0.0,0.0,0.0,0.0,0.0074357170529875,0.0010996585450758,0.0012953367875647,0.0014284022684609
node,1668,0.8713531536537927,0.0,1678.3658804209185,1813.3350000000003,2515.206,3245.7529999999997,0.0,0.0,0.0,0.0,0.0,0.0,0.0,0.0
node,1669,0.8710752986940817,0.00027785495971099916,1678.3769486443382,1813.3350000000003,2515.206,3245.7529999999997,0.011068223419670176,0.0,0.0,0.0,0.0009601494766679,0.0004210228624342,0.0,0.0029573425224236
node,1670,0.8713531536537927,0.0,1680.8811750637756,1813.3350000000003,2515.206,3245.7529999999997,2.515294642857043,0.0,0.0,0.0,0.0585456231911505,0.0063399611920143,0.0012953367875647,0.0070945173578915
node,1671,0.8710752986940817,0.00027785495971099916,1679.9557097288678,1813.3350000000003,2515.206,3245.7529999999997,1.5898293079492305,0.0,0.0,0.0,0.0113146925171819,0.0002234163381555,0.0071243523316061,0.0009600327003492
node,1672,0.8713531536537927,0.0,1678.3658804209185,1813.3350000000003,2515.206,3245.7529999999997,0.0,0.0,0.0,0.0,0.0,0.0,0.0006476683937823,0.0
node,1673,0.8713531536537927,0.0,1678.3658804209185,1813.3350000000003,2515.206,3245.7529999999997,0.0,0.0,0.0,0.0,0.0013009308546336,1.6729831494384446e-05,0.0012953367875647,2.661377014224008e-05
node,1674,0.8710752986940817,0.00027785495971099916,1678.4696019138755,1813.3350000000003,2515.206,3245.7529999999997,0.10372149295699273,0.0,0.0,0.0,0.0002699973927088,1.5402901465901945e-05,0.0025906735751294,1.4884525067819022e-05
node,1675,0.8707974437343706,0.0005557099194221093,1678.4355456285896,1813.3350000000003,2515.206,3245.7529999999997,0.06966520767105067,0.0,0.0,0.0,0.0013009308546336,1.6729831494384446e-05,0.001943005181347,2.661377014224008e-05
node,1676,0.8707974437343706,0.0005557099194221093,1678.4355456285896,1813.3350000000003,2515.206,3245.7529999999997,0.06966520767105067,0.0,0.0,0.0,0.0014790913930263,2.8433345837812988e-05,0.001943005181347,3.539433107202776e-05
node,1677,0.8713531536537927,0.0,1680.5857822066328,1823.145,2517.916,3245.7529999999997,2.219901785714228,9.809999999999718,2.7100000000000364,0.0,0.0002699973927088,1.5402901465901945e-05,0.0038860103626943,1.4884525067819022e-05
node,1678,0.8671853292581273,0.0041678243956654315,1681.0094822172382,1830.4600000000003,2527.9880000000003,3245.7529999999997,2.643601796319672,17.125,12.782000000000153,0.0,0.0002699973927088,1.5402901465901945e-05,0.0038860103626943,1.4884525067819022e-05
node,1679,0.8713531536537927,0.0,1679.0221294642856,1813.3350000000003,2515.206,3245.7529999999997,0.6562490433670973,0.0,0.0,0.0,0.0220020356181516,0.0025802031015408,0.0006476683937823,0.0016881009001299
node,1680,0.8707974437343706,0.0005557099194221093,1678.1610931716657,1813.3350000000003,2515.206,3245.7529999999997,-0.20478724925283132,0.0,0.0,0.0,0.0259479683641267,0.0282078537646249,0.0025906735751294,0.0289845473315274
node,1681,0.8710752986940817,0.00027785495971099916,1679.2908867623603,1813.3350000000003,2515.206,3245.7529999999997,0.9250063414417582,0.0,0.0,0.0,0.0103562521020049,0.0025765116574069,0.0006476683937823,0.0096778529661027
node,1682,0.8710752986940817,0.00027785495971099916,1678.692208293461,1813.3350000000003,2515.206,3245.7529999999997,0.3263278725423788,0.0,0.0,0.0,0.0004844762212492,0.0003214350513717,0.0006476683937823,0.0014922282051081
node,1683,0.8710752986940817,0.00027785495971099916,1681.4392006379583,1813.3350000000003,2515.206,3245.7529999999997,3.0733202170397362,0.0,0.0,0.0,0.0345857302754111,0.004740114368725,0.0006476683937823,0.0079662909145822
node,1684,0.8707974437343706,0.0005557099194221093,1678.103896936822,1813.3350000000003,2515.206,3245.7529999999997,-0.26198348409661776,0.0,0.0,0.0,0.0024236019155763,0.0014554603613949,0.0006476683937823,0.0074649012227083
node,1685,0.8705195887746596,0.0008335648791331085,1679.1088107245453,1813.3350000000003,2515.206,3245.7529999999997,0.7429303036267356,0.0,0.0,0.0,0.0098085747408462,0.0011097795684541,0.0045336787564766,0.0031719129870041
node,1686,0.8713531536537927,0.0,1678.3658804209185,1813.3350000000003,2515.206,3245.7529999999997,0.0,0.0,0.0,0.0,0.0,0.0,0.0006476683937823,0.0
node,1687,0.8713531536537927,0.0,1678.3658804209185,1813.3350000000003,2515.206,3245.7529999999997,0.0,0.0,0.0,0.0,0.0,0.0,0.0006476683937823,0.0
node,1688,0.8702417338149486,0.0011114198388441077,1679.735147190294,1813.3350000000003,2515.206,3245.7529999999997,1.369266769375372,0.0,0.0,0.0,0.000198292090156,0.0004215482510711,0.0006476683937823,0.0006107566002263
node,1689,0.8713531536537927,0.0,1678.3658804209185,1813.3350000000003,2515.206,3245.7529999999997,0.0,0.0,0.0,0.0,0.0063164832940367,0.000727759774264,0.0006476683937823,0.0032899217890329
node,1690,0.8713531536537927,0.0,1678.3658804209185,1813.3350000000003,2515.206,3245.7529999999997,0.0,0.0,0.0,0.0,0.0,0.0,0.0,0.0
node,1691,0.8707974437343706,0.0005557099194221093,1681.3316180599872,1818.8680000000002,2515.206,3245.7529999999997,2.9657376390687205,5.532999999999902,0.0,0.0,0.0040802876941856,5.7633370394612905e-05,0.0006476683937823,7.924677049017107e-05
node,1692,0.8705195887746596,0.0008335648791331085,1682.1040874561122,1818.8680000000002,2515.206,3245.7529999999997,3.738207035193682,5.532999999999902,0.0,0.0,0.004126784019947,7.171330869199888e-05,0.0006476683937823,0.0002224594312811
node,1693,0.8710752986940817,0.00027785495971099916,1678.5322440191387,1813.3350000000003,2515.206,3245.7529999999997,0.16636359822018676,0.0,0.0,0.0,0.0584490605819743,0.0074854762801834,0.0038860103626943,0.0101399562268943
node,1694,0.8710752986940817,0.00027785495971099916,1699.1465483253587,1830.4600000000003,2630.0299999999997,3245.7529999999997,20.78066790444018,17.125,114.82399999999961,0.0,0.052036502952685,0.0044280701231403,0.001943005181347,0.0156824459259713
node,1695,0.8713531536537927,0.0,1681.1452471301018,1813.3350000000003,2515.206,3245.7529999999997,2.7793667091832504,0.0,0.0,0.0,0.0439847433378617,0.0045186472810318,0.0006476683937823,0.0039736262178227
node,1696,0.8710752986940817,0.00027785495971099916,1678.4075132376395,1813.3350000000003,2515.206,3245.7529999999997,0.04163281672094854,0.0,0.0,0.0,0.0164936986554818,0.0005242180961076,0.001943005181347,0.0009442815902736
node,1697,0.8710752986940817,0.00027785495971099916,1678.1504303030301,1813.3350000000003,2515.206,3245.7529999999997,-0.21545011788839474,0.0,0.0,0.0,0.0111376938031255,0.0018962860476694,0.0025906735751294,0.0099287152568761
node,1698,0.8713531536537927,0.0,1678.3658804209185,1813.3350000000003,2515.206,3245.7529999999997,0.0,0.0,0.0,0.0,0.0055111349777894,0.000109716604424,0.0006476683937823,0.0001346110894408
node,1699,0.8707974437343706,0.0005557099194221093,1678.6322721761328,1813.3350000000003,2515.206,3245.7529999999997,0.26639175521427205,0.0,0.0,0.0,0.0047523610090534,0.0043410483434532,0.0006476683937823,0.0146376784401896
node,1700,0.8671853292581273,0.0041678243956654315,1678.7789112463956,1818.8680000000002,2520.6259999999997,3245.7529999999997,0.413030825477108,5.532999999999902,5.419999999999618,0.0,0.0,0.0,0.0025906735751294,0.0
node,1701,0.8713531536537927,0.0,1678.3658804209185,1813.3350000000003,2515.206,3245.7529999999997,0.0,0.0,0.0,0.0,0.0061595588255514,1.5997990264463118e-05,0.0006476683937823,9.383505002058765e-05
node,1702,0.8605168102250625,0.010836343428730189,1624.3418156280272,1802.5730000000003,2466.127000000001,2924.8500000000004,-54.024064792891295,-10.761999999999944,-49.07899999999927,-320.90299999999934,0.0,0.0,0.0,0.0
node,1703,0.8710752986940817,0.00027785495971099916,1679.1001103668261,1813.3350000000003,2515.206,3245.7529999999997,0.7342299459076003,0.0,0.0,0.0,0.0412390395290426,0.0023257981413059,0.0006476683937823,0.0025905273690794
node,1704,0.8710752986940817,0.00027785495971099916,1678.4860267942584,1813.3350000000003,2515.206,3245.7529999999997,0.12014637333982137,0.0,0.0,0.0,0.0559021402786118,0.0036436538596058,0.0006476683937823,0.0052400694684552
node,1705,0.8713531536537927,0.0,1678.4305746173468,1813.3350000000003,2515.206,3245.7529999999997,0.06469419642826324,0.0,0.0,0.0,0.0222448598975553,0.0008434094013816,0.0012953367875647,0.0015879996768723
node,1706,0.8710752986940817,0.00027785495971099916,1678.3979984051036,1813.3350000000003,2515.206,3245.7529999999997,0.03211798418510625,0.0,0.0,0.0,0.0005303002456315,0.0003062735277092,0.0012953367875647,0.0011758672548614
node,1707,0.8713531536537927,0.0,1678.3658804209185,1813.3350000000003,2515.206,3245.7529999999997,0.0,0.0,0.0,0.0,0.0,0.0,0.0,0.0
node,1708,0.8713531536537927,0.0,1678.3688396045918,1813.3350000000003,2515.206,3245.7529999999997,0.0029591836732834054,0.0,0.0,0.0,0.0275433561695297,0.0015539103739702,0.001943005181347,0.0024963520342546
node,1709,0.8710752986940817,0.00027785495971099916,1678.5631046251992,1813.3350000000003,2515.206,3245.7529999999997,0.1972242042807011,0.0,0.0,0.0,0.0086487631288509,0.0002148214283823,0.0006476683937823,0.000168115317322
node,1710,0.8705195887746596,0.0008335648791331085,1678.7326214490904,1813.3350000000003,2515.206,3245.7529999999997,0.36674102817187304,0.0,0.0,0.0,0.0026461045263417,0.000541359621242,0.0045336787564766,0.0033768227395042
node,1711,0.8707974437343706,0.0005557099194221093,1678.5702399489471,1813.3350000000003,2515.206,3245.7529999999997,0.20435952802858992,0.0,0.0,0.0,0.0005400745577783,0.0002206382612146,0.0012953367875647,0.0016634758376789
node,1712,0.8621839399833287,0.009169213670464083,1685.2356812761843,1829.9889999999998,2573.520600000002,3515.656,6.869800855265794,16.65399999999954,58.314600000001974,269.90300000000025,0.0049970511618333,0.0001356178884124,0.0045336787564766,0.0008296719810032
node,1713,0.8710752986940817,0.00027785495971099916,1679.0645668261564,1813.3350000000003,2515.206,3245.7529999999997,0.6986864052378223,0.0,0.0,0.0,0.011532496411418,5.8611820214589626e-05,0.0006476683937823,0.0002388789855412
node,1714,0.8694081689358155,0.0019449847179772162,1682.1206139341643,1813.3350000000003,2516.2900000000013,3245.7529999999997,3.75473351324581,0.0,1.084000000001197,0.0,0.0,0.0,0.0,0.0
node,1715,0.8705195887746596,0.0008335648791331085,1687.9464535588893,1818.8680000000002,2570.614,3309.5359999999996,9.58057313797076,5.532999999999902,55.4079999999999,63.7829999999999,0.0476105483675926,0.0131195033613439,0.0006476683937823,0.0577739107451502
node,1716,0.8705195887746596,0.0008335648791331085,1686.9925406958187,1813.3350000000003,2570.614,3309.5359999999996,8.626660274900132,0.0,55.4079999999999,63.7829999999999,0.0452140384214223,0.0085131663732344,0.001943005181347,0.0447296144460511
node,1717,0.8707974437343706,0.0005557099194221093,1688.903,1818.8680000000002,2570.614,3309.5359999999996,10.53711957908149,5.532999999999902,55.4079999999999,63.7829999999999,0.0494930510604565,0.0065252345422871,0.0006476683937823,0.0228582096376325
node,1718,0.8713531536537927,0.0,1689.3460235969387,1819.2195000000002,2570.614,3309.5359999999996,10.980143176020192,5.884499999999889,55.4079999999999,63.7829999999999,0.0545025972859202,0.007403186647007,0.0032383419689119,0.0245933172052304
node,1719,0.8710752986940817,0.00027785495971099916,1678.301832216906,1813.3350000000003,2515.206,3245.7529999999997,-0.06404820401257894,0.0,0.0,0.0,0.0015646890949281,0.0005683971273563,0.001943005181347,0.0048193762609361
node,1720,0.8713531536537927,0.0,1678.3658804209185,1813.3350000000003,2515.206,3245.7529999999997,0.0,0.0,0.0,0.0,0.0015646890949281,0.0005683971273563,0.0006476683937823,0.0048193762609361
node,1721,0.8713531536537927,0.0,1678.3658804209185,1813.3350000000003,2515.206,3245.7529999999997,0.0,0.0,0.0,0.0,0.0,0.0,0.0,0.0
node,1722,0.8710752986940817,0.00027785495971099916,1678.6099141945774,1813.3350000000003,2515.206,3245.7529999999997,0.24403377365888446,0.0,0.0,0.0,0.0,0.0,0.0,0.0
node,1723,0.8707974437343706,0.0005557099194221093,1715.039074026803,1879.355,2659.3929999999996,3245.7529999999997,36.673193605884535,66.01999999999975,144.18699999999944,0.0,0.0,0.0,0.0006476683937823,0.0
node,1724,0.8713531536537927,0.0,1678.3658804209185,1813.3350000000003,2515.206,3245.7529999999997,0.0,0.0,0.0,0.0,0.0001697283595562,9.129716493172177e-05,0.0,0.0005227778665449
node,1725,0.8710752986940817,0.00027785495971099916,1678.3310768740032,1813.3350000000003,2515.206,3245.7529999999997,-0.03480354691532739,0.0,0.0,0.0,0.0,0.0,0.0,0.0
node,1726,0.8657960544595721,0.005557099194220649,1674.186672657253,1813.3350000000003,2528.4645,3245.7529999999997,-4.179207763665545,0.0,13.258499999999913,0.0,0.0156166105015919,0.0121692561535706,0.0012953367875647,0.0407843151103558
node,1727,0.8713531536537927,0.0,1678.3658804209185,1813.3350000000003,2515.206,3245.7529999999997,0.0,0.0,0.0,0.0,0.0107939511190765,0.0019841597335135,0.0006476683937823,0.0057126327116387
node,1728,0.8710752986940817,0.00027785495971099916,1678.161057416268,1813.3350000000003,2515.206,3245.7529999999997,-0.20482300465050685,0.0,0.0,0.0,0.0161358844801122,0.0027984131649806,0.0006476683937823,0.0023660305390057
node,1729,0.8713531536537927,0.0,1678.808830357143,1813.3350000000003,2517.916,3245.7529999999997,0.4429499362245224,0.0,2.7100000000000364,0.0,0.0258122765849232,0.0029434796735829,0.0012953367875647,0.0046118492624541
node,1730,0.8710752986940817,0.00027785495971099916,1678.309684210526,1813.3350000000003,2515.206,3245.7529999999997,-0.05619621039249978,0.0,0.0,0.0,0.0344983399806944,0.0048536522450424,0.001943005181347,0.0056374110184167
node,1731,0.8707974437343706,0.0005557099194221093,1678.6391853860882,1813.3350000000003,2515.206,3245.7529999999997,0.27330496516970015,0.0,0.0,0.0,0.0336083663105994,0.003402867462597,0.0038860103626943,0.0070071057857027
node,1732,0.8707974437343706,0.0005557099194221093,1678.6391853860882,1813.3350000000003,2515.206,3245.7529999999997,0.27330496516970015,0.0,0.0,0.0,0.0333206508089481,0.0031905129722946,0.0038860103626943,0.0061209174285038
