node_id,harmonic_access,reachable_count,reachable_share,lon,lat,osm_id,access_rank,access_pct
0,0.5193368329653338,1636,0.9445727482678984,114.1723211,22.2947802,30747332,620,0.6428159261396422
1,0.42018116865085187,1636,0.9445727482678984,114.1721995,22.296485,30747334,1232,0.2896710905943451
2,0.6047612753327777,1636,0.9445727482678984,114.1710946,22.310275,33004487,257,0.8522792844777842
3,0.7624817571218523,1636,0.9445727482678984,114.1707203,22.3129647,33004488,11,0.9942296595499135
4,0.41289882453668386,1636,0.9445727482678984,114.16936,22.2988324,33004530,1264,0.27120600115406807
5,0.46803784717101693,1636,0.9445727482678984,114.1679667,22.3014436,33004534,954,0.4500865551067513
6,0.4972465520854528,1636,0.9445727482678984,114.1784272,22.2977677,33004677,752,0.5666474321984997
7,0.6127851333698354,1636,0.9445727482678984,114.1679567,22.3030232,33476495,231,0.8672821696480092
8,0.5754860370542797,1636,0.9445727482678984,114.1675993,22.3044393,33476497,363,0.7911136757068667
9,0.6835792917882608,1636,0.9445727482678984,114.1668472,22.3058563,33476500,62,0.964800923254472
10,0.4517684458955489,1636,0.9445727482678984,114.1670616,22.3065045,33476501,1063,0.3871898442008078
11,0.46362245917538675,1636,0.9445727482678984,114.1753023,22.2954779,33476508,991,0.42873629544143105
12,0.4474947399252652,1636,0.9445727482678984,114.1748954,22.2952697,33476510,1093,0.3698788228505482
13,0.4328312993819177,1636,0.9445727482678984,114.1713365,22.294724,33476549,1169,0.32602423542989034
14,0.4977132772485698,1636,0.9445727482678984,114.1781156,22.32696,245088222,750,0.5678015002885171
15,0.35927863491532663,1636,0.9445727482678984,114.1587724,22.3274542,274243013,1467,0.15406809001731103
16,0.465584719489946,1636,0.9445727482678984,114.1622524,22.3249209,274243016,977,0.4368147720715522
17,0.48334394444963097,1636,0.9445727482678984,114.1673946,22.3117971,274243086,848,0.5112521638776688
18,0.5307742375528585,1636,0.9445727482678984,114.1678659,22.3096922,274243087,546,0.6855164454702828
19,0.4271839616611586,1636,0.9445727482678984,114.154246,22.3310169,275816026,1195,0.3110213502596653
20,0.5005393159031392,1636,0.9445727482678984,114.1587839,22.3275985,275909450,739,0.5741488747836122
21,0.5019396060559038,1636,0.9445727482678984,114.1664541,22.3311815,275922253,726,0.5816503173687247
22,0.36719987683081357,1636,0.9445727482678984,114.1749214,22.3299504,275924540,1446,0.1661858049624928
23,0.39053821714646697,1636,0.9445727482678984,114.1744266,22.3289764,275935761,1362,0.21465666474321984
24,0.4433424955316454,1636,0.9445727482678984,114.1720562,22.3273509,275935771,1114,0.3577611079053664
25,0.5353894933746526,1636,0.9445727482678984,114.164835,22.3280008,275943901,530,0.6947489901904212
26,0.48462715376079485,1636,0.9445727482678984,114.1718679,22.3156488,275945418,839,0.5164454702827467
27,0.5915261056022707,1636,0.9445727482678984,114.1720243,22.3179153,275945538,300,0.827466820542412
28,0.5708133554725093,1636,0.9445727482678984,114.1710549,22.3224019,275945763,378,0.7824581650317368
29,0.45626725031064563,1636,0.9445727482678984,114.1908856,22.3176925,275948630,1037,0.4021927293710329
30,0.4839955563044574,1636,0.9445727482678984,114.1878267,22.322802,275949265,843,0.514137334102712
31,0.32412995991851756,1636,0.9445727482678984,114.1820916,22.2993992,276169638,1549,0.10675129832660127
32,0.47121994466369943,1636,0.9445727482678984,114.1810483,22.3144314,276169900,932,0.46278130409694174
33,0.4413689858885508,1636,0.9445727482678984,114.178846,22.3269956,276169958,1124,0.35199076745527985
34,0.5789635910527073,1636,0.9445727482678984,114.1701439,22.3088662,276372740,344,0.8020773225620311
35,0.7226176528530646,1636,0.9445727482678984,114.1689849,22.312658,276372857,31,0.9826889786497404
36,0.595974050233282,1636,0.9445727482678984,114.1701052,22.3128531,276373355,292,0.8320830929024813
37,0.5452122444333093,1637,0.9451501154734411,114.1721924,22.3171476,276377951,483,0.7218695903058281
38,0.3437206112226064,1636,0.9445727482678984,114.1869798,22.3154851,276378619,1511,0.1286785920369302
39,0.5165355906646334,1636,0.9445727482678984,114.1572093,22.3276159,278947783,637,0.6330063473744951
40,0.7534890787914585,1636,0.9445727482678984,114.1670005,22.3122444,278948068,14,0.9924985574148875
41,0.5197846933089804,1636,0.9445727482678984,114.1616453,22.3075206,278949226,617,0.6445470282746683
42,0.43117166555567843,1636,0.9445727482678984,114.1628465,22.3068109,278949231,1175,0.32256203115983845
43,0.40330084141872663,1636,0.9445727482678984,114.1594149,22.3032513,278950460,1305,0.24754760530871323
44,0.3771393263960758,1636,0.9445727482678984,114.1596727,22.3030064,278950461,1407,0.18869013271783036
45,0.47364070263294394,1636,0.9445727482678984,114.1606837,22.3076826,278951217,917,0.47143681477207156
46,0.477311637057403,1636,0.9445727482678984,114.1617719,22.3071931,278951219,888,0.48817080207732255
47,0.3246063680468245,1636,0.9445727482678984,114.1604203,22.3051844,278951444,1548,0.10732833237160992
48,0.3925448197269671,1636,0.9445727482678984,114.1594502,22.3028812,278951704,1357,0.21754183496826313
49,0.0,0,0.0,114.1530329,22.3262601,279077145,1665,0.020196191575302943
50,0.18841051172941795,1640,0.9468822170900693,114.1461329,22.2898986,288176867,1627,0.06174264281592614
51,0.5523628486489818,1636,0.9445727482678984,114.1627874,22.3181394,288991742,451,0.740334679746105
52,0.4177590656894779,1636,0.9445727482678984,114.1634229,22.3180822,288991776,1247,0.2810155799192152
53,0.6228545974103286,1636,0.9445727482678984,114.1660608,22.318712,288991796,202,0.8840161569532602
54,0.5781653951706407,1636,0.9445727482678984,114.1630542,22.3188051,288991961,349,0.7991921523369879
55,0.5511599768729628,1636,0.9445727482678984,114.1598754,22.3194714,288994875,457,0.7368724754760531
56,0.5656422833431959,1636,0.9445727482678984,114.1593632,22.3232675,288994882,397,0.7714945181765724
57,0.5869872757681189,1636,0.9445727482678984,114.1576938,22.3211585,288995089,317,0.8176572417772648
58,0.6211592270600713,1636,0.9445727482678984,114.1574572,22.3214978,288995220,208,0.8805539526832084
59,0.43263743886159634,1636,0.9445727482678984,114.1566572,22.317492,288995381,1170,0.3254472013848817
60,0.3127187228668934,1636,0.9445727482678984,114.1552665,22.3234337,288996506,1564,0.09809578765147144
61,0.5024817808684313,1636,0.9445727482678984,114.1559847,22.3260954,288996662,720,0.5851125216387767
62,0.49326195727151534,1636,0.9445727482678984,114.1565829,22.3269464,288997665,783,0.5487593768032314
63,0.44232007624724423,1636,0.9445727482678984,114.1569586,22.3290211,288998754,1119,0.35487593768032316
64,0.5510058581588536,1636,0.9445727482678984,114.1578452,22.3283292,288998755,459,0.7357184073860358
65,0.3576772846742193,1637,0.9451501154734411,114.1535899,22.330233,289293757,1473,0.15060588574725908
66,0.32136284573713925,1637,0.9451501154734411,114.1523072,22.3325094,289294087,1554,0.10386612810155799
67,0.0,0,0.0,114.1522158,22.3323988,289294146,1665,0.020196191575302943
68,0.40204309010913586,1636,0.9445727482678984,114.1554973,22.3324124,289329905,1312,0.24350836699365264
69,0.0,0,0.0,114.1547755,22.3329575,289329943,1665,0.020196191575302943
70,0.3075115633635722,1637,0.9451501154734411,114.1537149,22.3264895,289337013,1567,0.09636468551644548
71,0.3470731007452672,1636,0.9445727482678984,114.1556568,22.3247578,289337297,1502,0.13387189844200809
72,0.37878434608785994,1636,0.9445727482678984,114.1567064,22.3235546,289337299,1404,0.1904212348528563
73,0.4122947421875436,1636,0.9445727482678984,114.1584933,22.3216284,289337490,1269,0.2683208309290248
74,0.0,0,0.0,114.1462178,22.2897959,297910474,1665,0.020196191575302943
75,0.6003626049219228,1636,0.9445727482678984,114.1680169,22.3149736,308473171,272,0.8436237738026544
76,0.6134458656378083,1636,0.9445727482678984,114.1685012,22.3150669,308473172,226,0.8701673398730525
77,0.615230326584618,1636,0.9445727482678984,114.1689561,22.315141,308473173,219,0.8742065781881131
78,0.564610875784167,1636,0.9445727482678984,114.1695449,22.3152511,308473175,403,0.7680323139065205
79,0.51734339330118,1636,0.9445727482678984,114.1683196,22.3135053,308473176,632,0.6358915175995383
80,0.5413250081027503,1636,0.9445727482678984,114.1688045,22.313588,308473177,504,0.7097518753606463
81,0.6046438577780989,1636,0.9445727482678984,114.1692614,22.3136721,308473178,258,0.8517022504327756
82,0.6465162600818386,1636,0.9445727482678984,114.1698428,22.3137803,308473179,139,0.9203693017888055
83,0.6489802682136677,1636,0.9445727482678984,114.1694498,22.3127358,308473180,135,0.9226774379688402
84,0.5660657864098998,1636,0.9445727482678984,114.1675907,22.3171141,308473181,395,0.7726485862665897
85,0.5757971327108574,1636,0.9445727482678984,114.1680551,22.3172,308473182,361,0.792267743796884
86,0.6152328093683788,1636,0.9445727482678984,114.1685003,22.3172869,308473183,218,0.8747836122331217
87,0.5806550153919643,1636,0.9445727482678984,114.1690783,22.3173955,308473185,340,0.8043854587420658
88,0.57713143956807,1636,0.9445727482678984,114.170358,22.3176083,308473186,358,0.79399884593191
89,0.5773672156330647,1636,0.9445727482678984,114.1672039,22.318917,308473189,356,0.7951529140219273
90,0.6717790793011184,1636,0.9445727482678984,114.1676802,22.3190063,308473190,89,0.9492210040392384
91,0.6254134951196207,1636,0.9445727482678984,114.1681318,22.3190943,308473191,196,0.8874783612233121
92,0.6057066620991917,1636,0.9445727482678984,114.1686727,22.3191848,308473192,254,0.8540103866128101
93,0.5374114510267123,1636,0.9445727482678984,114.1702382,22.3153655,308473419,521,0.6999422965954991
94,0.6238395710837368,1636,0.9445727482678984,114.1705303,22.3139011,308473420,200,0.8851702250432776
95,0.6035967927964602,1636,0.9445727482678984,114.1697992,22.3175012,308473422,261,0.8499711482977496
96,0.6947548642704763,1636,0.9445727482678984,114.1694289,22.3193121,308473424,51,0.9711482977495672
97,0.5582190230537726,1636,0.9445727482678984,114.1701722,22.3184397,308473426,432,0.7512983266012695
98,0.5383696862874311,1637,0.9451501154734411,114.1707291,22.3185465,308473427,515,0.7034045008655511
99,0.5362490472046223,1636,0.9445727482678984,114.1705175,22.3223275,308473546,528,0.6959030582804385
100,0.41664423915310833,1636,0.9445727482678984,114.1914484,22.328839,308473861,1252,0.27813040969417197
101,0.33519927395328275,1636,0.9445727482678984,114.1925262,22.3312909,308473862,1530,0.11771494518176573
102,0.45871590826191916,1636,0.9445727482678984,114.1614536,22.3322118,308475224,1026,0.4085401038661281
103,0.0,0,0.0,114.1622577,22.3331118,308475675,1665,0.020196191575302943
104,0.005004005906888701,1,0.0005773672055427252,114.1631195,22.3324479,308475679,1653,0.0467397576457011
105,0.004091320900954685,1,0.0005773672055427252,114.1686107,22.3063771,308778508,1656,0.04500865551067513
106,0.0,0,0.0,114.1689468,22.3076075,308778515,1665,0.020196191575302943
107,0.5228691823187527,1636,0.9445727482678984,114.1690993,22.3082077,308778516,601,0.6537795729948067
108,0.27857941793804997,1636,0.9445727482678984,114.1766448,22.3276169,316731592,1601,0.07674552798615118
109,0.0,0,0.0,114.1771122,22.3301488,316731595,1665,0.020196191575302943
110,0.6727092349140416,1636,0.9445727482678984,114.1604939,22.3262772,331258075,86,0.9509521061742643
111,0.5910492260574941,1636,0.9445727482678984,114.1619004,22.3252108,331258761,304,0.8251586843623774
112,0.5167809000874329,1636,0.9445727482678984,114.1687862,22.3224821,331269944,635,0.6341604154645124
113,0.6112674209854972,1636,0.9445727482678984,114.1678205,22.3228573,331269982,235,0.8649740334679746
114,0.5773251301063285,1636,0.9445727482678984,114.1620905,22.326252,331271265,357,0.7945758799769186
115,0.5091591002539969,1636,0.9445727482678984,114.1623842,22.3194107,332227469,681,0.6076168493941142
116,0.4701611212262559,1636,0.9445727482678984,114.1620652,22.3179532,332228049,937,0.4598961338718984
117,0.512702480978537,1636,0.9445727482678984,114.1611738,22.3175995,332228052,658,0.6208886324293134
118,0.486812683872883,1636,0.9445727482678984,114.1607523,22.3175839,332228053,824,0.5251009809578765
119,0.48247201434096587,1636,0.9445727482678984,114.1610049,22.3178523,332228056,855,0.5072129255626082
120,0.5698666355019222,1636,0.9445727482678984,114.1619805,22.3194603,332230895,383,0.7795729948066936
121,0.5535487303454878,1636,0.9445727482678984,114.1632062,22.3186267,332231811,446,0.7432198499711483
122,0.5637213731351537,1636,0.9445727482678984,114.163129,22.3183111,332231898,405,0.7668782458165032
123,0.5195474170485833,1636,0.9445727482678984,114.1630453,22.3182686,332231899,619,0.6433929601846509
124,0.48476874019464794,1636,0.9445727482678984,114.1619691,22.31812,332232290,838,0.5170225043277553
125,0.4970392572282936,1636,0.9445727482678984,114.1622338,22.3184752,332232291,754,0.5654933641084824
126,0.5601665733645972,1636,0.9445727482678984,114.1628379,22.3189594,332232293,420,0.7582227351413734
127,0.5170613690092823,1636,0.9445727482678984,114.1637721,22.3185627,332233250,634,0.634737449509521
128,0.5246890497075003,1636,0.9445727482678984,114.1662221,22.3177229,332233448,589,0.6607039815349106
129,0.00030065649608677827,1,0.0005773672055427252,114.1620469,22.3199468,332235143,1662,0.0415464512406232
130,0.5008607063743885,1636,0.9445727482678984,114.1611132,22.3253922,332237262,735,0.5764570109636469
131,0.0,0,0.0,114.1655933,22.3274215,332238480,1665,0.020196191575302943
132,0.549728978275625,1636,0.9445727482678984,114.1665192,22.3267119,332238481,464,0.7328332371609925
133,0.6675571752115322,1636,0.9445727482678984,114.167154,22.326463,332239185,99,0.9434506635891518
134,0.5425004564564571,1636,0.9445727482678984,114.1656026,22.3209379,332241861,497,0.7137911136757069
135,0.5369425916598434,1636,0.9445727482678984,114.1624076,22.3247449,332241978,525,0.6976341604154646
136,0.5729093833301493,1636,0.9445727482678984,114.1643808,22.3238588,332242333,374,0.7847663012117715
137,0.582526219525398,1636,0.9445727482678984,114.1644937,22.3234749,332242353,332,0.809001731102135
138,0.6311469866891357,1636,0.9445727482678984,114.1672864,22.3232688,332242579,175,0.8995960761684939
139,0.6020896322493643,1636,0.9445727482678984,114.168659,22.3231134,332242755,268,0.845931909982689
140,0.6772696718256854,1636,0.9445727482678984,114.1661967,22.3187271,332243003,77,0.9561454125793422
141,0.5159900407313788,1636,0.9445727482678984,114.1654564,22.3224381,332243007,640,0.6312752452394691
142,0.70959409149067,1636,0.9445727482678984,114.1672753,22.3122897,332243088,39,0.9780727062896711
143,0.42301314689283426,1636,0.9445727482678984,114.1663078,22.3099839,332245888,1217,0.2983266012694749
144,0.5933313215148103,1636,0.9445727482678984,114.166445,22.30883,332245892,298,0.8286208886324293
145,0.6380540691460447,1636,0.9445727482678984,114.1670271,22.3113756,332246178,159,0.9088286208886325
146,0.4815600569531175,1636,0.9445727482678984,114.1673638,22.3121683,332246270,860,0.5043277553375649
147,0.5979463689296082,1636,0.9445727482678984,114.1670556,22.311489,332246273,279,0.8395845354875938
148,0.3834051857525132,1636,0.9445727482678984,114.1667883,22.3131619,332248700,1384,0.20196191575302944
149,0.7292541818614757,1636,0.9445727482678984,114.1658891,22.3202177,332251063,23,0.9873052510098096
150,0.5917585590533077,1636,0.9445727482678984,114.1656889,22.3214639,332251094,299,0.8280438545874207
151,0.6164398670022526,1636,0.9445727482678984,114.1675743,22.3218014,332251254,215,0.8765147143681478
152,0.5252373800015516,1636,0.9445727482678984,114.168869,22.3220632,332251255,586,0.6624350836699365
153,0.48929556359405957,1636,0.9445727482678984,114.1699647,22.3222321,332251257,811,0.532602423542989
154,0.7020874002637966,1636,0.9445727482678984,114.1678062,22.3206489,332251374,44,0.9751875360646278
155,0.6013240557795461,1636,0.9445727482678984,114.1691048,22.3208406,332251375,270,0.8447778418926717
156,0.5978740598640231,1636,0.9445727482678984,114.1701882,22.3210727,332251377,280,0.8390075014425851
157,0.570602247467166,1636,0.9445727482678984,114.1707938,22.3211811,332251378,379,0.7818811309867282
158,0.609965075835175,1636,0.9445727482678984,114.1681657,22.3219077,332251484,239,0.86266589728794
159,0.6143274301801869,1636,0.9445727482678984,114.1684146,22.3207275,332251500,221,0.8730525100980958
160,0.5781100432104407,1636,0.9445727482678984,114.166611,22.3203683,332251664,350,0.7986151182919792
161,0.6131395102833653,1636,0.9445727482678984,114.1667907,22.3188396,332251667,228,0.8690132717830352
162,0.6058976427666453,1636,0.9445727482678984,114.16656,22.3169347,332252247,252,0.8551644547028274
163,0.5911411327855435,1636,0.9445727482678984,114.1667412,22.3158769,332253240,302,0.8263127524523947
164,0.4985995777061173,1636,0.9445727482678984,114.1677705,22.3161776,332253310,747,0.569532602423543
165,0.5846251738124666,1636,0.9445727482678984,114.1686954,22.3163435,332253312,323,0.8141950375072129
166,0.5222838219109253,1636,0.9445727482678984,114.1692776,22.3164444,332253313,605,0.651471436814772
167,0.5440398852212012,1636,0.9445727482678984,114.1669044,22.3149035,332253494,490,0.7178303519907675
168,0.5659470978178648,1636,0.9445727482678984,114.1688016,22.3158391,332253631,396,0.7720715522215811
169,0.3301181987352963,1639,0.9463048498845266,114.1612376,22.3144406,334647674,1541,0.11136757068667051
170,0.3069299413055938,1639,0.9463048498845266,114.1572026,22.3019131,334647880,1569,0.09521061742642815
171,0.0028463252318053764,2,0.0011547344110854503,114.1609698,22.3146094,334647895,1658,0.04385458742065782
172,0.00030116006181211486,1,0.0005773672055427252,114.160232,22.3165049,334647897,1661,0.042123485285631854
173,0.3808926812621814,1637,0.9451501154734411,114.1609654,22.309333,334648424,1395,0.1956145412579342
174,0.35131791324907247,1638,0.9457274826789839,114.1608956,22.307781,334648426,1492,0.13964223889209462
175,0.5812396786542969,1636,0.9445727482678984,114.1669963,22.3124518,334648625,336,0.8066935949221004
176,0.6074026063396087,1636,0.9445727482678984,114.1663581,22.3122232,334648626,248,0.8574725908828621
177,0.26413856370271604,1636,0.9445727482678984,114.1607421,22.3110543,334648727,1611,0.07097518753606463
178,0.23260354371689296,1636,0.9445727482678984,114.1637627,22.3072176,334649071,1623,0.06405077899596076
179,0.015443337182920352,3,0.0017321016166281756,114.1614532,22.3084309,334649361,1639,0.054818234275822275
180,0.0013144744498186222,2,0.0011547344110854503,114.1612583,22.3081133,334649362,1659,0.04327755337564916
181,0.3747041041378836,1636,0.9445727482678984,114.1608432,22.317115,334649728,1414,0.18465089440276977
182,0.4260406969182936,1636,0.9445727482678984,114.1615949,22.3151686,334649851,1203,0.3064050778995961
183,0.3314735278016877,1636,0.9445727482678984,114.1618073,22.3140341,334650280,1540,0.11194460473167916
184,0.3489959684902083,1636,0.9445727482678984,114.1619321,22.3117592,334650313,1499,0.13560300057703403
185,0.4908945434579855,1636,0.9445727482678984,114.1651735,22.3121564,334650573,797,0.5406809001731102
186,0.5973349121803196,1636,0.9445727482678984,114.166525,22.3123846,334650575,284,0.8366993652625505
187,0.7696788655752568,1636,0.9445727482678984,114.1647577,22.3119309,334650656,7,0.996537795729948
188,0.31358807828031404,1636,0.9445727482678984,114.159149,22.3204147,334650908,1563,0.09867282169648009
189,0.3566441148470437,1636,0.9445727482678984,114.1588696,22.3193818,334651084,1474,0.15002885170225044
190,0.3381244969955073,1636,0.9445727482678984,114.1599097,22.3168278,334651141,1521,0.12290825158684363
191,0.3208667660301406,1636,0.9445727482678984,114.1585259,22.3174739,334651193,1556,0.10271206001154068
192,0.41122685792374786,1636,0.9445727482678984,114.1582093,22.3174159,334651195,1275,0.26485862665897286
193,0.0011994872815604713,1,0.0005773672055427252,114.1563353,22.3232209,334651930,1660,0.04270051933064051
194,0.3855527928839173,1636,0.9445727482678984,114.1606471,22.3104228,339050813,1371,0.20946335833814195
195,0.4460318902763878,1636,0.9445727482678984,114.1615613,22.3124765,339050894,1099,0.36641661858049623
196,0.4593784022751802,1636,0.9445727482678984,114.1629874,22.3122049,339050900,1020,0.41200230813618005
197,0.5145528337099108,1636,0.9445727482678984,114.1645241,22.3119596,339050906,649,0.6260819388343912
198,0.27485782941725384,1636,0.9445727482678984,114.1611534,22.3113437,339051592,1606,0.0738603577611079
199,0.27485825430410327,1636,0.9445727482678984,114.1609236,22.3119364,339051594,1605,0.07443739180611655
200,0.24437478099142423,1636,0.9445727482678984,114.1635082,22.3091955,339051674,1617,0.0675129832660127
201,0.32327538792250904,1636,0.9445727482678984,114.1607061,22.313147,339051995,1552,0.10502019619157531
202,0.003686118574478267,3,0.0017321016166281756,114.1616314,22.310003,339052061,1657,0.044431621465666475
203,0.40831298826699525,1636,0.9445727482678984,114.1620267,22.3089225,339053521,1285,0.2590882862088863
204,0.3441113606082067,1638,0.9457274826789839,114.1616908,22.3135121,339053606,1510,0.12925562608193883
205,0.5462370535927016,1636,0.9445727482678984,114.1609826,22.3316735,339054158,477,0.7253317945758799
206,0.6258246480959826,1636,0.9445727482678984,114.1635753,22.3296807,339054215,192,0.8897864974033468
207,0.5444809877289478,1636,0.9445727482678984,114.1644777,22.32899,339054216,487,0.7195614541257934
208,0.6049026099529349,1636,0.9445727482678984,114.1652167,22.3283938,339054217,256,0.8528563185227929
209,0.5467708609001478,1636,0.9445727482678984,114.1669287,22.327074,339054219,474,0.727062896710906
210,0.5822592836917879,1636,0.9445727482678984,114.1676507,22.3265738,339054265,334,0.8078476630121177
211,0.8327042636308132,1636,0.9445727482678984,114.1677437,22.3264889,339054415,1,1.0
212,0.5425231322655409,1636,0.9445727482678984,114.1685278,22.3264855,339054417,496,0.7143681477207156
213,0.47811673217498385,1636,0.9445727482678984,114.1779048,22.2983439,384143869,878,0.4939411425274091
214,0.4968791821386416,1636,0.9445727482678984,114.1819002,22.3041291,384145154,755,0.5649163300634737
215,0.36631085640225386,1636,0.9445727482678984,114.1834191,22.3048121,384147520,1451,0.16330063473744952
216,0.5796711729836503,1636,0.9445727482678984,114.1840796,22.3021812,384147522,342,0.8032313906520485
217,0.37070144922341824,1636,0.9445727482678984,114.1863588,22.302106,384147857,1432,0.17426428159261395
218,0.511808567634006,1636,0.9445727482678984,114.1843385,22.3023983,384148134,665,0.6168493941142528
219,0.43940925335551234,1636,0.9445727482678984,114.1813708,22.3038526,384377131,1139,0.34333525678015003
220,0.5253464321334822,1636,0.9445727482678984,114.1837857,22.3060071,384377185,584,0.6635891517599538
221,0.4541765300400918,1636,0.9445727482678984,114.1885909,22.3023997,384377578,1052,0.3935372186959031
222,0.5307652764350954,1636,0.9445727482678984,114.1885861,22.3022692,384377579,547,0.684939411425274
223,0.4321971992228473,1636,0.9445727482678984,114.1882794,22.3017014,384377581,1171,0.32487016733987306
224,0.4543936874664061,1636,0.9445727482678984,114.1869345,22.301106,384377582,1050,0.39469128678592036
225,0.5063343446045118,1636,0.9445727482678984,114.1865846,22.3010791,384377583,699,0.5972302365839585
226,0.43322521346315185,1636,0.9445727482678984,114.1872902,22.3012357,384381698,1166,0.3277553375649163
227,0.3522608263718062,1636,0.9445727482678984,114.1880767,22.3031549,384382066,1488,0.14195037507212926
228,0.5159360244578995,1636,0.9445727482678984,114.1858367,22.3048102,384382080,642,0.6301211771494518
229,0.33735044620293997,1636,0.9445727482678984,114.1876862,22.303937,384382119,1523,0.12175418349682632
230,0.0,0,0.0,114.1888985,22.3031087,384382192,1665,0.020196191575302943
231,0.6677823577515609,1636,0.9445727482678984,114.1885558,22.3027485,384382196,98,0.9440276976341604
232,0.3694009737954981,1637,0.9451501154734411,114.1852091,22.3033338,384382986,1438,0.17080207732256203
233,0.4350143369322141,1636,0.9445727482678984,114.1861481,22.3011169,384383004,1153,0.33525678015002885
234,0.37444682597415235,1636,0.9445727482678984,114.1851372,22.3011596,384384346,1417,0.1829197922677438
235,0.5432207729142849,1636,0.9445727482678984,114.1841271,22.3009819,384385470,493,0.7160992498557415
236,0.5222237096255189,1636,0.9445727482678984,114.1841881,22.3010937,384385475,606,0.6508944027697634
237,0.46064516622314894,1636,0.9445727482678984,114.1844991,22.301112,384385484,1011,0.4171956145412579
238,0.48283968096795526,1636,0.9445727482678984,114.1842807,22.3007436,384385509,851,0.5095210617426428
239,0.42269627335346005,1636,0.9445727482678984,114.1850353,22.3005703,384387096,1219,0.2971725331794576
240,0.5028201577926965,1636,0.9445727482678984,114.1831888,22.3022995,384390555,718,0.586266589728794
241,0.3982909509269574,1636,0.9445727482678984,114.1840489,22.327228,394176279,1322,0.23773802654356607
242,0.40420063176856375,1636,0.9445727482678984,114.1841098,22.3290876,394176280,1300,0.2504327755337565
243,0.4818979042354166,1636,0.9445727482678984,114.1819872,22.3263753,394176281,858,0.5054818234275822
244,0.4238850493098536,1636,0.9445727482678984,114.1820359,22.3301947,394176283,1212,0.30121177149451817
245,0.39815591219831065,1636,0.9445727482678984,114.1819018,22.331614,394176285,1323,0.2371609924985574
246,0.3818967284425185,1636,0.9445727482678984,114.1807589,22.3288538,394176291,1391,0.19792267743796885
247,0.501175752126568,1637,0.9451501154734411,114.1807863,22.3303496,394176292,730,0.5793421811886902
248,0.5585753363282056,1636,0.9445727482678984,114.1673807,22.32278,412685610,429,0.7530294287362954
249,0.28456425310746947,1636,0.9445727482678984,114.175556,22.3341184,419495625,1597,0.07905366416618581
250,0.0,0,0.0,114.173377,22.3321231,419495626,1665,0.020196191575302943
251,0.32618201105777067,1636,0.9445727482678984,114.1729827,22.3301899,419495631,1545,0.1090594345066359
252,0.3317331062238644,1636,0.9445727482678984,114.1726772,22.3295978,419495632,1538,0.11309867282169649
253,0.3796206525008834,1636,0.9445727482678984,114.1747725,22.329601,419495751,1401,0.19215233698788228
254,0.3485017565686846,1636,0.9445727482678984,114.1755553,22.3293438,419495752,1500,0.1350259665320254
255,0.35215815288253033,1636,0.9445727482678984,114.1724857,22.3303508,419495753,1489,0.1413733410271206
256,0.3627321953046964,1636,0.9445727482678984,114.1726823,22.3302867,419495754,1458,0.15926139642238893
257,0.3071632768530019,1636,0.9445727482678984,114.173015,22.328105,419495755,1568,0.09578765147143682
258,0.3063793248104164,1636,0.9445727482678984,114.1740116,22.3291203,419495756,1571,0.09405654933641085
259,0.3007677206384453,1636,0.9445727482678984,114.1726531,22.3282355,419495758,1583,0.08713214079630698
260,0.317247709411079,1636,0.9445727482678984,114.1759712,22.3314952,419495764,1559,0.10098095787651472
261,0.3279977927938257,1636,0.9445727482678984,114.175328,22.3316039,419495772,1543,0.1102135025966532
262,0.7039493611472116,1636,0.9445727482678984,114.1657526,22.3202331,419752768,42,0.9763416041546451
263,0.4954004094241253,1636,0.9445727482678984,114.1612672,22.3287406,420027760,770,0.5562608193883439
264,0.5450305499991046,1636,0.9445727482678984,114.164098,22.3285672,420027761,486,0.7201384881708021
265,0.5265255830928648,1636,0.9445727482678984,114.1602617,22.3308617,420027766,580,0.6658972879399885
266,0.43596503007431864,1636,0.9445727482678984,114.161975,22.3295305,420027768,1150,0.33698788228505483
267,0.48561453246039193,1636,0.9445727482678984,114.1599211,22.330482,420027769,832,0.5204847085978073
268,0.5004335017706693,1636,0.9445727482678984,114.1607611,22.3298034,420027770,740,0.5735718407386036
269,0.46958107305951374,1636,0.9445727482678984,114.1616188,22.3291272,420027771,943,0.45643392960184653
270,0.0,0,0.0,114.1664471,22.3283616,420027772,1665,0.020196191575302943
271,0.004843075162879882,1,0.0005773672055427252,114.1631926,22.330882,420027773,1655,0.04558568955568378
272,0.4452526455731476,1636,0.9445727482678984,114.1640361,22.3302049,420027774,1107,0.361800346220427
273,0.523037280533025,1636,0.9445727482678984,114.1649516,22.329518,420027775,597,0.6560877091748413
274,0.5054417147094111,1636,0.9445727482678984,114.1656987,22.3289319,420027776,702,0.5954991344489324
275,0.4676183366888739,1636,0.9445727482678984,114.1644363,22.3306517,420027777,959,0.447201384881708
276,0.512604025145661,1636,0.9445727482678984,114.1653575,22.329973,420027778,661,0.6191575302942873
277,0.47516348230061994,1636,0.9445727482678984,114.1661034,22.3293878,420027779,905,0.4783612233121754
278,0.42604832318820596,1636,0.9445727482678984,114.1635771,22.3313225,420027780,1202,0.30698211194460473
279,0.4275648244483959,1636,0.9445727482678984,114.1671878,22.3046557,420041549,1191,0.31332948643969993
280,0.6514506843017305,1636,0.9445727482678984,114.1674489,22.3047953,420041599,127,0.9272937103289094
281,0.6456611930887797,1636,0.9445727482678984,114.1653752,22.3061858,420041600,144,0.9174841315637623
282,0.2582493100152708,1636,0.9445727482678984,114.1928269,22.3293161,437333586,1614,0.06924408540103866
283,0.5092750051968337,1636,0.9445727482678984,114.1871608,22.3065229,440640784,679,0.6087709174841316
284,0.4135306832693028,1636,0.9445727482678984,114.1913125,22.3240314,440645694,1261,0.27293710328909404
285,0.47699279941298955,1636,0.9445727482678984,114.1888164,22.3054804,441532227,893,0.4852856318522793
286,0.402331379145532,1636,0.9445727482678984,114.186865,22.3030352,441534483,1310,0.24466243508366994
287,0.4522184422707651,1636,0.9445727482678984,114.1787379,22.2977867,441535160,1062,0.3877668782458165
288,0.440103518561314,1636,0.9445727482678984,114.175733,22.2953873,441535164,1132,0.3473744950952106
289,0.3704697962698624,1636,0.9445727482678984,114.1722823,22.2946085,441535168,1435,0.172533179457588
290,0.4173292883388852,1636,0.9445727482678984,114.1711524,22.2945935,441535437,1249,0.27986151182919794
291,0.37032464385700614,1637,0.9451501154734411,114.1690157,22.2939204,441536279,1437,0.1713791113675707
292,0.4994620516370836,1636,0.9445727482678984,114.1753317,22.2951937,441549980,745,0.5706866705135603
293,0.47799188413851695,1636,0.9445727482678984,114.1800526,22.2997894,452737038,880,0.4927870744373918
294,0.5604991367596417,1636,0.9445727482678984,114.1763685,22.3116448,452738352,418,0.7593768032313907
295,0.5553783495734578,1636,0.9445727482678984,114.1770264,22.3061274,452738365,441,0.7461050201961916
296,0.35472274976214985,1636,0.9445727482678984,114.1837139,22.3071111,457888291,1484,0.14425851125216388
297,0.007273642640816412,1,0.0005773672055427252,114.1844332,22.3058847,459472929,1649,0.04875937680323139
298,0.6633140632768417,1636,0.9445727482678984,114.1866264,22.3068832,459474122,103,0.9411425274091172
299,0.4335901216238291,1636,0.9445727482678984,114.1857626,22.3045796,459476448,1163,0.3294864396999423
300,0.45225231280890005,1636,0.9445727482678984,114.1854742,22.3044166,459476449,1061,0.38834391229082516
301,0.43349916912973524,1636,0.9445727482678984,114.1851897,22.304207,459476450,1164,0.32890940565493365
302,0.40514013336621235,1636,0.9445727482678984,114.18476,22.3040276,459476482,1298,0.2515868436237738
303,0.4555590613488323,1636,0.9445727482678984,114.1863787,22.3042773,459476552,1044,0.3981534910559723
304,0.0,0,0.0,114.185967,22.3128369,461618801,1665,0.020196191575302943
305,0.597261138899369,1636,0.9445727482678984,114.1670173,22.3047396,474209048,285,0.8361223312175419
306,0.6593310030749454,1636,0.9445727482678984,114.1673753,22.3049012,474209050,109,0.9376803231390652
307,0.4741126039533767,1636,0.9445727482678984,114.1803021,22.3270443,484136468,914,0.47316791690709753
308,0.4905022987977642,1636,0.9445727482678984,114.1745225,22.3250746,484136661,800,0.5389497980380843
309,0.6651690601105235,1636,0.9445727482678984,114.1743593,22.3072019,485659486,102,0.9417195614541258
310,0.5801219561664791,1636,0.9445727482678984,114.1748574,22.3068324,485660466,341,0.8038084246970572
311,0.5451161597240398,1636,0.9445727482678984,114.1647416,22.3252357,493179429,485,0.7207155222158107
312,0.506819223047617,1636,0.9445727482678984,114.1903863,22.3088124,493883960,696,0.5989613387189844
313,0.40965825433208786,1636,0.9445727482678984,114.1944234,22.3192266,494142279,1281,0.26139642238892097
314,0.4103604342223481,1636,0.9445727482678984,114.1707694,22.2946759,495137366,1278,0.2631275245239469
315,0.503008580377955,1636,0.9445727482678984,114.1683778,22.3004638,495137475,717,0.5868436237738026
316,0.39531784026998157,1636,0.9445727482678984,114.1798638,22.3027724,496035667,1344,0.22504327755337564
317,0.4223764555377557,1636,0.9445727482678984,114.1807413,22.3036908,496035674,1222,0.2954414310444316
318,0.3359048783625834,1637,0.9451501154734411,114.1574027,22.3346153,496764921,1526,0.12002308136180034
319,0.5533662009413945,1636,0.9445727482678984,114.1611593,22.3074138,506470908,447,0.7426428159261397
320,0.4234383112091854,1636,0.9445727482678984,114.1541402,22.3309109,506479761,1213,0.3006347374495095
321,0.4181794270937505,1636,0.9445727482678984,114.1589607,22.3237215,513354006,1244,0.2827466820542412
322,0.5151882718560078,1636,0.9445727482678984,114.1910275,22.3224981,519829961,647,0.6272360069244085
323,0.44899544935552566,1636,0.9445727482678984,114.1914607,22.3233522,519830025,1079,0.37795729948066936
324,0.4639063147935734,1636,0.9445727482678984,114.1888795,22.3234266,519831404,989,0.4298903635314484
325,0.3958580720321971,1636,0.9445727482678984,114.1894027,22.3232035,519831414,1341,0.2267743796884016
326,0.4767071525934193,1636,0.9445727482678984,114.1903515,22.3239101,519918268,895,0.48413156376226196
327,0.41837003513244375,1636,0.9445727482678984,114.1786653,22.3000954,523588218,1242,0.28390075014425853
328,0.28694879688396924,1636,0.9445727482678984,114.1942465,22.3332009,523609080,1593,0.08136180034622043
329,0.2782472202803115,1640,0.9468822170900693,114.1955014,22.3334046,568156697,1602,0.07616849394114253
330,0.02516272857817872,2,0.0011547344110854503,114.195765,22.3321478,568156760,1636,0.05654933641084824
331,0.0,0,0.0,114.195937,22.3324702,568156805,1665,0.020196191575302943
332,0.010305058757198794,2,0.0011547344110854503,114.1958568,22.332051,568156941,1646,0.050778995960761686
333,0.0,0,0.0,114.1958154,22.3329999,568156962,1665,0.020196191575302943
334,0.0,0,0.0,114.1965594,22.3327498,568156975,1665,0.020196191575302943
335,0.3241024641726391,1639,0.9463048498845266,114.1961341,22.3320071,568157081,1550,0.10617426428159261
336,0.3046318129948277,1636,0.9445727482678984,114.1957722,22.3317668,568157089,1574,0.09232544720138489
337,0.3037444188170537,1637,0.9451501154734411,114.1976854,22.3332544,568157200,1577,0.09059434506635891
338,0.2744949664998499,1638,0.9457274826789839,114.195525,22.3318236,568157310,1608,0.0727062896710906
339,0.3949490685444468,1637,0.9451501154734411,114.1895106,22.3276463,568273429,1346,0.22388920946335833
340,0.44868869227147673,1636,0.9445727482678984,114.1880086,22.3273658,568273430,1084,0.3750721292556261
341,0.4402307016977786,1636,0.9445727482678984,114.1830426,22.3265556,568273435,1130,0.3485285631852279
342,0.35530653603118195,1636,0.9445727482678984,114.1910456,22.3277762,568273448,1482,0.1454125793421812
343,0.24291884341909592,1636,0.9445727482678984,114.1915207,22.3281596,568273464,1618,0.06693594922100404
344,0.42874107646279047,1636,0.9445727482678984,114.1918838,22.3280991,568273474,1188,0.3150605885747259
345,0.4030811220898521,1636,0.9445727482678984,114.1884306,22.3265842,568273476,1306,0.24697057126370456
346,0.4455057186234977,1636,0.9445727482678984,114.1876214,22.3289754,568273477,1105,0.36295441431044434
347,0.43500672258367173,1636,0.9445727482678984,114.1898054,22.3277918,568273492,1154,0.3346797461050202
348,0.39693422248588756,1636,0.9445727482678984,114.1898428,22.3289002,568273493,1332,0.2319676860934795
349,0.4124318584949645,1636,0.9445727482678984,114.1892822,22.3289177,568273494,1267,0.26947489901904215
350,0.5267874200037885,1636,0.9445727482678984,114.1852354,22.3269192,568273497,577,0.6676283900750144
351,0.49710363751498937,1636,0.9445727482678984,114.1893469,22.3272562,568369991,753,0.566070398153491
352,0.30389856727242726,1637,0.9451501154734411,114.1790956,22.33642,574302298,1576,0.09117137911136756
353,0.3826899729027597,1636,0.9445727482678984,114.1898263,22.3197666,574312961,1385,0.20138488170802077
354,0.27237631747601604,1636,0.9445727482678984,114.1896395,22.3193568,574312973,1610,0.07155222158107329
355,0.46968006022362274,1636,0.9445727482678984,114.1849696,22.3100872,574313738,942,0.4570109636468552
356,0.3865179866584197,1636,0.9445727482678984,114.1848785,22.3101762,574313748,1367,0.21177149451817656
357,0.5089840836374379,1636,0.9445727482678984,114.1869538,22.3273486,576880570,683,0.6064627813040969
358,0.45167537077544656,1636,0.9445727482678984,114.1828377,22.3117888,582481740,1065,0.38603577611079054
359,0.4451312178194393,1636,0.9445727482678984,114.1855265,22.3093688,582481816,1108,0.36122331217541837
360,0.628303008915804,1636,0.9445727482678984,114.1875581,22.3088418,582481839,185,0.8938257357184074
361,0.47994861092986213,1636,0.9445727482678984,114.1853278,22.3093638,582482198,869,0.49913444893248704
362,0.43951472889196425,1636,0.9445727482678984,114.1801558,22.3150449,582482277,1137,0.3444893248701673
363,0.42998134787562936,1636,0.9445727482678984,114.1832558,22.3088278,582486609,1182,0.31852279284477786
364,0.3746401674197275,1636,0.9445727482678984,114.184037,22.3094138,582486612,1415,0.1840738603577611
365,0.5050351040396761,1636,0.9445727482678984,114.1850423,22.3083545,582486617,705,0.5937680323139065
366,0.5356035613867528,1636,0.9445727482678984,114.1847574,22.3085337,582486618,529,0.6953260242354299
367,0.49362699725612125,1636,0.9445727482678984,114.184371,22.3087768,582486619,781,0.5499134448932487
368,0.5570923930383092,1636,0.9445727482678984,114.184507,22.3081931,582486620,434,0.7501442585112522
369,0.36019410052343903,1636,0.9445727482678984,114.1835471,22.3099145,582486626,1465,0.15522215810732834
370,0.0,0,0.0,114.1857052,22.3079296,582486639,1665,0.020196191575302943
371,0.5784478624102833,1636,0.9445727482678984,114.1854614,22.3075958,582486640,347,0.8003462204270052
372,0.5875646412175065,1636,0.9445727482678984,114.1874426,22.3080225,582486660,315,0.8188113098672821
373,0.5286263148152901,1636,0.9445727482678984,114.1842255,22.3093194,582486679,565,0.6745527986151183
374,0.5294780001960647,1636,0.9445727482678984,114.1838978,22.308589,582486837,560,0.6774379688401616
375,0.5428997702993331,1636,0.9445727482678984,114.1875507,22.3085735,582486851,495,0.7149451817657242
376,0.5189780528328857,1636,0.9445727482678984,114.1838951,22.3090124,582486941,623,0.6410848240046163
377,0.43973544607019094,1636,0.9445727482678984,114.1835475,22.3087922,582486944,1135,0.34564339296018465
378,0.47690229849913574,1636,0.9445727482678984,114.1811862,22.3072208,582486959,894,0.4847085978072706
379,0.4063009422420321,1636,0.9445727482678984,114.1806577,22.3067338,582593236,1292,0.2550490478938257
380,0.4709455707177018,1636,0.9445727482678984,114.1801415,22.3061071,582593262,933,0.46220427005193304
381,0.5443538436946133,1636,0.9445727482678984,114.1790845,22.305623,582593265,489,0.7184073860357761
382,0.5290521828132427,1636,0.9445727482678984,114.1783729,22.3057544,582593267,564,0.6751298326601269
383,0.4179845854794275,1636,0.9445727482678984,114.1808046,22.3070679,582593293,1245,0.28216964800923255
384,0.3517967440147885,1636,0.9445727482678984,114.1805856,22.3070256,582593329,1490,0.14079630698211196
385,0.32357263668095076,1636,0.9445727482678984,114.1811766,22.30432,582593392,1551,0.10559723023658396
386,0.3797478496620867,1636,0.9445727482678984,114.1814843,22.3061159,582593415,1400,0.19272937103289095
387,0.39993007122426216,1636,0.9445727482678984,114.1815653,22.3052918,582593417,1318,0.2400461627236007
388,0.3734209747011315,1636,0.9445727482678984,114.1793684,22.3078071,582593473,1424,0.1788805539526832
389,0.38691447503925736,1636,0.9445727482678984,114.1789917,22.3086809,582593479,1366,0.21234852856318523
390,0.3911087649333263,1636,0.9445727482678984,114.1788739,22.3092717,582596632,1360,0.21581073283323715
391,0.36555910943529085,1636,0.9445727482678984,114.1789901,22.3090772,582596633,1453,0.1621465666474322
392,0.37089849727542124,1636,0.9445727482678984,114.1812076,22.3066487,582596651,1430,0.17541834968263129
393,0.3453469093484197,1636,0.9445727482678984,114.1818047,22.3062009,582596692,1507,0.1309867282169648
394,0.0,0,0.0,114.1831868,22.2846585,587637080,1665,0.020196191575302943
395,0.2043347300257993,1637,0.9451501154734411,114.1830717,22.2846466,587637101,1625,0.06289671090594345
396,0.3850402587642764,1636,0.9445727482678984,114.1896162,22.3182366,597408265,1374,0.20773225620311597
397,0.35503523625186495,1636,0.9445727482678984,114.1784179,22.3059056,629539289,1483,0.14483554529717255
398,0.5030173220683024,1636,0.9445727482678984,114.1676527,22.3244605,653112507,716,0.5874206578188114
399,0.47070295639633897,1636,0.9445727482678984,114.1616453,22.3070758,660415615,935,0.46105020196191576
400,0.5822905218075126,1636,0.9445727482678984,114.1590169,22.3296552,660864274,333,0.8084246970571264
401,0.44758115038171264,1637,0.9451501154734411,114.1618473,22.3326545,660864276,1092,0.3704558568955568
402,0.5009090147082178,1636,0.9445727482678984,114.1604067,22.3294008,660864277,733,0.5776110790536642
403,0.0,0,0.0,114.1630195,22.3273642,660864278,1665,0.020196191575302943
404,0.533841510032324,1636,0.9445727482678984,114.1769813,22.311715,675264194,538,0.690132717830352
405,0.5777329828111987,1636,0.9445727482678984,114.1764941,22.3119957,675264198,353,0.7968840161569533
406,0.37038963717146034,1636,0.9445727482678984,114.176703,22.3125406,675264200,1436,0.17195614541257934
407,0.5960759754115481,1636,0.9445727482678984,114.1789543,22.3173395,675264208,289,0.8338141950375072
408,0.6058518050973619,1636,0.9445727482678984,114.1791144,22.3172841,675264211,253,0.8545874206578188
409,0.6452927587949367,1636,0.9445727482678984,114.177892,22.3176704,675264249,145,0.9169070975187537
410,0.3386433468046145,1636,0.9445727482678984,114.1785841,22.3175059,675264297,1520,0.12348528563185228
411,0.4601121755312693,1636,0.9445727482678984,114.1772108,22.3152967,675264372,1015,0.4148874783612233
412,0.5387286197956674,1636,0.9445727482678984,114.1785348,22.3176764,675264398,513,0.7045585689555683
413,0.646303260544542,1636,0.9445727482678984,114.1778323,22.3177931,675264429,141,0.9192152336987882
414,0.6553143751627135,1636,0.9445727482678984,114.17793,22.3177521,675264486,120,0.93133294864397
415,0.5196133857440197,1636,0.9445727482678984,114.1789154,22.3181676,675264494,618,0.6439699942296595
416,0.503906338488764,1636,0.9445727482678984,114.1790631,22.3172019,675264499,711,0.5903058280438546
417,0.4232602640094757,1636,0.9445727482678984,114.177303,22.3152201,675264558,1214,0.3000577034045009
418,0.40151264050615193,1636,0.9445727482678984,114.1786247,22.3061226,675763958,1313,0.24293133294864397
419,0.5380722419682901,1636,0.9445727482678984,114.1754457,22.3066395,675764014,516,0.7028274668205424
420,0.373826078964389,1636,0.9445727482678984,114.1782053,22.3059996,675764045,1421,0.18061165608770918
421,0.45959453059384675,1636,0.9445727482678984,114.1779356,22.3038962,675764061,1019,0.4125793421811887
422,0.5459341068004648,1636,0.9445727482678984,114.1782949,22.3055281,675764066,480,0.723600692440854
423,0.42171624860478957,1636,0.9445727482678984,114.1786497,22.3053647,675764190,1224,0.2942873629544143
424,0.47250438395874594,1636,0.9445727482678984,114.1781895,22.3041189,675764196,925,0.4668205424120023
425,0.0,0,0.0,114.1924962,22.318446,685141063,1665,0.020196191575302943
426,0.0,0,0.0,114.1918295,22.3173107,685141070,1665,0.020196191575302943
427,0.3433019568204189,1636,0.9445727482678984,114.1892583,22.3150268,685141084,1512,0.12810155799192152
428,0.34105892742110716,1637,0.9451501154734411,114.1889858,22.3145563,685141086,1515,0.12637045585689555
429,0.4941196526016773,1636,0.9445727482678984,114.1766198,22.3019543,710347237,777,0.5522215810732833
430,0.6781025389677349,1636,0.9445727482678984,114.1770238,22.3029954,710347239,74,0.9578765147143682
431,0.3814685297434981,1636,0.9445727482678984,114.1756232,22.2980996,759629890,1393,0.19676860934795154
432,0.46873266458012847,1636,0.9445727482678984,114.1754917,22.2972814,759629913,947,0.45412579342181186
433,0.47085861791080086,1636,0.9445727482678984,114.1752389,22.2951503,759629968,934,0.4616272360069244
434,0.48065178075557435,1636,0.9445727482678984,114.1764882,22.3015651,759630057,865,0.5014425851125216
435,0.502466021302041,1636,0.9445727482678984,114.1752039,22.2954061,759630064,721,0.584535487593768
436,0.3838853632326273,1636,0.9445727482678984,114.1757275,22.2987454,759630065,1381,0.20369301788805538
437,0.44441691530862254,1636,0.9445727482678984,114.188032,22.3264229,804106322,1111,0.3594922100403924
438,0.3988748338876105,1636,0.9445727482678984,114.1880374,22.3262861,804106378,1321,0.23831506058857474
439,0.6427272883951655,1636,0.9445727482678984,114.1769266,22.3210151,804106457,150,0.9140219272937103
440,0.5725629278072029,1636,0.9445727482678984,114.1775493,22.3213343,804106467,375,0.7841892671667628
441,0.6407896225874667,1636,0.9445727482678984,114.1779578,22.3215726,804106483,153,0.9122908251586843
442,0.6318726970589005,1636,0.9445727482678984,114.1782441,22.3216911,804106489,173,0.9007501442585113
443,0.38253890993852224,1636,0.9445727482678984,114.1804845,22.3227056,804106555,1386,0.20080784766301213
444,0.5156655442695569,1636,0.9445727482678984,114.1836701,22.3240913,804106579,644,0.6289671090594345
445,0.6382943114907962,1636,0.9445727482678984,114.1775856,22.3211563,804106892,157,0.9099826889786498
446,0.47670102132258246,1636,0.9445727482678984,114.1771973,22.3207389,804106904,896,0.4835545297172533
447,0.7039638408185664,1636,0.9445727482678984,114.175548,22.31854,804106917,41,0.9769186381996537
448,0.6874207209289369,1636,0.9445727482678984,114.175495,22.31847,804106924,59,0.966532025389498
449,0.5177365305380819,1636,0.9445727482678984,114.1837308,22.3239891,804107078,628,0.638199653779573
450,0.6687269463015766,1636,0.9445727482678984,114.1783125,22.3215158,804107149,95,0.9457587997691864
451,0.6408498009462845,1636,0.9445727482678984,114.1781036,22.3214026,804107153,152,0.9128678592036931
452,0.5651963589298363,1636,0.9445727482678984,114.1722279,22.3197792,804107233,400,0.7697634160415464
453,0.6398724715142775,1636,0.9445727482678984,114.1717101,22.3196999,804107237,154,0.9117137911136757
454,0.678869522685321,1636,0.9445727482678984,114.1699774,22.3193945,804107264,72,0.9590305828043855
455,0.4939504037694789,1636,0.9445727482678984,114.1790115,22.3199631,804107379,779,0.5510675129832661
456,0.4065685769804334,1636,0.9445727482678984,114.1778528,22.3218569,804107400,1291,0.2556260819388344
457,0.4778026223763225,1636,0.9445727482678984,114.1785766,22.3210267,804107465,884,0.49047893825735717
458,0.5409416800130935,1636,0.9445727482678984,114.1791897,22.3200401,804107482,505,0.7091748413156376
459,0.4915040993326693,1636,0.9445727482678984,114.1792064,22.3187303,804107493,794,0.5424120023081361
460,0.5079689090922698,1636,0.9445727482678984,114.1817949,22.3136033,804107967,687,0.6041546451240624
461,0.5816346975004542,1636,0.9445727482678984,114.1797755,22.3169238,804107973,335,0.8072706289671091
462,0.5369434633697564,1636,0.9445727482678984,114.1748787,22.3198044,804108139,524,0.6982111944604732
463,0.5089334159078981,1636,0.9445727482678984,114.1819173,22.3136315,804108174,684,0.6058857472590883
464,0.5007698218792865,1636,0.9445727482678984,114.17518,22.319079,804108396,736,0.5758799769186382
465,0.4432449009936924,1636,0.9445727482678984,114.1832233,22.3200999,804108815,1115,0.3571840738603578
466,0.4671919741214731,1636,0.9445727482678984,114.1842335,22.3231581,804108926,965,0.44373918061165607
467,0.39802047918896083,1636,0.9445727482678984,114.1901267,22.3180178,857781427,1324,0.23658395845354876
468,0.47333025890165636,1636,0.9445727482678984,114.1891912,22.325213,988059409,920,0.4697057126370456
469,0.3767204518884555,1636,0.9445727482678984,114.1864027,22.3125983,988059421,1410,0.1869590305828044
470,0.35620093409010284,1637,0.9451501154734411,114.1864054,22.305503,988059424,1476,0.1488747836122331
471,0.48673358942411943,1636,0.9445727482678984,114.1687326,22.2997639,988059453,825,0.5245239469128679
472,0.5076622385319617,1636,0.9445727482678984,114.1875366,22.3154388,988059474,690,0.6024235429890363
473,0.35016729271134484,1640,0.9468822170900693,114.1915865,22.3175119,988059487,1493,0.13906520484708598
474,0.5130823633273447,1636,0.9445727482678984,114.1933423,22.3202607,988059488,656,0.6220427005193306
475,0.5566618542643658,1636,0.9445727482678984,114.1934426,22.3202081,988059491,436,0.7489901904212348
476,0.5163055181635003,1636,0.9445727482678984,114.1894164,22.3255515,988059511,639,0.6318522792844777
477,0.46181836870020065,1636,0.9445727482678984,114.1894564,22.3122424,988059518,1005,0.42065781881130987
478,0.4762073903494915,1636,0.9445727482678984,114.1879234,22.3214533,988059536,902,0.4800923254472014
479,0.588738379529891,1636,0.9445727482678984,114.1867184,22.306829,988059568,312,0.8205424120023082
480,0.4465779146295158,1636,0.9445727482678984,114.1897237,22.3163187,988059579,1097,0.36757068667051357
481,0.3851489955620849,1636,0.9445727482678984,114.1902908,22.3183353,988059585,1372,0.2088863242931333
482,0.5858746334962742,1636,0.9445727482678984,114.1875195,22.307984,988059589,319,0.8165031736872476
483,0.3960682980906876,1636,0.9445727482678984,114.1869819,22.3163167,988059596,1338,0.2285054818234276
484,0.4483686508444505,1636,0.9445727482678984,114.1940226,22.3211992,988059643,1087,0.37334102712060013
485,0.41237482999449,1636,0.9445727482678984,114.1868091,22.3111504,988059647,1268,0.26889786497403345
486,0.3736584457438797,1638,0.9457274826789839,114.1907389,22.3166356,988059662,1422,0.18003462204270052
487,0.5579598586672684,1636,0.9445727482678984,114.1888063,22.3245307,988059670,433,0.7507212925562609
488,0.39394997802538545,1636,0.9445727482678984,114.1932322,22.3200091,988059672,1351,0.22100403923831505
489,0.35254409514859286,1636,0.9445727482678984,114.190956,22.3176389,988059720,1487,0.1425274091171379
490,0.47662376563988923,1636,0.9445727482678984,114.186565,22.3125202,988059722,898,0.482400461627236
491,0.4843769031223118,1636,0.9445727482678984,114.1879289,22.322758,988059733,840,0.515868436237738
492,0.49670886863606767,1636,0.9445727482678984,114.1899309,22.3240921,988059737,758,0.5631852279284478
493,0.39427637060027915,1636,0.9445727482678984,114.1887434,22.3152904,988059751,1348,0.22273514137334102
494,0.536695803527933,1636,0.9445727482678984,114.1685317,22.2999717,988059784,527,0.6964800923254472
495,0.3467771697527115,1636,0.9445727482678984,114.1684636,22.2996354,988059831,1503,0.13329486439699942
496,0.44005139719040126,1636,0.9445727482678984,114.1856059,22.310936,988059857,1133,0.346797461050202
497,0.6000464724706215,1636,0.9445727482678984,114.187641,22.3200504,988059866,273,0.8430467397576457
498,0.48976506758215466,1636,0.9445727482678984,114.1840473,22.3106758,989118852,804,0.5366416618580496
499,0.0,0,0.0,114.1888085,22.3029984,989118996,1665,0.020196191575302943
500,0.3411358424015766,1636,0.9445727482678984,114.1872566,22.3033452,989119028,1514,0.12694748990190421
501,0.4824966335520158,1636,0.9445727482678984,114.1887062,22.305549,989119228,854,0.5077899596076169
502,0.5291817204335542,1636,0.9445727482678984,114.1902744,22.3088265,989119527,562,0.6762839007501442
503,0.38420017565717085,1636,0.9445727482678984,114.1875684,22.3039793,989119615,1377,0.20600115406809003
504,0.4900732437713139,1636,0.9445727482678984,114.1831157,22.3087541,989119644,802,0.5377957299480669
505,0.42719571104195386,1636,0.9445727482678984,114.1839437,22.3037463,989119836,1194,0.31159838430467396
506,0.40425487562496354,1636,0.9445727482678984,114.1880548,22.3046455,989119838,1299,0.2510098095787651
507,0.4995753833971381,1636,0.9445727482678984,114.1859238,22.3270451,990120027,743,0.5718407386035776
508,0.5272377399289199,1636,0.9445727482678984,114.1859467,22.3048912,990120029,574,0.6693594922100404
509,0.37922751260309717,1637,0.9451501154734411,114.1856061,22.3018324,990120034,1402,0.19157530294287364
510,0.4874109000430298,1636,0.9445727482678984,114.1844288,22.3071236,990120058,821,0.5268320830929025
511,0.49988197713537863,1636,0.9445727482678984,114.1830618,22.3024001,990120065,742,0.5724177726485863
512,0.4456439146951686,1636,0.9445727482678984,114.1858276,22.3272828,990120079,1104,0.363531448355453
513,0.45761495622791587,1636,0.9445727482678984,114.1841451,22.3057042,990120080,1031,0.40565493364108485
514,0.45284662076777915,1636,0.9445727482678984,114.1837717,22.3062192,990120107,1057,0.39065204847085977
515,0.3557728540843678,1636,0.9445727482678984,114.1832827,22.3073803,990120113,1479,0.14714368147720716
516,0.4742887351236964,1636,0.9445727482678984,114.1882795,22.303118,990120130,912,0.4743219849971148
517,0.6276421996831318,1636,0.9445727482678984,114.18756,22.3089327,990120140,189,0.8915175995383727
518,0.4215042379947671,1636,0.9445727482678984,114.1844548,22.3017796,990120169,1225,0.2937103289094057
519,0.5647215896511816,1636,0.9445727482678984,114.1770834,22.3063539,990120205,402,0.7686093479515291
520,0.714565799099969,1636,0.9445727482678984,114.1771985,22.3028986,990120213,35,0.9803808424697057
521,0.48932142590793476,1636,0.9445727482678984,114.188555,22.3122973,990120217,810,0.5331794575879977
522,0.010897010522850768,1,0.0005773672055427252,114.1900167,22.3205896,990120246,1645,0.05135603000577034
523,0.46435314074895595,1636,0.9445727482678984,114.1820579,22.3259642,990120262,985,0.432198499711483
524,0.4264744565543334,1636,0.9445727482678984,114.1829273,22.3033708,990120307,1199,0.3087132140796307
525,0.45742968887795454,1636,0.9445727482678984,114.1868137,22.3129314,990120326,1032,0.40507789959607615
526,0.6240586384204351,1636,0.9445727482678984,114.1876462,22.3089354,990120340,199,0.8857472590882862
527,0.4401091031786354,1636,0.9445727482678984,114.1842406,22.3271798,990120355,1131,0.34795152914021926
528,0.4766207102735835,1636,0.9445727482678984,114.1862702,22.3045273,990120382,899,0.48182342758222735
529,0.4953710414618106,1636,0.9445727482678984,114.1841928,22.3068121,990120425,771,0.5556837853433353
530,0.4034169408481689,1636,0.9445727482678984,114.1844696,22.3038841,990120446,1302,0.24927870744373917
531,0.6302524906243326,1636,0.9445727482678984,114.1876446,22.3088568,990120449,177,0.8984420080784766
532,0.5098691958209646,1636,0.9445727482678984,114.1869511,22.327197,990120470,677,0.6099249855741489
533,0.3343336673738265,1636,0.9445727482678984,114.187575,22.3126638,990120487,1533,0.11598384304673975
534,0.4269049124844701,1636,0.9445727482678984,114.1837317,22.3059258,990120613,1196,0.3104443162146567
535,0.467406893273805,1636,0.9445727482678984,114.1837681,22.3271974,990120650,961,0.4460473167916907
536,0.48221466451000383,1636,0.9445727482678984,114.181175,22.3020648,990120665,857,0.5060588574725908
537,0.3969611582755559,1636,0.9445727482678984,114.1887377,22.3025382,990625708,1331,0.23254472013848818
538,0.5939889043158264,1636,0.9445727482678984,114.1885972,22.3028217,990625730,296,0.8297749567224466
539,0.5094595218670506,1636,0.9445727482678984,114.1802608,22.2995404,990625764,678,0.6093479515291402
540,0.3495604632661915,1636,0.9445727482678984,114.1884138,22.3028124,990625795,1496,0.13733410271206
541,0.48615370708214806,1636,0.9445727482678984,114.1884625,22.3030127,990625811,829,0.5222158107328332
542,0.351600887196152,1636,0.9445727482678984,114.1805796,22.2992901,990625873,1491,0.1402192729371033
543,0.4963167199883341,1636,0.9445727482678984,114.1865275,22.3009591,990625879,762,0.5608770917484132
544,0.4840915117890498,1636,0.9445727482678984,114.1573622,22.3294386,991294657,842,0.5147143681477208
545,0.5274484746449011,1636,0.9445727482678984,114.1637501,22.3211415,991294702,573,0.6699365262550491
546,0.6258519849264373,1636,0.9445727482678984,114.1703054,22.311819,991294801,191,0.8903635314483554
547,0.39920731245673335,1636,0.9445727482678984,114.1758732,22.2995765,991294805,1320,0.23889209463358338
548,0.5192420375374128,1636,0.9445727482678984,114.1637351,22.3281631,991294824,622,0.641661858049625
549,0.6083131712960224,1636,0.9445727482678984,114.1693935,22.3159408,991294876,246,0.8586266589728794
550,0.4956818978864963,1636,0.9445727482678984,114.1582224,22.3287618,991294879,769,0.5568378534333526
551,0.45408693126646144,1636,0.9445727482678984,114.1599591,22.3289216,991294886,1054,0.39238315060588574
552,0.5422624825135832,1636,0.9445727482678984,114.1648729,22.3215084,991294889,500,0.7120600115406809
553,0.684660622241354,1636,0.9445727482678984,114.1698294,22.3107556,991294942,61,0.9653779572994806
554,0.5694881281323616,1636,0.9445727482678984,114.158623,22.3292078,991294970,384,0.778995960761685
555,0.5510044834399184,1636,0.9445727482678984,114.1641131,22.3271907,991294995,460,0.7351413733410271
556,0.5057431793961875,1636,0.9445727482678984,114.1591683,22.3280228,991295018,700,0.5966532025389498
557,0.0,0,0.0,114.1652053,22.321935,991295054,1665,0.020196191575302943
558,0.49190785139604,1636,0.9445727482678984,114.1633726,22.3277584,991295076,789,0.5452971725331794
559,0.5046965657979864,1636,0.9445727482678984,114.1595635,22.328474,991295090,707,0.5926139642238892
560,0.5371520543317841,1636,0.9445727482678984,114.1703012,22.3107915,991295126,523,0.6987882285054818
561,0.4880075835582013,1636,0.9445727482678984,114.1624854,22.328455,998046345,819,0.5279861511829198
562,0.5113384002330086,1636,0.9445727482678984,114.1628411,22.3288542,998046347,670,0.6139642238892095
563,0.5039897417232103,1636,0.9445727482678984,114.1799237,22.2999156,1029866980,709,0.5914598961338718
564,0.5777569670775008,1636,0.9445727482678984,114.1726054,22.3180242,1107287994,352,0.7974610502019619
565,0.6558518915316106,1636,0.9445727482678984,114.1735613,22.3177122,1107287995,119,0.9319099826889786
566,0.0,0,0.0,114.1727977,22.3170746,1107287997,1665,0.020196191575302943
567,0.5247499446282438,1636,0.9445727482678984,114.1746572,22.3251029,1139326589,588,0.6612810155799193
568,0.43740725581763884,1636,0.9445727482678984,114.1762494,22.3254575,1139326660,1147,0.3387189844200808
569,0.42661747980928566,1636,0.9445727482678984,114.1832969,22.3206796,1139441035,1198,0.30929024812463934
570,0.43445336742338614,1636,0.9445727482678984,114.1833374,22.3227398,1139441156,1157,0.33294864396999424
571,0.6515369703263615,1636,0.9445727482678984,114.1782117,22.3214603,1139904705,126,0.927870744373918
572,0.4584288827099485,1636,0.9445727482678984,114.1791702,22.3189331,1139904730,1027,0.40796306982111946
573,0.4055300619803718,1636,0.9445727482678984,114.1781885,22.3257053,1140062891,1295,0.2533179457587998
574,0.46135207679090645,1636,0.9445727482678984,114.1797771,22.3286828,1140062911,1007,0.41950375072129253
575,0.44916363576005874,1636,0.9445727482678984,114.1784192,22.3251361,1140062928,1077,0.3791113675706867
576,0.49534594021360373,1636,0.9445727482678984,114.1782581,22.3245191,1140062938,772,0.5551067512983267
577,0.2991989656294008,1636,0.9445727482678984,114.1784146,22.3276533,1140062960,1586,0.08540103866128101
578,0.39676780678749524,1636,0.9445727482678984,114.1778509,22.325658,1140062985,1333,0.23139065204847087
579,0.4717311050780869,1636,0.9445727482678984,114.1785913,22.3272501,1140063015,930,0.463935372186959
580,0.3657239113886361,1636,0.9445727482678984,114.1788876,22.3325386,1141756868,1452,0.16272360069244085
581,0.47793002693537073,1636,0.9445727482678984,114.1800269,22.3260418,1141792825,881,0.49221004039238314
582,0.5204109376880323,1636,0.9445727482678984,114.179194,22.3258934,1141792828,614,0.6462781304096942
583,0.5590843566364482,1636,0.9445727482678984,114.1782665,22.3253631,1141792833,425,0.7553375649163301
584,0.4163386491849756,1636,0.9445727482678984,114.1785292,22.3261426,1141792836,1253,0.2775533756491633
585,0.43841493205004073,1636,0.9445727482678984,114.1785024,22.3253739,1141792839,1143,0.3410271206001154
586,0.4975235283936292,1636,0.9445727482678984,114.1783989,22.3257314,1141792843,751,0.5672244662435084
587,0.3114324448542034,1636,0.9445727482678984,114.1785438,22.3289449,1141935427,1565,0.09751875360646278
588,0.3048520063093007,1636,0.9445727482678984,114.1783702,22.3272456,1141935440,1573,0.09290248124639354
589,0.6464656715056943,1636,0.9445727482678984,114.1738083,22.3163915,1151084790,140,0.9197922677437969
590,0.7565554521721397,1636,0.9445727482678984,114.1706023,22.3130352,1151084802,12,0.9936526255049047
591,0.4514348158020322,1636,0.9445727482678984,114.1738783,22.3201889,1151084807,1069,0.3837276399307559
592,0.5884483906166589,1636,0.9445727482678984,114.1696932,22.317427,1151084818,313,0.8199653779572995
593,0.7658390976387571,1636,0.9445727482678984,114.1706182,22.3129467,1151084822,9,0.9953837276399308
594,0.6826825931309942,1636,0.9445727482678984,114.1702952,22.31455,1151084825,64,0.9636468551644547
595,0.5271874304656541,1636,0.9445727482678984,114.1681252,22.3251251,1151084826,575,0.6687824581650318
596,0.7337049129171719,1636,0.9445727482678984,114.1694304,22.3128333,1151084837,19,0.9896133871898442
597,0.6431033810910713,1636,0.9445727482678984,114.1686574,22.3225347,1151084843,148,0.9151759953837276
598,0.6339261465452537,1636,0.9445727482678984,114.1691199,22.3143339,1151084845,168,0.9036353144835545
599,0.48653118815670565,1636,0.9445727482678984,114.1721629,22.3141895,1151084846,826,0.5239469128678592
600,0.5615981447737045,1637,0.9451501154734411,114.1681879,22.3141569,1151084855,414,0.7616849394114252
601,0.5489350127314929,1636,0.9445727482678984,114.174672,22.31737,1151084858,466,0.7316791690709752
602,0.6250953632511603,1636,0.9445727482678984,114.16932,22.319293,1151084860,198,0.8863242931332949
603,0.6225159369809504,1636,0.9445727482678984,114.1697105,22.3144402,1151084864,203,0.8834391229082516
604,0.7634871403070691,1636,0.9445727482678984,114.1707016,22.3130527,1151084876,10,0.9948066935949221
605,0.6767426402854207,1636,0.9445727482678984,114.1687615,22.3220452,1151084879,81,0.9538372763993076
606,0.6032537942887297,1636,0.9445727482678984,114.1734082,22.3158381,1151084896,263,0.8488170802077323
607,0.628154024051529,1636,0.9445727482678984,114.1684974,22.3126662,1151084898,186,0.8932487016733988
608,0.6616760027909436,1636,0.9445727482678984,114.1689663,22.3127529,1151084911,108,0.9382573571840739
609,0.45262942937529826,1636,0.9445727482678984,114.1713307,22.3131762,1151084917,1060,0.3889209463358338
610,0.5126544084160888,1636,0.9445727482678984,114.169976,22.3160657,1151084930,660,0.619734564339296
611,0.4891988306191153,1636,0.9445727482678984,114.1701253,22.3153623,1151084934,813,0.5314483554529718
612,0.697721140518439,1636,0.9445727482678984,114.1689995,22.3208218,1151084936,47,0.9734564339296018
613,0.5538508662828302,1636,0.9445727482678984,114.1771543,22.321102,1152660758,444,0.7443739180611656
614,0.6569429990079063,1636,0.9445727482678984,114.1771417,22.3209452,1152660765,115,0.9342181188690133
615,0.49626326845217184,1636,0.9445727482678984,114.1752488,22.3204489,1152660784,765,0.5591459896133872
616,0.595995136965527,1636,0.9445727482678984,114.1768942,22.3205146,1152660823,291,0.8326601269474899
617,0.4669949934370759,1636,0.9445727482678984,114.1805246,22.3225762,1152660881,967,0.4425851125216388
618,0.4541200764248843,1636,0.9445727482678984,114.1665742,22.3290186,1152803555,1053,0.3929601846508944
619,0.5636392861361994,1636,0.9445727482678984,114.1674432,22.3269665,1152803565,407,0.7657241777264858
620,0.4766880628687176,1636,0.9445727482678984,114.1662947,22.3295968,1152803568,897,0.4829774956722447
621,0.4301501408075361,1636,0.9445727482678984,114.1665477,22.3292635,1152803582,1180,0.31967686093479514
622,0.5691555682390175,1636,0.9445727482678984,114.1673026,22.3270625,1152803583,387,0.777264858626659
623,0.4292078778162606,1636,0.9445727482678984,114.1668228,22.3299548,1152803584,1186,0.31621465666474324
624,0.6220161128523699,1636,0.9445727482678984,114.1678196,22.3266239,1152803585,204,0.8828620888632429
625,0.407815685599063,1636,0.9445727482678984,114.1666189,22.3303628,1152803591,1287,0.257934218118869
626,0.5471159202061504,1636,0.9445727482678984,114.1679131,22.3264821,1152803593,472,0.7282169648009232
627,0.4433650483735779,1636,0.9445727482678984,114.1663123,22.329742,1152803594,1113,0.35833814195037506
628,0.4479176883923686,1636,0.9445727482678984,114.1667902,22.328582,1152803601,1089,0.3721869590305828
629,0.5298957487919176,1636,0.9445727482678984,114.1672992,22.327378,1152803606,554,0.6809001731102136
630,0.41444962204669106,1636,0.9445727482678984,114.1671579,22.3300945,1152803608,1260,0.27351413733410274
631,0.5066804423601975,1636,0.9445727482678984,114.1678936,22.3278607,1152803609,697,0.5983843046739757
632,0.6131530411777952,1636,0.9445727482678984,114.1671387,22.327142,1152803610,227,0.8695903058280439
633,0.5965618272382233,1636,0.9445727482678984,114.166009,22.326417,1152824573,288,0.8343912290825158
634,0.5277745879309661,1636,0.9445727482678984,114.1636894,22.3252765,1152824589,571,0.6710905943450663
635,0.5234204695125709,1636,0.9445727482678984,114.1618981,22.3260425,1152824595,595,0.6572417772648587
636,0.7029836138874016,1636,0.9445727482678984,114.1634107,22.3262613,1152824596,43,0.9757645701096365
637,0.6032086003492214,1636,0.9445727482678984,114.1641073,22.3257314,1152824612,264,0.8482400461627236
638,0.5570166358833888,1636,0.9445727482678984,114.1651644,22.3263831,1152824614,435,0.7495672244662435
639,0.6694252692547646,1636,0.9445727482678984,114.1633083,22.326335,1152824615,93,0.9469128678592037
640,0.5583762325396409,1636,0.9445727482678984,114.1618911,22.3255616,1152824625,431,0.7518753606462781
641,0.37230934394619614,1636,0.9445727482678984,114.1732085,22.2948456,1158360121,1426,0.1777264858626659
642,0.4193843121428845,1636,0.9445727482678984,114.1732915,22.2946787,1158360123,1238,0.28620888632429314
643,0.5187435196860827,1636,0.9445727482678984,114.1748094,22.2952356,1158360124,624,0.6405077899596077
644,0.4966345484919513,1636,0.9445727482678984,114.1705168,22.2954972,1158360140,759,0.5626081938834391
645,0.35425690543716054,1636,0.9445727482678984,114.1755844,22.2956686,1158360142,1485,0.1436814772071552
646,0.46778277116841865,1636,0.9445727482678984,114.1706914,22.2955039,1158360147,957,0.44835545297172535
647,0.3710921174254434,1636,0.9445727482678984,114.1752283,22.2956668,1158360153,1428,0.1765724177726486
648,0.3946889856074634,1636,0.9445727482678984,114.1704144,22.2955259,1158360165,1347,0.2233121754183497
649,0.4110056877615972,1636,0.9445727482678984,114.1703027,22.2959039,1158360166,1277,0.2637045585689556
650,0.4465929673994035,1636,0.9445727482678984,114.175347,22.2958229,1158360169,1096,0.3681477207155222
651,0.35838720085444586,1636,0.9445727482678984,114.1748799,22.2949943,1158360177,1471,0.1517599538372764
652,0.6880263088423992,1636,0.9445727482678984,114.1652021,22.3235046,1161863701,57,0.9676860934795153
653,0.6761896415833347,1636,0.9445727482678984,114.165218,22.3234083,1161863708,83,0.9526832083092902
654,0.6467631828358202,1636,0.9445727482678984,114.1683547,22.3239432,1161863731,138,0.9209463358338142
655,0.6796085410615936,1636,0.9445727482678984,114.1667559,22.3236626,1161863736,70,0.9601846508944027
656,0.6755263368091023,1636,0.9445727482678984,114.1651062,22.3233898,1161863778,84,0.9521061742642816
657,0.6043792384994795,1637,0.9451501154734411,114.1700962,22.3243985,1161863878,259,0.8511252163877668
658,0.015405291433280562,2,0.0011547344110854503,114.1720864,22.3252409,1161863894,1640,0.054241200230813615
659,0.6631209074702875,1636,0.9445727482678984,114.1696829,22.3241689,1161863901,104,0.9405654933641084
660,0.665189523532642,1636,0.9445727482678984,114.1688641,22.3240294,1161863909,101,0.9422965954991345
661,0.6792298630490852,1636,0.9445727482678984,114.1650842,22.3234924,1161863948,71,0.9596076168493941
662,0.36139388280464696,1636,0.9445727482678984,114.1705609,22.3249701,1161863963,1460,0.15810732833237162
663,0.0,0,0.0,114.1734227,22.3249547,1161864003,1665,0.020196191575302943
664,0.34020267047745667,1636,0.9445727482678984,114.1695296,22.3242968,1161864048,1518,0.12463935372186959
665,0.5977974395629597,1636,0.9445727482678984,114.1700513,22.3242325,1161864092,282,0.8378534333525678
666,0.4894017041255416,1636,0.9445727482678984,114.1677567,22.3240511,1161864158,809,0.5337564916330063
667,0.7770402038728682,1636,0.9445727482678984,114.168485,22.3239648,1161864163,5,0.9976918638199653
668,0.5788136562458663,1636,0.9445727482678984,114.1706648,22.3243375,1161864166,345,0.8015002885170225
669,0.6809957025075014,1636,0.9445727482678984,114.1666308,22.3237524,1161864169,69,0.9607616849394114
670,0.5353035724775426,1636,0.9445727482678984,114.1664069,22.317756,1162875755,531,0.6941719561454126
671,0.5751143275323961,1636,0.9445727482678984,114.1673226,22.3170632,1162875756,364,0.790536641661858
672,0.6023046578013568,1636,0.9445727482678984,114.1662822,22.3264279,1162875763,267,0.8465089440276976
673,0.5736674737781007,1636,0.9445727482678984,114.1672629,22.3160848,1162875765,372,0.7859203693017888
674,0.7277291516064993,1636,0.9445727482678984,114.1726227,22.3198547,1162875766,24,0.986728216964801
675,0.5153010141137714,1636,0.9445727482678984,114.1674394,22.3153086,1162875769,646,0.6278130409694171
676,0.7390613968667848,1636,0.9445727482678984,114.1725978,22.3199614,1162875771,17,0.9907674552798615
677,0.0,0,0.0,114.1639611,22.3325603,1166348436,1665,0.020196191575302943
678,0.49954752893748594,1636,0.9445727482678984,114.1655855,22.3305237,1166348439,744,0.571263704558569
679,0.6216905665689282,1636,0.9445727482678984,114.1658703,22.3305439,1166348454,206,0.8817080207732256
680,0.009480422415768627,1,0.0005773672055427252,114.1643475,22.3321453,1166348471,1647,0.05020196191575303
681,0.5199865077872806,1636,0.9445727482678984,114.165806,22.3305043,1166348480,616,0.6451240623196769
682,0.535056754148499,1636,0.9445727482678984,114.1661563,22.3308424,1166348485,532,0.693594922100404
683,0.6063526169821332,1636,0.9445727482678984,114.1650876,22.3313216,1166348488,249,0.8568955568378535
684,0.44588153567377875,1637,0.9451501154734411,114.1643779,22.3322416,1166348496,1100,0.3658395845354876
685,0.46257111537328205,1636,0.9445727482678984,114.165719,22.3319323,1166348512,1000,0.4235429890363531
686,0.0,0,0.0,114.17011,22.3117863,1167986940,1665,0.020196191575302943
687,0.5101485274550805,1636,0.9445727482678984,114.1662865,22.3183644,1168066104,675,0.6110790536641661
688,0.5430026494040648,1636,0.9445727482678984,114.1660386,22.3188149,1168066109,494,0.7155222158107328
689,0.6982153667946789,1636,0.9445727482678984,114.1661744,22.3188268,1168066118,45,0.9746105020196192
690,0.6533680076851415,1636,0.9445727482678984,114.1680865,22.3206856,1168183627,123,0.9296018465089441
691,0.6362148984822139,1636,0.9445727482678984,114.1712842,22.3212697,1168183637,162,0.9070975187536064
692,0.5603461591232552,1636,0.9445727482678984,114.1682046,22.3200875,1168183668,419,0.758799769186382
693,0.6180738536210213,1636,0.9445727482678984,114.1683979,22.3191379,1168183728,214,0.8770917484131564
694,0.5892917281791025,1636,0.9445727482678984,114.1695647,22.3209195,1168183731,309,0.8222735141373341
695,0.5487084757085018,1637,0.9451501154734411,114.1685306,22.3201464,1168183735,467,0.7311021350259665
696,0.5666474673326792,1636,0.9445727482678984,114.1633208,22.3184081,1168183739,393,0.773802654356607
697,0.5518044849473283,1636,0.9445727482678984,114.167935,22.3200383,1168183745,454,0.7386035776110791
698,0.0,0,0.0,114.1702304,22.3209829,1168183774,1665,0.020196191575302943
699,0.38604653165543257,1636,0.9445727482678984,114.1669625,22.3128275,1168315919,1369,0.21061742642815925
700,0.692327735175947,1636,0.9445727482678984,114.1668237,22.3153246,1168315922,55,0.9688401615695326
701,0.5666661279931596,1636,0.9445727482678984,114.1666513,22.3124051,1168315927,392,0.7743796884016156
702,0.5021242723856439,1636,0.9445727482678984,114.1608164,22.3262635,1168315940,723,0.5833814195037508
703,0.609896599862732,1636,0.9445727482678984,114.1640085,22.3119808,1168315946,240,0.8620888632429313
704,0.5090667372853023,1636,0.9445727482678984,114.1605455,22.3262373,1168315954,682,0.6070398153491056
705,0.7324871055476484,1636,0.9445727482678984,114.1647308,22.3120879,1168315964,21,0.9884593190998269
706,0.6679013005078847,1636,0.9445727482678984,114.1662607,22.3122609,1168315967,97,0.944604731679169
707,0.4850177999235178,1636,0.9445727482678984,114.1608067,22.3260418,1168315980,836,0.5181765724177726
708,0.4605160774820954,1636,0.9445727482678984,114.1665065,22.3160663,1168315988,1012,0.4166185804962493
709,0.6129822457500557,1636,0.9445727482678984,114.1610553,22.3265739,1168316001,230,0.8678592036930178
710,0.5551099584023522,1636,0.9445727482678984,114.1674658,22.3124983,1168316008,442,0.7455279861511829
711,0.7210377757976373,1636,0.9445727482678984,114.1670026,22.3123356,1168316016,32,0.9821119446047317
712,0.6329221007530114,1636,0.9445727482678984,114.1643364,22.3120395,1168316017,170,0.9024812463935372
713,0.686179001187799,1636,0.9445727482678984,114.1675095,22.3123852,1168380653,60,0.9659549913444894
714,0.5132756182734892,1636,0.9445727482678984,114.1666281,22.3121802,1168380668,654,0.6231967686093479
715,0.384685067777318,1636,0.9445727482678984,114.1666465,22.3132112,1168380684,1376,0.20657818811309867
716,0.4122274716201728,1636,0.9445727482678984,114.1670711,22.3129257,1168380691,1270,0.26774379688401617
717,0.4516503653557262,1636,0.9445727482678984,114.1566095,22.3203627,1168421045,1066,0.3854587420657819
718,0.46971148065551227,1636,0.9445727482678984,114.1797125,22.3270195,1169220172,941,0.4575879976918638
719,0.6142326944811483,1636,0.9445727482678984,114.1678504,22.309906,1171655922,222,0.8724754760530872
720,0.4765283638427566,1636,0.9445727482678984,114.1668186,22.3089739,1172166298,900,0.4812463935372187
721,0.45591242963179895,1637,0.9451501154734411,114.163278,22.3170216,1172166308,1039,0.40103866128101556
722,0.6506600803479393,1636,0.9445727482678984,114.1648004,22.3123638,1172166339,131,0.9249855741488748
723,0.7081505292911018,1636,0.9445727482678984,114.1648368,22.3121048,1172166343,40,0.9774956722446624
724,0.4588066957142082,1636,0.9445727482678984,114.1634916,22.3173502,1172166352,1024,0.40969417195614544
725,0.4678874758573669,1636,0.9445727482678984,114.1663878,22.3089519,1172166362,956,0.448932487016734
726,0.5479972254830562,1636,0.9445727482678984,114.1646221,22.3126435,1172166366,470,0.7293710328909405
727,0.7722052375026933,1636,0.9445727482678984,114.1648646,22.3119507,1172166367,6,0.9971148297749567
728,0.6084751751629981,1636,0.9445727482678984,114.1647345,22.3126681,1172166382,245,0.859203693017888
729,0.5494681433234232,1636,0.9445727482678984,114.1646604,22.3124287,1172166386,465,0.7322562031159838
730,0.726541994391641,1636,0.9445727482678984,114.1713838,22.3084989,1172757415,27,0.9849971148297749
731,0.4555103232895959,1636,0.9445727482678984,114.1831781,22.3021465,1172757469,1045,0.39757645701096367
732,0.42629589882761904,1637,0.9451501154734411,114.1613987,22.3232103,1172757532,1201,0.30755914598961337
733,0.5774536050923761,1636,0.9445727482678984,114.1841638,22.302222,1172757541,355,0.795729948066936
734,0.5252486155731881,1636,0.9445727482678984,114.1620455,22.3204722,1172757683,585,0.6630121177149452
735,0.6488047581369354,1636,0.9445727482678984,114.171555,22.3103292,1172757712,136,0.9221004039238315
736,0.5402166388329114,1636,0.9445727482678984,114.1840673,22.3020099,1172757772,509,0.706866705135603
737,0.5421046538638654,1636,0.9445727482678984,114.1710171,22.3109217,1172757801,501,0.7114829774956722
738,0.5006912861648884,1636,0.9445727482678984,114.1613858,22.3241377,1172757812,737,0.5753029428736296
739,0.014918663743642934,1,0.0005773672055427252,114.159975,22.3225054,1172757887,1641,0.053375649163300634
740,0.34503961082278983,1636,0.9445727482678984,114.1833995,22.3060181,1172757924,1509,0.1298326601269475
741,0.41590573818150806,1636,0.9445727482678984,114.1842762,22.3037314,1172757927,1254,0.27697634160415463
742,0.40923667988528956,1636,0.9445727482678984,114.1619248,22.3219673,1172757980,1283,0.26024235429890363
743,0.5294027437484273,1636,0.9445727482678984,114.1705705,22.3108343,1172757982,561,0.676860934795153
744,0.272842972227034,1636,0.9445727482678984,114.18435,22.302041,1172757984,1609,0.07212925562608194
745,0.42032844468489344,1636,0.9445727482678984,114.183922,22.302182,1172757991,1231,0.29024812463935373
746,0.42437866854228024,1636,0.9445727482678984,114.1619166,22.3225298,1172757994,1209,0.30294287362954414
747,0.4811476483486847,1636,0.9445727482678984,114.1810837,22.306179,1172758011,861,0.5037507212925563
748,0.3799997455245061,1636,0.9445727482678984,114.1619401,22.3209248,1172758015,1399,0.1933064050778996
749,0.0,0,0.0,114.1606575,22.3232017,1172758017,1665,0.020196191575302943
750,0.5969669357481452,1636,0.9445727482678984,114.1618649,22.3241179,1172758045,286,0.8355452971725332
751,0.0,0,0.0,114.1692284,22.3230551,1178971320,1665,0.020196191575302943
752,0.4639882256060178,1636,0.9445727482678984,114.1649949,22.3227263,1178971321,988,0.430467397576457
753,0.5319109543990697,1636,0.9445727482678984,114.1658798,22.3225132,1178971331,542,0.6878245816503173
754,0.008446597989067738,1,0.0005773672055427252,114.1696699,22.3237063,1178971336,1648,0.04962492787074437
755,0.0,0,0.0,114.1692075,22.3232648,1178971337,1665,0.020196191575302943
756,0.6575186132047977,1636,0.9445727482678984,114.1672571,22.3234326,1178971339,113,0.9353721869590306
757,0.5255341746504997,1636,0.9445727482678984,114.1660836,22.3215336,1178971355,583,0.6641661858049625
758,0.694726312115111,1636,0.9445727482678984,114.1669169,22.3236924,1178971357,52,0.9705712637045586
759,0.5653477457358123,1636,0.9445727482678984,114.1679669,22.3228839,1178971359,399,0.7703404500865552
760,0.6908409056512097,1636,0.9445727482678984,114.1667943,22.3237902,1178971361,56,0.9682631275245239
761,0.5388083887457351,1636,0.9445727482678984,114.1656945,22.3212188,1178971367,512,0.705135603000577
762,0.5113837707680685,1636,0.9445727482678984,114.1687021,22.3229207,1178971377,669,0.6145412579342181
763,0.5703084533636676,1636,0.9445727482678984,114.1652752,22.3248406,1178971380,380,0.7813040969417195
764,0.598170834690693,1636,0.9445727482678984,114.1677801,22.3238447,1179001818,278,0.8401615695326025
765,0.5338911643125378,1636,0.9445727482678984,114.1675281,22.3250123,1179001823,537,0.6907097518753607
766,0.5165395994929884,1636,0.9445727482678984,114.1721513,22.3246198,1179010012,636,0.6335833814195038
767,0.3498633163980095,1636,0.9445727482678984,114.178172,22.3103916,1180356947,1495,0.13791113675706868
768,0.3154771482558069,1636,0.9445727482678984,114.1768845,22.3120852,1180356949,1562,0.09924985574148874
769,0.6503831069637551,1636,0.9445727482678984,114.1672937,22.3264702,1180686912,133,0.9238315060588574
770,0.5144991658773072,1636,0.9445727482678984,114.1674069,22.3267296,1180686922,650,0.6255049047893826
771,0.4201418794910517,1636,0.9445727482678984,114.1710358,22.3266432,1180686933,1233,0.2890940565493364
772,0.5380584856008827,1636,0.9445727482678984,114.1653393,22.32639,1180709229,517,0.7022504327755338
773,0.5784999238591908,1636,0.9445727482678984,114.1590862,22.3297289,1180818602,346,0.8009232544720138
774,0.5518206505086579,1636,0.9445727482678984,114.160894,22.3283586,1180818606,453,0.7391806116560877
775,0.5120049511561159,1636,0.9445727482678984,114.1600563,22.3289989,1180818608,663,0.61800346220427
776,0.651333914957056,1636,0.9445727482678984,114.164854,22.3252977,1180818611,128,0.9267166762839008
777,0.6391936792500988,1636,0.9445727482678984,114.1617745,22.3276787,1180818612,156,0.9105597230236584
778,0.6257698698380151,1636,0.9445727482678984,114.1648719,22.3251607,1181846009,193,0.8892094633583382
779,0.5451616121575508,1636,0.9445727482678984,114.1651926,22.3311984,1181846013,484,0.7212925562608193
780,0.6340014412125846,1636,0.9445727482678984,114.1618478,22.3274543,1181846018,167,0.9042123485285631
781,0.5175457995312722,1636,0.9445727482678984,114.1646147,22.3305367,1181846037,629,0.6376226197345644
782,0.6145998199897941,1636,0.9445727482678984,114.1637314,22.3295541,1181846041,220,0.8736295441431045
783,0.5505738764729444,1636,0.9445727482678984,114.1635292,22.3263173,1181846042,461,0.7345643392960185
784,0.7941204456524228,1636,0.9445727482678984,114.1657665,22.3201685,1181846056,3,0.9988459319099827
785,0.5838383454459136,1636,0.9445727482678984,114.1614517,22.3270124,1181846060,327,0.8118869013271783
786,0.4491108050574341,1636,0.9445727482678984,114.16251,22.3250376,1181846062,1078,0.378534333525678
787,0.5423632166057645,1636,0.9445727482678984,114.164207,22.3300844,1181846078,498,0.7132140796306982
788,0.5637149835936496,1636,0.9445727482678984,114.1633537,22.3291377,1181846081,406,0.7663012117714946
789,0.6588200598274223,1636,0.9445727482678984,114.1619279,22.3275445,1181846102,110,0.9371032890940566
790,0.582960604864497,1636,0.9445727482678984,114.1650119,22.3309771,1181846119,329,0.8107328332371609
791,0.5897317231050688,1636,0.9445727482678984,114.1629913,22.3287331,1181846145,307,0.8234275822273515
792,0.4775390276146363,1636,0.9445727482678984,114.1626949,22.3182018,1182677912,887,0.4887478361223312
793,0.48944498809970677,1636,0.9445727482678984,114.1663805,22.3169072,1182950283,808,0.534333525678015
794,0.6130884479238046,1636,0.9445727482678984,114.1702215,22.3138521,1183092754,229,0.8684362377380266
795,0.5681807323799974,1636,0.9445727482678984,114.1671689,22.3133801,1183092761,389,0.7761107905366417
796,0.5304761784197258,1636,0.9445727482678984,114.1690544,22.3136351,1183092765,549,0.6837853433352568
797,0.6124452230597105,1636,0.9445727482678984,114.1694426,22.312195,1183208501,232,0.8667051356030006
798,0.6447548185790152,1636,0.9445727482678984,114.169088,22.3121329,1183208502,147,0.9157530294287363
799,0.540914392417329,1636,0.9445727482678984,114.171263,22.3100016,1183787457,507,0.7080207732256203
800,0.7193328765002003,1636,0.9445727482678984,114.1712315,22.3102786,1183787459,34,0.9809578765147143
801,0.6141035995183646,1636,0.9445727482678984,114.1711233,22.3108895,1183787466,223,0.8718984420080784
802,0.67845126865335,1636,0.9445727482678984,114.1716819,22.3052952,1185400407,73,0.9584535487593768
803,0.6817581648127992,1636,0.9445727482678984,114.1716761,22.3053888,1185400418,67,0.9619157530294288
804,0.560699754574076,1636,0.9445727482678984,114.1716071,22.3061248,1185400433,417,0.7599538372763993
805,0.5599346307448356,1636,0.9445727482678984,114.1679719,22.3057895,1185400438,423,0.7564916330063474
806,0.5231856961657839,1636,0.9445727482678984,114.1715301,22.307003,1185400499,596,0.65666474321985
807,0.6816063354033682,1636,0.9445727482678984,114.1668686,22.3059933,1185400508,68,0.96133871898442
808,0.6281065706848823,1636,0.9445727482678984,114.174,22.3068548,1185400520,187,0.8926716676283901
809,0.5114224908898274,1636,0.9445727482678984,114.1629912,22.3069514,1185400522,668,0.6151182919792267
810,0.4557597786740549,1636,0.9445727482678984,114.1707791,22.308724,1185400526,1041,0.3998845931909983
811,0.6014893465941077,1636,0.9445727482678984,114.1637795,22.3066979,1185400551,269,0.8453548759376803
812,0.5472539695937785,1636,0.9445727482678984,114.1676126,22.3058566,1185400568,471,0.7287939988459319
813,0.5456357378421482,1636,0.9445727482678984,114.1715701,22.3065502,1185400584,482,0.7224466243508367
814,0.7265249214945241,1636,0.9445727482678984,114.1713909,22.3084001,1185400587,28,0.9844200807847663
815,0.5126774590509757,1636,0.9445727482678984,114.1708012,22.3125698,1185400607,659,0.6203115983843047
816,0.6768903220463117,1636,0.9445727482678984,114.1715687,22.3053661,1185400620,78,0.9555683785343335
817,0.6137481926135288,1636,0.9445727482678984,114.1692699,22.3055,1185400622,224,0.8713214079630698
818,0.534502949856824,1636,0.9445727482678984,114.1684358,22.3057012,1185400645,535,0.6918638199653779
819,0.6941491552180745,1636,0.9445727482678984,114.1670211,22.3059423,1185808485,53,0.96999422965955
820,0.47708856249216847,1636,0.9445727482678984,114.1739661,22.3071378,1185808493,889,0.4875937680323139
821,0.49398160546285796,1636,0.9445727482678984,114.1675851,22.3082197,1185808508,778,0.5516445470282747
822,0.6935306480471468,1636,0.9445727482678984,114.1742866,22.3070242,1185808509,54,0.9694171956145412
823,0.5266263807503276,1636,0.9445727482678984,114.1671089,22.3055789,1185808513,578,0.6670513560300058
824,0.07694125873437169,1,0.0005773672055427252,114.165315,22.3073713,1185808514,1631,0.05914598961338719
825,0.677815936049863,1636,0.9445727482678984,114.1718212,22.3031975,1185808518,75,0.9572994806693594
826,0.6211530176885721,1636,0.9445727482678984,114.1729591,22.3061556,1185808522,209,0.8799769186381996
827,0.6828124862612743,1636,0.9445727482678984,114.1670256,22.3058148,1185808523,63,0.9642238892094633
828,0.5597625338555736,1636,0.9445727482678984,114.1717816,22.3039591,1185808527,424,0.7559145989613387
829,0.47260656896289016,1636,0.9445727482678984,114.1690836,22.3024492,1187352694,924,0.46739757645701097
830,0.4010533269953855,1636,0.9445727482678984,114.1722595,22.2969503,1187352697,1315,0.24177726485862666
831,0.6357458931599295,1636,0.9445727482678984,114.1674841,22.3049576,1187352750,163,0.9065204847085978
832,0.01659365171945698,2,0.0011547344110854503,114.1705396,22.296972,1187352804,1638,0.05539526832083093
833,0.0,0,0.0,114.1711129,22.2970345,1187352879,1665,0.020196191575302943
834,0.46493104808257907,1636,0.9445727482678984,114.1684617,22.3000358,1187352908,981,0.4345066358915176
835,0.5077429433102929,1636,0.9445727482678984,114.1685581,22.3002205,1187352946,689,0.603000577034045
836,0.510434834181857,1636,0.9445727482678984,114.1724276,22.2947867,1187353031,674,0.6116560877091748
837,0.6428878531988605,1636,0.9445727482678984,114.1681169,22.3030318,1187353069,149,0.914598961338719
838,0.29629797432651983,1636,0.9445727482678984,114.171856,22.3026381,1187353085,1588,0.08424697057126371
839,0.5677762740207917,1636,0.9445727482678984,114.1671489,22.3051914,1187353106,391,0.7749567224466244
840,0.5825435787669029,1636,0.9445727482678984,114.1735819,22.3033572,1187522454,331,0.8095787651471437
841,0.5588768825631041,1636,0.9445727482678984,114.1768007,22.3064467,1189558856,426,0.7547605308713214
842,0.40563555008929214,1636,0.9445727482678984,114.1745876,22.2965748,1189559073,1294,0.25389497980380843
843,0.4240168055591244,1636,0.9445727482678984,114.1736759,22.2967794,1189559084,1211,0.3017888055395268
844,0.45267024801937117,1638,0.9457274826789839,114.1755715,22.3021935,1189559154,1059,0.3894979803808425
845,0.46595113534355986,1636,0.9445727482678984,114.1746006,22.2972094,1189559158,972,0.4396999422965955
846,0.44759664479152217,1636,0.9445727482678984,114.1745795,22.2967753,1189559210,1091,0.3710328909405655
847,0.0,0,0.0,114.1754069,22.3021857,1189559270,1665,0.020196191575302943
848,0.3458167837029117,1636,0.9445727482678984,114.1744415,22.297985,1189559358,1505,0.1321407963069821
849,0.5460924126859343,1636,0.9445727482678984,114.1770016,22.3065887,1189559382,478,0.7247547605308713
850,0.503774953317018,1636,0.9445727482678984,114.1767635,22.3074196,1189559654,712,0.5897287939988459
851,0.3803046648633445,1636,0.9445727482678984,114.1750045,22.296713,1189559662,1398,0.19388343912290826
852,0.44377352122802555,1636,0.9445727482678984,114.1783361,22.3025381,1189559738,1112,0.35891517599538375
853,0.4400217195152779,1636,0.9445727482678984,114.1745815,22.2968852,1189560057,1134,0.3462204270051933
854,0.49571964796594525,1636,0.9445727482678984,114.1737152,22.2962332,1189560073,768,0.5574148874783612
855,0.5377847941023268,1636,0.9445727482678984,114.1653003,22.3284882,1191992671,519,0.7010963646855164
856,0.6352654631243174,1636,0.9445727482678984,114.1638178,22.3296403,1191992716,164,0.9059434506635892
857,0.6119251096596396,1636,0.9445727482678984,114.1636523,22.3297699,1191992764,234,0.8655510675129833
858,0.48326593071836593,1636,0.9445727482678984,114.1645557,22.3290734,1191992770,849,0.5106751298326602
859,0.5417000023099058,1636,0.9445727482678984,114.1610656,22.3317692,1191992818,502,0.7109059434506636
860,0.47987040228748407,1636,0.9445727482678984,114.165831,22.3280578,1192596686,870,0.49855741488747835
861,0.530260933511215,1636,0.9445727482678984,114.1660271,22.3301593,1193696736,550,0.6832083092902481
862,0.0,0,0.0,114.1621692,22.3331818,1193696741,1665,0.020196191575302943
863,0.577855192979384,1637,0.9451501154734411,114.1651257,22.3311151,1193696744,351,0.7980380842469705
864,0.40828877879926484,1636,0.9445727482678984,114.1671766,22.3278035,1193696748,1286,0.25851125216387766
865,0.5374626287533083,1636,0.9445727482678984,114.1608904,22.3317467,1194152559,520,0.7005193306405078
866,0.4230929377673842,1636,0.9445727482678984,114.16016,22.3309434,1194152567,1215,0.2994806693594922
867,0.5515120944031766,1636,0.9445727482678984,114.1609773,22.3318357,1194152580,456,0.7374495095210617
868,0.4962774855472811,1636,0.9445727482678984,114.1613596,22.3322811,1194152581,764,0.5597230236583959
869,0.4253647743257162,1636,0.9445727482678984,114.1672802,22.330183,1194205370,1204,0.3058280438545874
870,0.40694062549955795,1638,0.9457274826789839,114.1636463,22.3330648,1194205379,1289,0.2567801500288517
871,0.2850460694229404,1638,0.9457274826789839,114.1520551,22.3277146,1203389481,1596,0.07963069821119446
872,0.32534020825674465,1637,0.9451501154734411,114.1525092,22.3275891,1203389492,1546,0.10848240046162723
873,0.633797915430396,1636,0.9445727482678984,114.177487,22.3212922,1208936450,169,0.9030582804385459
874,0.42741202614776247,1636,0.9445727482678984,114.1828802,22.3039532,1210796218,1193,0.31217541834968265
875,0.45994550353761227,1636,0.9445727482678984,114.1851776,22.3072072,1210796259,1016,0.41431044431621467
876,0.39766392258493033,1636,0.9445727482678984,114.1821731,22.3041008,1210796370,1325,0.2360069244085401
877,0.0,0,0.0,114.1827508,22.3033056,1210796394,1665,0.020196191575302943
878,0.4834027637400276,1636,0.9445727482678984,114.182307,22.3058645,1210796494,847,0.5118291979226774
879,0.5960234501113622,1636,0.9445727482678984,114.1836562,22.3059896,1213567465,290,0.8332371609924986
880,0.4505949764197176,1640,0.9468822170900693,114.1828791,22.3076323,1215868259,1071,0.3825735718407386
881,0.46075836296693856,1639,0.9463048498845266,114.1831091,22.3079475,1215868262,1010,0.4177726485862666
882,0.395945776849798,1636,0.9445727482678984,114.1873664,22.3088267,1215986282,1340,0.22735141373341028
883,0.0,0,0.0,114.1869159,22.3150222,1216132235,1665,0.020196191575302943
884,0.3377394197008875,1636,0.9445727482678984,114.1871777,22.319522,1216222854,1522,0.12233121754183497
885,0.4640258088617427,1636,0.9445727482678984,114.1874943,22.314955,1216222866,987,0.43104443162146566
886,0.49686689115459404,1636,0.9445727482678984,114.1861475,22.3045055,1217459802,756,0.5643392960184651
887,0.39761933340935873,1636,0.9445727482678984,114.1864173,22.324673,1220978387,1326,0.23542989036353146
888,0.510905234106084,1636,0.9445727482678984,114.1909438,22.3223395,1220978389,672,0.6128101557991922
889,0.49610851542580103,1636,0.9445727482678984,114.1936592,22.3204594,1220978448,766,0.5585689555683785
890,0.42677660435434006,1636,0.9445727482678984,114.1913066,22.3234481,1220978482,1197,0.309867282169648
891,0.44569243847571605,1636,0.9445727482678984,114.1858618,22.3210211,1220978497,1103,0.3641084824004616
892,0.4030164704025802,1636,0.9445727482678984,114.189515,22.3252858,1220978620,1307,0.2463935372186959
893,0.5159294580036602,1636,0.9445727482678984,114.1868754,22.3200162,1220978664,643,0.6295441431044432
894,0.42416067211323616,1636,0.9445727482678984,114.1858677,22.3204366,1220978884,1210,0.3023658395845355
895,0.6212525476550435,1636,0.9445727482678984,114.1876405,22.3201216,1220979049,207,0.881130986728217
896,0.4580627098622715,1636,0.9445727482678984,114.194652,22.3196988,1220979109,1029,0.4068090017311021
897,0.44188676074654487,1636,0.9445727482678984,114.1906601,22.3217499,1220979220,1121,0.3537218695903058
898,0.4212431238565255,1636,0.9445727482678984,114.174308,22.3213591,1222130305,1229,0.291402192729371
899,0.41451391952411354,1636,0.9445727482678984,114.1774891,22.3150336,1222130498,1259,0.2740911713791114
900,0.3957827660715547,1636,0.9445727482678984,114.1791806,22.3166156,1222130508,1342,0.22619734564339297
901,0.6032567489573346,1636,0.9445727482678984,114.174072,22.3201214,1222130515,262,0.8493941142527409
902,0.5182570005765249,1636,0.9445727482678984,114.181684,22.3145395,1222130707,626,0.6393537218695903
903,0.46824252011351436,1636,0.9445727482678984,114.1737919,22.320412,1222130866,952,0.4512406231967686
904,0.4855540129159152,1636,0.9445727482678984,114.1736344,22.3201458,1222131060,834,0.51933064050779
905,0.3212608760179028,1636,0.9445727482678984,114.1927613,22.3304637,1266044669,1555,0.10328909405654933
906,0.3820581478485757,1636,0.9445727482678984,114.1590619,22.3261988,1268399068,1389,0.19907674552798615
907,0.3850719977545791,1636,0.9445727482678984,114.1823317,22.3317209,1293266513,1373,0.20830929024812464
908,0.37699541224957506,1636,0.9445727482678984,114.1569922,22.3172834,1295869666,1408,0.1881130986728217
909,0.4340121209929496,1636,0.9445727482678984,114.1568431,22.3175263,1295869670,1159,0.3317945758799769
910,0.3970033104702572,1636,0.9445727482678984,114.1596259,22.3031531,1329833940,1330,0.23312175418349682
911,0.43756046691187783,1636,0.9445727482678984,114.1595385,22.3030639,1329857318,1146,0.33929601846508944
912,0.41466219114084435,1636,0.9445727482678984,114.1595644,22.3029676,1329857374,1257,0.27524523946912866
913,0.4005064214387162,1636,0.9445727482678984,114.1720879,22.3294067,1351008363,1317,0.24062319676860935
914,0.30662323410446507,1636,0.9445727482678984,114.1933054,22.3301261,1393738983,1570,0.0946335833814195
915,0.5950090965993153,1636,0.9445727482678984,114.1591832,22.329653,1394414518,293,0.8315060588574726
916,0.5020030893822437,1636,0.9445727482678984,114.1900623,22.3267414,1408521472,724,0.582804385458742
917,0.46921588084381255,1636,0.9445727482678984,114.1895444,22.3268975,1408521475,944,0.45585689555683784
918,0.46336184531906444,1636,0.9445727482678984,114.1893292,22.3273729,1408521488,994,0.4270051933064051
919,0.41035672740272405,1636,0.9445727482678984,114.1915946,22.3278671,1408521515,1279,0.26255049047893825
920,0.3806662222429754,1636,0.9445727482678984,114.1920699,22.3288691,1409998422,1396,0.19503750721292556
921,0.4913965140884233,1636,0.9445727482678984,114.1722297,22.3082934,1428870156,795,0.5418349682631275
922,0.4618479232828611,1636,0.9445727482678984,114.1721911,22.3093602,1428870157,1004,0.4212348528563185
923,0.006030874684645554,3,0.0017321016166281756,114.194049,22.3304576,1436087413,1652,0.04731679169070975
924,0.36791129577244497,1636,0.9445727482678984,114.1914829,22.3283498,1458379725,1442,0.16849394114252741
925,0.37615532469424384,1636,0.9445727482678984,114.1597275,22.3205397,1562575420,1411,0.18638199653779572
926,0.5276155110060531,1636,0.9445727482678984,114.1687358,22.3030684,1624949938,572,0.6705135603000577
927,0.6280938188330923,1636,0.9445727482678984,114.1692752,22.3031125,1624949965,188,0.8920946335833814
928,0.4544918318023347,1636,0.9445727482678984,114.1691511,22.3048394,1624949976,1049,0.395268320830929
929,0.5211396630251253,1636,0.9445727482678984,114.1692486,22.3053975,1624950002,612,0.6474321984997115
930,0.46332508011626994,1636,0.9445727482678984,114.1681615,22.3064738,1624950016,995,0.42642815926139643
931,0.47383589759067135,1636,0.9445727482678984,114.1671953,22.3070013,1624950018,915,0.4725908828620889
932,0.07694125873437169,1,0.0005773672055427252,114.1653346,22.3074363,1624950037,1631,0.05914598961338719
933,0.47564654014434715,1636,0.9445727482678984,114.1673663,22.3076398,1624950047,904,0.4789382573571841
934,0.44814914168756625,1637,0.9451501154734411,114.1680701,22.3078231,1624950068,1088,0.37276399307559144
935,0.0,0,0.0,114.1655095,22.3080611,1624950102,1665,0.020196191575302943
936,0.5286166435264267,1636,0.9445727482678984,114.1686347,22.3083098,1624950117,566,0.6739757645701097
937,0.5621646136037417,1636,0.9445727482678984,114.1700929,22.3086767,1624950124,411,0.7634160415464513
938,0.5482481507429547,1636,0.9445727482678984,114.1696507,22.3087767,1624950125,469,0.7299480669359493
939,0.5614584055288405,1636,0.9445727482678984,114.1692487,22.3088787,1624950126,415,0.7611079053664166
940,0.45601854891401433,1636,0.9445727482678984,114.1636966,22.309206,1624950132,1038,0.40161569532602426
941,0.556245996847889,1636,0.9445727482678984,114.1678921,22.3091933,1624950134,438,0.7478361223312175
942,0.4942287161969392,1636,0.9445727482678984,114.1680008,22.3097754,1624950141,776,0.552798615118292
943,0.5443595855986579,1636,0.9445727482678984,114.169031,22.3099411,1624950142,488,0.7189844200807848
944,0.5666044814069657,1636,0.9445727482678984,114.1694799,22.3100905,1624950144,394,0.7732256203115984
945,0.2858893091555576,1636,0.9445727482678984,114.1735065,22.3027621,1625209816,1595,0.08020773225620312
946,0.27458710119534285,1636,0.9445727482678984,114.1745233,22.3028212,1625209821,1607,0.07328332371609925
947,0.5023042887397401,1636,0.9445727482678984,114.1697705,22.303157,1625209825,722,0.5839584535487594
948,0.6822434140997347,1636,0.9445727482678984,114.1717393,22.3031921,1625209832,66,0.9624927870744374
949,0.5840266637527846,1636,0.9445727482678984,114.1734724,22.3033537,1625209833,326,0.812463935372187
950,0.4932584670996825,1636,0.9445727482678984,114.1721808,22.3039848,1625209840,784,0.5481823427582228
951,0.536749708931404,1636,0.9445727482678984,114.1735183,22.3040708,1625209841,526,0.6970571263704558
952,0.44581035954208253,1636,0.9445727482678984,114.1711222,22.3051974,1625209863,1102,0.36468551644547026
953,0.6823087344000373,1636,0.9445727482678984,114.1715768,22.3052682,1625209874,65,0.9630698211194461
954,0.4683248823195271,1636,0.9445727482678984,114.1743596,22.3052283,1625209877,951,0.45181765724177725
955,0.5030813279032104,1636,0.9445727482678984,114.1697429,22.3052836,1625209880,714,0.5885747259088286
956,0.5935440891449201,1636,0.9445727482678984,114.1720632,22.3054538,1625209882,297,0.829197922677438
957,0.6508484726570068,1636,0.9445727482678984,114.1672983,22.3057849,1625209888,129,0.9261396422388921
958,0.620372358431431,1636,0.9445727482678984,114.173022,22.3060769,1625209894,211,0.8788228505481823
959,0.5402647294453194,1636,0.9445727482678984,114.1694421,22.3061874,1625209896,508,0.7074437391806117
960,0.0,0,0.0,114.1726288,22.3062233,1625209899,1665,0.020196191575302943
961,0.5484317946942567,1636,0.9445727482678984,114.1734877,22.3064258,1625209902,468,0.7305251009809579
962,0.0,0,0.0,114.1725876,22.3066248,1625209910,1665,0.020196191575302943
963,0.5175051884900113,1636,0.9445727482678984,114.1740122,22.306722,1625209919,630,0.6370455856895557
964,0.4763817542189748,1637,0.9451501154734411,114.1725428,22.3071152,1625209947,901,0.48066935949221
965,0.599355756660058,1636,0.9445727482678984,114.1743467,22.3076813,1625209971,276,0.8413156376226197
966,0.5346937386877008,1636,0.9445727482678984,114.1741667,22.3082767,1625209996,533,0.6930178880553952
967,0.7516100222636012,1636,0.9445727482678984,114.1712781,22.3084117,1625210005,15,0.9919215233698788
968,0.5558556494834676,1636,0.9445727482678984,114.1721754,22.3083478,1625210019,439,0.7472590882862089
969,0.4146279545618378,1636,0.9445727482678984,114.1791731,22.3298194,1634974089,1258,0.27466820542412
970,0.37527633761472656,1636,0.9445727482678984,114.181674,22.332425,1634974112,1413,0.1852279284477784
971,0.4022927928559321,1636,0.9445727482678984,114.1787439,22.3324254,1634974118,1311,0.24408540103866128
972,0.6326143911872447,1636,0.9445727482678984,114.1734046,22.3181714,1636543631,172,0.9013271783035199
973,0.5255801574354649,1636,0.9445727482678984,114.1718354,22.3187498,1636543637,582,0.6647432198499712
974,0.5091780377876902,1636,0.9445727482678984,114.1724172,22.3188646,1636543654,680,0.608193883439123
975,0.6394617590832095,1636,0.9445727482678984,114.1730241,22.3189809,1636543655,155,0.911136757068667
976,0.6204093477746745,1636,0.9445727482678984,114.1652321,22.3201012,1636543662,210,0.879399884593191
977,0.58965312044499,1636,0.9445727482678984,114.1647701,22.3208828,1636543682,308,0.8228505481823427
978,0.581011067559816,1636,0.9445727482678984,114.1644987,22.321091,1636543686,338,0.8055395268320831
979,0.0,0,0.0,114.1807217,22.3215384,1636543699,1665,0.020196191575302943
980,0.4745373334159509,1636,0.9445727482678984,114.1744451,22.3260673,1636543831,909,0.4760530871321408
981,0.4410010789285491,1636,0.9445727482678984,114.1762924,22.3261312,1636543835,1127,0.3502596653202539
982,0.49233132562878534,1636,0.9445727482678984,114.1762909,22.3262258,1636543837,787,0.5464512406231967
983,0.3963450775757811,1636,0.9445727482678984,114.1776704,22.3262677,1636543839,1334,0.2308136180034622
984,0.40247548364448044,1636,0.9445727482678984,114.1690848,22.3265169,1636543840,1309,0.24523946912867858
985,0.46777372963017355,1636,0.9445727482678984,114.1685268,22.3265822,1636543843,958,0.44777841892671666
986,0.3742063566932772,1636,0.9445727482678984,114.1783464,22.3265456,1636543858,1419,0.1817657241777265
987,0.4640689425356669,1636,0.9445727482678984,114.178662,22.3269876,1636543866,986,0.4316214656664743
988,0.4824674862642162,1636,0.9445727482678984,114.1677193,22.3282199,1636543900,856,0.5066358915175996
989,0.48537030417056054,1636,0.9445727482678984,114.1786506,22.3287249,1636543916,835,0.5187536064627813
990,0.5133495553025572,1636,0.9445727482678984,114.1758576,22.3128298,1636641311,653,0.6237738026543566
991,0.3860722309594784,1636,0.9445727482678984,114.1790152,22.3136518,1636641318,1368,0.21119446047316792
992,0.5209102329746758,1636,0.9445727482678984,114.1815619,22.3145251,1636641328,613,0.6468551644547028
993,0.40657695745258426,1636,0.9445727482678984,114.1779638,22.3149555,1636641331,1290,0.25620311598384304
994,0.4556103717546711,1636,0.9445727482678984,114.1727039,22.3158004,1636641338,1043,0.39873052510098095
995,0.4288868714013722,1636,0.9445727482678984,114.1793744,22.3158609,1636641344,1187,0.31563762261973455
996,0.41219423619338935,1636,0.9445727482678984,114.1769436,22.3161634,1636641355,1271,0.2671667628390075
997,0.4193480114590126,1636,0.9445727482678984,114.1795528,22.3162555,1636641357,1239,0.2856318522792845
998,0.6449459934209731,1636,0.9445727482678984,114.1740031,22.3164512,1636641362,146,0.9163300634737449
999,0.6685276171180528,1636,0.9445727482678984,114.1739792,22.3166438,1636641367,96,0.9451817657241778
1000,0.44150727978853677,1636,0.9445727482678984,114.175778,22.3167862,1636641375,1123,0.3525678015002885
1001,0.3839892415755015,1636,0.9445727482678984,114.1778335,22.3169323,1636641377,1380,0.20427005193306405
1002,0.4354755545811459,1636,0.9445727482678984,114.1755972,22.316935,1636641378,1151,0.3364108482400462
1003,0.6493339966435135,1636,0.9445727482678984,114.1737889,22.3171958,1636641379,134,0.9232544720138488
1004,0.5131849335677704,1636,0.9445727482678984,114.1761949,22.3111808,1636685510,655,0.6226197345643393
1005,0.4610462017412593,1636,0.9445727482678984,114.1750087,22.3111949,1636685526,1008,0.4189267166762839
1006,0.427901143043521,1636,0.9445727482678984,114.1743595,22.3118729,1636685557,1190,0.3139065204847086
1007,0.5409211688309978,1636,0.9445727482678984,114.1722161,22.314068,1636685662,506,0.7085978072706289
1008,0.591015580241883,1636,0.9445727482678984,114.1703989,22.3145697,1636685663,305,0.8245816503173687
1009,0.569976985439038,1636,0.9445727482678984,114.1707353,22.3146308,1636685664,381,0.7807270628967109
1010,0.5858949671665,1636,0.9445727482678984,114.169953,22.3100905,1636768897,318,0.8170802077322562
1011,0.6060033601076696,1636,0.9445727482678984,114.1704199,22.3101776,1636768900,251,0.8557414887478362
1012,0.6159403345154005,1636,0.9445727482678984,114.1706807,22.3102195,1636768902,217,0.8753606462781304
1013,0.5228302149927148,1636,0.9445727482678984,114.1716514,22.3103567,1636768903,602,0.6532025389497981
1014,0.6119449511247127,1636,0.9445727482678984,114.1693789,22.3106548,1636768904,233,0.8661281015579919
1015,0.6091612976420065,1636,0.9445727482678984,114.169277,22.3111705,1636768911,243,0.8603577611079054
1016,0.5834938782636193,1636,0.9445727482678984,114.1696451,22.3112261,1636768923,328,0.8113098672821697
1017,0.6251207608568096,1636,0.9445727482678984,114.1703709,22.3118131,1636768930,197,0.8869013271783035
1018,0.6101054113389118,1636,0.9445727482678984,114.170835,22.3118402,1636768934,238,0.8632429313329486
1019,0.769651564284372,1636,0.9445727482678984,114.1690958,22.3120931,1636768937,8,0.9959607616849394
1020,0.4453193185724156,1636,0.9445727482678984,114.1680362,22.3130195,1636768941,1106,0.36237738026543564
1021,0.48113021835096387,1636,0.9445727482678984,114.1673432,22.3133341,1636768942,862,0.5031736872475476
1022,0.5783746183528686,1636,0.9445727482678984,114.1670462,22.3170133,1636768949,348,0.7997691863819966
1023,0.2942064901184777,1636,0.9445727482678984,114.1614284,22.307121,1640472705,1589,0.08366993652625505
1024,0.45168954894017244,1636,0.9445727482678984,114.1613115,22.3072321,1640472711,1064,0.3866128101557992
1025,0.47699924688777634,1636,0.9445727482678984,114.1617332,22.3074714,1640472713,891,0.4864396999422966
1026,0.37597315608816634,1636,0.9445727482678984,114.1608066,22.3092355,1640472718,1412,0.18580496249278708
1027,0.3500322138936219,1636,0.9445727482678984,114.1581879,22.3172787,1640472735,1494,0.13848817080207732
1028,0.4787828228886566,1636,0.9445727482678984,114.1616675,22.3181344,1640472756,876,0.49509521061742645
1029,0.0,0,0.0,114.1615798,22.3191301,1640472796,1665,0.020196191575302943
1030,0.4648990900572706,1636,0.9445727482678984,114.1599574,22.319473,1640472834,982,0.4339296018465089
1031,0.4735578666175629,1637,0.9451501154734411,114.1629184,22.3194992,1640472837,918,0.4708597807270629
1032,0.0,0,0.0,114.160381,22.3199984,1640472859,1665,0.020196191575302943
1033,0.5530196585605599,1636,0.9445727482678984,114.1619669,22.3200037,1640472860,449,0.7414887478361223
1034,0.529837279755085,1636,0.9445727482678984,114.1635596,22.3202127,1640472865,555,0.6803231390652048
1035,0.4843095572757441,1636,0.9445727482678984,114.1625259,22.3203902,1640472868,841,0.5152914021927294
1036,0.6285149891511556,1636,0.9445727482678984,114.1619523,22.3204718,1640472869,183,0.8949798038084247
1037,0.4804014699743254,1636,0.9445727482678984,114.1598552,22.3206795,1640472873,867,0.5002885170225043
1038,0.0,0,0.0,114.1603705,22.3209096,1640472874,1665,0.020196191575302943
1039,0.48609337114639434,1636,0.9445727482678984,114.1627113,22.3213195,1640472879,830,0.5216387766878245
1040,0.4775448203275102,1636,0.9445727482678984,114.1620079,22.3214238,1640472885,886,0.4893248701673399
1041,0.0,0,0.0,114.1599863,22.3214176,1640472887,1665,0.020196191575302943
1042,0.5284044743554127,1636,0.9445727482678984,114.163852,22.321587,1640472888,569,0.6722446624350836
1043,0.5005667080879165,1636,0.9445727482678984,114.1634268,22.3219131,1640472891,738,0.5747259088286208
1044,0.3769417654246978,1639,0.9463048498845266,114.1603595,22.3219477,1640472893,1409,0.18753606462781305
1045,0.014918663743642934,1,0.0005773672055427252,114.1603512,22.3225101,1640472897,1641,0.053375649163300634
1046,0.03339319715592371,3,0.0017321016166281756,114.1606676,22.3225141,1640472898,1635,0.0571263704558569
1047,0.03572453410343703,4,0.0023094688221709007,114.1610069,22.3225183,1640472899,1634,0.05770340450086555
1048,0.5548159354725912,1636,0.9445727482678984,114.1593941,22.3234053,1640472913,443,0.7449509521061742
1049,0.42457722874019316,1636,0.9445727482678984,114.1602375,22.3241447,1640472918,1206,0.3046739757645701
1050,0.4672871201143127,1636,0.9445727482678984,114.1609827,22.3241402,1640472919,962,0.44547028274668204
1051,0.6136730644465398,1636,0.9445727482678984,114.1619702,22.3241874,1640472920,225,0.8707443739180611
1052,0.5296093591281219,1636,0.9445727482678984,114.1579631,22.3244827,1640472922,559,0.6780150028851702
1053,0.5319218124060326,1636,0.9445727482678984,114.1581374,22.3245001,1640472923,541,0.688401615695326
1054,0.49211396757998316,1636,0.9445727482678984,114.1673292,22.3253879,1641766299,788,0.5458742065781881
1055,0.6110682447674374,1636,0.9445727482678984,114.1634104,22.3264083,1641766324,236,0.864396999422966
1056,0.574127944747929,1636,0.9445727482678984,114.1621988,22.3264481,1641766327,369,0.7876514714368148
1057,0.5656375392343213,1636,0.9445727482678984,114.1608954,22.3267034,1641766330,398,0.7709174841315638
1058,0.5285412604175261,1636,0.9445727482678984,114.1625904,22.3268852,1641766332,568,0.6728216964800924
1059,0.6289182542949623,1636,0.9445727482678984,114.1612938,22.3271335,1641766334,179,0.8972879399884593
1060,0.6462751820774865,1636,0.9445727482678984,114.1616944,22.3275776,1641766351,142,0.9186381996537796
1061,0.4901132308960121,1636,0.9445727482678984,114.1621341,22.32807,1641766386,801,0.5383727639930755
1062,0.5748219284264883,1636,0.9445727482678984,114.1570682,22.3296682,1641766422,365,0.7899596076168494
1063,0.33500366980958324,1636,0.9445727482678984,114.1543973,22.3297353,1641766435,1531,0.11713791113675708
1064,0.5000454508686256,1636,0.9445727482678984,114.1595218,22.3300325,1641766439,741,0.5729948066935949
1065,0.5423017275801127,1636,0.9445727482678984,114.1657486,22.3303719,1641766446,499,0.7126370455856895
1066,0.5234206261944296,1636,0.9445727482678984,114.1648506,22.3311074,1641766448,594,0.6578188113098673
1067,0.4360648707204824,1636,0.9445727482678984,114.1687587,22.3315756,1641766472,1149,0.33756491633006347
1068,0.597859142443521,1636,0.9445727482678984,114.1673375,22.3322035,1641766506,281,0.8384304673975764
1069,0.012852673703522348,2,0.0011547344110854503,114.1634919,22.3328673,1641766523,1643,0.052510098095787654
1070,0.4487584931859351,1636,0.9445727482678984,114.1836758,22.3046552,1642181741,1083,0.37564916330063475
1071,0.40979990212775563,1636,0.9445727482678984,114.1832556,22.3049167,1642181820,1280,0.2619734564339296
1072,0.44868450205199867,1636,0.9445727482678984,114.1837127,22.3051168,1642181939,1085,0.3744950952106174
1073,0.4592830690444846,1636,0.9445727482678984,114.1828292,22.3055167,1642182880,1021,0.41142527409117136
1074,0.5225299371926244,1636,0.9445727482678984,114.1842014,22.305781,1642183081,604,0.6520484708597807
1075,0.3611553544388779,1637,0.9451501154734411,114.1831546,22.3059325,1642183297,1461,0.15753029428736295
1076,0.0,0,0.0,114.1854795,22.306088,1642183520,1665,0.020196191575302943
1077,0.5299256394668017,1636,0.9445727482678984,114.1859462,22.3067242,1642184436,553,0.6814772071552222
1078,0.5586496592715674,1636,0.9445727482678984,114.1843496,22.3068019,1642184438,428,0.753606462781304
1079,0.361823817637704,1636,0.9445727482678984,114.1828611,22.306806,1642184439,1459,0.15868436237738026
1080,0.4829311266541823,1636,0.9445727482678984,114.1853471,22.3071007,1642184453,850,0.5100980957876514
1081,0.5638320447538752,1636,0.9445727482678984,114.1858997,22.3073215,1642184499,404,0.7674552798615119
1082,0.49159106566895394,1637,0.9451501154734411,114.1839442,22.3074261,1642184525,792,0.5435660703981535
1083,0.4760896426906235,1636,0.9445727482678984,114.1847758,22.3074597,1642184531,903,0.47951529140219273
1084,0.4839453131937004,1638,0.9457274826789839,114.1835127,22.3076955,1642184594,844,0.5135603000577034
1085,0.628729646095075,1636,0.9445727482678984,114.185061,22.3078495,1642184595,181,0.896133871898442
1086,0.4489322206371335,1640,0.9468822170900693,114.1827514,22.3081723,1642184661,1080,0.3773802654356607
1087,0.3822275832632263,1636,0.9445727482678984,114.1872477,22.3093504,1642184796,1388,0.1996537795729948
1088,0.49593359354136285,1636,0.9445727482678984,114.1876102,22.3098066,1642184800,767,0.5579919215233698
1089,0.46848123290802585,1636,0.9445727482678984,114.1852352,22.3103285,1642184803,949,0.4529717253317946
1090,0.40331033956845247,1636,0.9445727482678984,114.1893643,22.311243,1642184836,1304,0.24812463935372187
1091,0.6194092816764742,1636,0.9445727482678984,114.1877002,22.3122514,1642184880,213,0.877668782458165
1092,0.4191507377064917,1636,0.9445727482678984,114.1555974,22.3323231,1645492675,1240,0.2850548182342758
1093,0.4380980598278554,1636,0.9445727482678984,114.1556611,22.3324146,1645492687,1144,0.3404500865551068
1094,0.48585519916237074,1636,0.9445727482678984,114.1706449,22.2946637,1649047644,831,0.5210617426428159
1095,0.41948425491186053,1636,0.9445727482678984,114.1712611,22.2955321,1649047767,1237,0.2867859203693018
1096,0.41910353080211193,1636,0.9445727482678984,114.1722642,22.295601,1649047771,1241,0.28447778418926717
1097,0.3450629082367533,1636,0.9445727482678984,114.1702054,22.2962672,1649047793,1508,0.13040969417195614
1098,0.3605070226830339,1636,0.9445727482678984,114.1716292,22.2964281,1649047802,1463,0.15637622619734565
1099,0.3996127991139543,1636,0.9445727482678984,114.1736434,22.2971,1649047896,1319,0.23946912867859205
1100,0.46853776586112694,1636,0.9445727482678984,114.1756058,22.2972478,1649047910,948,0.4535487593768032
1101,0.010897910768643,2,0.0011547344110854503,114.1704421,22.2977222,1649048045,1644,0.05193306405077899
1102,0.3823217220041293,1636,0.9445727482678984,114.1688287,22.2979909,1649048061,1387,0.20023081361800346
1103,0.39412844355088816,1636,0.9445727482678984,114.1787526,22.2980332,1649048065,1349,0.22215810732833238
1104,0.3834899290137746,1636,0.9445727482678984,114.172169,22.2981391,1649048105,1383,0.20253894979803808
1105,0.4474107164223753,1636,0.9445727482678984,114.1715134,22.2981357,1649048112,1094,0.36930178880553954
1106,0.5014965241690567,1636,0.9445727482678984,114.1720868,22.2981626,1649048114,727,0.5810732833237161
1107,0.0,0,0.0,114.1734373,22.2981396,1649048150,1665,0.020196191575302943
1108,0.34947386708393746,1636,0.9445727482678984,114.1739886,22.298415,1649048220,1497,0.13675706866705137
1109,0.4826366175646016,1636,0.9445727482678984,114.1801317,22.2993008,1649048396,853,0.5083669936526255
1110,0.45407937975553153,1636,0.9445727482678984,114.1760233,22.2996643,1649048555,1055,0.3918061165608771
1111,0.488394565611967,1636,0.9445727482678984,114.1802829,22.2996865,1649048606,817,0.5291402192729371
1112,0.46563856577253254,1636,0.9445727482678984,114.180616,22.2997822,1649048754,976,0.43739180611656087
1113,0.42439667689529514,1636,0.9445727482678984,114.1803081,22.299935,1649048774,1208,0.3035199076745528
1114,0.39499923163548334,1636,0.9445727482678984,114.1868238,22.3001586,1649048792,1345,0.224466243508367
1115,0.40527883111900953,1636,0.9445727482678984,114.1802665,22.3001325,1649048830,1297,0.25216387766878245
1116,0.4527534550662002,1636,0.9445727482678984,114.1792775,22.3005886,1649048841,1058,0.39007501442585113
1117,0.4663732091706936,1636,0.9445727482678984,114.1797998,22.30149,1649048895,969,0.44143104443162146
1118,0.44738400485727065,1636,0.9445727482678984,114.1795814,22.3017103,1649048949,1095,0.36872475476053085
1119,0.47341603520549175,1636,0.9445727482678984,114.1829113,22.3019797,1649048966,919,0.4702827466820542
1120,0.3777954686188163,1636,0.9445727482678984,114.1810929,22.3022033,1649048995,1406,0.189267166762839
1121,0.5244285941741317,1640,0.9468822170900693,114.1756341,22.3023369,1649049019,591,0.6595499134448932
1122,0.3674961158079991,1636,0.9445727482678984,114.1809036,22.3020119,1649049033,1444,0.1673398730525101
1123,0.4916561853898563,1642,0.9480369515011547,114.1752701,22.3025588,1649049049,790,0.5447201384881708
1124,0.5809971377690777,1636,0.9445727482678984,114.1768964,22.3026657,1649049060,339,0.8049624927870744
1125,0.4563493611019442,1636,0.9445727482678984,114.1841062,22.3037685,1649049087,1036,0.40276976341604154
1126,0.5305890692197306,1636,0.9445727482678984,114.161204,22.3075084,1649066298,548,0.6843623773802654
1127,0.3720054214160253,1636,0.9445727482678984,114.1909464,22.3152832,1651827742,1427,0.17714945181765723
1128,0.46324722797628093,1636,0.9445727482678984,114.1886538,22.3153391,1651827744,996,0.4258511252163878
1129,0.36755308539657355,1636,0.9445727482678984,114.1875198,22.3163333,1651827748,1443,0.16791690709751875
1130,0.3690284327658926,1636,0.9445727482678984,114.1864208,22.3163032,1651827750,1441,0.16907097518753605
1131,0.3526291427802337,1636,0.9445727482678984,114.1896496,22.3163872,1651827752,1486,0.14310444316214657
1132,0.3454310525035257,1637,0.9451501154734411,114.1894149,22.3165802,1651827755,1506,0.13156376226197344
1133,0.3590508696974391,1636,0.9445727482678984,114.1876219,22.3190944,1651827803,1468,0.15349105597230236
1134,0.5119700782795156,1636,0.9445727482678984,114.192467,22.3192057,1651827805,664,0.6174264281592614
1135,0.5249308793474796,1636,0.9445727482678984,114.1923746,22.3192761,1651827808,587,0.6618580496249279
1136,0.4148489935990447,1636,0.9445727482678984,114.1941813,22.3193311,1651827809,1256,0.27582227351413735
1137,0.48369925506794453,1636,0.9445727482678984,114.1864133,22.319518,1651827817,845,0.5129832660126947
1138,0.3407883506081016,1636,0.9445727482678984,114.1869571,22.3195208,1651827820,1516,0.1257934218118869
1139,0.3815185188805138,1636,0.9445727482678984,114.1939377,22.3194362,1651827822,1392,0.19734564339296018
1140,0.38952692203032163,1636,0.9445727482678984,114.1940453,22.3196511,1651827823,1363,0.2140796306982112
1141,0.462015232027329,1636,0.9445727482678984,114.1944079,22.3197957,1651827825,1003,0.4218118869013272
1142,0.4631796035390281,1636,0.9445727482678984,114.1941661,22.3198985,1651827826,997,0.4252740911713791
1143,0.5699419795677779,1636,0.9445727482678984,114.1875121,22.3200669,1651827828,382,0.7801500288517023
1144,0.4598454715062412,1636,0.9445727482678984,114.1932385,22.3204462,1651827839,1017,0.413733410271206
1145,0.4615734464801841,1636,0.9445727482678984,114.1930455,22.3205336,1651827842,1006,0.42008078476630123
1146,0.47289780646521695,1636,0.9445727482678984,114.1928131,22.3206347,1651827843,923,0.4679746105020196
1147,0.47375145594891144,1636,0.9445727482678984,114.1925764,22.3207377,1651827844,916,0.4720138488170802
1148,0.458331620743832,1636,0.9445727482678984,114.1923442,22.3208387,1651827849,1028,0.40738603577611077
1149,0.46802279733719154,1636,0.9445727482678984,114.1921105,22.3209404,1651827850,955,0.44950952106174263
1150,0.4795264020911734,1636,0.9445727482678984,114.1918769,22.321042,1651827851,874,0.49624927870744373
1151,0.36420041958177946,1637,0.9451501154734411,114.1905304,22.3210452,1651827852,1454,0.16156953260242354
1152,0.4795309517355727,1636,0.9445727482678984,114.1916425,22.321144,1651827853,872,0.49740334679746107
1153,0.46359881944974995,1636,0.9445727482678984,114.1914071,22.3212464,1651827854,992,0.4281592613964224
1154,0.47040714397005,1636,0.9445727482678984,114.191174,22.3213479,1651827857,936,0.4604731679169071
1155,0.4587432320598924,1636,0.9445727482678984,114.1937323,22.3213272,1651827858,1025,0.40911713791113674
1156,0.47433469385678245,1636,0.9445727482678984,114.1909389,22.3214501,1651827859,911,0.4748990190421235
1157,0.46466822307041233,1636,0.9445727482678984,114.1934918,22.3214317,1651827860,983,0.4333525678015003
1158,0.4557839997778476,1636,0.9445727482678984,114.1932558,22.3215342,1651827862,1040,0.4004616272360069
1159,0.4477869355488223,1636,0.9445727482678984,114.1930221,22.3216358,1651827863,1090,0.37160992498557416
1160,0.4683685381490618,1636,0.9445727482678984,114.1927902,22.3217365,1651827864,950,0.45239469128678594
1161,0.4713464281966459,1636,0.9445727482678984,114.1925556,22.3218385,1651827865,931,0.4633583381419504
1162,0.4596919294353442,1636,0.9445727482678984,114.1923217,22.3219401,1651827867,1018,0.41315637622619733
1163,0.4502740226813091,1636,0.9445727482678984,114.1920893,22.3220411,1651827871,1072,0.38199653779572995
1164,0.4741598389791501,1636,0.9445727482678984,114.191852,22.3221442,1651827879,913,0.47374495095210617
1165,0.47783594489229375,1636,0.9445727482678984,114.1916192,22.3222453,1651827885,882,0.4916330063473745
1166,0.4655647796213342,1636,0.9445727482678984,114.1913832,22.3223479,1651827887,978,0.4362377380265436
1167,0.412615350184253,1636,0.9445727482678984,114.1914074,22.3233264,1651827893,1266,0.2700519330640508
1168,0.4657155761195059,1636,0.9445727482678984,114.1883767,22.3236409,1651827897,975,0.4379688401615695
1169,0.5346151899934911,1636,0.9445727482678984,114.18934,22.324351,1651827909,534,0.6924408540103866
1170,0.4804722719974088,1636,0.9445727482678984,114.1887281,22.324622,1651827916,866,0.500865551067513
1171,0.3906519833117836,1636,0.9445727482678984,114.1882543,22.3249117,1651827924,1361,0.2152336987882285
1172,0.5107771136285716,1636,0.9445727482678984,114.1856714,22.3248939,1651827925,673,0.6122331217541835
1173,0.5122313768046223,1636,0.9445727482678984,114.1856429,22.3250125,1651827929,662,0.6185804962492787
1174,0.4274674155237016,1636,0.9445727482678984,114.1872011,22.3251354,1651827933,1192,0.3127524523946913
1175,0.3918745246365056,1636,0.9445727482678984,114.1843714,22.3259786,1651827946,1359,0.21638776687824582
1176,0.4347992593010799,1636,0.9445727482678984,114.1876841,22.3262098,1651827949,1155,0.3341027120600115
1177,0.4121518622002663,1636,0.9445727482678984,114.1843285,22.3267534,1651827954,1272,0.26658972879399884
1178,0.5285612127826635,1636,0.9445727482678984,114.1852101,22.3270431,1651827966,567,0.673398730525101
1179,0.479059551491371,1636,0.9445727482678984,114.1862851,22.3270966,1651827970,875,0.4956722446624351
1180,0.501075305812998,1636,0.9445727482678984,114.1872476,22.327252,1651827979,731,0.5787651471436814
1181,0.46018449314181575,1636,0.9445727482678984,114.1862794,22.3273016,1651827981,1014,0.41546451240623195
1182,0.3704873049121104,1636,0.9445727482678984,114.1875544,22.3274483,1651827991,1434,0.17311021350259664
1183,0.3960482599531258,1636,0.9445727482678984,114.1864346,22.3280812,1651828011,1339,0.22792844777841892
1184,0.3956342888162072,1636,0.9445727482678984,114.184079,22.3281471,1651828012,1343,0.2256203115983843
1185,0.4512390754356665,1636,0.9445727482678984,114.1870206,22.3289968,1651828016,1070,0.3831506058857473
1186,0.43294236205318526,1636,0.9445727482678984,114.1864747,22.3290214,1651828017,1168,0.32660126947489904
1187,0.4053756622082046,1636,0.9445727482678984,114.1854073,22.3290512,1651828018,1296,0.2527409117137911
1188,0.37441005756104034,1636,0.9445727482678984,114.1899042,22.3305918,1651828027,1418,0.18234275822273513
1189,0.3401827272833495,1636,0.9445727482678984,114.1915606,22.3305748,1651828028,1519,0.12406231967686093
1190,0.39710223696721636,1636,0.9445727482678984,114.1893425,22.3306082,1651828029,1329,0.23369878822850548
1191,0.43364414461689615,1636,0.9445727482678984,114.1888164,22.3306342,1651828030,1162,0.33006347374495093
1192,0.43032105374290325,1636,0.9445727482678984,114.1882333,22.3306597,1651828031,1178,0.3208309290248125
1193,0.4086266429201597,1636,0.9445727482678984,114.1876918,22.3306711,1651828032,1284,0.259665320253895
1194,0.4062773560609425,1636,0.9445727482678984,114.187087,22.330688,1651828033,1293,0.25447201384881707
1195,0.3465627707958918,1636,0.9445727482678984,114.1865828,22.3317834,1651828036,1504,0.13271783035199078
1196,0.32652593190080376,1636,0.9445727482678984,114.1933121,22.3321602,1651828039,1544,0.10963646855164455
1197,0.43400811440527326,1636,0.9445727482678984,114.1972224,22.331683,1652874716,1161,0.3306405077899596
1198,0.5174600914938438,1636,0.9445727482678984,114.1581695,22.3219865,1784785777,631,0.6364685516445471
1199,0.42305024823952014,1636,0.9445727482678984,114.1805457,22.32873,1864490832,1216,0.29890363531448355
1200,0.29673257628640515,1636,0.9445727482678984,114.1940423,22.3317762,1925307147,1587,0.08482400461627236
1201,0.33315319844969943,1636,0.9445727482678984,114.1931049,22.3319288,1925307161,1534,0.1154068090017311
1202,0.4631735178233998,1636,0.9445727482678984,114.1857405,22.3103309,1952598379,998,0.42469705712637046
1203,0.46223525637622237,1636,0.9445727482678984,114.1859584,22.3103771,1952598381,1001,0.4229659549913445
1204,0.48714924286283473,1636,0.9445727482678984,114.1858203,22.3104604,1952598383,823,0.5256780150028851
1205,0.455687810973969,1636,0.9445727482678984,114.1860954,22.3109088,1952598390,1042,0.3993075591459896
1206,0.2611103758578588,1636,0.9445727482678984,114.1756296,22.3349282,1975950491,1613,0.06982111944604731
1207,0.45705518300223497,1636,0.9445727482678984,114.16148,22.3070573,2089428235,1034,0.4039238315060589
1208,0.3490231552569314,1636,0.9445727482678984,114.1770441,22.3026398,2208339288,1498,0.1361800346220427
1209,0.573072831116771,1636,0.9445727482678984,114.1775126,22.3027572,2208339291,373,0.7853433352567801
1210,0.4197992662627528,1636,0.9445727482678984,114.1775231,22.3028719,2208339296,1234,0.28851702250432776
1211,0.5858101572420713,1636,0.9445727482678984,114.177468,22.3032512,2208339310,320,0.8159261396422389
1212,0.6874219204368679,1636,0.9445727482678984,114.1770856,22.3029603,2209285896,58,0.9671090594345066
1213,0.39621616927024694,1636,0.9445727482678984,114.1798788,22.3303281,2280300926,1336,0.2296595499134449
1214,0.4175862313685082,1636,0.9445727482678984,114.1792936,22.3298119,2280302632,1248,0.2804385458742066
1215,0.39392436134702985,1636,0.9445727482678984,114.1792321,22.3287112,2280302647,1352,0.2204270051933064
1216,0.36042973981393145,1636,0.9445727482678984,114.1792533,22.3289956,2280302655,1464,0.15579919215233698
1217,0.3941067238877017,1636,0.9445727482678984,114.1792721,22.3295265,2280302658,1350,0.22158107328332372
1218,0.4729096031072969,1636,0.9445727482678984,114.1633036,22.3248567,2389070853,922,0.4685516445470283
1219,0.3022848048384049,1638,0.9457274826789839,114.1530739,22.3270775,2392423823,1579,0.0894402769763416
1220,0.3961904550637679,1637,0.9451501154734411,114.1613279,22.3219598,2404926823,1337,0.22908251586843623
1221,0.38481024472908254,1638,0.9457274826789839,114.1613357,22.3214145,2404926827,1375,0.20715522215810733
1222,0.30045651367977705,1636,0.9445727482678984,114.196575,22.3320206,2454355466,1585,0.08597807270628967
1223,0.4070836031004395,1636,0.9445727482678984,114.1890277,22.3059948,2545282593,1288,0.2573571840738604
1224,0.3785658718932708,1636,0.9445727482678984,114.1970534,22.3313367,2558033404,1405,0.18984420080784767
1225,0.4332348781602769,1636,0.9445727482678984,114.1934361,22.3290231,2558033411,1165,0.328332371609925
1226,0.30154052535035436,1636,0.9445727482678984,114.1943772,22.3282364,2558033418,1580,0.08886324293133295
1227,0.29298751897251013,1636,0.9445727482678984,114.1916039,22.3256036,2558033462,1591,0.08251586843623773
1228,0.30400081765888215,1636,0.9445727482678984,114.1933135,22.3272339,2558033473,1575,0.09174841315637623
1229,0.33448417160682536,1636,0.9445727482678984,114.1982588,22.3323155,2558036215,1532,0.11656087709174841
1230,0.6627443417120771,1636,0.9445727482678984,114.1707464,22.3243515,2639744183,105,0.9399884593190998
1231,0.7107106616295749,1636,0.9445727482678984,114.1716887,22.3197996,2639744193,38,0.9786497403346798
1232,0.5385943362164994,1636,0.9445727482678984,114.1713815,22.3212871,2639744195,514,0.7039815349105597
1233,0.5851688595501563,1636,0.9445727482678984,114.1658037,22.306099,2754770542,321,0.8153491055972303
1234,0.44885785984534626,1636,0.9445727482678984,114.1655428,22.3058654,2754770587,1081,0.376803231390652
1235,0.5740180653360866,1636,0.9445727482678984,114.1764328,22.3117949,2772111132,370,0.7870744373918062
1236,0.5610963581373892,1636,0.9445727482678984,114.1767076,22.3118437,2772111145,416,0.760530871321408
1237,0.6533822823619981,1636,0.9445727482678984,114.1762309,22.3122369,2772111183,122,0.9301788805539527
1238,0.2800853686945863,1636,0.9445727482678984,114.1772394,22.3149317,2772111189,1600,0.07732256203115984
1239,0.0,0,0.0,114.1771361,22.3154488,2774815491,1665,0.020196191575302943
1240,0.0,0,0.0,114.1485765,22.3293377,2832941882,1665,0.020196191575302943
1241,0.4500811582480335,1636,0.9445727482678984,114.1566946,22.3203332,2863929182,1073,0.3814195037507213
1242,0.28300556068396404,1636,0.9445727482678984,114.160735,22.313268,2866714633,1598,0.07847663012117714
1243,0.42810079956768443,1636,0.9445727482678984,114.1543655,22.3309267,2868162247,1189,0.31448355452971727
1244,0.38791372640070315,1636,0.9445727482678984,114.1970444,22.331626,2873992829,1365,0.2129255626081939
1245,0.3963231499680792,1636,0.9445727482678984,114.1969835,22.331512,2873992835,1335,0.23023658395845356
1246,0.33572470236480995,1636,0.9445727482678984,114.1974121,22.3314819,2873992839,1527,0.11944604731679169
1247,0.36905072638729247,1639,0.9463048498845266,114.1984683,22.3322705,2873992840,1440,0.16964800923254472
1248,0.333111076454418,1636,0.9445727482678984,114.1983069,22.3322406,2873992841,1535,0.11482977495672245
1249,0.27628444871096985,1636,0.9445727482678984,114.19984,22.332918,2878204574,1603,0.07559145989613388
1250,0.3299598913102344,1636,0.9445727482678984,114.19849,22.33238,2878206305,1542,0.11079053664166186
1251,0.5229394527517733,1636,0.9445727482678984,114.166573,22.3312955,2999564052,599,0.654933641084824
1252,0.5215011595459277,1636,0.9445727482678984,114.1664143,22.3314061,2999564058,610,0.6485862665897288
1253,0.551125429652859,1636,0.9445727482678984,114.1593015,22.3233398,3200153661,458,0.7362954414310444
1254,0.48920739878400565,1636,0.9445727482678984,114.1590664,22.3230902,3200166661,812,0.5320253894979804
1255,0.3710876389319607,1636,0.9445727482678984,114.1591205,22.3229596,3200246561,1429,0.17599538372763993
1256,0.47805702570297814,1636,0.9445727482678984,114.15959,22.32285,3200259361,879,0.4933641084824005
1257,0.5229723151441588,1636,0.9445727482678984,114.1676639,22.3190813,3230280999,598,0.6555106751298326
1258,0.5296460264761027,1636,0.9445727482678984,114.1580379,22.3245698,3261524561,558,0.6785920369301789
1259,0.4874914399163113,1636,0.9445727482678984,114.1616263,22.3250032,3270208461,820,0.5274091171379112
1260,0.6197642403319017,1636,0.9445727482678984,114.1687453,22.3221208,3331535680,212,0.8782458165031737
1261,0.5228808694813055,1636,0.9445727482678984,114.1613641,22.3073431,3334802082,600,0.6543566070398154
1262,0.49873881392682695,1636,0.9445727482678984,114.1559135,22.3260091,3336091196,746,0.5701096364685516
1263,0.5074295468429822,1636,0.9445727482678984,114.1558098,22.3260835,3336091197,692,0.601269474899019
1264,0.503980477906827,1636,0.9445727482678984,114.155878,22.3261673,3336091198,710,0.5908828620888632
1265,0.49153971338098473,1636,0.9445727482678984,114.1566862,22.3268794,3336091205,793,0.5429890363531449
1266,0.5141289199743193,1636,0.9445727482678984,114.1572975,22.3275503,3336091210,652,0.6243508366993653
1267,0.47515345036653484,1636,0.9445727482678984,114.1579323,22.3282635,3336091212,906,0.47778418926716676
1268,0.5626926533072614,1636,0.9445727482678984,114.1583038,22.3286948,3336091224,409,0.7645701096364685
1269,0.5071323226562267,1636,0.9445727482678984,114.1587139,22.329134,3336091232,694,0.6001154068090018
1270,0.5795293156707452,1636,0.9445727482678984,114.1591149,22.3295791,3338147030,343,0.8026543566070398
1271,0.4301118411841518,1636,0.9445727482678984,114.1682081,22.3003949,3610003009,1181,0.3190998268897865
1272,0.42477281528491456,1636,0.9445727482678984,114.1810347,22.3062835,3676641732,1205,0.30525100980957875
1273,0.0,0,0.0,114.1686843,22.3327592,3688773290,1665,0.020196191575302943
1274,0.553161394284336,1636,0.9445727482678984,114.1594542,22.3233315,3692616228,448,0.742065781881131
1275,0.53740505036911,1636,0.9445727482678984,114.1750422,22.3178652,3909038855,522,0.6993652625504905
1276,0.43943837772087185,1636,0.9445727482678984,114.1745713,22.307149,3978935775,1138,0.3439122908251587
1277,0.6478374446941474,1636,0.9445727482678984,114.168077,22.323893,4123241552,137,0.9215233698788229
1278,0.4942323531030872,1636,0.9445727482678984,114.1842023,22.3105236,4294666033,775,0.5533756491633006
1279,0.04329147088682293,6,0.003464203233256351,114.1610019,22.3228614,4332327041,1633,0.058280438545874204
1280,0.4862873488792617,1636,0.9445727482678984,114.1714748,22.3126951,4421445236,828,0.5227928447778419
1281,0.0,0,0.0,114.1526786,22.3289038,4432829782,1665,0.020196191575302943
1282,0.3180447411722647,1636,0.9445727482678984,114.1759936,22.3066443,4493621922,1558,0.10155799192152337
1283,0.3672028148410001,1636,0.9445727482678984,114.1667867,22.3150558,4501979659,1445,0.16676283900750144
1284,0.5033912297379308,1636,0.9445727482678984,114.1690856,22.3030214,4510281036,713,0.5891517599538373
1285,0.5172497861499236,1636,0.9445727482678984,114.1692795,22.3030372,4510281038,633,0.6353144835545297
1286,0.6031775855131354,1636,0.9445727482678984,114.1681224,22.3029485,4510286866,265,0.847663012117715
1287,0.48957883572650235,1640,0.9468822170900693,114.1757299,22.3025284,4535526794,806,0.5354875937680323
1288,0.5311375333768138,1636,0.9445727482678984,114.1723912,22.2946736,4642297159,544,0.6866705135603001
1289,0.41779849126177016,1636,0.9445727482678984,114.181692,22.3183571,4689807727,1246,0.2815926139642239
1290,0.48849621098896157,1636,0.9445727482678984,114.1904996,22.3121849,4733952775,816,0.5297172533179457
1291,0.4318848782395209,1636,0.9445727482678984,114.178526,22.3272806,4773263715,1173,0.3237160992498557
1292,0.4906481710584843,1636,0.9445727482678984,114.1746517,22.3264593,4773316072,799,0.5395268320830929
1293,0.46724584332810287,1636,0.9445727482678984,114.1724344,22.3266733,4773316080,963,0.4448932487016734
1294,0.5520216308573281,1636,0.9445727482678984,114.1720975,22.3266789,4773330911,452,0.7397576457010964
1295,0.4749621211472893,1636,0.9445727482678984,114.1717672,22.3266664,4773331322,908,0.4766301211771495
1296,0.5997589997857612,1636,0.9445727482678984,114.1603876,22.3260482,4773727046,275,0.8418926716676284
1297,0.5967996213187301,1636,0.9445727482678984,114.1641175,22.3236062,4773779436,287,0.8349682631275245
1298,0.48355197149822937,1636,0.9445727482678984,114.1903141,22.3270143,4777713345,846,0.5124062319676861
1299,0.4797535805899395,1636,0.9445727482678984,114.1856434,22.32008,4781436505,871,0.4979803808424697
1300,0.3937056737691332,1636,0.9445727482678984,114.1910991,22.319991,4843875301,1353,0.21984997114829774
1301,0.44082523678755803,1636,0.9445727482678984,114.1920307,22.3195029,4843875302,1128,0.34968263127524524
1302,0.34773694410979533,1636,0.9445727482678984,114.1972783,22.3316696,4844265425,1501,0.13444893248701673
1303,0.4743810752008552,1636,0.9445727482678984,114.1857176,22.3272015,4844611313,910,0.47547605308713214
1304,0.5562808267741371,1636,0.9445727482678984,114.171157,22.3032407,4844940406,437,0.7484131563762262
1305,0.6381243414776747,1636,0.9445727482678984,114.1679667,22.3029379,4844962258,158,0.9094056549336411
1306,0.2751261373264022,1636,0.9445727482678984,114.1667228,22.3028069,4844962261,1604,0.07501442585112522
1307,0.5052978692523695,1636,0.9445727482678984,114.1915022,22.3288409,4846202878,704,0.5943450663589152
1308,0.3052869796269834,1636,0.9445727482678984,114.1914997,22.3289072,4846202879,1572,0.0934795152914022
1309,0.6083119361782428,1636,0.9445727482678984,114.1915465,22.3288405,4846202881,247,0.8580496249278707
1310,0.4630612298372672,1636,0.9445727482678984,114.1704091,22.2946312,4848211641,999,0.4241200230813618
1311,0.3706811259323475,1636,0.9445727482678984,114.1705896,22.2948821,4848211645,1433,0.1736872475476053
1312,0.4444585348575842,1636,0.9445727482678984,114.1895517,22.3277536,4848365922,1110,0.36006924408540103
1313,0.5025743712276612,1636,0.9445727482678984,114.1808078,22.3302588,4856147006,719,0.5856895556837853
1314,0.5030461340921211,1636,0.9445727482678984,114.1807374,22.3302625,4856147008,715,0.58799769186382
1315,0.431641851190456,1636,0.9445727482678984,114.1806345,22.3288666,4856147010,1174,0.3231390652048471
1316,0.5812358251702884,1636,0.9445727482678984,114.1674088,22.332148,4856402019,337,0.8061165608770917
1317,0.5460293088414394,1636,0.9445727482678984,114.1675305,22.3320862,4856402020,479,0.7241777264858626
1318,0.6275038179656282,1636,0.9445727482678984,114.1674539,22.3321981,4856411322,190,0.8909405654933641
1319,0.587436477080582,1636,0.9445727482678984,114.1673847,22.3322543,4856411323,316,0.8182342758222735
1320,0.5340546510006883,1636,0.9445727482678984,114.1673414,22.327631,4858064646,536,0.6912867859203693
1321,0.0,0,0.0,114.166335,22.3326222,4858256070,1665,0.020196191575302943
1322,0.4967781002385235,1636,0.9445727482678984,114.1584944,22.3216866,4858447071,757,0.5637622619734565
1323,0.4663505603366692,1636,0.9445727482678984,114.1582586,22.3219701,4858447072,971,0.4402769763416042
1324,0.49360757791001614,1636,0.9445727482678984,114.1783376,22.3234652,4860301263,782,0.54933641084824
1325,0.46715886745981344,1636,0.9445727482678984,114.1784145,22.324498,4860301264,966,0.44316214656664743
1326,0.5177682808669308,1636,0.9445727482678984,114.1783557,22.3236929,4860301265,627,0.6387766878245816
1327,0.6426844820180064,1636,0.9445727482678984,114.1781269,22.3219098,4860320025,151,0.9134448932487017
1328,0.6951601352088995,1636,0.9445727482678984,114.178161,22.3216632,4860320026,49,0.9723023658395845
1329,0.5154775781527544,1636,0.9445727482678984,114.1793806,22.3171837,4860320029,645,0.6283900750144259
1330,0.5878155970125847,1636,0.9445727482678984,114.1791942,22.3174446,4860608371,314,0.8193883439122909
1331,0.599008657595678,1636,0.9445727482678984,114.1651046,22.3239824,4860691742,277,0.8407386035776111
1332,0.5501632846088627,1636,0.9445727482678984,114.1657153,22.3241075,4860691743,463,0.7334102712060011
1333,0.47214365713974976,1636,0.9445727482678984,114.1819502,22.3132538,4860719322,927,0.465666474321985
1334,0.5975298273345235,1636,0.9445727482678984,114.188537,22.3027883,4860805876,283,0.8372763993075591
1335,0.6219463001675722,1636,0.9445727482678984,114.1886293,22.3027538,4860805878,205,0.8822850548182343
1336,0.5076117359410285,1637,0.9451501154734411,114.1888027,22.3028831,4860805880,691,0.6018465089440277
1337,0.4681197892293012,1636,0.9445727482678984,114.1845269,22.3008042,4862079505,953,0.45066358915175997
1338,0.5326515191075822,1636,0.9445727482678984,114.1843491,22.3011592,4862079512,540,0.6889786497403346
1339,0.5298305499435092,1636,0.9445727482678984,114.1844391,22.3011443,4862079513,556,0.6797461050201962
1340,0.3744716056880897,1637,0.9451501154734411,114.1560305,22.3329075,4862122192,1416,0.18349682631275246
1341,0.36633567897402625,1636,0.9445727482678984,114.1840008,22.3014702,4862139808,1449,0.16445470282746683
1342,0.4848544739457207,1636,0.9445727482678984,114.1788411,22.3056672,4862185729,837,0.517599538372764
1343,0.48161497181911206,1636,0.9445727482678984,114.1782562,22.3057339,4862228463,859,0.5049047893825735
1344,0.6515720578467808,1636,0.9445727482678984,114.165286,22.3063687,4862322386,125,0.9284477784189267
1345,0.4828124817720567,1636,0.9445727482678984,114.1779813,22.2984034,4862605958,852,0.5089440276976341
1346,0.43430983392086964,1636,0.9445727482678984,114.1785062,22.2978272,4862605959,1158,0.3323716099249856
1347,0.0,0,0.0,114.1591194,22.3331179,4862705207,1665,0.020196191575302943
1348,0.5414629320442977,1636,0.9445727482678984,114.1859216,22.3047485,4864359198,503,0.710328909405655
1349,0.4602708353960794,1636,0.9445727482678984,114.1619855,22.322904,4864470280,1013,0.41604154645124064
1350,0.4131585549641667,1636,0.9445727482678984,114.1911214,22.3226817,4864607476,1262,0.2723600692440854
1351,0.46720359904872083,1636,0.9445727482678984,114.1913932,22.3232297,4864607479,964,0.44431621465666477
1352,0.5048977565931907,1636,0.9445727482678984,114.1924396,22.3193447,4864718208,706,0.5931909982688979
1353,0.5012609298120302,1636,0.9445727482678984,114.192554,22.3192864,4864718209,728,0.5804962492787075
1354,0.5826553170289539,1636,0.9445727482678984,114.1729303,22.3158456,4907135612,330,0.8101557991921523
1355,0.568145852695373,1636,0.9445727482678984,114.1643658,22.3063965,4928401453,390,0.775533756491633
1356,0.6108147101782664,1636,0.9445727482678984,114.1640498,22.3068567,4928401462,237,0.8638199653779572
1357,0.6733378308521845,1636,0.9445727482678984,114.1640553,22.3066382,4928401464,85,0.9515291402192729
1358,0.45667985330759303,1636,0.9445727482678984,114.1638956,22.3087057,4928401467,1035,0.4033467974610502
1359,0.5020011451048696,1636,0.9445727482678984,114.1638689,22.3088061,4928401468,725,0.5822273514137334
1360,0.13537515852660265,1639,0.9463048498845266,114.1989862,22.3216312,4945918763,1630,0.06001154068090017
1361,0.5009032415382789,1636,0.9445727482678984,114.1873562,22.3122197,4988113111,734,0.5770340450086555
1362,0.3585171070469564,1636,0.9445727482678984,114.1594717,22.3027877,5009737115,1469,0.1529140219272937
1363,0.4461583627598997,1636,0.9445727482678984,114.1594267,22.3031008,5009737119,1098,0.36699365262550493
1364,0.35544899287665704,1636,0.9445727482678984,114.189792,22.3249539,5022506823,1480,0.1465666474321985
1365,0.486355021481119,1636,0.9445727482678984,114.1829312,22.308638,5026755148,827,0.5233698788228506
1366,0.46527118221567126,1636,0.9445727482678984,114.1770271,22.306237,5026796433,979,0.4356607039815349
1367,0.4782671054997259,1636,0.9445727482678984,114.1672117,22.3090769,5035159635,877,0.49451817657241776
1368,0.4183632697888851,1636,0.9445727482678984,114.1569617,22.3174492,5052279539,1243,0.28332371609924983
1369,0.41126280337858623,1636,0.9445727482678984,114.1645312,22.3027452,5054337446,1274,0.26543566070398156
1370,0.33566381456279,1636,0.9445727482678984,114.1820785,22.3339316,5069518591,1528,0.11886901327178304
1371,0.0,0,0.0,114.1690143,22.2938624,5098425986,1665,0.020196191575302943
1372,0.719569808836425,1636,0.9445727482678984,114.1712706,22.3084889,5099453112,33,0.981534910559723
1373,0.5913966702099823,1636,0.9445727482678984,114.1651544,22.3313629,5101532172,301,0.8268897864974033
1374,0.5755465251563185,1636,0.9445727482678984,114.1652114,22.3312955,5101532173,362,0.7916907097518754
1375,0.4302289790765231,1637,0.9451501154734411,114.1665867,22.3328933,5101650401,1179,0.32025389497980383
1376,0.0,0,0.0,114.1665404,22.3328432,5101650402,1665,0.020196191575302943
1377,0.4674834281709603,1636,0.9445727482678984,114.1703228,22.3315677,5101814997,960,0.4466243508366994
1378,0.4663630992142114,1636,0.9445727482678984,114.17041,22.331563,5101814998,970,0.4408540103866128
1379,0.5708736125334795,1636,0.9445727482678984,114.1716362,22.3196876,5102113130,377,0.7830351990767456
1380,0.6768574154386251,1636,0.9445727482678984,114.1754378,22.3186093,5102138240,79,0.9549913444893249
1381,0.6567923339681839,1636,0.9445727482678984,114.1777958,22.3177106,5102154185,116,0.9336410848240047
1382,0.7331079079448135,1636,0.9445727482678984,114.1875128,22.3200248,5102189141,20,0.9890363531448355
1383,0.609234083033546,1636,0.9445727482678984,114.1874386,22.3200316,5102189142,241,0.8615118291979227
1384,0.5264778784968192,1636,0.9445727482678984,114.1580589,22.3244185,5103577570,581,0.6653202538949798
1385,0.5291586802260916,1636,0.9445727482678984,114.1658965,22.3201771,5103661126,563,0.6757068667051356
1386,0.6948167928786961,1636,0.9445727482678984,114.171733,22.3032687,5103929473,50,0.9717253317945759
1387,0.7121965880222464,1636,0.9445727482678984,114.1718146,22.303275,5103929474,37,0.9792267743796884
1388,0.6505223417031826,1636,0.9445727482678984,114.1719165,22.3032521,5103929475,132,0.9244085401038661
1389,0.7274527623593035,1636,0.9445727482678984,114.1742817,22.3072288,5103971487,26,0.9855741488747836
1390,0.6703054502847634,1636,0.9445727482678984,114.1741806,22.3070591,5103971488,90,0.9486439699942296
1391,0.6257193062186116,1636,0.9445727482678984,114.1744355,22.3074317,5103971489,194,0.8886324293133295
1392,0.6318666839715177,1636,0.9445727482678984,114.174008,22.3073168,5103971497,174,0.9001731102135025
1393,0.8238676960998664,1636,0.9445727482678984,114.1771176,22.3029386,5104093639,2,0.9994229659549914
1394,0.6764956864570165,1636,0.9445727482678984,114.1772571,22.3029817,5104093645,82,0.953260242354299
1395,0.7303482748719918,1636,0.9445727482678984,114.1771748,22.3030275,5104093646,22,0.9878822850548182
1396,0.6721583833485345,1636,0.9445727482678984,114.1770713,22.3030694,5104093647,88,0.949798038084247
1397,0.5892287692544456,1636,0.9445727482678984,114.1768133,22.3031074,5104093648,310,0.8216964800923254
1398,0.4720792472185172,1636,0.9445727482678984,114.1861553,22.3047181,5104128046,928,0.46508944027697635
1399,0.5099330465429218,1636,0.9445727482678984,114.1606472,22.3075809,5104147159,676,0.6105020196191575
1400,0.6571362250870646,1636,0.9445727482678984,114.1675431,22.3048486,5104169313,114,0.9347951529140219
1401,0.5910594712620886,1636,0.9445727482678984,114.1673164,22.3090304,5104193282,303,0.825735718407386
1402,0.0,0,0.0,114.162355,22.3315962,5116241584,1665,0.020196191575302943
1403,0.4172763167889539,1637,0.9451501154734411,114.1661569,22.3068173,5118471617,1250,0.27928447778418924
1404,0.4229978589232343,1636,0.9445727482678984,114.1790669,22.298078,5120436693,1218,0.2977495672244662
1405,0.36933313918668415,1636,0.9445727482678984,114.1822316,22.2995579,5120436700,1439,0.1702250432775534
1406,0.3580925706269111,1636,0.9445727482678984,114.1771494,22.2965485,5120436719,1472,0.15118291979226775
1407,0.3356468320329928,1636,0.9445727482678984,114.1757915,22.2957699,5120437766,1529,0.11829197922677438
1408,0.3559068777879983,1636,0.9445727482678984,114.1768,22.2963753,5120437769,1478,0.1477207155222158
1409,0.475011910569704,1636,0.9445727482678984,114.1672825,22.3073216,5123029554,907,0.4772071552221581
1410,0.44319186363664564,1638,0.9457274826789839,114.1663535,22.3075342,5123029555,1116,0.3566070398153491
1411,0.0,0,0.0,114.1654255,22.3077472,5123029556,1665,0.020196191575302943
1412,0.5390512291745903,1636,0.9445727482678984,114.1613338,22.3074624,5131739783,511,0.7057126370455857
1413,0.6297534639121092,1636,0.9445727482678984,114.1665106,22.3187874,5133880779,178,0.897864974033468
1414,0.515940462673771,1636,0.9445727482678984,114.187964,22.3215889,5135640272,641,0.6306982111944605
1415,0.4487841340187886,1636,0.9445727482678984,114.1750516,22.3267682,5135751883,1082,0.3762261973456434
1416,0.3011255790420635,1636,0.9445727482678984,114.1639145,22.3025672,5137162805,1582,0.08770917484131564
1417,0.5246733214355445,1636,0.9445727482678984,114.1638075,22.3026783,5137162811,590,0.6601269474899019
1418,0.3812130254921452,1636,0.9445727482678984,114.161391,22.3026321,5137162815,1394,0.19619157530294287
1419,0.3362570536804728,1636,0.9445727482678984,114.161604,22.3025282,5137162816,1524,0.12117714945181765
1420,0.4297021854142088,1636,0.9445727482678984,114.1638956,22.3030224,5137162820,1183,0.31794575879976916
1421,0.4012812148314457,1636,0.9445727482678984,114.1640343,22.3031662,5137163548,1314,0.2423542989036353
1422,0.6025395022930727,1636,0.9445727482678984,114.16405,22.3064755,5137163564,266,0.8470859780727062
1423,0.6767730590513111,1636,0.9445727482678984,114.1637617,22.3065551,5137163566,80,0.9544143104443162
1424,0.4427475578161563,1636,0.9445727482678984,114.1639483,22.3034467,5137163569,1118,0.3554529717253318
1425,0.5214221847322481,1636,0.9445727482678984,114.167242,22.302988,5137163580,611,0.6480092325447201
1426,0.485556128509211,1636,0.9445727482678984,114.182052,22.3042201,5271293472,833,0.5199076745527986
1427,0.45882057054743813,1636,0.9445727482678984,114.1721331,22.3275911,5275215754,1023,0.4102712060011541
1428,0.2520265175720042,1636,0.9445727482678984,114.1636579,22.308787,5299116276,1615,0.06866705135603
1429,0.3934525197742383,1636,0.9445727482678984,114.1603767,22.3054539,5333519678,1354,0.2192729371032891
1430,0.3584673774316892,1637,0.9451501154734411,114.1620693,22.3125156,5333519683,1470,0.15233698788228506
1431,0.36378226050115503,1636,0.9445727482678984,114.162134,22.3106501,5333519688,1455,0.16099249855741488
1432,0.0,0,0.0,114.1994591,22.322311,5333551835,1665,0.020196191575302943
1433,0.34039220143594395,1636,0.9445727482678984,114.1965197,22.3313446,5333606589,1517,0.12521638776687824
1434,0.4353104385408824,1636,0.9445727482678984,114.1821956,22.3082002,5390102149,1152,0.3358338141950375
1435,0.1425769594649134,1640,0.9468822170900693,114.1994592,22.3220535,5416484561,1629,0.060588574725908825
1436,0.004946360997303097,2,0.0011547344110854503,114.163385,22.3117475,5436700698,1654,0.04616272360069244
1437,0.00013516776258724138,1,0.0005773672055427252,114.1643935,22.3112112,5436700706,1664,0.040392383150605886
1438,0.24212115395403622,1637,0.9451501154734411,114.1639881,22.310754,5436701127,1619,0.06635891517599539
1439,0.5890124832169189,1636,0.9445727482678984,114.1651451,22.3067131,5436750014,311,0.8211194460473168
1440,0.5944461692628036,1636,0.9445727482678984,114.1654939,22.3089783,5647922669,294,0.8309290248124639
1441,0.4497326319953124,1636,0.9445727482678984,114.1651495,22.3087815,5647922672,1074,0.3808424697057126
1442,0.6367273036813728,1636,0.9445727482678984,114.1652249,22.3091534,5647922704,160,0.9082515868436237
1443,0.7138546569974314,1636,0.9445727482678984,114.1651873,22.306231,5655203843,36,0.979803808424697
1444,0.6362852818762166,1636,0.9445727482678984,114.1651001,22.3064057,5701086245,161,0.9076745527986151
1445,0.4637534690811274,1636,0.9445727482678984,114.1650484,22.3090641,5705662284,990,0.4293133294864397
1446,0.6777789693225198,1636,0.9445727482678984,114.1652095,22.3090315,5705662285,76,0.9567224466243508
1447,0.49376417460297084,1636,0.9445727482678984,114.1945406,22.3220639,5772236398,780,0.5504904789382573
1448,0.4891711586184973,1636,0.9445727482678984,114.1945925,22.3221732,5772236401,814,0.5308713214079631
1449,0.46100153355857754,1636,0.9445727482678984,114.1639074,22.302683,5805784085,1009,0.41834968263127525
1450,0.3563011613416389,1636,0.9445727482678984,114.1640546,22.3056253,5870086800,1475,0.14945181765724178
1451,0.5622907177495955,1636,0.9445727482678984,114.1856154,22.3069321,5998508273,410,0.7639930755914599
1452,0.49641307324147244,1636,0.9445727482678984,114.1904093,22.3122052,6001017151,761,0.5614541257934218
1453,0.43959621921907077,1636,0.9445727482678984,114.1905034,22.3124385,6028240974,1136,0.345066358915176
1454,0.4717715739404948,1636,0.9445727482678984,114.1624524,22.3132076,6046364952,929,0.4645124062319677
1455,0.7921769432643138,1636,0.9445727482678984,114.1647667,22.3118739,6052471816,4,0.9982688978649741
1456,0.7542046196667721,1636,0.9445727482678984,114.1648707,22.3118828,6052475832,13,0.9930755914598961
1457,0.6977499649602482,1636,0.9445727482678984,114.1650509,22.3118978,6052475833,46,0.9740334679746105
1458,0.49629704674108827,1636,0.9445727482678984,114.1649564,22.3117183,6052475835,763,0.5603000577034045
1459,0.30332050305148894,1636,0.9445727482678984,114.1650273,22.3105587,6052491085,1578,0.09001731102135026
1460,0.5688324550184145,1636,0.9445727482678984,114.1651506,22.3103359,6052491094,388,0.7766878245816503
1461,0.628807801987823,1636,0.9445727482678984,114.1653314,22.3104988,6052491101,180,0.8967109059434507
1462,0.36643133822001894,1636,0.9445727482678984,114.1862539,22.29978,6126352666,1448,0.16503173687247547
1463,0.3606077509887147,1636,0.9445727482678984,114.1894809,22.3021814,6126362968,1462,0.1569532602423543
1464,0.36324112340316717,1636,0.9445727482678984,114.1802678,22.3075185,6160598984,1456,0.16041546451240624
1465,0.0066154693576901645,4,0.0023094688221709007,114.1624515,22.3098065,6283851981,1651,0.04789382573571841
1466,0.23286269953676206,1636,0.9445727482678984,114.1649507,22.3105755,6283852188,1621,0.06520484708597807
1467,0.24952298085807603,1636,0.9445727482678984,114.162145,22.3101176,6283852189,1616,0.06809001731102135
1468,0.5310221784081126,1636,0.9445727482678984,114.1654882,22.318794,6309604751,545,0.6860934795152914
1469,0.43067393237000356,1636,0.9445727482678984,114.1896922,22.3088769,6316548998,1176,0.32198499711482975
1470,0.4907420153308794,1636,0.9445727482678984,114.1944206,22.3221186,6318862367,798,0.5401038661281016
1471,0.0,0,0.0,114.1991959,22.3247208,6318862375,1665,0.020196191575302943
1472,0.5584753963369975,1636,0.9445727482678984,114.1786657,22.3257648,6357916750,430,0.7524523946912868
1473,0.4418085004061382,1636,0.9445727482678984,114.1783716,22.297965,6359838937,1122,0.3531448355452972
1474,0.6088437761343851,1636,0.9445727482678984,114.165316,22.3059773,6359931650,244,0.8597807270628968
1475,0.4699602736799101,1636,0.9445727482678984,114.1876331,22.3208712,6363140161,940,0.45816503173687245
1476,0.4386763900908392,1636,0.9445727482678984,114.1868276,22.3257131,6364821050,1142,0.34160415464512406
1477,0.6458089755488998,1636,0.9445727482678984,114.166488,22.3240304,6370140272,143,0.9180611656087709
1478,0.0,0,0.0,114.1721698,22.3248393,6370140879,1665,0.020196191575302943
1479,0.4657662647282199,1636,0.9445727482678984,114.1722292,22.3266865,6374552939,974,0.4385458742065782
1480,0.4883218250135684,1636,0.9445727482678984,114.1721796,22.3273249,6374552943,818,0.5285631852279284
1481,0.5588313846197115,1636,0.9445727482678984,114.1663867,22.3264321,6374553434,427,0.7541834968263128
1482,0.606003910920819,1636,0.9445727482678984,114.166268,22.3262106,6374553441,250,0.8563185227928448
1483,0.5335825142646076,1636,0.9445727482678984,114.1752446,22.3203475,6499683002,539,0.6895556837853434
1484,0.4965186730911294,1636,0.9445727482678984,114.1694669,22.3095454,6521271614,760,0.5620311598384304
1485,0.3929048187437164,1636,0.9445727482678984,114.1728001,22.3106004,6528712271,1356,0.2181188690132718
1486,0.5599698320387846,1636,0.9445727482678984,114.1727022,22.3175463,6534226310,421,0.7576457010963646
1487,0.5505479052208204,1636,0.9445727482678984,114.1659486,22.3120274,6550920169,462,0.7339873052510099
1488,0.3790732731889536,1636,0.9445727482678984,114.1873195,22.3121461,6564242088,1403,0.19099826889786498
1489,0.0,0,0.0,114.1655657,22.3313036,6579974310,1665,0.020196191575302943
1490,0.3629476063435805,1636,0.9445727482678984,114.1691488,22.3266359,6610136589,1457,0.15983843046739757
1491,0.4033991343196633,1636,0.9445727482678984,114.1702541,22.3265631,6610136594,1303,0.24870167339873053
1492,0.6546608791934113,1636,0.9445727482678984,114.1658093,22.3121032,6611647472,121,0.9307559145989613
1493,0.47702033373557634,1636,0.9445727482678984,114.166454,22.3158643,6612901838,890,0.4870167339873053
1494,0.5065700827324612,1636,0.9445727482678984,114.1707928,22.295492,6670380186,698,0.5978072706289671
1495,0.38415469852632733,1636,0.9445727482678984,114.1705739,22.2953455,6670380189,1378,0.20542412002308136
1496,0.6531114745527544,1636,0.9445727482678984,114.1762061,22.3122734,6702368661,124,0.9290248124639354
1497,0.38061577675202307,1636,0.9445727482678984,114.1765887,22.3122461,6702368663,1397,0.1944604731679169
1498,0.5079020942885905,1636,0.9445727482678984,114.1864104,22.3200185,6705233064,688,0.6035776110790536
1499,0.47699383543978535,1636,0.9445727482678984,114.187685,22.3061884,6705233093,892,0.48586266589728794
1500,0.4224282678455672,1636,0.9445727482678984,114.1887455,22.3289336,6705233121,1220,0.29659549913444894
1501,0.2813454093073652,1636,0.9445727482678984,114.1874248,22.3341016,6705233137,1599,0.07789959607616849
1502,0.492696969655743,1636,0.9445727482678984,114.1611067,22.3302024,6705233155,785,0.5476053087132141
1503,0.0,0,0.0,114.1705432,22.3166728,6705233167,1665,0.020196191575302943
1504,0.3924702667061122,1636,0.9445727482678984,114.1887065,22.3022816,6705233168,1358,0.21696480092325446
1505,0.4214662132883514,1636,0.9445727482678984,114.1884218,22.3212481,6705233214,1226,0.293133294864397
1506,0.0,0,0.0,114.1895436,22.320778,6705233215,1665,0.020196191575302943
1507,0.3669312735916956,1636,0.9445727482678984,114.1903204,22.3144907,6705233247,1447,0.16560877091748413
1508,0.4550208118592155,1636,0.9445727482678984,114.1851555,22.3210124,6705233260,1048,0.3958453548759377
1509,0.5225862926861332,1636,0.9445727482678984,114.1707976,22.3154642,6705233284,603,0.6526255049047894
1510,0.5129846504201216,1636,0.9445727482678984,114.1781092,22.3025234,6705233294,657,0.621465666474322
1511,0.007273642640816412,1,0.0005773672055427252,114.1848737,22.3064708,6705233383,1649,0.04875937680323139
1512,0.47294910577865545,1636,0.9445727482678984,114.1889584,22.322317,6705233399,921,0.46912867859203694
1513,0.504548287559553,1636,0.9445727482678984,114.1798662,22.299975,6705233410,708,0.5920369301788806
1514,0.4168145762331515,1636,0.9445727482678984,114.1875031,22.3210304,6705233431,1251,0.2787074437391806
1515,0.45437169834558605,1636,0.9445727482678984,114.181207,22.3193819,6705233450,1051,0.3941142527409117
1516,0.491041266763631,1636,0.9445727482678984,114.190591,22.321603,6705233456,796,0.5412579342181189
1517,0.5464941050068002,1636,0.9445727482678984,114.1644736,22.3275971,6705233473,475,0.7264858626658973
1518,0.5840985435345537,1636,0.9445727482678984,114.1798073,22.3170084,6705233479,325,0.8130409694171956
1519,0.4659380560857837,1636,0.9445727482678984,114.1884324,22.3225292,6705233503,973,0.43912290825158684
1520,0.4985057344393844,1636,0.9445727482678984,114.1762613,22.3268817,6705233518,748,0.5689555683785343
1521,0.38851207834475965,1636,0.9445727482678984,114.1703122,22.2962818,6705233532,1364,0.21350259665320254
1522,0.4724632620349285,1636,0.9445727482678984,114.1819173,22.3271157,6705233557,926,0.46624350836699363
1523,0.441074487135805,1636,0.9445727482678984,114.1868787,22.3256141,6705233595,1126,0.35083669936526257
1524,0.42442421356640603,1636,0.9445727482678984,114.1639716,22.3317734,6705233646,1207,0.3040969417195615
1525,0.43042090651635995,1636,0.9445727482678984,114.1858259,22.3116951,6705233657,1177,0.3214079630698211
1526,0.7359032951919153,1636,0.9445727482678984,114.1754008,22.31856,6705233666,18,0.9901904212348529
1527,0.632869525382897,1636,0.9445727482678984,114.1875925,22.3122494,6705233672,171,0.9019042123485286
1528,0.39723668658371136,1636,0.9445727482678984,114.1696063,22.2944959,6705233680,1328,0.23427582227351415
1529,0.5192673755424337,1636,0.9445727482678984,114.183383,22.3059428,6718145426,621,0.6422388920946336
1530,0.5109760729314448,1636,0.9445727482678984,114.1860449,22.3046587,6718666186,671,0.6133871898442008
1531,0.51163242516568,1636,0.9445727482678984,114.1862201,22.306552,6718676088,666,0.6162723600692441
1532,0.5145661372101877,1636,0.9445727482678984,114.1866147,22.3009713,6734895303,648,0.6266589728793999
1533,0.4096152042693665,1636,0.9445727482678984,114.1897596,22.3251471,6748929685,1282,0.2608193883439123
1534,0.2868812811306641,1636,0.9445727482678984,114.189852,22.325389,6748929687,1594,0.08078476630121177
1535,0.47777189455773134,1636,0.9445727482678984,114.1944631,22.3222278,6748938787,885,0.4899019042123485
1536,0.5144427309577386,1641,0.9474595842956121,114.1754664,22.3023987,6776083792,651,0.624927870744374
1537,0.5055987349667733,1642,0.9480369515011547,114.175358,22.3022971,6776083800,701,0.5960761684939412
1538,0.5741513396313006,1636,0.9445727482678984,114.1743478,22.3074017,6778000698,368,0.7882285054818234
1539,0.32504910752432703,1636,0.9445727482678984,114.1926556,22.3266092,6778870958,1547,0.10790536641661858
1540,0.4799908018266744,1636,0.9445727482678984,114.1896846,22.3267637,6778873058,868,0.4997114829774957
1541,0.3974910135396898,1636,0.9445727482678984,114.189127,22.325376,6778873063,1327,0.2348528563185228
1542,0.5470333696414392,1636,0.9445727482678984,114.167802,22.3118723,6785924022,473,0.7276399307559146
1543,0.4589946358542883,1636,0.9445727482678984,114.1711738,22.3140059,6834003674,1022,0.4108482400461627
1544,0.5438102162051314,1636,0.9445727482678984,114.1698394,22.310697,6836319731,491,0.7172533179457588
1545,0.7246976719320066,1636,0.9445727482678984,114.172679,22.3199764,6843885034,29,0.9838430467397576
1546,0.5163491574477025,1636,0.9445727482678984,114.17541,22.3176308,6874825449,638,0.6324293133294865
1547,0.32151895918891027,1638,0.9457274826789839,114.1983929,22.3320425,7083071999,1553,0.10444316214656665
1548,0.30047354652238273,1636,0.9445727482678984,114.1981769,22.3321734,7083072003,1584,0.08655510675129832
1549,0.31635662750770127,1636,0.9445727482678984,114.1670026,22.3093283,7112890483,1561,0.0998268897864974
1550,0.4691097154513577,1636,0.9445727482678984,114.176744,22.3207775,7177629350,945,0.4552798615118292
1551,0.5558440305054899,1636,0.9445727482678984,114.1747013,22.3202456,7177677661,440,0.7466820542412003
1552,0.41272798578169384,1637,0.9451501154734411,114.1605572,22.3329132,7195450870,1265,0.2706289671090594
1553,0.6287249467306971,1636,0.9445727482678984,114.1698853,22.3193887,7202626698,182,0.8955568378534333
1554,0.28718060626797476,1638,0.9457274826789839,114.1988585,22.331268,7232872979,1592,0.08193883439122908
1555,0.5116300445259846,1636,0.9445727482678984,114.1619498,22.3249273,7257383491,667,0.6156953260242354
1556,0.5516588274457401,1636,0.9445727482678984,114.1707754,22.3085259,7262574289,455,0.7380265435660704
1557,0.4900592182010158,1636,0.9445727482678984,114.1569446,22.3297707,7318017040,803,0.5372186959030583
1558,0.41312336288133494,1636,0.9445727482678984,114.1799168,22.3286755,7319246409,1263,0.27178303519907676
1559,0.44294380847202547,1636,0.9445727482678984,114.1797811,22.3287593,7319246410,1117,0.35603000577034044
1560,0.41958507390459715,1636,0.9445727482678984,114.1671106,22.3028529,7328499113,1236,0.2873629544143104
1561,0.3328213214543403,1636,0.9445727482678984,114.1593959,22.3181442,7539621741,1536,0.1142527409117138
1562,0.5745348131528522,1636,0.9445727482678984,114.165188,22.3105269,7552903385,366,0.7893825735718407
1563,0.38573374304670205,1636,0.9445727482678984,114.1640618,22.3062011,7553343509,1370,0.21004039238315061
1564,0.5737835196344868,1636,0.9445727482678984,114.1636997,22.3062318,7553343510,371,0.7864974033467974
1565,0.4926465834552648,1636,0.9445727482678984,114.1651224,22.3062384,7559784465,786,0.5470282746682055
1566,0.5221843209250477,1636,0.9445727482678984,114.1655044,22.3063159,7559784469,607,0.6503173687247548
1567,0.594271348972702,1636,0.9445727482678984,114.1650361,22.3088354,7559804891,295,0.8303519907674553
1568,0.5270052656892461,1636,0.9445727482678984,114.1700618,22.3094434,7560529772,576,0.668205424120023
1569,0.5236180036643822,1636,0.9445727482678984,114.1722357,22.3088829,7598921135,593,0.6583958453548759
1570,0.5220080550614021,1636,0.9445727482678984,114.172229,22.3089751,7598921136,608,0.6497403346797461
1571,0.42098163556236595,1636,0.9445727482678984,114.1781923,22.3078862,7598953722,1230,0.2908251586843624
1572,0.46885877961489913,1636,0.9445727482678984,114.1720639,22.3271122,7600185393,946,0.45470282746682056
1573,0.45163323587379656,1636,0.9445727482678984,114.1781862,22.3234115,7602824502,1067,0.3848817080207732
1574,0.40103739483967205,1636,0.9445727482678984,114.1900656,22.3160327,7615923500,1316,0.241200230813618
1575,0.4700483685490581,1636,0.9445727482678984,114.1875413,22.3155716,7619659728,938,0.4593190998268898
1576,0.41106039877921446,1636,0.9445727482678984,114.1877537,22.3157369,7619661751,1276,0.2642815926139642
1577,0.6234035564685517,1636,0.9445727482678984,114.1849863,22.3078948,7635476606,201,0.8845931909982689
1578,0.0,0,0.0,114.1787683,22.3327315,7635727481,1665,0.020196191575302943
1579,0.4649983164082942,1636,0.9445727482678984,114.1787517,22.330377,7635791091,980,0.43508366993652625
1580,0.3320957111067123,1636,0.9445727482678984,114.1786297,22.3303852,7635791092,1537,0.11367570686670514
1581,0.5619683859704688,1636,0.9445727482678984,114.1840776,22.3022767,7677313935,412,0.7628390075014426
1582,0.38404867384817926,1636,0.9445727482678984,114.183309,22.3050625,7677313936,1379,0.20484708597807272
1583,0.4664512770093621,1636,0.9445727482678984,114.1681728,22.3093266,7706752788,968,0.4420080784766301
1584,0.22672557744253832,1638,0.9457274826789839,114.200467,22.3240461,7716896564,1624,0.06347374495095211
1585,0.0,0,0.0,114.2004977,22.3241316,7716896565,1665,0.020196191575302943
1586,0.4221783642992621,1636,0.9445727482678984,114.1574619,22.3215231,7859225532,1223,0.29486439699942296
1587,0.5379126090022482,1636,0.9445727482678984,114.1800365,22.3168458,8013314518,518,0.7016733987305251
1588,0.4897268450634972,1636,0.9445727482678984,114.1809491,22.3163247,8013314519,805,0.536064627813041
1589,0.4492509864231734,1636,0.9445727482678984,114.1604725,22.3054139,8013560797,1076,0.37968840161569534
1590,0.35965580594935354,1636,0.9445727482678984,114.1640683,22.3060436,8013614910,1466,0.15464512406231967
1591,0.5774594950126327,1636,0.9445727482678984,114.1637106,22.3060066,8013614911,354,0.7963069821119446
1592,0.3360394695050529,1636,0.9445727482678984,114.1605864,22.3054278,8059647319,1525,0.120600115406809
1593,0.3166168084984301,1636,0.9445727482678984,114.1605017,22.3052256,8059647322,1560,0.10040392383150606
1594,0.46341816232960614,1636,0.9445727482678984,114.1603767,22.3052086,8059647323,993,0.4275822273514137
1595,0.4340105337216872,1636,0.9445727482678984,114.1576609,22.3211707,8184472141,1160,0.33121754183496827
1596,0.6561785699218008,1636,0.9445727482678984,114.1700159,22.3129304,8201906508,118,0.9324870167339873
1597,0.4380297086701928,1636,0.9445727482678984,114.1788123,22.3182018,8258544476,1145,0.3398730525100981
1598,0.4576420667902882,1636,0.9445727482678984,114.1665019,22.3154475,8272842739,1030,0.4062319676860935
1599,0.6724691008418857,1636,0.9445727482678984,114.1678914,22.3265236,8349163524,87,0.9503750721292556
1600,0.562745302110716,1636,0.9445727482678984,114.1668611,22.3158097,8438621459,408,0.7651471436814772
1601,0.6056172591628295,1636,0.9445727482678984,114.1669137,22.3155006,8438621461,255,0.8534333525678015
1602,0.5536205775600094,1636,0.9445727482678984,114.1879234,22.3123061,8489568074,445,0.743796884016157
1603,0.5302395068102458,1636,0.9445727482678984,114.1876032,22.3093,8489568078,552,0.6820542412002308
1604,0.5219648928963071,1636,0.9445727482678984,114.187641,22.3118302,8489568079,609,0.6491633006347375
1605,0.6091703168304975,1636,0.9445727482678984,114.1875825,22.3123465,8489568095,242,0.860934795152914
1606,0.6257035863239285,1636,0.9445727482678984,114.1876967,22.3123465,8489568096,195,0.8880553952683208
1607,0.6342637007986698,1636,0.9445727482678984,114.1643805,22.3237847,8664575339,165,0.9053664166185805
1608,0.0002825365953349576,1,0.0005773672055427252,114.158973,22.3038723,8739539401,1663,0.04096941719561454
1609,0.4916494648359738,1636,0.9445727482678984,114.1842024,22.3013205,8870889525,791,0.5441431044431622
1610,0.44207244496948317,1636,0.9445727482678984,114.1884349,22.3306549,8898733318,1120,0.35429890363531447
1611,0.44583343358319316,1636,0.9445727482678984,114.1886587,22.3306405,8898733319,1101,0.36526255049047895
1612,0.5302563502117071,1636,0.9445727482678984,114.1662436,22.3197169,8983220377,551,0.6826312752452395
1613,0.7456150967700911,1636,0.9445727482678984,114.172718,22.319873,8983466243,16,0.9913444893248702
1614,0.670266285836774,1636,0.9445727482678984,114.1727727,22.3195984,8983466244,91,0.948066935949221
1615,0.5999158233384086,1636,0.9445727482678984,114.1663641,22.3124191,9125470649,274,0.842469705712637
1616,0.4485945025917228,1636,0.9445727482678984,114.1708835,22.3266331,9197539595,1086,0.3739180611656088
1617,0.5849541205410393,1636,0.9445727482678984,114.1676798,22.3267768,9197567324,322,0.8147720715522215
1618,0.666688935618092,1636,0.9445727482678984,114.1678053,22.3265003,9197567330,100,0.9428736295441431
1619,0.4387244746342372,1636,0.9445727482678984,114.1720826,22.3267744,9197712776,1141,0.3421811886901327
1620,0.4643869378983465,1636,0.9445727482678984,114.1745317,22.3266071,9199524748,984,0.43277553375649164
1621,0.4550726549662813,1636,0.9445727482678984,114.1721162,22.3284348,9199524787,1047,0.39642238892094633
1622,0.4551721671997923,1636,0.9445727482678984,114.1721171,22.3283332,9199524788,1046,0.396999422965955
1623,0.42240524904051246,1636,0.9445727482678984,114.1563222,22.3294614,9377026629,1221,0.2960184650894403
1624,0.44040392349668545,1636,0.9445727482678984,114.1934371,22.3291376,9457162432,1129,0.3491055972302366
1625,0.0,0,0.0,114.1961314,22.3324904,9482754825,1665,0.020196191575302943
1626,0.402534755106749,1636,0.9445727482678984,114.1636832,22.3065751,9514046711,1308,0.24581650317368725
1627,0.526537514389027,1636,0.9445727482678984,114.1641619,22.3066141,9514050826,579,0.6664743219849971
1628,0.6007475627138809,1636,0.9445727482678984,114.1641337,22.3070356,9514050834,271,0.844200807847663
1629,0.4330953809814498,1636,0.9445727482678984,114.1655445,22.3186949,9553739297,1167,0.3271783035199077
1630,0.4154319984505884,1636,0.9445727482678984,114.1825488,22.301999,9633043742,1255,0.276399307559146
1631,0.662707208348089,1636,0.9445727482678984,114.1678927,22.310057,9803283485,106,0.9394114252740912
1632,0.6970260366097457,1636,0.9445727482678984,114.1678442,22.3099587,9803283486,48,0.9728793998845932
1633,0.524355868292013,1636,0.9445727482678984,114.1891302,22.3244397,9892950995,592,0.6589728793998846
1634,0.0,0,0.0,114.1929902,22.3334426,9906966956,1665,0.020196191575302943
1635,0.24007226234414047,1637,0.9451501154734411,114.1506222,22.334303,9963864133,1620,0.06578188113098672
1636,0.18874388744494525,1640,0.9468822170900693,114.1515313,22.3278862,9987827899,1626,0.06231967686093479
1637,0.49471048116497995,1636,0.9445727482678984,114.1829253,22.3034704,10005351564,773,0.5545297172533179
1638,0.505411937526685,1636,0.9445727482678984,114.1814094,22.3057987,10029279641,703,0.5949221004039238
1639,0.7232228608880711,1636,0.9445727482678984,114.1733317,22.3181583,10211498591,30,0.983266012694749
1640,0.44486569603865794,1636,0.9445727482678984,114.1728201,22.2946597,10242398454,1109,0.36064627813040967
1641,0.42137477013732705,1636,0.9445727482678984,114.178626,22.2979288,10243968793,1227,0.29255626081938835
1642,0.4493314524849795,1636,0.9445727482678984,114.1618638,22.3241673,10256441400,1075,0.380265435660704
1643,0.5080815069813788,1636,0.9445727482678984,114.1615683,22.3241366,10256441404,686,0.604731679169071
1644,0.3014966795845368,1637,0.9451501154734411,114.199031,22.3244903,10309902625,1581,0.0882862088863243
1645,0.650775748357618,1636,0.9445727482678984,114.1732858,22.3183596,10565387058,130,0.9255626081938835
1646,0.6692950258991005,1636,0.9445727482678984,114.1734662,22.3179484,10565387059,94,0.9463358338141951
1647,0.6342407369268109,1636,0.9445727482678984,114.1682337,22.3251707,10786928815,166,0.9047893825735719
1648,0.6283857920644829,1636,0.9445727482678984,114.1683136,22.3251838,10786928816,184,0.894402769763416
1649,0.5693837686841937,1636,0.9445727482678984,114.1687678,22.3252788,10786928832,385,0.7784189267166762
1650,0.6159570974429799,1636,0.9445727482678984,114.1684825,22.3252181,10786928833,216,0.875937680323139
1651,0.7276256197064517,1636,0.9445727482678984,114.1684148,22.3239531,10786928854,25,0.9861511829197923
1652,0.6307427047245936,1636,0.9445727482678984,114.1683741,22.3244546,10786928859,176,0.8990190421234853
1653,0.373419858757092,1636,0.9445727482678984,114.1692298,22.2961881,10875906169,1425,0.17830351990767454
1654,0.40418847369903965,1640,0.9468822170900693,114.1706263,22.2963126,10880216117,1301,0.24985574148874784
1655,0.36631889774880133,1636,0.9445727482678984,114.1936309,22.3289061,10924192459,1450,0.16387766878245816
1656,0.31904046906360345,1638,0.9457274826789839,114.1992761,22.3243982,10925437719,1557,0.10213502596653203
1657,0.42125293880028297,1636,0.9445727482678984,114.1542602,22.3308195,10944171150,1228,0.2919792267743797
1658,0.0,0,0.0,114.1516813,22.3328582,10944188309,1665,0.020196191575302943
1659,0.4515976198913495,1636,0.9445727482678984,114.1793271,22.3024274,11061534567,1068,0.38430467397576457
1660,0.6043422144450169,1636,0.9445727482678984,114.1888523,22.3246184,11081087754,260,0.8505481823427582
1661,0.3819303859570479,1636,0.9445727482678984,114.188761,22.3247018,11081087758,1390,0.1984997114829775
1662,0.02344018698575422,6,0.003464203233256351,114.1618122,22.3228713,11153075989,1637,0.05597230236583958
1663,0.45717357223617383,1636,0.9445727482678984,114.189195,22.3122884,11159278775,1033,0.4045008655510675
1664,0.5202495839245362,1636,0.9445727482678984,114.1824072,22.3057983,11161404793,615,0.6457010963646855
1665,0.494452846940693,1636,0.9445727482678984,114.1823442,22.3057253,11161404794,774,0.5539526832083093
1666,0.48944873960929974,1637,0.9451501154734411,114.1672207,22.3080738,11177945779,807,0.5349105597230237
1667,0.5277915032066298,1636,0.9445727482678984,114.1626281,22.3283291,11217924629,570,0.671667628390075
1668,0.0,0,0.0,114.16837,22.2999331,11225192044,1665,0.020196191575302943
1669,0.26220432495074414,1639,0.9463048498845266,114.1969279,22.332727,11234081810,1612,0.07039815349105598
1670,0.5437885000729569,1636,0.9445727482678984,114.1867728,22.3067635,11244768590,492,0.7166762839007501
1671,0.5722208959745189,1636,0.9445727482678984,114.1668315,22.3152846,11256303653,376,0.7836122331217542
1672,0.3736443900940683,1636,0.9445727482678984,114.1869828,22.3157623,11434783605,1423,0.17945758799769188
1673,0.42955340453747204,1636,0.9445727482678984,114.1933742,22.3290783,11469067165,1184,0.3173687247547605
1674,0.436668709086426,1636,0.9445727482678984,114.1934991,22.3290878,11469067166,1148,0.3381419503750721
1675,0.4411072247800566,1636,0.9445727482678984,114.1916056,22.3276119,11469089671,1125,0.3514137334102712
1676,0.47952901917240454,1636,0.9445727482678984,114.1915477,22.3275861,11469089672,873,0.49682631275245237
1677,0.48860522672173134,1636,0.9445727482678984,114.1916835,22.3275368,11469089677,815,0.5302942873629544
1678,0.4294637592885781,1636,0.9445727482678984,114.1916321,22.3275019,11469089678,1185,0.3167916907097519
1679,0.6623272452179813,1636,0.9445727482678984,114.1867645,22.3069278,11472409073,107,0.9388343912290825
1680,0.5297497437766288,1636,0.9445727482678984,114.1865069,22.3010777,11494497175,557,0.6791690709751875
1681,0.4528846580848752,1636,0.9445727482678984,114.1788535,22.3010382,11530237733,1056,0.3912290825158684
1682,0.540058612350932,1636,0.9445727482678984,114.1724678,22.3040032,11542491175,510,0.7062896710905944
1683,0.559946992589868,1636,0.9445727482678984,114.186474,22.3068913,11761561690,422,0.757068667051356
1684,0.4344757915819217,1636,0.9445727482678984,114.1885275,22.3131052,12000285509,1156,0.3335256780150029
1685,0.5647676238276461,1636,0.9445727482678984,114.1688001,22.3089799,12071295859,401,0.7691863819965378
1686,0.5528654073676871,1636,0.9445727482678984,114.1669686,22.3151733,12071373910,450,0.7409117137911136
1687,0.561931807679162,1636,0.9445727482678984,114.1570301,22.3296292,12075292875,413,0.762261973456434
1688,0.4808431534204713,1636,0.9445727482678984,114.1732664,22.3130445,12153036710,864,0.5020196191575302
1689,0.29333693134275984,1636,0.9445727482678984,114.1914185,22.3281262,12172282398,1590,0.0830929024812464
1690,0.3553465798969093,1638,0.9457274826789839,114.1991141,22.3245445,12725807032,1481,0.14598961338718985
1691,0.4320300528983513,1636,0.9445727482678984,114.1939344,22.3223585,12729526834,1172,0.3242931332948644
1692,0.4263352740322243,1636,0.9445727482678984,114.1923117,22.3230414,12729526839,1200,0.30813618003462206
1693,0.5070433931613822,1636,0.9445727482678984,114.1849652,22.3098159,12735971058,695,0.599538372763993
1694,0.3929642962646992,1636,0.9445727482678984,114.1834428,22.3087528,12735971077,1355,0.21869590305828043
1695,0.5742924620426973,1636,0.9445727482678984,114.1862571,22.307095,12735971087,367,0.7888055395268321
1696,0.4778332983183562,1636,0.9445727482678984,114.1829065,22.3051995,12804082708,883,0.49105597230236586
1697,0.37408758795376107,1636,0.9445727482678984,114.1862675,22.3022287,12820434399,1420,0.18118869013271782
1698,0.658493101191797,1636,0.9445727482678984,114.1651262,22.3090484,12873318556,111,0.9365262550490479
1699,0.3560758745980303,1636,0.9445727482678984,114.1809043,22.3324547,12926373139,1477,0.14829774956722447
1700,0.38367301835143064,1636,0.9445727482678984,114.191824,22.3273592,12978194686,1382,0.20311598384304674
1701,0.23281092190062963,1636,0.9445727482678984,114.1677692,22.3097381,13108528108,1622,0.06462781304096941
1702,0.4196215104337489,1638,0.9457274826789839,114.164357,22.3108068,13108582041,1235,0.2879399884593191
1703,0.6695225868701946,1636,0.9445727482678984,114.1739081,22.3169159,13307938117,92,0.9474899019042123
1704,0.5010029457625184,1636,0.9445727482678984,114.1741372,22.3168699,13307938123,732,0.5781881130986728
1705,0.5907464019339534,1636,0.9445727482678984,114.1695598,22.324148,13311040733,306,0.8240046162723601
1706,0.33151758250524765,1636,0.9445727482678984,114.1694889,22.32463,13311040737,1539,0.11252163877668782
1707,0.34132724330800196,1637,0.9451501154734411,114.1695929,22.3243226,13311040743,1513,0.12752452394691285
1708,0.5842201402806039,1636,0.9445727482678984,114.1663828,22.3203406,13313807739,324,0.8136180034622043
1709,0.531581712695689,1636,0.9445727482678984,114.1678273,22.320543,13313807748,543,0.6872475476053087
1710,0.481120957072572,1636,0.9445727482678984,114.1763168,22.325651,13353852083,863,0.502596653202539
1711,0.4699664803717239,1636,0.9445727482678984,114.1763999,22.3254848,13353852088,939,0.45874206578188115
1712,0.4116293013274216,1636,0.9445727482678984,114.1605237,22.3116293,13380795766,1273,0.2660126947489902
1713,0.3707628748535097,1636,0.9445727482678984,114.162679,22.3114729,13380795774,1431,0.17484131563762262
1714,0.14480192862380253,1640,0.9468822170900693,114.1994208,22.3219181,13391762309,1628,0.061165608770917486
1715,0.5081329696074322,1636,0.9445727482678984,114.1640802,22.3151143,13395157688,685,0.6053087132140796
1716,0.5011966001120172,1636,0.9445727482678984,114.1639182,22.3157614,13395157689,729,0.5799192152336988
1717,0.5464602153909434,1636,0.9445727482678984,114.1644233,22.3136889,13395157693,476,0.7259088286208887
1718,0.5760277658272233,1636,0.9445727482678984,114.1645427,22.3131746,13395196301,360,0.7928447778418927
1719,0.5762589083113772,1636,0.9445727482678984,114.17371,22.296303,13428650956,359,0.7934218118869013
1720,0.5458748217939183,1636,0.9445727482678984,114.1737555,22.2963067,13428650957,481,0.7230236583958454
1721,0.0,0,0.0,114.1642726,22.3128718,13591799735,1665,0.020196191575302943
1722,0.5693123039617647,1637,0.9451501154734411,114.1649898,22.3130045,13591799736,386,0.7778418926716676
1723,0.48735590869759493,1636,0.9445727482678984,114.1787902,22.323672,13594786983,822,0.5262550490478938
1724,0.0,0,0.0,114.1990416,22.3326964,13767096674,1665,0.020196191575302943
1725,0.30877797656642714,1640,0.9468822170900693,114.1990925,22.3325344,13767096676,1566,0.09694171956145413
1726,0.5184664746731683,1636,0.9445727482678984,114.1903891,22.308892,13860956553,625,0.6399307559145989
1727,0.4621131839592977,1636,0.9445727482678984,114.1900397,22.3088741,13860956558,1002,0.42238892094633584
1728,0.4981014408941679,1636,0.9445727482678984,114.1902772,22.3089086,13860956560,749,0.5683785343335257
1729,0.43885383762824715,1636,0.9445727482678984,114.185123,22.3097053,13861001216,1140,0.3427582227351414
1730,0.507368656999959,1636,0.9445727482678984,114.1850744,22.3096536,13861001219,693,0.6006924408540104
1731,0.6566633697193666,1636,0.9445727482678984,114.1673665,22.3205325,14021098288,117,0.933064050778996
1732,0.6579479993177235,1636,0.9445727482678984,114.1675441,22.3205605,14074670373,112,0.9359492210040392
