node_id,osm_id,lon,lat,odbc,od_eff_loss,lscc_loss,td_loss,reachable_demand_share,odbc_rank,odbc_pct,od_eff_rank,od_eff_pct,lscc_rank,lscc_pct,td_rank,td_pct
0,30747332,114.1723211,22.2947802,0.019150247206909454,0.00211178187960815,0.0019430051813470973,0.009853875022461933,0.9977086787494622,609,0.6491633006347375,632,0.6358915175995383,372,0.727062896710906,449,0.7414887478361223
1,30747334,114.1721995,22.296485,0.0079323608764151,0.000323750505925752,0.0006476683937823658,0.0008098977517635716,1.0,1032,0.40507789959607615,1294,0.25389497980380843,901,0.2951529140219273,1302,0.24927870744373917
2,33004487,114.1710946,22.310275,0.0443890934006781,0.002733814230289962,0.0019430051813470973,0.004449017008120615,0.9999994754944151,125,0.9284477784189267,523,0.6987882285054818,372,0.727062896710906,755,0.5649163300634737
3,33004488,114.1707203,22.3129647,0.08601001201574944,0.006535727654997559,0.006476683937823782,0.017170274386409397,0.9984784839121921,10,0.9948066935949221,187,0.8926716676283901,32,0.9795152914021927,277,0.8407386035776111
4,33004530,114.16936,22.2988324,0.028419342963117718,0.013721499581942862,0.0019430051813470973,0.017254422768216295,0.9957900379823442,355,0.795729948066936,57,0.9676860934795153,372,0.727062896710906,276,0.8413156376226197
5,33004534,114.1679667,22.3014436,0.025694282606511347,0.0015487651132375336,0.0019430051813470973,0.005084103919670055,0.9996825097687978,419,0.758799769186382,776,0.552798615118292,372,0.727062896710906,700,0.5966532025389498
6,33004677,114.1784272,22.2977677,0.010683449450167318,0.00060567823809072,0.002590673575129463,0.0012901111330529957,1.0,920,0.4697057126370456,1117,0.35603000577034044,244,0.823139065204847,1173,0.3237160992498557
7,33476495,114.1679567,22.3030232,0.030261345320436322,0.00346310375742318,0.0032383419689119533,0.009844735772482726,0.9985831573495205,312,0.8205424120023082,414,0.7616849394114252,170,0.8814195037507213,451,0.740334679746105
8,33476497,114.1675993,22.3044393,0.023357811371746116,0.0008008058287565841,0.0006476683937823658,0.002092322265354523,1.0,497,0.7137911136757069,1036,0.40276976341604154,901,0.2951529140219273,1014,0.41546451240623195
9,33476500,114.1668472,22.3058563,0.05341681349080574,0.0009318788847906325,0.0019430051813470973,0.002033440153501871,0.999935576395087,64,0.9636468551644547,978,0.4362377380265436,372,0.727062896710906,1028,0.40738603577611077
10,33476501,114.1670616,22.3065045,0.014096869543595117,0.0033196490161971895,0.0032383419689119533,0.01831963385301727,0.9941391983651008,782,0.54933641084824,430,0.7524523946912868,170,0.8814195037507213,255,0.8534333525678015
11,33476508,114.1753023,22.2954779,0.010923846448136397,0.0009736165856088222,0.0006476683937823658,0.006358895301728169,0.9979931970666162,904,0.4789382573571841,958,0.44777841892671666,901,0.2951529140219273,598,0.6555106751298326
12,33476510,114.1748954,22.2952697,0.007336552810591083,2.0646840928692893e-05,0.0006476683937823658,7.752170273026297e-05,1.0,1071,0.3825735718407386,1568,0.09578765147143682,901,0.2951529140219273,1555,0.10328909405654933
13,33476549,114.1713365,22.294724,0.014406369062785394,0.001201904908669159,0.0019430051813470973,0.004491259467674928,0.9991988890310679,771,0.5556837853433353,868,0.4997114829774957,372,0.727062896710906,750,0.5678015002885171
14,245088222,114.1781156,22.32696,0.03533860754228168,0.003998073471690684,0.0006476683937823658,0.011767855372365264,0.9988985288477712,227,0.8695903058280439,368,0.7882285054818234,901,0.2951529140219273,377,0.7830351990767456
15,274243013,114.1587724,22.3274542,0.024255299999830407,0.008735919098146685,0.002590673575129463,0.0627280017752287,0.9796585477796347,459,0.7354298903635315,120,0.9310444316214657,244,0.823139065204847,32,0.9818234275822274
16,274243016,114.1622524,22.3249209,0.024255299999830407,0.008735919098146685,0.002590673575129463,0.0627280017752287,0.9796585477796347,459,0.7354298903635315,120,0.9310444316214657,244,0.823139065204847,32,0.9818234275822274
17,274243086,114.1673946,22.3117971,0.0071667473901127505,0.00037258103697466945,0.0012953367875647315,0.001225505799399021,0.999671564395899,1082,0.3762261973456434,1258,0.27466820542412,577,0.5744373918061165,1184,0.3173687247547605
18,274243087,114.1678659,22.3096922,0.013968361869609862,0.00039923787375277303,0.0006476683937823658,0.0005527744121131376,1.0,790,0.5447201384881708,1238,0.28620888632429314,901,0.2951529140219273,1376,0.20657818811309867
19,275816026,114.154246,22.3310169,0.01027743032202285,0.008509070036080807,0.0012953367875647315,0.031655364556404185,0.989722569677977,930,0.463935372186959,132,0.9244085401038661,577,0.5744373918061165,128,0.9267166762839008
20,275909450,114.1587839,22.3275985,0.005188704026496609,0.00147502686393743,0.0006476683937823658,0.003787853202659933,0.9988217592780079,1189,0.31448355452971727,787,0.5464512406231967,901,0.2951529140219273,802,0.5377957299480669
21,275922253,114.1664541,22.3311815,0.012267250685509936,0.00422413232483396,0.002590673575129463,0.00898253649334722,0.9988035810542942,839,0.5164454702827467,353,0.7968840161569533,244,0.823139065204847,490,0.7178303519907675
22,275924540,114.1749214,22.3299504,0.018655589433915844,0.008625688781434495,0.0032383419689119533,0.05746081131581621,0.9813444105660841,621,0.6422388920946336,128,0.9267166762839008,170,0.8814195037507213,42,0.9763416041546451
23,275935761,114.1744266,22.3289764,0.024868668884534248,0.012315187975509316,0.009715025906735736,0.07659762751059797,0.9751313311154656,440,0.7466820542412003,73,0.9584535487593768,8,0.9950952106174265,15,0.9919215233698788
24,275935771,114.1720562,22.3273509,0.011773358588224763,0.0009343558110631572,0.0006476683937823658,0.0021993598792058827,1.0,863,0.502596653202539,977,0.4368147720715522,901,0.2951529140219273,998,0.42469705712637046
25,275943901,114.164835,22.3280008,0.009009849591004386,0.00048134232118985835,0.0006476683937823658,0.0004714740111915204,0.9999367546075646,990,0.4293133294864397,1193,0.31217541834968265,901,0.2951529140219273,1416,0.18349682631275246
26,275945418,114.1718679,22.3156488,0.008378681413179425,0.005567854022244664,0.0019430051813470973,0.024279962432543507,0.9921506015240001,1009,0.41834968263127525,243,0.8603577611079054,372,0.727062896710906,185,0.8938257357184074
27,275945538,114.1720243,22.3179153,0.005485904121836076,0.00090001253453192,0.0006476683937823658,0.0032977699522411573,0.9990261362569611,1166,0.3277553375649163,990,0.4293133294864397,901,0.2951529140219273,848,0.5112521638776688
28,275945763,114.1710549,22.3224019,0.04393016995594098,0.00541645398480815,0.0012953367875647315,0.007756632100328109,1.0,129,0.9261396422388921,257,0.8522792844777842,577,0.5744373918061165,532,0.693594922100404
29,275948630,114.1908856,22.3176925,0.011803905993492856,0.0020003994635532036,0.002590673575129463,0.007249103011312855,0.9983554403369417,859,0.5049047893825735,652,0.6243508366993653,244,0.823139065204847,554,0.6809001731102136
30,275949265,114.1878267,22.322802,0.03312209193045421,0.005535344989232167,0.0006476683937823658,0.03540435121681507,0.9890154815146238,259,0.8511252163877668,246,0.8586266589728794,901,0.2951529140219273,116,0.9336410848240047
31,276169638,114.1820916,22.2993992,0.011084549473958873,0.003071384460460302,0.0012953367875647315,0.01148129459314681,0.9966886060663002,898,0.482400461627236,464,0.7328332371609925,577,0.5744373918061165,382,0.7801500288517023
32,276169900,114.1810483,22.3144314,0.029742630431703027,0.00810413271397788,0.0006476683937823658,0.025166475334902207,0.9942229556375756,320,0.8159261396422389,139,0.9203693017888055,901,0.2951529140219273,176,0.8990190421234853
33,276169958,114.178846,22.3269956,0.037039972268859474,0.004912349686614499,0.0032383419689119533,0.01516203232352796,0.9978475297928369,204,0.8828620888632429,290,0.8332371609924986,170,0.8814195037507213,305,0.8245816503173687
34,276372740,114.1701439,22.3088662,0.01996920402454365,0.0013449728654639362,0.0019430051813470973,0.003612352799833388,0.9989816826648681,586,0.6624350836699365,831,0.5210617426428159,372,0.727062896710906,812,0.5320253894979804
35,276372857,114.1689849,22.312658,0.020448500620345186,0.0013304270630528701,0.003886010362694319,0.0019334213753763772,0.9998357821979494,564,0.6751298326601269,836,0.5181765724177726,123,0.9163300634737449,1048,0.3958453548759377
36,276373355,114.1701052,22.3128531,0.03186329023772079,0.0011862033286708258,0.0006476683937823658,0.003195011660899147,0.9992772235159204,280,0.8390075014425851,873,0.49682631275245237,901,0.2951529140219273,863,0.502596653202539
37,276377951,114.1721924,22.3171476,0.00012518248936489184,0.0001186237876494007,0.0,0.0003855727757582789,0.9998748175106348,1602,0.07616849394114253,1459,0.15868436237738026,1545,0.054818234275822275,1434,0.17311021350259664
38,276378619,114.1869798,22.3154851,0.003808338707104567,0.00022191827041961903,0.0006476683937823658,0.00019021406437606895,1.0,1262,0.2723600692440854,1364,0.21350259665320254,901,0.2951529140219273,1508,0.13040969417195614
39,278947783,114.1572093,22.3276159,0.011882778975705766,0.00337792000512215,0.0006476683937823658,0.0017938215435793488,1.0,852,0.5089440276976341,423,0.7564916330063474,901,0.2951529140219273,1072,0.38199653779572995
40,278948068,114.1670005,22.3122444,0.012844894199196018,0.0011746607477207014,0.0012953367875647315,0.0011551360745266181,1.0,817,0.5291402192729371,880,0.4927870744373918,577,0.5744373918061165,1209,0.30294287362954414
41,278949226,114.1616453,22.3075206,0.0007202901672245305,5.0419939022590526e-05,0.0019430051813470973,7.352202382262205e-05,1.0,1502,0.13358338141950374,1521,0.12261973456433929,372,0.727062896710906,1556,0.10242354298903636
42,278949231,114.1628465,22.3068109,0.0023597002690582043,0.00015493078413594927,0.0019430051813470973,0.00037045386577864916,1.0,1377,0.20571263704558568,1421,0.18032313906520483,372,0.727062896710906,1439,0.16993652625504904
43,278950460,114.1594149,22.3032513,2.5387057819783408e-05,8.224111082441149e-06,0.002590673575129463,7.819430977577216e-05,0.9999746129421803,1623,0.06347374495095211,1604,0.07443739180611655,244,0.823139065204847,1552,0.10444316214656665
44,278950461,114.1596727,22.3030064,0.0031294932836515225,0.001677030560769491,0.002590673575129463,0.009276306333733402,0.9969887200354103,1316,0.24062319676860935,738,0.5741488747836122,244,0.823139065204847,476,0.7253317945758799
45,278951217,114.1606837,22.3076826,0.01279476775755241,0.0009807902265332408,0.006476683937823782,0.0034529050392658675,0.9998125708713532,820,0.5274091171379112,955,0.44950952106174263,32,0.9795152914021927,830,0.5216387766878245
46,278951219,114.1617719,22.3071931,0.000275573890007857,1.2273976442327272e-05,0.0006476683937823658,6.585457022776875e-05,1.0,1572,0.0934795152914022,1595,0.08020773225620312,901,0.2951529140219273,1561,0.0998268897864974
47,278951444,114.1604203,22.3051844,0.0032980295959793475,0.00029766019765961957,0.0012953367875647315,0.0028824448801507245,0.999132623651119,1307,0.2463935372186959,1305,0.24754760530871323,577,0.5744373918061165,900,0.4812463935372187
48,278951704,114.1594502,22.3028812,0.009349674279833799,0.0002548603821161399,0.0019430051813470973,0.0007827937643956953,1.0,966,0.4428736295441431,1335,0.2299480669359492,372,0.727062896710906,1315,0.24148874783612234
49,279077145,114.1530329,22.3262601,0.0019067572456183033,0.0010890456742745106,0.0,0.0058729754266756895,0.9980932427543817,1411,0.1860934795152914,918,0.4705712637045586,1545,0.054818234275822275,637,0.6327178303519908
50,288176867,114.1461329,22.2898986,0.00011001420873287022,2.917388603577124e-05,0.0,0.0003388531738679645,0.999889985791267,1604,0.07501442585112522,1552,0.10502019619157531,1545,0.054818234275822275,1448,0.16503173687247547
51,288991742,114.1627874,22.3181394,0.03347820206212082,0.005562859852088246,0.003886010362694319,0.02284273312761983,0.994534475210002,252,0.8551644547028274,244,0.8597807270628968,123,0.9163300634737449,203,0.8834391229082516
52,288991776,114.1634229,22.3180822,0.03227478127561652,0.002529758593236359,0.0006476683937823658,0.006120976652478116,1.0,272,0.8436237738026544,560,0.6774379688401616,901,0.2951529140219273,617,0.6445470282746683
53,288991796,114.1660608,22.318712,0.0508708113217189,0.002113221829309991,0.0006476683937823658,0.004979338961141992,1.0,81,0.9538372763993076,631,0.6364685516445471,901,0.2951529140219273,706,0.5931909982688979
54,288991961,114.1630542,22.3188051,0.06303550520378359,0.013918513369218096,0.00518134715025905,0.074123325880678,0.9774213339052239,38,0.9786497403346798,55,0.9688401615695326,59,0.9619157530294288,18,0.9901904212348529
55,288994875,114.1598754,22.3194714,0.005117018838333781,0.0004525035637645027,0.0006476683937823658,0.001663168490669023,0.999550685246686,1196,0.3104443162146567,1211,0.3017888055395268,901,0.2951529140219273,1096,0.3681477207155222
56,288994882,114.1593632,22.3232675,0.0057830767369990875,0.0001462608031830234,0.0006476683937823658,0.0003117052181600005,1.0,1143,0.3410271206001154,1436,0.17195614541257934,901,0.2951529140219273,1454,0.16156953260242354
57,288995089,114.1576938,22.3211585,0.009457379811395567,0.0020227577341684418,0.002590673575129463,0.010772121439335645,0.9967545045148559,959,0.4469128678592037,645,0.6281015579919216,244,0.823139065204847,405,0.7665897287939989
58,288995220,114.1574572,22.3214978,0.011235469508904132,0.0011463180488869881,0.0012953367875647315,0.002054062680062533,1.0,885,0.4896133871898442,890,0.4867282169648009,577,0.5744373918061165,1024,0.40940565493364106
59,288995381,114.1566572,22.317492,0.02809791501368188,0.01404421230173123,0.0019430051813470973,0.06766531030158594,0.9783333299181256,356,0.7951529140219273,54,0.9694171956145412,372,0.727062896710906,21,0.9884593190998269
60,288996506,114.1552665,22.3234337,0.0012248997837960717,0.0004774242945942127,0.0006476683937823658,0.003772796115974393,0.9987751002162039,1456,0.16041546451240624,1200,0.30813618003462206,901,0.2951529140219273,803,0.5372186959030583
61,288996662,114.1559847,22.3260954,0.005663422470748782,0.0003849079805449514,0.0006476683937823658,0.0005050139526832838,1.0,1155,0.3341027120600115,1246,0.2815926139642239,901,0.2951529140219273,1407,0.18869013271783036
62,288997665,114.1565829,22.3269464,0.01735145014651554,0.014791418515079063,0.0012953367875647315,0.03855419323471261,0.987545834122096,661,0.6191575302942873,45,0.9746105020196192,577,0.5744373918061165,94,0.9463358338141951
63,288998754,114.1569586,22.3290211,0.0039006049199958614,0.00022624154248016814,0.0006476683937823658,0.00022957238155705311,0.999950886867696,1256,0.27582227351413735,1358,0.21696480092325446,901,0.2951529140219273,1490,0.14079630698211196
64,288998755,114.1578452,22.3283292,0.01579975493980296,0.003621360854395463,0.0012953367875647315,0.0021240589780940106,0.9999181447794931,720,0.5851125216387767,396,0.7720715522215811,577,0.5744373918061165,1010,0.4177726485862666
65,289293757,114.1535899,22.330233,0.0009559693568801866,0.00036355978480952835,0.0,0.002944467395896421,0.9990440306431198,1477,0.14829774956722447,1267,0.26947489901904215,1545,0.054818234275822275,890,0.4870167339873053
66,289294087,114.1523072,22.3325094,0.00020243869975523085,0.00014186237388874516,0.0,0.0006235285125061516,0.9997975613002446,1593,0.08136180034622043,1438,0.17080207732256203,1545,0.054818234275822275,1358,0.21696480092325446
67,289294146,114.1522158,22.3323988,0.001065042524304501,0.0004169838436083062,0.0,0.003280422082034268,0.9989349574756953,1466,0.15464512406231967,1228,0.2919792267743797,1545,0.054818234275822275,851,0.5095210617426428
68,289329905,114.1554973,22.3324124,0.007264218948814886,0.005644543203783587,0.0012953367875647315,0.02221869255683842,0.9927885647232988,1076,0.37968840161569534,238,0.8632429313329486,577,0.5744373918061165,210,0.879399884593191
69,289329943,114.1547755,22.3329575,0.005812086575470766,0.0046572152897987,0.0,0.017901723837101802,0.9941879134245293,1138,0.3439122908251587,315,0.8188113098672821,1545,0.054818234275822275,262,0.8493941142527409
70,289337013,114.1537149,22.3264895,0.001083977003556694,0.00047862049752802325,0.0,0.003338741897847468,0.9989160229964431,1463,0.15637622619734565,1197,0.309867282169648,1545,0.054818234275822275,840,0.515868436237738
71,289337297,114.1556568,22.3247578,0.004953004991605839,0.0005294024552539338,0.0012953367875647315,0.003419379439058348,0.9989160229964431,1208,0.30323139065204846,1160,0.33092902481246395,577,0.5744373918061165,831,0.5207732256203116
72,289337299,114.1567064,22.3235546,0.004953004991605839,0.0005294024552539338,0.0012953367875647315,0.003419379439058348,0.9989160229964431,1208,0.30323139065204846,1160,0.33092902481246395,577,0.5744373918061165,831,0.5207732256203116
73,289337490,114.1584933,22.3216284,0.009058726753534304,0.00064232227766193,0.0019430051813470973,0.0014226646531957101,1.0,985,0.4319099826889786,1108,0.36093479515291405,372,0.727062896710906,1145,0.33958453548759376
74,297910474,114.1462178,22.2897959,0.009320534466484466,0.002964902093621762,0.0,0.028708043465384626,0.9906794655335152,972,0.4396999422965955,482,0.7224466243508367,1545,0.054818234275822275,149,0.914598961338719
75,308473171,114.1680169,22.3149736,0.00026248912252871816,3.8960385410566884e-05,0.0006476683937823658,0.0002749905408072869,0.9999163243126803,1581,0.0882862088863243,1538,0.11309867282169649,901,0.2951529140219273,1459,0.15868436237738026
76,308473172,114.1685012,22.3150669,0.007369829497301872,3.900064291947614e-05,0.003886010362694319,5.6375623167854546e-05,1.0,1069,0.3837276399307559,1537,0.11367570686670514,123,0.9163300634737449,1567,0.09636468551644548
77,308473173,114.1689561,22.315141,0.012421741736344381,0.000685940080333335,0.0019430051813470973,0.0009621872878897178,0.9998202813914748,834,0.51933064050779,1081,0.376803231390652,372,0.727062896710906,1248,0.2804385458742066
78,308473175,114.1695449,22.3152511,0.0048190947384574075,0.0008827297052573096,0.0012953367875647315,0.0020812367756482607,0.9993584235697981,1214,0.3000577034045009,998,0.42469705712637046,577,0.5744373918061165,1017,0.413733410271206
79,308473176,114.1683196,22.3135053,6.83335315873449e-05,2.5414769380245986e-05,0.0019430051813470973,0.00021047312276005576,0.9999316664684127,1613,0.06982111944604731,1561,0.0998268897864974,372,0.727062896710906,1498,0.1361800346220427
80,308473177,114.1688045,22.313588,0.00728308377998435,3.790122382971207e-05,0.0032383419689119533,5.183944367142658e-05,1.0,1075,0.380265435660704,1539,0.11252163877668782,170,0.8814195037507213,1574,0.09232544720138489
81,308473178,114.1692614,22.3136721,0.005959288986470169,0.001230966760459767,0.0006476683937823658,0.003025760135152377,0.9990981220523166,1126,0.35083669936526257,861,0.5037507212925563,901,0.2951529140219273,883,0.49105597230236586
82,308473179,114.1698428,22.3137803,0.0005102938815188906,0.00012597064962680272,0.0012953367875647315,0.0002455551357198987,0.9999290480845715,1529,0.11829197922677438,1454,0.16156953260242354,577,0.5744373918061165,1476,0.1488747836122331
83,308473180,114.1694498,22.3127358,0.038459499930113814,0.0021212081541606698,0.0019430051813470973,0.005179916713640119,0.9987884065598122,183,0.8949798038084247,628,0.638199653779573,372,0.727062896710906,691,0.6018465089440277
84,308473181,114.1675907,22.3171141,0.005408384237760003,0.00134919720840659,0.003886010362694319,0.005751862322268561,0.9981551407578718,1176,0.32198499711482975,828,0.5227928447778419,123,0.9163300634737449,645,0.6283900750144259
85,308473182,114.1680551,22.3172,0.006871505556625115,0.00032778395956545986,0.0006476683937823658,0.0004731321661824488,1.0,1101,0.36526255049047895,1290,0.25620311598384304,901,0.2951529140219273,1413,0.1852279284477784
86,308473183,114.1685003,22.3172869,0.010920948954310629,0.0008355377910321804,0.0012953367875647315,0.0008861020053580129,1.0,905,0.4783612233121754,1018,0.41315637622619733,577,0.5744373918061165,1274,0.26543566070398156
87,308473185,114.1690783,22.3173955,0.007630085271982029,0.0010547200364101723,0.0012953367875647315,0.004546365551966045,0.9987011860964339,1052,0.3935372186959031,928,0.46508944027697635,577,0.5744373918061165,746,0.5701096364685516
88,308473186,114.170358,22.3176083,0.00763780640362381,0.0020237018360565163,0.0019430051813470973,0.008605700602467573,0.9973526732388359,1051,0.3941142527409117,644,0.6289671090594345,372,0.727062896710906,505,0.7091748413156376
89,308473189,114.1672039,22.318917,0.03600484596315838,0.010742963867350625,0.0019430051813470973,0.025294745602110324,0.9928785491827565,219,0.8742065781881131,92,0.9474899019042123,372,0.727062896710906,171,0.9019042123485286
90,308473190,114.1676802,22.3190063,0.04049149751008568,0.009991531720588961,0.002590673575129463,0.02299613678048379,0.9938907144077248,163,0.9065204847085978,98,0.9440276976341604,244,0.823139065204847,200,0.8851702250432776
91,308473191,114.1681318,22.3190943,0.04836873408306853,0.013073389799310635,0.003886010362694319,0.0391524941264441,0.9898377294683658,92,0.9474899019042123,65,0.9630698211194461,123,0.9163300634737449,85,0.9515291402192729
92,308473192,114.1686727,22.3191848,0.03777513204248939,0.007529446003059428,0.0006476683937823658,0.019116513417143155,0.9958667189615749,193,0.8892094633583382,158,0.9094056549336411,901,0.2951529140219273,244,0.8597807270628968
93,308473419,114.1702382,22.3153655,0.03978639268154859,0.006518233087830445,0.002590673575129463,0.029083614945570976,0.9911798205298816,176,0.8990190421234853,189,0.8915175995383727,244,0.823139065204847,142,0.9186381996537796
94,308473420,114.1705303,22.3139011,0.04085329116377852,0.006301483344886188,0.004533678756476684,0.025250138905848235,0.9924604395633512,160,0.9079630698211194,195,0.8877668782458165,76,0.9434506635891518,173,0.900461627236007
95,308473422,114.1697992,22.3175012,0.04035524155108707,0.00352150376759459,0.002590673575129463,0.013216927745287765,0.9965697086661666,167,0.9042123485285631,406,0.7663012117714946,244,0.823139065204847,348,0.7997691863819966
96,308473424,114.1694289,22.3193121,0.09526573174918057,0.013573515917575996,0.004533678756476684,0.04212448606030523,0.9898397116572175,3,0.9988459319099827,58,0.9671090594345066,76,0.9434506635891518,72,0.9590305828043855
97,308473426,114.1701722,22.3184397,0.0037570185552985155,0.0020754025837770437,0.0006476683937823658,0.010681136575791273,0.9965444226749787,1265,0.2706289671090594,639,0.6318522792844777,901,0.2951529140219273,408,0.7651471436814772
98,308473427,114.1707291,22.3185465,0.000875015197967545,0.00041431992521754783,0.0,0.0026951216613652733,0.9991249848020323,1489,0.1413733410271206,1229,0.291402192729371,1545,0.054818234275822275,922,0.4685516445470283
99,308473546,114.1705175,22.3223275,0.0006252337578768402,2.0717109423332657e-05,0.0006476683937823658,3.59290061901964e-05,1.0,1517,0.12521638776687824,1567,0.09636468551644548,901,0.2951529140219273,1585,0.08597807270628967
100,308473861,114.1914484,22.328839,0.008191999486754172,0.0010179884175491173,0.0019430051813470973,0.003861547173129316,0.9991071537116591,1020,0.41200230813618005,941,0.4575879976918638,372,0.727062896710906,798,0.5401038661281016
101,308473862,114.1925262,22.3312909,0.02502668372178465,0.014300634291575924,0.0071243523316061475,0.07708432672642881,0.9749733162782152,435,0.7495672244662435,51,0.9711482977495672,22,0.9852856318522792,14,0.9924985574148875
102,308475224,114.1614536,22.3322118,0.004936787213738579,0.003695503336284765,0.0012953367875647315,0.014144448789123172,0.9954094218290416,1210,0.3023658395845355,388,0.7766878245816503,577,0.5744373918061165,337,0.8061165608770917
103,308475675,114.1622577,22.3331118,0.0012114788088877207,0.0010708328617230433,0.0,0.0037314583651830878,0.9987885211911122,1458,0.15926139642238893,926,0.46624350836699363,1545,0.054818234275822275,804,0.5366416618580496
104,308475679,114.1631195,22.3324479,0.001579088244383946,0.0013408362737794687,0.0,0.004863726873009547,0.998420911755616,1426,0.1777264858626659,834,0.51933064050779,1545,0.054818234275822275,714,0.5885747259088286
105,308778508,114.1686107,22.3063771,3.740654150515159e-05,4.0564396206231663e-07,0.0,7.771275994972198e-07,1.0,1620,0.06578188113098672,1625,0.06289671090594345,1545,0.054818234275822275,1625,0.06289671090594345
106,308778515,114.1689468,22.3076075,0.00045675148971063796,0.00024358786958742645,0.0,0.0014068336603060357,0.9995432485102892,1536,0.1142527409117138,1346,0.22388920946335833,1545,0.054818234275822275,1148,0.3381419503750721
107,308778516,114.1690993,22.3082077,0.0010287483716120028,0.0004025865908501374,0.0006476683937823658,0.001919249215727494,0.9993905965765935,1469,0.1529140219272937,1236,0.2873629544143104,901,0.2951529140219273,1050,0.39469128678592036
108,316731592,114.1766448,22.3276169,0.0033156869664233675,0.0016156641971323818,0.0006476683937823658,0.010212599491152836,0.9966843130335766,1304,0.24783612233121755,754,0.5652048470859781,901,0.2951529140219273,428,0.7533179457587997
109,316731595,114.1771122,22.3301488,0.0,0.0,0.0,0.0,1.0,1627,0.031159838430467397,1627,0.031159838430467397,1545,0.054818234275822275,1627,0.031159838430467397
110,331258075,114.1604939,22.3262772,0.009375603517531358,0.0012546849474671061,0.0006476683937823658,0.0006559787514433649,1.0,964,0.44431621465666477,854,0.5077899596076169,901,0.2951529140219273,1347,0.2233121754183497
111,331258761,114.1619004,22.3252108,0.03642849312620901,0.0046156111567939055,0.003886010362694319,0.004496585909256196,0.9994997746800439,212,0.8782458165031737,316,0.8182342758222735,123,0.9163300634737449,749,0.5683785343335257
112,331269944,114.1687862,22.3224821,0.05295453557513668,0.002284003400680139,0.0012953367875647315,0.006854375682769111,0.9987824225053998,67,0.9619157530294288,604,0.6520484708597807,577,0.5744373918061165,578,0.6670513560300058
113,331269982,114.1678205,22.3228573,0.01875978780901132,0.0017765503049673502,0.0006476683937823658,0.00303024434271382,0.9992313357824003,617,0.6445470282746683,708,0.5920369301788806,901,0.2951529140219273,882,0.4916330063473745
114,331271265,114.1620905,22.326252,0.0021663079522830494,0.0001820632716240965,0.0006476683937823658,0.0008747620732153387,0.9997318160368763,1387,0.20023081361800346,1403,0.19099826889786498,901,0.2951529140219273,1277,0.2637045585689556
115,332227469,114.1623842,22.3194107,0.02759308137183094,0.002401800557851099,0.0006476683937823658,0.008163923506695802,0.9979497162911194,367,0.7888055395268321,581,0.6653202538949798,901,0.2951529140219273,517,0.7022504327755338
116,332228049,114.1620652,22.3179532,0.030271290057364366,0.004804872917881816,0.002590673575129463,0.018053890342189842,0.9960168499632437,311,0.8211194460473168,300,0.827466820542412,244,0.823139065204847,259,0.8511252163877668
117,332228052,114.1611738,22.3175995,0.01823918221972146,0.0030585865303076154,0.0019430051813470973,0.014510803506477004,0.9960168499632437,631,0.6364685516445471,467,0.7311021350259665,372,0.727062896710906,327,0.8118869013271783
118,332228053,114.1607523,22.3175839,0.012372722550961404,0.004080834726864576,0.0012953367875647315,0.019716801043330984,0.9939224511004866,837,0.517599538372764,359,0.7934218118869013,577,0.5744373918061165,234,0.8655510675129833
119,332228056,114.1610049,22.3178523,0.004119942127766469,0.0007611234782025502,0.0012953367875647315,0.002402369300545072,0.9992817276040259,1242,0.28390075014425853,1046,0.396999422965955,577,0.5744373918061165,960,0.4466243508366994
120,332230895,114.1619805,22.3194603,0.007791051665670322,0.0021421738900281296,0.004533678756476684,0.009718909206290162,0.9969324936794185,1037,0.4021927293710329,622,0.641661858049625,76,0.9434506635891518,454,0.7386035776110791
121,332231811,114.1632062,22.3186267,0.036702295004697356,0.005658786489888614,0.0006476683937823658,0.02675487612508064,0.9921063718024944,205,0.8822850548182343,237,0.8638199653779572,901,0.2951529140219273,159,0.9088286208886325
122,332231898,114.163129,22.3183111,0.035226729781530984,0.00198188794215099,0.0012953367875647315,0.0045516727988632235,1.0,228,0.8687247547605309,658,0.620600115406809,577,0.5744373918061165,744,0.5709751875360646
123,332231899,114.1630453,22.3182686,0.035226729781530984,0.00198188794215099,0.0012953367875647315,0.0045516727988632235,1.0,228,0.8687247547605309,658,0.620600115406809,577,0.5744373918061165,744,0.5709751875360646
124,332232290,114.1619691,22.31812,0.017028130791990507,0.0019509387758132467,0.0006476683937823658,0.003128434988116749,1.0,678,0.6093479515291402,670,0.6139642238892095,901,0.2951529140219273,873,0.49682631275245237
125,332232291,114.1622338,22.3184752,0.03497392433021689,0.002749051310723927,0.0019430051813470973,0.005834436008881037,1.0,235,0.8649740334679746,516,0.7028274668205424,372,0.727062896710906,642,0.6301211771494518
126,332232293,114.1628379,22.3189594,0.061553130450541685,0.013246159434004236,0.00518134715025905,0.0695574848335702,0.9789037086584659,40,0.9774956722446624,60,0.9659549913444894,59,0.9619157530294288,20,0.9890363531448355
127,332233250,114.1637721,22.3185627,0.03476146571042877,0.002118406556698529,0.0012953367875647315,0.00544710796842101,1.0,237,0.8635314483554529,629,0.63733410271206,577,0.5744373918061165,669,0.6142527409117138
128,332233448,114.1662221,22.3177229,0.013629907619275893,0.00048438066874450906,0.005829015544041416,0.0009530587154658626,0.9999538473881227,797,0.5403923831506059,1190,0.31361800346220425,42,0.9717253317945759,1254,0.2766878245816503
129,332235143,114.1620469,22.3199468,0.0010794061590489589,0.0005315151899357189,0.0,0.0033246633057587944,0.9989205938409509,1464,0.15551067512983266,1157,0.3326601269474899,1545,0.054818234275822275,844,0.513271783035199
130,332237262,114.1611132,22.3253922,0.015395372871857252,0.001109828074003971,0.0012953367875647315,0.0016569586067220774,1.0,733,0.5773225620311598,906,0.47749567224466244,577,0.5744373918061165,1097,0.36728216964800925
131,332238480,114.1655933,22.3274215,0.0002604216076876817,0.0001612633634773294,0.0,0.0008021208289831998,0.9997395783923121,1583,0.08713214079630698,1416,0.18349682631275246,1545,0.054818234275822275,1303,0.24870167339873053
132,332238481,114.1665192,22.3267119,0.0006959724735118385,0.0004207414164785485,0.0006476683937823658,0.0021436547541490427,0.9993040275264882,1508,0.13040969417195614,1227,0.29255626081938835,901,0.2951529140219273,1006,0.42008078476630123
133,332239185,114.167154,22.326463,0.018023399150009264,0.008036151792716092,0.0032383419689119533,0.004704449055882031,0.9990868657557048,645,0.6283900750144259,141,0.9192152336987882,170,0.8814195037507213,731,0.5787651471436814
134,332241861,114.1656026,22.3209379,0.013818453450354628,0.0005583364956158402,0.0006476683937823658,0.0009445175184934089,1.0,796,0.5412579342181189,1140,0.3427582227351414,901,0.2951529140219273,1257,0.27524523946912866
135,332241978,114.1624076,22.3247449,0.014157377790232094,0.0008328409018396066,0.0006476683937823658,0.0007087487876906469,1.0,778,0.5516445470282747,1020,0.41200230813618005,901,0.2951529140219273,1333,0.23139065204847087
136,332242333,114.1643808,22.3238588,0.003333235899502844,0.0004912591959547332,0.002590673575129463,0.0018631901283206191,0.9994181008194568,1302,0.24899019042123485,1188,0.3150605885747259,244,0.823139065204847,1060,0.3889209463358338
137,332242353,114.1644937,22.3234749,0.013995975785088925,0.00043347819017771835,0.0006476683937823658,0.0010585777218004482,1.0,788,0.5458742065781881,1219,0.2971725331794576,901,0.2951529140219273,1231,0.29024812463935373
138,332242579,114.1672864,22.3232688,0.020957836709287844,0.0009464466521794421,0.0006476683937823658,0.0009597760053533474,0.9999538975285757,551,0.6826312752452395,975,0.4379688401615695,901,0.2951529140219273,1251,0.2787074437391806
139,332242755,114.168659,22.3231134,0.032279899032202866,0.0010960724566161178,0.0012953367875647315,0.003241153411428452,0.999286689313834,271,0.844200807847663,914,0.47316791690709753,577,0.5744373918061165,860,0.5043277553375649
140,332243003,114.1661967,22.3187271,0.045065856858775906,0.003585743533225702,0.0006476683937823658,0.0071022496457708115,0.9991299353469156,117,0.933064050778996,399,0.7703404500865552,901,0.2951529140219273,561,0.676860934795153
141,332243007,114.1654564,22.3224381,0.005524173807678729,0.0011818476268690623,0.0012953367875647315,0.0013321660466669657,0.9996318506293908,1163,0.3294864396999423,876,0.49509521061742645,577,0.5744373918061165,1160,0.33121754183496827
142,332243088,114.1672753,22.3122897,0.01420411684086002,0.00022119469319703555,0.0006476683937823658,0.0006083592342587344,1.0,776,0.552798615118292,1365,0.2129255626081939,901,0.2951529140219273,1362,0.21465666474321984
143,332245888,114.1663078,22.3099839,0.0,0.0,0.0006476683937823658,0.0,1.0,1627,0.031159838430467397,1627,0.031159838430467397,901,0.2951529140219273,1627,0.031159838430467397
144,332245892,114.166445,22.30883,0.008023846079598142,0.00044300436067281756,0.0012953367875647315,0.0003220302607806611,1.0,1027,0.40796306982111946,1214,0.3000577034045009,577,0.5744373918061165,1451,0.16330063473744952
145,332246178,114.1670271,22.3113756,0.0017076078829844805,4.093526196187274e-06,0.0006476683937823658,1.7707525051678267e-05,1.0,1419,0.1817657241777265,1617,0.0675129832660127,901,0.2951529140219273,1607,0.07328332371609925
146,332246270,114.1673638,22.3121683,0.007002529588062249,0.0002772720051195423,0.0012953367875647315,0.0007197009213624594,0.9998357821979492,1092,0.3704558568955568,1320,0.23889209463358338,577,0.5744373918061165,1326,0.23542989036353146
147,332246273,114.1670556,22.311489,0.0023338696866983697,0.0009769497139505545,0.0006476683937823658,0.0006316761821705464,1.0,1381,0.20369301788805538,957,0.44835545297172535,901,0.2951529140219273,1353,0.21984997114829774
148,332248700,114.1667883,22.3131619,0.010436659450797244,8.39219160914042e-06,0.0012953367875647315,2.250066582893064e-05,1.0,926,0.46624350836699363,1603,0.07559145989613388,577,0.5744373918061165,1604,0.07501442585112522
149,332251063,114.1658891,22.3202177,0.042919526007610335,0.002211271319547691,0.0032383419689119533,0.004674044266676888,0.9995659193427858,133,0.9238315060588574,614,0.6462781304096942,170,0.8814195037507213,732,0.5781881130986728
150,332251094,114.1656889,22.3214639,0.005349438384285805,0.00038189537863151843,0.0012953367875647315,0.0007939659951843941,0.9998065860527838,1179,0.32025389497980383,1249,0.27986151182919794,577,0.5744373918061165,1306,0.24697057126370456
151,332251254,114.1675743,22.3218014,0.0034034265309599546,0.00033863156378216623,0.0019430051813470973,0.0006164102941213314,0.9998550190853887,1295,0.2533179457587998,1282,0.2608193883439123,372,0.727062896710906,1359,0.21638776687824582
152,332251255,114.168869,22.3220632,0.05355147747944417,0.0029892232390913024,0.002590673575129463,0.009244869079450239,0.9980038516589359,63,0.9642238892094633,476,0.7259088286208887,244,0.823139065204847,481,0.7230236583958454
153,332251257,114.1699647,22.3222321,0.0012378099805962217,5.654214225212834e-05,0.0006476683937823658,7.961516788140403e-05,1.0,1454,0.16156953260242354,1518,0.12463935372186959,901,0.2951529140219273,1550,0.10617426428159261
154,332251374,114.1678062,22.3206489,0.02945787383121991,0.0023461690838492005,0.0019430051813470973,0.007815926478375089,0.9983555845070304,333,0.8084246970571264,594,0.6578188113098673,372,0.727062896710906,530,0.6947489901904212
155,332251375,114.1691048,22.3208406,0.10852536346532436,0.016353233477657738,0.004533678756476684,0.050651818988072576,0.9869194168270662,1,1.0,36,0.979803808424697,76,0.9434506635891518,49,0.9723023658395845
156,332251377,114.1701882,22.3210727,0.0734041415826478,0.01161451425394784,0.0006476683937823658,0.038229176680821826,0.9885706155442003,20,0.9890363531448355,83,0.9526832083092902,901,0.2951529140219273,99,0.9434506635891518
157,332251378,114.1707938,22.3211811,0.06170782497039624,0.0018611575569231246,0.0006476683937823658,0.0028236703885844865,1.0,39,0.9780727062896711,687,0.6041546451240624,901,0.2951529140219273,910,0.47547605308713214
158,332251484,114.1681657,22.3219077,0.0005057238701797604,0.0002089337542841786,0.0006476683937823658,0.0006242308939426741,0.9998059075989614,1530,0.11771494518176573,1376,0.20657818811309867,901,0.2951529140219273,1357,0.21754183496826313
159,332251500,114.1684146,22.3207275,0.025822486636342984,0.0017170431395221674,0.0006476683937823658,0.004309425657749415,0.999471453768916,415,0.7611079053664166,726,0.5816503173687247,901,0.2951529140219273,769,0.5568378534333526
160,332251664,114.166611,22.3203683,0.02792187473868605,0.00027952554396466794,0.0012953367875647315,0.0016027855320710957,0.9994911195443507,362,0.7916907097518754,1319,0.23946912867859205,577,0.5744373918061165,1103,0.3641084824004616
161,332251667,114.1667907,22.3188396,0.030765625023967517,0.006100285419564602,0.0019430051813470973,0.009157496929527125,0.9981177701219474,297,0.829197922677438,206,0.8817080207732256,372,0.727062896710906,485,0.7207155222158107
162,332252247,114.16656,22.3169347,0.009884794627032397,0.0011789173015171396,0.002590673575129463,0.004222393336223534,0.9987583728398315,942,0.4570109636468552,879,0.4933641084824005,244,0.823139065204847,774,0.5539526832083093
163,332253240,114.1667412,22.3158769,0.008041674743313514,0.00016102309662840994,0.0006476683937823658,0.00064832711729875,0.9998643323953541,1024,0.40969417195614544,1417,0.1829197922677438,901,0.2951529140219273,1350,0.22158107328332372
164,332253310,114.1677705,22.3161776,0.0002634748850136975,3.969164663463093e-05,0.0006476683937823658,0.00027158058435203177,0.9999163243126803,1580,0.08886324293133295,1535,0.11482977495672245,901,0.2951529140219273,1462,0.1569532602423543
165,332253312,114.1686954,22.3163435,0.006408083585095434,0.0002522941100918326,0.0006476683937823658,0.0002691927085143453,1.0,1110,0.36006924408540103,1341,0.2267743796884016,901,0.2951529140219273,1466,0.15464512406231967
166,332253313,114.1692776,22.3164444,0.003402758308458145,0.0003615431300135864,0.0006476683937823658,0.0024666912304997456,0.9992334794092345,1296,0.2527409117137911,1268,0.26889786497403345,901,0.2951529140219273,950,0.45239469128678594
167,332253494,114.1669044,22.3149035,0.0003180222607936673,9.608535635124078e-05,0.0032383419689119533,0.0005983199375422318,0.9998146385625382,1563,0.09867282169648009,1478,0.1477207155222158,170,0.8814195037507213,1365,0.2129255626081939
168,332253631,114.1688016,22.3158391,0.007410552426452438,0.0005413689828917208,0.0006476683937823658,0.00037775956857026577,1.0,1066,0.3854587420657819,1151,0.3364108482400462,901,0.2951529140219273,1437,0.1713791113675707
169,334647674,114.1612376,22.3144406,0.0019969179799180876,0.0005514529278569249,0.0,0.006150678200959479,0.9980030820200819,1399,0.19301788805539527,1145,0.33958453548759376,1545,0.054818234275822275,615,0.6454125793421812
170,334647880,114.1572026,22.3019131,0.011020706590380751,0.004945758069402266,0.0,0.03394471904519826,0.9889792934096191,899,0.48182342758222735,289,0.8338141950375072,1545,0.054818234275822275,121,0.9307559145989613
171,334647895,114.1609698,22.3146094,0.011790164550544607,6.308660985044721e-05,0.0,0.0004736415439872689,1.0,860,0.5040392383150606,1508,0.13040969417195614,1545,0.054818234275822275,1412,0.18580496249278708
172,334647897,114.160232,22.3165049,0.011790164550544607,0.0031385892908686263,0.0,0.03631471538442125,0.9882098354494551,860,0.5040392383150606,457,0.7368724754760531,1545,0.054818234275822275,109,0.9376803231390652
173,334648424,114.1609654,22.309333,0.0,0.0,0.0,0.0,1.0,1627,0.031159838430467397,1627,0.031159838430467397,1545,0.054818234275822275,1627,0.031159838430467397
174,334648426,114.1608956,22.307781,0.0,0.0,0.0,0.0,1.0,1627,0.031159838430467397,1627,0.031159838430467397,1545,0.054818234275822275,1627,0.031159838430467397
175,334648625,114.1669963,22.3124518,0.019994993805320386,0.001671136116647867,0.0032383419689119533,0.0020791119732047844,1.0,583,0.6641661858049625,743,0.5718407386035776,170,0.8814195037507213,1018,0.41315637622619733
176,334648626,114.1663581,22.3122232,0.00601544807562295,2.5015545544464953e-05,0.0006476683937823658,8.973102059039847e-05,1.0,1122,0.3531448355452972,1562,0.09924985574148874,901,0.2951529140219273,1544,0.10963646855164455
177,334648727,114.1607421,22.3110543,0.002462480625068488,1.293592614122415e-05,0.002590673575129463,4.07400582837519e-05,1.0,1362,0.21436814772071552,1593,0.0810732833237161,244,0.823139065204847,1583,0.08684362377380266
178,334649071,114.1637627,22.3072176,0.01820949975805864,0.00015050979595816833,0.0006476683937823658,0.0007193675483141743,1.0,632,0.634737449509521,1427,0.17599538372763993,901,0.2951529140219273,1327,0.23369878822850548
179,334649361,114.1614532,22.3084309,0.003123418715826298,0.00011536443974327145,0.0,0.0005465561052770499,1.0,1319,0.2391806116560877,1461,0.15753029428736295,1545,0.054818234275822275,1378,0.20542412002308136
180,334649362,114.1612583,22.3081133,0.0035048428742797725,0.00014042792035757413,0.0,0.000769212329763922,1.0,1289,0.2567801500288517,1441,0.16907097518753605,1545,0.054818234275822275,1320,0.23889209463358338
181,334649728,114.1608432,22.317115,0.017286164816665145,0.002350683543183082,0.0071243523316061475,0.013079063063096934,0.9961067842822485,666,0.6162723600692441,591,0.6595499134448932,22,0.9852856318522792,349,0.7991921523369879
182,334649851,114.1615949,22.3151686,0.019380563679422265,0.003332066761707283,0.0071243523316061475,0.019529990722030034,0.9940123854194912,602,0.6532025389497981,429,0.7530294287362954,22,0.9852856318522792,236,0.864396999422966
183,334650280,114.1618073,22.3140341,0.01077175808819854,0.0001667531540648293,0.0032383419689119533,0.0005684349057938138,0.9999581758082979,918,0.4708597807270629,1413,0.1852279284477784,170,0.8814195037507213,1371,0.20946335833814195
184,334650313,114.1619321,22.3117592,0.0012232967344239305,6.709621665874179e-05,0.0019430051813470973,0.00023302962329701434,0.9999581758082979,1457,0.15983843046739757,1506,0.13156376226197344,372,0.727062896710906,1489,0.1413733410271206
185,334650573,114.1651735,22.3121564,0.010823990268278192,0.00012756743802051575,0.0006476683937823658,0.00023427617639427224,0.9999696345967087,910,0.47547605308713214,1452,0.16272360069244085,901,0.2951529140219273,1488,0.14195037507212926
186,334650575,114.166525,22.3123846,0.010793624864987158,0.00011220840537092967,0.0012953367875647315,0.0001407481367032643,1.0,917,0.47143681477207156,1464,0.15579919215233698,577,0.5744373918061165,1529,0.11829197922677438
187,334650656,114.1647577,22.3119309,0.030519975159839865,0.0033877289723696653,0.0012953367875647315,0.006109795393376441,1.0,303,0.825735718407386,418,0.7593768032313907,577,0.5744373918061165,622,0.641661858049625
188,334650908,114.159149,22.3204147,0.009325306285147978,0.0003397813271112239,0.0006476683937823658,0.0009383166425874324,1.0,970,0.4408540103866128,1281,0.26139642238892097,901,0.2951529140219273,1259,0.2740911713791114
189,334651084,114.1588696,22.3193818,0.008872556287917405,0.002407482430149677,0.0012953367875647315,0.015531276777380188,0.9949735146581064,993,0.4275822273514137,580,0.6658972879399885,577,0.5744373918061165,300,0.827466820542412
190,334651141,114.1599097,22.3168278,0.00915765063320953,0.0003348394590401196,0.007772020725388638,0.001097264779627099,1.0,981,0.4342181188690133,1287,0.2576457010963647,17,0.9896133871898442,1219,0.29688401615695326
191,334651193,114.1585259,22.3174739,0.004085200691442825,0.0011884995496742995,0.0006476683937823658,0.009868068055368927,0.99702686639842,1245,0.28216964800923255,871,0.4979803808424697,901,0.2951529140219273,448,0.742065781881131
192,334651195,114.1582093,22.3174159,0.017960558334183967,0.0029049865658832288,0.0006476683937823658,0.01197040447820195,0.99702686639842,650,0.6255049047893826,486,0.7201384881708021,901,0.2951529140219273,374,0.7847663012117715
193,334651930,114.1563353,22.3232209,0.0019067572456183033,0.0010890456742745106,0.0,0.0058729754266756895,0.9980932427543817,1411,0.1860934795152914,918,0.4705712637045586,1545,0.054818234275822275,637,0.6327178303519908
194,339050813,114.1606471,22.3104228,0.004997051161833304,0.0001356178884124546,0.004533678756476684,0.0008296719810032471,0.9998125708713532,1202,0.3064050778995961,1448,0.16445470282746683,76,0.9434506635891518,1293,0.25389497980380843
195,339050894,114.1615613,22.3124765,0.004997051161833304,0.0001356178884124546,0.004533678756476684,0.0008296719810032471,0.9998125708713532,1202,0.3064050778995961,1448,0.16445470282746683,76,0.9434506635891518,1293,0.25389497980380843
196,339050900,114.1629874,22.3122049,0.005187201140910406,0.00024352463513428927,0.002590673575129463,0.0014153501826036968,0.9996224208922762,1190,0.3139065204847086,1348,0.22273514137334102,244,0.823139065204847,1147,0.3387189844200808
197,339050906,114.1645241,22.3119596,0.005041596203965379,0.00019419126874703057,0.002590673575129463,0.0009668745212964887,0.9997680258292211,1199,0.3087132140796307,1390,0.1984997114829775,244,0.823139065204847,1247,0.2810155799192152
198,339051592,114.1611534,22.3113437,0.01820949975805864,0.00015050979595816833,0.0032383419689119533,0.0007193675483141743,1.0,632,0.634737449509521,1427,0.17599538372763993,170,0.8814195037507213,1327,0.23369878822850548
199,339051594,114.1609236,22.3119364,0.01820949975805864,0.00015050979595816833,0.0032383419689119533,0.0007193675483141743,1.0,632,0.634737449509521,1427,0.17599538372763993,170,0.8814195037507213,1327,0.23369878822850548
200,339051674,114.1635082,22.3091955,0.01820949975805864,0.00015050979595816833,0.0032383419689119533,0.0007193675483141743,1.0,632,0.634737449509521,1427,0.17599538372763993,170,0.8814195037507213,1327,0.23369878822850548
201,339051995,114.1607061,22.313147,0.0027383154256955056,2.088484488158507e-05,0.0032383419689119533,6.361638110398654e-05,1.0,1343,0.2256203115983843,1566,0.09694171956145413,170,0.8814195037507213,1562,0.09924985574148874
202,339052061,114.1616314,22.310003,0.00042324835015517627,1.5387243071164793e-05,0.0,0.00015392635726122844,0.9999581758082979,1543,0.1102135025966532,1587,0.08482400461627236,1545,0.054818234275822275,1524,0.12117714945181765
203,339053521,114.1620267,22.3089225,0.0008129313065433812,5.218000347865636e-05,0.0019430051813470973,8.251874815747843e-05,1.0,1491,0.13993075591459897,1519,0.12377380265435661,372,0.727062896710906,1547,0.10761684939411426
204,339053606,114.1616908,22.3135121,0.001984035057643461,0.0005477063878583623,0.0,0.006110997698306735,0.9980159649423566,1402,0.1912867859203693,1147,0.3384304673975765,1545,0.054818234275822275,619,0.6431044431621465
205,339054158,114.1609826,22.3316735,0.015457643635844816,0.0018418763683229692,0.0006476683937823658,0.0012734443814377944,0.9998849346549462,730,0.5793421811886902,690,0.6024235429890363,901,0.2951529140219273,1176,0.32198499711482975
206,339054215,114.1635753,22.3296807,0.01579067341189088,0.00195700283599367,0.0006476683937823658,0.0018755817797699282,0.9996982570452841,721,0.584535487593768,667,0.6156953260242354,901,0.2951529140219273,1055,0.3918061165608771
207,339054216,114.1644777,22.32899,0.007761193535244615,0.0010991658174543328,0.0006476683937823658,0.004211541036531758,0.9987046737076734,1043,0.39873052510098095,913,0.47374495095210617,901,0.2951529140219273,776,0.552798615118292
208,339054217,114.1652167,22.3283938,0.016529606028467717,0.0014469302986575045,0.0019430051813470973,0.0037879187840792515,0.9989400866621923,690,0.6024235429890363,802,0.5377957299480669,372,0.727062896710906,801,0.5383727639930755
209,339054219,114.1669287,22.327074,0.008024788304729876,0.0004956200869334873,0.0019430051813470973,0.0017265278547485192,0.9995265908289508,1025,0.4088286208886324,1178,0.32054241200230815,372,0.727062896710906,1079,0.37766878245816504
210,339054265,114.1676507,22.3265738,0.010888233346006427,0.0004025925881925574,0.0006476683937823658,0.0005266434374441811,1.0,907,0.4772071552221581,1235,0.2879399884593191,901,0.2951529140219273,1394,0.19619157530294287
211,339054415,114.1677437,22.3264889,0.03516501221172606,0.009549000114767954,0.002590673575129463,0.009534575374438343,0.9979512627292855,233,0.8661281015579919,108,0.9382573571840739,244,0.823139065204847,460,0.7351413733410271
212,339054417,114.1685278,22.3264855,0.01658844556137656,0.0009566012966863357,0.0019430051813470973,0.0006618898165387491,0.9999118217920762,688,0.6035776110790536,970,0.4408540103866128,372,0.727062896710906,1344,0.22504327755337564
213,384143869,114.1779048,22.2983439,0.009303571248849707,0.0002435784615392778,0.0006476683937823658,0.0005247052242515071,1.0,973,0.43912290825158684,1347,0.2233121754183497,901,0.2951529140219273,1395,0.1956145412579342
214,384145154,114.1819002,22.3041291,0.011117726753216577,0.000744698225318883,0.0019430051813470973,0.002202021143677097,0.9996356338529625,895,0.48384304673975764,1055,0.3915175995383728,372,0.727062896710906,996,0.4255626081938834
215,384147520,114.1834191,22.3048121,0.006980574189177278,0.00026943775373116285,0.0012953367875647315,0.0010402574884997916,1.0,1094,0.3690132717830352,1326,0.2351413733410271,577,0.5744373918061165,1234,0.28822850548182344
216,384147522,114.1840796,22.3021812,0.004786262315925286,0.00011927662195254922,0.0006476683937823658,0.00020375048972582998,1.0,1219,0.2971725331794576,1458,0.15926139642238893,901,0.2951529140219273,1503,0.13329486439699942
217,384147857,114.1863588,22.302106,0.014003171188258093,0.006108455263617369,0.002590673575129463,0.014357672840139486,0.9957924557036977,785,0.5473167916907098,204,0.8825735718407386,244,0.823139065204847,332,0.8087132140796307
218,384148134,114.1843385,22.3023983,0.0011639437664407507,1.6054958241793313e-05,0.0006476683937823658,4.9109886118815796e-05,1.0,1460,0.15810732833237162,1580,0.08886324293133295,901,0.2951529140219273,1576,0.09117137911136756
219,384377131,114.1813708,22.3038526,0.011117726753216577,0.000744698225318883,0.0019430051813470973,0.002202021143677097,0.9996356338529625,895,0.48384304673975764,1055,0.3915175995383728,372,0.727062896710906,996,0.4255626081938834
220,384377185,114.1837857,22.3060071,0.023198581223639488,0.002796931170577782,0.0012953367875647315,0.0029084981319633598,1.0,500,0.7120600115406809,506,0.7085978072706289,577,0.5744373918061165,896,0.4835545297172533
221,384377578,114.1885909,22.3023997,0.0193124546463613,0.005032066765250558,0.0006476683937823658,0.002679495130645968,1.0,603,0.6526255049047894,288,0.8343912290825158,901,0.2951529140219273,926,0.46624350836699363
222,384377579,114.1885861,22.3022692,0.030575694613311125,0.023859507925290666,0.0012953367875647315,0.01275201744971487,0.9974879354730949,301,0.8268897864974033,21,0.9884593190998269,577,0.5744373918061165,353,0.7968840161569533
223,384377581,114.1882794,22.3017014,0.045737956178844436,0.07030965131572173,0.003886010362694319,0.08766421954692998,0.9725764742384915,112,0.9359492210040392,8,0.9959607616849394,123,0.9163300634737449,7,0.996537795729948
224,384377582,114.1869345,22.301106,0.030740028007786285,0.039321184363971175,0.0006476683937823658,0.006467548737550648,1.0,298,0.8286208886324293,12,0.9936526255049047,901,0.2951529140219273,595,0.6572417772648587
225,384377583,114.1865846,22.3010791,0.02291604118739876,0.025173347062702103,0.002590673575129463,0.019645952266364893,0.9949065709863449,508,0.7074437391806117,20,0.9890363531448355,244,0.823139065204847,235,0.8649740334679746
226,384381698,114.1872902,22.3012357,0.03709916767717591,0.07139696724656468,0.0006476683937823658,0.04728383190293788,0.9861168686145483,203,0.8834391229082516,6,0.9971148297749567,901,0.2951529140219273,57,0.9676860934795153
227,384382066,114.1880767,22.3031549,0.007823163250396182,0.0033191716963272663,0.0012953367875647315,0.004469983040729196,0.9990170726549233,1036,0.40276976341604154,431,0.7518753606462781,577,0.5744373918061165,752,0.5666474321984997
228,384382080,114.1858367,22.3048102,0.024927125621588275,0.006937696763268021,0.006476683937823782,0.01986444768785994,0.9943076142940269,438,0.7478361223312175,178,0.897864974033468,32,0.9795152914021927,232,0.8667051356030006
229,384382119,114.1876862,22.303937,0.018117027680616262,0.008841174209637977,0.0006476683937823658,0.03921160109879651,0.9875149366395722,641,0.6306982111944605,115,0.9342181188690133,901,0.2951529140219273,84,0.9521061742642816
230,384382192,114.1888985,22.3031087,0.009470569763111942,0.0065819154960582325,0.0,0.029170165013501063,0.9905294302368878,958,0.44777841892671666,184,0.894402769763416,1545,0.054818234275822275,141,0.9192152336987882
231,384382196,114.1885558,22.3027485,0.015893426252429975,0.0024344297206138964,0.0012953367875647315,0.0015305530727557897,1.0,713,0.5891517599538373,577,0.6676283900750144,577,0.5744373918061165,1116,0.3566070398153491
232,384382986,114.1852091,22.3033338,0.0,0.0,0.0,0.0,1.0,1627,0.031159838430467397,1627,0.031159838430467397,1545,0.054818234275822275,1627,0.031159838430467397
233,384383004,114.1861481,22.3011169,0.0108107894652453,0.001784049957514413,0.0012953367875647315,0.0010792668815097794,1.0,912,0.47345643392960185,704,0.5934795152914022,577,0.5744373918061165,1223,0.29399884593191
234,384384346,114.1851372,22.3011596,0.0108107894652453,0.001784049957514413,0.0012953367875647315,0.0010792668815097794,1.0,912,0.47345643392960185,704,0.5934795152914022,577,0.5744373918061165,1223,0.29399884593191
235,384385470,114.1841271,22.3009819,0.02260678157062576,0.0027400246888213712,0.002590673575129463,0.002848100234889218,1.0,511,0.7054241200230814,519,0.7008078476630121,244,0.823139065204847,905,0.4780727062896711
236,384385475,114.1841881,22.3010937,0.013396177465728801,0.002273834493378321,0.0006476683937823658,0.0015164461636709417,1.0,802,0.5377957299480669,607,0.6503173687247548,901,0.2951529140219273,1124,0.35199076745527985
237,384385484,114.1844991,22.301112,0.0108107894652453,0.001784049957514413,0.003886010362694319,0.0010792668815097794,1.0,912,0.47345643392960185,704,0.5934795152914022,123,0.9163300634737449,1223,0.29399884593191
238,384385509,114.1842807,22.3007436,0.02260678157062576,0.0027400246888213712,0.002590673575129463,0.002848100234889218,1.0,511,0.7054241200230814,519,0.7008078476630121,244,0.823139065204847,905,0.4780727062896711
239,384387096,114.1850353,22.3005703,0.006933947646591072,0.007511391065097498,0.0006476683937823658,0.015220865264706855,0.9952274235320651,1098,0.36699365262550493,159,0.9088286208886325,901,0.2951529140219273,303,0.825735718407386
240,384390555,114.1831888,22.3022995,0.001686604401798111,0.0003824835034132212,0.0012953367875647315,0.0030103980694969963,0.999029263250988,1421,0.18061165608770918,1248,0.2804385458742066,577,0.5744373918061165,884,0.49047893825735717
241,394176279,114.1840489,22.327228,0.011493508433007733,0.0003743175159668966,0.0006476683937823658,0.0002370721121216139,1.0,871,0.4979803808424697,1257,0.27524523946912866,901,0.2951529140219273,1487,0.1425274091171379
242,394176280,114.1841098,22.3290876,0.008799969327953369,0.003562751071185699,0.0006476683937823658,0.005729550413459347,0.9983832286898642,995,0.42642815926139643,402,0.7686093479515291,901,0.2951529140219273,647,0.6272360069244085
243,394176281,114.1819872,22.3263753,0.048291432626187056,0.00967815443126996,0.0032383419689119533,0.0721557543071538,0.9771665211704724,94,0.9463358338141951,106,0.9394114252740912,170,0.8814195037507213,19,0.9896133871898442
244,394176283,114.1820359,22.3301947,0.02314303947121568,0.014182826722446305,0.003886010362694319,0.06433940920719874,0.9792351940436703,501,0.7114829774956722,52,0.9705712637045586,123,0.9163300634737449,27,0.9849971148297749
245,394176285,114.1819018,22.331614,0.014940633578145728,0.011642566941661213,0.0032383419689119533,0.04601842949072549,0.9850593664218541,750,0.5678015002885171,82,0.953260242354299,170,0.8814195037507213,59,0.966532025389498
246,394176291,114.1807589,22.3288538,0.0006612326046896668,0.00035751003753491036,0.0006476683937823658,0.0015206121149398217,0.9995221241551461,1512,0.12810155799192152,1272,0.26658972879399884,901,0.2951529140219273,1121,0.3537218695903058
247,394176292,114.1807863,22.3303496,0.0006387389978275836,0.0004006526443957479,0.0,0.001967370753105192,0.9993612610021722,1516,0.1257934218118869,1237,0.2867859203693018,1545,0.054818234275822275,1043,0.39873052510098095
248,412685610,114.1673807,22.32278,0.0033383212392529803,0.0004899907751740646,0.0012953367875647315,0.0005546202471727366,0.9998728462207901,1301,0.24985574148874784,1189,0.31448355452971727,577,0.5744373918061165,1375,0.20715522215810733
249,419495625,114.175556,22.3341184,0.008274988499022081,0.004224638590955433,0.0006476683937823658,0.02548767244622247,0.9917250115009777,1014,0.41546451240623195,352,0.7974610502019619,901,0.2951529140219273,169,0.9030582804385459
250,419495626,114.173377,22.3321231,0.001883810503438519,0.0009692522378983327,0.0,0.005802297497823648,0.9981161894965613,1413,0.1852279284477784,960,0.4466243508366994,1545,0.054818234275822275,644,0.6289671090594345
251,419495631,114.1729827,22.3301899,0.003938290462684562,0.0020886930680066767,0.004533678756476684,0.012130271519150687,0.9960617095373154,1252,0.27813040969417197,637,0.6330063473744951,76,0.9434506635891518,370,0.7870744373918062
252,419495632,114.1726772,22.3295978,0.00324707000863717,0.0018092892319029957,0.004533678756476684,0.010001253391455188,0.9967529299913628,1310,0.24466243508366994,699,0.5972302365839585,76,0.9434506635891518,440,0.7466820542412003
253,419495751,114.1747725,22.329601,0.02074332500746512,0.00973019433576368,0.009067357512953369,0.06389121547398995,0.9792566749925348,556,0.6797461050201962,105,0.9399884593190998,12,0.9930755914598961,29,0.9838430467397576
254,419495752,114.1755553,22.3293438,9.417817247596086e-05,7.910371155398964e-05,0.0006476683937823658,0.00029007682753094883,0.9999058218275239,1607,0.07328332371609925,1490,0.14079630698211196,901,0.2951529140219273,1458,0.15926139642238893
255,419495753,114.1724857,22.3303508,0.00042540442882909105,0.00020932756588303475,0.0006476683937823658,0.0013102820312619445,0.9995745955711705,1541,0.11136757068667051,1375,0.20715522215810733,901,0.2951529140219273,1165,0.328332371609925
256,419495754,114.1726823,22.3302867,0.0022668882735997647,0.0014044418125604393,0.0012953367875647315,0.00698220979962961,0.9977331117263999,1385,0.20138488170802077,813,0.5314483554529718,577,0.5744373918061165,572,0.6705135603000577
257,419495755,114.173015,22.328105,0.001026528769941143,0.0006839138576104339,0.0012953367875647315,0.0031617964240041752,0.9989734712300589,1470,0.15233698788228506,1082,0.3762261973456434,577,0.5744373918061165,867,0.5002885170225043
258,419495756,114.1740116,22.3291203,0.004436989155385756,0.0028089677739994135,0.004533678756476684,0.013666306152966622,0.995563010844614,1231,0.29024812463935373,503,0.710328909405655,76,0.9434506635891518,344,0.8020773225620311
259,419495758,114.1726531,22.3282355,0.0002877127977112326,0.0001377159493132082,0.0012953367875647315,0.0008861800288323561,0.9997122872022888,1566,0.09694171956145413,1445,0.16676283900750144,577,0.5744373918061165,1273,0.2660126947489902
260,419495764,114.1759712,22.3314952,0.01058065690937272,0.00527353226686899,0.0012953367875647315,0.03258932838442298,0.9894193430906268,923,0.4679746105020196,268,0.845931909982689,577,0.5744373918061165,125,0.9284477784189267
261,419495772,114.175328,22.3316039,0.012137185804031475,0.0058979930474653995,0.002590673575129463,0.037383570530479214,0.9878628141959684,847,0.5118291979226774,222,0.8724754760530872,244,0.823139065204847,103,0.9411425274091172
262,419752768,114.1657526,22.3202331,0.015960839362456666,0.0005959428497956676,0.0012953367875647315,0.000998686442649109,1.0,712,0.5897287939988459,1121,0.3537218695903058,577,0.5744373918061165,1240,0.2850548182342758
263,420027760,114.1612672,22.3287406,0.013115076998766705,0.001702466917847397,0.0006476683937823658,0.0022435270915805603,0.999518886069397,806,0.5354875937680323,727,0.5810732833237161,901,0.2951529140219273,990,0.4293133294864397
264,420027761,114.164098,22.3285672,0.00038443543653706255,3.192110766617287e-05,0.0006476683937823658,2.6428128742746886e-05,1.0,1550,0.10617426428159261,1549,0.10675129832660127,901,0.2951529140219273,1597,0.07905366416618581
265,420027766,114.1602617,22.3308617,0.012543560227011133,0.0016581226283430967,0.0012953367875647315,0.002065988636163665,0.9995905226694661,829,0.5222158107328332,748,0.5689555683785343,577,0.5744373918061165,1021,0.41142527409117136
266,420027768,114.161975,22.3295305,0.020664362653035933,0.0024261828673179087,0.0012953367875647315,0.00924429197866158,0.997299294156234,557,0.6791690709751875,578,0.6670513560300058,577,0.5744373918061165,482,0.7224466243508367
267,420027769,114.1599211,22.330482,0.008569226369585712,0.001309882957941296,0.0006476683937823658,0.00213018217066591,0.9994947383566118,1003,0.4218118869013272,842,0.5147143681477208,901,0.2951529140219273,1009,0.41834968263127525
268,420027770,114.1607611,22.3298034,0.026638626330442006,0.010089046169993999,0.0006476683937823658,0.03555004449422238,0.9885258697834255,397,0.7714945181765724,97,0.944604731679169,901,0.2951529140219273,114,0.9347951529140219
269,420027771,114.1616188,22.3291272,0.016299335774803605,0.009208872443920196,0.0006476683937823658,0.028977324073307314,0.9906407650602382,699,0.5972302365839585,110,0.9371032890940566,901,0.2951529140219273,146,0.9163300634737449
270,420027772,114.1664471,22.3283616,0.0001362779897168437,6.619909872932187e-05,0.0,0.00041974786598708444,0.999863722010283,1600,0.07732256203115984,1507,0.1309867282169648,1545,0.054818234275822275,1428,0.1765724177726486
271,420027773,114.1631926,22.330882,0.0006428527388336698,0.0006639626820636365,0.0,0.001980041427306623,0.9993571472611661,1515,0.12637045585689555,1100,0.3658395845354876,1545,0.054818234275822275,1034,0.4039238315060589
272,420027774,114.1640361,22.3302049,0.00856642048344669,0.0021306760830333985,0.0006476683937823658,0.0017235786319155883,0.9997752409317319,1004,0.4212348528563185,623,0.6410848240046163,901,0.2951529140219273,1082,0.3762261973456434
273,420027775,114.1649516,22.329518,0.0029883618391428005,0.000383811232834465,0.0006476683937823658,0.0005093048126921925,0.9999171964802934,1330,0.23312175418349682,1247,0.2810155799192152,901,0.2951529140219273,1405,0.18984420080784767
274,420027776,114.1656987,22.3289319,0.009504234106588374,0.00166496689481635,0.0006476683937823658,0.004920904322491695,0.998452344610418,957,0.44835545297172535,746,0.5701096364685516,901,0.2951529140219273,709,0.5914598961338718
275,420027777,114.1644363,22.3306517,0.011000065194873834,0.003347421768883344,0.002590673575129463,0.010129343211899292,0.9970446176177663,900,0.4812463935372187,428,0.753606462781304,244,0.823139065204847,434,0.7501442585112522
276,420027778,114.1653575,22.329973,0.0014941809195714007,0.00015002827243547172,0.0006476683937823658,0.00031840583766815463,0.9999171964802934,1435,0.172533179457588,1432,0.17426428159261395,901,0.2951529140219273,1453,0.1621465666474322
277,420027779,114.1661034,22.3293878,0.007956578717006654,0.00037549970677912655,0.0006476683937823658,0.00015399333114093347,1.0,1031,0.40565493364108485,1254,0.27697634160415463,901,0.2951529140219273,1523,0.12175418349682632
278,420027780,114.1635771,22.3313225,0.0034082394537373827,0.0015591222376199656,0.0012953367875647315,0.009295531615754544,0.9969915073959092,1293,0.25447201384881707,772,0.5551067512983267,577,0.5744373918061165,475,0.7264858626658973
279,420041549,114.1671878,22.3046557,0.0,0.0,0.0012953367875647315,0.0,1.0,1627,0.031159838430467397,1627,0.031159838430467397,577,0.5744373918061165,1627,0.031159838430467397
280,420041599,114.1674489,22.3047953,0.024185016576784686,0.00019398761287241293,0.0006476683937823658,0.0005613503829387611,1.0,462,0.7336987882285054,1391,0.19792267743796885,901,0.2951529140219273,1373,0.20830929024812464
281,420041600,114.1653752,22.3061858,0.040027040826781116,0.0007536010178410712,0.0006476683937823658,0.0016681184701251165,1.0,172,0.9013271783035199,1052,0.3935372186959031,901,0.2951529140219273,1092,0.3704558568955568
282,437333586,114.1928269,22.3293161,0.011851144387217289,0.001500177868767587,0.0019430051813470973,0.008853587070578161,0.9976420519624565,855,0.5072129255626082,783,0.5487593768032314,372,0.727062896710906,494,0.7155222158107328
283,440640784,114.1871608,22.3065229,0.05798883736307746,0.008431141830163932,0.0006476683937823658,0.014596979549167664,0.9967149507510599,53,0.96999422965955,133,0.9238315060588574,901,0.2951529140219273,323,0.8141950375072129
284,440645694,114.1913125,22.3240314,0.004372314980903107,7.839395901789595e-05,0.0012953367875647315,0.0001038640098220614,1.0,1234,0.28822850548182344,1492,0.1393537218695903,577,0.5744373918061165,1535,0.11454125793421811
285,441532227,114.1888164,22.3054804,0.03390951974216742,0.019519297367596944,0.0012953367875647315,0.08059917074702207,0.9741105728300771,248,0.8574725908828621,26,0.9855741488747836,577,0.5744373918061165,11,0.9942296595499135
286,441534483,114.186865,22.3030352,0.01623112281678053,0.008519366406825435,0.002590673575129463,0.025616912327297098,0.9918746438096169,702,0.5954991344489324,130,0.9255626081938835,244,0.823139065204847,166,0.9047893825735719
287,441535160,114.1787379,22.2977867,0.012505979961208013,0.002484920133284877,0.004533678756476684,0.014295941147763891,0.9957534038162835,831,0.5210617426428159,569,0.6722446624350836,76,0.9434506635891518,335,0.8072706289671091
288,441535164,114.175733,22.2953873,0.003218281318963736,0.0014101369839828023,0.0006476683937823658,0.007372911953845784,0.9976498344113018,1313,0.24293133294864397,811,0.532602423542989,901,0.2951529140219273,549,0.6837853433352568
289,441535168,114.1722823,22.2946085,0.01572370042369653,0.0037360216067878343,0.0012953367875647315,0.01919698117800782,0.9938590719247035,722,0.5839584535487594,385,0.7784189267166762,577,0.5744373918061165,242,0.860934795152914
290,441535437,114.1711524,22.2945935,0.01830568813661902,0.004865464564039408,0.0012953367875647315,0.02714972420537475,0.9912770842117807,628,0.638199653779573,295,0.8303519907674553,577,0.5744373918061165,155,0.911136757068667
291,441536279,114.1690157,22.2939204,0.003571985362413831,0.0014629903011442581,0.0,0.011002020475395774,0.9964280146375862,1282,0.2608193883439123,794,0.5424120023081361,1545,0.054818234275822275,397,0.7714945181765724
292,441549980,114.1753317,22.2951937,0.007764521447852037,0.00039477318954247526,0.0012953367875647315,0.0007977812981571573,1.0,1040,0.4001731102135026,1241,0.28418926716676285,577,0.5744373918061165,1304,0.24783612233121755
293,452737038,114.1800526,22.2997894,0.001397945734514231,5.962138712044765e-06,0.0006476683937823658,2.3126058215631394e-05,1.0,1447,0.16560877091748413,1613,0.06982111944604731,901,0.2951529140219273,1602,0.07616849394114253
294,452738352,114.1763685,22.3116448,0.022356915101718132,0.002006735696041614,0.0006476683937823658,0.00538869887707878,1.0,518,0.7016733987305251,650,0.6255049047893826,901,0.2951529140219273,675,0.6110790536641661
295,452738365,114.1770264,22.3061274,0.03029936238709184,0.00028702031550988935,0.0012953367875647315,0.0004380995726300343,1.0,310,0.8216964800923254,1315,0.24177726485862666,577,0.5744373918061165,1422,0.18003462204270052
296,457888291,114.1837139,22.3071111,0.0009962133748401883,0.00030237401174771,0.0012953367875647315,0.0014852060786433887,0.9995297841266145,1471,0.1517599538372764,1304,0.24812463935372187,577,0.5744373918061165,1134,0.3462204270051933
297,459472929,114.1844332,22.3058847,0.0,0.0,0.0,0.0,1.0,1627,0.031159838430467397,1627,0.031159838430467397,1545,0.054818234275822275,1627,0.031159838430467397
298,459474122,114.1866264,22.3068832,0.037807602234071695,0.006077926654264321,0.0006476683937823658,0.009135776971335743,0.997908690271624,191,0.8903635314483554,209,0.8799769186381996,901,0.2951529140219273,487,0.7195614541257934
299,459476448,114.1857626,22.3045796,0.00029319296814565583,0.0005895556270418075,0.0006476683937823658,4.187842425861629e-05,1.0,1565,0.09751875360646278,1124,0.35199076745527985,901,0.2951529140219273,1582,0.08770917484131564
300,459476449,114.1854742,22.3044166,0.009509106434784746,0.005480118561391804,0.0032383419689119533,0.01590570445790473,0.9949065709863449,955,0.4492210040392383,252,0.8548759376803231,170,0.8814195037507213,295,0.8300634737449509
301,459476450,114.1851897,22.304207,0.009509106434784746,0.005480118561391804,0.0019430051813470973,0.01590570445790473,0.9949065709863449,955,0.4492210040392383,252,0.8548759376803231,372,0.727062896710906,295,0.8300634737449509
302,459476482,114.18476,22.3040276,0.012247840643367066,0.009671058156905216,0.0012953367875647315,0.025202421098808513,0.9918746438096169,843,0.514137334102712,107,0.9388343912290825,577,0.5744373918061165,175,0.8995960761684939
303,459476552,114.1863787,22.3042773,0.0010386477084968718,0.0010041108808972114,0.0012953367875647315,0.00019743998523373142,1.0,1467,0.15377957299480668,945,0.4549913444893249,577,0.5744373918061165,1506,0.13127524523946912
304,461618801,114.185967,22.3128369,0.0001376950306366648,7.37973875911499e-05,0.0,0.00042411247323836205,0.9998623049693631,1599,0.07789959607616849,1499,0.13560300057703403,1545,0.054818234275822275,1425,0.17830351990767454
305,474209048,114.1670173,22.3047396,0.0014168426504792707,0.0008122593763246886,0.0012953367875647315,0.004363996564771262,0.9985831573495205,1446,0.1661858049624928,1030,0.4062319676860935,577,0.5744373918061165,761,0.5614541257934218
306,474209050,114.1673753,22.3049012,0.024185016576784686,0.00019319978938190575,0.0006476683937823658,0.0005583175305775855,1.0,462,0.7336987882285054,1392,0.19734564339296018,901,0.2951529140219273,1374,0.20773225620311597
307,484136468,114.1803021,22.3270443,0.02951920810374102,0.002789316385556586,0.0006476683937823658,0.008556788175833404,0.9983514974441698,331,0.8095787651471437,507,0.7080207732256203,901,0.2951529140219273,506,0.7085978072706289
308,484136661,114.1745225,22.3250746,0.02965374288194964,0.0027058206028957857,0.009715025906735736,0.010569621368199842,0.9986928730667868,323,0.8139065204847086,526,0.6967686093479515,8,0.9950952106174265,413,0.7619734564339296
309,485659486,114.1743593,22.3072019,0.017686340845285916,0.0009910225102575947,0.0006476683937823658,0.0012642250308418526,1.0,658,0.6208886324293134,952,0.4512406231967686,901,0.2951529140219273,1179,0.32025389497980383
310,485660466,114.1748574,22.3068324,0.02611568909818557,0.0012288028601206557,0.0012953367875647315,0.0022992856339210227,1.0,407,0.7654356607039815,862,0.5028851702250433,577,0.5744373918061165,980,0.43479515291402193
311,493179429,114.1647416,22.3252357,0.03745826757590697,0.00635744527298245,0.002590673575129463,0.010308350192543572,0.9978704857734443,199,0.8857472590882862,192,0.8897864974033468,244,0.823139065204847,424,0.7559145989613387
312,493883960,114.1903863,22.3088124,0.010575218227426571,0.007248345020642294,0.0012953367875647315,0.025256395648953545,0.9918795778000755,924,0.46739757645701097,166,0.9047893825735719,577,0.5744373918061165,172,0.9013271783035199
313,494142279,114.1944234,22.3192266,0.0071711837275637135,0.005479198895029427,0.0006476683937823658,0.022087859327106725,0.9928288162724362,1080,0.3773802654356607,254,0.8540103866128101,901,0.2951529140219273,212,0.8782458165031737
314,495137366,114.1707694,22.2946759,0.015207918501065213,0.001517311968415173,0.0019430051813470973,0.006960100304703739,0.9983973395927881,740,0.5735718407386036,780,0.5504904789382573,372,0.727062896710906,573,0.6699365262550491
315,495137475,114.1683778,22.3004638,0.040480316983463514,0.005051351491015357,0.0012953367875647315,0.02408691873691669,0.995216601620194,165,0.9053664166185805,287,0.8349682631275245,577,0.5744373918061165,188,0.8920946335833814
316,496035667,114.1798638,22.3027724,0.004290523444968821,0.00022426719950413083,0.0032383419689119533,0.0013009864112354102,0.9996757840020819,1238,0.28620888632429314,1360,0.21581073283323715,170,0.8814195037507213,1167,0.3271783035199077
317,496035674,114.1807413,22.3036908,0.007195800687004348,0.0011790691032988153,0.0032383419689119533,0.010249488843500734,0.9967705067600465,1079,0.37795729948066936,878,0.4939411425274091,170,0.8814195037507213,426,0.7547605308713214
318,496764921,114.1574027,22.3346153,0.00941141360997744,0.005780953453575719,0.0,0.028987959001438364,0.9905885863900225,962,0.44547028274668204,230,0.8678592036930178,1545,0.054818234275822275,144,0.9174841315637623
319,506470908,114.1611593,22.3074138,0.0018158853588733613,8.957043483323498e-05,0.009067357512953369,0.0007668974419133993,0.9997707466796514,1416,0.18349682631275246,1484,0.14425851125216388,12,0.9930755914598961,1321,0.23831506058857474
320,506479761,114.1541402,22.3309109,0.007668821313960126,0.004522600669507831,0.0012953367875647315,0.023620625662733475,0.9923311786860397,1049,0.395268320830929,321,0.8153491055972303,577,0.5744373918061165,194,0.8886324293133295
321,513354006,114.1589607,22.3237215,0.007096895279764234,0.0008851543602752203,0.0006476683937823658,0.0012631441541596149,1.0,1085,0.3744950952106174,997,0.4252740911713791,901,0.2951529140219273,1180,0.31967686093479514
322,519829961,114.1910275,22.3224981,0.027371853045083418,0.0028785362314483077,0.003886010362694319,0.014779058404470859,0.9953587137715613,377,0.7830351990767456,491,0.7172533179457588,123,0.9163300634737449,314,0.8193883439122909
323,519830025,114.1914607,22.3233522,0.024842958852396162,0.0006338933432004008,0.0019430051813470973,0.0033043347508649747,0.9991318825070349,441,0.7461050201961916,1112,0.35891517599538375,372,0.727062896710906,847,0.5118291979226774
324,519831404,114.1888795,22.3234266,0.0035420174059740592,0.00037836905386146025,0.0006476683937823658,0.0012920730104965701,0.9996449736732963,1285,0.2590882862088863,1252,0.27813040969417197,901,0.2951529140219273,1171,0.32487016733987306
325,519831414,114.1894027,22.3232035,0.006960924089271994,0.0031678555603459942,0.0006476683937823658,0.012483363083273122,0.9961317458026073,1096,0.3681477207155222,453,0.7391806116560877,901,0.2951529140219273,361,0.792267743796884
326,519918268,114.1903515,22.3239101,0.025531423513116536,0.0016410973748825514,0.005829015544041416,0.010919841958345652,0.9966062917061264,424,0.7559145989613387,751,0.5672244662435084,42,0.9717253317945759,400,0.7697634160415464
327,523588218,114.1786653,22.3000954,0.0027688576333551192,0.001746753178475405,0.0006476683937823658,0.008528318367755966,0.9972311423666448,1341,0.2267743796884016,718,0.586266589728794,901,0.2951529140219273,507,0.7080207732256203
328,523609080,114.1942465,22.3332009,0.00538295732735827,0.005426953476828003,0.0006476683937823658,0.01657996904381401,0.9946170426726416,1178,0.3208309290248125,256,0.8528563185227929,901,0.2951529140219273,285,0.8361223312175419
329,568156697,114.1955014,22.3334046,0.004766424653479754,0.0025068372062056594,0.0,0.014680995668072449,0.9952335753465202,1221,0.2957299480669359,562,0.6759953837276399,1545,0.054818234275822275,317,0.8173687247547605
330,568156760,114.195765,22.3321478,0.0001781605383926308,0.00015621245408815927,0.0,0.0005487496986769445,0.9998218394616072,1596,0.07963069821119446,1419,0.1817657241777265,1545,0.054818234275822275,1377,0.20600115406809003
331,568156805,114.195937,22.3324702,8.90802691963154e-05,7.841743419996844e-05,0.0,0.00027437484933847225,0.9999109197308035,1608,0.07241777264858627,1491,0.1402192729371033,1545,0.054818234275822275,1460,0.15781881130986727
332,568156941,114.1958568,22.332051,0.0030195128775350214,0.0013532244938539069,0.0,0.009300357961688916,0.9969804871224647,1326,0.23542989036353146,827,0.5233698788228506,1545,0.054818234275822275,473,0.7276399307559146
333,568156962,114.1958154,22.3329999,0.0005949195922900049,0.00024991455997983443,0.0,0.00183240323559604,0.99940508040771,1521,0.12290825158684363,1342,0.22619734564339297,1545,0.054818234275822275,1064,0.3866128101557992
334,568156975,114.1965594,22.3327498,0.0023355130160487014,0.001053215519836828,0.0,0.007193579876754404,0.9976644869839512,1380,0.20427005193306405,930,0.463935372186959,1545,0.054818234275822275,555,0.6803231390652048
335,568157081,114.1961341,22.3320071,0.004766424653479754,0.0025068372062056594,0.0,0.014680995668072449,0.9952335753465202,1221,0.2957299480669359,562,0.6759953837276399,1545,0.054818234275822275,317,0.8173687247547605
336,568157089,114.1957722,22.3317668,0.027469138306413458,0.0022439488390072477,0.002590673575129463,0.008827239936832008,0.9988111429922453,373,0.7850548182342758,608,0.6494518176572418,244,0.823139065204847,495,0.7146566647432199
337,568157200,114.1976854,22.3332544,0.008406932400798766,0.0035018668587655354,0.0,0.02589407095060211,0.991593067599201,1007,0.41950375072129253,410,0.7639930755914599,1545,0.054818234275822275,164,0.9059434506635892
338,568157310,114.195525,22.3318236,0.0036745525695174776,0.0007435623804856057,0.0,0.005170281845040796,0.9983448552302345,1273,0.2657241777264859,1057,0.39036353144835545,1545,0.054818234275822275,692,0.6009809578765147
339,568273429,114.1895106,22.3276463,0.0036745525695174776,0.0007435623804856057,0.0,0.005170281845040796,0.9983448552302345,1273,0.2657241777264859,1057,0.39036353144835545,1545,0.054818234275822275,692,0.6009809578765147
340,568273430,114.1880086,22.3273658,0.022603681434264423,0.0009608476051252497,0.0012953367875647315,0.001977234639328872,0.9998269483083075,513,0.704270051933064,965,0.44345066358915175,577,0.5744373918061165,1039,0.40075014425851124
341,568273435,114.1830426,22.3265556,0.025165387741891684,0.0045604573255860065,0.0019430051813470973,0.03355158342538402,0.9895638079389526,429,0.7530294287362954,318,0.8170802077322562,372,0.727062896710906,123,0.9296018465089441
342,568273448,114.1910456,22.3277762,0.021652925029327946,0.00014155796040752873,0.0006476683937823658,0.00034467621295949474,1.0,536,0.6912867859203693,1440,0.16964800923254472,901,0.2951529140219273,1445,0.16676283900750144
343,568273464,114.1915207,22.3281596,0.010432480104095828,0.0010452278986341644,0.0019430051813470973,0.0044839797214408636,0.9990607162455777,927,0.465666474321985,932,0.46278130409694174,372,0.727062896710906,751,0.5672244662435084
344,568273474,114.1918838,22.3280991,0.027469138306413458,0.0022439488390072477,0.002590673575129463,0.008827239936832008,0.9988111429922453,373,0.7850548182342758,608,0.6494518176572418,244,0.823139065204847,495,0.7146566647432199
345,568273476,114.1884306,22.3265842,0.021116723442315882,6.103802930662536e-05,0.0006476683937823658,0.000254140054318988,1.0,547,0.684939411425274,1510,0.12925562608193883,901,0.2951529140219273,1474,0.15002885170225044
346,568273477,114.1876214,22.3289754,0.06065178588837017,0.002127103813518729,0.0006476683937823658,0.005072495619657512,0.9995169645379269,43,0.9757645701096365,624,0.6405077899596077,901,0.2951529140219273,703,0.5949221004039238
347,568273492,114.1898054,22.3277918,0.02103202249044918,0.0016667726085570827,0.0019430051813470973,0.003271536652687204,0.9997311421875893,549,0.6837853433352568,745,0.5706866705135603,372,0.727062896710906,853,0.5083669936526255
348,568273493,114.1898428,22.3289002,0.03316953429806624,0.00477618213290814,0.0006476683937823658,0.01938343909080117,0.9941254548110442,258,0.8517022504327756,301,0.8268897864974033,901,0.2951529140219273,239,0.86266589728794
349,568273494,114.1892822,22.3289177,0.052759107259175035,0.006036099281687573,0.0006476683937823658,0.023073437752045126,0.9934235398113141,68,0.96133871898442,215,0.8765147143681478,901,0.2951529140219273,199,0.8857472590882862
350,568273497,114.1852354,22.3269192,0.07062975265016987,0.0077712956681803835,0.002590673575129463,0.03605333902396228,0.9896728026372011,24,0.986728216964801,148,0.9151759953837276,244,0.823139065204847,111,0.9365262550490479
351,568369991,114.1893469,22.3272562,0.025544993599340506,0.001656639111519676,0.002590673575129463,0.004166445512610842,0.9992828353215041,423,0.7564916330063474,749,0.5683785343335257,244,0.823139065204847,778,0.5516445470282747
352,574302298,114.1790956,22.33642,0.005952133559152342,0.003177913877471776,0.0,0.018333080526912193,0.9940478664408475,1127,0.3502596653202539,449,0.7414887478361223,1545,0.054818234275822275,254,0.8540103866128101
353,574312961,114.1898263,22.3197666,0.0035354254273575253,0.00026332561413500724,0.0012953367875647315,0.0019796609281599463,0.9993970452855757,1287,0.257934218118869,1329,0.23369878822850548,577,0.5744373918061165,1036,0.40276976341604154
354,574312973,114.1896395,22.3193568,0.0002618884657634967,7.53831422646422e-05,0.0006476683937823658,0.0006042850016906366,0.9998067463494025,1582,0.08770917484131564,1496,0.13733410271206,901,0.2951529140219273,1364,0.21350259665320254
355,574313738,114.1849696,22.3100872,0.04763387192146012,0.012002657123730711,0.007772020725388638,0.03905356678718956,0.9883360980266986,100,0.9425851125216388,78,0.9552798615118292,17,0.9896133871898442,87,0.9500865551067513
356,574313748,114.1848785,22.3101762,0.014539696576733712,0.001077247728985377,0.0032383419689119533,0.005477680527240068,0.9983975009358244,767,0.5579919215233698,922,0.4685516445470283,170,0.8814195037507213,666,0.6162723600692441
357,576880570,114.1869538,22.3273486,0.06496776966803319,0.0020132923814881526,0.0006476683937823658,0.004881334449912449,0.9995947511908135,34,0.9809578765147143,648,0.6266589728793999,901,0.2951529140219273,712,0.5897287939988459
358,582481740,114.1828377,22.3117888,0.059405751101087534,0.012126025047411611,0.0006476683937823658,0.02550191538939218,0.9964694872514483,46,0.9740334679746105,76,0.9567224466243508,901,0.2951529140219273,168,0.9036353144835545
359,582481816,114.1855265,22.3093688,0.02117095746029466,0.0013734519626690622,0.0006476683937823658,0.0021709377789832112,1.0,545,0.6860934795152914,818,0.5285631852279284,901,0.2951529140219273,1004,0.4212348528563185
360,582481839,114.1875581,22.3088418,0.0198077046058097,0.0027854609439740686,0.0006476683937823658,0.003943402956156046,0.9990889177130938,589,0.6607039815349106,509,0.706866705135603,901,0.2951529140219273,791,0.5441431044431622
361,582482198,114.1853278,22.3093638,0.029099751755179686,0.0031948071357599294,0.0012953367875647315,0.0033661454832489843,0.9999430061756961,341,0.8038084246970572,445,0.743796884016157,577,0.5744373918061165,839,0.5164454702827467
362,582482277,114.1801558,22.3150449,0.023980816256421917,0.012108980560824946,0.0012953367875647315,0.04944088571905646,0.9850963958677882,476,0.7259088286208887,77,0.9561454125793422,577,0.5744373918061165,51,0.9711482977495672
363,582486609,114.1832558,22.3088278,0.021627403966865712,0.0012377010831615787,0.003886010362694319,0.006195034830792338,0.9982900600550619,538,0.690132717830352,857,0.5060588574725908,123,0.9163300634737449,610,0.6485862665897288
364,582486612,114.184037,22.3094138,0.014415699725884594,0.0009547406653336654,0.0032383419689119533,0.00509575961953373,0.9985214977866734,770,0.5562608193883439,972,0.4396999422965955,170,0.8814195037507213,699,0.5972302365839585
365,582486617,114.1850423,22.3083545,0.0,0.0,0.0006476683937823658,0.0,1.0,1627,0.031159838430467397,1627,0.031159838430467397,901,0.2951529140219273,1627,0.031159838430467397
366,582486618,114.1847574,22.3085337,0.0,0.0,0.0019430051813470973,0.0,1.0,1627,0.031159838430467397,1627,0.031159838430467397,372,0.727062896710906,1627,0.031159838430467397
367,582486619,114.184371,22.3087768,0.0,0.0,0.0006476683937823658,0.0,1.0,1627,0.031159838430467397,1627,0.031159838430467397,901,0.2951529140219273,1627,0.031159838430467397
368,582486620,114.184507,22.3081931,0.03731260448990197,0.0043130674570182725,0.002590673575129463,0.007460092937538466,0.9990790516041426,201,0.8845931909982689,345,0.8015002885170225,244,0.823139065204847,539,0.6895556837853434
369,582486626,114.1835471,22.3099145,0.0002821056882140829,0.00012604247445312562,0.0006476683937823658,0.0008689096519308109,0.9997178943117858,1568,0.09578765147143682,1453,0.1621465666474322,901,0.2951529140219273,1279,0.26255049047893825
370,582486639,114.1857052,22.3079296,0.0,0.0,0.0,0.0,1.0,1627,0.031159838430467397,1627,0.031159838430467397,1545,0.054818234275822275,1627,0.031159838430467397
371,582486640,114.1854614,22.3075958,0.019905891558512318,0.0022240897074946825,0.0006476683937823658,0.001575587914172138,1.0,588,0.6612810155799193,613,0.6468551644547028,901,0.2951529140219273,1109,0.36064627813040967
372,582486660,114.1874426,22.3080225,0.03042214642687523,0.004240765710648222,0.0012953367875647315,0.006704467365414016,0.9985264681691267,307,0.8234275822273515,350,0.7986151182919792,577,0.5744373918061165,585,0.6630121177149452
373,582486679,114.1842255,22.3093194,0.04763387192146012,0.012002657123730711,0.007772020725388638,0.03905356678718956,0.9883360980266986,100,0.9425851125216388,78,0.9552798615118292,17,0.9896133871898442,87,0.9500865551067513
374,582486837,114.1838978,22.308589,0.03746214871478339,0.003448458051298558,0.0006476683937823658,0.008341184269674989,0.9987800432145169,198,0.8863242931332949,416,0.760530871321408,901,0.2951529140219273,512,0.705135603000577
375,582486851,114.1875507,22.3085735,0.03116049450570528,0.0060975421186071025,0.0006476683937823658,0.010066426802045229,0.9973977020550743,290,0.8332371609924986,207,0.881130986728217,901,0.2951529140219273,438,0.7478361223312175
376,582486941,114.1838951,22.3090124,0.0393818210134478,0.002515698548063451,0.0006476683937823658,0.003997891557628992,1.0,177,0.8984420080784766,561,0.676860934795153,901,0.2951529140219273,786,0.5470282746682055
377,582486944,114.1835475,22.3087922,0.051152443705286064,0.0021507591391036925,0.0006476683937823658,0.007545656762573143,0.9987800432145169,80,0.9544143104443162,621,0.6422388920946336,901,0.2951529140219273,536,0.6912867859203693
378,582486959,114.1811862,22.3072208,0.05223292033068052,0.004508214145953401,0.0019430051813470973,0.016287428252374142,0.9971977187679918,69,0.9607616849394114,325,0.8130409694171956,372,0.727062896710906,290,0.8332371609924986
379,582593236,114.1806577,22.3067338,0.0034705786931683797,5.675515762811758e-05,0.0006476683937823658,0.00016342239180276545,1.0,1291,0.2556260819388344,1517,0.12521638776687824,901,0.2951529140219273,1520,0.12348528563185228
380,582593262,114.1801415,22.3061071,0.03870255389065999,0.0026544950477880185,0.0012953367875647315,0.006154736028455137,0.9996757840020819,180,0.8967109059434507,538,0.690132717830352,577,0.5744373918061165,613,0.6468551644547028
381,582593265,114.1790845,22.305623,0.038941272940897734,0.0027892565322582283,0.0012953367875647315,0.0068900111239857805,0.9994370649518441,179,0.8972879399884593,508,0.7074437391806117,577,0.5744373918061165,577,0.6676283900750144
382,582593267,114.1783729,22.3057544,0.025059400901426717,0.0012753013448523315,0.0032383419689119533,0.0025149401455168835,1.0,433,0.7504327755337565,846,0.5121177149451818,170,0.8814195037507213,942,0.45672244662435085
383,582593293,114.1808046,22.3070679,0.029922426432034636,0.0013927502142864147,0.003886010362694319,0.003058939900643498,1.0,315,0.8185227928447778,815,0.53000577034045,123,0.9163300634737449,880,0.49249855741488746
384,582593329,114.1805856,22.3070256,0.003306274145528863,2.724961840690504e-05,0.0006476683937823658,0.0003046525231571116,1.0,1306,0.24697057126370456,1556,0.10271206001154068,901,0.2951529140219273,1455,0.16099249855741488
385,582593392,114.1811766,22.30432,0.017828675481419275,0.005092693082997121,0.0019430051813470973,0.047359468576519174,0.9846732868121743,655,0.6226197345643393,281,0.8384304673975764,372,0.727062896710906,56,0.9682631275245239
386,582593415,114.1814843,22.3061159,0.020142466579616516,0.00515401795225803,0.004533678756476684,0.04760880570231206,0.9846732868121743,576,0.6679169070975187,277,0.8404500865551068,76,0.9434506635891518,54,0.9691286785920369
387,582593417,114.1815653,22.3052918,0.020142466579616516,0.00515401795225803,0.004533678756476684,0.04760880570231206,0.9846732868121743,576,0.6679169070975187,277,0.8404500865551068,76,0.9434506635891518,54,0.9691286785920369
388,582593473,114.1793684,22.3078071,0.007333383314446472,0.00013893163549988613,0.0006476683937823658,0.0004319397717651187,1.0,1072,0.38199653779572995,1444,0.1673398730525101,901,0.2951529140219273,1424,0.1788805539526832
389,582593479,114.1789917,22.3086809,0.01850597325138277,0.000954304590554637,0.002590673575129463,0.0037221440001822155,0.9989834898960904,624,0.6405077899596077,973,0.43912290825158684,244,0.823139065204847,805,0.536064627813041
390,582596632,114.1788739,22.3092717,0.011201732773715806,0.0010449281152776217,0.0032383419689119533,0.005190906064971239,0.9988901170470869,889,0.4873052510098096,933,0.4619157530294287,170,0.8814195037507213,689,0.6027120600115407
391,582596633,114.1789901,22.3090772,0.007678744408025986,0.000507305634161064,0.0006476683937823658,0.0015995421180646512,1.0,1047,0.39642238892094633,1177,0.3214079630698211,901,0.2951529140219273,1104,0.363531448355453
392,582596651,114.1812076,22.3066487,0.01683619243408765,0.0006545698305370349,0.0006476683937823658,0.003402480246423757,1.0,684,0.6058857472590883,1104,0.363531448355453,901,0.2951529140219273,834,0.51933064050779
393,582596692,114.1818047,22.3062009,0.007393109492540233,0.00023152104261279642,0.0032383419689119533,0.0009014215780947402,1.0,1067,0.3845931909982689,1355,0.2184073860357761,170,0.8814195037507213,1266,0.26976341604154647
394,587637080,114.1831868,22.2846585,0.015326713187825592,0.005065349073930681,0.0,0.04720758771503602,0.9846732868121743,736,0.5758799769186382,283,0.8372763993075591,1545,0.054818234275822275,58,0.9671090594345066
395,587637101,114.1830717,22.2846466,0.002905277242035526,0.0009548019037946845,0.0,0.008948502432265325,0.9970947227579643,1335,0.23023658395845356,971,0.4402769763416042,1545,0.054818234275822275,491,0.7172533179457588
396,597408265,114.1896162,22.3182366,0.003771301410858527,0.0009229685649075043,0.0019430051813470973,0.004607720021414142,0.9985593976026599,1264,0.27120600115406807,981,0.4345066358915176,372,0.727062896710906,739,0.5741488747836122
397,629539289,114.1784179,22.3059056,0.029922426432034636,0.0013927502142864147,0.003886010362694319,0.003058939900643498,1.0,315,0.8185227928447778,815,0.53000577034045,123,0.9163300634737449,880,0.49249855741488746
398,653112507,114.1676527,22.3244605,0.011179912964084035,0.0006783333791644414,0.0019430051813470973,0.0023755152520026188,0.9993922229377402,892,0.48586266589728794,1087,0.37334102712060013,372,0.727062896710906,964,0.44431621465666477
399,660415615,114.1616453,22.3070758,0.0028044165462748783,0.0002973588234413586,0.0012953367875647315,0.0006284795111724253,1.0,1339,0.2276399307559146,1306,0.24668205424120024,577,0.5744373918061165,1355,0.2184073860357761
400,660864274,114.1590169,22.3296552,0.029163064470426322,0.013165853344963376,0.009067357512953369,0.05574862228022831,0.9821052365714934,339,0.8049624927870744,61,0.9653779572994806,12,0.9930755914598961,44,0.9751875360646278
401,660864276,114.1618473,22.3326545,0.0005458202148114129,0.0004954581197390183,0.0,0.001681172952842777,0.9994541797851885,1523,0.12175418349682632,1180,0.31967686093479514,1545,0.054818234275822275,1088,0.37276399307559144
402,660864277,114.1604067,22.3294008,0.029951118248895545,0.011338025004141696,0.0006476683937823658,0.03408945441800951,0.9891783252224328,314,0.8193883439122909,86,0.9509521061742643,901,0.2951529140219273,120,0.93133294864397
403,660864278,114.1630195,22.3273642,0.0004908162552447957,0.00035948590105995673,0.0,0.0015117560521613123,0.9995091837447552,1531,0.11713791113675708,1270,0.26774379688401617,1545,0.054818234275822275,1127,0.3502596653202539
404,675264194,114.1769813,22.311715,0.018015009102374573,0.0005706843015040337,0.002590673575129463,0.0022099324225783147,0.9994744540450986,646,0.6278130409694171,1135,0.34564339296018465,244,0.823139065204847,995,0.42642815926139643
405,675264198,114.1764941,22.3119957,0.01709096894189316,0.0008168666962268018,0.0006476683937823658,0.002630953855145188,1.0,673,0.6122331217541835,1026,0.4085401038661281,901,0.2951529140219273,929,0.4645124062319677
406,675264200,114.176703,22.3125406,0.01817830623884433,0.00023564914596750866,0.002590673575129463,0.000853208260116377,1.0,637,0.6324293133294865,1349,0.22158107328332372,244,0.823139065204847,1284,0.2590882862088863
407,675264208,114.1789543,22.3173395,0.03232294752815974,0.0018314039431641534,0.0006476683937823658,0.0024514850027276126,1.0,270,0.8447778418926717,693,0.6006924408540104,901,0.2951529140219273,955,0.44950952106174263
408,675264211,114.1791144,22.3172841,0.030473294900511354,0.0014343612549149493,0.0006476683937823658,0.0018133431221734185,1.0,304,0.8251586843623774,808,0.534333525678015,901,0.2951529140219273,1069,0.3837276399307559
409,675264249,114.177892,22.3176704,0.04782206278249746,0.007481542874166355,0.0019430051813470973,0.023201060733844127,0.9969306205935404,99,0.9434506635891518,163,0.9065204847085978,372,0.727062896710906,198,0.8863242931332949
410,675264297,114.1785841,22.3175059,0.016171069495961258,0.002336665255451838,0.0012953367875647315,0.010490068385589031,0.9972478456916664,705,0.5937680323139065,595,0.6572417772648587,577,0.5744373918061165,416,0.760530871321408
411,675264372,114.1772108,22.3152967,0.01817830623884433,0.00023564914596750866,0.002590673575129463,0.000853208260116377,1.0,637,0.6324293133294865,1349,0.22158107328332372,244,0.823139065204847,1284,0.2590882862088863
412,675264398,114.1785348,22.3176764,0.01817830623884433,0.00023564914596750866,0.002590673575129463,0.000853208260116377,1.0,637,0.6324293133294865,1349,0.22158107328332372,244,0.823139065204847,1284,0.2590882862088863
413,675264429,114.1778323,22.3177931,0.04006112084413983,0.003313038474143057,0.0006476683937823658,0.006895097986690789,0.9987343223709185,171,0.9019042123485286,433,0.7507212925562609,901,0.2951529140219273,576,0.668205424120023
414,675264486,114.17793,22.3177521,0.03413542756847142,0.002109278489713653,0.0012953367875647315,0.002684835727619653,1.0,243,0.8603577611079054,633,0.6353144835545297,577,0.5744373918061165,925,0.4668205424120023
415,675264494,114.1789154,22.3181676,0.032655882855497795,0.0021069448453496908,0.0019430051813470973,0.007150648273055053,0.9983923235293127,264,0.8482400461627236,634,0.634737449509521,372,0.727062896710906,556,0.6797461050201962
416,675264499,114.1790631,22.3172019,0.0453607053995895,0.005525106553649594,0.0006476683937823658,0.013869632582952275,1.0,115,0.9342181188690133,248,0.8574725908828621,901,0.2951529140219273,341,0.8038084246970572
417,675264558,114.177303,22.3152201,0.01953795839165798,0.003873336592398581,0.0012953367875647315,0.020860374198882405,0.9938809567959697,600,0.6543566070398154,374,0.7847663012117715,577,0.5744373918061165,224,0.8713214079630698
418,675763958,114.1786247,22.3061226,0.018048867536245832,0.00033599868619622853,0.0006476683937823658,0.0011590754364665676,0.9997323461462784,644,0.6289671090594345,1284,0.259665320253895,901,0.2951529140219273,1205,0.30525100980957875
419,675764014,114.1754457,22.3066395,0.02611568909818557,0.0012288028601206557,0.0012953367875647315,0.0022992856339210227,1.0,407,0.7654356607039815,862,0.5028851702250433,577,0.5744373918061165,980,0.43479515291402193
420,675764045,114.1782053,22.3059996,0.023762867606483166,0.0005961672948384105,0.0006476683937823658,0.0010473483895847224,1.0,480,0.723600692440854,1120,0.35429890363531447,901,0.2951529140219273,1232,0.2896710905943451
421,675764061,114.1779356,22.3038962,0.02367981571326621,0.0005894279507541542,0.0019430051813470973,0.0023258589318889598,0.9998759216586682,483,0.7218695903058281,1125,0.3514137334102712,372,0.727062896710906,973,0.43912290825158684
422,675764066,114.1782949,22.3055281,0.005774523689410004,1.016575608293022e-06,0.0006476683937823658,2.4226686439660864e-06,1.0,1145,0.3398730525100981,1624,0.06347374495095211,901,0.2951529140219273,1624,0.06347374495095211
423,675764190,114.1786497,22.3053647,0.015291330866524858,0.0004036369010246133,0.0006476683937823658,0.000857277500801624,1.0,738,0.5747259088286208,1234,0.28851702250432776,901,0.2951529140219273,1281,0.26139642238892097
424,675764196,114.1781895,22.3041189,0.022742787532463667,0.000910408184890454,0.0019430051813470973,0.002451889398725123,1.0,509,0.7065781881130987,984,0.4324870167339873,372,0.727062896710906,953,0.45037507212925565
425,685141063,114.1924962,22.318446,0.0,0.0,0.0,0.0,1.0,1627,0.031159838430467397,1627,0.031159838430467397,1545,0.054818234275822275,1627,0.031159838430467397
426,685141070,114.1918295,22.3173107,0.0,0.0,0.0,0.0,1.0,1627,0.031159838430467397,1627,0.031159838430467397,1545,0.054818234275822275,1627,0.031159838430467397
427,685141084,114.1892583,22.3150268,0.006910977996485417,0.0014343211298034509,0.0006476683937823658,0.007033958410585906,0.9978262375288958,1099,0.36641661858049623,809,0.5337564916330063,901,0.2951529140219273,568,0.6728216964800924
428,685141086,114.1889858,22.3145563,0.000269513811774318,0.000187426153672806,0.0,0.000830125595346541,0.9997304861882254,1577,0.09059434506635891,1396,0.19503750721292556,1545,0.054818234275822275,1292,0.2550490478938257
429,710347237,114.1766198,22.3019543,0.029257945918150775,0.007695173946375221,0.00518134715025905,0.04589248980519351,0.9855806372973721,337,0.8061165608770917,151,0.9134448932487017,59,0.9619157530294288,61,0.9653779572994806
430,710347239,114.1770238,22.3029954,0.03989221361432282,0.0016834020178285222,0.0012953367875647315,0.005306339399549229,0.9997007995718511,173,0.9007501442585113,733,0.5776110790536642,577,0.5744373918061165,679,0.6087709174841316
431,759629890,114.1756232,22.2980996,0.007571854572607537,9.666267132555541e-05,0.0006476683937823658,0.00037974520562287774,0.9999489814129126,1059,0.3894979803808425,1476,0.1488747836122331,901,0.2951529140219273,1435,0.172533179457588
432,759629913,114.1754917,22.2972814,0.016771519774065408,0.00035810920642734593,0.0019430051813470973,0.0009362628111214493,0.9999659876086082,685,0.6053087132140796,1271,0.2671667628390075,372,0.727062896710906,1260,0.27351413733410274
433,759629968,114.1752389,22.2951503,0.007764521447852037,0.00039477318954247526,0.0012953367875647315,0.0007977812981571573,1.0,1040,0.4001731102135026,1241,0.28418926716676285,577,0.5744373918061165,1304,0.24783612233121755
434,759630057,114.1764882,22.3015651,0.027316103359726236,0.0065853146214915285,0.00518134715025905,0.039911448613763736,0.9875224798557966,378,0.7824581650317368,182,0.8955568378534333,59,0.9619157530294288,78,0.9555683785343335
435,759630064,114.1752039,22.2954061,0.0053014678310588205,2.6898182620016608e-05,0.0006476683937823658,5.270957313747116e-05,1.0,1183,0.31794575879976916,1558,0.10155799192152337,901,0.2951529140219273,1573,0.09290248124639354
436,759630065,114.1757275,22.2987454,0.014872048529308733,0.0005540448791739023,0.002590673575129463,0.003698567168359209,0.9992211496680244,754,0.5654933641084824,1144,0.3404500865551068,244,0.823139065204847,809,0.5337564916330063
437,804106322,114.188032,22.3264229,0.005800763631977387,0.00020435066647368834,0.0012953367875647315,0.0008900140075607466,0.9998269483083075,1139,0.3430467397576457,1380,0.20398153491055973,577,0.5744373918061165,1270,0.26745527986151185
438,804106378,114.1880374,22.3262861,0.017341271650765645,0.0001644344758460726,0.0006476683937823658,0.0006493559251908744,1.0,662,0.6185804962492787,1414,0.18465089440276977,901,0.2951529140219273,1349,0.22215810732833238
439,804106457,114.1769266,22.3210151,0.028911788370477916,0.0014542923312121667,0.0006476683937823658,0.005072566820123891,0.998557630215851,346,0.8009232544720138,800,0.5389497980380843,901,0.2951529140219273,702,0.5954991344489324
440,804106467,114.1775493,22.3213343,0.04792829115964051,0.0017321559049566194,0.0019430051813470973,0.0025160189340319964,1.0,96,0.944604731679169,722,0.5833814195037508,372,0.727062896710906,939,0.45816503173687245
441,804106483,114.1779578,22.3215726,0.04976819683261718,0.0012352971967520224,0.0006476683937823658,0.0026942285468683205,0.9997521576503652,86,0.9509521061742643,859,0.5049047893825735,901,0.2951529140219273,923,0.4679746105020196
442,804106489,114.1782441,22.3216911,0.06872588844801045,0.0011712808660035055,0.0006476683937823658,0.0023675352367798,1.0,26,0.9855741488747836,882,0.4916330063473745,901,0.2951529140219273,965,0.44373918061165607
443,804106555,114.1804845,22.3227056,0.04323009678065013,0.0022845461596508725,0.0006476683937823658,0.010594631905104056,0.9975810725011571,131,0.9249855741488748,603,0.6526255049047894,901,0.2951529140219273,411,0.7634160415464513
444,804106579,114.1836701,22.3240913,0.05054397180273731,0.004468592332584012,0.0012953367875647315,0.01608305906276553,0.9959679073261151,83,0.9526832083092902,329,0.8107328332371609,577,0.5744373918061165,291,0.8326601269474899
445,804106892,114.1775856,22.3211563,0.046656570773720527,0.0013474297568347889,0.0006476683937823658,0.003924344403531841,1.0,105,0.9399884593190998,830,0.5216387766878245,901,0.2951529140219273,794,0.5424120023081361
446,804106904,114.1771973,22.3207389,0.042182702628229554,0.0008706359601821123,0.0006476683937823658,0.003134149175064219,1.0,141,0.9192152336987882,1002,0.42238892094633584,901,0.2951529140219273,870,0.49855741488747835
447,804106917,114.175548,22.31854,0.07588671836632764,0.0029817766741558186,0.0012953367875647315,0.0060114319597688115,1.0,18,0.9901904212348529,478,0.7247547605308713,577,0.5744373918061165,628,0.638199653779573
448,804106924,114.175495,22.31847,0.08503504151037573,0.00581897787908687,0.0019430051813470973,0.016985204727120933,0.9976122594613577,11,0.9942296595499135,226,0.8701673398730525,372,0.727062896710906,278,0.8401615695326025
449,804107078,114.1837308,22.3239891,0.09313629531581802,0.005709516020600187,0.0012953367875647315,0.009177156236519466,0.9991279451064498,4,0.9982688978649741,236,0.864396999422966,577,0.5744373918061165,484,0.7212925562608193
450,804107149,114.1783125,22.3215158,0.06096036832145189,0.0015914426105146794,0.0019430051813470973,0.004528356574773727,0.9992034995329293,42,0.9763416041546451,762,0.5608770917484132,372,0.727062896710906,748,0.5689555683785343
451,804107153,114.1781036,22.3214026,0.058165838394220785,0.0034532558355138397,0.002590673575129463,0.01511069608798868,0.9965165978932087,52,0.9705712637045586,415,0.7611079053664166,244,0.823139065204847,306,0.8240046162723601
452,804107233,114.1722279,22.3197792,0.08270903671072427,0.004184062715344195,0.0006476683937823658,0.006093365593848862,0.9996381321368003,15,0.9919215233698788,355,0.795729948066936,901,0.2951529140219273,624,0.6405077899596077
453,804107237,114.1717101,22.3196999,0.08296337446314055,0.003705646113143639,0.0006476683937823658,0.004744221533222785,1.0,14,0.9924985574148875,387,0.777264858626659,901,0.2951529140219273,726,0.5816503173687247
454,804107264,114.1699774,22.3193945,0.06025603623573433,0.008612374440170946,0.0012953367875647315,0.023885943616256233,0.994647167531209,45,0.9746105020196192,129,0.9261396422388921,577,0.5744373918061165,189,0.8915175995383727
455,804107379,114.1790115,22.3199631,0.016185349155463314,0.005287351248394738,0.0006476683937823658,0.022143185518025205,0.9929632028664972,704,0.5943450663589152,266,0.8470859780727062,901,0.2951529140219273,211,0.8788228505481823
456,804107400,114.1778528,22.3218569,0.012581488950435007,0.0017495604071369425,0.0006476683937823658,0.006340777498364481,0.9983097878662163,825,0.5245239469128679,717,0.5868436237738026,901,0.2951529140219273,599,0.654933641084824
457,804107465,114.1785766,22.3210267,0.03576951416074315,0.0012856169345969223,0.0012953367875647315,0.0034612175370408093,0.9992034995329293,224,0.8713214079630698,845,0.5129832660126947,577,0.5744373918061165,829,0.5222158107328332
458,804107482,114.1791897,22.3200401,0.03497301369367253,0.0008767986652666402,0.0012953367875647315,0.001007927963241651,1.0,236,0.864396999422966,1000,0.4235429890363531,577,0.5744373918061165,1239,0.2856318522792845
459,804107493,114.1792064,22.3187303,0.0319121747503773,0.0013669607583441888,0.0019430051813470973,0.004859963690091098,0.9991360316344334,278,0.8401615695326025,820,0.5274091171379112,372,0.727062896710906,715,0.58799769186382
460,804107967,114.1817949,22.3136033,0.04628057061644111,0.03367395698258048,0.0006476683937823658,0.02706674141809349,0.995032400672212,109,0.9376803231390652,14,0.9924985574148875,901,0.2951529140219273,156,0.9105597230236584
461,804107973,114.1797755,22.3169238,0.05151809493628582,0.007959605395124495,0.0006476683937823658,0.018566577710806637,1.0,76,0.9567224466243508,144,0.9174841315637623,901,0.2951529140219273,251,0.8557414887478362
462,804108139,114.1748787,22.3198044,0.03242345582315346,0.0017356753475297965,0.0012953367875647315,0.0022882112235285816,1.0,268,0.8456433929601846,719,0.585401038661281,577,0.5744373918061165,983,0.43306405077899596
463,804108174,114.1819173,22.3136315,0.03981723813541894,0.07119822344721737,0.0006476683937823658,0.06361147717602073,0.9808314545633895,175,0.8995960761684939,7,0.996537795729948,901,0.2951529140219273,30,0.983266012694749
464,804108396,114.17518,22.319079,0.03242345582315346,0.0017356753475297965,0.0012953367875647315,0.0022882112235285816,1.0,268,0.8456433929601846,719,0.585401038661281,577,0.5744373918061165,983,0.43306405077899596
465,804108815,114.1832233,22.3200999,0.019162573132790392,0.007007804711188387,0.0012953367875647315,0.019510916801857448,0.9941443011535338,607,0.6503173687247548,175,0.8995960761684939,577,0.5744373918061165,237,0.8638199653779572
466,804108926,114.1842335,22.3231581,0.041850884162327205,0.006167761538140725,0.0012953367875647315,0.009414977870071893,0.9976860503732667,144,0.9174841315637623,200,0.8851702250432776,577,0.5744373918061165,466,0.7316791690709752
467,857781427,114.1901267,22.3180178,0.0036964717711139776,0.0005936116865952985,0.0012953367875647315,0.0026933541675988283,0.9992329477225339,1270,0.26774379688401617,1123,0.3525678015002885,577,0.5744373918061165,924,0.46739757645701097
468,988059409,114.1891912,22.325213,0.015876962971272574,0.0006784905987119531,0.0006476683937823658,0.0014966454124391672,1.0,714,0.5885747259088286,1086,0.3739180611656088,901,0.2951529140219273,1130,0.3485285631852279
469,988059421,114.1864027,22.3125983,0.031841282955467794,0.0038433981015099927,0.002590673575129463,0.011097110973390202,0.9979464089218057,281,0.8384304673975764,379,0.7818811309867282,244,0.823139065204847,393,0.773802654356607
470,988059424,114.1864054,22.305503,0.0022832632349344528,0.001157312801855899,0.0,0.007032646081307468,0.9977167367650656,1384,0.20196191575302944,886,0.4893248701673399,1545,0.054818234275822275,569,0.6722446624350836
471,988059453,114.1687326,22.2997639,0.00392454149305093,0.004081990528160963,0.0006476683937823658,0.0009525103703900488,1.0,1253,0.2775533756491633,358,0.79399884593191,901,0.2951529140219273,1256,0.27582227351413735
472,988059474,114.1875366,22.3154388,0.030735681613217783,0.0032858439913732614,0.002590673575129463,0.007691764262551524,0.9990520102640557,299,0.8280438545874207,439,0.7472590882862089,244,0.823139065204847,533,0.6930178880553952
473,988059487,114.1915865,22.3175119,0.003958644522167441,0.00196924234785811,0.0,0.012192963763509954,0.9960413554778323,1251,0.2787074437391806,664,0.6174264281592614,1545,0.054818234275822275,368,0.7882285054818234
474,988059488,114.1933423,22.3202607,0.022175062294147115,0.005815651583547346,0.0006476683937823658,0.008999503551743058,1.0,525,0.6976341604154646,227,0.8695903058280439,901,0.2951529140219273,489,0.7184073860357761
475,988059491,114.1934426,22.3202081,0.011284998249440813,0.001319145793796266,0.0006476683937823658,0.0010628994076468294,1.0,883,0.49105597230236586,840,0.515868436237738,901,0.2951529140219273,1229,0.291402192729371
476,988059511,114.1894164,22.3255515,0.020157441097859476,0.001118473909710331,0.0012953367875647315,0.0018730616131224802,1.0,575,0.6687824581650318,900,0.4812463935372187,577,0.5744373918061165,1057,0.39065204847085977
477,988059518,114.1894564,22.3122424,0.008973721044652837,0.00202738404498744,0.0012953367875647315,0.007299631760513646,0.9977742714851409,991,0.42873629544143105,643,0.6295441431044432,577,0.5744373918061165,552,0.6820542412002308
478,988059536,114.1879234,22.3214533,0.016116820355731823,0.00037002541769519875,0.0006476683937823658,0.00044018311889177275,1.0,708,0.5920369301788806,1261,0.27293710328909404,901,0.2951529140219273,1421,0.18061165608770918
479,988059568,114.1867184,22.306829,0.028563443800191764,0.006446000969626594,0.0006476683937823658,0.00931315792890804,0.9978046485173334,352,0.7974610502019619,191,0.8903635314483554,901,0.2951529140219273,472,0.7282169648009232
480,988059579,114.1897237,22.3163187,0.017339230914411325,0.005113462210868107,0.0019430051813470973,0.027041374007709885,0.991661834431167,663,0.61800346220427,279,0.8395845354875938,372,0.727062896710906,157,0.9099826889786498
481,988059585,114.1902908,22.3183353,7.718916051509351e-05,4.5434807063732365e-05,0.0006476683937823658,0.00023774921739651425,0.9999228108394845,1611,0.07097518753606463,1526,0.12002308136180034,901,0.2951529140219273,1482,0.1454125793421812
482,988059589,114.1875195,22.307984,0.024685575852903634,0.005524796238271006,0.0012953367875647315,0.009942250157682422,0.9973069959575881,446,0.7432198499711483,249,0.8568955568378535,577,0.5744373918061165,444,0.7443739180611656
483,988059596,114.1869819,22.3163167,0.014134968800857012,0.005458391657104605,0.002590673575129463,0.03831284661943171,0.9877036549864031,779,0.5510675129832661,255,0.8534333525678015,244,0.823139065204847,98,0.9440276976341604
484,988059643,114.1940226,22.3211992,0.005475380086185929,0.00169728071211839,0.0006476683937823658,0.002851139560876875,0.9993415783760968,1168,0.32660126947489904,729,0.5799192152336988,901,0.2951529140219273,904,0.4789382573571841
485,988059647,114.1868091,22.3111504,0.004802241873795826,0.0035053359642473036,0.003886010362694319,0.014791315770566665,0.9951977581262039,1218,0.2977495672244662,408,0.7651471436814772,123,0.9163300634737449,313,0.8199653779572995
486,988059662,114.1907389,22.3166356,0.005101898366496501,0.0025451170338297727,0.0,0.01571428340166853,0.9948981016335035,1197,0.309867282169648,556,0.6797461050201962,1545,0.054818234275822275,297,0.829197922677438
487,988059670,114.1888063,22.3245307,0.029239565353607628,0.0008563009458035528,0.0012953367875647315,0.0020892277333374562,0.9999272472017299,338,0.8055395268320831,1010,0.4177726485862666,577,0.5744373918061165,1016,0.41431044431621467
488,988059672,114.1932322,22.3200091,0.007689256141441017,0.0047671617554988855,0.0019430051813470973,0.01804698010259779,0.9942552682042817,1046,0.396999422965955,302,0.8263127524523947,372,0.727062896710906,260,0.8505481823427582
489,988059720,114.190956,22.3176389,0.009340988338732729,0.0023502126329667853,0.0006476683937823658,0.010406082525641366,0.997004953413695,969,0.44143104443162146,592,0.6589728793998846,901,0.2951529140219273,420,0.7582227351413734
490,988059722,114.186565,22.3125202,0.048260947443440734,0.0017610614080316252,0.0006476683937823658,0.003593113845083841,1.0,95,0.9457587997691864,711,0.5903058280438546,901,0.2951529140219273,814,0.5308713214079631
491,988059733,114.1879289,22.322758,0.029309790953980303,0.0010538592188756519,0.0006476683937823658,0.003153844743192911,0.9993941172436691,334,0.8078476630121177,929,0.4645124062319677,901,0.2951529140219273,868,0.4997114829774957
492,988059737,114.1899309,22.3240921,0.026366487024274545,0.0019722643244369136,0.005829015544041416,0.013491909006741356,0.9957712281949682,402,0.7686093479515291,662,0.6185804962492787,42,0.9717253317945759,347,0.8003462204270052
493,988059751,114.1887434,22.3152904,0.029026239897836564,0.004682328327549662,0.0012953367875647315,0.014777354645479733,0.9971703605770775,342,0.8032313906520485,313,0.8199653779572995,577,0.5744373918061165,315,0.8188113098672821
494,988059784,114.1685317,22.2999717,0.02629310333674035,0.001982998727995406,0.0006476683937823658,0.006818531553089948,0.9996825097687978,405,0.7668782458165032,657,0.621465666474322,901,0.2951529140219273,581,0.6653202538949798
495,988059831,114.1684636,22.2996354,0.03288245146105642,0.016098295838257157,0.003886010362694319,0.06640025049536834,0.9787377248187612,261,0.8499711482977496,37,0.9792267743796884,123,0.9163300634737449,24,0.986728216964801
496,988059857,114.1856059,22.310936,0.04284698673416009,0.014056097777499575,0.004533678756476684,0.04509478264698164,0.9861853035961662,134,0.9232544720138488,53,0.96999422965955,76,0.9434506635891518,63,0.9642238892094633
497,988059866,114.187641,22.3200504,0.043443530035175655,0.004267375887010805,0.0032383419689119533,0.010203038578244353,0.9989296884746647,130,0.9255626081938835,347,0.8003462204270052,170,0.8814195037507213,430,0.7524523946912868
498,989118852,114.1840473,22.3106758,0.061442164311037564,0.01095274095918863,0.0006476683937823658,0.015936665519459305,0.999957289503781,41,0.9769186381996537,88,0.949798038084247,901,0.2951529140219273,294,0.8309290248124639
499,989118996,114.1888085,22.3029984,0.0017913030171191333,0.0009602502734060718,0.0,0.00551736652657092,0.9982086969828806,1417,0.1829197922677438,967,0.4425851125216388,1545,0.054818234275822275,663,0.61800346220427
500,989119028,114.1872566,22.3033452,0.014003171188258093,0.006108455263617369,0.002590673575129463,0.014357672840139486,0.9957924557036977,785,0.5473167916907098,204,0.8825735718407386,244,0.823139065204847,332,0.8087132140796307
501,989119228,114.1887062,22.305549,0.0656737146436317,0.02050444142418105,0.002590673575129463,0.05896474260487158,0.9832259542741143,32,0.9821119446047317,25,0.9861511829197923,244,0.823139065204847,37,0.9792267743796884
502,989119527,114.1902744,22.3088265,0.017995269495564816,0.0035342928824695728,0.0006476683937823658,0.0067553190234871194,0.9984216714086201,648,0.6266589728793999,404,0.7674552798615119,901,0.2951529140219273,582,0.6647432198499712
503,989119615,114.1875684,22.3039793,0.027686103784922988,0.004851952740084822,0.0012953367875647315,0.010870774494198387,0.9972395414901609,365,0.7899596076168494,298,0.8286208886324293,577,0.5744373918061165,401,0.7691863819965378
504,989119644,114.1831157,22.3087541,0.03176625142023717,0.002500520785098567,0.008419689119171004,0.009467454047474917,0.9978830725079397,282,0.8375649163300635,564,0.6748413156376226,15,0.9916330063473745,461,0.7342758222735142
505,989119836,114.1839437,22.3037463,0.009210604104896925,0.00047825696399906935,0.0012953367875647315,0.0015255732882808557,1.0,979,0.43537218695903057,1198,0.309001731102135,577,0.5744373918061165,1118,0.3551644547028275
506,989119838,114.1880548,22.3046455,0.03122409823756991,0.006493245882333736,0.0012953367875647315,0.02176810005981984,0.9937015470375139,289,0.8338141950375072,190,0.8909405654933641,577,0.5744373918061165,217,0.8753606462781304
507,990120027,114.1859238,22.3270451,0.030172275249116656,0.0014646789488145836,0.0012953367875647315,0.003939770398967464,0.999650174743399,313,0.8199653779572995,793,0.5429890363531449,577,0.5744373918061165,792,0.5435660703981535
508,990120029,114.1859467,22.3048912,0.031478839641803404,0.003915841313786752,0.0012953367875647315,0.006459477756271561,0.9989714679827779,286,0.8355452971725332,370,0.7870744373918062,577,0.5744373918061165,596,0.65666474321985
509,990120034,114.1856061,22.3018324,0.0,0.0,0.0,0.0,1.0,1627,0.031159838430467397,1627,0.031159838430467397,1545,0.054818234275822275,1627,0.031159838430467397
510,990120058,114.1844288,22.3071236,0.016474974151249194,0.00043520151514312187,0.0006476683937823658,0.0017099210410080683,0.9998912666554967,693,0.6006924408540104,1218,0.2977495672244662,901,0.2951529140219273,1084,0.3750721292556261
511,990120065,114.1830618,22.3024001,0.003080340748279434,0.0008638565388592078,0.0012953367875647315,0.0073032252413665006,0.9976355269045065,1322,0.23773802654356607,1004,0.4212348528563185,577,0.5744373918061165,551,0.6826312752452395
512,990120079,114.1858276,22.3272828,0.029300857458108898,0.0012448616513616023,0.0019430051813470973,0.0030930223855819236,0.9995760519465806,335,0.8072706289671091,855,0.5072129255626082,372,0.727062896710906,878,0.4939411425274091
513,990120080,114.1841451,22.3057042,0.016846257222226806,0.000672040695977927,0.0012953367875647315,0.0011130601265169082,1.0,682,0.6070398153491056,1096,0.3681477207155222,577,0.5744373918061165,1217,0.2983266012694749
514,990120107,114.1837717,22.3062192,0.017090954054816095,0.0006873480299103692,0.0006476683937823658,0.0025933212247806403,0.9996033213418057,674,0.6116560877091748,1079,0.37795729948066936,901,0.2951529140219273,933,0.46220427005193304
515,990120113,114.1832827,22.3073803,0.000785122509482142,0.00014885756178819093,0.0012953367875647315,0.0008350281559464496,0.9997408749919726,1494,0.13848817080207732,1433,0.1736872475476053,577,0.5744373918061165,1291,0.2556260819388344
516,990120130,114.1882795,22.303118,0.02963484691425003,0.0039021929803456164,0.0012953367875647315,0.009730457376508787,0.9978827574740063,325,0.8127524523946913,371,0.7864974033467974,577,0.5744373918061165,453,0.7391806116560877
517,990120140,114.18756,22.3089327,0.028971243794198895,0.002681116827042208,0.0006476683937823658,0.0022151663653471785,1.0,344,0.8020773225620311,532,0.693594922100404,901,0.2951529140219273,993,0.4275822273514137
518,990120169,114.1844548,22.3017796,0.0053181898725430925,0.00010610039536644339,0.0006476683937823658,0.00048807633275112277,1.0,1181,0.3190998268897865,1468,0.15349105597230236,901,0.2951529140219273,1409,0.18753606462781305
519,990120205,114.1770834,22.3063539,0.02186722567644212,0.0008563796786212413,0.0006476683937823658,0.0014340273533885012,1.0,532,0.693594922100404,1009,0.41834968263127525,901,0.2951529140219273,1141,0.3421811886901327
520,990120213,114.1771985,22.3028986,0.020416255221235018,0.0009057950563709296,0.0006476683937823658,0.0021476651372206255,1.0,566,0.6739757645701097,987,0.43104443162146566,901,0.2951529140219273,1005,0.42065781881130987
521,990120217,114.188555,22.3122973,0.015040656149760733,0.004254747064607288,0.0012953367875647315,0.019731267768374017,0.9938153299802268,746,0.5701096364685516,348,0.7997691863819966,577,0.5744373918061165,233,0.8661281015579919
522,990120246,114.1900167,22.3205896,0.0,0.0,0.0,0.0,1.0,1627,0.031159838430467397,1627,0.031159838430467397,1545,0.054818234275822275,1627,0.031159838430467397
523,990120262,114.1820579,22.3259642,0.008369169229330687,0.003185728917054071,0.0006476683937823658,0.02577775715209684,0.9916308307706693,1010,0.4177726485862666,447,0.7426428159261397,901,0.2951529140219273,165,0.9053664166185805
524,990120307,114.1829273,22.3033708,0.005840959464199721,0.0003170456819084453,0.002590673575129463,0.000538638936979358,1.0,1132,0.346797461050202,1299,0.2504327755337565,244,0.823139065204847,1383,0.20196191575302944
525,990120326,114.1868137,22.3129314,0.023623449092417533,0.0014658156341180435,0.0006476683937823658,0.0084599797873917,0.9976956166225824,486,0.7201384881708021,791,0.5441431044431622,901,0.2951529140219273,510,0.7062896710905944
526,990120340,114.1876462,22.3089354,0.027189026173671083,0.00262062649835786,0.0012953367875647315,0.001961363969076262,1.0,384,0.7787074437391807,543,0.6869590305828044,577,0.5744373918061165,1044,0.397864974033468
527,990120355,114.1842406,22.3271798,0.005752620699660832,9.254123560159176e-05,0.0006476683937823658,0.000179447070806925,1.0,1148,0.3381419503750721,1481,0.14598961338718985,901,0.2951529140219273,1512,0.12810155799192152
528,990120382,114.1862702,22.3045273,0.02963484691425003,0.0026811120818285524,0.0006476683937823658,0.0035687737606239925,1.0,325,0.8127524523946913,533,0.6930178880553952,901,0.2951529140219273,818,0.5285631852279284
529,990120425,114.1841928,22.3068121,0.017258073427806733,0.0007268709029947862,0.0032383419689119533,0.003115501393995533,0.9994287206059764,669,0.6145412579342181,1068,0.38430467397576457,170,0.8814195037507213,874,0.49624927870744373
530,990120446,114.1844696,22.3038841,0.006861218661566454,0.0003724267951344183,0.0006476683937823658,0.0002637828733258611,1.0,1102,0.36468551644547026,1260,0.27351413733410274,901,0.2951529140219273,1471,0.1517599538372764
531,990120449,114.1876446,22.3088568,0.027189026173671083,0.00262062649835786,0.0012953367875647315,0.001961363969076262,1.0,384,0.7787074437391807,543,0.6869590305828044,577,0.5744373918061165,1044,0.397864974033468
532,990120470,114.1869511,22.327197,0.04687069560012677,0.0019532787967874413,0.0006476683937823658,0.004043269438680202,1.0,104,0.9405654933641084,669,0.6145412579342181,901,0.2951529140219273,783,0.5487593768032314
533,990120487,114.187575,22.3126638,0.003874326479214799,0.0003287392636958064,0.0006476683937823658,0.0007014229938880068,0.9998502674790047,1257,0.27524523946912866,1289,0.2567801500288517,901,0.2951529140219273,1338,0.2285054818234276
534,990120613,114.1837317,22.3059258,0.006844575900401665,0.00013626426218582726,0.0006476683937823658,0.00024674472433328483,1.0,1104,0.363531448355453,1446,0.1661858049624928,901,0.2951529140219273,1475,0.14945181765724178
535,990120650,114.1837681,22.3271974,0.018266977727950464,0.0023144806397746784,0.0012953367875647315,0.005204231499565855,0.9987976065590154,630,0.6370455856895557,598,0.6555106751298326,577,0.5744373918061165,687,0.6041546451240624
536,990120665,114.181175,22.3020648,0.00518982086358105,0.0002752001307148217,0.0012953367875647315,0.00042405050154644357,1.0,1187,0.31534910559723023,1321,0.2380265435660704,577,0.5744373918061165,1426,0.17743796884016158
537,990625708,114.1887377,22.3025382,0.012604725621800596,0.006124237309201084,0.0006476683937823658,0.005341995586898152,0.9986276878772906,823,0.5256780150028851,203,0.8834391229082516,901,0.2951529140219273,676,0.6105020196191575
538,990625730,114.1885972,22.3028217,0.014687710774298344,0.004766405616167048,0.002590673575129463,0.011045662207685145,0.9969603466150596,759,0.5623196768609348,303,0.8254472013848817,244,0.823139065204847,395,0.7723600692440854
539,990625764,114.1802608,22.2995404,0.0031485455370369084,2.2393286618094534e-05,0.0006476683937823658,5.49738495890847e-05,1.0,1315,0.24177726485862666,1564,0.09809578765147144,901,0.2951529140219273,1568,0.09578765147143682
540,990625795,114.1884138,22.3028124,0.007515382867843143,0.0031577334544548395,0.0012953367875647315,0.003521993133938084,0.9993248530374764,1062,0.3877668782458165,454,0.7386035776110791,577,0.5744373918061165,820,0.5274091171379112
541,990625811,114.1884625,22.3030127,0.01800919378143808,0.004326933203541011,0.0006476683937823658,0.01570233472497941,0.9955338610989203,647,0.6272360069244085,342,0.8032313906520485,901,0.2951529140219273,298,0.8286208886324293
542,990625873,114.1805796,22.2992901,0.0026202672135225164,4.919902784219667e-05,0.0006476683937823658,0.00025918512564391253,1.0,1352,0.2204270051933064,1523,0.12175418349682632,901,0.2951529140219273,1472,0.15118291979226775
543,990625879,114.1865275,22.3009591,0.028700937525366697,0.03232163330406159,0.002590673575129463,0.054530664574259896,0.982634443193832,351,0.7980380842469705,15,0.9919215233698788,244,0.823139065204847,46,0.9740334679746105
544,991294657,114.1573622,22.3294386,0.001562965607471564,0.0033484148031701663,0.002590673575129463,0.004768232585693252,0.9984534054366296,1429,0.17599538372763993,427,0.7541834968263128,244,0.823139065204847,721,0.584535487593768
545,991294702,114.1637501,22.3211415,0.00031951480629977084,3.4926175760523144e-05,0.0012953367875647315,0.00026378956113254023,0.9999201232602509,1562,0.09924985574148874,1547,0.10790536641661858,577,0.5744373918061165,1470,0.15233698788228506
546,991294801,114.1703054,22.311819,0.0006567288104906279,2.9625992358106545e-05,0.0006476683937823658,2.4967528943824406e-05,1.0,1513,0.12752452394691285,1551,0.10559723023658396,901,0.2951529140219273,1598,0.07847663012117714
547,991294805,114.1758732,22.2995765,0.03244730353078411,0.009039277306926495,0.00518134715025905,0.05571598408005227,0.9823912796847387,267,0.8465089440276976,114,0.9347951529140219,59,0.9619157530294288,45,0.9746105020196192
548,991294824,114.1637351,22.3281631,0.008601141143674147,0.0009575307465819042,0.0012953367875647315,0.0025016307596266597,0.9993083287309195,1002,0.42238892094633584,969,0.44143104443162146,577,0.5744373918061165,946,0.45470282746682056
549,991294876,114.1693935,22.3159408,0.005697208237261103,0.002487849516142552,0.0006476683937823658,0.006754532217788219,0.997838733640793,1152,0.3358338141950375,568,0.6728216964800924,901,0.2951529140219273,583,0.6641661858049625
550,991294879,114.1582224,22.3287618,0.013496897186624142,0.0053450456850033246,0.003886010362694319,0.005845332119037911,0.9983042215803354,801,0.5383727639930755,259,0.8511252163877668,123,0.9163300634737449,640,0.6312752452394691
551,991294886,114.1599591,22.3289216,0.012778635049856659,0.0003785503113357573,0.0006476683937823658,0.0007774843257995445,0.999923445932298,821,0.5268320830929025,1251,0.2787074437391806,901,0.2951529140219273,1318,0.2400461627236007
552,991294889,114.1648729,22.3215084,0.00034045208993981746,4.884997927760121e-05,0.0006476683937823658,0.0003492866354732844,0.9998942985168342,1558,0.10155799192152337,1524,0.12117714945181765,901,0.2951529140219273,1444,0.1673398730525101
553,991294942,114.1698294,22.3107556,0.023072539304169568,0.0004283759070559926,0.0006476683937823658,0.001283294265468164,0.9996670662153144,504,0.7097518753606463,1221,0.2960184650894403,901,0.2951529140219273,1175,0.32256203115983845
554,991294970,114.158623,22.3292078,0.0151576884151256,0.0074657046853966865,0.0006476683937823658,0.0054122263717138,0.9984939685146199,741,0.5729948066935949,164,0.9059434506635892,901,0.2951529140219273,672,0.6128101557991922
555,991294995,114.1641131,22.3271907,0.005017792252205439,0.001922971986998048,0.0006476683937823658,0.007114348497744792,0.9977081365942405,1200,0.30813618003462206,674,0.6116560877091748,901,0.2951529140219273,560,0.6774379688401616
556,991295018,114.1591683,22.3280228,0.005319445140575823,0.002187157730849888,0.0006476683937823658,0.005335908770013885,0.9983069014919842,1180,0.31967686093479514,616,0.6451240623196769,901,0.2951529140219273,677,0.6099249855741489
557,991295054,114.1652053,22.321935,0.00010570148316575893,4.29508649831698e-05,0.0,0.00032556961019676573,0.9998942985168342,1605,0.07443739180611655,1531,0.11713791113675708,1545,0.054818234275822275,1449,0.16445470282746683
558,991295076,114.1633726,22.3277584,0.0007117760037070783,0.0005082636557786764,0.0006476683937823658,0.002192330979035479,0.9992882239962928,1504,0.13271783035199078,1175,0.32256203115983845,901,0.2951529140219273,999,0.4241200230813618
559,991295090,114.1595635,22.328474,0.016062808607560226,0.0045112509888052,0.0006476683937823658,0.00413730100662982,0.9987502980749318,709,0.5914598961338718,323,0.8141950375072129,901,0.2951529140219273,780,0.5504904789382573
560,991295126,114.1703012,22.3107915,0.0009601950861158866,0.0007268058193125893,0.0006476683937823658,0.002385443026414254,0.9992307906641714,1474,0.15002885170225044,1069,0.3837276399307559,901,0.2951529140219273,963,0.4448932487016734
561,998046345,114.1624854,22.328455,0.00986908053070055,0.0014452617097344995,0.0006476683937823658,0.0006317815507389984,1.0,944,0.45585689555683784,804,0.5366416618580496,901,0.2951529140219273,1352,0.2204270051933064
562,998046347,114.1628411,22.3288542,0.02193134639406185,0.0017676224412767193,0.0012953367875647315,0.00167173973826174,0.9997447572310179,530,0.6947489901904212,710,0.5908828620888632,577,0.5744373918061165,1090,0.37160992498557416
563,1029866980,114.1799237,22.2999156,0.002119886848077599,9.48960539962463e-06,0.0012953367875647315,3.2648680539813904e-05,1.0,1393,0.19676860934795154,1602,0.07616849394114253,577,0.5744373918061165,1589,0.08366993652625505
564,1107287994,114.1726054,22.3180242,0.005717340829627548,0.000810181069038621,0.0012953367875647315,0.002061795996817943,0.9994636576240264,1150,0.33698788228505483,1033,0.4045008655510675,577,0.5744373918061165,1023,0.4102712060011541
565,1107287995,114.1735613,22.3177122,0.04137089040947645,0.003272886963555362,0.0012953367875647315,0.004775232787846094,0.9993531258166619,151,0.9134448932487017,441,0.7461050201961916,577,0.5744373918061165,720,0.5851125216387767
566,1107287997,114.1727977,22.3170746,0.000607121557443438,0.00047577592667528664,0.0,0.0018699863320641207,0.9993928784425562,1520,0.12348528563185228,1202,0.30698211194460473,1545,0.054818234275822275,1059,0.3894979803808425
567,1139326589,114.1746572,22.3251029,0.02965374288194964,0.0027058206028957857,0.009715025906735736,0.010569621368199842,0.9986928730667868,323,0.8139065204847086,526,0.6967686093479515,8,0.9950952106174265,413,0.7619734564339296
568,1139326660,114.1762494,22.3254575,0.0023055369115438495,0.0004211037638109227,0.004533678756476684,0.0023278453526733842,0.9993002576266787,1383,0.20253894979803808,1225,0.2937103289094057,76,0.9434506635891518,971,0.4402769763416042
569,1139441035,114.1832969,22.3206796,0.0023946461239658266,0.0014184405108506387,0.0006476683937823658,0.007375714907576018,0.997605353876034,1375,0.20715522215810733,810,0.5331794575879977,901,0.2951529140219273,548,0.6843623773802654
570,1139441156,114.1833374,22.3227398,0.0005455655073173072,0.001567822455976087,0.0006476683937823658,0.0016803884319723846,0.9994544344926826,1524,0.12117714945181765,769,0.5568378534333526,901,0.2951529140219273,1089,0.3721869590305828
571,1139904705,114.1782117,22.3214603,0.04553388426546905,0.0010860279490279966,0.0006476683937823658,0.0035890650115581887,1.0,113,0.9353721869590306,920,0.4697057126370456,901,0.2951529140219273,815,0.5302942873629544
572,1139904730,114.1791702,22.3189331,0.02599732781238865,0.002474827062408504,0.0012953367875647315,0.010232592114585071,0.9970318345355381,411,0.7634160415464513,571,0.6710905943450663,577,0.5744373918061165,427,0.7541834968263128
573,1140062891,114.1781885,22.3257053,0.020370581612740014,0.0014657149594084786,0.0006476683937823658,0.004420503188384378,1.0,569,0.6722446624350836,792,0.5435660703981535,901,0.2951529140219273,757,0.5637622619734565
574,1140062911,114.1797771,22.3286828,0.00027590263425299687,0.0001827482484886484,0.0019430051813470973,0.0008498037151014219,0.9997240973657469,1570,0.09434506635891518,1400,0.1924408540103866,372,0.727062896710906,1287,0.2576457010963647
575,1140062928,114.1784192,22.3251361,0.02004737406490682,0.0006409347089151751,0.0006476683937823658,0.0014614896865157156,1.0,581,0.6653202538949798,1110,0.36006924408540103,901,0.2951529140219273,1137,0.3444893248701673
576,1140062938,114.1782581,22.3245191,0.027950578899718956,0.0032867952189838375,0.002590673575129463,0.010368276900067334,0.9981608750505194,361,0.792267743796884,438,0.7478361223312175,244,0.823139065204847,421,0.7576457010963646
577,1140062960,114.1784146,22.3276533,0.0033156869664233675,0.0016156641971323818,0.0019430051813470973,0.010212599491152836,0.9966843130335766,1304,0.24783612233121755,754,0.5652048470859781,372,0.727062896710906,428,0.7533179457587997
578,1140062985,114.1778509,22.325658,0.027607041002093113,0.002243749289253378,0.0012953367875647315,0.007870483803889156,0.9995191083019176,366,0.7893825735718407,610,0.6485862665897288,577,0.5744373918061165,527,0.6964800923254472
579,1140063015,114.1785913,22.3272501,0.0029215875530979375,0.0005295798470762255,0.0006476683937823658,0.0008205634017887821,1.0,1333,0.23139065204847087,1159,0.3317945758799769,901,0.2951529140219273,1299,0.2510098095787651
580,1141756868,114.1788876,22.3325386,0.007920965522403584,0.004229703326927803,0.004533678756476684,0.024397251393969022,0.9920790344775962,1034,0.4039238315060589,351,0.7980380842469705,76,0.9434506635891518,183,0.8949798038084247
581,1141792825,114.1800269,22.3260418,0.03799025331665684,0.002017826736870412,0.0019430051813470973,0.008060419494403,0.9991137958815623,189,0.8915175995383727,647,0.6272360069244085,372,0.727062896710906,520,0.7005193306405078
582,1141792828,114.179194,22.3258934,0.03822005971030409,0.00217940531450751,0.0019430051813470973,0.008768242845217258,0.9988839894879153,187,0.8926716676283901,617,0.6445470282746683,372,0.727062896710906,497,0.7137911136757069
583,1141792833,114.1782665,22.3253631,0.02416420263201064,0.0011257720420620437,0.0006476683937823658,0.004127392179877612,1.0,464,0.7328332371609925,898,0.482400461627236,901,0.2951529140219273,781,0.5499134448932487
584,1141792836,114.1785292,22.3261426,0.017052435554719976,0.001073374628693739,0.0006476683937823658,0.0032688104074289214,0.9997591177193627,677,0.6099249855741489,924,0.46739757645701097,901,0.2951529140219273,854,0.5077899596076169
585,1141792839,114.1785024,22.3253739,0.021449904438775525,0.001378058005555694,0.0006476683937823658,0.00582936225798918,0.9993325951231591,542,0.6878245816503173,817,0.5291402192729371,901,0.2951529140219273,643,0.6295441431044432
586,1141792843,114.1783989,22.3257314,0.03259605123998043,0.0011173597245438369,0.0006476683937823658,0.0038682900750565408,1.0,266,0.8470859780727062,901,0.48066935949221,901,0.2951529140219273,797,0.5406809001731102
587,1141935427,114.1785438,22.3289449,0.004528543185792786,0.0011456990069534491,0.002590673575129463,0.003570772945313908,0.9989989980502278,1227,0.29255626081938835,892,0.48586266589728794,244,0.823139065204847,817,0.5291402192729371
588,1141935440,114.1783702,22.3272456,0.002314685016651548,0.0011902316179792692,0.0019430051813470973,0.007129427856916716,0.9976853149833481,1382,0.20311598384304674,869,0.49913444893248704,372,0.727062896710906,558,0.6785920369301789
589,1151084790,114.1738083,22.3163915,0.035740468507311884,0.0011097061712995397,0.0006476683937823658,0.0025939924607087587,0.9997193210320272,225,0.8707443739180611,909,0.4760530871321408,901,0.2951529140219273,932,0.46278130409694174
590,1151084802,114.1706023,22.3130352,0.06308425128756069,0.0036397324092041806,0.0006476683937823658,0.005958900142850622,1.0,37,0.9792267743796884,394,0.7732256203115984,901,0.2951529140219273,634,0.634737449509521
591,1151084807,114.1738783,22.3201889,0.027798629398280497,0.0024670864105400805,0.003886010362694319,0.00708956580410479,0.9984280809221183,363,0.7908251586843624,574,0.6690709751875361,123,0.9163300634737449,563,0.6754183496826313
592,1151084818,114.1696932,22.317427,0.03225445432559936,0.00361677736305757,0.0019430051813470973,0.012831752104847001,0.9962739682085434,273,0.8430467397576457,397,0.7714945181765724,372,0.727062896710906,352,0.7974610502019619
593,1151084822,114.1706182,22.3129467,0.07805705460459848,0.003714307836169738,0.0006476683937823658,0.00563761201166281,1.0,17,0.9907674552798615,386,0.7778418926716676,901,0.2951529140219273,654,0.6231967686093479
594,1151084825,114.1702952,22.31455,0.03145816119518659,0.0010089114574170944,0.0006476683937823658,0.0016393321183019874,0.9999290480845715,287,0.8349682631275245,943,0.45643392960184653,901,0.2951529140219273,1100,0.3658395845354876
595,1151084826,114.1681252,22.3251251,0.01786618081789442,0.0010415900204738006,0.0006476683937823658,0.0030715735565962597,0.9992895340552375,654,0.6231967686093479,935,0.46105020196191576,901,0.2951529140219273,879,0.4933641084824005
596,1151084837,114.1694304,22.3128333,0.023482734517993292,0.002629311406954532,0.0032383419689119533,0.0061532235082713506,0.9985855953041456,492,0.7166762839007501,540,0.6889786497403346,170,0.8814195037507213,614,0.6462781304096942
597,1151084843,114.1686574,22.3225347,0.027212130275536518,0.0006861394078273975,0.0012953367875647315,0.0011084894836715347,0.999926010149166,382,0.7801500288517023,1080,0.3773802654356607,577,0.5744373918061165,1218,0.2977495672244662
598,1151084845,114.1691199,22.3143339,0.007782365606411926,0.0008345730347051845,0.0006476683937823658,0.0015055536290417588,0.9996405627829498,1038,0.40161569532602426,1019,0.4125793421811887,901,0.2951529140219273,1129,0.3491055972302366
599,1151084846,114.1721629,22.3141895,0.040223441969596985,0.008695037604023527,0.005829015544041416,0.034409869801945936,0.9901186043115807,169,0.9030582804385459,126,0.927870744373918,42,0.9717253317945759,119,0.9319099826889786
600,1151084855,114.1681879,22.3141569,0.0,0.0,0.0,0.0,1.0,1627,0.031159838430467397,1627,0.031159838430467397,1545,0.054818234275822275,1627,0.031159838430467397
601,1151084858,114.174672,22.31737,0.058451586126999425,0.00863769301866818,0.0019430051813470973,0.040987852793534466,0.9878898002434582,49,0.9723023658395845,127,0.9272937103289094,372,0.727062896710906,73,0.9584535487593768
602,1151084860,114.16932,22.319293,0.08818788415897691,0.012523388480688803,0.0006476683937823658,0.03254061393022955,0.9925841890815748,8,0.9959607616849394,72,0.9590305828043855,901,0.2951529140219273,126,0.927870744373918
603,1151084864,114.1697105,22.3144402,0.0025242748102500953,6.804489104622811e-05,0.0006476683937823658,0.0002548929084966525,0.9999290480845715,1360,0.21581073283323715,1505,0.1321407963069821,901,0.2951529140219273,1473,0.15060588574725908
604,1151084876,114.1707016,22.3130527,0.06683640405376949,0.0038161592420438476,0.0012953367875647315,0.008102375044881755,0.9996836080093099,31,0.9826889786497404,381,0.7807270628967109,577,0.5744373918061165,518,0.7016733987305251
605,1151084879,114.1687615,22.3220452,0.02702314409602508,0.0022271526261506782,0.0019430051813470973,0.008172159955729423,0.9977607838697847,390,0.775533756491633,612,0.6474321984997115,372,0.727062896710906,516,0.7028274668205424
606,1151084896,114.1734082,22.3158381,0.04181712960842676,0.01083446677757122,0.005829015544041416,0.0393185640587279,0.9885249166727512,145,0.9169070975187537,90,0.9486439699942296,42,0.9717253317945759,83,0.9526832083092902
607,1151084898,114.1684974,22.3126662,0.01833388580873239,0.0016788958117068841,0.0012953367875647315,0.0022182570881451864,0.9999316664684127,626,0.639065204847086,734,0.5767455279861512,577,0.5744373918061165,991,0.42844777841892673
608,1151084911,114.1689663,22.3127529,0.024825257593705345,0.001409297390855327,0.0006476683937823658,0.0017603483181874585,1.0,442,0.7455279861511829,812,0.5320253894979804,901,0.2951529140219273,1077,0.3791113675706867
609,1151084917,114.1713307,22.3131762,0.029672332286489862,0.0009008678010519092,0.0006476683937823658,0.0023471755648290485,0.9999051028733822,322,0.8147720715522215,988,0.430467397576457,901,0.2951529140219273,968,0.4420080784766301
610,1151084930,114.169976,22.3160657,0.03353557967183961,0.0046645083448825534,0.0019430051813470973,0.016777727762865784,0.994992842862303,251,0.8557414887478362,314,0.8193883439122909,372,0.727062896710906,281,0.8384304673975764
611,1151084934,114.1701253,22.3153623,0.030932014695884597,0.002885096828495072,0.0006476683937823658,0.007997338290984897,0.997838733640793,296,0.8297749567224466,488,0.7189844200807848,901,0.2951529140219273,522,0.6993652625504905
612,1151084936,114.1689995,22.3208218,0.0810839599778112,0.00451038729961184,0.0012953367875647315,0.008183622364731946,0.9994651347198463,16,0.9913444893248702,324,0.8136180034622043,577,0.5744373918061165,515,0.7034045008655511
613,1152660758,114.1771543,22.321102,0.04792829115964051,0.0017321559049566194,0.0006476683937823658,0.0025160189340319964,1.0,96,0.944604731679169,722,0.5833814195037508,901,0.2951529140219273,939,0.45816503173687245
614,1152660765,114.1771417,22.3209452,0.025384072371498766,0.0016096364255390981,0.0006476683937823658,0.004371710821138705,0.9993093250740392,426,0.7547605308713214,758,0.5631852279284478,901,0.2951529140219273,760,0.5620311598384304
615,1152660784,114.1752488,22.3204489,0.027798629398280497,0.0024670864105400805,0.003886010362694319,0.00708956580410479,0.9984280809221183,363,0.7908251586843624,574,0.6690709751875361,123,0.9163300634737449,563,0.6754183496826313
616,1152660823,114.1768942,22.3205146,0.027521810321370417,0.00811084560978507,0.0006476683937823658,0.03246124128442618,0.9899950374020355,370,0.7870744373918062,138,0.9209463358338142,901,0.2951529140219273,127,0.9272937103289094
617,1152660881,114.1805246,22.3225762,0.0654116393691126,0.0015733024804680902,0.0006476683937823658,0.005197412549626042,0.9994331012206817,33,0.981534910559723,767,0.5579919215233698,901,0.2951529140219273,688,0.6035776110790536
618,1152803555,114.1665742,22.3290186,0.003989486406716867,0.0012355572071835429,0.0019430051813470973,0.004853744246196685,0.998452344610418,1250,0.27928447778418924,858,0.5054818234275822,372,0.727062896710906,716,0.5874206578188114
619,1152803565,114.1674432,22.3269665,0.03520885484155484,0.00576542920459392,0.0032383419689119533,0.008762763328751864,0.9995636823614426,230,0.8672821696480092,232,0.8661281015579919,170,0.8814195037507213,498,0.7126370455856895
620,1152803568,114.1662947,22.3295968,0.011809787134006683,0.0015662689999948974,0.004533678756476684,0.0046171455730065316,0.998588622600135,857,0.5057703404500865,770,0.5559723023658396,76,0.9434506635891518,735,0.5761684939411426
621,1152803582,114.1665477,22.3292635,0.023690494348943124,0.013070570016745395,0.0032383419689119533,0.0373707705149502,0.9882753873656924,482,0.7224466243508367,66,0.9624927870744374,170,0.8814195037507213,104,0.9405654933641084
622,1152803583,114.1673026,22.3270625,0.03520885484155484,0.00576542920459392,0.0032383419689119533,0.008762763328751864,0.9995636823614426,230,0.8672821696480092,232,0.8661281015579919,170,0.8814195037507213,498,0.7126370455856895
623,1152803584,114.1668228,22.3299548,0.0018673253491360558,0.0010794261127247426,0.0019430051813470973,0.005751521812378664,0.9981326746508637,1414,0.18465089440276977,921,0.46912867859203694,372,0.727062896710906,646,0.6278130409694171
624,1152803585,114.1678196,22.3266239,0.03586282090131945,0.0062538627961242115,0.0032383419689119533,0.010777034735195276,0.9989097163016778,222,0.8724754760530872,197,0.8869013271783035,170,0.8814195037507213,404,0.7674552798615119
625,1152803591,114.1666189,22.3303628,0.0003380264793886739,0.0001733200776934109,0.0006476683937823658,0.0010411504723935039,0.999661973520611,1560,0.10040392383150606,1406,0.189267166762839,901,0.2951529140219273,1233,0.2890940565493364
626,1152803593,114.1679131,22.3264821,0.05218995856028838,0.006907352907056902,0.004533678756476684,0.009103869466058076,0.9998230557711025,70,0.9601846508944027,179,0.8972879399884593,76,0.9434506635891518,488,0.7189844200807848
627,1152803594,114.1663123,22.329742,0.019192108031561732,0.008785264736641502,0.0032383419689119533,0.023515355850925696,0.992773773683074,606,0.6508944027697634,119,0.9319099826889786,170,0.8814195037507213,195,0.8880553952683208
628,1152803601,114.1667902,22.328582,0.0025781090068519932,0.0001400835834778064,0.0019430051813470973,0.0005065811208330073,0.999863722010283,1358,0.21696480092325446,1443,0.16791690709751875,372,0.727062896710906,1406,0.189267166762839
629,1152803606,114.1672992,22.327378,0.01924388671307788,0.004536235840639428,0.0006476683937823658,0.005836499508712116,1.0,605,0.651471436814772,320,0.8159261396422389,901,0.2951529140219273,641,0.6306982111944605
630,1152803608,114.1671579,22.3300945,0.0015292988697473819,0.0009061060350311704,0.0006476683937823658,0.00471037133998516,0.9984707011302525,1433,0.1736872475476053,986,0.4316214656664743,901,0.2951529140219273,729,0.5799192152336988
631,1152803609,114.1678936,22.3278607,0.013098287928871822,0.018821425088442315,0.0012953367875647315,0.030836314191253867,0.9900634439697111,807,0.5349105597230237,28,0.9844200807847663,577,0.5744373918061165,134,0.9232544720138488
632,1152803610,114.1671387,22.327142,0.01867935512504576,0.0008612948452552176,0.002590673575129463,0.0019778412187952325,0.9997274440205662,619,0.6433929601846509,1005,0.42065781881130987,244,0.823139065204847,1038,0.40161569532602426
633,1152824573,114.166009,22.326417,0.031158590310241062,0.023613044647332417,0.0019430051813470973,0.03955900977816061,0.9875036202365697,291,0.8326601269474899,22,0.9878822850548182,372,0.727062896710906,81,0.9538372763993076
634,1152824589,114.1636894,22.3252765,0.005005906933143173,0.0005947859525060957,0.0006476683937823658,0.0018550842582410638,0.999418100819457,1201,0.30755914598961337,1122,0.3531448355452972,901,0.2951529140219273,1061,0.38834391229082516
635,1152824595,114.1618981,22.3260425,0.00037831450005907226,0.00017932736338951275,0.0006476683937823658,0.0005362231498249178,0.9998355448194458,1552,0.10502019619157531,1405,0.18984420080784767,901,0.2951529140219273,1387,0.20023081361800346
636,1152824596,114.1634107,22.3262613,0.03306601933823753,0.0030341420046873864,0.0012953367875647315,0.00482733129512851,0.9996070833812448,260,0.8505481823427582,471,0.7287939988459319,577,0.5744373918061165,717,0.5868436237738026
637,1152824612,114.1641073,22.3257314,0.03740397010884525,0.0063311367342052125,0.002590673575129463,0.010141109349212793,0.997924783240506,200,0.8851702250432776,194,0.8886324293133295,244,0.823139065204847,432,0.7512983266012695
638,1152824614,114.1651644,22.3263831,0.02884591250860848,0.02920005510232565,0.0006476683937823658,0.05799056400195767,0.9813927894797237,350,0.7986151182919792,17,0.9907674552798615,901,0.2951529140219273,40,0.9774956722446624
639,1152824615,114.1633083,22.326335,0.03864528559706733,0.003575764834673705,0.0006476683937823658,0.005148221702138499,0.9993593253729859,182,0.8955568378534333,401,0.7691863819965378,901,0.2951529140219273,696,0.5989613387189844
640,1152824625,114.1618911,22.3255616,0.004325941814001689,0.0014485416467430222,0.0012953367875647315,0.0020465040287276186,0.9993950628389291,1237,0.2867859203693018,801,0.5383727639930755,577,0.5744373918061165,1027,0.40796306982111946
641,1158360121,114.1732085,22.2948456,0.00761021578895133,0.0004442157834859282,0.0019430051813470973,0.0013695857511879536,0.9998123288981109,1055,0.3918061165608771,1213,0.3006347374495095,372,0.727062896710906,1149,0.33756491633006347
642,1158360123,114.1732915,22.2946787,0.014702492048283217,0.0025488952370681613,0.0019430051813470973,0.010142648907028,0.997407484312494,758,0.5631852279284478,555,0.6803231390652048,372,0.727062896710906,431,0.7518753606462781
643,1158360124,114.1748094,22.2952356,0.007515023932870512,3.2713354971631784e-05,0.0012953367875647315,0.00010027927212928846,1.0,1063,0.3871898442008078,1548,0.10732833237160992,577,0.5744373918061165,1539,0.11252163877668782
644,1158360140,114.1705168,22.2954972,0.011929861456997015,0.0016200405512815695,0.0019430051813470973,0.010652778848478647,0.9968179762809508,850,0.5100980957876514,753,0.566070398153491,372,0.727062896710906,409,0.7645701096364685
645,1158360142,114.1755844,22.2956686,0.004506681545144583,1.8911961495325865e-05,0.0006476683937823658,2.760525271493529e-05,1.0,1228,0.2919792267743797,1571,0.09405654933641085,901,0.2951529140219273,1591,0.08251586843623773
646,1158360147,114.1706914,22.2955039,0.003437546885107332,0.0001884618000199042,0.0006476683937823658,0.0005697730956310723,1.0,1292,0.2550490478938257,1395,0.1956145412579342,901,0.2951529140219273,1370,0.21004039238315061
647,1158360153,114.1752283,22.2956668,0.002934959905262864,2.7974747025012683e-05,0.0006476683937823658,6.314182072864833e-05,1.0,1332,0.2319676860934795,1554,0.10386612810155799,901,0.2951529140219273,1563,0.09867282169648009
648,1158360165,114.1704144,22.2955259,0.02353553162917747,0.002700375350486604,0.0019430051813470973,0.009615284213688865,0.9979161341396933,489,0.7184073860357761,530,0.6947489901904212,372,0.727062896710906,458,0.7362954414310444
649,1158360166,114.1703027,22.2959039,0.022954122567155656,0.00237298330786285,0.0019430051813470973,0.0078244945670531,0.9984975432017151,507,0.7080207732256203,588,0.6612810155799193,372,0.727062896710906,529,0.6953260242354299
650,1158360169,114.175347,22.2958229,0.005156023564374542,7.683317173602314e-05,0.0006476683937823658,0.0001779880822811588,1.0,1194,0.31159838430467396,1495,0.13791113675706868,901,0.2951529140219273,1513,0.12752452394691285
651,1158360177,114.1748799,22.2949943,0.007663773406477971,0.00066572680643644,0.0006476683937823658,0.002483178712283454,0.9993611359645397,1050,0.39469128678592036,1098,0.36699365262550493,901,0.2951529140219273,949,0.4529717253317946
652,1161863701,114.1652021,22.3235046,0.017811552161735418,0.0033017175380690793,0.0019430051813470973,0.0062302520486512076,0.9981969682903112,656,0.6220427005193306,435,0.7495672244662435,372,0.727062896710906,608,0.6497403346797461
653,1161863708,114.165218,22.3234083,0.014236861247990399,0.0016125351409863058,0.0006476683937823658,0.001248288740810291,0.99982557100355,774,0.5539526832083093,757,0.5637622619734565,901,0.2951529140219273,1181,0.3190998268897865
654,1161863731,114.1683547,22.3239432,0.03276862078532491,0.0038467766052856785,0.002590673575129463,0.004568422500550127,0.9997872188466373,263,0.8488170802077323,378,0.7824581650317368,244,0.823139065204847,742,0.5724177726485863
655,1161863736,114.1667559,22.3236626,0.02809482863508248,0.003303603281372286,0.0006476683937823658,0.003133512201671915,0.9997601771544169,357,0.7945758799769186,434,0.7501442585112522,901,0.2951529140219273,871,0.4979803808424697
656,1161863778,114.1651062,22.3233898,0.022256100519376466,0.0016254316521414076,0.0012953367875647315,0.001506213822504463,1.0,521,0.6999422965954991,752,0.5666474321984997,577,0.5744373918061165,1128,0.34968263127524524
657,1161863878,114.1700962,22.3243985,0.0,0.0,0.0,0.0,1.0,1627,0.031159838430467397,1627,0.031159838430467397,1545,0.054818234275822275,1627,0.031159838430467397
658,1161863894,114.1720864,22.3252409,0.004100853173277965,0.0027541320391692775,0.0,0.012630978573917335,0.9958991468267219,1243,0.2830351990767455,514,0.7036930178880554,1545,0.054818234275822275,358,0.7937103289094056
659,1161863901,114.1696829,22.3241689,0.022244254254176064,0.0008376419699991129,0.0012953367875647315,0.0017304989743751147,0.9997657021856182,523,0.6987882285054818,1014,0.41546451240623195,577,0.5744373918061165,1078,0.378534333525678
660,1161863909,114.1688641,22.3240294,0.022323994465100867,0.0008965919129091237,0.0012953367875647315,0.0018317409143390187,0.9997419085120796,519,0.7010963646855164,993,0.4275822273514137,577,0.5744373918061165,1065,0.38603577611079054
661,1161863948,114.1650842,22.3234924,0.02209469851423329,0.0008242192136924012,0.0012953367875647315,0.0016215034402598588,1.0,526,0.6970571263704558,1023,0.4102712060011541,577,0.5744373918061165,1101,0.36526255049047895
662,1161863963,114.1705609,22.3249701,0.01809762505487875,0.005532965681776107,0.0006476683937823658,0.022841451961740398,0.9927448357234082,642,0.6301211771494518,247,0.8580496249278707,901,0.2951529140219273,204,0.8828620888632429
663,1161864003,114.1734227,22.3249547,0.0,0.0,0.0,0.0,1.0,1627,0.031159838430467397,1627,0.031159838430467397,1545,0.054818234275822275,1627,0.031159838430467397
664,1161864048,114.1695296,22.3242968,0.0006178906405051292,0.0003776692387322225,0.0012953367875647315,0.0014456531638370842,0.9995358549781516,1519,0.12406231967686093,1253,0.2775533756491633,577,0.5744373918061165,1138,0.3439122908251587
665,1161864092,114.1700513,22.3242325,0.022478833826946314,0.0009990941688382778,0.0012953367875647315,0.0024530241252017633,0.9995311226128478,516,0.7028274668205424,947,0.45412579342181186,577,0.5744373918061165,952,0.4512406231967686
666,1161864158,114.1677567,22.3240511,0.010944584713425666,0.0004937451063273431,0.0019430051813470973,0.0016506841092363705,0.9996275511883987,903,0.47951529140219273,1183,0.31794575879976916,372,0.727062896710906,1099,0.36641661858049623
667,1161864163,114.168485,22.3239648,0.05124748430139951,0.001670107756775797,0.0019430051813470973,0.00392118436656636,0.9993658238813796,78,0.9555683785343335,744,0.571263704558569,372,0.727062896710906,795,0.5418349682631275
668,1161864166,114.1706648,22.3243375,0.0533088625726585,0.016704803253700842,0.002590673575129463,0.06651102977285812,0.9788361039464822,65,0.9630698211194461,35,0.9803808424697057,244,0.823139065204847,22,0.9878822850548182
669,1161864169,114.1666308,22.3237524,0.03165484115159144,0.0011018161741290114,0.0006476683937823658,0.002564436342069811,0.9995525367794185,285,0.8361223312175419,911,0.4748990190421235,901,0.2951529140219273,937,0.4598961338718984
670,1162875755,114.1664069,22.317756,0.008670266148113705,0.0003657634067540375,0.0012953367875647315,0.0011567198111493897,0.9997019270952499,999,0.4241200230813618,1266,0.2700519330640508,577,0.5744373918061165,1207,0.3040969417195615
671,1162875756,114.1673226,22.3170632,0.005852650166817867,0.0016855341671864403,0.003886010362694319,0.007120239387708675,0.997710874828814,1131,0.34795152914021926,732,0.5781881130986728,123,0.9163300634737449,559,0.6780150028851702
672,1162875763,114.1662822,22.3264279,0.017747788717623465,0.007571224173986394,0.0006476683937823658,0.0019284136792595463,1.0,657,0.621465666474322,156,0.9105597230236584,901,0.2951529140219273,1049,0.395268320830929
673,1162875765,114.1672629,22.3160848,0.003540297190676775,9.931228379152533e-05,0.0012953367875647315,0.0004340199853558763,0.9998643323953541,1286,0.25851125216387766,1471,0.1517599538372764,577,0.5744373918061165,1423,0.17945758799769188
674,1162875766,114.1726227,22.3198547,0.08984193914530945,0.010584686452148538,0.0012953367875647315,0.01597377482266763,0.9967368691828525,6,0.9971148297749567,94,0.9463358338141951,577,0.5744373918061165,293,0.8315060588574726
675,1162875769,114.1674394,22.3153086,0.00013566760464564355,8.76413618842192e-05,0.0006476683937823658,0.0004178678277535581,0.9998643323953541,1601,0.07674552798615118,1486,0.14310444316214657,901,0.2951529140219273,1429,0.17599538372763993
676,1162875771,114.1725978,22.3199614,0.0543253953748846,0.012790232849899318,0.0032383419689119533,0.03548459546504531,0.9892548891239197,62,0.964800923254472,70,0.9601846508944027,170,0.8814195037507213,115,0.9342181188690133
677,1166348436,114.1639611,22.3325603,0.00015077675128482743,0.00014157856107512623,0.0,0.00046440529188739835,0.999849223248715,1598,0.07847663012117714,1439,0.1702250432775534,1545,0.054818234275822275,1417,0.1829197922677438
678,1166348439,114.1655855,22.3305237,0.01294737721212629,0.0029966236363839446,0.0019430051813470973,0.0031779883820422794,1.0,813,0.5311598384304674,474,0.7267743796884016,372,0.727062896710906,864,0.5017311021350259
679,1166348454,114.1658703,22.3305439,0.030610516634284983,0.014723838272005055,0.006476683937823782,0.036976059786348735,0.9919153812167572,300,0.827466820542412,46,0.9740334679746105,32,0.9795152914021927,105,0.9399884593190998
680,1166348471,114.1643475,22.3321453,0.00020547645881672467,0.00018371087588322995,0.0,0.0006328850702753039,0.9997945235411829,1591,0.08251586843623773,1399,0.1933064050778996,1545,0.054818234275822275,1351,0.22100403923831505
681,1166348480,114.165806,22.3305043,0.020591748055475884,0.00317848717582431,0.0006476683937823658,0.003243961207717345,1.0,560,0.6774379688401616,448,0.742065781881131,901,0.2951529140219273,859,0.5049047893825735
682,1166348485,114.1661563,22.3308424,0.012098045328917064,0.004136185061923532,0.002590673575129463,0.008461369520668614,0.9989727864108872,848,0.5112521638776688,356,0.7951529140219273,244,0.823139065204847,509,0.706866705135603
683,1166348488,114.1650876,22.3313216,0.019629424208534276,0.00994415708361237,0.0071243523316061475,0.02063241795474993,0.9947697365577381,594,0.6578188113098673,99,0.9434506635891518,22,0.9852856318522792,228,0.8690132717830352
684,1166348496,114.1643779,22.3322416,0.00823283777196674,0.00530521789777881,0.0,0.02535784460118278,0.9917671622280332,1018,0.41315637622619733,263,0.8488170802077323,1545,0.054818234275822275,170,0.9024812463935372
685,1166348512,114.165719,22.3319323,0.010038263898330275,0.00591968068713785,0.0012953367875647315,0.010086110479629831,0.9974973330263248,938,0.4593190998268898,221,0.8730525100980958,577,0.5744373918061165,437,0.7484131563762262
686,1167986940,114.17011,22.3117863,0.00043627555114294435,0.0005730911282203324,0.0,0.0013437660179395534,0.9995637244488568,1539,0.11252163877668782,1132,0.3473744950952106,1545,0.054818234275822275,1155,0.3341027120600115
687,1168066104,114.1662865,22.3183644,0.009540330801197766,0.0019682053440584265,0.0006476683937823658,0.0029820044161698433,0.9991299353469156,954,0.4500865551067513,665,0.6168493941142528,901,0.2951529140219273,886,0.4893248701673399
688,1168066109,114.1660386,22.3188149,0.017089274551388596,0.000994103492586889,0.0006476683937823658,0.00403895480418593,0.9990200710599013,675,0.6110790536641661,950,0.45239469128678594,901,0.2951529140219273,784,0.5481823427582228
689,1168066118,114.1661744,22.3188268,0.018436279192521613,0.0012663886718520295,0.0012953367875647315,0.004038880421750719,0.9991578414532644,625,0.6399307559145989,852,0.5089440276976341,577,0.5744373918061165,785,0.5476053087132141
690,1168183627,114.1680865,22.3206856,0.02738026486854984,0.002300339255908361,0.0012953367875647315,0.007765153242289726,0.9983555845070304,376,0.7836122331217542,601,0.6537795729948067,577,0.5744373918061165,531,0.6941719561454126
691,1168183637,114.1712842,22.3212697,0.08866596771824989,0.007133410368479156,0.002590673575129463,0.011194999069659173,0.9997328073443977,7,0.996537795729948,171,0.9019042123485286,244,0.823139065204847,391,0.7749567224466244
692,1168183668,114.1682046,22.3200875,0.0038416270125124444,0.001905681328202339,0.0006476683937823658,0.011192345084948577,0.9963705372061568,1259,0.2740911713791114,679,0.6087709174841316,901,0.2951529140219273,392,0.7743796884016156
693,1168183728,114.1683979,22.3191379,0.03789795741506917,0.00882495716418061,0.0012953367875647315,0.02511887419705297,0.9938447478654072,190,0.8909405654933641,118,0.9324870167339873,577,0.5744373918061165,177,0.8984420080784766
694,1168183731,114.1695647,22.3209195,0.07337284384907805,0.011714057974331362,0.0012953367875647315,0.03853601223340751,0.9884629387740612,21,0.9884593190998269,81,0.9538372763993076,577,0.5744373918061165,95,0.9457587997691864
695,1168183735,114.1685306,22.3201464,0.0007292951838515787,0.000391372560622332,0.0,0.002246291552527679,0.9992707048161483,1500,0.1350259665320254,1243,0.28332371609924983,1545,0.054818234275822275,988,0.430467397576457
696,1168183739,114.1633208,22.3184081,0.05011288821742889,0.00239712695228328,0.0006476683937823658,0.005392953219513272,1.0,84,0.9521061742642816,583,0.6641661858049625,901,0.2951529140219273,674,0.6116560877091748
697,1168183745,114.167935,22.3200383,0.010633810429724756,0.00027436354020294863,0.0012953367875647315,0.0003938922108978631,0.9999263050843639,922,0.4685516445470283,1323,0.2371609924985574,577,0.5744373918061165,1432,0.17426428159261395
698,1168183774,114.1702304,22.3209829,0.0069986031035237165,0.005828119871842579,0.0,0.021556296241959615,0.9930013968964762,1093,0.3698788228505482,225,0.8707443739180611,1545,0.054818234275822275,218,0.8747836122331217
699,1168315919,114.1669625,22.3128275,0.001927959720621121,2.7061406013277558e-05,0.0006476683937823658,6.723085638237561e-05,1.0,1409,0.18753606462781305,1557,0.10213502596653203,901,0.2951529140219273,1559,0.10098095787651472
700,1168315922,114.1668237,22.3153246,0.011314692517181922,0.00022341633815555972,0.0071243523316061475,0.0009600327003492773,0.9997939678815069,880,0.49249855741488746,1361,0.2149451817657242,22,0.9852856318522792,1249,0.2795729948066936
701,1168315927,114.1666513,22.3124051,0.01538485589274029,0.0001176491352579578,0.0019430051813470973,0.0001607684988831203,1.0,735,0.5764570109636469,1460,0.15810732833237162,372,0.727062896710906,1522,0.12233121754183497
702,1168315940,114.1608164,22.3262635,0.020131676538238844,0.0007812518862855812,0.0006476683937823658,0.0009585776909263549,0.9998962712174301,578,0.6670513560300058,1041,0.3998845931909983,901,0.2951529140219273,1252,0.27813040969417197
703,1168315946,114.1640085,22.3119808,0.004857064365676999,0.00036614367971719386,0.0019430051813470973,0.0012035550537003446,0.9999003496994967,1213,0.3006347374495095,1265,0.2706289671090594,372,0.727062896710906,1186,0.31621465666474324
704,1168315954,114.1605455,22.3262373,0.01282726843361855,0.000654093291452489,0.0006476683937823658,0.0005319464851871119,1.0,819,0.5279861511829198,1105,0.36295441431044434,901,0.2951529140219273,1389,0.19907674552798615
705,1168315964,114.1647308,22.3120879,0.03094591635452179,0.003531545513238384,0.0006476683937823658,0.006708564657993446,0.9997979037993152,295,0.8303519907674553,405,0.7668782458165032,901,0.2951529140219273,584,0.6635891517599538
706,1168315967,114.1662607,22.3122609,0.004701975379647212,2.1961566806970495e-06,0.0006476683937823658,7.165751400508723e-06,1.0,1225,0.2937103289094057,1622,0.06462781304096941,901,0.2951529140219273,1622,0.06462781304096941
707,1168315980,114.1608067,22.3260418,0.03277247778947024,0.001147037359881821,0.0006476683937823658,0.0022844060317204263,0.9994347853638514,262,0.8493941142527409,889,0.4875937680323139,901,0.2951529140219273,985,0.432198499711483
708,1168315988,114.1665065,22.3160663,0.012448481362021853,0.00021419442702384347,0.004533678756476684,0.0006596458123310637,0.9999538473881227,833,0.5199076745527986,1373,0.20830929024812464,76,0.9434506635891518,1345,0.224466243508367
709,1168316001,114.1610553,22.3265739,0.02361133974386048,0.001267925292134315,0.0006476683937823658,0.0007904433162436337,1.0,487,0.7195614541257934,851,0.5095210617426428,901,0.2951529140219273,1311,0.24408540103866128
710,1168316008,114.1674658,22.3124983,0.01833388580873239,0.0016788958117068841,0.0012953367875647315,0.0022182570881451864,0.9999316664684127,626,0.639065204847086,734,0.5767455279861512,577,0.5744373918061165,991,0.42844777841892673
711,1168316016,114.1670026,22.3123356,0.008303230240942478,0.0007295580319441818,0.0012953367875647315,0.0004550841870464791,1.0,1012,0.4166185804962493,1065,0.38603577611079054,577,0.5744373918061165,1420,0.18118869013271782
712,1168316017,114.1643364,22.3120395,0.003802680653809743,1.0136119566511149e-05,0.0006476683937823658,2.091613550848656e-05,1.0,1263,0.27178303519907676,1598,0.07847663012117714,901,0.2951529140219273,1605,0.07443739180611655
713,1168380653,114.1675095,22.3123852,0.013820461772197526,0.00044666466499134714,0.0006476683937823658,0.0008805272675171296,1.0,795,0.5418349682631275,1212,0.30121177149451817,901,0.2951529140219273,1275,0.26485862665897286
714,1168380668,114.1666281,22.3121802,0.012264719916860968,0.00020322812056795686,0.0006476683937823658,0.0005457412241173658,1.0,840,0.5152914021927294,1383,0.20196191575302944,901,0.2951529140219273,1379,0.20427005193306405
715,1168380684,114.1666465,22.3132112,0.00036269713025679145,3.514507667195482e-06,0.0006476683937823658,9.870801339105495e-06,1.0,1556,0.10271206001154068,1618,0.06693594922100404,901,0.2951529140219273,1617,0.0675129832660127
716,1168380691,114.1670711,22.3129257,0.013911650313132778,0.00011251667241219998,0.0012953367875647315,0.00047238050060035804,0.9999331767070914,793,0.5429890363531449,1463,0.15637622619734565,577,0.5744373918061165,1414,0.18465089440276977
717,1168421045,114.1566095,22.3203627,0.009967459976816511,0.002469538563748979,0.0012953367875647315,0.016482772417986388,0.994765064834714,939,0.45874206578188115,573,0.6699365262550491,577,0.5744373918061165,287,0.8349682631275245
718,1169220172,114.1797125,22.3270195,0.03759824564399036,0.005623872352791658,0.0032383419689119533,0.016881562075438162,0.9972892564177058,194,0.8886324293133295,239,0.86266589728794,170,0.8814195037507213,279,0.8395845354875938
719,1171655922,114.1678504,22.309906,0.0036683887080451952,0.0002173505868973042,0.0012953367875647315,0.0003412906358191837,1.0,1276,0.2639930755914599,1368,0.2109059434506636,577,0.5744373918061165,1446,0.16589728793998845
720,1172166298,114.1668186,22.3089739,0.0014462470382147336,0.0015432518818175723,0.0019430051813470973,0.004454564594342762,0.9985537529617852,1439,0.16993652625504904,777,0.5522215810732833,372,0.727062896710906,753,0.5657818811309867
721,1172166308,114.163278,22.3170216,0.0,0.0,0.0,0.0,1.0,1627,0.031159838430467397,1627,0.031159838430467397,1545,0.054818234275822275,1627,0.031159838430467397
722,1172166339,114.1648004,22.3123638,0.027159037934775993,0.0019484375075606182,0.0012953367875647315,0.004260940943638785,1.0,386,0.7778418926716676,671,0.6133871898442008,577,0.5744373918061165,773,0.5545297172533179
723,1172166343,114.1648368,22.3121048,0.02374110837311121,0.0004921805929565125,0.0006476683937823658,0.001269510403541306,1.0,481,0.7230236583958454,1185,0.3167916907097519,901,0.2951529140219273,1178,0.3208309290248125
724,1172166352,114.1634916,22.3173502,0.01914998198882041,0.004413219405735333,0.0006476683937823658,0.02443893816934955,0.9923579970719972,610,0.6485862665897288,334,0.8078476630121177,901,0.2951529140219273,182,0.8955568378534333
725,1172166362,114.1663878,22.3089519,0.00530781607697615,0.004905863066724449,0.0019430051813470973,0.016348527564811696,0.9946921839230237,1182,0.31852279284477786,291,0.8326601269474899,372,0.727062896710906,289,0.8338141950375072
726,1172166366,114.1646221,22.3126435,0.027240090401536445,0.003386583202434506,0.0012953367875647315,0.006082114814292607,1.0,380,0.7810155799192152,420,0.757934218118869,577,0.5744373918061165,625,0.6396422388920946
727,1172166367,114.1648646,22.3119507,0.02341481747893235,0.0004927442716654658,0.0012953367875647315,0.0012941046931820418,1.0,495,0.7149451817657242,1184,0.3173687247547605,577,0.5744373918061165,1169,0.32602423542989034
728,1172166382,114.1647345,22.3126681,0.027189403338067023,0.001964237777913094,0.0012953367875647315,0.004354468983329793,0.9999696345967087,383,0.7795729948066936,666,0.6162723600692441,577,0.5744373918061165,762,0.5608770917484132
729,1172166386,114.1646604,22.3124287,0.027240090401536445,0.003386583202434506,0.0012953367875647315,0.006082114814292607,1.0,380,0.7810155799192152,420,0.757934218118869,577,0.5744373918061165,625,0.6396422388920946
730,1172757415,114.1713838,22.3084989,0.044785000636857274,0.0019540264308784143,0.0006476683937823658,0.004752314383570755,1.0,119,0.9319099826889786,668,0.6151182919792267,901,0.2951529140219273,725,0.5822273514137334
731,1172757469,114.1831781,22.3021465,0.0014584653986487108,1.436174419146037e-05,0.0019430051813470973,6.144108744390216e-05,1.0,1437,0.17109059434506635,1589,0.08338141950375072,372,0.727062896710906,1564,0.0978072706289671
732,1172757532,114.1613987,22.3232103,0.0009164115371743626,0.0007189481232771872,0.0,0.00282262592729885,0.9990835884628254,1483,0.14483554529717255,1071,0.3825735718407386,1545,0.054818234275822275,911,0.4748990190421235
733,1172757541,114.1841638,22.302222,0.0007712738136353038,9.851790419563734e-06,0.0006476683937823658,2.2690541394858765e-05,1.0,1495,0.13791113675706868,1599,0.07789959607616849,901,0.2951529140219273,1603,0.07559145989613388
734,1172757683,114.1620455,22.3204722,0.029794921428850603,0.002305460471651818,0.0012953367875647315,0.008669592365916511,0.9977150363394742,319,0.8165031736872476,600,0.6543566070398154,577,0.5744373918061165,503,0.710328909405655
735,1172757712,114.171555,22.3103292,0.0,0.0,0.0006476683937823658,0.0,1.0,1627,0.031159838430467397,1627,0.031159838430467397,901,0.2951529140219273,1627,0.031159838430467397
736,1172757772,114.1840673,22.3020099,0.006178904036944757,0.0008761230928727442,0.0006476683937823658,0.007450826723079351,0.9976355269045065,1115,0.3571840738603578,1001,0.4229659549913445,901,0.2951529140219273,540,0.6889786497403346
737,1172757801,114.1710171,22.3109217,0.04394355362195942,0.0028624129126324405,0.003886010362694319,0.00657921381713705,0.9991571791885983,128,0.9267166762839008,496,0.7143681477207156,123,0.9163300634737449,589,0.6607039815349106
738,1172757812,114.1613858,22.3241377,0.020872122131066664,0.015073581307184874,0.0019430051813470973,0.06176032426792829,0.9800519887577814,552,0.6817657241777265,43,0.9754760530871321,372,0.727062896710906,35,0.9800923254472014
739,1172757887,114.159975,22.3225054,0.0004620554444240943,0.0003743777800399523,0.0,0.001423170294540866,0.9995379445555758,1535,0.11482977495672245,1256,0.27582227351413735,1545,0.054818234275822275,1144,0.3404500865551068
740,1172757924,114.1833995,22.3060181,0.006655516285188272,0.00019697978634447634,0.0006476683937823658,0.00035436922278318,1.0,1107,0.361800346220427,1389,0.19907674552798615,901,0.2951529140219273,1443,0.16791690709751875
741,1172757927,114.1842762,22.3037314,0.0020749196199971336,0.00012542064724635303,0.0012953367875647315,0.00041334524534376887,1.0,1394,0.19619157530294287,1456,0.16041546451240624,577,0.5744373918061165,1430,0.17541834968263129
742,1172757980,114.1619248,22.3219673,0.005599626180937429,0.002094670681160323,0.0019430051813470973,0.013820911443170925,0.9955291641510127,1158,0.3323716099249856,636,0.6335833814195038,372,0.727062896710906,342,0.8032313906520485
743,1172757982,114.1705705,22.3108343,0.0008946355324838132,0.00034911825435415074,0.0012953367875647315,0.0020064298584904503,0.9993542994146575,1485,0.1436814772071552,1276,0.2642815926139642,577,0.5744373918061165,1031,0.40565493364108485
744,1172757984,114.18435,22.302041,0.00047456293050363653,1.960117784099626e-05,0.0006476683937823658,8.376147439146975e-05,1.0,1533,0.11598384304673975,1569,0.09521061742642815,901,0.2951529140219273,1546,0.10848240046162723
745,1172757991,114.183922,22.302182,0.0007292326993243553,2.713994943283743e-06,0.0006476683937823658,1.1583424957287073e-05,1.0,1501,0.13444893248701673,1620,0.06578188113098672,901,0.2951529140219273,1615,0.06866705135603
746,1172757994,114.1619166,22.3225298,0.005139753932962626,0.0019322662033443925,0.0019430051813470973,0.012404465580451654,0.9959890363989875,1195,0.3110213502596653,672,0.6128101557991922,372,0.727062896710906,364,0.790536641661858
747,1172758011,114.1810837,22.306179,0.003639725046155798,0.00017086951516015803,0.0006476683937823658,0.0010201358484909799,1.0,1281,0.26139642238892097,1410,0.1869590305828044,901,0.2951529140219273,1238,0.28620888632429314
748,1172758015,114.1619401,22.3209248,0.003096359594394921,0.001158623396285174,0.0019430051813470973,0.006110636219113655,0.9980324307375551,1321,0.23831506058857474,885,0.4899019042123485,372,0.727062896710906,621,0.6422388920946336
749,1172758017,114.1606575,22.3232017,0.0,0.0,0.0,0.0,1.0,1627,0.031159838430467397,1627,0.031159838430467397,1545,0.054818234275822275,1627,0.031159838430467397
750,1172758045,114.1618649,22.3241179,0.02400643245748471,0.01721115136120433,0.005829015544041416,0.06407515637637945,0.9796211487990915,473,0.7276399307559146,33,0.981534910559723,42,0.9717253317945759,28,0.9844200807847663
751,1178971320,114.1692284,22.3230551,0.00022063962547521065,8.803916602520537e-05,0.0,0.0006795889206895505,0.9997793603745246,1590,0.0830929024812464,1485,0.1436814772071552,1545,0.054818234275822275,1341,0.2267743796884016
752,1178971321,114.1649949,22.3227263,0.012917992019561297,8.361098340698058e-05,0.0006476683937823658,0.00021368143325639776,1.0,816,0.5297172533179457,1488,0.14195037507212926,901,0.2951529140219273,1497,0.13675706866705137
753,1178971331,114.1658798,22.3225132,0.00022285908998969202,0.00036716568477998334,0.0006476683937823658,0.0005401435493585964,0.99982557100355,1589,0.08366993652625505,1264,0.27120600115406807,901,0.2951529140219273,1382,0.20311598384304674
754,1178971336,114.1696699,22.3237063,0.0009198336867830703,0.0005142728874899613,0.0,0.0028331664408356534,0.9990801663132169,1482,0.1454125793421812,1172,0.3242931332948644,1545,0.054818234275822275,909,0.4760530871321408
755,1178971337,114.1692075,22.3232648,0.0,0.0,0.0,0.0,1.0,1627,0.031159838430467397,1627,0.031159838430467397,1545,0.054818234275822275,1627,0.031159838430467397
756,1178971339,114.1672571,22.3234326,0.021908128313458723,0.0009649238179397793,0.0006476683937823658,0.0014741565321940895,0.9998564512918853,531,0.6941719561454126,962,0.44547028274668204,901,0.2951529140219273,1135,0.34564339296018465
757,1178971355,114.1660836,22.3215336,0.0002406891644563782,0.00010456262831859127,0.0006476683937823658,0.00016967579799372504,0.9999507214571034,1587,0.08482400461627236,1470,0.15233698788228506,901,0.2951529140219273,1517,0.12521638776687824
758,1178971357,114.1669169,22.3236924,0.03205203639962652,0.0028876338504299544,0.0012953367875647315,0.0032499315247691125,0.9997129025837708,277,0.8407386035776111,487,0.7195614541257934,577,0.5744373918061165,856,0.5066358915175996
759,1178971359,114.1679669,22.3228839,0.019101025092499797,0.0005782687001117467,0.0006476683937823658,0.0012993281627116597,0.9997156381481431,612,0.6474321984997115,1129,0.3491055972302366,901,0.2951529140219273,1168,0.32660126947489904
760,1178971361,114.1667943,22.3237902,0.024504868338194184,0.0008852424847925223,0.0006476683937823658,0.001158554753156359,1.0,450,0.7409117137911136,996,0.4258511252163878,901,0.2951529140219273,1206,0.3046739757645701
761,1178971367,114.1656945,22.3212188,0.015301725078727471,0.0004833363922738393,0.0006476683937823658,0.001341359132327814,0.9999507214571034,737,0.5753029428736296,1192,0.3127524523946913,901,0.2951529140219273,1157,0.33294864396999424
762,1178971377,114.1687021,22.3229207,0.032140672199945236,0.00096459304091198,0.0006476683937823658,0.0031322014529441555,0.9993104829873729,276,0.8413156376226197,963,0.4448932487016734,901,0.2951529140219273,872,0.49740334679746107
763,1178971380,114.1652752,22.3248406,0.02471869962708471,0.0008566661058931423,0.0006476683937823658,0.0018372615731102955,0.9997145548674731,445,0.743796884016157,1008,0.4189267166762839,901,0.2951529140219273,1063,0.3871898442008078
764,1179001818,114.1677801,22.3238447,0.0110959136576918,0.002086606547927998,0.0006476683937823658,0.0019109016265952653,0.9998591868562576,897,0.4829774956722447,638,0.6324293133294865,901,0.2951529140219273,1052,0.3935372186959031
765,1179001823,114.1675281,22.3250123,0.011229016808941806,0.0005390480393571909,0.0006476683937823658,0.0017845258166606485,0.9995784473435408,887,0.4887478361223312,1153,0.33525678015002885,901,0.2951529140219273,1073,0.3814195037507213
766,1179010012,114.1721513,22.3246198,0.014106762830950071,0.000996756295865754,0.0012953367875647315,0.003620746248873234,0.9995268353787735,781,0.5499134448932487,949,0.4529717253317946,577,0.5744373918061165,810,0.5331794575879977
767,1180356947,114.178172,22.3103916,0.011201732773715806,0.0010449281152776217,0.0032383419689119533,0.005190906064971239,0.9988901170470869,889,0.4873052510098096,933,0.4619157530294287,170,0.8814195037507213,689,0.6027120600115407
768,1180356949,114.1768845,22.3120852,0.012217157450583315,0.0017009527335371754,0.0032383419689119533,0.008318500932428663,0.9978746923702193,844,0.5135603000577034,728,0.5804962492787075,170,0.8814195037507213,513,0.7045585689555683
769,1180686912,114.1672937,22.3264702,0.01827284725794354,0.008157422447516958,0.0006476683937823658,0.004715523537584277,0.9991130280801563,629,0.6376226197345644,137,0.9215233698788229,901,0.2951529140219273,728,0.5804962492787075
770,1180686922,114.1674069,22.3267296,0.008024788304729876,0.0004956200869334873,0.0019430051813470973,0.0017265278547485192,0.9995265908289508,1025,0.4088286208886324,1178,0.32054241200230815,372,0.727062896710906,1079,0.37766878245816504
771,1180686933,114.1710358,22.3266432,0.04174341318733938,0.004052659910731959,0.005829015544041416,0.013614205273963703,0.9972155228807155,148,0.9148874783612233,364,0.7902481246393537,42,0.9717253317945759,345,0.8012117714945182
772,1180709229,114.1653393,22.32639,0.02239658948931302,0.023053885548947432,0.0012953367875647315,0.038126097406612956,0.9878421124990191,517,0.7022504327755338,23,0.9873052510098096,577,0.5744373918061165,101,0.9422965954991345
773,1180818602,114.1590862,22.3297289,0.03669055313762949,0.009905440319536496,0.0006476683937823658,0.038959798153920505,0.9877952079126637,206,0.8817080207732256,101,0.9422965954991345,901,0.2951529140219273,90,0.9486439699942296
774,1180818606,114.160894,22.3283586,0.029153020473930362,0.0012190056953247117,0.0006476683937823658,0.0013642615674325546,1.0,340,0.8043854587420658,865,0.5014425851125216,901,0.2951529140219273,1151,0.3364108482400462
775,1180818608,114.1600563,22.3289989,0.031082122910965557,0.002275516676882151,0.0012953367875647315,0.0016636175796018895,1.0,292,0.8320830929024813,605,0.651471436814772,577,0.5744373918061165,1093,0.3698788228505482
776,1180818611,114.164854,22.3252977,0.018704409745458762,0.001090648810239569,0.0012953367875647315,0.0011476804619857059,1.0,618,0.6439699942296595,916,0.4720138488170802,577,0.5744373918061165,1210,0.3023658395845355
777,1180818612,114.1617745,22.3276787,0.03338476956709268,0.00197966196253516,0.0012953367875647315,0.0035942541067701074,0.9993884905012163,255,0.8534333525678015,660,0.619734564339296,577,0.5744373918061165,813,0.5314483554529718
778,1181846009,114.1648719,22.3251607,0.02986638240317533,0.0011859265891118584,0.002590673575129463,0.0020772632920767354,0.9997026754008561,318,0.8170802077322562,874,0.49624927870744373,244,0.823139065204847,1020,0.41200230813618005
779,1181846013,114.1651926,22.3311984,0.009038262247534512,0.000231889140080387,0.0006476683937823658,0.00010661237062582486,1.0,987,0.43104443162146566,1354,0.2192729371032891,901,0.2951529140219273,1534,0.1154068090017311
780,1181846018,114.1618478,22.3274543,0.03260740100175516,0.0028836877114550427,0.0012953367875647315,0.006649306685584682,0.9984045776044056,265,0.847663012117715,490,0.7178303519907675,577,0.5744373918061165,588,0.6612810155799193
781,1181846037,114.1646147,22.3305367,0.011324246781246907,0.0027028666564769674,0.0006476683937823658,0.003211098035158804,0.9999171964802934,879,0.4933641084824005,528,0.6959030582804385,901,0.2951529140219273,862,0.5031736872475476
782,1181846041,114.1637314,22.3295541,0.018081117222986783,0.002836717810547793,0.0012953367875647315,0.0032458781068851845,1.0,643,0.6295441431044432,499,0.7126370455856895,577,0.5744373918061165,857,0.5060588574725908
783,1181846042,114.1635292,22.3263173,0.034507525708172525,0.0019985562568395052,0.0019430051813470973,0.002327365460928245,0.9998270781485874,241,0.8615118291979227,653,0.6237738026543566,372,0.727062896710906,972,0.4396999422965955
784,1181846056,114.1657665,22.3201685,0.041748671136925104,0.004547922675343522,0.002590673575129463,0.015426718026294799,0.9963147170746449,147,0.9157530294287363,319,0.8165031736872476,244,0.823139065204847,301,0.8268897864974033
785,1181846060,114.1614517,22.3270124,0.028863332945613933,0.002744882464332501,0.0012953367875647315,0.005990532205015776,0.9983169704716731,348,0.7997691863819966,518,0.7016733987305251,577,0.5744373918061165,630,0.6370455856895557
786,1181846062,114.16251,22.3250376,0.0021231030813468822,7.269218875115238e-05,0.0006476683937823658,2.646096391517656e-05,1.0,1391,0.19792267743796885,1500,0.1350259665320254,901,0.2951529140219273,1596,0.07963069821119446
787,1181846078,114.164207,22.3300844,0.01132634480358524,0.002626833014962336,0.0006476683937823658,0.0029569336595705884,1.0,878,0.4939411425274091,542,0.6878245816503173,901,0.2951529140219273,889,0.4875937680323139
788,1181846081,114.1633537,22.3291377,0.011187747394529985,0.0007433483130766007,0.0006476683937823658,0.0006505036577402073,1.0,891,0.4864396999422966,1059,0.3894979803808425,901,0.2951529140219273,1348,0.22273514137334102
789,1181846102,114.1619279,22.3275445,0.03166028563387503,0.0023829019241351657,0.0019430051813470973,0.004555735505985081,0.9991547314762761,284,0.8366993652625505,585,0.6630121177149452,372,0.727062896710906,743,0.5718407386035776
790,1181846119,114.1650119,22.3309771,0.01294737721212629,0.0029966236363839446,0.0019430051813470973,0.0031779883820422794,1.0,813,0.5311598384304674,474,0.7267743796884016,372,0.727062896710906,864,0.5017311021350259
791,1181846145,114.1629913,22.3287331,0.019161154870206625,0.0006011629545062475,0.0006476683937823658,0.0009853326381372048,0.9998660966574425,608,0.6497403346797461,1119,0.35487593768032316,901,0.2951529140219273,1244,0.2827466820542412
792,1182677912,114.1626949,22.3182018,0.017945793538226396,0.0005627827130111372,0.0006476683937823658,0.0018718118017882676,1.0,652,0.6243508366993653,1138,0.3439122908251587,901,0.2951529140219273,1058,0.39007501442585113
793,1182950283,114.1663805,22.3169072,0.013629907619275893,0.00048438066874450906,0.005829015544041416,0.0009530587154658626,0.9999538473881227,797,0.5403923831506059,1190,0.31361800346220425,42,0.9717253317945759,1254,0.2766878245816503
794,1183092754,114.1702215,22.3138521,7.095191542826118e-05,4.439945855404284e-05,0.0006476683937823658,0.00021853796897506656,0.9999290480845715,1612,0.07039815349105598,1527,0.11944604731679169,901,0.2951529140219273,1493,0.13906520484708598
795,1183092761,114.1671689,22.3133801,0.0003202167432535205,0.0001729973199689256,0.0019430051813470973,0.0009862949615950002,0.9996797832567463,1561,0.0998268897864974,1407,0.18869013271783036,372,0.727062896710906,1242,0.28390075014425853
796,1183092765,114.1690544,22.3136351,0.0,0.0,0.0006476683937823658,0.0,1.0,1627,0.031159838430467397,1627,0.031159838430467397,901,0.2951529140219273,1627,0.031159838430467397
797,1183208501,114.1694426,22.312195,0.0,0.0,0.0006476683937823658,0.0,1.0,1627,0.031159838430467397,1627,0.031159838430467397,901,0.2951529140219273,1627,0.031159838430467397
798,1183208502,114.169088,22.3121329,0.005246461806482518,0.0003515682873655402,0.002590673575129463,0.0007879440967743333,0.9998357821979494,1186,0.31621465666474324,1273,0.2660126947489902,244,0.823139065204847,1312,0.24350836699365264
799,1183787457,114.171263,22.3100016,0.050076692058696796,0.0025678743203798537,0.0006476683937823658,0.006905012235596063,1.0,85,0.9515291402192729,552,0.6820542412002308,901,0.2951529140219273,575,0.6687824581650318
800,1183787459,114.1712315,22.3102786,0.052086016836685095,0.0038650495346649375,0.004533678756476684,0.012711987616619423,0.9981016303626873,71,0.9596076168493941,375,0.7841892671667628,76,0.9434506635891518,356,0.7951529140219273
801,1183787466,114.1711233,22.3108895,0.05115705535373521,0.003169828763041235,0.004533678756476684,0.009850706782769114,0.9990305918456373,79,0.9549913444893249,452,0.7397576457010964,76,0.9434506635891518,450,0.7409117137911136
802,1185400407,114.1716819,22.3052952,0.055391215884614396,0.0027375364556471594,0.002590673575129463,0.012184669190281178,0.997081928698432,60,0.9659549913444894,521,0.6999422965954991,244,0.823139065204847,369,0.7876514714368148
803,1185400418,114.1716761,22.3053888,0.04958656222189066,0.005192252108842841,0.002590673575129463,0.023649043308903227,0.9929773913809397,87,0.9503750721292556,273,0.8430467397576457,244,0.823139065204847,192,0.8897864974033468
804,1185400433,114.1716071,22.3061248,0.03833306138240315,0.005056432660078293,0.0019430051813470973,0.023871226391009113,0.9927851270032764,185,0.8938257357184074,285,0.8361223312175419,372,0.727062896710906,190,0.8909405654933641
805,1185400438,114.1679719,22.3057895,0.012383452909510663,0.0005568023084372571,0.002590673575129463,0.002100288286614532,0.9994254627468462,835,0.518465089440277,1142,0.34131563762261974,244,0.823139065204847,1012,0.41633006347374496
806,1185400499,114.1715301,22.307003,0.03747479376178791,0.004382319865791527,0.0019430051813470973,0.021227688700530663,0.9936433946238917,197,0.8869013271783035,338,0.8055395268320831,372,0.727062896710906,222,0.8724754760530872
807,1185400508,114.1668686,22.3059933,0.04444148260945213,0.003675673486057691,0.004533678756476684,0.019240024925695303,0.9941391983651008,123,0.9296018465089441,389,0.7761107905366417,76,0.9434506635891518,241,0.8615118291979227
808,1185400520,114.174,22.3068548,0.009688794773700287,0.0017929576401919695,0.0006476683937823658,0.00703185579627648,0.9978760916093465,950,0.45239469128678594,701,0.5960761684939412,901,0.2951529140219273,570,0.671667628390075
809,1185400522,114.1629912,22.3069514,0.005160709402482723,0.0004079917313466843,0.0006476683937823658,0.0009858383919975208,1.0,1193,0.31217541834968265,1233,0.2890940565493364,901,0.2951529140219273,1243,0.28332371609924983
810,1185400526,114.1707791,22.308724,0.0002303839199689501,0.00014724915059975916,0.0006476683937823658,0.0007096021812886354,0.9997696160800307,1588,0.08424697057126371,1435,0.172533179457588,901,0.2951529140219273,1332,0.2319676860934795
811,1185400551,114.1637795,22.3066979,0.027089440954290656,0.0011883752624478013,0.0019430051813470973,0.002630970305070434,1.0,387,0.777264858626659,872,0.49740334679746107,372,0.727062896710906,928,0.46508944027697635
812,1185400568,114.1676126,22.3058566,0.012383452909510663,0.0005568023084372571,0.002590673575129463,0.002100288286614532,0.9994254627468462,835,0.518465089440277,1142,0.34131563762261974,244,0.823139065204847,1012,0.41633006347374496
813,1185400584,114.1715701,22.3065502,0.03755128162214673,0.004431887996052569,0.0019430051813470973,0.02146327785345438,0.993566906763533,196,0.8874783612233121,330,0.8101557991921523,372,0.727062896710906,220,0.8736295441431045
814,1185400587,114.1713909,22.3084001,0.07259904040502053,0.01819211725693706,0.0032383419689119533,0.08481735073319657,0.9733669249676742,22,0.9878822850548182,30,0.983266012694749,170,0.8814195037507213,10,0.9948066935949221
815,1185400607,114.1708012,22.3125698,0.05151091880988167,0.003473896311027619,0.004533678756476684,0.010940636498322838,0.9986767283894911,77,0.9561454125793422,413,0.762261973456434,76,0.9434506635891518,399,0.7703404500865552
816,1185400620,114.1715687,22.3053661,0.0360907943323222,0.0028720223172841964,0.0006476683937823658,0.010789600666848633,0.9973212160169359,217,0.8753606462781304,492,0.7166762839007501,901,0.2951529140219273,403,0.7680323139065205
817,1185400622,114.1692699,22.3055,0.027308096233105185,0.0009857855390574333,0.0019430051813470973,0.005547895444860457,0.9984551571293159,379,0.7818811309867282,953,0.45066358915175997,372,0.727062896710906,660,0.619734564339296
818,1185400645,114.1684358,22.3057012,0.009122451425543378,0.00015478976618739872,0.0006476683937823658,0.0009549360856137741,0.9997799197374232,984,0.43277553375649164,1423,0.17945758799769188,901,0.2951529140219273,1253,0.2775533756491633
819,1185808485,114.1670211,22.3059423,0.04251926329559377,0.0018509837624526152,0.0032383419689119533,0.011260177016395728,0.9967392590347762,138,0.9209463358338142,688,0.6035776110790536,170,0.8814195037507213,387,0.777264858626659
820,1185808493,114.1739661,22.3071378,0.015591848184256777,0.0006811111010246581,0.0006476683937823658,0.0010305298839829206,1.0,728,0.5804962492787075,1085,0.3744950952106174,901,0.2951529140219273,1236,0.2873629544143104
821,1185808508,114.1675851,22.3082197,0.01005331844378435,0.001820641659865741,0.0032383419689119533,0.005865150567183173,0.9981827494649115,937,0.4598961338718984,695,0.599538372763993,170,0.8814195037507213,639,0.6318522792844777
822,1185808509,114.1742866,22.3070242,0.01895534497409261,0.0013587823236576064,0.0006476683937823658,0.001725862516961062,1.0,614,0.6462781304096942,821,0.5268320830929025,901,0.2951529140219273,1081,0.376803231390652
823,1185808513,114.1671089,22.3055789,0.023563425946603753,0.00025744082777514303,0.0006476683937823658,0.0007447048414704002,1.0,488,0.7189844200807848,1332,0.2319676860934795,901,0.2951529140219273,1324,0.23658395845354876
824,1185808514,114.165315,22.3073713,6.442360491279901e-05,1.8607021158904767e-05,0.0,0.00019843021413465202,0.999935576395087,1616,0.06780150028851702,1572,0.09319099826889786,1545,0.054818234275822275,1504,0.13242931332948643
825,1185808518,114.1718212,22.3031975,0.042205176224619154,0.0008802817737516431,0.0006476683937823658,0.0022110188900786084,1.0,140,0.9197922677437969,999,0.4241200230813618,901,0.2951529140219273,994,0.4270051933064051
826,1185808522,114.1729591,22.3061556,0.007995446333997337,0.0003984594832763693,0.0012953367875647315,0.0018161977474983576,0.9995694400490494,1028,0.40738603577611077,1239,0.2856318522792845,577,0.5744373918061165,1068,0.38430467397576457
827,1185808523,114.1670256,22.3058148,0.05069496001406768,0.000821117375055506,0.0006476683937823658,0.001616725754151507,1.0,82,0.953260242354299,1024,0.40969417195614544,901,0.2951529140219273,1102,0.36468551644547026
828,1185808527,114.1717816,22.3039591,0.03577192562698106,0.0009464607776288542,0.0006476683937823658,0.0032559946027624943,0.9995155237787506,223,0.8718984420080784,974,0.4385458742065782,901,0.2951529140219273,855,0.5072129255626082
829,1187352694,114.1690836,22.3024492,0.0,0.0,0.0006476683937823658,0.0,1.0,1627,0.031159838430467397,1627,0.031159838430467397,901,0.2951529140219273,1627,0.031159838430467397
830,1187352697,114.1722595,22.2969503,0.03512669013659097,0.012538789384418705,0.0071243523316061475,0.07601880154380755,0.9755971949065644,234,0.8655510675129833,71,0.9596076168493941,22,0.9852856318522792,16,0.9913444893248702
831,1187352750,114.1674841,22.3049576,0.023671897087298863,0.0015216344015961099,0.0019430051813470973,0.008747282224818598,0.9976398243273406,485,0.7207155222158107,778,0.5516445470282747,372,0.727062896710906,501,0.7114829774956722
832,1187352804,114.1705396,22.296972,0.0,0.0,0.0,0.0,1.0,1627,0.031159838430467397,1627,0.031159838430467397,1545,0.054818234275822275,1627,0.031159838430467397
833,1187352879,114.1711129,22.2970345,0.0,0.0,0.0,0.0,1.0,1627,0.031159838430467397,1627,0.031159838430467397,1545,0.054818234275822275,1627,0.031159838430467397
834,1187352908,114.1684617,22.3000358,0.002601519377265141,0.0002043194815548775,0.0006476683937823658,0.0005382053686163387,1.0,1355,0.21869590305828043,1382,0.20311598384304674,901,0.2951529140219273,1386,0.20080784766301213
835,1187352946,114.1685581,22.3002205,0.04280570725014089,0.0060704839447315384,0.0006476683937823658,0.031249319679674672,0.9928912113535164,135,0.9226774379688402,210,0.879399884593191,901,0.2951529140219273,132,0.9244085401038661
836,1187353031,114.1724276,22.2947867,0.012335497555483226,0.001131208510127505,0.002590673575129463,0.002408536623437455,0.9997171370420302,838,0.5170225043277553,897,0.4829774956722447,244,0.823139065204847,958,0.44777841892671666
837,1187353069,114.1681169,22.3030318,0.027031114438457158,0.0016711583838316013,0.0012953367875647315,0.003390805566656047,0.9998645269026922,388,0.7766878245816503,742,0.5724177726485863,577,0.5744373918061165,835,0.5187536064627813
838,1187353085,114.171856,22.3026381,0.03034762497548304,0.003654849757590688,0.0019430051813470973,0.028035439965159652,0.9920627875397936,308,0.8228505481823427,391,0.7749567224466244,372,0.727062896710906,150,0.9140219272937103
839,1187353106,114.1671489,22.3051914,0.024258962753108737,0.00019796435114599655,0.0006476683937823658,0.0005806573235412951,1.0,458,0.7362954414310444,1388,0.1996537795729948,901,0.2951529140219273,1369,0.21061742642815925
840,1187522454,114.1735819,22.3033572,0.029593616702188366,0.0020075224624407813,0.0006476683937823658,0.0033378246404327295,1.0,328,0.8113098672821697,649,0.6260819388343912,901,0.2951529140219273,841,0.5152914021927294
841,1189558856,114.1768007,22.3064467,0.014043384250930815,0.00027340487608648356,0.0012953367875647315,0.00021691847657834704,1.0,783,0.5484708597807271,1324,0.23629544143104445,577,0.5744373918061165,1494,0.138199653779573
842,1189559073,114.1745876,22.2965748,0.0,0.0,0.0006476683937823658,0.0,1.0,1627,0.031159838430467397,1627,0.031159838430467397,901,0.2951529140219273,1627,0.031159838430467397
843,1189559084,114.1736759,22.2967794,0.0032397910338059794,0.0013535958945018463,0.00518134715025905,0.009978833526308194,0.9967602089661939,1312,0.24350836699365264,825,0.5245239469128679,59,0.9619157530294288,442,0.7455279861511829
844,1189559154,114.1755715,22.3021935,6.727202939086304e-05,3.745679352695582e-05,0.0,0.00020720360519042521,0.9999327279706091,1614,0.06924408540103866,1543,0.1102135025966532,1545,0.054818234275822275,1500,0.1350259665320254
845,1189559158,114.1746006,22.2972094,0.01968363446229342,0.004347865691038855,0.006476683937823782,0.02760089338576288,0.991310744071256,592,0.6589728793998846,340,0.8043854587420658,32,0.9795152914021927,152,0.9128678592036931
846,1189559210,114.1745795,22.2967753,1.5943645232610112e-05,7.4297800470475886e-06,0.0019430051813470973,4.910779118728787e-05,0.9999840563547671,1626,0.06231967686093479,1608,0.0727062896710906,372,0.727062896710906,1577,0.09059434506635891
847,1189559270,114.1754069,22.3021857,0.0,0.0,0.0,0.0,1.0,1627,0.031159838430467397,1627,0.031159838430467397,1545,0.054818234275822275,1627,0.031159838430467397
848,1189559358,114.1744415,22.297985,9.754220696778424e-05,1.7185203659489293e-05,0.0006476683937823658,0.0001628313868948717,0.9999489814129126,1606,0.0738603577611079,1574,0.09232544720138489,901,0.2951529140219273,1521,0.12290825158684363
849,1189559382,114.1770016,22.3065887,0.011288475242007089,0.0012628093290581786,0.0006476683937823658,0.002367028983966053,0.9997323461462784,882,0.4916330063473745,853,0.5083669936526255,901,0.2951529140219273,966,0.44316214656664743
850,1189559654,114.1767635,22.3074196,0.011144899729617453,0.0011822439174189788,0.0012953367875647315,0.0022998583792748118,0.9997323461462784,893,0.4852856318522793,875,0.4956722446624351,577,0.5744373918061165,979,0.4356607039815349
851,1189559662,114.1750045,22.296713,0.0,0.0,0.0006476683937823658,0.0,1.0,1627,0.031159838430467397,1627,0.031159838430467397,901,0.2951529140219273,1627,0.031159838430467397
852,1189559738,114.1783361,22.3025381,0.016881143530662984,0.0017511482220625085,0.0019430051813470973,0.0034699297353286878,0.9996757840020819,680,0.6079053664166186,714,0.5882862088863243,372,0.727062896710906,825,0.5242354298903635
853,1189560057,114.1745815,22.2968852,0.0017643880568382836,0.0006642190134643985,0.00518134715025905,0.005434466146513142,0.9982356119431615,1418,0.18234275822273513,1099,0.36641661858049623,59,0.9619157530294288,671,0.6133871898442008
854,1189560073,114.1737152,22.2962332,0.0,0.0,0.0006476683937823658,0.0,1.0,1627,0.031159838430467397,1627,0.031159838430467397,901,0.2951529140219273,1627,0.031159838430467397
855,1191992671,114.1653003,22.3284882,0.03410174051391554,0.001603522512214828,0.002590673575129463,0.0025818342749266503,0.999863722010283,244,0.8597807270628968,760,0.5620311598384304,244,0.823139065204847,935,0.46105020196191576
856,1191992716,114.1638178,22.3296403,0.03369527853322007,0.0035199203511952592,0.0012953367875647315,0.0046201715051296475,1.0,249,0.8568955568378535,407,0.7657241777264858,577,0.5744373918061165,733,0.5776110790536642
857,1191992764,114.1636523,22.3297699,0.03102737051687833,0.004079902135930514,0.0012953367875647315,0.0046178558782008225,0.9996168532456997,293,0.8315060588574726,360,0.7928447778418927,577,0.5744373918061165,734,0.5770340450086555
858,1191992770,114.1645557,22.3290734,0.02506629236995596,0.0008567761312453947,0.0006476683937823658,0.0013308858015006638,1.0,432,0.7512983266012695,1007,0.41950375072129253,901,0.2951529140219273,1161,0.3306405077899596
859,1191992818,114.1610656,22.3317692,0.03102373671389449,0.018160357660006614,0.003886010362694319,0.09309206002599826,0.9697893181557613,294,0.8309290248124639,31,0.9826889786497404,123,0.9163300634737449,5,0.9976918638199653
860,1192596686,114.165831,22.3280578,0.026008883807192053,0.0011651921217755716,0.0006476683937823658,0.0020080930777986324,1.0,410,0.7639930755914599,883,0.49105597230236586,901,0.2951529140219273,1030,0.4062319676860935
861,1193696736,114.1660271,22.3301593,0.011809787134006683,0.0015662689999948974,0.004533678756476684,0.0046171455730065316,0.998588622600135,857,0.5057703404500865,770,0.5559723023658396,76,0.9434506635891518,735,0.5761684939411426
862,1193696741,114.1621692,22.3331818,0.0006206593379398346,0.0006298191085190898,0.0,0.0019116838540584867,0.9993793406620598,1518,0.12463935372186959,1114,0.3577611079053664,1545,0.054818234275822275,1051,0.3941142527409117
863,1193696744,114.1651257,22.3311151,0.0,0.0,0.0,0.0,1.0,1627,0.031159838430467397,1627,0.031159838430467397,1545,0.054818234275822275,1627,0.031159838430467397
864,1193696748,114.1671766,22.3278035,0.002714386996568837,0.0002062826822071283,0.0019430051813470973,0.0009263289868200917,0.9997274440205662,1344,0.22504327755337564,1379,0.20484708597807272,372,0.727062896710906,1263,0.27178303519907676
865,1194152559,114.1608904,22.3317467,0.02510852860607163,0.014549613098074834,0.003886010362694319,0.07593399118581314,0.9753583172208038,431,0.7518753606462781,47,0.9734564339296018,123,0.9163300634737449,17,0.9907674552798615
866,1194152567,114.16016,22.3309434,0.014926633172625286,0.007640871265871603,0.0006476683937823658,0.038465130924688964,0.9875425789327841,752,0.5666474321984997,152,0.9128678592036931,901,0.2951529140219273,96,0.9451817657241778
867,1194152580,114.1609773,22.3318357,0.028469470503835446,0.016013369015964805,0.003886010362694319,0.08628597973674748,0.97199737532304,354,0.7963069821119446,38,0.9786497403346798,123,0.9163300634737449,9,0.9953837276399308
868,1194152581,114.1613596,22.3322811,0.0045854694710875535,0.003960601618529089,0.0012953367875647315,0.014123638226813786,0.9954145305289123,1226,0.293133294864397,369,0.7876514714368148,577,0.5744373918061165,338,0.8055395268320831
869,1194205370,114.1672802,22.330183,0.0,0.0,0.0006476683937823658,0.0,1.0,1627,0.031159838430467397,1627,0.031159838430467397,901,0.2951529140219273,1627,0.031159838430467397
870,1194205379,114.1636463,22.3330648,0.007087632525467802,0.004741321188198535,0.0,0.021830514477411654,0.992912367474532,1086,0.3739180611656088,305,0.8245816503173687,1545,0.054818234275822275,215,0.8765147143681478
871,1203389481,114.1520551,22.3277146,0.0,0.0,0.0,0.0,1.0,1627,0.031159838430467397,1627,0.031159838430467397,1545,0.054818234275822275,1627,0.031159838430467397
872,1203389492,114.1525092,22.3275891,0.0,0.0,0.0,0.0,1.0,1627,0.031159838430467397,1627,0.031159838430467397,1545,0.054818234275822275,1627,0.031159838430467397
873,1208936450,114.177487,22.3212922,0.04792829115964051,0.0017321559049566194,0.0019430051813470973,0.0025160189340319964,1.0,96,0.944604731679169,722,0.5833814195037508,372,0.727062896710906,939,0.45816503173687245
874,1210796218,114.1828802,22.3039532,0.005840959464199721,0.0003170456819084453,0.002590673575129463,0.000538638936979358,1.0,1132,0.346797461050202,1299,0.2504327755337565,244,0.823139065204847,1383,0.20196191575302944
875,1210796259,114.1851776,22.3072072,0.002657646875508518,0.00015069943066709442,0.0012953367875647315,3.373419826141194e-05,1.0,1349,0.22215810732833238,1426,0.1777264858626659,577,0.5744373918061165,1588,0.08424697057126371
876,1210796370,114.1821731,22.3041008,0.0030266531539937516,0.00014029295485561252,0.0006476683937823658,0.0002705394625971868,1.0,1325,0.2360069244085401,1442,0.16849394114252741,901,0.2951529140219273,1463,0.15637622619734565
877,1210796394,114.1827508,22.3033056,0.0,0.0,0.0,0.0,1.0,1627,0.031159838430467397,1627,0.031159838430467397,1545,0.054818234275822275,1627,0.031159838430467397
878,1210796494,114.182307,22.3058645,0.0,0.0,0.0006476683937823658,0.0,1.0,1627,0.031159838430467397,1627,0.031159838430467397,901,0.2951529140219273,1627,0.031159838430467397
879,1213567465,114.1836562,22.3059896,0.014935649499624492,0.000414070161955214,0.0006476683937823658,0.0007853280129401633,1.0,751,0.5672244662435084,1231,0.29024812463935373,901,0.2951529140219273,1313,0.24293133294864397
880,1215868259,114.1828791,22.3076323,0.0,0.0,0.0,0.0,1.0,1627,0.031159838430467397,1627,0.031159838430467397,1545,0.054818234275822275,1627,0.031159838430467397
881,1215868262,114.1831091,22.3079475,0.0,0.0,0.0,0.0,1.0,1627,0.031159838430467397,1627,0.031159838430467397,1545,0.054818234275822275,1627,0.031159838430467397
882,1215986282,114.1873664,22.3088267,0.020847700847167437,0.0014713370618008499,0.0006476683937823658,0.0015137131503219496,0.9999430061756961,555,0.6803231390652048,788,0.5458742065781881,901,0.2951529140219273,1126,0.35083669936526257
883,1216132235,114.1869159,22.3150222,0.0003828203614006706,0.00018263596834443556,0.0,0.0011791194608038074,0.9996171796385994,1551,0.10559723023658396,1402,0.19157530294287364,1545,0.054818234275822275,1192,0.3127524523946913
884,1216222854,114.1871777,22.319522,0.006060426610740053,0.002482040795143947,0.0006476683937823658,0.018666632389539597,0.99393957338926,1120,0.35429890363531447,570,0.671667628390075,901,0.2951529140219273,249,0.8568955568378535
885,1216222866,114.1874943,22.314955,0.03221955999224181,0.004021700917800069,0.002590673575129463,0.012262236605693078,0.9975681318850319,274,0.842469705712637,367,0.7888055395268321,244,0.823139065204847,367,0.7888055395268321
886,1217459802,114.1861475,22.3045055,0.0010386477084968718,0.0010041108808972114,0.0012953367875647315,0.00019743998523373142,1.0,1467,0.15377957299480668,945,0.4549913444893249,577,0.5744373918061165,1506,0.13127524523946912
887,1220978387,114.1864173,22.324673,0.00011859031398203756,8.092257566481524e-05,0.0006476683937823658,0.0003652683116631615,0.9998814096860178,1603,0.07559145989613388,1489,0.1413733410271206,901,0.2951529140219273,1441,0.16907097518753605
888,1220978389,114.1909438,22.3223395,0.022071138053455612,0.00046076245313147346,0.0012953367875647315,0.0039641577281136365,0.9987573590974453,527,0.6964800923254472,1210,0.3023658395845355,577,0.5744373918061165,790,0.5447201384881708
889,1220978448,114.1936592,22.3204594,0.007366998573055577,0.0050513941036804885,0.006476683937823782,0.021321497641343265,0.9930869577088517,1070,0.3831506058857473,286,0.8355452971725332,32,0.9795152914021927,221,0.8730525100980958
890,1220978482,114.1913066,22.3234481,0.02631887210007575,0.0014680322586762874,0.002590673575129463,0.00869128571220801,0.9975093704089175,404,0.7674552798615119,789,0.5452971725331794,244,0.823139065204847,502,0.7109059434506636
891,1220978497,114.1858618,22.3210211,0.0004232018247522627,7.182117503155857e-05,0.0012953367875647315,0.0001825972231043676,0.9999581087976106,1544,0.10963646855164455,1502,0.13387189844200809,577,0.5744373918061165,1511,0.1286785920369302
892,1220978620,114.189515,22.3252858,0.004280478126586909,7.414814644129894e-05,0.0006476683937823658,9.67830824462592e-05,1.0,1239,0.2856318522792845,1497,0.13675706866705137,901,0.2951529140219273,1540,0.11194460473167916
893,1220978664,114.1868754,22.3200162,0.02382258927538009,0.0028615273316375898,0.0006476683937823658,0.004343961774577209,1.0,478,0.724466243508367,497,0.7135025966532026,901,0.2951529140219273,764,0.5594345066358916
894,1220978884,114.1858677,22.3204366,4.189120238941045e-05,2.683388942041636e-05,0.0006476683937823658,0.00012902848686805802,0.9999581087976106,1619,0.06635891517599539,1559,0.10098095787651472,901,0.2951529140219273,1532,0.11656087709174841
895,1220979049,114.1876405,22.3201216,0.06033128530141467,0.007936371282679459,0.004533678756476684,0.015991592641434623,0.9984946213789808,44,0.9751875360646278,145,0.9169070975187537,76,0.9434506635891518,292,0.8320830929024813
896,1220979109,114.194652,22.3196988,0.011868408523988246,0.008720799359376754,0.004533678756476684,0.03655571351586975,0.9881315914760116,853,0.5083669936526255,123,0.9296018465089441,76,0.9434506635891518,107,0.9388343912290825
897,1220979220,114.1906601,22.3217499,0.02121820644612346,0.00021813723293468985,0.0012953367875647315,0.0013370554150068936,0.9996102907047775,544,0.6866705135603001,1367,0.21177149451817656,577,0.5744373918061165,1159,0.3317945758799769
898,1222130305,114.174308,22.3213591,0.001921817441098665,0.0009838629574609856,0.0006476683937823658,0.005919362117053024,0.9980781825589012,1410,0.1869590305828044,954,0.4500865551067513,901,0.2951529140219273,635,0.6341604154645124
899,1222130498,114.1774891,22.3150336,0.009232864143272639,0.0015701546474169179,0.0006476683937823658,0.005509503106120912,0.9991833709731346,978,0.4362377380265436,768,0.5574148874783612,901,0.2951529140219273,664,0.6174264281592614
900,1222130508,114.1791806,22.3166156,0.0,0.0,0.0006476683937823658,0.0,1.0,1627,0.031159838430467397,1627,0.031159838430467397,901,0.2951529140219273,1627,0.031159838430467397
901,1222130515,114.174072,22.3201214,0.074067155209126,0.0065621220856472515,0.003886010362694319,0.017282511513409402,0.9965038039536558,19,0.9896133871898442,185,0.8938257357184074,123,0.9163300634737449,275,0.8418926716676284
902,1222130707,114.181684,22.3145395,0.05178072397444203,0.07402455459176539,0.0006476683937823658,0.06624305959818733,0.9808314545633895,74,0.9578765147143682,5,0.9976918638199653,901,0.2951529140219273,25,0.9861511829197923
903,1222130866,114.1737919,22.320412,0.002401265098048443,0.0013490858705302072,0.0012953367875647315,0.007396101913958996,0.9975987349019514,1374,0.20773225620311597,829,0.5222158107328332,577,0.5744373918061165,547,0.684939411425274
904,1222131060,114.1736344,22.3201458,0.02569218358137481,0.002372922820241037,0.0019430051813470973,0.006911593955448358,0.9983188124130209,420,0.7582227351413734,589,0.6607039815349106,372,0.727062896710906,574,0.6693594922100404
905,1266044669,114.1927613,22.3304637,0.008761667609303704,0.0035794938213584595,0.003886010362694319,0.026986685737992462,0.9912383323906961,996,0.4258511252163878,400,0.7697634160415464,123,0.9163300634737449,158,0.9094056549336411
906,1268399068,114.1590619,22.3261988,0.0014194345141547444,0.0016887789103117359,0.0006476683937823658,0.004371979726608164,0.9985805654858452,1445,0.16676283900750144,730,0.5793421811886902,901,0.2951529140219273,759,0.5626081938834391
907,1293266513,114.1823317,22.3317209,0.0033593284669918883,0.004899387946633277,0.0006476683937823658,0.01034701904613893,0.996640671533008,1297,0.25216387766878245,292,0.8320830929024813,901,0.2951529140219273,422,0.757068667051356
908,1295869666,114.1569922,22.3172834,0.0170814881059615,0.006224541048972829,0.0019430051813470973,0.033733773045079705,0.989349756825846,676,0.6105020196191575,199,0.8857472590882862,372,0.727062896710906,122,0.9301788805539527
909,1295869670,114.1568431,22.3175263,0.017252211847342505,0.0032444655606444534,0.0019430051813470973,0.015043858205919157,0.9959028349029547,670,0.6139642238892095,443,0.7449509521061742,372,0.727062896710906,307,0.8234275822273515
910,1329833940,114.1596259,22.3031531,0.0031294932836515225,0.001677030560769491,0.002590673575129463,0.009276306333733402,0.9969887200354103,1316,0.24062319676860935,738,0.5741488747836122,244,0.823139065204847,476,0.7253317945758799
911,1329857318,114.1595385,22.3030639,0.003253935799309993,0.0002951942584570875,0.002590673575129463,0.0028750155069306753,0.999132623651119,1309,0.24523946912867858,1310,0.24466243508366994,244,0.823139065204847,902,0.4800923254472014
912,1329857374,114.1595644,22.3029676,0.004051831293701695,0.0005229881002789468,0.002590673575129463,0.0053326018842140945,0.9983347281567271,1248,0.2804385458742066,1165,0.328332371609925,244,0.823139065204847,678,0.6093479515291402
913,1351008363,114.1720879,22.3294067,0.015053601385497795,0.0014851662697570429,0.0006476683937823658,0.0031387049111255305,0.9999258503032041,744,0.571263704558569,786,0.5470282746682055,901,0.2951529140219273,869,0.49913444893248704
914,1393738983,114.1933054,22.3301261,0.0021701237809644684,0.0007877095558272641,0.0006476683937823658,0.006684166884765668,0.9978298762190353,1386,0.20080784766301213,1039,0.40103866128101556,901,0.2951529140219273,586,0.6624350836699365
915,1394414518,114.1591832,22.329653,0.04278798576819964,0.005317469385593376,0.0012953367875647315,0.0035119196576504485,1.0,136,0.9221004039238315,261,0.8499711482977496,577,0.5744373918061165,822,0.5262550490478938
916,1408521472,114.1900623,22.3267414,0.02475763212380888,0.0014951998380143983,0.002590673575129463,0.0024427914920371174,1.0,443,0.7446624350836699,784,0.5478938257357184,244,0.823139065204847,956,0.4486439699942297
917,1408521475,114.1895444,22.3268975,0.02407888019339839,0.0025770705484188627,0.002590673575129463,0.009682301262673639,0.9973053567032821,469,0.7296595499134448,549,0.6834968263127524,244,0.823139065204847,455,0.737738026543566
918,1408521488,114.1893292,22.3273729,0.025131684299318568,0.00136830773049372,0.002590673575129463,0.0028934175127312855,0.9996961446215261,430,0.7524523946912868,819,0.5279861511829198,244,0.823139065204847,898,0.482400461627236
919,1408521515,114.1915946,22.3278671,0.009936666129269014,0.0005812017862291085,0.0006476683937823658,0.001119713098701004,1.0,940,0.45816503173687245,1127,0.3502596653202539,901,0.2951529140219273,1214,0.3000577034045009
920,1409998422,114.1920699,22.3288691,0.007604621838802496,0.00329771851075126,0.003886010362694319,0.023422885787417656,0.9923953781611972,1056,0.3912290825158684,437,0.7484131563762262,123,0.9163300634737449,196,0.8874783612233121
921,1428870156,114.1722297,22.3082934,0.010634839746035941,0.0026622751823144352,0.003886010362694319,0.010409315757475371,0.9967823125395032,921,0.46912867859203694,536,0.6912867859203693,123,0.9163300634737449,419,0.758799769186382
922,1428870157,114.1721911,22.3093602,0.001544410955451816,0.0011103986888523541,0.0006476683937823658,0.004756917856691419,0.998455589044548,1430,0.17484131563762262,903,0.4789382573571841,901,0.2951529140219273,722,0.5833814195037508
923,1436087413,114.194049,22.3304576,0.0003755355226279717,0.0002528605128089715,0.0,0.001156681534215349,0.9996244644773721,1555,0.10328909405654933,1340,0.22735141373341028,1545,0.054818234275822275,1208,0.3035199076745528
924,1458379725,114.1914829,22.3283498,0.0009015335774077743,0.0003362676935848927,0.0006476683937823658,0.0027768005385090757,0.9990984664225921,1484,0.14425851125216388,1283,0.26024235429890363,901,0.2951529140219273,915,0.4725908828620889
925,1562575420,114.1597275,22.3205397,0.004433499674132036,9.382704395687066e-05,0.0012953367875647315,0.0001844403800631223,1.0,1232,0.2893825735718407,1479,0.14685516445470284,577,0.5744373918061165,1509,0.12954414310444315
926,1624949938,114.1687358,22.3030684,0.006012994754816474,0.0007171742038732838,0.0006476683937823658,0.0013211383810224474,0.9999071212470524,1123,0.3525678015002885,1072,0.38199653779572995,901,0.2951529140219273,1164,0.32890940565493365
927,1624949965,114.1692752,22.3031125,0.02350819165961446,0.0013299527398147055,0.0032383419689119533,0.0054630359608769975,0.9987105168045165,491,0.7172533179457588,837,0.517599538372764,170,0.8814195037507213,667,0.6156953260242354
928,1624949976,114.1691511,22.3048394,0.01767899875667531,0.00031759259285051196,0.0006476683937823658,0.0012053028407593277,0.9997818489986346,659,0.6203115983843047,1298,0.2515868436237738,901,0.2951529140219273,1185,0.3167916907097519
929,1624950002,114.1692486,22.3053975,0.04440669574073591,0.0026282626678524362,0.002590673575129463,0.015317215797222629,0.9954642336204943,124,0.9290248124639354,541,0.688401615695326,244,0.823139065204847,302,0.8263127524523947
930,1624950016,114.1681615,22.3064738,0.003407721659018454,8.615783438528758e-05,0.0006476683937823658,9.018672952629593e-05,1.0,1294,0.25389497980380843,1487,0.1425274091171379,901,0.2951529140219273,1543,0.1102135025966532
931,1624950018,114.1671953,22.3070013,0.014202666526787746,0.0033824411449385134,0.0032383419689119533,0.018645497611466066,0.9940334013819081,777,0.5522215810732833,422,0.757068667051356,170,0.8814195037507213,250,0.8563185227928448
932,1624950037,114.1653346,22.3074363,6.442360491279901e-05,1.8607021158904767e-05,0.0,0.00019843021413465202,0.999935576395087,1616,0.06780150028851702,1572,0.09319099826889786,1545,0.054818234275822275,1504,0.13242931332948643
933,1624950047,114.1673663,22.3076398,0.01427364522689732,0.0034888886665601,0.0032383419689119533,0.01886411807955082,0.9939624226817986,772,0.5548182342758222,411,0.7631275245239469,170,0.8814195037507213,246,0.858338141950375
934,1624950068,114.1680701,22.3078231,0.0,0.0,0.0,0.0,1.0,1627,0.031159838430467397,1627,0.031159838430467397,1545,0.054818234275822275,1627,0.031159838430467397
935,1624950102,114.1655095,22.3080611,0.005666573821327704,0.003131089600172722,0.0,0.017453532106710256,0.9943334261786722,1154,0.3346797461050202,459,0.7357184073860358,1545,0.054818234275822275,273,0.8430467397576457
936,1624950117,114.1686347,22.3083098,0.0036612647077847857,0.00026812837336492217,0.0019430051813470973,0.000986336275487165,0.9997090504097285,1279,0.26255049047893825,1328,0.23427582227351415,372,0.727062896710906,1241,0.28447778418926717
937,1624950124,114.1700929,22.3086767,0.024598810270520924,0.0023286100495756375,0.006476683937823782,0.008287309664854515,0.9975713059677365,449,0.7414887478361223,596,0.65666474321985,32,0.9795152914021927,514,0.7039815349105597
938,1624950125,114.1696507,22.3087767,0.007231066890400548,0.0012919862702224273,0.002590673575129463,0.004274256768887482,0.9987536889103232,1077,0.3791113675706867,843,0.514137334102712,244,0.823139065204847,771,0.5556837853433353
939,1624950126,114.1692487,22.3088787,0.007203562647536993,0.0012692115209973383,0.002590673575129463,0.004189541348065958,0.9987811931531868,1078,0.378534333525678,849,0.5106751298326602,244,0.823139065204847,777,0.5522215810732833
940,1624950132,114.1636966,22.309206,0.01153249641141807,5.8611820214589626e-05,0.004533678756476684,0.0002388789855412398,1.0,867,0.49942296595499136,1512,0.12723600692440853,76,0.9434506635891518,1478,0.14685516445470284
941,1624950134,114.1678921,22.3091933,0.020406621492942794,0.0007273400130106836,0.0012953367875647315,0.0008570725701175615,1.0,567,0.673398730525101,1067,0.3848817080207732,577,0.5744373918061165,1283,0.26024235429890363
942,1624950141,114.1680008,22.3097754,0.0009809928523284975,0.00022431359063408262,0.0006476683937823658,0.0015257801213825702,0.9995095035738355,1472,0.15118291979226775,1359,0.21638776687824582,901,0.2951529140219273,1117,0.35603000577034044
943,1624950142,114.169031,22.3099411,0.0038608115436775518,0.00028942390725075176,0.0012953367875647315,0.0015918057880597689,0.9995095035738355,1258,0.27466820542412,1313,0.24293133294864397,577,0.5744373918061165,1105,0.36295441431044434
944,1624950144,114.1694799,22.3100905,0.006343202219690424,0.001357428868678358,0.0071243523316061475,0.00647641602169226,0.9979241102925324,1112,0.35891517599538375,822,0.5262550490478938,22,0.9852856318522792,594,0.6578188113098673
945,1625209816,114.1735065,22.3027621,0.01304751004818771,0.00580398234431057,0.0012953367875647315,0.04018744707455557,0.9869524899518121,808,0.534333525678015,228,0.8690132717830352,577,0.5744373918061165,75,0.9572994806693594
946,1625209821,114.1745233,22.3028212,3.276661960059903e-05,1.3485982837658276e-05,0.0006476683937823658,0.00010092399133226542,0.9999672333803992,1622,0.06462781304096941,1592,0.08193883439122908,901,0.2951529140219273,1538,0.11309867282169649
947,1625209825,114.1697705,22.303157,0.00820154381014837,0.0012066575933244333,0.0012953367875647315,0.005125005233850034,0.9986838329919207,1019,0.4125793421811887,867,0.5002885170225043,577,0.5744373918061165,697,0.5983843046739757
948,1625209832,114.1717393,22.3031921,0.03650274805319806,0.0011393974018901775,0.0006476683937823658,0.002923664580028459,1.0,210,0.879399884593191,895,0.48413156376226196,901,0.2951529140219273,892,0.48586266589728794
949,1625209833,114.1734724,22.3033537,0.03330552122992454,0.003898139360820523,0.0019430051813470973,0.017465721992213558,0.9948241691728171,257,0.8522792844777842,372,0.7859203693017888,372,0.727062896710906,271,0.844200807847663
950,1625209840,114.1721808,22.3039848,0.00045300118366984037,6.152969496162307e-06,0.0006476683937823658,2.4890751219239904e-05,1.0,1537,0.11367570686670514,1612,0.07039815349105598,901,0.2951529140219273,1599,0.07789959607616849
951,1625209841,114.1735183,22.3040708,0.0009555912167450718,0.00031820084685330236,0.0012953367875647315,0.0004715792278090412,0.9998710121852925,1478,0.1477207155222158,1296,0.2527409117137911,577,0.5744373918061165,1415,0.1840738603577611
952,1625209863,114.1711222,22.3051974,0.026113303488312475,0.0009658769183705654,0.0006476683937823658,0.00393077712066727,0.9990393394345266,409,0.7645701096364685,961,0.4460473167916907,901,0.2951529140219273,793,0.5429890363531449
953,1625209874,114.1715768,22.3052682,0.048356222517057006,0.0013947880969366602,0.0006476683937823658,0.003721292826169798,0.9999185671133728,93,0.9469128678592037,814,0.5308713214079631,901,0.2951529140219273,806,0.5354875937680323
954,1625209877,114.1743596,22.3052283,0.0,0.0,0.0006476683937823658,0.0,1.0,1627,0.031159838430467397,1627,0.031159838430467397,901,0.2951529140219273,1627,0.031159838430467397
955,1625209880,114.1697429,22.3052836,0.02650102842464661,0.0012409732292593936,0.0012953367875647315,0.005989492880139692,0.9983647698709655,400,0.7697634160415464,856,0.5066358915175996,577,0.5744373918061165,631,0.6364685516445471
956,1625209882,114.1720632,22.3054538,0.01584969462215961,0.0013125827704793137,0.0012953367875647315,0.007033975241549652,0.9980267346331623,719,0.5856895556837853,841,0.5152914021927294,577,0.5744373918061165,567,0.673398730525101
957,1625209888,114.1672983,22.3057849,0.024444464805248957,0.0004802278644252059,0.0006476683937823658,0.000979062370469918,1.0,453,0.7391806116560877,1194,0.31159838430467396,901,0.2951529140219273,1246,0.2815926139642239
958,1625209894,114.173022,22.3060769,0.015693266724383297,0.0008323568589103905,0.002590673575129463,0.0012281966402181198,1.0,723,0.582804385458742,1021,0.41142527409117136,244,0.823139065204847,1183,0.31794575879976916
959,1625209896,114.1694421,22.3061874,0.018130246719345114,0.0006178359573554132,0.0006476683937823658,0.003283223382536964,0.9991108375948253,640,0.6312752452394691,1115,0.3571840738603578,901,0.2951529140219273,850,0.5100980957876514
960,1625209899,114.1726288,22.3062233,0.0007073745771507105,0.00038089347989986625,0.0,0.002178774208729493,0.9992926254228489,1507,0.1309867282169648,1250,0.27928447778418924,1545,0.054818234275822275,1001,0.4229659549913445
961,1625209902,114.1734877,22.3064258,0.015693266724383297,0.0008144655529819948,0.0019430051813470973,0.0011701377211653298,1.0,723,0.582804385458742,1027,0.40767455279861514,372,0.727062896710906,1196,0.31015579919215236
962,1625209910,114.1725876,22.3066248,0.00040170902838924065,0.00023209480045883782,0.0,0.0012372981709261983,0.9995982909716105,1546,0.10848240046162723,1353,0.21984997114829774,1545,0.054818234275822275,1182,0.31852279284477786
963,1625209919,114.1740122,22.306722,0.015693266724383297,0.0008144655529819948,0.0019430051813470973,0.0011701377211653298,1.0,723,0.582804385458742,1027,0.40767455279861514,372,0.727062896710906,1196,0.31015579919215236
964,1625209947,114.1725428,22.3071152,0.002031408365654175,0.0015124156791299543,0.0,0.006256911539445561,0.9979685916343457,1397,0.1944604731679169,781,0.5499134448932487,1545,0.054818234275822275,604,0.6520484708597807
965,1625209971,114.1743467,22.3076813,0.010214003563257686,0.0060344212676374746,0.002590673575129463,0.03146000471367766,0.9897859964367421,932,0.4624927870744374,216,0.8756491633006347,244,0.823139065204847,129,0.9255626081938835
966,1625209996,114.1741667,22.3082767,0.010214003563257686,0.0060344212676374746,0.0006476683937823658,0.03146000471367766,0.9897859964367421,932,0.4624927870744374,216,0.8756491633006347,901,0.2951529140219273,129,0.9255626081938835
967,1625210005,114.1712781,22.3084117,0.051575679517484666,0.007768279540134954,0.0019430051813470973,0.01898053101660728,0.9970679284513149,75,0.9572994806693594,149,0.914598961338719,372,0.727062896710906,245,0.859203693017888
968,1625210019,114.1721754,22.3083478,0.008682139155911733,0.001269438960109917,0.003886010362694319,0.0043948308995793986,0.9987350131296278,997,0.4252740911713791,848,0.5112521638776688,123,0.9163300634737449,758,0.5631852279284478
969,1634974089,114.1791731,22.3298194,0.0,0.0,0.0006476683937823658,0.0,1.0,1627,0.031159838430467397,1627,0.031159838430467397,901,0.2951529140219273,1627,0.031159838430467397
970,1634974112,114.181674,22.332425,0.011835319610792844,0.009095925533499123,0.0019430051813470973,0.03645379683269544,0.9881646803892069,856,0.5066358915175996,112,0.9359492210040392,372,0.727062896710906,108,0.9382573571840739
971,1634974118,114.1787439,22.3324254,0.003044445905188934,0.0016724396789712425,0.004533678756476684,0.009377153819714651,0.9969555540948111,1323,0.2371609924985574,741,0.5729948066935949,76,0.9434506635891518,468,0.7305251009809579
972,1636543631,114.1734046,22.3181714,0.028982884191643105,0.0017882065284455903,0.0006476683937823658,0.0017161749451582503,1.0,343,0.8026543566070398,702,0.5954991344489324,901,0.2951529140219273,1083,0.37564916330063475
973,1636543637,114.1718354,22.3187498,0.0002853131293093658,0.00017222574283799828,0.0012953367875647315,0.0008787888448791277,0.9997146868706904,1567,0.09636468551644548,1409,0.18753606462781305,577,0.5744373918061165,1276,0.2642815926139642
974,1636543654,114.1724172,22.3188646,0.00043882154580674354,0.0002967735332943174,0.0006476683937823658,0.0012729948792306032,0.9995888401133914,1538,0.11309867282169649,1308,0.24581650317368725,901,0.2951529140219273,1177,0.3214079630698211
975,1636543655,114.1730241,22.3189809,0.036519636653829304,0.001912566526050323,0.0006476683937823658,0.0015429212996436782,1.0,207,0.8805539526832084,675,0.6107905366416618,901,0.2951529140219273,1113,0.35804962492787074
976,1636543662,114.1652321,22.3201012,0.023679467645438067,0.00029156773051031306,0.0006476683937823658,0.00037853927445844697,1.0,484,0.7212925562608193,1312,0.24350836699365264,901,0.2951529140219273,1436,0.17195614541257934
977,1636543682,114.1647701,22.3208828,0.002143959428855784,3.7616161746514843e-05,0.0006476683937823658,5.417330082059057e-05,1.0,1388,0.19907674552798615,1540,0.11136757068667051,901,0.2951529140219273,1569,0.0946335833814195
978,1636543686,114.1644987,22.321091,0.002378710035629843,4.42884856905322e-05,0.0032383419689119533,8.132172979536634e-05,1.0,1376,0.20657818811309867,1528,0.11886901327178304,170,0.8814195037507213,1549,0.10675129832660127
979,1636543699,114.1807217,22.3215384,0.0007965004670706057,0.0004088182693304435,0.0,0.0024532895737993097,0.9992034995329293,1493,0.13906520484708598,1232,0.2896710905943451,1545,0.054818234275822275,951,0.45181765724177725
980,1636543831,114.1744451,22.3260673,0.015963899917685632,0.0008259039393915152,0.0012953367875647315,0.0029732549766686264,0.9996709168610427,711,0.5903058280438546,1022,0.4108482400461627,577,0.5744373918061165,887,0.4887478361223312
981,1636543835,114.1762924,22.3261312,0.0026328830825316086,0.000524651128646095,0.004533678756476684,0.0033360995615638865,0.9989729114556911,1351,0.22100403923831505,1162,0.33006347374495093,76,0.9434506635891518,842,0.5147143681477208
982,1636543837,114.1762909,22.3262258,0.0026153984657944535,0.00031334148026743126,0.0012953367875647315,0.0018384280124710544,0.9994599254422216,1354,0.2192729371032891,1302,0.24927870744373917,577,0.5744373918061165,1062,0.3877668782458165
983,1636543839,114.1776704,22.3262677,0.0005400745577783603,0.0002104564580342057,0.0006476683937823658,0.0016634758376789021,0.9994599254422216,1526,0.12002308136180034,1374,0.20773225620311597,901,0.2951529140219273,1094,0.3690132717830352
984,1636543840,114.1690848,22.3265169,0.017904159659500696,0.0029662574852318915,0.0019430051813470973,0.009186677109708547,0.9970196655122127,653,0.6237738026543566,481,0.7230236583958454,372,0.727062896710906,483,0.7218695903058281
985,1636543843,114.1685268,22.3265822,0.00983359741016277,0.00975411894605271,0.0006476683937823658,0.005256901053579557,0.9989097163016778,946,0.45470282746682056,104,0.9405654933641084,901,0.2951529140219273,681,0.6076168493941142
986,1636543858,114.1783464,22.3265456,0.0,0.0,0.0006476683937823658,0.0,1.0,1627,0.031159838430467397,1627,0.031159838430467397,901,0.2951529140219273,1627,0.031159838430467397
987,1636543866,114.178662,22.3269876,0.034044038003625175,0.0026595619891492846,0.0012953367875647315,0.007540787640653319,0.9998750031419962,246,0.8586266589728794,537,0.6907097518753607,577,0.5744373918061165,537,0.6907097518753607
988,1636543900,114.1677193,22.3282199,0.008846272331966741,0.017955889133590922,0.0006476683937823658,0.02724727552115574,0.9911537276680334,994,0.4270051933064051,32,0.9821119446047317,901,0.2951529140219273,154,0.9117137911136757
989,1636543916,114.1786506,22.3287249,0.011450578895357584,0.005579695716068862,0.012953367875647688,0.030792563760325,0.9900337926196278,875,0.4956722446624351,242,0.860934795152914,2,0.999134448932487,135,0.9226774379688402
990,1636641311,114.1758576,22.3128298,0.02231058976436718,0.0018114370400846016,0.0006476683937823658,0.004421316079096792,1.0,520,0.7005193306405078,697,0.5983843046739757,901,0.2951529140219273,756,0.5643392960184651
991,1636641318,114.1790152,22.3136518,0.009936004804423752,0.007972691155960703,0.0006476683937823658,0.030603744755557515,0.990063995195576,941,0.4575879976918638,143,0.9180611656087709,901,0.2951529140219273,136,0.9221004039238315
992,1636641328,114.1815619,22.3145251,0.06772552218930111,0.03662748474044806,0.0006476683937823658,0.02643156829969316,1.0,30,0.983266012694749,13,0.9930755914598961,901,0.2951529140219273,162,0.9070975187536064
993,1636641331,114.1779638,22.3149555,0.009619467306520418,0.0022427352327982365,0.0006476683937823658,0.011225011525458769,0.997272512019671,953,0.45066358915175997,611,0.6480092325447201,901,0.2951529140219273,389,0.7761107905366417
994,1636641338,114.1727039,22.3158004,0.007761345413962384,0.004872078220368779,0.0019430051813470973,0.022378514746040454,0.992767937523217,1042,0.3993075591459896,294,0.8309290248124639,372,0.727062896710906,207,0.881130986728217
995,1636641344,114.1793744,22.3158609,0.011482000920037377,0.0028305328741509645,0.0019430051813470973,0.014618031678051778,0.9958567003703919,872,0.49740334679746107,500,0.7120600115406809,372,0.727062896710906,322,0.8147720715522215
996,1636641355,114.1769436,22.3161634,0.004467589010251691,0.002490289804968813,0.0012953367875647315,0.013760556323564084,0.9955324109897482,1230,0.2908251586843624,567,0.673398730525101,577,0.5744373918061165,343,0.8026543566070398
997,1636641357,114.1795528,22.3162555,0.005777044362424189,0.0029682167478429396,0.0012953367875647315,0.01779379082329423,0.9942229556375756,1144,0.3404500865551068,480,0.723600692440854,577,0.5744373918061165,264,0.8482400461627236
998,1636641362,114.1740031,22.3164512,0.0681891605011737,0.004040547088893121,0.0019430051813470973,0.009794336678167398,1.0,27,0.9849971148297749,366,0.7893825735718407,372,0.727062896710906,452,0.7397576457010964
999,1636641367,114.1739792,22.3166438,0.045496320952816055,0.001803846939121244,0.0006476683937823658,0.003272745955869188,1.0,114,0.9347951529140219,700,0.5966532025389498,901,0.2951529140219273,852,0.5089440276976341
1000,1636641375,114.175778,22.3167862,0.0008471698050339959,2.1856508744206873e-05,0.0012953367875647315,3.563589151340692e-05,1.0,1490,0.14079630698211196,1565,0.09751875360646278,577,0.5744373918061165,1586,0.08540103866128101
1001,1636641377,114.1778335,22.3169323,0.0,0.0,0.0006476683937823658,0.0,1.0,1627,0.031159838430467397,1627,0.031159838430467397,901,0.2951529140219273,1627,0.031159838430467397
1002,1636641378,114.1755972,22.316935,0.0,0.0,0.0006476683937823658,0.0,1.0,1627,0.031159838430467397,1627,0.031159838430467397,901,0.2951529140219273,1627,0.031159838430467397
1003,1636641379,114.1737889,22.3171958,0.04180697756183328,0.0035405617619385615,0.0006476683937823658,0.00754927026403783,0.9984197259433624,146,0.9163300634737449,403,0.7680323139065205,901,0.2951529140219273,535,0.6918638199653779
1004,1636685510,114.1761949,22.3111808,0.027401378274685355,0.012257773200606404,0.002590673575129463,0.06646307175954834,0.978555482769575,375,0.7841892671667628,74,0.9578765147143682,244,0.823139065204847,23,0.9873052510098096
1005,1636685526,114.1750087,22.3111949,0.020428007126515373,0.010951945413286042,0.0019430051813470973,0.06292000942735501,0.9795719928734845,565,0.6745527986151183,89,0.9492210040392384,372,0.727062896710906,31,0.9826889786497404
1006,1636685557,114.1743595,22.3118729,0.0,0.0,0.0006476683937823658,0.0,1.0,1627,0.031159838430467397,1627,0.031159838430467397,901,0.2951529140219273,1627,0.031159838430467397
1007,1636685662,114.1722161,22.314068,0.04889045577161222,0.002312228689249521,0.0012953367875647315,0.0056673351702536505,0.9998017079098439,89,0.9492210040392384,599,0.654933641084824,577,0.5744373918061165,652,0.6243508366993653
1008,1636685663,114.1703989,22.3145697,0.04085329116377852,0.006301483344886188,0.004533678756476684,0.025250138905848235,0.9924604395633512,160,0.9079630698211194,195,0.8877668782458165,76,0.9434506635891518,173,0.900461627236007
1009,1636685664,114.1707353,22.3146308,0.0,0.0,0.0006476683937823658,0.0,1.0,1627,0.031159838430467397,1627,0.031159838430467397,901,0.2951529140219273,1627,0.031159838430467397
1010,1636768897,114.169953,22.3100905,0.023138426857483584,0.0005797365590881572,0.0012953367875647315,0.0009794264845794593,1.0,502,0.7109059434506636,1128,0.34968263127524524,577,0.5744373918061165,1245,0.28216964800923255
1011,1636768900,114.1704199,22.3101776,0.0009770449235402643,1.0933447819959987e-05,0.0006476683937823658,1.393814172793067e-05,1.0,1473,0.15060588574725908,1596,0.07963069821119446,901,0.2951529140219273,1612,0.07039815349105598
1012,1636768902,114.1706807,22.3102195,0.0011752141607688689,1.5244837703685502e-05,0.0012953367875647315,4.942273329826863e-05,0.9999885809673451,1459,0.15868436237738026,1588,0.08424697057126371,577,0.5744373918061165,1575,0.09174841315637623
1013,1636768903,114.1716514,22.3103567,0.0,0.0,0.0006476683937823658,0.0,1.0,1627,0.031159838430467397,1627,0.031159838430467397,901,0.2951529140219273,1627,0.031159838430467397
1014,1636768904,114.1693789,22.3106548,0.00609590968099209,0.0010953629432807965,0.0071243523316061475,0.005714733848299236,0.9981714028312308,1118,0.3554529717253318,915,0.4725908828620889,22,0.9852856318522792,648,0.6266589728793999
1015,1636768911,114.169277,22.3111705,0.005931691878941587,0.0005328957650189677,0.004533678756476684,0.0023288103551252215,0.9993452857717852,1129,0.3491055972302366,1155,0.3341027120600115,76,0.9434506635891518,970,0.4408540103866128
1016,1636768923,114.1696451,22.3112261,0.0,0.0,0.0006476683937823658,0.0,1.0,1627,0.031159838430467397,1627,0.031159838430467397,901,0.2951529140219273,1627,0.031159838430467397
1017,1636768930,114.1703709,22.3118131,0.0008900091792638334,0.00028777910675507353,0.0012953367875647315,0.001366381779697282,0.9995567041975999,1486,0.14310444316214657,1314,0.2423542989036353,577,0.5744373918061165,1150,0.33698788228505483
1018,1636768934,114.170835,22.3118402,0.04420009921978556,0.0030569739305192174,0.003886010362694319,0.0073693962041803075,0.998900633590772,126,0.927870744373918,468,0.7305251009809579,123,0.9163300634737449,550,0.6832083092902481
1019,1636768937,114.1690958,22.3120931,0.005410679608533021,0.0004330825436533184,0.002590673575129463,0.0012937489748110463,0.9996715643958988,1175,0.32256203115983845,1220,0.29659549913444894,244,0.823139065204847,1170,0.3254472013848817
1020,1636768941,114.1680362,22.3130195,0.0,0.0,0.0006476683937823658,0.0,1.0,1627,0.031159838430467397,1627,0.031159838430467397,901,0.2951529140219273,1627,0.031159838430467397
1021,1636768942,114.1673432,22.3133341,0.0,0.0,0.0012953367875647315,0.0,1.0,1627,0.031159838430467397,1627,0.031159838430467397,577,0.5744373918061165,1627,0.031159838430467397
1022,1636768949,114.1670462,22.3170133,0.0052703262717524535,0.0009642882727514359,0.0019430051813470973,0.0039005176133310505,0.9987583728398313,1185,0.3167916907097519,964,0.44431621465666477,372,0.727062896710906,796,0.5412579342181189
1023,1640472705,114.1614284,22.307121,0.0024074929622687957,5.91096661110026e-05,0.0006476683937823658,0.00020467556964203772,1.0,1370,0.21004039238315061,1511,0.1286785920369302,901,0.2951529140219273,1502,0.13387189844200809
1024,1640472711,114.1613115,22.3072321,0.0,0.0,0.0006476683937823658,0.0,1.0,1627,0.031159838430467397,1627,0.031159838430467397,901,0.2951529140219273,1627,0.031159838430467397
1025,1640472713,114.1617332,22.3074714,0.0007202901672245305,5.0419939022590526e-05,0.0019430051813470973,7.352202382262205e-05,1.0,1502,0.13358338141950374,1521,0.12261973456433929,372,0.727062896710906,1556,0.10242354298903636
1026,1640472718,114.1608066,22.3092355,0.005272885962460323,7.38818171899008e-05,0.00518134715025905,0.0006292742480071349,0.9998125708713532,1184,0.3173687247547605,1498,0.1361800346220427,59,0.9619157530294288,1354,0.2192729371032891
1027,1640472735,114.1581879,22.3172787,0.016845807304629465,0.0020584725240324645,0.0006476683937823658,0.005456616594831372,0.9995557693005377,683,0.6064627813040969,641,0.6306982111944605,901,0.2951529140219273,668,0.6151182919792267
1028,1640472756,114.1616675,22.3181344,0.0026173412760969192,0.00015594574750777936,0.0006476683937823658,0.000656929455780198,0.9998224379012117,1353,0.21984997114829774,1420,0.18118869013271782,901,0.2951529140219273,1346,0.22388920946335833
1029,1640472796,114.1615798,22.3191301,6.649320649016327e-05,3.9295654655276714e-05,0.0,0.00020480476403335102,0.9999335067935097,1615,0.06866705135603,1536,0.1142527409117138,1545,0.054818234275822275,1501,0.13444893248701673
1030,1640472834,114.1599574,22.319473,0.004340069474168534,0.0005334076852959544,0.0006476683937823658,0.0017721009531969836,0.999550685246686,1236,0.2873629544143104,1154,0.3346797461050202,901,0.2951529140219273,1075,0.380265435660704
1031,1640472837,114.1629184,22.3194992,0.0016568294329946665,0.0014563386271324377,0.0,0.00510317638416287,0.9983431705670053,1422,0.18003462204270052,798,0.5401038661281016,1545,0.054818234275822275,698,0.5978072706289671
1032,1640472859,114.160381,22.3199984,0.0,0.0,0.0,0.0,1.0,1627,0.031159838430467397,1627,0.031159838430467397,1545,0.054818234275822275,1627,0.031159838430467397
1033,1640472860,114.1619669,22.3200037,0.0057723168824698745,0.0008365932721659976,0.0032383419689119533,0.004902504760196008,0.998456434319714,1146,0.3390075014425851,1016,0.41402192729371035,170,0.8814195037507213,710,0.5905943450663589
1034,1640472865,114.1635596,22.3202127,0.007071280067978504,0.0017574552636892683,0.0012953367875647315,0.006275025656307458,0.9980640190900243,1088,0.37276399307559144,712,0.5897287939988459,577,0.5744373918061165,602,0.6532025389497981
1035,1640472868,114.1625259,22.3203902,0.0059690742907210345,0.0005713207004006387,0.0012953367875647315,0.002880137576113517,0.9991662248672817,1125,0.3514137334102712,1134,0.3462204270051933,577,0.5744373918061165,901,0.48066935949221
1036,1640472869,114.1619523,22.3204718,0.0057723168824698745,0.0008365932721659976,0.0032383419689119533,0.004902504760196008,0.998456434319714,1146,0.3390075014425851,1016,0.41402192729371035,170,0.8814195037507213,710,0.5905943450663589
1037,1640472873,114.1598552,22.3206795,0.003675644378428824,0.00017252014551888745,0.0006476683937823658,0.0003253971724165192,1.0,1272,0.26658972879399884,1408,0.1881130986728217,901,0.2951529140219273,1450,0.16387766878245816
1038,1640472874,114.1603705,22.3209096,0.000541846716155501,0.00029168757621401276,0.0,0.0016689342370766085,0.9994581532838444,1525,0.120600115406809,1311,0.24408540103866128,1545,0.054818234275822275,1091,0.3710328909405655
1039,1640472879,114.1627113,22.3213195,0.00039939154604865895,6.294461135192464e-05,0.0006476683937823658,0.00050981675247341,0.999840246520502,1547,0.10790536641661858,1509,0.1298326601269475,901,0.2951529140219273,1403,0.19099826889786498
1040,1640472885,114.1620079,22.3214238,0.024937892949160302,0.001216492531290362,0.0006476683937823658,0.0023984590066412972,0.9997370326033831,437,0.7484131563762262,866,0.500865551067513,901,0.2951529140219273,961,0.4460473167916907
1041,1640472887,114.1599863,22.3214176,0.0,0.0,0.0,0.0,1.0,1627,0.031159838430467397,1627,0.031159838430467397,1545,0.054818234275822275,1627,0.031159838430467397
1042,1640472888,114.163852,22.321587,0.002143959428855784,3.7616161746514843e-05,0.0012953367875647315,5.417330082059057e-05,1.0,1388,0.19907674552798615,1540,0.11136757068667051,577,0.5744373918061165,1569,0.0946335833814195
1043,1640472891,114.1634268,22.3219131,0.002143959428855784,3.7616161746514843e-05,0.0006476683937823658,5.417330082059057e-05,1.0,1388,0.19907674552798615,1540,0.11136757068667051,901,0.2951529140219273,1569,0.0946335833814195
1044,1640472893,114.1603595,22.3219477,0.0015814782183473555,0.0005735830592052911,0.0,0.004871088197262929,0.9984185217816526,1425,0.17830351990767454,1131,0.34795152914021926,1545,0.054818234275822275,713,0.5891517599538373
1045,1640472897,114.1603512,22.3225101,0.0009241108888481883,0.0007589245281027551,0.0,0.002846340589081732,0.9990758891111519,1480,0.14627813040969417,1047,0.396133871898442,1545,0.054818234275822275,907,0.4769186381996538
1046,1640472898,114.1606676,22.3225141,0.0009241108888481883,0.0007589245281027551,0.0,0.002846340589081732,0.9990758891111519,1480,0.14627813040969417,1047,0.396133871898442,1545,0.054818234275822275,907,0.4769186381996538
1047,1640472899,114.1610069,22.3225183,0.0013839831368229905,0.0009154997487069024,0.0,0.004262786451801004,0.9986160168631769,1448,0.16503173687247547,982,0.4339296018465089,1545,0.054818234275822275,772,0.5551067512983267
1048,1640472913,114.1593941,22.3234053,0.006070499336305939,0.0016861819833265323,0.0019430051813470973,0.012272505534891924,0.9960676836292438,1119,0.35487593768032316,731,0.5787651471436814,372,0.727062896710906,366,0.7893825735718407
1049,1640472918,114.1602375,22.3241447,0.004747971562321192,0.002097421672412031,0.0006476683937823658,0.014624158568767021,0.9952520284376787,1224,0.2942873629544143,635,0.6341604154645124,901,0.2951529140219273,321,0.8153491055972303
1050,1640472919,114.1609827,22.3241402,0.0199557105938923,0.014354633183907525,0.0012953367875647315,0.05893769834062944,0.9809684002949558,587,0.6618580496249279,50,0.9717253317945759,577,0.5744373918061165,38,0.9786497403346798
1051,1640472920,114.1619702,22.3241874,0.048395598305276656,0.013156612954902114,0.0019430051813470973,0.021050712136637166,0.9953189337291318,90,0.9486439699942296,62,0.964800923254472,372,0.727062896710906,223,0.8718984420080784
1052,1640472922,114.1579631,22.3244827,0.008267143635073583,0.0010382800980264736,0.0019430051813470973,0.0014867546192908925,1.0,1015,0.414598961338719,936,0.46018465089440275,372,0.727062896710906,1132,0.3470859780727063
1053,1640472923,114.1581374,22.3245001,0.00390236224098968,0.00015451128410041732,0.0006476683937823658,0.00021494169320998552,1.0,1255,0.276399307559146,1424,0.1788805539526832,901,0.2951529140219273,1496,0.13733410271206
1054,1641766299,114.1673292,22.3253879,0.0077099619443019435,0.00020839196414990403,0.0012953367875647315,0.000606046390695083,0.9998926554030151,1045,0.39757645701096367,1377,0.20600115406809003,577,0.5744373918061165,1363,0.2140796306982112
1055,1641766324,114.1634104,22.3264083,0.024219461356379646,0.00217232954951329,0.0012953367875647315,0.005647897276558796,0.998398600793034,461,0.7345643392960185,620,0.6428159261396422,577,0.5744373918061165,653,0.6237738026543566
1056,1641766327,114.1621988,22.3264481,0.007911934831636987,0.001877863554198662,0.0006476683937823658,0.005518901029718827,0.9982558978173958,1035,0.4033467974610502,683,0.6064627813040969,901,0.2951529140219273,662,0.6185804962492787
1057,1641766330,114.1608954,22.3267034,0.011279363183604334,0.0059529997307044375,0.0006476683937823658,0.007445264865505865,0.9977877297000476,884,0.49047893825735717,220,0.8736295441431045,901,0.2951529140219273,542,0.6878245816503173
1058,1641766332,114.1625904,22.3268852,0.020605288137608976,0.0010253094487389402,0.0006476683937823658,0.0029972221838880605,0.9993593253729859,559,0.6780150028851702,940,0.45816503173687245,901,0.2951529140219273,885,0.4899019042123485
1059,1641766334,114.1612938,22.3271335,0.02064923231481543,0.0072048790653551084,0.0006476683937823658,0.006678492492323262,0.9980723553624011,558,0.6785920369301789,168,0.9036353144835545,901,0.2951529140219273,587,0.6618580496249279
1060,1641766351,114.1616944,22.3275776,0.02307741171696648,0.0009005504619342161,0.0006476683937823658,0.001342324683828009,1.0,503,0.710328909405655,989,0.4298903635314484,901,0.2951529140219273,1156,0.3335256780150029
1061,1641766386,114.1621341,22.32807,0.00964463218097481,0.0011891285387382192,0.0006476683937823658,0.0020774194779473016,0.999518886069397,952,0.4512406231967686,870,0.49855741488747835,901,0.2951529140219273,1019,0.4125793421811887
1062,1641766422,114.1570682,22.3296682,0.00024407892556602658,0.0002147212608861987,0.0019430051813470973,0.0007517839700426302,0.9997559210744337,1585,0.08568955568378535,1371,0.20917484131563763,372,0.727062896710906,1322,0.23744950952106175
1063,1641766435,114.1543973,22.3297353,0.012454165877903762,0.014420199680617337,0.0006476683937823658,0.03835989627350474,0.987545834122096,832,0.5204847085978073,49,0.9723023658395845,901,0.2951529140219273,97,0.944604731679169
1064,1641766439,114.1595218,22.3300325,0.015103853719688651,0.0029811889846511216,0.0006476683937823658,0.0015528639752531812,1.0,743,0.5718407386035776,479,0.7241777264858626,901,0.2951529140219273,1112,0.35891517599538375
1065,1641766446,114.1657486,22.3303719,0.002805268804049827,7.241913232508551e-05,0.0006476683937823658,6.685748812054134e-05,1.0,1338,0.2285054818234276,1501,0.13444893248701673,901,0.2951529140219273,1560,0.10040392383150606
1066,1641766448,114.1648506,22.3311074,0.01292363622187516,0.005209870014414135,0.0032383419689119533,0.01761479113917521,0.9945858474026559,815,0.5302942873629544,271,0.844200807847663,170,0.8814195037507213,267,0.8465089440276976
1067,1641766472,114.1687587,22.3315756,0.02011759585394932,0.008270281227951369,0.0006476683937823658,0.021551331191672504,0.9941692166999043,579,0.6664743219849971,134,0.9232544720138488,901,0.2951529140219273,219,0.8742065781881131
1068,1641766506,114.1673375,22.3322035,0.009675731434102577,0.005171235135336989,0.0019430051813470973,0.01268639528505149,0.9964621669510197,951,0.45181765724177725,275,0.8418926716676284,372,0.727062896710906,357,0.7945758799769186
1069,1641766523,114.1634919,22.3328673,0.0,0.0,0.0,0.0,1.0,1627,0.031159838430467397,1627,0.031159838430467397,1545,0.054818234275822275,1627,0.031159838430467397
1070,1642181741,114.1836758,22.3046552,0.01925740485247664,0.0018343641294459314,0.0006476683937823658,0.010091426114283417,0.9970365702121887,604,0.6520484708597807,692,0.601269474899019,901,0.2951529140219273,436,0.7489901904212348
1071,1642181820,114.1832556,22.3049167,0.015871706899900206,0.0004733548375342716,0.004533678756476684,0.0011595690784038611,1.0,715,0.5874206578188114,1203,0.3058280438545874,76,0.9434506635891518,1202,0.3064050778995961
1072,1642181939,114.1837127,22.3051168,0.010199947673931977,0.0004671438352236378,0.0006476683937823658,0.0006158663263040557,1.0,935,0.46105020196191576,1208,0.3035199076745528,901,0.2951529140219273,1360,0.21581073283323715
1073,1642182880,114.1828292,22.3055167,0.015871706899900206,0.0004733548375342716,0.004533678756476684,0.0011595690784038611,1.0,715,0.5874206578188114,1203,0.3058280438545874,76,0.9434506635891518,1202,0.3064050778995961
1074,1642183081,114.1842014,22.305781,0.023000314871532656,0.0025530940281579336,0.0006476683937823658,0.002749292231016251,1.0,506,0.7085978072706289,554,0.6809001731102136,901,0.2951529140219273,916,0.4720138488170802
1075,1642183297,114.1831546,22.3059325,0.0,0.0,0.0,0.0,1.0,1627,0.031159838430467397,1627,0.031159838430467397,1545,0.054818234275822275,1627,0.031159838430467397
1076,1642183520,114.1854795,22.306088,0.0005538183246871448,0.00036806184736261604,0.0,0.0017058078154440432,0.9994461816753129,1522,0.12233121754183497,1262,0.2723600692440854,1545,0.054818234275822275,1085,0.3744950952106174
1077,1642184436,114.1859462,22.3067242,0.007592049003058871,0.0031536004784408736,0.002590673575129463,0.01745840864952437,0.994333814044894,1057,0.39065204847085977,455,0.7380265435660704,244,0.823139065204847,272,0.8436237738026544
1078,1642184438,114.1843496,22.3068019,0.016304367799191748,0.00253332567457573,0.002590673575129463,0.002266783189359881,1.0,697,0.5980957876514714,558,0.6783035199076746,244,0.823139065204847,986,0.43133294864397
1079,1642184439,114.1828611,22.306806,0.007613835312066818,0.0006568173460896848,0.002590673575129463,0.0025087194444281843,0.9993626809380763,1054,0.39238315060588574,1102,0.36468551644547026,244,0.823139065204847,944,0.45585689555683784
1080,1642184453,114.1853471,22.3071007,0.0026913430822602777,0.00016930101128011325,0.0006476683937823658,0.00013737589084400725,0.9999663037932482,1348,0.22273514137334102,1411,0.18638199653779572,901,0.2951529140219273,1530,0.11771494518176573
1081,1642184499,114.1858997,22.3073215,0.024088796997028157,0.0027313107620253276,0.0006476683937823658,0.004733105579842432,0.9990704315314975,468,0.7305251009809579,525,0.6976341604154646,901,0.2951529140219273,727,0.5810732833237161
1082,1642184525,114.1839442,22.3074261,0.0,0.0,0.0,0.0,1.0,1627,0.031159838430467397,1627,0.031159838430467397,1545,0.054818234275822275,1627,0.031159838430467397
1083,1642184531,114.1847758,22.3074597,0.016304367799191748,0.00253332567457573,0.002590673575129463,0.002266783189359881,1.0,697,0.5980957876514714,558,0.6783035199076746,244,0.823139065204847,986,0.43133294864397
1084,1642184594,114.1835127,22.3076955,0.0,0.0,0.0,0.0,1.0,1627,0.031159838430467397,1627,0.031159838430467397,1545,0.054818234275822275,1627,0.031159838430467397
1085,1642184595,114.185061,22.3078495,0.0340318568733926,0.0036429159747376374,0.0006476683937823658,0.0038165135892993334,0.9996573320312051,247,0.8580496249278707,393,0.773802654356607,901,0.2951529140219273,799,0.5395268320830929
1086,1642184661,114.1827514,22.3081723,0.0,0.0,0.0,0.0,1.0,1627,0.031159838430467397,1627,0.031159838430467397,1545,0.054818234275822275,1627,0.031159838430467397
1087,1642184796,114.1872477,22.3093504,0.007590861879863383,0.005309253353592816,0.0006476683937823658,0.02338050393681398,0.9924091381201365,1058,0.39007501442585113,262,0.8493941142527409,901,0.2951529140219273,197,0.8869013271783035
1088,1642184800,114.1876102,22.3098066,0.03868662308443841,0.007614625102559664,0.0012953367875647315,0.02904927513677582,0.991092085522713,181,0.896133871898442,154,0.9117137911136757,577,0.5744373918061165,143,0.9180611656087709
1089,1642184803,114.1852352,22.3103285,0.0474686102809953,0.011951773794564961,0.00518134715025905,0.03868254651815233,0.9884327248519972,103,0.9411425274091172,80,0.9544143104443162,59,0.9619157530294288,93,0.9469128678592037
1090,1642184836,114.1893643,22.311243,0.0007599357620251218,0.0007037505819664716,0.0006476683937823658,0.002340667154396104,0.9992400642379748,1496,0.13733410271206,1077,0.3791113675706867,901,0.2951529140219273,969,0.44143104443162146
1091,1642184880,114.1877002,22.3122514,0.030546871694382218,0.0027487802896298107,0.0006476683937823658,0.005166481495420421,0.9995692396635805,302,0.8263127524523947,517,0.7022504327755338,901,0.2951529140219273,694,0.6001154068090018
1092,1645492675,114.1555974,22.3323231,0.012985648217741034,0.008174673516529035,0.007772020725388638,0.03944894858723286,0.9871931376372796,811,0.532602423542989,136,0.9221004039238315,17,0.9896133871898442,82,0.953260242354299
1093,1645492687,114.1556611,22.3324146,0.013997541422691544,0.009060418292468186,0.0012953367875647315,0.04295790176652346,0.9860552422494222,787,0.5464512406231967,113,0.9353721869590306,577,0.5744373918061165,68,0.96133871898442
1094,1649047644,114.1706449,22.2946637,0.020551012679435165,0.004076975884832896,0.0019430051813470973,0.02226047150079228,0.992954570533019,562,0.6762839007501442,361,0.792267743796884,372,0.727062896710906,208,0.8805539526832084
1095,1649047767,114.1712611,22.2955321,0.006376456335644319,0.0023775537001044424,0.002590673575129463,0.01799534060318232,0.9941637681536494,1111,0.3594922100403924,586,0.6624350836699365,244,0.823139065204847,261,0.8499711482977496
1096,1649047771,114.1722642,22.295601,0.01094552002054455,0.0011155494004906846,0.0012953367875647315,0.007059685341793496,0.9979676912223155,902,0.4800923254472014,902,0.4800923254472014,577,0.5744373918061165,566,0.6739757645701097
1097,1649047793,114.1702054,22.2962672,0.029544750587714986,0.014429193985080933,0.0019430051813470973,0.020720774522977853,0.9946646303577469,330,0.8101557991921523,48,0.9728793998845932,372,0.727062896710906,226,0.8701673398730525
1098,1649047802,114.1716292,22.2964281,0.003912202654282442,0.00190984074285683,0.0006476683937823658,0.012049918837636757,0.9960877973457175,1254,0.27697634160415463,678,0.6093479515291402,901,0.2951529140219273,372,0.7859203693017888
1099,1649047896,114.1736434,22.2971,0.01855728825700532,0.0037822112181450183,0.006476683937823782,0.024131650722184504,0.9924370902765441,622,0.641661858049625,382,0.7801500288517023,32,0.9795152914021927,187,0.8926716676283901
1100,1649047910,114.1756058,22.2972478,0.014658786952925705,0.0005718333872606724,0.0012953367875647315,0.001769468278968266,0.9996815653001796,762,0.5608770917484132,1133,0.346797461050202,577,0.5744373918061165,1076,0.37968840161569534
1101,1649048045,114.1704421,22.2977222,0.0,0.0,0.0,0.0,1.0,1627,0.031159838430467397,1627,0.031159838430467397,1545,0.054818234275822275,1627,0.031159838430467397
1102,1649048061,114.1688287,22.2979909,0.030301557939700234,0.012831854613652854,0.003886010362694319,0.05845087767162612,0.9813186183401175,309,0.8222735141373341,69,0.9607616849394114,123,0.9163300634737449,39,0.9780727062896711
1103,1649048065,114.1787526,22.2980332,0.020577945837855594,0.002619180087436178,0.00518134715025905,0.014645735760449695,0.9958833407583939,561,0.676860934795153,545,0.6860934795152914,59,0.9619157530294288,319,0.8165031736872476
1104,1649048105,114.172169,22.2981391,0.037807516326036766,0.013123339479220937,0.009715025906735736,0.08706618153140733,0.972033456865912,192,0.8897864974033468,63,0.9642238892094633,8,0.9950952106174265,8,0.9959607616849394
1105,1649048112,114.1715134,22.2981357,0.01961125824538814,0.003141939944621563,0.0006476683937823658,0.0183497796693117,0.9945019694740596,598,0.6555106751298326,456,0.7374495095210617,901,0.2951529140219273,253,0.8545874206578188
1106,1649048114,114.1720868,22.2981626,0.033427835129769295,0.008247368446780938,0.0006476683937823658,0.05725014752135875,0.9819383518520173,254,0.8540103866128101,135,0.9226774379688402,901,0.2951529140219273,43,0.9757645701096365
1107,1649048150,114.1734373,22.2981396,0.0036774611518164643,0.0018107924454088102,0.0,0.011326894929495502,0.9963225388481837,1271,0.2671667628390075,698,0.5978072706289671,1545,0.054818234275822275,385,0.7784189267166762
1108,1649048220,114.1739886,22.298415,0.00732818363517527,0.0002954923100839382,0.0012953367875647315,0.001986221397717603,0.999532294281007,1073,0.3814195037507213,1309,0.24523946912867858,577,0.5744373918061165,1033,0.4045008655510675
1109,1649048396,114.1801317,22.2993008,0.005057643115201041,0.0007504731522062557,0.0012953367875647315,0.0056903958136273435,0.9982077431190506,1198,0.30929024812463934,1054,0.39238315060588574,577,0.5744373918061165,650,0.6255049047893826
1110,1649048555,114.1760233,22.2996643,0.015982051809887998,0.002376478620130109,0.0012953367875647315,0.010298826338678709,0.9972148385683562,710,0.5908828620888632,587,0.6618580496249279,577,0.5744373918061165,425,0.7553375649163301
1111,1649048606,114.1802829,22.2996865,0.003030240617108066,1.0226530692026727e-05,0.0006476683937823658,4.225356417615212e-05,1.0,1324,0.23658395845354876,1597,0.07905366416618581,901,0.2951529140219273,1581,0.0882862088863243
1112,1649048754,114.180616,22.2997822,0.0002049681180910179,3.270515003504512e-06,0.0006476683937823658,1.306296409730041e-05,1.0,1592,0.08193883439122908,1619,0.06635891517599539,901,0.2951529140219273,1614,0.06924408540103866
1113,1649048774,114.1803081,22.299935,0.0028252724990170484,6.9560156883608345e-06,0.0006476683937823658,2.919060007885171e-05,1.0,1337,0.22908251586843623,1609,0.07212925562608194,901,0.2951529140219273,1590,0.0830929024812464
1114,1649048792,114.1868238,22.3001586,0.03045351990757562,0.08550088950509557,0.0012953367875647315,0.09379944640775438,0.9695464800924241,306,0.8240046162723601,2,0.9994229659549914,577,0.5744373918061165,4,0.9982688978649741
1115,1649048830,114.1802665,22.3001325,0.0035472136125804174,3.646984727444799e-05,0.0019430051813470973,0.00014817610295354226,1.0,1283,0.2599538372763993,1545,0.10877091748413156,372,0.727062896710906,1526,0.11973456433929602
1116,1649048841,114.1792775,22.3005886,0.007771973370191795,0.0036377941713606533,0.0012953367875647315,0.01737831082719871,0.99439257774712,1039,0.40103866128101556,395,0.7726485862665897,577,0.5744373918061165,274,0.842469705712637
1117,1649048895,114.1797998,22.30149,0.0035472136125804174,3.646984727444799e-05,0.0019430051813470973,0.00014817610295354226,1.0,1283,0.2599538372763993,1545,0.10877091748413156,372,0.727062896710906,1526,0.11973456433929602
1118,1649048949,114.1795814,22.3017103,0.007313984455635671,0.0010719965691043287,0.0006476683937823658,0.0018311970539642444,0.9999302930138303,1074,0.3808424697057126,925,0.4668205424120023,901,0.2951529140219273,1066,0.3854587420657819
1119,1649048966,114.1829113,22.3019797,0.0014584653986487108,1.436174419146037e-05,0.0019430051813470973,6.144108744390216e-05,1.0,1437,0.17109059434506635,1589,0.08338141950375072,372,0.727062896710906,1564,0.0978072706289671
1120,1649048995,114.1810929,22.3022033,0.009137834707108054,0.0008131672014769559,0.0006476683937823658,0.002891217830121295,0.9993017348008739,983,0.4333525678015003,1029,0.4068090017311021,901,0.2951529140219273,899,0.48182342758222735
1121,1649049019,114.1756341,22.3023369,0.0032438732994468466,0.0018411136479520723,0.0,0.009991407253692087,0.9967561267005529,1311,0.24408540103866128,691,0.6018465089440277,1545,0.054818234275822275,441,0.7461050201961916
1122,1649049033,114.1809036,22.3020119,0.0025019622935936753,2.7344009066116846e-05,0.0019430051813470973,0.00015188086148315076,1.0,1361,0.2152336987882285,1555,0.10328909405654933,372,0.727062896710906,1525,0.120600115406809
1123,1649049049,114.1752701,22.3025588,0.0009326894129072464,0.0005081527384497377,0.0,0.002872763177018209,0.9990673105870927,1479,0.14714368147720716,1176,0.32198499711482975,1545,0.054818234275822275,903,0.47951529140219273
1124,1649049060,114.1768964,22.3026657,0.028862770196687912,0.00749294673397687,0.00518134715025905,0.044675314778480836,0.9859758130188351,349,0.7991921523369879,160,0.9082515868436237,59,0.9619157530294288,66,0.9624927870744374
1125,1649049087,114.1841062,22.3037685,0.016587168032810982,0.0007552502712591752,0.0006476683937823658,0.001138351111409493,1.0,689,0.603000577034045,1050,0.39469128678592036,901,0.2951529140219273,1211,0.3017888055395268
1126,1649066298,114.161204,22.3075084,0.007521881795092095,0.0008999453359994099,0.0012953367875647315,0.0027947597245860318,1.0,1060,0.3886324293133295,991,0.42844777841892673,577,0.5744373918061165,913,0.47345643392960185
1127,1651827742,114.1909464,22.3152832,0.004817823138542091,0.0010492348173830083,0.0012953367875647315,0.005247002038634982,0.998388567550876,1215,0.2994806693594922,931,0.4633583381419504,577,0.5744373918061165,682,0.6070398153491056
1128,1651827744,114.1886538,22.3153391,0.02439032539562722,0.004428936649656507,0.0012953367875647315,0.012886136213323175,0.9963469121369277,455,0.7380265435660704,331,0.8095787651471437,577,0.5744373918061165,350,0.7986151182919792
1129,1651827748,114.1875198,22.3163333,0.025825950618563697,0.004130543530238272,0.0006476683937823658,0.01683936659228278,0.9949747265921955,414,0.7616849394114252,357,0.7945758799769186,901,0.2951529140219273,280,0.8390075014425851
1130,1651827750,114.1864208,22.3163032,0.016287503403596013,0.0021245733141084353,0.0012953367875647315,0.00938724283489737,0.9970923033538437,700,0.5966532025389498,626,0.6393537218695903,577,0.5744373918061165,467,0.7311021350259665
1131,1651827752,114.1896496,22.3163872,0.010846074411664764,0.003860023410266413,0.0006476683937823658,0.012414566419251958,0.9964289062380646,908,0.4766301211771495,376,0.7836122331217542,901,0.2951529140219273,363,0.7911136757068667
1132,1651827755,114.1894149,22.3165802,0.0004194203058385061,0.00025803454778685096,0.0,0.0012918504205497597,0.9995805796941611,1545,0.1090594345066359,1331,0.23254472013848818,1545,0.054818234275822275,1172,0.3242931332948644
1133,1651827803,114.1876219,22.3190944,0.04036047725463955,0.0036088905018309,0.002590673575129463,0.01159335684157789,0.9981732530217902,166,0.9047893825735719,398,0.7709174841315638,244,0.823139065204847,379,0.7818811309867282
1134,1651827805,114.192467,22.3192057,0.009019617854991172,0.004490159357561751,0.0032383419689119533,0.017627000551986714,0.9945844790162331,988,0.4301788805539527,327,0.811598384304674,170,0.8814195037507213,265,0.8473744950952106
1135,1651827808,114.1923746,22.3192761,0.012580735541137625,0.0021754582570321468,0.0032383419689119533,0.003989508466889726,0.999903373174701,826,0.5239469128678592,618,0.6439699942296595,170,0.8814195037507213,788,0.5458742065781881
1136,1651827809,114.1941813,22.3193311,0.00664798326429493,0.005298586227782931,0.0006476683937823658,0.020476357143981928,0.993352016735705,1108,0.36093479515291405,264,0.8482400461627236,901,0.2951529140219273,229,0.8681477207155223
1137,1651827817,114.1864133,22.319518,0.024129108279605925,0.00700071712196327,0.004533678756476684,0.028028419104176652,0.9912482502395382,467,0.7311021350259665,176,0.8990190421234853,76,0.9434506635891518,151,0.9134448932487017
1138,1651827820,114.1869571,22.3195208,0.015541518426557184,0.006541590891859762,0.002590673575129463,0.042645139787384656,0.9862971053607029,729,0.5799192152336988,186,0.8932487016733988,244,0.823139065204847,71,0.9596076168493941
1139,1651827822,114.1939377,22.3194362,0.00664798326429493,0.0048772967299404,0.0006476683937823658,0.020476357143981928,0.993352016735705,1108,0.36093479515291405,293,0.8315060588574726,901,0.2951529140219273,229,0.8681477207155223
1140,1651827823,114.1940453,22.3196511,0.00717118372756371,0.00510667123637458,0.0012953367875647315,0.022087859327106576,0.992828816272436,1081,0.376803231390652,280,0.8390075014425851,577,0.5744373918061165,213,0.877668782458165
1141,1651827825,114.1944079,22.3197957,0.014675855488737746,0.011491285914510084,0.004533678756476684,0.04520289032537618,0.985324144511262,761,0.5614541257934218,84,0.9521061742642816,76,0.9434506635891518,62,0.964800923254472
1142,1651827826,114.1941661,22.3198985,0.012586704711330427,0.00981581573094332,0.004533678756476684,0.03876812721825878,0.9874132952886694,824,0.5251009809578765,102,0.9417195614541258,76,0.9434506635891518,92,0.9474899019042123
1143,1651827828,114.1875121,22.3200669,0.04188114616560031,0.0057505665018270265,0.002590673575129463,0.010128136841776795,0.9990589240035882,143,0.9180611656087709,235,0.8649740334679746,244,0.823139065204847,435,0.7495672244662435
1144,1651827839,114.1932385,22.3204462,0.019625022183374596,0.00047089674024463544,0.0006476683937823658,0.000529519347590276,1.0,595,0.65666474321985,1207,0.3040969417195615,901,0.2951529140219273,1391,0.19792267743796885
1145,1651827842,114.1930455,22.3205336,0.019625022183374596,0.0004937460924338223,0.002590673575129463,0.0007055681002889145,0.9999424666808787,595,0.65666474321985,1181,0.3188113098672822,244,0.823139065204847,1336,0.22937103289094057
1146,1651827843,114.1928131,22.3206347,0.019625022183374596,0.0004937460924338223,0.002590673575129463,0.0007055681002889145,0.9999424666808787,595,0.65666474321985,1181,0.3188113098672822,244,0.823139065204847,1336,0.22937103289094057
1147,1651827844,114.1925764,22.3207377,0.01967425822738733,0.000516477390992887,0.0006476683937823658,0.0008572193276582507,0.9998932306368659,593,0.6583958453548759,1168,0.32660126947489904,901,0.2951529140219273,1282,0.2608193883439123
1148,1651827849,114.1923442,22.3208387,0.0197727303154128,0.0005191004860837966,0.0006476683937823658,0.0008624008918805912,0.9998932306368659,590,0.6601269474899019,1167,0.3271783035199077,901,0.2951529140219273,1280,0.2619734564339296
1149,1651827850,114.1921105,22.3209404,0.020176332513292428,0.000646957521173598,0.002590673575129463,0.0015552099823274493,0.9996712949228029,574,0.6693594922100404,1107,0.361800346220427,244,0.823139065204847,1111,0.3594922100403924
1150,1651827851,114.1918769,22.321042,0.020034084282769864,0.0005751915189766493,0.002590673575129463,0.001117073263944891,0.9998135431533256,582,0.6647432198499712,1130,0.3485285631852279,244,0.823139065204847,1215,0.2994806693594922
1151,1651827852,114.1905304,22.3210452,0.0024078978272094285,0.0011418892078188566,0.0,0.00741653128715972,0.9975921021727905,1368,0.2109059434506636,893,0.484997114829775,1545,0.054818234275822275,544,0.6863819965377957
1152,1651827853,114.1916425,22.321144,0.02006099062179264,0.000519646464062613,0.0006476683937823658,0.0007912014131414836,0.9999267061002237,580,0.6658972879399885,1166,0.3277553375649163,901,0.2951529140219273,1309,0.24523946912867858
1153,1651827854,114.1914071,22.3212464,0.020242979148785534,0.0006724695773325661,0.0006476683937823658,0.0015427430977940034,0.999678466986577,573,0.6699365262550491,1095,0.36872475476053085,901,0.2951529140219273,1115,0.3571840738603578
1154,1651827857,114.191174,22.3213479,0.021012664554403145,0.0007818494306517494,0.0019430051813470973,0.002135156746552521,0.9995033014407816,550,0.6832083092902481,1040,0.4004616272360069,372,0.727062896710906,1008,0.4189267166762839
1155,1651827858,114.1937323,22.3213272,0.0014415887177617135,0.0006766803486169443,0.0006476683937823658,0.00023723064092380064,1.0,1441,0.1682054241200231,1088,0.3718984420080785,901,0.2951529140219273,1483,0.14396999422965956
1156,1651827859,114.1909389,22.3214501,0.02086629708677579,0.0006934002795388665,0.0019430051813470973,0.001684332425514514,0.999649668908409,554,0.6809001731102136,1078,0.378534333525678,372,0.727062896710906,1087,0.37334102712060013
1157,1651827860,114.1934918,22.3214317,0.0014415887177617135,0.0006766803486169443,0.002590673575129463,0.00023723064092380064,1.0,1441,0.1682054241200231,1088,0.3718984420080785,244,0.823139065204847,1483,0.14396999422965956
1158,1651827862,114.1932558,22.3215342,0.0014415887177617135,0.0006766803486169443,0.002590673575129463,0.00023723064092380064,1.0,1441,0.1682054241200231,1088,0.3718984420080785,244,0.823139065204847,1483,0.14396999422965956
1159,1651827863,114.1930221,22.3216358,0.0014415887177617135,0.0006766803486169443,0.0006476683937823658,0.00023723064092380064,1.0,1441,0.1682054241200231,1088,0.3718984420080785,901,0.2951529140219273,1483,0.14396999422965956
1160,1651827864,114.1927902,22.3217365,0.0016058914000166471,0.0007239306715158305,0.0006476683937823658,0.0005682358208387458,0.9998932306368659,1424,0.1788805539526832,1070,0.3831506058857473,901,0.2951529140219273,1372,0.2088863242931333
1161,1651827865,114.1925556,22.3218385,0.0020537433413678114,0.000928292555667878,0.002590673575129463,0.0017737230580574103,0.9995028892074898,1396,0.19503750721292556,979,0.4356607039815349,244,0.823139065204847,1074,0.3808424697057126
1162,1651827867,114.1923217,22.3219401,0.002120620850233231,0.0009590407819031127,0.002590673575129463,0.0019797115062808158,0.9994360116986241,1392,0.19734564339296018,968,0.4420080784766301,244,0.823139065204847,1035,0.4033467974610502
1163,1651827871,114.1920893,22.3220411,0.001987418749051063,0.0007341304376677136,0.0006476683937823658,0.0005215453010369424,0.9999267061002237,1401,0.19215233698788228,1063,0.3871898442008078,901,0.2951529140219273,1399,0.1933064050778996
1164,1651827879,114.191852,22.3221442,0.001982797911476869,0.0007088889857671792,0.0006476683937823658,0.0003019904403435182,1.0,1404,0.1904212348528563,1075,0.380265435660704,901,0.2951529140219273,1456,0.16041546451240624
1165,1651827885,114.1916192,22.3222453,0.0028700527065537657,0.0009143068988098242,0.0019430051813470973,0.0013525759543532114,0.999678466986577,1336,0.2296595499134449,983,0.4333525678015003,372,0.727062896710906,1153,0.33525678015002885
1166,1651827887,114.1913832,22.3223479,0.002694887160758333,0.0008120956369870272,0.0019430051813470973,0.0008130510890768314,0.9998536325323725,1347,0.2233121754183497,1031,0.40565493364108485,372,0.727062896710906,1301,0.24985574148874784
1167,1651827893,114.1914074,22.3233264,0.0003888711442402698,9.66663100105937e-05,0.0006476683937823658,0.001197756389553179,0.9996111288557596,1548,0.1070398153491056,1474,0.1497403346797461,901,0.2951529140219273,1187,0.31534910559723023
1168,1651827897,114.1883767,22.3236409,0.014924423745095694,0.0006493691287453407,0.0006476683937823658,0.0014636239170971936,1.0,753,0.566070398153491,1106,0.36237738026543564,901,0.2951529140219273,1136,0.345066358915176
1169,1651827909,114.18934,22.324351,0.024919828379768378,0.0011374780326375864,0.0012953367875647315,0.00633039537629372,0.998455200500122,439,0.7472590882862089,896,0.4835545297172533,577,0.5744373918061165,600,0.6543566070398154
1170,1651827916,114.1887281,22.324622,0.03612091155502497,0.0016140946304713502,0.0006476683937823658,0.0025007168962927224,1.0,216,0.875937680323139,756,0.5643392960184651,901,0.2951529140219273,947,0.45412579342181186
1171,1651827924,114.1882543,22.3249117,0.02109555905728716,0.0010173621251877275,0.0006476683937823658,0.0018748788311787946,0.9997474951760333,548,0.6843623773802654,942,0.4570109636468552,901,0.2951529140219273,1056,0.3912290825158684
1172,1651827925,114.1856714,22.3248939,0.06788286692116456,0.0067173002765020815,0.003886010362694319,0.014454442486548445,0.9963549610728227,29,0.9838430467397576,181,0.896133871898442,123,0.9163300634737449,329,0.8107328332371609
1173,1651827929,114.1856429,22.3250125,0.07006092886218397,0.0048552027734690304,0.0012953367875647315,0.010430034124403085,0.9979109309775909,25,0.9861511829197923,296,0.8297749567224466,577,0.5744373918061165,418,0.7593768032313907
1174,1651827933,114.1872011,22.3251354,0.02133912891919905,0.0012687947021557888,0.0019430051813470973,0.0028975634999744634,0.9994110708378529,543,0.6872475476053087,850,0.5100980957876514,372,0.727062896710906,897,0.4829774956722447
1175,1651827946,114.1843714,22.3259786,0.0024189274988425944,0.0011630015654732547,0.0006476683937823658,0.007450503619303882,0.9975810725011571,1367,0.21177149451817656,884,0.49047893825735717,901,0.2951529140219273,541,0.688401615695326
1176,1651827949,114.1876841,22.3262098,0.005800763631977387,0.00020435066647368834,0.0012953367875647315,0.0008900140075607466,0.9998269483083075,1139,0.3430467397576457,1380,0.20398153491055973,577,0.5744373918061165,1270,0.26745527986151185
1177,1651827954,114.1843285,22.3267534,0.023261760861409554,0.0044100403618595125,0.0019430051813470973,0.02745910156260229,0.9914674348194348,498,0.7132140796306982,335,0.8072706289671091,372,0.727062896710906,153,0.9122908251586843
1178,1651827966,114.1852101,22.3270431,0.02566345985989096,0.0006760397411825645,0.0006476683937823658,0.002090884914811961,0.9995856221308488,421,0.7576457010963646,1092,0.3704558568955568,901,0.2951529140219273,1015,0.4148874783612233
1179,1651827970,114.1862851,22.3270966,0.031911519014924825,0.0029312035098904487,0.0012953367875647315,0.009296789978183983,0.9979109309775909,279,0.8395845354875938,485,0.7207155222158107,577,0.5744373918061165,474,0.727062896710906
1180,1651827979,114.1872476,22.327252,0.022603681434264423,0.0009608476051252497,0.0012953367875647315,0.001977234639328872,0.9998269483083075,513,0.704270051933064,965,0.44345066358915175,577,0.5744373918061165,1039,0.40075014425851124
1181,1651827981,114.1862794,22.3273016,0.028935494615263763,0.0010373627335591204,0.0019430051813470973,0.0019676735753017746,0.9999414147894256,345,0.8015002885170225,938,0.4593190998268898,372,0.727062896710906,1042,0.3993075591459896
1182,1651827991,114.1875544,22.3274483,0.015229945856752056,0.0013222160044728233,0.0006476683937823658,0.0033248630533047542,0.9993672798095119,739,0.5741488747836122,839,0.5164454702827467,901,0.2951529140219273,843,0.514137334102712
1183,1651828011,114.1864346,22.3280812,0.0038357394975548752,0.0019697640788958358,0.0006476683937823658,0.008069819738414813,0.9973912155282697,1260,0.27351413733410274,663,0.61800346220427,901,0.2951529140219273,519,0.7010963646855164
1184,1651828012,114.184079,22.3281471,0.002709746512964364,0.0005425408924023716,0.0006476683937823658,0.0014352675804264546,0.9995760519465806,1346,0.22388920946335833,1149,0.33756491633006347,901,0.2951529140219273,1140,0.3427582227351414
1185,1651828016,114.1870206,22.3289968,0.06415951936864075,0.01702131058131292,0.017487046632124373,0.10142215813858511,0.9683905397226903,36,0.979803808424697,34,0.9809578765147143,1,1.0,3,0.9988459319099827
1186,1651828017,114.1864747,22.3290214,0.013030232378343347,0.005622842066647266,0.0019430051813470973,0.01916025029855004,0.9940236200294825,809,0.5337564916330063,240,0.8620888632429313,372,0.727062896710906,243,0.8603577611079054
1187,1651828018,114.1854073,22.3290512,0.01095436525633903,0.006153310860129603,0.0012953367875647315,0.020828015616033563,0.9933413520544168,901,0.48066935949221,201,0.8845931909982689,577,0.5744373918061165,225,0.8707443739180611
1188,1651828027,114.1899042,22.3305918,0.03218345682543193,0.0070700894201655845,0.0006476683937823658,0.018725918538625465,0.9940616564238508,275,0.8418926716676284,173,0.9007501442585113,901,0.2951529140219273,248,0.8574725908828621
1189,1651828028,114.1915606,22.3305748,0.027476439325859095,0.006150293672844531,0.0012953367875647315,0.011643287793902416,0.9969877518095135,372,0.7859203693017888,202,0.8840161569532602,577,0.5744373918061165,378,0.7824581650317368
1190,1651828029,114.1893425,22.3306082,0.015856669308330715,0.005799024372918272,0.0006476683937823658,0.011227949051841013,0.996778677581179,718,0.586266589728794,229,0.8684362377380266,901,0.2951529140219273,388,0.7766878245816503
1191,1651828030,114.1888164,22.3306342,0.0034744337791124762,0.004718023299127037,0.0006476683937823658,0.004959694218255148,0.9984245677204336,1290,0.25620311598384304,308,0.8228505481823427,901,0.2951529140219273,707,0.5926139642238892
1192,1651828031,114.1882333,22.3306597,0.0036481828088028283,0.07500482055513451,0.0006476683937823658,0.006852247737653402,0.9977900949129396,1280,0.2619734564339296,4,0.9982688978649741,901,0.2951529140219273,579,0.6664743219849971
1193,1651828032,114.1876918,22.3306711,0.002353508645273489,0.0002451353600910248,0.0006476683937823658,0.0006639302542558923,0.9998129805182677,1379,0.20484708597807272,1345,0.224466243508367,901,0.2951529140219273,1343,0.2256203115983843
1194,1651828033,114.187087,22.330688,0.003167227869195171,0.0004772328656045019,0.0006476683937823658,0.002578024398743765,0.9991862807760782,1314,0.2423542989036353,1201,0.30755914598961337,901,0.2951529140219273,936,0.4604731679169071
1195,1651828036,114.1865828,22.3317834,0.0013432464953923614,0.0006128004132318606,0.0006476683937823658,0.004137314111450802,0.9986567535046076,1449,0.16445470282746683,1116,0.3566070398153491,901,0.2951529140219273,779,0.5510675129832661
1196,1651828039,114.1933121,22.3321602,0.01303017023797442,0.009250522217124394,0.0012953367875647315,0.04013403897579531,0.9869698297620255,810,0.5331794575879977,109,0.9376803231390652,577,0.5744373918061165,76,0.9567224466243508
1197,1652874716,114.1972224,22.331683,0.00867682945718403,0.004055192355848553,0.005829015544041416,0.026725376972134365,0.9913231705428157,998,0.42469705712637046,363,0.7911136757068667,42,0.9717253317945759,160,0.9082515868436237
1198,1784785777,114.1581695,22.3219865,0.011649324343050533,0.0011812930814397709,0.0032383419689119533,0.0027239174620425867,0.9996965936911024,865,0.5014425851125216,877,0.49451817657241776,170,0.8814195037507213,918,0.4708597807270629
1199,1864490832,114.1805457,22.32873,0.008452206011367721,0.0007611372914890901,0.0019430051813470973,0.002245395820199808,0.9993386716209703,1006,0.42008078476630123,1045,0.39757645701096367,372,0.727062896710906,989,0.4298903635314484
1200,1925307147,114.1940423,22.3317762,0.0014979053030566897,0.0006693015189831291,0.0006476683937823658,0.00461367646907067,0.998502094696943,1434,0.17311021350259664,1097,0.36757068667051357,901,0.2951529140219273,737,0.5753029428736296
1201,1925307161,114.1931049,22.3319288,0.016497506791207983,0.010640350947516291,0.002590673575129463,0.050813732166918826,0.9835024932087919,691,0.6018465089440277,93,0.9469128678592037,244,0.823139065204847,48,0.9728793998845932
1202,1952598379,114.1857405,22.3103309,0.0,0.0,0.0006476683937823658,0.0,1.0,1627,0.031159838430467397,1627,0.031159838430467397,901,0.2951529140219273,1627,0.031159838430467397
1203,1952598381,114.1859584,22.3103771,0.0,0.0,0.0006476683937823658,0.0,1.0,1627,0.031159838430467397,1627,0.031159838430467397,901,0.2951529140219273,1627,0.031159838430467397
1204,1952598383,114.1858203,22.3104604,0.0016912156580195883,0.0018814732078335594,0.0019430051813470973,0.005209088898748214,0.9983087843419802,1420,0.18118869013271782,682,0.6070398153491056,372,0.727062896710906,686,0.604731679169071
1205,1952598390,114.1860954,22.3109088,0.009845083515479993,0.009096247433164516,0.003886010362694319,0.03032369940791033,0.9901549164845198,945,0.4552798615118292,111,0.9365262550490479,123,0.9163300634737449,138,0.9209463358338142
1206,1975950491,114.1756296,22.3349282,0.009879878700709664,0.004824644995252169,0.0006476683937823658,0.03043087155491008,0.9901201212992902,943,0.45643392960184653,299,0.8280438545874207,901,0.2951529140219273,137,0.9215233698788229
1207,2089428235,114.16148,22.3070573,0.0028044165462748783,0.0002973588234413586,0.0012953367875647315,0.0006284795111724253,1.0,1339,0.2276399307559146,1306,0.24668205424120024,577,0.5744373918061165,1355,0.2184073860357761
1208,2208339288,114.1770441,22.3026398,0.015049362396980749,0.0018760322008181708,0.0012953367875647315,0.007426063161660499,0.9981475279812637,745,0.5706866705135603,684,0.6058857472590883,577,0.5744373918061165,543,0.6872475476053087
1209,2208339291,114.1775126,22.3027572,0.00805047571305902,0.0004916308095971162,0.0006476683937823658,0.0008987445999567562,1.0,1023,0.4102712060011541,1187,0.31563762261973455,901,0.2951529140219273,1268,0.26889786497403345
1210,2208339296,114.1775231,22.3028719,0.016881143530662984,0.0017511482220625085,0.0019430051813470973,0.0034699297353286878,0.9996757840020819,680,0.6079053664166186,714,0.5882862088863243,372,0.727062896710906,825,0.5242354298903635
1211,2208339310,114.177468,22.3032512,0.022742787532463667,0.000910408184890454,0.0019430051813470973,0.002451889398725123,1.0,509,0.7065781881130987,984,0.4324870167339873,372,0.727062896710906,953,0.45037507212925565
1212,2209285896,114.1770856,22.3029603,0.017280666021682562,0.0010891247675091037,0.0006476683937823658,0.0035116163861246843,0.9993056238503881,667,0.6156953260242354,917,0.47143681477207156,901,0.2951529140219273,823,0.5256780150028851
1213,2280300926,114.1798788,22.3303281,0.004467657488434681,0.00155503073565385,0.005829015544041416,0.007909989267522278,0.9975414644940511,1229,0.291402192729371,774,0.5539526832083093,42,0.9717253317945759,525,0.6976341604154646
1214,2280302632,114.1792936,22.3298119,0.0007545845940895177,0.0005163395970668482,0.00518134715025905,0.002324185099398336,0.9992454154059103,1497,0.1361800346220427,1169,0.3254472013848817,59,0.9619157530294288,974,0.4379688401615695
1215,2280302647,114.1792321,22.3287112,0.001141226386910045,0.0008110462774765478,0.00518134715025905,0.0035150748958728594,0.9988587736130898,1461,0.15753029428736295,1032,0.40507789959607615,59,0.9619157530294288,821,0.5268320830929025
1216,2280302655,114.1792533,22.3289956,0.0007545845940895177,0.0005163395970668482,0.00518134715025905,0.002324185099398336,0.9992454154059103,1497,0.1361800346220427,1169,0.3254472013848817,59,0.9619157530294288,974,0.4379688401615695
1217,2280302658,114.1792721,22.3295265,0.0007545845940895177,0.0005163395970668482,0.00518134715025905,0.002324185099398336,0.9992454154059103,1497,0.1361800346220427,1169,0.3254472013848817,59,0.9619157530294288,974,0.4379688401615695
1218,2389070853,114.1633036,22.3248567,0.0029959518521613287,0.0005316659576618933,0.0012953367875647315,0.002065261902415443,0.9994181008194568,1329,0.23369878822850548,1156,0.3335256780150029,577,0.5744373918061165,1022,0.4108482400461627
1219,2392423823,114.1530739,22.3270775,0.0,0.0,0.0,0.0,1.0,1627,0.031159838430467397,1627,0.031159838430467397,1545,0.054818234275822275,1627,0.031159838430467397
1220,2404926823,114.1613279,22.3219598,0.002005481800506155,0.000940949437008393,0.0,0.0061770555009475585,0.9979945181994936,1398,0.19388343912290826,976,0.43739180611656087,1545,0.054818234275822275,611,0.6480092325447201
1221,2404926827,114.1613357,22.3214145,0.0004240035821587996,0.0003673663778029405,0.0,0.0013059673036846294,0.9995759964178411,1542,0.11079053664166186,1263,0.27178303519907676,1545,0.054818234275822275,1166,0.3277553375649163
1222,2454355466,114.196575,22.3320206,0.026731758888435486,0.0029968859113858196,0.002590673575129463,0.014572937938589514,0.9968015055564956,396,0.7720715522215811,473,0.7276399307559146,244,0.823139065204847,324,0.8136180034622043
1223,2545282593,114.1890277,22.3059948,0.02461540079447611,0.015986843581653525,0.0006476683937823658,0.051405906321402385,0.9835819668817923,448,0.742065781881131,39,0.9780727062896711,901,0.2951529140219273,47,0.9734564339296018
1224,2558033404,114.1970534,22.3313367,0.013959569256697009,0.0050681166487543915,0.005829015544041416,0.0429966674572539,0.9860404307433027,791,0.5441431044431622,282,0.8378534333525678,42,0.9717253317945759,67,0.9619157530294288
1225,2558033411,114.1934361,22.3290231,0.00026999739270882933,1.5402901465901945e-05,0.002590673575129463,1.4884525067819022e-05,1.0,1573,0.09203693017888055,1583,0.086266589728794,244,0.823139065204847,1608,0.0718407386035776
1226,2558033418,114.1943772,22.3282364,0.0,0.0,0.0006476683937823658,0.0,1.0,1627,0.031159838430467397,1627,0.031159838430467397,901,0.2951529140219273,1627,0.031159838430467397
1227,2558033462,114.1916039,22.3256036,0.0,0.0,0.0006476683937823658,0.0,1.0,1627,0.031159838430467397,1627,0.031159838430467397,901,0.2951529140219273,1627,0.031159838430467397
1228,2558033473,114.1933135,22.3272339,0.0,0.0,0.0006476683937823658,0.0,1.0,1627,0.031159838430467397,1627,0.031159838430467397,901,0.2951529140219273,1627,0.031159838430467397
1229,2558036215,114.1982588,22.3323155,0.006717008538653598,0.003172861622710514,0.0032383419689119533,0.02068896089365142,0.9932829914613462,1106,0.36237738026543564,450,0.7409117137911136,170,0.8814195037507213,227,0.8695903058280439
1230,2639744183,114.1707464,22.3243515,0.009296475675653658,0.00042158717523116705,0.0006476683937823658,0.0009322789054020848,1.0,976,0.43739180611656087,1223,0.29486439699942296,901,0.2951529140219273,1262,0.2723600692440854
1231,2639744193,114.1716887,22.3197996,0.04473326771697267,0.0018174719437305537,0.0012953367875647315,0.004344862256003911,0.999281067803471,120,0.93133294864397,696,0.5989613387189844,577,0.5744373918061165,763,0.5603000577034045
1232,2639744195,114.1713815,22.3212871,0.04471489718759397,0.0017736384749517668,0.0012953367875647315,0.004288279454043017,0.9992994383328496,121,0.9307559145989613,709,0.5914598961338718,577,0.5744373918061165,770,0.5562608193883439
1233,2754770542,114.1658037,22.306099,0.036017921616043384,0.0005240073651141202,0.0006476683937823658,0.0011804889160537259,0.9999165013717678,218,0.8747836122331217,1164,0.32890940565493365,901,0.2951529140219273,1191,0.31332948643969993
1234,2754770587,114.1655428,22.3058654,0.0012344253334601086,0.0007386555808398597,0.0012953367875647315,0.0038021356237858805,0.9987655746665396,1455,0.16099249855741488,1061,0.38834391229082516,577,0.5744373918061165,800,0.5389497980380843
1235,2772111132,114.1764328,22.3117949,0.01411700886197713,0.0008199139076516046,0.0006476683937823658,0.0026013488171486732,1.0,780,0.5504904789382573,1025,0.40911713791113674,901,0.2951529140219273,930,0.463935372186959
1236,2772111145,114.1767076,22.3118437,0.0036631396486647956,0.00019816732162025117,0.0006476683937823658,0.0003894210159419624,1.0,1278,0.2631275245239469,1387,0.20023081361800346,901,0.2951529140219273,1433,0.1736872475476053
1237,2772111183,114.1762309,22.3122369,0.021604185333468084,0.0017506331216486212,0.0006476683937823658,0.004321547055894372,1.0,539,0.6895556837853434,716,0.5874206578188114,901,0.2951529140219273,768,0.5574148874783612
1238,2772111189,114.1772394,22.3149317,0.011923903524535545,0.0017861175399317565,0.0032383419689119533,0.0074152537543138095,0.998167946296267,851,0.5095210617426428,703,0.5949221004039238,170,0.8814195037507213,546,0.6855164454702828
1239,2774815491,114.1771361,22.3154488,0.0,0.0,0.0,0.0,1.0,1627,0.031159838430467397,1627,0.031159838430467397,1545,0.054818234275822275,1627,0.031159838430467397
1240,2832941882,114.1485765,22.3293377,0.01167752753957606,0.0031048530915157983,0.0,0.03596778375530463,0.9883224724604235,864,0.5020196191575302,462,0.7339873052510099,1545,0.054818234275822275,112,0.9359492210040392
1241,2863929182,114.1566946,22.3203332,0.007165475792176085,0.0015756699333131284,0.0006476683937823658,0.009257097175378145,0.9971112875012652,1083,0.37564916330063475,765,0.5591459896133872,901,0.2951529140219273,480,0.723600692440854
1242,2866714633,114.160735,22.313268,0.00915765063320953,0.0003348394590401196,0.007772020725388638,0.001097264779627099,1.0,981,0.4342181188690133,1287,0.2576457010963647,17,0.9896133871898442,1219,0.29688401615695326
1243,2868162247,114.1543655,22.3309267,0.013524390067907675,0.004564563488981379,0.005829015544041416,0.022651752738633728,0.9927264948580365,800,0.5389497980380843,317,0.8176572417772648,42,0.9717253317945759,205,0.8822850548182343
1244,2873992829,114.1970444,22.331626,0.02572308426420463,0.006065390189956555,0.012305699481865323,0.039821102750087746,0.9877967592402273,417,0.759665320253895,211,0.878534333525678,4,0.9976918638199653,79,0.9547028274668206
1245,2873992835,114.1969835,22.331512,0.02572308426420463,0.006065390189956555,0.012305699481865323,0.039821102750087746,0.9877967592402273,417,0.759665320253895,211,0.878534333525678,4,0.9976918638199653,79,0.9547028274668206
1246,2873992839,114.1974121,22.3314819,0.014599974032990813,0.0053970671752586645,0.005829015544041416,0.04496916895053096,0.9854000259670088,763,0.5603000577034045,258,0.8517022504327756,42,0.9717253317945759,64,0.9636468551644547
1247,2873992840,114.1984683,22.3322705,0.0,0.0,0.0,0.0,1.0,1627,0.031159838430467397,1627,0.031159838430467397,1545,0.054818234275822275,1627,0.031159838430467397
1248,2873992841,114.1983069,22.3322406,0.007675415345283706,0.002785001067310802,0.0032383419689119533,0.023640935843285055,0.9923245846547161,1048,0.3958453548759377,510,0.7062896710905944,170,0.8814195037507213,193,0.8892094633583382
1249,2878204574,114.19984,22.332918,0.011785261368454305,0.004736451848336472,0.0006476683937823658,0.03629961316414903,0.9882147386315455,862,0.5031736872475476,307,0.8234275822273515,901,0.2951529140219273,110,0.9371032890940566
1250,2878206305,114.19849,22.33238,0.01298207205499577,0.005282952736386755,0.0032383419689119533,0.039985892457747266,0.9870179279450042,812,0.5320253894979804,267,0.8465089440276976,170,0.8814195037507213,77,0.9561454125793422
1251,2999564052,114.166573,22.3312955,0.013535812732821525,0.005339053438625614,0.0012953367875647315,0.014408560437201345,0.9968169288526484,799,0.5395268320830929,260,0.8505481823427582,577,0.5744373918061165,331,0.8095787651471437
1252,2999564058,114.1664143,22.3314061,0.00839153629298961,0.003841743008920062,0.0012953367875647315,0.005014048588784216,0.9991440606316656,1008,0.4189267166762839,380,0.7813040969417195,577,0.5744373918061165,705,0.5937680323139065
1253,3200153661,114.1593015,22.3233398,0.005484148843145123,0.0001289870956948468,0.0006476683937823658,0.00026391617160339176,1.0,1167,0.3271783035199077,1451,0.16330063473744952,901,0.2951529140219273,1469,0.1529140219272937
1254,3200166661,114.1590664,22.3230902,0.004166715724943587,0.0007547649791555955,0.0006476683937823658,0.0010597667424917217,1.0,1240,0.2850548182342758,1051,0.3941142527409117,901,0.2951529140219273,1230,0.2908251586843624
1255,3200246561,114.1591205,22.3229596,0.0009580309694258103,2.5777686112521826e-05,0.0006476683937823658,6.880751765180252e-05,1.0,1476,0.1488747836122331,1560,0.10040392383150606,901,0.2951529140219273,1558,0.10155799192152337
1256,3200259361,114.15959,22.32285,0.004433499674132036,9.382704395687066e-05,0.0012953367875647315,0.0001844403800631223,1.0,1232,0.2893825735718407,1479,0.14685516445470284,577,0.5744373918061165,1509,0.12954414310444315
1257,3230280999,114.1676639,22.3190813,0.005816853458406466,0.00022299336828415973,0.0006476683937823658,0.0004028592906903176,1.0,1135,0.34564339296018465,1363,0.2140796306982112,901,0.2951529140219273,1431,0.17484131563762262
1258,3261524561,114.1580379,22.3245698,0.0020679646159886215,0.00011470020590803292,0.0006476683937823658,0.0002073322096846677,1.0,1395,0.1956145412579342,1462,0.1569532602423543,901,0.2951529140219273,1499,0.13560300057703403
1259,3270208461,114.1616263,22.3250032,0.017229770496858296,0.007638528152041939,0.006476683937823782,0.039135015258511374,0.9876609411943438,671,0.6133871898442008,153,0.9122908251586843,32,0.9795152914021927,86,0.9509521061742643
1260,3331535680,114.1687453,22.3221208,0.026845603452413262,0.002191209983742241,0.0019430051813470973,0.007625319586005017,0.9979383245133967,395,0.7726485862665897,615,0.6457010963646855,372,0.727062896710906,534,0.6924408540103866
1261,3334802082,114.1613641,22.3073431,0.0025904257129578025,7.070811500800517e-05,0.0006476683937823658,0.0002660863984250372,1.0,1356,0.2181188690132718,1504,0.13271783035199078,901,0.2951529140219273,1467,0.15406809001731103
1262,3336091196,114.1559135,22.3260091,0.011862601489833743,0.0025949515407853057,0.002590673575129463,0.010709716523951038,0.9966421630758823,854,0.5077899596076169,546,0.6855164454702828,244,0.823139065204847,407,0.7657241777264858
1263,3336091197,114.1558098,22.3260835,0.007993573501784595,0.0025441695830593952,0.0006476683937823658,0.010629078982740158,0.9966421630758823,1029,0.4068090017311021,557,0.6791690709751875,901,0.2951529140219273,410,0.7639930755914599
1264,3336091198,114.155878,22.3261673,0.004914364822098487,0.0003477382543665827,0.0012953367875647315,0.0008442913428720512,0.9997695899223502,1211,0.3017888055395268,1277,0.2637045585689556,577,0.5744373918061165,1289,0.2567801500288517
1265,3336091205,114.1566862,22.3268794,0.012508578851206036,0.005296529675624348,0.0006476683937823658,0.00650138878625991,0.9985805654858452,830,0.5216387766878245,265,0.847663012117715,901,0.2951529140219273,591,0.6595499134448932
1266,3336091210,114.1572975,22.3275503,0.013956534015362988,0.00714134946307707,0.0012953367875647315,0.01086886093178225,0.9971611309716903,792,0.5435660703981535,170,0.9024812463935372,577,0.5744373918061165,402,0.7686093479515291
1267,3336091212,114.1579323,22.3282635,0.017151699071503084,0.004358130446996994,0.0012953367875647315,0.0033823118658925216,0.9996806632128822,672,0.6128101557991922,339,0.8049624927870744,577,0.5744373918061165,837,0.517599538372764
1268,3336091224,114.1583038,22.3286948,0.013833218655370355,0.0037514199671072534,0.0006476683937823658,0.003502899917943534,0.9996451533677458,794,0.5424120023081361,384,0.778995960761685,901,0.2951529140219273,824,0.5251009809578765
1269,3336091232,114.1587139,22.329134,0.024317395679807733,0.006046452839188191,0.0006476683937823658,0.003464544345036555,0.9993417099286576,457,0.7368724754760531,214,0.8770917484131564,901,0.2951529140219273,828,0.5227928447778419
1270,3338147030,114.1591149,22.3295791,0.03808967046317471,0.0038833155534636343,0.0012953367875647315,0.002701817683349197,1.0,188,0.8920946335833814,373,0.7853433352567801,577,0.5744373918061165,920,0.4697057126370456
1271,3610003009,114.1682081,22.3003949,0.0029190096084671835,0.00037518270312077466,0.0012953367875647315,0.0015161024398580702,0.9996825097687978,1334,0.2308136180034622,1255,0.276399307559146,577,0.5744373918061165,1125,0.3514137334102712
1272,3676641732,114.1810347,22.3062835,0.006980574189177278,0.00026943775373116285,0.0012953367875647315,0.0010402574884997916,1.0,1094,0.3690132717830352,1326,0.2351413733410271,577,0.5744373918061165,1234,0.28822850548182344
1273,3688773290,114.1686843,22.3327592,0.003995870168275501,0.004501617899282655,0.0,0.012307621937924602,0.9960041298317244,1249,0.27986151182919794,326,0.812463935372187,1545,0.054818234275822275,365,0.7899596076168494
1274,3692616228,114.1594542,22.3233315,0.0062696200077373984,0.001849631555042474,0.0019430051813470973,0.012885814236326234,0.9958685629578126,1114,0.3577611079053664,689,0.603000577034045,372,0.727062896710906,351,0.7980380842469705
1275,3909038855,114.1750422,22.3178652,0.05328413463362689,0.003001899860774212,0.0012953367875647315,0.009901813103889455,0.9987004049113349,66,0.9624927870744374,472,0.7282169648009232,577,0.5744373918061165,447,0.7426428159261397
1276,3978935775,114.1745713,22.307149,0.014043384250930815,0.00027340487608648356,0.0012953367875647315,0.00021691847657834704,1.0,783,0.5484708597807271,1324,0.23629544143104445,577,0.5744373918061165,1494,0.138199653779573
1277,4123241552,114.168077,22.323893,0.018774092785501295,0.002578095203906744,0.0012953367875647315,0.0026989193194065786,0.999792363563349,616,0.6451240623196769,548,0.6843623773802654,577,0.5744373918061165,921,0.46912867859203694
1278,4294666033,114.1842023,22.3105236,0.059243336915009916,0.00871765718287728,0.0006476683937823658,0.014113471923516096,0.9988945112827303,47,0.9734564339296018,125,0.9284477784189267,901,0.2951529140219273,339,0.8049624927870744
1279,4332327041,114.1610019,22.3228614,0.010459767469249927,0.010106278557707406,0.0,0.02968938120309525,0.9904643434195981,925,0.4668205424120023,96,0.9451817657241778,1545,0.054818234275822275,139,0.9203693017888055
1280,4421445236,114.1714748,22.3126951,0.0003539110690035197,0.0002554839618751036,0.0006476683937823658,0.0010900763672264404,0.9996460889309964,1557,0.10213502596653203,1334,0.2308136180034622,901,0.2951529140219273,1222,0.2954414310444316
1281,4432829782,114.1526786,22.3289038,0.003357836924117424,0.0022920946156744495,0.0,0.01034242496649406,0.9966421630758823,1298,0.2515868436237738,602,0.6532025389497981,1545,0.054818234275822275,423,0.7564916330063474
1282,4493621922,114.1759936,22.3066443,0.006159558825551473,1.5997990264463118e-05,0.0012953367875647315,9.383505002058763e-05,1.0,1116,0.35631852279284476,1581,0.08799769186381996,577,0.5744373918061165,1541,0.11107905366416619
1283,4501979659,114.1667867,22.3150558,0.013980494624869987,0.00015992873856496512,0.0012953367875647315,0.0006844268699156943,0.9998643323953541,789,0.5452971725331794,1418,0.18234275822273513,577,0.5744373918061165,1340,0.22735141373341028
1284,4510281036,114.1690856,22.3030214,0.023465318796279968,0.00048003740733383474,0.0019430051813470973,0.0011767877824442026,1.0,493,0.7158107328332372,1195,0.310732833237161,372,0.727062896710906,1193,0.3118869013271783
1285,4510281038,114.1692795,22.3030372,0.023465318796279968,0.00048003740733383474,0.0019430051813470973,0.0011767877824442026,1.0,493,0.7158107328332372,1195,0.310732833237161,372,0.727062896710906,1193,0.3118869013271783
1286,4510286866,114.1681224,22.3029485,0.04454141295273587,0.00548653996252203,0.003886010362694319,0.025013936592495033,0.9951237228672467,122,0.9301788805539527,251,0.8557414887478362,123,0.9163300634737449,178,0.897864974033468
1287,4535526794,114.1757299,22.3025284,0.0002992004281488909,0.00020167978766486662,0.0,0.0009215629132692611,0.9997007995718511,1564,0.09809578765147144,1386,0.20080784766301213,1545,0.054818234275822275,1264,0.27120600115406807
1288,4642297159,114.1723912,22.2946736,0.009259814603500026,0.0007312200472836043,0.0006476683937823658,0.0010915888320032136,1.0,977,0.4368147720715522,1064,0.3866128101557992,901,0.2951529140219273,1221,0.2960184650894403
1289,4689807727,114.181692,22.3183571,0.00708664508522562,0.005537722888516677,0.0006476683937823658,0.021827473076996937,0.9929133549147744,1087,0.37334102712060013,245,0.859203693017888,901,0.2951529140219273,216,0.875937680323139
1290,4733952775,114.1904996,22.3121849,0.007065149911856354,0.001870964158889054,0.0006476683937823658,0.005261259681120714,0.9985188648269181,1089,0.3721869590305828,685,0.6053087132140796,901,0.2951529140219273,680,0.608193883439123
1291,4773263715,114.178526,22.3272806,0.008142349549439109,0.00041415613813420443,0.0006476683937823658,0.0008980672731298262,1.0,1021,0.41142527409117136,1230,0.2908251586843624,901,0.2951529140219273,1269,0.2683208309290248
1292,4773316072,114.1746517,22.3264593,0.015598281082257203,0.0006633007358316864,0.0006476683937823658,0.0018884777038399177,1.0,727,0.5810732833237161,1101,0.36526255049047895,901,0.2951529140219273,1054,0.39238315060588574
1293,4773316080,114.1724344,22.3266733,0.04658246944839492,0.004693625903196168,0.0012953367875647315,0.012716325539893663,1.0,106,0.9391229082515868,310,0.8214079630698211,577,0.5744373918061165,354,0.7960184650894403
1294,4773330911,114.1720975,22.3266789,0.03825905865699527,0.0012244923166475454,0.0006476683937823658,0.0037013145542445108,0.9995095035738355,186,0.8932487016733988,864,0.5020196191575302,901,0.2951529140219273,808,0.534333525678015
1295,4773331322,114.1717672,22.3266664,0.04174341318733938,0.004052659910731959,0.005829015544041416,0.013614205273963703,0.9972155228807155,148,0.9148874783612233,364,0.7902481246393537,42,0.9717253317945759,345,0.8012117714945182
1296,4773727046,114.1603876,22.3260482,0.015395372871857252,0.001109828074003971,0.0012953367875647315,0.0016569586067220774,1.0,733,0.5773225620311598,906,0.47749567224466244,577,0.5744373918061165,1097,0.36728216964800925
1297,4773779436,114.1641175,22.3236062,0.01133730798026911,0.0005621025902420272,0.0006476683937823658,0.0018930755220005636,1.0,876,0.49509521061742645,1139,0.34333525678015003,901,0.2951529140219273,1053,0.3929601846508944
1298,4777713345,114.1903141,22.3270143,0.02475763212380888,0.0014951998380143983,0.002590673575129463,0.0024427914920371174,1.0,443,0.7446624350836699,784,0.5478938257357184,244,0.823139065204847,956,0.4486439699942297
1299,4781436505,114.1856434,22.32008,0.051909668856564575,0.007699260764095949,0.0006476683937823658,0.01675614642231188,0.9970923033538437,73,0.9584535487593768,150,0.9140219272937103,901,0.2951529140219273,283,0.8372763993075591
1300,4843875301,114.1910991,22.319991,0.0024358898373419337,0.0003515045725037638,0.0012953367875647315,0.0011870938342118146,0.999903373174701,1364,0.21321407963069822,1274,0.2651471436814772,577,0.5744373918061165,1189,0.31419503750721295
1301,4843875302,114.1920307,22.3195029,0.0024358898373419337,0.0003515045725037638,0.0019430051813470973,0.0011870938342118146,0.999903373174701,1364,0.21321407963069822,1274,0.2651471436814772,372,0.727062896710906,1189,0.31419503750721295
1302,4844265425,114.1972783,22.3316696,0.009388679601750253,0.00440020073393644,0.005829015544041416,0.02891793631135805,0.9906113203982496,963,0.4448932487016734,337,0.8061165608770917,42,0.9717253317945759,148,0.9151759953837276
1303,4844611313,114.1857176,22.3272015,0.020399925116917076,0.0008069519262780571,0.0006476683937823658,0.0015642556671432992,1.0,568,0.6728216964800924,1035,0.4033467974610502,901,0.2951529140219273,1110,0.36006924408540103
1304,4844940406,114.171157,22.3032407,0.010730789681586599,0.0029329061760622276,0.0006476683937823658,0.012475422022629199,0.9963084988355134,919,0.4702827466820542,484,0.7212925562608193,901,0.2951529140219273,362,0.7916907097518754
1305,4844962258,114.1679667,22.3029379,0.029712784231423782,0.0020029049347365874,0.003886010362694319,0.0060767369079618,0.9996825097687978,321,0.8153491055972303,651,0.624927870744374,123,0.9163300634737449,627,0.6387766878245816
1306,4844962261,114.1667228,22.3028069,0.0054284325326194385,0.00018592292553958406,0.0006476683937823658,0.0005219762894628454,1.0,1173,0.3234275822273514,1397,0.19417195614541258,901,0.2951529140219273,1397,0.19417195614541258
1307,4846202878,114.1915022,22.3288409,0.007059013354251718,0.0007968428535966889,0.0012953367875647315,0.003615308105982947,0.9990984664225921,1091,0.3710328909405655,1037,0.4021927293710329,577,0.5744373918061165,811,0.532602423542989
1308,4846202879,114.1914997,22.3289072,0.0025784893324898514,0.0014564174119164042,0.0006476683937823658,0.007941967716371814,0.9974215106675098,1357,0.21754183496826313,796,0.5412579342181189,901,0.2951529140219273,524,0.6982111944604732
1309,4846202881,114.1915465,22.3288405,0.008291711516626785,0.0038596365148686937,0.003886010362694319,0.02553918077098602,0.991708288483373,1013,0.41604154645124064,377,0.7830351990767456,123,0.9163300634737449,167,0.9042123485285631
1310,4848211641,114.1704091,22.2946312,0.01637521547500057,0.006585230780773619,0.0012953367875647315,0.047857996397759214,0.9845001384766583,695,0.599538372763993,183,0.8949798038084247,577,0.5744373918061165,53,0.96999422965955
1311,4848211645,114.1705896,22.2948821,0.016258234855477113,0.0002356050414275344,0.0006476683937823658,0.0005302948389614567,1.0,701,0.5960761684939412,1352,0.2204270051933064,901,0.2951529140219273,1390,0.1984997114829775
1312,4848365922,114.1895517,22.3277536,0.02112578389367575,0.001677399832286679,0.0019430051813470973,0.0035603297952782015,0.9996373807843629,546,0.6855164454702828,737,0.5753029428736296,372,0.727062896710906,819,0.5279861511829198
1313,4856147006,114.1808078,22.3302588,0.007964756308413985,0.0007712179251242075,0.0006476683937823658,0.001812804587825011,0.9995221241551461,1030,0.4062319676860935,1043,0.39873052510098095,901,0.2951529140219273,1070,0.3831506058857473
1314,4856147008,114.1807374,22.3302625,0.009742589373959146,0.0014465417131111847,0.002590673575129463,0.005395651270963931,0.9984177452974929,949,0.4529717253317946,803,0.5372186959030583,244,0.823139065204847,673,0.6122331217541835
1315,4856147010,114.1806345,22.3288666,0.008635562771203517,0.0011206919694554563,0.0019430051813470973,0.0028101503254232404,0.9991553148611348,1001,0.4229659549913445,899,0.48182342758222735,372,0.727062896710906,912,0.4743219849971148
1316,4856402019,114.1674088,22.332148,0.014848910918545153,0.00506047873271632,0.0019430051813470973,0.01211047471783807,0.997675321318965,755,0.5649163300634737,284,0.8366993652625505,372,0.727062896710906,371,0.7864974033467974
1317,4856402020,114.1675305,22.3320862,0.019565096184231842,0.007487932090853112,0.0006476683937823658,0.01445918123811593,0.9968169288526484,599,0.654933641084824,161,0.9076745527986151,901,0.2951529140219273,328,0.8113098672821697
1318,4856411322,114.1674539,22.3321981,0.010901516648720733,0.00792641722912046,0.0019430051813470973,0.016461918603700623,0.9952363817364014,906,0.47778418926716676,146,0.9163300634737449,372,0.727062896710906,288,0.8343912290825158
1319,4856411323,114.1673847,22.3322543,0.01147628586270083,0.008835066321383795,0.0019430051813470973,0.01823225695037377,0.9946616125224215,873,0.49682631275245237,116,0.9336410848240047,372,0.727062896710906,257,0.8522792844777842
1320,4858064646,114.1673414,22.327631,0.021840268394847307,0.007247764363811074,0.003886010362694319,0.020319888935529745,0.9944764821638911,533,0.6930178880553952,167,0.9042123485285631,123,0.9163300634737449,231,0.8672821696480092
1321,4858256070,114.166335,22.3326222,0.000683933258901756,0.0008904310581639563,0.0,0.0021065729432767064,0.9993160667410982,1510,0.12925562608193883,995,0.42642815926139643,1545,0.054818234275822275,1011,0.4171956145412579
1322,4858447071,114.1584944,22.3216866,0.009058726753534304,0.00064232227766193,0.0019430051813470973,0.0014226646531957101,1.0,985,0.4319099826889786,1108,0.36093479515291405,372,0.727062896710906,1145,0.33958453548759376
1323,4858447072,114.1582586,22.3219701,0.012570817817949336,0.0016029545599893537,0.0032383419689119533,0.005562196192258176,0.9987751002162036,827,0.5233698788228506,761,0.5614541257934218,170,0.8814195037507213,659,0.6203115983843047
1324,4860301263,114.1783376,22.3234652,0.041278479262085575,0.002869030525729175,0.004533678756476684,0.009439607023408918,0.9995513943647558,152,0.91200230813618,493,0.7155222158107328,76,0.9434506635891518,463,0.7328332371609925
1325,4860301264,114.1784145,22.324498,0.041278479262085575,0.002869030525729175,0.004533678756476684,0.009439607023408918,0.9995513943647558,152,0.91200230813618,493,0.7155222158107328,76,0.9434506635891518,463,0.7328332371609925
1326,4860301265,114.1783557,22.3236929,0.041278479262085575,0.002869030525729175,0.004533678756476684,0.009439607023408918,0.9995513943647558,152,0.91200230813618,493,0.7155222158107328,76,0.9434506635891518,463,0.7328332371609925
1327,4860320025,114.1781269,22.3219098,0.041278479262085575,0.0009276501643901874,0.0006476683937823658,0.0025070799628540328,1.0,152,0.91200230813618,980,0.43508366993652625,901,0.2951529140219273,945,0.4552798615118292
1328,4860320026,114.178161,22.3216632,0.06813346939544558,0.0009770159811016703,0.0006476683937823658,0.0019438189616245473,1.0,28,0.9844200807847663,956,0.448932487016734,901,0.2951529140219273,1046,0.396999422965955
1329,4860320029,114.1793806,22.3171837,0.046140107281891975,0.0032793336252894393,0.0006476683937823658,0.006236913064926965,1.0,111,0.9365262550490479,440,0.7466820542412003,901,0.2951529140219273,607,0.6503173687247548
1330,4860608371,114.1791942,22.3174446,0.021457185646341453,0.000839551599225685,0.0006476683937823658,0.0013394964930746457,1.0,540,0.6889786497403346,1013,0.41604154645124064,901,0.2951529140219273,1158,0.3323716099249856
1331,4860691742,114.1651046,22.3239824,0.007059026864154986,0.00308735981558215,0.0012953367875647315,0.006170596744387423,0.9980616617792223,1090,0.37160992498557416,463,0.7334102712060011,577,0.5744373918061165,612,0.6474321984997115
1332,4860691743,114.1657153,22.3241075,0.0019383382207776108,0.002884846627217421,0.0006476683937823658,0.005970247531704984,0.9980616617792223,1408,0.1881130986728217,489,0.7184073860357761,901,0.2951529140219273,633,0.6353144835545297
1333,4860719322,114.1819502,22.3132538,0.05779604713583122,0.010784389581778178,0.0006476683937823658,0.01947337902531281,0.9979556532225191,54,0.9694171956145412,91,0.948066935949221,901,0.2951529140219273,238,0.8632429313329486
1334,4860805876,114.188537,22.3027883,0.01456161204387076,0.0023868053352802767,0.0006476683937823658,0.0014432224610636817,1.0,765,0.5591459896133872,584,0.6635891517599538,901,0.2951529140219273,1139,0.34333525678015003
1335,4860805878,114.1886293,22.3027538,0.014687710774298344,0.004766405616167048,0.002590673575129463,0.011045662207685145,0.9969603466150596,759,0.5623196768609348,303,0.8254472013848817,244,0.823139065204847,395,0.7723600692440854
1336,4860805880,114.1888027,22.3028831,0.0,0.0,0.0,0.0,1.0,1627,0.031159838430467397,1627,0.031159838430467397,1545,0.054818234275822275,1627,0.031159838430467397
1337,4862079505,114.1845269,22.3008042,0.0186571876401402,0.0007811377133015292,0.0006476683937823658,0.0019364932102575677,1.0,620,0.6428159261396422,1042,0.3993075591459896,901,0.2951529140219273,1047,0.39642238892094633
1338,4862079512,114.1843491,22.3011592,0.005492599592702203,0.0016559684246579072,0.0006476683937823658,0.0004939297958610803,1.0,1165,0.328332371609925,750,0.5678015002885171,901,0.2951529140219273,1408,0.1881130986728217
1339,4862079513,114.1844391,22.3011443,0.0108107894652453,0.001784049957514413,0.003886010362694319,0.0010792668815097794,1.0,912,0.47345643392960185,704,0.5934795152914022,123,0.9163300634737449,1223,0.29399884593191
1340,4862122192,114.1560305,22.3329075,0.011994549999183151,0.007887601549332927,0.0,0.03694424005001913,0.9880054500008166,849,0.5106751298326602,147,0.9157530294287363,1545,0.054818234275822275,106,0.9394114252740912
1341,4862139808,114.1840008,22.3014702,0.009210604104896925,0.00047825696399906935,0.0012953367875647315,0.0015255732882808557,1.0,979,0.43537218695903057,1198,0.309001731102135,577,0.5744373918061165,1118,0.3551644547028275
1342,4862185729,114.1788411,22.3056672,0.025059400901426717,0.0012753013448523315,0.0032383419689119533,0.0025149401455168835,1.0,433,0.7504327755337565,846,0.5121177149451818,170,0.8814195037507213,942,0.45672244662435085
1343,4862228463,114.1782562,22.3057339,0.02889068344100218,0.00016353885508914784,0.0006476683937823658,0.0002929930141663023,1.0,347,0.8003462204270052,1415,0.1840738603577611,901,0.2951529140219273,1457,0.15983843046739757
1344,4862322386,114.165286,22.3063687,0.01729836037625254,0.00042495362792534404,0.0006476683937823658,0.0009050501155443886,1.0,665,0.6168493941142528,1222,0.2954414310444316,901,0.2951529140219273,1265,0.2706289671090594
1345,4862605958,114.1779813,22.2984034,0.009302009174856664,0.00025423981021991846,0.0012953367875647315,0.0005877426905402899,1.0,974,0.4382573571840739,1338,0.22821696480092327,577,0.5744373918061165,1367,0.21148297749567224
1346,4862605959,114.1785062,22.2978272,0.010430688133976284,0.00025645767446816776,0.0006476683937823658,0.0004585760078825941,1.0,928,0.46508944027697635,1333,0.23139065204847087,901,0.2951529140219273,1418,0.18234275822273513
1347,4862705207,114.1591194,22.3331179,0.0006564721929483965,0.000440028398502099,0.0,0.002021990511032033,0.9993435278070515,1514,0.12694748990190421,1216,0.29890363531448355,1545,0.054818234275822275,1029,0.4068090017311021
1348,4864359198,114.1859216,22.3047485,0.015444739570333358,0.001006865096810338,0.0012953367875647315,0.0013225808378914668,1.0,731,0.5787651471436814,944,0.45585689555683784,577,0.5744373918061165,1163,0.3294864396999423
1349,4864470280,114.1619855,22.322904,0.028026780048829053,0.0019796129407776853,0.0006476683937823658,0.006489366450930031,0.9984812730067395,359,0.7934218118869013,661,0.6191575302942873,901,0.2951529140219273,592,0.6589728793998846
1350,4864607476,114.1911214,22.3226817,0.025248531007744282,0.0009706441101600668,0.0012953367875647315,0.005580658647000559,0.9983309915761213,428,0.753606462781304,959,0.447201384881708,577,0.5744373918061165,658,0.6208886324293134
1351,4864607479,114.1913932,22.3232297,0.02444764007683069,0.0005416723034480881,0.0012953367875647315,0.003113846068990504,0.9991318825070349,452,0.7397576457010964,1150,0.33698788228505483,577,0.5744373918061165,875,0.4956722446624351
1352,4864718208,114.1924396,22.3193447,0.014823371727882215,0.002453874691182749,0.0006476683937823658,0.004581364525720565,1.0,756,0.5643392960184651,576,0.668205424120023,901,0.2951529140219273,741,0.5729948066935949
1353,4864718209,114.192554,22.3192864,0.009019617854991172,0.004490159357561751,0.0032383419689119533,0.017627000551986714,0.9945844790162331,988,0.4301788805539527,327,0.811598384304674,170,0.8814195037507213,265,0.8473744950952106
1354,4907135612,114.1729303,22.3158456,0.005170138619572191,0.002987370583073224,0.002590673575129463,0.01456836101974463,0.9953019698387595,1192,0.3127524523946913,477,0.7253317945758799,244,0.823139065204847,325,0.8130409694171956
1355,4928401453,114.1643658,22.3063965,0.01999098866742207,0.0011522295822321382,0.0012953367875647315,0.0030974945640732635,1.0,584,0.6633006347374495,887,0.48845931909982687,577,0.5744373918061165,876,0.4948066935949221
1356,4928401462,114.1640498,22.3068567,0.005671391993395567,1.6568483680463758e-05,0.0006476683937823658,5.408241504032637e-05,1.0,1153,0.33525678015002885,1579,0.0894402769763416,901,0.2951529140219273,1572,0.0934795152914022
1357,4928401464,114.1640553,22.3066382,0.01455133318962759,0.0010626010142632588,0.0012953367875647315,0.001978364281888497,1.0,766,0.5585689555683785,927,0.465666474321985,577,0.5744373918061165,1037,0.4021927293710329
1358,4928401467,114.1638956,22.3087057,0.01153249641141807,5.8611820214589626e-05,0.004533678756476684,0.0002388789855412398,1.0,867,0.49942296595499136,1512,0.12723600692440853,76,0.9434506635891518,1478,0.14685516445470284
1359,4928401468,114.1638689,22.3088061,0.01153249641141807,5.8611820214589626e-05,0.004533678756476684,0.0002388789855412398,1.0,867,0.49942296595499136,1512,0.12723600692440853,76,0.9434506635891518,1478,0.14685516445470284
1360,4945918763,114.1989862,22.3216312,0.0,0.0,0.0,0.0,1.0,1627,0.031159838430467397,1627,0.031159838430467397,1545,0.054818234275822275,1627,0.031159838430467397
1361,4988113111,114.1873562,22.3122197,0.029623698258623706,0.00524130327582118,0.004533678756476684,0.013971023024043636,0.9963252001913613,327,0.8118869013271783,269,0.8453548759376803,76,0.9434506635891518,340,0.8043854587420658
1362,5009737115,114.1594717,22.3027877,2.5387057819783408e-05,8.224111082441149e-06,0.002590673575129463,7.819430977577216e-05,0.9999746129421803,1623,0.06347374495095211,1604,0.07443739180611655,244,0.823139065204847,1552,0.10444316214656665
1363,5009737119,114.1594267,22.3031008,0.009349674279833799,0.0002548603821161399,0.0019430051813470973,0.0007827937643956953,1.0,966,0.4428736295441431,1335,0.2299480669359492,372,0.727062896710906,1315,0.24148874783612234
1364,5022506823,114.189792,22.3249539,0.004372314980903107,7.839395901789595e-05,0.0012953367875647315,0.0001038640098220614,1.0,1234,0.28822850548182344,1492,0.1393537218695903,577,0.5744373918061165,1535,0.11454125793421811
1365,5026755148,114.1829312,22.308638,0.03176625142023717,0.002500520785098567,0.008419689119171004,0.009467454047474917,0.9978830725079397,282,0.8375649163300635,564,0.6748413156376226,15,0.9916330063473745,461,0.7342758222735142
1366,5026796433,114.1770271,22.306237,0.0019432411498345348,4.7838233139147795e-06,0.0019430051813470973,2.4185763225804317e-05,1.0,1406,0.18897864974033468,1615,0.06837853433352568,372,0.727062896710906,1600,0.07703404500865552
1367,5035159635,114.1672117,22.3090769,0.012207441855556875,0.001074951630261213,0.0006476683937823658,0.0009355569937855857,1.0,845,0.5129832660126947,923,0.4679746105020196,901,0.2951529140219273,1261,0.27293710328909404
1368,5052279539,114.1569617,22.3174492,0.016128180351876773,0.0028131888709138114,0.0019430051813470973,0.011581745046601394,0.99702686639842,707,0.5926139642238892,501,0.7114829774956722,372,0.727062896710906,380,0.7813040969417195
1369,5054337446,114.1645312,22.3027452,0.0057945763046128055,0.0013422642649743657,0.0012953367875647315,0.002178350941818022,1.0,1141,0.3418926716676284,832,0.520196191575303,577,0.5744373918061165,1002,0.4221004039238315
1370,5069518591,114.1820785,22.3339316,0.0019462476078228761,0.0015113341872433068,0.0006476683937823658,0.005994609120398917,0.9980537523921771,1405,0.18984420080784767,782,0.54933641084824,901,0.2951529140219273,629,0.6376226197345644
1371,5098425986,114.1690143,22.2938624,0.0016335351896982868,0.0007361591490702026,0.0,0.00503142812214542,0.9983664648103013,1423,0.17945758799769188,1062,0.3877668782458165,1545,0.054818234275822275,704,0.5943450663589152
1372,5099453112,114.1712706,22.3084889,0.044947656755820846,0.0031728433376888875,0.0006476683937823658,0.005673041739169015,0.9997159543327827,118,0.9324870167339873,451,0.740334679746105,901,0.2951529140219273,651,0.624927870744374
1373,5101532172,114.1651544,22.3313629,0.027580409700276382,0.010563648153419675,0.0071243523316061475,0.02194132887976453,0.994484704128754,368,0.7882285054818234,95,0.9457587997691864,22,0.9852856318522792,214,0.8770917484131564
1374,5101532173,114.1652114,22.3312955,0.01851247130536787,0.0015196070134166626,0.0006476683937823658,0.0011230034827803958,1.0,623,0.6410848240046163,779,0.5510675129832661,901,0.2951529140219273,1213,0.3006347374495095
1375,5101650401,114.1665867,22.3328933,0.004080872426245295,0.005769007312496912,0.0,0.012569436163839223,0.9959191275737546,1246,0.2815926139642239,231,0.8672821696480092,1545,0.054818234275822275,360,0.7928447778418927
1376,5101650402,114.1665404,22.3328432,0.0030086119399366546,0.0025001952142936204,0.0,0.009266782141384579,0.9969913880600634,1327,0.2348528563185228,566,0.6739757645701097,1545,0.054818234275822275,479,0.7241777264858626
1377,5101814997,114.1703228,22.3315677,0.019418897459360453,0.025629340482833548,0.0006476683937823658,0.022994665773659745,0.9933209320915065,601,0.6537795729948067,19,0.9896133871898442,901,0.2951529140219273,201,0.8845931909982689
1378,5101814998,114.17041,22.331563,0.017265145255471653,0.022401550276767882,0.0006476683937823658,0.010053062291327962,0.9969871621039786,668,0.6151182919792267,24,0.986728216964801,901,0.2951529140219273,439,0.7472590882862089
1379,5102113130,114.1716362,22.3196876,0.08456768517508426,0.012949731601846252,0.0032383419689119533,0.024210573168776246,0.9971837087337875,12,0.9936526255049047,68,0.96133871898442,170,0.8814195037507213,186,0.8932487016733988
1380,5102138240,114.1754378,22.3186093,0.05573462983987161,0.006061552283017201,0.0012953367875647315,0.01829629784177121,0.9954862336216326,58,0.9671090594345066,213,0.877668782458165,577,0.5744373918061165,256,0.8528563185227929
1381,5102154185,114.1777958,22.3177106,0.048369726183096234,0.008080187923780752,0.0019430051813470973,0.024887910856584206,0.9963829571929417,91,0.948066935949221,140,0.9197922677437969,372,0.727062896710906,180,0.8967109059434507
1382,5102189141,114.1875128,22.3200248,0.02646265910651895,0.00275889170327427,0.0012953367875647315,0.007142272327448778,0.9983369278889164,401,0.7691863819965378,512,0.705135603000577,577,0.5744373918061165,557,0.6791690709751875
1383,5102189142,114.1874386,22.3200316,0.02382258927538009,0.0028615273316375898,0.0006476683937823658,0.004343961774577209,1.0,478,0.724466243508367,497,0.7135025966532026,901,0.2951529140219273,764,0.5594345066358916
1384,5103577570,114.1580589,22.3244185,0.008267143635073583,0.0010382800980264736,0.0019430051813470973,0.0014867546192908925,1.0,1015,0.414598961338719,936,0.46018465089440275,372,0.727062896710906,1132,0.3470859780727063
1385,5103661126,114.1658965,22.3201771,0.017956624365955666,0.0007938910439393587,0.0012953367875647315,0.0025615025247051116,0.9996374962798303,651,0.624927870744374,1038,0.40161569532602426,577,0.5744373918061165,938,0.4593190998268898
1386,5103929473,114.171733,22.3032687,0.04089262970865589,0.006891465594866704,0.0006476683937823658,0.03453711539904437,0.9896198383981248,159,0.9088286208886325,180,0.8967109059434507,901,0.2951529140219273,118,0.9324870167339873
1387,5103929474,114.1718146,22.303275,0.041200673749501725,0.0017338233192193615,0.0006476683937823658,0.004328441986958886,0.9995155237787506,158,0.9094056549336411,721,0.584535487593768,901,0.2951529140219273,767,0.5579919215233698
1388,5103929475,114.1719165,22.3032521,0.03407803850328597,0.002072193913291819,0.0006476683937823658,0.008033730669692984,0.9978516861777496,245,0.859203693017888,640,0.6312752452394691,901,0.2951529140219273,521,0.6999422965954991
1389,5103971487,114.1742817,22.3072288,0.016650099601130824,0.0007526620301632128,0.0006476683937823658,0.001021549767294588,1.0,687,0.6041546451240624,1053,0.3929601846508944,901,0.2951529140219273,1237,0.2867859203693018
1390,5103971488,114.1741806,22.3070591,0.024652956334597305,0.0012913255259818942,0.0006476683937823658,0.0018102586261348789,1.0,447,0.7426428159261397,844,0.5135603000577034,901,0.2951529140219273,1071,0.3825735718407386
1391,5103971489,114.1744355,22.3074317,0.005399362963114745,0.003358800610745302,0.002590673575129463,0.01663049980533481,0.9946006370368852,1177,0.3214079630698211,426,0.7547605308713214,244,0.823139065204847,284,0.8366993652625505
1392,5103971497,114.174008,22.3073168,0.009369852875663753,0.0016644414585801068,0.003886010362694319,0.006513047985667709,0.9980472994098755,965,0.44373918061165607,747,0.569532602423543,123,0.9163300634737449,590,0.6601269474899019
1393,5104093639,114.1771176,22.3029386,0.012564731151241423,0.0003274776117288336,0.0006476683937823658,0.0006745752863725026,1.0,828,0.5227928447778419,1291,0.2556260819388344,901,0.2951529140219273,1342,0.22619734564339297
1394,5104093645,114.1772571,22.3029817,0.029576486754151934,0.002174032968147929,0.0006476683937823658,0.003995069538842327,1.0,329,0.8107328332371609,619,0.6433929601846509,901,0.2951529140219273,787,0.5464512406231967
1395,5104093646,114.1771748,22.3030275,0.022541896023517225,0.0012331520555021968,0.0006476683937823658,0.0019762610934256266,1.0,515,0.7034045008655511,860,0.5043277553375649,901,0.2951529140219273,1041,0.3998845931909983
1396,5104093647,114.1770713,22.3030694,0.035942477106336156,0.001984177986999698,0.002590673575129463,0.00460097720798373,0.9998759216586682,221,0.8730525100980958,655,0.6226197345643393,244,0.823139065204847,740,0.5735718407386036
1397,5104093648,114.1768133,22.3031074,0.029279475810151896,0.001827875591291443,0.0006476683937823658,0.0032452736596379366,1.0,336,0.8066935949221004,694,0.6001154068090018,901,0.2951529140219273,858,0.5054818234275822
1398,5104128046,114.1861553,22.3047181,0.03045571278110828,0.003064043931263682,0.0006476683937823658,0.0033208239970511314,1.0,305,0.8245816503173687,466,0.7316791690709752,901,0.2951529140219273,846,0.5124062319676861
1399,5104147159,114.1606472,22.3075809,0.012836591949254109,0.0009972037699954805,0.006476683937823782,0.0035817271274834013,0.9997707466796514,818,0.5285631852279284,948,0.4535487593768032,32,0.9795152914021927,816,0.5297172533179457
1400,5104169313,114.1675431,22.3048486,0.024499102292337434,0.0018615462262493933,0.0019430051813470973,0.01129514501814158,0.9968126191223019,451,0.740334679746105,686,0.604731679169071,372,0.727062896710906,386,0.7778418926716676
1401,5104193282,114.1673164,22.3090304,0.019112494912028967,0.0023703419812343795,0.00518134715025905,0.006310043587515834,0.9981827494649115,611,0.6480092325447201,590,0.6601269474899019,59,0.9619157530294288,601,0.6537795729948067
1402,5116241584,114.162355,22.3315962,0.00043059233944957824,0.0004612511851034481,0.0,0.0013262612397636328,0.9995694076605504,1540,0.11194460473167916,1209,0.30294287362954414,1545,0.054818234275822275,1162,0.33006347374495093
1403,5118471617,114.1661569,22.3068173,0.0,0.0,0.0,0.0,1.0,1627,0.031159838430467397,1627,0.031159838430467397,1545,0.054818234275822275,1627,0.031159838430467397
1404,5120436693,114.1790669,22.298078,0.01322209992294893,0.002765960992180945,0.004533678756476684,0.016501651889139414,0.9950372838545428,805,0.536064627813041,511,0.7057126370455857,76,0.9434506635891518,286,0.8355452971725332
1405,5120436700,114.1822316,22.2995579,0.015434885237501883,0.0014563605173578823,0.0012953367875647315,0.00624304792087217,0.9986062636535186,732,0.5781881130986728,797,0.5406809001731102,577,0.5744373918061165,606,0.6508944027697634
1406,5120436719,114.1771494,22.2965485,0.007627466344762433,0.0011737864639669521,0.0012953367875647315,0.007293495458392937,0.997736832456428,1053,0.3929601846508944,881,0.49221004039238314,577,0.5744373918061165,553,0.6814772071552222
1407,5120437766,114.1757915,22.2957699,0.0049596873046990645,4.368487958981758e-05,0.0012953367875647315,6.058226726926439e-05,1.0,1205,0.30496249278707444,1530,0.11771494518176573,577,0.5744373918061165,1566,0.09694171956145413
1408,5120437769,114.1768,22.2963753,0.0049596873046990645,0.00015099359433973884,0.0019430051813470973,0.0002653735463174008,1.0,1205,0.30496249278707444,1425,0.17830351990767454,372,0.727062896710906,1468,0.15349105597230236
1409,5123029554,114.1672825,22.3073216,0.01427364522689732,0.0034888886665601,0.0032383419689119533,0.01886411807955082,0.9939624226817986,772,0.5548182342758222,411,0.7631275245239469,170,0.8814195037507213,246,0.858338141950375
1410,5123029555,114.1663535,22.3075342,0.0002652065136810358,0.00022645178158039564,0.0,0.0008168587487589935,0.9997347934863188,1579,0.0894402769763416,1357,0.21754183496826313,1545,0.054818234275822275,1300,0.2504327755337565
1411,5123029556,114.1654255,22.3077472,0.0,0.0,0.0,0.0,1.0,1627,0.031159838430467397,1627,0.031159838430467397,1545,0.054818234275822275,1627,0.031159838430467397
1412,5131739783,114.1613338,22.3074624,0.007521881795092095,0.0008999453359994099,0.0012953367875647315,0.0027947597245860318,1.0,1060,0.3886324293133295,991,0.42844777841892673,577,0.5744373918061165,913,0.47345643392960185
1413,5133880779,114.1665106,22.3187874,0.02989556037088346,0.0040672456754469715,0.0019430051813470973,0.006477623369888488,0.9989878347750315,317,0.8176572417772648,362,0.7916907097518754,372,0.727062896710906,593,0.6583958453548759
1414,5135640272,114.187964,22.3215889,0.016722703112062445,0.0008081279848319452,0.0012953367875647315,0.002306353837557352,0.9993941172436691,686,0.604731679169071,1034,0.4039238315060589,577,0.5744373918061165,977,0.4368147720715522
1415,5135751883,114.1750516,22.3267682,0.04048482081132631,0.006946073794015034,0.0032383419689119533,0.029430876986973498,0.9937762263930555,164,0.9059434506635892,177,0.8984420080784766,170,0.8814195037507213,140,0.9197922677437969
1416,5137162805,114.1639145,22.3025672,0.0054474409665169615,0.00019225374190307985,0.0012953367875647315,0.0005289124403737729,0.9999988243738998,1170,0.3254472013848817,1393,0.19676860934795154,577,0.5744373918061165,1392,0.19734564339296018
1417,5137162811,114.1638075,22.3026783,0.0035108444161304096,0.000582449879713753,0.002590673575129463,0.0021378905564356705,0.9995095944987175,1288,0.2573571840738604,1126,0.35083669936526257,244,0.823139065204847,1007,0.41950375072129253
1418,5137162815,114.161391,22.3026321,0.0036728654138595104,0.0006727419566826217,0.002590673575129463,0.002636929089240676,0.9993475735009886,1275,0.26485862665897286,1093,0.3698788228505482,244,0.823139065204847,927,0.465666474321985
1419,5137162816,114.161604,22.3025282,0.005446853153466884,0.00019182831284720312,0.0012953367875647315,0.0005271019258959321,0.9999994121869499,1171,0.32487016733987306,1394,0.19619157530294287,577,0.5744373918061165,1393,0.19676860934795154
1420,5137162820,114.1638956,22.3030224,0.005697483191802657,0.003765029647386513,0.0006476683937823658,0.017548735611860596,0.9943025168081974,1151,0.3364108482400462,383,0.7795729948066936,901,0.2951529140219273,269,0.8453548759376803
1421,5137163548,114.1640343,22.3031662,0.0,0.0,0.0006476683937823658,0.0,1.0,1627,0.031159838430467397,1627,0.031159838430467397,901,0.2951529140219273,1627,0.031159838430467397
1422,5137163564,114.16405,22.3064755,0.02325540325432985,0.001104659627166309,0.0006476683937823658,0.003223805492693745,1.0,499,0.7126370455856895,910,0.47547605308713214,901,0.2951529140219273,861,0.5037507212925563
1423,5137163566,114.1637617,22.3065551,0.026974635048079145,0.004249290670445769,0.0006476683937823658,0.019364497347586572,0.9943025168081974,391,0.7749567224466244,349,0.7991921523369879,901,0.2951529140219273,240,0.8620888632429313
1424,5137163569,114.1639483,22.3034467,0.0002792258207252175,1.3642753149680828e-07,0.0006476683937823658,2.377634872019461e-07,1.0,1569,0.09521061742642815,1626,0.06231967686093479,901,0.2951529140219273,1626,0.06231967686093479
1425,5137163580,114.167242,22.302988,0.0057945763046128055,0.0013422642649743657,0.0019430051813470973,0.002178350941818022,1.0,1141,0.3418926716676284,832,0.520196191575303,372,0.727062896710906,1002,0.4221004039238315
1426,5271293472,114.182052,22.3042201,0.01120717191093744,0.0004917489884585283,0.0006476683937823658,0.0008437041943055131,1.0,888,0.48817080207732255,1186,0.31621465666474324,901,0.2951529140219273,1290,0.25620311598384304
1427,5275215754,114.1721331,22.3275911,0.014979451688702041,0.001436664426451258,0.0012953367875647315,0.002910317501990141,1.0,747,0.5689555683785343,805,0.5354875937680323,577,0.5744373918061165,893,0.4847085978072706
1428,5299116276,114.1636579,22.308787,0.01820949975805864,0.00015050979595816833,0.0032383419689119533,0.0007193675483141743,1.0,632,0.634737449509521,1427,0.17599538372763993,170,0.8814195037507213,1327,0.23369878822850548
1429,5333519678,114.1603767,22.3054539,0.009324287222014015,0.0002547509530716408,0.0006476683937823658,0.0007822444246324983,1.0,971,0.4402769763416042,1337,0.22908251586843623,901,0.2951529140219273,1317,0.24062319676860935
1430,5333519683,114.1620693,22.3125156,0.001984035057643461,0.0005477063878583623,0.0,0.006110997698306735,0.9980159649423566,1402,0.1912867859203693,1147,0.3384304673975765,1545,0.054818234275822275,619,0.6431044431621465
1431,5333519688,114.162134,22.3106501,0.0008129313065433812,5.218000347865636e-05,0.0019430051813470973,8.251874815747843e-05,1.0,1491,0.13993075591459897,1519,0.12377380265435661,372,0.727062896710906,1547,0.10761684939411426
1432,5333551835,114.1994591,22.322311,0.0,0.0,0.0,0.0,1.0,1627,0.031159838430467397,1627,0.031159838430467397,1545,0.054818234275822275,1627,0.031159838430467397
1433,5333606589,114.1965197,22.3313446,0.01220324075977262,0.005522739446688784,0.012305699481865323,0.03758702544471623,0.9877967592402273,846,0.5124062319676861,250,0.8563185227928448,4,0.9976918638199653,102,0.9417195614541258
1434,5390102149,114.1821956,22.3082002,0.024357413644669985,0.0013533386678525607,0.0006476683937823658,0.0029397988743099786,1.0,456,0.7374495095210617,826,0.5239469128678592,901,0.2951529140219273,891,0.4864396999422966
1435,5416484561,114.1994592,22.3220535,0.0,0.0,0.0,0.0,1.0,1627,0.031159838430467397,1627,0.031159838430467397,1545,0.054818234275822275,1627,0.031159838430467397
1436,5436700698,114.163385,22.3117475,0.0,0.0,0.0,0.0,1.0,1627,0.031159838430467397,1627,0.031159838430467397,1545,0.054818234275822275,1627,0.031159838430467397
1437,5436700706,114.1643935,22.3112112,0.0,0.0,0.0,0.0,1.0,1627,0.031159838430467397,1627,0.031159838430467397,1545,0.054818234275822275,1627,0.031159838430467397
1438,5436701127,114.1639881,22.310754,0.0,0.0,0.0,0.0,1.0,1627,0.031159838430467397,1627,0.031159838430467397,1545,0.054818234275822275,1627,0.031159838430467397
1439,5436750014,114.1651451,22.3067131,0.020341091633339334,0.0003268284910405413,0.0012953367875647315,0.0007927175624217876,1.0,571,0.670802077322562,1292,0.2547605308713214,577,0.5744373918061165,1307,0.24610502019619157
1440,5647922669,114.1654939,22.3089783,0.00563397032964538,0.00016833963155566344,0.0006476683937823658,0.00017445767705058626,1.0,1156,0.3335256780150029,1412,0.18580496249278708,901,0.2951529140219273,1514,0.12694748990190421
1441,5647922672,114.1651495,22.3087815,0.020341091633339334,0.0003268284910405413,0.0012953367875647315,0.0007927175624217876,1.0,571,0.670802077322562,1292,0.2547605308713214,577,0.5744373918061165,1307,0.24610502019619157
1442,5647922704,114.1652249,22.3091534,0.02164386204891325,0.0002810046704801783,0.0006476683937823658,0.0007756892250602643,1.0,537,0.6907097518753607,1317,0.24062319676860935,901,0.2951529140219273,1319,0.23946912867859205
1443,5655203843,114.1651873,22.306231,0.040209458143800274,0.0017230009907511388,0.0006476683937823658,0.006256125959760664,0.9985831573495205,170,0.9024812463935372,725,0.5822273514137334,901,0.2951529140219273,605,0.651471436814772
1444,5701086245,114.1651001,22.3064057,0.03344586393644744,0.0008458384621463116,0.0019430051813470973,0.001828667349343984,1.0,253,0.8545874206578188,1011,0.4171956145412579,372,0.727062896710906,1067,0.3848817080207732
1445,5705662284,114.1650484,22.3090641,0.026874431644337327,0.0006833246162948183,0.0012953367875647315,0.0011700461545005884,1.0,393,0.7735141373341027,1083,0.3753606462781304,577,0.5744373918061165,1198,0.309001731102135
1446,5705662285,114.1652095,22.3090315,0.0256372162165152,0.00036022521680340036,0.0006476683937823658,0.0008746602418176711,1.0,422,0.757068667051356,1269,0.2683208309290248,901,0.2951529140219273,1278,0.2631275245239469
1447,5772236398,114.1945406,22.3220639,0.0037180229004271544,4.0284028315297483e-05,0.0019430051813470973,4.5944928782158305e-05,1.0,1266,0.26947489901904215,1532,0.11598384304673975,372,0.727062896710906,1578,0.0894402769763416
1448,5772236401,114.1945925,22.3221732,0.0037180229004271544,4.0284028315297483e-05,0.0019430051813470973,4.5944928782158305e-05,1.0,1266,0.26947489901904215,1532,0.11598384304673975,372,0.727062896710906,1578,0.0894402769763416
1449,5805784085,114.1639074,22.302683,0.0058135847385103285,0.002635453936675449,0.0012953367875647315,0.009907692037931378,0.9969887200354103,1137,0.3444893248701673,539,0.6895556837853434,577,0.5744373918061165,446,0.7432198499711483
1450,5870086800,114.1640546,22.3056253,0.002406977406487788,0.0003446961520693034,0.0019430051813470973,0.0008279666790088981,1.0,1371,0.2088863242931333,1279,0.26226197345643393,372,0.727062896710906,1296,0.2524523946912868
1451,5998508273,114.1856154,22.3069321,0.006848055110811123,0.0026799952674855113,0.002590673575129463,0.015166843817761353,0.9950778079371418,1103,0.3641084824004616,534,0.6924408540103866,244,0.823139065204847,304,0.8251586843623774
1452,6001017151,114.1904093,22.3122052,0.014591415373102561,0.003262391797315732,0.0019430051813470973,0.011080066383683305,0.9967358071104597,764,0.5597230236583959,442,0.7455279861511829,372,0.727062896710906,394,0.7732256203115984
1453,6028240974,114.1905034,22.3124385,0.008902648374185753,0.0007577911142347211,0.0006476683937823658,0.0013558709288427535,0.9997506862171546,992,0.4281592613964224,1049,0.395268320830929,901,0.2951529140219273,1152,0.3358338141950375
1454,6046364952,114.1624524,22.3132076,0.004959510265858674,0.0004417011001493985,0.0019430051813470973,0.0015190971898132232,0.9997979037993152,1207,0.3040969417195615,1215,0.2994806693594922,372,0.727062896710906,1122,0.3531448355452972
1455,6052471816,114.1647667,22.3118739,0.029465591447972606,0.0033869252801095127,0.0006476683937823658,0.006104246696273558,1.0,332,0.809001731102135,419,0.758799769186382,901,0.2951529140219273,623,0.6410848240046163
1456,6052475832,114.1648707,22.3118828,0.023054822944044588,0.0003891464440416879,0.0006476683937823658,0.0008868157896316368,1.0,505,0.7091748413156376,1245,0.28216964800923255,901,0.2951529140219273,1272,0.26658972879399884
1457,6052475833,114.1650509,22.3118978,0.012264719916860968,0.00020322812056795686,0.0019430051813470973,0.0005457412241173658,1.0,840,0.5152914021927294,1383,0.20196191575302944,372,0.727062896710906,1379,0.20427005193306405
1458,6052475835,114.1649564,22.3117183,0.024130474182720334,0.0003353877269477239,0.0012953367875647315,0.0010757176259298363,1.0,465,0.7319676860934795,1285,0.258799769186382,577,0.5744373918061165,1227,0.292267743796884
1459,6052491085,114.1650273,22.3105587,0.005585899340894785,0.00011213664650148288,0.002590673575129463,0.0005177376518568919,1.0,1159,0.3315060588574726,1465,0.154933641084824,244,0.823139065204847,1401,0.19186381996537796
1460,6052491094,114.1651506,22.3103359,0.026874431644337327,0.0006833246162948183,0.0012953367875647315,0.0011700461545005884,1.0,393,0.7735141373341027,1083,0.3753606462781304,577,0.5744373918061165,1198,0.309001731102135
1461,6052491101,114.1653314,22.3104988,0.024130474182720334,0.0003353877269477239,0.0012953367875647315,0.0010757176259298363,1.0,465,0.7319676860934795,1285,0.258799769186382,577,0.5744373918061165,1227,0.292267743796884
1462,6126352666,114.1862539,22.29978,0.025470627743444673,0.0763122104043044,0.0006476683937823658,0.07845171228954655,0.9745293722565551,425,0.7553375649163301,3,0.9988459319099827,901,0.2951529140219273,13,0.9930755914598961
1463,6126362968,114.1894809,22.3021814,0.03636248329019824,0.06691595671522041,0.0006476683937823658,0.11199955909803848,0.9636375167098016,214,0.8770917484131564,11,0.9942296595499135,901,0.2951529140219273,2,0.9994229659549914
1464,6160598984,114.1802678,22.3075185,0.0069491075302921075,9.620718744481463e-05,0.0006476683937823658,0.0005093089254569255,1.0,1097,0.36757068667051357,1477,0.14829774956722447,901,0.2951529140219273,1404,0.1904212348528563
1465,6283851981,114.1624515,22.3098065,0.003123418715826298,9.920072036009735e-05,0.0,0.0004769975935732915,1.0,1319,0.2391806116560877,1472,0.15118291979226775,1545,0.054818234275822275,1411,0.18638199653779572
1466,6283852188,114.1649507,22.3105755,0.005585899340894785,0.00011213664650148288,0.002590673575129463,0.0005177376518568919,1.0,1159,0.3315060588574726,1465,0.154933641084824,244,0.823139065204847,1401,0.19186381996537796
1467,6283852189,114.162145,22.3101176,0.002462480625068488,1.293592614122415e-05,0.002590673575129463,4.07400582837519e-05,1.0,1362,0.21436814772071552,1593,0.0810732833237161,244,0.823139065204847,1583,0.08684362377380266
1468,6309604751,114.1654882,22.318794,0.02583038560901022,0.0058396674587948985,0.0006476683937823658,0.03564861740820802,0.989137141122817,413,0.762261973456434,223,0.8718984420080784,901,0.2951529140219273,113,0.9353721869590306
1469,6316548998,114.1896922,22.3088769,0.011457835054528622,0.0027008627733524962,0.0006476683937823658,0.009557703580996831,0.9971616126355003,874,0.49624927870744373,529,0.6953260242354299,901,0.2951529140219273,459,0.7357184073860358
1470,6318862367,114.1944206,22.3221186,0.00037570713771284474,2.9832572074898607e-05,0.0006476683937823658,0.00017064170105735992,0.9999535036742384,1554,0.10386612810155799,1550,0.10617426428159261,901,0.2951529140219273,1516,0.1257934218118869
1471,6318862375,114.1991959,22.3247208,0.0,0.0,0.0,0.0,1.0,1627,0.031159838430467397,1627,0.031159838430467397,1545,0.054818234275822275,1627,0.031159838430467397
1472,6357916750,114.1786657,22.3257648,0.03644755013445941,0.0015834643494314765,0.0006476683937823658,0.005480258780845517,1.0,211,0.8788228505481823,764,0.5597230236583959,901,0.2951529140219273,665,0.6168493941142528
1473,6359838937,114.1783716,22.297965,0.009302009174856664,0.00025423981021991846,0.0006476683937823658,0.0005877426905402899,1.0,974,0.4382573571840739,1338,0.22821696480092327,901,0.2951529140219273,1367,0.21148297749567224
1474,6359931650,114.165316,22.3059773,0.0,0.0,0.0012953367875647315,0.0,1.0,1627,0.031159838430467397,1627,0.031159838430467397,577,0.5744373918061165,1627,0.031159838430467397
1475,6363140161,114.1876331,22.3208712,0.03712956856336052,0.003051931249665208,0.0006476683937823658,0.007068205923372931,0.9992903866976603,202,0.8840161569532602,469,0.7299480669359493,901,0.2951529140219273,565,0.6745527986151183
1476,6364821050,114.1868276,22.3257131,0.005627711940285104,0.00012453368620461672,0.0006476683937823658,0.0003569999937478431,1.0,1157,0.33294864396999424,1457,0.15983843046739757,901,0.2951529140219273,1442,0.16849394114252741
1477,6370140272,114.166488,22.3240304,0.013352290880868768,0.0003971912472224966,0.0006476683937823658,0.00048213653539818546,1.0,803,0.5372186959030583,1240,0.2850548182342758,901,0.2951529140219273,1410,0.1869590305828044
1478,6370140879,114.1721698,22.3248393,0.004100853173277965,0.0027541320391692775,0.0,0.012630978573917335,0.9958991468267219,1243,0.2830351990767455,514,0.7036930178880554,1545,0.054818234275822275,358,0.7937103289094056
1479,6374552939,114.1722292,22.3266865,0.03539283663688872,0.004321782954125301,0.0006476683937823658,0.011779684198018494,0.9999058218275239,226,0.8701673398730525,343,0.8026543566070398,901,0.2951529140219273,376,0.7836122331217542
1480,6374552943,114.1721796,22.3273249,0.02807850287029197,0.013347909115800648,0.0103626943005181,0.08002413166447384,0.9741619904404332,358,0.79399884593191,59,0.966532025389498,7,0.996537795729948,12,0.9936526255049047
1481,6374553434,114.1663867,22.3264321,0.017970352020086355,0.008012989108310374,0.0032383419689119533,0.004541059357896769,0.999139912885628,649,0.6260819388343912,142,0.9186381996537796,170,0.8814195037507213,747,0.569532602423543
1482,6374553441,114.166268,22.3262106,0.009431984609963326,0.0020533604046879595,0.0012953367875647315,0.005910023508310884,0.9981706327373537,961,0.4460473167916907,642,0.6301211771494518,577,0.5744373918061165,636,0.6335833814195038
1483,6499683002,114.1752446,22.3203475,0.0398274052031229,0.0015866049652669965,0.0012953367875647315,0.004219808578046963,0.9993093250740392,174,0.9001731102135025,763,0.5603000577034045,577,0.5744373918061165,775,0.5533756491633006
1484,6521271614,114.1694669,22.3095454,0.0,0.0,0.0006476683937823658,0.0,1.0,1627,0.031159838430467397,1627,0.031159838430467397,901,0.2951529140219273,1627,0.031159838430467397
1485,6528712271,114.1728001,22.3106004,0.010214003563257688,0.005199031810325485,0.0006476683937823658,0.03146000471367766,0.9897859964367421,931,0.4633583381419504,272,0.8436237738026544,901,0.2951529140219273,129,0.9255626081938835
1486,6534226310,114.1727022,22.3175463,0.0008758250738721598,0.0006726433520104638,0.0006476683937823658,0.002404231794253706,0.9992279433272969,1488,0.14195037507212926,1094,0.36930178880553954,901,0.2951529140219273,959,0.447201384881708
1487,6550920169,114.1659486,22.3120274,0.012264719916860968,0.00020322812056795686,0.0019430051813470973,0.0005457412241173658,1.0,840,0.5152914021927294,1383,0.20196191575302944,372,0.727062896710906,1379,0.20427005193306405
1488,6564242088,114.1873195,22.3121461,0.00297151323612583,0.0027543187681332883,0.003886010362694319,0.009152514960104293,0.9970284867638741,1331,0.23254472013848818,513,0.7045585689555683,123,0.9163300634737449,486,0.7201384881708021
1489,6579974310,114.1655657,22.3313036,0.0,0.0,0.0,0.0,1.0,1627,0.031159838430467397,1627,0.031159838430467397,1545,0.054818234275822275,1627,0.031159838430467397
1490,6610136589,114.1691488,22.3266359,0.002712416800781633,5.603847349675855e-06,0.0006476683937823658,1.3210396338536127e-05,1.0,1345,0.224466243508367,1614,0.06924408540103866,901,0.2951529140219273,1613,0.06982111944604731
1491,6610136594,114.1702541,22.3265631,0.028550763069285227,0.0008601297285396323,0.0012953367875647315,0.005233266291498814,0.9984656695681065,353,0.7968840161569533,1006,0.42008078476630123,577,0.5744373918061165,685,0.6053087132140796
1492,6611647472,114.1658093,22.3121032,0.0059047037237288675,2.3657637811110978e-05,0.0006476683937823658,8.562737991385728e-05,1.0,1130,0.3485285631852279,1563,0.09867282169648009,901,0.2951529140219273,1545,0.1090594345066359
1493,6612901838,114.166454,22.3158643,0.010822432886992663,3.7220837183069816e-05,0.0032383419689119533,0.00017370193485645026,0.9999538473881227,911,0.4748990190421235,1544,0.10963646855164455,170,0.8814195037507213,1515,0.12637045585689555
1494,6670380186,114.1707928,22.295492,0.005175045287016576,0.0019247883611827794,0.002590673575129463,0.0142948918008285,0.995365179202277,1191,0.31332948643969993,673,0.6122331217541835,244,0.823139065204847,336,0.8066935949221004
1495,6670380189,114.1705739,22.2953455,0.006024911130089405,0.00010485147999075881,0.0006476683937823658,0.00037407352166032615,1.0,1121,0.3537218695903058,1469,0.1529140219272937,901,0.2951529140219273,1438,0.17080207732256203
1496,6702368661,114.1762061,22.3122734,0.021703932270436564,0.0017543684772455754,0.0006476683937823658,0.00433283390012686,1.0,535,0.6918638199653779,713,0.5891517599538373,901,0.2951529140219273,766,0.5585689555683785
1497,6702368663,114.1765887,22.3122461,0.0038264367851345497,4.403278812278904e-05,0.0006476683937823658,0.000144642352472262,1.0,1261,0.27293710328909404,1529,0.11829197922677438,901,0.2951529140219273,1528,0.11886901327178304
1498,6705233064,114.1864104,22.3200185,0.04642587955737099,0.005984969888788695,0.0006476683937823658,0.009356634429091766,1.0,108,0.9382573571840739,218,0.8747836122331217,901,0.2951529140219273,470,0.7293710328909405
1499,6705233093,114.187685,22.3061884,0.05598311050977671,0.009796362242316567,0.0006476683937823658,0.015016914968351981,0.9965411257231814,56,0.9682631275245239,103,0.9411425274091172,901,0.2951529140219273,309,0.8222735141373341
1500,6705233121,114.1887455,22.3289336,0.05725813129155703,0.003107364673966866,0.0006476683937823658,0.011867556795032458,0.9971912789365165,55,0.9688401615695326,461,0.7345643392960185,901,0.2951529140219273,375,0.7841892671667628
1501,6705233137,114.1874248,22.3341016,0.004879279972804477,0.0030700844409305376,0.0006476683937823658,0.015028599705600833,0.9951207200271953,1212,0.30121177149451817,465,0.7322562031159838,901,0.2951529140219273,308,0.8228505481823427
1502,6705233155,114.1611067,22.3302024,0.02054006803568941,0.0024013990294755837,0.0012953367875647315,0.008861453924671345,0.9974235887735804,563,0.6757068667051356,582,0.6647432198499712,577,0.5744373918061165,493,0.7160992498557415
1503,6705233167,114.1705432,22.3166728,0.0006665505493537153,0.0003725147692606569,0.0,0.0020530327108954994,0.9993334494506464,1511,0.1286785920369302,1259,0.2740911713791114,1545,0.054818234275822275,1026,0.4085401038661281
1504,6705233168,114.1887065,22.3022816,0.042649225408085946,0.06879213396911366,0.0019430051813470973,0.1140357351341829,0.963078465542604,137,0.9215233698788229,10,0.9948066935949221,372,0.727062896710906,1,1.0
1505,6705233214,114.1884218,22.3212481,0.034588338417638705,0.019515084366178326,0.0006476683937823658,0.08905352319549178,0.9714244076885599,239,0.86266589728794,27,0.9849971148297749,901,0.2951529140219273,6,0.9971148297749567
1506,6705233215,114.1895436,22.320778,5.424509291896756e-05,1.3701112390356634e-05,0.0,0.00016707952649086628,0.9999457549070809,1618,0.06693594922100404,1591,0.08251586843623773,1545,0.054818234275822275,1519,0.12406231967686093
1507,6705233247,114.1903204,22.3144907,0.010079166470857033,0.002560676069648807,0.002590673575129463,0.011208191790786132,0.9964804990668156,936,0.4604731679169071,553,0.6814772071552222,244,0.823139065204847,390,0.775533756491633
1508,6705233260,114.1851555,22.3210124,0.041371828514505785,0.003242930553849656,0.0019430051813470973,0.006206688455088151,0.9987771813879014,150,0.9140219272937103,444,0.7443739180611656,372,0.727062896710906,609,0.6491633006347375
1509,6705233284,114.1707976,22.3154642,0.007721030365578259,0.005168604849703147,0.0019430051813470973,0.022254340948337926,0.9928082525716011,1044,0.3981534910559723,276,0.8413156376226197,372,0.727062896710906,209,0.8799769186381996
1510,6705233294,114.1781092,22.3025234,0.008235255156819919,0.0005578422051285094,0.0012953367875647315,0.0011244595180069246,0.9999302930138303,1017,0.413733410271206,1141,0.3421811886901327,577,0.5744373918061165,1212,0.30121177149451817
1511,6705233383,114.1848737,22.3064708,3.369620675175942e-05,1.9171996399943812e-05,0.0,0.00010378719927784818,0.9999663037932482,1621,0.06520484708597807,1570,0.0946335833814195,1545,0.054818234275822275,1537,0.11367570686670514
1512,6705233399,114.1889584,22.322317,0.027496635750027806,0.013819131424453722,0.0012953367875647315,0.06544673921609578,0.9789931638510533,371,0.7864974033467974,56,0.9682631275245239,577,0.5744373918061165,26,0.9855741488747836
1513,6705233410,114.1798662,22.299975,0.003256236495039445,0.0007394311670857717,0.0006476683937823658,0.005541894633084858,0.9982077431190506,1308,0.24581650317368725,1060,0.3889209463358338,901,0.2951529140219273,661,0.6191575302942873
1514,6705233431,114.1875031,22.3210304,0.01891734954188009,0.0018897541443095548,0.0019430051813470973,0.004704640628591794,0.9986933989831227,615,0.6457010963646855,681,0.6076168493941142,372,0.727062896710906,730,0.5793421811886902
1515,6705233450,114.181207,22.3193819,0.023995874451193396,0.007580447349656424,0.0012953367875647315,0.023832788287255015,0.9929133549147744,474,0.727062896710906,155,0.911136757068667,577,0.5744373918061165,191,0.8903635314483554
1516,6705233456,114.190591,22.321603,0.023891352685319223,0.0007109830930387829,0.0019430051813470973,0.00229353486880876,0.9994657893868341,477,0.7253317945758799,1073,0.3814195037507213,372,0.727062896710906,982,0.4339296018465089
1517,6705233473,114.1644736,22.3275971,0.01758536193874193,0.0016037202703063193,0.0006476683937823658,0.004929404725287939,0.9986000835438601,660,0.619734564339296,759,0.5626081938834391,901,0.2951529140219273,708,0.5920369301788806
1518,6705233479,114.1798073,22.3170084,0.06426900694518677,0.012952710103171677,0.0012953367875647315,0.03263083101689093,0.9921638523641376,35,0.9803808424697057,67,0.9619157530294288,577,0.5744373918061165,124,0.9290248124639354
1519,6705233503,114.1884324,22.3225292,0.024037131640863692,0.0028127997465884945,0.0019430051813470973,0.0056278540906805645,0.9994034669392624,472,0.7282169648009232,502,0.7109059434506636,372,0.727062896710906,656,0.6220427005193306
1520,6705233518,114.1762613,22.3268817,0.04032201809081881,0.007128516122347699,0.0032383419689119533,0.02892943068113983,0.9939390291135629,168,0.9036353144835545,172,0.9013271783035199,170,0.8814195037507213,147,0.9157530294287363
1521,6705233532,114.1703122,22.2962818,0.013329266521202482,0.0035018725575950062,0.0006476683937823658,0.024981231525218327,0.9919810243316378,804,0.5366416618580496,409,0.7645701096364685,901,0.2951529140219273,179,0.8972879399884593
1522,6705233557,114.1819173,22.3271157,0.042976943441452316,0.007200865535191438,0.0019430051813470973,0.02659448246223288,0.9923644922808784,132,0.9244085401038661,169,0.9030582804385459,372,0.727062896710906,161,0.9076745527986151
1523,6705233595,114.1868787,22.3256141,0.038429240542652975,0.001467551244787835,0.0032383419689119533,0.003382770646117096,0.9995900677893168,184,0.894402769763416,790,0.5447201384881708,170,0.8814195037507213,836,0.5181765724177726
1524,6705233646,114.1639716,22.3317734,0.00300717645465433,0.002274586572004268,0.0012953367875647315,0.008656805617432841,0.9971929592229611,1328,0.23427582227351415,606,0.6508944027697634,577,0.5744373918061165,504,0.7097518753606463
1525,6705233657,114.1858259,22.3116951,0.016316710908616094,0.0016778888217440482,0.0006476683937823658,0.005156841453226942,0.9989372217789488,696,0.5989613387189844,736,0.5758799769186382,901,0.2951529140219273,695,0.599538372763993
1526,6705233666,114.1754008,22.31856,0.09218250719977465,0.015497548459090313,0.003886010362694319,0.04829178255230476,0.986294791842932,5,0.9976918638199653,40,0.9774956722446624,123,0.9163300634737449,52,0.9705712637045586
1527,6705233672,114.1875925,22.3122494,0.03636551311291038,0.005838866021158225,0.005829015544041416,0.014305916155172897,0.9964676074253139,213,0.877668782458165,224,0.8713214079630698,42,0.9717253317945759,334,0.8078476630121177
1528,6705233680,114.1696063,22.2944959,0.017005861116921196,0.007048276981780545,0.0012953367875647315,0.04980043892233907,0.9838694928347375,679,0.6087709174841316,174,0.9001731102135025,577,0.5744373918061165,50,0.9717253317945759
1529,6718145426,114.183383,22.3059428,0.015871706899900206,0.0004733548375342716,0.004533678756476684,0.0011595690784038611,1.0,715,0.5874206578188114,1203,0.3058280438545874,76,0.9434506635891518,1202,0.3064050778995961
1530,6718666186,114.1860449,22.3046587,0.014720004248248911,0.0009914286576195937,0.0006476683937823658,0.0012863042794131973,1.0,757,0.5637622619734565,951,0.45181765724177725,901,0.2951529140219273,1174,0.3231390652048471
1531,6718676088,114.1862201,22.306552,0.006781087247502227,0.00431549360318223,0.002590673575129463,0.014960577070122924,0.9951447758004508,1105,0.36295441431044434,344,0.8020773225620311,244,0.823139065204847,310,0.8216964800923254
1532,6734895303,114.1866147,22.3009713,0.02340624354994565,0.030130157577388,0.002590673575129463,0.03822255420474497,0.9879291371692529,496,0.7143681477207156,16,0.9913444893248702,244,0.823139065204847,100,0.9428736295441431
1533,6748929685,114.1897596,22.3251471,0.005581408981220581,9.087797793552201e-05,0.0006476683937823658,0.00012339685258849927,1.0,1162,0.33006347374495093,1483,0.14483554529717255,901,0.2951529140219273,1533,0.11598384304673975
1534,6748929687,114.189852,22.325389,0.0013009308546336699,1.6729831494384446e-05,0.0006476683937823658,2.6613770142240078e-05,1.0,1450,0.16301211771494517,1575,0.09088286208886324,901,0.2951529140219273,1592,0.0810732833237161
1535,6748938787,114.1944631,22.3222278,0.0037180229004271544,4.0284028315297483e-05,0.0019430051813470973,4.5944928782158305e-05,1.0,1266,0.26947489901904215,1532,0.11598384304673975,372,0.727062896710906,1578,0.0894402769763416
1536,6776083792,114.1754664,22.3023987,0.0011261711349680114,0.0006559271857326979,0.0,0.0034687034320165467,0.998873828865032,1462,0.1569532602423543,1103,0.3641084824004616,1545,0.054818234275822275,827,0.5233698788228506
1537,6776083800,114.175358,22.3022971,0.00019348172206076482,0.00014777444728263762,0.0,0.000595940254998338,0.999806518277939,1595,0.08020773225620312,1434,0.17311021350259664,1545,0.054818234275822275,1366,0.21234852856318523
1538,6778000698,114.1743478,22.3074017,0.004814640600142945,0.0026756206568921727,0.002590673575129463,0.0148295049083427,0.9951853593998568,1216,0.29890363531448355,535,0.6918638199653779,244,0.823139065204847,311,0.8211194460473168
1539,6778870958,114.1926556,22.3266092,0.0,0.0,0.0019430051813470973,0.0,1.0,1627,0.031159838430467397,1627,0.031159838430467397,372,0.727062896710906,1627,0.031159838430467397
1540,6778873058,114.1896846,22.3267637,0.02407888019339839,0.0025770705484188627,0.002590673575129463,0.009682301262673639,0.9973053567032821,469,0.7296595499134448,549,0.6834968263127524,244,0.823139065204847,455,0.737738026543566
1541,6778873063,114.189127,22.325376,0.024396957464001164,0.005237088099468668,0.0012953367875647315,0.02436318396379239,0.9923870884067301,454,0.7386035776110791,270,0.8447778418926717,577,0.5744373918061165,184,0.894402769763416
1542,6785924022,114.167802,22.3118723,0.0,0.0,0.0006476683937823658,0.0,1.0,1627,0.031159838430467397,1627,0.031159838430467397,901,0.2951529140219273,1627,0.031159838430467397
1543,6834003674,114.1711738,22.3140059,0.007922253796441285,0.00025826469455811194,0.0006476683937823658,0.0005348247504268807,0.9999051028733824,1033,0.4045008655510675,1330,0.23312175418349682,901,0.2951529140219273,1388,0.1996537795729948
1544,6836319731,114.1698394,22.310697,0.022241429462773906,0.0002484966537309328,0.0006476683937823658,0.0003199705786939967,1.0,524,0.6982111944604732,1344,0.22504327755337564,901,0.2951529140219273,1452,0.16272360069244085
1545,6843885034,114.172679,22.3199764,0.05541503890548233,0.015407153307288793,0.0032383419689119533,0.0388407907509122,0.9881652455933221,59,0.966532025389498,41,0.9769186381996537,170,0.8814195037507213,91,0.948066935949221
1546,6874825449,114.17541,22.3176308,0.0,0.0,0.0006476683937823658,0.0,1.0,1627,0.031159838430467397,1627,0.031159838430467397,901,0.2951529140219273,1627,0.031159838430467397
1547,7083071999,114.1983929,22.3320425,0.004812422563582446,0.0015755073157631369,0.0,0.014822673165998371,0.9951875774364174,1217,0.2983266012694749,766,0.5585689555683785,1545,0.054818234275822275,312,0.8205424120023082
1548,7083072003,114.1981769,22.3321734,0.012670631955269105,0.004422213787016259,0.0032383419689119533,0.039026630308997376,0.9873293680447306,822,0.5262550490478938,333,0.8084246970571264,170,0.8814195037507213,89,0.9492210040392384
1549,7112890483,114.1670026,22.3093283,0.01020102618394719,8.198358041584355e-06,0.0006476683937823658,2.069758576843051e-05,1.0,934,0.4616272360069244,1607,0.07328332371609925,901,0.2951529140219273,1606,0.0738603577611079
1550,7177629350,114.176744,22.3207775,0.008113752023124393,0.0006051544302262908,0.0006476683937823658,0.0007083283168411401,1.0,1022,0.4108482400461627,1118,0.3554529717253318,901,0.2951529140219273,1334,0.2308136180034622
1551,7177677661,114.1747013,22.3202456,0.07189430033116827,0.004689104373509426,0.003886010362694319,0.010589932616277555,0.9986766588316134,23,0.9873052510098096,312,0.8205424120023082,123,0.9163300634737449,412,0.7628390075014426
1552,7195450870,114.1605572,22.3329132,0.0027427878509819225,0.002683132732458957,0.0,0.008448021207952974,0.9972572121490181,1342,0.22619734564339297,531,0.6941719561454126,1545,0.054818234275822275,511,0.7057126370455857
1553,7202626698,114.1698853,22.3193887,0.058418851079116076,0.007555330845679847,0.0019430051813470973,0.018226742403119656,0.996484527523022,51,0.9711482977495672,157,0.9099826889786498,372,0.727062896710906,258,0.8517022504327756
1554,7232872979,114.1988585,22.331268,0.0018204890547847635,0.0007700934463622952,0.0,0.005607262019248799,0.998179510945215,1415,0.1840738603577611,1044,0.3981534910559723,1545,0.054818234275822275,657,0.621465666474322
1555,7257383491,114.1619498,22.3249273,0.04627552651161975,0.009934039906469546,0.0019430051813470973,0.014520709654387367,0.9974390055227886,110,0.9371032890940566,100,0.9428736295441431,372,0.727062896710906,326,0.812463935372187
1556,7262574289,114.1707754,22.3085259,0.005472312492615504,0.0005115807872241381,0.0006476683937823658,0.002187933127710752,0.9993502711318253,1169,0.32602423542989034,1173,0.3237160992498557,901,0.2951529140219273,1000,0.4235429890363531
1557,7318017040,114.1569446,22.3297707,0.00024407892556602658,0.0002147212608861987,0.0006476683937823658,0.0007517839700426302,0.9997559210744337,1585,0.08568955568378535,1371,0.20917484131563763,901,0.2951529140219273,1322,0.23744950952106175
1558,7319246409,114.1799168,22.3286755,0.00027590263425299687,0.0001827482484886484,0.0006476683937823658,0.0008498037151014219,0.9997240973657469,1570,0.09434506635891518,1400,0.1924408540103866,901,0.2951529140219273,1287,0.2576457010963647
1559,7319246410,114.1797811,22.3287593,0.0,0.0,0.0006476683937823658,0.0,1.0,1627,0.031159838430467397,1627,0.031159838430467397,901,0.2951529140219273,1627,0.031159838430467397
1560,7328499113,114.1671106,22.3028529,0.0054284325326194385,0.00018592292553958406,0.0012953367875647315,0.0005219762894628454,1.0,1173,0.3234275822273514,1397,0.19417195614541258,577,0.5744373918061165,1397,0.19417195614541258
1561,7539621741,114.1593959,22.3181442,0.008515773301507582,0.002127083494769117,0.0012953367875647315,0.014432354658869124,0.9953302976445161,1005,0.42065781881130987,625,0.6399307559145989,577,0.5744373918061165,330,0.8101557991921523
1562,7552903385,114.165188,22.3105269,0.026353931613814382,0.0007067605200030657,0.0006476683937823658,0.0013457147482609647,1.0,403,0.7680323139065205,1076,0.37968840161569534,901,0.2951529140219273,1154,0.3346797461050202
1563,7553343509,114.1640618,22.3062011,0.002406977406487788,0.00031814406605414454,0.0006476683937823658,0.0007369511263809066,1.0,1371,0.2088863242931333,1297,0.25216387766878245,901,0.2951529140219273,1325,0.2360069244085401
1564,7553343510,114.1636997,22.3062318,0.0007079518291596545,6.399437637834303e-06,0.0006476683937823658,8.144071913381818e-06,1.0,1505,0.1318522792844778,1610,0.07126370455856895,901,0.2951529140219273,1618,0.06664743219849971
1565,7559784465,114.1651224,22.3062384,0.01999098866742207,0.0011522295822321382,0.0012953367875647315,0.0030974945640732635,1.0,584,0.6633006347374495,887,0.48845931909982687,577,0.5744373918061165,876,0.4948066935949221
1566,7559784469,114.1655044,22.3063159,0.02702351571137056,0.00028138358698792215,0.0006476683937823658,0.0006932842724504914,1.0,389,0.7761107905366417,1316,0.241200230813618,901,0.2951529140219273,1339,0.22792844777841892
1567,7559804891,114.1650361,22.3088354,0.02145547170930554,0.00038986556020808466,0.0006476683937823658,0.0007057719256996371,1.0,541,0.688401615695326,1244,0.2827466820542412,901,0.2951529140219273,1335,0.23023658395845356
1568,7560529772,114.1700618,22.3094434,0.02202930442689167,0.002799626331241816,0.0019430051813470973,0.009957638266705269,0.9969215822625198,528,0.6959030582804385,504,0.7097518753606463,372,0.727062896710906,443,0.7449509521061742
1569,7598921135,114.1722357,22.3088829,0.001544410955451816,0.0011103986888523541,0.0019430051813470973,0.004756917856691419,0.998455589044548,1430,0.17484131563762262,903,0.4789382573571841,372,0.727062896710906,722,0.5833814195037508
1570,7598921136,114.172229,22.3089751,0.001544410955451816,0.0011103986888523541,0.0012953367875647315,0.004756917856691419,0.998455589044548,1430,0.17484131563762262,903,0.4789382573571841,577,0.5744373918061165,722,0.5833814195037508
1571,7598953722,114.1781923,22.3078862,0.00026765385372126373,0.00018195279334767072,0.0006476683937823658,0.0008243967654362659,0.9997323461462784,1578,0.09001731102135026,1404,0.1904212348528563,901,0.2951529140219273,1298,0.2515868436237738
1572,7600185393,114.1720639,22.3271122,0.02654247292447263,0.003373255504782273,0.0012953367875647315,0.01134174742409255,1.0,398,0.7706289671090595,424,0.7556260819388344,577,0.5744373918061165,383,0.7792844777841893
1573,7602824502,114.1781862,22.3234115,0.02798735726501125,0.0033152693674295573,0.002590673575129463,0.010481557411307884,0.9981240966852273,360,0.7928447778418927,432,0.7512983266012695,244,0.823139065204847,417,0.7599538372763993
1574,7615923500,114.1900656,22.3160327,0.009344411992896632,0.0030442033212987876,0.0006476683937823658,0.017842350161740437,0.9943180964649827,968,0.4420080784766301,470,0.7293710328909405,901,0.2951529140219273,263,0.8488170802077323
1575,7619659728,114.1875413,22.3155716,0.02692734290611319,0.001555114359919407,0.0006476683937823658,0.0026011616359293936,1.0,392,0.7743796884016156,773,0.5545297172533179,901,0.2951529140219273,931,0.4633583381419504
1576,7619661751,114.1877537,22.3157369,0.04234104634536853,0.002471706610173538,0.0012953367875647315,0.008475645023859309,0.9985747040296411,139,0.9203693017888055,572,0.6705135603000577,577,0.5744373918061165,508,0.7074437391806117
1577,7635476606,114.1849863,22.3078948,0.04068418866464187,0.004291356593107568,0.0012953367875647315,0.006847012051103319,0.9994548161711903,162,0.9070975187536064,346,0.8009232544720138,577,0.5744373918061165,580,0.6658972879399885
1578,7635727481,114.1787683,22.3327315,0.0008869515227305944,0.0005113462050828884,0.0,0.0027318865627072846,0.9991130484772694,1487,0.1425274091171379,1174,0.3231390652048471,1545,0.054818234275822275,917,0.47143681477207156
1579,7635791091,114.1787517,22.330377,0.011588687570037587,0.0056007618425595864,0.012953367875647688,0.03084120775603483,0.9900337926196278,866,0.500865551067513,241,0.8615118291979227,2,0.999134448932487,133,0.9238315060588574
1580,7635791092,114.1786297,22.3303852,0.005445819454745118,0.0044061234581700675,0.004533678756476684,0.01677358977359481,0.9945541805452546,1172,0.3242931332948644,336,0.8066935949221004,76,0.9434506635891518,282,0.8378534333525678
1581,7677313935,114.1840776,22.3022767,0.005743634018399044,0.0001358177390917577,0.0006476683937823658,0.0002293569141609985,1.0,1149,0.33756491633006347,1447,0.16560877091748413,901,0.2951529140219273,1491,0.1402192729371033
1582,7677313936,114.183309,22.3050625,0.007393109492540233,0.00023152104261279642,0.0032383419689119533,0.0009014215780947402,1.0,1067,0.3845931909982689,1355,0.2184073860357761,170,0.8814195037507213,1266,0.26976341604154647
1583,7706752788,114.1681728,22.3093266,0.0019432411498345348,4.7838233139147795e-06,0.0012953367875647315,2.4185763225804317e-05,1.0,1406,0.18897864974033468,1615,0.06837853433352568,577,0.5744373918061165,1600,0.07703404500865552
1584,7716896564,114.200467,22.3240461,0.0024078978272094285,0.0011418892078188566,0.0,0.00741653128715972,0.9975921021727905,1368,0.2109059434506636,893,0.484997114829775,1545,0.054818234275822275,544,0.6863819965377957
1585,7716896565,114.2004977,22.3241316,0.0003888711442402698,9.66663100105937e-05,0.0,0.001197756389553179,0.9996111288557596,1548,0.1070398153491056,1474,0.1497403346797461,1545,0.054818234275822275,1187,0.31534910559723023
1586,7859225532,114.1574619,22.3215231,0.011235469508904132,0.0011463180488869881,0.0012953367875647315,0.002054062680062533,1.0,885,0.4896133871898442,890,0.4867282169648009,577,0.5744373918061165,1024,0.40940565493364106
1587,8013314518,114.1800365,22.3168458,0.08364167728242229,0.011485054068926265,0.0006476683937823658,0.022388773051625167,1.0,13,0.9930755914598961,85,0.9515291402192729,901,0.2951529140219273,206,0.8817080207732256
1588,8013314519,114.1809491,22.3163247,0.08695744270205268,0.018265772535198416,0.0006476683937823658,0.0427393606179643,0.9929133549147744,9,0.9953837276399308,29,0.9838430467397576,901,0.2951529140219273,70,0.9601846508944027
1589,8013560797,114.1604725,22.3054139,0.0,0.0,0.0006476683937823658,0.0,1.0,1627,0.031159838430467397,1627,0.031159838430467397,901,0.2951529140219273,1627,0.031159838430467397
1590,8013614910,114.1640683,22.3060436,0.002406977406487788,0.0003446961520693034,0.0019430051813470973,0.0008279666790088981,1.0,1371,0.2088863242931333,1279,0.26226197345643393,372,0.727062896710906,1296,0.2524523946912868
1591,8013614911,114.1637106,22.3060066,0.0007079518291596545,6.399437637834303e-06,0.0012953367875647315,8.144071913381818e-06,1.0,1505,0.1318522792844778,1610,0.07126370455856895,577,0.5744373918061165,1618,0.06664743219849971
1592,8059647319,114.1605864,22.3054278,0.00581569651086453,0.0031217192905205558,0.0006476683937823658,0.017550042060046813,0.9943025168081974,1136,0.345066358915176,460,0.7351413733410271,901,0.2951529140219273,268,0.845931909982689
1593,8059647322,114.1605017,22.3052256,0.0031294932836515225,0.001677030560769491,0.0012953367875647315,0.009276306333733402,0.9969887200354103,1316,0.24062319676860935,738,0.5741488747836122,577,0.5744373918061165,476,0.7253317945758799
1594,8059647323,114.1603767,22.3052086,2.5387057819783408e-05,8.224111082441149e-06,0.0012953367875647315,7.819430977577216e-05,0.9999746129421803,1623,0.06347374495095211,1604,0.07443739180611655,577,0.5744373918061165,1552,0.10444316214656665
1595,8184472141,114.1576609,22.3211707,0.009457379811395567,0.0020227577341684418,0.002590673575129463,0.010772121439335645,0.9967545045148559,959,0.4469128678592037,645,0.6281015579919216,244,0.823139065204847,405,0.7665897287939989
1596,8201906508,114.1700159,22.3129304,0.016397183070000907,0.0008370040202198524,0.0019430051813470973,0.0015867625019235921,0.9999290480845715,694,0.6001154068090018,1015,0.4148874783612233,372,0.727062896710906,1107,0.361800346220427
1597,8258544476,114.1788123,22.3182018,0.023989533699582757,0.0008914197693439917,0.0012953367875647315,0.004048414493951917,0.999039628648344,475,0.7264858626658973,994,0.4270051933064051,577,0.5744373918061165,782,0.54933641084824
1598,8272842739,114.1665019,22.3154475,0.010845509192931289,4.679384312375045e-05,0.0032383419689119533,0.0002447789311690514,0.999930771082184,909,0.4760530871321408,1525,0.120600115406809,170,0.8814195037507213,1477,0.14829774956722447
1599,8349163524,114.1678914,22.3265236,0.04194442409439225,0.015090642446248042,0.003886010362694319,0.011521973600512353,0.9993460339402352,142,0.9186381996537796,42,0.9763416041546451,123,0.9163300634737449,381,0.7807270628967109
1600,8438621459,114.1668611,22.3158097,0.0033418620856056195,9.751077801614918e-06,0.0019430051813470973,8.136172760491246e-06,1.0,1299,0.2507212925562608,1600,0.07703404500865552,372,0.727062896710906,1620,0.0654933641084824
1601,8438621461,114.1669137,22.3155006,0.0033418620856056195,9.751077801614918e-06,0.0019430051813470973,8.136172760491246e-06,1.0,1299,0.2507212925562608,1600,0.07703404500865552,372,0.727062896710906,1620,0.0654933641084824
1602,8489568074,114.1879234,22.3123061,0.014234457815630456,0.001323356828166119,0.0006476683937823658,0.0015788301068121438,1.0,775,0.5533756491633006,838,0.5170225043277553,901,0.2951529140219273,1108,0.36122331217541837
1603,8489568078,114.1876032,22.3093,0.03130464020943524,0.0019121397052724559,0.0006476683937823658,0.0019932200955859224,1.0,288,0.8343912290825158,677,0.6099249855741489,901,0.2951529140219273,1032,0.40507789959607615
1604,8489568079,114.187641,22.3118302,0.03756588418458515,0.00273682114810171,0.0006476683937823658,0.005984175272394398,0.999014683959032,195,0.8880553952683208,522,0.6993652625504905,901,0.2951529140219273,632,0.6358915175995383
1605,8489568095,114.1875825,22.3123465,0.006884222088239257,0.0004370457315562255,0.0006476683937823658,0.0004569012638682625,1.0,1100,0.3658395845354876,1217,0.2983266012694749,901,0.2951529140219273,1419,0.1817657241777265
1606,8489568096,114.1876967,22.3123465,0.02532691729585491,0.001356730529716433,0.0006476683937823658,0.0023023394161029672,1.0,427,0.7541834968263128,823,0.5256780150028851,901,0.2951529140219273,978,0.4362377380265436
1607,8664575339,114.1643805,22.3237847,0.003333235899502844,0.0006394325966634029,0.0019430051813470973,0.00272212979831725,0.9991271512291854,1302,0.24899019042123485,1111,0.3594922100403924,372,0.727062896710906,919,0.4702827466820542
1608,8739539401,114.158973,22.3038723,0.0113275626003725,0.004220058482487315,0.0,0.03488986180542665,0.9886724373996273,877,0.49451817657241776,354,0.7963069821119446,1545,0.054818234275822275,117,0.933064050778996
1609,8870889525,114.1842024,22.3013205,0.015137553474453816,0.0006307875394014279,0.0006476683937823658,0.001114539539329004,1.0,742,0.5724177726485863,1113,0.35833814195037506,901,0.2951529140219273,1216,0.29890363531448355
1610,8898733318,114.1884349,22.3306549,0.003700512318687161,0.11767858249862048,0.0006476683937823658,0.006427126202523793,0.9979771143946716,1269,0.2683208309290248,1,1.0,901,0.2951529140219273,597,0.6560877091748413
1611,8898733319,114.1886587,22.3306405,0.0025375559231471173,0.0694923600424362,0.0006476683937823658,0.00626629834393088,0.9979771143946716,1359,0.21638776687824582,9,0.9953837276399308,901,0.2951529140219273,603,0.6526255049047894
1612,8983220377,114.1662436,22.3197169,0.0002544402278246638,0.00012563370088334346,0.0006476683937823658,0.000783697667338504,0.9997455597721754,1584,0.08655510675129832,1455,0.16099249855741488,901,0.2951529140219273,1314,0.2423542989036353
1613,8983466243,114.172718,22.319873,0.09762655393685093,0.008826179525708494,0.0006476683937823658,0.008944244876821349,1.0,2,0.9994229659549914,117,0.933064050778996,901,0.2951529140219273,492,0.7166762839007501
1614,8983466244,114.1727727,22.3195984,0.036519636653829304,0.0010263264895140878,0.0006476683937823658,0.0005194819047628502,1.0,207,0.8805539526832084,939,0.45874206578188115,901,0.2951529140219273,1400,0.19272937103289095
1615,9125470649,114.1663641,22.3124191,0.0003396208243181665,2.1686828646866707e-06,0.0006476683937823658,4.992082291600733e-06,1.0,1559,0.10098095787651472,1623,0.06405077899596076,901,0.2951529140219273,1623,0.06405077899596076
1616,9197539595,114.1708835,22.3266331,0.03903099638655775,0.0008650920245206788,0.0019430051813470973,0.00524118239557269,0.9984656695681065,178,0.897864974033468,1003,0.4218118869013272,372,0.727062896710906,683,0.6064627813040969
1617,9197567324,114.1676798,22.3267768,0.03520885484155484,0.00576542920459392,0.0032383419689119533,0.008762763328751864,0.9995636823614426,230,0.8672821696480092,232,0.8661281015579919,170,0.8814195037507213,498,0.7126370455856895
1618,9197567330,114.1678053,22.3265003,0.024065160289561342,0.0051880437148509855,0.0006476683937823658,0.005077278213623492,0.998824114791853,471,0.7287939988459319,274,0.842469705712637,901,0.2951529140219273,701,0.5960761684939412
1619,9197712776,114.1720826,22.3267744,0.02654247292447263,0.003373255504782273,0.0012953367875647315,0.01134174742409255,1.0,398,0.7706289671090595,424,0.7556260819388344,577,0.5744373918061165,383,0.7792844777841893
1620,9199524748,114.1745317,22.3266071,0.04658246944839492,0.004693625903196168,0.0006476683937823658,0.012716325539893663,1.0,106,0.9391229082515868,310,0.8214079630698211,901,0.2951529140219273,354,0.7960184650894403
1621,9199524787,114.1721162,22.3284348,0.014979451688702041,0.001436664426451258,0.0006476683937823658,0.002910317501990141,1.0,747,0.5689555683785343,805,0.5354875937680323,901,0.2951529140219273,893,0.4847085978072706
1622,9199524788,114.1721171,22.3283332,0.014979451688702041,0.001436664426451258,0.0006476683937823658,0.002910317501990141,1.0,747,0.5689555683785343,805,0.5354875937680323,901,0.2951529140219273,893,0.4847085978072706
1623,9377026629,114.1563222,22.3294614,0.007127888967363386,0.00014222229722107748,0.0032383419689119533,0.00027010835370109383,1.0,1084,0.3750721292556261,1437,0.1713791113675707,170,0.8814195037507213,1464,0.15579919215233698
1624,9457162432,114.1934371,22.3291376,0.0013009308546336699,1.6729831494384446e-05,0.0012953367875647315,2.6613770142240078e-05,1.0,1450,0.16301211771494517,1575,0.09088286208886324,577,0.5744373918061165,1592,0.0810732833237161
1625,9482754825,114.1961314,22.3324904,8.90802691963154e-05,7.779501988819085e-05,0.0,0.00027437484933847225,0.9999109197308035,1608,0.07241777264858627,1494,0.13848817080207732,1545,0.054818234275822275,1460,0.15781881130986727
1626,9514046711,114.1636832,22.3065751,0.0023597002690582043,0.00015493078413594927,0.0019430051813470973,0.00037045386577864916,1.0,1377,0.20571263704558568,1421,0.18032313906520483,372,0.727062896710906,1439,0.16993652625504904
1627,9514050826,114.1641619,22.3066141,0.014461819793529302,0.00047204968991052665,0.0006476683937823658,0.0011651576058151222,1.0,768,0.5574148874783612,1206,0.3046739757645701,901,0.2951529140219273,1200,0.30813618003462206
1628,9514050834,114.1641337,22.3070356,0.005581878597297278,2.4473366584107403e-06,0.0006476683937823658,1.0670176117575321e-05,1.0,1161,0.3306405077899596,1621,0.06520484708597807,901,0.2951529140219273,1616,0.06809001731102135
1629,9553739297,114.1655445,22.3186949,0.03476146571042877,0.002118406556698529,0.0012953367875647315,0.00544710796842101,1.0,237,0.8635314483554529,629,0.63733410271206,577,0.5744373918061165,669,0.6142527409117138
1630,9633043742,114.1825488,22.301999,0.00518982086358105,0.0002752001307148217,0.0012953367875647315,0.00042405050154644357,1.0,1187,0.31534910559723023,1321,0.2380265435660704,577,0.5744373918061165,1426,0.17743796884016158
1631,9803283485,114.1678927,22.310057,0.0006852300724590679,0.00020702898126391121,0.0006476683937823658,0.0015168204873176557,0.9995095035738355,1509,0.1298326601269475,1378,0.20542412002308136,901,0.2951529140219273,1123,0.3525678015002885
1632,9803283486,114.1678442,22.3099587,0.0036683887080451952,0.0002173505868973042,0.0012953367875647315,0.0003412906358191837,1.0,1276,0.2639930755914599,1368,0.2109059434506636,577,0.5744373918061165,1446,0.16589728793998845
1633,9892950995,114.1891302,22.3244397,0.021814824827925048,0.00028021284558337,0.0006476683937823658,0.0007910135392197467,0.9999272472017299,534,0.6924408540103866,1318,0.2400461627236007,901,0.2951529140219273,1310,0.24466243508366994
1634,9906966956,114.1929902,22.3334426,0.005987367404734086,0.003137139786515991,0.0,0.018441603785321,0.9940126325952656,1124,0.35199076745527985,458,0.7362954414310444,1545,0.054818234275822275,252,0.8551644547028274
1635,9963864133,114.1506222,22.334303,0.02034145222036514,0.008720491173410689,0.0,0.06265341291222616,0.9796585477796347,570,0.671667628390075,124,0.9290248124639354,1545,0.054818234275822275,34,0.9809578765147143
1636,9987827899,114.1515313,22.3278862,0.0019969179799180876,0.0005514529278569249,0.0,0.006150678200959479,0.9980030820200819,1399,0.19301788805539527,1145,0.33958453548759376,1545,0.054818234275822275,615,0.6454125793421812
1637,10005351564,114.1829253,22.3034704,0.005840959464199721,0.0003170456819084453,0.002590673575129463,0.000538638936979358,1.0,1132,0.346797461050202,1299,0.2504327755337565,244,0.823139065204847,1383,0.20196191575302944
1638,10029279641,114.1814094,22.3057987,0.007434519737242085,0.0013340410038159643,0.0032383419689119533,0.010984763939031379,0.9965317877098089,1065,0.38603577611079054,835,0.5187536064627813,170,0.8814195037507213,398,0.7709174841315638
1639,10211498591,114.1733317,22.3181583,0.019048416685262966,0.0027333651903382232,0.0019430051813470973,0.007880128647148958,0.9979256185620379,613,0.6468551644547028,524,0.6982111944604732,372,0.727062896710906,526,0.6970571263704558
1640,10242398454,114.1728201,22.2946597,0.01444612743809521,0.0023487119875307844,0.0019430051813470973,0.009353023977392242,0.9976638489226822,769,0.5568378534333526,593,0.6583958453548759,372,0.727062896710906,471,0.7287939988459319
1641,10243968793,114.178626,22.2979288,0.019732697308832932,0.002123990637636494,0.00518134715025905,0.012042297985771626,0.9967285892874166,591,0.6595499134448932,627,0.6387766878245816,59,0.9619157530294288,373,0.7853433352567801
1642,10256441400,114.1618638,22.3241673,0.017319939513215303,0.008722076412809995,0.005829015544041416,0.04600778348831012,0.9853835308545124,664,0.6174264281592614,122,0.9301788805539527,42,0.9717253317945759,60,0.9659549913444894
1643,10256441404,114.1615683,22.3241366,0.020872122131066664,0.015073581307184874,0.002590673575129463,0.06176032426792829,0.9800519887577814,552,0.6817657241777265,43,0.9754760530871321,244,0.823139065204847,35,0.9800923254472014
1644,10309902625,114.199031,22.3244903,0.0,0.0,0.0,0.0,1.0,1627,0.031159838430467397,1627,0.031159838430467397,1545,0.054818234275822275,1627,0.031159838430467397
1645,10565387058,114.1732858,22.3183596,0.036519636653829304,0.001912566526050323,0.0006476683937823658,0.0015429212996436782,1.0,207,0.8805539526832084,675,0.6107905366416618,901,0.2951529140219273,1113,0.35804962492787074
1646,10565387059,114.1734662,22.3179484,0.04122736938241262,0.0024252988643646747,0.0012953367875647315,0.0023874291582097903,1.0,157,0.9099826889786498,579,0.6664743219849971,577,0.5744373918061165,962,0.44547028274668204
1647,10786928815,114.1682337,22.3251707,0.035977479812836353,0.005980687759111851,0.0032383419689119533,0.009373045507504948,0.9995352671651014,220,0.8736295441431045,219,0.8742065781881131,170,0.8814195037507213,469,0.7299480669359493
1648,10786928816,114.1683136,22.3251838,0.0003765546269746777,0.00024964336296644897,0.0019430051813470973,0.0011598204627807011,0.9996234453730254,1553,0.10444316214656665,1343,0.2256203115983843,372,0.727062896710906,1201,0.30755914598961337
1649,10786928832,114.1687678,22.3252788,8.759039487359923e-05,9.689042181330613e-05,0.0012953367875647315,0.00026978590897583246,0.9999124096051263,1610,0.07155222158107329,1473,0.15060588574725908,577,0.5744373918061165,1465,0.15522215810732834
1650,10786928833,114.1684825,22.3252181,0.00046414502184827694,0.00034653378477991645,0.0012953367875647315,0.0014296063717565335,0.9995358549781516,1534,0.1154068090017311,1278,0.2631275245239469,577,0.5744373918061165,1142,0.34160415464512406
1651,10786928854,114.1684148,22.3239531,0.02624188994885658,0.0032995282945408717,0.0006476683937823658,0.0037092142743193777,0.9997419085120796,406,0.7663012117714946,436,0.7489901904212348,901,0.2951529140219273,807,0.5349105597230237
1652,10786928859,114.1683741,22.3244546,0.03635344662676096,0.006242812595268335,0.0032383419689119533,0.01053105545580781,0.999159300351177,215,0.8765147143681478,198,0.8863242931332949,170,0.8814195037507213,415,0.7611079053664166
1653,10875906169,114.1692298,22.2961881,0.01619631410862036,0.01118775939346748,0.0019430051813470973,0.04276560703789962,0.9862067579953219,703,0.5949221004039238,87,0.9503750721292556,372,0.727062896710906,69,0.9607616849394114
1654,10880216117,114.1706263,22.2963126,0.0,0.0,0.0,0.0,1.0,1627,0.031159838430467397,1627,0.031159838430467397,1545,0.054818234275822275,1627,0.031159838430467397
1655,10924192459,114.1936309,22.3289061,0.0,0.0,0.0012953367875647315,0.0,1.0,1627,0.031159838430467397,1627,0.031159838430467397,577,0.5744373918061165,1627,0.031159838430467397
1656,10925437719,114.1992761,22.3243982,0.0,0.0,0.0,0.0,1.0,1627,0.031159838430467397,1627,0.031159838430467397,1545,0.054818234275822275,1627,0.031159838430467397
1657,10944171150,114.1542602,22.3308195,0.005950950831811867,0.0036697768020699075,0.0019430051813470973,0.01747577578801085,0.9943276774126195,1128,0.34968263127524524,390,0.775533756491633,372,0.727062896710906,270,0.8447778418926717
1658,10944188309,114.1516813,22.3328582,0.0010794061590489589,0.0005315151899357189,0.0,0.0033246633057587944,0.9989205938409509,1464,0.15551067512983266,1157,0.3326601269474899,1545,0.054818234275822275,844,0.513271783035199
1659,11061534567,114.1793271,22.3024274,0.008353627491474178,0.0013548161005125501,0.0006476683937823658,0.0034106509732405865,0.9994370649518441,1011,0.4171956145412579,824,0.5251009809578765,901,0.2951529140219273,833,0.5199076745527986
1660,11081087754,114.1888523,22.3246184,0.023529907304436038,0.0007104574214928236,0.0012953367875647315,0.0015230135113484164,1.0,490,0.7178303519907675,1074,0.3808424697057126,577,0.5744373918061165,1120,0.35429890363531447
1661,11081087758,114.188761,22.3247018,0.024948391234659514,0.006086797826806943,0.0012953367875647315,0.026061647148845388,0.9918356546360717,436,0.7489901904212348,208,0.8805539526832084,577,0.5744373918061165,163,0.9065204847085978
1662,11153075989,114.1618122,22.3228713,0.004767828290200868,0.0047062980918800975,0.0,0.014685318989245166,0.9952321717097989,1220,0.29659549913444894,309,0.8222735141373341,1545,0.054818234275822275,316,0.8182342758222735
1663,11159278775,114.189195,22.3122884,0.009823577942025466,0.0019868377297747168,0.0019430051813470973,0.007866134889643286,0.9975964463400129,947,0.45412579342181186,654,0.6231967686093479,372,0.727062896710906,528,0.6959030582804385
1664,11161404793,114.1824072,22.3057983,0.0,0.0,0.0019430051813470973,0.0,1.0,1627,0.031159838430467397,1627,0.031159838430467397,372,0.727062896710906,1627,0.031159838430467397
1665,11161404794,114.1823442,22.3057253,0.0,0.0,0.0006476683937823658,0.0,1.0,1627,0.031159838430467397,1627,0.031159838430467397,901,0.2951529140219273,1627,0.031159838430467397
1666,11177945779,114.1672207,22.3080738,0.0014462470382147336,0.001462842593478363,0.0,0.004454564594342762,0.9985537529617852,1439,0.16993652625504904,795,0.5418349682631275,1545,0.054818234275822275,753,0.5657818811309867
1667,11217924629,114.1626281,22.3283291,0.007435717052987524,0.0010996585450758275,0.0012953367875647315,0.0014284022684609365,0.9997589355169111,1064,0.3866128101557992,912,0.4743219849971148,577,0.5744373918061165,1143,0.3410271206001154
1668,11225192044,114.16837,22.2999331,0.0,0.0,0.0,0.0,1.0,1627,0.031159838430467397,1627,0.031159838430467397,1545,0.054818234275822275,1627,0.031159838430467397
1669,11234081810,114.1969279,22.332727,0.0009601494766679526,0.00042102286243421303,0.0,0.002957342522423666,0.9990398505233321,1475,0.14945181765724178,1226,0.293133294864397,1545,0.054818234275822275,888,0.48817080207732255
1670,11244768590,114.1867728,22.3067635,0.058545623191150524,0.006339961192014393,0.0012953367875647315,0.007094517357891589,0.9989023242586664,48,0.9728793998845932,193,0.8892094633583382,577,0.5744373918061165,562,0.6762839007501442
1671,11256303653,114.1668315,22.3152846,0.011314692517181922,0.00022341633815555972,0.0071243523316061475,0.0009600327003492773,0.9997939678815069,880,0.49249855741488746,1361,0.2149451817657242,22,0.9852856318522792,1249,0.2795729948066936
1672,11434783605,114.1869828,22.3157623,0.0,0.0,0.0006476683937823658,0.0,1.0,1627,0.031159838430467397,1627,0.031159838430467397,901,0.2951529140219273,1627,0.031159838430467397
1673,11469067165,114.1933742,22.3290783,0.0013009308546336699,1.6729831494384446e-05,0.0012953367875647315,2.6613770142240078e-05,1.0,1450,0.16301211771494517,1575,0.09088286208886324,577,0.5744373918061165,1592,0.0810732833237161
1674,11469067166,114.1934991,22.3290878,0.00026999739270882933,1.5402901465901945e-05,0.002590673575129463,1.4884525067819022e-05,1.0,1573,0.09203693017888055,1583,0.086266589728794,244,0.823139065204847,1608,0.0718407386035776
1675,11469089671,114.1916056,22.3276119,0.0013009308546336699,1.6729831494384446e-05,0.0019430051813470973,2.6613770142240078e-05,1.0,1450,0.16301211771494517,1575,0.09088286208886324,372,0.727062896710906,1592,0.0810732833237161
1676,11469089672,114.1915477,22.3275861,0.0014790913930263002,2.8433345837812988e-05,0.0019430051813470973,3.539433107202776e-05,1.0,1436,0.17195614541257934,1553,0.10444316214656665,372,0.727062896710906,1587,0.08482400461627236
1677,11469089677,114.1916835,22.3275368,0.00026999739270882933,1.5402901465901945e-05,0.003886010362694319,1.4884525067819022e-05,1.0,1573,0.09203693017888055,1583,0.086266589728794,123,0.9163300634737449,1608,0.0718407386035776
1678,11469089678,114.1916321,22.3275019,0.00026999739270882933,1.5402901465901945e-05,0.003886010362694319,1.4884525067819022e-05,1.0,1573,0.09203693017888055,1583,0.086266589728794,123,0.9163300634737449,1608,0.0718407386035776
1679,11472409073,114.1867645,22.3069278,0.022002035618151634,0.002580203101540886,0.0006476683937823658,0.0016881009001299884,1.0,529,0.6953260242354299,547,0.684939411425274,901,0.2951529140219273,1086,0.3739180611656088
1680,11494497175,114.1865069,22.3010777,0.025947968364126738,0.028207853764624972,0.002590673575129463,0.02898454733152744,0.9918746438096169,412,0.7628390075014426,18,0.9901904212348529,244,0.823139065204847,145,0.9169070975187537
1681,11530237733,114.1788535,22.3010382,0.010356252102004932,0.002576511657406937,0.0006476683937823658,0.009677852966102744,0.9972311423666448,929,0.4645124062319677,551,0.6826312752452395,901,0.2951529140219273,457,0.7368724754760531
1682,11542491175,114.1724678,22.3040032,0.00048447622124927315,0.00032143505137172536,0.0006476683937823658,0.0014922282051081156,0.9995155237787506,1532,0.11656087709174841,1295,0.2533179457587998,901,0.2951529140219273,1131,0.34795152914021926
1683,11761561690,114.186474,22.3068913,0.03458573027541116,0.004740114368725057,0.0006476683937823658,0.007966290914582208,0.9978046485173334,240,0.8620888632429313,306,0.8240046162723601,901,0.2951529140219273,523,0.6987882285054818
1684,12000285509,114.1885275,22.3131052,0.002423601915576302,0.0014554603613949068,0.0006476683937823658,0.007464901222708313,0.9975763980844237,1366,0.21234852856318523,799,0.5395268320830929,901,0.2951529140219273,538,0.690132717830352
1685,12071295859,114.1688001,22.3089799,0.009808574740846234,0.0011097795684541088,0.004533678756476684,0.0031719129870041046,0.9991271512291854,948,0.4535487593768032,908,0.4766301211771495,76,0.9434506635891518,866,0.500865551067513
1686,12071373910,114.1669686,22.3151733,0.0,0.0,0.0006476683937823658,0.0,1.0,1627,0.031159838430467397,1627,0.031159838430467397,901,0.2951529140219273,1627,0.031159838430467397
1687,12075292875,114.1570301,22.3296292,0.0,0.0,0.0006476683937823658,0.0,1.0,1627,0.031159838430467397,1627,0.031159838430467397,901,0.2951529140219273,1627,0.031159838430467397
1688,12153036710,114.1732664,22.3130445,0.00019829209015607142,0.00042154825107114667,0.0006476683937823658,0.0006107566002263815,0.9998017079098439,1594,0.08078476630121177,1224,0.2942873629544143,901,0.2951529140219273,1361,0.2152336987882285
1689,12172282398,114.1914185,22.3281262,0.006316483294036771,0.0007277597742640287,0.0006476683937823658,0.0032899217890329834,0.9990984664225919,1113,0.35833814195037506,1066,0.3854587420657819,901,0.2951529140219273,849,0.5106751298326602
1690,12725807032,114.1991141,22.3245445,0.0,0.0,0.0,0.0,1.0,1627,0.031159838430467397,1627,0.031159838430467397,1545,0.054818234275822275,1627,0.031159838430467397
1691,12729526834,114.1939344,22.3223585,0.0040802876941856145,5.7633370394612905e-05,0.0006476683937823658,7.924677049017107e-05,1.0,1247,0.2810155799192152,1516,0.1257934218118869,901,0.2951529140219273,1551,0.10559723023658396
1692,12729526839,114.1923117,22.3230414,0.004126784019947013,7.171330869199888e-05,0.0006476683937823658,0.00022245943128115344,0.9999535036742386,1241,0.28447778418926717,1503,0.13329486439699942,901,0.2951529140219273,1492,0.13964223889209462
1693,12735971058,114.1849652,22.3098159,0.058449060581974376,0.00748547628018347,0.003886010362694319,0.010139956226894328,0.9999430061756961,50,0.9717253317945759,162,0.9070975187536064,123,0.9163300634737449,433,0.7507212925562609
1694,12735971077,114.1834428,22.3087528,0.052036502952685054,0.0044280701231403635,0.0019430051813470973,0.015682445925971303,0.9973941361459874,72,0.9590305828043855,332,0.809001731102135,372,0.727062896710906,299,0.8280438545874207
1695,12735971087,114.1862571,22.307095,0.043984743337861704,0.00451864728103188,0.0006476683937823658,0.003973626217822709,0.9997287959905811,127,0.9272937103289094,322,0.8147720715522215,901,0.2951529140219273,789,0.5452971725331794
1696,12804082708,114.1829065,22.3051995,0.0164936986554818,0.0005242180961076619,0.0019430051813470973,0.0009442815902736774,1.0,692,0.601269474899019,1163,0.3294864396999423,372,0.727062896710906,1258,0.27466820542412
1697,12820434399,114.1862675,22.3022287,0.011137693803125579,0.0018962860476694973,0.002590673575129463,0.009928715256876167,0.9969680728232718,894,0.4847085978072706,680,0.608193883439123,244,0.823139065204847,445,0.743796884016157
1698,12873318556,114.1651262,22.3090484,0.005511134977789448,0.00010971660442408021,0.0006476683937823658,0.00013461108944086883,1.0,1164,0.32890940565493365,1467,0.15406809001731103,901,0.2951529140219273,1531,0.11713791113675708
1699,12926373139,114.1809043,22.3324547,0.0047523610090534005,0.0043410483434532235,0.0006476683937823658,0.014637678440189615,0.9952476389909465,1223,0.29486439699942296,341,0.8038084246970572,901,0.2951529140219273,320,0.8159261396422389
1700,12978194686,114.191824,22.3273592,0.0,0.0,0.002590673575129463,0.0,1.0,1627,0.031159838430467397,1627,0.031159838430467397,244,0.823139065204847,1627,0.031159838430467397
1701,13108528108,114.1677692,22.3097381,0.006159558825551473,1.5997990264463118e-05,0.0006476683937823658,9.383505002058763e-05,1.0,1116,0.35631852279284476,1581,0.08799769186381996,901,0.2951529140219273,1541,0.11107905366416619
1702,13108582041,114.164357,22.3108068,0.0,0.0,0.0,0.0,1.0,1627,0.031159838430467397,1627,0.031159838430467397,1545,0.054818234275822275,1627,0.031159838430467397
1703,13307938117,114.1739081,22.3169159,0.04123903952904269,0.0023257981413059943,0.0006476683937823658,0.002590527369079424,1.0,156,0.9105597230236584,597,0.6560877091748413,901,0.2951529140219273,934,0.4616272360069244
1704,13307938123,114.1741372,22.3168699,0.05590214027861181,0.0036436538596058147,0.0006476683937823658,0.00524006946845525,0.9998017079098439,57,0.9676860934795153,392,0.7743796884016156,901,0.2951529140219273,684,0.6058857472590883
1705,13311040733,114.1695598,22.324148,0.022244859897555324,0.0008434094013816597,0.0012953367875647315,0.0015879996768723725,0.9998210430796249,522,0.6993652625504905,1012,0.4166185804962493,577,0.5744373918061165,1106,0.36237738026543564
1706,13311040737,114.1694889,22.32463,0.0005303002456315299,0.0003062735277092325,0.0012953367875647315,0.0011758672548614032,0.9996234453730249,1528,0.11886901327178304,1303,0.24870167339873053,577,0.5744373918061165,1195,0.3110213502596653
1707,13311040743,114.1695929,22.3243226,0.0,0.0,0.0,0.0,1.0,1627,0.031159838430467397,1627,0.031159838430467397,1545,0.054818234275822275,1627,0.031159838430467397
1708,13313807739,114.1663828,22.3203406,0.027543356169529756,0.0015539103739702898,0.0019430051813470973,0.0024963520342546875,0.9998696381135067,369,0.7876514714368148,775,0.5533756491633006,372,0.727062896710906,948,0.4535487593768032
1709,13313807748,114.1678273,22.320543,0.008648763128850974,0.00021482142838239514,0.0006476683937823658,0.00016811531732205428,1.0,1000,0.4235429890363531,1370,0.21004039238315061,901,0.2951529140219273,1518,0.12463935372186959
1710,13353852083,114.1763168,22.325651,0.0026461045263417747,0.000541359621242046,0.004533678756476684,0.00337682273950422,0.9989596900118811,1350,0.22158107328332372,1152,0.3358338141950375,76,0.9434506635891518,838,0.5170225043277553
1711,13353852088,114.1763999,22.3254848,0.00054007455777836,0.00022063826121466104,0.0012953367875647315,0.0016634758376789021,0.9994599254422214,1527,0.11944604731679169,1366,0.21234852856318523,577,0.5744373918061165,1094,0.3690132717830352
1712,13380795766,114.1605237,22.3116293,0.004997051161833304,0.0001356178884124546,0.004533678756476684,0.0008296719810032471,0.9998125708713532,1202,0.3064050778995961,1448,0.16445470282746683,76,0.9434506635891518,1293,0.25389497980380843
1713,13380795774,114.162679,22.3114729,0.01153249641141807,5.8611820214589626e-05,0.0006476683937823658,0.0002388789855412398,1.0,867,0.49942296595499136,1512,0.12723600692440853,901,0.2951529140219273,1478,0.14685516445470284
1714,13391762309,114.1994208,22.3219181,0.0,0.0,0.0,0.0,1.0,1627,0.031159838430467397,1627,0.031159838430467397,1545,0.054818234275822275,1627,0.031159838430467397
1715,13395157688,114.1640802,22.3151143,0.04761054836759262,0.013119503361343952,0.0006476683937823658,0.05777391074515023,0.9818575070500986,102,0.9417195614541258,64,0.9636468551644547,901,0.2951529140219273,41,0.9769186381996537
1716,13395157689,114.1639182,22.3157614,0.04521403842142239,0.00851316637323449,0.0019430051813470973,0.04472961444605114,0.9861983688972366,116,0.9336410848240047,131,0.9249855741488748,372,0.727062896710906,65,0.9630698211194461
1717,13395157693,114.1644233,22.3136889,0.049493051060456504,0.006525234542287196,0.0006476683937823658,0.02285820963763255,0.9944658460662537,88,0.949798038084247,188,0.8920946335833814,901,0.2951529140219273,202,0.8840161569532602
1718,13395196301,114.1645427,22.3131746,0.05450259728592023,0.007403186647007019,0.0032383419689119533,0.02459331720523044,0.9946109635700018,61,0.9653779572994806,165,0.9053664166185805,170,0.8814195037507213,181,0.896133871898442
1719,13428650956,114.17371,22.296303,0.001564689094928159,0.0005683971273563688,0.0019430051813470973,0.00481937626093614,0.9984353109050718,1427,0.1768609347951529,1136,0.3447778418926717,372,0.727062896710906,718,0.5859780727062897
1720,13428650957,114.1737555,22.2963067,0.001564689094928159,0.0005683971273563688,0.0006476683937823658,0.00481937626093614,0.9984353109050718,1427,0.1768609347951529,1136,0.3447778418926717,901,0.2951529140219273,718,0.5859780727062897
1721,13591799735,114.1642726,22.3128718,0.0,0.0,0.0,0.0,1.0,1627,0.031159838430467397,1627,0.031159838430467397,1545,0.054818234275822275,1627,0.031159838430467397
1722,13591799736,114.1649898,22.3130045,0.0,0.0,0.0,0.0,1.0,1627,0.031159838430467397,1627,0.031159838430467397,1545,0.054818234275822275,1627,0.031159838430467397
1723,13594786983,114.1787902,22.323672,0.0,0.0,0.0006476683937823658,0.0,1.0,1627,0.031159838430467397,1627,0.031159838430467397,901,0.2951529140219273,1627,0.031159838430467397
1724,13767096674,114.1990416,22.3326964,0.0001697283595562006,9.129716493172175e-05,0.0,0.0005227778665449247,0.9998302716404436,1597,0.07905366416618581,1482,0.1454125793421812,1545,0.054818234275822275,1396,0.19503750721292556
1725,13767096676,114.1990925,22.3325344,0.0,0.0,0.0,0.0,1.0,1627,0.031159838430467397,1627,0.031159838430467397,1545,0.054818234275822275,1627,0.031159838430467397
1726,13860956553,114.1903891,22.308892,0.015616610501591988,0.012169256153570689,0.0012953367875647315,0.04078431511035582,0.98683818552591,726,0.5816503173687247,75,0.9572994806693594,577,0.5744373918061165,74,0.9578765147143682
1727,13860956558,114.1900397,22.3088741,0.010793951119076585,0.0019841597335135217,0.0006476683937823658,0.005712632711638786,0.9984216714086204,916,0.4720138488170802,656,0.6220427005193306,901,0.2951529140219273,649,0.6260819388343912
1728,13860956560,114.1902772,22.3089086,0.016135884480112217,0.002798413164980659,0.0006476683937823658,0.0023660305390057093,1.0,706,0.5931909982688979,505,0.7091748413156376,901,0.2951529140219273,967,0.4425851125216388
1729,13861001216,114.185123,22.3097053,0.025812276584923258,0.0029434796735829383,0.0012953367875647315,0.004611849262454192,1.0,416,0.760530871321408,483,0.7218695903058281,577,0.5744373918061165,738,0.5747259088286208
1730,13861001219,114.1850744,22.3096536,0.03449833998069444,0.004853652245042423,0.0019430051813470973,0.005637411018416764,0.9999430061756961,242,0.860934795152914,297,0.829197922677438,372,0.727062896710906,655,0.6226197345643393
1731,14021098288,114.1673665,22.3205325,0.03360836631059943,0.0034028674625970145,0.003886010362694319,0.00700710578570275,0.9990460504275412,250,0.8563185227928448,417,0.7599538372763993,123,0.9163300634737449,571,0.6710905943450663
1732,14074670373,114.1675441,22.3205605,0.03332065080894816,0.003190512972294673,0.003886010362694319,0.00612091742850389,0.9993337659291923,256,0.8528563185227929,446,0.7432198499711483,123,0.9163300634737449,618,0.6439699942296595
