{"type":"FeatureCollection","crs":{"type":"name","properties":{"name":"urn:ogc:def:crs:OGC:1.3:CRS84"}},"features":[{"type":"Feature","properties":{"tpusb":"113002"},"geometry":{"type":"Polygon","coordinates":[[[114.145842,22.2877961],[114.1453215,22.2878336],[114.1453286,22.2876507],[114.1458637,22.2871991],[114.1461046,22.287082],[114.1463193,22.2870864],[114.1471487,22.2874457],[114.1471778,22.2876734],[114.145842,22.2877961]]]}},{"type":"Feature","properties":{"tpusb":"113003"},"geometry":{"type":"Polygon","coordinates":[[[114.1505974,22.2877038],[114.14888,22.2881728],[114.1481834,22.2884081],[114.1478817,22.2880968],[114.1495734,22.2867172],[114.1496649,22.2865938],[114.149901,22.2865274],[114.1502808,22.2863197],[114.1506664,22.2876872],[114.1505974,22.2877038]]]}},{"type":"Feature","properties":{"tpusb":"113004"},"geometry":{"type":"Polygon","coordinates":[[[114.1515269,22.2874233],[114.1506664,22.2876872],[114.1504523,22.2869421],[114.1513414,22.28673],[114.1515269,22.2874233]]]}},{"type":"Feature","properties":{"tpusb":"113005"},"geometry":{"type":"Polygon","coordinates":[[[114.1453215,22.2878336],[114.1448609,22.2878561],[114.144804,22.2871471],[114.1457908,22.2863499],[114.1460976,22.2862815],[114.1468148,22.2862496],[114.147587,22.2867448],[114.1471487,22.2874457],[114.1463193,22.2870864],[114.1461046,22.287082],[114.1458637,22.2871991],[114.1453286,22.2876507],[114.1453215,22.2878336]]]}},{"type":"Feature","properties":{"tpusb":"113006"},"geometry":{"type":"Polygon","coordinates":[[[114.1481162,22.2873645],[114.1475362,22.287838],[114.147336,22.2876967],[114.1471778,22.2876734],[114.1471487,22.2874457],[114.147587,22.2867448],[114.1478071,22.2868561],[114.1479035,22.2868463],[114.1480032,22.2867794],[114.1481224,22.2869133],[114.1479609,22.2870516],[114.1479982,22.2871153],[114.1479321,22.2871704],[114.1481162,22.2873645]]]}},{"type":"Feature","properties":{"tpusb":"113007"},"geometry":{"type":"Polygon","coordinates":[[[114.1496649,22.2865938],[114.1495734,22.2867172],[114.1478817,22.2880968],[114.1475362,22.287838],[114.1492192,22.2864641],[114.1496649,22.2865938]]]}},{"type":"Feature","properties":{"tpusb":"113008"},"geometry":{"type":"Polygon","coordinates":[[[114.1513414,22.28673],[114.1504523,22.2869421],[114.1502808,22.2863197],[114.1507288,22.2860746],[114.1511041,22.2859851],[114.1513414,22.28673]]]}},{"type":"Feature","properties":{"tpusb":"113009"},"geometry":{"type":"Polygon","coordinates":[[[114.1463716,22.2862646],[114.1459685,22.2863],[114.1457331,22.2863813],[114.144804,22.2871471],[114.1441886,22.2868818],[114.1437269,22.2868947],[114.1436852,22.2861158],[114.1450568,22.2860428],[114.1457562,22.2857243],[114.1462048,22.2851394],[114.1462127,22.2850069],[114.1461058,22.284408],[114.1462252,22.2841788],[114.1473554,22.285429],[114.1468781,22.2858009],[114.1465694,22.2859198],[114.1463521,22.2859358],[114.1463716,22.2862646]]]}},{"type":"Feature","properties":{"tpusb":"113010"},"geometry":{"type":"Polygon","coordinates":[[[114.1467733,22.2862416],[114.1463716,22.2862646],[114.1463521,22.2859358],[114.1465694,22.2859198],[114.1468781,22.2858009],[114.1473554,22.285429],[114.1476067,22.285694],[114.1469306,22.2862329],[114.1467733,22.2862416]]]}},{"type":"Feature","properties":{"tpusb":"113011"},"geometry":{"type":"Polygon","coordinates":[[[114.1480032,22.2867794],[114.1479035,22.2868463],[114.1477773,22.2868494],[114.1467733,22.2862416],[114.1469306,22.2862329],[114.1478978,22.285474],[114.1485343,22.2861507],[114.1487789,22.2861925],[114.1480032,22.2867794]]]}},{"type":"Feature","properties":{"tpusb":"113012"},"geometry":{"type":"Polygon","coordinates":[[[114.1492192,22.2864641],[114.1481162,22.2873645],[114.1479321,22.2871704],[114.1479982,22.2871153],[114.1479609,22.2870516],[114.1481224,22.2869133],[114.1480032,22.2867794],[114.1486768,22.2862437],[114.1487789,22.2861925],[114.1492192,22.2864641]]]}},{"type":"Feature","properties":{"tpusb":"113013"},"geometry":{"type":"Polygon","coordinates":[[[114.1502808,22.2863197],[114.149901,22.2865274],[114.1496649,22.2865938],[114.1492192,22.2864641],[114.1487789,22.2861925],[114.1495412,22.2859105],[114.1498542,22.285702],[114.1502808,22.2863197]]]}},{"type":"Feature","properties":{"tpusb":"113014"},"geometry":{"type":"Polygon","coordinates":[[[114.1511041,22.2859851],[114.1507288,22.2860746],[114.1502808,22.2863197],[114.1500492,22.285971],[114.1505116,22.2854523],[114.1506909,22.2853297],[114.1511501,22.285974],[114.1511041,22.2859851]]]}},{"type":"Feature","properties":{"tpusb":"113015"},"geometry":{"type":"Polygon","coordinates":[[[114.1495333,22.2853572],[114.1493013,22.2855419],[114.1492083,22.2855524],[114.1488583,22.2858512],[114.1486987,22.2856814],[114.1483545,22.2859596],[114.1478978,22.285474],[114.1480437,22.2853722],[114.1485958,22.2853902],[114.1491844,22.2849528],[114.1495333,22.2853572]]]}},{"type":"Feature","properties":{"tpusb":"113016"},"geometry":{"type":"Polygon","coordinates":[[[114.1487789,22.2861925],[114.1485343,22.2861507],[114.1483545,22.2859596],[114.1486987,22.2856814],[114.1488583,22.2858512],[114.1492083,22.2855524],[114.1493013,22.2855419],[114.1495333,22.2853572],[114.1498542,22.285702],[114.1495412,22.2859105],[114.1487789,22.2861925]]]}},{"type":"Feature","properties":{"tpusb":"113017"},"geometry":{"type":"Polygon","coordinates":[[[114.1506909,22.2853297],[114.1505116,22.2854523],[114.1500492,22.285971],[114.1498542,22.285702],[114.1503626,22.2850228],[114.1506909,22.2853297]]]}},{"type":"Feature","properties":{"tpusb":"113018"},"geometry":{"type":"Polygon","coordinates":[[[114.1462252,22.2841788],[114.1461058,22.284408],[114.1462127,22.2850069],[114.1462048,22.2851394],[114.1457562,22.2857243],[114.1450568,22.2860428],[114.1436852,22.2861158],[114.1435727,22.2842878],[114.1440644,22.2842121],[114.1442456,22.284224],[114.1443722,22.2843328],[114.144587,22.2847611],[114.1447781,22.2848923],[114.1449841,22.2849305],[114.1456555,22.2848996],[114.1457669,22.2848579],[114.1458782,22.2847376],[114.1460438,22.2840603],[114.1461645,22.2838718],[114.146339,22.2837199],[114.1466554,22.2836229],[114.147274,22.2836788],[114.1473974,22.2836432],[114.1476172,22.2834195],[114.1476256,22.2836193],[114.1475058,22.2837139],[114.1473363,22.2837584],[114.1467668,22.2837542],[114.1462252,22.2841788]]]}},{"type":"Feature","properties":{"tpusb":"113019"},"geometry":{"type":"Polygon","coordinates":[[[114.1478978,22.285474],[114.1476067,22.285694],[114.147389,22.2854645],[114.1487049,22.2844433],[114.1491844,22.2849528],[114.1485958,22.2853902],[114.1480437,22.2853722],[114.1478978,22.285474]]]}},{"type":"Feature","properties":{"tpusb":"113020"},"geometry":{"type":"Polygon","coordinates":[[[114.1503626,22.2850228],[114.1498542,22.285702],[114.1491844,22.2849528],[114.1501218,22.2842],[114.1505396,22.2848304],[114.1503626,22.2850228]]]}},{"type":"Feature","properties":{"tpusb":"113021"},"geometry":{"type":"Polygon","coordinates":[[[114.1487049,22.2844433],[114.147389,22.2854645],[114.1469272,22.2849593],[114.1484916,22.2837315],[114.1489486,22.28423],[114.1487049,22.2844433]]]}},{"type":"Feature","properties":{"tpusb":"113022"},"geometry":{"type":"Polygon","coordinates":[[[114.1501218,22.2842],[114.1491844,22.2849528],[114.1487049,22.2844433],[114.1496291,22.2836757],[114.1501218,22.2842]]]}},{"type":"Feature","properties":{"tpusb":"113023"},"geometry":{"type":"Polygon","coordinates":[[[114.1509756,22.2845733],[114.1505396,22.2848304],[114.1501218,22.2842],[114.1502903,22.2840823],[114.1508496,22.2839195],[114.1515154,22.2839048],[114.151695,22.2844077],[114.1512371,22.284545],[114.1510706,22.2845173],[114.1509756,22.2845733]]]}},{"type":"Feature","properties":{"tpusb":"113024"},"geometry":{"type":"Polygon","coordinates":[[[114.1484916,22.2837315],[114.1469272,22.2849593],[114.1462252,22.2841788],[114.1467668,22.2837542],[114.1473363,22.2837584],[114.1475058,22.2837139],[114.1476256,22.2836193],[114.1476172,22.2834195],[114.1476958,22.2833381],[114.1482816,22.2830385],[114.1484341,22.2830109],[114.1488516,22.2831012],[114.1490875,22.2830718],[114.1491761,22.2831861],[114.1484916,22.2837315]]]}},{"type":"Feature","properties":{"tpusb":"113025"},"geometry":{"type":"Polygon","coordinates":[[[114.1496291,22.2836757],[114.1489486,22.28423],[114.1484916,22.2837315],[114.1491761,22.2831861],[114.1496291,22.2836757]]]}},{"type":"Feature","properties":{"tpusb":"113026"},"geometry":{"type":"Polygon","coordinates":[[[114.1508097,22.2884382],[114.150728,22.288433],[114.1498693,22.2894409],[114.1485757,22.2897624],[114.1481834,22.2884081],[114.14888,22.2881728],[114.1505974,22.2877038],[114.1508097,22.2884382]]]}},{"type":"Feature","properties":{"tpusb":"113028"},"geometry":{"type":"Polygon","coordinates":[[[114.1448609,22.2878561],[114.1437758,22.2878905],[114.1437269,22.2868947],[114.1441886,22.2868818],[114.144804,22.2871471],[114.1448609,22.2878561]]]}},{"type":"Feature","properties":{"tpusb":"114003"},"geometry":{"type":"Polygon","coordinates":[[[114.1526943,22.2870654],[114.1515269,22.2874233],[114.1513414,22.28673],[114.1525146,22.2864298],[114.1526943,22.2870654]]]}},{"type":"Feature","properties":{"tpusb":"114004"},"geometry":{"type":"Polygon","coordinates":[[[114.153462,22.286827],[114.1526943,22.2870654],[114.1525146,22.2864298],[114.1532686,22.2862588],[114.153462,22.286827]]]}},{"type":"Feature","properties":{"tpusb":"114005"},"geometry":{"type":"Polygon","coordinates":[[[114.1534947,22.2868153],[114.153462,22.286827],[114.1532686,22.2862588],[114.1540363,22.2858093],[114.154425,22.2863817],[114.1539609,22.2866362],[114.1534947,22.2868153]]]}},{"type":"Feature","properties":{"tpusb":"114006"},"geometry":{"type":"Polygon","coordinates":[[[114.1551993,22.2859455],[114.154425,22.2863817],[114.1540363,22.2858093],[114.154784,22.2853702],[114.1551993,22.2859455]]]}},{"type":"Feature","properties":{"tpusb":"114007"},"geometry":{"type":"Polygon","coordinates":[[[114.1563373,22.2850001],[114.1557857,22.2855871],[114.1551993,22.2859455],[114.154784,22.2853702],[114.1552848,22.2850761],[114.155704,22.284562],[114.1563373,22.2850001]]]}},{"type":"Feature","properties":{"tpusb":"114008"},"geometry":{"type":"Polygon","coordinates":[[[114.1520669,22.2865444],[114.1513414,22.28673],[114.1511041,22.2859851],[114.1518438,22.2858031],[114.1520669,22.2865444]]]}},{"type":"Feature","properties":{"tpusb":"114009"},"geometry":{"type":"Polygon","coordinates":[[[114.1525146,22.2864298],[114.1520669,22.2865444],[114.151945,22.2861394],[114.1523988,22.2860086],[114.1533368,22.2858201],[114.1538847,22.2857756],[114.1540363,22.2858093],[114.1532686,22.2862588],[114.1525146,22.2864298]]]}},{"type":"Feature","properties":{"tpusb":"114010"},"geometry":{"type":"Polygon","coordinates":[[[114.1523988,22.2860086],[114.151945,22.2861394],[114.1518438,22.2858031],[114.1522778,22.2855686],[114.1523988,22.2860086]]]}},{"type":"Feature","properties":{"tpusb":"114014"},"geometry":{"type":"Polygon","coordinates":[[[114.1518257,22.2858129],[114.1511501,22.285974],[114.1506909,22.2853297],[114.1512529,22.2849775],[114.1518257,22.2858129]]]}},{"type":"Feature","properties":{"tpusb":"114015"},"geometry":{"type":"Polygon","coordinates":[[[114.1518438,22.2858031],[114.1518257,22.2858129],[114.1512529,22.2849775],[114.1519915,22.284963],[114.1518719,22.2857879],[114.1518438,22.2858031]]]}},{"type":"Feature","properties":{"tpusb":"114016"},"geometry":{"type":"Polygon","coordinates":[[[114.1522778,22.2855686],[114.1518719,22.2857879],[114.1519915,22.284963],[114.1524407,22.2850896],[114.1528254,22.2852739],[114.1522778,22.2855686]]]}},{"type":"Feature","properties":{"tpusb":"114017"},"geometry":{"type":"Polygon","coordinates":[[[114.1512529,22.2849775],[114.1506909,22.2853297],[114.1503626,22.2850228],[114.1504785,22.2848664],[114.1509756,22.2845733],[114.1512529,22.2849775]]]}},{"type":"Feature","properties":{"tpusb":"114018"},"geometry":{"type":"Polygon","coordinates":[[[114.1528986,22.2850749],[114.1528917,22.2851781],[114.1528254,22.2852739],[114.1524407,22.2850896],[114.1520809,22.284976],[114.1512529,22.2849775],[114.1509756,22.2845733],[114.1511608,22.2845094],[114.1515595,22.2846956],[114.1522397,22.2847893],[114.1526336,22.285],[114.1528986,22.2850749]]]}},{"type":"Feature","properties":{"tpusb":"114019"},"geometry":{"type":"Polygon","coordinates":[[[114.1534246,22.2844332],[114.1528986,22.2850749],[114.1526336,22.285],[114.1522397,22.2847893],[114.1515595,22.2846956],[114.1512371,22.284545],[114.1525571,22.2841989],[114.1529541,22.2840726],[114.1530099,22.2840208],[114.1534246,22.2844332]]]}},{"type":"Feature","properties":{"tpusb":"114020"},"geometry":{"type":"Polygon","coordinates":[[[114.1533522,22.2848394],[114.1531581,22.2850227],[114.1528986,22.2850749],[114.1540994,22.2835752],[114.1545272,22.2839927],[114.1542047,22.2841836],[114.1533522,22.2848394]]]}},{"type":"Feature","properties":{"tpusb":"114021"},"geometry":{"type":"Polygon","coordinates":[[[114.1530099,22.2840208],[114.1529541,22.2840726],[114.1525571,22.2841989],[114.1517012,22.284425],[114.1515154,22.2839048],[114.1517725,22.283887],[114.151989,22.283815],[114.1522065,22.2836898],[114.1524595,22.2834735],[114.1530099,22.2840208]]]}},{"type":"Feature","properties":{"tpusb":"114022"},"geometry":{"type":"Polygon","coordinates":[[[114.1538737,22.2838623],[114.1534246,22.2844332],[114.1529139,22.2839253],[114.153349,22.2833528],[114.1538737,22.2838623]]]}},{"type":"Feature","properties":{"tpusb":"114023"},"geometry":{"type":"Polygon","coordinates":[[[114.1515154,22.2839048],[114.1508496,22.2839195],[114.1502903,22.2840823],[114.1501218,22.2842],[114.1496291,22.2836757],[114.1512266,22.2834143],[114.1515235,22.2837045],[114.1515154,22.2839048]]]}},{"type":"Feature","properties":{"tpusb":"114024"},"geometry":{"type":"Polygon","coordinates":[[[114.1524595,22.2834735],[114.1522065,22.2836898],[114.151989,22.283815],[114.1517725,22.283887],[114.1515154,22.2839048],[114.1515235,22.2837045],[114.1512266,22.2834143],[114.1518277,22.2828707],[114.1524595,22.2834735]]]}},{"type":"Feature","properties":{"tpusb":"114025"},"geometry":{"type":"Polygon","coordinates":[[[114.153349,22.2833528],[114.1529139,22.2839253],[114.1524595,22.2834735],[114.1528637,22.2828817],[114.153349,22.2833528]]]}},{"type":"Feature","properties":{"tpusb":"114026"},"geometry":{"type":"Polygon","coordinates":[[[114.1540994,22.2835752],[114.1538737,22.2838623],[114.153349,22.2833528],[114.1535715,22.28306],[114.1540994,22.2835752]]]}},{"type":"Feature","properties":{"tpusb":"114027"},"geometry":{"type":"Polygon","coordinates":[[[114.1512266,22.2834143],[114.1496291,22.2836757],[114.1490875,22.2830718],[114.1495809,22.2828351],[114.1502447,22.2827993],[114.1504803,22.2826954],[114.1512266,22.2834143]]]}},{"type":"Feature","properties":{"tpusb":"114028"},"geometry":{"type":"Polygon","coordinates":[[[114.1518277,22.2828707],[114.1512266,22.2834143],[114.1504803,22.2826954],[114.1510826,22.2821349],[114.1518277,22.2828707]]]}},{"type":"Feature","properties":{"tpusb":"114029"},"geometry":{"type":"Polygon","coordinates":[[[114.1526939,22.2831303],[114.1524595,22.2834735],[114.1518277,22.2828707],[114.1522807,22.2824609],[114.1526939,22.2831303]]]}},{"type":"Feature","properties":{"tpusb":"114031"},"geometry":{"type":"Polygon","coordinates":[[[114.1535715,22.28306],[114.153349,22.2833528],[114.1528637,22.2828817],[114.1530738,22.2825744],[114.1535715,22.28306]]]}},{"type":"Feature","properties":{"tpusb":"114032"},"geometry":{"type":"Polygon","coordinates":[[[114.1540363,22.2858093],[114.1538847,22.2857756],[114.1533368,22.2858201],[114.1523988,22.2860086],[114.1522778,22.2855686],[114.1527624,22.28532],[114.1528658,22.2852265],[114.1528986,22.2850749],[114.1531581,22.2850227],[114.1533522,22.2848394],[114.1540363,22.2858093]]]}},{"type":"Feature","properties":{"tpusb":"114033"},"geometry":{"type":"Polygon","coordinates":[[[114.1546509,22.2854483],[114.1540363,22.2858093],[114.1533522,22.2848394],[114.1538623,22.2844358],[114.1546509,22.2854483]]]}},{"type":"Feature","properties":{"tpusb":"114034"},"geometry":{"type":"Polygon","coordinates":[[[114.154784,22.2853702],[114.1546509,22.2854483],[114.1538623,22.2844358],[114.1547243,22.2838313],[114.155704,22.284562],[114.1552848,22.2850761],[114.154784,22.2853702]]]}},{"type":"Feature","properties":{"tpusb":"115001"},"geometry":{"type":"Polygon","coordinates":[[[114.1448894,22.2886475],[114.1438024,22.2886807],[114.1437758,22.2878905],[114.1448609,22.2878561],[114.1448894,22.2886475]]]}},{"type":"Feature","properties":{"tpusb":"115002"},"geometry":{"type":"Polygon","coordinates":[[[114.1459287,22.2886142],[114.1448894,22.2886475],[114.1448609,22.2878561],[114.145842,22.2877961],[114.1459287,22.2886142]]]}},{"type":"Feature","properties":{"tpusb":"115003"},"geometry":{"type":"Polygon","coordinates":[[[114.1471849,22.2885036],[114.1459287,22.2886142],[114.145842,22.2877961],[114.1471778,22.2876734],[114.1472602,22.288497],[114.1471849,22.2885036]]]}},{"type":"Feature","properties":{"tpusb":"115004"},"geometry":{"type":"Polygon","coordinates":[[[114.1481834,22.2884081],[114.1472602,22.288497],[114.1471778,22.2876734],[114.1472782,22.2876751],[114.1474117,22.2877448],[114.1480052,22.2881941],[114.1481834,22.2884081]]]}},{"type":"Feature","properties":{"tpusb":"115006"},"geometry":{"type":"Polygon","coordinates":[[[114.1485528,22.2896834],[114.1477084,22.2899059],[114.1476168,22.289887],[114.1471849,22.2885036],[114.1481834,22.2884081],[114.1485528,22.2896834]]]}},{"type":"Feature","properties":{"tpusb":"115007"},"geometry":{"type":"Polygon","coordinates":[[[114.1485757,22.2897624],[114.1455766,22.2905047],[114.1436488,22.2905659],[114.1436368,22.2902927],[114.1439381,22.2902809],[114.1439144,22.2896886],[114.1438157,22.2895772],[114.1438024,22.2886807],[114.1458356,22.2886192],[114.1471849,22.2885036],[114.1476168,22.289887],[114.1477084,22.2899059],[114.1485528,22.2896834],[114.1485757,22.2897624]]]}},{"type":"Feature","properties":{"tpusb":"121002"},"geometry":{"type":"Polygon","coordinates":[[[114.1566822,22.2846591],[114.1563373,22.2850001],[114.155704,22.284562],[114.1560344,22.2841569],[114.1567061,22.2846298],[114.1566822,22.2846591]]]}},{"type":"Feature","properties":{"tpusb":"121003"},"geometry":{"type":"Polygon","coordinates":[[[114.1569465,22.2843328],[114.1567061,22.2846298],[114.1560344,22.2841569],[114.156454,22.2836423],[114.1571251,22.284112],[114.1569465,22.2843328]]]}},{"type":"Feature","properties":{"tpusb":"121004"},"geometry":{"type":"Polygon","coordinates":[[[114.1576518,22.2834862],[114.1571251,22.284112],[114.156454,22.2836423],[114.1569586,22.2830236],[114.1576518,22.2834862]]]}},{"type":"Feature","properties":{"tpusb":"121005"},"geometry":{"type":"Polygon","coordinates":[[[114.1560344,22.2841569],[114.155704,22.284562],[114.1547097,22.2838204],[114.1551308,22.2835207],[114.1560344,22.2841569]]]}},{"type":"Feature","properties":{"tpusb":"121006"},"geometry":{"type":"Polygon","coordinates":[[[114.1562598,22.2838805],[114.1560344,22.2841569],[114.1551308,22.2835207],[114.1553482,22.2832676],[114.1562598,22.2838805]]]}},{"type":"Feature","properties":{"tpusb":"121007"},"geometry":{"type":"Polygon","coordinates":[[[114.156454,22.2836423],[114.1562598,22.2838805],[114.1553482,22.2832676],[114.1554731,22.2830858],[114.156454,22.2836423]]]}},{"type":"Feature","properties":{"tpusb":"121008"},"geometry":{"type":"Polygon","coordinates":[[[114.156674,22.2833726],[114.156454,22.2836423],[114.1554893,22.2830946],[114.1557161,22.282819],[114.156674,22.2833726]]]}},{"type":"Feature","properties":{"tpusb":"121009"},"geometry":{"type":"Polygon","coordinates":[[[114.1568936,22.2831033],[114.156674,22.2833726],[114.1557161,22.282819],[114.1559525,22.2825306],[114.1568936,22.2831033]]]}},{"type":"Feature","properties":{"tpusb":"121017"},"geometry":{"type":"Polygon","coordinates":[[[114.1537514,22.2877201],[114.1523765,22.2880722],[114.1525052,22.2885224],[114.1528168,22.2884703],[114.1528485,22.2885781],[114.152886,22.2885683],[114.1528644,22.2884915],[114.1530552,22.288444],[114.1531928,22.2885177],[114.1532265,22.2886361],[114.1531473,22.2887617],[114.152954,22.2888098],[114.1529319,22.2887316],[114.1528964,22.2887409],[114.1529291,22.288852],[114.152626,22.2889499],[114.152753,22.2893995],[114.1529975,22.2893596],[114.1530228,22.2894464],[114.1530604,22.289437],[114.1530354,22.28935],[114.1531033,22.289333],[114.1531288,22.28942],[114.15317,22.2894098],[114.1531445,22.2893227],[114.1532912,22.2892859],[114.1534304,22.2893608],[114.1534637,22.2894754],[114.1534391,22.2895135],[114.1513491,22.2900372],[114.1513087,22.290011],[114.1512739,22.2898953],[114.1513524,22.2897695],[114.1526138,22.2894557],[114.1525082,22.2889859],[114.1524721,22.2889662],[114.151451,22.2892223],[114.1514189,22.2891105],[114.1513683,22.2891243],[114.1513907,22.2892021],[114.151203,22.2892487],[114.1510588,22.289177],[114.1510265,22.2890631],[114.1511135,22.2889264],[114.151298,22.2888804],[114.1513212,22.2889609],[114.151372,22.2889471],[114.1513409,22.2888389],[114.1516372,22.2887366],[114.1515086,22.2882908],[114.1514722,22.2882718],[114.1508097,22.2884382],[114.1505974,22.2877038],[114.1534947,22.2868153],[114.1537514,22.2877201]]]}},{"type":"Feature","properties":{"tpusb":"121019"},"geometry":{"type":"Polygon","coordinates":[[[114.1608706,22.2868037],[114.1603448,22.2869927],[114.1603147,22.2870608],[114.160548,22.2876614],[114.1605305,22.2876984],[114.1603005,22.2877593],[114.1600647,22.2871619],[114.1599657,22.2871177],[114.1594492,22.2872767],[114.1594122,22.2873486],[114.1596161,22.2879635],[114.1595973,22.287995],[114.1593605,22.2880413],[114.159153,22.2874255],[114.1590721,22.287389],[114.1585274,22.2875327],[114.158497,22.2876038],[114.158668,22.2882173],[114.1586453,22.2882499],[114.1584085,22.2882869],[114.1582382,22.2876793],[114.1581714,22.2876205],[114.1576071,22.2877576],[114.1575747,22.2878056],[114.1577352,22.2884747],[114.1574843,22.2885108],[114.1573044,22.287874],[114.1572505,22.2878438],[114.1566889,22.2879777],[114.1566572,22.2880755],[114.1568231,22.288675],[114.1565847,22.288742],[114.1563882,22.2880961],[114.1563256,22.288065],[114.1561237,22.2881134],[114.1560533,22.2882222],[114.1557445,22.2882986],[114.1559025,22.2889074],[114.1558224,22.2889267],[114.1542212,22.2873969],[114.1538322,22.2875963],[114.1537514,22.2877201],[114.1534947,22.2868153],[114.1541484,22.2865448],[114.1557857,22.2855871],[114.1563373,22.2850001],[114.1565775,22.2851248],[114.1562692,22.2865291],[114.1563322,22.286686],[114.1564953,22.2867718],[114.1568429,22.2867109],[114.1581978,22.2860823],[114.1589899,22.2856658],[114.1593356,22.2855931],[114.1598069,22.285347],[114.1598196,22.2852477],[114.1590217,22.284011],[114.1588864,22.2839878],[114.1573046,22.2848873],[114.1571597,22.2848822],[114.1566822,22.2846591],[114.1569465,22.2843328],[114.1571888,22.2847603],[114.1589982,22.2836961],[114.1602632,22.2856841],[114.1604642,22.2860916],[114.1606465,22.2860198],[114.1609637,22.2867677],[114.1608706,22.2868037]]]}},{"type":"Feature","properties":{"tpusb":"121020"},"geometry":{"type":"Polygon","coordinates":[[[114.1566822,22.2846591],[114.1571597,22.2848822],[114.1573046,22.2848873],[114.1588864,22.2839878],[114.1590217,22.284011],[114.1598196,22.2852477],[114.1598069,22.285347],[114.1593356,22.2855931],[114.1589899,22.2856658],[114.1581978,22.2860823],[114.1568429,22.2867109],[114.1564899,22.2867712],[114.1563164,22.2866679],[114.156271,22.2864941],[114.1565775,22.2851248],[114.1563373,22.2850001],[114.1566822,22.2846591]]]}},{"type":"Feature","properties":{"tpusb":"121021"},"geometry":{"type":"Polygon","coordinates":[[[114.1589982,22.2836961],[114.1571888,22.2847603],[114.1569465,22.2843328],[114.157652,22.283486],[114.1583748,22.2828322],[114.1588041,22.2826128],[114.1597098,22.2822623],[114.1599178,22.2829608],[114.159894,22.2830676],[114.1589415,22.2835962],[114.1589982,22.2836961]]]}},{"type":"Feature","properties":{"tpusb":"122009"},"geometry":{"type":"Polygon","coordinates":[[[114.1544596,22.2831124],[114.1540994,22.2835752],[114.1535715,22.28306],[114.1539118,22.2826124],[114.1539174,22.2825175],[114.1539437,22.2825926],[114.1544596,22.2831124]]]}},{"type":"Feature","properties":{"tpusb":"122010"},"geometry":{"type":"Polygon","coordinates":[[[114.1547001,22.28334],[114.1543209,22.2837914],[114.1540994,22.2835752],[114.1544596,22.2831124],[114.1547001,22.28334]]]}},{"type":"Feature","properties":{"tpusb":"122011"},"geometry":{"type":"Polygon","coordinates":[[[114.1547243,22.2838313],[114.1545272,22.2839927],[114.1543209,22.2837914],[114.1547001,22.28334],[114.1549977,22.2836217],[114.1547243,22.2838313]]]}},{"type":"Feature","properties":{"tpusb":"122013"},"geometry":{"type":"Polygon","coordinates":[[[114.1552173,22.2827451],[114.1547001,22.28334],[114.1544596,22.2831124],[114.1549689,22.282461],[114.1552173,22.2827451]]]}},{"type":"Feature","properties":{"tpusb":"122014"},"geometry":{"type":"Polygon","coordinates":[[[114.1551308,22.2835207],[114.1549977,22.2836217],[114.1547001,22.28334],[114.1552173,22.2827451],[114.1554787,22.2830773],[114.1551308,22.2835207]]]}},{"type":"Feature","properties":{"tpusb":"123001"},"geometry":{"type":"Polygon","coordinates":[[[114.1614301,22.2873682],[114.1612256,22.2874455],[114.1609649,22.2868405],[114.1608706,22.2868037],[114.1609637,22.2867677],[114.1606465,22.2860198],[114.1604642,22.2860916],[114.1602632,22.2856841],[114.1589415,22.2835962],[114.159894,22.2830676],[114.1599178,22.2829608],[114.1597098,22.2822623],[114.1598915,22.2821909],[114.1598494,22.2820442],[114.1603124,22.2819258],[114.1603477,22.2820574],[114.1622889,22.2815351],[114.1626381,22.2825858],[114.1627208,22.2826906],[114.1631972,22.282938],[114.1640725,22.2827006],[114.1643683,22.2837056],[114.1638968,22.283924],[114.1638814,22.2838882],[114.1637387,22.2839414],[114.1638156,22.2841173],[114.1634253,22.2842949],[114.1627293,22.2847028],[114.1625718,22.285176],[114.163191,22.2853749],[114.1632338,22.2854755],[114.1631335,22.285527],[114.1625253,22.2853378],[114.1623087,22.2858695],[114.1629277,22.2860842],[114.1629669,22.2861927],[114.1628714,22.2862353],[114.1622474,22.2860475],[114.1621809,22.2862788],[114.1621393,22.286296],[114.1620925,22.2864229],[114.1623483,22.2869949],[114.1621265,22.2870986],[114.1620907,22.2870839],[114.1618288,22.2864964],[114.1617554,22.2864548],[114.1612273,22.2866665],[114.1611991,22.286757],[114.1614769,22.2873503],[114.1614301,22.2873682]]]}},{"type":"Feature","properties":{"tpusb":"123002"},"geometry":{"type":"Polygon","coordinates":[[[114.1583861,22.282826],[114.1576518,22.2834862],[114.1569586,22.2830236],[114.1577611,22.2820395],[114.1578611,22.2821202],[114.1583861,22.282826]]]}},{"type":"Feature","properties":{"tpusb":"124001"},"geometry":{"type":"Polygon","coordinates":[[[114.1674366,22.283212],[114.1665068,22.2833144],[114.1655704,22.2835013],[114.1651963,22.2836036],[114.1638161,22.2841185],[114.1637387,22.2839414],[114.1638814,22.2838882],[114.1638968,22.283924],[114.1643683,22.2837056],[114.1640725,22.2827006],[114.1631972,22.282938],[114.1627208,22.2826906],[114.1626381,22.2825858],[114.1622889,22.2815351],[114.162788,22.2814023],[114.163141,22.2812046],[114.165361,22.2797041],[114.1656725,22.2795796],[114.1660152,22.279516],[114.1665522,22.2795541],[114.1666679,22.279686],[114.1666507,22.2799468],[114.1671664,22.2820659],[114.1674986,22.282074],[114.1674362,22.2824621],[114.1674366,22.283212]]]}},{"type":"Feature","properties":{"tpusb":"124016"},"geometry":{"type":"Polygon","coordinates":[[[114.1712667,22.2816529],[114.1713021,22.2816554],[114.1713162,22.2820015],[114.171427,22.2823529],[114.1713951,22.2823691],[114.1714182,22.2825618],[114.1719026,22.2838092],[114.1715996,22.2835187],[114.1712418,22.2829574],[114.1710204,22.2827883],[114.1707838,22.2826791],[114.1702201,22.2825987],[114.1697281,22.2827205],[114.1689955,22.2827787],[114.1689811,22.2824771],[114.168671,22.2814483],[114.1712667,22.2816529]]]}},{"type":"Feature","properties":{"tpusb":"134006"},"geometry":{"type":"Polygon","coordinates":[[[114.1745464,22.2846864],[114.1744223,22.2851089],[114.1742783,22.2851826],[114.1741882,22.2851425],[114.174147,22.2850579],[114.1742449,22.2846868],[114.1736245,22.2846857],[114.1732457,22.2848401],[114.1728178,22.2848619],[114.172438,22.2847584],[114.1720837,22.2845174],[114.1719961,22.284403],[114.1720622,22.2843034],[114.1719026,22.2838092],[114.1714182,22.2825618],[114.1713951,22.2823691],[114.171427,22.2823529],[114.1713162,22.2820015],[114.1713021,22.2816554],[114.1712667,22.2816529],[114.171179,22.2814655],[114.1709147,22.2812886],[114.1707676,22.2811222],[114.1706681,22.2807048],[114.171191,22.2805492],[114.1717401,22.280495],[114.1744208,22.2806763],[114.1742848,22.281881],[114.1744175,22.2818913],[114.1743731,22.2819781],[114.1743383,22.2825671],[114.1743898,22.2825905],[114.1743686,22.2829601],[114.1743972,22.2829612],[114.174354,22.2836962],[114.1743698,22.2837795],[114.1744626,22.2837267],[114.1744798,22.2837874],[114.1743762,22.2838036],[114.1744128,22.2839373],[114.1745146,22.2839001],[114.1745324,22.2839605],[114.1744195,22.2839593],[114.1745194,22.2842852],[114.1745046,22.2843539],[114.1746327,22.2843852],[114.1745464,22.2846864]]]}},{"type":"Feature","properties":{"tpusb":"135005"},"geometry":{"type":"Polygon","coordinates":[[[114.1799306,22.2832671],[114.1809522,22.2840617],[114.1809992,22.28416],[114.1809597,22.2842656],[114.1808572,22.2843155],[114.1807452,22.2842882],[114.1790756,22.2829871],[114.1767643,22.2822077],[114.1768457,22.2820032],[114.1788041,22.2825954],[114.1794474,22.2828633],[114.1796194,22.2828799],[114.1797553,22.282834],[114.1798462,22.2827589],[114.1800331,22.2823652],[114.1801859,22.2822983],[114.1803571,22.2823464],[114.1804179,22.2822505],[114.1799215,22.2819285],[114.1793801,22.2814298],[114.179086,22.2812114],[114.179019,22.2810721],[114.1790161,22.2808844],[114.1791326,22.2806955],[114.1792458,22.2806174],[114.1797859,22.2808777],[114.1806374,22.2811486],[114.1809437,22.2812903],[114.1812833,22.2815426],[114.1816205,22.2820522],[114.1817843,22.2821329],[114.1819751,22.2821447],[114.1819143,22.283225],[114.1809005,22.2827284],[114.1802258,22.2824999],[114.1799306,22.2832671]]]}},{"type":"Feature","properties":{"tpusb":"135006"},"geometry":{"type":"Polygon","coordinates":[[[114.1790749,22.2829869],[114.1788303,22.282952],[114.178634,22.2829821],[114.1784544,22.2830616],[114.1782613,22.28322],[114.1781593,22.2832478],[114.1764497,22.2830269],[114.1763927,22.2830857],[114.1763029,22.2837215],[114.1760633,22.2837137],[114.1760369,22.2836788],[114.1761232,22.2830535],[114.1760829,22.2829909],[114.1747289,22.2828746],[114.1744968,22.2829885],[114.174415,22.2831028],[114.174381,22.2832364],[114.1743898,22.2825905],[114.1743383,22.2825671],[114.1743781,22.2819542],[114.1744175,22.2818913],[114.1762161,22.2820239],[114.1790749,22.2829869]]]}},{"type":"Feature","properties":{"tpusb":"141010"},"geometry":{"type":"Polygon","coordinates":[[[114.145377,22.2838516],[114.1453843,22.2840938],[114.1453538,22.2841666],[114.1450104,22.2843958],[114.1448167,22.2843935],[114.1447062,22.284344],[114.1443529,22.2838664],[114.1441374,22.2837587],[114.1430136,22.2839894],[114.1426634,22.2841867],[114.142657,22.2836508],[114.1427633,22.2836128],[114.142796,22.28319],[114.1429363,22.2831629],[114.1432644,22.2831426],[114.1437042,22.2831801],[114.1442535,22.2833297],[114.1444887,22.2833298],[114.1448388,22.2835735],[114.1453148,22.2836274],[114.145377,22.2838516]]]}},{"type":"Feature","properties":{"tpusb":"141011"},"geometry":{"type":"Polygon","coordinates":[[[114.1466292,22.2836243],[114.146339,22.2837199],[114.1460909,22.2839635],[114.1460105,22.2841605],[114.1459192,22.2846518],[114.1458373,22.284796],[114.1456555,22.2848996],[114.1449841,22.2849305],[114.1447781,22.2848923],[114.144587,22.2847611],[114.1443521,22.2843012],[114.1441709,22.2842088],[114.1426056,22.2844314],[114.1426235,22.2842338],[114.1429381,22.2840119],[114.1441374,22.2837587],[114.1443529,22.2838664],[114.1447062,22.284344],[114.1448167,22.2843935],[114.1450104,22.2843958],[114.1453538,22.2841666],[114.1453843,22.2840938],[114.145377,22.2838516],[114.1455927,22.2837747],[114.1457032,22.2835176],[114.1457919,22.2834249],[114.146374,22.2834408],[114.1466292,22.2836243]]]}},{"type":"Feature","properties":{"tpusb":"141013"},"geometry":{"type":"Polygon","coordinates":[[[114.146095,22.2828756],[114.1458861,22.2830632],[114.1454319,22.2833277],[114.1453356,22.2834742],[114.1453148,22.2836274],[114.1448388,22.2835735],[114.1444887,22.2833298],[114.1442535,22.2833297],[114.1437042,22.2831801],[114.1432644,22.2831426],[114.1429363,22.2831629],[114.1429526,22.2830259],[114.1430044,22.2829801],[114.1438333,22.2830133],[114.1439479,22.2829577],[114.1439451,22.2828078],[114.1435006,22.2824244],[114.143779,22.2824501],[114.1445562,22.2826456],[114.144993,22.2830313],[114.14521,22.2831307],[114.1456091,22.2831275],[114.146095,22.2828756]]]}},{"type":"Feature","properties":{"tpusb":"142002"},"geometry":{"type":"Polygon","coordinates":[[[114.1466292,22.2836243],[114.146374,22.2834408],[114.1458389,22.283407],[114.1457032,22.2835176],[114.1455927,22.2837747],[114.145377,22.2838516],[114.1453159,22.2835512],[114.1453663,22.2833994],[114.1454319,22.2833277],[114.1458861,22.2830632],[114.146095,22.2828756],[114.1475822,22.2821576],[114.1477814,22.2819924],[114.1481645,22.2818122],[114.1485265,22.2820464],[114.1498103,22.2822531],[114.148825,22.2828185],[114.1486467,22.2828014],[114.1483393,22.2826675],[114.1481755,22.282654],[114.1479364,22.2827066],[114.1478234,22.2827592],[114.1475744,22.2830007],[114.1475284,22.2831771],[114.1476172,22.2834195],[114.1473974,22.2836432],[114.147274,22.2836788],[114.1466292,22.2836243]]]}},{"type":"Feature","properties":{"tpusb":"142003"},"geometry":{"type":"Polygon","coordinates":[[[114.1490875,22.2830718],[114.1488516,22.2831012],[114.1483568,22.2830099],[114.1478081,22.2832681],[114.1476172,22.2834195],[114.1475284,22.2831771],[114.1475404,22.2830695],[114.1476346,22.2829297],[114.1479364,22.2827066],[114.1481755,22.282654],[114.1483393,22.2826675],[114.1486467,22.2828014],[114.1488688,22.2828074],[114.14929,22.2825301],[114.1498103,22.2822531],[114.1499839,22.2820746],[114.1510324,22.2821786],[114.1505455,22.2826401],[114.1503534,22.2827755],[114.1495809,22.2828351],[114.1490875,22.2830718]]]}},{"type":"Feature","properties":{"tpusb":"146040"},"geometry":{"type":"Polygon","coordinates":[[[114.1860497,22.2838435],[114.1857822,22.2839699],[114.1856215,22.2839513],[114.1852885,22.2836798],[114.1847238,22.2830601],[114.1843994,22.2828141],[114.1838402,22.2824828],[114.1833969,22.2823129],[114.1829959,22.2822099],[114.1831881,22.2820858],[114.1834805,22.2820858],[114.1838344,22.2821436],[114.1844421,22.2823634],[114.1847801,22.2824333],[114.185946,22.2828051],[114.1862985,22.2827897],[114.1862107,22.2833423],[114.1860497,22.2838435]]]}},{"type":"Feature","properties":{"tpusb":"147001"},"geometry":{"type":"Polygon","coordinates":[[[114.1889596,22.2869842],[114.1888888,22.2870311],[114.1887974,22.2869095],[114.1891047,22.2860507],[114.1898048,22.2857604],[114.1897648,22.28554],[114.1898616,22.2855246],[114.1898728,22.285194],[114.1897096,22.2852172],[114.1896611,22.2850994],[114.1893499,22.2850147],[114.1893568,22.2849578],[114.1892948,22.2849835],[114.1867943,22.2843354],[114.1865343,22.2844584],[114.1867684,22.2843287],[114.1863923,22.2842127],[114.1861713,22.2842425],[114.1860547,22.2842035],[114.1856191,22.2840523],[114.185534,22.2839896],[114.1855855,22.2839309],[114.1857513,22.2839761],[114.1860497,22.2838435],[114.1876744,22.2842368],[114.1886205,22.284572],[114.1898765,22.2849021],[114.1901483,22.2850189],[114.1906517,22.2853671],[114.190588,22.2855166],[114.1904479,22.2856894],[114.1897426,22.2862685],[114.1895801,22.2865276],[114.1892053,22.2868646],[114.1891848,22.2868294],[114.1889596,22.2869842]]]}},{"type":"Feature","properties":{"tpusb":"147002"},"geometry":{"type":"Polygon","coordinates":[[[114.1908421,22.2852186],[114.1907008,22.285445],[114.1906426,22.2854049],[114.1906517,22.2853671],[114.1901483,22.2850189],[114.1898765,22.2849021],[114.1886205,22.284572],[114.1876744,22.2842368],[114.1860497,22.2838435],[114.1862107,22.2833423],[114.1863186,22.2827109],[114.1867306,22.2814499],[114.1870029,22.2809073],[114.187262,22.2801122],[114.187467,22.2799466],[114.187647,22.2793316],[114.1912778,22.281834],[114.1911113,22.2844324],[114.1910131,22.2848427],[114.1908421,22.2852186]]]}},{"type":"Feature","properties":{"tpusb":"147003"},"geometry":{"type":"Polygon","coordinates":[[[114.1833969,22.2823129],[114.1840385,22.2825799],[114.1844928,22.2828779],[114.1847238,22.2830601],[114.1852885,22.2836798],[114.1855855,22.2839309],[114.185534,22.2839896],[114.1849093,22.2835247],[114.1848666,22.2832803],[114.1835256,22.2824325],[114.1831877,22.282306],[114.1830674,22.2823475],[114.1829909,22.2825557],[114.183192,22.2836182],[114.1829073,22.2836744],[114.1825189,22.2831424],[114.1819573,22.2826431],[114.1819751,22.2821447],[114.1820845,22.2820996],[114.1823283,22.2820511],[114.1825417,22.2820849],[114.1833969,22.2823129]]]}},{"type":"Feature","properties":{"tpusb":"147004"},"geometry":{"type":"Polygon","coordinates":[[[114.1823593,22.2855955],[114.1823036,22.2855715],[114.1822889,22.2855175],[114.182617,22.2848066],[114.182317,22.2847267],[114.1821043,22.284747],[114.1820094,22.2846527],[114.1819805,22.2845279],[114.1818652,22.2844749],[114.1818838,22.2844495],[114.181431,22.2845627],[114.1814232,22.2845357],[114.1817954,22.2844528],[114.1817755,22.2843869],[114.1818381,22.284342],[114.1818093,22.2842356],[114.1818388,22.28401],[114.1817755,22.283996],[114.1817808,22.2838498],[114.1818463,22.2838399],[114.1818761,22.2832064],[114.1819143,22.283225],[114.1819573,22.2826431],[114.1825189,22.2831424],[114.1829073,22.2836744],[114.183192,22.2836182],[114.1833632,22.2844705],[114.1833512,22.2845247],[114.183307,22.2845311],[114.1832961,22.2846672],[114.1830502,22.2846698],[114.1830319,22.2846117],[114.1829205,22.2846138],[114.1828618,22.2848331],[114.1833309,22.2849784],[114.1827413,22.2848354],[114.1824178,22.2855592],[114.1823593,22.2855955]]]}},{"type":"Feature","properties":{"tpusb":"147005"},"geometry":{"type":"Polygon","coordinates":[[[114.1883764,22.2875547],[114.1875582,22.2880661],[114.187488,22.288072],[114.187434,22.2880281],[114.1874574,22.2879278],[114.1889596,22.2869842],[114.188898,22.2870845],[114.1886258,22.2872597],[114.1887067,22.2873482],[114.1883764,22.2875547]]]}},{"type":"Feature","properties":{"tpusb":"151002"},"geometry":{"type":"Polygon","coordinates":[[[114.1897132,22.2878943],[114.1895993,22.2879832],[114.18908,22.2873329],[114.1889603,22.2869837],[114.1891848,22.2868294],[114.1892053,22.2868646],[114.1895801,22.2865276],[114.1897203,22.286292],[114.1909029,22.2871026],[114.1897834,22.2879726],[114.1897132,22.2878943]]]}},{"type":"Feature","properties":{"tpusb":"151003"},"geometry":{"type":"Polygon","coordinates":[[[114.191019,22.2886615],[114.1901054,22.2877224],[114.191345,22.2867594],[114.1914924,22.2867002],[114.1915646,22.2869761],[114.1922354,22.2877397],[114.1915156,22.28832],[114.1914888,22.2882902],[114.191019,22.2886615]]]}},{"type":"Feature","properties":{"tpusb":"151004"},"geometry":{"type":"Polygon","coordinates":[[[114.1924866,22.2887156],[114.1921264,22.2889989],[114.1915156,22.28832],[114.1918873,22.2880254],[114.1924866,22.2887156]]]}},{"type":"Feature","properties":{"tpusb":"151005"},"geometry":{"type":"Polygon","coordinates":[[[114.1928529,22.2884271],[114.1924866,22.2887156],[114.1918873,22.2880254],[114.1922354,22.2877397],[114.1928529,22.2884271]]]}},{"type":"Feature","properties":{"tpusb":"151006"},"geometry":{"type":"Polygon","coordinates":[[[114.1907476,22.2862893],[114.1903062,22.2866937],[114.1897203,22.286292],[114.1901942,22.2859031],[114.1907476,22.2862893]]]}},{"type":"Feature","properties":{"tpusb":"151007"},"geometry":{"type":"Polygon","coordinates":[[[114.1914924,22.2867002],[114.191345,22.2867594],[114.1909029,22.2871026],[114.1903062,22.2866937],[114.1907476,22.2862893],[114.191322,22.28669],[114.1914924,22.2867002]]]}},{"type":"Feature","properties":{"tpusb":"151008"},"geometry":{"type":"Polygon","coordinates":[[[114.1914924,22.2867002],[114.191322,22.28669],[114.1901942,22.2859031],[114.1904479,22.2856894],[114.1906426,22.2854049],[114.1913765,22.2859105],[114.1915633,22.2859393],[114.1914924,22.2867002]]]}},{"type":"Feature","properties":{"tpusb":"151009"},"geometry":{"type":"Polygon","coordinates":[[[114.1918721,22.2868535],[114.1918581,22.2871093],[114.1917468,22.2871957],[114.1915646,22.2869761],[114.1914948,22.2867905],[114.1915633,22.2859393],[114.1916184,22.2858671],[114.1919258,22.2858645],[114.1918721,22.2868535]]]}},{"type":"Feature","properties":{"tpusb":"151010"},"geometry":{"type":"Polygon","coordinates":[[[114.1924864,22.2868829],[114.1924804,22.2869873],[114.1919455,22.2874169],[114.1917468,22.2871957],[114.1918581,22.2871093],[114.1918721,22.2868535],[114.1924864,22.2868829]]]}},{"type":"Feature","properties":{"tpusb":"151011"},"geometry":{"type":"Polygon","coordinates":[[[114.1933344,22.2880551],[114.1928529,22.2884271],[114.1919455,22.2874169],[114.1924804,22.2869873],[114.1924864,22.2868829],[114.1929085,22.2869032],[114.1929225,22.2872633],[114.1930008,22.2875432],[114.1931694,22.2878582],[114.1933344,22.2880551]]]}},{"type":"Feature","properties":{"tpusb":"151012"},"geometry":{"type":"Polygon","coordinates":[[[114.1937014,22.2884722],[114.1932193,22.2888352],[114.1928529,22.2884271],[114.1933344,22.2880551],[114.1937014,22.2884722]]]}},{"type":"Feature","properties":{"tpusb":"151013"},"geometry":{"type":"Polygon","coordinates":[[[114.1940023,22.2888125],[114.1935499,22.289202],[114.1932193,22.2888352],[114.1937014,22.2884722],[114.1940023,22.2888125]]]}},{"type":"Feature","properties":{"tpusb":"151014"},"geometry":{"type":"Polygon","coordinates":[[[114.1946004,22.2894818],[114.1941407,22.2898313],[114.1935499,22.289202],[114.1940023,22.2888125],[114.1946004,22.2894818]]]}},{"type":"Feature","properties":{"tpusb":"151015"},"geometry":{"type":"Polygon","coordinates":[[[114.1954459,22.2901737],[114.1948352,22.2906253],[114.1941407,22.2898313],[114.1946004,22.2894818],[114.1950444,22.2899418],[114.1954459,22.2901737]]]}},{"type":"Feature","properties":{"tpusb":"151017"},"geometry":{"type":"Polygon","coordinates":[[[114.1929425,22.2864257],[114.1929085,22.2869032],[114.1918721,22.2868535],[114.1918986,22.2863644],[114.1929425,22.2864257]]]}},{"type":"Feature","properties":{"tpusb":"151018"},"geometry":{"type":"Polygon","coordinates":[[[114.192966,22.2858884],[114.1929425,22.2864257],[114.1918986,22.2863644],[114.1919258,22.2858645],[114.1919611,22.2858349],[114.192966,22.2858884]]]}},{"type":"Feature","properties":{"tpusb":"151019"},"geometry":{"type":"Polygon","coordinates":[[[114.1950314,22.2865825],[114.195525,22.2875639],[114.195582,22.2877727],[114.1955111,22.2879674],[114.1950721,22.28873],[114.1949212,22.289256],[114.1948326,22.2893627],[114.1946004,22.2894818],[114.1931694,22.2878582],[114.1929444,22.28737],[114.193173,22.2872847],[114.193096,22.287094],[114.193142,22.2870065],[114.1932355,22.2870025],[114.1933871,22.287099],[114.1937498,22.2871148],[114.1945551,22.2868105],[114.1950314,22.2865825]]]}},{"type":"Feature","properties":{"tpusb":"151021"},"geometry":{"type":"Polygon","coordinates":[[[114.1950314,22.2865825],[114.1945551,22.2868105],[114.1937498,22.2871148],[114.1933871,22.287099],[114.1932355,22.2870025],[114.193142,22.2870065],[114.193096,22.287094],[114.193173,22.2872847],[114.1929444,22.28737],[114.1929031,22.2869935],[114.192966,22.2858884],[114.192929,22.285346],[114.192517,22.2834011],[114.1923908,22.2830613],[114.193141,22.2831278],[114.1932975,22.2836662],[114.1934311,22.2851207],[114.1935385,22.2854272],[114.1939819,22.2860362],[114.1940941,22.2861202],[114.1942924,22.286127],[114.1946739,22.2859808],[114.1949031,22.2860095],[114.1950524,22.2860919],[114.195244,22.2863487],[114.1950573,22.2864831],[114.1950314,22.2865825]]]}},{"type":"Feature","properties":{"tpusb":"151022"},"geometry":{"type":"Polygon","coordinates":[[[114.1915633,22.2859393],[114.1913765,22.2859105],[114.1907008,22.285445],[114.1908421,22.2852186],[114.1916251,22.2852609],[114.1915633,22.2859393]]]}},{"type":"Feature","properties":{"tpusb":"151023"},"geometry":{"type":"Polygon","coordinates":[[[114.1919258,22.2858645],[114.1916184,22.2858671],[114.1915633,22.2859393],[114.1916251,22.2852609],[114.1919878,22.2852846],[114.1919835,22.2853744],[114.1919351,22.2853715],[114.1919277,22.2855536],[114.1919747,22.2855559],[114.191957,22.2858383],[114.1919258,22.2858645]]]}},{"type":"Feature","properties":{"tpusb":"151024"},"geometry":{"type":"Polygon","coordinates":[[[114.192929,22.285346],[114.192966,22.2858884],[114.191957,22.2858383],[114.1919747,22.2855559],[114.1919277,22.2855536],[114.1919351,22.2853715],[114.1919835,22.2853744],[114.1919878,22.2852846],[114.192929,22.285346]]]}},{"type":"Feature","properties":{"tpusb":"151025"},"geometry":{"type":"Polygon","coordinates":[[[114.1916567,22.2847477],[114.1916251,22.2852609],[114.1908421,22.2852186],[114.1910472,22.2847157],[114.1916567,22.2847477]]]}},{"type":"Feature","properties":{"tpusb":"151026"},"geometry":{"type":"Polygon","coordinates":[[[114.192814,22.2848187],[114.192929,22.285346],[114.1916251,22.2852609],[114.1916567,22.2847477],[114.192814,22.2848187]]]}},{"type":"Feature","properties":{"tpusb":"151027"},"geometry":{"type":"Polygon","coordinates":[[[114.1916917,22.2841817],[114.1916567,22.2847477],[114.1910472,22.2847157],[114.1911379,22.2841473],[114.1916917,22.2841817]]]}},{"type":"Feature","properties":{"tpusb":"151028"},"geometry":{"type":"Polygon","coordinates":[[[114.1926942,22.2842443],[114.192814,22.2848187],[114.1916567,22.2847477],[114.1916917,22.2841817],[114.1926942,22.2842443]]]}},{"type":"Feature","properties":{"tpusb":"151029"},"geometry":{"type":"Polygon","coordinates":[[[114.1917256,22.2836212],[114.1916917,22.2841817],[114.1911379,22.2841473],[114.1911962,22.282971],[114.1917349,22.2830325],[114.1917256,22.2836212]]]}},{"type":"Feature","properties":{"tpusb":"151030"},"geometry":{"type":"Polygon","coordinates":[[[114.1922981,22.2836562],[114.1922708,22.2842178],[114.1916917,22.2841817],[114.1917256,22.2836212],[114.1922981,22.2836562]]]}},{"type":"Feature","properties":{"tpusb":"151031"},"geometry":{"type":"Polygon","coordinates":[[[114.1923908,22.2830613],[114.192517,22.2834011],[114.1926942,22.2842443],[114.1922708,22.2842178],[114.1922981,22.2836562],[114.1923908,22.2830613]]]}},{"type":"Feature","properties":{"tpusb":"151032"},"geometry":{"type":"Polygon","coordinates":[[[114.1923908,22.2830613],[114.1922981,22.2836562],[114.1917256,22.2836212],[114.1917349,22.2830325],[114.1923908,22.2830613]]]}},{"type":"Feature","properties":{"tpusb":"151039"},"geometry":{"type":"Polygon","coordinates":[[[114.1936263,22.2892834],[114.1924364,22.2902042],[114.191667,22.2893604],[114.1928529,22.2884271],[114.1936263,22.2892834]]]}},{"type":"Feature","properties":{"tpusb":"151040"},"geometry":{"type":"Polygon","coordinates":[[[114.1930476,22.2908746],[114.1924728,22.2913098],[114.1923483,22.2913248],[114.1922324,22.2912798],[114.1907383,22.2899906],[114.1899526,22.2892308],[114.1883764,22.2875547],[114.1887067,22.2873482],[114.1886258,22.2872597],[114.188898,22.2870845],[114.1889603,22.2869837],[114.18908,22.2873329],[114.1895993,22.2879832],[114.1897132,22.2878943],[114.1897834,22.2879726],[114.1901054,22.2877224],[114.1910171,22.288663],[114.1909,22.2887544],[114.1915488,22.2894533],[114.191667,22.2893604],[114.1930476,22.2908746]]]}},{"type":"Feature","properties":{"tpusb":"151041"},"geometry":{"type":"Polygon","coordinates":[[[114.1951082,22.2914701],[114.1947768,22.2920972],[114.1937079,22.2916058],[114.1924364,22.2902042],[114.1936263,22.2892834],[114.1951027,22.2909447],[114.1953103,22.2910962],[114.1951082,22.2914701]]]}},{"type":"Feature","properties":{"tpusb":"151043"},"geometry":{"type":"Polygon","coordinates":[[[114.1916665,22.2893607],[114.1915488,22.2894533],[114.1909,22.2887544],[114.1914888,22.2882902],[114.1921264,22.2889989],[114.1916665,22.2893607]]]}},{"type":"Feature","properties":{"tpusb":"152001"},"geometry":{"type":"Polygon","coordinates":[[[114.1993592,22.2877522],[114.1992167,22.2877767],[114.1984793,22.288085],[114.1982531,22.2881336],[114.1968066,22.2880141],[114.1964566,22.2878888],[114.1960563,22.2875548],[114.1954412,22.2866422],[114.1958317,22.2864118],[114.1958893,22.2863193],[114.1958851,22.2862126],[114.1957243,22.2858779],[114.1955284,22.2856827],[114.1949098,22.2855066],[114.1947272,22.2853751],[114.1946398,22.2852352],[114.194601,22.2850089],[114.1946774,22.284752],[114.1949181,22.2845776],[114.1952232,22.2845493],[114.1956641,22.2846853],[114.1960426,22.2849347],[114.1962518,22.2851701],[114.196446,22.2855031],[114.1968662,22.2868043],[114.1969975,22.2870072],[114.1972193,22.2871884],[114.1974803,22.2872961],[114.1983427,22.2874591],[114.1986963,22.2873462],[114.1990856,22.2870402],[114.1993063,22.2869402],[114.1993592,22.2877522]]]}},{"type":"Feature","properties":{"tpusb":"152002"},"geometry":{"type":"Polygon","coordinates":[[[114.2028806,22.2882678],[114.2024028,22.2887318],[114.2021668,22.2887951],[114.2019285,22.2887059],[114.2016258,22.2883871],[114.2014559,22.2882849],[114.2000822,22.2881028],[114.1996928,22.2878574],[114.1995018,22.2877705],[114.1993592,22.2877522],[114.1993063,22.2869402],[114.1998618,22.2868087],[114.200011,22.2867251],[114.2002621,22.2864818],[114.2006442,22.2867685],[114.2010439,22.2869897],[114.2015018,22.287164],[114.202001,22.2872808],[114.2020235,22.2874823],[114.2021782,22.2877458],[114.2028199,22.2881752],[114.2028806,22.2882678]]]}},{"type":"Feature","properties":{"tpusb":"152004"},"geometry":{"type":"Polygon","coordinates":[[[114.1952232,22.2845493],[114.1950018,22.2845556],[114.194752,22.2846696],[114.1946174,22.2848751],[114.1946089,22.2851037],[114.1946774,22.2853085],[114.1947879,22.2854333],[114.1949637,22.2855269],[114.1954768,22.2856578],[114.1956212,22.2857476],[114.1957243,22.2858779],[114.1958851,22.2862126],[114.1958893,22.2863193],[114.1958317,22.2864118],[114.1954412,22.2866422],[114.1950942,22.2861297],[114.1949031,22.2860095],[114.1946169,22.2859892],[114.194236,22.2861394],[114.1940432,22.2860937],[114.1935385,22.2854272],[114.1934499,22.2852274],[114.1932975,22.2836662],[114.1928479,22.2820408],[114.1928305,22.2811483],[114.1928663,22.2809295],[114.1929391,22.2807816],[114.1934846,22.2799802],[114.1936179,22.2797149],[114.1936794,22.2796746],[114.1939163,22.2797689],[114.1939884,22.279862],[114.1940103,22.2799941],[114.1939521,22.2801166],[114.1934949,22.2806156],[114.1934403,22.2807967],[114.1934591,22.2809576],[114.1938813,22.2816794],[114.194648,22.2823719],[114.1947796,22.2825497],[114.1952232,22.2845493]]]}},{"type":"Feature","properties":{"tpusb":"152005"},"geometry":{"type":"Polygon","coordinates":[[[114.1993063,22.2869402],[114.1990856,22.2870402],[114.198595,22.2873998],[114.1982845,22.2874608],[114.1973432,22.2872504],[114.1969975,22.2870072],[114.1968221,22.2867075],[114.1964981,22.2856295],[114.1962518,22.2851701],[114.1960426,22.2849347],[114.1957909,22.2847514],[114.195558,22.2846408],[114.1952232,22.2845493],[114.1947796,22.2825497],[114.194648,22.2823719],[114.1938813,22.2816794],[114.1934913,22.2810332],[114.1934403,22.2807967],[114.1934949,22.2806156],[114.1940048,22.2800206],[114.1939884,22.279862],[114.1938895,22.2797483],[114.1946529,22.2797234],[114.1947857,22.2796256],[114.1950161,22.2796457],[114.1951051,22.2795699],[114.1953823,22.2795312],[114.195766,22.2793071],[114.1961525,22.2797415],[114.1973383,22.2797481],[114.1973264,22.2798473],[114.1974685,22.2800167],[114.1974929,22.2803193],[114.1975751,22.2803916],[114.1978592,22.2803688],[114.1981677,22.280218],[114.19811,22.2804659],[114.1978059,22.2806394],[114.1976639,22.2807686],[114.1976106,22.2808739],[114.1975885,22.2813635],[114.1975375,22.2815308],[114.197657,22.2815782],[114.1978724,22.281775],[114.197637,22.2820774],[114.197228,22.2815929],[114.1965218,22.2815945],[114.1961617,22.2820732],[114.1963437,22.2831376],[114.1964826,22.283246],[114.1966785,22.2831991],[114.197793,22.2821681],[114.1980488,22.2822021],[114.1984795,22.2821263],[114.198599,22.2821689],[114.1986973,22.2822688],[114.1987225,22.2823623],[114.1979375,22.2831019],[114.1978102,22.2832746],[114.1976368,22.2837357],[114.1975058,22.2839457],[114.1972598,22.2848578],[114.1971992,22.2853224],[114.1972999,22.2856305],[114.197534,22.2858421],[114.1978088,22.2859251],[114.1982551,22.2858872],[114.1984668,22.2857986],[114.1986984,22.2856213],[114.1989125,22.2853013],[114.1990695,22.2848068],[114.1991932,22.2846956],[114.1993897,22.2846408],[114.1996439,22.2854806],[114.1997992,22.2858401],[114.200037,22.2862126],[114.2002621,22.2864818],[114.200011,22.2867251],[114.1998618,22.2868087],[114.1993063,22.2869402]]]}},{"type":"Feature","properties":{"tpusb":"152007"},"geometry":{"type":"Polygon","coordinates":[[[114.1993897,22.2846408],[114.1991932,22.2846956],[114.1991022,22.2847616],[114.1989125,22.2853013],[114.1988058,22.2854937],[114.1985929,22.2857144],[114.198337,22.2858601],[114.1980841,22.2859211],[114.1977227,22.285911],[114.1974607,22.2857976],[114.1972599,22.2855583],[114.1971992,22.2852416],[114.197321,22.2845931],[114.1975058,22.2839457],[114.1976368,22.2837357],[114.1978102,22.2832746],[114.1979375,22.2831019],[114.1987225,22.2823623],[114.1993897,22.2846408]]]}},{"type":"Feature","properties":{"tpusb":"152008"},"geometry":{"type":"Polygon","coordinates":[[[114.2046917,22.2868972],[114.2044766,22.2869732],[114.2038271,22.2873668],[114.2034912,22.2874527],[114.2031431,22.2874719],[114.2015018,22.287164],[114.2010439,22.2869897],[114.2006442,22.2867685],[114.2001662,22.2863819],[114.1999262,22.2860503],[114.1997046,22.285633],[114.1986973,22.2822688],[114.1985016,22.2821295],[114.1979628,22.2822021],[114.1977812,22.2821637],[114.197637,22.2820774],[114.1978724,22.281775],[114.1980595,22.2818465],[114.1981662,22.2818074],[114.1982579,22.2814988],[114.1982301,22.2813296],[114.1984863,22.2811491],[114.1986802,22.2811942],[114.198765,22.2809799],[114.1988897,22.2808026],[114.1990316,22.2808364],[114.1991684,22.2807172],[114.1992411,22.2807768],[114.1992256,22.2811393],[114.1993901,22.2812231],[114.199449,22.2814092],[114.1996134,22.2814978],[114.1996083,22.2818627],[114.1996914,22.2819997],[114.1996672,22.2822027],[114.1997209,22.2823219],[114.2000499,22.2824161],[114.2003944,22.2823919],[114.2003823,22.2825015],[114.2002283,22.282802],[114.200192,22.2831613],[114.2002613,22.2833651],[114.2006196,22.2834247],[114.2006382,22.2835241],[114.2007894,22.2837429],[114.2008898,22.2837396],[114.201049,22.2836494],[114.2011824,22.283825],[114.2014005,22.2837702],[114.2014456,22.2838814],[114.2015217,22.2839426],[114.2021485,22.2841253],[114.2022766,22.2842413],[114.2023961,22.2842566],[114.2024567,22.2842292],[114.2025519,22.2840133],[114.2026332,22.2839456],[114.202628,22.2838715],[114.2025674,22.2838038],[114.2026193,22.2835726],[114.2026106,22.2834228],[114.2026782,22.2833921],[114.2029569,22.2834259],[114.2030809,22.2830234],[114.2032809,22.2830233],[114.2033856,22.2831881],[114.2036377,22.2833228],[114.2036493,22.2834226],[114.2035072,22.2835898],[114.2036235,22.2838322],[114.2036055,22.2840595],[114.2037749,22.2842982],[114.2039765,22.2843824],[114.2041031,22.284241],[114.2042802,22.2841845],[114.2043965,22.2842347],[114.2045664,22.2844178],[114.2046622,22.2846752],[114.2046205,22.2850133],[114.2046229,22.2855903],[114.2047498,22.2856058],[114.2049833,22.2855588],[114.2051841,22.2855954],[114.2052959,22.2854847],[114.2055273,22.2853666],[114.2057463,22.2854503],[114.2059121,22.2854067],[114.2053311,22.2865056],[114.2046917,22.2868972]]]}},{"type":"Feature","properties":{"tpusb":"153003"},"geometry":{"type":"Polygon","coordinates":[[[114.1998353,22.2932672],[114.1986205,22.2930168],[114.1985406,22.2933451],[114.1985275,22.2936462],[114.1987137,22.2936398],[114.1987164,22.2936859],[114.1983003,22.2936996],[114.1982987,22.2936538],[114.1984852,22.2936477],[114.1985013,22.2933217],[114.1983817,22.2931774],[114.198307,22.2931618],[114.198511,22.2922901],[114.1999783,22.2925947],[114.1998353,22.2932672]]]}},{"type":"Feature","properties":{"tpusb":"153004"},"geometry":{"type":"Polygon","coordinates":[[[114.201212,22.2935503],[114.2010845,22.2937232],[114.200993,22.2941176],[114.2010015,22.2942515],[114.2009463,22.2943163],[114.2008142,22.2948379],[114.2006164,22.2947849],[114.2007359,22.2942769],[114.2007171,22.2941922],[114.2007382,22.2941036],[114.2007831,22.2940748],[114.2008765,22.2936679],[114.2008442,22.2935025],[114.2000604,22.2933138],[114.1999759,22.2936856],[114.2000317,22.2937995],[114.1999597,22.2939458],[114.1998342,22.2944693],[114.1997883,22.294492],[114.1996026,22.294437],[114.1997229,22.293905],[114.1997162,22.2937521],[114.1998166,22.2936576],[114.199903,22.2932812],[114.1998353,22.2932672],[114.2000502,22.2922897],[114.2014036,22.2925661],[114.2011779,22.2934968],[114.2012228,22.2935058],[114.201212,22.2935503]]]}},{"type":"Feature","properties":{"tpusb":"153005"},"geometry":{"type":"Polygon","coordinates":[[[114.2028275,22.2928565],[114.2025971,22.2938351],[114.201212,22.2935503],[114.2012228,22.2935058],[114.2011779,22.2934968],[114.2014036,22.2925661],[114.2028275,22.2928565]]]}},{"type":"Feature","properties":{"tpusb":"153007"},"geometry":{"type":"Polygon","coordinates":[[[114.1964639,22.2915939],[114.1963674,22.2920232],[114.1951082,22.2914701],[114.1953103,22.2910962],[114.1964639,22.2915939]]]}},{"type":"Feature","properties":{"tpusb":"153008"},"geometry":{"type":"Polygon","coordinates":[[[114.198511,22.2922901],[114.1984691,22.2924693],[114.1963674,22.2920232],[114.1964639,22.2915939],[114.1985739,22.2920214],[114.198511,22.2922901]]]}},{"type":"Feature","properties":{"tpusb":"153009"},"geometry":{"type":"Polygon","coordinates":[[[114.1965788,22.2910235],[114.1987056,22.2914588],[114.1985739,22.2920214],[114.1964639,22.2915939],[114.1965788,22.2910235]]]}},{"type":"Feature","properties":{"tpusb":"153010"},"geometry":{"type":"Polygon","coordinates":[[[114.2000502,22.2922897],[114.1999783,22.2925947],[114.198511,22.2922901],[114.1985739,22.2920214],[114.1987151,22.292034],[114.1988299,22.2915523],[114.2000847,22.2918133],[114.2001683,22.2917896],[114.2000502,22.2922897]]]}},{"type":"Feature","properties":{"tpusb":"153012"},"geometry":{"type":"Polygon","coordinates":[[[114.2014924,22.292049],[114.2013645,22.2925581],[114.2000502,22.2922897],[114.2001683,22.2917896],[114.2014924,22.292049]]]}},{"type":"Feature","properties":{"tpusb":"153013"},"geometry":{"type":"Polygon","coordinates":[[[114.2029326,22.2924085],[114.2028275,22.2928565],[114.2013645,22.2925581],[114.2014924,22.292049],[114.2029499,22.2923349],[114.2029326,22.2924085]]]}},{"type":"Feature","properties":{"tpusb":"153015"},"geometry":{"type":"Polygon","coordinates":[[[114.1965788,22.2910235],[114.1964639,22.2915939],[114.1953103,22.2910962],[114.1957551,22.2902447],[114.1966941,22.290436],[114.1965788,22.2910235]]]}},{"type":"Feature","properties":{"tpusb":"153016"},"geometry":{"type":"Polygon","coordinates":[[[114.1988299,22.2915523],[114.1987151,22.292034],[114.1985739,22.2920214],[114.1987056,22.2914588],[114.1965788,22.2910235],[114.1966941,22.290436],[114.1989825,22.2909121],[114.1988299,22.2915523]]]}},{"type":"Feature","properties":{"tpusb":"153017"},"geometry":{"type":"Polygon","coordinates":[[[114.2001683,22.2917896],[114.2000847,22.2918133],[114.1988299,22.2915523],[114.1989825,22.2909121],[114.2003108,22.2911845],[114.2001683,22.2917896]]]}},{"type":"Feature","properties":{"tpusb":"153018"},"geometry":{"type":"Polygon","coordinates":[[[114.2016415,22.2914575],[114.2014924,22.292049],[114.2001683,22.2917896],[114.2003108,22.2911845],[114.2016415,22.2914575]]]}},{"type":"Feature","properties":{"tpusb":"153019"},"geometry":{"type":"Polygon","coordinates":[[[114.2030862,22.2917541],[114.2029499,22.2923349],[114.2014924,22.292049],[114.2016415,22.2914575],[114.2030862,22.2917541]]]}},{"type":"Feature","properties":{"tpusb":"153021"},"geometry":{"type":"Polygon","coordinates":[[[114.1968293,22.2897457],[114.1966941,22.290436],[114.1957284,22.2902387],[114.1958922,22.28955],[114.1968293,22.2897457]]]}},{"type":"Feature","properties":{"tpusb":"153022"},"geometry":{"type":"Polygon","coordinates":[[[114.1986687,22.2901306],[114.1985093,22.2908103],[114.1966941,22.290436],[114.1968293,22.2897457],[114.1986687,22.2901306]]]}},{"type":"Feature","properties":{"tpusb":"153027"},"geometry":{"type":"Polygon","coordinates":[[[114.2017882,22.2908744],[114.2016415,22.2914575],[114.2003108,22.2911845],[114.200449,22.2905986],[114.2017882,22.2908744]]]}},{"type":"Feature","properties":{"tpusb":"153028"},"geometry":{"type":"Polygon","coordinates":[[[114.201873,22.2905668],[114.2017882,22.2908744],[114.200449,22.2905986],[114.200514,22.2903068],[114.201873,22.2905668]]]}},{"type":"Feature","properties":{"tpusb":"153029"},"geometry":{"type":"Polygon","coordinates":[[[114.2032284,22.2911486],[114.2030862,22.2917541],[114.2016415,22.2914575],[114.201873,22.2905668],[114.2032965,22.2908584],[114.2032284,22.2911486]]]}},{"type":"Feature","properties":{"tpusb":"153033"},"geometry":{"type":"Polygon","coordinates":[[[114.1969487,22.289253],[114.1968293,22.2897457],[114.1958922,22.28955],[114.1960098,22.2890572],[114.1969487,22.289253]]]}},{"type":"Feature","properties":{"tpusb":"153034"},"geometry":{"type":"Polygon","coordinates":[[[114.1988082,22.2896403],[114.1986859,22.2901342],[114.1968293,22.2897457],[114.1969487,22.289253],[114.1988082,22.2896403]]]}},{"type":"Feature","properties":{"tpusb":"153037"},"geometry":{"type":"Polygon","coordinates":[[[114.200109,22.2898197],[114.1999777,22.2903236],[114.1991039,22.2901348],[114.1992221,22.289636],[114.200109,22.2898197]]]}},{"type":"Feature","properties":{"tpusb":"153038"},"geometry":{"type":"Polygon","coordinates":[[[114.200449,22.2905986],[114.2003108,22.2911845],[114.1997946,22.291079],[114.2001439,22.2896745],[114.2005749,22.2897764],[114.2004465,22.2902984],[114.2005136,22.2903134],[114.200449,22.2905986]]]}},{"type":"Feature","properties":{"tpusb":"153039"},"geometry":{"type":"Polygon","coordinates":[[[114.2006653,22.2893817],[114.2005749,22.2897764],[114.2001439,22.2896745],[114.2002831,22.2890702],[114.2007216,22.2891678],[114.2006653,22.2893817]]]}},{"type":"Feature","properties":{"tpusb":"153040"},"geometry":{"type":"Polygon","coordinates":[[[114.2014054,22.290476],[114.2004465,22.2902984],[114.2006653,22.2893817],[114.201589,22.2895707],[114.2014054,22.290476]]]}},{"type":"Feature","properties":{"tpusb":"153041"},"geometry":{"type":"Polygon","coordinates":[[[114.2033006,22.2908468],[114.2014054,22.290476],[114.2016815,22.2891999],[114.2021311,22.2892931],[114.2020663,22.289564],[114.2023043,22.2895774],[114.2023294,22.2896439],[114.2025372,22.2896519],[114.202543,22.2895972],[114.2031869,22.2895981],[114.2032551,22.2896955],[114.2032199,22.2899158],[114.2033662,22.290391],[114.2033705,22.2905711],[114.2033006,22.2908468]]]}},{"type":"Feature","properties":{"tpusb":"153043"},"geometry":{"type":"Polygon","coordinates":[[[114.1969944,22.2890636],[114.1969487,22.289253],[114.1960098,22.2890572],[114.1960633,22.2888424],[114.1961423,22.2887374],[114.1962532,22.2886515],[114.1964639,22.2885766],[114.1965594,22.2884709],[114.1968453,22.2885556],[114.1967881,22.2887967],[114.1970462,22.2888488],[114.1969944,22.2890636]]]}},{"type":"Feature","properties":{"tpusb":"153044"},"geometry":{"type":"Polygon","coordinates":[[[114.1976143,22.2891815],[114.1975688,22.2893821],[114.1969487,22.289253],[114.1969944,22.2890636],[114.1976143,22.2891815]]]}},{"type":"Feature","properties":{"tpusb":"153045"},"geometry":{"type":"Polygon","coordinates":[[[114.1976629,22.2889732],[114.1976143,22.2891815],[114.1969944,22.2890636],[114.1970462,22.2888488],[114.1976629,22.2889732]]]}},{"type":"Feature","properties":{"tpusb":"153046"},"geometry":{"type":"Polygon","coordinates":[[[114.1981307,22.2890675],[114.1980325,22.2894787],[114.1975688,22.2893821],[114.1976629,22.2889732],[114.1981307,22.2890675]]]}},{"type":"Feature","properties":{"tpusb":"153047"},"geometry":{"type":"Polygon","coordinates":[[[114.1989434,22.2891054],[114.1988082,22.2896403],[114.1980325,22.2894787],[114.1981889,22.2888589],[114.1988391,22.2889818],[114.1988712,22.2890981],[114.1989434,22.2891054]]]}},{"type":"Feature","properties":{"tpusb":"153048"},"geometry":{"type":"Polygon","coordinates":[[[114.1968453,22.2885556],[114.1977225,22.2887505],[114.1976651,22.2889736],[114.1967881,22.2887967],[114.1968453,22.2885556]]]}},{"type":"Feature","properties":{"tpusb":"153049"},"geometry":{"type":"Polygon","coordinates":[[[114.2001439,22.2896745],[114.200109,22.2898197],[114.1992221,22.289636],[114.1994485,22.2888107],[114.2003001,22.2889889],[114.2001439,22.2896745]]]}},{"type":"Feature","properties":{"tpusb":"153050"},"geometry":{"type":"Polygon","coordinates":[[[114.2032031,22.2896193],[114.202543,22.2895972],[114.2025372,22.2896519],[114.2023294,22.2896439],[114.2023043,22.2895774],[114.2020663,22.289564],[114.2021311,22.2892931],[114.2016815,22.2891999],[114.201589,22.2895707],[114.2006653,22.2893817],[114.2007216,22.2891678],[114.2002831,22.2890702],[114.2003001,22.2889889],[114.1994485,22.2888107],[114.1994171,22.2888972],[114.1990113,22.2888091],[114.1989434,22.2891054],[114.1988712,22.2890981],[114.1988391,22.2889818],[114.1981889,22.2888589],[114.1981323,22.2890678],[114.1976651,22.2889736],[114.1977225,22.2887505],[114.1966337,22.2885037],[114.1966838,22.2884841],[114.1968192,22.2882335],[114.1970189,22.2880338],[114.1982531,22.2881336],[114.1984793,22.288085],[114.1992167,22.2877767],[114.1993877,22.2877507],[114.1996928,22.2878574],[114.2001368,22.2881209],[114.2014559,22.2882849],[114.2016258,22.2883871],[114.2019285,22.2887059],[114.2021668,22.2887951],[114.2024028,22.2887318],[114.2028806,22.2882678],[114.2031183,22.2881775],[114.2048813,22.2880744],[114.2050688,22.288106],[114.2057172,22.2883458],[114.2060734,22.2883722],[114.2061101,22.2892528],[114.2052684,22.2889562],[114.2052021,22.2890803],[114.2043093,22.2888834],[114.2038823,22.2891394],[114.2037389,22.2890493],[114.203604,22.2890289],[114.2035241,22.2890578],[114.203263,22.2893978],[114.2032031,22.2896193]]]}},{"type":"Feature","properties":{"tpusb":"153051"},"geometry":{"type":"Polygon","coordinates":[[[114.1957551,22.2902447],[114.1953103,22.2910962],[114.1951027,22.2909447],[114.1948352,22.2906253],[114.1954459,22.2901737],[114.1957551,22.2902447]]]}},{"type":"Feature","properties":{"tpusb":"153052"},"geometry":{"type":"Polygon","coordinates":[[[114.1958922,22.28955],[114.1957284,22.2902387],[114.1954459,22.2901737],[114.1951184,22.2899999],[114.1946004,22.2894818],[114.1948326,22.2893627],[114.1949212,22.289256],[114.1950721,22.28873],[114.1955675,22.2878528],[114.1955572,22.2876344],[114.1950312,22.2865863],[114.1950573,22.2864831],[114.195244,22.2863487],[114.1961527,22.2876558],[114.1965312,22.2879317],[114.1967319,22.2880019],[114.1970189,22.2880338],[114.1968192,22.2882335],[114.1966838,22.2884841],[114.1966239,22.2885076],[114.1965594,22.2884709],[114.1964687,22.2885734],[114.1962397,22.2886586],[114.1960888,22.2887979],[114.1958922,22.28955]]]}},{"type":"Feature","properties":{"tpusb":"153053"},"geometry":{"type":"Polygon","coordinates":[[[114.1993277,22.2891896],[114.1991287,22.2891482],[114.1987132,22.2908523],[114.1985093,22.2908103],[114.1990113,22.2888091],[114.1994171,22.2888972],[114.1993538,22.289195],[114.1993277,22.2891896]]]}},{"type":"Feature","properties":{"tpusb":"153054"},"geometry":{"type":"Polygon","coordinates":[[[114.1991039,22.2901348],[114.198923,22.2908989],[114.1987132,22.2908523],[114.1991287,22.2891482],[114.1993277,22.2891896],[114.1991039,22.2901348]]]}},{"type":"Feature","properties":{"tpusb":"153055"},"geometry":{"type":"Polygon","coordinates":[[[114.1999777,22.2903236],[114.1997946,22.291079],[114.198923,22.2908989],[114.1991039,22.2901348],[114.1999777,22.2903236]]]}},{"type":"Feature","properties":{"tpusb":"153056"},"geometry":{"type":"Polygon","coordinates":[[[114.1984691,22.2924693],[114.198307,22.2931618],[114.1960833,22.2926979],[114.1947768,22.2920972],[114.1951082,22.2914701],[114.1961606,22.2919504],[114.1964875,22.2920616],[114.1984691,22.2924693]]]}},{"type":"Feature","properties":{"tpusb":"158001"},"geometry":{"type":"Polygon","coordinates":[[[114.2095084,22.2836023],[114.2091203,22.283579],[114.2086943,22.2836241],[114.2084867,22.2836816],[114.2080314,22.2838966],[114.2076534,22.2839473],[114.2076491,22.2839994],[114.2078524,22.2841546],[114.2081613,22.2841744],[114.2082243,22.2842441],[114.2081531,22.2843613],[114.2077294,22.2845308],[114.2077559,22.2846747],[114.2078406,22.2847765],[114.207922,22.2850141],[114.2077576,22.2850073],[114.2076088,22.2850563],[114.2075192,22.2852904],[114.2075039,22.2856058],[114.2074488,22.2856735],[114.2071846,22.2858067],[114.206539,22.2859446],[114.2065135,22.2856924],[114.2064559,22.2855391],[114.2063385,22.2853984],[114.2062114,22.2853342],[114.2057463,22.2854503],[114.2055767,22.2853599],[114.2054569,22.2853823],[114.2051841,22.2855954],[114.2049833,22.2855588],[114.2047498,22.2856058],[114.2046229,22.2855903],[114.2046205,22.2850133],[114.2046622,22.2846752],[114.2045664,22.2844178],[114.2043965,22.2842347],[114.2042802,22.2841845],[114.2041031,22.284241],[114.2039765,22.2843824],[114.2037749,22.2842982],[114.2036055,22.2840595],[114.2036235,22.2838322],[114.2035072,22.2835898],[114.2036493,22.2834226],[114.2036377,22.2833228],[114.2033856,22.2831881],[114.2032499,22.2830089],[114.2030809,22.2830234],[114.2029569,22.2834259],[114.2026782,22.2833921],[114.2026106,22.2834228],[114.2026193,22.2835726],[114.2025674,22.2838038],[114.202628,22.2838715],[114.2026332,22.2839456],[114.2025519,22.2840133],[114.2024567,22.2842292],[114.2023961,22.2842566],[114.2022766,22.2842413],[114.2021485,22.2841253],[114.2015217,22.2839426],[114.2014456,22.2838814],[114.2014005,22.2837702],[114.2011824,22.283825],[114.201049,22.2836494],[114.2008898,22.2837396],[114.2007894,22.2837429],[114.2007357,22.2836994],[114.2005989,22.2834086],[114.2004309,22.2834167],[114.2002613,22.2833651],[114.200192,22.2831613],[114.2002162,22.2828809],[114.2002715,22.2826747],[114.2003823,22.2825015],[114.2003944,22.2823919],[114.2000499,22.2824161],[114.1997209,22.2823219],[114.1996672,22.2822027],[114.1996914,22.2819997],[114.1996083,22.2818627],[114.1996134,22.2814978],[114.199449,22.2814092],[114.1993901,22.2812231],[114.1992256,22.2811393],[114.1992411,22.2807768],[114.1991995,22.2807236],[114.1991268,22.2807349],[114.1990316,22.2808364],[114.1988897,22.2808026],[114.198765,22.2809799],[114.1986802,22.2811942],[114.1984863,22.2811491],[114.1982301,22.2813296],[114.1982579,22.2814988],[114.1982159,22.2817248],[114.1981181,22.2818361],[114.1979313,22.2818131],[114.197657,22.2815782],[114.1975375,22.2815308],[114.1975885,22.2813635],[114.1976106,22.2808739],[114.1976639,22.2807686],[114.1978059,22.2806394],[114.19811,22.2804659],[114.1981743,22.2802469],[114.1981277,22.2802221],[114.1977526,22.2803998],[114.1975751,22.2803916],[114.1974929,22.2803193],[114.1974685,22.2800167],[114.1973264,22.2798473],[114.197333,22.2797543],[114.1973952,22.2796924],[114.1976748,22.2795312],[114.1977969,22.2794155],[114.1980011,22.2793463],[114.1979478,22.2791748],[114.198112,22.2789311],[114.1980054,22.2787431],[114.1977679,22.2785583],[114.1977346,22.2784446],[114.1977678,22.2782629],[114.1980208,22.2781182],[114.1982294,22.2778817],[114.1982827,22.2775863],[114.1982027,22.2774396],[114.1981783,22.2771287],[114.1984291,22.2769552],[114.198742,22.2765906],[114.1991503,22.2765492],[114.1991969,22.2763839],[114.19943,22.2762847],[114.1994987,22.2762031],[114.1995098,22.2760565],[114.1996141,22.2758788],[114.1999403,22.2757527],[114.1999825,22.2756123],[114.1999669,22.2754615],[114.1999048,22.2754233],[114.1996496,22.2754481],[114.1994631,22.2751011],[114.1994741,22.275004],[114.1995696,22.2748738],[114.1998425,22.2747829],[114.1997848,22.2745753],[114.1998203,22.2744927],[114.199929,22.2744142],[114.2001266,22.2743894],[114.2002531,22.2744472],[114.2003995,22.2743542],[114.2004972,22.2743914],[114.2005638,22.27435],[114.2005534,22.2742855],[114.2007828,22.2744168],[114.2022781,22.2772398],[114.2025116,22.2773344],[114.2032877,22.2768967],[114.2073704,22.2704945],[114.2031422,22.2675397],[114.1983044,22.2663329],[114.1973773,22.2585177],[114.1976165,22.2583786],[114.1977443,22.2582492],[114.19777,22.2581433],[114.1977114,22.2579536],[114.1978919,22.2580852],[114.1980868,22.2581543],[114.1987846,22.258183],[114.1989938,22.2583122],[114.1992406,22.2586559],[114.1995236,22.2587569],[114.1997102,22.2589585],[114.2001142,22.2590417],[114.2005283,22.2592604],[114.2006895,22.2592706],[114.2008577,22.2592179],[114.2012423,22.2589924],[114.2015067,22.2589022],[114.2018685,22.2588469],[114.2020012,22.258901],[114.2022851,22.2591187],[114.2041231,22.259251],[114.2044521,22.2593358],[114.2047586,22.2592755],[114.2050749,22.2592923],[114.2051533,22.2591935],[114.2052715,22.2588952],[114.2053259,22.2586238],[114.2054323,22.2584192],[114.2058683,22.2577869],[114.2062829,22.2575473],[114.2065208,22.2575504],[114.2068635,22.2576298],[114.2070335,22.257521],[114.20738,22.2574446],[114.2076503,22.2572824],[114.2084504,22.257402],[114.208772,22.2576315],[114.2088315,22.2574174],[114.2088838,22.2573564],[114.2092157,22.2572465],[114.209351,22.2569577],[114.2094252,22.2569129],[114.2095213,22.2568966],[114.2098226,22.2569535],[114.2099493,22.2570308],[114.2100934,22.2570023],[114.2102025,22.2566931],[114.2103756,22.2567423],[114.210549,22.256346],[114.2111395,22.2560122],[114.2112742,22.2559079],[114.2113574,22.2557847],[114.2113182,22.255543],[114.2112406,22.2553865],[114.2109652,22.2550413],[114.2109,22.2548723],[114.2110334,22.2548209],[114.2112266,22.2546365],[114.2112818,22.2546708],[114.2113371,22.2548079],[114.2114798,22.2554336],[114.2116269,22.2555657],[114.2119406,22.2556386],[114.2123179,22.2556066],[114.2127247,22.255862],[114.2123228,22.2561509],[114.2119435,22.256266],[114.2117251,22.2561724],[114.2115781,22.2562089],[114.2111861,22.2564325],[114.2107745,22.2565375],[114.210652,22.256606],[114.2103789,22.2573366],[114.2104023,22.2576962],[114.2104857,22.2578787],[114.2106082,22.2580018],[114.2107454,22.2580337],[114.210912,22.2579835],[114.2112697,22.2576778],[114.2120883,22.2583938],[114.2120736,22.2584349],[114.2117649,22.25859],[114.2114087,22.2588674],[114.2113969,22.2591097],[114.2118693,22.2596349],[114.2118677,22.2597977],[114.2117102,22.2600571],[114.211715,22.2601764],[114.2119346,22.2602857],[114.2120629,22.2604005],[114.2122065,22.2604193],[114.2126291,22.2602774],[114.212951,22.260237],[114.2131553,22.2600603],[114.2134741,22.2600003],[114.2137316,22.2598526],[114.2139171,22.2597981],[114.2140721,22.2597737],[114.214602,22.2598583],[114.2147081,22.259781],[114.2148102,22.2595969],[114.215043,22.2594508],[114.2152695,22.259003],[114.2162544,22.2582494],[114.2164403,22.2581811],[114.2166295,22.2578951],[114.2169251,22.257753],[114.2171358,22.2574516],[114.2172509,22.2574398],[114.2174999,22.2577081],[114.2177005,22.257607],[114.2177799,22.257631],[114.217805,22.2577303],[114.2181281,22.258074],[114.2182154,22.2581212],[114.2184571,22.2579662],[114.2187071,22.2577093],[114.2188493,22.2576582],[114.219208,22.2576222],[114.2197396,22.2574649],[114.2202679,22.2572559],[114.2205617,22.2570931],[114.2210939,22.2569175],[114.2213788,22.2567224],[114.2215374,22.2566992],[114.2217549,22.2566846],[114.2219432,22.2567701],[114.2220675,22.2567781],[114.2226806,22.2567308],[114.2247328,22.2569501],[114.2281504,22.2572112],[114.2281644,22.2573183],[114.228042,22.257474],[114.2278081,22.2575926],[114.2272205,22.2577201],[114.226739,22.2577777],[114.2259552,22.2578025],[114.2257784,22.2578396],[114.2256201,22.2579652],[114.2255602,22.2581466],[114.2255569,22.2600633],[114.2254103,22.2613551],[114.2254415,22.2616223],[114.2256006,22.2620802],[114.2255897,22.2621891],[114.2252138,22.2627758],[114.2251931,22.2628908],[114.2252433,22.2630832],[114.2244872,22.2634791],[114.2244181,22.2636651],[114.2239231,22.2641519],[114.2238038,22.2643205],[114.2241016,22.2641949],[114.2241868,22.2642003],[114.2243164,22.2643469],[114.2244363,22.2647811],[114.2246847,22.2647235],[114.2249236,22.2648212],[114.2251364,22.2647677],[114.2253864,22.2647886],[114.22557,22.2647365],[114.2258954,22.26492],[114.2263199,22.2649092],[114.2265902,22.2648418],[114.2269449,22.2646536],[114.2272569,22.2645944],[114.2275379,22.2647725],[114.2292344,22.266381],[114.229298,22.2664808],[114.2294397,22.2668509],[114.2295349,22.2682394],[114.2272499,22.2706537],[114.2263709,22.2712815],[114.2263406,22.2713553],[114.2263779,22.2714637],[114.2265522,22.2716358],[114.2266189,22.2717562],[114.2266074,22.2719682],[114.2264857,22.2721208],[114.2259055,22.2723678],[114.2259047,22.2728692],[114.2258391,22.2730012],[114.2256957,22.2731217],[114.2252097,22.2727678],[114.2248635,22.2727125],[114.2246505,22.2727575],[114.2238921,22.2731831],[114.2230634,22.2735154],[114.2226756,22.2739348],[114.2225343,22.2740062],[114.2223859,22.2740486],[114.2211496,22.2738955],[114.2208255,22.2739982],[114.220657,22.2741235],[114.2206036,22.2742533],[114.2206523,22.2745264],[114.2205487,22.274945],[114.2205666,22.2751991],[114.2206833,22.2753832],[114.2207028,22.2755642],[114.2206445,22.2756533],[114.2204519,22.2757608],[114.2201792,22.2757598],[114.2202322,22.2760129],[114.2201988,22.2761284],[114.2201045,22.2762375],[114.2198015,22.2763848],[114.2198956,22.2765829],[114.2198367,22.2767912],[114.2197001,22.276903],[114.2195224,22.2769179],[114.2193356,22.2770233],[114.2191912,22.2769939],[114.218782,22.2770248],[114.2187112,22.2769851],[114.2186403,22.2768071],[114.2185867,22.2767892],[114.2183323,22.2768674],[114.2178722,22.276879],[114.2178109,22.2768283],[114.2177268,22.276683],[114.2178609,22.2763791],[114.2178314,22.2762166],[114.217217,22.2754968],[114.2170477,22.27525],[114.2168346,22.2748173],[114.2165117,22.2746375],[114.2165241,22.2745458],[114.216665,22.2744786],[114.2171575,22.2744035],[114.2175824,22.2744184],[114.2179273,22.2740733],[114.2179181,22.2739939],[114.2178476,22.2739488],[114.2175399,22.2739266],[114.2174508,22.2738869],[114.2173789,22.2737265],[114.2173197,22.2736913],[114.2171406,22.2737945],[114.2170364,22.2739429],[114.216842,22.2740105],[114.2166664,22.2739469],[114.2165492,22.2737367],[114.2166004,22.2734627],[114.2167996,22.2733149],[114.2168653,22.2731953],[114.2168526,22.272947],[114.2168658,22.2728772],[114.2169892,22.2727359],[114.2169574,22.2725241],[114.2170457,22.2723058],[114.2170327,22.2721818],[114.2171493,22.2720732],[114.2171465,22.2719319],[114.2170798,22.2718217],[114.217244,22.2715595],[114.2172215,22.271466],[114.2167455,22.2710442],[114.2162689,22.2711087],[114.2162072,22.2711804],[114.2161838,22.2712913],[114.2159449,22.2713749],[114.2159359,22.2716033],[114.2157349,22.2717095],[114.2155805,22.2718634],[114.2150389,22.2719918],[114.2149391,22.271883],[114.2150127,22.2716387],[114.2148606,22.2712888],[114.2148651,22.2711511],[114.2148066,22.2710673],[114.2146475,22.271017],[114.2145158,22.2707973],[114.2144566,22.2706349],[114.2145131,22.2704929],[114.2144733,22.2703067],[114.2141947,22.2698181],[114.2139693,22.2698079],[114.2137754,22.2696145],[114.2136538,22.2698913],[114.213382,22.2701417],[114.2131526,22.2701297],[114.212982,22.2699833],[114.2129313,22.2699807],[114.2129069,22.2702068],[114.2128313,22.2703822],[114.2127608,22.2704439],[114.2128275,22.2708495],[114.2127938,22.2709509],[114.2126978,22.2709755],[114.2125481,22.2709235],[114.2123933,22.270928],[114.2120551,22.2707875],[114.2120004,22.270855],[114.2120963,22.2711219],[114.2121069,22.2712909],[114.2122694,22.2714148],[114.212302,22.2714966],[114.2122754,22.2715814],[114.212125,22.2716995],[114.2121181,22.2717436],[114.2125339,22.2718959],[114.2126431,22.2719871],[114.2126964,22.2721226],[114.2124831,22.2725537],[114.2123414,22.2730757],[114.2121716,22.2732214],[114.2120465,22.2732397],[114.2119588,22.2731943],[114.2118643,22.2730201],[114.2116037,22.272985],[114.2112209,22.2726792],[114.2110797,22.2726503],[114.2110534,22.2727124],[114.211131,22.2729529],[114.2113429,22.2731961],[114.2116522,22.2737003],[114.2116621,22.2737738],[114.2115959,22.273851],[114.2115913,22.2740612],[114.2115551,22.2741272],[114.2114165,22.2742035],[114.211229,22.2741947],[114.2108296,22.273936],[114.2105383,22.2739398],[114.2102121,22.2740432],[114.2098992,22.2742702],[114.2099326,22.2743973],[114.209889,22.2745789],[114.2099894,22.2746861],[114.20998,22.2748199],[114.2097686,22.2751121],[114.2095254,22.2755843],[114.2094392,22.2756413],[114.2089814,22.2757311],[114.2086703,22.2760427],[114.2088174,22.2770541],[114.2089362,22.2771285],[114.2091414,22.2771252],[114.2092298,22.2771942],[114.2092564,22.2772881],[114.2091771,22.2774333],[114.2092715,22.2776609],[114.2093988,22.2776938],[114.2102092,22.277336],[114.2104797,22.2772676],[114.2105882,22.2773082],[114.2106455,22.2774002],[114.2106999,22.2777358],[114.2105853,22.2778314],[114.2103846,22.2778976],[114.2103562,22.2782084],[114.2101942,22.2783666],[114.2098353,22.2783836],[114.209791,22.2784356],[114.2098457,22.2786828],[114.2101053,22.2788266],[114.210132,22.2789835],[114.2098301,22.2792873],[114.2097379,22.2793302],[114.2097252,22.2794481],[114.2096059,22.2796284],[114.2098193,22.2798647],[114.2098257,22.2799899],[114.2097543,22.2802087],[114.2095944,22.2803597],[114.2095877,22.2804884],[114.2095077,22.2806419],[114.2096151,22.2807354],[114.2099832,22.2808535],[114.2099433,22.2811453],[114.2098433,22.2812616],[114.209896,22.2813835],[114.2096669,22.282001],[114.2100096,22.2821127],[114.2097257,22.2824856],[114.2097447,22.2826066],[114.2096587,22.282755],[114.2096781,22.2828916],[114.2095417,22.2832743],[114.2095084,22.2836023]]]}},{"type":"Feature","properties":{"tpusb":"211005"},"geometry":{"type":"Polygon","coordinates":[[[114.1697193,22.3053692],[114.169257,22.3054703],[114.169114,22.3048612],[114.1691553,22.3042268],[114.1696545,22.3042596],[114.169609,22.3048313],[114.1697193,22.3053692]]]}},{"type":"Feature","properties":{"tpusb":"211006"},"geometry":{"type":"Polygon","coordinates":[[[114.1701152,22.3052826],[114.1697193,22.3053692],[114.169609,22.3048313],[114.1696545,22.3042596],[114.1701191,22.3042901],[114.17007,22.3048116],[114.1701896,22.3052681],[114.1701152,22.3052826]]]}},{"type":"Feature","properties":{"tpusb":"211007"},"geometry":{"type":"Polygon","coordinates":[[[114.1705627,22.3052295],[114.1701896,22.3052681],[114.17007,22.3048116],[114.1701191,22.3042901],[114.1706305,22.304324],[114.1705627,22.3052295]]]}},{"type":"Feature","properties":{"tpusb":"211008"},"geometry":{"type":"Polygon","coordinates":[[[114.1711339,22.3043567],[114.1710662,22.3052311],[114.1705627,22.3052295],[114.1706305,22.304324],[114.1711339,22.3043567]]]}},{"type":"Feature","properties":{"tpusb":"211009"},"geometry":{"type":"Polygon","coordinates":[[[114.171684,22.3043928],[114.1716201,22.3053392],[114.1710662,22.3052311],[114.1711339,22.3043567],[114.171684,22.3043928]]]}},{"type":"Feature","properties":{"tpusb":"211010"},"geometry":{"type":"Polygon","coordinates":[[[114.168715,22.303081],[114.1686337,22.3041924],[114.1681369,22.3041596],[114.1681885,22.3034535],[114.1681563,22.3033903],[114.1680187,22.3033022],[114.1680745,22.3030409],[114.168715,22.303081]]]}},{"type":"Feature","properties":{"tpusb":"211011"},"geometry":{"type":"Polygon","coordinates":[[[114.1692282,22.3031138],[114.1691553,22.3042268],[114.1686337,22.3041924],[114.168715,22.303081],[114.1692282,22.3031138]]]}},{"type":"Feature","properties":{"tpusb":"211012"},"geometry":{"type":"Polygon","coordinates":[[[114.1697425,22.303146],[114.1696545,22.3042596],[114.1691553,22.3042268],[114.1692282,22.3031138],[114.1697425,22.303146]]]}},{"type":"Feature","properties":{"tpusb":"211013"},"geometry":{"type":"Polygon","coordinates":[[[114.1702229,22.3031765],[114.1701191,22.3042901],[114.1696545,22.3042596],[114.1697425,22.303146],[114.1702229,22.3031765]]]}},{"type":"Feature","properties":{"tpusb":"211014"},"geometry":{"type":"Polygon","coordinates":[[[114.170713,22.303207],[114.1706305,22.304324],[114.1701191,22.3042901],[114.1702229,22.3031765],[114.170713,22.303207]]]}},{"type":"Feature","properties":{"tpusb":"211015"},"geometry":{"type":"Polygon","coordinates":[[[114.1711576,22.3032352],[114.1710599,22.3043522],[114.1706305,22.304324],[114.170713,22.303207],[114.1711576,22.3032352]]]}},{"type":"Feature","properties":{"tpusb":"211016"},"geometry":{"type":"Polygon","coordinates":[[[114.1717126,22.3039712],[114.171684,22.3043928],[114.1710599,22.3043522],[114.1711576,22.3032352],[114.1717593,22.303273],[114.1717126,22.3039712]]]}},{"type":"Feature","properties":{"tpusb":"211017"},"geometry":{"type":"Polygon","coordinates":[[[114.168931,22.3024997],[114.1689971,22.3026019],[114.1689675,22.3030971],[114.1680745,22.3030409],[114.1680806,22.3027265],[114.1679793,22.3021582],[114.1679709,22.3019059],[114.1681219,22.3009413],[114.1682043,22.300637],[114.1684743,22.3006789],[114.1685398,22.3010474],[114.1688352,22.3018196],[114.1690414,22.3018337],[114.1691791,22.3019799],[114.1693052,22.3021994],[114.1692973,22.3023168],[114.1690316,22.3023298],[114.1689447,22.3023749],[114.168931,22.3024997]]]}},{"type":"Feature","properties":{"tpusb":"211018"},"geometry":{"type":"Polygon","coordinates":[[[114.1718024,22.3026375],[114.1717593,22.303273],[114.1689675,22.3030971],[114.1689971,22.3026019],[114.168931,22.3024997],[114.1689328,22.3023929],[114.1690316,22.3023298],[114.1692973,22.3023168],[114.1693052,22.3021994],[114.1691791,22.3019799],[114.1690414,22.3018337],[114.1688352,22.3018196],[114.1685398,22.3010474],[114.1684743,22.3006789],[114.1682043,22.300637],[114.1684404,22.3001828],[114.1690713,22.2994383],[114.1694334,22.2986984],[114.1696555,22.2980349],[114.1708623,22.2981266],[114.1721246,22.2981476],[114.1718024,22.3026375]]]}},{"type":"Feature","properties":{"tpusb":"211019"},"geometry":{"type":"Polygon","coordinates":[[[114.1696555,22.2980349],[114.1694334,22.2986984],[114.1690713,22.2994383],[114.1686036,22.2999863],[114.1684768,22.2997809],[114.1684617,22.2995991],[114.1688063,22.2979962],[114.1696555,22.2980349]]]}},{"type":"Feature","properties":{"tpusb":"211020"},"geometry":{"type":"Polygon","coordinates":[[[114.1688063,22.2979962],[114.1684617,22.2995991],[114.1685086,22.2998596],[114.1672965,22.2996267],[114.1675736,22.2983773],[114.1655004,22.2979763],[114.1655505,22.29775],[114.1676259,22.2981553],[114.1677498,22.2976105],[114.1674317,22.2975495],[114.1674769,22.2973456],[114.1661087,22.2970774],[114.166072,22.2970316],[114.1660919,22.2969571],[114.1661388,22.2969437],[114.1678281,22.2972626],[114.1681443,22.2958186],[114.1682629,22.2954906],[114.1683684,22.2955115],[114.1685172,22.2948581],[114.1683757,22.294831],[114.1684898,22.2943299],[114.1695468,22.2945519],[114.1688063,22.2979962]]]}},{"type":"Feature","properties":{"tpusb":"211021"},"geometry":{"type":"Polygon","coordinates":[[[114.1681443,22.2958186],[114.1680744,22.2958826],[114.1679789,22.2959022],[114.1678867,22.2958718],[114.1678258,22.2958005],[114.1678148,22.2957101],[114.1678549,22.2956301],[114.1680374,22.2955726],[114.1646094,22.2948992],[114.1647347,22.2942384],[114.1683539,22.2949269],[114.1683757,22.294831],[114.1685172,22.2948581],[114.1683684,22.2955115],[114.1682629,22.2954906],[114.1681443,22.2958186]]]}},{"type":"Feature","properties":{"tpusb":"211022"},"geometry":{"type":"Polygon","coordinates":[[[114.1711688,22.2963815],[114.1710138,22.2981333],[114.1696555,22.2980349],[114.1702038,22.2962703],[114.1711688,22.2963815]]]}},{"type":"Feature","properties":{"tpusb":"211023"},"geometry":{"type":"Polygon","coordinates":[[[114.1716407,22.2964357],[114.1715149,22.2981553],[114.1710138,22.2981333],[114.1711688,22.2963815],[114.1716407,22.2964357]]]}},{"type":"Feature","properties":{"tpusb":"211024"},"geometry":{"type":"Polygon","coordinates":[[[114.1721246,22.2981476],[114.1715149,22.2981553],[114.1716407,22.2964357],[114.1722448,22.2965052],[114.1721246,22.2981476]]]}},{"type":"Feature","properties":{"tpusb":"211027"},"geometry":{"type":"Polygon","coordinates":[[[114.171244,22.29554],[114.1711688,22.2963815],[114.1702038,22.2962703],[114.1707134,22.2946369],[114.1713199,22.2946883],[114.171244,22.29554]]]}},{"type":"Feature","properties":{"tpusb":"211028"},"geometry":{"type":"Polygon","coordinates":[[[114.1723109,22.2956021],[114.1722448,22.2965052],[114.1711688,22.2963815],[114.171244,22.29554],[114.1723109,22.2956021]]]}},{"type":"Feature","properties":{"tpusb":"211029"},"geometry":{"type":"Polygon","coordinates":[[[114.1723843,22.2947645],[114.1723109,22.2956021],[114.171244,22.29554],[114.1713199,22.2946883],[114.1723843,22.2947645]]]}},{"type":"Feature","properties":{"tpusb":"211030"},"geometry":{"type":"Polygon","coordinates":[[[114.1676364,22.3058263],[114.1670102,22.3059617],[114.1670498,22.3056524],[114.1671481,22.3053595],[114.1674884,22.3048572],[114.1676771,22.3044677],[114.1680187,22.3033022],[114.1681861,22.3034354],[114.1681369,22.3041596],[114.1686337,22.3041924],[114.1685875,22.3048166],[114.1691146,22.304851],[114.169257,22.3054703],[114.1676364,22.3058263]]]}},{"type":"Feature","properties":{"tpusb":"211031"},"geometry":{"type":"Polygon","coordinates":[[[114.1691553,22.3042268],[114.1691146,22.304851],[114.1685875,22.3048166],[114.1686337,22.3041924],[114.1691553,22.3042268]]]}},{"type":"Feature","properties":{"tpusb":"211032"},"geometry":{"type":"Polygon","coordinates":[[[114.1707134,22.2946369],[114.1702038,22.2962703],[114.1692143,22.2960986],[114.1695468,22.2945519],[114.1707134,22.2946369]]]}},{"type":"Feature","properties":{"tpusb":"211033"},"geometry":{"type":"Polygon","coordinates":[[[114.1702038,22.2962703],[114.1696555,22.2980349],[114.1688063,22.2979962],[114.1692143,22.2960986],[114.1702038,22.2962703]]]}},{"type":"Feature","properties":{"tpusb":"211034"},"geometry":{"type":"Polygon","coordinates":[[[114.1682043,22.300637],[114.1680887,22.3011418],[114.1668636,22.3009888],[114.1668708,22.3008928],[114.1670342,22.3008798],[114.1670793,22.3004777],[114.1670359,22.3004725],[114.1670996,22.2999122],[114.167012,22.2998935],[114.1670344,22.2997888],[114.1666629,22.2997005],[114.1666967,22.2996566],[114.1670488,22.2997285],[114.167082,22.2995891],[114.166858,22.2995455],[114.166879,22.2993366],[114.1648434,22.298927],[114.1647616,22.2988589],[114.1647637,22.2987634],[114.1648887,22.2987012],[114.1673884,22.2991966],[114.1672965,22.2996267],[114.1685086,22.2998596],[114.1686036,22.2999863],[114.1683719,22.3002866],[114.1682043,22.300637]]]}},{"type":"Feature","properties":{"tpusb":"212001"},"geometry":{"type":"Polygon","coordinates":[[[114.1721784,22.3039984],[114.1720767,22.305522],[114.1716201,22.3053392],[114.1717126,22.3039712],[114.1721784,22.3039984]]]}},{"type":"Feature","properties":{"tpusb":"212002"},"geometry":{"type":"Polygon","coordinates":[[[114.1734798,22.3040753],[114.1733878,22.3052045],[114.1729887,22.3061162],[114.1720767,22.305522],[114.1721784,22.3039984],[114.1734798,22.3040753]]]}},{"type":"Feature","properties":{"tpusb":"212003"},"geometry":{"type":"Polygon","coordinates":[[[114.1752723,22.3067541],[114.1746498,22.3068657],[114.1741064,22.3067989],[114.1736137,22.306588],[114.1729887,22.3061162],[114.1733878,22.3052045],[114.1735277,22.3033843],[114.1759488,22.3034199],[114.1762363,22.3033493],[114.1771176,22.3029627],[114.1773093,22.3032472],[114.1779152,22.3038037],[114.1780766,22.3040283],[114.1785784,22.3057881],[114.1752723,22.3067541]]]}},{"type":"Feature","properties":{"tpusb":"212004"},"geometry":{"type":"Polygon","coordinates":[[[114.1735277,22.3033843],[114.1734798,22.3040753],[114.1717126,22.3039712],[114.1717593,22.303273],[114.1735277,22.3033843]]]}},{"type":"Feature","properties":{"tpusb":"212005"},"geometry":{"type":"Polygon","coordinates":[[[114.1718024,22.3026375],[114.1735013,22.3027431],[114.1734546,22.3033798],[114.1717593,22.303273],[114.1718024,22.3026375]]]}},{"type":"Feature","properties":{"tpusb":"212007"},"geometry":{"type":"Polygon","coordinates":[[[114.1771176,22.3029627],[114.1763018,22.3033228],[114.1760191,22.3034092],[114.174288,22.3033984],[114.1748485,22.3030282],[114.175102,22.3028097],[114.1753798,22.3023176],[114.1754514,22.3019609],[114.1756255,22.3023503],[114.1766693,22.3019168],[114.1769144,22.3025913],[114.1771176,22.3029627]]]}},{"type":"Feature","properties":{"tpusb":"212008"},"geometry":{"type":"Polygon","coordinates":[[[114.1745901,22.3025312],[114.1728699,22.3024525],[114.17293,22.3018406],[114.1728226,22.3017904],[114.17288,22.3013368],[114.1743311,22.301616],[114.1744458,22.3016041],[114.1746186,22.3020099],[114.1745901,22.3025312]]]}},{"type":"Feature","properties":{"tpusb":"212010"},"geometry":{"type":"Polygon","coordinates":[[[114.1766693,22.3019168],[114.1756255,22.3023503],[114.1754514,22.3019609],[114.1765402,22.3015257],[114.1766693,22.3019168]]]}},{"type":"Feature","properties":{"tpusb":"212011"},"geometry":{"type":"Polygon","coordinates":[[[114.1765402,22.3015257],[114.1754514,22.3019609],[114.1750863,22.3012192],[114.1763012,22.3007925],[114.1765402,22.3015257]]]}},{"type":"Feature","properties":{"tpusb":"212012"},"geometry":{"type":"Polygon","coordinates":[[[114.1755952,22.3010409],[114.1750863,22.3012192],[114.1748776,22.3010488],[114.1745962,22.3009065],[114.1731678,22.3006536],[114.1733134,22.3001609],[114.1754726,22.3007705],[114.1755952,22.3010409]]]}},{"type":"Feature","properties":{"tpusb":"212013"},"geometry":{"type":"Polygon","coordinates":[[[114.1733134,22.3001609],[114.1731678,22.3006536],[114.1719608,22.3003979],[114.1720251,22.2995152],[114.173405,22.2998511],[114.1733134,22.3001609]]]}},{"type":"Feature","properties":{"tpusb":"212014"},"geometry":{"type":"Polygon","coordinates":[[[114.1743214,22.3000689],[114.1742213,22.300394],[114.1733134,22.3001609],[114.173405,22.2998511],[114.1743214,22.3000689]]]}},{"type":"Feature","properties":{"tpusb":"212015"},"geometry":{"type":"Polygon","coordinates":[[[114.1763012,22.3007925],[114.1755952,22.3010409],[114.1754726,22.3007705],[114.1742947,22.3004494],[114.1742213,22.300394],[114.1743214,22.3000689],[114.1762157,22.3005346],[114.1763012,22.3007925]]]}},{"type":"Feature","properties":{"tpusb":"212016"},"geometry":{"type":"Polygon","coordinates":[[[114.1736628,22.2989779],[114.173405,22.2998511],[114.1720251,22.2995152],[114.1720846,22.2986974],[114.1727378,22.2987267],[114.1736628,22.2989779]]]}},{"type":"Feature","properties":{"tpusb":"212017"},"geometry":{"type":"Polygon","coordinates":[[[114.1759021,22.2995853],[114.1762157,22.3005346],[114.173405,22.2998511],[114.1736628,22.2989779],[114.1759021,22.2995853]]]}},{"type":"Feature","properties":{"tpusb":"212018"},"geometry":{"type":"Polygon","coordinates":[[[114.1737252,22.2985061],[114.173744,22.2986946],[114.1736628,22.2989779],[114.1727378,22.2987267],[114.1720846,22.2986974],[114.1721246,22.2981476],[114.1724533,22.2981555],[114.1737252,22.2985061]]]}},{"type":"Feature","properties":{"tpusb":"212019"},"geometry":{"type":"Polygon","coordinates":[[[114.1757627,22.2987339],[114.1759021,22.2995853],[114.1736628,22.2989779],[114.173744,22.2986946],[114.1737252,22.2985061],[114.1739515,22.2984005],[114.1753686,22.2987903],[114.1757627,22.2987339]]]}},{"type":"Feature","properties":{"tpusb":"212020"},"geometry":{"type":"Polygon","coordinates":[[[114.1734529,22.2981996],[114.1736482,22.2983774],[114.1737252,22.2985061],[114.1724533,22.2981555],[114.1721246,22.2981476],[114.1721592,22.297678],[114.1729416,22.2977384],[114.1734529,22.2981996]]]}},{"type":"Feature","properties":{"tpusb":"212021"},"geometry":{"type":"Polygon","coordinates":[[[114.1754514,22.3019609],[114.1754271,22.3021753],[114.1753568,22.3023672],[114.175102,22.3028097],[114.1749598,22.3029394],[114.1745901,22.3025312],[114.1746186,22.3020099],[114.1744458,22.3016041],[114.1750863,22.3012192],[114.1754514,22.3019609]]]}},{"type":"Feature","properties":{"tpusb":"212022"},"geometry":{"type":"Polygon","coordinates":[[[114.1744458,22.3016041],[114.1743311,22.301616],[114.1728615,22.3013332],[114.1719027,22.3012004],[114.1719608,22.3003979],[114.1731678,22.3006536],[114.1744646,22.3008715],[114.1747794,22.3009901],[114.1750863,22.3012192],[114.1744458,22.3016041]]]}},{"type":"Feature","properties":{"tpusb":"212023"},"geometry":{"type":"Polygon","coordinates":[[[114.1749598,22.3029394],[114.174288,22.3033984],[114.1734546,22.3033798],[114.1735013,22.3027431],[114.1718024,22.3026375],[114.17182,22.3023844],[114.1745901,22.3025312],[114.1749598,22.3029394]]]}},{"type":"Feature","properties":{"tpusb":"212024"},"geometry":{"type":"Polygon","coordinates":[[[114.17288,22.3013368],[114.1728226,22.3017904],[114.17293,22.3018406],[114.1728699,22.3024519],[114.17182,22.3023844],[114.1719027,22.3012004],[114.17288,22.3013368]]]}},{"type":"Feature","properties":{"tpusb":"213003"},"geometry":{"type":"Polygon","coordinates":[[[114.1828332,22.3067607],[114.1814973,22.3075932],[114.1813942,22.3075204],[114.181787,22.3070298],[114.1819853,22.3066798],[114.182126,22.3062718],[114.1824074,22.3051158],[114.1824881,22.3049623],[114.1833748,22.3043612],[114.1844043,22.3057816],[114.1828332,22.3067607]]]}},{"type":"Feature","properties":{"tpusb":"213004"},"geometry":{"type":"Polygon","coordinates":[[[114.187514,22.3038428],[114.1859309,22.3048967],[114.1857337,22.3046315],[114.1852168,22.3042639],[114.1846082,22.304028],[114.1851857,22.3033025],[114.1853748,22.3028485],[114.1854744,22.3023945],[114.185544,22.3017274],[114.1856038,22.3014587],[114.1857133,22.3012734],[114.1866045,22.3010357],[114.18692,22.3010989],[114.1872216,22.3012304],[114.1872337,22.3013101],[114.1870094,22.3017625],[114.1870314,22.3019444],[114.1880855,22.3033653],[114.1874458,22.3037465],[114.187514,22.3038428]]]}},{"type":"Feature","properties":{"tpusb":"213005"},"geometry":{"type":"Polygon","coordinates":[[[114.1884157,22.3031685],[114.1880855,22.3033653],[114.1870664,22.3020103],[114.1870049,22.3017899],[114.1872337,22.3013101],[114.1871972,22.3012064],[114.188182,22.3016297],[114.1885057,22.3019465],[114.1886058,22.3021795],[114.1886246,22.3026486],[114.1885558,22.3029166],[114.1884157,22.3031685]]]}},{"type":"Feature","properties":{"tpusb":"213006"},"geometry":{"type":"Polygon","coordinates":[[[114.1847269,22.3056178],[114.1847079,22.3055925],[114.1844043,22.3057816],[114.1836193,22.3047229],[114.1839136,22.3042813],[114.1840682,22.3038633],[114.1842339,22.3038798],[114.1852168,22.3042639],[114.1857337,22.3046315],[114.1859309,22.3048967],[114.1847269,22.3056178]]]}},{"type":"Feature","properties":{"tpusb":"213010"},"geometry":{"type":"Polygon","coordinates":[[[114.1887969,22.3029365],[114.1884157,22.3031685],[114.1885965,22.3028117],[114.1886183,22.3022611],[114.1885057,22.3019465],[114.1882568,22.3016828],[114.1871231,22.3011758],[114.1866045,22.3010357],[114.1869931,22.299868],[114.1889759,22.3006923],[114.1890857,22.3005734],[114.1893187,22.3001012],[114.1895175,22.3001672],[114.1893003,22.3006595],[114.1892769,22.3008198],[114.1899589,22.301102],[114.1900572,22.3009568],[114.1905281,22.3011533],[114.1904719,22.3013159],[114.1908459,22.3014721],[114.1910723,22.3019566],[114.1890166,22.3028046],[114.1887969,22.3029365]]]}},{"type":"Feature","properties":{"tpusb":"214001"},"geometry":{"type":"Polygon","coordinates":[[[114.1757627,22.2987339],[114.1753686,22.2987903],[114.1739515,22.2984005],[114.1744374,22.2979682],[114.1745083,22.2980562],[114.1747553,22.2980783],[114.1748678,22.2980285],[114.1756571,22.2980901],[114.1757627,22.2987339]]]}},{"type":"Feature","properties":{"tpusb":"214002"},"geometry":{"type":"Polygon","coordinates":[[[114.1739515,22.2984005],[114.1737252,22.2985061],[114.1736482,22.2983774],[114.1734529,22.2981996],[114.1746017,22.2972226],[114.1745259,22.2978958],[114.1739515,22.2984005]]]}},{"type":"Feature","properties":{"tpusb":"214004"},"geometry":{"type":"Polygon","coordinates":[[[114.1755309,22.2973276],[114.1756571,22.2980901],[114.1748678,22.2980285],[114.1747553,22.2980783],[114.1745083,22.2980562],[114.1744374,22.2979682],[114.1745259,22.2978958],[114.1746017,22.2972226],[114.1755309,22.2973276]]]}},{"type":"Feature","properties":{"tpusb":"214005"},"geometry":{"type":"Polygon","coordinates":[[[114.1736519,22.2967891],[114.1736325,22.2971125],[114.1722108,22.2969725],[114.1723109,22.2956021],[114.1735957,22.2957242],[114.1736868,22.2962264],[114.1736519,22.2967891]]]}},{"type":"Feature","properties":{"tpusb":"214006"},"geometry":{"type":"Polygon","coordinates":[[[114.1745999,22.2968936],[114.1746017,22.2972226],[114.1736325,22.2971125],[114.1736519,22.2967891],[114.1745999,22.2968936]]]}},{"type":"Feature","properties":{"tpusb":"214007"},"geometry":{"type":"Polygon","coordinates":[[[114.1746016,22.2965966],[114.1745999,22.2968936],[114.1736519,22.2967891],[114.1736635,22.2966019],[114.1739121,22.2965752],[114.1746016,22.2965966]]]}},{"type":"Feature","properties":{"tpusb":"214008"},"geometry":{"type":"Polygon","coordinates":[[[114.1755165,22.2972392],[114.1755309,22.2973276],[114.1746017,22.2972226],[114.1746016,22.2965876],[114.1753816,22.2964142],[114.1755165,22.2972392]]]}},{"type":"Feature","properties":{"tpusb":"214009"},"geometry":{"type":"Polygon","coordinates":[[[114.1746016,22.2965966],[114.1739121,22.2965752],[114.1736635,22.2966019],[114.1736868,22.2962264],[114.1735957,22.2957242],[114.1752619,22.2956814],[114.1753816,22.2964142],[114.1746016,22.2965966]]]}},{"type":"Feature","properties":{"tpusb":"214010"},"geometry":{"type":"Polygon","coordinates":[[[114.1736701,22.2948535],[114.1735957,22.2957242],[114.1723109,22.2956021],[114.1723843,22.2947645],[114.1733481,22.2948046],[114.1736701,22.2948535]]]}},{"type":"Feature","properties":{"tpusb":"214011"},"geometry":{"type":"Polygon","coordinates":[[[114.1752619,22.2956814],[114.1735957,22.2957242],[114.1736701,22.2948535],[114.1743531,22.294957],[114.1751967,22.2952827],[114.1752619,22.2956814]]]}},{"type":"Feature","properties":{"tpusb":"214013"},"geometry":{"type":"Polygon","coordinates":[[[114.1729671,22.2970369],[114.1729416,22.2977384],[114.1721592,22.297678],[114.1722108,22.2969725],[114.1729671,22.2970369]]]}},{"type":"Feature","properties":{"tpusb":"214014"},"geometry":{"type":"Polygon","coordinates":[[[114.1746017,22.2972226],[114.1734529,22.2981996],[114.1729416,22.2977384],[114.1729671,22.2970369],[114.1746017,22.2972226]]]}},{"type":"Feature","properties":{"tpusb":"215001"},"geometry":{"type":"Polygon","coordinates":[[[114.1796581,22.3021666],[114.1789269,22.3022713],[114.1781201,22.3025735],[114.1779701,22.3019964],[114.1780268,22.301888],[114.1802459,22.2995912],[114.1802888,22.299937],[114.180143,22.300661],[114.1800163,22.3010578],[114.1797197,22.3016527],[114.1796581,22.3021666]]]}},{"type":"Feature","properties":{"tpusb":"215002"},"geometry":{"type":"Polygon","coordinates":[[[114.1796581,22.3021666],[114.1797828,22.3026556],[114.180183,22.303198],[114.1806271,22.3036749],[114.1811643,22.3045223],[114.1814812,22.3053383],[114.181503,22.3057339],[114.1813957,22.3060703],[114.1811143,22.3064298],[114.1806884,22.3068106],[114.1800302,22.3061131],[114.1796807,22.30587],[114.1791805,22.3057265],[114.178846,22.3057295],[114.1785784,22.3057881],[114.1780766,22.3040283],[114.1779152,22.3038037],[114.1773093,22.3032472],[114.1771176,22.3029627],[114.1787824,22.3023122],[114.1791724,22.302219],[114.1796581,22.3021666]]]}},{"type":"Feature","properties":{"tpusb":"215003"},"geometry":{"type":"Polygon","coordinates":[[[114.1833748,22.3043612],[114.1824881,22.3049623],[114.1824074,22.3051158],[114.182126,22.3062718],[114.1819853,22.3066798],[114.181787,22.3070298],[114.1813942,22.3075204],[114.1806884,22.3068106],[114.1811337,22.3064095],[114.18142,22.3060206],[114.1815109,22.3056396],[114.1814442,22.3051932],[114.1811643,22.3045223],[114.1806271,22.3036749],[114.180183,22.303198],[114.1797761,22.3026438],[114.179679,22.3023322],[114.1796584,22.3019721],[114.1797433,22.3015838],[114.1800617,22.3009415],[114.1802679,22.3000921],[114.180276,22.2997075],[114.1801463,22.2993461],[114.1805886,22.2990229],[114.1806045,22.2989356],[114.1808643,22.2989593],[114.1808657,22.2991399],[114.181905,22.2992431],[114.1825702,22.2994129],[114.1825801,22.297953],[114.1819912,22.2976374],[114.1822331,22.2972461],[114.1830445,22.2976808],[114.1830133,22.3038719],[114.1833748,22.3043612]]]}},{"type":"Feature","properties":{"tpusb":"215004"},"geometry":{"type":"Polygon","coordinates":[[[114.1781201,22.3025735],[114.1771176,22.3029627],[114.1769478,22.3026664],[114.1767694,22.3022199],[114.1762157,22.3005346],[114.1770177,22.3003475],[114.1772967,22.3003905],[114.1774943,22.3005046],[114.1785328,22.3013642],[114.1780268,22.301888],[114.1779701,22.3019964],[114.1781201,22.3025735]]]}},{"type":"Feature","properties":{"tpusb":"215005"},"geometry":{"type":"Polygon","coordinates":[[[114.1798623,22.2999882],[114.1785328,22.3013642],[114.1774154,22.3004492],[114.1770645,22.3003463],[114.1770797,22.3001231],[114.1771309,22.3000392],[114.1783709,22.2987466],[114.1798623,22.2999882]]]}},{"type":"Feature","properties":{"tpusb":"215006"},"geometry":{"type":"Polygon","coordinates":[[[114.1802459,22.2995912],[114.1798623,22.2999882],[114.1783709,22.2987466],[114.1791882,22.2978948],[114.1805611,22.2990195],[114.1801463,22.2993461],[114.1802459,22.2995912]]]}},{"type":"Feature","properties":{"tpusb":"215007"},"geometry":{"type":"Polygon","coordinates":[[[114.1770645,22.3003463],[114.1762157,22.3005346],[114.1759021,22.2995853],[114.1755165,22.2972392],[114.1761908,22.2971457],[114.1764648,22.2971976],[114.1783709,22.2987466],[114.1771309,22.3000392],[114.1770797,22.3001231],[114.1770645,22.3003463]]]}},{"type":"Feature","properties":{"tpusb":"215008"},"geometry":{"type":"Polygon","coordinates":[[[114.1791882,22.2978948],[114.1783709,22.2987466],[114.1764648,22.2971976],[114.1761908,22.2971457],[114.1755165,22.2972392],[114.1751967,22.2952827],[114.1757875,22.2955638],[114.1762608,22.2958711],[114.1765799,22.2955448],[114.1770607,22.2961248],[114.1791882,22.2978948]]]}},{"type":"Feature","properties":{"tpusb":"216001"},"geometry":{"type":"Polygon","coordinates":[[[114.1726033,22.2932359],[114.1725872,22.2935022],[114.1726842,22.2935557],[114.1725623,22.2936438],[114.1725335,22.2937267],[114.1724539,22.2937192],[114.1723327,22.293805],[114.1722933,22.2944022],[114.172149,22.2945602],[114.1721388,22.2947444],[114.169471,22.2945463],[114.1684898,22.2943299],[114.1685074,22.2942527],[114.1682966,22.2940941],[114.1682356,22.2939643],[114.1678868,22.2935309],[114.1679264,22.2934596],[114.1680155,22.2934649],[114.1683682,22.2938816],[114.1684382,22.293918],[114.1687708,22.2935531],[114.1687493,22.2934698],[114.1684035,22.2930549],[114.1684097,22.2929842],[114.1684746,22.2929503],[114.1685376,22.2929763],[114.1688729,22.2933761],[114.1690582,22.2934348],[114.1691538,22.2935416],[114.16935,22.2934946],[114.169509,22.2929569],[114.1695692,22.2929162],[114.1709215,22.2930179],[114.1710153,22.2931167],[114.1726033,22.2932359]]]}},{"type":"Feature","properties":{"tpusb":"216002"},"geometry":{"type":"Polygon","coordinates":[[[114.1765799,22.2955448],[114.1762608,22.2958711],[114.1754824,22.2954052],[114.1743531,22.294957],[114.1733481,22.2948046],[114.1729514,22.2948114],[114.1721388,22.2947444],[114.172149,22.2945602],[114.1722933,22.2944022],[114.1723327,22.293805],[114.1724539,22.2937192],[114.1725335,22.2937267],[114.1725623,22.2936438],[114.1726842,22.2935557],[114.1725872,22.2935022],[114.1726033,22.2932359],[114.1727836,22.2932495],[114.1731869,22.2929332],[114.1732768,22.2929026],[114.174696,22.2930017],[114.1748418,22.2930428],[114.1761071,22.2944288],[114.1762494,22.294695],[114.1765799,22.2955448]]]}},{"type":"Feature","properties":{"tpusb":"217001"},"geometry":{"type":"Polygon","coordinates":[[[114.1840682,22.3038633],[114.1839136,22.3042813],[114.1836193,22.3047229],[114.1830133,22.3038719],[114.1830332,22.2995255],[114.1838102,22.2995304],[114.1842056,22.2987082],[114.1845629,22.2988567],[114.1840828,22.299841],[114.1841437,22.3021015],[114.1841305,22.3030224],[114.1840682,22.3038633]]]}},{"type":"Feature","properties":{"tpusb":"217002"},"geometry":{"type":"Polygon","coordinates":[[[114.185697,22.3013009],[114.1856038,22.3014587],[114.185544,22.3017274],[114.1854744,22.3023945],[114.1853748,22.3028485],[114.1851857,22.3033025],[114.1846082,22.304028],[114.1842339,22.3038798],[114.1840682,22.3038633],[114.184141,22.3026411],[114.1841213,22.3014784],[114.1841746,22.3013699],[114.1842917,22.3012202],[114.1844564,22.3010943],[114.1848464,22.3009803],[114.1853112,22.3010545],[114.1855118,22.3011527],[114.185697,22.3013009]]]}},{"type":"Feature","properties":{"tpusb":"217003"},"geometry":{"type":"Polygon","coordinates":[[[114.185697,22.3013009],[114.1855118,22.3011527],[114.1853112,22.3010545],[114.1849603,22.3009823],[114.1847474,22.3009907],[114.184557,22.3010446],[114.1843641,22.3011565],[114.1842282,22.3012917],[114.1841213,22.3014784],[114.1840828,22.299841],[114.1845629,22.2988567],[114.1869931,22.299868],[114.1866045,22.3010357],[114.186241,22.3011158],[114.185697,22.3013009]]]}},{"type":"Feature","properties":{"tpusb":"220025"},"geometry":{"type":"Polygon","coordinates":[[[114.1707436,22.3146305],[114.1705772,22.3154336],[114.1701398,22.3153565],[114.1703043,22.3145511],[114.1707436,22.3146305]]]}},{"type":"Feature","properties":{"tpusb":"220026"},"geometry":{"type":"Polygon","coordinates":[[[114.1725168,22.3145762],[114.1735131,22.3159515],[114.1705772,22.3154336],[114.1708837,22.3139691],[114.1722509,22.3142091],[114.1725168,22.3145762]]]}},{"type":"Feature","properties":{"tpusb":"220027"},"geometry":{"type":"Polygon","coordinates":[[[114.1708837,22.3139691],[114.1707436,22.3146305],[114.1703043,22.3145511],[114.1704396,22.3138913],[114.1708837,22.3139691]]]}},{"type":"Feature","properties":{"tpusb":"220028"},"geometry":{"type":"Polygon","coordinates":[[[114.1713246,22.3131158],[114.1711353,22.3140132],[114.1704396,22.3138913],[114.1706222,22.3129979],[114.1713246,22.3131158]]]}},{"type":"Feature","properties":{"tpusb":"220029"},"geometry":{"type":"Polygon","coordinates":[[[114.1714555,22.3131698],[114.1715763,22.3132767],[114.1722509,22.3142091],[114.1711353,22.3140132],[114.1713246,22.3131158],[114.1714555,22.3131698]]]}},{"type":"Feature","properties":{"tpusb":"221001"},"geometry":{"type":"Polygon","coordinates":[[[114.1618871,22.3255741],[114.1618777,22.3262411],[114.1606171,22.3261871],[114.1618923,22.3252285],[114.1618871,22.3255741]]]}},{"type":"Feature","properties":{"tpusb":"221002"},"geometry":{"type":"Polygon","coordinates":[[[114.1641347,22.3257933],[114.1634696,22.3263093],[114.1618777,22.3262411],[114.1618871,22.3255741],[114.1632344,22.3256222],[114.1636785,22.3252836],[114.1641347,22.3257933]]]}},{"type":"Feature","properties":{"tpusb":"221003"},"geometry":{"type":"Polygon","coordinates":[[[114.1645181,22.3262217],[114.1643561,22.3263472],[114.1634696,22.3263093],[114.1641347,22.3257933],[114.1645181,22.3262217]]]}},{"type":"Feature","properties":{"tpusb":"221004"},"geometry":{"type":"Polygon","coordinates":[[[114.1657866,22.3258989],[114.165163,22.3263818],[114.1643561,22.3263472],[114.1654281,22.325514],[114.1657866,22.3258989]]]}},{"type":"Feature","properties":{"tpusb":"221005"},"geometry":{"type":"Polygon","coordinates":[[[114.1661597,22.3262991],[114.1660056,22.3264178],[114.165163,22.3263818],[114.1657866,22.3258989],[114.1661597,22.3262991]]]}},{"type":"Feature","properties":{"tpusb":"221006"},"geometry":{"type":"Polygon","coordinates":[[[114.1674335,22.3253178],[114.1673711,22.3254119],[114.167438,22.3254964],[114.1672798,22.3263009],[114.1671962,22.3264688],[114.1660056,22.3264178],[114.1674335,22.3253178]]]}},{"type":"Feature","properties":{"tpusb":"221007"},"geometry":{"type":"Polygon","coordinates":[[[114.1681356,22.3251501],[114.1678572,22.3264971],[114.1671962,22.3264688],[114.1672798,22.3263009],[114.167438,22.3254964],[114.1673711,22.3254119],[114.1674826,22.3252435],[114.1675241,22.3250364],[114.1681356,22.3251501]]]}},{"type":"Feature","properties":{"tpusb":"221008"},"geometry":{"type":"Polygon","coordinates":[[[114.1619016,22.3246586],[114.1617634,22.3248951],[114.161652,22.3249582],[114.1604117,22.3250059],[114.1590992,22.3249947],[114.1590645,22.3249879],[114.159059,22.3241784],[114.1599473,22.32418],[114.1599474,22.3241254],[114.1619139,22.324136],[114.1619016,22.3246586]]]}},{"type":"Feature","properties":{"tpusb":"221009"},"geometry":{"type":"Polygon","coordinates":[[[114.1636785,22.3252836],[114.1632344,22.3256222],[114.1618871,22.3255741],[114.1618923,22.3252256],[114.1620822,22.3250485],[114.1630361,22.3250572],[114.1632952,22.3248557],[114.1636785,22.3252836]]]}},{"type":"Feature","properties":{"tpusb":"221010"},"geometry":{"type":"Polygon","coordinates":[[[114.1654281,22.325514],[114.1645181,22.3262217],[114.1641347,22.3257933],[114.1650368,22.3250935],[114.1654281,22.325514]]]}},{"type":"Feature","properties":{"tpusb":"221011"},"geometry":{"type":"Polygon","coordinates":[[[114.1666693,22.3252144],[114.1657866,22.3258989],[114.1654281,22.325514],[114.1663108,22.3248277],[114.1666693,22.3252144]]]}},{"type":"Feature","properties":{"tpusb":"221012"},"geometry":{"type":"Polygon","coordinates":[[[114.1670436,22.3256185],[114.1661597,22.3262991],[114.1657866,22.3258989],[114.1666693,22.3252144],[114.1670436,22.3256185]]]}},{"type":"Feature","properties":{"tpusb":"221013"},"geometry":{"type":"Polygon","coordinates":[[[114.1674335,22.3253178],[114.1670436,22.3256185],[114.1666693,22.3252144],[114.1676389,22.3244634],[114.1674826,22.3252435],[114.1674335,22.3253178]]]}},{"type":"Feature","properties":{"tpusb":"221014"},"geometry":{"type":"Polygon","coordinates":[[[114.1618923,22.3252285],[114.1618915,22.3252292],[114.1619232,22.3246155],[114.1619016,22.3246586],[114.1619066,22.3245056],[114.1625546,22.3239983],[114.1628876,22.3243719],[114.1623995,22.3247527],[114.1618923,22.3252285]]]}},{"type":"Feature","properties":{"tpusb":"221015"},"geometry":{"type":"Polygon","coordinates":[[[114.1632952,22.3248557],[114.1630361,22.3250572],[114.1620822,22.3250485],[114.1623995,22.3247527],[114.1638011,22.3236549],[114.1638291,22.3236863],[114.1635852,22.3246305],[114.1632952,22.3248557]]]}},{"type":"Feature","properties":{"tpusb":"221016"},"geometry":{"type":"Polygon","coordinates":[[[114.164474,22.3233612],[114.1641317,22.3249382],[114.1636785,22.3252836],[114.1632952,22.3248557],[114.1635852,22.3246305],[114.1638291,22.3236863],[114.1638011,22.3236549],[114.1642084,22.3233414],[114.164474,22.3233612]]]}},{"type":"Feature","properties":{"tpusb":"221017"},"geometry":{"type":"Polygon","coordinates":[[[114.1647426,22.325322],[114.1641347,22.3257933],[114.1636785,22.3252836],[114.1641317,22.3249382],[114.164474,22.3233612],[114.165131,22.3234713],[114.1647426,22.325322]]]}},{"type":"Feature","properties":{"tpusb":"221018"},"geometry":{"type":"Polygon","coordinates":[[[114.1663108,22.3248277],[114.1654281,22.325514],[114.1650368,22.3250935],[114.1659214,22.3244072],[114.1663108,22.3248277]]]}},{"type":"Feature","properties":{"tpusb":"221019"},"geometry":{"type":"Polygon","coordinates":[[[114.1676389,22.3244634],[114.1666693,22.3252144],[114.1663108,22.3248277],[114.1673519,22.3240348],[114.1673834,22.323853],[114.1677497,22.3239173],[114.1676389,22.3244634]]]}},{"type":"Feature","properties":{"tpusb":"221020"},"geometry":{"type":"Polygon","coordinates":[[[114.1683656,22.3240252],[114.1681356,22.3251501],[114.1675241,22.3250364],[114.1677497,22.3239173],[114.1683656,22.3240252]]]}},{"type":"Feature","properties":{"tpusb":"221021"},"geometry":{"type":"Polygon","coordinates":[[[114.161399,22.3232086],[114.161391,22.3241325],[114.1609791,22.3241297],[114.160998,22.3232035],[114.161399,22.3232086]]]}},{"type":"Feature","properties":{"tpusb":"221022"},"geometry":{"type":"Polygon","coordinates":[[[114.1619205,22.3238164],[114.1619139,22.324136],[114.161391,22.3241325],[114.161399,22.3232086],[114.1619328,22.323216],[114.1619205,22.3238164]]]}},{"type":"Feature","properties":{"tpusb":"221023"},"geometry":{"type":"Polygon","coordinates":[[[114.1625546,22.3239983],[114.1619066,22.3245056],[114.1619205,22.3238164],[114.1621979,22.3235987],[114.1625546,22.3239983]]]}},{"type":"Feature","properties":{"tpusb":"221024"},"geometry":{"type":"Polygon","coordinates":[[[114.1638011,22.3236549],[114.1628876,22.3243719],[114.1625546,22.3239983],[114.1634676,22.3232821],[114.1638011,22.3236549]]]}},{"type":"Feature","properties":{"tpusb":"221025"},"geometry":{"type":"Polygon","coordinates":[[[114.1650368,22.3250935],[114.1647426,22.325322],[114.165131,22.3234713],[114.1667738,22.3237463],[114.1650368,22.3250935]]]}},{"type":"Feature","properties":{"tpusb":"221026"},"geometry":{"type":"Polygon","coordinates":[[[114.1673834,22.323853],[114.1673519,22.3240348],[114.1663108,22.3248277],[114.1659214,22.3244072],[114.1667738,22.3237463],[114.1673834,22.323853]]]}},{"type":"Feature","properties":{"tpusb":"221027"},"geometry":{"type":"Polygon","coordinates":[[[114.1634676,22.3232821],[114.1625546,22.3239983],[114.1621979,22.3235987],[114.1631097,22.3228831],[114.1634676,22.3232821]]]}},{"type":"Feature","properties":{"tpusb":"221028"},"geometry":{"type":"Polygon","coordinates":[[[114.1603557,22.3225171],[114.1603522,22.3231949],[114.1599484,22.3231895],[114.1599464,22.3225103],[114.1603557,22.3225171]]]}},{"type":"Feature","properties":{"tpusb":"221029"},"geometry":{"type":"Polygon","coordinates":[[[114.1606732,22.322522],[114.1606653,22.323199],[114.1603522,22.3231949],[114.1603557,22.3225171],[114.1606732,22.322522]]]}},{"type":"Feature","properties":{"tpusb":"221030"},"geometry":{"type":"Polygon","coordinates":[[[114.161005,22.3228642],[114.160998,22.3232035],[114.1606653,22.323199],[114.1606732,22.322522],[114.161012,22.3225273],[114.161005,22.3228642]]]}},{"type":"Feature","properties":{"tpusb":"221031"},"geometry":{"type":"Polygon","coordinates":[[[114.1619395,22.3228807],[114.1619328,22.323216],[114.160998,22.3232035],[114.161005,22.3228642],[114.1619395,22.3228807]]]}},{"type":"Feature","properties":{"tpusb":"221032"},"geometry":{"type":"Polygon","coordinates":[[[114.1619463,22.3225421],[114.1619395,22.3228807],[114.161005,22.3228642],[114.161012,22.3225273],[114.1619463,22.3225421]]]}},{"type":"Feature","properties":{"tpusb":"221033"},"geometry":{"type":"Polygon","coordinates":[[[114.1621979,22.3235987],[114.1619205,22.3238164],[114.1619395,22.3228807],[114.1622271,22.3228508],[114.1627318,22.322462],[114.1631097,22.3228831],[114.1621979,22.3235987]]]}},{"type":"Feature","properties":{"tpusb":"221034"},"geometry":{"type":"Polygon","coordinates":[[[114.1642084,22.3233414],[114.1638011,22.3236549],[114.1634676,22.3232821],[114.1643516,22.3225897],[114.1646644,22.3229397],[114.1642084,22.3233414]]]}},{"type":"Feature","properties":{"tpusb":"221035"},"geometry":{"type":"Polygon","coordinates":[[[114.1653598,22.3223809],[114.165131,22.3234713],[114.1642084,22.3233414],[114.1648557,22.3227832],[114.1654344,22.3221664],[114.1653598,22.3223809]]]}},{"type":"Feature","properties":{"tpusb":"221036"},"geometry":{"type":"Polygon","coordinates":[[[114.166419,22.3225847],[114.1661975,22.3236498],[114.165131,22.3234713],[114.1653598,22.3223809],[114.166419,22.3225847]]]}},{"type":"Feature","properties":{"tpusb":"221037"},"geometry":{"type":"Polygon","coordinates":[[[114.16688,22.3226739],[114.1666622,22.3237277],[114.1661975,22.3236498],[114.166419,22.3225847],[114.16688,22.3226739]]]}},{"type":"Feature","properties":{"tpusb":"221038"},"geometry":{"type":"Polygon","coordinates":[[[114.1679022,22.3228704],[114.1667738,22.3237463],[114.1666622,22.3237277],[114.16688,22.3226739],[114.1679022,22.3228704]]]}},{"type":"Feature","properties":{"tpusb":"221039"},"geometry":{"type":"Polygon","coordinates":[[[114.1679744,22.3228843],[114.1677497,22.3239173],[114.1667738,22.3237463],[114.1679022,22.3228704],[114.1679744,22.3228843]]]}},{"type":"Feature","properties":{"tpusb":"221040"},"geometry":{"type":"Polygon","coordinates":[[[114.1685755,22.3230003],[114.1683656,22.3240252],[114.1677497,22.3239173],[114.1679744,22.3228843],[114.1685755,22.3230003]]]}},{"type":"Feature","properties":{"tpusb":"221041"},"geometry":{"type":"Polygon","coordinates":[[[114.1603606,22.3214249],[114.1603557,22.3225171],[114.1597533,22.3225071],[114.159815,22.322088],[114.1598012,22.3214208],[114.1603606,22.3214249]]]}},{"type":"Feature","properties":{"tpusb":"221042"},"geometry":{"type":"Polygon","coordinates":[[[114.1619694,22.3214336],[114.1619463,22.3225421],[114.1603557,22.3225171],[114.1603606,22.3214249],[114.1619694,22.3214336]]]}},{"type":"Feature","properties":{"tpusb":"221043"},"geometry":{"type":"Polygon","coordinates":[[[114.1627318,22.322462],[114.1622271,22.3228508],[114.1619395,22.3228807],[114.1619694,22.3214336],[114.1629841,22.3212627],[114.163159,22.322131],[114.1627318,22.322462]]]}},{"type":"Feature","properties":{"tpusb":"221044"},"geometry":{"type":"Polygon","coordinates":[[[114.1639937,22.3221889],[114.1631097,22.3228831],[114.1627318,22.322462],[114.1636219,22.3217729],[114.1639937,22.3221889]]]}},{"type":"Feature","properties":{"tpusb":"221045"},"geometry":{"type":"Polygon","coordinates":[[[114.1643516,22.3225897],[114.1634676,22.3232821],[114.1631097,22.3228831],[114.1639937,22.3221889],[114.1643516,22.3225897]]]}},{"type":"Feature","properties":{"tpusb":"221046"},"geometry":{"type":"Polygon","coordinates":[[[114.1654344,22.3221664],[114.1648557,22.3227832],[114.1646644,22.3229397],[114.1643516,22.3225897],[114.1652987,22.3218246],[114.1655157,22.3217042],[114.1654344,22.3221664]]]}},{"type":"Feature","properties":{"tpusb":"221047"},"geometry":{"type":"Polygon","coordinates":[[[114.1634405,22.3219129],[114.163159,22.322131],[114.1629841,22.3212627],[114.1632907,22.3212113],[114.1634405,22.3219129]]]}},{"type":"Feature","properties":{"tpusb":"221048"},"geometry":{"type":"Polygon","coordinates":[[[114.1636219,22.3217729],[114.1634405,22.3219129],[114.1632907,22.3212113],[114.1637347,22.3211363],[114.1638318,22.3216098],[114.1636219,22.3217729]]]}},{"type":"Feature","properties":{"tpusb":"221049"},"geometry":{"type":"Polygon","coordinates":[[[114.164274,22.3212673],[114.1638318,22.3216098],[114.1637347,22.3211363],[114.1642316,22.3210528],[114.164274,22.3212673]]]}},{"type":"Feature","properties":{"tpusb":"221050"},"geometry":{"type":"Polygon","coordinates":[[[114.1648655,22.3215049],[114.1639937,22.3221889],[114.1636219,22.3217729],[114.1645064,22.3210872],[114.1648655,22.3215049]]]}},{"type":"Feature","properties":{"tpusb":"221051"},"geometry":{"type":"Polygon","coordinates":[[[114.1652155,22.3219119],[114.1643516,22.3225897],[114.1639937,22.3221889],[114.1648655,22.3215049],[114.1652155,22.3219119]]]}},{"type":"Feature","properties":{"tpusb":"221052"},"geometry":{"type":"Polygon","coordinates":[[[114.1655157,22.3217042],[114.1652155,22.3219119],[114.1648655,22.3215049],[114.1656608,22.3208802],[114.1655157,22.3217042]]]}},{"type":"Feature","properties":{"tpusb":"221053"},"geometry":{"type":"Polygon","coordinates":[[[114.1666132,22.3216535],[114.166419,22.3225847],[114.1653598,22.3223809],[114.1654229,22.3222302],[114.1655576,22.3214649],[114.1666132,22.3216535]]]}},{"type":"Feature","properties":{"tpusb":"221054"},"geometry":{"type":"Polygon","coordinates":[[[114.1670736,22.3217359],[114.16688,22.3226739],[114.166419,22.3225847],[114.1666132,22.3216535],[114.1670736,22.3217359]]]}},{"type":"Feature","properties":{"tpusb":"221055"},"geometry":{"type":"Polygon","coordinates":[[[114.1675431,22.32182],[114.167352,22.3227648],[114.16688,22.3226739],[114.1670736,22.3217359],[114.1675431,22.32182]]]}},{"type":"Feature","properties":{"tpusb":"221058"},"geometry":{"type":"Polygon","coordinates":[[[114.1686375,22.3226971],[114.1685755,22.3230003],[114.1679022,22.3228704],[114.1687339,22.3222253],[114.1686375,22.3226971]]]}},{"type":"Feature","properties":{"tpusb":"221060"},"geometry":{"type":"Polygon","coordinates":[[[114.1603631,22.320895],[114.1603606,22.3214249],[114.1598012,22.3214208],[114.1597701,22.3203565],[114.1601463,22.3203565],[114.1601451,22.3202988],[114.1603656,22.3202978],[114.1603631,22.320895]]]}},{"type":"Feature","properties":{"tpusb":"221062"},"geometry":{"type":"Polygon","coordinates":[[[114.1619889,22.3204769],[114.1619804,22.3209002],[114.1603631,22.320895],[114.1603656,22.3202978],[114.1619926,22.3202912],[114.1619889,22.3204769]]]}},{"type":"Feature","properties":{"tpusb":"221063"},"geometry":{"type":"Polygon","coordinates":[[[114.1627223,22.3213066],[114.1619694,22.3214336],[114.1619889,22.3204769],[114.1625276,22.3203816],[114.1627223,22.3213066]]]}},{"type":"Feature","properties":{"tpusb":"221064"},"geometry":{"type":"Polygon","coordinates":[[[114.1629841,22.3212627],[114.1627223,22.3213066],[114.1625276,22.3203816],[114.1630924,22.3202811],[114.1632907,22.3212113],[114.1629841,22.3212627]]]}},{"type":"Feature","properties":{"tpusb":"221065"},"geometry":{"type":"Polygon","coordinates":[[[114.1637347,22.3211363],[114.1632907,22.3212113],[114.1630924,22.3202811],[114.1635438,22.320201],[114.1637347,22.3211363]]]}},{"type":"Feature","properties":{"tpusb":"221066"},"geometry":{"type":"Polygon","coordinates":[[[114.1642316,22.3210528],[114.1637347,22.3211363],[114.1635438,22.320201],[114.1640436,22.3201124],[114.1642316,22.3210528]]]}},{"type":"Feature","properties":{"tpusb":"221067"},"geometry":{"type":"Polygon","coordinates":[[[114.1645064,22.3210872],[114.164274,22.3212673],[114.1640436,22.3201124],[114.1646011,22.3200137],[114.1647709,22.3208824],[114.1645064,22.3210872]]]}},{"type":"Feature","properties":{"tpusb":"221068"},"geometry":{"type":"Polygon","coordinates":[[[114.1656608,22.3208802],[114.1648655,22.3215049],[114.1645064,22.3210872],[114.1655966,22.3202429],[114.1657658,22.3202841],[114.1656608,22.3208802]]]}},{"type":"Feature","properties":{"tpusb":"221069"},"geometry":{"type":"Polygon","coordinates":[[[114.1657658,22.3202841],[114.1655966,22.3202429],[114.1647709,22.3208824],[114.1646011,22.3200137],[114.1647255,22.3199917],[114.1657834,22.3201814],[114.1657658,22.3202841]]]}},{"type":"Feature","properties":{"tpusb":"221070"},"geometry":{"type":"Polygon","coordinates":[[[114.1668656,22.3204394],[114.1666132,22.3216535],[114.1655576,22.3214649],[114.1657737,22.3202379],[114.1668656,22.3204394]]]}},{"type":"Feature","properties":{"tpusb":"221071"},"geometry":{"type":"Polygon","coordinates":[[[114.1677889,22.3206099],[114.1675431,22.32182],[114.1666132,22.3216535],[114.1668656,22.3204394],[114.1677889,22.3206099]]]}},{"type":"Feature","properties":{"tpusb":"221072"},"geometry":{"type":"Polygon","coordinates":[[[114.1683931,22.3207212],[114.1681467,22.3219279],[114.1675431,22.32182],[114.1677889,22.3206099],[114.1683931,22.3207212]]]}},{"type":"Feature","properties":{"tpusb":"221073"},"geometry":{"type":"Polygon","coordinates":[[[114.1690179,22.3208363],[114.1687715,22.3220402],[114.1681467,22.3219279],[114.1683931,22.3207212],[114.1690179,22.3208363]]]}},{"type":"Feature","properties":{"tpusb":"221077"},"geometry":{"type":"Polygon","coordinates":[[[114.1625276,22.3203816],[114.1619889,22.3204769],[114.1619513,22.3181853],[114.1632369,22.318646],[114.1633498,22.3186511],[114.163075,22.3188024],[114.1626636,22.319163],[114.1627977,22.3192132],[114.1628875,22.3193193],[114.1630924,22.3202811],[114.1625276,22.3203816]]]}},{"type":"Feature","properties":{"tpusb":"221078"},"geometry":{"type":"Polygon","coordinates":[[[114.1635438,22.320201],[114.1630924,22.3202811],[114.1628875,22.3193193],[114.1627977,22.3192132],[114.1626636,22.319163],[114.163075,22.3188024],[114.1633511,22.3186506],[114.1637548,22.318667],[114.1640436,22.3201124],[114.1635438,22.320201]]]}},{"type":"Feature","properties":{"tpusb":"221079"},"geometry":{"type":"Polygon","coordinates":[[[114.1646011,22.3200137],[114.1640436,22.3201124],[114.1637548,22.318667],[114.1655119,22.3187379],[114.1652104,22.3200786],[114.1647255,22.3199917],[114.1646011,22.3200137]]]}},{"type":"Feature","properties":{"tpusb":"221080"},"geometry":{"type":"Polygon","coordinates":[[[114.1659583,22.3193018],[114.1657834,22.3201814],[114.1652104,22.3200786],[114.1655119,22.3187379],[114.166066,22.3187603],[114.1659583,22.3193018]]]}},{"type":"Feature","properties":{"tpusb":"221081"},"geometry":{"type":"Polygon","coordinates":[[[114.1659583,22.3193018],[114.1661921,22.3196236],[114.1667279,22.320414],[114.1657737,22.3202379],[114.1659583,22.3193018]]]}},{"type":"Feature","properties":{"tpusb":"221082"},"geometry":{"type":"Polygon","coordinates":[[[114.1674741,22.3199625],[114.1673588,22.3205303],[114.1668656,22.3204394],[114.1670005,22.319877],[114.1674741,22.3199625]]]}},{"type":"Feature","properties":{"tpusb":"221083"},"geometry":{"type":"Polygon","coordinates":[[[114.1679048,22.3200399],[114.1677889,22.3206099],[114.1673588,22.3205303],[114.1674741,22.3199625],[114.1679048,22.3200399]]]}},{"type":"Feature","properties":{"tpusb":"221084"},"geometry":{"type":"Polygon","coordinates":[[[114.1685096,22.3201494],[114.1683931,22.3207212],[114.1677889,22.3206099],[114.1679048,22.3200399],[114.1685096,22.3201494]]]}},{"type":"Feature","properties":{"tpusb":"221085"},"geometry":{"type":"Polygon","coordinates":[[[114.1691356,22.3202623],[114.1690179,22.3208363],[114.1683931,22.3207212],[114.1685096,22.3201494],[114.1691356,22.3202623]]]}},{"type":"Feature","properties":{"tpusb":"221086"},"geometry":{"type":"Polygon","coordinates":[[[114.1619866,22.3194796],[114.1603694,22.3194963],[114.159802,22.3194938],[114.1598099,22.3194442],[114.1610354,22.3194405],[114.161175,22.3193107],[114.1612623,22.319142],[114.1619775,22.3191449],[114.1619866,22.3194796]]]}},{"type":"Feature","properties":{"tpusb":"221087"},"geometry":{"type":"Polygon","coordinates":[[[114.1615857,22.3191431],[114.1612502,22.3191475],[114.1612479,22.3182558],[114.1611921,22.3181085],[114.1612594,22.3179392],[114.161693,22.3180937],[114.1615809,22.3184026],[114.1615857,22.3191431]]]}},{"type":"Feature","properties":{"tpusb":"221088"},"geometry":{"type":"Polygon","coordinates":[[[114.1619513,22.3181853],[114.1619775,22.3191449],[114.1615857,22.3191431],[114.1616046,22.3182971],[114.161693,22.3180937],[114.1619513,22.3181853]]]}},{"type":"Feature","properties":{"tpusb":"221089"},"geometry":{"type":"Polygon","coordinates":[[[114.1670005,22.319877],[114.1668656,22.3204394],[114.1667279,22.320414],[114.1659583,22.3193018],[114.166066,22.3187603],[114.1671958,22.3189466],[114.1670005,22.319877]]]}},{"type":"Feature","properties":{"tpusb":"221090"},"geometry":{"type":"Polygon","coordinates":[[[114.1676634,22.3190318],[114.1674741,22.3199625],[114.1670005,22.319877],[114.1671958,22.3189466],[114.1676634,22.3190318]]]}},{"type":"Feature","properties":{"tpusb":"221091"},"geometry":{"type":"Polygon","coordinates":[[[114.1680935,22.3191097],[114.1679048,22.3200399],[114.1674741,22.3199625],[114.1676634,22.3190318],[114.1680935,22.3191097]]]}},{"type":"Feature","properties":{"tpusb":"221092"},"geometry":{"type":"Polygon","coordinates":[[[114.1686995,22.3192198],[114.1685096,22.3201494],[114.1679048,22.3200399],[114.1680935,22.3191097],[114.1686995,22.3192198]]]}},{"type":"Feature","properties":{"tpusb":"221093"},"geometry":{"type":"Polygon","coordinates":[[[114.1693255,22.3193333],[114.1691356,22.3202623],[114.1685096,22.3201494],[114.1686995,22.3192198],[114.1693255,22.3193333]]]}},{"type":"Feature","properties":{"tpusb":"221094"},"geometry":{"type":"Polygon","coordinates":[[[114.160998,22.3232035],[114.1609791,22.3241297],[114.1599474,22.3241254],[114.1599484,22.3231895],[114.160998,22.3232035]]]}},{"type":"Feature","properties":{"tpusb":"221096"},"geometry":{"type":"Polygon","coordinates":[[[114.1687339,22.3222253],[114.1679022,22.3228704],[114.167352,22.3227648],[114.1675431,22.32182],[114.1687715,22.3220402],[114.1687339,22.3222253]]]}},{"type":"Feature","properties":{"tpusb":"221097"},"geometry":{"type":"Polygon","coordinates":[[[114.1619694,22.3214336],[114.1603606,22.3214249],[114.1603631,22.320895],[114.1619804,22.3209002],[114.1619694,22.3214336]]]}},{"type":"Feature","properties":{"tpusb":"221098"},"geometry":{"type":"Polygon","coordinates":[[[114.1603656,22.3202978],[114.1601451,22.3202988],[114.1601463,22.3203565],[114.1597701,22.3203565],[114.159802,22.3194938],[114.1603694,22.3194963],[114.1603656,22.3202978]]]}},{"type":"Feature","properties":{"tpusb":"221099"},"geometry":{"type":"Polygon","coordinates":[[[114.1619926,22.3202912],[114.1603656,22.3202978],[114.1603694,22.3194963],[114.1619866,22.3194796],[114.1619926,22.3202912]]]}},{"type":"Feature","properties":{"tpusb":"222001"},"geometry":{"type":"Polygon","coordinates":[[[114.1687805,22.3252698],[114.1685449,22.3265265],[114.1678572,22.3264971],[114.1681356,22.3251501],[114.1687805,22.3252698]]]}},{"type":"Feature","properties":{"tpusb":"222002"},"geometry":{"type":"Polygon","coordinates":[[[114.1693052,22.3253675],[114.1690616,22.3265489],[114.1685449,22.3265265],[114.1687805,22.3252698],[114.1693052,22.3253675]]]}},{"type":"Feature","properties":{"tpusb":"222003"},"geometry":{"type":"Polygon","coordinates":[[[114.1698403,22.3254674],[114.1696148,22.326573],[114.1690616,22.3265489],[114.1693052,22.3253675],[114.1698403,22.3254674]]]}},{"type":"Feature","properties":{"tpusb":"222004"},"geometry":{"type":"Polygon","coordinates":[[[114.1704503,22.3255804],[114.1702379,22.3266001],[114.1696148,22.326573],[114.1698403,22.3254674],[114.1704503,22.3255804]]]}},{"type":"Feature","properties":{"tpusb":"222005"},"geometry":{"type":"Polygon","coordinates":[[[114.1741402,22.3267617],[114.1702379,22.3266001],[114.1705655,22.3249632],[114.1734701,22.3254569],[114.1741402,22.3267617]]]}},{"type":"Feature","properties":{"tpusb":"222006"},"geometry":{"type":"Polygon","coordinates":[[[114.16954,22.3242307],[114.1693052,22.3253675],[114.1681356,22.3251501],[114.1683656,22.3240252],[114.16954,22.3242307]]]}},{"type":"Feature","properties":{"tpusb":"222007"},"geometry":{"type":"Polygon","coordinates":[[[114.1700739,22.3243239],[114.1698403,22.3254674],[114.1693052,22.3253675],[114.16954,22.3242307],[114.1700739,22.3243239]]]}},{"type":"Feature","properties":{"tpusb":"222008"},"geometry":{"type":"Polygon","coordinates":[[[114.1705655,22.3249632],[114.1704503,22.3255804],[114.1698403,22.3254674],[114.1700739,22.3243239],[114.1706866,22.3244311],[114.1705655,22.3249632]]]}},{"type":"Feature","properties":{"tpusb":"222009"},"geometry":{"type":"Polygon","coordinates":[[[114.1722038,22.324697],[114.1720885,22.3252219],[114.1705655,22.3249632],[114.1706866,22.3244311],[114.1722038,22.324697]]]}},{"type":"Feature","properties":{"tpusb":"222010"},"geometry":{"type":"Polygon","coordinates":[[[114.1732691,22.3248835],[114.1735323,22.3254675],[114.1720885,22.3252219],[114.1722038,22.324697],[114.1732691,22.3248835]]]}},{"type":"Feature","properties":{"tpusb":"222011"},"geometry":{"type":"Polygon","coordinates":[[[114.1685755,22.3230003],[114.168775,22.3231004],[114.1691517,22.3234469],[114.1690123,22.3241381],[114.1683656,22.3240252],[114.1685755,22.3230003]]]}},{"type":"Feature","properties":{"tpusb":"222012"},"geometry":{"type":"Polygon","coordinates":[[[114.1701666,22.324116],[114.1701238,22.3243326],[114.1690123,22.3241381],[114.1691517,22.3234469],[114.168775,22.3231004],[114.1685755,22.3230003],[114.1686375,22.3226971],[114.1700237,22.3240628],[114.1701666,22.324116]]]}},{"type":"Feature","properties":{"tpusb":"222013"},"geometry":{"type":"Polygon","coordinates":[[[114.1694128,22.3221548],[114.1693198,22.3226148],[114.1691927,22.3232441],[114.1686375,22.3226971],[114.1687715,22.3220402],[114.1694128,22.3221548]]]}},{"type":"Feature","properties":{"tpusb":"222014"},"geometry":{"type":"Polygon","coordinates":[[[114.169949,22.3222508],[114.1698739,22.3226148],[114.1696509,22.3236955],[114.1691927,22.3232441],[114.1694128,22.3221548],[114.169949,22.3222508]]]}},{"type":"Feature","properties":{"tpusb":"222015"},"geometry":{"type":"Polygon","coordinates":[[[114.1705147,22.3223516],[114.1701666,22.324116],[114.1700237,22.3240628],[114.1696509,22.3236955],[114.169949,22.3222508],[114.1705147,22.3223516]]]}},{"type":"Feature","properties":{"tpusb":"222016"},"geometry":{"type":"Polygon","coordinates":[[[114.1710864,22.322454],[114.1706866,22.3244311],[114.1701238,22.3243326],[114.1705147,22.3223516],[114.1706723,22.3223279],[114.1710145,22.3223901],[114.1710864,22.322454]]]}},{"type":"Feature","properties":{"tpusb":"222017"},"geometry":{"type":"Polygon","coordinates":[[[114.1722676,22.3198679],[114.1715954,22.3232721],[114.171948,22.3236743],[114.1726647,22.3237922],[114.172813,22.3243075],[114.1732514,22.3248804],[114.1706866,22.3244311],[114.1716337,22.3197528],[114.1722676,22.3198679]]]}},{"type":"Feature","properties":{"tpusb":"222018"},"geometry":{"type":"Polygon","coordinates":[[[114.1731601,22.32003],[114.1731144,22.320139],[114.1730269,22.3201239],[114.1729421,22.3205997],[114.1728709,22.3220826],[114.1731027,22.3234381],[114.1734624,22.3240222],[114.1737273,22.3248144],[114.1737644,22.3248207],[114.1738517,22.3249856],[114.1732514,22.3248804],[114.172813,22.3243075],[114.1726647,22.3237922],[114.171948,22.3236743],[114.1715954,22.3232721],[114.1722676,22.3198679],[114.1731601,22.32003]]]}},{"type":"Feature","properties":{"tpusb":"222019"},"geometry":{"type":"Polygon","coordinates":[[[114.1696555,22.3209538],[114.1694128,22.3221548],[114.1687715,22.3220402],[114.1690179,22.3208363],[114.1696555,22.3209538]]]}},{"type":"Feature","properties":{"tpusb":"222020"},"geometry":{"type":"Polygon","coordinates":[[[114.170196,22.3210531],[114.169949,22.3222508],[114.1694128,22.3221548],[114.1696555,22.3209538],[114.170196,22.3210531]]]}},{"type":"Feature","properties":{"tpusb":"222021"},"geometry":{"type":"Polygon","coordinates":[[[114.1707652,22.3211582],[114.1705147,22.3223516],[114.169949,22.3222508],[114.170196,22.3210531],[114.1707652,22.3211582]]]}},{"type":"Feature","properties":{"tpusb":"222022"},"geometry":{"type":"Polygon","coordinates":[[[114.1713279,22.321262],[114.1710864,22.322454],[114.1710145,22.3223901],[114.1706723,22.3223279],[114.1705147,22.3223516],[114.1707652,22.3211582],[114.1713279,22.321262]]]}},{"type":"Feature","properties":{"tpusb":"222023"},"geometry":{"type":"Polygon","coordinates":[[[114.169772,22.3203769],[114.1696555,22.3209538],[114.1690179,22.3208363],[114.1691356,22.3202623],[114.169772,22.3203769]]]}},{"type":"Feature","properties":{"tpusb":"222024"},"geometry":{"type":"Polygon","coordinates":[[[114.1703155,22.3204746],[114.170196,22.3210531],[114.1696555,22.3209538],[114.169772,22.3203769],[114.1703155,22.3204746]]]}},{"type":"Feature","properties":{"tpusb":"222025"},"geometry":{"type":"Polygon","coordinates":[[[114.1708937,22.3205791],[114.1707652,22.3211582],[114.170196,22.3210531],[114.1703155,22.3204746],[114.1708937,22.3205791]]]}},{"type":"Feature","properties":{"tpusb":"222026"},"geometry":{"type":"Polygon","coordinates":[[[114.1714463,22.320679],[114.1713279,22.321262],[114.1707652,22.3211582],[114.1708937,22.3205791],[114.1714463,22.320679]]]}},{"type":"Feature","properties":{"tpusb":"222027"},"geometry":{"type":"Polygon","coordinates":[[[114.1699601,22.3194485],[114.169772,22.3203769],[114.1691356,22.3202623],[114.1693255,22.3193333],[114.1699601,22.3194485]]]}},{"type":"Feature","properties":{"tpusb":"222028"},"geometry":{"type":"Polygon","coordinates":[[[114.1705066,22.3195478],[114.1703155,22.3204746],[114.169772,22.3203769],[114.1699601,22.3194485],[114.1705066,22.3195478]]]}},{"type":"Feature","properties":{"tpusb":"222029"},"geometry":{"type":"Polygon","coordinates":[[[114.1710867,22.3196531],[114.1708937,22.3205791],[114.1703155,22.3204746],[114.1705066,22.3195478],[114.1710867,22.3196531]]]}},{"type":"Feature","properties":{"tpusb":"222030"},"geometry":{"type":"Polygon","coordinates":[[[114.1716337,22.3197528],[114.1714463,22.320679],[114.1708937,22.3205791],[114.1710867,22.3196531],[114.1716337,22.3197528]]]}},{"type":"Feature","properties":{"tpusb":"222031"},"geometry":{"type":"Polygon","coordinates":[[[114.1746086,22.3265996],[114.1741402,22.3267617],[114.1734701,22.3254569],[114.1735323,22.3254675],[114.1732691,22.3248835],[114.1738517,22.3249856],[114.1746983,22.3265839],[114.1746086,22.3265996]]]}},{"type":"Feature","properties":{"tpusb":"225006"},"geometry":{"type":"Polygon","coordinates":[[[114.1708442,22.3119114],[114.1706222,22.3129979],[114.1700938,22.3129092],[114.1702868,22.3118278],[114.1708442,22.3119114]]]}},{"type":"Feature","properties":{"tpusb":"225007"},"geometry":{"type":"Polygon","coordinates":[[[114.169074,22.3120902],[114.1690605,22.3121569],[114.1680464,22.311987],[114.1681292,22.3115233],[114.1673306,22.3113945],[114.1674195,22.3108898],[114.1692599,22.3111742],[114.169074,22.3120902]]]}},{"type":"Feature","properties":{"tpusb":"225008"},"geometry":{"type":"Polygon","coordinates":[[[114.1695922,22.3117234],[114.1695039,22.3121582],[114.169074,22.3120902],[114.1691616,22.3116584],[114.1695922,22.3117234]]]}},{"type":"Feature","properties":{"tpusb":"225010"},"geometry":{"type":"Polygon","coordinates":[[[114.1696899,22.3112408],[114.1695922,22.3117234],[114.1691616,22.3116584],[114.1692599,22.3111742],[114.1696899,22.3112408]]]}},{"type":"Feature","properties":{"tpusb":"225011"},"geometry":{"type":"Polygon","coordinates":[[[114.1702028,22.3113202],[114.1701141,22.3118019],[114.1695922,22.3117234],[114.1696899,22.3112408],[114.1702028,22.3113202]]]}},{"type":"Feature","properties":{"tpusb":"225012"},"geometry":{"type":"Polygon","coordinates":[[[114.1704554,22.3113593],[114.1703638,22.3118391],[114.1701141,22.3118019],[114.1702028,22.3113202],[114.1704554,22.3113593]]]}},{"type":"Feature","properties":{"tpusb":"225013"},"geometry":{"type":"Polygon","coordinates":[[[114.1710469,22.3109219],[114.1708442,22.3119114],[114.1703638,22.3118391],[114.1705549,22.3108373],[114.1710469,22.3109219]]]}},{"type":"Feature","properties":{"tpusb":"225018"},"geometry":{"type":"Polygon","coordinates":[[[114.1697985,22.3107069],[114.1696899,22.3112408],[114.1692599,22.3111742],[114.1693703,22.3106329],[114.1697985,22.3107069]]]}},{"type":"Feature","properties":{"tpusb":"225019"},"geometry":{"type":"Polygon","coordinates":[[[114.1702999,22.3107933],[114.1702028,22.3113202],[114.1696899,22.3112408],[114.1697985,22.3107069],[114.1702999,22.3107933]]]}},{"type":"Feature","properties":{"tpusb":"225020"},"geometry":{"type":"Polygon","coordinates":[[[114.1705549,22.3108373],[114.1704554,22.3113593],[114.1702028,22.3113202],[114.1702999,22.3107933],[114.1705549,22.3108373]]]}},{"type":"Feature","properties":{"tpusb":"225021"},"geometry":{"type":"Polygon","coordinates":[[[114.1699223,22.3100962],[114.1697985,22.3107069],[114.1693703,22.3106329],[114.1694941,22.3100233],[114.1699223,22.3100962]]]}},{"type":"Feature","properties":{"tpusb":"225022"},"geometry":{"type":"Polygon","coordinates":[[[114.170413,22.3101793],[114.1702999,22.3107933],[114.1697985,22.3107069],[114.1699223,22.3100962],[114.170413,22.3101793]]]}},{"type":"Feature","properties":{"tpusb":"225023"},"geometry":{"type":"Polygon","coordinates":[[[114.170672,22.3102232],[114.1705549,22.3108373],[114.1702999,22.3107933],[114.170413,22.3101793],[114.170672,22.3102232]]]}},{"type":"Feature","properties":{"tpusb":"225024"},"geometry":{"type":"Polygon","coordinates":[[[114.1711373,22.3103022],[114.1710469,22.3109219],[114.1705549,22.3108373],[114.170672,22.3102232],[114.1711373,22.3103022]]]}},{"type":"Feature","properties":{"tpusb":"225025"},"geometry":{"type":"Polygon","coordinates":[[[114.1687784,22.3089758],[114.1690209,22.3099432],[114.1679437,22.3097608],[114.1675997,22.3098877],[114.1676461,22.3097527],[114.1676096,22.3097498],[114.1677008,22.3091664],[114.1677726,22.3091941],[114.1687784,22.3089758]]]}},{"type":"Feature","properties":{"tpusb":"225028"},"geometry":{"type":"Polygon","coordinates":[[[114.1705651,22.3096169],[114.1704547,22.3101864],[114.1699223,22.3100962],[114.1700432,22.3095297],[114.1705651,22.3096169]]]}},{"type":"Feature","properties":{"tpusb":"225029"},"geometry":{"type":"Polygon","coordinates":[[[114.1711555,22.3101136],[114.1711373,22.3103022],[114.1704547,22.3101864],[114.1705651,22.3096169],[114.1711937,22.3097208],[114.1711555,22.3101136]]]}},{"type":"Feature","properties":{"tpusb":"225032"},"geometry":{"type":"Polygon","coordinates":[[[114.1706976,22.3085469],[114.1707631,22.3087484],[114.1707752,22.3089465],[114.170621,22.3096263],[114.1700432,22.3095297],[114.1701341,22.3090515],[114.1700922,22.3086908],[114.1706976,22.3085469]]]}},{"type":"Feature","properties":{"tpusb":"225033"},"geometry":{"type":"Polygon","coordinates":[[[114.1713199,22.3084244],[114.1711937,22.3097208],[114.170621,22.3096263],[114.1707752,22.3089465],[114.1707631,22.3087484],[114.1706976,22.3085469],[114.1713199,22.3084244]]]}},{"type":"Feature","properties":{"tpusb":"225034"},"geometry":{"type":"Polygon","coordinates":[[[114.1687784,22.3089758],[114.1677726,22.3091941],[114.1677008,22.3091664],[114.1677539,22.3088273],[114.167655,22.3084553],[114.1685886,22.3082422],[114.1687784,22.3089758]]]}},{"type":"Feature","properties":{"tpusb":"225035"},"geometry":{"type":"Polygon","coordinates":[[[114.16924,22.3088759],[114.1687784,22.3089758],[114.1686055,22.3083081],[114.1690629,22.3082054],[114.16924,22.3088759]]]}},{"type":"Feature","properties":{"tpusb":"225036"},"geometry":{"type":"Polygon","coordinates":[[[114.1696363,22.3087894],[114.16924,22.3088759],[114.1690629,22.3082054],[114.169482,22.3081117],[114.1696363,22.3087894]]]}},{"type":"Feature","properties":{"tpusb":"225037"},"geometry":{"type":"Polygon","coordinates":[[[114.1700922,22.3086908],[114.1696591,22.3087845],[114.169482,22.3081117],[114.1699164,22.308014],[114.1700922,22.3086908]]]}},{"type":"Feature","properties":{"tpusb":"225038"},"geometry":{"type":"Polygon","coordinates":[[[114.170519,22.3085894],[114.1700922,22.3086908],[114.1699164,22.308014],[114.1703519,22.3079159],[114.170519,22.3085894]]]}},{"type":"Feature","properties":{"tpusb":"225039"},"geometry":{"type":"Polygon","coordinates":[[[114.1706976,22.3085469],[114.170519,22.3085894],[114.1703519,22.3079159],[114.1707819,22.3078194],[114.1709566,22.3084862],[114.1706976,22.3085469]]]}},{"type":"Feature","properties":{"tpusb":"225040"},"geometry":{"type":"Polygon","coordinates":[[[114.1713199,22.3084244],[114.1709566,22.3084862],[114.1707819,22.3078194],[114.1712241,22.3077183],[114.1713867,22.3077404],[114.1713199,22.3084244]]]}},{"type":"Feature","properties":{"tpusb":"225041"},"geometry":{"type":"Polygon","coordinates":[[[114.1685886,22.3082422],[114.167655,22.3084553],[114.1675169,22.307935],[114.1684545,22.3077222],[114.1685886,22.3082422]]]}},{"type":"Feature","properties":{"tpusb":"225042"},"geometry":{"type":"Polygon","coordinates":[[[114.1690629,22.3082054],[114.1686055,22.3083081],[114.1684545,22.3077222],[114.1689076,22.3076195],[114.1690629,22.3082054]]]}},{"type":"Feature","properties":{"tpusb":"225043"},"geometry":{"type":"Polygon","coordinates":[[[114.169482,22.3081117],[114.1690629,22.3082054],[114.1689076,22.3076195],[114.1693268,22.3075241],[114.169482,22.3081117]]]}},{"type":"Feature","properties":{"tpusb":"225044"},"geometry":{"type":"Polygon","coordinates":[[[114.1699164,22.308014],[114.169482,22.3081117],[114.1693268,22.3075241],[114.1697635,22.3074248],[114.1699164,22.308014]]]}},{"type":"Feature","properties":{"tpusb":"225045"},"geometry":{"type":"Polygon","coordinates":[[[114.1703519,22.3079159],[114.1699164,22.308014],[114.1697635,22.3074248],[114.1702051,22.3073244],[114.1703519,22.3079159]]]}},{"type":"Feature","properties":{"tpusb":"225046"},"geometry":{"type":"Polygon","coordinates":[[[114.1707819,22.3078194],[114.1703519,22.3079159],[114.1702051,22.3073244],[114.1706267,22.307229],[114.1707819,22.3078194]]]}},{"type":"Feature","properties":{"tpusb":"225047"},"geometry":{"type":"Polygon","coordinates":[[[114.1713867,22.3077404],[114.1712241,22.3077183],[114.1707819,22.3078194],[114.1706267,22.307229],[114.1714547,22.3070405],[114.1713867,22.3077404]]]}},{"type":"Feature","properties":{"tpusb":"225048"},"geometry":{"type":"Polygon","coordinates":[[[114.1665212,22.3081828],[114.1655987,22.3083903],[114.1655167,22.3080728],[114.1664364,22.3078677],[114.1665212,22.3081828]]]}},{"type":"Feature","properties":{"tpusb":"225049"},"geometry":{"type":"Polygon","coordinates":[[[114.1675228,22.3079575],[114.1665212,22.3081828],[114.1664364,22.3078677],[114.167439,22.3076356],[114.1675228,22.3079575]]]}},{"type":"Feature","properties":{"tpusb":"225050"},"geometry":{"type":"Polygon","coordinates":[[[114.1664364,22.3078677],[114.1655167,22.3080728],[114.1654342,22.3077536],[114.1663491,22.3075454],[114.1664364,22.3078677]]]}},{"type":"Feature","properties":{"tpusb":"225051"},"geometry":{"type":"Polygon","coordinates":[[[114.167439,22.3076356],[114.1664364,22.3078677],[114.1663491,22.3075454],[114.1673559,22.3073167],[114.167439,22.3076356]]]}},{"type":"Feature","properties":{"tpusb":"225052"},"geometry":{"type":"Polygon","coordinates":[[[114.1663491,22.3075454],[114.1654342,22.3077536],[114.1653545,22.3074456],[114.1662642,22.3072316],[114.1663491,22.3075454]]]}},{"type":"Feature","properties":{"tpusb":"225053"},"geometry":{"type":"Polygon","coordinates":[[[114.1673559,22.3073167],[114.1663491,22.3075454],[114.1662642,22.3072316],[114.1672721,22.3069951],[114.1673559,22.3073167]]]}},{"type":"Feature","properties":{"tpusb":"225054"},"geometry":{"type":"Polygon","coordinates":[[[114.1662642,22.3072316],[114.1653545,22.3074456],[114.1653522,22.3074366],[114.165395,22.3074282],[114.1653435,22.307146],[114.1661879,22.3069483],[114.1662642,22.3072316]]]}},{"type":"Feature","properties":{"tpusb":"225055"},"geometry":{"type":"Polygon","coordinates":[[[114.1672721,22.3069951],[114.1662642,22.3072316],[114.1661879,22.3069483],[114.1671988,22.3067135],[114.1672721,22.3069951]]]}},{"type":"Feature","properties":{"tpusb":"225056"},"geometry":{"type":"Polygon","coordinates":[[[114.1680154,22.3078221],[114.1675169,22.307935],[114.1670025,22.3059634],[114.1676364,22.3058263],[114.1675418,22.3059691],[114.1675284,22.3060571],[114.1680154,22.3078221]]]}},{"type":"Feature","properties":{"tpusb":"225057"},"geometry":{"type":"Polygon","coordinates":[[[114.1684545,22.3077222],[114.1680154,22.3078221],[114.1675284,22.3060571],[114.1675418,22.3059691],[114.1676364,22.3058263],[114.1679463,22.305757],[114.1684545,22.3077222]]]}},{"type":"Feature","properties":{"tpusb":"225058"},"geometry":{"type":"Polygon","coordinates":[[[114.1689076,22.3076195],[114.1684545,22.3077222],[114.168292,22.307094],[114.1687409,22.3069913],[114.1689076,22.3076195]]]}},{"type":"Feature","properties":{"tpusb":"225059"},"geometry":{"type":"Polygon","coordinates":[[[114.1693268,22.3075241],[114.1689076,22.3076195],[114.1687409,22.3069913],[114.1691612,22.3068954],[114.1693268,22.3075241]]]}},{"type":"Feature","properties":{"tpusb":"225060"},"geometry":{"type":"Polygon","coordinates":[[[114.1697635,22.3074248],[114.1693268,22.3075241],[114.1691612,22.3068954],[114.1696004,22.3067949],[114.1697635,22.3074248]]]}},{"type":"Feature","properties":{"tpusb":"225061"},"geometry":{"type":"Polygon","coordinates":[[[114.1702051,22.3073244],[114.1697635,22.3074248],[114.1696004,22.3067949],[114.170048,22.3066928],[114.1702051,22.3073244]]]}},{"type":"Feature","properties":{"tpusb":"225062"},"geometry":{"type":"Polygon","coordinates":[[[114.1706267,22.307229],[114.1702051,22.3073244],[114.170048,22.3066928],[114.1704605,22.306598],[114.1706267,22.307229]]]}},{"type":"Feature","properties":{"tpusb":"225063"},"geometry":{"type":"Polygon","coordinates":[[[114.1710658,22.3071291],[114.1706267,22.307229],[114.1704605,22.306598],[114.1708972,22.3064981],[114.1710658,22.3071291]]]}},{"type":"Feature","properties":{"tpusb":"225064"},"geometry":{"type":"Polygon","coordinates":[[[114.1714547,22.3070405],[114.1710658,22.3071291],[114.1708972,22.3064981],[114.1715056,22.3065156],[114.1714547,22.3070405]]]}},{"type":"Feature","properties":{"tpusb":"225065"},"geometry":{"type":"Polygon","coordinates":[[[114.1687409,22.3069913],[114.168292,22.307094],[114.1681343,22.306485],[114.1685802,22.3063845],[114.1687409,22.3069913]]]}},{"type":"Feature","properties":{"tpusb":"225066"},"geometry":{"type":"Polygon","coordinates":[[[114.1691612,22.3068954],[114.1687409,22.3069913],[114.1685802,22.3063845],[114.1690011,22.3062897],[114.1691612,22.3068954]]]}},{"type":"Feature","properties":{"tpusb":"225067"},"geometry":{"type":"Polygon","coordinates":[[[114.1696004,22.3067949],[114.1691612,22.3068954],[114.1690011,22.3062897],[114.1694433,22.3061904],[114.1696004,22.3067949]]]}},{"type":"Feature","properties":{"tpusb":"225068"},"geometry":{"type":"Polygon","coordinates":[[[114.170048,22.3066928],[114.1696004,22.3067949],[114.1694433,22.3061904],[114.1698976,22.3060877],[114.170048,22.3066928]]]}},{"type":"Feature","properties":{"tpusb":"225069"},"geometry":{"type":"Polygon","coordinates":[[[114.1704605,22.306598],[114.170048,22.3066928],[114.1698976,22.3060877],[114.1703028,22.3059969],[114.1704605,22.306598]]]}},{"type":"Feature","properties":{"tpusb":"225070"},"geometry":{"type":"Polygon","coordinates":[[[114.1708972,22.3064981],[114.1704605,22.306598],[114.1703028,22.3059969],[114.1707377,22.3058987],[114.1708972,22.3064981]]]}},{"type":"Feature","properties":{"tpusb":"225071"},"geometry":{"type":"Polygon","coordinates":[[[114.1715439,22.3061211],[114.1715056,22.3065156],[114.1708972,22.3064981],[114.1707377,22.3058987],[114.171559,22.3059681],[114.1715439,22.3061211]]]}},{"type":"Feature","properties":{"tpusb":"225073"},"geometry":{"type":"Polygon","coordinates":[[[114.1685802,22.3063845],[114.1681343,22.306485],[114.1679463,22.305757],[114.1683883,22.3056603],[114.1685802,22.3063845]]]}},{"type":"Feature","properties":{"tpusb":"225074"},"geometry":{"type":"Polygon","coordinates":[[[114.1690011,22.3062897],[114.1685802,22.3063845],[114.1683883,22.3056603],[114.169257,22.3054703],[114.1694433,22.3061904],[114.1690011,22.3062897]]]}},{"type":"Feature","properties":{"tpusb":"225075"},"geometry":{"type":"Polygon","coordinates":[[[114.1698976,22.3060877],[114.1694433,22.3061904],[114.169257,22.3054703],[114.1697193,22.3053692],[114.1698976,22.3060877]]]}},{"type":"Feature","properties":{"tpusb":"225076"},"geometry":{"type":"Polygon","coordinates":[[[114.1703028,22.3059969],[114.1698976,22.3060877],[114.1697193,22.3053692],[114.1701152,22.3052826],[114.1703028,22.3059969]]]}},{"type":"Feature","properties":{"tpusb":"225077"},"geometry":{"type":"Polygon","coordinates":[[[114.1707377,22.3058987],[114.1703028,22.3059969],[114.1701152,22.3052826],[114.1705627,22.3052295],[114.1707377,22.3058987]]]}},{"type":"Feature","properties":{"tpusb":"225078"},"geometry":{"type":"Polygon","coordinates":[[[114.1716201,22.3053392],[114.171559,22.3059681],[114.1707377,22.3058987],[114.1705627,22.3052295],[114.1710662,22.3052311],[114.1716201,22.3053392]]]}},{"type":"Feature","properties":{"tpusb":"225081"},"geometry":{"type":"Polygon","coordinates":[[[114.1700432,22.3095297],[114.1699223,22.3100962],[114.1694454,22.3100151],[114.1696568,22.3089999],[114.1696363,22.3087894],[114.1700922,22.3086908],[114.1701341,22.3090515],[114.1700432,22.3095297]]]}},{"type":"Feature","properties":{"tpusb":"225082"},"geometry":{"type":"Polygon","coordinates":[[[114.1696515,22.3090284],[114.1695315,22.3096703],[114.1693952,22.3096497],[114.16924,22.3090384],[114.1696515,22.3090284]]]}},{"type":"Feature","properties":{"tpusb":"225083"},"geometry":{"type":"Polygon","coordinates":[[[114.1695315,22.3096703],[114.1694454,22.3100151],[114.1690209,22.3099432],[114.1687784,22.3089758],[114.1696363,22.3087894],[114.1696515,22.3090284],[114.16924,22.3090384],[114.1693952,22.3096497],[114.1695315,22.3096703]]]}},{"type":"Feature","properties":{"tpusb":"225084"},"geometry":{"type":"Polygon","coordinates":[[[114.1691996,22.3099735],[114.1689794,22.3111308],[114.1674195,22.3108898],[114.1675997,22.3098877],[114.1679437,22.3097608],[114.1691996,22.3099735]]]}},{"type":"Feature","properties":{"tpusb":"225085"},"geometry":{"type":"Polygon","coordinates":[[[114.1693703,22.3106329],[114.1692599,22.3111742],[114.1689794,22.3111308],[114.1691996,22.3099735],[114.1694941,22.3100233],[114.1693703,22.3106329]]]}},{"type":"Feature","properties":{"tpusb":"225086"},"geometry":{"type":"Polygon","coordinates":[[[114.1695039,22.3121582],[114.1693762,22.312789],[114.1689468,22.3127167],[114.169074,22.3120902],[114.1695039,22.3121582]]]}},{"type":"Feature","properties":{"tpusb":"225087"},"geometry":{"type":"Polygon","coordinates":[[[114.1702868,22.3118278],[114.1700938,22.3129092],[114.1693762,22.312789],[114.1695922,22.3117234],[114.1702868,22.3118278]]]}},{"type":"Feature","properties":{"tpusb":"225088"},"geometry":{"type":"Polygon","coordinates":[[[114.1690605,22.3121569],[114.1689468,22.3127167],[114.1671917,22.3124226],[114.1673306,22.3113945],[114.1681292,22.3115233],[114.1680464,22.311987],[114.1690605,22.3121569]]]}},{"type":"Feature","properties":{"tpusb":"226001"},"geometry":{"type":"Polygon","coordinates":[[[114.1761173,22.3124264],[114.1757364,22.3129918],[114.17537,22.3136696],[114.1743927,22.3159391],[114.1741428,22.3163122],[114.1739033,22.3164655],[114.1725168,22.3145762],[114.1730752,22.3141775],[114.1730316,22.3139021],[114.1733564,22.3136981],[114.1739841,22.3143544],[114.1742733,22.3143284],[114.1752516,22.3129695],[114.1752183,22.3129523],[114.1758437,22.3122849],[114.1761173,22.3124264]]]}},{"type":"Feature","properties":{"tpusb":"226002"},"geometry":{"type":"Polygon","coordinates":[[[114.171408,22.3109843],[114.1711839,22.3121524],[114.1714045,22.3121902],[114.1713598,22.3124199],[114.1715479,22.312451],[114.1715053,22.3126758],[114.1716904,22.3127123],[114.1716665,22.3128142],[114.1717825,22.3130016],[114.1714555,22.3131698],[114.1713161,22.3131136],[114.1706222,22.3129979],[114.1710469,22.3109219],[114.171408,22.3109843]]]}},{"type":"Feature","properties":{"tpusb":"226003"},"geometry":{"type":"Polygon","coordinates":[[[114.1733564,22.3136981],[114.1730316,22.3139021],[114.1730752,22.3141775],[114.1725168,22.3145762],[114.1715763,22.3132767],[114.1714555,22.3131698],[114.1717825,22.3130016],[114.1716665,22.3128142],[114.1716904,22.3127123],[114.1715053,22.3126758],[114.1715479,22.312451],[114.1713598,22.3124199],[114.1714045,22.3121902],[114.1711839,22.3121524],[114.171408,22.3109843],[114.1716874,22.3110326],[114.1718403,22.3104213],[114.1719035,22.3103951],[114.1719052,22.3103457],[114.1718306,22.3103327],[114.1718385,22.3102921],[114.1719192,22.3103034],[114.1719331,22.3101978],[114.1719956,22.3102503],[114.172163,22.3102227],[114.1722407,22.3103457],[114.1722617,22.310554],[114.1723222,22.3105911],[114.1723723,22.3105275],[114.1727672,22.3106878],[114.1728276,22.3106174],[114.1739003,22.3113865],[114.1742175,22.3114114],[114.1746591,22.3112234],[114.1749878,22.3112148],[114.1748377,22.3113866],[114.1744256,22.3115562],[114.1742821,22.3117224],[114.1742528,22.3118751],[114.1741842,22.3118846],[114.1742024,22.311985],[114.1742556,22.3120034],[114.1742654,22.3121107],[114.1744644,22.3122298],[114.174451,22.3124324],[114.1743473,22.3126474],[114.1737734,22.3134382],[114.1737704,22.3135708],[114.1736813,22.3136484],[114.1737271,22.3137048],[114.1735534,22.3138036],[114.1733891,22.3136528],[114.1733564,22.3136981]]]}},{"type":"Feature","properties":{"tpusb":"226004"},"geometry":{"type":"Polygon","coordinates":[[[114.1761173,22.3124264],[114.1758437,22.3122849],[114.1752183,22.3129523],[114.1752516,22.3129695],[114.1742733,22.3143284],[114.1739841,22.3143544],[114.1733415,22.3136829],[114.1733891,22.3136528],[114.1735534,22.3138036],[114.1737271,22.3137048],[114.1736813,22.3136484],[114.1737704,22.3135708],[114.1737734,22.3134382],[114.1743473,22.3126474],[114.174451,22.3124324],[114.1744644,22.3122298],[114.1742654,22.3121107],[114.1742556,22.3120034],[114.1742024,22.311985],[114.1741842,22.3118846],[114.1742528,22.3118751],[114.1742821,22.3117224],[114.1744256,22.3115562],[114.1748377,22.3113866],[114.1749878,22.3112148],[114.1758292,22.311259],[114.176178,22.3111636],[114.1765341,22.3120464],[114.1762836,22.312177],[114.1761173,22.3124264]]]}},{"type":"Feature","properties":{"tpusb":"226005"},"geometry":{"type":"Polygon","coordinates":[[[114.1718403,22.3104213],[114.1716874,22.3110326],[114.1710469,22.3109219],[114.1711373,22.3103022],[114.1718403,22.3104213]]]}},{"type":"Feature","properties":{"tpusb":"226006"},"geometry":{"type":"Polygon","coordinates":[[[114.1722407,22.3103457],[114.172163,22.3102227],[114.1719956,22.3102503],[114.1719331,22.3101978],[114.1719192,22.3103034],[114.1718385,22.3102921],[114.1718306,22.3103327],[114.1719052,22.3103457],[114.1719035,22.3103951],[114.1718403,22.3104213],[114.1711373,22.3103022],[114.1711555,22.3101136],[114.1716038,22.3091085],[114.1720487,22.3084057],[114.1723038,22.3081431],[114.1721685,22.3095061],[114.1723644,22.3095894],[114.1724427,22.3097187],[114.1721406,22.3100268],[114.1722164,22.3101753],[114.1722407,22.3103457]]]}},{"type":"Feature","properties":{"tpusb":"226007"},"geometry":{"type":"Polygon","coordinates":[[[114.1749878,22.3112148],[114.1746591,22.3112234],[114.1742175,22.3114114],[114.1739003,22.3113865],[114.1728276,22.3106174],[114.1727672,22.3106878],[114.1724572,22.3105467],[114.1723636,22.3105301],[114.1723222,22.3105911],[114.1722617,22.310554],[114.1722164,22.3101753],[114.1721406,22.3100268],[114.1724427,22.3097187],[114.1723644,22.3095894],[114.1721685,22.3095061],[114.1723038,22.3081431],[114.172507,22.3079289],[114.173244,22.3074655],[114.1746932,22.3070008],[114.1745294,22.3073871],[114.1744184,22.3079489],[114.1765013,22.3084172],[114.1760409,22.310199],[114.1760543,22.3107031],[114.176178,22.3111636],[114.1758292,22.311259],[114.1749878,22.3112148]]]}},{"type":"Feature","properties":{"tpusb":"226008"},"geometry":{"type":"Polygon","coordinates":[[[114.1780605,22.3104233],[114.1775331,22.3112372],[114.1768041,22.3121866],[114.1765341,22.3120464],[114.1761167,22.3109712],[114.1760306,22.3103881],[114.1760409,22.310199],[114.1765425,22.3082578],[114.1771619,22.3084115],[114.1772214,22.3081478],[114.1778989,22.3084149],[114.1779783,22.3084087],[114.1780705,22.308328],[114.1782432,22.3078619],[114.1791581,22.3081443],[114.1791047,22.3085301],[114.1789434,22.3089692],[114.1786068,22.3095895],[114.1780605,22.3104233]]]}},{"type":"Feature","properties":{"tpusb":"226009"},"geometry":{"type":"Polygon","coordinates":[[[114.1720487,22.3084057],[114.1716038,22.3091085],[114.1711555,22.3101136],[114.1713199,22.3084244],[114.1717179,22.3084555],[114.1720487,22.3084057]]]}},{"type":"Feature","properties":{"tpusb":"226010"},"geometry":{"type":"Polygon","coordinates":[[[114.1720487,22.3084057],[114.1717179,22.3084555],[114.1713199,22.3084244],[114.1713788,22.3078188],[114.172507,22.3079289],[114.1720487,22.3084057]]]}},{"type":"Feature","properties":{"tpusb":"226011"},"geometry":{"type":"Polygon","coordinates":[[[114.1724906,22.3075177],[114.1724515,22.3078491],[114.172507,22.3079289],[114.1713788,22.3078188],[114.1714186,22.3074116],[114.1724906,22.3075177]]]}},{"type":"Feature","properties":{"tpusb":"226012"},"geometry":{"type":"Polygon","coordinates":[[[114.1725331,22.3071096],[114.1724906,22.3075177],[114.1714186,22.3074116],[114.1714547,22.3070405],[114.1725331,22.3071096]]]}},{"type":"Feature","properties":{"tpusb":"226013"},"geometry":{"type":"Polygon","coordinates":[[[114.1746932,22.3070008],[114.173244,22.3074655],[114.172507,22.3079289],[114.1724515,22.3078491],[114.1726266,22.3061234],[114.1727445,22.3059379],[114.1735746,22.3065626],[114.1740308,22.3067766],[114.1743596,22.3068492],[114.1746498,22.3068657],[114.1752723,22.3067541],[114.1746932,22.3070008]]]}},{"type":"Feature","properties":{"tpusb":"226014"},"geometry":{"type":"Polygon","coordinates":[[[114.1765425,22.3082578],[114.1765013,22.3084172],[114.1744184,22.3079489],[114.1745294,22.3073871],[114.1746932,22.3070008],[114.1752723,22.3067541],[114.1770664,22.3062302],[114.1765425,22.3082578]]]}},{"type":"Feature","properties":{"tpusb":"226015"},"geometry":{"type":"Polygon","coordinates":[[[114.1791581,22.3081443],[114.1782432,22.3078619],[114.1780705,22.308328],[114.1779783,22.3084087],[114.1778989,22.3084149],[114.1772214,22.3081478],[114.1771619,22.3084115],[114.1765425,22.3082578],[114.1770664,22.3062302],[114.1785784,22.3057881],[114.179129,22.3077952],[114.1791581,22.3081443]]]}},{"type":"Feature","properties":{"tpusb":"226017"},"geometry":{"type":"Polygon","coordinates":[[[114.1725902,22.3066285],[114.1725331,22.3071096],[114.1714547,22.3070405],[114.1715056,22.3065156],[114.1725902,22.3066285]]]}},{"type":"Feature","properties":{"tpusb":"226018"},"geometry":{"type":"Polygon","coordinates":[[[114.1726205,22.3062103],[114.1725902,22.3066285],[114.1715056,22.3065156],[114.1715439,22.3061211],[114.1726205,22.3062103]]]}},{"type":"Feature","properties":{"tpusb":"226019"},"geometry":{"type":"Polygon","coordinates":[[[114.1727445,22.3059379],[114.1726472,22.3060539],[114.1726205,22.3062103],[114.1715439,22.3061211],[114.1716201,22.3053392],[114.1722005,22.3055734],[114.1727445,22.3059379]]]}},{"type":"Feature","properties":{"tpusb":"226020"},"geometry":{"type":"Polygon","coordinates":[[[114.1753439,22.3148334],[114.1752384,22.3148729],[114.175103,22.3150515],[114.1751405,22.3151719],[114.1748758,22.3157541],[114.1748414,22.3157389],[114.1743244,22.3170525],[114.1739033,22.3164655],[114.1741428,22.3163122],[114.1743927,22.3159391],[114.1752614,22.313901],[114.1757364,22.3129918],[114.1762526,22.3122093],[114.1765341,22.3120464],[114.1768041,22.3121866],[114.176212,22.3129731],[114.1761205,22.3129161],[114.1756769,22.3136583],[114.1753809,22.3143012],[114.1755119,22.3143085],[114.1754452,22.3145078],[114.1754822,22.3145219],[114.1753439,22.3148334]]]}},{"type":"Feature","properties":{"tpusb":"226021"},"geometry":{"type":"Polygon","coordinates":[[[114.1800984,22.3092712],[114.1793632,22.3100376],[114.1794026,22.3101764],[114.1791569,22.3099834],[114.178904,22.310295],[114.1787359,22.310295],[114.1785404,22.310518],[114.1784085,22.3105834],[114.178324,22.3105907],[114.1780605,22.3104233],[114.1788585,22.3091413],[114.1790684,22.308652],[114.1791478,22.3082992],[114.179129,22.3077952],[114.1785784,22.3057881],[114.1789355,22.3057214],[114.1792374,22.3057326],[114.179477,22.3057874],[114.1797742,22.3059212],[114.1800302,22.3061131],[114.1813942,22.3075204],[114.181232,22.3076817],[114.1812314,22.3077618],[114.1807518,22.3081479],[114.1808007,22.3082557],[114.1806891,22.3084973],[114.1800984,22.3092712]]]}},{"type":"Feature","properties":{"tpusb":"227001"},"geometry":{"type":"Polygon","coordinates":[[[114.1701579,22.3184692],[114.1699601,22.3194485],[114.1693255,22.3193333],[114.1695258,22.3183563],[114.1701579,22.3184692]]]}},{"type":"Feature","properties":{"tpusb":"227002"},"geometry":{"type":"Polygon","coordinates":[[[114.1707087,22.318568],[114.1705066,22.3195478],[114.1699601,22.3194485],[114.1701579,22.3184692],[114.1707087,22.318568]]]}},{"type":"Feature","properties":{"tpusb":"227003"},"geometry":{"type":"Polygon","coordinates":[[[114.1712767,22.3186695],[114.1710867,22.3196531],[114.1705066,22.3195478],[114.1707087,22.318568],[114.1712767,22.3186695]]]}},{"type":"Feature","properties":{"tpusb":"227004"},"geometry":{"type":"Polygon","coordinates":[[[114.1718352,22.3187696],[114.1716337,22.3197528],[114.1710867,22.3196531],[114.1712767,22.3186695],[114.1718352,22.3187696]]]}},{"type":"Feature","properties":{"tpusb":"227005"},"geometry":{"type":"Polygon","coordinates":[[[114.1724121,22.3188729],[114.172224,22.31986],[114.1716337,22.3197528],[114.1718352,22.3187696],[114.1724121,22.3188729]]]}},{"type":"Feature","properties":{"tpusb":"227006"},"geometry":{"type":"Polygon","coordinates":[[[114.1730096,22.3189801],[114.1725971,22.3199278],[114.172224,22.31986],[114.1724121,22.3188729],[114.1730096,22.3189801]]]}},{"type":"Feature","properties":{"tpusb":"227007"},"geometry":{"type":"Polygon","coordinates":[[[114.1703278,22.3176294],[114.1701579,22.3184692],[114.1695258,22.3183563],[114.1696975,22.3175182],[114.1703278,22.3176294]]]}},{"type":"Feature","properties":{"tpusb":"227008"},"geometry":{"type":"Polygon","coordinates":[[[114.1708822,22.3177271],[114.1707087,22.318568],[114.1701579,22.3184692],[114.1703278,22.3176294],[114.1708822,22.3177271]]]}},{"type":"Feature","properties":{"tpusb":"227009"},"geometry":{"type":"Polygon","coordinates":[[[114.171451,22.3178272],[114.1712767,22.3186695],[114.1707087,22.318568],[114.1708822,22.3177271],[114.171451,22.3178272]]]}},{"type":"Feature","properties":{"tpusb":"227010"},"geometry":{"type":"Polygon","coordinates":[[[114.1720075,22.3179258],[114.1718352,22.3187696],[114.1712767,22.3186695],[114.171451,22.3178272],[114.1720075,22.3179258]]]}},{"type":"Feature","properties":{"tpusb":"227011"},"geometry":{"type":"Polygon","coordinates":[[[114.1733645,22.3181651],[114.1730096,22.3189801],[114.1718352,22.3187696],[114.1720075,22.3179258],[114.1733645,22.3181651]]]}},{"type":"Feature","properties":{"tpusb":"227012"},"geometry":{"type":"Polygon","coordinates":[[[114.1705171,22.3166919],[114.1703278,22.3176294],[114.1696975,22.3175182],[114.1698892,22.3165813],[114.1705171,22.3166919]]]}},{"type":"Feature","properties":{"tpusb":"227013"},"geometry":{"type":"Polygon","coordinates":[[[114.1710758,22.3167907],[114.1708822,22.3177271],[114.1703278,22.3176294],[114.1705171,22.3166919],[114.1710758,22.3167907]]]}},{"type":"Feature","properties":{"tpusb":"227014"},"geometry":{"type":"Polygon","coordinates":[[[114.1716023,22.3168833],[114.1715934,22.3171633],[114.171451,22.3178272],[114.1708822,22.3177271],[114.1710758,22.3167907],[114.1716023,22.3168833]]]}},{"type":"Feature","properties":{"tpusb":"227015"},"geometry":{"type":"Polygon","coordinates":[[[114.1721992,22.3169883],[114.1720075,22.3179258],[114.171451,22.3178272],[114.1715934,22.3171633],[114.1716023,22.3168833],[114.1721992,22.3169883]]]}},{"type":"Feature","properties":{"tpusb":"227016"},"geometry":{"type":"Polygon","coordinates":[[[114.1727033,22.3175544],[114.1726038,22.3180308],[114.1720075,22.3179258],[114.1721992,22.3169883],[114.1727997,22.3170944],[114.1727033,22.3175544]]]}},{"type":"Feature","properties":{"tpusb":"227017"},"geometry":{"type":"Polygon","coordinates":[[[114.1735671,22.3176995],[114.1733645,22.3181651],[114.1726038,22.3180308],[114.1727033,22.3175544],[114.1735671,22.3176995]]]}},{"type":"Feature","properties":{"tpusb":"227018"},"geometry":{"type":"Polygon","coordinates":[[[114.173757,22.3172632],[114.1735671,22.3176995],[114.1727033,22.3175544],[114.1727997,22.3170944],[114.173757,22.3172632]]]}},{"type":"Feature","properties":{"tpusb":"227019"},"geometry":{"type":"Polygon","coordinates":[[[114.1707646,22.3154666],[114.1705171,22.3166919],[114.1698892,22.3165813],[114.1701398,22.3153565],[114.1707646,22.3154666]]]}},{"type":"Feature","properties":{"tpusb":"227020"},"geometry":{"type":"Polygon","coordinates":[[[114.1713282,22.3155659],[114.1710758,22.3167907],[114.1705171,22.3166919],[114.1707646,22.3154666],[114.1713282,22.3155659]]]}},{"type":"Feature","properties":{"tpusb":"227021"},"geometry":{"type":"Polygon","coordinates":[[[114.171703,22.3163985],[114.1716023,22.3168833],[114.1710758,22.3167907],[114.1713282,22.3155659],[114.1718565,22.3156591],[114.171703,22.3163985]]]}},{"type":"Feature","properties":{"tpusb":"227022"},"geometry":{"type":"Polygon","coordinates":[[[114.1731774,22.3164013],[114.1736926,22.3170935],[114.173757,22.3172632],[114.1716023,22.3168833],[114.171703,22.3163985],[114.1728483,22.3166124],[114.1731774,22.3164013]]]}},{"type":"Feature","properties":{"tpusb":"227023"},"geometry":{"type":"Polygon","coordinates":[[[114.1731774,22.3164013],[114.1728483,22.3166124],[114.171703,22.3163985],[114.1718565,22.3156591],[114.1727411,22.3158152],[114.1731774,22.3164013]]]}},{"type":"Feature","properties":{"tpusb":"227024"},"geometry":{"type":"Polygon","coordinates":[[[114.1740284,22.3166397],[114.173757,22.3172632],[114.1736926,22.3170935],[114.1727411,22.3158152],[114.1735344,22.3159515],[114.1740284,22.3166397]]]}},{"type":"Feature","properties":{"tpusb":"227030"},"geometry":{"type":"Polygon","coordinates":[[[114.1738271,22.3184377],[114.1731601,22.32003],[114.1725971,22.3199278],[114.1740284,22.3166397],[114.1743754,22.3171289],[114.1738271,22.3184377]]]}},{"type":"Feature","properties":{"tpusb":"228025"},"geometry":{"type":"Polygon","coordinates":[[[114.1681715,22.3141644],[114.1680016,22.3149799],[114.1668266,22.3147575],[114.1670548,22.313298],[114.1683056,22.3135176],[114.1681715,22.3141644]]]}},{"type":"Feature","properties":{"tpusb":"228026"},"geometry":{"type":"Polygon","coordinates":[[[114.1686355,22.3142485],[114.1684705,22.3150624],[114.1680016,22.3149799],[114.1681715,22.3141644],[114.1686355,22.3142485]]]}},{"type":"Feature","properties":{"tpusb":"228027"},"geometry":{"type":"Polygon","coordinates":[[[114.1690644,22.3143264],[114.1688993,22.315138],[114.1684705,22.3150624],[114.1686355,22.3142485],[114.1690644,22.3143264]]]}},{"type":"Feature","properties":{"tpusb":"228028"},"geometry":{"type":"Polygon","coordinates":[[[114.1696867,22.3144388],[114.1695199,22.315247],[114.1688993,22.315138],[114.1690644,22.3143264],[114.1696867,22.3144388]]]}},{"type":"Feature","properties":{"tpusb":"228029"},"geometry":{"type":"Polygon","coordinates":[[[114.1703043,22.3145511],[114.1701398,22.3153565],[114.1695199,22.315247],[114.1696867,22.3144388],[114.1703043,22.3145511]]]}},{"type":"Feature","properties":{"tpusb":"228030"},"geometry":{"type":"Polygon","coordinates":[[[114.1687678,22.3135983],[114.1686355,22.3142485],[114.1681715,22.3141644],[114.1683056,22.3135176],[114.1687678,22.3135983]]]}},{"type":"Feature","properties":{"tpusb":"228031"},"geometry":{"type":"Polygon","coordinates":[[[114.1691966,22.3136734],[114.1690644,22.3143264],[114.1686355,22.3142485],[114.1687678,22.3135983],[114.1691966,22.3136734]]]}},{"type":"Feature","properties":{"tpusb":"228032"},"geometry":{"type":"Polygon","coordinates":[[[114.169822,22.3137829],[114.1696867,22.3144388],[114.1690644,22.3143264],[114.1691966,22.3136734],[114.169822,22.3137829]]]}},{"type":"Feature","properties":{"tpusb":"228033"},"geometry":{"type":"Polygon","coordinates":[[[114.1704396,22.3138913],[114.1703043,22.3145511],[114.1696867,22.3144388],[114.1698336,22.313727],[114.1704506,22.3138371],[114.1704396,22.3138913]]]}},{"type":"Feature","properties":{"tpusb":"228034"},"geometry":{"type":"Polygon","coordinates":[[[114.1684882,22.3126399],[114.1683056,22.3135176],[114.1670548,22.313298],[114.1671917,22.3124226],[114.1684882,22.3126399]]]}},{"type":"Feature","properties":{"tpusb":"228035"},"geometry":{"type":"Polygon","coordinates":[[[114.1689468,22.3127167],[114.1687678,22.3135983],[114.1683056,22.3135176],[114.1684882,22.3126399],[114.1689468,22.3127167]]]}},{"type":"Feature","properties":{"tpusb":"228036"},"geometry":{"type":"Polygon","coordinates":[[[114.1693762,22.312789],[114.1691966,22.3136734],[114.1687678,22.3135983],[114.1689468,22.3127167],[114.1693762,22.312789]]]}},{"type":"Feature","properties":{"tpusb":"228037"},"geometry":{"type":"Polygon","coordinates":[[[114.1698336,22.313727],[114.169822,22.3137829],[114.1691966,22.3136734],[114.1693762,22.312789],[114.1700059,22.3128945],[114.1698336,22.313727]]]}},{"type":"Feature","properties":{"tpusb":"228038"},"geometry":{"type":"Polygon","coordinates":[[[114.1706222,22.3129979],[114.1704506,22.3138371],[114.1698336,22.313727],[114.1700059,22.3128945],[114.1706222,22.3129979]]]}},{"type":"Feature","properties":{"tpusb":"229001"},"geometry":{"type":"Polygon","coordinates":[[[114.1668931,22.3182597],[114.1667766,22.3188738],[114.1661329,22.318771],[114.1662354,22.3181425],[114.1668931,22.3182597]]]}},{"type":"Feature","properties":{"tpusb":"229002"},"geometry":{"type":"Polygon","coordinates":[[[114.1673235,22.318336],[114.1671958,22.3189466],[114.1667766,22.3188738],[114.1668931,22.3182597],[114.1673235,22.318336]]]}},{"type":"Feature","properties":{"tpusb":"229003"},"geometry":{"type":"Polygon","coordinates":[[[114.1673988,22.3179754],[114.1673235,22.318336],[114.1662354,22.3181425],[114.1662949,22.3177777],[114.1673988,22.3179754]]]}},{"type":"Feature","properties":{"tpusb":"229004"},"geometry":{"type":"Polygon","coordinates":[[[114.1677238,22.3187347],[114.1676634,22.3190318],[114.1671958,22.3189466],[114.1673988,22.3179754],[114.1678612,22.3180582],[114.1677238,22.3187347]]]}},{"type":"Feature","properties":{"tpusb":"229007"},"geometry":{"type":"Polygon","coordinates":[[[114.1695258,22.3183563],[114.1693255,22.3193333],[114.1686995,22.3192198],[114.168901,22.3182446],[114.1695258,22.3183563]]]}},{"type":"Feature","properties":{"tpusb":"229008"},"geometry":{"type":"Polygon","coordinates":[[[114.1675519,22.3171399],[114.1673988,22.3179754],[114.1662949,22.3177777],[114.1664312,22.316942],[114.1675519,22.3171399]]]}},{"type":"Feature","properties":{"tpusb":"229009"},"geometry":{"type":"Polygon","coordinates":[[[114.1679803,22.3174739],[114.1678612,22.3180582],[114.1673988,22.3179754],[114.1675519,22.3171399],[114.1680311,22.3172241],[114.1679803,22.3174739]]]}},{"type":"Feature","properties":{"tpusb":"229010"},"geometry":{"type":"Polygon","coordinates":[[[114.1682401,22.3172609],[114.1681882,22.317511],[114.1679803,22.3174739],[114.1680311,22.3172241],[114.1682401,22.3172609]]]}},{"type":"Feature","properties":{"tpusb":"229011"},"geometry":{"type":"Polygon","coordinates":[[[114.1690739,22.3174081],[114.1690415,22.3175649],[114.1688331,22.3175265],[114.168866,22.3173714],[114.1690739,22.3174081]]]}},{"type":"Feature","properties":{"tpusb":"229012"},"geometry":{"type":"Polygon","coordinates":[[[114.1696975,22.3175182],[114.1695258,22.3183563],[114.168901,22.3182446],[114.1690739,22.3174081],[114.1696975,22.3175182]]]}},{"type":"Feature","properties":{"tpusb":"229013"},"geometry":{"type":"Polygon","coordinates":[[[114.1677467,22.3162036],[114.1675519,22.3171399],[114.1664312,22.316942],[114.1665977,22.3160013],[114.1677467,22.3162036]]]}},{"type":"Feature","properties":{"tpusb":"229014"},"geometry":{"type":"Polygon","coordinates":[[[114.1682217,22.3162877],[114.1680311,22.3172241],[114.1675519,22.3171399],[114.1677467,22.3162036],[114.1682217,22.3162877]]]}},{"type":"Feature","properties":{"tpusb":"229015"},"geometry":{"type":"Polygon","coordinates":[[[114.1686505,22.3163634],[114.1684606,22.3172997],[114.1680311,22.3172241],[114.1682217,22.3162877],[114.1686505,22.3163634]]]}},{"type":"Feature","properties":{"tpusb":"229016"},"geometry":{"type":"Polygon","coordinates":[[[114.1692669,22.3164717],[114.1690739,22.3174081],[114.1684606,22.3172997],[114.1686505,22.3163634],[114.1692669,22.3164717]]]}},{"type":"Feature","properties":{"tpusb":"229017"},"geometry":{"type":"Polygon","coordinates":[[[114.1698892,22.3165813],[114.1696975,22.3175182],[114.1690739,22.3174081],[114.1692669,22.3164717],[114.1698892,22.3165813]]]}},{"type":"Feature","properties":{"tpusb":"229018"},"geometry":{"type":"Polygon","coordinates":[[[114.1680016,22.3149799],[114.1677467,22.3162036],[114.1665977,22.3160013],[114.1668266,22.3147575],[114.1680016,22.3149799]]]}},{"type":"Feature","properties":{"tpusb":"229019"},"geometry":{"type":"Polygon","coordinates":[[[114.1684705,22.3150624],[114.1682217,22.3162877],[114.1677467,22.3162036],[114.1680016,22.3149799],[114.1684705,22.3150624]]]}},{"type":"Feature","properties":{"tpusb":"229022"},"geometry":{"type":"Polygon","coordinates":[[[114.1699936,22.3160716],[114.1698892,22.3165813],[114.1692669,22.3164717],[114.169373,22.3159587],[114.1699936,22.3160716]]]}},{"type":"Feature","properties":{"tpusb":"229023"},"geometry":{"type":"Polygon","coordinates":[[[114.1695199,22.315247],[114.169373,22.3159587],[114.1687555,22.3158464],[114.1688993,22.315138],[114.1695199,22.315247]]]}},{"type":"Feature","properties":{"tpusb":"229024"},"geometry":{"type":"Polygon","coordinates":[[[114.1701398,22.3153565],[114.1699936,22.3160716],[114.169373,22.3159587],[114.1695199,22.315247],[114.1701398,22.3153565]]]}},{"type":"Feature","properties":{"tpusb":"229041"},"geometry":{"type":"Polygon","coordinates":[[[114.169373,22.3159587],[114.1692669,22.3164717],[114.1686505,22.3163634],[114.1687555,22.3158464],[114.169373,22.3159587]]]}},{"type":"Feature","properties":{"tpusb":"229042"},"geometry":{"type":"Polygon","coordinates":[[[114.1687555,22.3158464],[114.1686505,22.3163634],[114.1682217,22.3162877],[114.1684705,22.3150624],[114.1688993,22.315138],[114.1687555,22.3158464]]]}},{"type":"Feature","properties":{"tpusb":"229043"},"geometry":{"type":"Polygon","coordinates":[[[114.1681536,22.3188135],[114.1680935,22.3191097],[114.1676634,22.3190318],[114.1677238,22.3187347],[114.1681536,22.3188135]]]}},{"type":"Feature","properties":{"tpusb":"229044"},"geometry":{"type":"Polygon","coordinates":[[[114.168901,22.3182446],[114.1686995,22.3192198],[114.1680935,22.3191097],[114.1681536,22.3188135],[114.1677238,22.3187347],[114.1679803,22.3174739],[114.1681882,22.317511],[114.1682401,22.3172609],[114.168866,22.3173714],[114.1688331,22.3175265],[114.1690415,22.3175649],[114.168901,22.3182446]]]}},{"type":"Feature","properties":{"tpusb":"231001"},"geometry":{"type":"Polygon","coordinates":[[[114.1762956,22.3261409],[114.1762627,22.3268836],[114.1758939,22.3268716],[114.1750742,22.3267793],[114.1746983,22.3265839],[114.1744273,22.3260723],[114.1762956,22.3261409]]]}},{"type":"Feature","properties":{"tpusb":"231002"},"geometry":{"type":"Polygon","coordinates":[[[114.1783807,22.3257785],[114.1784504,22.3269638],[114.1762627,22.3268836],[114.1763272,22.325419],[114.1783807,22.3257785]]]}},{"type":"Feature","properties":{"tpusb":"231003"},"geometry":{"type":"Polygon","coordinates":[[[114.1804045,22.3261331],[114.1803534,22.3269448],[114.180317,22.3270463],[114.1784504,22.3269638],[114.1783807,22.3257785],[114.1804045,22.3261331]]]}},{"type":"Feature","properties":{"tpusb":"231004"},"geometry":{"type":"Polygon","coordinates":[[[114.1819581,22.3264049],[114.181904,22.3271153],[114.180317,22.3270463],[114.1803534,22.3269448],[114.1804045,22.3261331],[114.1819581,22.3264049]]]}},{"type":"Feature","properties":{"tpusb":"231005"},"geometry":{"type":"Polygon","coordinates":[[[114.183274,22.3266352],[114.1832722,22.3271789],[114.181904,22.3271153],[114.1819581,22.3264049],[114.183274,22.3266352]]]}},{"type":"Feature","properties":{"tpusb":"231006"},"geometry":{"type":"Polygon","coordinates":[[[114.1845307,22.3268551],[114.184362,22.3269868],[114.1842176,22.3272236],[114.1832722,22.3271789],[114.183274,22.3266352],[114.1845307,22.3268551]]]}},{"type":"Feature","properties":{"tpusb":"231007"},"geometry":{"type":"Polygon","coordinates":[[[114.1863922,22.3271266],[114.1863922,22.3273184],[114.1842176,22.3272236],[114.184362,22.3269868],[114.1845307,22.3268551],[114.1863922,22.3271266]]]}},{"type":"Feature","properties":{"tpusb":"231008"},"geometry":{"type":"Polygon","coordinates":[[[114.1763272,22.325419],[114.1762956,22.3261409],[114.1744273,22.3260723],[114.1738517,22.3249856],[114.1763272,22.325419]]]}},{"type":"Feature","properties":{"tpusb":"232001"},"geometry":{"type":"Polygon","coordinates":[[[114.1754209,22.3232003],[114.1739157,22.3249968],[114.1738517,22.3249856],[114.1737644,22.3248207],[114.1737273,22.3248144],[114.1734624,22.3240222],[114.1731027,22.3234381],[114.1728709,22.3220826],[114.1729421,22.3205997],[114.1730269,22.3201239],[114.1731144,22.320139],[114.1731601,22.32003],[114.1737515,22.3201372],[114.1744894,22.3211867],[114.1746024,22.3212211],[114.1745712,22.3213741],[114.1748427,22.3215161],[114.1749028,22.3216594],[114.1748858,22.3220302],[114.1749295,22.3221838],[114.1754306,22.322672],[114.1754433,22.3227905],[114.1753875,22.3228938],[114.1752753,22.3229638],[114.1751546,22.3229801],[114.1754209,22.3232003]]]}},{"type":"Feature","properties":{"tpusb":"232002"},"geometry":{"type":"Polygon","coordinates":[[[114.1751555,22.3246413],[114.175052,22.3251955],[114.1739157,22.3249968],[114.1754554,22.3231749],[114.1755561,22.3232483],[114.1755836,22.3232174],[114.1761039,22.3235957],[114.1754417,22.3243881],[114.1752619,22.3244758],[114.1751555,22.3246413]]]}},{"type":"Feature","properties":{"tpusb":"232004"},"geometry":{"type":"Polygon","coordinates":[[[114.1764667,22.3231526],[114.1761039,22.3235957],[114.1755836,22.3232174],[114.1755561,22.3232483],[114.1754554,22.3231749],[114.1754286,22.3232067],[114.1751546,22.3229801],[114.1752753,22.3229638],[114.1753875,22.3228938],[114.1754372,22.3228182],[114.1754391,22.3226985],[114.1753911,22.3226144],[114.1749295,22.3221838],[114.1748858,22.3220302],[114.1748834,22.3215798],[114.1748021,22.3214799],[114.1745712,22.3213741],[114.1746024,22.3212211],[114.1749477,22.3209846],[114.1754247,22.3210529],[114.1759244,22.3212135],[114.1767858,22.3216024],[114.1769927,22.3217503],[114.1771558,22.3220336],[114.1771777,22.3221934],[114.1771437,22.3222972],[114.1770459,22.3224818],[114.1764667,22.3231526]]]}},{"type":"Feature","properties":{"tpusb":"232005"},"geometry":{"type":"Polygon","coordinates":[[[114.1774474,22.3225161],[114.1767449,22.3233584],[114.1764667,22.3231526],[114.1770459,22.3224818],[114.1771704,22.3222199],[114.1771692,22.3220946],[114.1773293,22.3222837],[114.1774474,22.3225161]]]}},{"type":"Feature","properties":{"tpusb":"232006"},"geometry":{"type":"Polygon","coordinates":[[[114.1774474,22.3225161],[114.1775077,22.3227369],[114.177478,22.3229497],[114.1770097,22.3235542],[114.1767449,22.3233584],[114.1774474,22.3225161]]]}},{"type":"Feature","properties":{"tpusb":"232007"},"geometry":{"type":"Polygon","coordinates":[[[114.1782374,22.3233255],[114.1776624,22.3233668],[114.1777655,22.3250973],[114.1751555,22.3246413],[114.1752619,22.3244758],[114.1754417,22.3243881],[114.1764667,22.3231526],[114.1770097,22.3235542],[114.1774246,22.3230456],[114.1775016,22.3228718],[114.177498,22.3226833],[114.1773864,22.3223785],[114.1771692,22.3220946],[114.1771061,22.3219067],[114.1772303,22.3216449],[114.1776804,22.3213157],[114.1781113,22.3215127],[114.1780051,22.3217447],[114.1779784,22.3219998],[114.1781889,22.3228244],[114.1782374,22.3233255]]]}},{"type":"Feature","properties":{"tpusb":"232008"},"geometry":{"type":"Polygon","coordinates":[[[114.1783504,22.3252589],[114.1783807,22.3257785],[114.175052,22.3251955],[114.1751555,22.3246413],[114.1777655,22.3250973],[114.1776624,22.3233668],[114.1782374,22.3233255],[114.1783504,22.3252589]]]}},{"type":"Feature","properties":{"tpusb":"232009"},"geometry":{"type":"Polygon","coordinates":[[[114.1776804,22.3213157],[114.1772303,22.3216449],[114.1771061,22.3219067],[114.176861,22.3216436],[114.1761385,22.3213106],[114.1764262,22.3207372],[114.1776804,22.3213157]]]}},{"type":"Feature","properties":{"tpusb":"232010"},"geometry":{"type":"Polygon","coordinates":[[[114.1764262,22.3207372],[114.1761385,22.3213106],[114.1756493,22.3211102],[114.1750094,22.3209799],[114.1748599,22.3210215],[114.174666,22.3212061],[114.1745582,22.3212177],[114.1744894,22.3211867],[114.174201,22.3208053],[114.1737515,22.3201372],[114.175783,22.3205069],[114.1764262,22.3207372]]]}},{"type":"Feature","properties":{"tpusb":"233001"},"geometry":{"type":"Polygon","coordinates":[[[114.1820574,22.3259132],[114.1819581,22.3264049],[114.1783807,22.3257785],[114.1783504,22.3252589],[114.1788624,22.325349],[114.1789622,22.325298],[114.1793798,22.3252607],[114.1793577,22.325318],[114.1796399,22.32536],[114.1796262,22.3252867],[114.1798615,22.3252966],[114.1799799,22.3253985],[114.1799776,22.3255005],[114.1800836,22.3255221],[114.1800763,22.3255657],[114.1803151,22.3256111],[114.180777,22.3256096],[114.1813931,22.3257691],[114.1813878,22.3257954],[114.1820574,22.3259132]]]}},{"type":"Feature","properties":{"tpusb":"233002"},"geometry":{"type":"Polygon","coordinates":[[[114.1843362,22.3261226],[114.1842992,22.3268146],[114.1819581,22.3264049],[114.1820578,22.3259113],[114.1839352,22.32624],[114.1839844,22.3260663],[114.1843362,22.3261226]]]}},{"type":"Feature","properties":{"tpusb":"233003"},"geometry":{"type":"Polygon","coordinates":[[[114.1854966,22.3256885],[114.1852374,22.3269437],[114.1842992,22.3268146],[114.1843362,22.3261226],[114.1843704,22.3261281],[114.184481,22.3255228],[114.1854966,22.3256885]]]}},{"type":"Feature","properties":{"tpusb":"233007"},"geometry":{"type":"Polygon","coordinates":[[[114.1789622,22.325298],[114.1788624,22.325349],[114.1783504,22.3252589],[114.1782605,22.3237184],[114.1788335,22.3236734],[114.1790397,22.3237203],[114.1790749,22.3248828],[114.1789729,22.3250206],[114.1790126,22.325228],[114.1789622,22.325298]]]}},{"type":"Feature","properties":{"tpusb":"233010"},"geometry":{"type":"Polygon","coordinates":[[[114.1787982,22.3236762],[114.1782605,22.3237184],[114.1781962,22.3228644],[114.1779784,22.3219998],[114.1780051,22.3217447],[114.1781113,22.3215127],[114.1792769,22.3220454],[114.1792881,22.3226434],[114.1788705,22.3226612],[114.1787649,22.3228379],[114.1787982,22.3236762]]]}},{"type":"Feature","properties":{"tpusb":"233011"},"geometry":{"type":"Polygon","coordinates":[[[114.1843362,22.3261226],[114.1839844,22.3260663],[114.1839352,22.32624],[114.1813878,22.3257954],[114.1813931,22.3257691],[114.180777,22.3256096],[114.1803151,22.3256111],[114.1800763,22.3255657],[114.1800836,22.3255221],[114.1799776,22.3255005],[114.1799799,22.3253985],[114.1798615,22.3252966],[114.1796262,22.3252867],[114.1796399,22.32536],[114.1793577,22.325318],[114.1793798,22.3252607],[114.1789622,22.325298],[114.1790126,22.325228],[114.1789729,22.3250206],[114.1790749,22.3248828],[114.1790419,22.3242752],[114.179071,22.3239886],[114.1790397,22.3237203],[114.1787982,22.3236762],[114.1787649,22.3228379],[114.1788705,22.3226612],[114.1792881,22.3226434],[114.1792769,22.3220454],[114.1856441,22.3249457],[114.1854966,22.3256885],[114.184481,22.3255228],[114.1843704,22.3261281],[114.1843362,22.3261226]]]}},{"type":"Feature","properties":{"tpusb":"234001"},"geometry":{"type":"Polygon","coordinates":[[[114.1805214,22.3219117],[114.1802072,22.3224705],[114.1781113,22.3215127],[114.1784813,22.3209866],[114.1805214,22.3219117]]]}},{"type":"Feature","properties":{"tpusb":"234002"},"geometry":{"type":"Polygon","coordinates":[[[114.1820312,22.3221715],[114.1820635,22.3223124],[114.1819998,22.3224315],[114.1819009,22.3224853],[114.1816956,22.3224053],[114.1815887,22.3225606],[114.1828993,22.3231987],[114.1826838,22.3236024],[114.1802072,22.3224705],[114.1807307,22.3215403],[114.1819398,22.3220951],[114.1820312,22.3221715]]]}},{"type":"Feature","properties":{"tpusb":"234003"},"geometry":{"type":"Polygon","coordinates":[[[114.1840807,22.3234255],[114.1837252,22.324071],[114.1826838,22.3236024],[114.1828993,22.3231987],[114.1815887,22.3225606],[114.1816956,22.3224053],[114.1819009,22.3224853],[114.1819998,22.3224315],[114.1820635,22.3223124],[114.1820312,22.3221715],[114.184218,22.3231762],[114.1840807,22.3234255]]]}},{"type":"Feature","properties":{"tpusb":"234012"},"geometry":{"type":"Polygon","coordinates":[[[114.1807307,22.3215403],[114.1805214,22.3219117],[114.1784813,22.3209866],[114.1787361,22.3206243],[114.1807307,22.3215403]]]}},{"type":"Feature","properties":{"tpusb":"234013"},"geometry":{"type":"Polygon","coordinates":[[[114.180317,22.3200079],[114.1797528,22.321091],[114.1787361,22.3206243],[114.1790807,22.3200932],[114.1792347,22.3195916],[114.1797547,22.3198285],[114.1798273,22.3196878],[114.1799979,22.3199058],[114.180317,22.3200079]]]}},{"type":"Feature","properties":{"tpusb":"234014"},"geometry":{"type":"Polygon","coordinates":[[[114.1824376,22.3205376],[114.1824244,22.3212908],[114.1822479,22.3217581],[114.1822892,22.3222904],[114.1819398,22.3220951],[114.1797528,22.321091],[114.1803188,22.320004],[114.1804405,22.3199202],[114.1806488,22.3200694],[114.1809303,22.3201902],[114.1824376,22.3205376]]]}},{"type":"Feature","properties":{"tpusb":"234015"},"geometry":{"type":"Polygon","coordinates":[[[114.1845324,22.3226053],[114.184218,22.3231762],[114.1822892,22.3222904],[114.1822479,22.3217581],[114.1824244,22.3212908],[114.1824391,22.3204536],[114.1838536,22.3208256],[114.1838627,22.3207049],[114.1840453,22.3207398],[114.1841721,22.3207844],[114.1844639,22.3210266],[114.1844354,22.321885],[114.1843439,22.322564],[114.1845324,22.3226053]]]}},{"type":"Feature","properties":{"tpusb":"234016"},"geometry":{"type":"Polygon","coordinates":[[[114.185134,22.321006],[114.1847623,22.3221025],[114.1845914,22.3224955],[114.1845324,22.3226053],[114.1843439,22.322564],[114.1844354,22.321885],[114.1844639,22.3210266],[114.1840866,22.3207517],[114.1838627,22.3207049],[114.1838536,22.3208256],[114.1832863,22.3206694],[114.1832136,22.3200897],[114.1836024,22.3199706],[114.184402,22.319396],[114.1846784,22.3193345],[114.1849895,22.3193908],[114.1852761,22.3196567],[114.1855918,22.3200956],[114.185411,22.3203193],[114.185134,22.321006]]]}},{"type":"Feature","properties":{"tpusb":"234021"},"geometry":{"type":"Polygon","coordinates":[[[114.1784813,22.3209866],[114.1781113,22.3215127],[114.1772584,22.3211227],[114.1769921,22.3206354],[114.1760957,22.3194025],[114.1753912,22.3185444],[114.1762993,22.3181144],[114.1767318,22.3179913],[114.1767779,22.3183661],[114.1767185,22.3184835],[114.1765347,22.3186737],[114.1765213,22.3189057],[114.1771571,22.3197692],[114.1772699,22.3198443],[114.177413,22.3198595],[114.1775077,22.3198296],[114.1785013,22.3191692],[114.1785468,22.3190671],[114.1785298,22.3189339],[114.178366,22.3186449],[114.1782456,22.3185525],[114.1783879,22.3183215],[114.1787913,22.3180917],[114.1790461,22.3185495],[114.1791722,22.3188667],[114.1792469,22.3192392],[114.1792426,22.3195333],[114.1791795,22.3198392],[114.1790497,22.3201547],[114.1784813,22.3209866]]]}},{"type":"Feature","properties":{"tpusb":"234022"},"geometry":{"type":"Polygon","coordinates":[[[114.1782456,22.3185525],[114.178366,22.3186449],[114.1785298,22.3189339],[114.1785462,22.3190716],[114.1784922,22.31918],[114.1775028,22.3198324],[114.1773281,22.319859],[114.1771813,22.3197929],[114.1768179,22.3193199],[114.1779651,22.3185676],[114.178107,22.3185275],[114.1782456,22.3185525]]]}},{"type":"Feature","properties":{"tpusb":"234023"},"geometry":{"type":"Polygon","coordinates":[[[114.1781088,22.3185275],[114.1779566,22.3185727],[114.1768179,22.3193199],[114.176511,22.3188695],[114.1765389,22.3186652],[114.1767185,22.3184835],[114.1767779,22.3183661],[114.1767318,22.3179913],[114.1772681,22.3179586],[114.1775491,22.3178931],[114.1775702,22.3182775],[114.1779691,22.3180849],[114.1781504,22.3183732],[114.1781088,22.3185275]]]}},{"type":"Feature","properties":{"tpusb":"234024"},"geometry":{"type":"Polygon","coordinates":[[[114.1787913,22.3180917],[114.1783879,22.3183215],[114.1782456,22.3185525],[114.1781088,22.3185275],[114.1781504,22.3183732],[114.1779691,22.3180849],[114.1775702,22.3182775],[114.1775491,22.3178931],[114.178514,22.3175003],[114.1787913,22.3180917]]]}},{"type":"Feature","properties":{"tpusb":"234025"},"geometry":{"type":"Polygon","coordinates":[[[114.1804405,22.3199202],[114.180317,22.3200079],[114.1801198,22.319965],[114.1799481,22.3198651],[114.1798273,22.3196878],[114.1797547,22.3198285],[114.1792347,22.3195916],[114.1792469,22.3192392],[114.1791468,22.3187888],[114.178514,22.3175003],[114.1797934,22.3169861],[114.1802108,22.3179055],[114.1811899,22.319404],[114.1804405,22.3199202]]]}},{"type":"Feature","properties":{"tpusb":"234026"},"geometry":{"type":"Polygon","coordinates":[[[114.1832136,22.3200897],[114.1832863,22.3206694],[114.1824391,22.3204536],[114.1824376,22.3205376],[114.1809685,22.3202015],[114.1806488,22.3200694],[114.1804405,22.3199202],[114.1811899,22.319404],[114.1814374,22.3196574],[114.1817353,22.3198149],[114.1830492,22.3200925],[114.1832136,22.3200897]]]}},{"type":"Feature","properties":{"tpusb":"235001"},"geometry":{"type":"Polygon","coordinates":[[[114.1747242,22.318937],[114.1741979,22.3202185],[114.1731601,22.32003],[114.1738271,22.3184377],[114.1741062,22.3185401],[114.174045,22.3186878],[114.1747242,22.318937]]]}},{"type":"Feature","properties":{"tpusb":"235002"},"geometry":{"type":"Polygon","coordinates":[[[114.1748786,22.3197923],[114.1746681,22.3203037],[114.1741979,22.3202185],[114.1750673,22.3180991],[114.1753912,22.3185444],[114.1748786,22.3197923]]]}},{"type":"Feature","properties":{"tpusb":"235003"},"geometry":{"type":"Polygon","coordinates":[[[114.1751731,22.3190759],[114.1756961,22.3197645],[114.1757894,22.3199117],[114.1757385,22.3199564],[114.1748786,22.3197923],[114.1751731,22.3190759]]]}},{"type":"Feature","properties":{"tpusb":"235004"},"geometry":{"type":"Polygon","coordinates":[[[114.1753912,22.3185444],[114.1760957,22.3194025],[114.1769921,22.3206354],[114.1772584,22.3211227],[114.1760063,22.320569],[114.1746681,22.3203037],[114.1748786,22.3197923],[114.1757385,22.3199564],[114.1757894,22.3199117],[114.1751731,22.3190759],[114.1753912,22.3185444]]]}},{"type":"Feature","properties":{"tpusb":"235005"},"geometry":{"type":"Polygon","coordinates":[[[114.1750673,22.3180991],[114.1747242,22.318937],[114.174045,22.3186878],[114.1741062,22.3185401],[114.1738271,22.3184377],[114.174372,22.317137],[114.1750673,22.3180991]]]}},{"type":"Feature","properties":{"tpusb":"235006"},"geometry":{"type":"Polygon","coordinates":[[[114.1756357,22.3150592],[114.1756241,22.3150654],[114.1746184,22.3174777],[114.1743244,22.3170525],[114.1748414,22.3157389],[114.1748758,22.3157541],[114.1751405,22.3151719],[114.175103,22.3150515],[114.1752384,22.3148729],[114.1753439,22.3148334],[114.1756357,22.3150592]]]}},{"type":"Feature","properties":{"tpusb":"235007"},"geometry":{"type":"Polygon","coordinates":[[[114.1767318,22.3179913],[114.1762993,22.3181144],[114.1753912,22.3185444],[114.1746184,22.3174777],[114.1756241,22.3150654],[114.1756824,22.3150338],[114.1758128,22.3150502],[114.1758753,22.3151472],[114.1758819,22.3158796],[114.1759404,22.316236],[114.175938,22.3163658],[114.1758537,22.3166311],[114.1759047,22.3166977],[114.1759964,22.3167044],[114.1768877,22.3162558],[114.1769387,22.3161395],[114.1769374,22.3160136],[114.1767893,22.3154181],[114.17727,22.3153271],[114.1775574,22.3157591],[114.178086,22.3163265],[114.1782456,22.3166487],[114.178514,22.3175003],[114.1774646,22.3179196],[114.1767318,22.3179913]]]}},{"type":"Feature","properties":{"tpusb":"235010"},"geometry":{"type":"Polygon","coordinates":[[[114.17727,22.3153271],[114.1767893,22.3154181],[114.1766803,22.3149066],[114.1764153,22.3142904],[114.1763306,22.3131628],[114.1762593,22.3130572],[114.1760912,22.3129651],[114.1761205,22.3129161],[114.176212,22.3129731],[114.1767142,22.3123154],[114.1771831,22.3150773],[114.17727,22.3153271]]]}},{"type":"Feature","properties":{"tpusb":"235012"},"geometry":{"type":"Polygon","coordinates":[[[114.1767893,22.3154181],[114.1769374,22.3160136],[114.1769387,22.3161395],[114.1768877,22.3162558],[114.1759964,22.3167044],[114.1759047,22.3166977],[114.1758537,22.3166311],[114.175938,22.3163658],[114.1759404,22.316236],[114.1758819,22.3158796],[114.1758753,22.3151472],[114.1758128,22.3150502],[114.1756357,22.3150592],[114.1753439,22.3148334],[114.1754822,22.3145219],[114.1754452,22.3145078],[114.1755119,22.3143085],[114.1754131,22.314303],[114.1764123,22.3142732],[114.1766803,22.3149066],[114.1767893,22.3154181]]]}},{"type":"Feature","properties":{"tpusb":"235013"},"geometry":{"type":"Polygon","coordinates":[[[114.1764123,22.3142732],[114.1753809,22.3143012],[114.1756769,22.3136583],[114.1760912,22.3129651],[114.1762593,22.3130572],[114.1763306,22.3131628],[114.1764123,22.3142732]]]}},{"type":"Feature","properties":{"tpusb":"236008"},"geometry":{"type":"Polygon","coordinates":[[[114.1779572,22.31497],[114.1771831,22.3150773],[114.1767142,22.3123154],[114.1770757,22.311798],[114.1775331,22.3112372],[114.1780605,22.3104233],[114.178324,22.3105907],[114.1784085,22.3105834],[114.1785404,22.310518],[114.1787359,22.310295],[114.178904,22.310295],[114.1791569,22.3099834],[114.1794026,22.3101764],[114.1793632,22.3100376],[114.1800984,22.3092712],[114.1804449,22.3094582],[114.1806126,22.3095976],[114.1803392,22.3097949],[114.179607,22.3106178],[114.1789325,22.3112308],[114.1778486,22.312547],[114.1778134,22.3127327],[114.1778006,22.3140438],[114.1779572,22.31497]]]}},{"type":"Feature","properties":{"tpusb":"236009"},"geometry":{"type":"Polygon","coordinates":[[[114.1790102,22.3136561],[114.1782805,22.3139202],[114.1778049,22.3139428],[114.1778164,22.3126695],[114.1778771,22.31249],[114.1789325,22.3112308],[114.1795597,22.3106641],[114.1798363,22.3109136],[114.1800068,22.3112556],[114.1800772,22.3118973],[114.180062,22.3126689],[114.1799365,22.3130284],[114.179706,22.3133191],[114.1794281,22.3134986],[114.1790102,22.3136561]]]}},{"type":"Feature","properties":{"tpusb":"236010"},"geometry":{"type":"Polygon","coordinates":[[[114.1816077,22.3145602],[114.1811084,22.3144394],[114.180773,22.3144699],[114.1804842,22.3146308],[114.1801458,22.3150501],[114.1794324,22.3145693],[114.1792905,22.3144338],[114.1791807,22.3142109],[114.1790102,22.3136561],[114.1794281,22.3134986],[114.179706,22.3133191],[114.1799365,22.3130284],[114.180062,22.3126689],[114.1800772,22.3118973],[114.1800068,22.3112556],[114.1798363,22.3109136],[114.1795597,22.3106641],[114.1804398,22.3097108],[114.1811665,22.3092491],[114.1816032,22.3091452],[114.1820321,22.3092519],[114.1822438,22.3094923],[114.1822772,22.3096148],[114.1822909,22.3107311],[114.1821601,22.3107363],[114.182148,22.3106194],[114.1820952,22.3107707],[114.1819952,22.3107493],[114.1818629,22.3109135],[114.1817665,22.3108655],[114.1817823,22.3109942],[114.1817204,22.3110732],[114.1816816,22.3113588],[114.1814432,22.311636],[114.1815524,22.3121682],[114.1816191,22.3128066],[114.1819352,22.3132929],[114.1816077,22.3145602]]]}},{"type":"Feature","properties":{"tpusb":"236011"},"geometry":{"type":"Polygon","coordinates":[[[114.1828535,22.3118002],[114.1823568,22.3122732],[114.1822051,22.3124713],[114.1820868,22.3127185],[114.1819352,22.3132929],[114.1816191,22.3128066],[114.1815524,22.3121682],[114.1814402,22.3116585],[114.1814826,22.3115541],[114.1816816,22.3113588],[114.1817204,22.3110732],[114.1817823,22.3109942],[114.1817665,22.3108655],[114.1818629,22.3109135],[114.1819952,22.3107493],[114.1820952,22.3107707],[114.182148,22.3106194],[114.1821601,22.3107363],[114.1822909,22.3107311],[114.1822979,22.3111161],[114.182361,22.311295],[114.1828535,22.3118002]]]}},{"type":"Feature","properties":{"tpusb":"236015"},"geometry":{"type":"Polygon","coordinates":[[[114.1839361,22.3107751],[114.1828535,22.3118002],[114.182398,22.3113481],[114.1823106,22.3111782],[114.1822772,22.3096148],[114.1821789,22.3093817],[114.181992,22.309231],[114.1825034,22.3091085],[114.1828128,22.309139],[114.1829544,22.3092142],[114.1830248,22.309323],[114.1830154,22.3096487],[114.1831519,22.3096582],[114.1831488,22.3098213],[114.183215,22.3099308],[114.1840315,22.3106848],[114.1839361,22.3107751]]]}},{"type":"Feature","properties":{"tpusb":"236019"},"geometry":{"type":"Polygon","coordinates":[[[114.1830875,22.3086355],[114.1833223,22.3090797],[114.1833453,22.3092033],[114.1833235,22.3093275],[114.1831519,22.3096582],[114.1830154,22.3096487],[114.1830161,22.309299],[114.1829544,22.3092142],[114.1828128,22.309139],[114.1825034,22.3091085],[114.181992,22.309231],[114.1816032,22.3091452],[114.1814231,22.3091678],[114.1811665,22.3092491],[114.1806126,22.3095976],[114.1804449,22.3094582],[114.1800984,22.3092712],[114.1806891,22.3084973],[114.1808007,22.3082557],[114.1807518,22.3081479],[114.1812314,22.3077618],[114.181232,22.3076817],[114.1813942,22.3075204],[114.1818367,22.3078606],[114.1830875,22.3086355]]]}},{"type":"Feature","properties":{"tpusb":"236020"},"geometry":{"type":"Polygon","coordinates":[[[114.1841121,22.3093607],[114.183386,22.3100888],[114.1831488,22.3098213],[114.1831391,22.3096966],[114.1833235,22.3093275],[114.1833453,22.3092033],[114.1833223,22.3090797],[114.1830875,22.3086355],[114.1835267,22.308894],[114.1841121,22.3093607]]]}},{"type":"Feature","properties":{"tpusb":"236021"},"geometry":{"type":"Polygon","coordinates":[[[114.1842995,22.3095268],[114.1837376,22.3101178],[114.1837849,22.3101576],[114.1836422,22.3103254],[114.183386,22.3100888],[114.1841121,22.3093607],[114.1842995,22.3095268]]]}},{"type":"Feature","properties":{"tpusb":"236022"},"geometry":{"type":"Polygon","coordinates":[[[114.1841667,22.3105567],[114.1840315,22.3106848],[114.1836422,22.3103254],[114.1837849,22.3101576],[114.1837376,22.3101178],[114.1842995,22.3095268],[114.18476,22.3099953],[114.1841667,22.3105567]]]}},{"type":"Feature","properties":{"tpusb":"236023"},"geometry":{"type":"Polygon","coordinates":[[[114.1801458,22.3150501],[114.1797285,22.3155886],[114.1793663,22.3158787],[114.1790982,22.3159086],[114.1788367,22.3158454],[114.1782441,22.3154272],[114.1780348,22.3151805],[114.1779499,22.3149429],[114.1778097,22.3141702],[114.1778049,22.3139428],[114.1782805,22.3139202],[114.1790102,22.3136561],[114.1791807,22.3142109],[114.1792905,22.3144338],[114.1794324,22.3145693],[114.1801458,22.3150501]]]}},{"type":"Feature","properties":{"tpusb":"236024"},"geometry":{"type":"Polygon","coordinates":[[[114.1797934,22.3169861],[114.178514,22.3175003],[114.1781477,22.31643],[114.1780318,22.316256],[114.1774482,22.3156151],[114.1772905,22.3153719],[114.1771831,22.3150773],[114.1779572,22.31497],[114.1780348,22.3151805],[114.1781482,22.315338],[114.1786723,22.3157466],[114.1789641,22.3158889],[114.1792335,22.3159052],[114.1793663,22.3158787],[114.1797285,22.3155886],[114.180426,22.3146883],[114.1805904,22.3145523],[114.180773,22.3144699],[114.1810411,22.3144343],[114.1816077,22.3145602],[114.1812959,22.3157551],[114.1810782,22.3161665],[114.1808913,22.3163703],[114.1805753,22.3166096],[114.1797934,22.3169861]]]}},{"type":"Feature","properties":{"tpusb":"237001"},"geometry":{"type":"Polygon","coordinates":[[[114.1824368,22.318899],[114.1821569,22.3199006],[114.1817353,22.3198149],[114.1814374,22.3196574],[114.1812032,22.3194249],[114.1802235,22.3179275],[114.1797934,22.3169861],[114.180599,22.3165944],[114.180912,22.3163516],[114.1811006,22.316136],[114.1819711,22.3169934],[114.1829508,22.3174979],[114.1824368,22.318899]]]}},{"type":"Feature","properties":{"tpusb":"237002"},"geometry":{"type":"Polygon","coordinates":[[[114.1832136,22.3200897],[114.1830492,22.3200925],[114.1821569,22.3199006],[114.1824368,22.318899],[114.1836576,22.3191906],[114.1840438,22.3196343],[114.1836024,22.3199706],[114.1832136,22.3200897]]]}},{"type":"Feature","properties":{"tpusb":"237003"},"geometry":{"type":"Polygon","coordinates":[[[114.1839705,22.3140343],[114.1841299,22.3141221],[114.18425,22.3142677],[114.184298,22.3144207],[114.1842883,22.314616],[114.1841785,22.3148101],[114.1836604,22.3152301],[114.183493,22.3154643],[114.1829508,22.3174979],[114.1819711,22.3169934],[114.1811006,22.316136],[114.1813123,22.3157031],[114.1818503,22.3136221],[114.1834002,22.3139579],[114.1839705,22.3140343]]]}},{"type":"Feature","properties":{"tpusb":"237004"},"geometry":{"type":"Polygon","coordinates":[[[114.1846784,22.3193345],[114.1843656,22.3194112],[114.1840438,22.3196343],[114.1836576,22.3191906],[114.1824368,22.318899],[114.182946,22.3175137],[114.183493,22.3154643],[114.1836604,22.3152301],[114.18417,22.3148192],[114.1842846,22.3146278],[114.1843028,22.3144692],[114.18425,22.3142677],[114.1841299,22.3141221],[114.1839705,22.3140343],[114.1849879,22.3138487],[114.1847826,22.3143303],[114.1850247,22.3153768],[114.1854099,22.3153965],[114.1854722,22.3180331],[114.1856099,22.3182478],[114.1858833,22.3184065],[114.1851408,22.3184059],[114.1851404,22.3190951],[114.1849343,22.3190202],[114.1848439,22.3190322],[114.1846783,22.3192689],[114.1846784,22.3193345]]]}},{"type":"Feature","properties":{"tpusb":"237005"},"geometry":{"type":"Polygon","coordinates":[[[114.1849879,22.3138487],[114.1839705,22.3140343],[114.1834002,22.3139579],[114.1818503,22.3136221],[114.1820868,22.3127185],[114.1822676,22.3123798],[114.1839361,22.3107751],[114.1842856,22.3110534],[114.1844076,22.3111984],[114.1853291,22.3126179],[114.1852557,22.3126574],[114.1853054,22.312737],[114.1852866,22.312807],[114.1854421,22.3130522],[114.1852406,22.3132398],[114.1849879,22.3138487]]]}},{"type":"Feature","properties":{"tpusb":"241001"},"geometry":{"type":"Polygon","coordinates":[[[114.1883002,22.3248871],[114.1882284,22.3249151],[114.1872752,22.3230351],[114.1878673,22.3227777],[114.1887858,22.324586],[114.1885717,22.3247509],[114.1883002,22.3248871]]]}},{"type":"Feature","properties":{"tpusb":"241002"},"geometry":{"type":"Polygon","coordinates":[[[114.1893306,22.3243472],[114.1887858,22.324586],[114.1883326,22.3236937],[114.1888743,22.3234487],[114.1893306,22.3243472]]]}},{"type":"Feature","properties":{"tpusb":"241003"},"geometry":{"type":"Polygon","coordinates":[[[114.1898365,22.3241288],[114.1893306,22.3243472],[114.1888743,22.3234487],[114.1893839,22.3232275],[114.1898365,22.3241288]]]}},{"type":"Feature","properties":{"tpusb":"241004"},"geometry":{"type":"Polygon","coordinates":[[[114.1888743,22.3234487],[114.1883326,22.3236937],[114.1878673,22.3227777],[114.1884356,22.3225305],[114.1888743,22.3234487]]]}},{"type":"Feature","properties":{"tpusb":"241005"},"geometry":{"type":"Polygon","coordinates":[[[114.1893839,22.3232275],[114.1888743,22.3234487],[114.1884356,22.3225305],[114.1889264,22.3223165],[114.1893839,22.3232275]]]}},{"type":"Feature","properties":{"tpusb":"241006"},"geometry":{"type":"Polygon","coordinates":[[[114.1884356,22.3225305],[114.1878673,22.3227777],[114.1875778,22.3222026],[114.1875323,22.3220638],[114.187553,22.3207052],[114.1884356,22.3225305]]]}},{"type":"Feature","properties":{"tpusb":"241007"},"geometry":{"type":"Polygon","coordinates":[[[114.1889264,22.3223165],[114.1884356,22.3225305],[114.187906,22.3214784],[114.1884192,22.3212532],[114.1889264,22.3223165]]]}},{"type":"Feature","properties":{"tpusb":"241008"},"geometry":{"type":"Polygon","coordinates":[[[114.1900322,22.321835],[114.1889264,22.3223165],[114.1884192,22.3212532],[114.1895038,22.3207768],[114.1900322,22.321835]]]}},{"type":"Feature","properties":{"tpusb":"241009"},"geometry":{"type":"Polygon","coordinates":[[[114.1905486,22.3216103],[114.1900322,22.321835],[114.1895038,22.3207768],[114.1900442,22.3205389],[114.1905486,22.3216103]]]}},{"type":"Feature","properties":{"tpusb":"241010"},"geometry":{"type":"Polygon","coordinates":[[[114.1884192,22.3212532],[114.187906,22.3214784],[114.187553,22.3207052],[114.1875601,22.3200578],[114.1878871,22.3201989],[114.1884192,22.3212532]]]}},{"type":"Feature","properties":{"tpusb":"241011"},"geometry":{"type":"Polygon","coordinates":[[[114.1895038,22.3207768],[114.1884192,22.3212532],[114.1878871,22.3201989],[114.1889814,22.3197309],[114.1895038,22.3207768]]]}},{"type":"Feature","properties":{"tpusb":"241012"},"geometry":{"type":"Polygon","coordinates":[[[114.1900442,22.3205389],[114.1895038,22.3207768],[114.1889814,22.3197309],[114.1895455,22.3194696],[114.1900442,22.3205389]]]}},{"type":"Feature","properties":{"tpusb":"241013"},"geometry":{"type":"Polygon","coordinates":[[[114.1864063,22.3200579],[114.1855918,22.3200956],[114.1852761,22.3196567],[114.185078,22.3194472],[114.1849159,22.319363],[114.1846784,22.3193345],[114.1846783,22.3192689],[114.1848439,22.3190322],[114.1849343,22.3190202],[114.1851404,22.3190951],[114.1851408,22.3184059],[114.1858833,22.3184065],[114.1856099,22.3182478],[114.1854648,22.3179907],[114.1854099,22.3153959],[114.1864336,22.3153983],[114.1864063,22.3200579]]]}},{"type":"Feature","properties":{"tpusb":"241014"},"geometry":{"type":"Polygon","coordinates":[[[114.1875662,22.3195409],[114.1875601,22.3200578],[114.1864063,22.3200579],[114.1864093,22.3195251],[114.1875662,22.3195409]]]}},{"type":"Feature","properties":{"tpusb":"241015"},"geometry":{"type":"Polygon","coordinates":[[[114.1889814,22.3197309],[114.1878871,22.3201989],[114.1875601,22.3200578],[114.1875709,22.3191085],[114.1884911,22.3187111],[114.1889814,22.3197309]]]}},{"type":"Feature","properties":{"tpusb":"241016"},"geometry":{"type":"Polygon","coordinates":[[[114.1895455,22.3194696],[114.1889814,22.3197309],[114.1884911,22.3187111],[114.1890474,22.3184751],[114.1895455,22.3194696]]]}},{"type":"Feature","properties":{"tpusb":"241017"},"geometry":{"type":"Polygon","coordinates":[[[114.1869642,22.3179679],[114.1869516,22.3195324],[114.1864093,22.3195251],[114.1864285,22.3163125],[114.1869774,22.3163254],[114.1869642,22.3179679]]]}},{"type":"Feature","properties":{"tpusb":"241018"},"geometry":{"type":"Polygon","coordinates":[[[114.1875709,22.3191085],[114.1875662,22.3195409],[114.1869516,22.3195324],[114.1869642,22.3179679],[114.1875842,22.3179802],[114.1875709,22.3191085]]]}},{"type":"Feature","properties":{"tpusb":"241019"},"geometry":{"type":"Polygon","coordinates":[[[114.1884911,22.3187111],[114.1875709,22.3191085],[114.1875818,22.3181842],[114.1880472,22.3178162],[114.1884911,22.3187111]]]}},{"type":"Feature","properties":{"tpusb":"241020"},"geometry":{"type":"Polygon","coordinates":[[[114.1890474,22.3184751],[114.1884911,22.3187111],[114.1880155,22.3177522],[114.1884916,22.3173582],[114.1890474,22.3184751]]]}},{"type":"Feature","properties":{"tpusb":"241021"},"geometry":{"type":"Polygon","coordinates":[[[114.1875933,22.3172114],[114.1875842,22.3179802],[114.1869642,22.3179679],[114.1869704,22.3172051],[114.1875933,22.3172114]]]}},{"type":"Feature","properties":{"tpusb":"241022"},"geometry":{"type":"Polygon","coordinates":[[[114.1880472,22.3178162],[114.1875818,22.3181842],[114.1876046,22.315485],[114.1878704,22.3161583],[114.1884916,22.3173582],[114.1880155,22.3177522],[114.1880472,22.3178162]]]}},{"type":"Feature","properties":{"tpusb":"241023"},"geometry":{"type":"Polygon","coordinates":[[[114.1876035,22.3163401],[114.1875933,22.3172114],[114.1869704,22.3172051],[114.1869774,22.3163254],[114.1876035,22.3163401]]]}},{"type":"Feature","properties":{"tpusb":"241024"},"geometry":{"type":"Polygon","coordinates":[[[114.1869846,22.3154812],[114.1869774,22.3163254],[114.1864285,22.3163125],[114.1864335,22.3154777],[114.1869846,22.3154812]]]}},{"type":"Feature","properties":{"tpusb":"241025"},"geometry":{"type":"Polygon","coordinates":[[[114.1876046,22.315485],[114.1876035,22.3163401],[114.1869774,22.3163254],[114.1869846,22.3154812],[114.1876046,22.315485]]]}},{"type":"Feature","properties":{"tpusb":"241026"},"geometry":{"type":"Polygon","coordinates":[[[114.1854099,22.3153959],[114.1850247,22.3153768],[114.1847826,22.3143303],[114.1852807,22.3131837],[114.1859181,22.3127776],[114.1863889,22.3135463],[114.1868464,22.3145764],[114.1860632,22.3143455],[114.1857247,22.3153271],[114.1854894,22.3153079],[114.1854099,22.3153959]]]}},{"type":"Feature","properties":{"tpusb":"241028"},"geometry":{"type":"Polygon","coordinates":[[[114.1875573,22.3149533],[114.1876046,22.315485],[114.1869659,22.3154811],[114.1869052,22.3150211],[114.1875573,22.3149533]]]}},{"type":"Feature","properties":{"tpusb":"241029"},"geometry":{"type":"Polygon","coordinates":[[[114.1875573,22.3149533],[114.1869052,22.3150211],[114.1868372,22.3145063],[114.1875569,22.3142968],[114.187529,22.3147384],[114.1875573,22.3149533]]]}},{"type":"Feature","properties":{"tpusb":"241031"},"geometry":{"type":"Polygon","coordinates":[[[114.1875569,22.3142968],[114.1868372,22.3145063],[114.1863593,22.3134978],[114.1868976,22.313196],[114.1875824,22.3141323],[114.1875569,22.3142968]]]}},{"type":"Feature","properties":{"tpusb":"241032"},"geometry":{"type":"Polygon","coordinates":[[[114.1868976,22.313196],[114.1863593,22.3134978],[114.1859557,22.3128363],[114.1864743,22.3125586],[114.1868976,22.313196]]]}},{"type":"Feature","properties":{"tpusb":"241033"},"geometry":{"type":"Polygon","coordinates":[[[114.1869052,22.3150211],[114.1869659,22.3154811],[114.1864335,22.3154777],[114.1864336,22.3153983],[114.1854099,22.3153959],[114.1854894,22.3153079],[114.1857247,22.3153271],[114.1860632,22.3143455],[114.1868464,22.3145764],[114.1869052,22.3150211]]]}},{"type":"Feature","properties":{"tpusb":"242001"},"geometry":{"type":"Polygon","coordinates":[[[114.1902252,22.3239607],[114.1898365,22.3241288],[114.1893839,22.3232275],[114.1910344,22.3225102],[114.1913425,22.3231647],[114.1915054,22.3233887],[114.1902252,22.3239607]]]}},{"type":"Feature","properties":{"tpusb":"242002"},"geometry":{"type":"Polygon","coordinates":[[[114.1945386,22.3220963],[114.1915054,22.3233887],[114.1913425,22.3231647],[114.1910344,22.3225102],[114.1940928,22.3211811],[114.1945386,22.3220963]]]}},{"type":"Feature","properties":{"tpusb":"242003"},"geometry":{"type":"Polygon","coordinates":[[[114.1904885,22.3227476],[114.1893839,22.3232275],[114.1889264,22.3223165],[114.1900322,22.321835],[114.1904885,22.3227476]]]}},{"type":"Feature","properties":{"tpusb":"242004"},"geometry":{"type":"Polygon","coordinates":[[[114.1910344,22.3225102],[114.1904885,22.3227476],[114.1900322,22.321835],[114.1905486,22.3216103],[114.1907602,22.3219278],[114.1910344,22.3225102]]]}},{"type":"Feature","properties":{"tpusb":"242005"},"geometry":{"type":"Polygon","coordinates":[[[114.1913784,22.3223609],[114.1910344,22.3225102],[114.1907602,22.3219278],[114.1905486,22.3216103],[114.1909136,22.3214511],[114.1913784,22.3223609]]]}},{"type":"Feature","properties":{"tpusb":"242006"},"geometry":{"type":"Polygon","coordinates":[[[114.191615,22.3222582],[114.1913784,22.3223609],[114.1909136,22.3214511],[114.1911514,22.3213478],[114.191615,22.3222582]]]}},{"type":"Feature","properties":{"tpusb":"242007"},"geometry":{"type":"Polygon","coordinates":[[[114.1918546,22.3221537],[114.191615,22.3222582],[114.1911514,22.3213478],[114.1913953,22.3212417],[114.1918546,22.3221537]]]}},{"type":"Feature","properties":{"tpusb":"242008"},"geometry":{"type":"Polygon","coordinates":[[[114.1920881,22.3220527],[114.1918546,22.3221537],[114.1913953,22.3212417],[114.191624,22.3211418],[114.1920881,22.3220527]]]}},{"type":"Feature","properties":{"tpusb":"242009"},"geometry":{"type":"Polygon","coordinates":[[[114.1923205,22.3219511],[114.1920881,22.3220527],[114.191624,22.3211418],[114.191863,22.3210379],[114.1923205,22.3219511]]]}},{"type":"Feature","properties":{"tpusb":"242010"},"geometry":{"type":"Polygon","coordinates":[[[114.1925571,22.3218489],[114.1923205,22.3219511],[114.191863,22.3210379],[114.1921062,22.3209317],[114.1925571,22.3218489]]]}},{"type":"Feature","properties":{"tpusb":"242011"},"geometry":{"type":"Polygon","coordinates":[[[114.1927967,22.3217444],[114.1925571,22.3218489],[114.1921062,22.3209317],[114.1923337,22.320833],[114.1927967,22.3217444]]]}},{"type":"Feature","properties":{"tpusb":"242012"},"geometry":{"type":"Polygon","coordinates":[[[114.1930199,22.3216473],[114.1927967,22.3217444],[114.1923337,22.320833],[114.1925636,22.3207325],[114.1930199,22.3216473]]]}},{"type":"Feature","properties":{"tpusb":"242013"},"geometry":{"type":"Polygon","coordinates":[[[114.1932619,22.3215423],[114.1930199,22.3216473],[114.1925636,22.3207325],[114.1928111,22.3206252],[114.1932619,22.3215423]]]}},{"type":"Feature","properties":{"tpusb":"242014"},"geometry":{"type":"Polygon","coordinates":[[[114.1935009,22.3214379],[114.1932619,22.3215423],[114.1928111,22.3206252],[114.1930355,22.320527],[114.1935009,22.3214379]]]}},{"type":"Feature","properties":{"tpusb":"242015"},"geometry":{"type":"Polygon","coordinates":[[[114.1937339,22.3213368],[114.1935009,22.3214379],[114.1930355,22.320527],[114.1932697,22.3204254],[114.1937339,22.3213368]]]}},{"type":"Feature","properties":{"tpusb":"242016"},"geometry":{"type":"Polygon","coordinates":[[[114.1940928,22.3211811],[114.1937339,22.3213368],[114.1932697,22.3204254],[114.1935973,22.3202825],[114.1936822,22.3203619],[114.1940928,22.3211811]]]}},{"type":"Feature","properties":{"tpusb":"242018"},"geometry":{"type":"Polygon","coordinates":[[[114.1909136,22.3214511],[114.1905486,22.3216103],[114.1900505,22.3205529],[114.1926026,22.3192429],[114.1935973,22.3202825],[114.1909136,22.3214511]]]}},{"type":"Feature","properties":{"tpusb":"242028"},"geometry":{"type":"Polygon","coordinates":[[[114.1926026,22.3192429],[114.1916869,22.3197061],[114.1912063,22.3187508],[114.1917408,22.3185347],[114.1921189,22.3187291],[114.1926026,22.3192429]]]}},{"type":"Feature","properties":{"tpusb":"242030"},"geometry":{"type":"Polygon","coordinates":[[[114.1897429,22.3185048],[114.1898936,22.3188007],[114.1899052,22.3189068],[114.1893859,22.3191513],[114.1890474,22.3184751],[114.1896024,22.318229],[114.1897429,22.3185048]]]}},{"type":"Feature","properties":{"tpusb":"242032"},"geometry":{"type":"Polygon","coordinates":[[[114.1902587,22.3182819],[114.1897429,22.3185048],[114.1896024,22.318229],[114.190118,22.3180004],[114.1902587,22.3182819]]]}},{"type":"Feature","properties":{"tpusb":"242034"},"geometry":{"type":"Polygon","coordinates":[[[114.1912063,22.3187508],[114.1910533,22.3188126],[114.1907332,22.3181685],[114.1902951,22.3183548],[114.190118,22.3180004],[114.1909011,22.3176532],[114.1917408,22.3185347],[114.1912063,22.3187508]]]}},{"type":"Feature","properties":{"tpusb":"242037"},"geometry":{"type":"Polygon","coordinates":[[[114.1925642,22.3183652],[114.1921189,22.3187291],[114.1917408,22.3185347],[114.1911195,22.3178823],[114.1925027,22.3167566],[114.1933758,22.317702],[114.1925642,22.3183652]]]}},{"type":"Feature","properties":{"tpusb":"242038"},"geometry":{"type":"Polygon","coordinates":[[[114.1896024,22.318229],[114.1890474,22.3184751],[114.1884916,22.3173582],[114.1889654,22.3169772],[114.1896024,22.318229]]]}},{"type":"Feature","properties":{"tpusb":"242039"},"geometry":{"type":"Polygon","coordinates":[[[114.190118,22.3180004],[114.1896024,22.318229],[114.1889654,22.3169772],[114.1894221,22.3166114],[114.190118,22.3180004]]]}},{"type":"Feature","properties":{"tpusb":"242040"},"geometry":{"type":"Polygon","coordinates":[[[114.1909011,22.3176532],[114.190118,22.3180004],[114.1894221,22.3166114],[114.1896975,22.3163907],[114.1909011,22.3176532]]]}},{"type":"Feature","properties":{"tpusb":"242041"},"geometry":{"type":"Polygon","coordinates":[[[114.1920175,22.3171516],[114.1911195,22.3178823],[114.1896975,22.3163907],[114.1905238,22.3156248],[114.1920175,22.3171516]]]}},{"type":"Feature","properties":{"tpusb":"242043"},"geometry":{"type":"Polygon","coordinates":[[[114.1889654,22.3169772],[114.1884916,22.3173582],[114.1881294,22.3166606],[114.188696,22.3164134],[114.1889654,22.3169772]]]}},{"type":"Feature","properties":{"tpusb":"242044"},"geometry":{"type":"Polygon","coordinates":[[[114.188696,22.3164134],[114.1881294,22.3166606],[114.1877102,22.3157847],[114.188267,22.3155131],[114.188696,22.3164134]]]}},{"type":"Feature","properties":{"tpusb":"242045"},"geometry":{"type":"Polygon","coordinates":[[[114.1894221,22.3166114],[114.1889654,22.3169772],[114.188267,22.3155131],[114.1886789,22.3153127],[114.1896975,22.3163907],[114.1894221,22.3166114]]]}},{"type":"Feature","properties":{"tpusb":"242046"},"geometry":{"type":"Polygon","coordinates":[[[114.1905238,22.3156248],[114.1896975,22.3163907],[114.1886789,22.3153127],[114.1900152,22.3146325],[114.1903578,22.3145417],[114.190523,22.3148624],[114.1909182,22.3152592],[114.1905238,22.3156248]]]}},{"type":"Feature","properties":{"tpusb":"242048"},"geometry":{"type":"Polygon","coordinates":[[[114.1924376,22.3168098],[114.1920175,22.3171516],[114.1905238,22.3156248],[114.1909182,22.3152592],[114.1924376,22.3168098]]]}},{"type":"Feature","properties":{"tpusb":"242049"},"geometry":{"type":"Polygon","coordinates":[[[114.188267,22.3155131],[114.1877102,22.3157847],[114.1876046,22.315485],[114.187529,22.3147384],[114.1875824,22.3141323],[114.1886789,22.3153127],[114.188267,22.3155131]]]}},{"type":"Feature","properties":{"tpusb":"242050"},"geometry":{"type":"Polygon","coordinates":[[[114.1903578,22.3145417],[114.1900152,22.3146325],[114.1886789,22.3153127],[114.1882755,22.3148629],[114.1901155,22.314082],[114.1903578,22.3145417]]]}},{"type":"Feature","properties":{"tpusb":"242053"},"geometry":{"type":"Polygon","coordinates":[[[114.1916869,22.3197061],[114.1900505,22.3205529],[114.1893859,22.3191513],[114.1899052,22.3189068],[114.1898936,22.3188007],[114.1897429,22.3185048],[114.1902587,22.3182819],[114.1902951,22.3183548],[114.1907332,22.3181685],[114.1910533,22.3188126],[114.1912063,22.3187508],[114.1916869,22.3197061]]]}},{"type":"Feature","properties":{"tpusb":"243001"},"geometry":{"type":"Polygon","coordinates":[[[114.1876136,22.3134328],[114.1875824,22.3141323],[114.1872282,22.3136904],[114.1867309,22.3129437],[114.1873739,22.312672],[114.1876099,22.3126855],[114.1876136,22.3134328]]]}},{"type":"Feature","properties":{"tpusb":"243002"},"geometry":{"type":"Polygon","coordinates":[[[114.1876099,22.3126855],[114.1873739,22.312672],[114.1867309,22.3129437],[114.1864743,22.3125586],[114.1873138,22.3121888],[114.187608,22.3122893],[114.1876099,22.3126855]]]}},{"type":"Feature","properties":{"tpusb":"243003"},"geometry":{"type":"Polygon","coordinates":[[[114.1864743,22.3125586],[114.1859557,22.3128363],[114.1853776,22.3119677],[114.185918,22.3116629],[114.1864743,22.3125586]]]}},{"type":"Feature","properties":{"tpusb":"243004"},"geometry":{"type":"Polygon","coordinates":[[[114.185918,22.3116629],[114.1853776,22.3119677],[114.1852508,22.3119389],[114.1846945,22.3110618],[114.1841667,22.3105567],[114.18476,22.3099953],[114.1853461,22.3107534],[114.185918,22.3116629]]]}},{"type":"Feature","properties":{"tpusb":"243005"},"geometry":{"type":"Polygon","coordinates":[[[114.1873138,22.3121888],[114.1864743,22.3125586],[114.186211,22.3121285],[114.1870432,22.3116662],[114.1873138,22.3121888]]]}},{"type":"Feature","properties":{"tpusb":"243006"},"geometry":{"type":"Polygon","coordinates":[[[114.187606,22.3118807],[114.187608,22.3122893],[114.1873138,22.3121888],[114.1867884,22.3111729],[114.1876031,22.3111379],[114.187606,22.3118807]]]}},{"type":"Feature","properties":{"tpusb":"243007"},"geometry":{"type":"Polygon","coordinates":[[[114.1870432,22.3116662],[114.186211,22.3121285],[114.185918,22.3116629],[114.1867884,22.3111729],[114.1870432,22.3116662]]]}},{"type":"Feature","properties":{"tpusb":"243008"},"geometry":{"type":"Polygon","coordinates":[[[114.1867884,22.3111729],[114.185918,22.3116629],[114.185337,22.3107414],[114.1856489,22.3109411],[114.1858775,22.3109886],[114.1859979,22.3109622],[114.1865227,22.3106599],[114.1867884,22.3111729]]]}},{"type":"Feature","properties":{"tpusb":"243009"},"geometry":{"type":"Polygon","coordinates":[[[114.1865227,22.3106599],[114.1859979,22.3109622],[114.1857539,22.3109786],[114.185337,22.3107414],[114.1850032,22.3102931],[114.1852191,22.3103676],[114.1854794,22.3103924],[114.1857348,22.3102517],[114.1858985,22.3105132],[114.1864032,22.3102259],[114.1866098,22.3106345],[114.1865227,22.3106599]]]}},{"type":"Feature","properties":{"tpusb":"243010"},"geometry":{"type":"Polygon","coordinates":[[[114.1876031,22.3111379],[114.1867884,22.3111729],[114.1865227,22.3106599],[114.1866586,22.3106254],[114.1876006,22.3106271],[114.1876031,22.3111379]]]}},{"type":"Feature","properties":{"tpusb":"243011"},"geometry":{"type":"Polygon","coordinates":[[[114.1873277,22.3106266],[114.1866098,22.3106345],[114.1864032,22.3102259],[114.1858985,22.3105132],[114.1857348,22.3102517],[114.1859895,22.3100819],[114.1860779,22.3098385],[114.1873148,22.3098156],[114.1873277,22.3106266]]]}},{"type":"Feature","properties":{"tpusb":"243013"},"geometry":{"type":"Polygon","coordinates":[[[114.1857348,22.3102517],[114.1854794,22.3103924],[114.1851912,22.3103608],[114.1850032,22.3102931],[114.18476,22.3099953],[114.1854126,22.3093923],[114.185603,22.3093291],[114.1857753,22.3093448],[114.1859276,22.3094233],[114.1860198,22.3095271],[114.1860774,22.3098562],[114.1859713,22.3101034],[114.1857348,22.3102517]]]}},{"type":"Feature","properties":{"tpusb":"243014"},"geometry":{"type":"Polygon","coordinates":[[[114.1865731,22.3098293],[114.1860779,22.3098385],[114.1860198,22.3095271],[114.1859276,22.3094233],[114.1857753,22.3093448],[114.1855454,22.3093386],[114.1853446,22.3094419],[114.1857983,22.3090022],[114.1859773,22.3089119],[114.1862023,22.3088594],[114.1862141,22.3093557],[114.1873099,22.3093445],[114.1873127,22.3095318],[114.187148,22.3095327],[114.1871486,22.3095683],[114.1865705,22.30957],[114.1865731,22.3098293]]]}},{"type":"Feature","properties":{"tpusb":"243015"},"geometry":{"type":"Polygon","coordinates":[[[114.1875963,22.3098104],[114.1876006,22.3106271],[114.1873277,22.3106266],[114.1873148,22.3098156],[114.1875963,22.3098104]]]}},{"type":"Feature","properties":{"tpusb":"243019"},"geometry":{"type":"Polygon","coordinates":[[[114.1853446,22.3094419],[114.18476,22.3099953],[114.1841121,22.3093607],[114.184123,22.3092106],[114.1842407,22.3089408],[114.1844002,22.3088424],[114.1843671,22.3087958],[114.1852651,22.3082414],[114.1856103,22.3087742],[114.1858361,22.308979],[114.1853446,22.3094419]]]}},{"type":"Feature","properties":{"tpusb":"243020"},"geometry":{"type":"Polygon","coordinates":[[[114.1873099,22.3093445],[114.1862141,22.3093557],[114.1862023,22.3088594],[114.1873046,22.3088638],[114.1873099,22.3093445]]]}},{"type":"Feature","properties":{"tpusb":"243021"},"geometry":{"type":"Polygon","coordinates":[[[114.1873148,22.3098156],[114.1865731,22.3098293],[114.1865705,22.30957],[114.1871486,22.3095683],[114.187148,22.3095327],[114.1873127,22.3095318],[114.1873148,22.3098156]]]}},{"type":"Feature","properties":{"tpusb":"243023"},"geometry":{"type":"Polygon","coordinates":[[[114.1875963,22.3098104],[114.1873168,22.3098155],[114.1873046,22.3088638],[114.187592,22.3088661],[114.1875963,22.3098104]]]}},{"type":"Feature","properties":{"tpusb":"243024"},"geometry":{"type":"Polygon","coordinates":[[[114.1828643,22.3076348],[114.1821625,22.3080655],[114.1814973,22.3075932],[114.1828332,22.3067607],[114.1832707,22.3073848],[114.1828643,22.3076348]]]}},{"type":"Feature","properties":{"tpusb":"243025"},"geometry":{"type":"Polygon","coordinates":[[[114.183099,22.3079599],[114.182536,22.3083038],[114.1821625,22.3080655],[114.1828643,22.3076348],[114.183099,22.3079599]]]}},{"type":"Feature","properties":{"tpusb":"243026"},"geometry":{"type":"Polygon","coordinates":[[[114.1837632,22.3080694],[114.1829722,22.3085677],[114.182536,22.3083038],[114.1835006,22.3077138],[114.1837632,22.3080694]]]}},{"type":"Feature","properties":{"tpusb":"243027"},"geometry":{"type":"Polygon","coordinates":[[[114.1840853,22.3084622],[114.1834576,22.3088533],[114.1829722,22.3085677],[114.1837632,22.3080694],[114.1840853,22.3084622]]]}},{"type":"Feature","properties":{"tpusb":"243028"},"geometry":{"type":"Polygon","coordinates":[[[114.1843671,22.3087958],[114.1844002,22.3088424],[114.1842407,22.3089408],[114.1841721,22.3090554],[114.1841121,22.3093607],[114.1834576,22.3088533],[114.1841166,22.3084427],[114.1843671,22.3087958]]]}},{"type":"Feature","properties":{"tpusb":"243029"},"geometry":{"type":"Polygon","coordinates":[[[114.1835006,22.3077138],[114.183099,22.3079599],[114.1828643,22.3076348],[114.1832707,22.3073848],[114.1835006,22.3077138]]]}},{"type":"Feature","properties":{"tpusb":"243030"},"geometry":{"type":"Polygon","coordinates":[[[114.183708,22.3071161],[114.1832707,22.3073848],[114.1828332,22.3067607],[114.1837958,22.3061608],[114.1842396,22.3067891],[114.183708,22.3071161]]]}},{"type":"Feature","properties":{"tpusb":"243031"},"geometry":{"type":"Polygon","coordinates":[[[114.1839403,22.3074446],[114.1835006,22.3077138],[114.1832707,22.3073848],[114.183708,22.3071161],[114.1839403,22.3074446]]]}},{"type":"Feature","properties":{"tpusb":"243032"},"geometry":{"type":"Polygon","coordinates":[[[114.1842024,22.3077973],[114.1837632,22.3080694],[114.1835006,22.3077138],[114.1839403,22.3074446],[114.1842024,22.3077973]]]}},{"type":"Feature","properties":{"tpusb":"243033"},"geometry":{"type":"Polygon","coordinates":[[[114.1841166,22.3084427],[114.1840853,22.3084622],[114.1837632,22.3080694],[114.1842024,22.3077973],[114.1845026,22.308202],[114.1841166,22.3084427]]]}},{"type":"Feature","properties":{"tpusb":"243034"},"geometry":{"type":"Polygon","coordinates":[[[114.1847692,22.3085476],[114.1843671,22.3087958],[114.1841166,22.3084427],[114.1845026,22.308202],[114.1847692,22.3085476]]]}},{"type":"Feature","properties":{"tpusb":"243035"},"geometry":{"type":"Polygon","coordinates":[[[114.1844723,22.3071183],[114.1839403,22.3074446],[114.183708,22.3071161],[114.1842396,22.3067891],[114.1844723,22.3071183]]]}},{"type":"Feature","properties":{"tpusb":"243036"},"geometry":{"type":"Polygon","coordinates":[[[114.1847234,22.3074739],[114.1842024,22.3077973],[114.1839403,22.3074446],[114.1844723,22.3071183],[114.1847234,22.3074739]]]}},{"type":"Feature","properties":{"tpusb":"243037"},"geometry":{"type":"Polygon","coordinates":[[[114.1850128,22.3078842],[114.1845026,22.308202],[114.1842024,22.3077973],[114.1847234,22.3074739],[114.1850128,22.3078842]]]}},{"type":"Feature","properties":{"tpusb":"243038"},"geometry":{"type":"Polygon","coordinates":[[[114.1852651,22.3082414],[114.1847692,22.3085476],[114.1845026,22.308202],[114.1850128,22.3078842],[114.1852651,22.3082414]]]}},{"type":"Feature","properties":{"tpusb":"243039"},"geometry":{"type":"Polygon","coordinates":[[[114.1854586,22.3076065],[114.1850128,22.3078842],[114.1847234,22.3074739],[114.185171,22.3071962],[114.1854586,22.3076065]]]}},{"type":"Feature","properties":{"tpusb":"243040"},"geometry":{"type":"Polygon","coordinates":[[[114.1857049,22.3079587],[114.1852651,22.3082414],[114.1850128,22.3078842],[114.1854586,22.3076065],[114.1857049,22.3079587]]]}},{"type":"Feature","properties":{"tpusb":"243041"},"geometry":{"type":"Polygon","coordinates":[[[114.1858813,22.3073429],[114.1854586,22.3076065],[114.185171,22.3071962],[114.1855895,22.3069365],[114.1858813,22.3073429]]]}},{"type":"Feature","properties":{"tpusb":"243042"},"geometry":{"type":"Polygon","coordinates":[[[114.1861258,22.3076877],[114.1857049,22.3079587],[114.1854586,22.3076065],[114.1858813,22.3073429],[114.1861258,22.3076877]]]}},{"type":"Feature","properties":{"tpusb":"243043"},"geometry":{"type":"Polygon","coordinates":[[[114.1864921,22.3069619],[114.1858813,22.3073429],[114.1855895,22.3069365],[114.186204,22.3065561],[114.1864921,22.3069619]]]}},{"type":"Feature","properties":{"tpusb":"243044"},"geometry":{"type":"Polygon","coordinates":[[[114.1869137,22.3071808],[114.1861258,22.3076877],[114.1858813,22.3073429],[114.186682,22.3068439],[114.1869137,22.3071808]]]}},{"type":"Feature","properties":{"tpusb":"243045"},"geometry":{"type":"Polygon","coordinates":[[[114.1862023,22.3088594],[114.1858361,22.308979],[114.1856103,22.3087742],[114.1852651,22.3082414],[114.1869137,22.3071808],[114.1875064,22.3081025],[114.1875865,22.3084456],[114.187592,22.3088661],[114.1862023,22.3088594]]]}},{"type":"Feature","properties":{"tpusb":"243046"},"geometry":{"type":"Polygon","coordinates":[[[114.1873911,22.3068737],[114.1869137,22.3071808],[114.186682,22.3068439],[114.1871478,22.3065447],[114.1873911,22.3068737]]]}},{"type":"Feature","properties":{"tpusb":"243047"},"geometry":{"type":"Polygon","coordinates":[[[114.1884551,22.3078524],[114.1877199,22.3078891],[114.1874579,22.3079947],[114.1869137,22.3071808],[114.1873911,22.3068737],[114.1875385,22.3070741],[114.1876125,22.307113],[114.1883464,22.3070328],[114.1884551,22.3078524]]]}},{"type":"Feature","properties":{"tpusb":"243049"},"geometry":{"type":"Polygon","coordinates":[[[114.1897185,22.3068595],[114.1899957,22.307333],[114.1901826,22.3077992],[114.1902912,22.3083308],[114.1903137,22.3088806],[114.1896601,22.3088806],[114.1894226,22.308717],[114.1884551,22.3078524],[114.1883464,22.3070328],[114.1897185,22.3068595]]]}},{"type":"Feature","properties":{"tpusb":"243050"},"geometry":{"type":"Polygon","coordinates":[[[114.1907207,22.3087286],[114.1903137,22.3088806],[114.1902912,22.3083308],[114.1901826,22.3077992],[114.1899957,22.307333],[114.1897185,22.3068595],[114.1915024,22.3066223],[114.1918691,22.3082575],[114.1907207,22.3087286]]]}},{"type":"Feature","properties":{"tpusb":"243051"},"geometry":{"type":"Polygon","coordinates":[[[114.1859181,22.3127776],[114.1854421,22.3130522],[114.1852866,22.312807],[114.1853054,22.312737],[114.1852557,22.3126574],[114.1853291,22.3126179],[114.1845046,22.3113362],[114.1842856,22.3110534],[114.1839361,22.3107751],[114.1841667,22.3105567],[114.1846945,22.3110618],[114.1852508,22.3119389],[114.1853776,22.3119677],[114.1859181,22.3127776]]]}},{"type":"Feature","properties":{"tpusb":"244001"},"geometry":{"type":"Polygon","coordinates":[[[114.1896081,22.3142974],[114.1882755,22.3148629],[114.1879215,22.3145167],[114.1893988,22.3138599],[114.1896081,22.3142974]]]}},{"type":"Feature","properties":{"tpusb":"244002"},"geometry":{"type":"Polygon","coordinates":[[[114.1884617,22.3142799],[114.1879215,22.3145167],[114.1875824,22.3141323],[114.1881328,22.3138939],[114.1884617,22.3142799]]]}},{"type":"Feature","properties":{"tpusb":"244003"},"geometry":{"type":"Polygon","coordinates":[[[114.1893988,22.3138599],[114.1884617,22.3142799],[114.1881328,22.3138939],[114.1891992,22.3134327],[114.1893988,22.3138599]]]}},{"type":"Feature","properties":{"tpusb":"244004"},"geometry":{"type":"Polygon","coordinates":[[[114.1901155,22.314082],[114.1896081,22.3142974],[114.1894973,22.3140658],[114.1900262,22.3138441],[114.1901155,22.314082]]]}},{"type":"Feature","properties":{"tpusb":"244005"},"geometry":{"type":"Polygon","coordinates":[[[114.1900262,22.3138441],[114.1894973,22.3140658],[114.1894026,22.3138679],[114.1899226,22.3136364],[114.1900262,22.3138441]]]}},{"type":"Feature","properties":{"tpusb":"244006"},"geometry":{"type":"Polygon","coordinates":[[[114.1899226,22.3136364],[114.1894026,22.3138679],[114.1892982,22.3136444],[114.1898147,22.3134201],[114.1899226,22.3136364]]]}},{"type":"Feature","properties":{"tpusb":"244007"},"geometry":{"type":"Polygon","coordinates":[[[114.1881328,22.3138939],[114.1875824,22.3141323],[114.1876136,22.3134328],[114.1891992,22.3134327],[114.1881328,22.3138939]]]}},{"type":"Feature","properties":{"tpusb":"244008"},"geometry":{"type":"Polygon","coordinates":[[[114.1898147,22.3134201],[114.1892982,22.3136444],[114.1891992,22.3134327],[114.1892247,22.3134327],[114.1892297,22.3131775],[114.1893751,22.313177],[114.1896511,22.3130244],[114.1898147,22.3134201]]]}},{"type":"Feature","properties":{"tpusb":"244009"},"geometry":{"type":"Polygon","coordinates":[[[114.1892297,22.3131775],[114.1892247,22.3134327],[114.1876136,22.3134328],[114.1876127,22.3132606],[114.1879415,22.313207],[114.1879434,22.312985],[114.1880711,22.3129833],[114.1881102,22.3131804],[114.1892297,22.3131775]]]}},{"type":"Feature","properties":{"tpusb":"244010"},"geometry":{"type":"Polygon","coordinates":[[[114.1885422,22.3131787],[114.1881102,22.3131804],[114.1880711,22.3129833],[114.1885428,22.3129772],[114.1885422,22.3131787]]]}},{"type":"Feature","properties":{"tpusb":"244011"},"geometry":{"type":"Polygon","coordinates":[[[114.1890682,22.3131781],[114.1885422,22.3131787],[114.1885428,22.3129772],[114.1890681,22.3129749],[114.1890682,22.3131781]]]}},{"type":"Feature","properties":{"tpusb":"244012"},"geometry":{"type":"Polygon","coordinates":[[[114.1892297,22.3131775],[114.1890682,22.3131781],[114.1890681,22.3129749],[114.1896303,22.3129646],[114.1896511,22.3130244],[114.1893751,22.313177],[114.1892297,22.3131775]]]}},{"type":"Feature","properties":{"tpusb":"244013"},"geometry":{"type":"Polygon","coordinates":[[[114.1879434,22.312985],[114.1879415,22.313207],[114.1876127,22.3132606],[114.187608,22.3122893],[114.1879496,22.3122932],[114.1879434,22.312985]]]}},{"type":"Feature","properties":{"tpusb":"244014"},"geometry":{"type":"Polygon","coordinates":[[[114.1885433,22.3125816],[114.1885428,22.3127842],[114.1879452,22.3127813],[114.187947,22.3125828],[114.1885433,22.3125816]]]}},{"type":"Feature","properties":{"tpusb":"244015"},"geometry":{"type":"Polygon","coordinates":[[[114.1880711,22.3129833],[114.1879434,22.312985],[114.1879452,22.3127813],[114.1885428,22.3127842],[114.1885428,22.3129772],[114.1880711,22.3129833]]]}},{"type":"Feature","properties":{"tpusb":"244016"},"geometry":{"type":"Polygon","coordinates":[[[114.1890681,22.3129749],[114.1885428,22.3129772],[114.1885428,22.3127842],[114.1890681,22.3127864],[114.1890681,22.3129749]]]}},{"type":"Feature","properties":{"tpusb":"244017"},"geometry":{"type":"Polygon","coordinates":[[[114.1896303,22.3129646],[114.1890681,22.3129749],[114.1890681,22.3127864],[114.1895688,22.3127799],[114.1896303,22.3129646]]]}},{"type":"Feature","properties":{"tpusb":"244018"},"geometry":{"type":"Polygon","coordinates":[[[114.190636,22.3144439],[114.1903203,22.3144703],[114.1897117,22.3131989],[114.1894556,22.3123022],[114.1904274,22.3122433],[114.19058,22.3126262],[114.1907608,22.3128965],[114.1913838,22.3134885],[114.1914465,22.3137952],[114.191336,22.3140574],[114.1911588,22.3142032],[114.190636,22.3144439]]]}},{"type":"Feature","properties":{"tpusb":"244019"},"geometry":{"type":"Polygon","coordinates":[[[114.1885433,22.3125816],[114.187947,22.3125828],[114.1879496,22.3122932],[114.188544,22.3122999],[114.1885433,22.3125816]]]}},{"type":"Feature","properties":{"tpusb":"244020"},"geometry":{"type":"Polygon","coordinates":[[[114.1890681,22.3127864],[114.1885428,22.3127842],[114.188544,22.3122999],[114.1894556,22.3123022],[114.1895688,22.3127799],[114.1890681,22.3127864]]]}},{"type":"Feature","properties":{"tpusb":"244021"},"geometry":{"type":"Polygon","coordinates":[[[114.188377,22.3118543],[114.1883948,22.3122982],[114.187608,22.3122893],[114.187606,22.3118807],[114.188377,22.3118543]]]}},{"type":"Feature","properties":{"tpusb":"244023"},"geometry":{"type":"Polygon","coordinates":[[[114.188377,22.3118543],[114.187606,22.3118807],[114.1876006,22.3106271],[114.1880853,22.3106282],[114.1881008,22.3113564],[114.1883569,22.3113527],[114.188377,22.3118543]]]}},{"type":"Feature","properties":{"tpusb":"244024"},"geometry":{"type":"Polygon","coordinates":[[[114.1883569,22.3113527],[114.1881008,22.3113564],[114.1880853,22.3106282],[114.1883279,22.3106285],[114.1883569,22.3113527]]]}},{"type":"Feature","properties":{"tpusb":"244027"},"geometry":{"type":"Polygon","coordinates":[[[114.1934352,22.3063591],[114.1938656,22.3083425],[114.1929886,22.3090118],[114.1930514,22.3090821],[114.1930117,22.3091118],[114.1929512,22.3090413],[114.1917873,22.309924],[114.1907207,22.3087286],[114.1918691,22.3082575],[114.1915024,22.3066223],[114.1934352,22.3063591]]]}},{"type":"Feature","properties":{"tpusb":"244028"},"geometry":{"type":"Polygon","coordinates":[[[114.1894556,22.3123022],[114.1883948,22.3122982],[114.1883279,22.3106285],[114.1893003,22.3106202],[114.1893177,22.3111152],[114.1894556,22.3123022]]]}},{"type":"Feature","properties":{"tpusb":"244029"},"geometry":{"type":"Polygon","coordinates":[[[114.1893003,22.3106202],[114.1876006,22.3106271],[114.1875883,22.3084727],[114.1875489,22.3082317],[114.1874579,22.3079947],[114.1877199,22.3078891],[114.1884551,22.3078524],[114.1894226,22.308717],[114.1896601,22.3088806],[114.1903137,22.3088806],[114.1903721,22.3106037],[114.1893003,22.3106202]]]}},{"type":"Feature","properties":{"tpusb":"244030"},"geometry":{"type":"Polygon","coordinates":[[[114.1919994,22.3144782],[114.1916199,22.3143735],[114.190636,22.3144439],[114.1911588,22.3142032],[114.191336,22.3140574],[114.1914465,22.3137952],[114.1913838,22.3134885],[114.1907608,22.3128965],[114.19058,22.3126262],[114.1904274,22.3122433],[114.1894556,22.3123022],[114.1893177,22.3111152],[114.1893003,22.3106202],[114.1903721,22.3106037],[114.1903137,22.3088806],[114.1907207,22.3087286],[114.1917873,22.309924],[114.1918009,22.3101863],[114.1922405,22.3101689],[114.1922546,22.3105038],[114.1918158,22.3105186],[114.1919994,22.3144782]]]}},{"type":"Feature","properties":{"tpusb":"245001"},"geometry":{"type":"Polygon","coordinates":[[[114.185171,22.3071962],[114.1847234,22.3074739],[114.1842848,22.306853],[114.1848665,22.3064844],[114.1853227,22.3071019],[114.185171,22.3071962]]]}},{"type":"Feature","properties":{"tpusb":"245002"},"geometry":{"type":"Polygon","coordinates":[[[114.1848665,22.3064844],[114.1842848,22.306853],[114.1837958,22.3061608],[114.1843656,22.3058058],[114.1848665,22.3064844]]]}},{"type":"Feature","properties":{"tpusb":"245004"},"geometry":{"type":"Polygon","coordinates":[[[114.1852104,22.306266],[114.1848665,22.3064844],[114.1843656,22.3058058],[114.1847079,22.3055925],[114.1852104,22.306266]]]}},{"type":"Feature","properties":{"tpusb":"245006"},"geometry":{"type":"Polygon","coordinates":[[[114.186682,22.3068439],[114.1864921,22.3069619],[114.186204,22.3065561],[114.1868572,22.3061508],[114.1871478,22.3065447],[114.186682,22.3068439]]]}},{"type":"Feature","properties":{"tpusb":"245007"},"geometry":{"type":"Polygon","coordinates":[[[114.186204,22.3065561],[114.1859359,22.306722],[114.1854837,22.3060927],[114.1863901,22.3055181],[114.1868572,22.3061508],[114.186204,22.3065561]]]}},{"type":"Feature","properties":{"tpusb":"245008"},"geometry":{"type":"Polygon","coordinates":[[[114.1854837,22.3060927],[114.1852104,22.306266],[114.1847269,22.3056178],[114.1859309,22.3048967],[114.1863901,22.3055181],[114.1854837,22.3060927]]]}},{"type":"Feature","properties":{"tpusb":"245009"},"geometry":{"type":"Polygon","coordinates":[[[114.1883464,22.3070328],[114.1875846,22.3071057],[114.1871478,22.3065447],[114.1886631,22.3055702],[114.1890384,22.3061419],[114.1891524,22.3060813],[114.1897185,22.3068595],[114.1883464,22.3070328]]]}},{"type":"Feature","properties":{"tpusb":"245010"},"geometry":{"type":"Polygon","coordinates":[[[114.1886631,22.3055702],[114.1871478,22.3065447],[114.1863901,22.3055181],[114.1879868,22.3044876],[114.188743,22.3055191],[114.1886631,22.3055702]]]}},{"type":"Feature","properties":{"tpusb":"245011"},"geometry":{"type":"Polygon","coordinates":[[[114.1879868,22.3044876],[114.1863901,22.3055181],[114.1859309,22.3048967],[114.187514,22.3038428],[114.1879868,22.3044876]]]}},{"type":"Feature","properties":{"tpusb":"245012"},"geometry":{"type":"Polygon","coordinates":[[[114.190616,22.3054862],[114.1906733,22.3055833],[114.1906836,22.3057098],[114.1906028,22.3059648],[114.1895644,22.3066456],[114.1891524,22.3060813],[114.1890384,22.3061419],[114.1886631,22.3055702],[114.1900531,22.3046983],[114.190616,22.3054862]]]}},{"type":"Feature","properties":{"tpusb":"245013"},"geometry":{"type":"Polygon","coordinates":[[[114.1900531,22.3046983],[114.188743,22.3055191],[114.1879988,22.304504],[114.1893106,22.3036559],[114.1900531,22.3046983]]]}},{"type":"Feature","properties":{"tpusb":"245014"},"geometry":{"type":"Polygon","coordinates":[[[114.1893106,22.3036559],[114.1879988,22.304504],[114.1874458,22.3037465],[114.1887969,22.3029365],[114.1893106,22.3036559]]]}},{"type":"Feature","properties":{"tpusb":"245015"},"geometry":{"type":"Polygon","coordinates":[[[114.1915961,22.3027259],[114.1914275,22.3026537],[114.1912022,22.3026729],[114.1901474,22.3031284],[114.1893106,22.3036559],[114.1887969,22.3029365],[114.1890166,22.3028046],[114.1912693,22.3018695],[114.1916754,22.3027047],[114.1915961,22.3027259]]]}},{"type":"Feature","properties":{"tpusb":"245016"},"geometry":{"type":"Polygon","coordinates":[[[114.1919794,22.3035067],[114.1900531,22.3046983],[114.1893106,22.3036559],[114.1902155,22.3030938],[114.1913224,22.3026464],[114.191473,22.3026628],[114.1915961,22.3027259],[114.1919794,22.3035067]]]}},{"type":"Feature","properties":{"tpusb":"245017"},"geometry":{"type":"Polygon","coordinates":[[[114.1918479,22.3047631],[114.1907988,22.3054412],[114.190616,22.3054862],[114.1900531,22.3046983],[114.1919863,22.3035061],[114.1921575,22.3036113],[114.192238,22.3037096],[114.1925794,22.3044277],[114.1925224,22.3044864],[114.1918479,22.3047631]]]}},{"type":"Feature","properties":{"tpusb":"245018"},"geometry":{"type":"Polygon","coordinates":[[[114.1915024,22.3066223],[114.1897185,22.3068595],[114.1895644,22.3066456],[114.1906028,22.3059648],[114.1906836,22.3057098],[114.1906733,22.3055833],[114.190616,22.3054862],[114.1907988,22.3054412],[114.1918479,22.3047631],[114.1921999,22.3065291],[114.1915024,22.3066223]]]}},{"type":"Feature","properties":{"tpusb":"245019"},"geometry":{"type":"Polygon","coordinates":[[[114.1934352,22.3063591],[114.1921999,22.3065291],[114.1918479,22.3047631],[114.1925224,22.3044864],[114.1925806,22.3043764],[114.1922267,22.3036927],[114.1919794,22.3035067],[114.1915961,22.3027259],[114.1916754,22.3027047],[114.1912693,22.3018695],[114.1914499,22.3017923],[114.1916836,22.3018113],[114.1931154,22.3027789],[114.1928027,22.3037765],[114.1933961,22.3061813],[114.1935012,22.3061589],[114.1934568,22.3059597],[114.1936884,22.3059146],[114.1937716,22.3062914],[114.1934352,22.3063591]]]}},{"type":"Feature","properties":{"tpusb":"245020"},"geometry":{"type":"Polygon","coordinates":[[[114.1855895,22.3069365],[114.1853227,22.3071019],[114.1848665,22.3064844],[114.1854837,22.3060927],[114.1859359,22.306722],[114.1855895,22.3069365]]]}},{"type":"Feature","properties":{"tpusb":"246001"},"geometry":{"type":"Polygon","coordinates":[[[114.1863052,22.3240415],[114.1857691,22.3250349],[114.1856441,22.3249457],[114.1837252,22.324071],[114.1840807,22.3234255],[114.1852899,22.323981],[114.1863501,22.3233519],[114.1863526,22.3239631],[114.1863052,22.3240415]]]}},{"type":"Feature","properties":{"tpusb":"246002"},"geometry":{"type":"Polygon","coordinates":[[[114.1871142,22.3252625],[114.1868374,22.3256597],[114.1857691,22.3250349],[114.1863052,22.3240415],[114.1871515,22.3245433],[114.1878784,22.3242248],[114.1882284,22.3249151],[114.1874604,22.3248689],[114.1873336,22.3249507],[114.1871142,22.3252625]]]}},{"type":"Feature","properties":{"tpusb":"246003"},"geometry":{"type":"Polygon","coordinates":[[[114.1886058,22.3261455],[114.1880615,22.3263788],[114.1868374,22.3256597],[114.1871142,22.3252625],[114.1886058,22.3261455]]]}},{"type":"Feature","properties":{"tpusb":"246004"},"geometry":{"type":"Polygon","coordinates":[[[114.1898632,22.3267054],[114.1896507,22.3267636],[114.1893915,22.3271377],[114.1880615,22.3263788],[114.1894011,22.325797],[114.1898632,22.3267054]]]}},{"type":"Feature","properties":{"tpusb":"246005"},"geometry":{"type":"Polygon","coordinates":[[[114.1888697,22.3260287],[114.1886058,22.3261455],[114.1871142,22.3252625],[114.1873336,22.3249507],[114.1874604,22.3248689],[114.1882356,22.3249157],[114.1883002,22.3248871],[114.1888697,22.3260287]]]}},{"type":"Feature","properties":{"tpusb":"246006"},"geometry":{"type":"Polygon","coordinates":[[[114.1894011,22.325797],[114.1888697,22.3260287],[114.1883002,22.3248871],[114.1885717,22.3247509],[114.1887858,22.324586],[114.1894011,22.325797]]]}},{"type":"Feature","properties":{"tpusb":"246007"},"geometry":{"type":"Polygon","coordinates":[[[114.1908213,22.327567],[114.1907759,22.3276371],[114.191535,22.3280272],[114.190813,22.3278628],[114.1894272,22.3276874],[114.1893358,22.327548],[114.1893315,22.3273674],[114.1893915,22.3271377],[114.1895444,22.3268899],[114.1896742,22.3267477],[114.1898632,22.3267054],[114.1902329,22.327167],[114.1908213,22.327567]]]}},{"type":"Feature","properties":{"tpusb":"246008"},"geometry":{"type":"Polygon","coordinates":[[[114.1898061,22.3251453],[114.1905652,22.3266783],[114.1908464,22.3270305],[114.1910534,22.3272091],[114.1908213,22.327567],[114.1903197,22.327242],[114.1900121,22.3269277],[114.1898586,22.3266974],[114.1892925,22.3255831],[114.1893331,22.3254357],[114.1894281,22.3253157],[114.1898061,22.3251453]]]}},{"type":"Feature","properties":{"tpusb":"246009"},"geometry":{"type":"Polygon","coordinates":[[[114.1898061,22.3251453],[114.1894281,22.3253157],[114.1893331,22.3254357],[114.1892925,22.3255831],[114.1887858,22.324586],[114.1902252,22.3239607],[114.1898588,22.324246],[114.1896804,22.32452],[114.1896483,22.3248195],[114.1898061,22.3251453]]]}},{"type":"Feature","properties":{"tpusb":"246010"},"geometry":{"type":"Polygon","coordinates":[[[114.1863501,22.3233519],[114.1852899,22.323981],[114.1840807,22.3234255],[114.1847254,22.3221988],[114.185134,22.321006],[114.1875492,22.321023],[114.1875323,22.3220638],[114.1875638,22.3221699],[114.1863561,22.3221575],[114.1863501,22.3233519]]]}},{"type":"Feature","properties":{"tpusb":"246011"},"geometry":{"type":"Polygon","coordinates":[[[114.1878784,22.3242248],[114.1871515,22.3245433],[114.1863052,22.3240415],[114.1863526,22.3239631],[114.1863561,22.3221575],[114.1875638,22.3221699],[114.1878673,22.3227777],[114.1872752,22.3230351],[114.1878784,22.3242248]]]}},{"type":"Feature","properties":{"tpusb":"246012"},"geometry":{"type":"Polygon","coordinates":[[[114.187553,22.3207052],[114.1875492,22.321023],[114.185134,22.321006],[114.185411,22.3203193],[114.1855918,22.3200956],[114.1875601,22.3200578],[114.187553,22.3207052]]]}},{"type":"Feature","properties":{"tpusb":"246013"},"geometry":{"type":"Polygon","coordinates":[[[114.1868374,22.3256597],[114.1864415,22.3262522],[114.1862747,22.327108],[114.1852374,22.3269437],[114.1856441,22.3249457],[114.1868374,22.3256597]]]}},{"type":"Feature","properties":{"tpusb":"246014"},"geometry":{"type":"Polygon","coordinates":[[[114.18769,22.3261579],[114.1874033,22.3265803],[114.1872427,22.3273297],[114.1862747,22.327108],[114.1864415,22.3262522],[114.1868374,22.3256597],[114.18769,22.3261579]]]}},{"type":"Feature","properties":{"tpusb":"246015"},"geometry":{"type":"Polygon","coordinates":[[[114.1893915,22.3271377],[114.1893232,22.3274787],[114.1894272,22.3276874],[114.1872427,22.3273297],[114.1874033,22.3265803],[114.18769,22.3261579],[114.1893915,22.3271377]]]}},{"type":"Feature","properties":{"tpusb":"247003"},"geometry":{"type":"Polygon","coordinates":[[[114.1936252,22.3174005],[114.1933758,22.3175054],[114.1930667,22.3173729],[114.1925027,22.3167566],[114.1924376,22.3168098],[114.190523,22.3148624],[114.1903203,22.3144703],[114.1916199,22.3143735],[114.1919994,22.3144782],[114.1921098,22.3145562],[114.1921346,22.3144501],[114.1922147,22.3144371],[114.1922462,22.3144856],[114.1921704,22.3145161],[114.1923724,22.3145821],[114.1923779,22.3146464],[114.1925775,22.3146803],[114.1924944,22.3147316],[114.1924549,22.3148234],[114.1926873,22.3151425],[114.1938079,22.3174089],[114.1936252,22.3174005]]]}},{"type":"Feature","properties":{"tpusb":"247004"},"geometry":{"type":"Polygon","coordinates":[[[114.1925642,22.3183652],[114.1929344,22.3187564],[114.19247,22.3191019],[114.1921189,22.3187291],[114.1925642,22.3183652]]]}},{"type":"Feature","properties":{"tpusb":"247005"},"geometry":{"type":"Polygon","coordinates":[[[114.1943834,22.318557],[114.1943457,22.318481],[114.1926026,22.3192429],[114.19247,22.3191019],[114.1929344,22.3187564],[114.1925642,22.3183652],[114.1933758,22.317702],[114.1930667,22.3173729],[114.1933203,22.3174952],[114.1934156,22.3175033],[114.1935969,22.3174041],[114.1938079,22.3174089],[114.1937917,22.3173755],[114.193924,22.3173021],[114.1939043,22.3172711],[114.1939874,22.3171917],[114.194015,22.3172123],[114.1939868,22.3172551],[114.1940901,22.3173411],[114.1944011,22.3171769],[114.1944,22.3172084],[114.1940969,22.3173693],[114.1939854,22.3173986],[114.1939649,22.3173665],[114.1938311,22.3174401],[114.194005,22.3177918],[114.1941674,22.3177939],[114.1946137,22.3176029],[114.1947258,22.3176669],[114.1947104,22.3177801],[114.1942642,22.3179759],[114.1941545,22.318102],[114.1942596,22.3183069],[114.1943411,22.3182721],[114.1944652,22.3185221],[114.1943834,22.318557]]]}},{"type":"Feature","properties":{"tpusb":"247006"},"geometry":{"type":"Polygon","coordinates":[[[114.1939228,22.3194518],[114.1931233,22.3197962],[114.1926026,22.3192429],[114.1943457,22.318481],[114.1944785,22.3187516],[114.19455,22.3187072],[114.1945819,22.3187718],[114.1945038,22.3188034],[114.1946653,22.3191321],[114.1939228,22.3194518]]]}},{"type":"Feature","properties":{"tpusb":"247011"},"geometry":{"type":"Polygon","coordinates":[[[114.1949013,22.3196126],[114.1948468,22.3196452],[114.1948844,22.3197214],[114.1935973,22.3202825],[114.1931233,22.3197962],[114.1946653,22.3191321],[114.1949013,22.3196126]]]}},{"type":"Feature","properties":{"tpusb":"247012"},"geometry":{"type":"Polygon","coordinates":[[[114.1960266,22.3207464],[114.1956057,22.321029],[114.1952821,22.3214414],[114.1945386,22.3220963],[114.1938608,22.3207188],[114.1951758,22.3201591],[114.1952678,22.3203452],[114.1960266,22.3207464]]]}},{"type":"Feature","properties":{"tpusb":"247013"},"geometry":{"type":"Polygon","coordinates":[[[114.1951758,22.3201591],[114.1938608,22.3207188],[114.1936822,22.3203619],[114.1935973,22.3202825],[114.1948844,22.3197214],[114.1948468,22.3196452],[114.1949996,22.3195704],[114.1950509,22.3196728],[114.1949992,22.3196964],[114.1951067,22.3199141],[114.1950642,22.3199334],[114.1951758,22.3201591]]]}},{"type":"Feature","properties":{"tpusb":"251001"},"geometry":{"type":"Polygon","coordinates":[[[114.1608763,22.3074125],[114.1599202,22.3076821],[114.1599205,22.3070341],[114.1582832,22.3048528],[114.1586672,22.3045993],[114.1596341,22.3056708],[114.1598331,22.3060463],[114.1604154,22.305797],[114.1610198,22.307372],[114.1608763,22.3074125]]]}},{"type":"Feature","properties":{"tpusb":"251002"},"geometry":{"type":"Polygon","coordinates":[[[114.1622285,22.3070312],[114.1610198,22.307372],[114.1604154,22.305797],[114.1606214,22.3057087],[114.1601209,22.3044806],[114.1594216,22.3029412],[114.1600403,22.3026031],[114.1605792,22.3024887],[114.1638951,22.3027311],[114.1639373,22.306556],[114.1622285,22.3070312]]]}},{"type":"Feature","properties":{"tpusb":"251003"},"geometry":{"type":"Polygon","coordinates":[[[114.1651145,22.306315],[114.1639373,22.306556],[114.1638951,22.3027311],[114.1666221,22.3029212],[114.1663969,22.30383],[114.1660652,22.3046972],[114.165691,22.3054396],[114.1651145,22.306315]]]}},{"type":"Feature","properties":{"tpusb":"251004"},"geometry":{"type":"Polygon","coordinates":[[[114.1670025,22.3059634],[114.1651145,22.306315],[114.165691,22.3054396],[114.1660652,22.3046972],[114.1663969,22.30383],[114.1666221,22.3029212],[114.1680768,22.3030225],[114.1676771,22.3044677],[114.1674884,22.3048572],[114.1671481,22.3053595],[114.1670626,22.3055994],[114.1670025,22.3059634]]]}},{"type":"Feature","properties":{"tpusb":"251005"},"geometry":{"type":"Polygon","coordinates":[[[114.1586672,22.3045993],[114.1582832,22.3048528],[114.1580547,22.3045482],[114.1584374,22.3043016],[114.1586672,22.3045993]]]}},{"type":"Feature","properties":{"tpusb":"251007"},"geometry":{"type":"Polygon","coordinates":[[[114.1604154,22.305797],[114.1598331,22.3060463],[114.1596341,22.3056708],[114.1589269,22.3049158],[114.1583173,22.3041379],[114.1581051,22.3038393],[114.1581735,22.3037738],[114.1579769,22.3034932],[114.1578061,22.3035133],[114.1576975,22.3034261],[114.1574496,22.3029175],[114.1564502,22.3014207],[114.1564153,22.3012216],[114.15652,22.301047],[114.1567123,22.3009672],[114.1569215,22.301009],[114.1582934,22.3018566],[114.1585355,22.3020556],[114.1586121,22.3020136],[114.1590521,22.3024131],[114.1594216,22.3029412],[114.1595718,22.3032408],[114.1606214,22.3057087],[114.1604154,22.305797]]]}},{"type":"Feature","properties":{"tpusb":"252001"},"geometry":{"type":"Polygon","coordinates":[[[114.1621833,22.3124904],[114.1619141,22.3125127],[114.1615391,22.3124707],[114.1610512,22.3122881],[114.160833,22.3121203],[114.1606476,22.3118776],[114.1605426,22.3116329],[114.1604904,22.311255],[114.1599186,22.3111571],[114.1599202,22.3076821],[114.1608763,22.3074125],[114.161232,22.3084811],[114.1614975,22.3085581],[114.1618355,22.3091716],[114.1620802,22.309474],[114.1627908,22.3100805],[114.1632507,22.3103846],[114.1621833,22.3124904]]]}},{"type":"Feature","properties":{"tpusb":"252002"},"geometry":{"type":"Polygon","coordinates":[[[114.1639039,22.308542],[114.1638778,22.3087519],[114.1635892,22.3094792],[114.1633512,22.3102155],[114.1632507,22.3103846],[114.1631683,22.3103591],[114.1620802,22.309474],[114.1618355,22.3091716],[114.1614975,22.3085581],[114.161232,22.3084811],[114.1608763,22.3074125],[114.1622285,22.3070312],[114.1628073,22.308534],[114.163019,22.3085985],[114.1632777,22.3086193],[114.1639039,22.308542]]]}},{"type":"Feature","properties":{"tpusb":"252003"},"geometry":{"type":"Polygon","coordinates":[[[114.1673306,22.3113945],[114.1671917,22.3124226],[114.1647616,22.3119897],[114.1648879,22.3110775],[114.1649776,22.3107659],[114.1655677,22.310748],[114.1663432,22.310871],[114.1663572,22.3107928],[114.1674195,22.3108898],[114.1673306,22.3113945]]]}},{"type":"Feature","properties":{"tpusb":"252004"},"geometry":{"type":"Polygon","coordinates":[[[114.1647616,22.3119897],[114.1640241,22.3118732],[114.1637061,22.3119041],[114.1633306,22.3120266],[114.1625801,22.3123841],[114.1621833,22.3124904],[114.1626456,22.3115259],[114.1629497,22.3110194],[114.1633512,22.3102155],[114.1635892,22.3094792],[114.1638778,22.3087519],[114.1639841,22.3080449],[114.1639373,22.306556],[114.1651145,22.306315],[114.1649861,22.3073667],[114.164973,22.3078239],[114.1650354,22.3084307],[114.1652059,22.309192],[114.165225,22.3097139],[114.1651692,22.3101],[114.1648879,22.3110775],[114.1647616,22.3119897]]]}},{"type":"Feature","properties":{"tpusb":"252005"},"geometry":{"type":"Polygon","coordinates":[[[114.1675997,22.3098877],[114.1674195,22.3108898],[114.1663572,22.3107928],[114.1663432,22.310871],[114.1655677,22.310748],[114.1649776,22.3107659],[114.1652028,22.3099184],[114.1663293,22.3100054],[114.1663604,22.3096514],[114.1676461,22.3097527],[114.1675997,22.3098877]]]}},{"type":"Feature","properties":{"tpusb":"252007"},"geometry":{"type":"Polygon","coordinates":[[[114.1663604,22.3096514],[114.1663293,22.3100054],[114.1652028,22.3099184],[114.1652305,22.3095238],[114.1651948,22.3091208],[114.1659981,22.3089021],[114.1664306,22.3088511],[114.1663604,22.3096514]]]}},{"type":"Feature","properties":{"tpusb":"252008"},"geometry":{"type":"Polygon","coordinates":[[[114.1677008,22.3091664],[114.1676096,22.3097498],[114.1663604,22.3096514],[114.1664306,22.3088511],[114.1669952,22.3089135],[114.1677008,22.3091664]]]}},{"type":"Feature","properties":{"tpusb":"252009"},"geometry":{"type":"Polygon","coordinates":[[[114.1676845,22.3085663],[114.1677539,22.3088273],[114.1677008,22.3091664],[114.16703,22.3089223],[114.1664974,22.3088508],[114.1660331,22.3088947],[114.1651948,22.3091208],[114.1650354,22.3084307],[114.164973,22.3078239],[114.1649861,22.3073667],[114.1651145,22.306315],[114.1670025,22.3059634],[114.1671988,22.3067135],[114.1653381,22.3071533],[114.165395,22.3074282],[114.1653522,22.3074366],[114.1655987,22.3083903],[114.1675228,22.3079575],[114.1676845,22.3085663]],[[114.1660019,22.3066988],[114.1668082,22.306511],[114.1667551,22.3063145],[114.1666596,22.3062514],[114.1659275,22.3064219],[114.1660019,22.3066988]]]}},{"type":"Feature","properties":{"tpusb":"252010"},"geometry":{"type":"Polygon","coordinates":[[[114.1639039,22.308542],[114.1632777,22.3086193],[114.163019,22.3085985],[114.1628073,22.308534],[114.1622285,22.3070312],[114.1639373,22.306556],[114.1639864,22.3079608],[114.1639633,22.3083414],[114.1639039,22.308542]]]}},{"type":"Feature","properties":{"tpusb":"252011"},"geometry":{"type":"Polygon","coordinates":[[[114.1660019,22.3066988],[114.1659275,22.3064219],[114.1666596,22.3062514],[114.1667551,22.3063145],[114.1668082,22.306511],[114.1660019,22.3066988]]]}},{"type":"Feature","properties":{"tpusb":"253001"},"geometry":{"type":"Polygon","coordinates":[[[114.1604925,22.3177009],[114.1604682,22.3176934],[114.1600529,22.3186846],[114.1596939,22.318556],[114.1601125,22.3175424],[114.159523,22.3173582],[114.1567864,22.3173383],[114.1568045,22.3168343],[114.1593764,22.3168333],[114.1599185,22.3155251],[114.1611496,22.3155638],[114.1606333,22.3168027],[114.1608324,22.3168761],[114.1604925,22.3177009]]]}},{"type":"Feature","properties":{"tpusb":"253002"},"geometry":{"type":"Polygon","coordinates":[[[114.1634197,22.3179269],[114.1632369,22.318646],[114.1604925,22.3177009],[114.1608324,22.3168761],[114.1606333,22.3168027],[114.1616024,22.3144784],[114.1640528,22.3152309],[114.1634197,22.3179269]]]}},{"type":"Feature","properties":{"tpusb":"253003"},"geometry":{"type":"Polygon","coordinates":[[[114.1656721,22.3166848],[114.1654744,22.3178109],[114.1652292,22.3179836],[114.1634197,22.3179269],[114.1635988,22.317204],[114.1646736,22.3174069],[114.1649995,22.3173728],[114.1652591,22.3172609],[114.1654411,22.3171153],[114.1655834,22.3169231],[114.1656721,22.3166848]]]}},{"type":"Feature","properties":{"tpusb":"253004"},"geometry":{"type":"Polygon","coordinates":[[[114.1662354,22.3181425],[114.1661329,22.318771],[114.1632369,22.318646],[114.1634197,22.3179269],[114.1652292,22.3179836],[114.1654744,22.3178109],[114.1658348,22.3157497],[114.16662,22.3158798],[114.1662354,22.3181425]]]}},{"type":"Feature","properties":{"tpusb":"253005"},"geometry":{"type":"Polygon","coordinates":[[[114.1656721,22.3166848],[114.1655834,22.3169231],[114.1654411,22.3171153],[114.1652591,22.3172609],[114.1649995,22.3173728],[114.1646736,22.3174069],[114.1635988,22.317204],[114.1641626,22.3147499],[114.1651955,22.3149623],[114.1650629,22.3155121],[114.1658496,22.3156649],[114.1656721,22.3166848]]]}},{"type":"Feature","properties":{"tpusb":"253006"},"geometry":{"type":"Polygon","coordinates":[[[114.1641626,22.3147499],[114.1640528,22.3152309],[114.1626421,22.3147959],[114.1629853,22.3139403],[114.1642863,22.3142075],[114.1641626,22.3147499]]]}},{"type":"Feature","properties":{"tpusb":"253007"},"geometry":{"type":"Polygon","coordinates":[[[114.1659998,22.3148006],[114.1658496,22.3156649],[114.1650629,22.3155121],[114.1652794,22.3146145],[114.1660057,22.3147661],[114.1659998,22.3148006]]]}},{"type":"Feature","properties":{"tpusb":"253008"},"geometry":{"type":"Polygon","coordinates":[[[114.1668266,22.3147575],[114.16662,22.3158798],[114.1658348,22.3157497],[114.1659998,22.3148006],[114.1667101,22.314919],[114.1667417,22.3147463],[114.1668266,22.3147575]]]}},{"type":"Feature","properties":{"tpusb":"253009"},"geometry":{"type":"Polygon","coordinates":[[[114.1616024,22.3144784],[114.1611496,22.3155638],[114.1599185,22.3155251],[114.1599186,22.3111571],[114.1604904,22.311255],[114.1605426,22.3116329],[114.1606476,22.3118776],[114.160833,22.3121203],[114.1610512,22.3122881],[114.1615391,22.3124707],[114.1619141,22.3125127],[114.1621833,22.3124904],[114.1619784,22.3131159],[114.1618703,22.3138532],[114.1616024,22.3144784]]]}},{"type":"Feature","properties":{"tpusb":"253010"},"geometry":{"type":"Polygon","coordinates":[[[114.1629853,22.3139403],[114.1626421,22.3147959],[114.1616024,22.3144784],[114.1618703,22.3138532],[114.1619784,22.3131159],[114.1621833,22.3124904],[114.1625801,22.3123841],[114.1633306,22.3120266],[114.1637061,22.3119041],[114.1640241,22.3118732],[114.1647616,22.3119897],[114.1645707,22.3129506],[114.163885,22.3128152],[114.1636707,22.3128371],[114.1635213,22.3129024],[114.1633296,22.3131136],[114.1629853,22.3139403]]]}},{"type":"Feature","properties":{"tpusb":"253011"},"geometry":{"type":"Polygon","coordinates":[[[114.1645493,22.3130549],[114.1642863,22.3142075],[114.1629853,22.3139403],[114.1633296,22.3131136],[114.1634175,22.3129876],[114.1635617,22.3128793],[114.163885,22.3128152],[114.1645707,22.3129506],[114.1645493,22.3130549]]]}},{"type":"Feature","properties":{"tpusb":"253012"},"geometry":{"type":"Polygon","coordinates":[[[114.1656492,22.3121424],[114.1653957,22.3132299],[114.1645493,22.3130549],[114.1647616,22.3119897],[114.1656492,22.3121424]]]}},{"type":"Feature","properties":{"tpusb":"253013"},"geometry":{"type":"Polygon","coordinates":[[[114.1668266,22.3147575],[114.1667417,22.3147463],[114.1667101,22.314919],[114.1659998,22.3148006],[114.1661868,22.3137035],[114.1661487,22.3134523],[114.1660926,22.3133764],[114.1653957,22.3132299],[114.1656492,22.3121424],[114.1671917,22.3124226],[114.1668266,22.3147575]]]}},{"type":"Feature","properties":{"tpusb":"253014"},"geometry":{"type":"Polygon","coordinates":[[[114.1660057,22.3147661],[114.1652794,22.3146145],[114.1651955,22.3149623],[114.1641626,22.3147499],[114.1645493,22.3130549],[114.1660926,22.3133764],[114.1661293,22.3134105],[114.1661868,22.3137035],[114.1660057,22.3147661]]]}},{"type":"Feature","properties":{"tpusb":"254001"},"geometry":{"type":"Polygon","coordinates":[[[114.1536693,22.3226729],[114.1531257,22.3230924],[114.1520866,22.3218938],[114.152626,22.3215007],[114.1536693,22.3226729]]]}},{"type":"Feature","properties":{"tpusb":"254002"},"geometry":{"type":"Polygon","coordinates":[[[114.1550054,22.3232535],[114.1538891,22.3241318],[114.1533458,22.3235573],[114.1531242,22.3234414],[114.152729,22.3233992],[114.1541531,22.3222958],[114.1550054,22.3232535]]]}},{"type":"Feature","properties":{"tpusb":"254003"},"geometry":{"type":"Polygon","coordinates":[[[114.1549731,22.3250563],[114.1548219,22.3252025],[114.1546554,22.3249545],[114.1538891,22.3241318],[114.1550054,22.3232535],[114.1550736,22.3233301],[114.1551351,22.3232802],[114.1551785,22.3233204],[114.1558751,22.3241115],[114.1549731,22.3250563]]]}},{"type":"Feature","properties":{"tpusb":"254004"},"geometry":{"type":"Polygon","coordinates":[[[114.1551351,22.3232802],[114.1550736,22.3233301],[114.1541531,22.3222958],[114.1549221,22.3210586],[114.1555211,22.3213814],[114.1549332,22.3222902],[114.1548391,22.3225263],[114.154857,22.3228949],[114.1549716,22.3231055],[114.1551351,22.3232802]]]}},{"type":"Feature","properties":{"tpusb":"254005"},"geometry":{"type":"Polygon","coordinates":[[[114.1568527,22.3229669],[114.1558751,22.3241115],[114.1549454,22.3230674],[114.1548352,22.3228065],[114.1548422,22.3225121],[114.1549332,22.3222902],[114.1554226,22.3215734],[114.1561972,22.3219857],[114.1560241,22.3222684],[114.1568527,22.3229669]]]}},{"type":"Feature","properties":{"tpusb":"254006"},"geometry":{"type":"Polygon","coordinates":[[[114.1559006,22.3208628],[114.1555211,22.3213814],[114.1549221,22.3210586],[114.1549361,22.3201986],[114.1558235,22.3206746],[114.1559006,22.3208628]]]}},{"type":"Feature","properties":{"tpusb":"254007"},"geometry":{"type":"Polygon","coordinates":[[[114.1572907,22.3223727],[114.1568527,22.3229669],[114.1560241,22.3222684],[114.1561972,22.3219857],[114.1554226,22.3215734],[114.1556738,22.321139],[114.1560298,22.3207234],[114.1563186,22.3204857],[114.156641,22.3203167],[114.1568071,22.3206392],[114.1570708,22.3209747],[114.1568174,22.3211803],[114.1568261,22.3212434],[114.156555,22.3216762],[114.1565353,22.3217187],[114.1565998,22.3219721],[114.1572907,22.3223727]]]}},{"type":"Feature","properties":{"tpusb":"254008"},"geometry":{"type":"Polygon","coordinates":[[[114.1577724,22.3218768],[114.1576746,22.3218321],[114.1572907,22.3223727],[114.1565998,22.3219721],[114.1565353,22.3217187],[114.1568261,22.3212434],[114.1568174,22.3211803],[114.1570708,22.3209747],[114.157343,22.3212004],[114.1580369,22.3215636],[114.1577724,22.3218768]]]}},{"type":"Feature","properties":{"tpusb":"254009"},"geometry":{"type":"Polygon","coordinates":[[[114.1562486,22.3205342],[114.1559006,22.3208628],[114.1558235,22.3206746],[114.1549361,22.3201986],[114.1549356,22.3169197],[114.1548574,22.3168091],[114.1548606,22.3159241],[114.1549073,22.3157553],[114.1550286,22.3157739],[114.1550632,22.3158138],[114.1550381,22.3168336],[114.1568045,22.3168343],[114.1567864,22.3173383],[114.1551501,22.3173602],[114.1551689,22.3199331],[114.1562486,22.3205342]]]}},{"type":"Feature","properties":{"tpusb":"254010"},"geometry":{"type":"Polygon","coordinates":[[[114.156641,22.3203167],[114.1562486,22.3205342],[114.1551689,22.3199331],[114.1551501,22.3173602],[114.1567864,22.3173383],[114.1567528,22.3186503],[114.1565409,22.3197182],[114.1565609,22.3200182],[114.156641,22.3203167]]]}},{"type":"Feature","properties":{"tpusb":"254011"},"geometry":{"type":"Polygon","coordinates":[[[114.1585905,22.3173588],[114.158545,22.3181354],[114.1575141,22.320087],[114.157411,22.3202012],[114.1572039,22.3203048],[114.156641,22.3203167],[114.1565609,22.3200182],[114.1565409,22.3197182],[114.1567528,22.3186503],[114.1567864,22.3173383],[114.1585905,22.3173588]]]}},{"type":"Feature","properties":{"tpusb":"254012"},"geometry":{"type":"Polygon","coordinates":[[[114.15981,22.3187561],[114.1591955,22.3198807],[114.1580369,22.3215636],[114.1572203,22.321115],[114.1570482,22.3209488],[114.15676,22.3205641],[114.156641,22.3203167],[114.1572259,22.3202989],[114.157411,22.3202012],[114.1575403,22.3200436],[114.158545,22.3181354],[114.1585905,22.3173588],[114.159523,22.3173582],[114.1601125,22.3175424],[114.1596939,22.318556],[114.1598732,22.3186203],[114.15981,22.3187561]]]}},{"type":"Feature","properties":{"tpusb":"254013"},"geometry":{"type":"Polygon","coordinates":[[[114.159059,22.3241784],[114.1590645,22.3249879],[114.1587302,22.3249227],[114.1583671,22.3247565],[114.1580791,22.3244799],[114.1588001,22.3238735],[114.159059,22.3241784]]]}},{"type":"Feature","properties":{"tpusb":"254014"},"geometry":{"type":"Polygon","coordinates":[[[114.1599474,22.3241254],[114.1599473,22.32418],[114.159059,22.3241784],[114.1588076,22.3238823],[114.159153,22.32357],[114.1594577,22.3232037],[114.1596346,22.3228688],[114.1597533,22.3225071],[114.1599464,22.3225103],[114.1599474,22.3241254]]]}},{"type":"Feature","properties":{"tpusb":"254015"},"geometry":{"type":"Polygon","coordinates":[[[114.1597533,22.3225071],[114.1596346,22.3228688],[114.1594577,22.3232037],[114.159153,22.32357],[114.1588076,22.3238823],[114.159005,22.3236485],[114.1590491,22.3235165],[114.1590558,22.3229829],[114.1589146,22.3225219],[114.1586708,22.3221383],[114.1585098,22.3220124],[114.1579534,22.3219596],[114.1577724,22.3218768],[114.1584027,22.3210716],[114.1591955,22.3198807],[114.15981,22.3187561],[114.1598099,22.3194442],[114.1597583,22.3200811],[114.159815,22.322088],[114.1597533,22.3225071]]]}},{"type":"Feature","properties":{"tpusb":"254016"},"geometry":{"type":"Polygon","coordinates":[[[114.1612502,22.3191475],[114.1612059,22.319269],[114.1610354,22.3194405],[114.1598099,22.3194442],[114.15981,22.3187561],[114.1598732,22.3186203],[114.1600529,22.3186846],[114.1604682,22.3176934],[114.1612594,22.3179392],[114.1611921,22.3181085],[114.1612479,22.3182558],[114.1612502,22.3191475]]]}},{"type":"Feature","properties":{"tpusb":"255001"},"geometry":{"type":"Polygon","coordinates":[[[114.1451871,22.3356104],[114.1449311,22.3359295],[114.1448731,22.3350937],[114.1449676,22.3351642],[114.145062,22.335145],[114.1453122,22.3349884],[114.145513,22.3347262],[114.1459806,22.3337673],[114.1461778,22.3335401],[114.1464757,22.3333113],[114.1469896,22.3337746],[114.149413,22.3339293],[114.1500512,22.3334852],[114.1506315,22.3341668],[114.1503766,22.3348628],[114.1502054,22.335176],[114.1498717,22.3355248],[114.1495659,22.3356783],[114.1490744,22.3357487],[114.1486565,22.3357024],[114.1468232,22.3350084],[114.1463384,22.3349281],[114.1460496,22.334958],[114.1456971,22.3350872],[114.1453864,22.3353304],[114.1451871,22.3356104]]]}},{"type":"Feature","properties":{"tpusb":"255002"},"geometry":{"type":"Polygon","coordinates":[[[114.1500512,22.3334852],[114.149413,22.3339293],[114.1469896,22.3337746],[114.1464757,22.3333113],[114.146834,22.3330361],[114.1498486,22.3332473],[114.1500512,22.3334852]]]}},{"type":"Feature","properties":{"tpusb":"255003"},"geometry":{"type":"Polygon","coordinates":[[[114.1510005,22.3334349],[114.1508094,22.3337087],[114.1506315,22.3341668],[114.1496651,22.3330317],[114.1492849,22.3324942],[114.1502297,22.3319166],[114.1503535,22.3319013],[114.1504954,22.3319544],[114.1514731,22.3330411],[114.1510005,22.3334349]]]}},{"type":"Feature","properties":{"tpusb":"255004"},"geometry":{"type":"Polygon","coordinates":[[[114.1517655,22.3328146],[114.1514731,22.3330411],[114.1509673,22.3324749],[114.1517367,22.3318587],[114.1522573,22.3324337],[114.1517655,22.3328146]]]}},{"type":"Feature","properties":{"tpusb":"255005"},"geometry":{"type":"Polygon","coordinates":[[[114.1542366,22.3309105],[114.1522573,22.3324337],[114.1514891,22.3315729],[114.1535156,22.3300475],[114.1542366,22.3309105]]]}},{"type":"Feature","properties":{"tpusb":"255006"},"geometry":{"type":"Polygon","coordinates":[[[114.1551101,22.3302355],[114.154238,22.3309121],[114.1538033,22.3303919],[114.1546615,22.329715],[114.1551101,22.3302355]]]}},{"type":"Feature","properties":{"tpusb":"255007"},"geometry":{"type":"Polygon","coordinates":[[[114.1568056,22.3288728],[114.1567814,22.3288937],[114.1562832,22.3283064],[114.1572709,22.3275609],[114.1577681,22.3281224],[114.1568056,22.3288728]]]}},{"type":"Feature","properties":{"tpusb":"255008"},"geometry":{"type":"Polygon","coordinates":[[[114.1492849,22.3324942],[114.1498486,22.3332473],[114.146834,22.3330361],[114.1487307,22.331579],[114.1488092,22.3317629],[114.1492849,22.3324942]]]}},{"type":"Feature","properties":{"tpusb":"255009"},"geometry":{"type":"Polygon","coordinates":[[[114.1509673,22.3324749],[114.1505239,22.3319787],[114.1503147,22.3319002],[114.1502297,22.3319166],[114.1492849,22.3324942],[114.1488092,22.3317629],[114.1487307,22.331579],[114.1499542,22.3309208],[114.1505719,22.3305145],[114.1517367,22.3318587],[114.1509673,22.3324749]]]}},{"type":"Feature","properties":{"tpusb":"255010"},"geometry":{"type":"Polygon","coordinates":[[[114.1535156,22.3300475],[114.1514891,22.3315729],[114.1505719,22.3305145],[114.1526431,22.3290033],[114.1535156,22.3300475]]]}},{"type":"Feature","properties":{"tpusb":"255011"},"geometry":{"type":"Polygon","coordinates":[[[114.1551101,22.3302355],[114.1546615,22.329715],[114.1538033,22.3303919],[114.1526419,22.329002],[114.1540016,22.3279656],[114.1542085,22.3277505],[114.1545523,22.3272773],[114.1554066,22.326613],[114.1566439,22.3280224],[114.1562832,22.3283064],[114.1567814,22.3288937],[114.1551101,22.3302355]]]}},{"type":"Feature","properties":{"tpusb":"255012"},"geometry":{"type":"Polygon","coordinates":[[[114.1572709,22.3275609],[114.1566439,22.3280224],[114.1561923,22.3275167],[114.1567981,22.3270316],[114.1572709,22.3275609]]]}},{"type":"Feature","properties":{"tpusb":"255013"},"geometry":{"type":"Polygon","coordinates":[[[114.1567981,22.3270316],[114.1562043,22.3275071],[114.1554066,22.326613],[114.1560032,22.3261509],[114.1567981,22.3270316]]]}},{"type":"Feature","properties":{"tpusb":"255014"},"geometry":{"type":"Polygon","coordinates":[[[114.1464757,22.3333113],[114.1461778,22.3335401],[114.1459806,22.3337673],[114.145513,22.3347262],[114.1453122,22.3349884],[114.145062,22.335145],[114.1449676,22.3351642],[114.1448977,22.3351279],[114.1445559,22.3310088],[114.1478139,22.3297507],[114.1487307,22.331579],[114.1464757,22.3333113]]]}},{"type":"Feature","properties":{"tpusb":"255015"},"geometry":{"type":"Polygon","coordinates":[[[114.1505719,22.3305145],[114.1499542,22.3309208],[114.1487307,22.331579],[114.1478139,22.3297507],[114.1491762,22.3291436],[114.1499442,22.3287495],[114.1516051,22.3277595],[114.1526431,22.3290033],[114.1505719,22.3305145]]]}},{"type":"Feature","properties":{"tpusb":"255016"},"geometry":{"type":"Polygon","coordinates":[[[114.1554066,22.326613],[114.1545523,22.3272773],[114.1542085,22.3277505],[114.1540016,22.3279656],[114.1526419,22.329002],[114.1516051,22.3277595],[114.1524913,22.327151],[114.1534097,22.326447],[114.1542233,22.3257585],[114.1549731,22.3250563],[114.1555883,22.3257477],[114.1560032,22.3261509],[114.1554066,22.326613]]]}},{"type":"Feature","properties":{"tpusb":"255017"},"geometry":{"type":"Polygon","coordinates":[[[114.1554695,22.324551],[114.1561881,22.3254021],[114.1556541,22.3258117],[114.1549731,22.3250563],[114.1554695,22.324551]]]}},{"type":"Feature","properties":{"tpusb":"255018"},"geometry":{"type":"Polygon","coordinates":[[[114.1577726,22.3247784],[114.1560032,22.3261509],[114.1556541,22.3258117],[114.1561881,22.3254021],[114.1554695,22.324551],[114.1568527,22.3229669],[114.1576746,22.3218321],[114.1579534,22.3219596],[114.1585098,22.3220124],[114.1586708,22.3221383],[114.1589276,22.322557],[114.1576683,22.3235242],[114.1583467,22.3242548],[114.1577726,22.3247784]]]}},{"type":"Feature","properties":{"tpusb":"255019"},"geometry":{"type":"Polygon","coordinates":[[[114.1588001,22.3238735],[114.1583467,22.3242548],[114.1576683,22.3235242],[114.1589276,22.322557],[114.1590558,22.3229829],[114.1590491,22.3235165],[114.1589243,22.3237691],[114.1588001,22.3238735]]]}},{"type":"Feature","properties":{"tpusb":"256001"},"geometry":{"type":"Polygon","coordinates":[[[114.1580547,22.3045482],[114.1571941,22.3033971],[114.1550428,22.3033958],[114.1550469,22.3040624],[114.1550129,22.3042763],[114.1549,22.3045021],[114.154738,22.3046601],[114.1544839,22.3047961],[114.1542181,22.304853],[114.1541362,22.3047988],[114.1541411,22.3047221],[114.1541943,22.3046661],[114.1545059,22.3046082],[114.1547174,22.304463],[114.1548086,22.3043389],[114.1548733,22.3040268],[114.1548369,22.3028472],[114.1545241,22.3024467],[114.1543827,22.3021572],[114.1543096,22.3018635],[114.1542967,22.2995443],[114.1547498,22.2990017],[114.1552928,22.2986244],[114.1579918,22.2986024],[114.158076,22.2986578],[114.1582812,22.2990061],[114.158563,22.2993405],[114.158781,22.2995261],[114.1587502,22.3000585],[114.1585881,22.300212],[114.1584965,22.3014296],[114.1583983,22.3015681],[114.1572623,22.3006558],[114.1570516,22.3005463],[114.1568162,22.3004968],[114.1564819,22.3005349],[114.1562275,22.3006629],[114.1560099,22.3009021],[114.1559122,22.3011852],[114.154715,22.3011811],[114.1545718,22.3013033],[114.1545819,22.3018208],[114.1546409,22.3020754],[114.1548612,22.3024738],[114.1551555,22.3027552],[114.1551535,22.3030414],[114.1553037,22.3032153],[114.1558368,22.3032157],[114.1558373,22.3033017],[114.1565215,22.3033029],[114.1565213,22.3032161],[114.1572991,22.3032166],[114.158217,22.3044436],[114.1580547,22.3045482]]]}},{"type":"Feature","properties":{"tpusb":"256002"},"geometry":{"type":"Polygon","coordinates":[[[114.1571563,22.3032165],[114.1565213,22.3032161],[114.1565215,22.3033029],[114.1558373,22.3033017],[114.1558368,22.3032157],[114.1553037,22.3032153],[114.1551535,22.3030414],[114.1551555,22.3027552],[114.1548612,22.3024738],[114.1546409,22.3020754],[114.1545819,22.3018208],[114.1545718,22.3013033],[114.154715,22.3011811],[114.1559122,22.3011852],[114.1559209,22.3014259],[114.1559994,22.3016383],[114.1571563,22.3032165]]]}},{"type":"Feature","properties":{"tpusb":"256003"},"geometry":{"type":"Polygon","coordinates":[[[114.1584374,22.3043016],[114.158217,22.3044436],[114.1572991,22.3032166],[114.1571563,22.3032165],[114.1559994,22.3016383],[114.1559132,22.3013814],[114.155937,22.3010687],[114.1560612,22.3008257],[114.1563068,22.3006112],[114.1565283,22.3005219],[114.1567678,22.3004945],[114.1570059,22.3005314],[114.1571822,22.3006053],[114.1583052,22.3015077],[114.1590068,22.3019626],[114.1592678,22.3022168],[114.1593316,22.3024658],[114.1595286,22.3028813],[114.1594216,22.3029412],[114.1590521,22.3024131],[114.1586121,22.3020136],[114.1585355,22.3020556],[114.1582934,22.3018566],[114.156937,22.3010178],[114.156796,22.3009687],[114.1566435,22.3009808],[114.1565117,22.3010541],[114.1564314,22.3011662],[114.1564122,22.3012997],[114.1564606,22.3014407],[114.1574496,22.3029175],[114.1576975,22.3034261],[114.1578061,22.3035133],[114.1579769,22.3034932],[114.1581735,22.3037738],[114.1581051,22.3038393],[114.1584374,22.3043016]]]}},{"type":"Feature","properties":{"tpusb":"256004"},"geometry":{"type":"Polygon","coordinates":[[[114.1607333,22.302512],[114.1605792,22.3024887],[114.1601691,22.3025608],[114.1598938,22.3026698],[114.1595286,22.3028813],[114.1593316,22.3024658],[114.1592952,22.302269],[114.1592101,22.3021373],[114.1590068,22.3019626],[114.1583983,22.3015681],[114.1596909,22.3016523],[114.1596747,22.3018685],[114.1604495,22.301919],[114.1604658,22.3017028],[114.1607935,22.3017241],[114.1607333,22.302512]]]}},{"type":"Feature","properties":{"tpusb":"256005"},"geometry":{"type":"Polygon","coordinates":[[[114.1641461,22.3019425],[114.1640855,22.3027444],[114.1607333,22.302512],[114.1607935,22.3017241],[114.1641461,22.3019425]]]}},{"type":"Feature","properties":{"tpusb":"256006"},"geometry":{"type":"Polygon","coordinates":[[[114.165791,22.3016875],[114.165703,22.3028571],[114.1640855,22.3027444],[114.1641733,22.3015822],[114.165791,22.3016875]]]}},{"type":"Feature","properties":{"tpusb":"256007"},"geometry":{"type":"Polygon","coordinates":[[[114.1666336,22.3017424],[114.1665466,22.3029159],[114.165703,22.3028571],[114.165791,22.3016875],[114.1666336,22.3017424]]]}},{"type":"Feature","properties":{"tpusb":"256008"},"geometry":{"type":"Polygon","coordinates":[[[114.1679767,22.3018298],[114.1679793,22.3021582],[114.1680806,22.3027265],[114.1680768,22.3030225],[114.1665466,22.3029159],[114.1666336,22.3017424],[114.1679767,22.3018298]]]}},{"type":"Feature","properties":{"tpusb":"256009"},"geometry":{"type":"Polygon","coordinates":[[[114.1680887,22.3011418],[114.1679767,22.3018298],[114.1658704,22.3016927],[114.1659322,22.3008705],[114.1662267,22.3009315],[114.1657717,22.3006342],[114.1658271,22.3005667],[114.1663006,22.3008511],[114.1668708,22.3008928],[114.1668636,22.3009888],[114.1680887,22.3011418]]]}},{"type":"Feature","properties":{"tpusb":"256010"},"geometry":{"type":"Polygon","coordinates":[[[114.1659322,22.3008705],[114.1658704,22.3016927],[114.1638635,22.301562],[114.1639349,22.3006131],[114.1639756,22.3006616],[114.1659322,22.3008705]]]}},{"type":"Feature","properties":{"tpusb":"256011"},"geometry":{"type":"Polygon","coordinates":[[[114.1641733,22.3015822],[114.1641461,22.3019425],[114.1620831,22.3018081],[114.1621999,22.3003793],[114.1631646,22.3004773],[114.1631679,22.3005223],[114.1639349,22.3006131],[114.1638635,22.301562],[114.1641733,22.3015822]]]}},{"type":"Feature","properties":{"tpusb":"256012"},"geometry":{"type":"Polygon","coordinates":[[[114.1607935,22.3017241],[114.1604658,22.3017028],[114.1604495,22.301919],[114.1596747,22.3018685],[114.1596909,22.3016523],[114.1583983,22.3015681],[114.1584965,22.3014296],[114.1585881,22.300212],[114.1587502,22.3000585],[114.158781,22.2995261],[114.159032,22.2996987],[114.1590302,22.2997884],[114.1602245,22.3002138],[114.1615144,22.3003681],[114.1616051,22.3003016],[114.1621999,22.3003793],[114.1620831,22.3018081],[114.1607935,22.3017241]]]}},{"type":"Feature","properties":{"tpusb":"260009"},"geometry":{"type":"Polygon","coordinates":[[[114.1449311,22.3359295],[114.1446649,22.3361492],[114.1443749,22.336284],[114.1439884,22.3363901],[114.1430227,22.3365595],[114.1421385,22.3319325],[114.1445559,22.3310088],[114.1449311,22.3359295]]]}},{"type":"Feature","properties":{"tpusb":"260010"},"geometry":{"type":"Polygon","coordinates":[[[114.1419506,22.3402542],[114.1416696,22.3400367],[114.1414192,22.3399237],[114.1410377,22.3398707],[114.1406914,22.33993],[114.1401269,22.3401604],[114.1390131,22.3409141],[114.1382758,22.3412522],[114.1384256,22.3408934],[114.1390325,22.3401418],[114.1400713,22.339678],[114.1402922,22.3394676],[114.1408514,22.3379985],[114.140846,22.3377564],[114.1406932,22.3373579],[114.1422684,22.3368361],[114.1422412,22.3366966],[114.1439884,22.3363901],[114.1443749,22.336284],[114.1446649,22.3361492],[114.1449311,22.3359295],[114.1449531,22.3361948],[114.1450592,22.3362324],[114.1447954,22.3371935],[114.1434853,22.3368206],[114.1431478,22.3368069],[114.1424688,22.3369566],[114.1422182,22.3371071],[114.1420826,22.3372415],[114.1414636,22.3383071],[114.1413747,22.3386166],[114.1414065,22.3389081],[114.1414772,22.3390921],[114.1418897,22.3396978],[114.1419623,22.3400166],[114.1419506,22.3402542]]]}},{"type":"Feature","properties":{"tpusb":"261010"},"geometry":{"type":"Polygon","coordinates":[[[114.1463251,22.3377146],[114.1461138,22.3382339],[114.1446103,22.3377198],[114.1447954,22.3371935],[114.1463251,22.3377146]]]}},{"type":"Feature","properties":{"tpusb":"261011"},"geometry":{"type":"Polygon","coordinates":[[[114.147593,22.3381466],[114.1473909,22.3386698],[114.1461138,22.3382339],[114.1463251,22.3377146],[114.147593,22.3381466]]]}},{"type":"Feature","properties":{"tpusb":"261019"},"geometry":{"type":"Polygon","coordinates":[[[114.1466887,22.3368195],[114.1463251,22.3377146],[114.1447954,22.3371935],[114.1450592,22.3362324],[114.1466887,22.3368195]]]}},{"type":"Feature","properties":{"tpusb":"261020"},"geometry":{"type":"Polygon","coordinates":[[[114.1493738,22.3377344],[114.1490156,22.3386317],[114.1463251,22.3377146],[114.1466887,22.3368195],[114.1493738,22.3377344]]]}},{"type":"Feature","properties":{"tpusb":"261021"},"geometry":{"type":"Polygon","coordinates":[[[114.1518129,22.3387039],[114.1514963,22.339477],[114.1490156,22.3386317],[114.1493738,22.3377344],[114.1506071,22.3381551],[114.1513915,22.3385791],[114.1518129,22.3387039]]]}},{"type":"Feature","properties":{"tpusb":"262005"},"geometry":{"type":"Polygon","coordinates":[[[114.1611655,22.3388603],[114.159313,22.3403061],[114.1578851,22.3386911],[114.1587406,22.3380297],[114.1583809,22.337616],[114.1593377,22.3368733],[114.1600499,22.3376608],[114.1609965,22.3369333],[114.1619173,22.3379669],[114.1619755,22.3381554],[114.161859,22.3383196],[114.1611655,22.3388603]]]}},{"type":"Feature","properties":{"tpusb":"262006"},"geometry":{"type":"Polygon","coordinates":[[[114.1609965,22.3369333],[114.1600499,22.3376608],[114.1597078,22.3372826],[114.1606549,22.3365506],[114.1609965,22.3369333]]]}},{"type":"Feature","properties":{"tpusb":"262007"},"geometry":{"type":"Polygon","coordinates":[[[114.1622795,22.3348714],[114.1619661,22.3355094],[114.1616106,22.3357757],[114.1618344,22.3360292],[114.1613326,22.3368335],[114.161084,22.3370316],[114.1606549,22.3365506],[114.1615359,22.33587],[114.1611604,22.3354585],[114.162059,22.3347604],[114.1622795,22.3348714]]]}},{"type":"Feature","properties":{"tpusb":"262008"},"geometry":{"type":"Polygon","coordinates":[[[114.1615736,22.3405697],[114.1610445,22.3409085],[114.1605276,22.3411325],[114.1602734,22.3412973],[114.1600507,22.3415338],[114.1598431,22.341952],[114.1593358,22.3424604],[114.1589038,22.3427019],[114.1583943,22.3428576],[114.1583912,22.3424242],[114.1585113,22.3423181],[114.1586134,22.3412898],[114.1587711,22.34127],[114.1596437,22.3406335],[114.1597086,22.3407029],[114.160586,22.3400494],[114.1606218,22.3400878],[114.1613954,22.3395065],[114.1614924,22.3396121],[114.1616963,22.3394524],[114.1611655,22.3388603],[114.1619124,22.3382728],[114.1619755,22.3381554],[114.1618859,22.3379316],[114.1623741,22.3376777],[114.162885,22.3381556],[114.1630443,22.3383814],[114.1631388,22.3387114],[114.1631191,22.3390022],[114.1630412,22.3392398],[114.1625961,22.3398558],[114.1615736,22.3405697]]]}},{"type":"Feature","properties":{"tpusb":"262009"},"geometry":{"type":"Polygon","coordinates":[[[114.1623741,22.3376777],[114.1618859,22.3379316],[114.161084,22.3370316],[114.1613326,22.3368335],[114.1618344,22.3360292],[114.1616106,22.3357757],[114.1619661,22.3355094],[114.1622795,22.3348714],[114.1623405,22.3349021],[114.1628278,22.333884],[114.1628435,22.3337406],[114.1627215,22.333594],[114.1626226,22.3335773],[114.1628581,22.3334933],[114.1632864,22.3334838],[114.1620163,22.3366512],[114.1619933,22.3369385],[114.1620527,22.3372213],[114.1621697,22.3374493],[114.1623741,22.3376777]]]}},{"type":"Feature","properties":{"tpusb":"263004"},"geometry":{"type":"Polygon","coordinates":[[[114.1698217,22.3394692],[114.167008,22.339959],[114.1660555,22.3399263],[114.1654057,22.339679],[114.165612,22.3393974],[114.1658584,22.3391677],[114.166058,22.3390322],[114.1664275,22.3388624],[114.1675105,22.3386028],[114.1685545,22.3384693],[114.1689108,22.338321],[114.1690228,22.3382515],[114.169259,22.3379837],[114.1693537,22.3377094],[114.1693414,22.3373427],[114.1698217,22.3394692]]]}},{"type":"Feature","properties":{"tpusb":"263005"},"geometry":{"type":"Polygon","coordinates":[[[114.1654057,22.339679],[114.1652261,22.3400904],[114.1651029,22.3405453],[114.1649742,22.3419304],[114.1643429,22.3418827],[114.1636643,22.3413883],[114.1635268,22.3411116],[114.1634917,22.3406467],[114.1633773,22.3401281],[114.1632446,22.3399132],[114.163016,22.3398548],[114.1628721,22.3399156],[114.1627222,22.3400958],[114.1626381,22.3401024],[114.1625578,22.3400325],[114.1625525,22.3398975],[114.1630412,22.3392398],[114.1631324,22.338931],[114.1631258,22.338612],[114.1630443,22.3383814],[114.162885,22.3381556],[114.1622868,22.3375932],[114.1621303,22.3373867],[114.1620005,22.3370107],[114.1620248,22.3366162],[114.162288,22.335954],[114.1628348,22.3361478],[114.1632866,22.3349849],[114.1635325,22.3350743],[114.1636455,22.3344434],[114.1639999,22.3341635],[114.1647545,22.3350519],[114.1646465,22.3357072],[114.1653403,22.3357989],[114.1650541,22.3358841],[114.1649006,22.3360741],[114.1645881,22.3372435],[114.1645996,22.3377857],[114.1645483,22.3377903],[114.1645475,22.3380762],[114.1645944,22.3383187],[114.1647074,22.3385002],[114.1648126,22.3385253],[114.165131,22.338391],[114.1654355,22.3384277],[114.1656291,22.3385462],[114.166058,22.3390322],[114.1656891,22.3393161],[114.1654057,22.339679]]]}},{"type":"Feature","properties":{"tpusb":"263008"},"geometry":{"type":"Polygon","coordinates":[[[114.1632866,22.3349849],[114.1628348,22.3361478],[114.162288,22.335954],[114.1627643,22.3347962],[114.1632866,22.3349849]]]}},{"type":"Feature","properties":{"tpusb":"263009"},"geometry":{"type":"Polygon","coordinates":[[[114.1637657,22.3343514],[114.1636455,22.3344434],[114.1635325,22.3350743],[114.1627643,22.3347962],[114.1631922,22.3337182],[114.1637657,22.3343514]]]}},{"type":"Feature","properties":{"tpusb":"263010"},"geometry":{"type":"Polygon","coordinates":[[[114.1651769,22.3347174],[114.1647545,22.3350519],[114.1639999,22.3341635],[114.1637657,22.3343514],[114.1631922,22.3337182],[114.1633806,22.3333109],[114.1636273,22.3329786],[114.1651769,22.3347174]]]}},{"type":"Feature","properties":{"tpusb":"263011"},"geometry":{"type":"Polygon","coordinates":[[[114.1673773,22.3337867],[114.1665435,22.3344215],[114.1661336,22.3339717],[114.1651769,22.3347174],[114.1647576,22.334255],[114.1665541,22.3328627],[114.1673773,22.3337867]]]}},{"type":"Feature","properties":{"tpusb":"263012"},"geometry":{"type":"Polygon","coordinates":[[[114.1695038,22.3332812],[114.1679737,22.3344567],[114.1673773,22.3337867],[114.1686284,22.332834],[114.1687345,22.332685],[114.1687554,22.3325518],[114.1689238,22.3325701],[114.1689572,22.3326726],[114.1695038,22.3332812]]]}},{"type":"Feature","properties":{"tpusb":"263013"},"geometry":{"type":"Polygon","coordinates":[[[114.1665541,22.3328627],[114.1647576,22.334255],[114.1639314,22.3333035],[114.1647091,22.3327439],[114.1657236,22.3319308],[114.1665541,22.3328627]]]}},{"type":"Feature","properties":{"tpusb":"263014"},"geometry":{"type":"Polygon","coordinates":[[[114.1687554,22.3325518],[114.1687345,22.332685],[114.1686284,22.332834],[114.1673773,22.3337867],[114.1665541,22.3328627],[114.1679593,22.331778],[114.1682323,22.3316414],[114.1684938,22.3315737],[114.1687498,22.3315686],[114.1687554,22.3325518]]]}},{"type":"Feature","properties":{"tpusb":"263015"},"geometry":{"type":"Polygon","coordinates":[[[114.1696664,22.3331563],[114.1695038,22.3332812],[114.1689572,22.3326726],[114.1689238,22.3325701],[114.1687554,22.3325518],[114.1687498,22.3315686],[114.1703757,22.3315681],[114.1704042,22.3319271],[114.1704654,22.3321043],[114.170571,22.3322223],[114.1705534,22.3322624],[114.1702609,22.3326856],[114.1696664,22.3331563]]]}},{"type":"Feature","properties":{"tpusb":"263016"},"geometry":{"type":"Polygon","coordinates":[[[114.1680153,22.3317436],[114.1665541,22.3328627],[114.1657236,22.3319308],[114.1669832,22.3309415],[114.1671719,22.3306243],[114.1671602,22.330591],[114.1672039,22.3306071],[114.1672833,22.3304603],[114.1673828,22.3307314],[114.1675673,22.3306604],[114.1678823,22.3314956],[114.1680153,22.3317436]]]}},{"type":"Feature","properties":{"tpusb":"263017"},"geometry":{"type":"Polygon","coordinates":[[[114.1679737,22.3344567],[114.1665651,22.335546],[114.1662667,22.3352161],[114.1655101,22.3349478],[114.1653979,22.3357872],[114.1646465,22.3357072],[114.1647545,22.3350519],[114.1661336,22.3339717],[114.1665435,22.3344215],[114.1673773,22.3337867],[114.1679737,22.3344567]]]}},{"type":"Feature","properties":{"tpusb":"263018"},"geometry":{"type":"Polygon","coordinates":[[[114.1691281,22.3363599],[114.1650148,22.3370714],[114.164793,22.3370133],[114.1647113,22.336869],[114.1649327,22.3360085],[114.1650807,22.3358695],[114.1653979,22.3357872],[114.1655101,22.3349478],[114.1662667,22.3352161],[114.1665651,22.335546],[114.1679737,22.3344567],[114.1688903,22.3355043],[114.1689825,22.33569],[114.1691281,22.3363599]]]}},{"type":"Feature","properties":{"tpusb":"263019"},"geometry":{"type":"Polygon","coordinates":[[[114.1693414,22.3373427],[114.1693537,22.3377094],[114.169259,22.3379837],[114.1690228,22.3382515],[114.1689108,22.338321],[114.1685545,22.3384693],[114.1675105,22.3386028],[114.1664275,22.3388624],[114.166058,22.3390322],[114.1656291,22.3385462],[114.1655053,22.3384593],[114.1651698,22.3383876],[114.1647491,22.3385191],[114.1646573,22.3384483],[114.1645583,22.3381876],[114.1645483,22.3377903],[114.1645996,22.3377857],[114.1645881,22.3372435],[114.164716,22.3367902],[114.164717,22.3369013],[114.1647676,22.3369907],[114.1648908,22.337062],[114.1650148,22.3370714],[114.1691281,22.3363599],[114.1693414,22.3373427]]]}},{"type":"Feature","properties":{"tpusb":"264001"},"geometry":{"type":"Polygon","coordinates":[[[114.1480374,22.3365878],[114.1477867,22.3371939],[114.1454754,22.3364062],[114.1449531,22.3361948],[114.1449311,22.3359295],[114.1451871,22.3356104],[114.1480374,22.3365878]]]}},{"type":"Feature","properties":{"tpusb":"264002"},"geometry":{"type":"Polygon","coordinates":[[[114.1496153,22.3371288],[114.1493738,22.3377344],[114.1477867,22.3371939],[114.1480374,22.3365878],[114.1496153,22.3371288]]]}},{"type":"Feature","properties":{"tpusb":"264003"},"geometry":{"type":"Polygon","coordinates":[[[114.1507161,22.3360295],[114.1509695,22.3372069],[114.1506071,22.3381551],[114.1493738,22.3377344],[114.1500451,22.336052],[114.1503836,22.336078],[114.1507161,22.3360295]]]}},{"type":"Feature","properties":{"tpusb":"264004"},"geometry":{"type":"Polygon","coordinates":[[[114.1543993,22.3384344],[114.1535889,22.3390642],[114.1528049,22.3381821],[114.1528374,22.3381548],[114.1527834,22.3380946],[114.1535983,22.3374658],[114.1539885,22.3378989],[114.1539499,22.3379312],[114.1543993,22.3384344]]]}},{"type":"Feature","properties":{"tpusb":"264009"},"geometry":{"type":"Polygon","coordinates":[[[114.148242,22.336094],[114.1480374,22.3365878],[114.1465002,22.3360604],[114.1467017,22.3355654],[114.148242,22.336094]]]}},{"type":"Feature","properties":{"tpusb":"264010"},"geometry":{"type":"Polygon","coordinates":[[[114.1498126,22.3366338],[114.1496153,22.3371288],[114.1480374,22.3365878],[114.148242,22.336094],[114.1498126,22.3366338]]]}},{"type":"Feature","properties":{"tpusb":"264011"},"geometry":{"type":"Polygon","coordinates":[[[114.1527834,22.3380946],[114.1526633,22.3379607],[114.1517062,22.338181],[114.151077,22.338206],[114.1506071,22.3381551],[114.1509695,22.3372069],[114.1507161,22.3360295],[114.1511141,22.3358597],[114.1517403,22.3353936],[114.1535983,22.3374658],[114.1527834,22.3380946]]]}},{"type":"Feature","properties":{"tpusb":"264013"},"geometry":{"type":"Polygon","coordinates":[[[114.1467017,22.3355654],[114.1465002,22.3360604],[114.1451871,22.3356104],[114.1453864,22.3353304],[114.1456971,22.3350872],[114.1460496,22.334958],[114.1463384,22.3349281],[114.1465993,22.3349502],[114.1469136,22.335044],[114.1467017,22.3355654]]]}},{"type":"Feature","properties":{"tpusb":"264014"},"geometry":{"type":"Polygon","coordinates":[[[114.1484338,22.3356301],[114.148242,22.336094],[114.1467017,22.3355654],[114.1469136,22.335044],[114.1484338,22.3356301]]]}},{"type":"Feature","properties":{"tpusb":"264015"},"geometry":{"type":"Polygon","coordinates":[[[114.1500451,22.336052],[114.1498126,22.3366338],[114.148242,22.336094],[114.1484338,22.3356301],[114.1500451,22.336052]]]}},{"type":"Feature","properties":{"tpusb":"264017"},"geometry":{"type":"Polygon","coordinates":[[[114.1541994,22.3346128],[114.1523359,22.3360557],[114.1517403,22.3353936],[114.1536086,22.3339512],[114.1541994,22.3346128]]]}},{"type":"Feature","properties":{"tpusb":"264018"},"geometry":{"type":"Polygon","coordinates":[[[114.1549423,22.3354458],[114.1530824,22.3368894],[114.1523359,22.3360557],[114.1541994,22.3346128],[114.1549423,22.3354458]]]}},{"type":"Feature","properties":{"tpusb":"264019"},"geometry":{"type":"Polygon","coordinates":[[[114.1554605,22.3360268],[114.1535983,22.3374658],[114.1530824,22.3368894],[114.1549423,22.3354458],[114.1554605,22.3360268]]]}},{"type":"Feature","properties":{"tpusb":"264020"},"geometry":{"type":"Polygon","coordinates":[[[114.1558266,22.3380887],[114.1549464,22.3387707],[114.1540871,22.337834],[114.1539885,22.3378989],[114.1535983,22.3374658],[114.1563335,22.3353527],[114.157236,22.3363483],[114.1569146,22.3365987],[114.1572543,22.3369834],[114.1558266,22.3380887]]]}},{"type":"Feature","properties":{"tpusb":"264024"},"geometry":{"type":"Polygon","coordinates":[[[114.1571256,22.3378495],[114.1562288,22.3385385],[114.1558266,22.3380887],[114.156718,22.3373985],[114.1571256,22.3378495]]]}},{"type":"Feature","properties":{"tpusb":"264027"},"geometry":{"type":"Polygon","coordinates":[[[114.1575996,22.3367162],[114.1572543,22.3369834],[114.1569146,22.3365987],[114.157236,22.3363483],[114.1575996,22.3367162]]]}},{"type":"Feature","properties":{"tpusb":"264028"},"geometry":{"type":"Polygon","coordinates":[[[114.1580005,22.3371774],[114.1571256,22.3378495],[114.156718,22.3373985],[114.1575996,22.3367162],[114.1580005,22.3371774]]]}},{"type":"Feature","properties":{"tpusb":"264029"},"geometry":{"type":"Polygon","coordinates":[[[114.1583809,22.337616],[114.1575199,22.3382847],[114.1571256,22.3378495],[114.1580005,22.3371774],[114.1583809,22.337616]]]}},{"type":"Feature","properties":{"tpusb":"264033"},"geometry":{"type":"Polygon","coordinates":[[[114.1555799,22.3324101],[114.1536086,22.3339512],[114.1522573,22.3324337],[114.1542366,22.3309105],[114.1555799,22.3324101]]]}},{"type":"Feature","properties":{"tpusb":"264034"},"geometry":{"type":"Polygon","coordinates":[[[114.1553061,22.3340892],[114.1543718,22.3348061],[114.1536086,22.3339512],[114.1555799,22.3324101],[114.1562926,22.3333255],[114.1553061,22.3340892]]]}},{"type":"Feature","properties":{"tpusb":"264035"},"geometry":{"type":"Polygon","coordinates":[[[114.1572935,22.3346109],[114.1563938,22.3353061],[114.1553061,22.3340892],[114.1562926,22.3333255],[114.1572935,22.3346109]]]}},{"type":"Feature","properties":{"tpusb":"264036"},"geometry":{"type":"Polygon","coordinates":[[[114.1563335,22.3353527],[114.1554605,22.3360268],[114.1543718,22.3348061],[114.1553061,22.3340892],[114.1563938,22.3353061],[114.1563335,22.3353527]]]}},{"type":"Feature","properties":{"tpusb":"264037"},"geometry":{"type":"Polygon","coordinates":[[[114.1581452,22.3355536],[114.1571848,22.3362965],[114.1563335,22.3353527],[114.1572935,22.3346109],[114.1581452,22.3355536]]]}},{"type":"Feature","properties":{"tpusb":"264038"},"geometry":{"type":"Polygon","coordinates":[[[114.1585388,22.3359888],[114.1575996,22.3367162],[114.1571848,22.3362965],[114.1581452,22.3355536],[114.1585388,22.3359888]]]}},{"type":"Feature","properties":{"tpusb":"264039"},"geometry":{"type":"Polygon","coordinates":[[[114.1589519,22.336446],[114.1580005,22.3371774],[114.1575996,22.3367162],[114.1585388,22.3359888],[114.1589519,22.336446]]]}},{"type":"Feature","properties":{"tpusb":"264040"},"geometry":{"type":"Polygon","coordinates":[[[114.1593377,22.3368733],[114.1583809,22.337616],[114.1580005,22.3371774],[114.1589519,22.336446],[114.1593377,22.3368733]]]}},{"type":"Feature","properties":{"tpusb":"264041"},"geometry":{"type":"Polygon","coordinates":[[[114.1594945,22.3352484],[114.1585388,22.3359888],[114.1581452,22.3355536],[114.159105,22.3348109],[114.1594945,22.3352484]]]}},{"type":"Feature","properties":{"tpusb":"264042"},"geometry":{"type":"Polygon","coordinates":[[[114.1598872,22.3356889],[114.1589519,22.336446],[114.1585388,22.3359888],[114.1594945,22.3352484],[114.1598872,22.3356889]]]}},{"type":"Feature","properties":{"tpusb":"264043"},"geometry":{"type":"Polygon","coordinates":[[[114.1602867,22.3361369],[114.1593377,22.3368733],[114.1589519,22.336446],[114.1598872,22.3356889],[114.1602867,22.3361369]]]}},{"type":"Feature","properties":{"tpusb":"264044"},"geometry":{"type":"Polygon","coordinates":[[[114.1606549,22.3365506],[114.1597078,22.3372826],[114.1593377,22.3368733],[114.1602867,22.3361369],[114.1606549,22.3365506]]]}},{"type":"Feature","properties":{"tpusb":"264045"},"geometry":{"type":"Polygon","coordinates":[[[114.1603886,22.3345564],[114.1594945,22.3352484],[114.159105,22.3348109],[114.1600086,22.3341124],[114.1603886,22.3345564]]]}},{"type":"Feature","properties":{"tpusb":"264046"},"geometry":{"type":"Polygon","coordinates":[[[114.1607708,22.3350031],[114.1598872,22.3356889],[114.1594945,22.3352484],[114.1603886,22.3345564],[114.1607708,22.3350031]]]}},{"type":"Feature","properties":{"tpusb":"264047"},"geometry":{"type":"Polygon","coordinates":[[[114.1611604,22.3354585],[114.1602867,22.3361369],[114.1598872,22.3356889],[114.1607708,22.3350031],[114.1611604,22.3354585]]]}},{"type":"Feature","properties":{"tpusb":"264048"},"geometry":{"type":"Polygon","coordinates":[[[114.1611604,22.3354585],[114.1615359,22.33587],[114.1606549,22.3365506],[114.1602867,22.3361369],[114.1611604,22.3354585]]]}},{"type":"Feature","properties":{"tpusb":"264049"},"geometry":{"type":"Polygon","coordinates":[[[114.1612722,22.333872],[114.1603886,22.3345564],[114.1600086,22.3341124],[114.1608846,22.3334345],[114.1612722,22.333872]]]}},{"type":"Feature","properties":{"tpusb":"264050"},"geometry":{"type":"Polygon","coordinates":[[[114.1616616,22.3343118],[114.1607708,22.3350031],[114.1603886,22.3345564],[114.1612722,22.333872],[114.1616616,22.3343118]]]}},{"type":"Feature","properties":{"tpusb":"264051"},"geometry":{"type":"Polygon","coordinates":[[[114.162059,22.3347604],[114.1611604,22.3354585],[114.1607708,22.3350031],[114.1616616,22.3343118],[114.162059,22.3347604]]]}},{"type":"Feature","properties":{"tpusb":"264052"},"geometry":{"type":"Polygon","coordinates":[[[114.1622242,22.333135],[114.1612722,22.333872],[114.1608846,22.3334345],[114.1618329,22.3327009],[114.1622242,22.333135]]]}},{"type":"Feature","properties":{"tpusb":"264053"},"geometry":{"type":"Polygon","coordinates":[[[114.1626226,22.3335773],[114.1616616,22.3343118],[114.1612722,22.333872],[114.1622242,22.333135],[114.1626226,22.3335773]]]}},{"type":"Feature","properties":{"tpusb":"264054"},"geometry":{"type":"Polygon","coordinates":[[[114.1626226,22.3335773],[114.1627245,22.3335963],[114.1628534,22.3338037],[114.1623405,22.3349021],[114.162059,22.3347604],[114.1616616,22.3343118],[114.1626226,22.3335773]]]}},{"type":"Feature","properties":{"tpusb":"264062"},"geometry":{"type":"Polygon","coordinates":[[[114.1536086,22.3339512],[114.1531163,22.3343361],[114.1517655,22.3328146],[114.1522573,22.3324337],[114.1536086,22.3339512]]]}},{"type":"Feature","properties":{"tpusb":"264063"},"geometry":{"type":"Polygon","coordinates":[[[114.1531163,22.3343361],[114.1523467,22.3349355],[114.1510005,22.3334349],[114.1517655,22.3328146],[114.1531163,22.3343361]]]}},{"type":"Feature","properties":{"tpusb":"264064"},"geometry":{"type":"Polygon","coordinates":[[[114.1523467,22.3349355],[114.1517403,22.3353936],[114.1506315,22.3341668],[114.1508094,22.3337087],[114.1510005,22.3334349],[114.1523467,22.3349355]]]}},{"type":"Feature","properties":{"tpusb":"264066"},"geometry":{"type":"Polygon","coordinates":[[[114.1578851,22.3386911],[114.1569858,22.3393858],[114.1566237,22.3389805],[114.1583809,22.337616],[114.1587406,22.3380297],[114.1578851,22.3386911]]]}},{"type":"Feature","properties":{"tpusb":"264068"},"geometry":{"type":"Polygon","coordinates":[[[114.1507161,22.3360295],[114.1503836,22.336078],[114.1501416,22.3360678],[114.1486565,22.3357024],[114.1489586,22.3357459],[114.1493353,22.3357279],[114.1496205,22.3356596],[114.1498717,22.3355248],[114.1501363,22.3352635],[114.1502807,22.3350603],[114.1506315,22.3341668],[114.1517403,22.3353936],[114.1511141,22.3358597],[114.1507161,22.3360295]]]}},{"type":"Feature","properties":{"tpusb":"265003"},"geometry":{"type":"Polygon","coordinates":[[[114.159105,22.3348109],[114.1581452,22.3355536],[114.1572935,22.3346109],[114.158289,22.333842],[114.1590636,22.3347009],[114.159105,22.3348109]]]}},{"type":"Feature","properties":{"tpusb":"265004"},"geometry":{"type":"Polygon","coordinates":[[[114.1599617,22.3341487],[114.159105,22.3348109],[114.1590636,22.3347009],[114.158289,22.333842],[114.1591128,22.3332056],[114.1599617,22.3341487]]]}},{"type":"Feature","properties":{"tpusb":"265005"},"geometry":{"type":"Polygon","coordinates":[[[114.1604891,22.3329875],[114.1595635,22.3337063],[114.1591128,22.3332056],[114.1600445,22.3324857],[114.1604891,22.3329875]]]}},{"type":"Feature","properties":{"tpusb":"265006"},"geometry":{"type":"Polygon","coordinates":[[[114.1600086,22.3341124],[114.1599617,22.3341487],[114.1595635,22.3337063],[114.1604891,22.3329875],[114.1608846,22.3334345],[114.1600086,22.3341124]]]}},{"type":"Feature","properties":{"tpusb":"265007"},"geometry":{"type":"Polygon","coordinates":[[[114.1614314,22.332255],[114.1604891,22.3329875],[114.1600445,22.3324857],[114.1609849,22.3317594],[114.1614314,22.332255]]]}},{"type":"Feature","properties":{"tpusb":"265008"},"geometry":{"type":"Polygon","coordinates":[[[114.1618329,22.3327009],[114.1608846,22.3334345],[114.1604891,22.3329875],[114.1614314,22.332255],[114.1618329,22.3327009]]]}},{"type":"Feature","properties":{"tpusb":"265009"},"geometry":{"type":"Polygon","coordinates":[[[114.157306,22.3294868],[114.1571132,22.3296373],[114.1565953,22.3290549],[114.1568056,22.3288728],[114.1573482,22.3294539],[114.157306,22.3294868]]]}},{"type":"Feature","properties":{"tpusb":"265011"},"geometry":{"type":"Polygon","coordinates":[[[114.1582644,22.3287395],[114.1573482,22.3294539],[114.1568056,22.3288728],[114.1577681,22.3281224],[114.1578804,22.3283127],[114.1582644,22.3287395]]]}},{"type":"Feature","properties":{"tpusb":"265018"},"geometry":{"type":"Polygon","coordinates":[[[114.1609849,22.3317594],[114.1602598,22.3323194],[114.1597879,22.331783],[114.1598971,22.3316938],[114.1591959,22.3309222],[114.1591274,22.3309741],[114.1584281,22.3301838],[114.1590954,22.3296618],[114.1609849,22.3317594]]]}},{"type":"Feature","properties":{"tpusb":"265019"},"geometry":{"type":"Polygon","coordinates":[[[114.158289,22.333842],[114.1581744,22.3339305],[114.1575339,22.3331881],[114.1584137,22.3325047],[114.1584901,22.332586],[114.1587195,22.332406],[114.1592978,22.3330627],[114.158289,22.333842]]]}},{"type":"Feature","properties":{"tpusb":"265020"},"geometry":{"type":"Polygon","coordinates":[[[114.1581744,22.3339305],[114.1572935,22.3346109],[114.1555799,22.3324101],[114.1574973,22.3309112],[114.1587498,22.3323004],[114.158677,22.332358],[114.1587195,22.332406],[114.1584901,22.332586],[114.1584137,22.3325047],[114.1575339,22.3331881],[114.1581744,22.3339305]]]}},{"type":"Feature","properties":{"tpusb":"265021"},"geometry":{"type":"Polygon","coordinates":[[[114.1600445,22.3324857],[114.1592978,22.3330627],[114.158677,22.332358],[114.1587498,22.3323004],[114.1574973,22.3309112],[114.1584281,22.3301838],[114.1591274,22.3309741],[114.1591959,22.3309222],[114.1598971,22.3316938],[114.1597879,22.331783],[114.1602598,22.3323194],[114.1600445,22.3324857]]]}},{"type":"Feature","properties":{"tpusb":"265022"},"geometry":{"type":"Polygon","coordinates":[[[114.1584281,22.3301838],[114.1581413,22.3304079],[114.1577137,22.3299364],[114.1586696,22.3291888],[114.1590954,22.3296618],[114.1584281,22.3301838]]]}},{"type":"Feature","properties":{"tpusb":"265023"},"geometry":{"type":"Polygon","coordinates":[[[114.1586696,22.3291888],[114.1577137,22.3299364],[114.157306,22.3294868],[114.1582644,22.3287395],[114.1586696,22.3291888]]]}},{"type":"Feature","properties":{"tpusb":"265024"},"geometry":{"type":"Polygon","coordinates":[[[114.1574973,22.3309112],[114.1555799,22.3324101],[114.154238,22.3309121],[114.1565953,22.3290549],[114.1571132,22.3296373],[114.157306,22.3294868],[114.1581413,22.3304079],[114.1574973,22.3309112]]]}},{"type":"Feature","properties":{"tpusb":"266001"},"geometry":{"type":"Polygon","coordinates":[[[114.159162,22.3280334],[114.1582644,22.3287395],[114.1578835,22.3283162],[114.1587729,22.3276124],[114.159162,22.3280334]]]}},{"type":"Feature","properties":{"tpusb":"266002"},"geometry":{"type":"Polygon","coordinates":[[[114.1595645,22.3284687],[114.1586696,22.3291888],[114.1582644,22.3287395],[114.159162,22.3280334],[114.1595645,22.3284687]]]}},{"type":"Feature","properties":{"tpusb":"266003"},"geometry":{"type":"Polygon","coordinates":[[[114.160017,22.3289733],[114.1590954,22.3296618],[114.1586696,22.3291888],[114.1595645,22.3284687],[114.160017,22.3289733]]]}},{"type":"Feature","properties":{"tpusb":"266004"},"geometry":{"type":"Polygon","coordinates":[[[114.1604064,22.3294091],[114.1594994,22.33011],[114.1590954,22.3296618],[114.160017,22.3289733],[114.1604064,22.3294091]]]}},{"type":"Feature","properties":{"tpusb":"266005"},"geometry":{"type":"Polygon","coordinates":[[[114.1607576,22.3298014],[114.1598512,22.3305006],[114.1594994,22.33011],[114.1604064,22.3294091],[114.1607576,22.3298014]]]}},{"type":"Feature","properties":{"tpusb":"266006"},"geometry":{"type":"Polygon","coordinates":[[[114.1611173,22.3302033],[114.1602127,22.330902],[114.1598512,22.3305006],[114.1607576,22.3298014],[114.1611173,22.3302033]]]}},{"type":"Feature","properties":{"tpusb":"266007"},"geometry":{"type":"Polygon","coordinates":[[[114.1614813,22.3306092],[114.1605797,22.3313101],[114.1602127,22.330902],[114.1611173,22.3302033],[114.1614813,22.3306092]]]}},{"type":"Feature","properties":{"tpusb":"266008"},"geometry":{"type":"Polygon","coordinates":[[[114.1618871,22.3310624],[114.1609849,22.3317594],[114.1605797,22.3313101],[114.1614813,22.3306092],[114.1618871,22.3310624]]]}},{"type":"Feature","properties":{"tpusb":"266009"},"geometry":{"type":"Polygon","coordinates":[[[114.1623299,22.3315574],[114.1614314,22.332255],[114.1609849,22.3317594],[114.1618871,22.3310624],[114.1623299,22.3315574]]]}},{"type":"Feature","properties":{"tpusb":"266010"},"geometry":{"type":"Polygon","coordinates":[[[114.1627315,22.3320062],[114.1618329,22.3327009],[114.1614314,22.332255],[114.1623299,22.3315574],[114.1627315,22.3320062]]]}},{"type":"Feature","properties":{"tpusb":"266011"},"geometry":{"type":"Polygon","coordinates":[[[114.1631203,22.3324403],[114.1622242,22.333135],[114.1618329,22.3327009],[114.1627315,22.3320062],[114.1631203,22.3324403]]]}},{"type":"Feature","properties":{"tpusb":"266012"},"geometry":{"type":"Polygon","coordinates":[[[114.1632864,22.3334838],[114.1628581,22.3334933],[114.1626226,22.3335773],[114.1622242,22.333135],[114.1631203,22.3324403],[114.1636273,22.3329786],[114.1632864,22.3334838]]]}},{"type":"Feature","properties":{"tpusb":"266014"},"geometry":{"type":"Polygon","coordinates":[[[114.160036,22.3273699],[114.159162,22.3280334],[114.1587729,22.3276124],[114.1596557,22.3269437],[114.160036,22.3273699]]]}},{"type":"Feature","properties":{"tpusb":"266015"},"geometry":{"type":"Polygon","coordinates":[[[114.1604187,22.3277994],[114.1595645,22.3284687],[114.159162,22.3280334],[114.160036,22.3273699],[114.1604187,22.3277994]]]}},{"type":"Feature","properties":{"tpusb":"266016"},"geometry":{"type":"Polygon","coordinates":[[[114.1608725,22.3283108],[114.160017,22.3289733],[114.1595645,22.3284687],[114.1604187,22.3277994],[114.1608725,22.3283108]]]}},{"type":"Feature","properties":{"tpusb":"266017"},"geometry":{"type":"Polygon","coordinates":[[[114.1612655,22.3287471],[114.1604064,22.3294091],[114.160017,22.3289733],[114.1608725,22.3283108],[114.1612655,22.3287471]]]}},{"type":"Feature","properties":{"tpusb":"266018"},"geometry":{"type":"Polygon","coordinates":[[[114.1616155,22.3291355],[114.1607576,22.3298014],[114.1604064,22.3294091],[114.1612655,22.3287471],[114.1616155,22.3291355]]]}},{"type":"Feature","properties":{"tpusb":"266019"},"geometry":{"type":"Polygon","coordinates":[[[114.1619783,22.3295385],[114.1611173,22.3302033],[114.1607576,22.3298014],[114.1616155,22.3291355],[114.1619783,22.3295385]]]}},{"type":"Feature","properties":{"tpusb":"266020"},"geometry":{"type":"Polygon","coordinates":[[[114.1623404,22.329941],[114.1614813,22.3306092],[114.1611173,22.3302033],[114.1619783,22.3295385],[114.1623404,22.329941]]]}},{"type":"Feature","properties":{"tpusb":"266021"},"geometry":{"type":"Polygon","coordinates":[[[114.1627499,22.3303959],[114.1618871,22.3310624],[114.1614813,22.3306092],[114.1623404,22.329941],[114.1627499,22.3303959]]]}},{"type":"Feature","properties":{"tpusb":"266022"},"geometry":{"type":"Polygon","coordinates":[[[114.1631921,22.3308876],[114.1623299,22.3315574],[114.1618871,22.3310624],[114.1627499,22.3303959],[114.1631921,22.3308876]]]}},{"type":"Feature","properties":{"tpusb":"266023"},"geometry":{"type":"Polygon","coordinates":[[[114.1635967,22.3313369],[114.1627315,22.3320062],[114.1623299,22.3315574],[114.1631921,22.3308876],[114.1635967,22.3313369]]]}},{"type":"Feature","properties":{"tpusb":"266024"},"geometry":{"type":"Polygon","coordinates":[[[114.1639867,22.3317698],[114.1631203,22.3324403],[114.1627315,22.3320062],[114.1635967,22.3313369],[114.1639867,22.3317698]]]}},{"type":"Feature","properties":{"tpusb":"266025"},"geometry":{"type":"Polygon","coordinates":[[[114.1643719,22.3321976],[114.1636273,22.3329786],[114.1631203,22.3324403],[114.1639867,22.3317698],[114.1643719,22.3321976]]]}},{"type":"Feature","properties":{"tpusb":"266026"},"geometry":{"type":"Polygon","coordinates":[[[114.164799,22.3326718],[114.1639314,22.3333035],[114.1636273,22.3329786],[114.1643719,22.3321976],[114.164799,22.3326718]]]}},{"type":"Feature","properties":{"tpusb":"266027"},"geometry":{"type":"Polygon","coordinates":[[[114.1609099,22.3266982],[114.160036,22.3273699],[114.1596557,22.3269437],[114.1605354,22.3262777],[114.1609099,22.3266982]]]}},{"type":"Feature","properties":{"tpusb":"266028"},"geometry":{"type":"Polygon","coordinates":[[[114.1612986,22.3271347],[114.1604187,22.3277994],[114.160036,22.3273699],[114.1609099,22.3266982],[114.1612986,22.3271347]]]}},{"type":"Feature","properties":{"tpusb":"266029"},"geometry":{"type":"Polygon","coordinates":[[[114.1617503,22.3276419],[114.1608725,22.3283108],[114.1604187,22.3277994],[114.1612986,22.3271347],[114.1617503,22.3276419]]]}},{"type":"Feature","properties":{"tpusb":"266030"},"geometry":{"type":"Polygon","coordinates":[[[114.1621489,22.3280875],[114.1612655,22.3287471],[114.1608725,22.3283108],[114.1617503,22.3276419],[114.1621489,22.3280875]]]}},{"type":"Feature","properties":{"tpusb":"266031"},"geometry":{"type":"Polygon","coordinates":[[[114.1624815,22.3284605],[114.1616155,22.3291355],[114.1612655,22.3287471],[114.1621489,22.3280875],[114.1624815,22.3284605]]]}},{"type":"Feature","properties":{"tpusb":"266032"},"geometry":{"type":"Polygon","coordinates":[[[114.162845,22.3288682],[114.1619783,22.3295385],[114.1616155,22.3291355],[114.1624815,22.3284605],[114.162845,22.3288682]]]}},{"type":"Feature","properties":{"tpusb":"266033"},"geometry":{"type":"Polygon","coordinates":[[[114.1632125,22.3292804],[114.1623404,22.329941],[114.1619783,22.3295385],[114.162845,22.3288682],[114.1632125,22.3292804]]]}},{"type":"Feature","properties":{"tpusb":"266034"},"geometry":{"type":"Polygon","coordinates":[[[114.1636128,22.3297294],[114.1627499,22.3303959],[114.1623404,22.329941],[114.1632125,22.3292804],[114.1636128,22.3297294]]]}},{"type":"Feature","properties":{"tpusb":"266035"},"geometry":{"type":"Polygon","coordinates":[[[114.1640507,22.3302204],[114.1631921,22.3308876],[114.1627499,22.3303959],[114.1636128,22.3297294],[114.1640507,22.3302204]]]}},{"type":"Feature","properties":{"tpusb":"266036"},"geometry":{"type":"Polygon","coordinates":[[[114.1644546,22.3306734],[114.1635967,22.3313369],[114.1631921,22.3308876],[114.1640507,22.3302204],[114.1644546,22.3306734]]]}},{"type":"Feature","properties":{"tpusb":"266037"},"geometry":{"type":"Polygon","coordinates":[[[114.1648417,22.3311076],[114.1639867,22.3317698],[114.1635967,22.3313369],[114.1644546,22.3306734],[114.1648417,22.3311076]]]}},{"type":"Feature","properties":{"tpusb":"266038"},"geometry":{"type":"Polygon","coordinates":[[[114.1651692,22.3313082],[114.1643719,22.3321976],[114.1639867,22.3317698],[114.1648417,22.3311076],[114.1650364,22.3313259],[114.165109,22.3312404],[114.1651692,22.3313082]]]}},{"type":"Feature","properties":{"tpusb":"266039"},"geometry":{"type":"Polygon","coordinates":[[[114.1657236,22.3319308],[114.164799,22.3326718],[114.1643719,22.3321976],[114.1651692,22.3313082],[114.1657236,22.3319308]]]}},{"type":"Feature","properties":{"tpusb":"266040"},"geometry":{"type":"Polygon","coordinates":[[[114.1577726,22.3247784],[114.1590559,22.3262028],[114.1572709,22.3275609],[114.1560032,22.3261509],[114.1577726,22.3247784]]]}},{"type":"Feature","properties":{"tpusb":"266041"},"geometry":{"type":"Polygon","coordinates":[[[114.165109,22.3312404],[114.1650364,22.3313259],[114.1605354,22.3262777],[114.1606483,22.3261885],[114.1651179,22.3311743],[114.165109,22.3312404]]]}},{"type":"Feature","properties":{"tpusb":"266042"},"geometry":{"type":"Polygon","coordinates":[[[114.1587729,22.3276124],[114.1578835,22.3283162],[114.1577681,22.3281224],[114.1572709,22.3275609],[114.1590559,22.3262028],[114.1577726,22.3247784],[114.1580791,22.3244799],[114.1583671,22.3247565],[114.1587302,22.3249227],[114.1590992,22.3249947],[114.1604117,22.3250059],[114.161652,22.3249582],[114.1617634,22.3248951],[114.1619232,22.3246155],[114.1618915,22.3252292],[114.1587729,22.3276124]]]}},{"type":"Feature","properties":{"tpusb":"267003"},"geometry":{"type":"Polygon","coordinates":[[[114.1626477,22.3269468],[114.1618734,22.3275477],[114.1614215,22.3270418],[114.1621982,22.3264552],[114.1626477,22.3269468]]]}},{"type":"Feature","properties":{"tpusb":"267004"},"geometry":{"type":"Polygon","coordinates":[[[114.1630371,22.3273724],[114.1622688,22.327995],[114.1618734,22.3275477],[114.1626477,22.3269468],[114.1630371,22.3273724]]]}},{"type":"Feature","properties":{"tpusb":"267005"},"geometry":{"type":"Polygon","coordinates":[[[114.1633889,22.3277573],[114.1626032,22.3283654],[114.1622688,22.327995],[114.1630371,22.3273724],[114.1633889,22.3277573]]]}},{"type":"Feature","properties":{"tpusb":"267006"},"geometry":{"type":"Polygon","coordinates":[[[114.1637626,22.3281604],[114.16297,22.3287716],[114.1626032,22.3283654],[114.1633889,22.3277573],[114.1637626,22.3281604]]]}},{"type":"Feature","properties":{"tpusb":"267007"},"geometry":{"type":"Polygon","coordinates":[[[114.1641326,22.3285831],[114.1633386,22.3291849],[114.16297,22.3287716],[114.1637626,22.3281604],[114.1641326,22.3285831]]]}},{"type":"Feature","properties":{"tpusb":"267008"},"geometry":{"type":"Polygon","coordinates":[[[114.1645209,22.3290274],[114.1637407,22.3296305],[114.1633386,22.3291849],[114.1641326,22.3285831],[114.1645209,22.3290274]]]}},{"type":"Feature","properties":{"tpusb":"267009"},"geometry":{"type":"Polygon","coordinates":[[[114.16496,22.3295139],[114.1641806,22.3301195],[114.1637407,22.3296305],[114.1645209,22.3290274],[114.16496,22.3295139]]]}},{"type":"Feature","properties":{"tpusb":"267010"},"geometry":{"type":"Polygon","coordinates":[[[114.1653683,22.3299666],[114.164583,22.3305741],[114.1641806,22.3301195],[114.16496,22.3295139],[114.1653683,22.3299666]]]}},{"type":"Feature","properties":{"tpusb":"267011"},"geometry":{"type":"Polygon","coordinates":[[[114.1658615,22.3305136],[114.1655405,22.3305655],[114.1649689,22.331009],[114.164583,22.3305741],[114.1653683,22.3299666],[114.1658615,22.3305136]]]}},{"type":"Feature","properties":{"tpusb":"267012"},"geometry":{"type":"Polygon","coordinates":[[[114.1658615,22.3305136],[114.1657826,22.3306236],[114.1651692,22.3313082],[114.165109,22.3312404],[114.1651209,22.3311786],[114.1649689,22.331009],[114.1655405,22.3305655],[114.1658615,22.3305136]]]}},{"type":"Feature","properties":{"tpusb":"267013"},"geometry":{"type":"Polygon","coordinates":[[[114.166163,22.3308477],[114.1653227,22.3314809],[114.1651692,22.3313082],[114.1658615,22.3305136],[114.166163,22.3308477]]]}},{"type":"Feature","properties":{"tpusb":"267014"},"geometry":{"type":"Polygon","coordinates":[[[114.1665538,22.3312816],[114.1657236,22.3319308],[114.1653227,22.3314809],[114.166163,22.3308477],[114.1665538,22.3312816]]]}},{"type":"Feature","properties":{"tpusb":"267015"},"geometry":{"type":"Polygon","coordinates":[[[114.1633842,22.3263757],[114.1626477,22.3269468],[114.1621982,22.3264552],[114.1624492,22.3262656],[114.1634696,22.3263093],[114.1633842,22.3263757]]]}},{"type":"Feature","properties":{"tpusb":"267016"},"geometry":{"type":"Polygon","coordinates":[[[114.1637676,22.3268047],[114.1630371,22.3273724],[114.1626477,22.3269468],[114.1633842,22.3263757],[114.1637676,22.3268047]]]}},{"type":"Feature","properties":{"tpusb":"267017"},"geometry":{"type":"Polygon","coordinates":[[[114.1641145,22.3271947],[114.1633889,22.3277573],[114.1630371,22.3273724],[114.1637676,22.3268047],[114.1641145,22.3271947]]]}},{"type":"Feature","properties":{"tpusb":"267018"},"geometry":{"type":"Polygon","coordinates":[[[114.1644743,22.3275971],[114.1637626,22.3281604],[114.1633889,22.3277573],[114.1641145,22.3271947],[114.1644743,22.3275971]]]}},{"type":"Feature","properties":{"tpusb":"267019"},"geometry":{"type":"Polygon","coordinates":[[[114.1648631,22.3280329],[114.1641326,22.3285831],[114.1637626,22.3281604],[114.1644743,22.3275971],[114.1648631,22.3280329]]]}},{"type":"Feature","properties":{"tpusb":"267020"},"geometry":{"type":"Polygon","coordinates":[[[114.1652459,22.3284675],[114.1645209,22.3290274],[114.1641326,22.3285831],[114.1648631,22.3280329],[114.1652459,22.3284675]]]}},{"type":"Feature","properties":{"tpusb":"267021"},"geometry":{"type":"Polygon","coordinates":[[[114.1656705,22.328962],[114.16496,22.3295139],[114.1645209,22.3290274],[114.1652459,22.3284675],[114.1656705,22.328962]]]}},{"type":"Feature","properties":{"tpusb":"267022"},"geometry":{"type":"Polygon","coordinates":[[[114.166069,22.3294248],[114.1653683,22.3299666],[114.16496,22.3295139],[114.1656705,22.328962],[114.166069,22.3294248]]]}},{"type":"Feature","properties":{"tpusb":"267023"},"geometry":{"type":"Polygon","coordinates":[[[114.1663026,22.3296918],[114.1659415,22.3304295],[114.1658615,22.3305136],[114.1653683,22.3299666],[114.1666551,22.3289716],[114.1663026,22.3296918]]]}},{"type":"Feature","properties":{"tpusb":"267024"},"geometry":{"type":"Polygon","coordinates":[[[114.1671602,22.330591],[114.1671719,22.3306243],[114.1669832,22.3309415],[114.1665538,22.3312816],[114.1658615,22.3305136],[114.1659415,22.3304295],[114.1663026,22.3296918],[114.1663653,22.3297576],[114.1673214,22.3301798],[114.1671603,22.3304245],[114.1671602,22.330591]]]}},{"type":"Feature","properties":{"tpusb":"267025"},"geometry":{"type":"Polygon","coordinates":[[[114.1643561,22.3263472],[114.1637676,22.3268047],[114.1633842,22.3263757],[114.1634696,22.3263093],[114.1643561,22.3263472]]]}},{"type":"Feature","properties":{"tpusb":"267026"},"geometry":{"type":"Polygon","coordinates":[[[114.1648669,22.3266117],[114.1641145,22.3271947],[114.1637676,22.3268047],[114.1643561,22.3263472],[114.165163,22.3263818],[114.1648669,22.3266117]]]}},{"type":"Feature","properties":{"tpusb":"267027"},"geometry":{"type":"Polygon","coordinates":[[[114.165229,22.3270159],[114.1644743,22.3275971],[114.1641145,22.3271947],[114.1648669,22.3266117],[114.165229,22.3270159]]]}},{"type":"Feature","properties":{"tpusb":"267028"},"geometry":{"type":"Polygon","coordinates":[[[114.1660085,22.3278868],[114.1652459,22.3284675],[114.1644743,22.3275971],[114.165229,22.3270159],[114.1660085,22.3278868]]]}},{"type":"Feature","properties":{"tpusb":"267029"},"geometry":{"type":"Polygon","coordinates":[[[114.1664404,22.3283638],[114.1656705,22.328962],[114.1652459,22.3284675],[114.1660085,22.3278868],[114.1664404,22.3283638]]]}},{"type":"Feature","properties":{"tpusb":"267030"},"geometry":{"type":"Polygon","coordinates":[[[114.1666551,22.3289716],[114.166069,22.3294248],[114.1656705,22.328962],[114.1664404,22.3283638],[114.1666582,22.328607],[114.1667989,22.328677],[114.1666551,22.3289716]]]}},{"type":"Feature","properties":{"tpusb":"267031"},"geometry":{"type":"Polygon","coordinates":[[[114.167118,22.3294881],[114.1674322,22.3295976],[114.1673731,22.3301054],[114.1673214,22.3301798],[114.1663653,22.3297576],[114.1663026,22.3296918],[114.1665143,22.3292589],[114.167118,22.3294881]]]}},{"type":"Feature","properties":{"tpusb":"267032"},"geometry":{"type":"Polygon","coordinates":[[[114.1660056,22.3264178],[114.165229,22.3270159],[114.1648669,22.3266117],[114.165163,22.3263818],[114.1660056,22.3264178]]]}},{"type":"Feature","properties":{"tpusb":"267033"},"geometry":{"type":"Polygon","coordinates":[[[114.1665279,22.3266948],[114.1655863,22.3274155],[114.165229,22.3270159],[114.1660056,22.3264178],[114.1662812,22.3264296],[114.1665279,22.3266948]]]}},{"type":"Feature","properties":{"tpusb":"267034"},"geometry":{"type":"Polygon","coordinates":[[[114.1669761,22.3271763],[114.1660085,22.3278868],[114.1655863,22.3274155],[114.1665279,22.3266948],[114.1669761,22.3271763]]]}},{"type":"Feature","properties":{"tpusb":"267035"},"geometry":{"type":"Polygon","coordinates":[[[114.1673656,22.3276115],[114.1664404,22.3283638],[114.1660085,22.3278868],[114.1669761,22.3271763],[114.1673656,22.3276115]]]}},{"type":"Feature","properties":{"tpusb":"267036"},"geometry":{"type":"Polygon","coordinates":[[[114.1673656,22.3276115],[114.1671077,22.328033],[114.1667989,22.328677],[114.1666885,22.3286296],[114.1664404,22.3283638],[114.1673656,22.3276115]]]}},{"type":"Feature","properties":{"tpusb":"267037"},"geometry":{"type":"Polygon","coordinates":[[[114.1679181,22.3282304],[114.167909,22.3284078],[114.1681227,22.3286673],[114.1682846,22.3289656],[114.1674237,22.3293697],[114.1672262,22.3289703],[114.1670336,22.3293649],[114.1671066,22.3294193],[114.167118,22.3294881],[114.1665143,22.3292589],[114.1671077,22.328033],[114.1673656,22.3276115],[114.1678799,22.3278776],[114.1677006,22.3282419],[114.1679181,22.3282304]]]}},{"type":"Feature","properties":{"tpusb":"267038"},"geometry":{"type":"Polygon","coordinates":[[[114.1678572,22.3264971],[114.1669761,22.3271763],[114.1662812,22.3264296],[114.1671962,22.3264688],[114.1678572,22.3264971]]]}},{"type":"Feature","properties":{"tpusb":"267039"},"geometry":{"type":"Polygon","coordinates":[[[114.1678572,22.3264971],[114.1677884,22.3266881],[114.167541,22.3269554],[114.1676285,22.3269794],[114.1676477,22.3270345],[114.1674515,22.3274164],[114.1673585,22.3274319],[114.1673656,22.3276115],[114.1669761,22.3271763],[114.1678572,22.3264971]]]}},{"type":"Feature","properties":{"tpusb":"267040"},"geometry":{"type":"Polygon","coordinates":[[[114.1685449,22.3265265],[114.1678799,22.3278776],[114.1673656,22.3276115],[114.1673585,22.3274319],[114.1674515,22.3274164],[114.1676477,22.3270345],[114.1676285,22.3269794],[114.167541,22.3269554],[114.1677884,22.3266881],[114.1678572,22.3264971],[114.1685449,22.3265265]]]}},{"type":"Feature","properties":{"tpusb":"267043"},"geometry":{"type":"Polygon","coordinates":[[[114.1621982,22.3264552],[114.1614215,22.3270418],[114.1606483,22.3261885],[114.1624492,22.3262656],[114.1621982,22.3264552]]]}},{"type":"Feature","properties":{"tpusb":"268007"},"geometry":{"type":"Polygon","coordinates":[[[114.172232,22.3328144],[114.1725147,22.333376],[114.1724432,22.3334099],[114.1727089,22.3339145],[114.1729475,22.3338702],[114.1726779,22.3341519],[114.1722089,22.3343541],[114.171339,22.3332388],[114.1710466,22.3325389],[114.1704842,22.3321359],[114.170389,22.3318565],[114.1703757,22.3315681],[114.170844,22.3314903],[114.1713262,22.3312608],[114.1715328,22.3316626],[114.1716246,22.3316548],[114.1717789,22.3319486],[114.1718383,22.3319616],[114.172232,22.3328144]]]}},{"type":"Feature","properties":{"tpusb":"268008"},"geometry":{"type":"Polygon","coordinates":[[[114.1731153,22.3321393],[114.1731741,22.3324378],[114.1731447,22.3324843],[114.1728919,22.3326294],[114.1727349,22.332594],[114.172232,22.3328144],[114.1718383,22.3319616],[114.1717789,22.3319486],[114.1716246,22.3316548],[114.1724829,22.3316083],[114.1725076,22.331731],[114.1726482,22.3319348],[114.1728727,22.3320883],[114.1731153,22.3321393]]]}},{"type":"Feature","properties":{"tpusb":"268009"},"geometry":{"type":"Polygon","coordinates":[[[114.1716246,22.3316548],[114.1715328,22.3316626],[114.1713262,22.3312608],[114.1715259,22.3310698],[114.1719176,22.3304905],[114.1724989,22.3303],[114.1725174,22.3303667],[114.1729711,22.3302164],[114.1730966,22.3308796],[114.1728169,22.3309733],[114.1726307,22.3311003],[114.1724887,22.3313963],[114.1724829,22.3316083],[114.1716246,22.3316548]]]}},{"type":"Feature","properties":{"tpusb":"268012"},"geometry":{"type":"Polygon","coordinates":[[[114.1687498,22.3315686],[114.1684173,22.3315878],[114.1680153,22.3317436],[114.1678823,22.3314956],[114.1675673,22.3306604],[114.1673828,22.3307314],[114.1672833,22.3304603],[114.1672039,22.3306071],[114.1671602,22.330591],[114.1671603,22.3304245],[114.1673731,22.3301054],[114.1674322,22.3295976],[114.167118,22.3294881],[114.1671066,22.3294193],[114.1670336,22.3293649],[114.1672262,22.3289703],[114.1674237,22.3293697],[114.1682846,22.3289656],[114.1681227,22.3286673],[114.167909,22.3284078],[114.1679181,22.3282304],[114.1689586,22.3283065],[114.1692356,22.3282821],[114.1701187,22.3283272],[114.1704026,22.328373],[114.1703698,22.3292895],[114.1702775,22.3298139],[114.1698039,22.3306314],[114.1697161,22.3307049],[114.1697204,22.3307694],[114.1698035,22.3308298],[114.1698505,22.3308053],[114.1699304,22.3309117],[114.1699007,22.3312182],[114.1697872,22.3312187],[114.1697781,22.3315683],[114.1687498,22.3315686]]]}},{"type":"Feature","properties":{"tpusb":"268013"},"geometry":{"type":"Polygon","coordinates":[[[114.1703757,22.3315681],[114.1697781,22.3315683],[114.1697872,22.3312187],[114.1699007,22.3312182],[114.1699304,22.3309117],[114.1698505,22.3308053],[114.1698035,22.3308298],[114.1697204,22.3307694],[114.1697161,22.3307049],[114.1698039,22.3306314],[114.1702775,22.3298139],[114.1703698,22.3292895],[114.1709415,22.3293111],[114.1710382,22.3293556],[114.1709361,22.3293913],[114.170873,22.3294727],[114.1708599,22.3300267],[114.1705074,22.3304924],[114.1704333,22.3306583],[114.1703757,22.3315681]]]}},{"type":"Feature","properties":{"tpusb":"268014"},"geometry":{"type":"Polygon","coordinates":[[[114.1713262,22.3312608],[114.170844,22.3314903],[114.1703757,22.3315681],[114.1704248,22.3306939],[114.1705074,22.3304924],[114.1708599,22.3300267],[114.170873,22.3294727],[114.1709361,22.3293913],[114.1710382,22.3293556],[114.1720726,22.3294093],[114.1720544,22.3300595],[114.1719731,22.3303744],[114.1715484,22.3310399],[114.1713262,22.3312608]]]}},{"type":"Feature","properties":{"tpusb":"268015"},"geometry":{"type":"Polygon","coordinates":[[[114.1733684,22.3321196],[114.1731153,22.3321393],[114.1728727,22.3320883],[114.1726482,22.3319348],[114.1725076,22.331731],[114.1724751,22.3315045],[114.1725211,22.3312906],[114.1726307,22.3311003],[114.1728169,22.3309733],[114.1730966,22.3308796],[114.1733684,22.3321196]]]}},{"type":"Feature","properties":{"tpusb":"268016"},"geometry":{"type":"Polygon","coordinates":[[[114.1739914,22.3320711],[114.1733684,22.3321196],[114.1730966,22.3308796],[114.1736912,22.330686],[114.1739914,22.3320711]]]}},{"type":"Feature","properties":{"tpusb":"268017"},"geometry":{"type":"Polygon","coordinates":[[[114.174711,22.3320158],[114.1739914,22.3320711],[114.1736912,22.330686],[114.1743937,22.3304575],[114.174711,22.3320158]]]}},{"type":"Feature","properties":{"tpusb":"268018"},"geometry":{"type":"Polygon","coordinates":[[[114.1753686,22.3319645],[114.174711,22.3320158],[114.1743937,22.3304575],[114.1750137,22.330256],[114.1752303,22.3310919],[114.1753686,22.3319645]]]}},{"type":"Feature","properties":{"tpusb":"268019"},"geometry":{"type":"Polygon","coordinates":[[[114.1759839,22.3314781],[114.1753238,22.3316065],[114.1751636,22.3308097],[114.1749191,22.3299856],[114.1752972,22.3298627],[114.1754515,22.3299122],[114.1759839,22.3314781]]]}},{"type":"Feature","properties":{"tpusb":"268020"},"geometry":{"type":"Polygon","coordinates":[[[114.1767395,22.3313963],[114.1760253,22.3316048],[114.1754515,22.3299122],[114.1752972,22.3298627],[114.1749191,22.3299856],[114.1748889,22.3299097],[114.1761381,22.3295466],[114.1764644,22.3303737],[114.1767395,22.3313963]]]}},{"type":"Feature","properties":{"tpusb":"268021"},"geometry":{"type":"Polygon","coordinates":[[[114.1729711,22.3302164],[114.1725174,22.3303667],[114.1724989,22.3303],[114.1719176,22.3304905],[114.1720544,22.3300595],[114.1721239,22.3280575],[114.1725798,22.3280694],[114.1726484,22.3281405],[114.1726605,22.3295899],[114.1727726,22.3297218],[114.1729711,22.3302164]]]}},{"type":"Feature","properties":{"tpusb":"268022"},"geometry":{"type":"Polygon","coordinates":[[[114.1736912,22.330686],[114.1730966,22.3308796],[114.1729711,22.3302164],[114.1747626,22.3296233],[114.1750137,22.330256],[114.1736912,22.330686]]]}},{"type":"Feature","properties":{"tpusb":"268023"},"geometry":{"type":"Polygon","coordinates":[[[114.1747626,22.3296233],[114.1729711,22.3302164],[114.1727726,22.3297218],[114.1726605,22.3295899],[114.1744077,22.3290069],[114.1747626,22.3296233]]]}},{"type":"Feature","properties":{"tpusb":"268026"},"geometry":{"type":"Polygon","coordinates":[[[114.1757945,22.3296419],[114.1748889,22.3299097],[114.1747626,22.3296233],[114.1755889,22.3293436],[114.1757945,22.3296419]]]}},{"type":"Feature","properties":{"tpusb":"268027"},"geometry":{"type":"Polygon","coordinates":[[[114.1744077,22.3290069],[114.1739654,22.3291542],[114.1729232,22.3280638],[114.1726484,22.3281405],[114.1725798,22.3280694],[114.1721239,22.3280575],[114.172137,22.3273108],[114.1728417,22.3273555],[114.1730316,22.3274375],[114.1736397,22.3280333],[114.1744077,22.3290069]]]}},{"type":"Feature","properties":{"tpusb":"268028"},"geometry":{"type":"Polygon","coordinates":[[[114.1761381,22.3295466],[114.1757945,22.3296419],[114.1755889,22.3293436],[114.1747626,22.3296233],[114.1744174,22.3290216],[114.1740346,22.3285029],[114.1736397,22.3280333],[114.1730316,22.3274375],[114.1728417,22.3273555],[114.172137,22.3273108],[114.172147,22.326683],[114.1740243,22.3267741],[114.1746086,22.3265996],[114.1761381,22.3295466]]]}},{"type":"Feature","properties":{"tpusb":"268030"},"geometry":{"type":"Polygon","coordinates":[[[114.175047,22.33625],[114.1724612,22.3383383],[114.172068,22.3388733],[114.1718259,22.3395348],[114.1712035,22.3393813],[114.1708182,22.3393401],[114.1704305,22.3393587],[114.1698217,22.3394692],[114.1689825,22.33569],[114.1688254,22.3354145],[114.1679737,22.3344567],[114.1696664,22.3331563],[114.1707971,22.3354383],[114.1708827,22.3355585],[114.1710331,22.3356686],[114.1712163,22.3357177],[114.1726681,22.3356077],[114.1727385,22.335479],[114.1726961,22.3347814],[114.1729412,22.3347645],[114.1732858,22.3345906],[114.1737384,22.33476],[114.1741103,22.3350185],[114.1747928,22.3358233],[114.175047,22.33625]]]}},{"type":"Feature","properties":{"tpusb":"268031"},"geometry":{"type":"Polygon","coordinates":[[[114.1749007,22.3395513],[114.1748186,22.3400648],[114.174852,22.3402022],[114.1742297,22.3401394],[114.1718259,22.3395348],[114.172068,22.3388733],[114.172267,22.3385641],[114.1724873,22.3383118],[114.1752581,22.3360813],[114.1754165,22.3359193],[114.1755402,22.3357342],[114.1756313,22.3354587],[114.1756598,22.3352076],[114.1756355,22.3349396],[114.1762015,22.3348892],[114.1763914,22.3347735],[114.1764394,22.3346302],[114.176375,22.3339294],[114.1769256,22.3338803],[114.1768028,22.3347236],[114.1762057,22.3367435],[114.1763739,22.3372933],[114.1758936,22.3373324],[114.175819,22.3373755],[114.175293,22.3384472],[114.1749007,22.3395513]]]}},{"type":"Feature","properties":{"tpusb":"268032"},"geometry":{"type":"Polygon","coordinates":[[[114.1756355,22.3349396],[114.1756495,22.3353515],[114.1755402,22.3357342],[114.1753419,22.3360023],[114.175047,22.33625],[114.1747928,22.3358233],[114.1741103,22.3350185],[114.1737384,22.33476],[114.1732858,22.3345906],[114.1737401,22.334237],[114.1738348,22.334119],[114.1738473,22.3339321],[114.1737618,22.3332235],[114.1738096,22.3330534],[114.173906,22.3329221],[114.1740526,22.3328286],[114.1742938,22.3327766],[114.1754332,22.332689],[114.1756355,22.3349396]]]}},{"type":"Feature","properties":{"tpusb":"268033"},"geometry":{"type":"Polygon","coordinates":[[[114.1726961,22.3347814],[114.1727385,22.335479],[114.1726681,22.3356077],[114.1712163,22.3357177],[114.1710665,22.3356872],[114.1708147,22.3354705],[114.1696664,22.3331563],[114.1702609,22.3326856],[114.1704466,22.3324548],[114.170571,22.3322223],[114.1710466,22.3325389],[114.1712698,22.3331096],[114.1713809,22.3332992],[114.1724063,22.3345941],[114.1725653,22.3347356],[114.1726961,22.3347814]]]}},{"type":"Feature","properties":{"tpusb":"268034"},"geometry":{"type":"Polygon","coordinates":[[[114.1732858,22.3345906],[114.1729412,22.3347645],[114.1726961,22.3347814],[114.1725338,22.3347152],[114.1722089,22.3343541],[114.1726779,22.3341519],[114.1729475,22.3338702],[114.1727089,22.3339145],[114.1724432,22.3334099],[114.1725147,22.333376],[114.172232,22.3328144],[114.1727349,22.332594],[114.1728919,22.3326294],[114.1731447,22.3324843],[114.1731741,22.3324378],[114.1731153,22.3321393],[114.1753686,22.3319645],[114.1754332,22.332689],[114.1741123,22.3328072],[114.1738731,22.3329565],[114.1737618,22.3332235],[114.1738473,22.3339321],[114.1738348,22.334119],[114.1737401,22.334237],[114.1732858,22.3345906]]]}},{"type":"Feature","properties":{"tpusb":"268035"},"geometry":{"type":"Polygon","coordinates":[[[114.1769256,22.3338803],[114.176375,22.3339294],[114.1764394,22.3346302],[114.1763399,22.3348277],[114.1762015,22.3348892],[114.1756355,22.3349396],[114.1753238,22.3316065],[114.1759839,22.3314781],[114.1760253,22.3316048],[114.1767395,22.3313963],[114.1769144,22.3324515],[114.1769514,22.3331226],[114.1769256,22.3338803]]]}},{"type":"Feature","properties":{"tpusb":"268036"},"geometry":{"type":"Polygon","coordinates":[[[114.1739654,22.3291542],[114.1726605,22.3295899],[114.1726484,22.3281405],[114.1729232,22.3280638],[114.1739654,22.3291542]]]}},{"type":"Feature","properties":{"tpusb":"268037"},"geometry":{"type":"Polygon","coordinates":[[[114.1704035,22.3266072],[114.1703576,22.3276545],[114.1701769,22.3276494],[114.1701579,22.328356],[114.1701187,22.3283272],[114.1692356,22.3282821],[114.1689586,22.3283065],[114.1680258,22.3282335],[114.1677006,22.3282419],[114.1685449,22.3265265],[114.1704035,22.3266072]]]}},{"type":"Feature","properties":{"tpusb":"268038"},"geometry":{"type":"Polygon","coordinates":[[[114.1721239,22.3280575],[114.1720726,22.3294093],[114.1703698,22.3292895],[114.1704026,22.328373],[114.1701579,22.328356],[114.1701769,22.3276494],[114.1703576,22.3276545],[114.1704035,22.3266072],[114.172147,22.326683],[114.1721239,22.3280575]]]}},{"type":"Feature","properties":{"tpusb":"269001"},"geometry":{"type":"Polygon","coordinates":[[[114.1405431,22.3266431],[114.1400334,22.3268879],[114.1394668,22.3270046],[114.1391762,22.327],[114.1387503,22.3269142],[114.1383579,22.326738],[114.1380631,22.3265308],[114.1377154,22.3265631],[114.1377853,22.3266728],[114.1377873,22.3268069],[114.1374265,22.3264466],[114.1307544,22.3218208],[114.1306568,22.321448],[114.1304152,22.3211492],[114.1305958,22.3210158],[114.1306485,22.320639],[114.1306158,22.3203134],[114.1307402,22.3199272],[114.1311246,22.3191645],[114.1314395,22.3187372],[114.1315932,22.318604],[114.1317691,22.3185519],[114.1318782,22.3184152],[114.1318037,22.3182907],[114.131674,22.3182747],[114.1315433,22.3180507],[114.1333607,22.3171318],[114.1340483,22.3136838],[114.1341122,22.3136039],[114.13422,22.3135994],[114.1342913,22.3136738],[114.1342095,22.3141544],[114.1343184,22.3142374],[114.1343505,22.3143613],[114.1335853,22.3182022],[114.1373169,22.3188473],[114.1373525,22.3186681],[114.1372548,22.3186332],[114.1374556,22.3186676],[114.1374665,22.3186136],[114.1372655,22.3185785],[114.1374695,22.3185958],[114.1381629,22.3151237],[114.135192,22.3146091],[114.1352074,22.3145293],[114.1354707,22.3145736],[114.1355128,22.3144991],[114.1356084,22.3145006],[114.1384596,22.3150269],[114.1378923,22.3179186],[114.137937,22.3179557],[114.1379491,22.3179255],[114.1379352,22.3179935],[114.1384727,22.3180898],[114.1384867,22.3180191],[114.1387299,22.3180853],[114.1388283,22.318051],[114.1388491,22.3179936],[114.1387774,22.3179722],[114.1387827,22.317941],[114.1389368,22.3179218],[114.139075,22.3178339],[114.1391908,22.3179116],[114.1392498,22.317895],[114.1391863,22.318001],[114.1392823,22.3180817],[114.1396604,22.3179905],[114.1396511,22.317929],[114.1397051,22.3179737],[114.1396635,22.3180035],[114.1397831,22.3179627],[114.1400947,22.3177221],[114.1405018,22.3173215],[114.1406112,22.317079],[114.1406525,22.3170962],[114.1407177,22.3169196],[114.140796,22.3168465],[114.1411079,22.3163258],[114.1412823,22.3162162],[114.1413027,22.3162445],[114.1413929,22.3161969],[114.1416981,22.3159367],[114.1418369,22.3157258],[114.1418037,22.3156302],[114.1419474,22.3156211],[114.1420718,22.3154636],[114.1420484,22.3153778],[114.1421144,22.315425],[114.1422251,22.3153533],[114.1422463,22.3152883],[114.1423774,22.3152441],[114.1428298,22.31573],[114.1429734,22.3160054],[114.1430318,22.3164038],[114.1430932,22.3164927],[114.1434003,22.3167405],[114.1435262,22.316716],[114.1436715,22.3168664],[114.1438616,22.3167062],[114.1442568,22.3171134],[114.1440608,22.3172766],[114.1441322,22.317368],[114.1442336,22.3172903],[114.1442666,22.3173273],[114.1442308,22.3173111],[114.1441541,22.3173798],[114.1444276,22.3178909],[114.1445326,22.317875],[114.1444932,22.3178364],[114.1445435,22.3178141],[114.144584,22.3178509],[114.1445681,22.3178944],[114.1447428,22.3179129],[114.1447338,22.3179537],[114.1446915,22.3179516],[114.1447234,22.3179819],[114.1446989,22.3180268],[114.1445494,22.3180723],[114.1444648,22.3180203],[114.1444887,22.3179665],[114.1443978,22.3180254],[114.1443515,22.3181249],[114.1443009,22.318332],[114.1443355,22.3184477],[114.1442924,22.3186109],[114.1443226,22.3188432],[114.1443715,22.3189729],[114.1446035,22.3193016],[114.1450224,22.3196639],[114.1450434,22.3199193],[114.1453091,22.3202498],[114.1458227,22.3207035],[114.1462453,22.3209648],[114.1465436,22.3210913],[114.1473446,22.3213088],[114.1474876,22.3214823],[114.1478009,22.3211625],[114.1478531,22.3211541],[114.1474954,22.321518],[114.1475668,22.3218995],[114.1474884,22.3220065],[114.1474752,22.3221274],[114.1475196,22.3221366],[114.1474602,22.322201],[114.1473708,22.322218],[114.1473989,22.3222727],[114.1471848,22.3225187],[114.1468315,22.3231991],[114.1468195,22.3233228],[114.1467138,22.3233819],[114.1464945,22.3233733],[114.146526,22.3234173],[114.1464254,22.3234839],[114.1462406,22.3235181],[114.1460194,22.3237075],[114.1458654,22.3237294],[114.1446234,22.3244216],[114.1445534,22.324382],[114.1445663,22.3243066],[114.1453431,22.3238559],[114.1443884,22.322968],[114.1439531,22.3233864],[114.1438423,22.3232825],[114.1444153,22.3227344],[114.1439371,22.3222867],[114.1437664,22.3224427],[114.1437318,22.3224115],[114.1438984,22.3222479],[114.1438535,22.3222079],[114.1432295,22.3227888],[114.1431081,22.3226812],[114.1437339,22.3221017],[114.1431242,22.3215326],[114.1424697,22.3221328],[114.1427134,22.3223707],[114.1426725,22.3224009],[114.1424328,22.3221728],[114.1423608,22.3222378],[114.1426517,22.3225224],[114.142586,22.3225755],[114.1422966,22.3223008],[114.1421889,22.3224142],[114.1424827,22.3226752],[114.1424396,22.322708],[114.142154,22.3224368],[114.1419699,22.3226044],[114.1424274,22.3230416],[114.1422685,22.3231447],[114.1422362,22.3231158],[114.1422685,22.323084],[114.1418658,22.3226991],[114.1417257,22.3228267],[114.1418514,22.3229686],[114.1417119,22.3228392],[114.1416722,22.3228753],[114.1417983,22.3230185],[114.1416578,22.3228885],[114.1412022,22.3233094],[114.1421871,22.324227],[114.1427483,22.3246439],[114.1432442,22.3248851],[114.14336,22.3248174],[114.1432617,22.3248928],[114.1433934,22.3249621],[114.1436146,22.3248486],[114.1436752,22.3248784],[114.1436781,22.3249421],[114.1419732,22.3258993],[114.1418923,22.3258912],[114.1405431,22.3266431]]]}},{"type":"Feature","properties":{"tpusb":"269002"},"geometry":{"type":"Polygon","coordinates":[[[114.1478139,22.3297507],[114.1445559,22.3310088],[114.1434688,22.3302809],[114.141646,22.3294886],[114.1398115,22.328429],[114.138591,22.3275768],[114.1377873,22.3268069],[114.1377853,22.3266728],[114.1377154,22.3265631],[114.1380631,22.3265308],[114.1386144,22.326865],[114.1388898,22.3269531],[114.1393212,22.3270074],[114.1398957,22.3269325],[114.1405431,22.3266431],[114.1413388,22.3278209],[114.1430281,22.3268365],[114.1428974,22.3266347],[114.1435915,22.3262355],[114.1436391,22.3263073],[114.1430241,22.3266657],[114.1433819,22.3271954],[114.1435442,22.3271038],[114.1435675,22.3271437],[114.1430289,22.3274536],[114.1431076,22.3275702],[114.1436457,22.3272579],[114.143671,22.3272979],[114.1435086,22.3273933],[114.143566,22.3274784],[114.1439195,22.3272815],[114.1439408,22.3273147],[114.1435941,22.3275212],[114.1436737,22.3276333],[114.1440165,22.3274368],[114.1440447,22.3274679],[114.1439952,22.3274993],[114.1440229,22.3275416],[114.1437221,22.3277147],[114.1438023,22.3278338],[114.1440972,22.3276623],[114.1441242,22.3277062],[114.1438312,22.3278766],[114.1440607,22.328215],[114.1444062,22.3280135],[114.1444312,22.3280463],[114.144082,22.3282483],[114.1441755,22.3283867],[114.1445247,22.3281847],[114.1445691,22.3282504],[114.1442199,22.3284525],[114.1443026,22.3285748],[114.1446518,22.3283728],[114.1446714,22.3284018],[114.1443265,22.3286102],[114.1445677,22.3289726],[114.1464416,22.3278832],[114.1465454,22.3280323],[114.1463353,22.328155],[114.1468304,22.3288842],[114.1471547,22.3290021],[114.1474625,22.3292152],[114.1478139,22.3297507]]]}},{"type":"Feature","properties":{"tpusb":"269003"},"geometry":{"type":"Polygon","coordinates":[[[114.1516051,22.3277595],[114.1499442,22.3287495],[114.1491762,22.3291436],[114.1478154,22.3297501],[114.1474625,22.3292152],[114.1471547,22.3290021],[114.1468304,22.3288842],[114.1463353,22.328155],[114.1465454,22.3280323],[114.1464416,22.3278832],[114.1485213,22.3266671],[114.1492395,22.3261086],[114.1488073,22.3256292],[114.1489637,22.3255113],[114.1493903,22.3259985],[114.1501897,22.3253638],[114.1497586,22.3248797],[114.1499055,22.3247628],[114.1503412,22.325245],[114.1512296,22.3245574],[114.1510961,22.3244098],[114.1511589,22.3243594],[114.1512963,22.3245069],[114.1518276,22.324105],[114.1514506,22.3236856],[114.1515293,22.3236241],[114.151908,22.3240438],[114.1523518,22.3236992],[114.1519751,22.323277],[114.1520523,22.3232163],[114.1524224,22.323633],[114.152729,22.3233992],[114.1531242,22.3234414],[114.1534889,22.3236789],[114.1546554,22.3249545],[114.1548219,22.3252025],[114.1534097,22.326447],[114.1524913,22.327151],[114.1516051,22.3277595]]]}},{"type":"Feature","properties":{"tpusb":"271007"},"geometry":{"type":"Polygon","coordinates":[[[114.1756711,22.3376779],[114.1758976,22.337744],[114.1760001,22.3380229],[114.1754662,22.3397093],[114.1749007,22.3395513],[114.175293,22.3384472],[114.1756711,22.3376779]]]}},{"type":"Feature","properties":{"tpusb":"271008"},"geometry":{"type":"Polygon","coordinates":[[[114.1758744,22.340164],[114.174852,22.3402022],[114.1748186,22.3400648],[114.1748504,22.3397313],[114.1749007,22.3395513],[114.1754662,22.3397093],[114.1760001,22.3380229],[114.1758976,22.337744],[114.1756711,22.3376779],[114.1758652,22.3373397],[114.1764287,22.3373132],[114.1766673,22.3379316],[114.1765894,22.3379844],[114.1758744,22.340164]]]}},{"type":"Feature","properties":{"tpusb":"271012"},"geometry":{"type":"Polygon","coordinates":[[[114.1777869,22.337875],[114.1766673,22.3379316],[114.1764287,22.3373132],[114.1763346,22.3373166],[114.1763784,22.3372706],[114.1762884,22.337086],[114.1762529,22.3368972],[114.1763539,22.336963],[114.1764025,22.3369162],[114.1765044,22.3369051],[114.1787968,22.3367937],[114.1788919,22.3368257],[114.1790509,22.3369773],[114.179101,22.3378084],[114.1777869,22.337875]]]}},{"type":"Feature","properties":{"tpusb":"271013"},"geometry":{"type":"Polygon","coordinates":[[[114.1789427,22.3351691],[114.1790509,22.3369773],[114.1788919,22.3368257],[114.1787968,22.3367937],[114.1765044,22.3369051],[114.1764025,22.3369162],[114.1763539,22.336963],[114.1762529,22.3368972],[114.1762057,22.3367435],[114.1766585,22.3352681],[114.1789427,22.3351691]]]}},{"type":"Feature","properties":{"tpusb":"271015"},"geometry":{"type":"Polygon","coordinates":[[[114.1789426,22.3351675],[114.1766585,22.3352681],[114.1768272,22.3346017],[114.1789013,22.3344817],[114.1789426,22.3351675]]]}},{"type":"Feature","properties":{"tpusb":"271016"},"geometry":{"type":"Polygon","coordinates":[[[114.1789013,22.3344817],[114.1769447,22.3345974],[114.177023,22.3345201],[114.1770552,22.3344168],[114.1770509,22.3337869],[114.1771704,22.3334912],[114.1773324,22.3332451],[114.1776176,22.3329945],[114.1780283,22.3327964],[114.1787975,22.3327512],[114.1789013,22.3344817]]]}},{"type":"Feature","properties":{"tpusb":"271017"},"geometry":{"type":"Polygon","coordinates":[[[114.1797167,22.334055],[114.1788782,22.3340979],[114.178786,22.3325592],[114.1796233,22.3325068],[114.1797167,22.334055]]]}},{"type":"Feature","properties":{"tpusb":"271018"},"geometry":{"type":"Polygon","coordinates":[[[114.1809974,22.3339895],[114.1797167,22.334055],[114.179673,22.3333275],[114.1809531,22.3332648],[114.1809974,22.3339895]]]}},{"type":"Feature","properties":{"tpusb":"271019"},"geometry":{"type":"Polygon","coordinates":[[[114.1809531,22.3332648],[114.179673,22.3333275],[114.1796269,22.3325655],[114.1809045,22.3324803],[114.1809531,22.3332648]]]}},{"type":"Feature","properties":{"tpusb":"271020"},"geometry":{"type":"Polygon","coordinates":[[[114.1813202,22.3339731],[114.1809974,22.3339895],[114.1809045,22.3324803],[114.1816562,22.3324306],[114.1817873,22.3332078],[114.1820688,22.3339347],[114.1813202,22.3339731]]]}},{"type":"Feature","properties":{"tpusb":"271021"},"geometry":{"type":"Polygon","coordinates":[[[114.1825777,22.3338564],[114.1826872,22.334113],[114.1825278,22.3339954],[114.1820688,22.3339347],[114.1818079,22.3332772],[114.1817029,22.3328183],[114.1816568,22.3323448],[114.1816981,22.3320953],[114.1818849,22.3316032],[114.1823901,22.3317221],[114.1822514,22.3321145],[114.1822021,22.332109],[114.1822056,22.3325442],[114.1822562,22.3330219],[114.1825777,22.3338564]]]}},{"type":"Feature","properties":{"tpusb":"271022"},"geometry":{"type":"Polygon","coordinates":[[[114.1769447,22.3345974],[114.1768272,22.3346017],[114.1769429,22.3337034],[114.1769144,22.3324515],[114.1767494,22.3314379],[114.1764187,22.3302515],[114.1764849,22.3302385],[114.1764126,22.3295555],[114.1770582,22.3295234],[114.1774046,22.3329353],[114.1774835,22.3330905],[114.1772457,22.3333648],[114.1770819,22.3336916],[114.1770509,22.3337869],[114.1770503,22.334453],[114.1769447,22.3345974]]]}},{"type":"Feature","properties":{"tpusb":"271023"},"geometry":{"type":"Polygon","coordinates":[[[114.1780283,22.3327964],[114.1777486,22.3329172],[114.1774835,22.3330905],[114.1774125,22.3329708],[114.1770582,22.3295234],[114.1771334,22.3298016],[114.1773112,22.3300799],[114.1776034,22.330291],[114.1778683,22.330385],[114.1780283,22.3327964]]]}},{"type":"Feature","properties":{"tpusb":"271024"},"geometry":{"type":"Polygon","coordinates":[[[114.1787975,22.3327512],[114.1780283,22.3327964],[114.1778683,22.330385],[114.1786568,22.3303993],[114.1787975,22.3327512]]]}},{"type":"Feature","properties":{"tpusb":"271025"},"geometry":{"type":"Polygon","coordinates":[[[114.1796233,22.3325068],[114.178786,22.3325592],[114.1786568,22.3303993],[114.179494,22.3303502],[114.1796233,22.3325068]]]}},{"type":"Feature","properties":{"tpusb":"271026"},"geometry":{"type":"Polygon","coordinates":[[[114.1809045,22.3324803],[114.1796269,22.3325655],[114.1795917,22.3319802],[114.1808693,22.3319018],[114.1809045,22.3324803]]]}},{"type":"Feature","properties":{"tpusb":"271027"},"geometry":{"type":"Polygon","coordinates":[[[114.1808693,22.3319018],[114.1795917,22.3319802],[114.1795492,22.3312651],[114.1808256,22.3311929],[114.1808693,22.3319018]]]}},{"type":"Feature","properties":{"tpusb":"271028"},"geometry":{"type":"Polygon","coordinates":[[[114.1808256,22.3311929],[114.1795492,22.3312651],[114.1795365,22.3310591],[114.1808135,22.3309936],[114.1808256,22.3311929]]]}},{"type":"Feature","properties":{"tpusb":"271029"},"geometry":{"type":"Polygon","coordinates":[[[114.1808135,22.3309936],[114.1795365,22.3310591],[114.179494,22.3303502],[114.1807692,22.3302757],[114.1808135,22.3309936]]]}},{"type":"Feature","properties":{"tpusb":"271030"},"geometry":{"type":"Polygon","coordinates":[[[114.1816562,22.3324306],[114.1809045,22.3324803],[114.1807692,22.3302757],[114.1820274,22.3302017],[114.1820384,22.3307041],[114.1819832,22.3311917],[114.1818849,22.3316032],[114.1816981,22.3320953],[114.1816562,22.3324306]]]}},{"type":"Feature","properties":{"tpusb":"271031"},"geometry":{"type":"Polygon","coordinates":[[[114.1822187,22.3308755],[114.1825278,22.3310701],[114.1823901,22.3317221],[114.1818849,22.3316032],[114.1819832,22.3311917],[114.1820416,22.3305819],[114.1821385,22.3308192],[114.1822187,22.3308755]]]}},{"type":"Feature","properties":{"tpusb":"271032"},"geometry":{"type":"Polygon","coordinates":[[[114.1770582,22.3295234],[114.1764126,22.3295555],[114.1764849,22.3302385],[114.1764187,22.3302515],[114.1759826,22.3292242],[114.1745988,22.3265811],[114.1748142,22.3266261],[114.1750742,22.3267793],[114.175186,22.3268045],[114.1762627,22.3268836],[114.1770564,22.32835],[114.1770582,22.3295234]]]}},{"type":"Feature","properties":{"tpusb":"271033"},"geometry":{"type":"Polygon","coordinates":[[[114.1786568,22.3303993],[114.1779128,22.3303983],[114.1775556,22.330264],[114.1772638,22.3300229],[114.1771195,22.3297678],[114.1770582,22.3295234],[114.1770564,22.32835],[114.1779045,22.3284013],[114.1785336,22.328346],[114.1786568,22.3303993]]]}},{"type":"Feature","properties":{"tpusb":"271034"},"geometry":{"type":"Polygon","coordinates":[[[114.179494,22.3303502],[114.1786568,22.3303993],[114.1786232,22.3298413],[114.1798481,22.3297871],[114.1798719,22.3303282],[114.179494,22.3303502]]]}},{"type":"Feature","properties":{"tpusb":"271035"},"geometry":{"type":"Polygon","coordinates":[[[114.1807692,22.3302757],[114.1798719,22.3303282],[114.1798337,22.3294644],[114.1807169,22.329421],[114.1807692,22.3302757]]]}},{"type":"Feature","properties":{"tpusb":"271036"},"geometry":{"type":"Polygon","coordinates":[[[114.1820274,22.3302017],[114.1807692,22.3302757],[114.1806687,22.3286333],[114.1814417,22.3285756],[114.181424,22.3279759],[114.1818329,22.3278846],[114.1819383,22.3278785],[114.1820274,22.3302017]]]}},{"type":"Feature","properties":{"tpusb":"271037"},"geometry":{"type":"Polygon","coordinates":[[[114.1840521,22.3291025],[114.183652,22.3291174],[114.1835446,22.3291558],[114.1826857,22.3301752],[114.1820274,22.3302017],[114.1820085,22.3297024],[114.182847,22.3296728],[114.1836799,22.3286693],[114.1836321,22.3271964],[114.1840517,22.3272164],[114.1841234,22.3290999],[114.1840521,22.3291025]]]}},{"type":"Feature","properties":{"tpusb":"271038"},"geometry":{"type":"Polygon","coordinates":[[[114.1840754,22.3296326],[114.183823,22.3296408],[114.1831375,22.3304677],[114.1831564,22.3305053],[114.182903,22.3308248],[114.1822187,22.3308755],[114.1821385,22.3308192],[114.1820416,22.3305819],[114.1820274,22.3302017],[114.1826857,22.3301752],[114.1835446,22.3291558],[114.183652,22.3291174],[114.1840521,22.3291025],[114.1840754,22.3296326]]]}},{"type":"Feature","properties":{"tpusb":"271039"},"geometry":{"type":"Polygon","coordinates":[[[114.1854143,22.329584],[114.1844703,22.3296619],[114.1844341,22.329621],[114.1840754,22.3296326],[114.1840521,22.3291025],[114.1853961,22.3290544],[114.1854143,22.329584]]]}},{"type":"Feature","properties":{"tpusb":"271040"},"geometry":{"type":"Polygon","coordinates":[[[114.1865906,22.3317786],[114.1854915,22.3318239],[114.1853961,22.3290544],[114.1864678,22.3290158],[114.1865906,22.3317786]]]}},{"type":"Feature","properties":{"tpusb":"271041"},"geometry":{"type":"Polygon","coordinates":[[[114.1871615,22.3325069],[114.1859777,22.3334949],[114.1855495,22.3335098],[114.1854915,22.3318239],[114.1871145,22.3317655],[114.1871615,22.3325069]]]}},{"type":"Feature","properties":{"tpusb":"271042"},"geometry":{"type":"Polygon","coordinates":[[[114.1785336,22.328346],[114.1779045,22.3284013],[114.1770564,22.32835],[114.1766521,22.3276209],[114.1779196,22.3276794],[114.1784906,22.3276552],[114.1785336,22.328346]]]}},{"type":"Feature","properties":{"tpusb":"271043"},"geometry":{"type":"Polygon","coordinates":[[[114.1798481,22.3297871],[114.1786232,22.3298413],[114.1785573,22.3287456],[114.1797985,22.3286728],[114.1798481,22.3297871]]]}},{"type":"Feature","properties":{"tpusb":"271044"},"geometry":{"type":"Polygon","coordinates":[[[114.1807169,22.329421],[114.1798337,22.3294644],[114.1797985,22.3286728],[114.1806687,22.3286333],[114.1807169,22.329421]]]}},{"type":"Feature","properties":{"tpusb":"271045"},"geometry":{"type":"Polygon","coordinates":[[[114.1836321,22.3271964],[114.1836799,22.3286693],[114.182847,22.3296728],[114.1820085,22.3297024],[114.181904,22.3271153],[114.1836321,22.3271964]]]}},{"type":"Feature","properties":{"tpusb":"271046"},"geometry":{"type":"Polygon","coordinates":[[[114.1853961,22.3290544],[114.1841234,22.3290999],[114.1840844,22.3281591],[114.1864266,22.3280913],[114.1864678,22.3290158],[114.1853961,22.3290544]]]}},{"type":"Feature","properties":{"tpusb":"271047"},"geometry":{"type":"Polygon","coordinates":[[[114.1784906,22.3276552],[114.1779196,22.3276794],[114.1766521,22.3276209],[114.1762627,22.3268836],[114.1784504,22.3269638],[114.1784906,22.3276552]]]}},{"type":"Feature","properties":{"tpusb":"271048"},"geometry":{"type":"Polygon","coordinates":[[[114.1797985,22.3286728],[114.1785573,22.3287456],[114.1784504,22.3269638],[114.1797203,22.3270251],[114.1797821,22.3277308],[114.180399,22.3277277],[114.1804565,22.3277618],[114.180497,22.3279153],[114.180541,22.3286429],[114.1797985,22.3286728]]]}},{"type":"Feature","properties":{"tpusb":"271050"},"geometry":{"type":"Polygon","coordinates":[[[114.1806687,22.3286333],[114.180541,22.3286429],[114.180497,22.3279153],[114.1804625,22.327771],[114.1803951,22.3277278],[114.1810568,22.3276969],[114.181035,22.3270768],[114.181904,22.3271153],[114.1819383,22.3278785],[114.181424,22.3279759],[114.1814417,22.3285756],[114.1806687,22.3286333]]]}},{"type":"Feature","properties":{"tpusb":"271051"},"geometry":{"type":"Polygon","coordinates":[[[114.1803951,22.3277278],[114.1797821,22.3277308],[114.1797203,22.3270251],[114.181035,22.3270768],[114.1810568,22.3276969],[114.1803951,22.3277278]]]}},{"type":"Feature","properties":{"tpusb":"271052"},"geometry":{"type":"Polygon","coordinates":[[[114.1864266,22.3280913],[114.1840844,22.3281591],[114.1840517,22.3272164],[114.1863922,22.3273184],[114.1864266,22.3280913]]]}},{"type":"Feature","properties":{"tpusb":"272010"},"geometry":{"type":"Polygon","coordinates":[[[114.1805268,22.33912],[114.1791799,22.3391268],[114.1789427,22.3351691],[114.1813844,22.3350501],[114.1814944,22.3366484],[114.1818288,22.3391008],[114.1805268,22.33912]]]}},{"type":"Feature","properties":{"tpusb":"272011"},"geometry":{"type":"Polygon","coordinates":[[[114.1831934,22.3396435],[114.1831618,22.3396658],[114.1828426,22.3393971],[114.1823347,22.3391877],[114.1818288,22.3391008],[114.1815228,22.3368934],[114.1829416,22.3367246],[114.1830757,22.3366122],[114.1831935,22.3366613],[114.1833842,22.3371829],[114.1837676,22.3371775],[114.1837695,22.3375857],[114.1834896,22.3375848],[114.1834826,22.3382931],[114.1831113,22.3392678],[114.1831934,22.3396435]]]}},{"type":"Feature","properties":{"tpusb":"272012"},"geometry":{"type":"Polygon","coordinates":[[[114.1836054,22.3342479],[114.1832197,22.3349281],[114.1829023,22.3349631],[114.1828802,22.3345657],[114.1828115,22.3342694],[114.1826872,22.334113],[114.1825777,22.3338564],[114.1834654,22.3339815],[114.1836054,22.3342479]]]}},{"type":"Feature","properties":{"tpusb":"272013"},"geometry":{"type":"Polygon","coordinates":[[[114.1856739,22.3383213],[114.1844716,22.3393327],[114.1842774,22.3394523],[114.1839424,22.3395891],[114.1835679,22.3396144],[114.1833025,22.3395664],[114.1831934,22.3396435],[114.1831113,22.3392678],[114.1834826,22.3382931],[114.1834896,22.3375848],[114.1837695,22.3375857],[114.1837676,22.3371775],[114.1833842,22.3371829],[114.1831935,22.3366613],[114.1830757,22.3366122],[114.1830906,22.3365105],[114.1829023,22.3349631],[114.1832197,22.3349281],[114.1836054,22.3342479],[114.183824,22.3347819],[114.1851563,22.3344917],[114.1851954,22.334381],[114.1864264,22.3347131],[114.1867085,22.3346984],[114.1867058,22.3347985],[114.1866623,22.3348171],[114.1866511,22.3350816],[114.1865238,22.3351877],[114.1865279,22.3353752],[114.1862847,22.3355437],[114.1863324,22.335934],[114.1861268,22.3359232],[114.1858673,22.3359762],[114.1860872,22.3363236],[114.1860928,22.3364846],[114.1860494,22.3365134],[114.1860039,22.3367613],[114.1860502,22.3367439],[114.1860066,22.3369188],[114.186023,22.3370824],[114.1861403,22.3373041],[114.1861299,22.337696],[114.1862485,22.3377298],[114.1860999,22.3378519],[114.1861035,22.3379599],[114.1856739,22.3383213]]]}},{"type":"Feature","properties":{"tpusb":"272014"},"geometry":{"type":"Polygon","coordinates":[[[114.1813844,22.3350501],[114.1789427,22.3351691],[114.1788782,22.3340979],[114.1813202,22.3339731],[114.1813844,22.3350501]]]}},{"type":"Feature","properties":{"tpusb":"272015"},"geometry":{"type":"Polygon","coordinates":[[[114.1830757,22.3366122],[114.1829416,22.3367246],[114.1815228,22.3368934],[114.1813202,22.3339731],[114.1822881,22.3339497],[114.1825278,22.3339954],[114.1827765,22.3342091],[114.1828802,22.3345657],[114.1830757,22.3366122]]]}},{"type":"Feature","properties":{"tpusb":"272016"},"geometry":{"type":"Polygon","coordinates":[[[114.1851954,22.334381],[114.1851563,22.3344917],[114.183824,22.3347819],[114.1834654,22.3339815],[114.1825777,22.3338564],[114.1822562,22.3330219],[114.1822021,22.332109],[114.1822514,22.3321145],[114.1823696,22.3317934],[114.1825278,22.3310701],[114.1822163,22.3309028],[114.1822195,22.3308661],[114.182903,22.3308248],[114.1831564,22.3305053],[114.1831375,22.3304677],[114.183823,22.3296408],[114.1844341,22.329621],[114.1844703,22.3296619],[114.1854143,22.329584],[114.1855611,22.3338455],[114.1853586,22.3339095],[114.1851954,22.334381]]]}},{"type":"Feature","properties":{"tpusb":"272017"},"geometry":{"type":"Polygon","coordinates":[[[114.1867085,22.3346984],[114.1864264,22.3347131],[114.1851954,22.334381],[114.1853586,22.3339095],[114.1855611,22.3338455],[114.1855495,22.3335098],[114.1859777,22.3334949],[114.1871615,22.3325069],[114.18735,22.3333633],[114.1874204,22.3342208],[114.1866881,22.3342495],[114.1867085,22.3346984]]]}},{"type":"Feature","properties":{"tpusb":"272018"},"geometry":{"type":"Polygon","coordinates":[[[114.1874495,22.3347213],[114.1867112,22.3347569],[114.1866881,22.3342495],[114.1874204,22.3342208],[114.1874495,22.3347213]]]}},{"type":"Feature","properties":{"tpusb":"281028"},"geometry":{"type":"Polygon","coordinates":[[[114.2041388,22.3364251],[114.2038441,22.3366457],[114.2033944,22.3371684],[114.2029759,22.3374625],[114.2025585,22.3376912],[114.2020543,22.3373698],[114.2011081,22.3373701],[114.2009609,22.3351418],[114.2016021,22.3349471],[114.2023697,22.3352639],[114.2027796,22.3353508],[114.20315,22.3353774],[114.2036676,22.33532],[114.2042216,22.3351652],[114.2042829,22.3353006],[114.2038711,22.3360356],[114.2040144,22.3362754],[114.2039755,22.3363567],[114.2041388,22.3364251]]]}},{"type":"Feature","properties":{"tpusb":"281042"},"geometry":{"type":"Polygon","coordinates":[[[114.2025585,22.3376912],[114.2025171,22.3377111],[114.2012081,22.3383387],[114.2011594,22.3381554],[114.2011081,22.3373701],[114.2020543,22.3373698],[114.2025585,22.3376912]]]}},{"type":"Feature","properties":{"tpusb":"282009"},"geometry":{"type":"Polygon","coordinates":[[[114.189365,22.3387376],[114.1881984,22.3388081],[114.1881839,22.3385524],[114.1880964,22.3383173],[114.1882868,22.3382512],[114.1884332,22.3381227],[114.1895452,22.3364392],[114.1897837,22.3366333],[114.190385,22.3373439],[114.1900052,22.3376351],[114.1897286,22.337949],[114.1894823,22.3383734],[114.189365,22.3387376]]]}},{"type":"Feature","properties":{"tpusb":"282010"},"geometry":{"type":"Polygon","coordinates":[[[114.1871612,22.3369946],[114.1869583,22.337247],[114.1861035,22.3379599],[114.1860999,22.3378519],[114.1862485,22.3377298],[114.1861299,22.337696],[114.1861403,22.3373041],[114.186023,22.3370824],[114.1860066,22.3369188],[114.1860502,22.3367439],[114.1860039,22.3367613],[114.1860494,22.3365134],[114.1860928,22.3364846],[114.1860872,22.3363236],[114.1858673,22.3359762],[114.1861268,22.3359232],[114.1863324,22.335934],[114.1862847,22.3355437],[114.1865279,22.3353752],[114.1865238,22.3351877],[114.1866511,22.3350816],[114.1866623,22.3348171],[114.1867112,22.3347569],[114.1874495,22.3347213],[114.1874757,22.3353709],[114.1874442,22.3359624],[114.1872811,22.3367193],[114.1871612,22.3369946]]]}},{"type":"Feature","properties":{"tpusb":"282023"},"geometry":{"type":"Polygon","coordinates":[[[114.1882297,22.3395912],[114.1857918,22.339669],[114.1857553,22.3386734],[114.1856837,22.3386311],[114.1856739,22.3383213],[114.1869304,22.3372724],[114.1871612,22.3369946],[114.1884513,22.3374981],[114.1885962,22.3377132],[114.1885828,22.3379061],[114.1883626,22.338198],[114.1880964,22.3383173],[114.188191,22.3385915],[114.1882297,22.3395912]]]}},{"type":"Feature","properties":{"tpusb":"282025"},"geometry":{"type":"Polygon","coordinates":[[[114.1895452,22.3364392],[114.1885828,22.3379061],[114.1885962,22.3377132],[114.1884513,22.3374981],[114.1871612,22.3369946],[114.1872586,22.3367887],[114.1873563,22.3364247],[114.1874612,22.3358032],[114.1882942,22.3359189],[114.1887826,22.3360379],[114.1895452,22.3364392]]]}},{"type":"Feature","properties":{"tpusb":"283002"},"geometry":{"type":"Polygon","coordinates":[[[114.1899455,22.3421117],[114.1895664,22.3422645],[114.1893691,22.3408337],[114.1893349,22.3389237],[114.1894411,22.338475],[114.1896807,22.3380173],[114.1900052,22.3376351],[114.190385,22.3373439],[114.1897837,22.3366333],[114.1894961,22.3364048],[114.1896908,22.3361722],[114.189661,22.3355271],[114.190241,22.3353656],[114.1905698,22.3350089],[114.1909779,22.3347915],[114.1911794,22.3347455],[114.191557,22.3360829],[114.1917342,22.3365265],[114.1919472,22.3368961],[114.1932206,22.3367177],[114.193855,22.3376101],[114.1929249,22.3381968],[114.1928678,22.338121],[114.1913747,22.3390889],[114.1909386,22.3399711],[114.1912911,22.3416745],[114.1906907,22.3417879],[114.1899455,22.3421117]]]}},{"type":"Feature","properties":{"tpusb":"283011"},"geometry":{"type":"Polygon","coordinates":[[[114.1950395,22.3368687],[114.193855,22.3376101],[114.1932206,22.3367177],[114.1938449,22.3365314],[114.1945035,22.3361572],[114.1950395,22.3368687]]]}},{"type":"Feature","properties":{"tpusb":"283017"},"geometry":{"type":"Polygon","coordinates":[[[114.1927649,22.3304666],[114.1927676,22.3310646],[114.1926904,22.3311842],[114.1925144,22.3313079],[114.1920576,22.3308248],[114.1915601,22.3305308],[114.1927649,22.3304666]]]}},{"type":"Feature","properties":{"tpusb":"283018"},"geometry":{"type":"Polygon","coordinates":[[[114.1945926,22.3308275],[114.1936915,22.3315373],[114.1935592,22.3315578],[114.1930944,22.3319328],[114.1925144,22.3313079],[114.1926904,22.3311842],[114.1927676,22.3310646],[114.1927649,22.3304666],[114.1933126,22.3304398],[114.1932864,22.3295582],[114.1945926,22.3308275]]]}},{"type":"Feature","properties":{"tpusb":"283025"},"geometry":{"type":"Polygon","coordinates":[[[114.1958978,22.3393365],[114.1949064,22.3391682],[114.1940578,22.3396991],[114.1929249,22.3381968],[114.1937374,22.3376842],[114.1942963,22.3384334],[114.1955875,22.33761],[114.1961093,22.3383158],[114.1963587,22.3385833],[114.1961714,22.3387282],[114.19597,22.3389698],[114.1959175,22.3391022],[114.1958978,22.3393365]]]}},{"type":"Feature","properties":{"tpusb":"283026"},"geometry":{"type":"Polygon","coordinates":[[[114.1955875,22.33761],[114.1942963,22.3384334],[114.1937374,22.3376842],[114.1950395,22.3368687],[114.1955875,22.33761]]]}},{"type":"Feature","properties":{"tpusb":"283027"},"geometry":{"type":"Polygon","coordinates":[[[114.1932206,22.3367177],[114.1919472,22.3368961],[114.1917342,22.3365265],[114.1915388,22.3360315],[114.1911413,22.3346075],[114.192417,22.3345589],[114.1924409,22.3350417],[114.1930997,22.33502],[114.1931567,22.3353911],[114.1941474,22.3352256],[114.194255,22.33565],[114.1945035,22.3361572],[114.1938449,22.3365314],[114.1932206,22.3367177]]]}},{"type":"Feature","properties":{"tpusb":"283028"},"geometry":{"type":"Polygon","coordinates":[[[114.192417,22.3345589],[114.1911413,22.3346075],[114.1909173,22.3338021],[114.1907304,22.3334201],[114.1911039,22.3331077],[114.1916975,22.3319726],[114.1925144,22.3313079],[114.1934534,22.3323374],[114.193842,22.3328215],[114.1943426,22.3332761],[114.1940723,22.3339531],[114.1939764,22.3343878],[114.192417,22.3345589]]]}},{"type":"Feature","properties":{"tpusb":"283029"},"geometry":{"type":"Polygon","coordinates":[[[114.1891768,22.3345554],[114.1890033,22.3348267],[114.1889718,22.3350739],[114.1885878,22.3351801],[114.1883936,22.3351682],[114.1882613,22.3350898],[114.18816,22.3349024],[114.1880829,22.3345886],[114.1874432,22.3346128],[114.1873749,22.3335467],[114.1871584,22.3324715],[114.1878867,22.3323935],[114.1879622,22.3329861],[114.1880123,22.333092],[114.1885271,22.3330951],[114.1885362,22.3332314],[114.1886972,22.333166],[114.1889857,22.333325],[114.1890782,22.3334388],[114.1891782,22.333441],[114.1892028,22.3339991],[114.1891768,22.3345554]]]}},{"type":"Feature","properties":{"tpusb":"283030"},"geometry":{"type":"Polygon","coordinates":[[[114.1891768,22.3345554],[114.1892569,22.3362615],[114.1885963,22.335986],[114.1874612,22.3358032],[114.1874432,22.3346128],[114.1880829,22.3345886],[114.18816,22.3349024],[114.1882613,22.3350898],[114.1883936,22.3351682],[114.1885878,22.3351801],[114.1889718,22.3350739],[114.1890033,22.3348267],[114.1891768,22.3345554]]]}},{"type":"Feature","properties":{"tpusb":"283031"},"geometry":{"type":"Polygon","coordinates":[[[114.1907304,22.3334201],[114.1904681,22.3335086],[114.1902596,22.333656],[114.1902122,22.333628],[114.1901606,22.3336538],[114.1901115,22.3335865],[114.1900665,22.3336147],[114.1899776,22.3335441],[114.1896594,22.3335983],[114.1895172,22.33347],[114.1892925,22.3334906],[114.1892105,22.3334417],[114.1890782,22.3334388],[114.1889857,22.333325],[114.1886972,22.333166],[114.1885362,22.3332314],[114.1885271,22.3330951],[114.1880201,22.3330975],[114.1879622,22.3329861],[114.1878867,22.3323935],[114.1887052,22.3323173],[114.1895898,22.3325549],[114.1900011,22.3327784],[114.1905587,22.3332191],[114.1907304,22.3334201]]]}},{"type":"Feature","properties":{"tpusb":"283032"},"geometry":{"type":"Polygon","coordinates":[[[114.1955913,22.3317984],[114.1948261,22.3325165],[114.194556,22.3328649],[114.1943426,22.3332761],[114.193842,22.3328215],[114.1930944,22.3319328],[114.1935592,22.3315578],[114.1936915,22.3315373],[114.1945926,22.3308275],[114.1955913,22.3317984]]]}},{"type":"Feature","properties":{"tpusb":"283033"},"geometry":{"type":"Polygon","coordinates":[[[114.1941474,22.3352256],[114.1939455,22.3352593],[114.1939474,22.3346361],[114.1940723,22.3339531],[114.1942566,22.3334771],[114.1944393,22.3330503],[114.1946851,22.3326867],[114.1949798,22.3323536],[114.1955913,22.3317984],[114.1962729,22.3324572],[114.1943263,22.3344415],[114.1941651,22.3347809],[114.1941474,22.3352256]]]}},{"type":"Feature","properties":{"tpusb":"283034"},"geometry":{"type":"Polygon","coordinates":[[[114.1939455,22.3352593],[114.1931567,22.3353911],[114.1930997,22.33502],[114.1924409,22.3350417],[114.192417,22.3345589],[114.1939764,22.3343878],[114.1939455,22.3352593]]]}},{"type":"Feature","properties":{"tpusb":"283035"},"geometry":{"type":"Polygon","coordinates":[[[114.1911794,22.3347455],[114.1909779,22.3347915],[114.1905698,22.3350089],[114.190241,22.3353656],[114.189661,22.3355271],[114.1896908,22.3361722],[114.1894961,22.3364048],[114.1892569,22.3362615],[114.1891768,22.3345554],[114.1892028,22.3339991],[114.1891782,22.333441],[114.1892925,22.3334906],[114.1895172,22.33347],[114.1896348,22.333595],[114.1899776,22.3335441],[114.1900665,22.3336147],[114.1901115,22.3335865],[114.1901606,22.3336538],[114.1902122,22.333628],[114.1902596,22.333656],[114.1904681,22.3335086],[114.1907304,22.3334201],[114.1909173,22.3338021],[114.1911794,22.3347455]]]}},{"type":"Feature","properties":{"tpusb":"284002"},"geometry":{"type":"Polygon","coordinates":[[[114.2012081,22.3383387],[114.1994752,22.3391571],[114.199107,22.3386375],[114.2008672,22.3376658],[114.2010058,22.3375684],[114.2011081,22.3373701],[114.2011594,22.3381554],[114.2012081,22.3383387]]]}},{"type":"Feature","properties":{"tpusb":"284003"},"geometry":{"type":"Polygon","coordinates":[[[114.1986521,22.33935],[114.1982657,22.3393664],[114.1976657,22.3392587],[114.1971202,22.3390703],[114.1966397,22.3388197],[114.1961093,22.3383158],[114.1950395,22.3368687],[114.1962435,22.3360977],[114.1986521,22.33935]]]}},{"type":"Feature","properties":{"tpusb":"284004"},"geometry":{"type":"Polygon","coordinates":[[[114.1987346,22.3381349],[114.19806,22.3385541],[114.1966845,22.336695],[114.1973425,22.3362668],[114.1987346,22.3381349]]]}},{"type":"Feature","properties":{"tpusb":"284005"},"geometry":{"type":"Polygon","coordinates":[[[114.2002111,22.3367372],[114.1985053,22.337815],[114.19793,22.3370284],[114.1990701,22.3363126],[114.2002111,22.3367372]]]}},{"type":"Feature","properties":{"tpusb":"284006"},"geometry":{"type":"Polygon","coordinates":[[[114.2011081,22.3373701],[114.2010058,22.3375684],[114.2008672,22.3376658],[114.199107,22.3386375],[114.1985053,22.337815],[114.2010297,22.3362153],[114.2011081,22.3373701]]]}},{"type":"Feature","properties":{"tpusb":"284007"},"geometry":{"type":"Polygon","coordinates":[[[114.1954698,22.336593],[114.1950395,22.3368687],[114.1944889,22.3361334],[114.1950007,22.3358007],[114.1950318,22.3360042],[114.1954698,22.336593]]]}},{"type":"Feature","properties":{"tpusb":"284008"},"geometry":{"type":"Polygon","coordinates":[[[114.1962435,22.3360977],[114.1954698,22.336593],[114.1951879,22.3362035],[114.1960288,22.3356712],[114.196308,22.3360564],[114.1962435,22.3360977]]]}},{"type":"Feature","properties":{"tpusb":"284009"},"geometry":{"type":"Polygon","coordinates":[[[114.1973425,22.3362668],[114.1966845,22.336695],[114.1962435,22.3360977],[114.1969068,22.3356725],[114.1973425,22.3362668]]]}},{"type":"Feature","properties":{"tpusb":"284010"},"geometry":{"type":"Polygon","coordinates":[[[114.1990701,22.3363126],[114.19793,22.3370284],[114.1973425,22.3362668],[114.1979338,22.3358878],[114.1990701,22.3363126]]]}},{"type":"Feature","properties":{"tpusb":"284011"},"geometry":{"type":"Polygon","coordinates":[[[114.1950007,22.3358007],[114.1944889,22.3361334],[114.1942273,22.3355695],[114.1946756,22.3352803],[114.1949842,22.3356936],[114.1950007,22.3358007]]]}},{"type":"Feature","properties":{"tpusb":"284012"},"geometry":{"type":"Polygon","coordinates":[[[114.1960288,22.3356712],[114.1951879,22.3362035],[114.1950318,22.3360042],[114.1949842,22.3356936],[114.194773,22.3354109],[114.1953639,22.3350236],[114.1954227,22.3349497],[114.1954288,22.3348436],[114.1960288,22.3356712]]]}},{"type":"Feature","properties":{"tpusb":"284013"},"geometry":{"type":"Polygon","coordinates":[[[114.1969068,22.3356725],[114.196308,22.3360564],[114.1958784,22.3354633],[114.196923,22.3347712],[114.1970073,22.3346487],[114.1977761,22.3349624],[114.1975735,22.3352413],[114.1969068,22.3356725]]]}},{"type":"Feature","properties":{"tpusb":"284014"},"geometry":{"type":"Polygon","coordinates":[[[114.1979338,22.3358878],[114.1973425,22.3362668],[114.1969068,22.3356725],[114.1976547,22.3351639],[114.1979563,22.3345499],[114.1986812,22.3348212],[114.198364,22.3354669],[114.1979338,22.3358878]]]}},{"type":"Feature","properties":{"tpusb":"284015"},"geometry":{"type":"Polygon","coordinates":[[[114.1999182,22.3352842],[114.1994159,22.3364413],[114.1979338,22.3358878],[114.198364,22.3354669],[114.1986812,22.3348212],[114.1999182,22.3352842]]]}},{"type":"Feature","properties":{"tpusb":"284016"},"geometry":{"type":"Polygon","coordinates":[[[114.2010297,22.3362153],[114.2002111,22.3367372],[114.1994159,22.3364413],[114.1999182,22.3352842],[114.2009937,22.3356868],[114.2010297,22.3362153]]]}},{"type":"Feature","properties":{"tpusb":"284017"},"geometry":{"type":"Polygon","coordinates":[[[114.1946756,22.3352803],[114.1942273,22.3355695],[114.1941323,22.3350282],[114.1942036,22.3346472],[114.1946756,22.3352803]]]}},{"type":"Feature","properties":{"tpusb":"284018"},"geometry":{"type":"Polygon","coordinates":[[[114.1951552,22.3351603],[114.194773,22.3354109],[114.1942036,22.3346472],[114.1944499,22.3343072],[114.1947062,22.3346631],[114.1948421,22.3346886],[114.1951552,22.3351603]]]}},{"type":"Feature","properties":{"tpusb":"284019"},"geometry":{"type":"Polygon","coordinates":[[[114.1954288,22.3348436],[114.1953936,22.3349965],[114.1951552,22.3351603],[114.1948421,22.3346886],[114.1955387,22.334205],[114.1957309,22.3344806],[114.1954118,22.3346895],[114.1953869,22.3347657],[114.1954288,22.3348436]]]}},{"type":"Feature","properties":{"tpusb":"284020"},"geometry":{"type":"Polygon","coordinates":[[[114.1966652,22.33494],[114.1958784,22.3354633],[114.1954057,22.3348165],[114.1953881,22.3347386],[114.1954506,22.3346607],[114.1961895,22.3341758],[114.1963703,22.3342937],[114.1963406,22.3345054],[114.1966652,22.33494]]]}},{"type":"Feature","properties":{"tpusb":"284021"},"geometry":{"type":"Polygon","coordinates":[[[114.1970073,22.3346487],[114.1969449,22.3347531],[114.1966652,22.33494],[114.1963406,22.3345054],[114.1963703,22.3342937],[114.1970073,22.3346487]]]}},{"type":"Feature","properties":{"tpusb":"284022"},"geometry":{"type":"Polygon","coordinates":[[[114.1955387,22.334205],[114.1948426,22.3346886],[114.1947062,22.3346631],[114.1944499,22.3343072],[114.195205,22.33354],[114.1955609,22.3340342],[114.1954944,22.3341024],[114.1955387,22.334205]]]}},{"type":"Feature","properties":{"tpusb":"284023"},"geometry":{"type":"Polygon","coordinates":[[[114.1961895,22.3341758],[114.1957309,22.3344806],[114.1955007,22.3341463],[114.1954944,22.3341024],[114.1955609,22.3340342],[114.195205,22.33354],[114.1956258,22.3331094],[114.1961548,22.3335787],[114.1965552,22.3338721],[114.1963975,22.333906],[114.1961895,22.3341758]]]}},{"type":"Feature","properties":{"tpusb":"284024"},"geometry":{"type":"Polygon","coordinates":[[[114.1979563,22.3345499],[114.1977761,22.3349624],[114.1968702,22.3345849],[114.1961895,22.3341758],[114.1963975,22.333906],[114.1965552,22.3338721],[114.1972324,22.3342541],[114.1979563,22.3345499]]]}},{"type":"Feature","properties":{"tpusb":"284025"},"geometry":{"type":"Polygon","coordinates":[[[114.2000268,22.3343621],[114.1996702,22.3351913],[114.1975212,22.3343833],[114.1978935,22.3335435],[114.198345,22.3337454],[114.2000268,22.3343621]]]}},{"type":"Feature","properties":{"tpusb":"284026"},"geometry":{"type":"Polygon","coordinates":[[[114.2016021,22.3349471],[114.2009609,22.3351418],[114.2009937,22.3356868],[114.1996702,22.3351913],[114.2000268,22.3343621],[114.2016021,22.3349471]]]}},{"type":"Feature","properties":{"tpusb":"284027"},"geometry":{"type":"Polygon","coordinates":[[[114.1983215,22.333736],[114.1978935,22.3335435],[114.1975212,22.3343833],[114.1970279,22.3341503],[114.1965195,22.3338484],[114.1956258,22.3331094],[114.1966866,22.3320428],[114.1970068,22.3322908],[114.197517,22.3330534],[114.1979123,22.3334448],[114.1983215,22.333736]]]}},{"type":"Feature","properties":{"tpusb":"285002"},"geometry":{"type":"Polygon","coordinates":[[[114.1925144,22.3313079],[114.1916975,22.3319726],[114.1911039,22.3331077],[114.1907304,22.3334201],[114.1905587,22.3332191],[114.1898349,22.3326689],[114.1895898,22.3325549],[114.1887823,22.3323281],[114.1885887,22.3323179],[114.1871584,22.3324715],[114.1871223,22.3315971],[114.1875968,22.3315798],[114.1875596,22.3306982],[114.1915601,22.3305308],[114.1920576,22.3308248],[114.1925144,22.3313079]]]}},{"type":"Feature","properties":{"tpusb":"285003"},"geometry":{"type":"Polygon","coordinates":[[[114.1871145,22.3317655],[114.1865906,22.3317786],[114.1864678,22.3290158],[114.1870026,22.3289965],[114.1871145,22.3317655]]]}},{"type":"Feature","properties":{"tpusb":"285004"},"geometry":{"type":"Polygon","coordinates":[[[114.1875596,22.3306982],[114.1870822,22.3307196],[114.1870026,22.3289965],[114.1875893,22.3289755],[114.1876482,22.3306942],[114.1875596,22.3306982]]]}},{"type":"Feature","properties":{"tpusb":"285005"},"geometry":{"type":"Polygon","coordinates":[[[114.1882379,22.3306682],[114.1876482,22.3306942],[114.1875893,22.3289755],[114.1881632,22.3289546],[114.1882379,22.3306682]]]}},{"type":"Feature","properties":{"tpusb":"285006"},"geometry":{"type":"Polygon","coordinates":[[[114.1887821,22.3306444],[114.1882379,22.3306682],[114.1881632,22.3289546],[114.1887146,22.3289354],[114.1887821,22.3306444]]]}},{"type":"Feature","properties":{"tpusb":"285007"},"geometry":{"type":"Polygon","coordinates":[[[114.1893542,22.3306201],[114.1887821,22.3306444],[114.1887146,22.3289354],[114.1892837,22.3289218],[114.1893542,22.3306201]]]}},{"type":"Feature","properties":{"tpusb":"285008"},"geometry":{"type":"Polygon","coordinates":[[[114.1899202,22.3305975],[114.1893542,22.3306201],[114.1892837,22.3289218],[114.1898497,22.328902],[114.1899202,22.3305975]]]}},{"type":"Feature","properties":{"tpusb":"285009"},"geometry":{"type":"Polygon","coordinates":[[[114.190465,22.3305754],[114.1899202,22.3305975],[114.1898497,22.328902],[114.1903945,22.3288833],[114.190465,22.3305754]]]}},{"type":"Feature","properties":{"tpusb":"285010"},"geometry":{"type":"Polygon","coordinates":[[[114.1910031,22.3305534],[114.190465,22.3305754],[114.1903945,22.3288833],[114.1909381,22.3288647],[114.1910031,22.3305534]]]}},{"type":"Feature","properties":{"tpusb":"285011"},"geometry":{"type":"Polygon","coordinates":[[[114.1915601,22.3305308],[114.1910031,22.3305534],[114.1909381,22.3288647],[114.1914586,22.3288471],[114.1915601,22.3305308]]]}},{"type":"Feature","properties":{"tpusb":"285012"},"geometry":{"type":"Polygon","coordinates":[[[114.1921885,22.3304905],[114.1915601,22.3305308],[114.1914586,22.3288471],[114.1920884,22.3288253],[114.1921885,22.3304905]]]}},{"type":"Feature","properties":{"tpusb":"285013"},"geometry":{"type":"Polygon","coordinates":[[[114.1927649,22.3304666],[114.1921885,22.3304905],[114.1920884,22.3288253],[114.1925,22.328811],[114.1926726,22.3289619],[114.1927649,22.3304666]]]}},{"type":"Feature","properties":{"tpusb":"285014"},"geometry":{"type":"Polygon","coordinates":[[[114.1932864,22.3295582],[114.1933126,22.3304398],[114.1927649,22.3304666],[114.1926726,22.3289619],[114.1932864,22.3295582]]]}},{"type":"Feature","properties":{"tpusb":"285016"},"geometry":{"type":"Polygon","coordinates":[[[114.1870026,22.3289965],[114.1864678,22.3290158],[114.1863922,22.3271266],[114.1869418,22.3272773],[114.1870026,22.3289965]]]}},{"type":"Feature","properties":{"tpusb":"285017"},"geometry":{"type":"Polygon","coordinates":[[[114.1875893,22.3289755],[114.1870026,22.3289965],[114.1869418,22.3272773],[114.1875285,22.32738],[114.1875893,22.3289755]]]}},{"type":"Feature","properties":{"tpusb":"285018"},"geometry":{"type":"Polygon","coordinates":[[[114.1881632,22.3289546],[114.1875893,22.3289755],[114.1875285,22.32738],[114.1882618,22.3275075],[114.1881475,22.3275637],[114.188078,22.3276624],[114.1881632,22.3289546]]]}},{"type":"Feature","properties":{"tpusb":"285019"},"geometry":{"type":"Polygon","coordinates":[[[114.1887146,22.3289354],[114.1881632,22.3289546],[114.1881231,22.3280329],[114.1880745,22.3277208],[114.1881115,22.3276015],[114.1882334,22.3275155],[114.1885783,22.327563],[114.1886706,22.327736],[114.1887146,22.3289354]]]}},{"type":"Feature","properties":{"tpusb":"285020"},"geometry":{"type":"Polygon","coordinates":[[[114.1892837,22.3289218],[114.1887146,22.3289354],[114.1886797,22.3277888],[114.1885783,22.327563],[114.1892311,22.3276663],[114.1892837,22.3289218]]]}},{"type":"Feature","properties":{"tpusb":"285021"},"geometry":{"type":"Polygon","coordinates":[[[114.1898497,22.328902],[114.1892837,22.3289218],[114.1892311,22.3276663],[114.1898043,22.3277272],[114.1898497,22.328902]]]}},{"type":"Feature","properties":{"tpusb":"285022"},"geometry":{"type":"Polygon","coordinates":[[[114.1903945,22.3288833],[114.1898497,22.328902],[114.1898043,22.3277272],[114.1903512,22.3278003],[114.1903945,22.3288833]]]}},{"type":"Feature","properties":{"tpusb":"285023"},"geometry":{"type":"Polygon","coordinates":[[[114.1909381,22.3288647],[114.1903945,22.3288833],[114.1903512,22.3278003],[114.1908993,22.3278777],[114.1909381,22.3288647]]]}},{"type":"Feature","properties":{"tpusb":"285024"},"geometry":{"type":"Polygon","coordinates":[[[114.1914586,22.3288471],[114.1909381,22.3288647],[114.1908993,22.3278777],[114.1915355,22.3280274],[114.1920185,22.3283826],[114.1925,22.328811],[114.1914586,22.3288471]]]}},{"type":"Feature","properties":{"tpusb":"285025"},"geometry":{"type":"Polygon","coordinates":[[[114.1875596,22.3306982],[114.1875968,22.3315798],[114.1871223,22.3315971],[114.1870822,22.3307196],[114.1875596,22.3306982]]]}},{"type":"Feature","properties":{"tpusb":"286013"},"geometry":{"type":"Polygon","coordinates":[[[114.198434,22.3321303],[114.198992,22.3309507],[114.2002558,22.3322121],[114.1999796,22.3327706],[114.198434,22.3321303]]]}},{"type":"Feature","properties":{"tpusb":"286014"},"geometry":{"type":"Polygon","coordinates":[[[114.2036366,22.3312139],[114.20379,22.3332916],[114.2035332,22.3337313],[114.203539,22.3340691],[114.202994,22.3341084],[114.2017661,22.3329574],[114.2021667,22.332575],[114.2024337,22.3320685],[114.2025158,22.3315046],[114.2024781,22.3312579],[114.2036366,22.3312139]]]}},{"type":"Feature","properties":{"tpusb":"286015"},"geometry":{"type":"Polygon","coordinates":[[[114.202994,22.3341084],[114.2033169,22.3343486],[114.2033824,22.334452],[114.2033796,22.3346423],[114.2032585,22.3347945],[114.2030675,22.3348672],[114.2028043,22.3348407],[114.2022744,22.3346161],[114.2021259,22.334477],[114.2015197,22.3336742],[114.201273,22.3331964],[114.2017661,22.3329574],[114.202994,22.3341084]]]}},{"type":"Feature","properties":{"tpusb":"286016"},"geometry":{"type":"Polygon","coordinates":[[[114.2014296,22.3334997],[114.2016516,22.3349792],[114.1983215,22.333736],[114.1979123,22.3334448],[114.197517,22.3330534],[114.1970697,22.3323721],[114.1968095,22.3321189],[114.1966866,22.3320428],[114.1962729,22.3324572],[114.1947089,22.3309406],[114.1951045,22.3310901],[114.1955182,22.3311881],[114.1962272,22.3312328],[114.1987331,22.3289731],[114.200348,22.3304321],[114.2012034,22.3313064],[114.2024781,22.3312579],[114.2025158,22.3315046],[114.2024337,22.3320685],[114.2021667,22.332575],[114.2017661,22.3329574],[114.201273,22.3331964],[114.2014296,22.3334997]],[[114.198434,22.3321303],[114.1999796,22.3327706],[114.2002558,22.3322121],[114.198992,22.3309507],[114.198434,22.3321303]]]}},{"type":"Feature","properties":{"tpusb":"286017"},"geometry":{"type":"Polygon","coordinates":[[[114.2052848,22.3277749],[114.2053559,22.3283571],[114.2052008,22.3291659],[114.2040597,22.3275959],[114.203492,22.3270022],[114.2018739,22.3257409],[114.2007027,22.325182],[114.1992711,22.3246675],[114.1996408,22.3238503],[114.1997332,22.3232482],[114.1996791,22.3222733],[114.2002243,22.3223304],[114.2009301,22.3220931],[114.201515,22.3222391],[114.2018295,22.3224185],[114.2026,22.3226573],[114.2030238,22.322717],[114.2035245,22.3226333],[114.204723,22.3221338],[114.2045909,22.3226368],[114.2043636,22.3243314],[114.2043601,22.3251006],[114.2047337,22.3251307],[114.2046148,22.3263466],[114.2052848,22.3277749]]]}},{"type":"Feature","properties":{"tpusb":"286018"},"geometry":{"type":"Polygon","coordinates":[[[114.1974351,22.3269201],[114.1968978,22.3279251],[114.1932512,22.3245695],[114.1925116,22.3244835],[114.1930889,22.3241726],[114.1948046,22.3226452],[114.1945386,22.3220963],[114.1952821,22.3214414],[114.1956057,22.321029],[114.1960266,22.3207464],[114.1975136,22.319423],[114.1985926,22.321399],[114.1992245,22.3220153],[114.1996791,22.3222733],[114.1997332,22.3232482],[114.1996408,22.3238503],[114.1992711,22.3246675],[114.1985503,22.3259747],[114.1982825,22.3260885],[114.1974351,22.3269201]]]}},{"type":"Feature","properties":{"tpusb":"286019"},"geometry":{"type":"Polygon","coordinates":[[[114.1964869,22.3275177],[114.194945,22.3287883],[114.1943461,22.3282289],[114.1958476,22.3269352],[114.1964869,22.3275177]]]}},{"type":"Feature","properties":{"tpusb":"286020"},"geometry":{"type":"Polygon","coordinates":[[[114.1958476,22.3269352],[114.1943461,22.3282289],[114.1937767,22.3276971],[114.1952052,22.3263499],[114.1958476,22.3269352]]]}},{"type":"Feature","properties":{"tpusb":"286021"},"geometry":{"type":"Polygon","coordinates":[[[114.1952052,22.3263499],[114.1937767,22.3276971],[114.1931975,22.3271562],[114.1946411,22.3258359],[114.1952052,22.3263499]]]}},{"type":"Feature","properties":{"tpusb":"286022"},"geometry":{"type":"Polygon","coordinates":[[[114.1946411,22.3258359],[114.1931975,22.3271562],[114.1926675,22.3266613],[114.1940956,22.3253388],[114.1946411,22.3258359]]]}},{"type":"Feature","properties":{"tpusb":"286023"},"geometry":{"type":"Polygon","coordinates":[[[114.1940956,22.3253388],[114.1926675,22.3266613],[114.1921562,22.3261837],[114.1935665,22.3248568],[114.1940956,22.3253388]]]}},{"type":"Feature","properties":{"tpusb":"286024"},"geometry":{"type":"Polygon","coordinates":[[[114.1935665,22.3248568],[114.1921562,22.3261837],[114.1914407,22.3255155],[114.1925116,22.3244835],[114.1932512,22.3245695],[114.1935665,22.3248568]]]}},{"type":"Feature","properties":{"tpusb":"286025"},"geometry":{"type":"Polygon","coordinates":[[[114.1987331,22.3289731],[114.1962272,22.3312328],[114.1955182,22.3311881],[114.1951045,22.3310901],[114.1947089,22.3309406],[114.1926726,22.3289619],[114.1920185,22.3283826],[114.1913961,22.3279313],[114.1907759,22.3276371],[114.1910534,22.3272091],[114.1908464,22.3270305],[114.1906122,22.326749],[114.1902147,22.3260152],[114.1896483,22.3248195],[114.1896505,22.324641],[114.1897123,22.3244367],[114.1899915,22.3241243],[114.1904834,22.3238227],[114.1945386,22.3220963],[114.1948046,22.3226452],[114.1930889,22.3241726],[114.1925116,22.3244835],[114.1914407,22.3255155],[114.194945,22.3287883],[114.1964869,22.3275177],[114.1968978,22.3279251],[114.1974351,22.3269201],[114.1974121,22.3274936],[114.1977049,22.3279881],[114.1987331,22.3289731]]]}},{"type":"Feature","properties":{"tpusb":"286026"},"geometry":{"type":"Polygon","coordinates":[[[114.2011203,22.3297454],[114.200348,22.3304321],[114.1998753,22.330005],[114.2011562,22.3288412],[114.2016363,22.3292865],[114.2011203,22.3297454]]]}},{"type":"Feature","properties":{"tpusb":"286027"},"geometry":{"type":"Polygon","coordinates":[[[114.2024598,22.3276552],[114.2029441,22.3281236],[114.2016363,22.3292865],[114.2011562,22.3288412],[114.2024598,22.3276552]]]}},{"type":"Feature","properties":{"tpusb":"286028"},"geometry":{"type":"Polygon","coordinates":[[[114.2011562,22.3288412],[114.1998753,22.330005],[114.1994101,22.3295847],[114.2007046,22.3284225],[114.2011562,22.3288412]]]}},{"type":"Feature","properties":{"tpusb":"286029"},"geometry":{"type":"Polygon","coordinates":[[[114.2024598,22.3276552],[114.2011562,22.3288412],[114.2007046,22.3284225],[114.2020223,22.3272322],[114.2024598,22.3276552]]]}},{"type":"Feature","properties":{"tpusb":"286030"},"geometry":{"type":"Polygon","coordinates":[[[114.2007046,22.3284225],[114.1994101,22.3295847],[114.1987351,22.3289749],[114.2000337,22.3278003],[114.2007046,22.3284225]]]}},{"type":"Feature","properties":{"tpusb":"286031"},"geometry":{"type":"Polygon","coordinates":[[[114.2020223,22.3272322],[114.2007046,22.3284225],[114.2000337,22.3278003],[114.2004751,22.3273616],[114.2007923,22.3268952],[114.2011002,22.3263404],[114.2020223,22.3272322]]]}},{"type":"Feature","properties":{"tpusb":"286032"},"geometry":{"type":"Polygon","coordinates":[[[114.2011002,22.3263404],[114.2007923,22.3268952],[114.2004751,22.3273616],[114.2000337,22.3278003],[114.199363,22.3271447],[114.2006924,22.3259461],[114.2011002,22.3263404]]]}},{"type":"Feature","properties":{"tpusb":"286033"},"geometry":{"type":"Polygon","coordinates":[[[114.2000337,22.3278003],[114.1987351,22.3289749],[114.1980552,22.3283237],[114.199363,22.3271447],[114.2000337,22.3278003]]]}},{"type":"Feature","properties":{"tpusb":"286034"},"geometry":{"type":"Polygon","coordinates":[[[114.199363,22.3271447],[114.1980552,22.3283237],[114.1977049,22.3279881],[114.1976346,22.3278695],[114.1989216,22.3267133],[114.199363,22.3271447]]]}},{"type":"Feature","properties":{"tpusb":"286035"},"geometry":{"type":"Polygon","coordinates":[[[114.2006924,22.3259461],[114.199363,22.3271447],[114.1989216,22.3267133],[114.2002508,22.325519],[114.2006924,22.3259461]]]}},{"type":"Feature","properties":{"tpusb":"286036"},"geometry":{"type":"Polygon","coordinates":[[[114.2002508,22.325519],[114.1989216,22.3267133],[114.1985193,22.32632],[114.1998463,22.3251278],[114.2002508,22.325519]]]}},{"type":"Feature","properties":{"tpusb":"286037"},"geometry":{"type":"Polygon","coordinates":[[[114.1989216,22.3267133],[114.1976346,22.3278695],[114.1974121,22.3274936],[114.1974351,22.3269201],[114.1982825,22.3260885],[114.1989216,22.3267133]]]}},{"type":"Feature","properties":{"tpusb":"286038"},"geometry":{"type":"Polygon","coordinates":[[[114.2023763,22.3312618],[114.2012034,22.3313064],[114.200348,22.3304321],[114.2011203,22.3297454],[114.2021124,22.3307472],[114.2023763,22.3312618]]]}},{"type":"Feature","properties":{"tpusb":"286039"},"geometry":{"type":"Polygon","coordinates":[[[114.2024781,22.3312579],[114.2023763,22.3312618],[114.2021124,22.3307472],[114.2017583,22.3303896],[114.2032678,22.3290195],[114.2034219,22.3286969],[114.2041228,22.3280445],[114.204647,22.3291125],[114.2046839,22.331174],[114.2024781,22.3312579]]]}},{"type":"Feature","properties":{"tpusb":"286040"},"geometry":{"type":"Polygon","coordinates":[[[114.2042216,22.3351652],[114.2035511,22.3353403],[114.2029714,22.335374],[114.2023697,22.3352639],[114.2016667,22.3349911],[114.2014296,22.3334997],[114.2015197,22.3336742],[114.2021259,22.334477],[114.2022744,22.3346161],[114.2027192,22.3348182],[114.2028911,22.3348564],[114.2031496,22.334852],[114.2033282,22.3347247],[114.2033954,22.3345714],[114.203366,22.3344148],[114.202994,22.3341084],[114.203539,22.3340691],[114.2035332,22.3337313],[114.20379,22.3332916],[114.2036366,22.3312139],[114.2046839,22.331174],[114.204647,22.3291125],[114.2041228,22.3280445],[114.2034219,22.3286969],[114.2032678,22.3290195],[114.2017583,22.3303896],[114.2011203,22.3297454],[114.2029441,22.3281236],[114.1998463,22.3251278],[114.1985193,22.32632],[114.1982838,22.326088],[114.1985503,22.3259747],[114.1992711,22.3246675],[114.2007027,22.325182],[114.2018739,22.3257409],[114.203492,22.3270022],[114.2040597,22.3275959],[114.2052008,22.3291659],[114.2051378,22.3298037],[114.2052331,22.3327488],[114.2053011,22.3331619],[114.2052625,22.3339928],[114.2050683,22.3346665],[114.2046802,22.3349363],[114.2042216,22.3351652]]]}},{"type":"Feature","properties":{"tpusb":"286056"},"geometry":{"type":"Polygon","coordinates":[[[114.2033815,22.3158744],[114.202243,22.3168763],[114.2013251,22.3160113],[114.2024769,22.3149776],[114.2033815,22.3158744]]]}},{"type":"Feature","properties":{"tpusb":"286058"},"geometry":{"type":"Polygon","coordinates":[[[114.204723,22.3221338],[114.2035245,22.3226333],[114.2030238,22.322717],[114.2026,22.3226573],[114.2018295,22.3224185],[114.201515,22.3222391],[114.2009301,22.3220931],[114.2010667,22.322037],[114.2050128,22.3185026],[114.2058544,22.3192806],[114.2070483,22.3181514],[114.2077267,22.3188214],[114.2063079,22.3204476],[114.2050758,22.3215965],[114.204874,22.3218467],[114.204723,22.3221338]]]}},{"type":"Feature","properties":{"tpusb":"286059"},"geometry":{"type":"Polygon","coordinates":[[[114.2007946,22.3221487],[114.2002243,22.3223304],[114.1996791,22.3222733],[114.1992245,22.3220153],[114.1985926,22.321399],[114.1975136,22.319423],[114.1996846,22.3174836],[114.1996033,22.317406],[114.1997872,22.3172377],[114.1998698,22.3173174],[114.2013251,22.3160113],[114.2030242,22.3176126],[114.2000463,22.3202782],[114.2001081,22.320336],[114.2001098,22.3204503],[114.2007946,22.3221487]]]}}]}