connector_od_id,zone_od_id,origin_tpusb,destination_tpusb,origin_node,destination_node,pair_weight,demand
0,0,113003,228025,74,795,0.3333333333333333,30.2619
1,0,113003,228025,1608,795,0.3333333333333333,30.2619
2,0,113003,228025,170,795,0.3333333333333333,30.2619
3,1,113003,243045,74,372,0.11111111111111108,5.228055555555555
4,1,113003,243045,74,360,0.11111111111111108,5.228055555555555
5,1,113003,243045,74,375,0.11111111111111108,5.228055555555555
6,1,113003,243045,1608,372,0.11111111111111108,5.228055555555555
7,1,113003,243045,1608,360,0.11111111111111108,5.228055555555555
8,1,113003,243045,1608,375,0.11111111111111108,5.228055555555555
9,1,113003,243045,170,372,0.11111111111111108,5.228055555555555
10,1,113003,243045,170,360,0.11111111111111108,5.228055555555555
11,1,113003,243045,170,375,0.11111111111111108,5.228055555555555
12,2,113005,153022,74,1114,0.11111111111111108,51.12604444444443
13,2,113005,153022,74,395,0.11111111111111108,51.12604444444443
14,2,113005,153022,74,1463,0.11111111111111108,51.12604444444443
15,2,113005,153022,1608,1114,0.11111111111111108,51.12604444444443
16,2,113005,153022,1608,395,0.11111111111111108,51.12604444444443
17,2,113005,153022,1608,1463,0.11111111111111108,51.12604444444443
18,2,113005,153022,170,1114,0.11111111111111108,51.12604444444443
19,2,113005,153022,170,395,0.11111111111111108,51.12604444444443
20,2,113005,153022,170,1463,0.11111111111111108,51.12604444444443
21,3,113005,211018,74,835,0.11111111111111108,208.47729264319622
22,3,113005,211018,74,1386,0.11111111111111108,208.47729264319622
23,3,113005,211018,74,1106,0.11111111111111108,208.47729264319622
24,3,113005,211018,1608,835,0.11111111111111108,208.47729264319622
25,3,113005,211018,1608,1386,0.11111111111111108,208.47729264319622
26,3,113005,211018,1608,1106,0.11111111111111108,208.47729264319622
27,3,113005,211018,170,835,0.11111111111111108,208.47729264319622
28,3,113005,211018,170,1386,0.11111111111111108,208.47729264319622
29,3,113005,211018,170,1106,0.11111111111111108,208.47729264319622
30,4,113005,266018,74,402,0.11111111111111108,12.041233333333329
31,4,113005,266018,74,269,0.11111111111111108,12.041233333333329
32,4,113005,266018,74,268,0.11111111111111108,12.041233333333329
33,4,113005,266018,1608,402,0.11111111111111108,12.041233333333329
34,4,113005,266018,1608,269,0.11111111111111108,12.041233333333329
35,4,113005,266018,1608,268,0.11111111111111108,12.041233333333329
36,4,113005,266018,170,402,0.11111111111111108,12.041233333333329
37,4,113005,266018,170,269,0.11111111111111108,12.041233333333329
38,4,113005,266018,170,268,0.11111111111111108,12.041233333333329
39,5,113007,227019,74,93,0.3333333333333333,1.0
40,5,113007,227019,1608,93,0.3333333333333333,1.0
41,5,113007,227019,170,93,0.3333333333333333,1.0
42,6,113008,236020,74,364,0.11111111111111108,71.1660333333333
43,6,113008,236020,74,363,0.11111111111111108,71.1660333333333
44,6,113008,236020,74,369,0.11111111111111108,71.1660333333333
45,6,113008,236020,291,364,0.11111111111111108,71.1660333333333
46,6,113008,236020,291,363,0.11111111111111108,71.1660333333333
47,6,113008,236020,291,369,0.11111111111111108,71.1660333333333
48,6,113008,236020,170,364,0.11111111111111108,71.1660333333333
49,6,113008,236020,170,363,0.11111111111111108,71.1660333333333
50,6,113008,236020,170,369,0.11111111111111108,71.1660333333333
51,7,113008,255008,74,1635,0.11111111111111108,7.305566666666665
52,7,113008,255008,74,1636,0.11111111111111108,7.305566666666665
53,7,113008,255008,74,1243,0.11111111111111108,7.305566666666665
54,7,113008,255008,291,1635,0.11111111111111108,7.305566666666665
55,7,113008,255008,291,1636,0.11111111111111108,7.305566666666665
56,7,113008,255008,291,1243,0.11111111111111108,7.305566666666665
57,7,113008,255008,170,1635,0.11111111111111108,7.305566666666665
58,7,113008,255008,170,1636,0.11111111111111108,7.305566666666665
59,7,113008,255008,170,1243,0.11111111111111108,7.305566666666665
60,8,113009,229044,74,91,0.11111111111111108,257.1809111111111
61,8,113009,229044,74,92,0.11111111111111108,257.1809111111111
62,8,113009,229044,74,693,0.11111111111111108,257.1809111111111
63,8,113009,229044,1608,91,0.11111111111111108,257.1809111111111
64,8,113009,229044,1608,92,0.11111111111111108,257.1809111111111
65,8,113009,229044,1608,693,0.11111111111111108,257.1809111111111
66,8,113009,229044,170,91,0.11111111111111108,257.1809111111111
67,8,113009,229044,170,92,0.11111111111111108,257.1809111111111
68,8,113009,229044,170,693,0.11111111111111108,257.1809111111111
69,9,113012,236010,74,460,0.11111111111111108,12.652722222222218
70,9,113012,236010,74,991,0.11111111111111108,12.652722222222218
71,9,113012,236010,74,362,0.11111111111111108,12.652722222222218
72,9,113012,236010,1608,460,0.11111111111111108,12.652722222222218
73,9,113012,236010,1608,991,0.11111111111111108,12.652722222222218
74,9,113012,236010,1608,362,0.11111111111111108,12.652722222222218
75,9,113012,236010,170,460,0.11111111111111108,12.652722222222218
76,9,113012,236010,170,991,0.11111111111111108,12.652722222222218
77,9,113012,236010,170,362,0.11111111111111108,12.652722222222218
78,10,113013,236020,74,364,0.11111111111111108,3.2764222222222212
79,10,113013,236020,74,363,0.11111111111111108,3.2764222222222212
80,10,113013,236020,74,369,0.11111111111111108,3.2764222222222212
81,10,113013,236020,1371,364,0.11111111111111108,3.2764222222222212
82,10,113013,236020,1371,363,0.11111111111111108,3.2764222222222212
83,10,113013,236020,1371,369,0.11111111111111108,3.2764222222222212
84,10,113013,236020,170,364,0.11111111111111108,3.2764222222222212
85,10,113013,236020,170,363,0.11111111111111108,3.2764222222222212
86,10,113013,236020,170,369,0.11111111111111108,3.2764222222222212
87,11,113013,263005,74,870,0.11111111111111108,9.492944444444442
88,11,113013,263005,74,1552,0.11111111111111108,9.492944444444442
89,11,113013,263005,74,1375,0.11111111111111108,9.492944444444442
90,11,113013,263005,1371,870,0.11111111111111108,9.492944444444442
91,11,113013,263005,1371,1552,0.11111111111111108,9.492944444444442
92,11,113013,263005,1371,1375,0.11111111111111108,9.492944444444442
93,11,113013,263005,170,870,0.11111111111111108,9.492944444444442
94,11,113013,263005,170,1552,0.11111111111111108,9.492944444444442
95,11,113013,263005,170,1375,0.11111111111111108,9.492944444444442
96,12,113013,263016,74,1251,0.11111111111111108,15.597844444444439
97,12,113013,263016,74,1376,0.11111111111111108,15.597844444444439
98,12,113013,263016,74,1317,0.11111111111111108,15.597844444444439
99,12,113013,263016,1371,1251,0.11111111111111108,15.597844444444439
100,12,113013,263016,1371,1376,0.11111111111111108,15.597844444444439
101,12,113013,263016,1371,1317,0.11111111111111108,15.597844444444439
102,12,113013,263016,170,1251,0.11111111111111108,15.597844444444439
103,12,113013,263016,170,1376,0.11111111111111108,15.597844444444439
104,12,113013,263016,170,1317,0.11111111111111108,15.597844444444439
105,13,113013,282010,74,1501,0.11111111111111108,9.809299999999997
106,13,113013,282010,74,970,0.11111111111111108,9.809299999999997
107,13,113013,282010,74,1190,0.11111111111111108,9.809299999999997
108,13,113013,282010,1371,1501,0.11111111111111108,9.809299999999997
109,13,113013,282010,1371,970,0.11111111111111108,9.809299999999997
110,13,113013,282010,1371,1190,0.11111111111111108,9.809299999999997
111,13,113013,282010,170,1501,0.11111111111111108,9.809299999999997
112,13,113013,282010,170,970,0.11111111111111108,9.809299999999997
113,13,113013,282010,170,1190,0.11111111111111108,9.809299999999997
114,14,113015,243049,74,1469,0.11111111111111108,10.86631111111111
115,14,113015,243049,74,502,0.11111111111111108,10.86631111111111
116,14,113015,243049,74,1727,0.11111111111111108,10.86631111111111
117,14,113015,243049,1371,1469,0.11111111111111108,10.86631111111111
118,14,113015,243049,1371,502,0.11111111111111108,10.86631111111111
119,14,113015,243049,1371,1727,0.11111111111111108,10.86631111111111
120,14,113015,243049,170,1469,0.11111111111111108,10.86631111111111
121,14,113015,243049,170,502,0.11111111111111108,10.86631111111111
122,14,113015,243049,170,1727,0.11111111111111108,10.86631111111111
123,15,113018,141013,74,1608,0.16666666666666663,48.23786666666666
124,15,113018,141013,74,170,0.16666666666666663,48.23786666666666
125,15,113018,141013,1608,74,0.16666666666666663,48.23786666666666
126,15,113018,141013,1608,170,0.16666666666666663,48.23786666666666
127,15,113018,141013,170,74,0.16666666666666663,48.23786666666666
128,15,113018,141013,170,1608,0.16666666666666663,48.23786666666666
129,16,113019,241002,74,1633,0.16666666666666669,13.752066666666668
130,16,113019,241002,74,487,0.16666666666666669,13.752066666666668
131,16,113019,241002,1371,1633,0.16666666666666669,13.752066666666668
132,16,113019,241002,1371,487,0.16666666666666669,13.752066666666668
133,16,113019,241002,170,1633,0.16666666666666669,13.752066666666668
134,16,113019,241002,170,487,0.16666666666666669,13.752066666666668
135,17,114004,123002,74,290,0.12499999999999997,40.89063749999999
136,17,114004,123002,74,1653,0.12499999999999997,40.89063749999999
137,17,114004,123002,1528,74,0.12499999999999997,40.89063749999999
138,17,114004,123002,1528,290,0.12499999999999997,40.89063749999999
139,17,114004,123002,1528,1653,0.12499999999999997,40.89063749999999
140,17,114004,123002,170,74,0.12499999999999997,40.89063749999999
141,17,114004,123002,170,290,0.12499999999999997,40.89063749999999
142,17,114004,123002,170,1653,0.12499999999999997,40.89063749999999
143,18,114005,153029,74,1463,0.11111111111111108,7.8445666666666645
144,18,114005,153029,74,1114,0.11111111111111108,7.8445666666666645
145,18,114005,153029,74,223,0.11111111111111108,7.8445666666666645
146,18,114005,153029,1310,1463,0.11111111111111108,7.8445666666666645
147,18,114005,153029,1310,1114,0.11111111111111108,7.8445666666666645
148,18,114005,153029,1310,223,0.11111111111111108,7.8445666666666645
149,18,114005,153029,170,1463,0.11111111111111108,7.8445666666666645
150,18,114005,153029,170,1114,0.11111111111111108,7.8445666666666645
151,18,114005,153029,170,223,0.11111111111111108,7.8445666666666645
152,19,114007,151019,74,394,0.11111111111111108,16.540555555555553
153,19,114007,151019,74,1463,0.11111111111111108,16.540555555555553
154,19,114007,151019,74,1462,0.11111111111111108,16.540555555555553
155,19,114007,151019,314,394,0.11111111111111108,16.540555555555553
156,19,114007,151019,314,1463,0.11111111111111108,16.540555555555553
157,19,114007,151019,314,1462,0.11111111111111108,16.540555555555553
158,19,114007,151019,170,394,0.11111111111111108,16.540555555555553
159,19,114007,151019,170,1463,0.11111111111111108,16.540555555555553
160,19,114007,151019,170,1462,0.11111111111111108,16.540555555555553
161,20,114007,152005,74,394,0.11111111111111108,14.454777777777773
162,20,114007,152005,74,1463,0.11111111111111108,14.454777777777773
163,20,114007,152005,74,1462,0.11111111111111108,14.454777777777773
164,20,114007,152005,314,394,0.11111111111111108,14.454777777777773
165,20,114007,152005,314,1463,0.11111111111111108,14.454777777777773
166,20,114007,152005,314,1462,0.11111111111111108,14.454777777777773
167,20,114007,152005,170,394,0.11111111111111108,14.454777777777773
168,20,114007,152005,170,1463,0.11111111111111108,14.454777777777773
169,20,114007,152005,170,1462,0.11111111111111108,14.454777777777773
170,21,114009,151021,74,394,0.11111111111111108,30.722077777777766
171,21,114009,151021,74,223,0.11111111111111108,30.722077777777766
172,21,114009,151021,74,239,0.11111111111111108,30.722077777777766
173,21,114009,151021,1528,394,0.11111111111111108,30.722077777777766
174,21,114009,151021,1528,223,0.11111111111111108,30.722077777777766
175,21,114009,151021,1528,239,0.11111111111111108,30.722077777777766
176,21,114009,151021,170,394,0.11111111111111108,30.722077777777766
177,21,114009,151021,170,223,0.11111111111111108,30.722077777777766
178,21,114009,151021,170,239,0.11111111111111108,30.722077777777766
179,22,114009,283025,74,329,0.11111111111111108,9.876166666666663
180,22,114009,283025,74,1196,0.11111111111111108,9.876166666666663
181,22,114009,283025,74,337,0.11111111111111108,9.876166666666663
182,22,114009,283025,1528,329,0.11111111111111108,9.876166666666663
183,22,114009,283025,1528,1196,0.11111111111111108,9.876166666666663
184,22,114009,283025,1528,337,0.11111111111111108,9.876166666666663
185,22,114009,283025,170,329,0.11111111111111108,9.876166666666663
186,22,114009,283025,170,1196,0.11111111111111108,9.876166666666663
187,22,114009,283025,170,337,0.11111111111111108,9.876166666666663
188,23,114009,285003,74,1194,0.11111111111111108,10.065777777777775
189,23,114009,285003,74,1186,0.11111111111111108,10.065777777777775
190,23,114009,285003,74,1195,0.11111111111111108,10.065777777777775
191,23,114009,285003,1528,1194,0.11111111111111108,10.065777777777775
192,23,114009,285003,1528,1186,0.11111111111111108,10.065777777777775
193,23,114009,285003,1528,1195,0.11111111111111108,10.065777777777775
194,23,114009,285003,170,1194,0.11111111111111108,10.065777777777775
195,23,114009,285003,170,1186,0.11111111111111108,10.065777777777775
196,23,114009,285003,170,1195,0.11111111111111108,10.065777777777775
197,24,114019,245017,74,285,0.11111111111111108,4.889077777777777
198,24,114019,245017,74,1463,0.11111111111111108,4.889077777777777
199,24,114019,245017,74,541,0.11111111111111108,4.889077777777777
200,24,114019,245017,1310,285,0.11111111111111108,4.889077777777777
201,24,114019,245017,1310,1463,0.11111111111111108,4.889077777777777
202,24,114019,245017,1310,541,0.11111111111111108,4.889077777777777
203,24,114019,245017,170,285,0.11111111111111108,4.889077777777777
204,24,114019,245017,170,1463,0.11111111111111108,4.889077777777777
205,24,114019,245017,170,541,0.11111111111111108,4.889077777777777
206,25,114021,235012,74,996,0.11111111111111108,44.14909999999999
207,25,114021,235012,74,601,0.11111111111111108,44.14909999999999
208,25,114021,235012,74,993,0.11111111111111108,44.14909999999999
209,25,114021,235012,1094,996,0.11111111111111108,44.14909999999999
210,25,114021,235012,1094,601,0.11111111111111108,44.14909999999999
211,25,114021,235012,1094,993,0.11111111111111108,44.14909999999999
212,25,114021,235012,170,996,0.11111111111111108,44.14909999999999
213,25,114021,235012,170,601,0.11111111111111108,44.14909999999999
214,25,114021,235012,170,993,0.11111111111111108,44.14909999999999
215,26,114034,152004,74,394,0.11111111111111108,13.262922222222217
216,26,114034,152004,74,223,0.11111111111111108,13.262922222222217
217,26,114034,152004,74,239,0.11111111111111108,13.262922222222217
218,26,114034,152004,314,394,0.11111111111111108,13.262922222222217
219,26,114034,152004,314,223,0.11111111111111108,13.262922222222217
220,26,114034,152004,314,239,0.11111111111111108,13.262922222222217
221,26,114034,152004,170,394,0.11111111111111108,13.262922222222217
222,26,114034,152004,170,223,0.11111111111111108,13.262922222222217
223,26,114034,152004,170,239,0.11111111111111108,13.262922222222217
224,27,114034,222010,74,1478,0.3333333333333333,100.13143333333332
225,27,114034,222010,314,1478,0.3333333333333333,100.13143333333332
226,27,114034,222010,170,1478,0.3333333333333333,100.13143333333332
227,28,114034,254011,74,909,0.11111111111111108,7.688188888888887
228,28,114034,254011,74,191,0.11111111111111108,7.688188888888887
229,28,114034,254011,74,192,0.11111111111111108,7.688188888888887
230,28,114034,254011,314,909,0.11111111111111108,7.688188888888887
231,28,114034,254011,314,191,0.11111111111111108,7.688188888888887
232,28,114034,254011,314,192,0.11111111111111108,7.688188888888887
233,28,114034,254011,170,909,0.11111111111111108,7.688188888888887
234,28,114034,254011,170,191,0.11111111111111108,7.688188888888887
235,28,114034,254011,170,192,0.11111111111111108,7.688188888888887
236,29,114034,263005,74,870,0.11111111111111108,10.834699999999998
237,29,114034,263005,74,1552,0.11111111111111108,10.834699999999998
238,29,114034,263005,74,1375,0.11111111111111108,10.834699999999998
239,29,114034,263005,314,870,0.11111111111111108,10.834699999999998
240,29,114034,263005,314,1552,0.11111111111111108,10.834699999999998
241,29,114034,263005,314,1375,0.11111111111111108,10.834699999999998
242,29,114034,263005,170,870,0.11111111111111108,10.834699999999998
243,29,114034,263005,170,1552,0.11111111111111108,10.834699999999998
244,29,114034,263005,170,1375,0.11111111111111108,10.834699999999998
245,30,115007,266024,74,1524,0.25,21.56565
246,30,115007,266024,74,104,0.25,21.56565
247,30,115007,266024,50,1524,0.25,21.56565
248,30,115007,266024,50,104,0.25,21.56565
249,31,121002,285010,74,1308,0.11111111111111108,27.409722222222214
250,31,121002,285010,74,1190,0.11111111111111108,27.409722222222214
251,31,121002,285010,74,349,0.11111111111111108,27.409722222222214
252,31,121002,285010,290,1308,0.11111111111111108,27.409722222222214
253,31,121002,285010,290,1190,0.11111111111111108,27.409722222222214
254,31,121002,285010,290,349,0.11111111111111108,27.409722222222214
255,31,121002,285010,1653,1308,0.11111111111111108,27.409722222222214
256,31,121002,285010,1653,1190,0.11111111111111108,27.409722222222214
257,31,121002,285010,1653,349,0.11111111111111108,27.409722222222214
258,32,121003,253002,74,182,0.11111111111111108,43.633644444444435
259,32,121003,253002,74,121,0.11111111111111108,43.633644444444435
260,32,121003,253002,74,118,0.11111111111111108,43.633644444444435
261,32,121003,253002,290,182,0.11111111111111108,43.633644444444435
262,32,121003,253002,290,121,0.11111111111111108,43.633644444444435
263,32,121003,253002,290,118,0.11111111111111108,43.633644444444435
264,32,121003,253002,1653,182,0.11111111111111108,43.633644444444435
265,32,121003,253002,1653,121,0.11111111111111108,43.633644444444435
266,32,121003,253002,1653,118,0.11111111111111108,43.633644444444435
267,33,121005,121020,74,290,0.14285714285714282,73.57184285714284
268,33,121005,121020,74,1653,0.14285714285714282,73.57184285714284
269,33,121005,121020,290,74,0.14285714285714282,73.57184285714284
270,33,121005,121020,290,1653,0.14285714285714282,73.57184285714284
271,33,121005,121020,170,74,0.14285714285714282,73.57184285714284
272,33,121005,121020,170,290,0.14285714285714282,73.57184285714284
273,33,121005,121020,170,1653,0.14285714285714282,73.57184285714284
274,34,121005,152005,74,394,0.11111111111111108,23.73956666666666
275,34,121005,152005,74,1463,0.11111111111111108,23.73956666666666
276,34,121005,152005,74,1462,0.11111111111111108,23.73956666666666
277,34,121005,152005,290,394,0.11111111111111108,23.73956666666666
278,34,121005,152005,290,1463,0.11111111111111108,23.73956666666666
279,34,121005,152005,290,1462,0.11111111111111108,23.73956666666666
280,34,121005,152005,170,394,0.11111111111111108,23.73956666666666
281,34,121005,152005,170,1463,0.11111111111111108,23.73956666666666
282,34,121005,152005,170,1462,0.11111111111111108,23.73956666666666
283,35,121005,152008,74,394,0.11111111111111108,5.4109533005373045
284,35,121005,152008,74,1463,0.11111111111111108,5.4109533005373045
285,35,121005,152008,74,1462,0.11111111111111108,5.4109533005373045
286,35,121005,152008,290,394,0.11111111111111108,5.4109533005373045
287,35,121005,152008,290,1463,0.11111111111111108,5.4109533005373045
288,35,121005,152008,290,1462,0.11111111111111108,5.4109533005373045
289,35,121005,152008,170,394,0.11111111111111108,5.4109533005373045
290,35,121005,152008,170,1463,0.11111111111111108,5.4109533005373045
291,35,121005,152008,170,1462,0.11111111111111108,5.4109533005373045
292,36,121005,229012,74,87,0.11111111111111108,16.694677777777773
293,36,121005,229012,74,96,0.11111111111111108,16.694677777777773
294,36,121005,229012,74,98,0.11111111111111108,16.694677777777773
295,36,121005,229012,290,87,0.11111111111111108,16.694677777777773
296,36,121005,229012,290,96,0.11111111111111108,16.694677777777773
297,36,121005,229012,290,98,0.11111111111111108,16.694677777777773
298,36,121005,229012,170,87,0.11111111111111108,16.694677777777773
299,36,121005,229012,170,96,0.11111111111111108,16.694677777777773
300,36,121005,229012,170,98,0.11111111111111108,16.694677777777773
301,37,121005,285021,74,348,0.11111111111111108,36.085922222222216
302,37,121005,285021,74,1312,0.11111111111111108,36.085922222222216
303,37,121005,285021,74,349,0.11111111111111108,36.085922222222216
304,37,121005,285021,290,348,0.11111111111111108,36.085922222222216
305,37,121005,285021,290,1312,0.11111111111111108,36.085922222222216
306,37,121005,285021,290,349,0.11111111111111108,36.085922222222216
307,37,121005,285021,170,348,0.11111111111111108,36.085922222222216
308,37,121005,285021,170,1312,0.11111111111111108,36.085922222222216
309,37,121005,285021,170,349,0.11111111111111108,36.085922222222216
310,38,121005,286039,74,1554,0.11111111111111108,9.101155555555552
311,38,121005,286039,74,1249,0.11111111111111108,9.101155555555552
312,38,121005,286039,74,1302,0.11111111111111108,9.101155555555552
313,38,121005,286039,290,1554,0.11111111111111108,9.101155555555552
314,38,121005,286039,290,1249,0.11111111111111108,9.101155555555552
315,38,121005,286039,290,1302,0.11111111111111108,9.101155555555552
316,38,121005,286039,170,1554,0.11111111111111108,9.101155555555552
317,38,121005,286039,170,1249,0.11111111111111108,9.101155555555552
318,38,121005,286039,170,1302,0.11111111111111108,9.101155555555552
319,39,121017,225049,74,1666,0.11111111111111108,13.067511111111108
320,39,121017,225049,74,725,0.11111111111111108,13.067511111111108
321,39,121017,225049,74,931,0.11111111111111108,13.067511111111108
322,39,121017,225049,1418,1666,0.11111111111111108,13.067511111111108
323,39,121017,225049,1418,725,0.11111111111111108,13.067511111111108
324,39,121017,225049,1418,931,0.11111111111111108,13.067511111111108
325,39,121017,225049,170,1666,0.11111111111111108,13.067511111111108
326,39,121017,225049,170,725,0.11111111111111108,13.067511111111108
327,39,121017,225049,170,931,0.11111111111111108,13.067511111111108
328,40,121017,241022,74,1129,0.11111111111111108,47.746733333333324
329,40,121017,241022,74,1131,0.11111111111111108,47.746733333333324
330,40,121017,241022,74,1128,0.11111111111111108,47.746733333333324
331,40,121017,241022,1418,1129,0.11111111111111108,47.746733333333324
332,40,121017,241022,1418,1131,0.11111111111111108,47.746733333333324
333,40,121017,241022,1418,1128,0.11111111111111108,47.746733333333324
334,40,121017,241022,170,1129,0.11111111111111108,47.746733333333324
335,40,121017,241022,170,1131,0.11111111111111108,47.746733333333324
336,40,121017,241022,170,1128,0.11111111111111108,47.746733333333324
337,41,121017,283026,74,329,0.11111111111111108,9.166599999999997
338,41,121017,283026,74,1196,0.11111111111111108,9.166599999999997
339,41,121017,283026,74,337,0.11111111111111108,9.166599999999997
340,41,121017,283026,1418,329,0.11111111111111108,9.166599999999997
341,41,121017,283026,1418,1196,0.11111111111111108,9.166599999999997
342,41,121017,283026,1418,337,0.11111111111111108,9.166599999999997
343,41,121017,283026,170,329,0.11111111111111108,9.166599999999997
344,41,121017,283026,170,1196,0.11111111111111108,9.166599999999997
345,41,121017,283026,170,337,0.11111111111111108,9.166599999999997
346,42,121019,222027,1371,96,0.11111111111111108,6.4182888888888865
347,42,121019,222027,1371,698,0.11111111111111108,6.4182888888888865
348,42,121019,222027,1371,692,0.11111111111111108,6.4182888888888865
349,42,121019,222027,50,96,0.11111111111111108,6.4182888888888865
350,42,121019,222027,50,698,0.11111111111111108,6.4182888888888865
351,42,121019,222027,50,692,0.11111111111111108,6.4182888888888865
352,42,121019,222027,1653,96,0.11111111111111108,6.4182888888888865
353,42,121019,222027,1653,698,0.11111111111111108,6.4182888888888865
354,42,121019,222027,1653,692,0.11111111111111108,6.4182888888888865
355,43,121020,151019,74,394,0.11111111111111108,12.954533333333329
356,43,121020,151019,74,1463,0.11111111111111108,12.954533333333329
357,43,121020,151019,74,1462,0.11111111111111108,12.954533333333329
358,43,121020,151019,290,394,0.11111111111111108,12.954533333333329
359,43,121020,151019,290,1463,0.11111111111111108,12.954533333333329
360,43,121020,151019,290,1462,0.11111111111111108,12.954533333333329
361,43,121020,151019,1653,394,0.11111111111111108,12.954533333333329
362,43,121020,151019,1653,1463,0.11111111111111108,12.954533333333329
363,43,121020,151019,1653,1462,0.11111111111111108,12.954533333333329
364,44,121020,153056,74,1463,0.11111111111111108,7.172933333333331
365,44,121020,153056,74,1462,0.11111111111111108,7.172933333333331
366,44,121020,153056,74,226,0.11111111111111108,7.172933333333331
367,44,121020,153056,290,1463,0.11111111111111108,7.172933333333331
368,44,121020,153056,290,1462,0.11111111111111108,7.172933333333331
369,44,121020,153056,290,226,0.11111111111111108,7.172933333333331
370,44,121020,153056,1653,1463,0.11111111111111108,7.172933333333331
371,44,121020,153056,1653,1462,0.11111111111111108,7.172933333333331
372,44,121020,153056,1653,226,0.11111111111111108,7.172933333333331
373,45,121020,237001,74,1289,0.11111111111111108,28.99209999999999
374,45,121020,237001,74,1518,0.11111111111111108,28.99209999999999
375,45,121020,237001,74,1588,0.11111111111111108,28.99209999999999
376,45,121020,237001,290,1289,0.11111111111111108,28.99209999999999
377,45,121020,237001,290,1518,0.11111111111111108,28.99209999999999
378,45,121020,237001,290,1588,0.11111111111111108,28.99209999999999
379,45,121020,237001,1653,1289,0.11111111111111108,28.99209999999999
380,45,121020,237001,1653,1518,0.11111111111111108,28.99209999999999
381,45,121020,237001,1653,1588,0.11111111111111108,28.99209999999999
382,46,121021,151039,74,394,0.11111111111111108,13.151233333333328
383,46,121021,151039,74,1463,0.11111111111111108,13.151233333333328
384,46,121021,151039,74,1462,0.11111111111111108,13.151233333333328
385,46,121021,151039,290,394,0.11111111111111108,13.151233333333328
386,46,121021,151039,290,1463,0.11111111111111108,13.151233333333328
387,46,121021,151039,290,1462,0.11111111111111108,13.151233333333328
388,46,121021,151039,1653,394,0.11111111111111108,13.151233333333328
389,46,121021,151039,1653,1463,0.11111111111111108,13.151233333333328
390,46,121021,151039,1653,1462,0.11111111111111108,13.151233333333328
391,47,123001,264020,1371,318,0.11111111111111108,25.7298111111111
392,47,123001,264020,1371,1635,0.11111111111111108,25.7298111111111
393,47,123001,264020,1371,19,0.11111111111111108,25.7298111111111
394,47,123001,264020,1653,318,0.11111111111111108,25.7298111111111
395,47,123001,264020,1653,1635,0.11111111111111108,25.7298111111111
396,47,123001,264020,1653,19,0.11111111111111108,25.7298111111111
397,47,123001,264020,13,318,0.11111111111111108,25.7298111111111
398,47,123001,264020,13,1635,0.11111111111111108,25.7298111111111
399,47,123001,264020,13,19,0.11111111111111108,25.7298111111111
400,48,123002,152004,74,394,0.11111111111111108,12.954533333333329
401,48,123002,152004,74,223,0.11111111111111108,12.954533333333329
402,48,123002,152004,74,239,0.11111111111111108,12.954533333333329
403,48,123002,152004,290,394,0.11111111111111108,12.954533333333329
404,48,123002,152004,290,223,0.11111111111111108,12.954533333333329
405,48,123002,152004,290,239,0.11111111111111108,12.954533333333329
406,48,123002,152004,1653,394,0.11111111111111108,12.954533333333329
407,48,123002,152004,1653,223,0.11111111111111108,12.954533333333329
408,48,123002,152004,1653,239,0.11111111111111108,12.954533333333329
409,49,123002,152005,74,394,0.11111111111111108,14.167511111111107
410,49,123002,152005,74,1463,0.11111111111111108,14.167511111111107
411,49,123002,152005,74,1462,0.11111111111111108,14.167511111111107
412,49,123002,152005,290,394,0.11111111111111108,14.167511111111107
413,49,123002,152005,290,1463,0.11111111111111108,14.167511111111107
414,49,123002,152005,290,1462,0.11111111111111108,14.167511111111107
415,49,123002,152005,1653,394,0.11111111111111108,14.167511111111107
416,49,123002,152005,1653,1463,0.11111111111111108,14.167511111111107
417,49,123002,152005,1653,1462,0.11111111111111108,14.167511111111107
418,50,134006,222001,395,212,0.11111111111111108,0.11111111111111108
419,50,134006,222001,395,1647,0.11111111111111108,0.11111111111111108
420,50,134006,222001,395,626,0.11111111111111108,0.11111111111111108
421,50,134006,222001,291,212,0.11111111111111108,0.11111111111111108
422,50,134006,222001,291,1647,0.11111111111111108,0.11111111111111108
423,50,134006,222001,291,626,0.11111111111111108,0.11111111111111108
424,50,134006,222001,642,212,0.11111111111111108,0.11111111111111108
425,50,134006,222001,642,1647,0.11111111111111108,0.11111111111111108
426,50,134006,222001,642,626,0.11111111111111108,0.11111111111111108
427,51,142003,114004,74,1528,0.16666666666666663,1106.4622333333332
428,51,142003,114004,74,170,0.16666666666666663,1106.4622333333332
429,51,142003,114004,1528,74,0.16666666666666663,1106.4622333333332
430,51,142003,114004,1528,170,0.16666666666666663,1106.4622333333332
431,51,142003,114004,170,74,0.16666666666666663,1106.4622333333332
432,51,142003,114004,170,1528,0.16666666666666663,1106.4622333333332
433,52,147002,151014,394,1463,0.12499999999999997,17.886249999999997
434,52,147002,151014,394,1462,0.12499999999999997,17.886249999999997
435,52,147002,151014,1114,394,0.12499999999999997,17.886249999999997
436,52,147002,151014,1114,1463,0.12499999999999997,17.886249999999997
437,52,147002,151014,1114,1462,0.12499999999999997,17.886249999999997
438,52,147002,151014,651,394,0.12499999999999997,17.886249999999997
439,52,147002,151014,651,1463,0.12499999999999997,17.886249999999997
440,52,147002,151014,651,1462,0.12499999999999997,17.886249999999997
441,53,147002,153039,394,1463,0.11111111111111108,41.71914444444444
442,53,147002,153039,394,395,0.11111111111111108,41.71914444444444
443,53,147002,153039,394,1462,0.11111111111111108,41.71914444444444
444,53,147002,153039,1114,1463,0.11111111111111108,41.71914444444444
445,53,147002,153039,1114,395,0.11111111111111108,41.71914444444444
446,53,147002,153039,1114,1462,0.11111111111111108,41.71914444444444
447,53,147002,153039,651,1463,0.11111111111111108,41.71914444444444
448,53,147002,153039,651,395,0.11111111111111108,41.71914444444444
449,53,147002,153039,651,1462,0.11111111111111108,41.71914444444444
450,54,147002,212021,394,847,0.16666666666666669,36.57280000000001
451,54,147002,212021,394,1537,0.16666666666666669,36.57280000000001
452,54,147002,212021,1114,847,0.16666666666666669,36.57280000000001
453,54,147002,212021,1114,1537,0.16666666666666669,36.57280000000001
454,54,147002,212021,651,847,0.16666666666666669,36.57280000000001
455,54,147002,212021,651,1537,0.16666666666666669,36.57280000000001
456,55,147004,272015,395,1370,0.5,12.73265
457,55,147004,272015,394,1370,0.5,12.73265
458,56,151003,152002,394,537,0.12499999999999997,78.96269999999998
459,56,151003,152002,394,1462,0.12499999999999997,78.96269999999998
460,56,151003,152002,226,394,0.12499999999999997,78.96269999999998
461,56,151003,152002,226,537,0.12499999999999997,78.96269999999998
462,56,151003,152002,226,1462,0.12499999999999997,78.96269999999998
463,56,151003,152002,239,394,0.12499999999999997,78.96269999999998
464,56,151003,152002,239,537,0.12499999999999997,78.96269999999998
465,56,151003,152002,239,1462,0.12499999999999997,78.96269999999998
466,57,151003,247006,394,1139,0.11111111111111108,44.678677777777764
467,57,151003,247006,394,313,0.11111111111111108,44.678677777777764
468,57,151003,247006,394,1136,0.11111111111111108,44.678677777777764
469,57,151003,247006,226,1139,0.11111111111111108,44.678677777777764
470,57,151003,247006,226,313,0.11111111111111108,44.678677777777764
471,57,151003,247006,226,1136,0.11111111111111108,44.678677777777764
472,57,151003,247006,239,1139,0.11111111111111108,44.678677777777764
473,57,151003,247006,239,313,0.11111111111111108,44.678677777777764
474,57,151003,247006,239,1136,0.11111111111111108,44.678677777777764
475,58,151007,215003,394,1120,0.11111111111111108,2.050955555555555
476,58,151007,215003,394,378,0.11111111111111108,2.050955555555555
477,58,151007,215003,394,31,0.11111111111111108,2.050955555555555
478,58,151007,215003,226,1120,0.11111111111111108,2.050955555555555
479,58,151007,215003,226,378,0.11111111111111108,2.050955555555555
480,58,151007,215003,226,31,0.11111111111111108,2.050955555555555
481,58,151007,215003,239,1120,0.11111111111111108,2.050955555555555
482,58,151007,215003,239,378,0.11111111111111108,2.050955555555555
483,58,151007,215003,239,31,0.11111111111111108,2.050955555555555
484,59,151008,153052,394,1463,0.12499999999999997,165.12568585725774
485,59,151008,153052,394,1462,0.12499999999999997,165.12568585725774
486,59,151008,153052,226,394,0.12499999999999997,165.12568585725774
487,59,151008,153052,226,1463,0.12499999999999997,165.12568585725774
488,59,151008,153052,226,1462,0.12499999999999997,165.12568585725774
489,59,151008,153052,31,394,0.12499999999999997,165.12568585725774
490,59,151008,153052,31,1463,0.12499999999999997,165.12568585725774
491,59,151008,153052,31,1462,0.12499999999999997,165.12568585725774
492,60,151008,268031,394,1206,0.11111111111111108,24.709222222222216
493,60,151008,268031,394,1377,0.11111111111111108,24.709222222222216
494,60,151008,268031,394,1699,0.11111111111111108,24.709222222222216
495,60,151008,268031,226,1206,0.11111111111111108,24.709222222222216
496,60,151008,268031,226,1377,0.11111111111111108,24.709222222222216
497,60,151008,268031,226,1699,0.11111111111111108,24.709222222222216
498,60,151008,268031,31,1206,0.11111111111111108,24.709222222222216
499,60,151008,268031,31,1377,0.11111111111111108,24.709222222222216
500,60,151008,268031,31,1699,0.11111111111111108,24.709222222222216
501,61,151008,284012,394,329,0.11111111111111108,15.352566666666663
502,61,151008,284012,394,1634,0.11111111111111108,15.352566666666663
503,61,151008,284012,394,337,0.11111111111111108,15.352566666666663
504,61,151008,284012,226,329,0.11111111111111108,15.352566666666663
505,61,151008,284012,226,1634,0.11111111111111108,15.352566666666663
506,61,151008,284012,226,337,0.11111111111111108,15.352566666666663
507,61,151008,284012,31,329,0.11111111111111108,15.352566666666663
508,61,151008,284012,31,1634,0.11111111111111108,15.352566666666663
509,61,151008,284012,31,337,0.11111111111111108,15.352566666666663
510,62,151009,152005,394,1463,0.12499999999999997,27.26575665545416
511,62,151009,152005,394,1462,0.12499999999999997,27.26575665545416
512,62,151009,152005,226,394,0.12499999999999997,27.26575665545416
513,62,151009,152005,226,1463,0.12499999999999997,27.26575665545416
514,62,151009,152005,226,1462,0.12499999999999997,27.26575665545416
515,62,151009,152005,239,394,0.12499999999999997,27.26575665545416
516,62,151009,152005,239,1463,0.12499999999999997,27.26575665545416
517,62,151009,152005,239,1462,0.12499999999999997,27.26575665545416
518,63,151009,268030,394,1206,0.11111111111111108,4.3375555555555545
519,63,151009,268030,394,1319,0.11111111111111108,4.3375555555555545
520,63,151009,268030,394,255,0.11111111111111108,4.3375555555555545
521,63,151009,268030,226,1206,0.11111111111111108,4.3375555555555545
522,63,151009,268030,226,1319,0.11111111111111108,4.3375555555555545
523,63,151009,268030,226,255,0.11111111111111108,4.3375555555555545
524,63,151009,268030,239,1206,0.11111111111111108,4.3375555555555545
525,63,151009,268030,239,1319,0.11111111111111108,4.3375555555555545
526,63,151009,268030,239,255,0.11111111111111108,4.3375555555555545
527,64,151011,153016,394,1463,0.11111111111111108,21.283766863241823
528,64,151011,153016,394,1462,0.11111111111111108,21.283766863241823
529,64,151011,153016,394,226,0.11111111111111108,21.283766863241823
530,64,151011,153016,223,1463,0.11111111111111108,21.283766863241823
531,64,151011,153016,223,1462,0.11111111111111108,21.283766863241823
532,64,151011,153016,223,226,0.11111111111111108,21.283766863241823
533,64,151011,153016,239,1463,0.11111111111111108,21.283766863241823
534,64,151011,153016,239,1462,0.11111111111111108,21.283766863241823
535,64,151011,153016,239,226,0.11111111111111108,21.283766863241823
536,65,151011,241008,394,1505,0.3333333333333333,30.410533333333333
537,65,151011,241008,223,1505,0.3333333333333333,30.410533333333333
538,65,151011,241008,239,1505,0.3333333333333333,30.410533333333333
539,66,151011,266040,394,1265,0.11111111111111108,24.066699999999994
540,66,151011,266040,394,906,0.11111111111111108,24.066699999999994
541,66,151011,266040,394,1266,0.11111111111111108,24.066699999999994
542,66,151011,266040,223,1265,0.11111111111111108,24.066699999999994
543,66,151011,266040,223,906,0.11111111111111108,24.066699999999994
544,66,151011,266040,223,1266,0.11111111111111108,24.066699999999994
545,66,151011,266040,239,1265,0.11111111111111108,24.066699999999994
546,66,151011,266040,239,906,0.11111111111111108,24.066699999999994
547,66,151011,266040,239,1266,0.11111111111111108,24.066699999999994
548,67,151012,151012,394,1463,0.16666666666666663,148.47608934631316
549,67,151012,151012,394,1462,0.16666666666666663,148.47608934631316
550,67,151012,151012,1463,394,0.16666666666666663,148.47608934631316
551,67,151012,151012,1463,1462,0.16666666666666663,148.47608934631316
552,67,151012,151012,1462,394,0.16666666666666663,148.47608934631316
553,67,151012,151012,1462,1463,0.16666666666666663,148.47608934631316
554,68,151013,269003,394,49,0.16666666666666669,18.370616666666667
555,68,151013,269003,394,1240,0.16666666666666669,18.370616666666667
556,68,151013,269003,1463,49,0.16666666666666669,18.370616666666667
557,68,151013,269003,1463,1240,0.16666666666666669,18.370616666666667
558,68,151013,269003,1462,49,0.16666666666666669,18.370616666666667
559,68,151013,269003,1462,1240,0.16666666666666669,18.370616666666667
560,69,151018,264033,394,69,0.11111111111111108,4.537922222222221
561,69,151018,264033,394,19,0.11111111111111108,4.537922222222221
562,69,151018,264033,394,68,0.11111111111111108,4.537922222222221
563,69,151018,264033,223,69,0.11111111111111108,4.537922222222221
564,69,151018,264033,223,19,0.11111111111111108,4.537922222222221
565,69,151018,264033,223,68,0.11111111111111108,4.537922222222221
566,69,151018,264033,239,69,0.11111111111111108,4.537922222222221
567,69,151018,264033,239,19,0.11111111111111108,4.537922222222221
568,69,151018,264033,239,68,0.11111111111111108,4.537922222222221
569,70,151019,114007,394,74,0.11111111111111108,16.29932222222222
570,70,151019,114007,394,314,0.11111111111111108,16.29932222222222
571,70,151019,114007,394,170,0.11111111111111108,16.29932222222222
572,70,151019,114007,1463,74,0.11111111111111108,16.29932222222222
573,70,151019,114007,1463,314,0.11111111111111108,16.29932222222222
574,70,151019,114007,1463,170,0.11111111111111108,16.29932222222222
575,70,151019,114007,1462,74,0.11111111111111108,16.29932222222222
576,70,151019,114007,1462,314,0.11111111111111108,16.29932222222222
577,70,151019,114007,1462,170,0.11111111111111108,16.29932222222222
578,71,151019,121020,394,74,0.11111111111111108,33.38312222222221
579,71,151019,121020,394,290,0.11111111111111108,33.38312222222221
580,71,151019,121020,394,1653,0.11111111111111108,33.38312222222221
581,71,151019,121020,1463,74,0.11111111111111108,33.38312222222221
582,71,151019,121020,1463,290,0.11111111111111108,33.38312222222221
583,71,151019,121020,1463,1653,0.11111111111111108,33.38312222222221
584,71,151019,121020,1462,74,0.11111111111111108,33.38312222222221
585,71,151019,121020,1462,290,0.11111111111111108,33.38312222222221
586,71,151019,121020,1462,1653,0.11111111111111108,33.38312222222221
587,72,151019,152007,394,1463,0.16666666666666663,59.187433333333324
588,72,151019,152007,394,1462,0.16666666666666663,59.187433333333324
589,72,151019,152007,1463,394,0.16666666666666663,59.187433333333324
590,72,151019,152007,1463,1462,0.16666666666666663,59.187433333333324
591,72,151019,152007,1462,394,0.16666666666666663,59.187433333333324
592,72,151019,152007,1462,1463,0.16666666666666663,59.187433333333324
593,73,151019,153010,394,1463,0.14285714285714282,41.196922843268624
594,73,151019,153010,394,1462,0.14285714285714282,41.196922843268624
595,73,151019,153010,394,226,0.14285714285714282,41.196922843268624
596,73,151019,153010,1463,1462,0.14285714285714282,41.196922843268624
597,73,151019,153010,1463,226,0.14285714285714282,41.196922843268624
598,73,151019,153010,1462,1463,0.14285714285714282,41.196922843268624
599,73,151019,153010,1462,226,0.14285714285714282,41.196922843268624
600,74,151019,153016,394,1463,0.14285714285714282,25.699799999999996
601,74,151019,153016,394,1462,0.14285714285714282,25.699799999999996
602,74,151019,153016,394,226,0.14285714285714282,25.699799999999996
603,74,151019,153016,1463,1462,0.14285714285714282,25.699799999999996
604,74,151019,153016,1463,226,0.14285714285714282,25.699799999999996
605,74,151019,153016,1462,1463,0.14285714285714282,25.699799999999996
606,74,151019,153016,1462,226,0.14285714285714282,25.699799999999996
607,75,151019,153022,394,1114,0.12499999999999997,12.534962499999997
608,75,151019,153022,394,395,0.12499999999999997,12.534962499999997
609,75,151019,153022,394,1463,0.12499999999999997,12.534962499999997
610,75,151019,153022,1463,1114,0.12499999999999997,12.534962499999997
611,75,151019,153022,1463,395,0.12499999999999997,12.534962499999997
612,75,151019,153022,1462,1114,0.12499999999999997,12.534962499999997
613,75,151019,153022,1462,395,0.12499999999999997,12.534962499999997
614,75,151019,153022,1462,1463,0.12499999999999997,12.534962499999997
615,76,151019,153041,394,1463,0.14285714285714282,26.93395714285714
616,76,151019,153041,394,1462,0.14285714285714282,26.93395714285714
617,76,151019,153041,394,226,0.14285714285714282,26.93395714285714
618,76,151019,153041,1463,1462,0.14285714285714282,26.93395714285714
619,76,151019,153041,1463,226,0.14285714285714282,26.93395714285714
620,76,151019,153041,1462,1463,0.14285714285714282,26.93395714285714
621,76,151019,153041,1462,226,0.14285714285714282,26.93395714285714
622,77,151019,153049,394,1463,0.14285714285714282,26.76348571428571
623,77,151019,153049,394,395,0.14285714285714282,26.76348571428571
624,77,151019,153049,394,1462,0.14285714285714282,26.76348571428571
625,77,151019,153049,1463,395,0.14285714285714282,26.76348571428571
626,77,151019,153049,1463,1462,0.14285714285714282,26.76348571428571
627,77,151019,153049,1462,1463,0.14285714285714282,26.76348571428571
628,77,151019,153049,1462,395,0.14285714285714282,26.76348571428571
629,78,151019,212015,394,1110,0.11111111111111108,14.897399999999998
630,78,151019,212015,394,1123,0.11111111111111108,14.897399999999998
631,78,151019,212015,394,434,0.11111111111111108,14.897399999999998
632,78,151019,212015,1463,1110,0.11111111111111108,14.897399999999998
633,78,151019,212015,1463,1123,0.11111111111111108,14.897399999999998
634,78,151019,212015,1463,434,0.11111111111111108,14.897399999999998
635,78,151019,212015,1462,1110,0.11111111111111108,14.897399999999998
636,78,151019,212015,1462,1123,0.11111111111111108,14.897399999999998
637,78,151019,212015,1462,434,0.11111111111111108,14.897399999999998
638,79,151019,241003,394,1169,0.3333333333333333,164.33426666666665
639,79,151019,241003,1463,1169,0.3333333333333333,164.33426666666665
640,79,151019,241003,1462,1169,0.3333333333333333,164.33426666666665
641,80,151019,242009,394,1163,0.11111111111111108,8.768388888888886
642,80,151019,242009,394,1152,0.11111111111111108,8.768388888888886
643,80,151019,242009,394,1162,0.11111111111111108,8.768388888888886
644,80,151019,242009,1463,1163,0.11111111111111108,8.768388888888886
645,80,151019,242009,1463,1152,0.11111111111111108,8.768388888888886
646,80,151019,242009,1463,1162,0.11111111111111108,8.768388888888886
647,80,151019,242009,1462,1163,0.11111111111111108,8.768388888888886
648,80,151019,242009,1462,1152,0.11111111111111108,8.768388888888886
649,80,151019,242009,1462,1162,0.11111111111111108,8.768388888888886
650,81,151019,264011,394,1635,0.11111111111111108,68.7344409577751
651,81,151019,264011,394,318,0.11111111111111108,68.7344409577751
652,81,151019,264011,394,320,0.11111111111111108,68.7344409577751
653,81,151019,264011,1463,1635,0.11111111111111108,68.7344409577751
654,81,151019,264011,1463,318,0.11111111111111108,68.7344409577751
655,81,151019,264011,1463,320,0.11111111111111108,68.7344409577751
656,81,151019,264011,1462,1635,0.11111111111111108,68.7344409577751
657,81,151019,264011,1462,318,0.11111111111111108,68.7344409577751
658,81,151019,264011,1462,320,0.11111111111111108,68.7344409577751
659,82,151021,153029,394,1463,0.12499999999999997,61.97582694480921
660,82,151021,153029,394,1114,0.12499999999999997,61.97582694480921
661,82,151021,153029,394,223,0.12499999999999997,61.97582694480921
662,82,151021,153029,223,1463,0.12499999999999997,61.97582694480921
663,82,151021,153029,223,1114,0.12499999999999997,61.97582694480921
664,82,151021,153029,239,1463,0.12499999999999997,61.97582694480921
665,82,151021,153029,239,1114,0.12499999999999997,61.97582694480921
666,82,151021,153029,239,223,0.12499999999999997,61.97582694480921
667,83,151025,152008,394,1463,0.12499999999999997,35.93289999999999
668,83,151025,152008,394,1462,0.12499999999999997,35.93289999999999
669,83,151025,152008,226,394,0.12499999999999997,35.93289999999999
670,83,151025,152008,226,1463,0.12499999999999997,35.93289999999999
671,83,151025,152008,226,1462,0.12499999999999997,35.93289999999999
672,83,151025,152008,31,394,0.12499999999999997,35.93289999999999
673,83,151025,152008,31,1463,0.12499999999999997,35.93289999999999
674,83,151025,152008,31,1462,0.12499999999999997,35.93289999999999
675,84,151032,152005,394,1463,0.12499999999999997,31.513687499999993
676,84,151032,152005,394,1462,0.12499999999999997,31.513687499999993
677,84,151032,152005,226,394,0.12499999999999997,31.513687499999993
678,84,151032,152005,226,1463,0.12499999999999997,31.513687499999993
679,84,151032,152005,226,1462,0.12499999999999997,31.513687499999993
680,84,151032,152005,31,394,0.12499999999999997,31.513687499999993
681,84,151032,152005,31,1463,0.12499999999999997,31.513687499999993
682,84,151032,152005,31,1462,0.12499999999999997,31.513687499999993
683,85,151039,121021,394,74,0.11111111111111108,13.151233333333328
684,85,151039,121021,394,290,0.11111111111111108,13.151233333333328
685,85,151039,121021,394,1653,0.11111111111111108,13.151233333333328
686,85,151039,121021,1463,74,0.11111111111111108,13.151233333333328
687,85,151039,121021,1463,290,0.11111111111111108,13.151233333333328
688,85,151039,121021,1463,1653,0.11111111111111108,13.151233333333328
689,85,151039,121021,1462,74,0.11111111111111108,13.151233333333328
690,85,151039,121021,1462,290,0.11111111111111108,13.151233333333328
691,85,151039,121021,1462,1653,0.11111111111111108,13.151233333333328
692,86,151041,152001,1114,394,0.12499999999999997,113.45232499999997
693,86,151041,152001,1114,1463,0.12499999999999997,113.45232499999997
694,86,151041,152001,1114,1462,0.12499999999999997,113.45232499999997
695,86,151041,152001,395,394,0.12499999999999997,113.45232499999997
696,86,151041,152001,395,1463,0.12499999999999997,113.45232499999997
697,86,151041,152001,395,1462,0.12499999999999997,113.45232499999997
698,86,151041,152001,1463,394,0.12499999999999997,113.45232499999997
699,86,151041,152001,1463,1462,0.12499999999999997,113.45232499999997
700,87,151041,152002,1114,394,0.11111111111111108,58.8024111111111
701,87,151041,152002,1114,537,0.11111111111111108,58.8024111111111
702,87,151041,152002,1114,1462,0.11111111111111108,58.8024111111111
703,87,151041,152002,395,394,0.11111111111111108,58.8024111111111
704,87,151041,152002,395,537,0.11111111111111108,58.8024111111111
705,87,151041,152002,395,1462,0.11111111111111108,58.8024111111111
706,87,151041,152002,1463,394,0.11111111111111108,58.8024111111111
707,87,151041,152002,1463,537,0.11111111111111108,58.8024111111111
708,87,151041,152002,1463,1462,0.11111111111111108,58.8024111111111
709,88,151041,152005,1114,394,0.12499999999999997,55.13274999999999
710,88,151041,152005,1114,1463,0.12499999999999997,55.13274999999999
711,88,151041,152005,1114,1462,0.12499999999999997,55.13274999999999
712,88,151041,152005,395,394,0.12499999999999997,55.13274999999999
713,88,151041,152005,395,1463,0.12499999999999997,55.13274999999999
714,88,151041,152005,395,1462,0.12499999999999997,55.13274999999999
715,88,151041,152005,1463,394,0.12499999999999997,55.13274999999999
716,88,151041,152005,1463,1462,0.12499999999999997,55.13274999999999
717,89,151041,152008,1114,394,0.12499999999999997,59.486312499999976
718,89,151041,152008,1114,1463,0.12499999999999997,59.486312499999976
719,89,151041,152008,1114,1462,0.12499999999999997,59.486312499999976
720,89,151041,152008,395,394,0.12499999999999997,59.486312499999976
721,89,151041,152008,395,1463,0.12499999999999997,59.486312499999976
722,89,151041,152008,395,1462,0.12499999999999997,59.486312499999976
723,89,151041,152008,1463,394,0.12499999999999997,59.486312499999976
724,89,151041,152008,1463,1462,0.12499999999999997,59.486312499999976
725,90,151041,243030,1114,296,0.11111111111111108,7.364588888888887
726,90,151041,243030,1114,514,0.11111111111111108,7.364588888888887
727,90,151041,243030,1114,1079,0.11111111111111108,7.364588888888887
728,90,151041,243030,395,296,0.11111111111111108,7.364588888888887
729,90,151041,243030,395,514,0.11111111111111108,7.364588888888887
730,90,151041,243030,395,1079,0.11111111111111108,7.364588888888887
731,90,151041,243030,1463,296,0.11111111111111108,7.364588888888887
732,90,151041,243030,1463,514,0.11111111111111108,7.364588888888887
733,90,151041,243030,1463,1079,0.11111111111111108,7.364588888888887
734,91,151041,244030,1114,1290,0.11111111111111108,12.954533333333329
735,91,151041,244030,1114,1726,0.11111111111111108,12.954533333333329
736,91,151041,244030,1114,1090,0.11111111111111108,12.954533333333329
737,91,151041,244030,395,1290,0.11111111111111108,12.954533333333329
738,91,151041,244030,395,1726,0.11111111111111108,12.954533333333329
739,91,151041,244030,395,1090,0.11111111111111108,12.954533333333329
740,91,151041,244030,1463,1290,0.11111111111111108,12.954533333333329
741,91,151041,244030,1463,1726,0.11111111111111108,12.954533333333329
742,91,151041,244030,1463,1090,0.11111111111111108,12.954533333333329
743,92,151041,286014,1114,1249,0.11111111111111108,10.29462222222222
744,92,151041,286014,1114,1246,0.11111111111111108,10.29462222222222
745,92,151041,286014,1114,337,0.11111111111111108,10.29462222222222
746,92,151041,286014,395,1249,0.11111111111111108,10.29462222222222
747,92,151041,286014,395,1246,0.11111111111111108,10.29462222222222
748,92,151041,286014,395,337,0.11111111111111108,10.29462222222222
749,92,151041,286014,1463,1249,0.11111111111111108,10.29462222222222
750,92,151041,286014,1463,1246,0.11111111111111108,10.29462222222222
751,92,151041,286014,1463,337,0.11111111111111108,10.29462222222222
752,93,152001,151041,394,1114,0.12499999999999997,113.45232499999997
753,93,152001,151041,394,395,0.12499999999999997,113.45232499999997
754,93,152001,151041,394,1463,0.12499999999999997,113.45232499999997
755,93,152001,151041,1463,1114,0.12499999999999997,113.45232499999997
756,93,152001,151041,1463,395,0.12499999999999997,113.45232499999997
757,93,152001,151041,1462,1114,0.12499999999999997,113.45232499999997
758,93,152001,151041,1462,395,0.12499999999999997,113.45232499999997
759,93,152001,151041,1462,1463,0.12499999999999997,113.45232499999997
760,94,152001,152002,394,537,0.14285714285714282,28.68875714285714
761,94,152001,152002,394,1462,0.14285714285714282,28.68875714285714
762,94,152001,152002,1463,394,0.14285714285714282,28.68875714285714
763,94,152001,152002,1463,537,0.14285714285714282,28.68875714285714
764,94,152001,152002,1463,1462,0.14285714285714282,28.68875714285714
765,94,152001,152002,1462,394,0.14285714285714282,28.68875714285714
766,94,152001,152002,1462,537,0.14285714285714282,28.68875714285714
767,95,152001,153008,394,1463,0.14285714285714282,42.04615714285714
768,95,152001,153008,394,1462,0.14285714285714282,42.04615714285714
769,95,152001,153008,394,226,0.14285714285714282,42.04615714285714
770,95,152001,153008,1463,1462,0.14285714285714282,42.04615714285714
771,95,152001,153008,1463,226,0.14285714285714282,42.04615714285714
772,95,152001,153008,1462,1463,0.14285714285714282,42.04615714285714
773,95,152001,153008,1462,226,0.14285714285714282,42.04615714285714
774,96,152001,214007,394,846,0.11111111111111108,4.520611111111109
775,96,152001,214007,394,843,0.11111111111111108,4.520611111111109
776,96,152001,214007,394,853,0.11111111111111108,4.520611111111109
777,96,152001,214007,1463,846,0.11111111111111108,4.520611111111109
778,96,152001,214007,1463,843,0.11111111111111108,4.520611111111109
779,96,152001,214007,1463,853,0.11111111111111108,4.520611111111109
780,96,152001,214007,1462,846,0.11111111111111108,4.520611111111109
781,96,152001,214007,1462,843,0.11111111111111108,4.520611111111109
782,96,152001,214007,1462,853,0.11111111111111108,4.520611111111109
783,97,152002,151029,394,226,0.12499999999999997,78.96269999999998
784,97,152002,151029,394,31,0.12499999999999997,78.96269999999998
785,97,152002,151029,537,394,0.12499999999999997,78.96269999999998
786,97,152002,151029,537,226,0.12499999999999997,78.96269999999998
787,97,152002,151029,537,31,0.12499999999999997,78.96269999999998
788,97,152002,151029,1462,394,0.12499999999999997,78.96269999999998
789,97,152002,151029,1462,226,0.12499999999999997,78.96269999999998
790,97,152002,151029,1462,31,0.12499999999999997,78.96269999999998
791,98,152002,151041,394,1114,0.11111111111111108,58.8024111111111
792,98,152002,151041,394,395,0.11111111111111108,58.8024111111111
793,98,152002,151041,394,1463,0.11111111111111108,58.8024111111111
794,98,152002,151041,537,1114,0.11111111111111108,58.8024111111111
795,98,152002,151041,537,395,0.11111111111111108,58.8024111111111
796,98,152002,151041,537,1463,0.11111111111111108,58.8024111111111
797,98,152002,151041,1462,1114,0.11111111111111108,58.8024111111111
798,98,152002,151041,1462,395,0.11111111111111108,58.8024111111111
799,98,152002,151041,1462,1463,0.11111111111111108,58.8024111111111
800,99,152002,152001,394,1463,0.14285714285714282,10.666357142857143
801,99,152002,152001,394,1462,0.14285714285714282,10.666357142857143
802,99,152002,152001,537,394,0.14285714285714282,10.666357142857143
803,99,152002,152001,537,1463,0.14285714285714282,10.666357142857143
804,99,152002,152001,537,1462,0.14285714285714282,10.666357142857143
805,99,152002,152001,1462,394,0.14285714285714282,10.666357142857143
806,99,152002,152001,1462,1463,0.14285714285714282,10.666357142857143
807,100,152004,114034,394,74,0.11111111111111108,13.262922222222217
808,100,152004,114034,394,314,0.11111111111111108,13.262922222222217
809,100,152004,114034,394,170,0.11111111111111108,13.262922222222217
810,100,152004,114034,223,74,0.11111111111111108,13.262922222222217
811,100,152004,114034,223,314,0.11111111111111108,13.262922222222217
812,100,152004,114034,223,170,0.11111111111111108,13.262922222222217
813,100,152004,114034,239,74,0.11111111111111108,13.262922222222217
814,100,152004,114034,239,314,0.11111111111111108,13.262922222222217
815,100,152004,114034,239,170,0.11111111111111108,13.262922222222217
816,101,152004,153012,394,1463,0.11111111111111108,41.97358888888888
817,101,152004,153012,394,1462,0.11111111111111108,41.97358888888888
818,101,152004,153012,394,226,0.11111111111111108,41.97358888888888
819,101,152004,153012,223,1463,0.11111111111111108,41.97358888888888
820,101,152004,153012,223,1462,0.11111111111111108,41.97358888888888
821,101,152004,153012,223,226,0.11111111111111108,41.97358888888888
822,101,152004,153012,239,1463,0.11111111111111108,41.97358888888888
823,101,152004,153012,239,1462,0.11111111111111108,41.97358888888888
824,101,152004,153012,239,226,0.11111111111111108,41.97358888888888
825,102,152004,211018,394,835,0.11111111111111108,7.9057999999999975
826,102,152004,211018,394,1386,0.11111111111111108,7.9057999999999975
827,102,152004,211018,394,1106,0.11111111111111108,7.9057999999999975
828,102,152004,211018,223,835,0.11111111111111108,7.9057999999999975
829,102,152004,211018,223,1386,0.11111111111111108,7.9057999999999975
830,102,152004,211018,223,1106,0.11111111111111108,7.9057999999999975
831,102,152004,211018,239,835,0.11111111111111108,7.9057999999999975
832,102,152004,211018,239,1386,0.11111111111111108,7.9057999999999975
833,102,152004,211018,239,1106,0.11111111111111108,7.9057999999999975
834,103,152005,114007,394,74,0.11111111111111108,2.2208888888888882
835,103,152005,114007,394,314,0.11111111111111108,2.2208888888888882
836,103,152005,114007,394,170,0.11111111111111108,2.2208888888888882
837,103,152005,114007,1463,74,0.11111111111111108,2.2208888888888882
838,103,152005,114007,1463,314,0.11111111111111108,2.2208888888888882
839,103,152005,114007,1463,170,0.11111111111111108,2.2208888888888882
840,103,152005,114007,1462,74,0.11111111111111108,2.2208888888888882
841,103,152005,114007,1462,314,0.11111111111111108,2.2208888888888882
842,103,152005,114007,1462,170,0.11111111111111108,2.2208888888888882
843,104,152005,121005,394,74,0.11111111111111108,6.5467430263576345
844,104,152005,121005,394,290,0.11111111111111108,6.5467430263576345
845,104,152005,121005,394,170,0.11111111111111108,6.5467430263576345
846,104,152005,121005,1463,74,0.11111111111111108,6.5467430263576345
847,104,152005,121005,1463,290,0.11111111111111108,6.5467430263576345
848,104,152005,121005,1463,170,0.11111111111111108,6.5467430263576345
849,104,152005,121005,1462,74,0.11111111111111108,6.5467430263576345
850,104,152005,121005,1462,290,0.11111111111111108,6.5467430263576345
851,104,152005,121005,1462,170,0.11111111111111108,6.5467430263576345
852,105,152005,123002,394,74,0.11111111111111108,14.168477777777774
853,105,152005,123002,394,290,0.11111111111111108,14.168477777777774
854,105,152005,123002,394,1653,0.11111111111111108,14.168477777777774
855,105,152005,123002,1463,74,0.11111111111111108,14.168477777777774
856,105,152005,123002,1463,290,0.11111111111111108,14.168477777777774
857,105,152005,123002,1463,1653,0.11111111111111108,14.168477777777774
858,105,152005,123002,1462,74,0.11111111111111108,14.168477777777774
859,105,152005,123002,1462,290,0.11111111111111108,14.168477777777774
860,105,152005,123002,1462,1653,0.11111111111111108,14.168477777777774
861,106,152005,151009,394,226,0.12499999999999997,95.85022499999998
862,106,152005,151009,394,239,0.12499999999999997,95.85022499999998
863,106,152005,151009,1463,394,0.12499999999999997,95.85022499999998
864,106,152005,151009,1463,226,0.12499999999999997,95.85022499999998
865,106,152005,151009,1463,239,0.12499999999999997,95.85022499999998
866,106,152005,151009,1462,394,0.12499999999999997,95.85022499999998
867,106,152005,151009,1462,226,0.12499999999999997,95.85022499999998
868,106,152005,151009,1462,239,0.12499999999999997,95.85022499999998
869,107,152005,151032,394,226,0.12499999999999997,27.858699999999992
870,107,152005,151032,394,31,0.12499999999999997,27.858699999999992
871,107,152005,151032,1463,394,0.12499999999999997,27.858699999999992
872,107,152005,151032,1463,226,0.12499999999999997,27.858699999999992
873,107,152005,151032,1463,31,0.12499999999999997,27.858699999999992
874,107,152005,151032,1462,394,0.12499999999999997,27.858699999999992
875,107,152005,151032,1462,226,0.12499999999999997,27.858699999999992
876,107,152005,151032,1462,31,0.12499999999999997,27.858699999999992
877,108,152005,151041,394,1114,0.12499999999999997,55.13274999999999
878,108,152005,151041,394,395,0.12499999999999997,55.13274999999999
879,108,152005,151041,394,1463,0.12499999999999997,55.13274999999999
880,108,152005,151041,1463,1114,0.12499999999999997,55.13274999999999
881,108,152005,151041,1463,395,0.12499999999999997,55.13274999999999
882,108,152005,151041,1462,1114,0.12499999999999997,55.13274999999999
883,108,152005,151041,1462,395,0.12499999999999997,55.13274999999999
884,108,152005,151041,1462,1463,0.12499999999999997,55.13274999999999
885,109,152005,152007,394,1463,0.16666666666666663,134.16636666666665
886,109,152005,152007,394,1462,0.16666666666666663,134.16636666666665
887,109,152005,152007,1463,394,0.16666666666666663,134.16636666666665
888,109,152005,152007,1463,1462,0.16666666666666663,134.16636666666665
889,109,152005,152007,1462,394,0.16666666666666663,134.16636666666665
890,109,152005,152007,1462,1463,0.16666666666666663,134.16636666666665
891,110,152005,153005,394,1463,0.12499999999999997,31.399949999999993
892,110,152005,153005,394,1114,0.12499999999999997,31.399949999999993
893,110,152005,153005,394,223,0.12499999999999997,31.399949999999993
894,110,152005,153005,1463,1114,0.12499999999999997,31.399949999999993
895,110,152005,153005,1463,223,0.12499999999999997,31.399949999999993
896,110,152005,153005,1462,1463,0.12499999999999997,31.399949999999993
897,110,152005,153005,1462,1114,0.12499999999999997,31.399949999999993
898,110,152005,153005,1462,223,0.12499999999999997,31.399949999999993
899,111,152005,153009,394,1463,0.14285714285714282,114.07882857142855
900,111,152005,153009,394,1462,0.14285714285714282,114.07882857142855
901,111,152005,153009,394,226,0.14285714285714282,114.07882857142855
902,111,152005,153009,1463,1462,0.14285714285714282,114.07882857142855
903,111,152005,153009,1463,226,0.14285714285714282,114.07882857142855
904,111,152005,153009,1462,1463,0.14285714285714282,114.07882857142855
905,111,152005,153009,1462,226,0.14285714285714282,114.07882857142855
906,112,152005,153010,394,1463,0.14285714285714282,146.6667714285714
907,112,152005,153010,394,1462,0.14285714285714282,146.6667714285714
908,112,152005,153010,394,226,0.14285714285714282,146.6667714285714
909,112,152005,153010,1463,1462,0.14285714285714282,146.6667714285714
910,112,152005,153010,1463,226,0.14285714285714282,146.6667714285714
911,112,152005,153010,1462,1463,0.14285714285714282,146.6667714285714
912,112,152005,153010,1462,226,0.14285714285714282,146.6667714285714
913,113,152005,153022,394,1114,0.12499999999999997,8.961362499999998
914,113,152005,153022,394,395,0.12499999999999997,8.961362499999998
915,113,152005,153022,394,1463,0.12499999999999997,8.961362499999998
916,113,152005,153022,1463,1114,0.12499999999999997,8.961362499999998
917,113,152005,153022,1463,395,0.12499999999999997,8.961362499999998
918,113,152005,153022,1462,1114,0.12499999999999997,8.961362499999998
919,113,152005,153022,1462,395,0.12499999999999997,8.961362499999998
920,113,152005,153022,1462,1463,0.12499999999999997,8.961362499999998
921,114,152005,243040,394,1085,0.3333333333333333,38.8636
922,114,152005,243040,1463,1085,0.3333333333333333,38.8636
923,114,152005,243040,1462,1085,0.3333333333333333,38.8636
924,115,152005,253002,394,182,0.11111111111111108,61.71325555555554
925,115,152005,253002,394,121,0.11111111111111108,61.71325555555554
926,115,152005,253002,394,118,0.11111111111111108,61.71325555555554
927,115,152005,253002,1463,182,0.11111111111111108,61.71325555555554
928,115,152005,253002,1463,121,0.11111111111111108,61.71325555555554
929,115,152005,253002,1463,118,0.11111111111111108,61.71325555555554
930,115,152005,253002,1462,182,0.11111111111111108,61.71325555555554
931,115,152005,253002,1462,121,0.11111111111111108,61.71325555555554
932,115,152005,253002,1462,118,0.11111111111111108,61.71325555555554
933,116,152005,284006,394,1249,0.11111111111111108,5.158244444444443
934,116,152005,284006,394,334,0.11111111111111108,5.158244444444443
935,116,152005,284006,394,1548,0.11111111111111108,5.158244444444443
936,116,152005,284006,1463,1249,0.11111111111111108,5.158244444444443
937,116,152005,284006,1463,334,0.11111111111111108,5.158244444444443
938,116,152005,284006,1463,1548,0.11111111111111108,5.158244444444443
939,116,152005,284006,1462,1249,0.11111111111111108,5.158244444444443
940,116,152005,284006,1462,334,0.11111111111111108,5.158244444444443
941,116,152005,284006,1462,1548,0.11111111111111108,5.158244444444443
942,117,152007,151019,394,1463,0.16666666666666663,22.005633333333332
943,117,152007,151019,394,1462,0.16666666666666663,22.005633333333332
944,117,152007,151019,1463,394,0.16666666666666663,22.005633333333332
945,117,152007,151019,1463,1462,0.16666666666666663,22.005633333333332
946,117,152007,151019,1462,394,0.16666666666666663,22.005633333333332
947,117,152007,151019,1462,1463,0.16666666666666663,22.005633333333332
948,118,152007,152005,394,1463,0.16666666666666663,101.55671666666665
949,118,152007,152005,394,1462,0.16666666666666663,101.55671666666665
950,118,152007,152005,1463,394,0.16666666666666663,101.55671666666665
951,118,152007,152005,1463,1462,0.16666666666666663,101.55671666666665
952,118,152007,152005,1462,394,0.16666666666666663,101.55671666666665
953,118,152007,152005,1462,1463,0.16666666666666663,101.55671666666665
954,119,152007,153009,394,1463,0.14285714285714282,90.5325714285714
955,119,152007,153009,394,1462,0.14285714285714282,90.5325714285714
956,119,152007,153009,394,226,0.14285714285714282,90.5325714285714
957,119,152007,153009,1463,1462,0.14285714285714282,90.5325714285714
958,119,152007,153009,1463,226,0.14285714285714282,90.5325714285714
959,119,152007,153009,1462,1463,0.14285714285714282,90.5325714285714
960,119,152007,153009,1462,226,0.14285714285714282,90.5325714285714
961,120,152007,153056,394,1463,0.14285714285714282,10.666357142857143
962,120,152007,153056,394,1462,0.14285714285714282,10.666357142857143
963,120,152007,153056,394,226,0.14285714285714282,10.666357142857143
964,120,152007,153056,1463,1462,0.14285714285714282,10.666357142857143
965,120,152007,153056,1463,226,0.14285714285714282,10.666357142857143
966,120,152007,153056,1462,1463,0.14285714285714282,10.666357142857143
967,120,152007,153056,1462,226,0.14285714285714282,10.666357142857143
968,121,152008,121005,394,74,0.11111111111111108,2.604655555555555
969,121,152008,121005,394,290,0.11111111111111108,2.604655555555555
970,121,152008,121005,394,170,0.11111111111111108,2.604655555555555
971,121,152008,121005,1463,74,0.11111111111111108,2.604655555555555
972,121,152008,121005,1463,290,0.11111111111111108,2.604655555555555
973,121,152008,121005,1463,170,0.11111111111111108,2.604655555555555
974,121,152008,121005,1462,74,0.11111111111111108,2.604655555555555
975,121,152008,121005,1462,290,0.11111111111111108,2.604655555555555
976,121,152008,121005,1462,170,0.11111111111111108,2.604655555555555
977,122,152008,151025,394,226,0.12499999999999997,35.93289999999999
978,122,152008,151025,394,31,0.12499999999999997,35.93289999999999
979,122,152008,151025,1463,394,0.12499999999999997,35.93289999999999
980,122,152008,151025,1463,226,0.12499999999999997,35.93289999999999
981,122,152008,151025,1463,31,0.12499999999999997,35.93289999999999
982,122,152008,151025,1462,394,0.12499999999999997,35.93289999999999
983,122,152008,151025,1462,226,0.12499999999999997,35.93289999999999
984,122,152008,151025,1462,31,0.12499999999999997,35.93289999999999
985,123,152008,153009,394,1463,0.14285714285714282,87.22148571428569
986,123,152008,153009,394,1462,0.14285714285714282,87.22148571428569
987,123,152008,153009,394,226,0.14285714285714282,87.22148571428569
988,123,152008,153009,1463,1462,0.14285714285714282,87.22148571428569
989,123,152008,153009,1463,226,0.14285714285714282,87.22148571428569
990,123,152008,153009,1462,1463,0.14285714285714282,87.22148571428569
991,123,152008,153009,1462,226,0.14285714285714282,87.22148571428569
992,124,152008,153015,394,1114,0.12499999999999997,13.136049999999996
993,124,152008,153015,394,395,0.12499999999999997,13.136049999999996
994,124,152008,153015,394,1463,0.12499999999999997,13.136049999999996
995,124,152008,153015,1463,1114,0.12499999999999997,13.136049999999996
996,124,152008,153015,1463,395,0.12499999999999997,13.136049999999996
997,124,152008,153015,1462,1114,0.12499999999999997,13.136049999999996
998,124,152008,153015,1462,395,0.12499999999999997,13.136049999999996
999,124,152008,153015,1462,1463,0.12499999999999997,13.136049999999996
1000,125,152008,153018,394,1463,0.14285714285714282,21.153799999999997
1001,125,152008,153018,394,1462,0.14285714285714282,21.153799999999997
1002,125,152008,153018,394,226,0.14285714285714282,21.153799999999997
1003,125,152008,153018,1463,1462,0.14285714285714282,21.153799999999997
1004,125,152008,153018,1463,226,0.14285714285714282,21.153799999999997
1005,125,152008,153018,1462,1463,0.14285714285714282,21.153799999999997
1006,125,152008,153018,1462,226,0.14285714285714282,21.153799999999997
1007,126,152008,153027,394,1463,0.14285714285714282,18.517671428571425
1008,126,152008,153027,394,1462,0.14285714285714282,18.517671428571425
1009,126,152008,153027,394,226,0.14285714285714282,18.517671428571425
1010,126,152008,153027,1463,1462,0.14285714285714282,18.517671428571425
1011,126,152008,153027,1463,226,0.14285714285714282,18.517671428571425
1012,126,152008,153027,1462,1463,0.14285714285714282,18.517671428571425
1013,126,152008,153027,1462,226,0.14285714285714282,18.517671428571425
1014,127,153005,152005,1463,394,0.12499999999999997,31.399949999999993
1015,127,153005,152005,1463,1462,0.12499999999999997,31.399949999999993
1016,127,153005,152005,1114,394,0.12499999999999997,31.399949999999993
1017,127,153005,152005,1114,1463,0.12499999999999997,31.399949999999993
1018,127,153005,152005,1114,1462,0.12499999999999997,31.399949999999993
1019,127,153005,152005,223,394,0.12499999999999997,31.399949999999993
1020,127,153005,152005,223,1463,0.12499999999999997,31.399949999999993
1021,127,153005,152005,223,1462,0.12499999999999997,31.399949999999993
1022,128,153007,247006,1114,1139,0.11111111111111108,3.553188888888888
1023,128,153007,247006,1114,313,0.11111111111111108,3.553188888888888
1024,128,153007,247006,1114,1136,0.11111111111111108,3.553188888888888
1025,128,153007,247006,1463,1139,0.11111111111111108,3.553188888888888
1026,128,153007,247006,1463,313,0.11111111111111108,3.553188888888888
1027,128,153007,247006,1463,1136,0.11111111111111108,3.553188888888888
1028,128,153007,247006,223,1139,0.11111111111111108,3.553188888888888
1029,128,153007,247006,223,313,0.11111111111111108,3.553188888888888
1030,128,153007,247006,223,1136,0.11111111111111108,3.553188888888888
1031,129,153008,152001,1463,394,0.14285714285714282,39.99338571428571
1032,129,153008,152001,1463,1462,0.14285714285714282,39.99338571428571
1033,129,153008,152001,1462,394,0.14285714285714282,39.99338571428571
1034,129,153008,152001,1462,1463,0.14285714285714282,39.99338571428571
1035,129,153008,152001,226,394,0.14285714285714282,39.99338571428571
1036,129,153008,152001,226,1463,0.14285714285714282,39.99338571428571
1037,129,153008,152001,226,1462,0.14285714285714282,39.99338571428571
1038,130,153009,151019,1463,394,0.14285714285714282,12.7064244540547
1039,130,153009,151019,1463,1462,0.14285714285714282,12.7064244540547
1040,130,153009,151019,1462,394,0.14285714285714282,12.7064244540547
1041,130,153009,151019,1462,1463,0.14285714285714282,12.7064244540547
1042,130,153009,151019,226,394,0.14285714285714282,12.7064244540547
1043,130,153009,151019,226,1463,0.14285714285714282,12.7064244540547
1044,130,153009,151019,226,1462,0.14285714285714282,12.7064244540547
1045,131,153009,152005,1463,394,0.14285714285714282,194.8587857142857
1046,131,153009,152005,1463,1462,0.14285714285714282,194.8587857142857
1047,131,153009,152005,1462,394,0.14285714285714282,194.8587857142857
1048,131,153009,152005,1462,1463,0.14285714285714282,194.8587857142857
1049,131,153009,152005,226,394,0.14285714285714282,194.8587857142857
1050,131,153009,152005,226,1463,0.14285714285714282,194.8587857142857
1051,131,153009,152005,226,1462,0.14285714285714282,194.8587857142857
1052,132,153009,152008,1463,394,0.14285714285714282,77.82554285714285
1053,132,153009,152008,1463,1462,0.14285714285714282,77.82554285714285
1054,132,153009,152008,1462,394,0.14285714285714282,77.82554285714285
1055,132,153009,152008,1462,1463,0.14285714285714282,77.82554285714285
1056,132,153009,152008,226,394,0.14285714285714282,77.82554285714285
1057,132,153009,152008,226,1463,0.14285714285714282,77.82554285714285
1058,132,153009,152008,226,1462,0.14285714285714282,77.82554285714285
1059,133,153010,151019,1463,394,0.14285714285714282,50.99263119302064
1060,133,153010,151019,1463,1462,0.14285714285714282,50.99263119302064
1061,133,153010,151019,1462,394,0.14285714285714282,50.99263119302064
1062,133,153010,151019,1462,1463,0.14285714285714282,50.99263119302064
1063,133,153010,151019,226,394,0.14285714285714282,50.99263119302064
1064,133,153010,151019,226,1463,0.14285714285714282,50.99263119302064
1065,133,153010,151019,226,1462,0.14285714285714282,50.99263119302064
1066,134,153010,152005,1463,394,0.14285714285714282,126.01771428571426
1067,134,153010,152005,1463,1462,0.14285714285714282,126.01771428571426
1068,134,153010,152005,1462,394,0.14285714285714282,126.01771428571426
1069,134,153010,152005,1462,1463,0.14285714285714282,126.01771428571426
1070,134,153010,152005,226,394,0.14285714285714282,126.01771428571426
1071,134,153010,152005,226,1463,0.14285714285714282,126.01771428571426
1072,134,153010,152005,226,1462,0.14285714285714282,126.01771428571426
1073,135,153010,152008,1463,394,0.14285714285714282,32.10567142857142
1074,135,153010,152008,1463,1462,0.14285714285714282,32.10567142857142
1075,135,153010,152008,1462,394,0.14285714285714282,32.10567142857142
1076,135,153010,152008,1462,1463,0.14285714285714282,32.10567142857142
1077,135,153010,152008,226,394,0.14285714285714282,32.10567142857142
1078,135,153010,152008,226,1463,0.14285714285714282,32.10567142857142
1079,135,153010,152008,226,1462,0.14285714285714282,32.10567142857142
1080,136,153010,215005,1463,327,0.11111111111111108,7.9656555555555535
1081,136,153010,215005,1463,1681,0.11111111111111108,7.9656555555555535
1082,136,153010,215005,1463,1116,0.11111111111111108,7.9656555555555535
1083,136,153010,215005,1462,327,0.11111111111111108,7.9656555555555535
1084,136,153010,215005,1462,1681,0.11111111111111108,7.9656555555555535
1085,136,153010,215005,1462,1116,0.11111111111111108,7.9656555555555535
1086,136,153010,215005,226,327,0.11111111111111108,7.9656555555555535
1087,136,153010,215005,226,1681,0.11111111111111108,7.9656555555555535
1088,136,153010,215005,226,1116,0.11111111111111108,7.9656555555555535
1089,137,153010,236011,1463,358,0.16666666666666669,72.92876666666668
1090,137,153010,236011,1463,1333,0.16666666666666669,72.92876666666668
1091,137,153010,236011,1462,358,0.16666666666666669,72.92876666666668
1092,137,153010,236011,1462,1333,0.16666666666666669,72.92876666666668
1093,137,153010,236011,226,358,0.16666666666666669,72.92876666666668
1094,137,153010,236011,226,1333,0.16666666666666669,72.92876666666668
1095,138,153010,242046,1463,427,0.11111111111111108,101.39649999999996
1096,138,153010,242046,1463,480,0.11111111111111108,101.39649999999996
1097,138,153010,242046,1463,493,0.11111111111111108,101.39649999999996
1098,138,153010,242046,1462,427,0.11111111111111108,101.39649999999996
1099,138,153010,242046,1462,480,0.11111111111111108,101.39649999999996
1100,138,153010,242046,1462,493,0.11111111111111108,101.39649999999996
1101,138,153010,242046,226,427,0.11111111111111108,101.39649999999996
1102,138,153010,242046,226,480,0.11111111111111108,101.39649999999996
1103,138,153010,242046,226,493,0.11111111111111108,101.39649999999996
1104,139,153012,152004,1463,394,0.11111111111111108,41.97358888888888
1105,139,153012,152004,1463,223,0.11111111111111108,41.97358888888888
1106,139,153012,152004,1463,239,0.11111111111111108,41.97358888888888
1107,139,153012,152004,1462,394,0.11111111111111108,41.97358888888888
1108,139,153012,152004,1462,223,0.11111111111111108,41.97358888888888
1109,139,153012,152004,1462,239,0.11111111111111108,41.97358888888888
1110,139,153012,152004,226,394,0.11111111111111108,41.97358888888888
1111,139,153012,152004,226,223,0.11111111111111108,41.97358888888888
1112,139,153012,152004,226,239,0.11111111111111108,41.97358888888888
1113,140,153012,153043,1463,394,0.14285714285714282,12.764685714285712
1114,140,153012,153043,1463,1462,0.14285714285714282,12.764685714285712
1115,140,153012,153043,1462,394,0.14285714285714282,12.764685714285712
1116,140,153012,153043,1462,1463,0.14285714285714282,12.764685714285712
1117,140,153012,153043,226,394,0.14285714285714282,12.764685714285712
1118,140,153012,153043,226,1463,0.14285714285714282,12.764685714285712
1119,140,153012,153043,226,1462,0.14285714285714282,12.764685714285712
1120,141,153012,211018,1463,835,0.11111111111111108,70.40283333333332
1121,141,153012,211018,1463,1386,0.11111111111111108,70.40283333333332
1122,141,153012,211018,1463,1106,0.11111111111111108,70.40283333333332
1123,141,153012,211018,1462,835,0.11111111111111108,70.40283333333332
1124,141,153012,211018,1462,1386,0.11111111111111108,70.40283333333332
1125,141,153012,211018,1462,1106,0.11111111111111108,70.40283333333332
1126,141,153012,211018,226,835,0.11111111111111108,70.40283333333332
1127,141,153012,211018,226,1386,0.11111111111111108,70.40283333333332
1128,141,153012,211018,226,1106,0.11111111111111108,70.40283333333332
1129,142,153012,212011,1463,434,0.11111111111111108,8.05293333333333
1130,142,153012,212011,1463,1110,0.11111111111111108,8.05293333333333
1131,142,153012,212011,1463,1123,0.11111111111111108,8.05293333333333
1132,142,153012,212011,1462,434,0.11111111111111108,8.05293333333333
1133,142,153012,212011,1462,1110,0.11111111111111108,8.05293333333333
1134,142,153012,212011,1462,1123,0.11111111111111108,8.05293333333333
1135,142,153012,212011,226,434,0.11111111111111108,8.05293333333333
1136,142,153012,212011,226,1110,0.11111111111111108,8.05293333333333
1137,142,153012,212011,226,1123,0.11111111111111108,8.05293333333333
1138,143,153013,242037,1463,426,0.16666666666666669,13.984966666666669
1139,143,153013,242037,1463,473,0.16666666666666669,13.984966666666669
1140,143,153013,242037,1114,426,0.16666666666666669,13.984966666666669
1141,143,153013,242037,1114,473,0.16666666666666669,13.984966666666669
1142,143,153013,242037,223,426,0.16666666666666669,13.984966666666669
1143,143,153013,242037,223,473,0.16666666666666669,13.984966666666669
1144,144,153015,152008,1114,394,0.12499999999999997,10.793137499999997
1145,144,153015,152008,1114,1463,0.12499999999999997,10.793137499999997
1146,144,153015,152008,1114,1462,0.12499999999999997,10.793137499999997
1147,144,153015,152008,395,394,0.12499999999999997,10.793137499999997
1148,144,153015,152008,395,1463,0.12499999999999997,10.793137499999997
1149,144,153015,152008,395,1462,0.12499999999999997,10.793137499999997
1150,144,153015,152008,1463,394,0.12499999999999997,10.793137499999997
1151,144,153015,152008,1463,1462,0.12499999999999997,10.793137499999997
1152,145,153015,212016,1114,1107,0.11111111111111108,8.05293333333333
1153,145,153015,212016,1114,1101,0.11111111111111108,8.05293333333333
1154,145,153015,212016,1114,830,0.11111111111111108,8.05293333333333
1155,145,153015,212016,395,1107,0.11111111111111108,8.05293333333333
1156,145,153015,212016,395,1101,0.11111111111111108,8.05293333333333
1157,145,153015,212016,395,830,0.11111111111111108,8.05293333333333
1158,145,153015,212016,1463,1107,0.11111111111111108,8.05293333333333
1159,145,153015,212016,1463,1101,0.11111111111111108,8.05293333333333
1160,145,153015,212016,1463,830,0.11111111111111108,8.05293333333333
1161,146,153016,151019,1463,394,0.14285714285714282,19.35638571428571
1162,146,153016,151019,1463,1462,0.14285714285714282,19.35638571428571
1163,146,153016,151019,1462,394,0.14285714285714282,19.35638571428571
1164,146,153016,151019,1462,1463,0.14285714285714282,19.35638571428571
1165,146,153016,151019,226,394,0.14285714285714282,19.35638571428571
1166,146,153016,151019,226,1463,0.14285714285714282,19.35638571428571
1167,146,153016,151019,226,1462,0.14285714285714282,19.35638571428571
1168,147,153016,221007,1463,211,0.11111111111111108,27.896733333333326
1169,147,153016,221007,1463,769,0.11111111111111108,27.896733333333326
1170,147,153016,221007,1463,1618,0.11111111111111108,27.896733333333326
1171,147,153016,221007,1462,211,0.11111111111111108,27.896733333333326
1172,147,153016,221007,1462,769,0.11111111111111108,27.896733333333326
1173,147,153016,221007,1462,1618,0.11111111111111108,27.896733333333326
1174,147,153016,221007,226,211,0.11111111111111108,27.896733333333326
1175,147,153016,221007,226,769,0.11111111111111108,27.896733333333326
1176,147,153016,221007,226,1618,0.11111111111111108,27.896733333333326
1177,148,153017,151019,1463,394,0.14285714285714282,7.382814285714284
1178,148,153017,151019,1463,1462,0.14285714285714282,7.382814285714284
1179,148,153017,151019,1462,394,0.14285714285714282,7.382814285714284
1180,148,153017,151019,1462,1463,0.14285714285714282,7.382814285714284
1181,148,153017,151019,226,394,0.14285714285714282,7.382814285714284
1182,148,153017,151019,226,1463,0.14285714285714282,7.382814285714284
1183,148,153017,151019,226,1462,0.14285714285714282,7.382814285714284
1184,149,153017,152004,1463,394,0.11111111111111108,102.14049999999996
1185,149,153017,152004,1463,223,0.11111111111111108,102.14049999999996
1186,149,153017,152004,1463,239,0.11111111111111108,102.14049999999996
1187,149,153017,152004,1462,394,0.11111111111111108,102.14049999999996
1188,149,153017,152004,1462,223,0.11111111111111108,102.14049999999996
1189,149,153017,152004,1462,239,0.11111111111111108,102.14049999999996
1190,149,153017,152004,226,394,0.11111111111111108,102.14049999999996
1191,149,153017,152004,226,223,0.11111111111111108,102.14049999999996
1192,149,153017,152004,226,239,0.11111111111111108,102.14049999999996
1193,150,153018,152008,1463,394,0.14285714285714282,21.153799999999997
1194,150,153018,152008,1463,1462,0.14285714285714282,21.153799999999997
1195,150,153018,152008,1462,394,0.14285714285714282,21.153799999999997
1196,150,153018,152008,1462,1463,0.14285714285714282,21.153799999999997
1197,150,153018,152008,226,394,0.14285714285714282,21.153799999999997
1198,150,153018,152008,226,1463,0.14285714285714282,21.153799999999997
1199,150,153018,152008,226,1462,0.14285714285714282,21.153799999999997
1200,151,153022,113005,1114,74,0.11111111111111108,55.30139999999999
1201,151,153022,113005,1114,1608,0.11111111111111108,55.30139999999999
1202,151,153022,113005,1114,170,0.11111111111111108,55.30139999999999
1203,151,153022,113005,395,74,0.11111111111111108,55.30139999999999
1204,151,153022,113005,395,1608,0.11111111111111108,55.30139999999999
1205,151,153022,113005,395,170,0.11111111111111108,55.30139999999999
1206,151,153022,113005,1463,74,0.11111111111111108,55.30139999999999
1207,151,153022,113005,1463,1608,0.11111111111111108,55.30139999999999
1208,151,153022,113005,1463,170,0.11111111111111108,55.30139999999999
1209,152,153022,151019,1114,394,0.12499999999999997,13.499924999999998
1210,152,153022,151019,1114,1463,0.12499999999999997,13.499924999999998
1211,152,153022,151019,1114,1462,0.12499999999999997,13.499924999999998
1212,152,153022,151019,395,394,0.12499999999999997,13.499924999999998
1213,152,153022,151019,395,1463,0.12499999999999997,13.499924999999998
1214,152,153022,151019,395,1462,0.12499999999999997,13.499924999999998
1215,152,153022,151019,1463,394,0.12499999999999997,13.499924999999998
1216,152,153022,151019,1463,1462,0.12499999999999997,13.499924999999998
1217,153,153022,152005,1114,394,0.12499999999999997,8.961362499999998
1218,153,153022,152005,1114,1463,0.12499999999999997,8.961362499999998
1219,153,153022,152005,1114,1462,0.12499999999999997,8.961362499999998
1220,153,153022,152005,395,394,0.12499999999999997,8.961362499999998
1221,153,153022,152005,395,1463,0.12499999999999997,8.961362499999998
1222,153,153022,152005,395,1462,0.12499999999999997,8.961362499999998
1223,153,153022,152005,1463,394,0.12499999999999997,8.961362499999998
1224,153,153022,152005,1463,1462,0.12499999999999997,8.961362499999998
1225,154,153022,211018,1114,835,0.11111111111111108,6.8848857035043975
1226,154,153022,211018,1114,1386,0.11111111111111108,6.8848857035043975
1227,154,153022,211018,1114,1106,0.11111111111111108,6.8848857035043975
1228,154,153022,211018,395,835,0.11111111111111108,6.8848857035043975
1229,154,153022,211018,395,1386,0.11111111111111108,6.8848857035043975
1230,154,153022,211018,395,1106,0.11111111111111108,6.8848857035043975
1231,154,153022,211018,1463,835,0.11111111111111108,6.8848857035043975
1232,154,153022,211018,1463,1386,0.11111111111111108,6.8848857035043975
1233,154,153022,211018,1463,1106,0.11111111111111108,6.8848857035043975
1234,155,153022,215001,1114,1116,0.11111111111111108,7.9057999999999975
1235,155,153022,215001,1114,1510,0.11111111111111108,7.9057999999999975
1236,155,153022,215001,1114,1118,0.11111111111111108,7.9057999999999975
1237,155,153022,215001,395,1116,0.11111111111111108,7.9057999999999975
1238,155,153022,215001,395,1510,0.11111111111111108,7.9057999999999975
1239,155,153022,215001,395,1118,0.11111111111111108,7.9057999999999975
1240,155,153022,215001,1463,1116,0.11111111111111108,7.9057999999999975
1241,155,153022,215001,1463,1510,0.11111111111111108,7.9057999999999975
1242,155,153022,215001,1463,1118,0.11111111111111108,7.9057999999999975
1243,156,153022,236015,1114,358,0.3333333333333333,22.4696
1244,156,153022,236015,395,358,0.3333333333333333,22.4696
1245,156,153022,236015,1463,358,0.3333333333333333,22.4696
1246,157,153022,252001,1114,202,0.11111111111111108,7.9057999999999975
1247,157,153022,252001,1114,1399,0.11111111111111108,7.9057999999999975
1248,157,153022,252001,1114,195,0.11111111111111108,7.9057999999999975
1249,157,153022,252001,395,202,0.11111111111111108,7.9057999999999975
1250,157,153022,252001,395,1399,0.11111111111111108,7.9057999999999975
1251,157,153022,252001,395,195,0.11111111111111108,7.9057999999999975
1252,157,153022,252001,1463,202,0.11111111111111108,7.9057999999999975
1253,157,153022,252001,1463,1399,0.11111111111111108,7.9057999999999975
1254,157,153022,252001,1463,195,0.11111111111111108,7.9057999999999975
1255,158,153027,152008,1463,394,0.14285714285714282,18.517671428571425
1256,158,153027,152008,1463,1462,0.14285714285714282,18.517671428571425
1257,158,153027,152008,1462,394,0.14285714285714282,18.517671428571425
1258,158,153027,152008,1462,1463,0.14285714285714282,18.517671428571425
1259,158,153027,152008,226,394,0.14285714285714282,18.517671428571425
1260,158,153027,152008,226,1463,0.14285714285714282,18.517671428571425
1261,158,153027,152008,226,1462,0.14285714285714282,18.517671428571425
1262,159,153027,243008,1463,1205,0.16666666666666669,13.752066666666668
1263,159,153027,243008,1463,496,0.16666666666666669,13.752066666666668
1264,159,153027,243008,1462,1205,0.16666666666666669,13.752066666666668
1265,159,153027,243008,1462,496,0.16666666666666669,13.752066666666668
1266,159,153027,243008,226,1205,0.16666666666666669,13.752066666666668
1267,159,153027,243008,226,496,0.16666666666666669,13.752066666666668
1268,160,153029,114005,1463,74,0.11111111111111108,1.2052666666666665
1269,160,153029,114005,1463,1310,0.11111111111111108,1.2052666666666665
1270,160,153029,114005,1463,170,0.11111111111111108,1.2052666666666665
1271,160,153029,114005,1114,74,0.11111111111111108,1.2052666666666665
1272,160,153029,114005,1114,1310,0.11111111111111108,1.2052666666666665
1273,160,153029,114005,1114,170,0.11111111111111108,1.2052666666666665
1274,160,153029,114005,223,74,0.11111111111111108,1.2052666666666665
1275,160,153029,114005,223,1310,0.11111111111111108,1.2052666666666665
1276,160,153029,114005,223,170,0.11111111111111108,1.2052666666666665
1277,161,153029,123002,1463,74,0.11111111111111108,15.627544444444439
1278,161,153029,123002,1463,290,0.11111111111111108,15.627544444444439
1279,161,153029,123002,1463,1653,0.11111111111111108,15.627544444444439
1280,161,153029,123002,1114,74,0.11111111111111108,15.627544444444439
1281,161,153029,123002,1114,290,0.11111111111111108,15.627544444444439
1282,161,153029,123002,1114,1653,0.11111111111111108,15.627544444444439
1283,161,153029,123002,223,74,0.11111111111111108,15.627544444444439
1284,161,153029,123002,223,290,0.11111111111111108,15.627544444444439
1285,161,153029,123002,223,1653,0.11111111111111108,15.627544444444439
1286,162,153029,151003,1463,394,0.11111111111111108,12.677311111111106
1287,162,153029,151003,1463,226,0.11111111111111108,12.677311111111106
1288,162,153029,151003,1463,239,0.11111111111111108,12.677311111111106
1289,162,153029,151003,1114,394,0.11111111111111108,12.677311111111106
1290,162,153029,151003,1114,226,0.11111111111111108,12.677311111111106
1291,162,153029,151003,1114,239,0.11111111111111108,12.677311111111106
1292,162,153029,151003,223,394,0.11111111111111108,12.677311111111106
1293,162,153029,151003,223,226,0.11111111111111108,12.677311111111106
1294,162,153029,151003,223,239,0.11111111111111108,12.677311111111106
1295,163,153029,151021,1463,394,0.12499999999999997,213.43592736330316
1296,163,153029,151021,1463,223,0.12499999999999997,213.43592736330316
1297,163,153029,151021,1463,239,0.12499999999999997,213.43592736330316
1298,163,153029,151021,1114,394,0.12499999999999997,213.43592736330316
1299,163,153029,151021,1114,223,0.12499999999999997,213.43592736330316
1300,163,153029,151021,1114,239,0.12499999999999997,213.43592736330316
1301,163,153029,151021,223,394,0.12499999999999997,213.43592736330316
1302,163,153029,151021,223,239,0.12499999999999997,213.43592736330316
1303,164,153029,245011,1463,470,0.11111111111111108,24.00735555555555
1304,164,153029,245011,1463,503,0.11111111111111108,24.00735555555555
1305,164,153029,245011,1463,508,0.11111111111111108,24.00735555555555
1306,164,153029,245011,1114,470,0.11111111111111108,24.00735555555555
1307,164,153029,245011,1114,503,0.11111111111111108,24.00735555555555
1308,164,153029,245011,1114,508,0.11111111111111108,24.00735555555555
1309,164,153029,245011,223,470,0.11111111111111108,24.00735555555555
1310,164,153029,245011,223,503,0.11111111111111108,24.00735555555555
1311,164,153029,245011,223,508,0.11111111111111108,24.00735555555555
1312,165,153037,151019,1463,394,0.14285714285714282,9.632890572857427
1313,165,153037,151019,1463,1462,0.14285714285714282,9.632890572857427
1314,165,153037,151019,395,394,0.14285714285714282,9.632890572857427
1315,165,153037,151019,395,1463,0.14285714285714282,9.632890572857427
1316,165,153037,151019,395,1462,0.14285714285714282,9.632890572857427
1317,165,153037,151019,1462,394,0.14285714285714282,9.632890572857427
1318,165,153037,151019,1462,1463,0.14285714285714282,9.632890572857427
1319,166,153037,236009,1463,991,0.3333333333333333,25.650866666666666
1320,166,153037,236009,395,991,0.3333333333333333,25.650866666666666
1321,166,153037,236009,1462,991,0.3333333333333333,25.650866666666666
1322,167,153037,266021,1463,266,0.11111111111111108,15.202455555555552
1323,167,153037,266021,1463,865,0.11111111111111108,15.202455555555552
1324,167,153037,266021,1463,278,0.11111111111111108,15.202455555555552
1325,167,153037,266021,395,266,0.11111111111111108,15.202455555555552
1326,167,153037,266021,395,865,0.11111111111111108,15.202455555555552
1327,167,153037,266021,395,278,0.11111111111111108,15.202455555555552
1328,167,153037,266021,1462,266,0.11111111111111108,15.202455555555552
1329,167,153037,266021,1462,865,0.11111111111111108,15.202455555555552
1330,167,153037,266021,1462,278,0.11111111111111108,15.202455555555552
1331,168,153038,227002,1463,454,0.3333333333333333,13.113433333333333
1332,168,153038,227002,1462,454,0.3333333333333333,13.113433333333333
1333,168,153038,227002,226,454,0.3333333333333333,13.113433333333333
1334,169,153039,147002,1463,394,0.11111111111111108,62.87105555555554
1335,169,153039,147002,1463,1114,0.11111111111111108,62.87105555555554
1336,169,153039,147002,1463,651,0.11111111111111108,62.87105555555554
1337,169,153039,147002,395,394,0.11111111111111108,62.87105555555554
1338,169,153039,147002,395,1114,0.11111111111111108,62.87105555555554
1339,169,153039,147002,395,651,0.11111111111111108,62.87105555555554
1340,169,153039,147002,1462,394,0.11111111111111108,62.87105555555554
1341,169,153039,147002,1462,1114,0.11111111111111108,62.87105555555554
1342,169,153039,147002,1462,651,0.11111111111111108,62.87105555555554
1343,170,153041,151019,1463,394,0.14285714285714282,30.620342857142848
1344,170,153041,151019,1463,1462,0.14285714285714282,30.620342857142848
1345,170,153041,151019,1462,394,0.14285714285714282,30.620342857142848
1346,170,153041,151019,1462,1463,0.14285714285714282,30.620342857142848
1347,170,153041,151019,226,394,0.14285714285714282,30.620342857142848
1348,170,153041,151019,226,1463,0.14285714285714282,30.620342857142848
1349,170,153041,151019,226,1462,0.14285714285714282,30.620342857142848
1350,171,153043,153012,394,1463,0.14285714285714282,11.435214285714283
1351,171,153043,153012,394,1462,0.14285714285714282,11.435214285714283
1352,171,153043,153012,394,226,0.14285714285714282,11.435214285714283
1353,171,153043,153012,1463,1462,0.14285714285714282,11.435214285714283
1354,171,153043,153012,1463,226,0.14285714285714282,11.435214285714283
1355,171,153043,153012,1462,1463,0.14285714285714282,11.435214285714283
1356,171,153043,153012,1462,226,0.14285714285714282,11.435214285714283
1357,172,153046,236011,394,358,0.16666666666666669,43.540666666666674
1358,172,153046,236011,394,1333,0.16666666666666669,43.540666666666674
1359,172,153046,236011,1463,358,0.16666666666666669,43.540666666666674
1360,172,153046,236011,1463,1333,0.16666666666666669,43.540666666666674
1361,172,153046,236011,1462,358,0.16666666666666669,43.540666666666674
1362,172,153046,236011,1462,1333,0.16666666666666669,43.540666666666674
1363,173,153049,151019,1463,394,0.14285714285714282,28.823771428571423
1364,173,153049,151019,1463,1462,0.14285714285714282,28.823771428571423
1365,173,153049,151019,395,394,0.14285714285714282,28.823771428571423
1366,173,153049,151019,395,1463,0.14285714285714282,28.823771428571423
1367,173,153049,151019,395,1462,0.14285714285714282,28.823771428571423
1368,173,153049,151019,1462,394,0.14285714285714282,28.823771428571423
1369,173,153049,151019,1462,1463,0.14285714285714282,28.823771428571423
1370,174,153052,121005,394,74,0.11111111111111108,0.09914444444444441
1371,174,153052,121005,394,290,0.11111111111111108,0.09914444444444441
1372,174,153052,121005,394,170,0.11111111111111108,0.09914444444444441
1373,174,153052,121005,1463,74,0.11111111111111108,0.09914444444444441
1374,174,153052,121005,1463,290,0.11111111111111108,0.09914444444444441
1375,174,153052,121005,1463,170,0.11111111111111108,0.09914444444444441
1376,174,153052,121005,1462,74,0.11111111111111108,0.09914444444444441
1377,174,153052,121005,1462,290,0.11111111111111108,0.09914444444444441
1378,174,153052,121005,1462,170,0.11111111111111108,0.09914444444444441
1379,175,153052,151008,394,226,0.12499999999999997,166.75111249999998
1380,175,153052,151008,394,31,0.12499999999999997,166.75111249999998
1381,175,153052,151008,1463,394,0.12499999999999997,166.75111249999998
1382,175,153052,151008,1463,226,0.12499999999999997,166.75111249999998
1383,175,153052,151008,1463,31,0.12499999999999997,166.75111249999998
1384,175,153052,151008,1462,394,0.12499999999999997,166.75111249999998
1385,175,153052,151008,1462,226,0.12499999999999997,166.75111249999998
1386,175,153052,151008,1462,31,0.12499999999999997,166.75111249999998
1387,176,153052,244029,394,1469,0.11111111111111108,9.262077777777776
1388,176,153052,244029,394,482,0.11111111111111108,9.262077777777776
1389,176,153052,244029,394,1088,0.11111111111111108,9.262077777777776
1390,176,153052,244029,1463,1469,0.11111111111111108,9.262077777777776
1391,176,153052,244029,1463,482,0.11111111111111108,9.262077777777776
1392,176,153052,244029,1463,1088,0.11111111111111108,9.262077777777776
1393,176,153052,244029,1462,1469,0.11111111111111108,9.262077777777776
1394,176,153052,244029,1462,482,0.11111111111111108,9.262077777777776
1395,176,153052,244029,1462,1088,0.11111111111111108,9.262077777777776
1396,177,153052,253010,394,1454,0.11111111111111108,0.7926555555555552
1397,177,153052,253010,394,705,0.11111111111111108,0.7926555555555552
1398,177,153052,253010,394,196,0.11111111111111108,0.7926555555555552
1399,177,153052,253010,1463,1454,0.11111111111111108,0.7926555555555552
1400,177,153052,253010,1463,705,0.11111111111111108,0.7926555555555552
1401,177,153052,253010,1463,196,0.11111111111111108,0.7926555555555552
1402,177,153052,253010,1462,1454,0.11111111111111108,0.7926555555555552
1403,177,153052,253010,1462,705,0.11111111111111108,0.7926555555555552
1404,177,153052,253010,1462,196,0.11111111111111108,0.7926555555555552
1405,178,153055,151019,1463,394,0.14285714285714282,21.153799999999997
1406,178,153055,151019,1463,1462,0.14285714285714282,21.153799999999997
1407,178,153055,151019,1462,394,0.14285714285714282,21.153799999999997
1408,178,153055,151019,1462,1463,0.14285714285714282,21.153799999999997
1409,178,153055,151019,226,394,0.14285714285714282,21.153799999999997
1410,178,153055,151019,226,1463,0.14285714285714282,21.153799999999997
1411,178,153055,151019,226,1462,0.14285714285714282,21.153799999999997
1412,179,153056,121020,1463,74,0.11111111111111108,12.954533333333329
1413,179,153056,121020,1463,290,0.11111111111111108,12.954533333333329
1414,179,153056,121020,1463,1653,0.11111111111111108,12.954533333333329
1415,179,153056,121020,1462,74,0.11111111111111108,12.954533333333329
1416,179,153056,121020,1462,290,0.11111111111111108,12.954533333333329
1417,179,153056,121020,1462,1653,0.11111111111111108,12.954533333333329
1418,179,153056,121020,226,74,0.11111111111111108,12.954533333333329
1419,179,153056,121020,226,290,0.11111111111111108,12.954533333333329
1420,179,153056,121020,226,1653,0.11111111111111108,12.954533333333329
1421,180,153056,152007,1463,394,0.14285714285714282,113.43574285714284
1422,180,153056,152007,1463,1462,0.14285714285714282,113.43574285714284
1423,180,153056,152007,1462,394,0.14285714285714282,113.43574285714284
1424,180,153056,152007,1462,1463,0.14285714285714282,113.43574285714284
1425,180,153056,152007,226,394,0.14285714285714282,113.43574285714284
1426,180,153056,152007,226,1463,0.14285714285714282,113.43574285714284
1427,180,153056,152007,226,1462,0.14285714285714282,113.43574285714284
1428,181,211006,221008,955,1049,0.3333333333333333,35.5668
1429,181,211006,221008,955,1642,0.3333333333333333,35.5668
1430,181,211006,221008,955,1050,0.3333333333333333,35.5668
1431,182,211006,267034,955,132,0.5,43.08495
1432,182,211006,267034,955,131,0.5,43.08495
1433,183,211007,265018,955,866,0.11111111111111108,38.178655555555544
1434,183,211007,265018,955,773,0.11111111111111108,38.178655555555544
1435,183,211007,265018,955,865,0.11111111111111108,38.178655555555544
1436,183,211007,265018,1304,866,0.11111111111111108,38.178655555555544
1437,183,211007,265018,1304,773,0.11111111111111108,38.178655555555544
1438,183,211007,265018,1304,865,0.11111111111111108,38.178655555555544
1439,183,211007,265018,802,866,0.11111111111111108,38.178655555555544
1440,183,211007,265018,802,773,0.11111111111111108,38.178655555555544
1441,183,211007,265018,802,865,0.11111111111111108,38.178655555555544
1442,184,211008,221078,952,1031,0.3333333333333333,39.782
1443,184,211008,221078,1304,1031,0.3333333333333333,39.782
1444,184,211008,221078,928,1031,0.3333333333333333,39.782
1445,185,211008,229007,952,602,0.3333333333333333,43.63263333333333
1446,185,211008,229007,1304,602,0.3333333333333333,43.63263333333333
1447,185,211008,229007,928,602,0.3333333333333333,43.63263333333333
1448,186,211009,221032,952,1662,0.25,23.089225
1449,186,211009,221032,952,1279,0.25,23.089225
1450,186,211009,221032,953,1662,0.25,23.089225
1451,186,211009,221032,953,1279,0.25,23.089225
1452,187,211014,242045,947,1128,0.11111111111111108,43.639644444444436
1453,187,211014,242045,947,1132,0.11111111111111108,43.639644444444436
1454,187,211014,242045,947,1131,0.11111111111111108,43.639644444444436
1455,187,211014,242045,952,1128,0.11111111111111108,43.639644444444436
1456,187,211014,242045,952,1132,0.11111111111111108,43.639644444444436
1457,187,211014,242045,952,1131,0.11111111111111108,43.639644444444436
1458,187,211014,242045,1388,1128,0.11111111111111108,43.639644444444436
1459,187,211014,242045,1388,1132,0.11111111111111108,43.639644444444436
1460,187,211014,242045,1388,1131,0.11111111111111108,43.639644444444436
1461,188,211016,237001,1386,1289,0.16666666666666669,64.00061666666667
1462,188,211016,237001,1386,1518,0.16666666666666669,64.00061666666667
1463,188,211016,237001,1386,1588,0.16666666666666669,64.00061666666667
1464,188,211016,237001,1304,1289,0.16666666666666669,64.00061666666667
1465,188,211016,237001,1304,1518,0.16666666666666669,64.00061666666667
1466,188,211016,237001,1304,1588,0.16666666666666669,64.00061666666667
1467,189,211016,253005,1386,1715,0.5,992.15725
1468,189,211016,253005,1304,1715,0.5,992.15725
1469,190,211016,262005,1386,318,0.16666666666666669,61.48303333333333
1470,190,211016,262005,1386,870,0.16666666666666669,61.48303333333333
1471,190,211016,262005,1386,1552,0.16666666666666669,61.48303333333333
1472,190,211016,262005,1304,318,0.16666666666666669,61.48303333333333
1473,190,211016,262005,1304,870,0.16666666666666669,61.48303333333333
1474,190,211016,262005,1304,1552,0.16666666666666669,61.48303333333333
1475,191,211016,263019,1386,1375,0.16666666666666669,15.793916666666666
1476,191,211016,263019,1386,1069,0.16666666666666669,15.793916666666666
1477,191,211016,263019,1386,1273,0.16666666666666669,15.793916666666666
1478,191,211016,263019,1304,1375,0.16666666666666669,15.793916666666666
1479,191,211016,263019,1304,1069,0.16666666666666669,15.793916666666666
1480,191,211016,263019,1304,1273,0.16666666666666669,15.793916666666666
1481,192,211016,283027,1386,1634,0.16666666666666669,15.953350000000002
1482,192,211016,283027,1386,334,0.16666666666666669,15.953350000000002
1483,192,211016,283027,1386,101,0.16666666666666669,15.953350000000002
1484,192,211016,283027,1304,1634,0.16666666666666669,15.953350000000002
1485,192,211016,283027,1304,334,0.16666666666666669,15.953350000000002
1486,192,211016,283027,1304,101,0.16666666666666669,15.953350000000002
1487,193,211016,283032,1386,1200,0.16666666666666669,14.143600000000001
1488,193,211016,283032,1386,338,0.16666666666666669,14.143600000000001
1489,193,211016,283032,1386,1201,0.16666666666666669,14.143600000000001
1490,193,211016,283032,1304,1200,0.16666666666666669,14.143600000000001
1491,193,211016,283032,1304,338,0.16666666666666669,14.143600000000001
1492,193,211016,283032,1304,1201,0.16666666666666669,14.143600000000001
1493,194,211017,237003,1286,902,0.16666666666666669,14.257483333333335
1494,194,211017,237003,1286,463,0.16666666666666669,14.257483333333335
1495,194,211017,237003,926,902,0.16666666666666669,14.257483333333335
1496,194,211017,237003,926,463,0.16666666666666669,14.257483333333335
1497,194,211017,237003,837,902,0.16666666666666669,14.257483333333335
1498,194,211017,237003,837,463,0.16666666666666669,14.257483333333335
1499,195,211018,113005,835,74,0.11111111111111108,208.47729264319622
1500,195,211018,113005,835,1608,0.11111111111111108,208.47729264319622
1501,195,211018,113005,835,170,0.11111111111111108,208.47729264319622
1502,195,211018,113005,1386,74,0.11111111111111108,208.47729264319622
1503,195,211018,113005,1386,1608,0.11111111111111108,208.47729264319622
1504,195,211018,113005,1386,170,0.11111111111111108,208.47729264319622
1505,195,211018,113005,1106,74,0.11111111111111108,208.47729264319622
1506,195,211018,113005,1106,1608,0.11111111111111108,208.47729264319622
1507,195,211018,113005,1106,170,0.11111111111111108,208.47729264319622
1508,196,211018,152004,835,394,0.11111111111111108,7.9057999999999975
1509,196,211018,152004,835,223,0.11111111111111108,7.9057999999999975
1510,196,211018,152004,835,239,0.11111111111111108,7.9057999999999975
1511,196,211018,152004,1386,394,0.11111111111111108,7.9057999999999975
1512,196,211018,152004,1386,223,0.11111111111111108,7.9057999999999975
1513,196,211018,152004,1386,239,0.11111111111111108,7.9057999999999975
1514,196,211018,152004,1106,394,0.11111111111111108,7.9057999999999975
1515,196,211018,152004,1106,223,0.11111111111111108,7.9057999999999975
1516,196,211018,152004,1106,239,0.11111111111111108,7.9057999999999975
1517,197,211018,153022,835,1114,0.11111111111111108,6.804943615716833
1518,197,211018,153022,835,395,0.11111111111111108,6.804943615716833
1519,197,211018,153022,835,1463,0.11111111111111108,6.804943615716833
1520,197,211018,153022,1386,1114,0.11111111111111108,6.804943615716833
1521,197,211018,153022,1386,395,0.11111111111111108,6.804943615716833
1522,197,211018,153022,1386,1463,0.11111111111111108,6.804943615716833
1523,197,211018,153022,1106,1114,0.11111111111111108,6.804943615716833
1524,197,211018,153022,1106,395,0.11111111111111108,6.804943615716833
1525,197,211018,153022,1106,1463,0.11111111111111108,6.804943615716833
1526,198,211018,222010,835,1478,0.3333333333333333,309.47569999999996
1527,198,211018,222010,1386,1478,0.3333333333333333,309.47569999999996
1528,198,211018,222010,1106,1478,0.3333333333333333,309.47569999999996
1529,199,211018,242041,835,486,0.11111111111111108,20.816199999999995
1530,199,211018,242041,835,426,0.11111111111111108,20.816199999999995
1531,199,211018,242041,835,489,0.11111111111111108,20.816199999999995
1532,199,211018,242041,1386,486,0.11111111111111108,20.816199999999995
1533,199,211018,242041,1386,426,0.11111111111111108,20.816199999999995
1534,199,211018,242041,1386,489,0.11111111111111108,20.816199999999995
1535,199,211018,242041,1106,486,0.11111111111111108,20.816199999999995
1536,199,211018,242041,1106,426,0.11111111111111108,20.816199999999995
1537,199,211018,242041,1106,489,0.11111111111111108,20.816199999999995
1538,200,211018,245018,835,1223,0.11111111111111108,7.818268185182776
1539,200,211018,245018,835,1726,0.11111111111111108,7.818268185182776
1540,200,211018,245018,835,230,0.11111111111111108,7.818268185182776
1541,200,211018,245018,1386,1223,0.11111111111111108,7.818268185182776
1542,200,211018,245018,1386,1726,0.11111111111111108,7.818268185182776
1543,200,211018,245018,1386,230,0.11111111111111108,7.818268185182776
1544,200,211018,245018,1106,1223,0.11111111111111108,7.818268185182776
1545,200,211018,245018,1106,1726,0.11111111111111108,7.818268185182776
1546,200,211018,245018,1106,230,0.11111111111111108,7.818268185182776
1547,201,211018,271038,835,244,0.3333333333333333,274.7597333333333
1548,201,211018,271038,1386,244,0.3333333333333333,274.7597333333333
1549,201,211018,271038,1106,244,0.3333333333333333,274.7597333333333
1550,202,211018,285007,835,1190,0.11111111111111108,78.62646666666664
1551,202,211018,285007,835,1500,0.11111111111111108,78.62646666666664
1552,202,211018,285007,835,349,0.11111111111111108,78.62646666666664
1553,202,211018,285007,1386,1190,0.11111111111111108,78.62646666666664
1554,202,211018,285007,1386,1500,0.11111111111111108,78.62646666666664
1555,202,211018,285007,1386,349,0.11111111111111108,78.62646666666664
1556,202,211018,285007,1106,1190,0.11111111111111108,78.62646666666664
1557,202,211018,285007,1106,1500,0.11111111111111108,78.62646666666664
1558,202,211018,285007,1106,349,0.11111111111111108,78.62646666666664
1559,203,211019,242039,4,396,0.11111111111111108,10.588211111111107
1560,203,211019,242039,4,1574,0.11111111111111108,10.588211111111107
1561,203,211019,242039,4,473,0.11111111111111108,10.588211111111107
1562,203,211019,242039,495,396,0.11111111111111108,10.588211111111107
1563,203,211019,242039,495,1574,0.11111111111111108,10.588211111111107
1564,203,211019,242039,495,473,0.11111111111111108,10.588211111111107
1565,203,211019,242039,1102,396,0.11111111111111108,10.588211111111107
1566,203,211019,242039,1102,1574,0.11111111111111108,10.588211111111107
1567,203,211019,242039,1102,473,0.11111111111111108,10.588211111111107
1568,204,211019,281028,4,1249,0.11111111111111108,10.014655555555553
1569,204,211019,281028,4,1669,0.11111111111111108,10.014655555555553
1570,204,211019,281028,4,1554,0.11111111111111108,10.014655555555553
1571,204,211019,281028,495,1249,0.11111111111111108,10.014655555555553
1572,204,211019,281028,495,1669,0.11111111111111108,10.014655555555553
1573,204,211019,281028,495,1554,0.11111111111111108,10.014655555555553
1574,204,211019,281028,1102,1249,0.11111111111111108,10.014655555555553
1575,204,211019,281028,1102,1669,0.11111111111111108,10.014655555555553
1576,204,211019,281028,1102,1554,0.11111111111111108,10.014655555555553
1577,205,211020,214005,495,830,1.0,104.9194
1578,206,211020,227020,495,1503,0.5,159.10965
1579,206,211020,227020,495,1509,0.5,159.10965
1580,207,211020,243030,495,296,0.3333333333333333,70.59173333333334
1581,207,211020,243030,495,514,0.3333333333333333,70.59173333333334
1582,207,211020,243030,495,1079,0.3333333333333333,70.59173333333334
1583,208,211020,244021,495,1091,1.0,66.911
1584,209,211020,244023,495,1604,1.0,78.0486
1585,210,211020,246011,495,30,1.0,301.5557
1586,211,211020,267018,495,1517,0.5,250.40255
1587,211,211020,267018,495,555,0.5,250.40255
1588,212,211020,283027,495,1634,0.3333333333333333,25.91893333333333
1589,212,211020,283027,495,334,0.3333333333333333,25.91893333333333
1590,212,211020,283027,495,101,0.3333333333333333,25.91893333333333
1591,213,211021,221008,291,1049,0.11111111111111108,223.9936666666666
1592,213,211021,221008,291,1642,0.11111111111111108,223.9936666666666
1593,213,211021,221008,291,1050,0.11111111111111108,223.9936666666666
1594,213,211021,221008,1521,1049,0.11111111111111108,223.9936666666666
1595,213,211021,221008,1521,1642,0.11111111111111108,223.9936666666666
1596,213,211021,221008,1521,1050,0.11111111111111108,223.9936666666666
1597,213,211021,221008,1310,1049,0.11111111111111108,223.9936666666666
1598,213,211021,221008,1310,1642,0.11111111111111108,223.9936666666666
1599,213,211021,221008,1310,1050,0.11111111111111108,223.9936666666666
1600,214,211021,221086,291,120,0.11111111111111108,10.816944444444443
1601,214,211021,221086,291,55,0.11111111111111108,10.816944444444443
1602,214,211021,221086,291,1030,0.11111111111111108,10.816944444444443
1603,214,211021,221086,1521,120,0.11111111111111108,10.816944444444443
1604,214,211021,221086,1521,55,0.11111111111111108,10.816944444444443
1605,214,211021,221086,1521,1030,0.11111111111111108,10.816944444444443
1606,214,211021,221086,1310,120,0.11111111111111108,10.816944444444443
1607,214,211021,221086,1310,55,0.11111111111111108,10.816944444444443
1608,214,211021,221086,1310,1030,0.11111111111111108,10.816944444444443
1609,215,211021,221097,291,1221,0.11111111111111108,46.0998111111111
1610,215,211021,221097,291,1038,0.11111111111111108,46.0998111111111
1611,215,211021,221097,291,748,0.11111111111111108,46.0998111111111
1612,215,211021,221097,1521,1221,0.11111111111111108,46.0998111111111
1613,215,211021,221097,1521,1038,0.11111111111111108,46.0998111111111
1614,215,211021,221097,1521,748,0.11111111111111108,46.0998111111111
1615,215,211021,221097,1310,1221,0.11111111111111108,46.0998111111111
1616,215,211021,221097,1310,1038,0.11111111111111108,46.0998111111111
1617,215,211021,221097,1310,748,0.11111111111111108,46.0998111111111
1618,216,211021,227004,291,1379,0.3333333333333333,35.5668
1619,216,211021,227004,1521,1379,0.3333333333333333,35.5668
1620,216,211021,227004,1310,1379,0.3333333333333333,35.5668
1621,217,211021,229044,291,91,0.11111111111111108,66.35507777777777
1622,217,211021,229044,291,92,0.11111111111111108,66.35507777777777
1623,217,211021,229044,291,693,0.11111111111111108,66.35507777777777
1624,217,211021,229044,1521,91,0.11111111111111108,66.35507777777777
1625,217,211021,229044,1521,92,0.11111111111111108,66.35507777777777
1626,217,211021,229044,1521,693,0.11111111111111108,66.35507777777777
1627,217,211021,229044,1310,91,0.11111111111111108,66.35507777777777
1628,217,211021,229044,1310,92,0.11111111111111108,66.35507777777777
1629,217,211021,229044,1310,693,0.11111111111111108,66.35507777777777
1630,218,211021,245012,291,1223,0.11111111111111108,20.417633333333328
1631,218,211021,245012,291,285,0.11111111111111108,20.417633333333328
1632,218,211021,245012,291,501,0.11111111111111108,20.417633333333328
1633,218,211021,245012,1521,1223,0.11111111111111108,20.417633333333328
1634,218,211021,245012,1521,285,0.11111111111111108,20.417633333333328
1635,218,211021,245012,1521,501,0.11111111111111108,20.417633333333328
1636,218,211021,245012,1310,1223,0.11111111111111108,20.417633333333328
1637,218,211021,245012,1310,285,0.11111111111111108,20.417633333333328
1638,218,211021,245012,1310,501,0.11111111111111108,20.417633333333328
1639,219,211021,246011,291,30,0.3333333333333333,113.0535
1640,219,211021,246011,1521,30,0.3333333333333333,113.0535
1641,219,211021,246011,1310,30,0.3333333333333333,113.0535
1642,220,211021,253014,291,1717,0.16666666666666669,133.52143333333336
1643,220,211021,253014,291,1718,0.16666666666666669,133.52143333333336
1644,220,211021,253014,1521,1717,0.16666666666666669,133.52143333333336
1645,220,211021,253014,1521,1718,0.16666666666666669,133.52143333333336
1646,220,211021,253014,1310,1717,0.16666666666666669,133.52143333333336
1647,220,211021,253014,1310,1718,0.16666666666666669,133.52143333333336
1648,221,211021,268035,291,249,0.11111111111111108,21.03237947438466
1649,221,211021,268035,291,260,0.11111111111111108,21.03237947438466
1650,221,211021,268035,291,1206,0.11111111111111108,21.03237947438466
1651,221,211021,268035,1521,249,0.11111111111111108,21.03237947438466
1652,221,211021,268035,1521,260,0.11111111111111108,21.03237947438466
1653,221,211021,268035,1521,1206,0.11111111111111108,21.03237947438466
1654,221,211021,268035,1310,249,0.11111111111111108,21.03237947438466
1655,221,211021,268035,1310,260,0.11111111111111108,21.03237947438466
1656,221,211021,268035,1310,1206,0.11111111111111108,21.03237947438466
1657,222,211021,281028,291,1249,0.11111111111111108,12.20086880104341
1658,222,211021,281028,291,1669,0.11111111111111108,12.20086880104341
1659,222,211021,281028,291,1554,0.11111111111111108,12.20086880104341
1660,222,211021,281028,1521,1249,0.11111111111111108,12.20086880104341
1661,222,211021,281028,1521,1669,0.11111111111111108,12.20086880104341
1662,222,211021,281028,1521,1554,0.11111111111111108,12.20086880104341
1663,222,211021,281028,1310,1249,0.11111111111111108,12.20086880104341
1664,222,211021,281028,1310,1669,0.11111111111111108,12.20086880104341
1665,222,211021,281028,1310,1554,0.11111111111111108,12.20086880104341
1666,223,211021,283027,291,1634,0.11111111111111108,32.420333333333325
1667,223,211021,283027,291,334,0.11111111111111108,32.420333333333325
1668,223,211021,283027,291,101,0.11111111111111108,32.420333333333325
1669,223,211021,283027,1521,1634,0.11111111111111108,32.420333333333325
1670,223,211021,283027,1521,334,0.11111111111111108,32.420333333333325
1671,223,211021,283027,1521,101,0.11111111111111108,32.420333333333325
1672,223,211021,283027,1310,1634,0.11111111111111108,32.420333333333325
1673,223,211021,283027,1310,334,0.11111111111111108,32.420333333333325
1674,223,211021,283027,1310,101,0.11111111111111108,32.420333333333325
1675,224,211021,283028,291,1634,0.16666666666666669,79.63513333333334
1676,224,211021,283028,291,328,0.16666666666666669,79.63513333333334
1677,224,211021,283028,1521,1634,0.16666666666666669,79.63513333333334
1678,224,211021,283028,1521,328,0.16666666666666669,79.63513333333334
1679,224,211021,283028,1310,1634,0.16666666666666669,79.63513333333334
1680,224,211021,283028,1310,328,0.16666666666666669,79.63513333333334
1681,225,211022,231002,1101,983,0.11111111111111108,87.14089999999999
1682,225,211022,231002,1101,1520,0.11111111111111108,87.14089999999999
1683,225,211022,231002,1101,1711,0.11111111111111108,87.14089999999999
1684,225,211022,231002,1097,983,0.11111111111111108,87.14089999999999
1685,225,211022,231002,1097,1520,0.11111111111111108,87.14089999999999
1686,225,211022,231002,1097,1711,0.11111111111111108,87.14089999999999
1687,225,211022,231002,833,983,0.11111111111111108,87.14089999999999
1688,225,211022,231002,833,1520,0.11111111111111108,87.14089999999999
1689,225,211022,231002,833,1711,0.11111111111111108,87.14089999999999
1690,226,211023,211023,833,1105,0.16666666666666663,18.404040815293296
1691,226,211023,211023,833,1098,0.16666666666666663,18.404040815293296
1692,226,211023,211023,1105,833,0.16666666666666663,18.404040815293296
1693,226,211023,211023,1105,1098,0.16666666666666663,18.404040815293296
1694,226,211023,211023,1098,833,0.16666666666666663,18.404040815293296
1695,226,211023,211023,1098,1105,0.16666666666666663,18.404040815293296
1696,227,211023,221032,833,1662,0.16666666666666669,76.74568333333335
1697,227,211023,221032,833,1279,0.16666666666666669,76.74568333333335
1698,227,211023,221032,1105,1662,0.16666666666666669,76.74568333333335
1699,227,211023,221032,1105,1279,0.16666666666666669,76.74568333333335
1700,227,211023,221032,1098,1662,0.16666666666666669,76.74568333333335
1701,227,211023,221032,1098,1279,0.16666666666666669,76.74568333333335
1702,228,211023,253002,833,182,0.11111111111111108,442.3975555555554
1703,228,211023,253002,833,121,0.11111111111111108,442.3975555555554
1704,228,211023,253002,833,118,0.11111111111111108,442.3975555555554
1705,228,211023,253002,1105,182,0.11111111111111108,442.3975555555554
1706,228,211023,253002,1105,121,0.11111111111111108,442.3975555555554
1707,228,211023,253002,1105,118,0.11111111111111108,442.3975555555554
1708,228,211023,253002,1098,182,0.11111111111111108,442.3975555555554
1709,228,211023,253002,1098,121,0.11111111111111108,442.3975555555554
1710,228,211023,253002,1098,118,0.11111111111111108,442.3975555555554
1711,229,211024,213004,1105,286,0.3333333333333333,25.716815733262738
1712,229,211024,213004,1105,302,0.3333333333333333,25.716815733262738
1713,229,211024,213004,1105,1680,0.3333333333333333,25.716815733262738
1714,230,211024,243003,1105,469,0.5,46.8452
1715,230,211024,243003,1105,304,0.5,46.8452
1716,231,211024,244028,1105,1663,0.3333333333333333,75.55553333333333
1717,231,211024,244028,1105,521,0.3333333333333333,75.55553333333333
1718,231,211024,244028,1105,477,0.3333333333333333,75.55553333333333
1719,232,211024,264034,1105,69,0.3333333333333333,105.85633333333334
1720,232,211024,264034,1105,318,0.3333333333333333,105.85633333333334
1721,232,211024,264034,1105,67,0.3333333333333333,105.85633333333334
1722,233,211027,225019,1494,553,0.16666666666666669,15.130950000000002
1723,233,211027,225019,1494,560,0.16666666666666669,15.130950000000002
1724,233,211027,225019,1097,553,0.16666666666666669,15.130950000000002
1725,233,211027,225019,1097,560,0.16666666666666669,15.130950000000002
1726,233,211027,225019,314,553,0.16666666666666669,15.130950000000002
1727,233,211027,225019,314,560,0.16666666666666669,15.130950000000002
1728,234,211027,236009,1494,991,0.3333333333333333,35.294
1729,234,211027,236009,1097,991,0.3333333333333333,35.294
1730,234,211027,236009,314,991,0.3333333333333333,35.294
1731,235,211028,242041,1098,486,0.11111111111111108,199.39093333333327
1732,235,211028,242041,1098,426,0.11111111111111108,199.39093333333327
1733,235,211028,242041,1098,489,0.11111111111111108,199.39093333333327
1734,235,211028,242041,1096,486,0.11111111111111108,199.39093333333327
1735,235,211028,242041,1096,426,0.11111111111111108,199.39093333333327
1736,235,211028,242041,1096,489,0.11111111111111108,199.39093333333327
1737,235,211028,242041,1095,486,0.11111111111111108,199.39093333333327
1738,235,211028,242041,1095,426,0.11111111111111108,199.39093333333327
1739,235,211028,242041,1095,489,0.11111111111111108,199.39093333333327
1740,236,211028,247006,1098,1139,0.11111111111111108,25.819022222222213
1741,236,211028,247006,1098,313,0.11111111111111108,25.819022222222213
1742,236,211028,247006,1098,1136,0.11111111111111108,25.819022222222213
1743,236,211028,247006,1096,1139,0.11111111111111108,25.819022222222213
1744,236,211028,247006,1096,313,0.11111111111111108,25.819022222222213
1745,236,211028,247006,1096,1136,0.11111111111111108,25.819022222222213
1746,236,211028,247006,1095,1139,0.11111111111111108,25.819022222222213
1747,236,211028,247006,1095,313,0.11111111111111108,25.819022222222213
1748,236,211028,247006,1095,1136,0.11111111111111108,25.819022222222213
1749,237,211029,254010,0,59,0.3333333333333333,128.77636666666666
1750,237,211029,254010,1095,59,0.3333333333333333,128.77636666666666
1751,237,211029,254010,1096,59,0.3333333333333333,128.77636666666666
1752,238,211030,231008,1400,980,0.11111111111111108,29.8528111111111
1753,238,211030,231008,1400,1710,0.11111111111111108,29.8528111111111
1754,238,211030,231008,1400,981,0.11111111111111108,29.8528111111111
1755,238,211030,231008,929,980,0.11111111111111108,29.8528111111111
1756,238,211030,231008,929,1710,0.11111111111111108,29.8528111111111
1757,238,211030,231008,929,981,0.11111111111111108,29.8528111111111
1758,238,211030,231008,819,980,0.11111111111111108,29.8528111111111
1759,238,211030,231008,819,1710,0.11111111111111108,29.8528111111111
1760,238,211030,231008,819,981,0.11111111111111108,29.8528111111111
1761,239,211030,236024,1400,997,0.11111111111111108,21.356888888888882
1762,239,211030,236024,1400,417,0.11111111111111108,21.356888888888882
1763,239,211030,236024,1400,32,0.11111111111111108,21.356888888888882
1764,239,211030,236024,929,997,0.11111111111111108,21.356888888888882
1765,239,211030,236024,929,417,0.11111111111111108,21.356888888888882
1766,239,211030,236024,929,32,0.11111111111111108,21.356888888888882
1767,239,211030,236024,819,997,0.11111111111111108,21.356888888888882
1768,239,211030,236024,819,417,0.11111111111111108,21.356888888888882
1769,239,211030,236024,819,32,0.11111111111111108,21.356888888888882
1770,240,211030,246011,1400,30,0.3333333333333333,315.4572333333333
1771,240,211030,246011,929,30,0.3333333333333333,315.4572333333333
1772,240,211030,246011,819,30,0.3333333333333333,315.4572333333333
1773,241,211032,221042,649,1047,0.11111111111111108,11.849177777777776
1774,241,211032,221042,649,742,0.11111111111111108,11.849177777777776
1775,241,211032,221042,649,1044,0.11111111111111108,11.849177777777776
1776,241,211032,221042,1094,1047,0.11111111111111108,11.849177777777776
1777,241,211032,221042,1094,742,0.11111111111111108,11.849177777777776
1778,241,211032,221042,1094,1044,0.11111111111111108,11.849177777777776
1779,241,211032,221042,648,1047,0.11111111111111108,11.849177777777776
1780,241,211032,221042,648,742,0.11111111111111108,11.849177777777776
1781,241,211032,221042,648,1044,0.11111111111111108,11.849177777777776
1782,242,211032,229013,649,1022,0.11111111111111108,11.01353333333333
1783,242,211032,229013,649,162,0.11111111111111108,11.01353333333333
1784,242,211032,229013,649,671,0.11111111111111108,11.01353333333333
1785,242,211032,229013,1094,1022,0.11111111111111108,11.01353333333333
1786,242,211032,229013,1094,162,0.11111111111111108,11.01353333333333
1787,242,211032,229013,1094,671,0.11111111111111108,11.01353333333333
1788,242,211032,229013,648,1022,0.11111111111111108,11.01353333333333
1789,242,211032,229013,648,162,0.11111111111111108,11.01353333333333
1790,242,211032,229013,648,671,0.11111111111111108,11.01353333333333
1791,243,211032,245012,649,1223,0.11111111111111108,14.995199999999993
1792,243,211032,245012,649,285,0.11111111111111108,14.995199999999993
1793,243,211032,245012,649,501,0.11111111111111108,14.995199999999993
1794,243,211032,245012,1094,1223,0.11111111111111108,14.995199999999993
1795,243,211032,245012,1094,285,0.11111111111111108,14.995199999999993
1796,243,211032,245012,1094,501,0.11111111111111108,14.995199999999993
1797,243,211032,245012,648,1223,0.11111111111111108,14.995199999999993
1798,243,211032,245012,648,285,0.11111111111111108,14.995199999999993
1799,243,211032,245012,648,501,0.11111111111111108,14.995199999999993
1800,244,211032,253005,649,1715,0.3333333333333333,72.3761
1801,244,211032,253005,1094,1715,0.3333333333333333,72.3761
1802,244,211032,253005,648,1715,0.3333333333333333,72.3761
1803,245,211033,211019,1653,4,0.12499999999999997,315.7386249999999
1804,245,211033,211019,1653,495,0.12499999999999997,315.7386249999999
1805,245,211033,211019,1653,1102,0.12499999999999997,315.7386249999999
1806,245,211033,211019,1102,4,0.12499999999999997,315.7386249999999
1807,245,211033,211019,1102,495,0.12499999999999997,315.7386249999999
1808,245,211033,211019,1097,4,0.12499999999999997,315.7386249999999
1809,245,211033,211019,1097,495,0.12499999999999997,315.7386249999999
1810,245,211033,211019,1097,1102,0.12499999999999997,315.7386249999999
1811,246,211033,267031,1653,630,0.16666666666666669,97.89576666666667
1812,246,211033,267031,1653,621,0.16666666666666669,97.89576666666667
1813,246,211033,267031,1102,630,0.16666666666666669,97.89576666666667
1814,246,211033,267031,1102,621,0.16666666666666669,97.89576666666667
1815,246,211033,267031,1097,630,0.16666666666666669,97.89576666666667
1816,246,211033,267031,1097,621,0.16666666666666669,97.89576666666667
1817,247,211033,269001,1653,1240,0.11111111111111108,113.41047777777774
1818,247,211033,269001,1653,717,0.11111111111111108,113.41047777777774
1819,247,211033,269001,1653,70,0.11111111111111108,113.41047777777774
1820,247,211033,269001,1102,1240,0.11111111111111108,113.41047777777774
1821,247,211033,269001,1102,717,0.11111111111111108,113.41047777777774
1822,247,211033,269001,1102,70,0.11111111111111108,113.41047777777774
1823,247,211033,269001,1097,1240,0.11111111111111108,113.41047777777774
1824,247,211033,269001,1097,717,0.11111111111111108,113.41047777777774
1825,247,211033,269001,1097,70,0.11111111111111108,113.41047777777774
1826,248,211034,222025,1668,698,0.3333333333333333,180.04036666666664
1827,248,211034,222025,1271,698,0.3333333333333333,180.04036666666664
1828,248,211034,222025,494,698,0.3333333333333333,180.04036666666664
1829,249,212001,266018,802,402,0.16666666666666669,116.03101666666667
1830,249,212001,266018,802,269,0.16666666666666669,116.03101666666667
1831,249,212001,266018,802,268,0.16666666666666669,116.03101666666667
1832,249,212001,266018,956,402,0.16666666666666669,116.03101666666667
1833,249,212001,266018,956,269,0.16666666666666669,116.03101666666667
1834,249,212001,266018,956,268,0.16666666666666669,116.03101666666667
1835,250,212004,216002,1682,642,0.11111111111111108,24.38186666666666
1836,250,212004,216002,1682,288,0.11111111111111108,24.38186666666666
1837,250,212004,216002,1682,289,0.11111111111111108,24.38186666666666
1838,250,212004,216002,1387,642,0.11111111111111108,24.38186666666666
1839,250,212004,216002,1387,288,0.11111111111111108,24.38186666666666
1840,250,212004,216002,1387,289,0.11111111111111108,24.38186666666666
1841,250,212004,216002,828,642,0.11111111111111108,24.38186666666666
1842,250,212004,216002,828,288,0.11111111111111108,24.38186666666666
1843,250,212004,216002,828,289,0.11111111111111108,24.38186666666666
1844,251,212004,272011,1682,352,0.11111111111111108,64.22126666666665
1845,251,212004,272011,1682,1195,0.11111111111111108,64.22126666666665
1846,251,212004,272011,1682,970,0.11111111111111108,64.22126666666665
1847,251,212004,272011,1387,352,0.11111111111111108,64.22126666666665
1848,251,212004,272011,1387,1195,0.11111111111111108,64.22126666666665
1849,251,212004,272011,1387,970,0.11111111111111108,64.22126666666665
1850,251,212004,272011,828,352,0.11111111111111108,64.22126666666665
1851,251,212004,272011,828,1195,0.11111111111111108,64.22126666666665
1852,251,212004,272011,828,970,0.11111111111111108,64.22126666666665
1853,252,212007,244023,1287,1604,0.3333333333333333,21.455933333333334
1854,252,212007,244023,1212,1604,0.3333333333333333,21.455933333333334
1855,252,212007,244023,429,1604,0.3333333333333333,21.455933333333334
1856,253,212007,245012,1287,1223,0.11111111111111108,33.07892222222222
1857,253,212007,245012,1287,285,0.11111111111111108,33.07892222222222
1858,253,212007,245012,1287,501,0.11111111111111108,33.07892222222222
1859,253,212007,245012,1212,1223,0.11111111111111108,33.07892222222222
1860,253,212007,245012,1212,285,0.11111111111111108,33.07892222222222
1861,253,212007,245012,1212,501,0.11111111111111108,33.07892222222222
1862,253,212007,245012,429,1223,0.11111111111111108,33.07892222222222
1863,253,212007,245012,429,285,0.11111111111111108,33.07892222222222
1864,253,212007,245012,429,501,0.11111111111111108,33.07892222222222
1865,254,212007,253003,1287,724,0.11111111111111108,16.32533333333333
1866,254,212007,253003,1287,1716,0.11111111111111108,16.32533333333333
1867,254,212007,253003,1287,54,0.11111111111111108,16.32533333333333
1868,254,212007,253003,1212,724,0.11111111111111108,16.32533333333333
1869,254,212007,253003,1212,1716,0.11111111111111108,16.32533333333333
1870,254,212007,253003,1212,54,0.11111111111111108,16.32533333333333
1871,254,212007,253003,429,724,0.11111111111111108,16.32533333333333
1872,254,212007,253003,429,1716,0.11111111111111108,16.32533333333333
1873,254,212007,253003,429,54,0.11111111111111108,16.32533333333333
1874,255,212010,236009,844,991,0.3333333333333333,38.148199999999996
1875,255,212010,236009,434,991,0.3333333333333333,38.148199999999996
1876,255,212010,236009,1121,991,0.3333333333333333,38.148199999999996
1877,256,212011,153012,434,1463,0.11111111111111108,8.05293333333333
1878,256,212011,153012,434,1462,0.11111111111111108,8.05293333333333
1879,256,212011,153012,434,226,0.11111111111111108,8.05293333333333
1880,256,212011,153012,1110,1463,0.11111111111111108,8.05293333333333
1881,256,212011,153012,1110,1462,0.11111111111111108,8.05293333333333
1882,256,212011,153012,1110,226,0.11111111111111108,8.05293333333333
1883,256,212011,153012,1123,1463,0.11111111111111108,8.05293333333333
1884,256,212011,153012,1123,1462,0.11111111111111108,8.05293333333333
1885,256,212011,153012,1123,226,0.11111111111111108,8.05293333333333
1886,257,212011,213004,434,286,0.11111111111111108,41.63253333333332
1887,257,212011,213004,434,302,0.11111111111111108,41.63253333333332
1888,257,212011,213004,434,1680,0.11111111111111108,41.63253333333332
1889,257,212011,213004,1110,286,0.11111111111111108,41.63253333333332
1890,257,212011,213004,1110,302,0.11111111111111108,41.63253333333332
1891,257,212011,213004,1110,1680,0.11111111111111108,41.63253333333332
1892,257,212011,213004,1123,286,0.11111111111111108,41.63253333333332
1893,257,212011,213004,1123,302,0.11111111111111108,41.63253333333332
1894,257,212011,213004,1123,1680,0.11111111111111108,41.63253333333332
1895,258,212011,221018,434,763,0.11111111111111108,53.956144444444426
1896,258,212011,221018,434,633,0.11111111111111108,53.956144444444426
1897,258,212011,221018,434,669,0.11111111111111108,53.956144444444426
1898,258,212011,221018,1110,763,0.11111111111111108,53.956144444444426
1899,258,212011,221018,1110,633,0.11111111111111108,53.956144444444426
1900,258,212011,221018,1110,669,0.11111111111111108,53.956144444444426
1901,258,212011,221018,1123,763,0.11111111111111108,53.956144444444426
1902,258,212011,221018,1123,633,0.11111111111111108,53.956144444444426
1903,258,212011,221018,1123,669,0.11111111111111108,53.956144444444426
1904,259,212011,244021,434,1091,0.3333333333333333,22.149033333333335
1905,259,212011,244021,1110,1091,0.3333333333333333,22.149033333333335
1906,259,212011,244021,1123,1091,0.3333333333333333,22.149033333333335
1907,260,212011,244023,434,1604,0.3333333333333333,21.39913333333333
1908,260,212011,244023,1110,1604,0.3333333333333333,21.39913333333333
1909,260,212011,244023,1123,1604,0.3333333333333333,21.39913333333333
1910,261,212011,253014,434,1717,0.16666666666666669,16.558183333333336
1911,261,212011,253014,434,1718,0.16666666666666669,16.558183333333336
1912,261,212011,253014,1110,1717,0.16666666666666669,16.558183333333336
1913,261,212011,253014,1110,1718,0.16666666666666669,16.558183333333336
1914,261,212011,253014,1123,1717,0.16666666666666669,16.558183333333336
1915,261,212011,253014,1123,1718,0.16666666666666669,16.558183333333336
1916,262,212011,285010,434,1308,0.11111111111111108,8.56873333333333
1917,262,212011,285010,434,1190,0.11111111111111108,8.56873333333333
1918,262,212011,285010,434,349,0.11111111111111108,8.56873333333333
1919,262,212011,285010,1110,1308,0.11111111111111108,8.56873333333333
1920,262,212011,285010,1110,1190,0.11111111111111108,8.56873333333333
1921,262,212011,285010,1110,349,0.11111111111111108,8.56873333333333
1922,262,212011,285010,1123,1308,0.11111111111111108,8.56873333333333
1923,262,212011,285010,1123,1190,0.11111111111111108,8.56873333333333
1924,262,212011,285010,1123,349,0.11111111111111108,8.56873333333333
1925,263,212012,244020,847,521,0.3333333333333333,19.15893333333333
1926,263,212012,244020,547,521,0.3333333333333333,19.15893333333333
1927,263,212012,244020,945,521,0.3333333333333333,19.15893333333333
1928,264,212013,233002,1106,341,0.11111111111111108,807.7714666666664
1929,264,212013,233002,1106,523,0.11111111111111108,807.7714666666664
1930,264,212013,233002,1106,243,0.11111111111111108,807.7714666666664
1931,264,212013,233002,945,341,0.11111111111111108,807.7714666666664
1932,264,212013,233002,945,523,0.11111111111111108,807.7714666666664
1933,264,212013,233002,945,243,0.11111111111111108,807.7714666666664
1934,264,212013,233002,547,341,0.11111111111111108,807.7714666666664
1935,264,212013,233002,547,523,0.11111111111111108,807.7714666666664
1936,264,212013,233002,547,243,0.11111111111111108,807.7714666666664
1937,265,212013,245018,1106,1223,0.11111111111111108,348.9512777777777
1938,265,212013,245018,1106,1726,0.11111111111111108,348.9512777777777
1939,265,212013,245018,1106,230,0.11111111111111108,348.9512777777777
1940,265,212013,245018,945,1223,0.11111111111111108,348.9512777777777
1941,265,212013,245018,945,1726,0.11111111111111108,348.9512777777777
1942,265,212013,245018,945,230,0.11111111111111108,348.9512777777777
1943,265,212013,245018,547,1223,0.11111111111111108,348.9512777777777
1944,265,212013,245018,547,1726,0.11111111111111108,348.9512777777777
1945,265,212013,245018,547,230,0.11111111111111108,348.9512777777777
1946,266,212015,151019,1110,394,0.11111111111111108,16.633799999999994
1947,266,212015,151019,1110,1463,0.11111111111111108,16.633799999999994
1948,266,212015,151019,1110,1462,0.11111111111111108,16.633799999999994
1949,266,212015,151019,1123,394,0.11111111111111108,16.633799999999994
1950,266,212015,151019,1123,1463,0.11111111111111108,16.633799999999994
1951,266,212015,151019,1123,1462,0.11111111111111108,16.633799999999994
1952,266,212015,151019,434,394,0.11111111111111108,16.633799999999994
1953,266,212015,151019,434,1463,0.11111111111111108,16.633799999999994
1954,266,212015,151019,434,1462,0.11111111111111108,16.633799999999994
1955,267,212015,264020,1110,318,0.11111111111111108,43.89232222222221
1956,267,212015,264020,1110,1635,0.11111111111111108,43.89232222222221
1957,267,212015,264020,1110,19,0.11111111111111108,43.89232222222221
1958,267,212015,264020,1123,318,0.11111111111111108,43.89232222222221
1959,267,212015,264020,1123,1635,0.11111111111111108,43.89232222222221
1960,267,212015,264020,1123,19,0.11111111111111108,43.89232222222221
1961,267,212015,264020,434,318,0.11111111111111108,43.89232222222221
1962,267,212015,264020,434,1635,0.11111111111111108,43.89232222222221
1963,267,212015,264020,434,19,0.11111111111111108,43.89232222222221
1964,268,212015,283028,1110,1634,0.16666666666666669,10.907183333333334
1965,268,212015,283028,1110,328,0.16666666666666669,10.907183333333334
1966,268,212015,283028,1123,1634,0.16666666666666669,10.907183333333334
1967,268,212015,283028,1123,328,0.16666666666666669,10.907183333333334
1968,268,212015,283028,434,1634,0.16666666666666669,10.907183333333334
1969,268,212015,283028,434,328,0.16666666666666669,10.907183333333334
1970,269,212016,153015,1107,1114,0.11111111111111108,8.05293333333333
1971,269,212016,153015,1107,395,0.11111111111111108,8.05293333333333
1972,269,212016,153015,1107,1463,0.11111111111111108,8.05293333333333
1973,269,212016,153015,1101,1114,0.11111111111111108,8.05293333333333
1974,269,212016,153015,1101,395,0.11111111111111108,8.05293333333333
1975,269,212016,153015,1101,1463,0.11111111111111108,8.05293333333333
1976,269,212016,153015,830,1114,0.11111111111111108,8.05293333333333
1977,269,212016,153015,830,395,0.11111111111111108,8.05293333333333
1978,269,212016,153015,830,1463,0.11111111111111108,8.05293333333333
1979,270,212016,221046,1107,557,0.3333333333333333,59.94053333333333
1980,270,212016,221046,1101,557,0.3333333333333333,59.94053333333333
1981,270,212016,221046,830,557,0.3333333333333333,59.94053333333333
1982,271,212016,226006,1107,922,0.11111111111111108,53.05695555555554
1983,271,212016,226006,1107,800,0.11111111111111108,53.05695555555554
1984,271,212016,226006,1107,921,0.11111111111111108,53.05695555555554
1985,271,212016,226006,1101,922,0.11111111111111108,53.05695555555554
1986,271,212016,226006,1101,800,0.11111111111111108,53.05695555555554
1987,271,212016,226006,1101,921,0.11111111111111108,53.05695555555554
1988,271,212016,226006,830,922,0.11111111111111108,53.05695555555554
1989,271,212016,226006,830,800,0.11111111111111108,53.05695555555554
1990,271,212016,226006,830,921,0.11111111111111108,53.05695555555554
1991,272,212016,232008,1107,576,0.11111111111111108,9.833977777777775
1992,272,212016,232008,1107,578,0.11111111111111108,9.833977777777775
1993,272,212016,232008,1107,1573,0.11111111111111108,9.833977777777775
1994,272,212016,232008,1101,576,0.11111111111111108,9.833977777777775
1995,272,212016,232008,1101,578,0.11111111111111108,9.833977777777775
1996,272,212016,232008,1101,1573,0.11111111111111108,9.833977777777775
1997,272,212016,232008,830,576,0.11111111111111108,9.833977777777775
1998,272,212016,232008,830,578,0.11111111111111108,9.833977777777775
1999,272,212016,232008,830,1573,0.11111111111111108,9.833977777777775
2000,273,212016,241008,1107,1505,0.3333333333333333,132.34066666666666
2001,273,212016,241008,1101,1505,0.3333333333333333,132.34066666666666
2002,273,212016,241008,830,1505,0.3333333333333333,132.34066666666666
2003,274,212016,242001,1107,890,0.11111111111111108,97.76788888888885
2004,274,212016,242001,1107,492,0.11111111111111108,97.76788888888885
2005,274,212016,242001,1107,1350,0.11111111111111108,97.76788888888885
2006,274,212016,242001,1101,890,0.11111111111111108,97.76788888888885
2007,274,212016,242001,1101,492,0.11111111111111108,97.76788888888885
2008,274,212016,242001,1101,1350,0.11111111111111108,97.76788888888885
2009,274,212016,242001,830,890,0.11111111111111108,97.76788888888885
2010,274,212016,242001,830,492,0.11111111111111108,97.76788888888885
2011,274,212016,242001,830,1350,0.11111111111111108,97.76788888888885
2012,275,212016,264024,1107,318,0.11111111111111108,147.72826666666663
2013,275,212016,264024,1107,1635,0.11111111111111108,147.72826666666663
2014,275,212016,264024,1107,1552,0.11111111111111108,147.72826666666663
2015,275,212016,264024,1101,318,0.11111111111111108,147.72826666666663
2016,275,212016,264024,1101,1635,0.11111111111111108,147.72826666666663
2017,275,212016,264024,1101,1552,0.11111111111111108,147.72826666666663
2018,275,212016,264024,830,318,0.11111111111111108,147.72826666666663
2019,275,212016,264024,830,1635,0.11111111111111108,147.72826666666663
2020,275,212016,264024,830,1552,0.11111111111111108,147.72826666666663
2021,276,212016,284013,1107,329,0.11111111111111108,9.870644444444443
2022,276,212016,284013,1107,1229,0.11111111111111108,9.870644444444443
2023,276,212016,284013,1107,1222,0.11111111111111108,9.870644444444443
2024,276,212016,284013,1101,329,0.11111111111111108,9.870644444444443
2025,276,212016,284013,1101,1229,0.11111111111111108,9.870644444444443
2026,276,212016,284013,1101,1222,0.11111111111111108,9.870644444444443
2027,276,212016,284013,830,329,0.11111111111111108,9.870644444444443
2028,276,212016,284013,830,1229,0.11111111111111108,9.870644444444443
2029,276,212016,284013,830,1222,0.11111111111111108,9.870644444444443
2030,277,212017,227023,547,994,1.0,902.0945
2031,278,212017,234021,547,455,0.3333333333333333,36.2863
2032,278,212017,234021,547,1526,0.3333333333333333,36.2863
2033,278,212017,234021,547,616,0.3333333333333333,36.2863
2034,279,212017,234022,547,572,0.3333333333333333,55.08353333333333
2035,279,212017,234022,547,616,0.3333333333333333,55.08353333333333
2036,279,212017,234022,547,1381,0.3333333333333333,55.08353333333333
2037,280,212017,236024,547,997,0.3333333333333333,37.95816666666666
2038,280,212017,236024,547,417,0.3333333333333333,37.95816666666666
2039,280,212017,236024,547,32,0.3333333333333333,37.95816666666666
2040,281,212017,242037,547,426,0.5,45.12245
2041,281,212017,242037,547,473,0.5,45.12245
2042,282,212017,286014,547,1249,0.3333333333333333,58.21313333333333
2043,282,212017,286014,547,1246,0.3333333333333333,58.21313333333333
2044,282,212017,286014,547,337,0.3333333333333333,58.21313333333333
2045,283,212019,255001,547,1635,0.11111111111111108,21.99904444444444
2046,283,212019,255001,547,1281,0.11111111111111108,21.99904444444444
2047,283,212019,255001,547,69,0.11111111111111108,21.99904444444444
2048,283,212019,255001,1108,1635,0.11111111111111108,21.99904444444444
2049,283,212019,255001,1108,1281,0.11111111111111108,21.99904444444444
2050,283,212019,255001,1108,69,0.11111111111111108,21.99904444444444
2051,283,212019,255001,436,1635,0.11111111111111108,21.99904444444444
2052,283,212019,255001,436,1281,0.11111111111111108,21.99904444444444
2053,283,212019,255001,436,69,0.11111111111111108,21.99904444444444
2054,284,212019,255014,547,1240,0.11111111111111108,24.238844444444435
2055,284,212019,255014,547,19,0.11111111111111108,24.238844444444435
2056,284,212019,255014,547,1635,0.11111111111111108,24.238844444444435
2057,284,212019,255014,1108,1240,0.11111111111111108,24.238844444444435
2058,284,212019,255014,1108,19,0.11111111111111108,24.238844444444435
2059,284,212019,255014,1108,1635,0.11111111111111108,24.238844444444435
2060,284,212019,255014,436,1240,0.11111111111111108,24.238844444444435
2061,284,212019,255014,436,19,0.11111111111111108,24.238844444444435
2062,284,212019,255014,436,1635,0.11111111111111108,24.238844444444435
2063,285,212019,284027,547,334,0.11111111111111108,22.695544444444437
2064,285,212019,284027,547,337,0.11111111111111108,22.695544444444437
2065,285,212019,284027,547,333,0.11111111111111108,22.695544444444437
2066,285,212019,284027,1108,334,0.11111111111111108,22.695544444444437
2067,285,212019,284027,1108,337,0.11111111111111108,22.695544444444437
2068,285,212019,284027,1108,333,0.11111111111111108,22.695544444444437
2069,285,212019,284027,436,334,0.11111111111111108,22.695544444444437
2070,285,212019,284027,436,337,0.11111111111111108,22.695544444444437
2071,285,212019,284027,436,333,0.11111111111111108,22.695544444444437
2072,286,212020,212016,1104,1107,0.3333333333333333,119.7663
2073,286,212020,212016,1104,1101,0.3333333333333333,119.7663
2074,286,212020,212016,1104,830,0.3333333333333333,119.7663
2075,287,212021,147002,847,394,0.16666666666666669,36.57280000000001
2076,287,212021,147002,847,1114,0.16666666666666669,36.57280000000001
2077,287,212021,147002,847,651,0.16666666666666669,36.57280000000001
2078,287,212021,147002,1537,394,0.16666666666666669,36.57280000000001
2079,287,212021,147002,1537,1114,0.16666666666666669,36.57280000000001
2080,287,212021,147002,1537,651,0.16666666666666669,36.57280000000001
2081,288,212022,243021,945,1087,0.11111111111111108,9.28323333333333
2082,288,212022,243021,945,1204,0.11111111111111108,9.28323333333333
2083,288,212022,243021,945,375,0.11111111111111108,9.28323333333333
2084,288,212022,243021,1121,1087,0.11111111111111108,9.28323333333333
2085,288,212022,243021,1121,1204,0.11111111111111108,9.28323333333333
2086,288,212022,243021,1121,375,0.11111111111111108,9.28323333333333
2087,288,212022,243021,1388,1087,0.11111111111111108,9.28323333333333
2088,288,212022,243021,1388,1204,0.11111111111111108,9.28323333333333
2089,288,212022,243021,1388,375,0.11111111111111108,9.28323333333333
2090,289,212022,243049,945,1469,0.11111111111111108,118.66754444444442
2091,289,212022,243049,945,502,0.11111111111111108,118.66754444444442
2092,289,212022,243049,945,1727,0.11111111111111108,118.66754444444442
2093,289,212022,243049,1121,1469,0.11111111111111108,118.66754444444442
2094,289,212022,243049,1121,502,0.11111111111111108,118.66754444444442
2095,289,212022,243049,1121,1727,0.11111111111111108,118.66754444444442
2096,289,212022,243049,1388,1469,0.11111111111111108,118.66754444444442
2097,289,212022,243049,1388,502,0.11111111111111108,118.66754444444442
2098,289,212022,243049,1388,1727,0.11111111111111108,118.66754444444442
2099,290,212022,244027,945,312,0.11111111111111108,41.64875963294629
2100,290,212022,244027,945,285,0.11111111111111108,41.64875963294629
2101,290,212022,244027,945,1452,0.11111111111111108,41.64875963294629
2102,290,212022,244027,1121,312,0.11111111111111108,41.64875963294629
2103,290,212022,244027,1121,285,0.11111111111111108,41.64875963294629
2104,290,212022,244027,1121,1452,0.11111111111111108,41.64875963294629
2105,290,212022,244027,1388,312,0.11111111111111108,41.64875963294629
2106,290,212022,244027,1388,285,0.11111111111111108,41.64875963294629
2107,290,212022,244027,1388,1452,0.11111111111111108,41.64875963294629
2108,291,212022,254012,945,189,0.11111111111111108,161.42591111111108
2109,291,212022,254012,945,1241,0.11111111111111108,161.42591111111108
2110,291,212022,254012,945,1561,0.11111111111111108,161.42591111111108
2111,291,212022,254012,1121,189,0.11111111111111108,161.42591111111108
2112,291,212022,254012,1121,1241,0.11111111111111108,161.42591111111108
2113,291,212022,254012,1121,1561,0.11111111111111108,161.42591111111108
2114,291,212022,254012,1388,189,0.11111111111111108,161.42591111111108
2115,291,212022,254012,1388,1241,0.11111111111111108,161.42591111111108
2116,291,212022,254012,1388,1561,0.11111111111111108,161.42591111111108
2117,292,213004,211024,286,1105,0.3333333333333333,18.13589918988509
2118,292,213004,211024,302,1105,0.3333333333333333,18.13589918988509
2119,292,213004,211024,1680,1105,0.3333333333333333,18.13589918988509
2120,293,213004,212011,286,434,0.11111111111111108,112.65629999999996
2121,293,213004,212011,286,1110,0.11111111111111108,112.65629999999996
2122,293,213004,212011,286,1123,0.11111111111111108,112.65629999999996
2123,293,213004,212011,302,434,0.11111111111111108,112.65629999999996
2124,293,213004,212011,302,1110,0.11111111111111108,112.65629999999996
2125,293,213004,212011,302,1123,0.11111111111111108,112.65629999999996
2126,293,213004,212011,1680,434,0.11111111111111108,112.65629999999996
2127,293,213004,212011,1680,1110,0.11111111111111108,112.65629999999996
2128,293,213004,212011,1680,1123,0.11111111111111108,112.65629999999996
2129,294,213004,213004,286,302,0.16666666666666663,166.26202730451953
2130,294,213004,213004,286,1680,0.16666666666666663,166.26202730451953
2131,294,213004,213004,302,286,0.16666666666666663,166.26202730451953
2132,294,213004,213004,302,1680,0.16666666666666663,166.26202730451953
2133,294,213004,213004,1680,286,0.16666666666666663,166.26202730451953
2134,294,213004,213004,1680,302,0.16666666666666663,166.26202730451953
2135,295,213004,235007,286,996,0.11111111111111108,251.4061555555555
2136,295,213004,235007,286,448,0.11111111111111108,251.4061555555555
2137,295,213004,235007,286,409,0.11111111111111108,251.4061555555555
2138,295,213004,235007,302,996,0.11111111111111108,251.4061555555555
2139,295,213004,235007,302,448,0.11111111111111108,251.4061555555555
2140,295,213004,235007,302,409,0.11111111111111108,251.4061555555555
2141,295,213004,235007,1680,996,0.11111111111111108,251.4061555555555
2142,295,213004,235007,1680,448,0.11111111111111108,251.4061555555555
2143,295,213004,235007,1680,409,0.11111111111111108,251.4061555555555
2144,296,213004,237001,286,1289,0.11111111111111108,127.4596222222222
2145,296,213004,237001,286,1518,0.11111111111111108,127.4596222222222
2146,296,213004,237001,286,1588,0.11111111111111108,127.4596222222222
2147,296,213004,237001,302,1289,0.11111111111111108,127.4596222222222
2148,296,213004,237001,302,1518,0.11111111111111108,127.4596222222222
2149,296,213004,237001,302,1588,0.11111111111111108,127.4596222222222
2150,296,213004,237001,1680,1289,0.11111111111111108,127.4596222222222
2151,296,213004,237001,1680,1518,0.11111111111111108,127.4596222222222
2152,296,213004,237001,1680,1588,0.11111111111111108,127.4596222222222
2153,297,213004,237002,286,465,0.11111111111111108,15.077966666666661
2154,297,213004,237002,286,1137,0.11111111111111108,15.077966666666661
2155,297,213004,237002,286,979,0.11111111111111108,15.077966666666661
2156,297,213004,237002,302,465,0.11111111111111108,15.077966666666661
2157,297,213004,237002,302,1137,0.11111111111111108,15.077966666666661
2158,297,213004,237002,302,979,0.11111111111111108,15.077966666666661
2159,297,213004,237002,1680,465,0.11111111111111108,15.077966666666661
2160,297,213004,237002,1680,1137,0.11111111111111108,15.077966666666661
2161,297,213004,237002,1680,979,0.11111111111111108,15.077966666666661
2162,298,213004,243047,286,482,0.11111111111111108,48.08350699874824
2163,298,213004,243047,286,1499,0.11111111111111108,48.08350699874824
2164,298,213004,243047,286,298,0.11111111111111108,48.08350699874824
2165,298,213004,243047,302,482,0.11111111111111108,48.08350699874824
2166,298,213004,243047,302,1499,0.11111111111111108,48.08350699874824
2167,298,213004,243047,302,298,0.11111111111111108,48.08350699874824
2168,298,213004,243047,1680,482,0.11111111111111108,48.08350699874824
2169,298,213004,243047,1680,1499,0.11111111111111108,48.08350699874824
2170,298,213004,243047,1680,298,0.11111111111111108,48.08350699874824
2171,299,213004,245006,286,479,0.11111111111111108,207.48768888888884
2172,299,213004,245006,286,1531,0.11111111111111108,207.48768888888884
2173,299,213004,245006,286,1683,0.11111111111111108,207.48768888888884
2174,299,213004,245006,302,479,0.11111111111111108,207.48768888888884
2175,299,213004,245006,302,1531,0.11111111111111108,207.48768888888884
2176,299,213004,245006,302,1683,0.11111111111111108,207.48768888888884
2177,299,213004,245006,1680,479,0.11111111111111108,207.48768888888884
2178,299,213004,245006,1680,1531,0.11111111111111108,207.48768888888884
2179,299,213004,245006,1680,1683,0.11111111111111108,207.48768888888884
2180,300,213004,247003,286,1127,0.16666666666666669,98.93585
2181,300,213004,247003,286,1507,0.16666666666666669,98.93585
2182,300,213004,247003,302,1127,0.16666666666666669,98.93585
2183,300,213004,247003,302,1507,0.16666666666666669,98.93585
2184,300,213004,247003,1680,1127,0.16666666666666669,98.93585
2185,300,213004,247003,1680,1507,0.16666666666666669,98.93585
2186,301,213004,271029,286,1213,0.3333333333333333,44.98559999999999
2187,301,213004,271029,302,1213,0.3333333333333333,44.98559999999999
2188,301,213004,271029,1680,1213,0.3333333333333333,44.98559999999999
2189,302,213004,271032,286,108,0.11111111111111108,17.07681111111111
2190,302,213004,271032,286,1415,0.11111111111111108,17.07681111111111
2191,302,213004,271032,286,1520,0.11111111111111108,17.07681111111111
2192,302,213004,271032,302,108,0.11111111111111108,17.07681111111111
2193,302,213004,271032,302,1415,0.11111111111111108,17.07681111111111
2194,302,213004,271032,302,1520,0.11111111111111108,17.07681111111111
2195,302,213004,271032,1680,108,0.11111111111111108,17.07681111111111
2196,302,213004,271032,1680,1415,0.11111111111111108,17.07681111111111
2197,302,213004,271032,1680,1520,0.11111111111111108,17.07681111111111
2198,303,213004,271035,286,1314,0.16666666666666669,11.8777
2199,303,213004,271035,286,1213,0.16666666666666669,11.8777
2200,303,213004,271035,302,1314,0.16666666666666669,11.8777
2201,303,213004,271035,302,1213,0.16666666666666669,11.8777
2202,303,213004,271035,1680,1314,0.16666666666666669,11.8777
2203,303,213004,271035,1680,1213,0.16666666666666669,11.8777
2204,304,213004,285010,286,1308,0.11111111111111108,10.990655555555552
2205,304,213004,285010,286,1190,0.11111111111111108,10.990655555555552
2206,304,213004,285010,286,349,0.11111111111111108,10.990655555555552
2207,304,213004,285010,302,1308,0.11111111111111108,10.990655555555552
2208,304,213004,285010,302,1190,0.11111111111111108,10.990655555555552
2209,304,213004,285010,302,349,0.11111111111111108,10.990655555555552
2210,304,213004,285010,1680,1308,0.11111111111111108,10.990655555555552
2211,304,213004,285010,1680,1190,0.11111111111111108,10.990655555555552
2212,304,213004,285010,1680,349,0.11111111111111108,10.990655555555552
2213,305,213004,286017,286,1585,0.16666666666666669,13.017266666666668
2214,305,213004,286017,286,1584,0.16666666666666669,13.017266666666668
2215,305,213004,286017,302,1585,0.16666666666666669,13.017266666666668
2216,305,213004,286017,302,1584,0.16666666666666669,13.017266666666668
2217,305,213004,286017,1680,1585,0.16666666666666669,13.017266666666668
2218,305,213004,286017,1680,1584,0.16666666666666669,13.017266666666668
2219,306,213005,216001,222,1528,0.11111111111111108,39.32343333333333
2220,306,213005,216001,222,290,0.11111111111111108,39.32343333333333
2221,306,213005,216001,222,1371,0.11111111111111108,39.32343333333333
2222,306,213005,216001,227,1528,0.11111111111111108,39.32343333333333
2223,306,213005,216001,227,290,0.11111111111111108,39.32343333333333
2224,306,213005,216001,227,1371,0.11111111111111108,39.32343333333333
2225,306,213005,216001,223,1528,0.11111111111111108,39.32343333333333
2226,306,213005,216001,223,290,0.11111111111111108,39.32343333333333
2227,306,213005,216001,223,1371,0.11111111111111108,39.32343333333333
2228,307,213005,241003,222,1169,0.3333333333333333,56.56386666666666
2229,307,213005,241003,227,1169,0.3333333333333333,56.56386666666666
2230,307,213005,241003,223,1169,0.3333333333333333,56.56386666666666
2231,308,213005,242037,222,426,0.16666666666666669,17.273233333333334
2232,308,213005,242037,222,473,0.16666666666666669,17.273233333333334
2233,308,213005,242037,227,426,0.16666666666666669,17.273233333333334
2234,308,213005,242037,227,473,0.16666666666666669,17.273233333333334
2235,308,213005,242037,223,426,0.16666666666666669,17.273233333333334
2236,308,213005,242037,223,473,0.16666666666666669,17.273233333333334
2237,309,213006,226007,228,966,0.16666666666666669,50.369866666666674
2238,309,213006,226007,228,1005,0.16666666666666669,50.369866666666674
2239,309,213006,226007,228,1485,0.16666666666666669,50.369866666666674
2240,309,213006,226007,1070,966,0.16666666666666669,50.369866666666674
2241,309,213006,226007,1070,1005,0.16666666666666669,50.369866666666674
2242,309,213006,226007,1070,1485,0.16666666666666669,50.369866666666674
2243,310,213010,242005,1463,888,0.11111111111111108,13.734777777777774
2244,310,213010,242005,1463,1516,0.11111111111111108,13.734777777777774
2245,310,213010,242005,1463,322,0.11111111111111108,13.734777777777774
2246,310,213010,242005,1532,888,0.11111111111111108,13.734777777777774
2247,310,213010,242005,1532,1516,0.11111111111111108,13.734777777777774
2248,310,213010,242005,1532,322,0.11111111111111108,13.734777777777774
2249,310,213010,242005,223,888,0.11111111111111108,13.734777777777774
2250,310,213010,242005,223,1516,0.11111111111111108,13.734777777777774
2251,310,213010,242005,223,322,0.11111111111111108,13.734777777777774
2252,311,213010,263013,1463,1321,0.11111111111111108,9.643766666666664
2253,311,213010,263013,1463,685,0.11111111111111108,9.643766666666664
2254,311,213010,263013,1463,1376,0.11111111111111108,9.643766666666664
2255,311,213010,263013,1532,1321,0.11111111111111108,9.643766666666664
2256,311,213010,263013,1532,685,0.11111111111111108,9.643766666666664
2257,311,213010,263013,1532,1376,0.11111111111111108,9.643766666666664
2258,311,213010,263013,223,1321,0.11111111111111108,9.643766666666664
2259,311,213010,263013,223,685,0.11111111111111108,9.643766666666664
2260,311,213010,263013,223,1376,0.11111111111111108,9.643766666666664
2261,312,214001,263018,848,1375,0.11111111111111108,9.643766666666664
2262,312,214001,263018,848,870,0.11111111111111108,9.643766666666664
2263,312,214001,263018,848,1273,0.11111111111111108,9.643766666666664
2264,312,214001,263018,436,1375,0.11111111111111108,9.643766666666664
2265,312,214001,263018,436,870,0.11111111111111108,9.643766666666664
2266,312,214001,263018,436,1273,0.11111111111111108,9.643766666666664
2267,312,214001,263018,431,1375,0.11111111111111108,9.643766666666664
2268,312,214001,263018,431,870,0.11111111111111108,9.643766666666664
2269,312,214001,263018,431,1273,0.11111111111111108,9.643766666666664
2270,313,214002,234023,845,413,0.11111111111111108,13.366777777777774
2271,313,214002,234023,845,1526,0.11111111111111108,13.366777777777774
2272,313,214002,234023,845,415,0.11111111111111108,13.366777777777774
2273,313,214002,234023,1107,413,0.11111111111111108,13.366777777777774
2274,313,214002,234023,1107,1526,0.11111111111111108,13.366777777777774
2275,313,214002,234023,1107,415,0.11111111111111108,13.366777777777774
2276,313,214002,234023,843,413,0.11111111111111108,13.366777777777774
2277,313,214002,234023,843,1526,0.11111111111111108,13.366777777777774
2278,313,214002,234023,843,415,0.11111111111111108,13.366777777777774
2279,314,214002,241031,845,525,0.11111111111111108,184.44051111111108
2280,314,214002,241031,845,885,0.11111111111111108,184.44051111111108
2281,314,214002,241031,845,1684,0.11111111111111108,184.44051111111108
2282,314,214002,241031,1107,525,0.11111111111111108,184.44051111111108
2283,314,214002,241031,1107,885,0.11111111111111108,184.44051111111108
2284,314,214002,241031,1107,1684,0.11111111111111108,184.44051111111108
2285,314,214002,241031,843,525,0.11111111111111108,184.44051111111108
2286,314,214002,241031,843,885,0.11111111111111108,184.44051111111108
2287,314,214002,241031,843,1684,0.11111111111111108,184.44051111111108
2288,315,214002,244020,845,521,0.3333333333333333,44.146433333333334
2289,315,214002,244020,1107,521,0.3333333333333333,44.146433333333334
2290,315,214002,244020,843,521,0.3333333333333333,44.146433333333334
2291,316,214005,211020,830,495,1.0,251.0171
2292,317,214005,235004,830,1483,0.3333333333333333,136.17746666666665
2293,317,214005,235004,830,614,0.3333333333333333,136.17746666666665
2294,317,214005,235004,830,1526,0.3333333333333333,136.17746666666665
2295,318,214005,236009,830,991,1.0,79.9036
2296,319,214005,243044,830,298,0.5,41.77455
2297,319,214005,243044,830,1081,0.5,41.77455
2298,320,214005,245012,830,1223,0.3333333333333333,21.932233333333333
2299,320,214005,245012,830,285,0.3333333333333333,21.932233333333333
2300,320,214005,245012,830,501,0.3333333333333333,21.932233333333333
2301,321,214005,246001,830,1172,1.0,281.7513
2302,322,214005,246011,830,30,1.0,95.851
2303,323,214005,267015,830,1058,0.3333333333333333,84.3124
2304,323,214005,267015,830,639,0.3333333333333333,84.3124
2305,323,214005,267015,830,1056,0.3333333333333333,84.3124
2306,324,214006,234023,853,413,0.11111111111111108,5.344911111111109
2307,324,214006,234023,853,1526,0.11111111111111108,5.344911111111109
2308,324,214006,234023,853,415,0.11111111111111108,5.344911111111109
2309,324,214006,234023,1099,413,0.11111111111111108,5.344911111111109
2310,324,214006,234023,1099,1526,0.11111111111111108,5.344911111111109
2311,324,214006,234023,1099,415,0.11111111111111108,5.344911111111109
2312,324,214006,234023,845,413,0.11111111111111108,5.344911111111109
2313,324,214006,234023,845,1526,0.11111111111111108,5.344911111111109
2314,324,214006,234023,845,415,0.11111111111111108,5.344911111111109
2315,325,214010,229013,641,1022,0.16666666666666669,17.48085
2316,325,214010,229013,641,162,0.16666666666666669,17.48085
2317,325,214010,229013,641,671,0.16666666666666669,17.48085
2318,325,214010,229013,836,1022,0.16666666666666669,17.48085
2319,325,214010,229013,836,162,0.16666666666666669,17.48085
2320,325,214010,229013,836,671,0.16666666666666669,17.48085
2321,326,214013,221008,830,1049,0.11111111111111108,34.467677777777766
2322,326,214013,221008,830,1642,0.11111111111111108,34.467677777777766
2323,326,214013,221008,830,1050,0.11111111111111108,34.467677777777766
2324,326,214013,221008,1107,1049,0.11111111111111108,34.467677777777766
2325,326,214013,221008,1107,1642,0.11111111111111108,34.467677777777766
2326,326,214013,221008,1107,1050,0.11111111111111108,34.467677777777766
2327,326,214013,221008,1720,1049,0.11111111111111108,34.467677777777766
2328,326,214013,221008,1720,1642,0.11111111111111108,34.467677777777766
2329,326,214013,221008,1720,1050,0.11111111111111108,34.467677777777766
2330,327,214013,233011,830,443,0.11111111111111108,21.81165555555555
2331,327,214013,233011,830,1175,0.11111111111111108,21.81165555555555
2332,327,214013,233011,830,444,0.11111111111111108,21.81165555555555
2333,327,214013,233011,1107,443,0.11111111111111108,21.81165555555555
2334,327,214013,233011,1107,1175,0.11111111111111108,21.81165555555555
2335,327,214013,233011,1107,444,0.11111111111111108,21.81165555555555
2336,327,214013,233011,1720,443,0.11111111111111108,21.81165555555555
2337,327,214013,233011,1720,1175,0.11111111111111108,21.81165555555555
2338,327,214013,233011,1720,444,0.11111111111111108,21.81165555555555
2339,328,214013,245012,830,1223,0.11111111111111108,14.70395555555555
2340,328,214013,245012,830,285,0.11111111111111108,14.70395555555555
2341,328,214013,245012,830,501,0.11111111111111108,14.70395555555555
2342,328,214013,245012,1107,1223,0.11111111111111108,14.70395555555555
2343,328,214013,245012,1107,285,0.11111111111111108,14.70395555555555
2344,328,214013,245012,1107,501,0.11111111111111108,14.70395555555555
2345,328,214013,245012,1720,1223,0.11111111111111108,14.70395555555555
2346,328,214013,245012,1720,285,0.11111111111111108,14.70395555555555
2347,328,214013,245012,1720,501,0.11111111111111108,14.70395555555555
2348,329,214013,245020,830,1511,0.16666666666666669,9.554116666666667
2349,329,214013,245020,830,1076,0.16666666666666669,9.554116666666667
2350,329,214013,245020,1107,1511,0.16666666666666669,9.554116666666667
2351,329,214013,245020,1107,1076,0.16666666666666669,9.554116666666667
2352,329,214013,245020,1720,1511,0.16666666666666669,9.554116666666667
2353,329,214013,245020,1720,1076,0.16666666666666669,9.554116666666667
2354,330,215001,153022,1116,1114,0.11111111111111108,7.9057999999999975
2355,330,215001,153022,1116,395,0.11111111111111108,7.9057999999999975
2356,330,215001,153022,1116,1463,0.11111111111111108,7.9057999999999975
2357,330,215001,153022,1510,1114,0.11111111111111108,7.9057999999999975
2358,330,215001,153022,1510,395,0.11111111111111108,7.9057999999999975
2359,330,215001,153022,1510,1463,0.11111111111111108,7.9057999999999975
2360,330,215001,153022,1118,1114,0.11111111111111108,7.9057999999999975
2361,330,215001,153022,1118,395,0.11111111111111108,7.9057999999999975
2362,330,215001,153022,1118,1463,0.11111111111111108,7.9057999999999975
2363,331,215002,242001,381,890,0.11111111111111108,10.397955555555553
2364,331,215002,242001,381,492,0.11111111111111108,10.397955555555553
2365,331,215002,242001,381,1350,0.11111111111111108,10.397955555555553
2366,331,215002,242001,1659,890,0.11111111111111108,10.397955555555553
2367,331,215002,242001,1659,492,0.11111111111111108,10.397955555555553
2368,331,215002,242001,1659,1350,0.11111111111111108,10.397955555555553
2369,331,215002,242001,1638,890,0.11111111111111108,10.397955555555553
2370,331,215002,242001,1638,492,0.11111111111111108,10.397955555555553
2371,331,215002,242001,1638,1350,0.11111111111111108,10.397955555555553
2372,332,215002,242037,381,426,0.16666666666666669,11.046883333333335
2373,332,215002,242037,381,473,0.16666666666666669,11.046883333333335
2374,332,215002,242037,1659,426,0.16666666666666669,11.046883333333335
2375,332,215002,242037,1659,473,0.16666666666666669,11.046883333333335
2376,332,215002,242037,1638,426,0.16666666666666669,11.046883333333335
2377,332,215002,242037,1638,473,0.16666666666666669,11.046883333333335
2378,333,215002,244020,381,521,0.3333333333333333,72.75619999999999
2379,333,215002,244020,1659,521,0.3333333333333333,72.75619999999999
2380,333,215002,244020,1638,521,0.3333333333333333,72.75619999999999
2381,334,215002,281028,381,1249,0.11111111111111108,7.204266666666664
2382,334,215002,281028,381,1669,0.11111111111111108,7.204266666666664
2383,334,215002,281028,381,1554,0.11111111111111108,7.204266666666664
2384,334,215002,281028,1659,1249,0.11111111111111108,7.204266666666664
2385,334,215002,281028,1659,1669,0.11111111111111108,7.204266666666664
2386,334,215002,281028,1659,1554,0.11111111111111108,7.204266666666664
2387,334,215002,281028,1638,1249,0.11111111111111108,7.204266666666664
2388,334,215002,281028,1638,1669,0.11111111111111108,7.204266666666664
2389,334,215002,281028,1638,1554,0.11111111111111108,7.204266666666664
2390,335,215002,283027,381,1634,0.11111111111111108,8.072322222222219
2391,335,215002,283027,381,334,0.11111111111111108,8.072322222222219
2392,335,215002,283027,381,101,0.11111111111111108,8.072322222222219
2393,335,215002,283027,1659,1634,0.11111111111111108,8.072322222222219
2394,335,215002,283027,1659,334,0.11111111111111108,8.072322222222219
2395,335,215002,283027,1659,101,0.11111111111111108,8.072322222222219
2396,335,215002,283027,1638,1634,0.11111111111111108,8.072322222222219
2397,335,215002,283027,1638,334,0.11111111111111108,8.072322222222219
2398,335,215002,283027,1638,101,0.11111111111111108,8.072322222222219
2399,336,215003,151007,1120,394,0.11111111111111108,11.496111111111109
2400,336,215003,151007,1120,226,0.11111111111111108,11.496111111111109
2401,336,215003,151007,1120,239,0.11111111111111108,11.496111111111109
2402,336,215003,151007,378,394,0.11111111111111108,11.496111111111109
2403,336,215003,151007,378,226,0.11111111111111108,11.496111111111109
2404,336,215003,151007,378,239,0.11111111111111108,11.496111111111109
2405,336,215003,151007,31,394,0.11111111111111108,11.496111111111109
2406,336,215003,151007,31,226,0.11111111111111108,11.496111111111109
2407,336,215003,151007,31,239,0.11111111111111108,11.496111111111109
2408,337,215003,233001,1120,581,0.11111111111111108,41.35843333333332
2409,337,215003,233001,1120,585,0.11111111111111108,41.35843333333332
2410,337,215003,233001,1120,582,0.11111111111111108,41.35843333333332
2411,337,215003,233001,378,581,0.11111111111111108,41.35843333333332
2412,337,215003,233001,378,585,0.11111111111111108,41.35843333333332
2413,337,215003,233001,378,582,0.11111111111111108,41.35843333333332
2414,337,215003,233001,31,581,0.11111111111111108,41.35843333333332
2415,337,215003,233001,31,585,0.11111111111111108,41.35843333333332
2416,337,215003,233001,31,582,0.11111111111111108,41.35843333333332
2417,338,215003,253005,1120,1715,0.3333333333333333,21.523600000000002
2418,338,215003,253005,378,1715,0.3333333333333333,21.523600000000002
2419,338,215003,253005,31,1715,0.3333333333333333,21.523600000000002
2420,339,215003,266040,1120,1265,0.11111111111111108,8.845077777777776
2421,339,215003,266040,1120,906,0.11111111111111108,8.845077777777776
2422,339,215003,266040,1120,1266,0.11111111111111108,8.845077777777776
2423,339,215003,266040,378,1265,0.11111111111111108,8.845077777777776
2424,339,215003,266040,378,906,0.11111111111111108,8.845077777777776
2425,339,215003,266040,378,1266,0.11111111111111108,8.845077777777776
2426,339,215003,266040,31,1265,0.11111111111111108,8.845077777777776
2427,339,215003,266040,31,906,0.11111111111111108,8.845077777777776
2428,339,215003,266040,31,1266,0.11111111111111108,8.845077777777776
2429,340,215005,153010,327,1463,0.11111111111111108,8.89412222222222
2430,340,215005,153010,327,1462,0.11111111111111108,8.89412222222222
2431,340,215005,153010,327,226,0.11111111111111108,8.89412222222222
2432,340,215005,153010,1681,1463,0.11111111111111108,8.89412222222222
2433,340,215005,153010,1681,1462,0.11111111111111108,8.89412222222222
2434,340,215005,153010,1681,226,0.11111111111111108,8.89412222222222
2435,340,215005,153010,1116,1463,0.11111111111111108,8.89412222222222
2436,340,215005,153010,1116,1462,0.11111111111111108,8.89412222222222
2437,340,215005,153010,1116,226,0.11111111111111108,8.89412222222222
2438,341,215005,242037,327,426,0.16666666666666669,13.469050000000001
2439,341,215005,242037,327,473,0.16666666666666669,13.469050000000001
2440,341,215005,242037,1681,426,0.16666666666666669,13.469050000000001
2441,341,215005,242037,1681,473,0.16666666666666669,13.469050000000001
2442,341,215005,242037,1116,426,0.16666666666666669,13.469050000000001
2443,341,215005,242037,1116,473,0.16666666666666669,13.469050000000001
2444,342,215005,251002,327,1592,0.11111111111111108,73.50418888888886
2445,342,215005,251002,327,1420,0.11111111111111108,73.50418888888886
2446,342,215005,251002,327,1423,0.11111111111111108,73.50418888888886
2447,342,215005,251002,1681,1592,0.11111111111111108,73.50418888888886
2448,342,215005,251002,1681,1420,0.11111111111111108,73.50418888888886
2449,342,215005,251002,1681,1423,0.11111111111111108,73.50418888888886
2450,342,215005,251002,1116,1592,0.11111111111111108,73.50418888888886
2451,342,215005,251002,1116,1420,0.11111111111111108,73.50418888888886
2452,342,215005,251002,1116,1423,0.11111111111111108,73.50418888888886
2453,343,215005,266001,327,1268,0.3333333333333333,33.537366666666664
2454,343,215005,266001,1681,1268,0.3333333333333333,33.537366666666664
2455,343,215005,266001,1116,1268,0.3333333333333333,33.537366666666664
2456,344,215005,286039,327,1554,0.11111111111111108,8.271499999999998
2457,344,215005,286039,327,1249,0.11111111111111108,8.271499999999998
2458,344,215005,286039,327,1302,0.11111111111111108,8.271499999999998
2459,344,215005,286039,1681,1554,0.11111111111111108,8.271499999999998
2460,344,215005,286039,1681,1249,0.11111111111111108,8.271499999999998
2461,344,215005,286039,1681,1302,0.11111111111111108,8.271499999999998
2462,344,215005,286039,1116,1554,0.11111111111111108,8.271499999999998
2463,344,215005,286039,1116,1249,0.11111111111111108,8.271499999999998
2464,344,215005,286039,1116,1302,0.11111111111111108,8.271499999999998
2465,345,215006,221042,1109,1047,0.11111111111111108,19.117277777777772
2466,345,215006,221042,1109,742,0.11111111111111108,19.117277777777772
2467,345,215006,221042,1109,1044,0.11111111111111108,19.117277777777772
2468,345,215006,221042,1404,1047,0.11111111111111108,19.117277777777772
2469,345,215006,221042,1404,742,0.11111111111111108,19.117277777777772
2470,345,215006,221042,1404,1044,0.11111111111111108,19.117277777777772
2471,345,215006,221042,1513,1047,0.11111111111111108,19.117277777777772
2472,345,215006,221042,1513,742,0.11111111111111108,19.117277777777772
2473,345,215006,221042,1513,1044,0.11111111111111108,19.117277777777772
2474,346,215006,233003,1109,1177,0.16666666666666669,61.862950000000005
2475,346,215006,233003,1109,350,0.16666666666666669,61.862950000000005
2476,346,215006,233003,1404,1177,0.16666666666666669,61.862950000000005
2477,346,215006,233003,1404,350,0.16666666666666669,61.862950000000005
2478,346,215006,233003,1513,1177,0.16666666666666669,61.862950000000005
2479,346,215006,233003,1513,350,0.16666666666666669,61.862950000000005
2480,347,215006,241022,1109,1129,0.11111111111111108,8.86392222222222
2481,347,215006,241022,1109,1131,0.11111111111111108,8.86392222222222
2482,347,215006,241022,1109,1128,0.11111111111111108,8.86392222222222
2483,347,215006,241022,1404,1129,0.11111111111111108,8.86392222222222
2484,347,215006,241022,1404,1131,0.11111111111111108,8.86392222222222
2485,347,215006,241022,1404,1128,0.11111111111111108,8.86392222222222
2486,347,215006,241022,1513,1129,0.11111111111111108,8.86392222222222
2487,347,215006,241022,1513,1131,0.11111111111111108,8.86392222222222
2488,347,215006,241022,1513,1128,0.11111111111111108,8.86392222222222
2489,348,215006,245011,1109,470,0.11111111111111108,17.400777777777773
2490,348,215006,245011,1109,503,0.11111111111111108,17.400777777777773
2491,348,215006,245011,1109,508,0.11111111111111108,17.400777777777773
2492,348,215006,245011,1404,470,0.11111111111111108,17.400777777777773
2493,348,215006,245011,1404,503,0.11111111111111108,17.400777777777773
2494,348,215006,245011,1404,508,0.11111111111111108,17.400777777777773
2495,348,215006,245011,1513,470,0.11111111111111108,17.400777777777773
2496,348,215006,245011,1513,503,0.11111111111111108,17.400777777777773
2497,348,215006,245011,1513,508,0.11111111111111108,17.400777777777773
2498,349,215006,253002,1109,182,0.11111111111111108,23.207788888888885
2499,349,215006,253002,1109,121,0.11111111111111108,23.207788888888885
2500,349,215006,253002,1109,118,0.11111111111111108,23.207788888888885
2501,349,215006,253002,1404,182,0.11111111111111108,23.207788888888885
2502,349,215006,253002,1404,121,0.11111111111111108,23.207788888888885
2503,349,215006,253002,1404,118,0.11111111111111108,23.207788888888885
2504,349,215006,253002,1513,182,0.11111111111111108,23.207788888888885
2505,349,215006,253002,1513,121,0.11111111111111108,23.207788888888885
2506,349,215006,253002,1513,118,0.11111111111111108,23.207788888888885
2507,350,215006,255010,1109,65,0.11111111111111108,8.166177777777776
2508,350,215006,255010,1109,1658,0.11111111111111108,8.166177777777776
2509,350,215006,255010,1109,1636,0.11111111111111108,8.166177777777776
2510,350,215006,255010,1404,65,0.11111111111111108,8.166177777777776
2511,350,215006,255010,1404,1658,0.11111111111111108,8.166177777777776
2512,350,215006,255010,1404,1636,0.11111111111111108,8.166177777777776
2513,350,215006,255010,1513,65,0.11111111111111108,8.166177777777776
2514,350,215006,255010,1513,1658,0.11111111111111108,8.166177777777776
2515,350,215006,255010,1513,1636,0.11111111111111108,8.166177777777776
2516,351,215006,255014,1109,1240,0.11111111111111108,32.42228888888888
2517,351,215006,255014,1109,19,0.11111111111111108,32.42228888888888
2518,351,215006,255014,1109,1635,0.11111111111111108,32.42228888888888
2519,351,215006,255014,1404,1240,0.11111111111111108,32.42228888888888
2520,351,215006,255014,1404,19,0.11111111111111108,32.42228888888888
2521,351,215006,255014,1404,1635,0.11111111111111108,32.42228888888888
2522,351,215006,255014,1513,1240,0.11111111111111108,32.42228888888888
2523,351,215006,255014,1513,19,0.11111111111111108,32.42228888888888
2524,351,215006,255014,1513,1635,0.11111111111111108,32.42228888888888
2525,352,215006,265018,1109,866,0.11111111111111108,6.090299999999998
2526,352,215006,265018,1109,773,0.11111111111111108,6.090299999999998
2527,352,215006,265018,1109,865,0.11111111111111108,6.090299999999998
2528,352,215006,265018,1404,866,0.11111111111111108,6.090299999999998
2529,352,215006,265018,1404,773,0.11111111111111108,6.090299999999998
2530,352,215006,265018,1404,865,0.11111111111111108,6.090299999999998
2531,352,215006,265018,1513,866,0.11111111111111108,6.090299999999998
2532,352,215006,265018,1513,773,0.11111111111111108,6.090299999999998
2533,352,215006,265018,1513,865,0.11111111111111108,6.090299999999998
2534,353,215006,271052,1109,512,0.11111111111111108,61.68179999999999
2535,353,215006,271052,1109,1184,0.11111111111111108,61.68179999999999
2536,353,215006,271052,1109,1183,0.11111111111111108,61.68179999999999
2537,353,215006,271052,1404,512,0.11111111111111108,61.68179999999999
2538,353,215006,271052,1404,1184,0.11111111111111108,61.68179999999999
2539,353,215006,271052,1404,1183,0.11111111111111108,61.68179999999999
2540,353,215006,271052,1513,512,0.11111111111111108,61.68179999999999
2541,353,215006,271052,1513,1184,0.11111111111111108,61.68179999999999
2542,353,215006,271052,1513,1183,0.11111111111111108,61.68179999999999
2543,354,215006,281028,1109,1249,0.11111111111111108,8.192366666666665
2544,354,215006,281028,1109,1669,0.11111111111111108,8.192366666666665
2545,354,215006,281028,1109,1554,0.11111111111111108,8.192366666666665
2546,354,215006,281028,1404,1249,0.11111111111111108,8.192366666666665
2547,354,215006,281028,1404,1669,0.11111111111111108,8.192366666666665
2548,354,215006,281028,1404,1554,0.11111111111111108,8.192366666666665
2549,354,215006,281028,1513,1249,0.11111111111111108,8.192366666666665
2550,354,215006,281028,1513,1669,0.11111111111111108,8.192366666666665
2551,354,215006,281028,1513,1554,0.11111111111111108,8.192366666666665
2552,355,215006,285012,1109,1308,0.11111111111111108,10.917466666666664
2553,355,215006,285012,1109,920,0.11111111111111108,10.917466666666664
2554,355,215006,285012,1109,1309,0.11111111111111108,10.917466666666664
2555,355,215006,285012,1404,1308,0.11111111111111108,10.917466666666664
2556,355,215006,285012,1404,920,0.11111111111111108,10.917466666666664
2557,355,215006,285012,1404,1309,0.11111111111111108,10.917466666666664
2558,355,215006,285012,1513,1308,0.11111111111111108,10.917466666666664
2559,355,215006,285012,1513,920,0.11111111111111108,10.917466666666664
2560,355,215006,285012,1513,1309,0.11111111111111108,10.917466666666664
2561,356,215008,211022,1406,1101,0.11111111111111108,21.819477777777774
2562,356,215008,211022,1406,1097,0.11111111111111108,21.819477777777774
2563,356,215008,211022,1406,833,0.11111111111111108,21.819477777777774
2564,356,215008,211022,1103,1101,0.11111111111111108,21.819477777777774
2565,356,215008,211022,1103,1097,0.11111111111111108,21.819477777777774
2566,356,215008,211022,1103,833,0.11111111111111108,21.819477777777774
2567,356,215008,211022,11,1101,0.11111111111111108,21.819477777777774
2568,356,215008,211022,11,1097,0.11111111111111108,21.819477777777774
2569,356,215008,211022,11,833,0.11111111111111108,21.819477777777774
2570,357,215008,221042,1406,1047,0.11111111111111108,55.96069999999998
2571,357,215008,221042,1406,742,0.11111111111111108,55.96069999999998
2572,357,215008,221042,1406,1044,0.11111111111111108,55.96069999999998
2573,357,215008,221042,1103,1047,0.11111111111111108,55.96069999999998
2574,357,215008,221042,1103,742,0.11111111111111108,55.96069999999998
2575,357,215008,221042,1103,1044,0.11111111111111108,55.96069999999998
2576,357,215008,221042,11,1047,0.11111111111111108,55.96069999999998
2577,357,215008,221042,11,742,0.11111111111111108,55.96069999999998
2578,357,215008,221042,11,1044,0.11111111111111108,55.96069999999998
2579,358,215008,242003,1406,1512,0.16666666666666669,27.39726666666667
2580,358,215008,242003,1406,325,0.16666666666666669,27.39726666666667
2581,358,215008,242003,1103,1512,0.16666666666666669,27.39726666666667
2582,358,215008,242003,1103,325,0.16666666666666669,27.39726666666667
2583,358,215008,242003,11,1512,0.16666666666666669,27.39726666666667
2584,358,215008,242003,11,325,0.16666666666666669,27.39726666666667
2585,359,215008,243027,1406,374,0.11111111111111108,31.74644444444444
2586,359,215008,243027,1406,1694,0.11111111111111108,31.74644444444444
2587,359,215008,243027,1406,377,0.11111111111111108,31.74644444444444
2588,359,215008,243027,1103,374,0.11111111111111108,31.74644444444444
2589,359,215008,243027,1103,1694,0.11111111111111108,31.74644444444444
2590,359,215008,243027,1103,377,0.11111111111111108,31.74644444444444
2591,359,215008,243027,11,374,0.11111111111111108,31.74644444444444
2592,359,215008,243027,11,1694,0.11111111111111108,31.74644444444444
2593,359,215008,243027,11,377,0.11111111111111108,31.74644444444444
2594,360,215008,245008,1406,1076,0.3333333333333333,60.37975041948411
2595,360,215008,245008,1103,1076,0.3333333333333333,60.37975041948411
2596,360,215008,245008,11,1076,0.3333333333333333,60.37975041948411
2597,361,215008,245015,1406,1463,0.11111111111111108,25.185177777777767
2598,361,215008,245015,1406,230,0.11111111111111108,25.185177777777767
2599,361,215008,245015,1406,222,0.11111111111111108,25.185177777777767
2600,361,215008,245015,1103,1463,0.11111111111111108,25.185177777777767
2601,361,215008,245015,1103,230,0.11111111111111108,25.185177777777767
2602,361,215008,245015,1103,222,0.11111111111111108,25.185177777777767
2603,361,215008,245015,11,1463,0.11111111111111108,25.185177777777767
2604,361,215008,245015,11,230,0.11111111111111108,25.185177777777767
2605,361,215008,245015,11,222,0.11111111111111108,25.185177777777767
2606,362,215008,264002,1406,1635,0.11111111111111108,59.60819999999998
2607,362,215008,264002,1406,1240,0.11111111111111108,59.60819999999998
2608,362,215008,264002,1406,1340,0.11111111111111108,59.60819999999998
2609,362,215008,264002,1103,1635,0.11111111111111108,59.60819999999998
2610,362,215008,264002,1103,1240,0.11111111111111108,59.60819999999998
2611,362,215008,264002,1103,1340,0.11111111111111108,59.60819999999998
2612,362,215008,264002,11,1635,0.11111111111111108,59.60819999999998
2613,362,215008,264002,11,1240,0.11111111111111108,59.60819999999998
2614,362,215008,264002,11,1340,0.11111111111111108,59.60819999999998
2615,363,216001,213005,1528,222,0.11111111111111108,122.1419333333333
2616,363,216001,213005,1528,227,0.11111111111111108,122.1419333333333
2617,363,216001,213005,1528,223,0.11111111111111108,122.1419333333333
2618,363,216001,213005,290,222,0.11111111111111108,122.1419333333333
2619,363,216001,213005,290,227,0.11111111111111108,122.1419333333333
2620,363,216001,213005,290,223,0.11111111111111108,122.1419333333333
2621,363,216001,213005,1371,222,0.11111111111111108,122.1419333333333
2622,363,216001,213005,1371,227,0.11111111111111108,122.1419333333333
2623,363,216001,213005,1371,223,0.11111111111111108,122.1419333333333
2624,364,216001,221032,1528,1662,0.16666666666666669,10.265850000000002
2625,364,216001,221032,1528,1279,0.16666666666666669,10.265850000000002
2626,364,216001,221032,290,1662,0.16666666666666669,10.265850000000002
2627,364,216001,221032,290,1279,0.16666666666666669,10.265850000000002
2628,364,216001,221032,1371,1662,0.16666666666666669,10.265850000000002
2629,364,216001,221032,1371,1279,0.16666666666666669,10.265850000000002
2630,365,216001,245012,1528,1223,0.11111111111111108,2.525777777777777
2631,365,216001,245012,1528,285,0.11111111111111108,2.525777777777777
2632,365,216001,245012,1528,501,0.11111111111111108,2.525777777777777
2633,365,216001,245012,290,1223,0.11111111111111108,2.525777777777777
2634,365,216001,245012,290,285,0.11111111111111108,2.525777777777777
2635,365,216001,245012,290,501,0.11111111111111108,2.525777777777777
2636,365,216001,245012,1371,1223,0.11111111111111108,2.525777777777777
2637,365,216001,245012,1371,285,0.11111111111111108,2.525777777777777
2638,365,216001,245012,1371,501,0.11111111111111108,2.525777777777777
2639,366,216001,245016,1528,230,0.11111111111111108,52.62639999999998
2640,366,216001,245016,1528,285,0.11111111111111108,52.62639999999998
2641,366,216001,245016,1528,1463,0.11111111111111108,52.62639999999998
2642,366,216001,245016,290,230,0.11111111111111108,52.62639999999998
2643,366,216001,245016,290,285,0.11111111111111108,52.62639999999998
2644,366,216001,245016,290,1463,0.11111111111111108,52.62639999999998
2645,366,216001,245016,1371,230,0.11111111111111108,52.62639999999998
2646,366,216001,245016,1371,285,0.11111111111111108,52.62639999999998
2647,366,216001,245016,1371,1463,0.11111111111111108,52.62639999999998
2648,367,216001,267037,1528,988,0.16666666666666669,77.88876666666668
2649,367,216001,267037,1528,621,0.16666666666666669,77.88876666666668
2650,367,216001,267037,290,988,0.16666666666666669,77.88876666666668
2651,367,216001,267037,290,621,0.16666666666666669,77.88876666666668
2652,367,216001,267037,1371,988,0.16666666666666669,77.88876666666668
2653,367,216001,267037,1371,621,0.16666666666666669,77.88876666666668
2654,368,216001,283028,1528,1634,0.16666666666666669,12.805066666666667
2655,368,216001,283028,1528,328,0.16666666666666669,12.805066666666667
2656,368,216001,283028,290,1634,0.16666666666666669,12.805066666666667
2657,368,216001,283028,290,328,0.16666666666666669,12.805066666666667
2658,368,216001,283028,1371,1634,0.16666666666666669,12.805066666666667
2659,368,216001,283028,1371,328,0.16666666666666669,12.805066666666667
2660,369,216002,212004,642,1682,0.11111111111111108,24.38186666666666
2661,369,216002,212004,642,1387,0.11111111111111108,24.38186666666666
2662,369,216002,212004,642,828,0.11111111111111108,24.38186666666666
2663,369,216002,212004,288,1682,0.11111111111111108,24.38186666666666
2664,369,216002,212004,288,1387,0.11111111111111108,24.38186666666666
2665,369,216002,212004,288,828,0.11111111111111108,24.38186666666666
2666,369,216002,212004,289,1682,0.11111111111111108,24.38186666666666
2667,369,216002,212004,289,1387,0.11111111111111108,24.38186666666666
2668,369,216002,212004,289,828,0.11111111111111108,24.38186666666666
2669,370,216002,245010,642,506,0.11111111111111108,33.07892222222222
2670,370,216002,245010,642,283,0.11111111111111108,33.07892222222222
2671,370,216002,245010,642,470,0.11111111111111108,33.07892222222222
2672,370,216002,245010,288,506,0.11111111111111108,33.07892222222222
2673,370,216002,245010,288,283,0.11111111111111108,33.07892222222222
2674,370,216002,245010,288,470,0.11111111111111108,33.07892222222222
2675,370,216002,245010,289,506,0.11111111111111108,33.07892222222222
2676,370,216002,245010,289,283,0.11111111111111108,33.07892222222222
2677,370,216002,245010,289,470,0.11111111111111108,33.07892222222222
2678,371,216002,253014,642,1717,0.16666666666666669,524.0180333333334
2679,371,216002,253014,642,1718,0.16666666666666669,524.0180333333334
2680,371,216002,253014,288,1717,0.16666666666666669,524.0180333333334
2681,371,216002,253014,288,1718,0.16666666666666669,524.0180333333334
2682,371,216002,253014,289,1717,0.16666666666666669,524.0180333333334
2683,371,216002,253014,289,1718,0.16666666666666669,524.0180333333334
2684,372,217001,246011,736,30,0.3333333333333333,113.0535
2685,372,217001,246011,1070,30,0.3333333333333333,113.0535
2686,372,217001,246011,511,30,0.3333333333333333,113.0535
2687,373,217001,254011,736,909,0.11111111111111108,137.84289999999996
2688,373,217001,254011,736,191,0.11111111111111108,137.84289999999996
2689,373,217001,254011,736,192,0.11111111111111108,137.84289999999996
2690,373,217001,254011,1070,909,0.11111111111111108,137.84289999999996
2691,373,217001,254011,1070,191,0.11111111111111108,137.84289999999996
2692,373,217001,254011,1070,192,0.11111111111111108,137.84289999999996
2693,373,217001,254011,511,909,0.11111111111111108,137.84289999999996
2694,373,217001,254011,511,191,0.11111111111111108,137.84289999999996
2695,373,217001,254011,511,192,0.11111111111111108,137.84289999999996
2696,374,217001,283027,736,1634,0.11111111111111108,7.965699999999997
2697,374,217001,283027,736,334,0.11111111111111108,7.965699999999997
2698,374,217001,283027,736,101,0.11111111111111108,7.965699999999997
2699,374,217001,283027,1070,1634,0.11111111111111108,7.965699999999997
2700,374,217001,283027,1070,334,0.11111111111111108,7.965699999999997
2701,374,217001,283027,1070,101,0.11111111111111108,7.965699999999997
2702,374,217001,283027,511,1634,0.11111111111111108,7.965699999999997
2703,374,217001,283027,511,334,0.11111111111111108,7.965699999999997
2704,374,217001,283027,511,101,0.11111111111111108,7.965699999999997
2705,375,220026,222009,26,1478,0.16666666666666669,389.5760833333333
2706,375,220026,222009,26,662,0.16666666666666669,389.5760833333333
2707,375,220026,222009,599,1478,0.16666666666666669,389.5760833333333
2708,375,220026,222009,599,662,0.16666666666666669,389.5760833333333
2709,375,220026,222009,606,1478,0.16666666666666669,389.5760833333333
2710,375,220026,222009,606,662,0.16666666666666669,389.5760833333333
2711,376,220026,234021,26,455,0.11111111111111108,16.363585092979108
2712,376,220026,234021,26,1526,0.11111111111111108,16.363585092979108
2713,376,220026,234021,26,616,0.11111111111111108,16.363585092979108
2714,376,220026,234021,599,455,0.11111111111111108,16.363585092979108
2715,376,220026,234021,599,1526,0.11111111111111108,16.363585092979108
2716,376,220026,234021,599,616,0.11111111111111108,16.363585092979108
2717,376,220026,234021,606,455,0.11111111111111108,16.363585092979108
2718,376,220026,234021,606,1526,0.11111111111111108,16.363585092979108
2719,376,220026,234021,606,616,0.11111111111111108,16.363585092979108
2720,377,220026,237003,26,902,0.16666666666666669,171.89618333333334
2721,377,220026,237003,26,463,0.16666666666666669,171.89618333333334
2722,377,220026,237003,599,902,0.16666666666666669,171.89618333333334
2723,377,220026,237003,599,463,0.16666666666666669,171.89618333333334
2724,377,220026,237003,606,902,0.16666666666666669,171.89618333333334
2725,377,220026,237003,606,463,0.16666666666666669,171.89618333333334
2726,378,220026,242010,26,1162,0.11111111111111108,7.85931111111111
2727,378,220026,242010,26,1149,0.11111111111111108,7.85931111111111
2728,378,220026,242010,26,1161,0.11111111111111108,7.85931111111111
2729,378,220026,242010,599,1162,0.11111111111111108,7.85931111111111
2730,378,220026,242010,599,1149,0.11111111111111108,7.85931111111111
2731,378,220026,242010,599,1161,0.11111111111111108,7.85931111111111
2732,378,220026,242010,606,1162,0.11111111111111108,7.85931111111111
2733,378,220026,242010,606,1149,0.11111111111111108,7.85931111111111
2734,378,220026,242010,606,1161,0.11111111111111108,7.85931111111111
2735,379,220026,245018,26,1223,0.11111111111111108,43.42848888888888
2736,379,220026,245018,26,1726,0.11111111111111108,43.42848888888888
2737,379,220026,245018,26,230,0.11111111111111108,43.42848888888888
2738,379,220026,245018,599,1223,0.11111111111111108,43.42848888888888
2739,379,220026,245018,599,1726,0.11111111111111108,43.42848888888888
2740,379,220026,245018,599,230,0.11111111111111108,43.42848888888888
2741,379,220026,245018,606,1223,0.11111111111111108,43.42848888888888
2742,379,220026,245018,606,1726,0.11111111111111108,43.42848888888888
2743,379,220026,245018,606,230,0.11111111111111108,43.42848888888888
2744,380,220026,267040,26,624,0.11111111111111108,72.89002222222221
2745,380,220026,267040,26,631,0.11111111111111108,72.89002222222221
2746,380,220026,267040,26,985,0.11111111111111108,72.89002222222221
2747,380,220026,267040,599,624,0.11111111111111108,72.89002222222221
2748,380,220026,267040,599,631,0.11111111111111108,72.89002222222221
2749,380,220026,267040,599,985,0.11111111111111108,72.89002222222221
2750,380,220026,267040,606,624,0.11111111111111108,72.89002222222221
2751,380,220026,267040,606,631,0.11111111111111108,72.89002222222221
2752,380,220026,267040,606,985,0.11111111111111108,72.89002222222221
2753,381,220029,243008,1543,1205,0.16666666666666669,13.453416666666667
2754,381,220029,243008,1543,496,0.16666666666666669,13.453416666666667
2755,381,220029,243008,599,1205,0.16666666666666669,13.453416666666667
2756,381,220029,243008,599,496,0.16666666666666669,13.453416666666667
2757,381,220029,243008,609,1205,0.16666666666666669,13.453416666666667
2758,381,220029,243008,609,496,0.16666666666666669,13.453416666666667
2759,382,221001,221040,640,1277,0.16666666666666669,18.94686666666667
2760,382,221001,221040,640,759,0.16666666666666669,18.94686666666667
2761,382,221001,221040,640,764,0.16666666666666669,18.94686666666667
2762,382,221001,221040,707,1277,0.16666666666666669,18.94686666666667
2763,382,221001,221040,707,759,0.16666666666666669,18.94686666666667
2764,382,221001,221040,707,764,0.16666666666666669,18.94686666666667
2765,383,221001,225049,640,1666,0.16666666666666669,23.73676666666667
2766,383,221001,225049,640,725,0.16666666666666669,23.73676666666667
2767,383,221001,225049,640,931,0.16666666666666669,23.73676666666667
2768,383,221001,225049,707,1666,0.16666666666666669,23.73676666666667
2769,383,221001,225049,707,725,0.16666666666666669,23.73676666666667
2770,383,221001,225049,707,931,0.16666666666666669,23.73676666666667
2771,384,221001,264035,640,318,0.16666666666666669,26.255383333333334
2772,384,221001,264035,640,66,0.16666666666666669,26.255383333333334
2773,384,221001,264035,640,1092,0.16666666666666669,26.255383333333334
2774,384,221001,264035,707,318,0.16666666666666669,26.255383333333334
2775,384,221001,264035,707,66,0.16666666666666669,26.255383333333334
2776,384,221001,264035,707,1092,0.16666666666666669,26.255383333333334
2777,385,221002,262005,636,318,0.11111111111111108,10.055988888888887
2778,385,221002,262005,636,870,0.11111111111111108,10.055988888888887
2779,385,221002,262005,636,1552,0.11111111111111108,10.055988888888887
2780,385,221002,262005,635,318,0.11111111111111108,10.055988888888887
2781,385,221002,262005,635,870,0.11111111111111108,10.055988888888887
2782,385,221002,262005,635,1552,0.11111111111111108,10.055988888888887
2783,385,221002,262005,114,318,0.11111111111111108,10.055988888888887
2784,385,221002,262005,114,870,0.11111111111111108,10.055988888888887
2785,385,221002,262005,114,1552,0.11111111111111108,10.055988888888887
2786,386,221002,264002,636,1635,0.11111111111111108,22.525599999999997
2787,386,221002,264002,636,1240,0.11111111111111108,22.525599999999997
2788,386,221002,264002,636,1340,0.11111111111111108,22.525599999999997
2789,386,221002,264002,635,1635,0.11111111111111108,22.525599999999997
2790,386,221002,264002,635,1240,0.11111111111111108,22.525599999999997
2791,386,221002,264002,635,1340,0.11111111111111108,22.525599999999997
2792,386,221002,264002,114,1635,0.11111111111111108,22.525599999999997
2793,386,221002,264002,114,1240,0.11111111111111108,22.525599999999997
2794,386,221002,264002,114,1340,0.11111111111111108,22.525599999999997
2795,387,221004,241023,638,1129,0.5,401.6937
2796,387,221004,241023,638,483,0.5,401.6937
2797,388,221004,267037,638,988,0.5,3045.51555
2798,388,221004,267037,638,621,0.5,3045.51555
2799,389,221006,241023,133,1129,0.16666666666666669,15.040816666666668
2800,389,221006,241023,133,483,0.16666666666666669,15.040816666666668
2801,389,221006,241023,1054,1129,0.16666666666666669,15.040816666666668
2802,389,221006,241023,1054,483,0.16666666666666669,15.040816666666668
2803,389,221006,241023,633,1129,0.16666666666666669,15.040816666666668
2804,389,221006,241023,633,483,0.16666666666666669,15.040816666666668
2805,390,221007,153016,211,1463,0.11111111111111108,9.500666666666664
2806,390,221007,153016,211,1462,0.11111111111111108,9.500666666666664
2807,390,221007,153016,211,226,0.11111111111111108,9.500666666666664
2808,390,221007,153016,769,1463,0.11111111111111108,9.500666666666664
2809,390,221007,153016,769,1462,0.11111111111111108,9.500666666666664
2810,390,221007,153016,769,226,0.11111111111111108,9.500666666666664
2811,390,221007,153016,1618,1463,0.11111111111111108,9.500666666666664
2812,390,221007,153016,1618,1462,0.11111111111111108,9.500666666666664
2813,390,221007,153016,1618,226,0.11111111111111108,9.500666666666664
2814,391,221007,264020,211,318,0.11111111111111108,21.58706666666666
2815,391,221007,264020,211,1635,0.11111111111111108,21.58706666666666
2816,391,221007,264020,211,19,0.11111111111111108,21.58706666666666
2817,391,221007,264020,769,318,0.11111111111111108,21.58706666666666
2818,391,221007,264020,769,1635,0.11111111111111108,21.58706666666666
2819,391,221007,264020,769,19,0.11111111111111108,21.58706666666666
2820,391,221007,264020,1618,318,0.11111111111111108,21.58706666666666
2821,391,221007,264020,1618,1635,0.11111111111111108,21.58706666666666
2822,391,221007,264020,1618,19,0.11111111111111108,21.58706666666666
2823,392,221007,264066,211,318,0.11111111111111108,45.68319999999999
2824,392,221007,264066,211,103,0.11111111111111108,45.68319999999999
2825,392,221007,264066,211,69,0.11111111111111108,45.68319999999999
2826,392,221007,264066,769,318,0.11111111111111108,45.68319999999999
2827,392,221007,264066,769,103,0.11111111111111108,45.68319999999999
2828,392,221007,264066,769,69,0.11111111111111108,45.68319999999999
2829,392,221007,264066,1618,318,0.11111111111111108,45.68319999999999
2830,392,221007,264066,1618,103,0.11111111111111108,45.68319999999999
2831,392,221007,264066,1618,69,0.11111111111111108,45.68319999999999
2832,393,221008,211006,1049,955,0.3333333333333333,34.987899999999996
2833,393,221008,211006,1642,955,0.3333333333333333,34.987899999999996
2834,393,221008,211006,1050,955,0.3333333333333333,34.987899999999996
2835,394,221008,211021,1049,291,0.11111111111111108,381.8700777777777
2836,394,221008,211021,1049,1521,0.11111111111111108,381.8700777777777
2837,394,221008,211021,1049,1310,0.11111111111111108,381.8700777777777
2838,394,221008,211021,1642,291,0.11111111111111108,381.8700777777777
2839,394,221008,211021,1642,1521,0.11111111111111108,381.8700777777777
2840,394,221008,211021,1642,1310,0.11111111111111108,381.8700777777777
2841,394,221008,211021,1050,291,0.11111111111111108,381.8700777777777
2842,394,221008,211021,1050,1521,0.11111111111111108,381.8700777777777
2843,394,221008,211021,1050,1310,0.11111111111111108,381.8700777777777
2844,395,221008,221078,1049,1031,0.3333333333333333,20.013276997589152
2845,395,221008,221078,1642,1031,0.3333333333333333,20.013276997589152
2846,395,221008,221078,1050,1031,0.3333333333333333,20.013276997589152
2847,396,221008,225007,1049,1019,0.11111111111111108,31.04119999999999
2848,396,221008,225007,1049,17,0.11111111111111108,31.04119999999999
2849,396,221008,225007,1049,1014,0.11111111111111108,31.04119999999999
2850,396,221008,225007,1642,1019,0.11111111111111108,31.04119999999999
2851,396,221008,225007,1642,17,0.11111111111111108,31.04119999999999
2852,396,221008,225007,1642,1014,0.11111111111111108,31.04119999999999
2853,396,221008,225007,1050,1019,0.11111111111111108,31.04119999999999
2854,396,221008,225007,1050,17,0.11111111111111108,31.04119999999999
2855,396,221008,225007,1050,1014,0.11111111111111108,31.04119999999999
2856,397,221008,235006,1049,601,0.3333333333333333,212.3868333333333
2857,397,221008,235006,1642,601,0.3333333333333333,212.3868333333333
2858,397,221008,235006,1050,601,0.3333333333333333,212.3868333333333
2859,398,221008,237001,1049,1289,0.11111111111111108,31.04119999999999
2860,398,221008,237001,1049,1518,0.11111111111111108,31.04119999999999
2861,398,221008,237001,1049,1588,0.11111111111111108,31.04119999999999
2862,398,221008,237001,1642,1289,0.11111111111111108,31.04119999999999
2863,398,221008,237001,1642,1518,0.11111111111111108,31.04119999999999
2864,398,221008,237001,1642,1588,0.11111111111111108,31.04119999999999
2865,398,221008,237001,1050,1289,0.11111111111111108,31.04119999999999
2866,398,221008,237001,1050,1518,0.11111111111111108,31.04119999999999
2867,398,221008,237001,1050,1588,0.11111111111111108,31.04119999999999
2868,399,221008,253010,1049,1454,0.11111111111111108,18.83635555555555
2869,399,221008,253010,1049,705,0.11111111111111108,18.83635555555555
2870,399,221008,253010,1049,196,0.11111111111111108,18.83635555555555
2871,399,221008,253010,1642,1454,0.11111111111111108,18.83635555555555
2872,399,221008,253010,1642,705,0.11111111111111108,18.83635555555555
2873,399,221008,253010,1642,196,0.11111111111111108,18.83635555555555
2874,399,221008,253010,1050,1454,0.11111111111111108,18.83635555555555
2875,399,221008,253010,1050,705,0.11111111111111108,18.83635555555555
2876,399,221008,253010,1050,196,0.11111111111111108,18.83635555555555
2877,400,221008,261020,1049,1635,0.11111111111111108,23.722277777777773
2878,400,221008,261020,1049,1240,0.11111111111111108,23.722277777777773
2879,400,221008,261020,1049,1340,0.11111111111111108,23.722277777777773
2880,400,221008,261020,1642,1635,0.11111111111111108,23.722277777777773
2881,400,221008,261020,1642,1240,0.11111111111111108,23.722277777777773
2882,400,221008,261020,1642,1340,0.11111111111111108,23.722277777777773
2883,400,221008,261020,1050,1635,0.11111111111111108,23.722277777777773
2884,400,221008,261020,1050,1240,0.11111111111111108,23.722277777777773
2885,400,221008,261020,1050,1340,0.11111111111111108,23.722277777777773
2886,401,221008,271012,1049,352,0.11111111111111108,41.35415555555555
2887,401,221008,271012,1049,250,0.11111111111111108,41.35415555555555
2888,401,221008,271012,1049,970,0.11111111111111108,41.35415555555555
2889,401,221008,271012,1642,352,0.11111111111111108,41.35415555555555
2890,401,221008,271012,1642,250,0.11111111111111108,41.35415555555555
2891,401,221008,271012,1642,970,0.11111111111111108,41.35415555555555
2892,401,221008,271012,1050,352,0.11111111111111108,41.35415555555555
2893,401,221008,271012,1050,250,0.11111111111111108,41.35415555555555
2894,401,221008,271012,1050,970,0.11111111111111108,41.35415555555555
2895,402,221008,271029,1049,1213,0.3333333333333333,40.688599999999994
2896,402,221008,271029,1642,1213,0.3333333333333333,40.688599999999994
2897,402,221008,271029,1050,1213,0.3333333333333333,40.688599999999994
2898,403,221011,221032,1482,1662,0.16666666666666669,472.86156666666676
2899,403,221011,221032,1482,1279,0.16666666666666669,472.86156666666676
2900,403,221011,221032,1332,1662,0.16666666666666669,472.86156666666676
2901,403,221011,221032,1332,1279,0.16666666666666669,472.86156666666676
2902,403,221011,221032,311,1662,0.16666666666666669,472.86156666666676
2903,403,221011,221032,311,1279,0.16666666666666669,472.86156666666676
2904,404,221011,285002,1482,1191,0.11111111111111108,10.263555555555554
2905,404,221011,285002,1482,1189,0.11111111111111108,10.263555555555554
2906,404,221011,285002,1482,1188,0.11111111111111108,10.263555555555554
2907,404,221011,285002,1332,1191,0.11111111111111108,10.263555555555554
2908,404,221011,285002,1332,1189,0.11111111111111108,10.263555555555554
2909,404,221011,285002,1332,1188,0.11111111111111108,10.263555555555554
2910,404,221011,285002,311,1191,0.11111111111111108,10.263555555555554
2911,404,221011,285002,311,1189,0.11111111111111108,10.263555555555554
2912,404,221011,285002,311,1188,0.11111111111111108,10.263555555555554
2913,405,221016,225036,1607,107,0.11111111111111108,54.99662222222221
2914,405,221016,225036,1607,938,0.11111111111111108,54.99662222222221
2915,405,221016,225036,1607,939,0.11111111111111108,54.99662222222221
2916,405,221016,225036,634,107,0.11111111111111108,54.99662222222221
2917,405,221016,225036,634,938,0.11111111111111108,54.99662222222221
2918,405,221016,225036,634,939,0.11111111111111108,54.99662222222221
2919,405,221016,225036,1218,107,0.11111111111111108,54.99662222222221
2920,405,221016,225036,1218,938,0.11111111111111108,54.99662222222221
2921,405,221016,225036,1218,939,0.11111111111111108,54.99662222222221
2922,406,221020,236024,398,997,0.11111111111111108,25.38386666666666
2923,406,221020,236024,398,417,0.11111111111111108,25.38386666666666
2924,406,221020,236024,398,32,0.11111111111111108,25.38386666666666
2925,406,221020,236024,595,997,0.11111111111111108,25.38386666666666
2926,406,221020,236024,595,417,0.11111111111111108,25.38386666666666
2927,406,221020,236024,595,32,0.11111111111111108,25.38386666666666
2928,406,221020,236024,765,997,0.11111111111111108,25.38386666666666
2929,406,221020,236024,765,417,0.11111111111111108,25.38386666666666
2930,406,221020,236024,765,32,0.11111111111111108,25.38386666666666
2931,407,221020,266015,398,556,0.16666666666666669,28.648433333333337
2932,407,221020,266015,398,559,0.16666666666666669,28.648433333333337
2933,407,221020,266015,595,556,0.16666666666666669,28.648433333333337
2934,407,221020,266015,595,559,0.16666666666666669,28.648433333333337
2935,407,221020,266015,765,556,0.16666666666666669,28.648433333333337
2936,407,221020,266015,765,559,0.16666666666666669,28.648433333333337
2937,408,221023,266040,1051,1265,0.3333333333333333,400.7456666666667
2938,408,221023,266040,1051,906,0.3333333333333333,400.7456666666667
2939,408,221023,266040,1051,1266,0.3333333333333333,400.7456666666667
2940,409,221025,285009,1332,348,0.3333333333333333,45.9381
2941,409,221025,285009,778,348,0.3333333333333333,45.9381
2942,409,221025,285009,669,348,0.3333333333333333,45.9381
2943,410,221028,266018,739,402,0.16666666666666669,48.072700000000005
2944,410,221028,266018,739,269,0.16666666666666669,48.072700000000005
2945,410,221028,266018,739,268,0.16666666666666669,48.072700000000005
2946,410,221028,266018,1045,402,0.16666666666666669,48.072700000000005
2947,410,221028,266018,1045,269,0.16666666666666669,48.072700000000005
2948,410,221028,266018,1045,268,0.16666666666666669,48.072700000000005
2949,411,221028,284004,739,337,0.16666666666666669,16.80966666666667
2950,411,221028,284004,739,329,0.16666666666666669,16.80966666666667
2951,411,221028,284004,739,1249,0.16666666666666669,16.80966666666667
2952,411,221028,284004,1045,337,0.16666666666666669,16.80966666666667
2953,411,221028,284004,1045,329,0.16666666666666669,16.80966666666667
2954,411,221028,284004,1045,1249,0.16666666666666669,16.80966666666667
2955,412,221028,285003,739,1194,0.16666666666666669,17.16616666666667
2956,412,221028,285003,739,1186,0.16666666666666669,17.16616666666667
2957,412,221028,285003,739,1195,0.16666666666666669,17.16616666666667
2958,412,221028,285003,1045,1194,0.16666666666666669,17.16616666666667
2959,412,221028,285003,1045,1186,0.16666666666666669,17.16616666666667
2960,412,221028,285003,1045,1195,0.16666666666666669,17.16616666666667
2961,413,221031,229003,732,670,0.11111111111111108,169.02931111111107
2962,413,221031,229003,732,89,0.11111111111111108,169.02931111111107
2963,413,221031,229003,732,671,0.11111111111111108,169.02931111111107
2964,413,221031,229003,1662,670,0.11111111111111108,169.02931111111107
2965,413,221031,229003,1662,89,0.11111111111111108,169.02931111111107
2966,413,221031,229003,1662,671,0.11111111111111108,169.02931111111107
2967,413,221031,229003,1279,670,0.11111111111111108,169.02931111111107
2968,413,221031,229003,1279,89,0.11111111111111108,169.02931111111107
2969,413,221031,229003,1279,671,0.11111111111111108,169.02931111111107
2970,414,221031,264015,732,1635,0.11111111111111108,12.584966666666663
2971,414,221031,264015,732,1240,0.11111111111111108,12.584966666666663
2972,414,221031,264015,732,1340,0.11111111111111108,12.584966666666663
2973,414,221031,264015,1662,1635,0.11111111111111108,12.584966666666663
2974,414,221031,264015,1662,1240,0.11111111111111108,12.584966666666663
2975,414,221031,264015,1662,1340,0.11111111111111108,12.584966666666663
2976,414,221031,264015,1279,1635,0.11111111111111108,12.584966666666663
2977,414,221031,264015,1279,1240,0.11111111111111108,12.584966666666663
2978,414,221031,264015,1279,1340,0.11111111111111108,12.584966666666663
2979,415,221032,211009,1662,952,0.25,22.713425
2980,415,221032,211009,1662,953,0.25,22.713425
2981,415,221032,211009,1279,952,0.25,22.713425
2982,415,221032,211009,1279,953,0.25,22.713425
2983,416,221032,211023,1662,833,0.16666666666666669,202.43605
2984,416,221032,211023,1662,1105,0.16666666666666669,202.43605
2985,416,221032,211023,1662,1098,0.16666666666666669,202.43605
2986,416,221032,211023,1279,833,0.16666666666666669,202.43605
2987,416,221032,211023,1279,1105,0.16666666666666669,202.43605
2988,416,221032,211023,1279,1098,0.16666666666666669,202.43605
2989,417,221032,216001,1662,1528,0.16666666666666669,72.27045000000001
2990,417,221032,216001,1662,290,0.16666666666666669,72.27045000000001
2991,417,221032,216001,1662,1371,0.16666666666666669,72.27045000000001
2992,417,221032,216001,1279,1528,0.16666666666666669,72.27045000000001
2993,417,221032,216001,1279,290,0.16666666666666669,72.27045000000001
2994,417,221032,216001,1279,1371,0.16666666666666669,72.27045000000001
2995,418,221032,221011,1662,1482,0.16666666666666669,472.86156666666676
2996,418,221032,221011,1662,1332,0.16666666666666669,472.86156666666676
2997,418,221032,221011,1662,311,0.16666666666666669,472.86156666666676
2998,418,221032,221011,1279,1482,0.16666666666666669,472.86156666666676
2999,418,221032,221011,1279,1332,0.16666666666666669,472.86156666666676
3000,418,221032,221011,1279,311,0.16666666666666669,472.86156666666676
3001,419,221032,226006,1662,922,0.16666666666666669,422.76586666666674
3002,419,221032,226006,1662,800,0.16666666666666669,422.76586666666674
3003,419,221032,226006,1662,921,0.16666666666666669,422.76586666666674
3004,419,221032,226006,1279,922,0.16666666666666669,422.76586666666674
3005,419,221032,226006,1279,800,0.16666666666666669,422.76586666666674
3006,419,221032,226006,1279,921,0.16666666666666669,422.76586666666674
3007,420,221032,226007,1662,966,0.16666666666666669,0.1487166666666667
3008,420,221032,226007,1662,1005,0.16666666666666669,0.1487166666666667
3009,420,221032,226007,1662,1485,0.16666666666666669,0.1487166666666667
3010,420,221032,226007,1279,966,0.16666666666666669,0.1487166666666667
3011,420,221032,226007,1279,1005,0.16666666666666669,0.1487166666666667
3012,420,221032,226007,1279,1485,0.16666666666666669,0.1487166666666667
3013,421,221032,228037,1662,596,0.25,63.359375
3014,421,221032,228037,1662,81,0.25,63.359375
3015,421,221032,228037,1279,596,0.25,63.359375
3016,421,221032,228037,1279,81,0.25,63.359375
3017,422,221032,264045,1662,1347,0.16666666666666669,22.4353
3018,422,221032,264045,1662,103,0.16666666666666669,22.4353
3019,422,221032,264045,1662,318,0.16666666666666669,22.4353
3020,422,221032,264045,1279,1347,0.16666666666666669,22.4353
3021,422,221032,264045,1279,103,0.16666666666666669,22.4353
3022,422,221032,264045,1279,318,0.16666666666666669,22.4353
3023,423,221032,268030,1662,1206,0.16666666666666669,23.306000000000004
3024,423,221032,268030,1662,1319,0.16666666666666669,23.306000000000004
3025,423,221032,268030,1662,255,0.16666666666666669,23.306000000000004
3026,423,221032,268030,1279,1206,0.16666666666666669,23.306000000000004
3027,423,221032,268030,1279,1319,0.16666666666666669,23.306000000000004
3028,423,221032,268030,1279,255,0.16666666666666669,23.306000000000004
3029,424,221033,242001,1349,890,0.3333333333333333,47.77526666666666
3030,424,221033,242001,1349,492,0.3333333333333333,47.77526666666666
3031,424,221033,242001,1349,1350,0.3333333333333333,47.77526666666666
3032,425,221033,263016,1349,1251,0.3333333333333333,0.2974333333333333
3033,425,221033,263016,1349,1376,0.3333333333333333,0.2974333333333333
3034,425,221033,263016,1349,1317,0.3333333333333333,0.2974333333333333
3035,426,221036,267003,753,780,0.11111111111111108,8.936177777777775
3036,426,221036,267003,753,1056,0.11111111111111108,8.936177777777775
3037,426,221036,267003,753,785,0.11111111111111108,8.936177777777775
3038,426,221036,267003,653,780,0.11111111111111108,8.936177777777775
3039,426,221036,267003,653,1056,0.11111111111111108,8.936177777777775
3040,426,221036,267003,653,785,0.11111111111111108,8.936177777777775
3041,426,221036,267003,141,780,0.11111111111111108,8.936177777777775
3042,426,221036,267003,141,1056,0.11111111111111108,8.936177777777775
3043,426,221036,267003,141,785,0.11111111111111108,8.936177777777775
3044,427,221037,221037,655,141,0.16666666666666663,27.463433333333327
3045,427,221037,221037,655,113,0.16666666666666663,27.463433333333327
3046,427,221037,221037,141,655,0.16666666666666663,27.463433333333327
3047,427,221037,221037,141,113,0.16666666666666663,27.463433333333327
3048,427,221037,221037,113,655,0.16666666666666663,27.463433333333327
3049,427,221037,221037,113,141,0.16666666666666663,27.463433333333327
3050,428,221038,262005,138,318,0.11111111111111108,9.649099999999997
3051,428,221038,262005,138,870,0.11111111111111108,9.649099999999997
3052,428,221038,262005,138,1552,0.11111111111111108,9.649099999999997
3053,428,221038,262005,113,318,0.11111111111111108,9.649099999999997
3054,428,221038,262005,113,870,0.11111111111111108,9.649099999999997
3055,428,221038,262005,113,1552,0.11111111111111108,9.649099999999997
3056,428,221038,262005,655,318,0.11111111111111108,9.649099999999997
3057,428,221038,262005,655,870,0.11111111111111108,9.649099999999997
3058,428,221038,262005,655,1552,0.11111111111111108,9.649099999999997
3059,429,221040,221001,1277,640,0.16666666666666669,20.97885
3060,429,221040,221001,1277,707,0.16666666666666669,20.97885
3061,429,221040,221001,759,640,0.16666666666666669,20.97885
3062,429,221040,221001,759,707,0.16666666666666669,20.97885
3063,429,221040,221001,764,640,0.16666666666666669,20.97885
3064,429,221040,221001,764,707,0.16666666666666669,20.97885
3065,430,221042,211032,1047,649,0.11111111111111108,11.849177777777776
3066,430,221042,211032,1047,1094,0.11111111111111108,11.849177777777776
3067,430,221042,211032,1047,648,0.11111111111111108,11.849177777777776
3068,430,221042,211032,742,649,0.11111111111111108,11.849177777777776
3069,430,221042,211032,742,1094,0.11111111111111108,11.849177777777776
3070,430,221042,211032,742,648,0.11111111111111108,11.849177777777776
3071,430,221042,211032,1044,649,0.11111111111111108,11.849177777777776
3072,430,221042,211032,1044,1094,0.11111111111111108,11.849177777777776
3073,430,221042,211032,1044,648,0.11111111111111108,11.849177777777776
3074,431,221042,215006,1047,1109,0.11111111111111108,12.636377777777774
3075,431,221042,215006,1047,1404,0.11111111111111108,12.636377777777774
3076,431,221042,215006,1047,1513,0.11111111111111108,12.636377777777774
3077,431,221042,215006,742,1109,0.11111111111111108,12.636377777777774
3078,431,221042,215006,742,1404,0.11111111111111108,12.636377777777774
3079,431,221042,215006,742,1513,0.11111111111111108,12.636377777777774
3080,431,221042,215006,1044,1109,0.11111111111111108,12.636377777777774
3081,431,221042,215006,1044,1404,0.11111111111111108,12.636377777777774
3082,431,221042,215006,1044,1513,0.11111111111111108,12.636377777777774
3083,432,221042,215008,1047,1406,0.11111111111111108,84.33829999999999
3084,432,221042,215008,1047,1103,0.11111111111111108,84.33829999999999
3085,432,221042,215008,1047,11,0.11111111111111108,84.33829999999999
3086,432,221042,215008,742,1406,0.11111111111111108,84.33829999999999
3087,432,221042,215008,742,1103,0.11111111111111108,84.33829999999999
3088,432,221042,215008,742,11,0.11111111111111108,84.33829999999999
3089,432,221042,215008,1044,1406,0.11111111111111108,84.33829999999999
3090,432,221042,215008,1044,1103,0.11111111111111108,84.33829999999999
3091,432,221042,215008,1044,11,0.11111111111111108,84.33829999999999
3092,433,221042,225050,1047,935,0.3333333333333333,548.5896666666666
3093,433,221042,225050,742,935,0.3333333333333333,548.5896666666666
3094,433,221042,225050,1044,935,0.3333333333333333,548.5896666666666
3095,434,221042,226007,1047,966,0.11111111111111108,7.251168005507471
3096,434,221042,226007,1047,1005,0.11111111111111108,7.251168005507471
3097,434,221042,226007,1047,1485,0.11111111111111108,7.251168005507471
3098,434,221042,226007,742,966,0.11111111111111108,7.251168005507471
3099,434,221042,226007,742,1005,0.11111111111111108,7.251168005507471
3100,434,221042,226007,742,1485,0.11111111111111108,7.251168005507471
3101,434,221042,226007,1044,966,0.11111111111111108,7.251168005507471
3102,434,221042,226007,1044,1005,0.11111111111111108,7.251168005507471
3103,434,221042,226007,1044,1485,0.11111111111111108,7.251168005507471
3104,435,221043,285012,1039,1308,0.16666666666666669,15.098666666666668
3105,435,221043,285012,1039,920,0.16666666666666669,15.098666666666668
3106,435,221043,285012,1039,1309,0.16666666666666669,15.098666666666668
3107,435,221043,285012,1040,1308,0.16666666666666669,15.098666666666668
3108,435,221043,285012,1040,920,0.16666666666666669,15.098666666666668
3109,435,221043,285012,1040,1309,0.16666666666666669,15.098666666666668
3110,436,221046,212016,557,1107,0.3333333333333333,47.321733333333334
3111,436,221046,212016,557,1101,0.3333333333333333,47.321733333333334
3112,436,221046,212016,557,830,0.3333333333333333,47.321733333333334
3113,437,221046,220026,557,26,0.3333333333333333,0.2974333333333333
3114,437,221046,220026,557,599,0.3333333333333333,0.2974333333333333
3115,437,221046,220026,557,606,0.3333333333333333,0.2974333333333333
3116,438,221046,265018,557,866,0.3333333333333333,34.811566666666664
3117,438,221046,265018,557,773,0.3333333333333333,34.811566666666664
3118,438,221046,265018,557,865,0.3333333333333333,34.811566666666664
3119,439,221063,236008,1040,768,0.11111111111111108,9.751644444444441
3120,439,221063,236008,1040,899,0.11111111111111108,9.751644444444441
3121,439,221063,236008,1040,1238,0.11111111111111108,9.751644444444441
3122,439,221063,236008,1035,768,0.11111111111111108,9.751644444444441
3123,439,221063,236008,1035,899,0.11111111111111108,9.751644444444441
3124,439,221063,236008,1035,1238,0.11111111111111108,9.751644444444441
3125,439,221063,236008,734,768,0.11111111111111108,9.751644444444441
3126,439,221063,236008,734,899,0.11111111111111108,9.751644444444441
3127,439,221063,236008,734,1238,0.11111111111111108,9.751644444444441
3128,440,221064,255001,1035,1635,0.3333333333333333,64.52226666666667
3129,440,221064,255001,1035,1281,0.3333333333333333,64.52226666666667
3130,440,221064,255001,1035,69,0.3333333333333333,64.52226666666667
3131,441,221070,269003,757,49,0.16666666666666669,13.972283333333333
3132,441,221070,269003,757,1240,0.16666666666666669,13.972283333333333
3133,441,221070,269003,761,49,0.16666666666666669,13.972283333333333
3134,441,221070,269003,761,1240,0.16666666666666669,13.972283333333333
3135,441,221070,269003,150,49,0.16666666666666669,13.972283333333333
3136,441,221070,269003,150,1240,0.16666666666666669,13.972283333333333
3137,442,221073,244020,158,521,0.3333333333333333,55.794399999999996
3138,442,221073,244020,159,521,0.3333333333333333,55.794399999999996
3139,442,221073,244020,605,521,0.3333333333333333,55.794399999999996
3140,443,221077,241011,115,1505,0.3333333333333333,818.8069666666667
3141,443,221077,241011,734,1505,0.3333333333333333,818.8069666666667
3142,443,221077,241011,121,1505,0.3333333333333333,818.8069666666667
3143,444,221077,263012,115,1273,0.3333333333333333,129.50943333333333
3144,444,221077,263012,734,1273,0.3333333333333333,129.50943333333333
3145,444,221077,263012,121,1273,0.3333333333333333,129.50943333333333
3146,445,221077,266039,115,685,0.16666666666666669,46.69325
3147,445,221077,266039,115,1373,0.16666666666666669,46.69325
3148,445,221077,266039,734,685,0.16666666666666669,46.69325
3149,445,221077,266039,734,1373,0.16666666666666669,46.69325
3150,445,221077,266039,121,685,0.16666666666666669,46.69325
3151,445,221077,266039,121,1373,0.16666666666666669,46.69325
3152,446,221078,153017,1031,1463,0.3333333333333333,25.09313333333333
3153,446,221078,153017,1031,1462,0.3333333333333333,25.09313333333333
3154,446,221078,153017,1031,226,0.3333333333333333,25.09313333333333
3155,447,221078,211008,1031,952,0.3333333333333333,36.44243333333333
3156,447,221078,211008,1031,1304,0.3333333333333333,36.44243333333333
3157,447,221078,211008,1031,928,0.3333333333333333,36.44243333333333
3158,448,221078,221008,1031,1049,0.3333333333333333,20.013276997589152
3159,448,221078,221008,1031,1642,0.3333333333333333,20.013276997589152
3160,448,221078,221008,1031,1050,0.3333333333333333,20.013276997589152
3161,449,221078,222018,1031,1545,0.5,243.8854
3162,449,221078,222018,1031,676,0.5,243.8854
3163,450,221078,247011,1031,1140,0.3333333333333333,36.99733333333333
3164,450,221078,247011,1031,896,0.3333333333333333,36.99733333333333
3165,450,221078,247011,1031,313,0.3333333333333333,36.99733333333333
3166,451,221078,269003,1031,49,0.5,48.06755
3167,451,221078,269003,1031,1240,0.5,48.06755
3168,452,221079,241018,1468,884,0.5,443.28025
3169,452,221079,241018,1468,1138,0.5,443.28025
3170,453,221079,269003,1468,49,0.5,45.94135
3171,453,221079,269003,1468,1240,0.5,45.94135
3172,454,221080,269003,784,49,0.25,277.845975
3173,454,221080,269003,784,1240,0.25,277.845975
3174,454,221080,269003,688,49,0.25,277.845975
3175,454,221080,269003,688,1240,0.25,277.845975
3176,455,221081,226015,1612,849,0.11111111111111108,23.45385555555555
3177,455,221081,226015,1612,1571,0.11111111111111108,23.45385555555555
3178,455,221081,226015,1612,418,0.11111111111111108,23.45385555555555
3179,455,221081,226015,160,849,0.11111111111111108,23.45385555555555
3180,455,221081,226015,160,1571,0.11111111111111108,23.45385555555555
3181,455,221081,226015,160,418,0.11111111111111108,23.45385555555555
3182,455,221081,226015,149,849,0.11111111111111108,23.45385555555555
3183,455,221081,226015,149,1571,0.11111111111111108,23.45385555555555
3184,455,221081,226015,149,418,0.11111111111111108,23.45385555555555
3185,456,221081,285011,1612,100,0.3333333333333333,36.9624
3186,456,221081,285011,160,100,0.3333333333333333,36.9624
3187,456,221081,285011,149,100,0.3333333333333333,36.9624
3188,457,221085,271046,612,1187,0.16666666666666669,28.926833333333338
3189,457,221085,271046,612,1186,0.16666666666666669,28.926833333333338
3190,457,221085,271046,695,1187,0.16666666666666669,28.926833333333338
3191,457,221085,271046,695,1186,0.16666666666666669,28.926833333333338
3192,457,221085,271046,159,1187,0.16666666666666669,28.926833333333338
3193,457,221085,271046,159,1186,0.16666666666666669,28.926833333333338
3194,458,221086,211021,120,291,0.11111111111111108,10.825044444444442
3195,458,221086,211021,120,1521,0.11111111111111108,10.825044444444442
3196,458,221086,211021,120,1310,0.11111111111111108,10.825044444444442
3197,458,221086,211021,55,291,0.11111111111111108,10.825044444444442
3198,458,221086,211021,55,1521,0.11111111111111108,10.825044444444442
3199,458,221086,211021,55,1310,0.11111111111111108,10.825044444444442
3200,458,221086,211021,1030,291,0.11111111111111108,10.825044444444442
3201,458,221086,211021,1030,1521,0.11111111111111108,10.825044444444442
3202,458,221086,211021,1030,1310,0.11111111111111108,10.825044444444442
3203,459,221086,226002,120,815,0.11111111111111108,33.444444444444436
3204,459,221086,226002,120,1280,0.11111111111111108,33.444444444444436
3205,459,221086,226002,120,3,0.11111111111111108,33.444444444444436
3206,459,221086,226002,55,815,0.11111111111111108,33.444444444444436
3207,459,221086,226002,55,1280,0.11111111111111108,33.444444444444436
3208,459,221086,226002,55,3,0.11111111111111108,33.444444444444436
3209,459,221086,226002,1030,815,0.11111111111111108,33.444444444444436
3210,459,221086,226002,1030,1280,0.11111111111111108,33.444444444444436
3211,459,221086,226002,1030,3,0.11111111111111108,33.444444444444436
3212,460,221087,255010,1029,65,0.16666666666666669,25.277700000000003
3213,460,221087,255010,1029,1658,0.16666666666666669,25.277700000000003
3214,460,221087,255010,1029,1636,0.16666666666666669,25.277700000000003
3215,460,221087,255010,1028,65,0.16666666666666669,25.277700000000003
3216,460,221087,255010,1028,1658,0.16666666666666669,25.277700000000003
3217,460,221087,255010,1028,1636,0.16666666666666669,25.277700000000003
3218,461,221088,263005,1029,870,0.16666666666666669,14.055516666666668
3219,461,221088,263005,1029,1552,0.16666666666666669,14.055516666666668
3220,461,221088,263005,1029,1375,0.16666666666666669,14.055516666666668
3221,461,221088,263005,1028,870,0.16666666666666669,14.055516666666668
3222,461,221088,263005,1028,1552,0.16666666666666669,14.055516666666668
3223,461,221088,263005,1028,1375,0.16666666666666669,14.055516666666668
3224,462,221089,227022,689,566,1.0,180.35024711170576
3225,463,221089,266036,689,275,0.3333333333333333,30.549799999999998
3226,463,221089,266036,689,271,0.3333333333333333,30.549799999999998
3227,463,221089,266036,689,278,0.3333333333333333,30.549799999999998
3228,464,221093,242038,695,396,0.3333333333333333,27.765199999999997
3229,464,221093,242038,695,1129,0.3333333333333333,27.765199999999997
3230,464,221093,242038,695,1133,0.3333333333333333,27.765199999999997
3231,465,221096,232007,113,456,0.16666666666666669,42.497400000000006
3232,465,221096,232007,113,441,0.16666666666666669,42.497400000000006
3233,465,221096,232007,605,456,0.16666666666666669,42.497400000000006
3234,465,221096,232007,605,441,0.16666666666666669,42.497400000000006
3235,465,221096,232007,1260,456,0.16666666666666669,42.497400000000006
3236,465,221096,232007,1260,441,0.16666666666666669,42.497400000000006
3237,466,221096,234002,113,617,0.16666666666666669,21.668650000000003
3238,466,221096,234002,113,979,0.16666666666666669,21.668650000000003
3239,466,221096,234002,605,617,0.16666666666666669,21.668650000000003
3240,466,221096,234002,605,979,0.16666666666666669,21.668650000000003
3241,466,221096,234002,1260,617,0.16666666666666669,21.668650000000003
3242,466,221096,234002,1260,979,0.16666666666666669,21.668650000000003
3243,467,221096,255014,113,1240,0.11111111111111108,30.4846111111111
3244,467,221096,255014,113,19,0.11111111111111108,30.4846111111111
3245,467,221096,255014,113,1635,0.11111111111111108,30.4846111111111
3246,467,221096,255014,605,1240,0.11111111111111108,30.4846111111111
3247,467,221096,255014,605,19,0.11111111111111108,30.4846111111111
3248,467,221096,255014,605,1635,0.11111111111111108,30.4846111111111
3249,467,221096,255014,1260,1240,0.11111111111111108,30.4846111111111
3250,467,221096,255014,1260,19,0.11111111111111108,30.4846111111111
3251,467,221096,255014,1260,1635,0.11111111111111108,30.4846111111111
3252,468,221097,211021,1221,291,0.11111111111111108,39.26357777777777
3253,468,221097,211021,1221,1521,0.11111111111111108,39.26357777777777
3254,468,221097,211021,1221,1310,0.11111111111111108,39.26357777777777
3255,468,221097,211021,1038,291,0.11111111111111108,39.26357777777777
3256,468,221097,211021,1038,1521,0.11111111111111108,39.26357777777777
3257,468,221097,211021,1038,1310,0.11111111111111108,39.26357777777777
3258,468,221097,211021,748,291,0.11111111111111108,39.26357777777777
3259,468,221097,211021,748,1521,0.11111111111111108,39.26357777777777
3260,468,221097,211021,748,1310,0.11111111111111108,39.26357777777777
3261,469,221097,266009,1221,859,0.16666666666666669,32.88436666666667
3262,469,221097,266009,1221,102,0.16666666666666669,32.88436666666667
3263,469,221097,266009,1038,859,0.16666666666666669,32.88436666666667
3264,469,221097,266009,1038,102,0.16666666666666669,32.88436666666667
3265,469,221097,266009,748,859,0.16666666666666669,32.88436666666667
3266,469,221097,266009,748,102,0.16666666666666669,32.88436666666667
3267,470,221097,266018,1221,402,0.11111111111111108,32.048466666666656
3268,470,221097,266018,1221,269,0.11111111111111108,32.048466666666656
3269,470,221097,266018,1221,268,0.11111111111111108,32.048466666666656
3270,470,221097,266018,1038,402,0.11111111111111108,32.048466666666656
3271,470,221097,266018,1038,269,0.11111111111111108,32.048466666666656
3272,470,221097,266018,1038,268,0.11111111111111108,32.048466666666656
3273,470,221097,266018,748,402,0.11111111111111108,32.048466666666656
3274,470,221097,266018,748,269,0.11111111111111108,32.048466666666656
3275,470,221097,266018,748,268,0.11111111111111108,32.048466666666656
3276,471,221098,225081,1032,1568,0.3333333333333333,584.1143999999999
3277,471,221098,225081,120,1568,0.3333333333333333,584.1143999999999
3278,471,221098,225081,189,1568,0.3333333333333333,584.1143999999999
3279,472,222002,233011,984,443,0.11111111111111108,33.35473333333333
3280,472,222002,233011,984,1175,0.11111111111111108,33.35473333333333
3281,472,222002,233011,984,444,0.11111111111111108,33.35473333333333
3282,472,222002,233011,595,443,0.11111111111111108,33.35473333333333
3283,472,222002,233011,595,1175,0.11111111111111108,33.35473333333333
3284,472,222002,233011,595,444,0.11111111111111108,33.35473333333333
3285,472,222002,233011,1618,443,0.11111111111111108,33.35473333333333
3286,472,222002,233011,1618,1175,0.11111111111111108,33.35473333333333
3287,472,222002,233011,1618,444,0.11111111111111108,33.35473333333333
3288,473,222003,253014,984,1717,0.5,41.4551
3289,473,222003,253014,984,1718,0.5,41.4551
3290,474,222003,254006,984,717,0.3333333333333333,30.194999999999997
3291,474,222003,254006,984,60,0.3333333333333333,30.194999999999997
3292,474,222003,254006,984,1323,0.3333333333333333,30.194999999999997
3293,475,222003,266030,984,777,0.3333333333333333,73.9439
3294,475,222003,266030,984,263,0.3333333333333333,73.9439
3295,475,222003,266030,984,1061,0.3333333333333333,73.9439
3296,476,222005,225084,1294,1631,0.11111111111111108,92.71587777777776
3297,476,222005,225084,1294,943,0.11111111111111108,92.71587777777776
3298,476,222005,225084,1294,942,0.11111111111111108,92.71587777777776
3299,476,222005,225084,662,1631,0.11111111111111108,92.71587777777776
3300,476,222005,225084,662,943,0.11111111111111108,92.71587777777776
3301,476,222005,225084,662,942,0.11111111111111108,92.71587777777776
3302,476,222005,225084,1491,1631,0.11111111111111108,92.71587777777776
3303,476,222005,225084,1491,943,0.11111111111111108,92.71587777777776
3304,476,222005,225084,1491,942,0.11111111111111108,92.71587777777776
3305,477,222006,263011,1652,1375,0.3333333333333333,86.73613333333333
3306,477,222006,263011,664,1375,0.3333333333333333,86.73613333333333
3307,477,222006,263011,1650,1375,0.3333333333333333,86.73613333333333
3308,478,222006,271037,1652,242,0.11111111111111108,71.17807777777776
3309,478,222006,271037,1652,244,0.11111111111111108,71.17807777777776
3310,478,222006,271037,1652,535,0.11111111111111108,71.17807777777776
3311,478,222006,271037,664,242,0.11111111111111108,71.17807777777776
3312,478,222006,271037,664,244,0.11111111111111108,71.17807777777776
3313,478,222006,271037,664,535,0.11111111111111108,71.17807777777776
3314,478,222006,271037,1650,242,0.11111111111111108,71.17807777777776
3315,478,222006,271037,1650,244,0.11111111111111108,71.17807777777776
3316,478,222006,271037,1650,535,0.11111111111111108,71.17807777777776
3317,479,222009,220026,1478,26,0.16666666666666669,95.23845000000001
3318,479,222009,220026,1478,599,0.16666666666666669,95.23845000000001
3319,479,222009,220026,1478,606,0.16666666666666669,95.23845000000001
3320,479,222009,220026,662,26,0.16666666666666669,95.23845000000001
3321,479,222009,220026,662,599,0.16666666666666669,95.23845000000001
3322,479,222009,220026,662,606,0.16666666666666669,95.23845000000001
3323,480,222009,236023,1478,993,0.16666666666666669,9.355950000000002
3324,480,222009,236023,1478,991,0.16666666666666669,9.355950000000002
3325,480,222009,236023,1478,995,0.16666666666666669,9.355950000000002
3326,480,222009,236023,662,993,0.16666666666666669,9.355950000000002
3327,480,222009,236023,662,991,0.16666666666666669,9.355950000000002
3328,480,222009,236023,662,995,0.16666666666666669,9.355950000000002
3329,481,222010,225084,1478,1631,0.3333333333333333,555.2378
3330,481,222010,225084,1478,943,0.3333333333333333,555.2378
3331,481,222010,225084,1478,942,0.3333333333333333,555.2378
3332,482,222010,229044,1478,91,0.3333333333333333,110.8814
3333,482,222010,229044,1478,92,0.3333333333333333,110.8814
3334,482,222010,229044,1478,693,0.3333333333333333,110.8814
3335,483,222010,271038,1478,244,1.0,2882.0328
3336,484,222011,226007,660,966,0.11111111111111108,14.958377882437546
3337,484,222011,226007,660,1005,0.11111111111111108,14.958377882437546
3338,484,222011,226007,660,1485,0.11111111111111108,14.958377882437546
3339,484,222011,226007,139,966,0.11111111111111108,14.958377882437546
3340,484,222011,226007,139,1005,0.11111111111111108,14.958377882437546
3341,484,222011,226007,139,1485,0.11111111111111108,14.958377882437546
3342,484,222011,226007,1651,966,0.11111111111111108,14.958377882437546
3343,484,222011,226007,1651,1005,0.11111111111111108,14.958377882437546
3344,484,222011,226007,1651,1485,0.11111111111111108,14.958377882437546
3345,485,222012,242001,754,890,0.11111111111111108,7.804722222222221
3346,485,222012,242001,754,492,0.11111111111111108,7.804722222222221
3347,485,222012,242001,754,1350,0.11111111111111108,7.804722222222221
3348,485,222012,242001,762,890,0.11111111111111108,7.804722222222221
3349,485,222012,242001,762,492,0.11111111111111108,7.804722222222221
3350,485,222012,242001,762,1350,0.11111111111111108,7.804722222222221
3351,485,222012,242001,665,890,0.11111111111111108,7.804722222222221
3352,485,222012,242001,665,492,0.11111111111111108,7.804722222222221
3353,485,222012,242001,665,1350,0.11111111111111108,7.804722222222221
3354,486,222012,244002,754,885,0.11111111111111108,8.08402222222222
3355,486,222012,244002,754,533,0.11111111111111108,8.08402222222222
3356,486,222012,244002,754,427,0.11111111111111108,8.08402222222222
3357,486,222012,244002,762,885,0.11111111111111108,8.08402222222222
3358,486,222012,244002,762,533,0.11111111111111108,8.08402222222222
3359,486,222012,244002,762,427,0.11111111111111108,8.08402222222222
3360,486,222012,244002,665,885,0.11111111111111108,8.08402222222222
3361,486,222012,244002,665,533,0.11111111111111108,8.08402222222222
3362,486,222012,244002,665,427,0.11111111111111108,8.08402222222222
3363,487,222012,266025,754,677,0.11111111111111108,28.399299999999993
3364,487,222012,266025,754,104,0.11111111111111108,28.399299999999993
3365,487,222012,266025,754,1524,0.11111111111111108,28.399299999999993
3366,487,222012,266025,762,677,0.11111111111111108,28.399299999999993
3367,487,222012,266025,762,104,0.11111111111111108,28.399299999999993
3368,487,222012,266025,762,1524,0.11111111111111108,28.399299999999993
3369,487,222012,266025,665,677,0.11111111111111108,28.399299999999993
3370,487,222012,266025,665,104,0.11111111111111108,28.399299999999993
3371,487,222012,266025,665,1524,0.11111111111111108,28.399299999999993
3372,488,222013,236023,112,993,0.11111111111111108,62.84587777777776
3373,488,222013,236023,112,991,0.11111111111111108,62.84587777777776
3374,488,222013,236023,112,995,0.11111111111111108,62.84587777777776
3375,488,222013,236023,751,993,0.11111111111111108,62.84587777777776
3376,488,222013,236023,751,991,0.11111111111111108,62.84587777777776
3377,488,222013,236023,751,995,0.11111111111111108,62.84587777777776
3378,488,222013,236023,605,993,0.11111111111111108,62.84587777777776
3379,488,222013,236023,605,991,0.11111111111111108,62.84587777777776
3380,488,222013,236023,605,995,0.11111111111111108,62.84587777777776
3381,489,222013,243001,112,525,0.3333333333333333,219.6834333333333
3382,489,222013,243001,751,525,0.3333333333333333,219.6834333333333
3383,489,222013,243001,605,525,0.3333333333333333,219.6834333333333
3384,490,222013,244020,112,521,0.3333333333333333,24.252066666666668
3385,490,222013,244020,751,521,0.3333333333333333,24.252066666666668
3386,490,222013,244020,605,521,0.3333333333333333,24.252066666666668
3387,491,222015,237003,754,902,0.5,95.1173
3388,491,222015,237003,754,463,0.5,95.1173
3389,492,222016,265018,668,866,0.3333333333333333,124.66236666666666
3390,492,222016,265018,668,773,0.3333333333333333,124.66236666666666
3391,492,222016,265018,668,865,0.3333333333333333,124.66236666666666
3392,493,222016,284026,668,1249,0.3333333333333333,27.1896
3393,493,222016,284026,668,1669,0.3333333333333333,27.1896
3394,493,222016,284026,668,1554,0.3333333333333333,27.1896
3395,494,222017,226018,1232,804,0.11111111111111108,46.456111111111106
3396,494,222017,226018,1232,962,0.11111111111111108,46.456111111111106
3397,494,222017,226018,1232,960,0.11111111111111108,46.456111111111106
3398,494,222017,226018,766,804,0.11111111111111108,46.456111111111106
3399,494,222017,226018,766,962,0.11111111111111108,46.456111111111106
3400,494,222017,226018,766,960,0.11111111111111108,46.456111111111106
3401,494,222017,226018,1231,804,0.11111111111111108,46.456111111111106
3402,494,222017,226018,1231,962,0.11111111111111108,46.456111111111106
3403,494,222017,226018,1231,960,0.11111111111111108,46.456111111111106
3404,495,222018,229001,1545,687,0.16666666666666669,246.6954
3405,495,222018,229001,1545,161,0.16666666666666669,246.6954
3406,495,222018,229001,1545,140,0.16666666666666669,246.6954
3407,495,222018,229001,676,687,0.16666666666666669,246.6954
3408,495,222018,229001,676,161,0.16666666666666669,246.6954
3409,495,222018,229001,676,140,0.16666666666666669,246.6954
3410,496,222018,236009,1545,991,0.5,36.5751
3411,496,222018,236009,676,991,0.5,36.5751
3412,497,222018,242003,1545,1512,0.25,437.857675
3413,497,222018,242003,1545,325,0.25,437.857675
3414,497,222018,242003,676,1512,0.25,437.857675
3415,497,222018,242003,676,325,0.25,437.857675
3416,498,222018,254010,1545,59,0.5,316.81485
3417,498,222018,254010,676,59,0.5,316.81485
3418,499,222018,261019,1545,1635,0.16666666666666669,19.724466666666668
3419,499,222018,261019,1545,1240,0.16666666666666669,19.724466666666668
3420,499,222018,261019,1545,68,0.16666666666666669,19.724466666666668
3421,499,222018,261019,676,1635,0.16666666666666669,19.724466666666668
3422,499,222018,261019,676,1240,0.16666666666666669,19.724466666666668
3423,499,222018,261019,676,68,0.16666666666666669,19.724466666666668
3424,500,222018,266010,1545,401,0.25,23.169825
3425,500,222018,266010,1545,1402,0.25,23.169825
3426,500,222018,266010,676,401,0.25,23.169825
3427,500,222018,266010,676,1402,0.25,23.169825
3428,501,222018,266038,1545,1066,0.16666666666666669,15.509383333333334
3429,501,222018,266038,1545,680,0.16666666666666669,15.509383333333334
3430,501,222018,266038,1545,683,0.16666666666666669,15.509383333333334
3431,501,222018,266038,676,1066,0.16666666666666669,15.509383333333334
3432,501,222018,266038,676,680,0.16666666666666669,15.509383333333334
3433,501,222018,266038,676,683,0.16666666666666669,15.509383333333334
3434,502,222018,285003,1545,1194,0.16666666666666669,18.35576666666667
3435,502,222018,285003,1545,1186,0.16666666666666669,18.35576666666667
3436,502,222018,285003,1545,1195,0.16666666666666669,18.35576666666667
3437,502,222018,285003,676,1194,0.16666666666666669,18.35576666666667
3438,502,222018,285003,676,1186,0.16666666666666669,18.35576666666667
3439,502,222018,285003,676,1195,0.16666666666666669,18.35576666666667
3440,503,222019,227023,152,994,1.0,102.997
3441,504,222019,237003,152,902,0.5,90.158
3442,504,222019,237003,152,463,0.5,90.158
3443,505,222020,264044,156,318,0.3333333333333333,29.473266666666664
3444,505,222020,264044,156,870,0.3333333333333333,29.473266666666664
3445,505,222020,264044,156,865,0.3333333333333333,29.473266666666664
3446,506,222023,268033,694,1273,0.16666666666666669,26.203500000000002
3447,506,222023,268033,694,256,0.16666666666666669,26.203500000000002
3448,506,222023,268033,694,1378,0.16666666666666669,26.203500000000002
3449,506,222023,268033,155,1273,0.16666666666666669,26.203500000000002
3450,506,222023,268033,155,256,0.16666666666666669,26.203500000000002
3451,506,222023,268033,155,1378,0.16666666666666669,26.203500000000002
3452,507,222024,237003,698,902,0.16666666666666669,136.20743333333334
3453,507,222024,237003,698,463,0.16666666666666669,136.20743333333334
3454,507,222024,237003,695,902,0.16666666666666669,136.20743333333334
3455,507,222024,237003,695,463,0.16666666666666669,136.20743333333334
3456,507,222024,237003,454,902,0.16666666666666669,136.20743333333334
3457,507,222024,237003,454,463,0.16666666666666669,136.20743333333334
3458,508,222025,234023,698,413,0.3333333333333333,318.01346666666666
3459,508,222025,234023,698,1526,0.3333333333333333,318.01346666666666
3460,508,222025,234023,698,415,0.3333333333333333,318.01346666666666
3461,509,222025,236024,698,997,0.3333333333333333,154.92376666666667
3462,509,222025,236024,698,417,0.3333333333333333,154.92376666666667
3463,509,222025,236024,698,32,0.3333333333333333,154.92376666666667
3464,510,222025,237001,698,1289,0.3333333333333333,92.27153333333332
3465,510,222025,237001,698,1518,0.3333333333333333,92.27153333333332
3466,510,222025,237001,698,1588,0.3333333333333333,92.27153333333332
3467,511,222025,264034,698,69,0.3333333333333333,40.79793623202595
3468,511,222025,264034,698,318,0.3333333333333333,40.79793623202595
3469,511,222025,264034,698,67,0.3333333333333333,40.79793623202595
3470,512,222025,267035,698,1320,0.5,342.83165
3471,512,222025,267035,698,270,0.5,342.83165
3472,513,222025,269003,698,49,0.5,50.37055
3473,513,222025,269003,698,1240,0.5,50.37055
3474,514,222025,285017,698,1185,0.5,147.3747
3475,514,222025,285017,698,357,0.5,147.3747
3476,515,222026,226007,691,966,0.11111111111111108,0.09914444444444441
3477,515,222026,226007,691,1005,0.11111111111111108,0.09914444444444441
3478,515,222026,226007,691,1485,0.11111111111111108,0.09914444444444441
3479,515,222026,226007,452,966,0.11111111111111108,0.09914444444444441
3480,515,222026,226007,452,1005,0.11111111111111108,0.09914444444444441
3481,515,222026,226007,452,1485,0.11111111111111108,0.09914444444444441
3482,515,222026,226007,694,966,0.11111111111111108,0.09914444444444441
3483,515,222026,226007,694,1005,0.11111111111111108,0.09914444444444441
3484,515,222026,226007,694,1485,0.11111111111111108,0.09914444444444441
3485,516,222027,151041,96,1114,0.11111111111111108,30.9900111111111
3486,516,222027,151041,96,395,0.11111111111111108,30.9900111111111
3487,516,222027,151041,96,1463,0.11111111111111108,30.9900111111111
3488,516,222027,151041,698,1114,0.11111111111111108,30.9900111111111
3489,516,222027,151041,698,395,0.11111111111111108,30.9900111111111
3490,516,222027,151041,698,1463,0.11111111111111108,30.9900111111111
3491,516,222027,151041,692,1114,0.11111111111111108,30.9900111111111
3492,516,222027,151041,692,395,0.11111111111111108,30.9900111111111
3493,516,222027,151041,692,1463,0.11111111111111108,30.9900111111111
3494,517,222027,236023,96,993,0.11111111111111108,11.422934315917392
3495,517,222027,236023,96,991,0.11111111111111108,11.422934315917392
3496,517,222027,236023,96,995,0.11111111111111108,11.422934315917392
3497,517,222027,236023,698,993,0.11111111111111108,11.422934315917392
3498,517,222027,236023,698,991,0.11111111111111108,11.422934315917392
3499,517,222027,236023,698,995,0.11111111111111108,11.422934315917392
3500,517,222027,236023,692,993,0.11111111111111108,11.422934315917392
3501,517,222027,236023,692,991,0.11111111111111108,11.422934315917392
3502,517,222027,236023,692,995,0.11111111111111108,11.422934315917392
3503,518,222027,237003,96,902,0.16666666666666669,145.20325000000003
3504,518,222027,237003,96,463,0.16666666666666669,145.20325000000003
3505,518,222027,237003,698,902,0.16666666666666669,145.20325000000003
3506,518,222027,237003,698,463,0.16666666666666669,145.20325000000003
3507,518,222027,237003,692,902,0.16666666666666669,145.20325000000003
3508,518,222027,237003,692,463,0.16666666666666669,145.20325000000003
3509,519,222027,241006,96,1414,0.11111111111111108,21.921177777777775
3510,519,222027,241006,96,491,0.11111111111111108,21.921177777777775
3511,519,222027,241006,96,1475,0.11111111111111108,21.921177777777775
3512,519,222027,241006,698,1414,0.11111111111111108,21.921177777777775
3513,519,222027,241006,698,491,0.11111111111111108,21.921177777777775
3514,519,222027,241006,698,1475,0.11111111111111108,21.921177777777775
3515,519,222027,241006,692,1414,0.11111111111111108,21.921177777777775
3516,519,222027,241006,692,491,0.11111111111111108,21.921177777777775
3517,519,222027,241006,692,1475,0.11111111111111108,21.921177777777775
3518,520,222027,241013,96,1130,0.11111111111111108,9.038866666666664
3519,520,222027,241013,96,1299,0.11111111111111108,9.038866666666664
3520,520,222027,241013,96,1137,0.11111111111111108,9.038866666666664
3521,520,222027,241013,698,1130,0.11111111111111108,9.038866666666664
3522,520,222027,241013,698,1299,0.11111111111111108,9.038866666666664
3523,520,222027,241013,698,1137,0.11111111111111108,9.038866666666664
3524,520,222027,241013,692,1130,0.11111111111111108,9.038866666666664
3525,520,222027,241013,692,1299,0.11111111111111108,9.038866666666664
3526,520,222027,241013,692,1137,0.11111111111111108,9.038866666666664
3527,521,222027,242037,96,426,0.16666666666666669,421.67688333333336
3528,521,222027,242037,96,473,0.16666666666666669,421.67688333333336
3529,521,222027,242037,698,426,0.16666666666666669,421.67688333333336
3530,521,222027,242037,698,473,0.16666666666666669,421.67688333333336
3531,521,222027,242037,692,426,0.16666666666666669,421.67688333333336
3532,521,222027,242037,692,473,0.16666666666666669,421.67688333333336
3533,522,222027,242046,96,427,0.11111111111111108,34.04426666666666
3534,522,222027,242046,96,480,0.11111111111111108,34.04426666666666
3535,522,222027,242046,96,493,0.11111111111111108,34.04426666666666
3536,522,222027,242046,698,427,0.11111111111111108,34.04426666666666
3537,522,222027,242046,698,480,0.11111111111111108,34.04426666666666
3538,522,222027,242046,698,493,0.11111111111111108,34.04426666666666
3539,522,222027,242046,692,427,0.11111111111111108,34.04426666666666
3540,522,222027,242046,692,480,0.11111111111111108,34.04426666666666
3541,522,222027,242046,692,493,0.11111111111111108,34.04426666666666
3542,523,222027,255015,96,1636,0.3333333333333333,25.172966666666667
3543,523,222027,255015,698,1636,0.3333333333333333,25.172966666666667
3544,523,222027,255015,692,1636,0.3333333333333333,25.172966666666667
3545,524,222027,264020,96,318,0.11111111111111108,25.750611111111105
3546,524,222027,264020,96,1635,0.11111111111111108,25.750611111111105
3547,524,222027,264020,96,19,0.11111111111111108,25.750611111111105
3548,524,222027,264020,698,318,0.11111111111111108,25.750611111111105
3549,524,222027,264020,698,1635,0.11111111111111108,25.750611111111105
3550,524,222027,264020,698,19,0.11111111111111108,25.750611111111105
3551,524,222027,264020,692,318,0.11111111111111108,25.750611111111105
3552,524,222027,264020,692,1635,0.11111111111111108,25.750611111111105
3553,524,222027,264020,692,19,0.11111111111111108,25.750611111111105
3554,525,222027,286014,96,1249,0.11111111111111108,11.319377777777774
3555,525,222027,286014,96,1246,0.11111111111111108,11.319377777777774
3556,525,222027,286014,96,337,0.11111111111111108,11.319377777777774
3557,525,222027,286014,698,1249,0.11111111111111108,11.319377777777774
3558,525,222027,286014,698,1246,0.11111111111111108,11.319377777777774
3559,525,222027,286014,698,337,0.11111111111111108,11.319377777777774
3560,525,222027,286014,692,1249,0.11111111111111108,11.319377777777774
3561,525,222027,286014,692,1246,0.11111111111111108,11.319377777777774
3562,525,222027,286014,692,337,0.11111111111111108,11.319377777777774
3563,526,222027,286039,96,1554,0.11111111111111108,41.02319999999999
3564,526,222027,286039,96,1249,0.11111111111111108,41.02319999999999
3565,526,222027,286039,96,1302,0.11111111111111108,41.02319999999999
3566,526,222027,286039,698,1554,0.11111111111111108,41.02319999999999
3567,526,222027,286039,698,1249,0.11111111111111108,41.02319999999999
3568,526,222027,286039,698,1302,0.11111111111111108,41.02319999999999
3569,526,222027,286039,692,1554,0.11111111111111108,41.02319999999999
3570,526,222027,286039,692,1249,0.11111111111111108,41.02319999999999
3571,526,222027,286039,692,1302,0.11111111111111108,41.02319999999999
3572,527,222029,225078,1379,816,0.3333333333333333,130.83273333333332
3573,527,222029,225078,602,816,0.3333333333333333,130.83273333333332
3574,527,222029,225078,156,816,0.3333333333333333,130.83273333333332
3575,528,222029,236022,1379,1278,0.16666666666666669,4.036666666666667
3576,528,222029,236022,1379,498,0.16666666666666669,4.036666666666667
3577,528,222029,236022,602,1278,0.16666666666666669,4.036666666666667
3578,528,222029,236022,602,498,0.16666666666666669,4.036666666666667
3579,528,222029,236022,156,1278,0.16666666666666669,4.036666666666667
3580,528,222029,236022,156,498,0.16666666666666669,4.036666666666667
3581,529,222029,255011,1379,1063,0.3333333333333333,27.626333333333335
3582,529,222029,255011,602,1063,0.3333333333333333,27.626333333333335
3583,529,222029,255011,156,1063,0.3333333333333333,27.626333333333335
3584,530,225007,221008,1019,1049,0.11111111111111108,31.04119999999999
3585,530,225007,221008,1019,1642,0.11111111111111108,31.04119999999999
3586,530,225007,221008,1019,1050,0.11111111111111108,31.04119999999999
3587,530,225007,221008,17,1049,0.11111111111111108,31.04119999999999
3588,530,225007,221008,17,1642,0.11111111111111108,31.04119999999999
3589,530,225007,221008,17,1050,0.11111111111111108,31.04119999999999
3590,530,225007,221008,1014,1049,0.11111111111111108,31.04119999999999
3591,530,225007,221008,1014,1642,0.11111111111111108,31.04119999999999
3592,530,225007,221008,1014,1050,0.11111111111111108,31.04119999999999
3593,531,225013,251002,1018,1592,0.11111111111111108,39.69807777777777
3594,531,225013,251002,1018,1420,0.11111111111111108,39.69807777777777
3595,531,225013,251002,1018,1423,0.11111111111111108,39.69807777777777
3596,531,225013,251002,743,1592,0.11111111111111108,39.69807777777777
3597,531,225013,251002,743,1420,0.11111111111111108,39.69807777777777
3598,531,225013,251002,743,1423,0.11111111111111108,39.69807777777777
3599,531,225013,251002,1017,1592,0.11111111111111108,39.69807777777777
3600,531,225013,251002,1017,1420,0.11111111111111108,39.69807777777777
3601,531,225013,251002,1017,1423,0.11111111111111108,39.69807777777777
3602,532,225013,284013,1018,329,0.11111111111111108,13.341733333333329
3603,532,225013,284013,1018,1229,0.11111111111111108,13.341733333333329
3604,532,225013,284013,1018,1222,0.11111111111111108,13.341733333333329
3605,532,225013,284013,743,329,0.11111111111111108,13.341733333333329
3606,532,225013,284013,743,1229,0.11111111111111108,13.341733333333329
3607,532,225013,284013,743,1222,0.11111111111111108,13.341733333333329
3608,532,225013,284013,1017,329,0.11111111111111108,13.341733333333329
3609,532,225013,284013,1017,1229,0.11111111111111108,13.341733333333329
3610,532,225013,284013,1017,1222,0.11111111111111108,13.341733333333329
3611,533,225019,283027,553,1634,0.16666666666666669,36.101000000000006
3612,533,225019,283027,553,334,0.16666666666666669,36.101000000000006
3613,533,225019,283027,553,101,0.16666666666666669,36.101000000000006
3614,533,225019,283027,560,1634,0.16666666666666669,36.101000000000006
3615,533,225019,283027,560,334,0.16666666666666669,36.101000000000006
3616,533,225019,283027,560,101,0.16666666666666669,36.101000000000006
3617,534,225021,235012,944,996,0.3333333333333333,86.19143333333332
3618,534,225021,235012,944,601,0.3333333333333333,86.19143333333332
3619,534,225021,235012,944,993,0.3333333333333333,86.19143333333332
3620,535,225024,286039,1012,1554,0.11111111111111108,3.0889999999999986
3621,535,225024,286039,1012,1249,0.11111111111111108,3.0889999999999986
3622,535,225024,286039,1012,1302,0.11111111111111108,3.0889999999999986
3623,535,225024,286039,737,1554,0.11111111111111108,3.0889999999999986
3624,535,225024,286039,737,1249,0.11111111111111108,3.0889999999999986
3625,535,225024,286039,737,1302,0.11111111111111108,3.0889999999999986
3626,535,225024,286039,743,1554,0.11111111111111108,3.0889999999999986
3627,535,225024,286039,743,1249,0.11111111111111108,3.0889999999999986
3628,535,225024,286039,743,1302,0.11111111111111108,3.0889999999999986
3629,536,225036,221016,107,1607,0.11111111111111108,54.99662222222221
3630,536,225036,221016,107,634,0.11111111111111108,54.99662222222221
3631,536,225036,221016,107,1218,0.11111111111111108,54.99662222222221
3632,536,225036,221016,938,1607,0.11111111111111108,54.99662222222221
3633,536,225036,221016,938,634,0.11111111111111108,54.99662222222221
3634,536,225036,221016,938,1218,0.11111111111111108,54.99662222222221
3635,536,225036,221016,939,1607,0.11111111111111108,54.99662222222221
3636,536,225036,221016,939,634,0.11111111111111108,54.99662222222221
3637,536,225036,221016,939,1218,0.11111111111111108,54.99662222222221
3638,537,225036,242037,107,426,0.16666666666666669,15.596933333333334
3639,537,225036,242037,107,473,0.16666666666666669,15.596933333333334
3640,537,225036,242037,938,426,0.16666666666666669,15.596933333333334
3641,537,225036,242037,938,473,0.16666666666666669,15.596933333333334
3642,537,225036,242037,939,426,0.16666666666666669,15.596933333333334
3643,537,225036,242037,939,473,0.16666666666666669,15.596933333333334
3644,538,225040,237003,967,902,0.5,238.9044
3645,538,225040,237003,967,463,0.5,238.9044
3646,539,225045,254006,937,717,0.11111111111111108,7.070755555555554
3647,539,225045,254006,937,60,0.11111111111111108,7.070755555555554
3648,539,225045,254006,937,1323,0.11111111111111108,7.070755555555554
3649,539,225045,254006,106,717,0.11111111111111108,7.070755555555554
3650,539,225045,254006,106,60,0.11111111111111108,7.070755555555554
3651,539,225045,254006,106,1323,0.11111111111111108,7.070755555555554
3652,539,225045,254006,814,717,0.11111111111111108,7.070755555555554
3653,539,225045,254006,814,60,0.11111111111111108,7.070755555555554
3654,539,225045,254006,814,1323,0.11111111111111108,7.070755555555554
3655,540,225048,229024,935,549,0.11111111111111108,181.91056666666663
3656,540,225048,229024,935,611,0.11111111111111108,181.91056666666663
3657,540,225048,229024,935,610,0.11111111111111108,181.91056666666663
3658,540,225048,229024,1666,549,0.11111111111111108,181.91056666666663
3659,540,225048,229024,1666,611,0.11111111111111108,181.91056666666663
3660,540,225048,229024,1666,610,0.11111111111111108,181.91056666666663
3661,540,225048,229024,725,549,0.11111111111111108,181.91056666666663
3662,540,225048,229024,725,611,0.11111111111111108,181.91056666666663
3663,540,225048,229024,725,610,0.11111111111111108,181.91056666666663
3664,541,225048,235004,935,1483,0.11111111111111108,20.85713333333333
3665,541,225048,235004,935,614,0.11111111111111108,20.85713333333333
3666,541,225048,235004,935,1526,0.11111111111111108,20.85713333333333
3667,541,225048,235004,1666,1483,0.11111111111111108,20.85713333333333
3668,541,225048,235004,1666,614,0.11111111111111108,20.85713333333333
3669,541,225048,235004,1666,1526,0.11111111111111108,20.85713333333333
3670,541,225048,235004,725,1483,0.11111111111111108,20.85713333333333
3671,541,225048,235004,725,614,0.11111111111111108,20.85713333333333
3672,541,225048,235004,725,1526,0.11111111111111108,20.85713333333333
3673,542,225048,266005,935,268,0.16666666666666669,75.91545
3674,542,225048,266005,935,402,0.16666666666666669,75.91545
3675,542,225048,266005,1666,268,0.16666666666666669,75.91545
3676,542,225048,266005,1666,402,0.16666666666666669,75.91545
3677,542,225048,266005,725,268,0.16666666666666669,75.91545
3678,542,225048,266005,725,402,0.16666666666666669,75.91545
3679,543,225049,121017,1666,74,0.11111111111111108,13.067511111111108
3680,543,225049,121017,1666,1418,0.11111111111111108,13.067511111111108
3681,543,225049,121017,1666,170,0.11111111111111108,13.067511111111108
3682,543,225049,121017,725,74,0.11111111111111108,13.067511111111108
3683,543,225049,121017,725,1418,0.11111111111111108,13.067511111111108
3684,543,225049,121017,725,170,0.11111111111111108,13.067511111111108
3685,543,225049,121017,931,74,0.11111111111111108,13.067511111111108
3686,543,225049,121017,931,1418,0.11111111111111108,13.067511111111108
3687,543,225049,121017,931,170,0.11111111111111108,13.067511111111108
3688,544,225049,221001,1666,640,0.16666666666666669,16.929833333333335
3689,544,225049,221001,1666,707,0.16666666666666669,16.929833333333335
3690,544,225049,221001,725,640,0.16666666666666669,16.929833333333335
3691,544,225049,221001,725,707,0.16666666666666669,16.929833333333335
3692,544,225049,221001,931,640,0.16666666666666669,16.929833333333335
3693,544,225049,221001,931,707,0.16666666666666669,16.929833333333335
3694,545,225050,221042,935,1047,0.3333333333333333,93.12359999999998
3695,545,225050,221042,935,742,0.3333333333333333,93.12359999999998
3696,545,225050,221042,935,1044,0.3333333333333333,93.12359999999998
3697,546,225050,221043,935,1039,0.5,387.95305
3698,546,225050,221043,935,1040,0.5,387.95305
3699,547,225052,234025,1410,459,0.16666666666666669,23.306000000000004
3700,547,225052,234025,1410,1518,0.16666666666666669,23.306000000000004
3701,547,225052,234025,1410,410,0.16666666666666669,23.306000000000004
3702,547,225052,234025,1411,459,0.16666666666666669,23.306000000000004
3703,547,225052,234025,1411,1518,0.16666666666666669,23.306000000000004
3704,547,225052,234025,1411,410,0.16666666666666669,23.306000000000004
3705,548,225052,251002,1410,1592,0.16666666666666669,23.2189
3706,548,225052,251002,1410,1420,0.16666666666666669,23.2189
3707,548,225052,251002,1410,1423,0.16666666666666669,23.2189
3708,548,225052,251002,1411,1592,0.16666666666666669,23.2189
3709,548,225052,251002,1411,1420,0.16666666666666669,23.2189
3710,548,225052,251002,1411,1423,0.16666666666666669,23.2189
3711,549,225054,284007,824,329,0.11111111111111108,10.816944444444443
3712,549,225054,284007,824,1634,0.11111111111111108,10.816944444444443
3713,549,225054,284007,824,337,0.11111111111111108,10.816944444444443
3714,549,225054,284007,1233,329,0.11111111111111108,10.816944444444443
3715,549,225054,284007,1233,1634,0.11111111111111108,10.816944444444443
3716,549,225054,284007,1233,337,0.11111111111111108,10.816944444444443
3717,549,225054,284007,1410,329,0.11111111111111108,10.816944444444443
3718,549,225054,284007,1410,1634,0.11111111111111108,10.816944444444443
3719,549,225054,284007,1410,337,0.11111111111111108,10.816944444444443
3720,550,225056,229044,812,91,0.3333333333333333,94.7348
3721,550,225056,229044,812,92,0.3333333333333333,94.7348
3722,550,225056,229044,812,693,0.3333333333333333,94.7348
3723,551,225064,255001,806,1635,0.11111111111111108,69.94955555555555
3724,551,225064,255001,806,1281,0.11111111111111108,69.94955555555555
3725,551,225064,255001,806,69,0.11111111111111108,69.94955555555555
3726,551,225064,255001,952,1635,0.11111111111111108,69.94955555555555
3727,551,225064,255001,952,1281,0.11111111111111108,69.94955555555555
3728,551,225064,255001,952,69,0.11111111111111108,69.94955555555555
3729,551,225064,255001,960,1635,0.11111111111111108,69.94955555555555
3730,551,225064,255001,960,1281,0.11111111111111108,69.94955555555555
3731,551,225064,255001,960,69,0.11111111111111108,69.94955555555555
3732,552,225064,271046,806,1187,0.16666666666666669,1.1396166666666667
3733,552,225064,271046,806,1186,0.16666666666666669,1.1396166666666667
3734,552,225064,271046,952,1187,0.16666666666666669,1.1396166666666667
3735,552,225064,271046,952,1186,0.16666666666666669,1.1396166666666667
3736,552,225064,271046,960,1187,0.16666666666666669,1.1396166666666667
3737,552,225064,271046,960,1186,0.16666666666666669,1.1396166666666667
3738,553,225071,153017,804,1463,0.11111111111111108,22.07285555555555
3739,553,225071,153017,804,1462,0.11111111111111108,22.07285555555555
3740,553,225071,153017,804,226,0.11111111111111108,22.07285555555555
3741,553,225071,153017,964,1463,0.11111111111111108,22.07285555555555
3742,553,225071,153017,964,1462,0.11111111111111108,22.07285555555555
3743,553,225071,153017,964,226,0.11111111111111108,22.07285555555555
3744,553,225071,153017,952,1463,0.11111111111111108,22.07285555555555
3745,553,225071,153017,952,1462,0.11111111111111108,22.07285555555555
3746,553,225071,153017,952,226,0.11111111111111108,22.07285555555555
3747,554,225071,227020,804,1503,0.16666666666666669,35.87021666666667
3748,554,225071,227020,804,1509,0.16666666666666669,35.87021666666667
3749,554,225071,227020,964,1503,0.16666666666666669,35.87021666666667
3750,554,225071,227020,964,1509,0.16666666666666669,35.87021666666667
3751,554,225071,227020,952,1503,0.16666666666666669,35.87021666666667
3752,554,225071,227020,952,1509,0.16666666666666669,35.87021666666667
3753,555,225074,264034,818,69,0.11111111111111108,41.600577777777765
3754,555,225074,264034,818,318,0.11111111111111108,41.600577777777765
3755,555,225074,264034,818,67,0.11111111111111108,41.600577777777765
3756,555,225074,264034,959,69,0.11111111111111108,41.600577777777765
3757,555,225074,264034,959,318,0.11111111111111108,41.600577777777765
3758,555,225074,264034,959,67,0.11111111111111108,41.600577777777765
3759,555,225074,264034,817,69,0.11111111111111108,41.600577777777765
3760,555,225074,264034,817,318,0.11111111111111108,41.600577777777765
3761,555,225074,264034,817,67,0.11111111111111108,41.600577777777765
3762,556,225075,232008,817,576,0.16666666666666669,68.47228333333335
3763,556,225075,232008,817,578,0.16666666666666669,68.47228333333335
3764,556,225075,232008,817,1573,0.16666666666666669,68.47228333333335
3765,556,225075,232008,959,576,0.16666666666666669,68.47228333333335
3766,556,225075,232008,959,578,0.16666666666666669,68.47228333333335
3767,556,225075,232008,959,1573,0.16666666666666669,68.47228333333335
3768,557,225078,220028,816,604,0.5,93.2173
3769,557,225078,220028,816,94,0.5,93.2173
3770,558,225078,221096,816,113,0.3333333333333333,70.439
3771,558,225078,221096,816,605,0.3333333333333333,70.439
3772,558,225078,221096,816,1260,0.3333333333333333,70.439
3773,559,225078,243045,816,372,0.3333333333333333,34.1198
3774,559,225078,243045,816,360,0.3333333333333333,34.1198
3775,559,225078,243045,816,375,0.3333333333333333,34.1198
3776,560,225078,265018,816,866,0.3333333333333333,111.56586666666666
3777,560,225078,265018,816,773,0.3333333333333333,111.56586666666666
3778,560,225078,265018,816,865,0.3333333333333333,111.56586666666666
3779,561,225078,267003,816,780,0.3333333333333333,48.62686666666666
3780,561,225078,267003,816,1056,0.3333333333333333,48.62686666666666
3781,561,225078,267003,816,785,0.3333333333333333,48.62686666666666
3782,562,225081,253005,1568,1715,1.0,577.461
3783,563,225085,255014,944,1240,0.3333333333333333,110.42833333333334
3784,563,225085,255014,944,19,0.3333333333333333,110.42833333333334
3785,563,225085,255014,944,1635,0.3333333333333333,110.42833333333334
3786,564,225087,266018,83,402,0.16666666666666669,65.56675000000001
3787,564,225087,266018,83,269,0.16666666666666669,65.56675000000001
3788,564,225087,266018,83,268,0.16666666666666669,65.56675000000001
3789,564,225087,266018,36,402,0.16666666666666669,65.56675000000001
3790,564,225087,266018,36,269,0.16666666666666669,65.56675000000001
3791,564,225087,266018,36,268,0.16666666666666669,65.56675000000001
3792,565,226001,228037,1688,596,0.16666666666666669,56.22311666666668
3793,565,226001,228037,1688,81,0.16666666666666669,56.22311666666668
3794,565,226001,228037,1704,596,0.16666666666666669,56.22311666666668
3795,565,226001,228037,1704,81,0.16666666666666669,56.22311666666668
3796,565,226001,228037,26,596,0.16666666666666669,56.22311666666668
3797,565,226001,228037,26,81,0.16666666666666669,56.22311666666668
3798,566,226002,221086,815,120,0.11111111111111108,33.453444444444436
3799,566,226002,221086,815,55,0.11111111111111108,33.453444444444436
3800,566,226002,221086,815,1030,0.11111111111111108,33.453444444444436
3801,566,226002,221086,1280,120,0.11111111111111108,33.453444444444436
3802,566,226002,221086,1280,55,0.11111111111111108,33.453444444444436
3803,566,226002,221086,1280,1030,0.11111111111111108,33.453444444444436
3804,566,226002,221086,3,120,0.11111111111111108,33.453444444444436
3805,566,226002,221086,3,55,0.11111111111111108,33.453444444444436
3806,566,226002,221086,3,1030,0.11111111111111108,33.453444444444436
3807,567,226006,212016,922,1107,0.11111111111111108,25.801888888888882
3808,567,226006,212016,922,1101,0.11111111111111108,25.801888888888882
3809,567,226006,212016,922,830,0.11111111111111108,25.801888888888882
3810,567,226006,212016,800,1107,0.11111111111111108,25.801888888888882
3811,567,226006,212016,800,1101,0.11111111111111108,25.801888888888882
3812,567,226006,212016,800,830,0.11111111111111108,25.801888888888882
3813,567,226006,212016,921,1107,0.11111111111111108,25.801888888888882
3814,567,226006,212016,921,1101,0.11111111111111108,25.801888888888882
3815,567,226006,212016,921,830,0.11111111111111108,25.801888888888882
3816,568,226006,221032,922,1662,0.16666666666666669,89.60085000000001
3817,568,226006,221032,922,1279,0.16666666666666669,89.60085000000001
3818,568,226006,221032,800,1662,0.16666666666666669,89.60085000000001
3819,568,226006,221032,800,1279,0.16666666666666669,89.60085000000001
3820,568,226006,221032,921,1662,0.16666666666666669,89.60085000000001
3821,568,226006,221032,921,1279,0.16666666666666669,89.60085000000001
3822,569,226006,226008,922,1004,0.11111111111111108,92.80428888888888
3823,569,226006,226008,922,389,0.11111111111111108,92.80428888888888
3824,569,226006,226008,922,768,0.11111111111111108,92.80428888888888
3825,569,226006,226008,800,1004,0.11111111111111108,92.80428888888888
3826,569,226006,226008,800,389,0.11111111111111108,92.80428888888888
3827,569,226006,226008,800,768,0.11111111111111108,92.80428888888888
3828,569,226006,226008,921,1004,0.11111111111111108,92.80428888888888
3829,569,226006,226008,921,389,0.11111111111111108,92.80428888888888
3830,569,226006,226008,921,768,0.11111111111111108,92.80428888888888
3831,570,226006,244020,922,521,0.3333333333333333,17.5713
3832,570,226006,244020,800,521,0.3333333333333333,17.5713
3833,570,226006,244020,921,521,0.3333333333333333,17.5713
3834,571,226007,114019,966,74,0.11111111111111108,23.093977777777773
3835,571,226007,114019,966,1310,0.11111111111111108,23.093977777777773
3836,571,226007,114019,966,170,0.11111111111111108,23.093977777777773
3837,571,226007,114019,1005,74,0.11111111111111108,23.093977777777773
3838,571,226007,114019,1005,1310,0.11111111111111108,23.093977777777773
3839,571,226007,114019,1005,170,0.11111111111111108,23.093977777777773
3840,571,226007,114019,1485,74,0.11111111111111108,23.093977777777773
3841,571,226007,114019,1485,1310,0.11111111111111108,23.093977777777773
3842,571,226007,114019,1485,170,0.11111111111111108,23.093977777777773
3843,572,226007,213006,966,228,0.16666666666666669,62.847666666666676
3844,572,226007,213006,966,1070,0.16666666666666669,62.847666666666676
3845,572,226007,213006,1005,228,0.16666666666666669,62.847666666666676
3846,572,226007,213006,1005,1070,0.16666666666666669,62.847666666666676
3847,572,226007,213006,1485,228,0.16666666666666669,62.847666666666676
3848,572,226007,213006,1485,1070,0.16666666666666669,62.847666666666676
3849,573,226007,221007,966,211,0.11111111111111108,71.02386666666665
3850,573,226007,221007,966,769,0.11111111111111108,71.02386666666665
3851,573,226007,221007,966,1618,0.11111111111111108,71.02386666666665
3852,573,226007,221007,1005,211,0.11111111111111108,71.02386666666665
3853,573,226007,221007,1005,769,0.11111111111111108,71.02386666666665
3854,573,226007,221007,1005,1618,0.11111111111111108,71.02386666666665
3855,573,226007,221007,1485,211,0.11111111111111108,71.02386666666665
3856,573,226007,221007,1485,769,0.11111111111111108,71.02386666666665
3857,573,226007,221007,1485,1618,0.11111111111111108,71.02386666666665
3858,574,226007,221032,966,1662,0.16666666666666669,74.73883333333335
3859,574,226007,221032,966,1279,0.16666666666666669,74.73883333333335
3860,574,226007,221032,1005,1662,0.16666666666666669,74.73883333333335
3861,574,226007,221032,1005,1279,0.16666666666666669,74.73883333333335
3862,574,226007,221032,1485,1662,0.16666666666666669,74.73883333333335
3863,574,226007,221032,1485,1279,0.16666666666666669,74.73883333333335
3864,575,226007,222011,966,660,0.11111111111111108,6.004011111111109
3865,575,226007,222011,966,139,0.11111111111111108,6.004011111111109
3866,575,226007,222011,966,1651,0.11111111111111108,6.004011111111109
3867,575,226007,222011,1005,660,0.11111111111111108,6.004011111111109
3868,575,226007,222011,1005,139,0.11111111111111108,6.004011111111109
3869,575,226007,222011,1005,1651,0.11111111111111108,6.004011111111109
3870,575,226007,222011,1485,660,0.11111111111111108,6.004011111111109
3871,575,226007,222011,1485,139,0.11111111111111108,6.004011111111109
3872,575,226007,222011,1485,1651,0.11111111111111108,6.004011111111109
3873,576,226007,222026,966,691,0.11111111111111108,50.40683333333332
3874,576,226007,222026,966,452,0.11111111111111108,50.40683333333332
3875,576,226007,222026,966,694,0.11111111111111108,50.40683333333332
3876,576,226007,222026,1005,691,0.11111111111111108,50.40683333333332
3877,576,226007,222026,1005,452,0.11111111111111108,50.40683333333332
3878,576,226007,222026,1005,694,0.11111111111111108,50.40683333333332
3879,576,226007,222026,1485,691,0.11111111111111108,50.40683333333332
3880,576,226007,222026,1485,452,0.11111111111111108,50.40683333333332
3881,576,226007,222026,1485,694,0.11111111111111108,50.40683333333332
3882,577,226007,229013,966,1022,0.11111111111111108,53.24684444444443
3883,577,226007,229013,966,162,0.11111111111111108,53.24684444444443
3884,577,226007,229013,966,671,0.11111111111111108,53.24684444444443
3885,577,226007,229013,1005,1022,0.11111111111111108,53.24684444444443
3886,577,226007,229013,1005,162,0.11111111111111108,53.24684444444443
3887,577,226007,229013,1005,671,0.11111111111111108,53.24684444444443
3888,577,226007,229013,1485,1022,0.11111111111111108,53.24684444444443
3889,577,226007,229013,1485,162,0.11111111111111108,53.24684444444443
3890,577,226007,229013,1485,671,0.11111111111111108,53.24684444444443
3891,578,226007,243004,966,356,0.11111111111111108,80.38042222222221
3892,578,226007,243004,966,1525,0.11111111111111108,80.38042222222221
3893,578,226007,243004,966,1278,0.11111111111111108,80.38042222222221
3894,578,226007,243004,1005,356,0.11111111111111108,80.38042222222221
3895,578,226007,243004,1005,1525,0.11111111111111108,80.38042222222221
3896,578,226007,243004,1005,1278,0.11111111111111108,80.38042222222221
3897,578,226007,243004,1485,356,0.11111111111111108,80.38042222222221
3898,578,226007,243004,1485,1525,0.11111111111111108,80.38042222222221
3899,578,226007,243004,1485,1278,0.11111111111111108,80.38042222222221
3900,579,226007,243010,966,485,0.3333333333333333,59.6023
3901,579,226007,243010,1005,485,0.3333333333333333,59.6023
3902,579,226007,243010,1485,485,0.3333333333333333,59.6023
3903,580,226007,244023,966,1604,0.3333333333333333,21.455933333333334
3904,580,226007,244023,1005,1604,0.3333333333333333,21.455933333333334
3905,580,226007,244023,1485,1604,0.3333333333333333,21.455933333333334
3906,581,226007,245018,966,1223,0.11111111111111108,55.67996666666665
3907,581,226007,245018,966,1726,0.11111111111111108,55.67996666666665
3908,581,226007,245018,966,230,0.11111111111111108,55.67996666666665
3909,581,226007,245018,1005,1223,0.11111111111111108,55.67996666666665
3910,581,226007,245018,1005,1726,0.11111111111111108,55.67996666666665
3911,581,226007,245018,1005,230,0.11111111111111108,55.67996666666665
3912,581,226007,245018,1485,1223,0.11111111111111108,55.67996666666665
3913,581,226007,245018,1485,1726,0.11111111111111108,55.67996666666665
3914,581,226007,245018,1485,230,0.11111111111111108,55.67996666666665
3915,582,226007,253002,966,182,0.11111111111111108,20.127955555555552
3916,582,226007,253002,966,121,0.11111111111111108,20.127955555555552
3917,582,226007,253002,966,118,0.11111111111111108,20.127955555555552
3918,582,226007,253002,1005,182,0.11111111111111108,20.127955555555552
3919,582,226007,253002,1005,121,0.11111111111111108,20.127955555555552
3920,582,226007,253002,1005,118,0.11111111111111108,20.127955555555552
3921,582,226007,253002,1485,182,0.11111111111111108,20.127955555555552
3922,582,226007,253002,1485,121,0.11111111111111108,20.127955555555552
3923,582,226007,253002,1485,118,0.11111111111111108,20.127955555555552
3924,583,226007,253006,966,1715,0.3333333333333333,719.7072333333333
3925,583,226007,253006,1005,1715,0.3333333333333333,719.7072333333333
3926,583,226007,253006,1485,1715,0.3333333333333333,719.7072333333333
3927,584,226007,254011,966,909,0.11111111111111108,20.24252222222222
3928,584,226007,254011,966,191,0.11111111111111108,20.24252222222222
3929,584,226007,254011,966,192,0.11111111111111108,20.24252222222222
3930,584,226007,254011,1005,909,0.11111111111111108,20.24252222222222
3931,584,226007,254011,1005,191,0.11111111111111108,20.24252222222222
3932,584,226007,254011,1005,192,0.11111111111111108,20.24252222222222
3933,584,226007,254011,1485,909,0.11111111111111108,20.24252222222222
3934,584,226007,254011,1485,191,0.11111111111111108,20.24252222222222
3935,584,226007,254011,1485,192,0.11111111111111108,20.24252222222222
3936,585,226007,255014,966,1240,0.11111111111111108,10.625066666666665
3937,585,226007,255014,966,19,0.11111111111111108,10.625066666666665
3938,585,226007,255014,966,1635,0.11111111111111108,10.625066666666665
3939,585,226007,255014,1005,1240,0.11111111111111108,10.625066666666665
3940,585,226007,255014,1005,19,0.11111111111111108,10.625066666666665
3941,585,226007,255014,1005,1635,0.11111111111111108,10.625066666666665
3942,585,226007,255014,1485,1240,0.11111111111111108,10.625066666666665
3943,585,226007,255014,1485,19,0.11111111111111108,10.625066666666665
3944,585,226007,255014,1485,1635,0.11111111111111108,10.625066666666665
3945,586,226007,263014,966,1319,0.11111111111111108,32.50064444444444
3946,586,226007,263014,966,1067,0.11111111111111108,32.50064444444444
3947,586,226007,263014,966,1273,0.11111111111111108,32.50064444444444
3948,586,226007,263014,1005,1319,0.11111111111111108,32.50064444444444
3949,586,226007,263014,1005,1067,0.11111111111111108,32.50064444444444
3950,586,226007,263014,1005,1273,0.11111111111111108,32.50064444444444
3951,586,226007,263014,1485,1319,0.11111111111111108,32.50064444444444
3952,586,226007,263014,1485,1067,0.11111111111111108,32.50064444444444
3953,586,226007,263014,1485,1273,0.11111111111111108,32.50064444444444
3954,587,226007,283025,966,329,0.11111111111111108,4.148555555555554
3955,587,226007,283025,966,1196,0.11111111111111108,4.148555555555554
3956,587,226007,283025,966,337,0.11111111111111108,4.148555555555554
3957,587,226007,283025,1005,329,0.11111111111111108,4.148555555555554
3958,587,226007,283025,1005,1196,0.11111111111111108,4.148555555555554
3959,587,226007,283025,1005,337,0.11111111111111108,4.148555555555554
3960,587,226007,283025,1485,329,0.11111111111111108,4.148555555555554
3961,587,226007,283025,1485,1196,0.11111111111111108,4.148555555555554
3962,587,226007,283025,1485,337,0.11111111111111108,4.148555555555554
3963,588,226007,285014,966,914,0.11111111111111108,142.04431111111106
3964,588,226007,285014,966,282,0.11111111111111108,142.04431111111106
3965,588,226007,285014,966,905,0.11111111111111108,142.04431111111106
3966,588,226007,285014,1005,914,0.11111111111111108,142.04431111111106
3967,588,226007,285014,1005,282,0.11111111111111108,142.04431111111106
3968,588,226007,285014,1005,905,0.11111111111111108,142.04431111111106
3969,588,226007,285014,1485,914,0.11111111111111108,142.04431111111106
3970,588,226007,285014,1485,282,0.11111111111111108,142.04431111111106
3971,588,226007,285014,1485,905,0.11111111111111108,142.04431111111106
3972,589,226007,286039,966,1554,0.11111111111111108,159.66979999999995
3973,589,226007,286039,966,1249,0.11111111111111108,159.66979999999995
3974,589,226007,286039,966,1302,0.11111111111111108,159.66979999999995
3975,589,226007,286039,1005,1554,0.11111111111111108,159.66979999999995
3976,589,226007,286039,1005,1249,0.11111111111111108,159.66979999999995
3977,589,226007,286039,1005,1302,0.11111111111111108,159.66979999999995
3978,589,226007,286039,1485,1554,0.11111111111111108,159.66979999999995
3979,589,226007,286039,1485,1249,0.11111111111111108,159.66979999999995
3980,589,226007,286039,1485,1302,0.11111111111111108,159.66979999999995
3981,590,226008,226006,1004,922,0.11111111111111108,92.7923222222222
3982,590,226008,226006,1004,800,0.11111111111111108,92.7923222222222
3983,590,226008,226006,1004,921,0.11111111111111108,92.7923222222222
3984,590,226008,226006,389,922,0.11111111111111108,92.7923222222222
3985,590,226008,226006,389,800,0.11111111111111108,92.7923222222222
3986,590,226008,226006,389,921,0.11111111111111108,92.7923222222222
3987,590,226008,226006,768,922,0.11111111111111108,92.7923222222222
3988,590,226008,226006,768,800,0.11111111111111108,92.7923222222222
3989,590,226008,226006,768,921,0.11111111111111108,92.7923222222222
3990,591,226008,255014,1004,1240,0.11111111111111108,9.823166666666665
3991,591,226008,255014,1004,19,0.11111111111111108,9.823166666666665
3992,591,226008,255014,1004,1635,0.11111111111111108,9.823166666666665
3993,591,226008,255014,389,1240,0.11111111111111108,9.823166666666665
3994,591,226008,255014,389,19,0.11111111111111108,9.823166666666665
3995,591,226008,255014,389,1635,0.11111111111111108,9.823166666666665
3996,591,226008,255014,768,1240,0.11111111111111108,9.823166666666665
3997,591,226008,255014,768,19,0.11111111111111108,9.823166666666665
3998,591,226008,255014,768,1635,0.11111111111111108,9.823166666666665
3999,592,226010,222016,814,668,1.0,7865.9166
4000,594,226011,243045,921,372,0.11111111111111108,17.915299999999995
4001,594,226011,243045,921,360,0.11111111111111108,17.915299999999995
4002,594,226011,243045,921,375,0.11111111111111108,17.915299999999995
4003,594,226011,243045,813,372,0.11111111111111108,17.915299999999995
4004,594,226011,243045,813,360,0.11111111111111108,17.915299999999995
4005,594,226011,243045,813,375,0.11111111111111108,17.915299999999995
4006,594,226011,243045,964,372,0.11111111111111108,17.915299999999995
4007,594,226011,243045,964,360,0.11111111111111108,17.915299999999995
4008,594,226011,243045,964,375,0.11111111111111108,17.915299999999995
4009,595,226012,255001,806,1635,0.11111111111111108,10.143388888888886
4010,595,226012,255001,806,1281,0.11111111111111108,10.143388888888886
4011,595,226012,255001,806,69,0.11111111111111108,10.143388888888886
4012,595,226012,255001,1372,1635,0.11111111111111108,10.143388888888886
4013,595,226012,255001,1372,1281,0.11111111111111108,10.143388888888886
4014,595,226012,255001,1372,69,0.11111111111111108,10.143388888888886
4015,595,226012,255001,960,1635,0.11111111111111108,10.143388888888886
4016,595,226012,255001,960,1281,0.11111111111111108,10.143388888888886
4017,595,226012,255001,960,69,0.11111111111111108,10.143388888888886
4018,596,226013,212013,808,1106,0.11111111111111108,104.9954444444444
4019,596,226013,212013,808,945,0.11111111111111108,104.9954444444444
4020,596,226013,212013,808,547,0.11111111111111108,104.9954444444444
4021,596,226013,212013,960,1106,0.11111111111111108,104.9954444444444
4022,596,226013,212013,960,945,0.11111111111111108,104.9954444444444
4023,596,226013,212013,960,547,0.11111111111111108,104.9954444444444
4024,596,226013,212013,964,1106,0.11111111111111108,104.9954444444444
4025,596,226013,212013,964,945,0.11111111111111108,104.9954444444444
4026,596,226013,212013,964,547,0.11111111111111108,104.9954444444444
4027,597,226013,241008,808,1505,0.3333333333333333,34.54646666666666
4028,597,226013,241008,960,1505,0.3333333333333333,34.54646666666666
4029,597,226013,241008,964,1505,0.3333333333333333,34.54646666666666
4030,598,226013,254010,808,59,0.3333333333333333,610.7206
4031,598,226013,254010,960,59,0.3333333333333333,610.7206
4032,598,226013,254010,964,59,0.3333333333333333,610.7206
4033,599,226015,243045,849,372,0.11111111111111108,27.13929999999999
4034,599,226015,243045,849,360,0.11111111111111108,27.13929999999999
4035,599,226015,243045,849,375,0.11111111111111108,27.13929999999999
4036,599,226015,243045,1571,372,0.11111111111111108,27.13929999999999
4037,599,226015,243045,1571,360,0.11111111111111108,27.13929999999999
4038,599,226015,243045,1571,375,0.11111111111111108,27.13929999999999
4039,599,226015,243045,418,372,0.11111111111111108,27.13929999999999
4040,599,226015,243045,418,360,0.11111111111111108,27.13929999999999
4041,599,226015,243045,418,375,0.11111111111111108,27.13929999999999
4042,600,226017,283032,806,1200,0.11111111111111108,47.832311111111096
4043,600,226017,283032,806,338,0.11111111111111108,47.832311111111096
4044,600,226017,283032,806,1201,0.11111111111111108,47.832311111111096
4045,600,226017,283032,962,1200,0.11111111111111108,47.832311111111096
4046,600,226017,283032,962,338,0.11111111111111108,47.832311111111096
4047,600,226017,283032,962,1201,0.11111111111111108,47.832311111111096
4048,600,226017,283032,813,1200,0.11111111111111108,47.832311111111096
4049,600,226017,283032,813,338,0.11111111111111108,47.832311111111096
4050,600,226017,283032,813,1201,0.11111111111111108,47.832311111111096
4051,601,226018,212019,804,547,0.11111111111111108,20.13336666666666
4052,601,226018,212019,804,1108,0.11111111111111108,20.13336666666666
4053,601,226018,212019,804,436,0.11111111111111108,20.13336666666666
4054,601,226018,212019,962,547,0.11111111111111108,20.13336666666666
4055,601,226018,212019,962,1108,0.11111111111111108,20.13336666666666
4056,601,226018,212019,962,436,0.11111111111111108,20.13336666666666
4057,601,226018,212019,960,547,0.11111111111111108,20.13336666666666
4058,601,226018,212019,960,1108,0.11111111111111108,20.13336666666666
4059,601,226018,212019,960,436,0.11111111111111108,20.13336666666666
4060,602,226018,222017,804,1232,0.11111111111111108,128.95088888888884
4061,602,226018,222017,804,766,0.11111111111111108,128.95088888888884
4062,602,226018,222017,804,1231,0.11111111111111108,128.95088888888884
4063,602,226018,222017,962,1232,0.11111111111111108,128.95088888888884
4064,602,226018,222017,962,766,0.11111111111111108,128.95088888888884
4065,602,226018,222017,962,1231,0.11111111111111108,128.95088888888884
4066,602,226018,222017,960,1232,0.11111111111111108,128.95088888888884
4067,602,226018,222017,960,766,0.11111111111111108,128.95088888888884
4068,602,226018,222017,960,1231,0.11111111111111108,128.95088888888884
4069,603,226019,245012,803,1223,0.16666666666666669,12.973666666666668
4070,603,226019,245012,803,285,0.16666666666666669,12.973666666666668
4071,603,226019,245012,803,501,0.16666666666666669,12.973666666666668
4072,603,226019,245012,804,1223,0.16666666666666669,12.973666666666668
4073,603,226019,245012,804,285,0.16666666666666669,12.973666666666668
4074,603,226019,245012,804,501,0.16666666666666669,12.973666666666668
4075,604,226019,245018,803,1223,0.16666666666666669,130.8509302278212
4076,604,226019,245018,803,1726,0.16666666666666669,130.8509302278212
4077,604,226019,245018,803,230,0.16666666666666669,130.8509302278212
4078,604,226019,245018,804,1223,0.16666666666666669,130.8509302278212
4079,604,226019,245018,804,1726,0.16666666666666669,130.8509302278212
4080,604,226019,245018,804,230,0.16666666666666669,130.8509302278212
4081,605,226019,263005,803,870,0.16666666666666669,14.485866666666668
4082,605,226019,263005,803,1552,0.16666666666666669,14.485866666666668
4083,605,226019,263005,803,1375,0.16666666666666669,14.485866666666668
4084,605,226019,263005,804,870,0.16666666666666669,14.485866666666668
4085,605,226019,263005,804,1552,0.16666666666666669,14.485866666666668
4086,605,226019,263005,804,1375,0.16666666666666669,14.485866666666668
4087,606,227002,153038,454,1463,0.3333333333333333,13.113433333333333
4088,606,227002,153038,454,1462,0.3333333333333333,13.113433333333333
4089,606,227002,153038,454,226,0.3333333333333333,13.113433333333333
4090,607,227002,236008,454,768,0.3333333333333333,35.629
4091,607,227002,236008,454,899,0.3333333333333333,35.629
4092,607,227002,236008,454,1238,0.3333333333333333,35.629
4093,608,227002,241011,454,1505,1.0,455.7606
4094,609,227002,242003,454,1512,0.5,53.6483
4095,609,227002,242003,454,325,0.5,53.6483
4096,610,227002,242010,454,1162,0.3333333333333333,48.35763333333333
4097,610,227002,242010,454,1149,0.3333333333333333,48.35763333333333
4098,610,227002,242010,454,1161,0.3333333333333333,48.35763333333333
4099,611,227002,247011,454,1140,0.3333333333333333,82.67939999999999
4100,611,227002,247011,454,896,0.3333333333333333,82.67939999999999
4101,611,227002,247011,454,313,0.3333333333333333,82.67939999999999
4102,612,227003,286014,98,1249,0.11111111111111108,11.486544444444442
4103,612,227003,286014,98,1246,0.11111111111111108,11.486544444444442
4104,612,227003,286014,98,337,0.11111111111111108,11.486544444444442
4105,612,227003,286014,452,1249,0.11111111111111108,11.486544444444442
4106,612,227003,286014,452,1246,0.11111111111111108,11.486544444444442
4107,612,227003,286014,452,337,0.11111111111111108,11.486544444444442
4108,612,227003,286014,602,1249,0.11111111111111108,11.486544444444442
4109,612,227003,286014,602,1246,0.11111111111111108,11.486544444444442
4110,612,227003,286014,602,337,0.11111111111111108,11.486544444444442
4111,613,227004,211021,1379,291,0.3333333333333333,34.967533333333336
4112,613,227004,211021,1379,1521,0.3333333333333333,34.967533333333336
4113,613,227004,211021,1379,1310,0.3333333333333333,34.967533333333336
4114,614,227004,285007,1379,1190,0.3333333333333333,175.7292
4115,614,227004,285007,1379,1500,0.3333333333333333,175.7292
4116,614,227004,285007,1379,349,0.3333333333333333,175.7292
4117,615,227006,234021,674,455,0.3333333333333333,491.70983333333334
4118,615,227006,234021,674,1526,0.3333333333333333,491.70983333333334
4119,615,227006,234021,674,616,0.3333333333333333,491.70983333333334
4120,616,227007,263010,97,870,1.0,511.3764
4121,617,227008,283032,97,1200,0.3333333333333333,61.26173333333333
4122,617,227008,283032,97,338,0.3333333333333333,61.26173333333333
4123,617,227008,283032,97,1201,0.3333333333333333,61.26173333333333
4124,618,227011,237001,974,1289,0.11111111111111108,19.61477777777777
4125,618,227011,237001,974,1518,0.11111111111111108,19.61477777777777
4126,618,227011,237001,974,1588,0.11111111111111108,19.61477777777777
4127,618,227011,237001,1639,1289,0.11111111111111108,19.61477777777777
4128,618,227011,237001,1639,1518,0.11111111111111108,19.61477777777777
4129,618,227011,237001,1639,1588,0.11111111111111108,19.61477777777777
4130,618,227011,237001,564,1289,0.11111111111111108,19.61477777777777
4131,618,227011,237001,564,1518,0.11111111111111108,19.61477777777777
4132,618,227011,237001,564,1588,0.11111111111111108,19.61477777777777
4133,619,227011,264034,974,69,0.11111111111111108,38.18548888888888
4134,619,227011,264034,974,318,0.11111111111111108,38.18548888888888
4135,619,227011,264034,974,67,0.11111111111111108,38.18548888888888
4136,619,227011,264034,1639,69,0.11111111111111108,38.18548888888888
4137,619,227011,264034,1639,318,0.11111111111111108,38.18548888888888
4138,619,227011,264034,1639,67,0.11111111111111108,38.18548888888888
4139,619,227011,264034,564,69,0.11111111111111108,38.18548888888888
4140,619,227011,264034,564,318,0.11111111111111108,38.18548888888888
4141,619,227011,264034,564,67,0.11111111111111108,38.18548888888888
4142,620,227012,236008,95,768,0.3333333333333333,41.76043333333333
4143,620,227012,236008,95,899,0.3333333333333333,41.76043333333333
4144,620,227012,236008,95,1238,0.3333333333333333,41.76043333333333
4145,621,227012,267016,95,1055,0.5,85.4697
4146,621,227012,267016,95,403,0.5,85.4697
4147,622,227014,286039,88,1554,0.11111111111111108,5.446033333333332
4148,622,227014,286039,88,1249,0.11111111111111108,5.446033333333332
4149,622,227014,286039,88,1302,0.11111111111111108,5.446033333333332
4150,622,227014,286039,566,1554,0.11111111111111108,5.446033333333332
4151,622,227014,286039,566,1249,0.11111111111111108,5.446033333333332
4152,622,227014,286039,566,1302,0.11111111111111108,5.446033333333332
4153,622,227014,286039,973,1554,0.11111111111111108,5.446033333333332
4154,622,227014,286039,973,1249,0.11111111111111108,5.446033333333332
4155,622,227014,286039,973,1302,0.11111111111111108,5.446033333333332
4156,623,227015,285019,27,1500,0.11111111111111108,92.15715555555553
4157,623,227015,285019,27,1182,0.11111111111111108,92.15715555555553
4158,623,227015,285019,27,351,0.11111111111111108,92.15715555555553
4159,623,227015,285019,1503,1500,0.11111111111111108,92.15715555555553
4160,623,227015,285019,1503,1182,0.11111111111111108,92.15715555555553
4161,623,227015,285019,1503,351,0.11111111111111108,92.15715555555553
4162,623,227015,285019,98,1500,0.11111111111111108,92.15715555555553
4163,623,227015,285019,98,1182,0.11111111111111108,92.15715555555553
4164,623,227015,285019,98,351,0.11111111111111108,92.15715555555553
4165,624,227016,236024,1486,997,0.11111111111111108,23.662566666666663
4166,624,227016,236024,1486,417,0.11111111111111108,23.662566666666663
4167,624,227016,236024,1486,32,0.11111111111111108,23.662566666666663
4168,624,227016,236024,27,997,0.11111111111111108,23.662566666666663
4169,624,227016,236024,27,417,0.11111111111111108,23.662566666666663
4170,624,227016,236024,27,32,0.11111111111111108,23.662566666666663
4171,624,227016,236024,37,997,0.11111111111111108,23.662566666666663
4172,624,227016,236024,37,417,0.11111111111111108,23.662566666666663
4173,624,227016,236024,37,32,0.11111111111111108,23.662566666666663
4174,625,227019,113007,93,74,0.3333333333333333,86.5086
4175,625,227019,113007,93,1608,0.3333333333333333,86.5086
4176,625,227019,113007,93,170,0.3333333333333333,86.5086
4177,626,227019,256005,93,1419,0.3333333333333333,0.3333333333333333
4178,626,227019,256005,93,1416,0.3333333333333333,0.3333333333333333
4179,626,227019,256005,93,1417,0.3333333333333333,0.3333333333333333
4180,627,227019,281028,93,1249,0.3333333333333333,45.10476666666666
4181,627,227019,281028,93,1669,0.3333333333333333,45.10476666666666
4182,627,227019,281028,93,1554,0.3333333333333333,45.10476666666666
4183,628,227019,284026,93,1249,0.3333333333333333,92.3232
4184,628,227019,284026,93,1669,0.3333333333333333,92.3232
4185,628,227019,284026,93,1554,0.3333333333333333,92.3232
4186,629,227020,211020,1503,495,0.5,159.1525
4187,629,227020,211020,1509,495,0.5,159.1525
4188,630,227020,254014,1503,1274,0.25,50.8188
4189,630,227020,254014,1503,1048,0.25,50.8188
4190,630,227020,254014,1509,1274,0.25,50.8188
4191,630,227020,254014,1509,1048,0.25,50.8188
4192,631,227020,269003,1503,49,0.25,64.221525
4193,631,227020,269003,1503,1240,0.25,64.221525
4194,631,227020,269003,1509,49,0.25,64.221525
4195,631,227020,269003,1509,1240,0.25,64.221525
4196,632,227021,266010,26,401,0.16666666666666669,42.17313333333334
4197,632,227021,266010,26,1402,0.16666666666666669,42.17313333333334
4198,632,227021,266010,610,401,0.16666666666666669,42.17313333333334
4199,632,227021,266010,610,1402,0.16666666666666669,42.17313333333334
4200,632,227021,266010,566,401,0.16666666666666669,42.17313333333334
4201,632,227021,266010,566,1402,0.16666666666666669,42.17313333333334
4202,633,227021,285012,26,1308,0.11111111111111108,42.32019999999999
4203,633,227021,285012,26,920,0.11111111111111108,42.32019999999999
4204,633,227021,285012,26,1309,0.11111111111111108,42.32019999999999
4205,633,227021,285012,610,1308,0.11111111111111108,42.32019999999999
4206,633,227021,285012,610,920,0.11111111111111108,42.32019999999999
4207,633,227021,285012,610,1309,0.11111111111111108,42.32019999999999
4208,633,227021,285012,566,1308,0.11111111111111108,42.32019999999999
4209,633,227021,285012,566,920,0.11111111111111108,42.32019999999999
4210,633,227021,285012,566,1309,0.11111111111111108,42.32019999999999
4211,634,227022,221089,566,689,1.0,180.35024711170576
4212,635,227022,236024,566,997,0.3333333333333333,301.5842666666666
4213,635,227022,236024,566,417,0.3333333333333333,301.5842666666666
4214,635,227022,236024,566,32,0.3333333333333333,301.5842666666666
4215,636,227022,247011,566,1140,0.3333333333333333,14.466366666666666
4216,636,227022,247011,566,896,0.3333333333333333,14.466366666666666
4217,636,227022,247011,566,313,0.3333333333333333,14.466366666666666
4218,637,227023,211018,994,835,0.3333333333333333,377.3109666666667
4219,637,227023,211018,994,1386,0.3333333333333333,377.3109666666667
4220,637,227023,211018,994,1106,0.3333333333333333,377.3109666666667
4221,638,227023,222019,994,152,1.0,102.997
4222,639,227023,235012,994,996,0.3333333333333333,56.844699999999996
4223,639,227023,235012,994,601,0.3333333333333333,56.844699999999996
4224,639,227023,235012,994,993,0.3333333333333333,56.844699999999996
4225,640,227023,242046,994,427,0.3333333333333333,33.976
4226,640,227023,242046,994,480,0.3333333333333333,33.976
4227,640,227023,242046,994,493,0.3333333333333333,33.976
4228,641,227023,243045,994,372,0.3333333333333333,29.5856
4229,641,227023,243045,994,360,0.3333333333333333,29.5856
4230,641,227023,243045,994,375,0.3333333333333333,29.5856
4231,642,227024,264015,589,1635,0.11111111111111108,32.422144444444434
4232,642,227024,264015,589,1240,0.11111111111111108,32.422144444444434
4233,642,227024,264015,589,1340,0.11111111111111108,32.422144444444434
4234,642,227024,264015,1354,1635,0.11111111111111108,32.422144444444434
4235,642,227024,264015,1354,1240,0.11111111111111108,32.422144444444434
4236,642,227024,264015,1354,1340,0.11111111111111108,32.422144444444434
4237,642,227024,264015,1003,1635,0.11111111111111108,32.422144444444434
4238,642,227024,264015,1003,1240,0.11111111111111108,32.422144444444434
4239,642,227024,264015,1003,1340,0.11111111111111108,32.422144444444434
4240,643,227024,286014,589,1249,0.11111111111111108,8.753544444444442
4241,643,227024,286014,589,1246,0.11111111111111108,8.753544444444442
4242,643,227024,286014,589,337,0.11111111111111108,8.753544444444442
4243,643,227024,286014,1354,1249,0.11111111111111108,8.753544444444442
4244,643,227024,286014,1354,1246,0.11111111111111108,8.753544444444442
4245,643,227024,286014,1354,337,0.11111111111111108,8.753544444444442
4246,643,227024,286014,1003,1249,0.11111111111111108,8.753544444444442
4247,643,227024,286014,1003,1246,0.11111111111111108,8.753544444444442
4248,643,227024,286014,1003,337,0.11111111111111108,8.753544444444442
4249,644,228025,113003,795,74,0.3333333333333333,30.2619
4250,644,228025,113003,795,1608,0.3333333333333333,30.2619
4251,644,228025,113003,795,170,0.3333333333333333,30.2619
4252,645,228025,216001,795,1528,0.3333333333333333,30.26693333333333
4253,645,228025,216001,795,290,0.3333333333333333,30.26693333333333
4254,645,228025,216001,795,1371,0.3333333333333333,30.26693333333333
4255,646,228032,251002,598,1592,0.3333333333333333,33.97123333333333
4256,646,228032,251002,598,1420,0.3333333333333333,33.97123333333333
4257,646,228032,251002,598,1423,0.3333333333333333,33.97123333333333
4258,647,228035,255015,607,1636,0.5,62.5899
4259,647,228035,255015,79,1636,0.5,62.5899
4260,648,228037,212015,596,1110,0.16666666666666669,61.843366666666675
4261,648,228037,212015,596,1123,0.16666666666666669,61.843366666666675
4262,648,228037,212015,596,434,0.16666666666666669,61.843366666666675
4263,648,228037,212015,81,1110,0.16666666666666669,61.843366666666675
4264,648,228037,212015,81,1123,0.16666666666666669,61.843366666666675
4265,648,228037,212015,81,434,0.16666666666666669,61.843366666666675
4266,649,228037,221032,596,1662,0.25,63.359375
4267,649,228037,221032,596,1279,0.25,63.359375
4268,649,228037,221032,81,1662,0.25,63.359375
4269,649,228037,221032,81,1279,0.25,63.359375
4270,650,229004,254010,89,59,1.0,573.9723
4271,651,229007,211008,602,952,0.3333333333333333,43.63263333333333
4272,651,229007,211008,602,1304,0.3333333333333333,43.63263333333333
4273,651,229007,211008,602,928,0.3333333333333333,43.63263333333333
4274,652,229007,237001,602,1289,0.3333333333333333,185.71586666666667
4275,652,229007,237001,602,1518,0.3333333333333333,185.71586666666667
4276,652,229007,237001,602,1588,0.3333333333333333,185.71586666666667
4277,653,229007,237003,602,902,0.5,1490.1649
4278,653,229007,237003,602,463,0.5,1490.1649
4279,654,229007,255001,602,1635,0.3333333333333333,25.546899999999997
4280,654,229007,255001,602,1281,0.3333333333333333,25.546899999999997
4281,654,229007,255001,602,69,0.3333333333333333,25.546899999999997
4282,655,229007,255015,602,1636,1.0,82.1552
4283,656,229012,241013,87,1130,0.11111111111111108,10.86631111111111
4284,656,229012,241013,87,1299,0.11111111111111108,10.86631111111111
4285,656,229012,241013,87,1137,0.11111111111111108,10.86631111111111
4286,656,229012,241013,96,1130,0.11111111111111108,10.86631111111111
4287,656,229012,241013,96,1299,0.11111111111111108,10.86631111111111
4288,656,229012,241013,96,1137,0.11111111111111108,10.86631111111111
4289,656,229012,241013,98,1130,0.11111111111111108,10.86631111111111
4290,656,229012,241013,98,1299,0.11111111111111108,10.86631111111111
4291,656,229012,241013,98,1137,0.11111111111111108,10.86631111111111
4292,657,229012,242012,87,1160,0.11111111111111108,10.87521111111111
4293,657,229012,242012,87,1147,0.11111111111111108,10.87521111111111
4294,657,229012,242012,87,1148,0.11111111111111108,10.87521111111111
4295,657,229012,242012,96,1160,0.11111111111111108,10.87521111111111
4296,657,229012,242012,96,1147,0.11111111111111108,10.87521111111111
4297,657,229012,242012,96,1148,0.11111111111111108,10.87521111111111
4298,657,229012,242012,98,1160,0.11111111111111108,10.87521111111111
4299,657,229012,242012,98,1147,0.11111111111111108,10.87521111111111
4300,657,229012,242012,98,1148,0.11111111111111108,10.87521111111111
4301,658,229012,242037,87,426,0.16666666666666669,172.35200000000003
4302,658,229012,242037,87,473,0.16666666666666669,172.35200000000003
4303,658,229012,242037,96,426,0.16666666666666669,172.35200000000003
4304,658,229012,242037,96,473,0.16666666666666669,172.35200000000003
4305,658,229012,242037,98,426,0.16666666666666669,172.35200000000003
4306,658,229012,242037,98,473,0.16666666666666669,172.35200000000003
4307,659,229012,242041,87,486,0.11111111111111108,36.480055555555545
4308,659,229012,242041,87,426,0.11111111111111108,36.480055555555545
4309,659,229012,242041,87,489,0.11111111111111108,36.480055555555545
4310,659,229012,242041,96,486,0.11111111111111108,36.480055555555545
4311,659,229012,242041,96,426,0.11111111111111108,36.480055555555545
4312,659,229012,242041,96,489,0.11111111111111108,36.480055555555545
4313,659,229012,242041,98,486,0.11111111111111108,36.480055555555545
4314,659,229012,242041,98,426,0.11111111111111108,36.480055555555545
4315,659,229012,242041,98,489,0.11111111111111108,36.480055555555545
4316,660,229012,245013,87,285,0.3333333333333333,63.83
4317,660,229012,245013,96,285,0.3333333333333333,63.83
4318,660,229012,245013,98,285,0.3333333333333333,63.83
4319,661,229012,255014,87,1240,0.11111111111111108,8.164688888888888
4320,661,229012,255014,87,19,0.11111111111111108,8.164688888888888
4321,661,229012,255014,87,1635,0.11111111111111108,8.164688888888888
4322,661,229012,255014,96,1240,0.11111111111111108,8.164688888888888
4323,661,229012,255014,96,19,0.11111111111111108,8.164688888888888
4324,661,229012,255014,96,1635,0.11111111111111108,8.164688888888888
4325,661,229012,255014,98,1240,0.11111111111111108,8.164688888888888
4326,661,229012,255014,98,19,0.11111111111111108,8.164688888888888
4327,661,229012,255014,98,1635,0.11111111111111108,8.164688888888888
4328,662,229012,286014,87,1249,0.11111111111111108,7.444784175296432
4329,662,229012,286014,87,1246,0.11111111111111108,7.444784175296432
4330,662,229012,286014,87,337,0.11111111111111108,7.444784175296432
4331,662,229012,286014,96,1249,0.11111111111111108,7.444784175296432
4332,662,229012,286014,96,1246,0.11111111111111108,7.444784175296432
4333,662,229012,286014,96,337,0.11111111111111108,7.444784175296432
4334,662,229012,286014,98,1249,0.11111111111111108,7.444784175296432
4335,662,229012,286014,98,1246,0.11111111111111108,7.444784175296432
4336,662,229012,286014,98,337,0.11111111111111108,7.444784175296432
4337,663,229013,211032,1022,649,0.11111111111111108,10.088977777777774
4338,663,229013,211032,1022,1094,0.11111111111111108,10.088977777777774
4339,663,229013,211032,1022,648,0.11111111111111108,10.088977777777774
4340,663,229013,211032,162,649,0.11111111111111108,10.088977777777774
4341,663,229013,211032,162,1094,0.11111111111111108,10.088977777777774
4342,663,229013,211032,162,648,0.11111111111111108,10.088977777777774
4343,663,229013,211032,671,649,0.11111111111111108,10.088977777777774
4344,663,229013,211032,671,1094,0.11111111111111108,10.088977777777774
4345,663,229013,211032,671,648,0.11111111111111108,10.088977777777774
4346,664,229013,214010,1022,641,0.16666666666666669,17.993600000000004
4347,664,229013,214010,1022,836,0.16666666666666669,17.993600000000004
4348,664,229013,214010,162,641,0.16666666666666669,17.993600000000004
4349,664,229013,214010,162,836,0.16666666666666669,17.993600000000004
4350,664,229013,214010,671,641,0.16666666666666669,17.993600000000004
4351,664,229013,214010,671,836,0.16666666666666669,17.993600000000004
4352,665,229013,226007,1022,966,0.11111111111111108,0.09914444444444441
4353,665,229013,226007,1022,1005,0.11111111111111108,0.09914444444444441
4354,665,229013,226007,1022,1485,0.11111111111111108,0.09914444444444441
4355,665,229013,226007,162,966,0.11111111111111108,0.09914444444444441
4356,665,229013,226007,162,1005,0.11111111111111108,0.09914444444444441
4357,665,229013,226007,162,1485,0.11111111111111108,0.09914444444444441
4358,665,229013,226007,671,966,0.11111111111111108,0.09914444444444441
4359,665,229013,226007,671,1005,0.11111111111111108,0.09914444444444441
4360,665,229013,226007,671,1485,0.11111111111111108,0.09914444444444441
4361,666,229013,266018,1022,402,0.11111111111111108,61.79332222222221
4362,666,229013,266018,1022,269,0.11111111111111108,61.79332222222221
4363,666,229013,266018,1022,268,0.11111111111111108,61.79332222222221
4364,666,229013,266018,162,402,0.11111111111111108,61.79332222222221
4365,666,229013,266018,162,269,0.11111111111111108,61.79332222222221
4366,666,229013,266018,162,268,0.11111111111111108,61.79332222222221
4367,666,229013,266018,671,402,0.11111111111111108,61.79332222222221
4368,666,229013,266018,671,269,0.11111111111111108,61.79332222222221
4369,666,229013,266018,671,268,0.11111111111111108,61.79332222222221
4370,667,229018,265018,675,866,0.11111111111111108,12.631244444444441
4371,667,229018,265018,675,773,0.11111111111111108,12.631244444444441
4372,667,229018,265018,675,865,0.11111111111111108,12.631244444444441
4373,667,229018,265018,163,866,0.11111111111111108,12.631244444444441
4374,667,229018,265018,163,773,0.11111111111111108,12.631244444444441
4375,667,229018,265018,163,865,0.11111111111111108,12.631244444444441
4376,667,229018,265018,1283,866,0.11111111111111108,12.631244444444441
4377,667,229018,265018,1283,773,0.11111111111111108,12.631244444444441
4378,667,229018,265018,1283,865,0.11111111111111108,12.631244444444441
4379,668,229019,284020,164,329,0.16666666666666669,11.856483333333335
4380,668,229019,284020,164,337,0.16666666666666669,11.856483333333335
4381,668,229019,284020,164,1222,0.16666666666666669,11.856483333333335
4382,668,229019,284020,75,329,0.16666666666666669,11.856483333333335
4383,668,229019,284020,75,337,0.16666666666666669,11.856483333333335
4384,668,229019,284020,75,1222,0.16666666666666669,11.856483333333335
4385,669,229022,243044,166,298,0.25,20.6281
4386,669,229022,243044,166,1081,0.25,20.6281
4387,669,229022,243044,610,298,0.25,20.6281
4388,669,229022,243044,610,1081,0.25,20.6281
4389,670,229022,283032,166,1200,0.16666666666666669,89.49616666666667
4390,670,229022,283032,166,338,0.16666666666666669,89.49616666666667
4391,670,229022,283032,166,1201,0.16666666666666669,89.49616666666667
4392,670,229022,283032,610,1200,0.16666666666666669,89.49616666666667
4393,670,229022,283032,610,338,0.16666666666666669,89.49616666666667
4394,670,229022,283032,610,1201,0.16666666666666669,89.49616666666667
4395,671,229024,225048,549,935,0.11111111111111108,430.88811111111096
4396,671,229024,225048,549,1666,0.11111111111111108,430.88811111111096
4397,671,229024,225048,549,725,0.11111111111111108,430.88811111111096
4398,671,229024,225048,611,935,0.11111111111111108,430.88811111111096
4399,671,229024,225048,611,1666,0.11111111111111108,430.88811111111096
4400,671,229024,225048,611,725,0.11111111111111108,430.88811111111096
4401,671,229024,225048,610,935,0.11111111111111108,430.88811111111096
4402,671,229024,225048,610,1666,0.11111111111111108,430.88811111111096
4403,671,229024,225048,610,725,0.11111111111111108,430.88811111111096
4404,672,229044,114034,91,74,0.11111111111111108,0.11111111111111108
4405,672,229044,114034,91,314,0.11111111111111108,0.11111111111111108
4406,672,229044,114034,91,170,0.11111111111111108,0.11111111111111108
4407,672,229044,114034,92,74,0.11111111111111108,0.11111111111111108
4408,672,229044,114034,92,314,0.11111111111111108,0.11111111111111108
4409,672,229044,114034,92,170,0.11111111111111108,0.11111111111111108
4410,672,229044,114034,693,74,0.11111111111111108,0.11111111111111108
4411,672,229044,114034,693,314,0.11111111111111108,0.11111111111111108
4412,672,229044,114034,693,170,0.11111111111111108,0.11111111111111108
4413,673,229044,225011,91,686,0.3333333333333333,82.46679999999999
4414,673,229044,225011,92,686,0.3333333333333333,82.46679999999999
4415,673,229044,225011,693,686,0.3333333333333333,82.46679999999999
4416,674,229044,234026,91,465,0.3333333333333333,28.979866666666666
4417,674,229044,234026,92,465,0.3333333333333333,28.979866666666666
4418,674,229044,234026,693,465,0.3333333333333333,28.979866666666666
4419,675,229044,235012,91,996,0.11111111111111108,47.07362222222221
4420,675,229044,235012,91,601,0.11111111111111108,47.07362222222221
4421,675,229044,235012,91,993,0.11111111111111108,47.07362222222221
4422,675,229044,235012,92,996,0.11111111111111108,47.07362222222221
4423,675,229044,235012,92,601,0.11111111111111108,47.07362222222221
4424,675,229044,235012,92,993,0.11111111111111108,47.07362222222221
4425,675,229044,235012,693,996,0.11111111111111108,47.07362222222221
4426,675,229044,235012,693,601,0.11111111111111108,47.07362222222221
4427,675,229044,235012,693,993,0.11111111111111108,47.07362222222221
4428,676,229044,236008,91,768,0.11111111111111108,11.876333333333331
4429,676,229044,236008,91,899,0.11111111111111108,11.876333333333331
4430,676,229044,236008,91,1238,0.11111111111111108,11.876333333333331
4431,676,229044,236008,92,768,0.11111111111111108,11.876333333333331
4432,676,229044,236008,92,899,0.11111111111111108,11.876333333333331
4433,676,229044,236008,92,1238,0.11111111111111108,11.876333333333331
4434,676,229044,236008,693,768,0.11111111111111108,11.876333333333331
4435,676,229044,236008,693,899,0.11111111111111108,11.876333333333331
4436,676,229044,236008,693,1238,0.11111111111111108,11.876333333333331
4437,677,229044,241016,91,354,0.11111111111111108,18.26484444444444
4438,677,229044,241016,91,884,0.11111111111111108,18.26484444444444
4439,677,229044,241016,91,467,0.11111111111111108,18.26484444444444
4440,677,229044,241016,92,354,0.11111111111111108,18.26484444444444
4441,677,229044,241016,92,884,0.11111111111111108,18.26484444444444
4442,677,229044,241016,92,467,0.11111111111111108,18.26484444444444
4443,677,229044,241016,693,354,0.11111111111111108,18.26484444444444
4444,677,229044,241016,693,884,0.11111111111111108,18.26484444444444
4445,677,229044,241016,693,467,0.11111111111111108,18.26484444444444
4446,678,229044,244002,91,885,0.11111111111111108,7.414877777777776
4447,678,229044,244002,91,533,0.11111111111111108,7.414877777777776
4448,678,229044,244002,91,427,0.11111111111111108,7.414877777777776
4449,678,229044,244002,92,885,0.11111111111111108,7.414877777777776
4450,678,229044,244002,92,533,0.11111111111111108,7.414877777777776
4451,678,229044,244002,92,427,0.11111111111111108,7.414877777777776
4452,678,229044,244002,693,885,0.11111111111111108,7.414877777777776
4453,678,229044,244002,693,533,0.11111111111111108,7.414877777777776
4454,678,229044,244002,693,427,0.11111111111111108,7.414877777777776
4455,679,229044,251002,91,1592,0.11111111111111108,83.37199999999997
4456,679,229044,251002,91,1420,0.11111111111111108,83.37199999999997
4457,679,229044,251002,91,1423,0.11111111111111108,83.37199999999997
4458,679,229044,251002,92,1592,0.11111111111111108,83.37199999999997
4459,679,229044,251002,92,1420,0.11111111111111108,83.37199999999997
4460,679,229044,251002,92,1423,0.11111111111111108,83.37199999999997
4461,679,229044,251002,693,1592,0.11111111111111108,83.37199999999997
4462,679,229044,251002,693,1420,0.11111111111111108,83.37199999999997
4463,679,229044,251002,693,1423,0.11111111111111108,83.37199999999997
4464,680,229044,255011,91,1063,0.3333333333333333,45.52134238857711
4465,680,229044,255011,92,1063,0.3333333333333333,45.52134238857711
4466,680,229044,255011,693,1063,0.3333333333333333,45.52134238857711
4467,681,229044,255014,91,1240,0.11111111111111108,20.493799999999993
4468,681,229044,255014,91,19,0.11111111111111108,20.493799999999993
4469,681,229044,255014,91,1635,0.11111111111111108,20.493799999999993
4470,681,229044,255014,92,1240,0.11111111111111108,20.493799999999993
4471,681,229044,255014,92,19,0.11111111111111108,20.493799999999993
4472,681,229044,255014,92,1635,0.11111111111111108,20.493799999999993
4473,681,229044,255014,693,1240,0.11111111111111108,20.493799999999993
4474,681,229044,255014,693,19,0.11111111111111108,20.493799999999993
4475,681,229044,255014,693,1635,0.11111111111111108,20.493799999999993
4476,682,229044,255015,91,1636,0.3333333333333333,30.948666666666668
4477,682,229044,255015,92,1636,0.3333333333333333,30.948666666666668
4478,682,229044,255015,693,1636,0.3333333333333333,30.948666666666668
4479,683,229044,265019,91,1347,0.3333333333333333,80.0583
4480,683,229044,265019,92,1347,0.3333333333333333,80.0583
4481,683,229044,265019,693,1347,0.3333333333333333,80.0583
4482,684,229044,266009,91,859,0.16666666666666669,63.730900000000005
4483,684,229044,266009,91,102,0.16666666666666669,63.730900000000005
4484,684,229044,266009,92,859,0.16666666666666669,63.730900000000005
4485,684,229044,266009,92,102,0.16666666666666669,63.730900000000005
4486,684,229044,266009,693,859,0.16666666666666669,63.730900000000005
4487,684,229044,266009,693,102,0.16666666666666669,63.730900000000005
4488,685,229044,267020,91,207,0.3333333333333333,121.80853333333332
4489,685,229044,267020,92,207,0.3333333333333333,121.80853333333332
4490,685,229044,267020,693,207,0.3333333333333333,121.80853333333332
4491,686,229044,283027,91,1634,0.11111111111111108,26.636222222222212
4492,686,229044,283027,91,334,0.11111111111111108,26.636222222222212
4493,686,229044,283027,91,101,0.11111111111111108,26.636222222222212
4494,686,229044,283027,92,1634,0.11111111111111108,26.636222222222212
4495,686,229044,283027,92,334,0.11111111111111108,26.636222222222212
4496,686,229044,283027,92,101,0.11111111111111108,26.636222222222212
4497,686,229044,283027,693,1634,0.11111111111111108,26.636222222222212
4498,686,229044,283027,693,334,0.11111111111111108,26.636222222222212
4499,686,229044,283027,693,101,0.11111111111111108,26.636222222222212
4500,687,229044,286014,91,1249,0.11111111111111108,9.071355555555554
4501,687,229044,286014,91,1246,0.11111111111111108,9.071355555555554
4502,687,229044,286014,91,337,0.11111111111111108,9.071355555555554
4503,687,229044,286014,92,1249,0.11111111111111108,9.071355555555554
4504,687,229044,286014,92,1246,0.11111111111111108,9.071355555555554
4505,687,229044,286014,92,337,0.11111111111111108,9.071355555555554
4506,687,229044,286014,693,1249,0.11111111111111108,9.071355555555554
4507,687,229044,286014,693,1246,0.11111111111111108,9.071355555555554
4508,687,229044,286014,693,337,0.11111111111111108,9.071355555555554
4509,688,229044,286039,91,1554,0.11111111111111108,8.521898378965822
4510,688,229044,286039,91,1249,0.11111111111111108,8.521898378965822
4511,688,229044,286039,91,1302,0.11111111111111108,8.521898378965822
4512,688,229044,286039,92,1554,0.11111111111111108,8.521898378965822
4513,688,229044,286039,92,1249,0.11111111111111108,8.521898378965822
4514,688,229044,286039,92,1302,0.11111111111111108,8.521898378965822
4515,688,229044,286039,693,1554,0.11111111111111108,8.521898378965822
4516,688,229044,286039,693,1249,0.11111111111111108,8.521898378965822
4517,688,229044,286039,693,1302,0.11111111111111108,8.521898378965822
4518,689,231002,241022,983,1129,0.11111111111111108,30.27927777777777
4519,689,231002,241022,983,1131,0.11111111111111108,30.27927777777777
4520,689,231002,241022,983,1128,0.11111111111111108,30.27927777777777
4521,689,231002,241022,1520,1129,0.11111111111111108,30.27927777777777
4522,689,231002,241022,1520,1131,0.11111111111111108,30.27927777777777
4523,689,231002,241022,1520,1128,0.11111111111111108,30.27927777777777
4524,689,231002,241022,1711,1129,0.11111111111111108,30.27927777777777
4525,689,231002,241022,1711,1131,0.11111111111111108,30.27927777777777
4526,689,231002,241022,1711,1128,0.11111111111111108,30.27927777777777
4527,690,231002,281028,983,1249,0.11111111111111108,10.508955555555554
4528,690,231002,281028,983,1669,0.11111111111111108,10.508955555555554
4529,690,231002,281028,983,1554,0.11111111111111108,10.508955555555554
4530,690,231002,281028,1520,1249,0.11111111111111108,10.508955555555554
4531,690,231002,281028,1520,1669,0.11111111111111108,10.508955555555554
4532,690,231002,281028,1520,1554,0.11111111111111108,10.508955555555554
4533,690,231002,281028,1711,1249,0.11111111111111108,10.508955555555554
4534,690,231002,281028,1711,1669,0.11111111111111108,10.508955555555554
4535,690,231002,281028,1711,1554,0.11111111111111108,10.508955555555554
4536,691,231003,271046,718,1187,0.16666666666666669,24.370083333333334
4537,691,231003,271046,718,1186,0.16666666666666669,24.370083333333334
4538,691,231003,271046,584,1187,0.16666666666666669,24.370083333333334
4539,691,231003,271046,584,1186,0.16666666666666669,24.370083333333334
4540,691,231003,271046,307,1187,0.16666666666666669,24.370083333333334
4541,691,231003,271046,307,1186,0.16666666666666669,24.370083333333334
4542,692,231003,271052,718,512,0.11111111111111108,7.380755555555553
4543,692,231003,271052,718,1184,0.11111111111111108,7.380755555555553
4544,692,231003,271052,718,1183,0.11111111111111108,7.380755555555553
4545,692,231003,271052,584,512,0.11111111111111108,7.380755555555553
4546,692,231003,271052,584,1184,0.11111111111111108,7.380755555555553
4547,692,231003,271052,584,1183,0.11111111111111108,7.380755555555553
4548,692,231003,271052,307,512,0.11111111111111108,7.380755555555553
4549,692,231003,271052,307,1184,0.11111111111111108,7.380755555555553
4550,692,231003,271052,307,1183,0.11111111111111108,7.380755555555553
4551,693,231004,271046,1522,1187,0.16666666666666669,51.988400000000006
4552,693,231004,271046,1522,1186,0.16666666666666669,51.988400000000006
4553,693,231004,271046,33,1187,0.16666666666666669,51.988400000000006
4554,693,231004,271046,33,1186,0.16666666666666669,51.988400000000006
4555,693,231004,271046,1315,1187,0.16666666666666669,51.988400000000006
4556,693,231004,271046,1315,1186,0.16666666666666669,51.988400000000006
4557,694,231008,211030,980,1400,0.11111111111111108,32.351988888888876
4558,694,231008,211030,980,929,0.11111111111111108,32.351988888888876
4559,694,231008,211030,980,819,0.11111111111111108,32.351988888888876
4560,694,231008,211030,1710,1400,0.11111111111111108,32.351988888888876
4561,694,231008,211030,1710,929,0.11111111111111108,32.351988888888876
4562,694,231008,211030,1710,819,0.11111111111111108,32.351988888888876
4563,694,231008,211030,981,1400,0.11111111111111108,32.351988888888876
4564,694,231008,211030,981,929,0.11111111111111108,32.351988888888876
4565,694,231008,211030,981,819,0.11111111111111108,32.351988888888876
4566,695,232001,253003,898,724,0.11111111111111108,8.162666666666665
4567,695,232001,253003,898,1716,0.11111111111111108,8.162666666666665
4568,695,232001,253003,898,54,0.11111111111111108,8.162666666666665
4569,695,232001,253003,904,724,0.11111111111111108,8.162666666666665
4570,695,232001,253003,904,1716,0.11111111111111108,8.162666666666665
4571,695,232001,253003,904,54,0.11111111111111108,8.162666666666665
4572,695,232001,253003,903,724,0.11111111111111108,8.162666666666665
4573,695,232001,253003,903,1716,0.11111111111111108,8.162666666666665
4574,695,232001,253003,903,54,0.11111111111111108,8.162666666666665
4575,696,232004,245016,439,230,0.11111111111111108,210.41439999999992
4576,696,232004,245016,439,285,0.11111111111111108,210.41439999999992
4577,696,232004,245016,439,1463,0.11111111111111108,210.41439999999992
4578,696,232004,245016,898,230,0.11111111111111108,210.41439999999992
4579,696,232004,245016,898,285,0.11111111111111108,210.41439999999992
4580,696,232004,245016,898,1463,0.11111111111111108,210.41439999999992
4581,696,232004,245016,456,230,0.11111111111111108,210.41439999999992
4582,696,232004,245016,456,285,0.11111111111111108,210.41439999999992
4583,696,232004,245016,456,1463,0.11111111111111108,210.41439999999992
4584,697,232007,284020,456,329,0.16666666666666669,13.052683333333336
4585,697,232007,284020,456,337,0.16666666666666669,13.052683333333336
4586,697,232007,284020,456,1222,0.16666666666666669,13.052683333333336
4587,697,232007,284020,441,329,0.16666666666666669,13.052683333333336
4588,697,232007,284020,441,337,0.16666666666666669,13.052683333333336
4589,697,232007,284020,441,1222,0.16666666666666669,13.052683333333336
4590,698,232008,212016,576,1107,0.11111111111111108,4.960566666666665
4591,698,232008,212016,576,1101,0.11111111111111108,4.960566666666665
4592,698,232008,212016,576,830,0.11111111111111108,4.960566666666665
4593,698,232008,212016,578,1107,0.11111111111111108,4.960566666666665
4594,698,232008,212016,578,1101,0.11111111111111108,4.960566666666665
4595,698,232008,212016,578,830,0.11111111111111108,4.960566666666665
4596,698,232008,212016,1573,1107,0.11111111111111108,4.960566666666665
4597,698,232008,212016,1573,1101,0.11111111111111108,4.960566666666665
4598,698,232008,212016,1573,830,0.11111111111111108,4.960566666666665
4599,699,232008,225075,576,817,0.16666666666666669,58.000683333333335
4600,699,232008,225075,576,959,0.16666666666666669,58.000683333333335
4601,699,232008,225075,578,817,0.16666666666666669,58.000683333333335
4602,699,232008,225075,578,959,0.16666666666666669,58.000683333333335
4603,699,232008,225075,1573,817,0.16666666666666669,58.000683333333335
4604,699,232008,225075,1573,959,0.16666666666666669,58.000683333333335
4605,700,233001,123002,581,74,0.11111111111111108,11.175366666666664
4606,700,233001,123002,581,290,0.11111111111111108,11.175366666666664
4607,700,233001,123002,581,1653,0.11111111111111108,11.175366666666664
4608,700,233001,123002,585,74,0.11111111111111108,11.175366666666664
4609,700,233001,123002,585,290,0.11111111111111108,11.175366666666664
4610,700,233001,123002,585,1653,0.11111111111111108,11.175366666666664
4611,700,233001,123002,582,74,0.11111111111111108,11.175366666666664
4612,700,233001,123002,582,290,0.11111111111111108,11.175366666666664
4613,700,233001,123002,582,1653,0.11111111111111108,11.175366666666664
4614,701,233001,215003,581,1120,0.11111111111111108,52.90274444444443
4615,701,233001,215003,581,378,0.11111111111111108,52.90274444444443
4616,701,233001,215003,581,31,0.11111111111111108,52.90274444444443
4617,701,233001,215003,585,1120,0.11111111111111108,52.90274444444443
4618,701,233001,215003,585,378,0.11111111111111108,52.90274444444443
4619,701,233001,215003,585,31,0.11111111111111108,52.90274444444443
4620,701,233001,215003,582,1120,0.11111111111111108,52.90274444444443
4621,701,233001,215003,582,378,0.11111111111111108,52.90274444444443
4622,701,233001,215003,582,31,0.11111111111111108,52.90274444444443
4623,702,233001,221085,581,612,0.11111111111111108,31.079066666666655
4624,702,233001,221085,581,695,0.11111111111111108,31.079066666666655
4625,702,233001,221085,581,159,0.11111111111111108,31.079066666666655
4626,702,233001,221085,585,612,0.11111111111111108,31.079066666666655
4627,702,233001,221085,585,695,0.11111111111111108,31.079066666666655
4628,702,233001,221085,585,159,0.11111111111111108,31.079066666666655
4629,702,233001,221085,582,612,0.11111111111111108,31.079066666666655
4630,702,233001,221085,582,695,0.11111111111111108,31.079066666666655
4631,702,233001,221085,582,159,0.11111111111111108,31.079066666666655
4632,703,233002,212013,341,1106,0.11111111111111108,743.6429555555554
4633,703,233002,212013,341,945,0.11111111111111108,743.6429555555554
4634,703,233002,212013,341,547,0.11111111111111108,743.6429555555554
4635,703,233002,212013,523,1106,0.11111111111111108,743.6429555555554
4636,703,233002,212013,523,945,0.11111111111111108,743.6429555555554
4637,703,233002,212013,523,547,0.11111111111111108,743.6429555555554
4638,703,233002,212013,243,1106,0.11111111111111108,743.6429555555554
4639,703,233002,212013,243,945,0.11111111111111108,743.6429555555554
4640,703,233002,212013,243,547,0.11111111111111108,743.6429555555554
4641,704,233002,266021,341,266,0.11111111111111108,17.77024444444444
4642,704,233002,266021,341,865,0.11111111111111108,17.77024444444444
4643,704,233002,266021,341,278,0.11111111111111108,17.77024444444444
4644,704,233002,266021,523,266,0.11111111111111108,17.77024444444444
4645,704,233002,266021,523,865,0.11111111111111108,17.77024444444444
4646,704,233002,266021,523,278,0.11111111111111108,17.77024444444444
4647,704,233002,266021,243,266,0.11111111111111108,17.77024444444444
4648,704,233002,266021,243,865,0.11111111111111108,17.77024444444444
4649,704,233002,266021,243,278,0.11111111111111108,17.77024444444444
4650,705,233003,221064,1177,1035,0.5,124.43475
4651,705,233003,221064,350,1035,0.5,124.43475
4652,706,233003,235001,1177,901,0.5,132.936
4653,706,233003,235001,350,901,0.5,132.936
4654,707,233011,214013,443,830,0.11111111111111108,218.41198888888883
4655,707,233011,214013,443,1107,0.11111111111111108,218.41198888888883
4656,707,233011,214013,443,1720,0.11111111111111108,218.41198888888883
4657,707,233011,214013,1175,830,0.11111111111111108,218.41198888888883
4658,707,233011,214013,1175,1107,0.11111111111111108,218.41198888888883
4659,707,233011,214013,1175,1720,0.11111111111111108,218.41198888888883
4660,707,233011,214013,444,830,0.11111111111111108,218.41198888888883
4661,707,233011,214013,444,1107,0.11111111111111108,218.41198888888883
4662,707,233011,214013,444,1720,0.11111111111111108,218.41198888888883
4663,708,233011,222002,443,984,0.11111111111111108,21.256977777777774
4664,708,233011,222002,443,595,0.11111111111111108,21.256977777777774
4665,708,233011,222002,443,1618,0.11111111111111108,21.256977777777774
4666,708,233011,222002,1175,984,0.11111111111111108,21.256977777777774
4667,708,233011,222002,1175,595,0.11111111111111108,21.256977777777774
4668,708,233011,222002,1175,1618,0.11111111111111108,21.256977777777774
4669,708,233011,222002,444,984,0.11111111111111108,21.256977777777774
4670,708,233011,222002,444,595,0.11111111111111108,21.256977777777774
4671,708,233011,222002,444,1618,0.11111111111111108,21.256977777777774
4672,709,233011,255011,443,1063,0.3333333333333333,28.60973333333333
4673,709,233011,255011,1175,1063,0.3333333333333333,28.60973333333333
4674,709,233011,255011,444,1063,0.3333333333333333,28.60973333333333
4675,710,233011,267024,443,625,0.11111111111111108,26.05688888888888
4676,710,233011,267024,443,21,0.11111111111111108,26.05688888888888
4677,710,233011,267024,443,627,0.11111111111111108,26.05688888888888
4678,710,233011,267024,1175,625,0.11111111111111108,26.05688888888888
4679,710,233011,267024,1175,21,0.11111111111111108,26.05688888888888
4680,710,233011,267024,1175,627,0.11111111111111108,26.05688888888888
4681,710,233011,267024,444,625,0.11111111111111108,26.05688888888888
4682,710,233011,267024,444,21,0.11111111111111108,26.05688888888888
4683,710,233011,267024,444,627,0.11111111111111108,26.05688888888888
4684,711,233011,283027,443,1634,0.11111111111111108,8.639644444444443
4685,711,233011,283027,443,334,0.11111111111111108,8.639644444444443
4686,711,233011,283027,443,101,0.11111111111111108,8.639644444444443
4687,711,233011,283027,1175,1634,0.11111111111111108,8.639644444444443
4688,711,233011,283027,1175,334,0.11111111111111108,8.639644444444443
4689,711,233011,283027,1175,101,0.11111111111111108,8.639644444444443
4690,711,233011,283027,444,1634,0.11111111111111108,8.639644444444443
4691,711,233011,283027,444,334,0.11111111111111108,8.639644444444443
4692,711,233011,283027,444,101,0.11111111111111108,8.639644444444443
4693,712,233011,284026,443,1249,0.11111111111111108,63.07734444444443
4694,712,233011,284026,443,1669,0.11111111111111108,63.07734444444443
4695,712,233011,284026,443,1554,0.11111111111111108,63.07734444444443
4696,712,233011,284026,1175,1249,0.11111111111111108,63.07734444444443
4697,712,233011,284026,1175,1669,0.11111111111111108,63.07734444444443
4698,712,233011,284026,1175,1554,0.11111111111111108,63.07734444444443
4699,712,233011,284026,444,1249,0.11111111111111108,63.07734444444443
4700,712,233011,284026,444,1669,0.11111111111111108,63.07734444444443
4701,712,233011,284026,444,1554,0.11111111111111108,63.07734444444443
4702,713,234002,221096,617,113,0.16666666666666669,39.95343333333334
4703,713,234002,221096,617,605,0.16666666666666669,39.95343333333334
4704,713,234002,221096,617,1260,0.16666666666666669,39.95343333333334
4705,713,234002,221096,979,113,0.16666666666666669,39.95343333333334
4706,713,234002,221096,979,605,0.16666666666666669,39.95343333333334
4707,713,234002,221096,979,1260,0.16666666666666669,39.95343333333334
4708,714,234002,268030,617,1206,0.16666666666666669,33.049716666666676
4709,714,234002,268030,617,1319,0.16666666666666669,33.049716666666676
4710,714,234002,268030,617,255,0.16666666666666669,33.049716666666676
4711,714,234002,268030,979,1206,0.16666666666666669,33.049716666666676
4712,714,234002,268030,979,1319,0.16666666666666669,33.049716666666676
4713,714,234002,268030,979,255,0.16666666666666669,33.049716666666676
4714,715,234003,242010,449,1162,0.3333333333333333,8.729666666666667
4715,715,234003,242010,449,1149,0.3333333333333333,8.729666666666667
4716,715,234003,242010,449,1161,0.3333333333333333,8.729666666666667
4717,716,234003,245013,449,285,1.0,52.7139
4718,717,234003,263011,449,1375,1.0,160.19913745659252
4719,718,234014,242003,979,1512,0.5,35.12125
4720,718,234014,242003,979,325,0.5,35.12125
4721,719,234014,245015,979,1463,0.3333333333333333,22.09043333333333
4722,719,234014,245015,979,230,0.3333333333333333,22.09043333333333
4723,719,234014,245015,979,222,0.3333333333333333,22.09043333333333
4724,720,234014,266035,979,857,0.3333333333333333,33.584999999999994
4725,720,234014,266035,979,271,0.3333333333333333,33.584999999999994
4726,720,234014,266035,979,272,0.3333333333333333,33.584999999999994
4727,721,234014,281028,979,1249,0.3333333333333333,29.165166666666668
4728,721,234014,281028,979,1669,0.3333333333333333,29.165166666666668
4729,721,234014,281028,979,1554,0.3333333333333333,29.165166666666668
4730,722,234015,246001,570,1172,0.3333333333333333,124.24076437015779
4731,722,234015,246001,569,1172,0.3333333333333333,124.24076437015779
4732,722,234015,246001,466,1172,0.3333333333333333,124.24076437015779
4733,723,234015,285010,570,1308,0.11111111111111108,10.149055555555552
4734,723,234015,285010,570,1190,0.11111111111111108,10.149055555555552
4735,723,234015,285010,570,349,0.11111111111111108,10.149055555555552
4736,723,234015,285010,569,1308,0.11111111111111108,10.149055555555552
4737,723,234015,285010,569,1190,0.11111111111111108,10.149055555555552
4738,723,234015,285010,569,349,0.11111111111111108,10.149055555555552
4739,723,234015,285010,466,1308,0.11111111111111108,10.149055555555552
4740,723,234015,285010,466,1190,0.11111111111111108,10.149055555555552
4741,723,234015,285010,466,349,0.11111111111111108,10.149055555555552
4742,724,234016,265018,569,866,0.16666666666666669,84.94195
4743,724,234016,265018,569,773,0.16666666666666669,84.94195
4744,724,234016,265018,569,865,0.16666666666666669,84.94195
4745,724,234016,265018,465,866,0.16666666666666669,84.94195
4746,724,234016,265018,465,773,0.16666666666666669,84.94195
4747,724,234016,265018,465,865,0.16666666666666669,84.94195
4748,725,234016,265020,569,1340,0.25,20.311925
4749,725,234016,265020,569,1093,0.25,20.311925
4750,725,234016,265020,465,1340,0.25,20.311925
4751,725,234016,265020,465,1093,0.25,20.311925
4752,726,234021,211032,455,649,0.11111111111111108,18.367511111111106
4753,726,234021,211032,455,1094,0.11111111111111108,18.367511111111106
4754,726,234021,211032,455,648,0.11111111111111108,18.367511111111106
4755,726,234021,211032,1526,649,0.11111111111111108,18.367511111111106
4756,726,234021,211032,1526,1094,0.11111111111111108,18.367511111111106
4757,726,234021,211032,1526,648,0.11111111111111108,18.367511111111106
4758,726,234021,211032,616,649,0.11111111111111108,18.367511111111106
4759,726,234021,211032,616,1094,0.11111111111111108,18.367511111111106
4760,726,234021,211032,616,648,0.11111111111111108,18.367511111111106
4761,727,234021,212017,455,547,0.3333333333333333,36.2863
4762,727,234021,212017,1526,547,0.3333333333333333,36.2863
4763,727,234021,212017,616,547,0.3333333333333333,36.2863
4764,728,234021,220026,455,26,0.11111111111111108,20.305142143187823
4765,728,234021,220026,455,599,0.11111111111111108,20.305142143187823
4766,728,234021,220026,455,606,0.11111111111111108,20.305142143187823
4767,728,234021,220026,1526,26,0.11111111111111108,20.305142143187823
4768,728,234021,220026,1526,599,0.11111111111111108,20.305142143187823
4769,728,234021,220026,1526,606,0.11111111111111108,20.305142143187823
4770,728,234021,220026,616,26,0.11111111111111108,20.305142143187823
4771,728,234021,220026,616,599,0.11111111111111108,20.305142143187823
4772,728,234021,220026,616,606,0.11111111111111108,20.305142143187823
4773,729,234021,227006,455,674,0.3333333333333333,64.457
4774,729,234021,227006,1526,674,0.3333333333333333,64.457
4775,729,234021,227006,616,674,0.3333333333333333,64.457
4776,730,234021,241008,455,1505,0.3333333333333333,82.96066666666667
4777,730,234021,241008,1526,1505,0.3333333333333333,82.96066666666667
4778,730,234021,241008,616,1505,0.3333333333333333,82.96066666666667
4779,731,234021,247011,455,1140,0.11111111111111108,7.9184666666666645
4780,731,234021,247011,455,896,0.11111111111111108,7.9184666666666645
4781,731,234021,247011,455,313,0.11111111111111108,7.9184666666666645
4782,731,234021,247011,1526,1140,0.11111111111111108,7.9184666666666645
4783,731,234021,247011,1526,896,0.11111111111111108,7.9184666666666645
4784,731,234021,247011,1526,313,0.11111111111111108,7.9184666666666645
4785,731,234021,247011,616,1140,0.11111111111111108,7.9184666666666645
4786,731,234021,247011,616,896,0.11111111111111108,7.9184666666666645
4787,731,234021,247011,616,313,0.11111111111111108,7.9184666666666645
4788,732,234021,264020,455,318,0.11111111111111108,9.641266666666665
4789,732,234021,264020,455,1635,0.11111111111111108,9.641266666666665
4790,732,234021,264020,455,19,0.11111111111111108,9.641266666666665
4791,732,234021,264020,1526,318,0.11111111111111108,9.641266666666665
4792,732,234021,264020,1526,1635,0.11111111111111108,9.641266666666665
4793,732,234021,264020,1526,19,0.11111111111111108,9.641266666666665
4794,732,234021,264020,616,318,0.11111111111111108,9.641266666666665
4795,732,234021,264020,616,1635,0.11111111111111108,9.641266666666665
4796,732,234021,264020,616,19,0.11111111111111108,9.641266666666665
4797,733,234021,265018,455,866,0.11111111111111108,481.1626999999998
4798,733,234021,265018,455,773,0.11111111111111108,481.1626999999998
4799,733,234021,265018,455,865,0.11111111111111108,481.1626999999998
4800,733,234021,265018,1526,866,0.11111111111111108,481.1626999999998
4801,733,234021,265018,1526,773,0.11111111111111108,481.1626999999998
4802,733,234021,265018,1526,865,0.11111111111111108,481.1626999999998
4803,733,234021,265018,616,866,0.11111111111111108,481.1626999999998
4804,733,234021,265018,616,773,0.11111111111111108,481.1626999999998
4805,733,234021,265018,616,865,0.11111111111111108,481.1626999999998
4806,734,234021,266018,455,402,0.11111111111111108,0.09914444444444441
4807,734,234021,266018,455,269,0.11111111111111108,0.09914444444444441
4808,734,234021,266018,455,268,0.11111111111111108,0.09914444444444441
4809,734,234021,266018,1526,402,0.11111111111111108,0.09914444444444441
4810,734,234021,266018,1526,269,0.11111111111111108,0.09914444444444441
4811,734,234021,266018,1526,268,0.11111111111111108,0.09914444444444441
4812,734,234021,266018,616,402,0.11111111111111108,0.09914444444444441
4813,734,234021,266018,616,269,0.11111111111111108,0.09914444444444441
4814,734,234021,266018,616,268,0.11111111111111108,0.09914444444444441
4815,735,234021,267006,455,791,0.11111111111111108,12.655511111111107
4816,735,234021,267006,455,558,0.11111111111111108,12.655511111111107
4817,735,234021,267006,455,548,0.11111111111111108,12.655511111111107
4818,735,234021,267006,1526,791,0.11111111111111108,12.655511111111107
4819,735,234021,267006,1526,558,0.11111111111111108,12.655511111111107
4820,735,234021,267006,1526,548,0.11111111111111108,12.655511111111107
4821,735,234021,267006,616,791,0.11111111111111108,12.655511111111107
4822,735,234021,267006,616,558,0.11111111111111108,12.655511111111107
4823,735,234021,267006,616,548,0.11111111111111108,12.655511111111107
4824,736,234021,268031,455,1206,0.11111111111111108,28.73927777777777
4825,736,234021,268031,455,1377,0.11111111111111108,28.73927777777777
4826,736,234021,268031,455,1699,0.11111111111111108,28.73927777777777
4827,736,234021,268031,1526,1206,0.11111111111111108,28.73927777777777
4828,736,234021,268031,1526,1377,0.11111111111111108,28.73927777777777
4829,736,234021,268031,1526,1699,0.11111111111111108,28.73927777777777
4830,736,234021,268031,616,1206,0.11111111111111108,28.73927777777777
4831,736,234021,268031,616,1377,0.11111111111111108,28.73927777777777
4832,736,234021,268031,616,1699,0.11111111111111108,28.73927777777777
4833,737,234021,283028,455,1634,0.16666666666666669,37.12865
4834,737,234021,283028,455,328,0.16666666666666669,37.12865
4835,737,234021,283028,1526,1634,0.16666666666666669,37.12865
4836,737,234021,283028,1526,328,0.16666666666666669,37.12865
4837,737,234021,283028,616,1634,0.16666666666666669,37.12865
4838,737,234021,283028,616,328,0.16666666666666669,37.12865
4839,738,234022,212017,572,547,0.3333333333333333,64.87089999999999
4840,738,234022,212017,616,547,0.3333333333333333,64.87089999999999
4841,738,234022,212017,1381,547,0.3333333333333333,64.87089999999999
4842,739,234022,245014,572,229,0.11111111111111108,28.362066666666657
4843,739,234022,245014,572,499,0.11111111111111108,28.362066666666657
4844,739,234022,245014,572,230,0.11111111111111108,28.362066666666657
4845,739,234022,245014,616,229,0.11111111111111108,28.362066666666657
4846,739,234022,245014,616,499,0.11111111111111108,28.362066666666657
4847,739,234022,245014,616,230,0.11111111111111108,28.362066666666657
4848,739,234022,245014,1381,229,0.11111111111111108,28.362066666666657
4849,739,234022,245014,1381,499,0.11111111111111108,28.362066666666657
4850,739,234022,245014,1381,230,0.11111111111111108,28.362066666666657
4851,740,234022,271015,572,352,0.11111111111111108,443.62287777777766
4852,740,234022,271015,572,1580,0.11111111111111108,443.62287777777766
4853,740,234022,271015,572,249,0.11111111111111108,443.62287777777766
4854,740,234022,271015,616,352,0.11111111111111108,443.62287777777766
4855,740,234022,271015,616,1580,0.11111111111111108,443.62287777777766
4856,740,234022,271015,616,249,0.11111111111111108,443.62287777777766
4857,740,234022,271015,1381,352,0.11111111111111108,443.62287777777766
4858,740,234022,271015,1381,1580,0.11111111111111108,443.62287777777766
4859,740,234022,271015,1381,249,0.11111111111111108,443.62287777777766
4860,741,234022,271016,572,1578,0.11111111111111108,50.682211111111094
4861,741,234022,271016,572,352,0.11111111111111108,50.682211111111094
4862,741,234022,271016,572,1206,0.11111111111111108,50.682211111111094
4863,741,234022,271016,616,1578,0.11111111111111108,50.682211111111094
4864,741,234022,271016,616,352,0.11111111111111108,50.682211111111094
4865,741,234022,271016,616,1206,0.11111111111111108,50.682211111111094
4866,741,234022,271016,1381,1578,0.11111111111111108,50.682211111111094
4867,741,234022,271016,1381,352,0.11111111111111108,50.682211111111094
4868,741,234022,271016,1381,1206,0.11111111111111108,50.682211111111094
4869,742,234023,214002,413,845,0.11111111111111108,15.141411111111106
4870,742,234023,214002,413,1107,0.11111111111111108,15.141411111111106
4871,742,234023,214002,413,843,0.11111111111111108,15.141411111111106
4872,742,234023,214002,1526,845,0.11111111111111108,15.141411111111106
4873,742,234023,214002,1526,1107,0.11111111111111108,15.141411111111106
4874,742,234023,214002,1526,843,0.11111111111111108,15.141411111111106
4875,742,234023,214002,415,845,0.11111111111111108,15.141411111111106
4876,742,234023,214002,415,1107,0.11111111111111108,15.141411111111106
4877,742,234023,214002,415,843,0.11111111111111108,15.141411111111106
4878,743,234023,214006,413,853,0.11111111111111108,4.960566666666665
4879,743,234023,214006,413,1099,0.11111111111111108,4.960566666666665
4880,743,234023,214006,413,845,0.11111111111111108,4.960566666666665
4881,743,234023,214006,1526,853,0.11111111111111108,4.960566666666665
4882,743,234023,214006,1526,1099,0.11111111111111108,4.960566666666665
4883,743,234023,214006,1526,845,0.11111111111111108,4.960566666666665
4884,743,234023,214006,415,853,0.11111111111111108,4.960566666666665
4885,743,234023,214006,415,1099,0.11111111111111108,4.960566666666665
4886,743,234023,214006,415,845,0.11111111111111108,4.960566666666665
4887,744,234023,222025,413,698,0.3333333333333333,552.8127666666667
4888,744,234023,222025,1526,698,0.3333333333333333,552.8127666666667
4889,744,234023,222025,415,698,0.3333333333333333,552.8127666666667
4890,745,234023,271015,413,352,0.11111111111111108,19.85163333333333
4891,745,234023,271015,413,1580,0.11111111111111108,19.85163333333333
4892,745,234023,271015,413,249,0.11111111111111108,19.85163333333333
4893,745,234023,271015,1526,352,0.11111111111111108,19.85163333333333
4894,745,234023,271015,1526,1580,0.11111111111111108,19.85163333333333
4895,745,234023,271015,1526,249,0.11111111111111108,19.85163333333333
4896,745,234023,271015,415,352,0.11111111111111108,19.85163333333333
4897,745,234023,271015,415,1580,0.11111111111111108,19.85163333333333
4898,745,234023,271015,415,249,0.11111111111111108,19.85163333333333
4899,746,234025,225052,459,1410,0.16666666666666669,23.306000000000004
4900,746,234025,225052,459,1411,0.16666666666666669,23.306000000000004
4901,746,234025,225052,1518,1410,0.16666666666666669,23.306000000000004
4902,746,234025,225052,1518,1411,0.16666666666666669,23.306000000000004
4903,746,234025,225052,410,1410,0.16666666666666669,23.306000000000004
4904,746,234025,225052,410,1411,0.16666666666666669,23.306000000000004
4905,747,234025,241008,459,1505,0.3333333333333333,111.31103333333334
4906,747,234025,241008,1518,1505,0.3333333333333333,111.31103333333334
4907,747,234025,241008,410,1505,0.3333333333333333,111.31103333333334
4908,748,234025,283018,459,923,0.11111111111111108,22.25425555555555
4909,748,234025,283018,459,1201,0.11111111111111108,22.25425555555555
4910,748,234025,283018,459,905,0.11111111111111108,22.25425555555555
4911,748,234025,283018,1518,923,0.11111111111111108,22.25425555555555
4912,748,234025,283018,1518,1201,0.11111111111111108,22.25425555555555
4913,748,234025,283018,1518,905,0.11111111111111108,22.25425555555555
4914,748,234025,283018,410,923,0.11111111111111108,22.25425555555555
4915,748,234025,283018,410,1201,0.11111111111111108,22.25425555555555
4916,748,234025,283018,410,905,0.11111111111111108,22.25425555555555
4917,749,234025,286014,459,1249,0.11111111111111108,7.932377777777776
4918,749,234025,286014,459,1246,0.11111111111111108,7.932377777777776
4919,749,234025,286014,459,337,0.11111111111111108,7.932377777777776
4920,749,234025,286014,1518,1249,0.11111111111111108,7.932377777777776
4921,749,234025,286014,1518,1246,0.11111111111111108,7.932377777777776
4922,749,234025,286014,1518,337,0.11111111111111108,7.932377777777776
4923,749,234025,286014,410,1249,0.11111111111111108,7.932377777777776
4924,749,234025,286014,410,1246,0.11111111111111108,7.932377777777776
4925,749,234025,286014,410,337,0.11111111111111108,7.932377777777776
4926,750,234026,229044,465,91,0.3333333333333333,37.20073333333333
4927,750,234026,229044,465,92,0.3333333333333333,37.20073333333333
4928,750,234026,229044,465,693,0.3333333333333333,37.20073333333333
4929,751,234026,237001,465,1289,0.3333333333333333,59.53801403504707
4930,751,234026,237001,465,1518,0.3333333333333333,59.53801403504707
4931,751,234026,237001,465,1588,0.3333333333333333,59.53801403504707
4932,752,234026,241017,465,1137,0.5,84.75908030814996
4933,752,234026,241017,465,1138,0.5,84.75908030814996
4934,753,235001,233003,901,1177,0.5,522.3199
4935,753,235001,233003,901,350,0.5,522.3199
4936,754,235001,245012,901,1223,0.3333333333333333,46.85876666666667
4937,754,235001,245012,901,285,0.3333333333333333,46.85876666666667
4938,754,235001,245012,901,501,0.3333333333333333,46.85876666666667
4939,755,235001,285002,901,1191,0.3333333333333333,15.650933333333334
4940,755,235001,285002,901,1189,0.3333333333333333,15.650933333333334
4941,755,235001,285002,901,1188,0.3333333333333333,15.650933333333334
4942,756,235004,214005,1483,830,0.3333333333333333,83.91969999999999
4943,756,235004,214005,614,830,0.3333333333333333,83.91969999999999
4944,756,235004,214005,1526,830,0.3333333333333333,83.91969999999999
4945,757,235004,220028,1483,604,0.16666666666666669,19.764483333333335
4946,757,235004,220028,1483,94,0.16666666666666669,19.764483333333335
4947,757,235004,220028,614,604,0.16666666666666669,19.764483333333335
4948,757,235004,220028,614,94,0.16666666666666669,19.764483333333335
4949,757,235004,220028,1526,604,0.16666666666666669,19.764483333333335
4950,757,235004,220028,1526,94,0.16666666666666669,19.764483333333335
4951,758,235004,225048,1483,935,0.11111111111111108,20.85713333333333
4952,758,235004,225048,1483,1666,0.11111111111111108,20.85713333333333
4953,758,235004,225048,1483,725,0.11111111111111108,20.85713333333333
4954,758,235004,225048,614,935,0.11111111111111108,20.85713333333333
4955,758,235004,225048,614,1666,0.11111111111111108,20.85713333333333
4956,758,235004,225048,614,725,0.11111111111111108,20.85713333333333
4957,758,235004,225048,1526,935,0.11111111111111108,20.85713333333333
4958,758,235004,225048,1526,1666,0.11111111111111108,20.85713333333333
4959,758,235004,225048,1526,725,0.11111111111111108,20.85713333333333
4960,759,235004,241013,1483,1130,0.11111111111111108,8.101488888888886
4961,759,235004,241013,1483,1299,0.11111111111111108,8.101488888888886
4962,759,235004,241013,1483,1137,0.11111111111111108,8.101488888888886
4963,759,235004,241013,614,1130,0.11111111111111108,8.101488888888886
4964,759,235004,241013,614,1299,0.11111111111111108,8.101488888888886
4965,759,235004,241013,614,1137,0.11111111111111108,8.101488888888886
4966,759,235004,241013,1526,1130,0.11111111111111108,8.101488888888886
4967,759,235004,241013,1526,1299,0.11111111111111108,8.101488888888886
4968,759,235004,241013,1526,1137,0.11111111111111108,8.101488888888886
4969,760,235005,211021,1275,291,0.11111111111111108,246.90907777777772
4970,760,235005,211021,1275,1521,0.11111111111111108,246.90907777777772
4971,760,235005,211021,1275,1310,0.11111111111111108,246.90907777777772
4972,760,235005,211021,1639,291,0.11111111111111108,246.90907777777772
4973,760,235005,211021,1639,1521,0.11111111111111108,246.90907777777772
4974,760,235005,211021,1639,1310,0.11111111111111108,246.90907777777772
4975,760,235005,211021,1003,291,0.11111111111111108,246.90907777777772
4976,760,235005,211021,1003,1521,0.11111111111111108,246.90907777777772
4977,760,235005,211021,1003,1310,0.11111111111111108,246.90907777777772
4978,761,235005,263011,1275,1375,0.3333333333333333,101.33773333333332
4979,761,235005,263011,1639,1375,0.3333333333333333,101.33773333333332
4980,761,235005,263011,1003,1375,0.3333333333333333,101.33773333333332
4981,762,235005,263014,1275,1319,0.11111111111111108,28.362066666666657
4982,762,235005,263014,1275,1067,0.11111111111111108,28.362066666666657
4983,762,235005,263014,1275,1273,0.11111111111111108,28.362066666666657
4984,762,235005,263014,1639,1319,0.11111111111111108,28.362066666666657
4985,762,235005,263014,1639,1067,0.11111111111111108,28.362066666666657
4986,762,235005,263014,1639,1273,0.11111111111111108,28.362066666666657
4987,762,235005,263014,1003,1319,0.11111111111111108,28.362066666666657
4988,762,235005,263014,1003,1067,0.11111111111111108,28.362066666666657
4989,762,235005,263014,1003,1273,0.11111111111111108,28.362066666666657
4990,763,235006,221008,601,1049,0.3333333333333333,131.85969999999998
4991,763,235006,221008,601,1642,0.3333333333333333,131.85969999999998
4992,763,235006,221008,601,1050,0.3333333333333333,131.85969999999998
4993,764,235006,245010,601,506,0.3333333333333333,567.0722999999999
4994,764,235006,245010,601,283,0.3333333333333333,567.0722999999999
4995,764,235006,245010,601,470,0.3333333333333333,567.0722999999999
4996,765,235006,246010,601,466,0.3333333333333333,50.97966666666666
4997,765,235006,246010,601,1514,0.3333333333333333,50.97966666666666
4998,765,235006,246010,601,1508,0.3333333333333333,50.97966666666666
4999,766,235006,271044,601,1315,0.3333333333333333,78.22856666666667
5000,766,235006,271044,601,1558,0.3333333333333333,78.22856666666667
5001,766,235006,271044,601,1199,0.3333333333333333,78.22856666666667
5002,767,235007,213004,996,286,0.11111111111111108,98.0593333333333
5003,767,235007,213004,996,302,0.11111111111111108,98.0593333333333
5004,767,235007,213004,996,1680,0.11111111111111108,98.0593333333333
5005,767,235007,213004,448,286,0.11111111111111108,98.0593333333333
5006,767,235007,213004,448,302,0.11111111111111108,98.0593333333333
5007,767,235007,213004,448,1680,0.11111111111111108,98.0593333333333
5008,767,235007,213004,409,286,0.11111111111111108,98.0593333333333
5009,767,235007,213004,409,302,0.11111111111111108,98.0593333333333
5010,767,235007,213004,409,1680,0.11111111111111108,98.0593333333333
5011,768,235007,241018,996,884,0.16666666666666669,28.281933333333335
5012,768,235007,241018,996,1138,0.16666666666666669,28.281933333333335
5013,768,235007,241018,448,884,0.16666666666666669,28.281933333333335
5014,768,235007,241018,448,1138,0.16666666666666669,28.281933333333335
5015,768,235007,241018,409,884,0.16666666666666669,28.281933333333335
5016,768,235007,241018,409,1138,0.16666666666666669,28.281933333333335
5017,769,235007,255014,996,1240,0.11111111111111108,8.609711111111109
5018,769,235007,255014,996,19,0.11111111111111108,8.609711111111109
5019,769,235007,255014,996,1635,0.11111111111111108,8.609711111111109
5020,769,235007,255014,448,1240,0.11111111111111108,8.609711111111109
5021,769,235007,255014,448,19,0.11111111111111108,8.609711111111109
5022,769,235007,255014,448,1635,0.11111111111111108,8.609711111111109
5023,769,235007,255014,409,1240,0.11111111111111108,8.609711111111109
5024,769,235007,255014,409,19,0.11111111111111108,8.609711111111109
5025,769,235007,255014,409,1635,0.11111111111111108,8.609711111111109
5026,770,235012,114021,996,74,0.11111111111111108,129.3443222222222
5027,770,235012,114021,996,1094,0.11111111111111108,129.3443222222222
5028,770,235012,114021,996,170,0.11111111111111108,129.3443222222222
5029,770,235012,114021,601,74,0.11111111111111108,129.3443222222222
5030,770,235012,114021,601,1094,0.11111111111111108,129.3443222222222
5031,770,235012,114021,601,170,0.11111111111111108,129.3443222222222
5032,770,235012,114021,993,74,0.11111111111111108,129.3443222222222
5033,770,235012,114021,993,1094,0.11111111111111108,129.3443222222222
5034,770,235012,114021,993,170,0.11111111111111108,129.3443222222222
5035,771,235012,225021,996,944,0.3333333333333333,77.78556666666665
5036,771,235012,225021,601,944,0.3333333333333333,77.78556666666665
5037,771,235012,225021,993,944,0.3333333333333333,77.78556666666665
5038,772,235012,227023,996,994,0.3333333333333333,123.01806666666666
5039,772,235012,227023,601,994,0.3333333333333333,123.01806666666666
5040,772,235012,227023,993,994,0.3333333333333333,123.01806666666666
5041,773,235012,251002,996,1592,0.11111111111111108,67.5390222222222
5042,773,235012,251002,996,1420,0.11111111111111108,67.5390222222222
5043,773,235012,251002,996,1423,0.11111111111111108,67.5390222222222
5044,773,235012,251002,601,1592,0.11111111111111108,67.5390222222222
5045,773,235012,251002,601,1420,0.11111111111111108,67.5390222222222
5046,773,235012,251002,601,1423,0.11111111111111108,67.5390222222222
5047,773,235012,251002,993,1592,0.11111111111111108,67.5390222222222
5048,773,235012,251002,993,1420,0.11111111111111108,67.5390222222222
5049,773,235012,251002,993,1423,0.11111111111111108,67.5390222222222
5050,774,235012,267004,996,789,0.16666666666666669,42.5431
5051,774,235012,267004,996,403,0.16666666666666669,42.5431
5052,774,235012,267004,601,789,0.16666666666666669,42.5431
5053,774,235012,267004,601,403,0.16666666666666669,42.5431
5054,774,235012,267004,993,789,0.16666666666666669,42.5431
5055,774,235012,267004,993,403,0.16666666666666669,42.5431
5056,775,236008,221063,768,1040,0.11111111111111108,9.758322222222219
5057,775,236008,221063,768,1035,0.11111111111111108,9.758322222222219
5058,775,236008,221063,768,734,0.11111111111111108,9.758322222222219
5059,775,236008,221063,899,1040,0.11111111111111108,9.758322222222219
5060,775,236008,221063,899,1035,0.11111111111111108,9.758322222222219
5061,775,236008,221063,899,734,0.11111111111111108,9.758322222222219
5062,775,236008,221063,1238,1040,0.11111111111111108,9.758322222222219
5063,775,236008,221063,1238,1035,0.11111111111111108,9.758322222222219
5064,775,236008,221063,1238,734,0.11111111111111108,9.758322222222219
5065,776,236008,227002,768,454,0.3333333333333333,35.65336666666666
5066,776,236008,227002,899,454,0.3333333333333333,35.65336666666666
5067,776,236008,227002,1238,454,0.3333333333333333,35.65336666666666
5068,777,236008,227012,768,95,0.3333333333333333,24.4001
5069,777,236008,227012,899,95,0.3333333333333333,24.4001
5070,777,236008,227012,1238,95,0.3333333333333333,24.4001
5071,778,236008,229044,768,91,0.11111111111111108,11.884455555555553
5072,778,236008,229044,768,92,0.11111111111111108,11.884455555555553
5073,778,236008,229044,768,693,0.11111111111111108,11.884455555555553
5074,778,236008,229044,899,91,0.11111111111111108,11.884455555555553
5075,778,236008,229044,899,92,0.11111111111111108,11.884455555555553
5076,778,236008,229044,899,693,0.11111111111111108,11.884455555555553
5077,778,236008,229044,1238,91,0.11111111111111108,11.884455555555553
5078,778,236008,229044,1238,92,0.11111111111111108,11.884455555555553
5079,778,236008,229044,1238,693,0.11111111111111108,11.884455555555553
5080,779,236008,264001,768,1635,0.11111111111111108,9.580388888888887
5081,779,236008,264001,768,1240,0.11111111111111108,9.580388888888887
5082,779,236008,264001,768,68,0.11111111111111108,9.580388888888887
5083,779,236008,264001,899,1635,0.11111111111111108,9.580388888888887
5084,779,236008,264001,899,1240,0.11111111111111108,9.580388888888887
5085,779,236008,264001,899,68,0.11111111111111108,9.580388888888887
5086,779,236008,264001,1238,1635,0.11111111111111108,9.580388888888887
5087,779,236008,264001,1238,1240,0.11111111111111108,9.580388888888887
5088,779,236008,264001,1238,68,0.11111111111111108,9.580388888888887
5089,780,236008,264010,768,1635,0.11111111111111108,11.884455555555553
5090,780,236008,264010,768,1240,0.11111111111111108,11.884455555555553
5091,780,236008,264010,768,1340,0.11111111111111108,11.884455555555553
5092,780,236008,264010,899,1635,0.11111111111111108,11.884455555555553
5093,780,236008,264010,899,1240,0.11111111111111108,11.884455555555553
5094,780,236008,264010,899,1340,0.11111111111111108,11.884455555555553
5095,780,236008,264010,1238,1635,0.11111111111111108,11.884455555555553
5096,780,236008,264010,1238,1240,0.11111111111111108,11.884455555555553
5097,780,236008,264010,1238,1340,0.11111111111111108,11.884455555555553
5098,781,236008,284025,768,337,0.11111111111111108,9.654044444444441
5099,781,236008,284025,768,1249,0.11111111111111108,9.654044444444441
5100,781,236008,284025,768,1547,0.11111111111111108,9.654044444444441
5101,781,236008,284025,899,337,0.11111111111111108,9.654044444444441
5102,781,236008,284025,899,1249,0.11111111111111108,9.654044444444441
5103,781,236008,284025,899,1547,0.11111111111111108,9.654044444444441
5104,781,236008,284025,1238,337,0.11111111111111108,9.654044444444441
5105,781,236008,284025,1238,1249,0.11111111111111108,9.654044444444441
5106,781,236008,284025,1238,1547,0.11111111111111108,9.654044444444441
5107,782,236009,153037,991,1463,0.3333333333333333,12.513966666666665
5108,782,236009,153037,991,395,0.3333333333333333,12.513966666666665
5109,782,236009,153037,991,1462,0.3333333333333333,12.513966666666665
5110,783,236009,211027,991,1494,0.3333333333333333,35.294
5111,783,236009,211027,991,1097,0.3333333333333333,35.294
5112,783,236009,211027,991,314,0.3333333333333333,35.294
5113,784,236009,212010,991,844,0.3333333333333333,38.10386666666666
5114,784,236009,212010,991,434,0.3333333333333333,38.10386666666666
5115,784,236009,212010,991,1121,0.3333333333333333,38.10386666666666
5116,785,236009,214005,991,830,1.0,79.9036
5117,786,236009,222018,991,1545,0.5,38.104
5118,786,236009,222018,991,676,0.5,38.104
5119,787,236009,237001,991,1289,0.3333333333333333,206.43726666666663
5120,787,236009,237001,991,1518,0.3333333333333333,206.43726666666663
5121,787,236009,237001,991,1588,0.3333333333333333,206.43726666666663
5122,788,236009,244008,991,1684,0.3333333333333333,239.0642333333333
5123,788,236009,244008,991,1507,0.3333333333333333,239.0642333333333
5124,788,236009,244008,991,1290,0.3333333333333333,239.0642333333333
5125,789,236009,282009,991,1501,0.3333333333333333,24.216966666666664
5126,789,236009,282009,991,328,0.3333333333333333,24.216966666666664
5127,789,236009,282009,991,1190,0.3333333333333333,24.216966666666664
5128,790,236010,113012,460,74,0.11111111111111108,12.652722222222218
5129,790,236010,113012,460,1608,0.11111111111111108,12.652722222222218
5130,790,236010,113012,460,170,0.11111111111111108,12.652722222222218
5131,790,236010,113012,991,74,0.11111111111111108,12.652722222222218
5132,790,236010,113012,991,1608,0.11111111111111108,12.652722222222218
5133,790,236010,113012,991,170,0.11111111111111108,12.652722222222218
5134,790,236010,113012,362,74,0.11111111111111108,12.652722222222218
5135,790,236010,113012,362,1608,0.11111111111111108,12.652722222222218
5136,790,236010,113012,362,170,0.11111111111111108,12.652722222222218
5137,791,236010,242045,460,1128,0.11111111111111108,57.69825555555554
5138,791,236010,242045,460,1132,0.11111111111111108,57.69825555555554
5139,791,236010,242045,460,1131,0.11111111111111108,57.69825555555554
5140,791,236010,242045,991,1128,0.11111111111111108,57.69825555555554
5141,791,236010,242045,991,1132,0.11111111111111108,57.69825555555554
5142,791,236010,242045,991,1131,0.11111111111111108,57.69825555555554
5143,791,236010,242045,362,1128,0.11111111111111108,57.69825555555554
5144,791,236010,242045,362,1132,0.11111111111111108,57.69825555555554
5145,791,236010,242045,362,1131,0.11111111111111108,57.69825555555554
5146,792,236010,245010,460,506,0.11111111111111108,16.047377777777772
5147,792,236010,245010,460,283,0.11111111111111108,16.047377777777772
5148,792,236010,245010,460,470,0.11111111111111108,16.047377777777772
5149,792,236010,245010,991,506,0.11111111111111108,16.047377777777772
5150,792,236010,245010,991,283,0.11111111111111108,16.047377777777772
5151,792,236010,245010,991,470,0.11111111111111108,16.047377777777772
5152,792,236010,245010,362,506,0.11111111111111108,16.047377777777772
5153,792,236010,245010,362,283,0.11111111111111108,16.047377777777772
5154,792,236010,245010,362,470,0.11111111111111108,16.047377777777772
5155,793,236010,245014,460,229,0.11111111111111108,238.61302222222213
5156,793,236010,245014,460,499,0.11111111111111108,238.61302222222213
5157,793,236010,245014,460,230,0.11111111111111108,238.61302222222213
5158,793,236010,245014,991,229,0.11111111111111108,238.61302222222213
5159,793,236010,245014,991,499,0.11111111111111108,238.61302222222213
5160,793,236010,245014,991,230,0.11111111111111108,238.61302222222213
5161,793,236010,245014,362,229,0.11111111111111108,238.61302222222213
5162,793,236010,245014,362,499,0.11111111111111108,238.61302222222213
5163,793,236010,245014,362,230,0.11111111111111108,238.61302222222213
5164,794,236010,264034,460,69,0.11111111111111108,9.027522222222219
5165,794,236010,264034,460,318,0.11111111111111108,9.027522222222219
5166,794,236010,264034,460,67,0.11111111111111108,9.027522222222219
5167,794,236010,264034,991,69,0.11111111111111108,9.027522222222219
5168,794,236010,264034,991,318,0.11111111111111108,9.027522222222219
5169,794,236010,264034,991,67,0.11111111111111108,9.027522222222219
5170,794,236010,264034,362,69,0.11111111111111108,9.027522222222219
5171,794,236010,264034,362,318,0.11111111111111108,9.027522222222219
5172,794,236010,264034,362,67,0.11111111111111108,9.027522222222219
5173,795,236010,283017,460,101,0.16666666666666669,67.63140000000001
5174,795,236010,283017,460,905,0.16666666666666669,67.63140000000001
5175,795,236010,283017,991,101,0.16666666666666669,67.63140000000001
5176,795,236010,283017,991,905,0.16666666666666669,67.63140000000001
5177,795,236010,283017,362,101,0.16666666666666669,67.63140000000001
5178,795,236010,283017,362,905,0.16666666666666669,67.63140000000001
5179,796,236010,285008,460,1188,0.11111111111111108,61.098733333333314
5180,796,236010,285008,460,349,0.11111111111111108,61.098733333333314
5181,796,236010,285008,460,348,0.11111111111111108,61.098733333333314
5182,796,236010,285008,991,1188,0.11111111111111108,61.098733333333314
5183,796,236010,285008,991,349,0.11111111111111108,61.098733333333314
5184,796,236010,285008,991,348,0.11111111111111108,61.098733333333314
5185,796,236010,285008,362,1188,0.11111111111111108,61.098733333333314
5186,796,236010,285008,362,349,0.11111111111111108,61.098733333333314
5187,796,236010,285008,362,348,0.11111111111111108,61.098733333333314
5188,797,236011,151026,358,394,0.16666666666666669,53.49275000000001
5189,797,236011,151026,358,226,0.16666666666666669,53.49275000000001
5190,797,236011,151026,358,239,0.16666666666666669,53.49275000000001
5191,797,236011,151026,1333,394,0.16666666666666669,53.49275000000001
5192,797,236011,151026,1333,226,0.16666666666666669,53.49275000000001
5193,797,236011,151026,1333,239,0.16666666666666669,53.49275000000001
5194,798,236011,153010,358,1463,0.16666666666666669,72.92876666666668
5195,798,236011,153010,358,1462,0.16666666666666669,72.92876666666668
5196,798,236011,153010,358,226,0.16666666666666669,72.92876666666668
5197,798,236011,153010,1333,1463,0.16666666666666669,72.92876666666668
5198,798,236011,153010,1333,1462,0.16666666666666669,72.92876666666668
5199,798,236011,153010,1333,226,0.16666666666666669,72.92876666666668
5200,799,236011,153046,358,394,0.16666666666666669,23.696100000000005
5201,799,236011,153046,358,1463,0.16666666666666669,23.696100000000005
5202,799,236011,153046,358,1462,0.16666666666666669,23.696100000000005
5203,799,236011,153046,1333,394,0.16666666666666669,23.696100000000005
5204,799,236011,153046,1333,1463,0.16666666666666669,23.696100000000005
5205,799,236011,153046,1333,1462,0.16666666666666669,23.696100000000005
5206,800,236011,271019,358,1699,0.16666666666666669,53.49275000000001
5207,800,236011,271019,358,1213,0.16666666666666669,53.49275000000001
5208,800,236011,271019,358,971,0.16666666666666669,53.49275000000001
5209,800,236011,271019,1333,1699,0.16666666666666669,53.49275000000001
5210,800,236011,271019,1333,1213,0.16666666666666669,53.49275000000001
5211,800,236011,271019,1333,971,0.16666666666666669,53.49275000000001
5212,801,236011,285008,358,1188,0.16666666666666669,27.372783333333338
5213,801,236011,285008,358,349,0.16666666666666669,27.372783333333338
5214,801,236011,285008,358,348,0.16666666666666669,27.372783333333338
5215,801,236011,285008,1333,1188,0.16666666666666669,27.372783333333338
5216,801,236011,285008,1333,349,0.16666666666666669,27.372783333333338
5217,801,236011,285008,1333,348,0.16666666666666669,27.372783333333338
5218,802,236015,114027,358,74,0.3333333333333333,365.20883333333336
5219,802,236015,114027,358,1528,0.3333333333333333,365.20883333333336
5220,802,236015,114027,358,170,0.3333333333333333,365.20883333333336
5221,803,236015,153022,358,1114,0.3333333333333333,22.4696
5222,803,236015,153022,358,395,0.3333333333333333,22.4696
5223,803,236015,153022,358,1463,0.3333333333333333,22.4696
5224,804,236020,113008,364,74,0.11111111111111108,7.813388888888886
5225,804,236020,113008,364,291,0.11111111111111108,7.813388888888886
5226,804,236020,113008,364,170,0.11111111111111108,7.813388888888886
5227,804,236020,113008,363,74,0.11111111111111108,7.813388888888886
5228,804,236020,113008,363,291,0.11111111111111108,7.813388888888886
5229,804,236020,113008,363,170,0.11111111111111108,7.813388888888886
5230,804,236020,113008,369,74,0.11111111111111108,7.813388888888886
5231,804,236020,113008,369,291,0.11111111111111108,7.813388888888886
5232,804,236020,113008,369,170,0.11111111111111108,7.813388888888886
5233,805,236020,113013,364,74,0.11111111111111108,3.2764222222222212
5234,805,236020,113013,364,1371,0.11111111111111108,3.2764222222222212
5235,805,236020,113013,364,170,0.11111111111111108,3.2764222222222212
5236,805,236020,113013,363,74,0.11111111111111108,3.2764222222222212
5237,805,236020,113013,363,1371,0.11111111111111108,3.2764222222222212
5238,805,236020,113013,363,170,0.11111111111111108,3.2764222222222212
5239,805,236020,113013,369,74,0.11111111111111108,3.2764222222222212
5240,805,236020,113013,369,1371,0.11111111111111108,3.2764222222222212
5241,805,236020,113013,369,170,0.11111111111111108,3.2764222222222212
5242,806,236022,221089,1278,689,0.5,12.11
5243,806,236022,221089,498,689,0.5,12.11
5244,807,236023,222009,993,1478,0.16666666666666669,9.355950000000002
5245,807,236023,222009,993,662,0.16666666666666669,9.355950000000002
5246,807,236023,222009,991,1478,0.16666666666666669,9.355950000000002
5247,807,236023,222009,991,662,0.16666666666666669,9.355950000000002
5248,807,236023,222009,995,1478,0.16666666666666669,9.355950000000002
5249,807,236023,222009,995,662,0.16666666666666669,9.355950000000002
5250,808,236023,222013,993,112,0.11111111111111108,0.19828888888888882
5251,808,236023,222013,993,751,0.11111111111111108,0.19828888888888882
5252,808,236023,222013,993,605,0.11111111111111108,0.19828888888888882
5253,808,236023,222013,991,112,0.11111111111111108,0.19828888888888882
5254,808,236023,222013,991,751,0.11111111111111108,0.19828888888888882
5255,808,236023,222013,991,605,0.11111111111111108,0.19828888888888882
5256,808,236023,222013,995,112,0.11111111111111108,0.19828888888888882
5257,808,236023,222013,995,751,0.11111111111111108,0.19828888888888882
5258,808,236023,222013,995,605,0.11111111111111108,0.19828888888888882
5259,809,236023,222027,993,96,0.11111111111111108,10.665712768648794
5260,809,236023,222027,993,698,0.11111111111111108,10.665712768648794
5261,809,236023,222027,993,692,0.11111111111111108,10.665712768648794
5262,809,236023,222027,991,96,0.11111111111111108,10.665712768648794
5263,809,236023,222027,991,698,0.11111111111111108,10.665712768648794
5264,809,236023,222027,991,692,0.11111111111111108,10.665712768648794
5265,809,236023,222027,995,96,0.11111111111111108,10.665712768648794
5266,809,236023,222027,995,698,0.11111111111111108,10.665712768648794
5267,809,236023,222027,995,692,0.11111111111111108,10.665712768648794
5268,810,236024,211030,997,1400,0.11111111111111108,30.755566666666656
5269,810,236024,211030,997,929,0.11111111111111108,30.755566666666656
5270,810,236024,211030,997,819,0.11111111111111108,30.755566666666656
5271,810,236024,211030,417,1400,0.11111111111111108,30.755566666666656
5272,810,236024,211030,417,929,0.11111111111111108,30.755566666666656
5273,810,236024,211030,417,819,0.11111111111111108,30.755566666666656
5274,810,236024,211030,32,1400,0.11111111111111108,30.755566666666656
5275,810,236024,211030,32,929,0.11111111111111108,30.755566666666656
5276,810,236024,211030,32,819,0.11111111111111108,30.755566666666656
5277,811,236024,212017,997,547,0.3333333333333333,37.95816666666666
5278,811,236024,212017,417,547,0.3333333333333333,37.95816666666666
5279,811,236024,212017,32,547,0.3333333333333333,37.95816666666666
5280,812,236024,221020,997,398,0.11111111111111108,25.38386666666666
5281,812,236024,221020,997,595,0.11111111111111108,25.38386666666666
5282,812,236024,221020,997,765,0.11111111111111108,25.38386666666666
5283,812,236024,221020,417,398,0.11111111111111108,25.38386666666666
5284,812,236024,221020,417,595,0.11111111111111108,25.38386666666666
5285,812,236024,221020,417,765,0.11111111111111108,25.38386666666666
5286,812,236024,221020,32,398,0.11111111111111108,25.38386666666666
5287,812,236024,221020,32,595,0.11111111111111108,25.38386666666666
5288,812,236024,221020,32,765,0.11111111111111108,25.38386666666666
5289,813,236024,222020,997,156,0.3333333333333333,481.6418
5290,813,236024,222020,417,156,0.3333333333333333,481.6418
5291,813,236024,222020,32,156,0.3333333333333333,481.6418
5292,814,236024,222025,997,698,0.3333333333333333,98.73296666666666
5293,814,236024,222025,417,698,0.3333333333333333,98.73296666666666
5294,814,236024,222025,32,698,0.3333333333333333,98.73296666666666
5295,815,236024,227016,997,1486,0.11111111111111108,7.514223156747482
5296,815,236024,227016,997,27,0.11111111111111108,7.514223156747482
5297,815,236024,227016,997,37,0.11111111111111108,7.514223156747482
5298,815,236024,227016,417,1486,0.11111111111111108,7.514223156747482
5299,815,236024,227016,417,27,0.11111111111111108,7.514223156747482
5300,815,236024,227016,417,37,0.11111111111111108,7.514223156747482
5301,815,236024,227016,32,1486,0.11111111111111108,7.514223156747482
5302,815,236024,227016,32,27,0.11111111111111108,7.514223156747482
5303,815,236024,227016,32,37,0.11111111111111108,7.514223156747482
5304,816,236024,242037,997,426,0.16666666666666669,14.70571666666667
5305,816,236024,242037,997,473,0.16666666666666669,14.70571666666667
5306,816,236024,242037,417,426,0.16666666666666669,14.70571666666667
5307,816,236024,242037,417,473,0.16666666666666669,14.70571666666667
5308,816,236024,242037,32,426,0.16666666666666669,14.70571666666667
5309,816,236024,242037,32,473,0.16666666666666669,14.70571666666667
5310,817,236024,245012,997,1223,0.11111111111111108,3.377933333333332
5311,817,236024,245012,997,285,0.11111111111111108,3.377933333333332
5312,817,236024,245012,997,501,0.11111111111111108,3.377933333333332
5313,817,236024,245012,417,1223,0.11111111111111108,3.377933333333332
5314,817,236024,245012,417,285,0.11111111111111108,3.377933333333332
5315,817,236024,245012,417,501,0.11111111111111108,3.377933333333332
5316,817,236024,245012,32,1223,0.11111111111111108,3.377933333333332
5317,817,236024,245012,32,285,0.11111111111111108,3.377933333333332
5318,817,236024,245012,32,501,0.11111111111111108,3.377933333333332
5319,818,236024,246010,997,466,0.11111111111111108,32.78762222222221
5320,818,236024,246010,997,1514,0.11111111111111108,32.78762222222221
5321,818,236024,246010,997,1508,0.11111111111111108,32.78762222222221
5322,818,236024,246010,417,466,0.11111111111111108,32.78762222222221
5323,818,236024,246010,417,1514,0.11111111111111108,32.78762222222221
5324,818,236024,246010,417,1508,0.11111111111111108,32.78762222222221
5325,818,236024,246010,32,466,0.11111111111111108,32.78762222222221
5326,818,236024,246010,32,1514,0.11111111111111108,32.78762222222221
5327,818,236024,246010,32,1508,0.11111111111111108,32.78762222222221
5328,819,236024,253005,997,1715,0.3333333333333333,21.523600000000002
5329,819,236024,253005,417,1715,0.3333333333333333,21.523600000000002
5330,819,236024,253005,32,1715,0.3333333333333333,21.523600000000002
5331,820,236024,254011,997,909,0.11111111111111108,26.905833333333327
5332,820,236024,254011,997,191,0.11111111111111108,26.905833333333327
5333,820,236024,254011,997,192,0.11111111111111108,26.905833333333327
5334,820,236024,254011,417,909,0.11111111111111108,26.905833333333327
5335,820,236024,254011,417,191,0.11111111111111108,26.905833333333327
5336,820,236024,254011,417,192,0.11111111111111108,26.905833333333327
5337,820,236024,254011,32,909,0.11111111111111108,26.905833333333327
5338,820,236024,254011,32,191,0.11111111111111108,26.905833333333327
5339,820,236024,254011,32,192,0.11111111111111108,26.905833333333327
5340,821,236024,254014,997,1274,0.16666666666666669,12.163833333333335
5341,821,236024,254014,997,1048,0.16666666666666669,12.163833333333335
5342,821,236024,254014,417,1274,0.16666666666666669,12.163833333333335
5343,821,236024,254014,417,1048,0.16666666666666669,12.163833333333335
5344,821,236024,254014,32,1274,0.16666666666666669,12.163833333333335
5345,821,236024,254014,32,1048,0.16666666666666669,12.163833333333335
5346,822,236024,264020,997,318,0.11111111111111108,13.422011111111107
5347,822,236024,264020,997,1635,0.11111111111111108,13.422011111111107
5348,822,236024,264020,997,19,0.11111111111111108,13.422011111111107
5349,822,236024,264020,417,318,0.11111111111111108,13.422011111111107
5350,822,236024,264020,417,1635,0.11111111111111108,13.422011111111107
5351,822,236024,264020,417,19,0.11111111111111108,13.422011111111107
5352,822,236024,264020,32,318,0.11111111111111108,13.422011111111107
5353,822,236024,264020,32,1635,0.11111111111111108,13.422011111111107
5354,822,236024,264020,32,19,0.11111111111111108,13.422011111111107
5355,823,236024,265021,997,866,0.11111111111111108,8.180877777777775
5356,823,236024,265021,997,1347,0.11111111111111108,8.180877777777775
5357,823,236024,265021,997,554,0.11111111111111108,8.180877777777775
5358,823,236024,265021,417,866,0.11111111111111108,8.180877777777775
5359,823,236024,265021,417,1347,0.11111111111111108,8.180877777777775
5360,823,236024,265021,417,554,0.11111111111111108,8.180877777777775
5361,823,236024,265021,32,866,0.11111111111111108,8.180877777777775
5362,823,236024,265021,32,1347,0.11111111111111108,8.180877777777775
5363,823,236024,265021,32,554,0.11111111111111108,8.180877777777775
5364,824,236024,268032,997,249,0.16666666666666669,510.19285
5365,824,236024,268032,997,1206,0.16666666666666669,510.19285
5366,824,236024,268032,417,249,0.16666666666666669,510.19285
5367,824,236024,268032,417,1206,0.16666666666666669,510.19285
5368,824,236024,268032,32,249,0.16666666666666669,510.19285
5369,824,236024,268032,32,1206,0.16666666666666669,510.19285
5370,825,236024,283018,997,923,0.11111111111111108,15.054466666666661
5371,825,236024,283018,997,1201,0.11111111111111108,15.054466666666661
5372,825,236024,283018,997,905,0.11111111111111108,15.054466666666661
5373,825,236024,283018,417,923,0.11111111111111108,15.054466666666661
5374,825,236024,283018,417,1201,0.11111111111111108,15.054466666666661
5375,825,236024,283018,417,905,0.11111111111111108,15.054466666666661
5376,825,236024,283018,32,923,0.11111111111111108,15.054466666666661
5377,825,236024,283018,32,1201,0.11111111111111108,15.054466666666661
5378,825,236024,283018,32,905,0.11111111111111108,15.054466666666661
5379,826,237001,121020,1289,74,0.11111111111111108,26.731422222222214
5380,826,237001,121020,1289,290,0.11111111111111108,26.731422222222214
5381,826,237001,121020,1289,1653,0.11111111111111108,26.731422222222214
5382,826,237001,121020,1518,74,0.11111111111111108,26.731422222222214
5383,826,237001,121020,1518,290,0.11111111111111108,26.731422222222214
5384,826,237001,121020,1518,1653,0.11111111111111108,26.731422222222214
5385,826,237001,121020,1588,74,0.11111111111111108,26.731422222222214
5386,826,237001,121020,1588,290,0.11111111111111108,26.731422222222214
5387,826,237001,121020,1588,1653,0.11111111111111108,26.731422222222214
5388,827,237001,213004,1289,286,0.11111111111111108,13.104377777777774
5389,827,237001,213004,1289,302,0.11111111111111108,13.104377777777774
5390,827,237001,213004,1289,1680,0.11111111111111108,13.104377777777774
5391,827,237001,213004,1518,286,0.11111111111111108,13.104377777777774
5392,827,237001,213004,1518,302,0.11111111111111108,13.104377777777774
5393,827,237001,213004,1518,1680,0.11111111111111108,13.104377777777774
5394,827,237001,213004,1588,286,0.11111111111111108,13.104377777777774
5395,827,237001,213004,1588,302,0.11111111111111108,13.104377777777774
5396,827,237001,213004,1588,1680,0.11111111111111108,13.104377777777774
5397,828,237001,221008,1289,1049,0.11111111111111108,31.04119999999999
5398,828,237001,221008,1289,1642,0.11111111111111108,31.04119999999999
5399,828,237001,221008,1289,1050,0.11111111111111108,31.04119999999999
5400,828,237001,221008,1518,1049,0.11111111111111108,31.04119999999999
5401,828,237001,221008,1518,1642,0.11111111111111108,31.04119999999999
5402,828,237001,221008,1518,1050,0.11111111111111108,31.04119999999999
5403,828,237001,221008,1588,1049,0.11111111111111108,31.04119999999999
5404,828,237001,221008,1588,1642,0.11111111111111108,31.04119999999999
5405,828,237001,221008,1588,1050,0.11111111111111108,31.04119999999999
5406,829,237001,222025,1289,698,0.3333333333333333,52.46993333333333
5407,829,237001,222025,1518,698,0.3333333333333333,52.46993333333333
5408,829,237001,222025,1588,698,0.3333333333333333,52.46993333333333
5409,830,237001,227007,1289,97,0.3333333333333333,30.610933333333335
5410,830,237001,227007,1518,97,0.3333333333333333,30.610933333333335
5411,830,237001,227007,1588,97,0.3333333333333333,30.610933333333335
5412,831,237001,229007,1289,602,0.3333333333333333,0.5948666666666667
5413,831,237001,229007,1518,602,0.3333333333333333,0.5948666666666667
5414,831,237001,229007,1588,602,0.3333333333333333,0.5948666666666667
5415,832,237001,234026,1289,465,0.3333333333333333,59.53801403504707
5416,832,237001,234026,1518,465,0.3333333333333333,59.53801403504707
5417,832,237001,234026,1588,465,0.3333333333333333,59.53801403504707
5418,833,237001,236008,1289,768,0.11111111111111108,27.417960949634384
5419,833,237001,236008,1289,899,0.11111111111111108,27.417960949634384
5420,833,237001,236008,1289,1238,0.11111111111111108,27.417960949634384
5421,833,237001,236008,1518,768,0.11111111111111108,27.417960949634384
5422,833,237001,236008,1518,899,0.11111111111111108,27.417960949634384
5423,833,237001,236008,1518,1238,0.11111111111111108,27.417960949634384
5424,833,237001,236008,1588,768,0.11111111111111108,27.417960949634384
5425,833,237001,236008,1588,899,0.11111111111111108,27.417960949634384
5426,833,237001,236008,1588,1238,0.11111111111111108,27.417960949634384
5427,834,237001,236009,1289,991,0.3333333333333333,116.99666666666667
5428,834,237001,236009,1518,991,0.3333333333333333,116.99666666666667
5429,834,237001,236009,1588,991,0.3333333333333333,116.99666666666667
5430,835,237001,237003,1289,902,0.16666666666666669,76.76380471053032
5431,835,237001,237003,1289,463,0.16666666666666669,76.76380471053032
5432,835,237001,237003,1518,902,0.16666666666666669,76.76380471053032
5433,835,237001,237003,1518,463,0.16666666666666669,76.76380471053032
5434,835,237001,237003,1588,902,0.16666666666666669,76.76380471053032
5435,835,237001,237003,1588,463,0.16666666666666669,76.76380471053032
5436,836,237001,241023,1289,1129,0.16666666666666669,3.972285370919905
5437,836,237001,241023,1289,483,0.16666666666666669,3.972285370919905
5438,836,237001,241023,1518,1129,0.16666666666666669,3.972285370919905
5439,836,237001,241023,1518,483,0.16666666666666669,3.972285370919905
5440,836,237001,241023,1588,1129,0.16666666666666669,3.972285370919905
5441,836,237001,241023,1588,483,0.16666666666666669,3.972285370919905
5442,837,237001,243008,1289,1205,0.16666666666666669,89.22321666666667
5443,837,237001,243008,1289,496,0.16666666666666669,89.22321666666667
5444,837,237001,243008,1518,1205,0.16666666666666669,89.22321666666667
5445,837,237001,243008,1518,496,0.16666666666666669,89.22321666666667
5446,837,237001,243008,1588,1205,0.16666666666666669,89.22321666666667
5447,837,237001,243008,1588,496,0.16666666666666669,89.22321666666667
5448,838,237001,246006,1289,1541,0.16666666666666669,5.625566666666667
5449,838,237001,246006,1289,1661,0.16666666666666669,5.625566666666667
5450,838,237001,246006,1518,1541,0.16666666666666669,5.625566666666667
5451,838,237001,246006,1518,1661,0.16666666666666669,5.625566666666667
5452,838,237001,246006,1588,1541,0.16666666666666669,5.625566666666667
5453,838,237001,246006,1588,1661,0.16666666666666669,5.625566666666667
5454,839,237001,251002,1289,1592,0.11111111111111108,49.963555555555544
5455,839,237001,251002,1289,1420,0.11111111111111108,49.963555555555544
5456,839,237001,251002,1289,1423,0.11111111111111108,49.963555555555544
5457,839,237001,251002,1518,1592,0.11111111111111108,49.963555555555544
5458,839,237001,251002,1518,1420,0.11111111111111108,49.963555555555544
5459,839,237001,251002,1518,1423,0.11111111111111108,49.963555555555544
5460,839,237001,251002,1588,1592,0.11111111111111108,49.963555555555544
5461,839,237001,251002,1588,1420,0.11111111111111108,49.963555555555544
5462,839,237001,251002,1588,1423,0.11111111111111108,49.963555555555544
5463,840,237001,254006,1289,717,0.11111111111111108,42.5724111111111
5464,840,237001,254006,1289,60,0.11111111111111108,42.5724111111111
5465,840,237001,254006,1289,1323,0.11111111111111108,42.5724111111111
5466,840,237001,254006,1518,717,0.11111111111111108,42.5724111111111
5467,840,237001,254006,1518,60,0.11111111111111108,42.5724111111111
5468,840,237001,254006,1518,1323,0.11111111111111108,42.5724111111111
5469,840,237001,254006,1588,717,0.11111111111111108,42.5724111111111
5470,840,237001,254006,1588,60,0.11111111111111108,42.5724111111111
5471,840,237001,254006,1588,1323,0.11111111111111108,42.5724111111111
5472,841,237001,266041,1289,562,0.11111111111111108,17.48997777777777
5473,841,237001,266041,1289,1066,0.11111111111111108,17.48997777777777
5474,841,237001,266041,1289,1059,0.11111111111111108,17.48997777777777
5475,841,237001,266041,1518,562,0.11111111111111108,17.48997777777777
5476,841,237001,266041,1518,1066,0.11111111111111108,17.48997777777777
5477,841,237001,266041,1518,1059,0.11111111111111108,17.48997777777777
5478,841,237001,266041,1588,562,0.11111111111111108,17.48997777777777
5479,841,237001,266041,1588,1066,0.11111111111111108,17.48997777777777
5480,841,237001,266041,1588,1059,0.11111111111111108,17.48997777777777
5481,842,237002,213004,465,286,0.11111111111111108,15.077966666666661
5482,842,237002,213004,465,302,0.11111111111111108,15.077966666666661
5483,842,237002,213004,465,1680,0.11111111111111108,15.077966666666661
5484,842,237002,213004,1137,286,0.11111111111111108,15.077966666666661
5485,842,237002,213004,1137,302,0.11111111111111108,15.077966666666661
5486,842,237002,213004,1137,1680,0.11111111111111108,15.077966666666661
5487,842,237002,213004,979,286,0.11111111111111108,15.077966666666661
5488,842,237002,213004,979,302,0.11111111111111108,15.077966666666661
5489,842,237002,213004,979,1680,0.11111111111111108,15.077966666666661
5490,843,237003,211017,902,1286,0.16666666666666669,12.077066666666669
5491,843,237003,211017,902,926,0.16666666666666669,12.077066666666669
5492,843,237003,211017,902,837,0.16666666666666669,12.077066666666669
5493,843,237003,211017,463,1286,0.16666666666666669,12.077066666666669
5494,843,237003,211017,463,926,0.16666666666666669,12.077066666666669
5495,843,237003,211017,463,837,0.16666666666666669,12.077066666666669
5496,844,237003,220026,902,26,0.16666666666666669,100.32865000000001
5497,844,237003,220026,902,599,0.16666666666666669,100.32865000000001
5498,844,237003,220026,902,606,0.16666666666666669,100.32865000000001
5499,844,237003,220026,463,26,0.16666666666666669,100.32865000000001
5500,844,237003,220026,463,599,0.16666666666666669,100.32865000000001
5501,844,237003,220026,463,606,0.16666666666666669,100.32865000000001
5502,845,237003,221071,902,1731,0.25,81.57795
5503,845,237003,221071,902,1732,0.25,81.57795
5504,845,237003,221071,463,1731,0.25,81.57795
5505,845,237003,221071,463,1732,0.25,81.57795
5506,846,237003,222019,902,152,0.5,90.158
5507,846,237003,222019,463,152,0.5,90.158
5508,847,237003,222024,902,698,0.16666666666666669,54.959783333333334
5509,847,237003,222024,902,695,0.16666666666666669,54.959783333333334
5510,847,237003,222024,902,454,0.16666666666666669,54.959783333333334
5511,847,237003,222024,463,698,0.16666666666666669,54.959783333333334
5512,847,237003,222024,463,695,0.16666666666666669,54.959783333333334
5513,847,237003,222024,463,454,0.16666666666666669,54.959783333333334
5514,848,237003,222025,902,698,0.5,95.1173
5515,848,237003,222025,463,698,0.5,95.1173
5516,849,237003,226007,902,966,0.16666666666666669,14.534600000000001
5517,849,237003,226007,902,1005,0.16666666666666669,14.534600000000001
5518,849,237003,226007,902,1485,0.16666666666666669,14.534600000000001
5519,849,237003,226007,463,966,0.16666666666666669,14.534600000000001
5520,849,237003,226007,463,1005,0.16666666666666669,14.534600000000001
5521,849,237003,226007,463,1485,0.16666666666666669,14.534600000000001
5522,850,237003,227011,902,974,0.16666666666666669,29.422166666666666
5523,850,237003,227011,902,1639,0.16666666666666669,29.422166666666666
5524,850,237003,227011,902,564,0.16666666666666669,29.422166666666666
5525,850,237003,227011,463,974,0.16666666666666669,29.422166666666666
5526,850,237003,227011,463,1639,0.16666666666666669,29.422166666666666
5527,850,237003,227011,463,564,0.16666666666666669,29.422166666666666
5528,851,237003,237003,902,463,0.5,1234.475664634912
5529,851,237003,237003,463,902,0.5,1234.475664634912
5530,852,237003,241013,902,1130,0.16666666666666669,81.02240000000002
5531,852,237003,241013,902,1299,0.16666666666666669,81.02240000000002
5532,852,237003,241013,902,1137,0.16666666666666669,81.02240000000002
5533,852,237003,241013,463,1130,0.16666666666666669,81.02240000000002
5534,852,237003,241013,463,1299,0.16666666666666669,81.02240000000002
5535,852,237003,241013,463,1137,0.16666666666666669,81.02240000000002
5536,853,237003,241022,902,1129,0.16666666666666669,65.18903333333334
5537,853,237003,241022,902,1131,0.16666666666666669,65.18903333333334
5538,853,237003,241022,902,1128,0.16666666666666669,65.18903333333334
5539,853,237003,241022,463,1129,0.16666666666666669,65.18903333333334
5540,853,237003,241022,463,1131,0.16666666666666669,65.18903333333334
5541,853,237003,241022,463,1128,0.16666666666666669,65.18903333333334
5542,854,237003,243047,902,482,0.16666666666666669,15.404454867143242
5543,854,237003,243047,902,1499,0.16666666666666669,15.404454867143242
5544,854,237003,243047,902,298,0.16666666666666669,15.404454867143242
5545,854,237003,243047,463,482,0.16666666666666669,15.404454867143242
5546,854,237003,243047,463,1499,0.16666666666666669,15.404454867143242
5547,854,237003,243047,463,298,0.16666666666666669,15.404454867143242
5548,855,237003,245013,902,285,0.5,96.25465
5549,855,237003,245013,463,285,0.5,96.25465
5550,856,237003,245017,902,285,0.16666666666666669,29.995478885345083
5551,856,237003,245017,902,1463,0.16666666666666669,29.995478885345083
5552,856,237003,245017,902,541,0.16666666666666669,29.995478885345083
5553,856,237003,245017,463,285,0.16666666666666669,29.995478885345083
5554,856,237003,245017,463,1463,0.16666666666666669,29.995478885345083
5555,856,237003,245017,463,541,0.16666666666666669,29.995478885345083
5556,857,237003,246002,902,1174,0.16666666666666669,13.163833333333335
5557,857,237003,246002,902,887,0.16666666666666669,13.163833333333335
5558,857,237003,246002,902,1523,0.16666666666666669,13.163833333333335
5559,857,237003,246002,463,1174,0.16666666666666669,13.163833333333335
5560,857,237003,246002,463,887,0.16666666666666669,13.163833333333335
5561,857,237003,246002,463,1523,0.16666666666666669,13.163833333333335
5562,858,237003,261021,902,1635,0.16666666666666669,66.80291666666668
5563,858,237003,261021,902,318,0.16666666666666669,66.80291666666668
5564,858,237003,261021,902,320,0.16666666666666669,66.80291666666668
5565,858,237003,261021,463,1635,0.16666666666666669,66.80291666666668
5566,858,237003,261021,463,318,0.16666666666666669,66.80291666666668
5567,858,237003,261021,463,320,0.16666666666666669,66.80291666666668
5568,859,237003,264020,902,318,0.16666666666666669,29.77605
5569,859,237003,264020,902,1635,0.16666666666666669,29.77605
5570,859,237003,264020,902,19,0.16666666666666669,29.77605
5571,859,237003,264020,463,318,0.16666666666666669,29.77605
5572,859,237003,264020,463,1635,0.16666666666666669,29.77605
5573,859,237003,264020,463,19,0.16666666666666669,29.77605
5574,860,237003,264037,902,318,0.16666666666666669,55.14288333333334
5575,860,237003,264037,902,102,0.16666666666666669,55.14288333333334
5576,860,237003,264037,902,69,0.16666666666666669,55.14288333333334
5577,860,237003,264037,463,318,0.16666666666666669,55.14288333333334
5578,860,237003,264037,463,102,0.16666666666666669,55.14288333333334
5579,860,237003,264037,463,69,0.16666666666666669,55.14288333333334
5580,861,237003,265007,902,1552,0.16666666666666669,12.200050000000001
5581,861,237003,265007,902,867,0.16666666666666669,12.200050000000001
5582,861,237003,265007,902,868,0.16666666666666669,12.200050000000001
5583,861,237003,265007,463,1552,0.16666666666666669,12.200050000000001
5584,861,237003,265007,463,867,0.16666666666666669,12.200050000000001
5585,861,237003,265007,463,868,0.16666666666666669,12.200050000000001
5586,862,237003,265018,902,866,0.16666666666666669,27.470266666666667
5587,862,237003,265018,902,773,0.16666666666666669,27.470266666666667
5588,862,237003,265018,902,865,0.16666666666666669,27.470266666666667
5589,862,237003,265018,463,866,0.16666666666666669,27.470266666666667
5590,862,237003,265018,463,773,0.16666666666666669,27.470266666666667
5591,862,237003,265018,463,865,0.16666666666666669,27.470266666666667
5592,863,237003,266018,902,402,0.16666666666666669,0.1487166666666667
5593,863,237003,266018,902,269,0.16666666666666669,0.1487166666666667
5594,863,237003,266018,902,268,0.16666666666666669,0.1487166666666667
5595,863,237003,266018,463,402,0.16666666666666669,0.1487166666666667
5596,863,237003,266018,463,269,0.16666666666666669,0.1487166666666667
5597,863,237003,266018,463,268,0.16666666666666669,0.1487166666666667
5598,864,237003,271032,902,108,0.16666666666666669,19.758200000000002
5599,864,237003,271032,902,1415,0.16666666666666669,19.758200000000002
5600,864,237003,271032,902,1520,0.16666666666666669,19.758200000000002
5601,864,237003,271032,463,108,0.16666666666666669,19.758200000000002
5602,864,237003,271032,463,1415,0.16666666666666669,19.758200000000002
5603,864,237003,271032,463,1520,0.16666666666666669,19.758200000000002
5604,865,237003,284027,902,334,0.16666666666666669,12.517300000000002
5605,865,237003,284027,902,337,0.16666666666666669,12.517300000000002
5606,865,237003,284027,902,333,0.16666666666666669,12.517300000000002
5607,865,237003,284027,463,334,0.16666666666666669,12.517300000000002
5608,865,237003,284027,463,337,0.16666666666666669,12.517300000000002
5609,865,237003,284027,463,333,0.16666666666666669,12.517300000000002
5610,866,237003,285007,902,1190,0.16666666666666669,47.910250000000005
5611,866,237003,285007,902,1500,0.16666666666666669,47.910250000000005
5612,866,237003,285007,902,349,0.16666666666666669,47.910250000000005
5613,866,237003,285007,463,1190,0.16666666666666669,47.910250000000005
5614,866,237003,285007,463,1500,0.16666666666666669,47.910250000000005
5615,866,237003,285007,463,349,0.16666666666666669,47.910250000000005
5616,867,241002,113019,1633,74,0.16666666666666669,13.752066666666668
5617,867,241002,113019,1633,1371,0.16666666666666669,13.752066666666668
5618,867,241002,113019,1633,170,0.16666666666666669,13.752066666666668
5619,867,241002,113019,487,74,0.16666666666666669,13.752066666666668
5620,867,241002,113019,487,1371,0.16666666666666669,13.752066666666668
5621,867,241002,113019,487,170,0.16666666666666669,13.752066666666668
5622,868,241003,213005,1169,222,0.3333333333333333,121.301
5623,868,241003,213005,1169,227,0.3333333333333333,121.301
5624,868,241003,213005,1169,223,0.3333333333333333,121.301
5625,869,241005,244029,324,1469,0.16666666666666669,31.062550000000005
5626,869,241005,244029,324,482,0.16666666666666669,31.062550000000005
5627,869,241005,244029,324,1088,0.16666666666666669,31.062550000000005
5628,869,241005,244029,1519,1469,0.16666666666666669,31.062550000000005
5629,869,241005,244029,1519,482,0.16666666666666669,31.062550000000005
5630,869,241005,244029,1519,1088,0.16666666666666669,31.062550000000005
5631,870,241006,271030,1414,247,0.16666666666666669,37.03376666666667
5632,870,241006,271030,1414,1699,0.16666666666666669,37.03376666666667
5633,870,241006,271030,491,247,0.16666666666666669,37.03376666666667
5634,870,241006,271030,491,1699,0.16666666666666669,37.03376666666667
5635,870,241006,271030,1475,247,0.16666666666666669,37.03376666666667
5636,870,241006,271030,1475,1699,0.16666666666666669,37.03376666666667
5637,871,241006,284006,1414,1249,0.11111111111111108,56.53143333333331
5638,871,241006,284006,1414,334,0.11111111111111108,56.53143333333331
5639,871,241006,284006,1414,1548,0.11111111111111108,56.53143333333331
5640,871,241006,284006,491,1249,0.11111111111111108,56.53143333333331
5641,871,241006,284006,491,334,0.11111111111111108,56.53143333333331
5642,871,241006,284006,491,1548,0.11111111111111108,56.53143333333331
5643,871,241006,284006,1475,1249,0.11111111111111108,56.53143333333331
5644,871,241006,284006,1475,334,0.11111111111111108,56.53143333333331
5645,871,241006,284006,1475,1548,0.11111111111111108,56.53143333333331
5646,872,241008,151011,1505,394,0.3333333333333333,27.776
5647,872,241008,151011,1505,223,0.3333333333333333,27.776
5648,872,241008,151011,1505,239,0.3333333333333333,27.776
5649,873,241008,212016,1505,1107,0.3333333333333333,26.5007
5650,873,241008,212016,1505,1101,0.3333333333333333,26.5007
5651,873,241008,212016,1505,830,0.3333333333333333,26.5007
5652,874,241008,226013,1505,808,0.3333333333333333,120.67249999999999
5653,874,241008,226013,1505,960,0.3333333333333333,120.67249999999999
5654,874,241008,226013,1505,964,0.3333333333333333,120.67249999999999
5655,875,241008,234021,1505,455,0.3333333333333333,203.67873333333333
5656,875,241008,234021,1505,1526,0.3333333333333333,203.67873333333333
5657,875,241008,234021,1505,616,0.3333333333333333,203.67873333333333
5658,876,241008,234025,1505,459,0.3333333333333333,111.31103333333334
5659,876,241008,234025,1505,1518,0.3333333333333333,111.31103333333334
5660,876,241008,234025,1505,410,0.3333333333333333,111.31103333333334
5661,877,241008,245009,1505,1499,1.0,582.9881
5662,878,241008,245012,1505,1223,0.3333333333333333,629.8652
5663,878,241008,245012,1505,285,0.3333333333333333,629.8652
5664,878,241008,245012,1505,501,0.3333333333333333,629.8652
5665,879,241008,247013,1505,1141,0.3333333333333333,186.68679999999998
5666,879,241008,247013,1505,484,0.3333333333333333,186.68679999999998
5667,879,241008,247013,1505,488,0.3333333333333333,186.68679999999998
5668,880,241008,255002,1505,1635,0.3333333333333333,22.093766666666667
5669,880,241008,255002,1505,1281,0.3333333333333333,22.093766666666667
5670,880,241008,255002,1505,69,0.3333333333333333,22.093766666666667
5671,881,241008,266020,1505,266,1.0,0.8923
5672,882,241010,283030,1475,1501,0.11111111111111108,9.80381111111111
5673,882,241010,283030,1475,1201,0.11111111111111108,9.80381111111111
5674,882,241010,283030,1475,1190,0.11111111111111108,9.80381111111111
5675,882,241010,283030,1505,1501,0.11111111111111108,9.80381111111111
5676,882,241010,283030,1505,1201,0.11111111111111108,9.80381111111111
5677,882,241010,283030,1505,1190,0.11111111111111108,9.80381111111111
5678,882,241010,283030,895,1501,0.11111111111111108,9.80381111111111
5679,882,241010,283030,895,1201,0.11111111111111108,9.80381111111111
5680,882,241010,283030,895,1190,0.11111111111111108,9.80381111111111
5681,883,241011,211027,1505,1494,0.3333333333333333,345.8747333333333
5682,883,241011,211027,1505,1097,0.3333333333333333,345.8747333333333
5683,883,241011,211027,1505,314,0.3333333333333333,345.8747333333333
5684,884,241011,227002,1505,454,1.0,455.7606
5685,885,241011,246010,1505,466,0.3333333333333333,117.09673333333333
5686,885,241011,246010,1505,1514,0.3333333333333333,117.09673333333333
5687,885,241011,246010,1505,1508,0.3333333333333333,117.09673333333333
5688,886,241011,251002,1505,1592,0.3333333333333333,333.54976666666664
5689,886,241011,251002,1505,1420,0.3333333333333333,333.54976666666664
5690,886,241011,251002,1505,1423,0.3333333333333333,333.54976666666664
5691,887,241011,254010,1505,59,1.0,2116.9851
5692,888,241011,285009,1505,348,1.0,172.9251
5693,889,241011,286014,1505,1249,0.3333333333333333,76.91293333333333
5694,889,241011,286014,1505,1246,0.3333333333333333,76.91293333333333
5695,889,241011,286014,1505,337,0.3333333333333333,76.91293333333333
5696,890,241012,244029,353,1469,0.11111111111111108,8.207655555555553
5697,890,241012,244029,353,482,0.11111111111111108,8.207655555555553
5698,890,241012,244029,353,1088,0.11111111111111108,8.207655555555553
5699,890,241012,244029,1143,1469,0.11111111111111108,8.207655555555553
5700,890,241012,244029,1143,482,0.11111111111111108,8.207655555555553
5701,890,241012,244029,1143,1088,0.11111111111111108,8.207655555555553
5702,890,241012,244029,396,1469,0.11111111111111108,8.207655555555553
5703,890,241012,244029,396,482,0.11111111111111108,8.207655555555553
5704,890,241012,244029,396,1088,0.11111111111111108,8.207655555555553
5705,891,241012,271045,353,1522,0.3333333333333333,39.96776666666666
5706,891,241012,271045,1143,1522,0.3333333333333333,39.96776666666666
5707,891,241012,271045,396,1522,0.3333333333333333,39.96776666666666
5708,892,241013,222027,1130,96,0.11111111111111108,91.95789999999998
5709,892,241013,222027,1130,698,0.11111111111111108,91.95789999999998
5710,892,241013,222027,1130,692,0.11111111111111108,91.95789999999998
5711,892,241013,222027,1299,96,0.11111111111111108,91.95789999999998
5712,892,241013,222027,1299,698,0.11111111111111108,91.95789999999998
5713,892,241013,222027,1299,692,0.11111111111111108,91.95789999999998
5714,892,241013,222027,1137,96,0.11111111111111108,91.95789999999998
5715,892,241013,222027,1137,698,0.11111111111111108,91.95789999999998
5716,892,241013,222027,1137,692,0.11111111111111108,91.95789999999998
5717,893,241013,229012,1130,87,0.11111111111111108,13.948822222222217
5718,893,241013,229012,1130,96,0.11111111111111108,13.948822222222217
5719,893,241013,229012,1130,98,0.11111111111111108,13.948822222222217
5720,893,241013,229012,1299,87,0.11111111111111108,13.948822222222217
5721,893,241013,229012,1299,96,0.11111111111111108,13.948822222222217
5722,893,241013,229012,1299,98,0.11111111111111108,13.948822222222217
5723,893,241013,229012,1137,87,0.11111111111111108,13.948822222222217
5724,893,241013,229012,1137,96,0.11111111111111108,13.948822222222217
5725,893,241013,229012,1137,98,0.11111111111111108,13.948822222222217
5726,894,241013,235004,1130,1483,0.11111111111111108,8.101488888888886
5727,894,241013,235004,1130,614,0.11111111111111108,8.101488888888886
5728,894,241013,235004,1130,1526,0.11111111111111108,8.101488888888886
5729,894,241013,235004,1299,1483,0.11111111111111108,8.101488888888886
5730,894,241013,235004,1299,614,0.11111111111111108,8.101488888888886
5731,894,241013,235004,1299,1526,0.11111111111111108,8.101488888888886
5732,894,241013,235004,1137,1483,0.11111111111111108,8.101488888888886
5733,894,241013,235004,1137,614,0.11111111111111108,8.101488888888886
5734,894,241013,235004,1137,1526,0.11111111111111108,8.101488888888886
5735,895,241013,243008,1130,1205,0.16666666666666669,84.29966666666668
5736,895,241013,243008,1130,496,0.16666666666666669,84.29966666666668
5737,895,241013,243008,1299,1205,0.16666666666666669,84.29966666666668
5738,895,241013,243008,1299,496,0.16666666666666669,84.29966666666668
5739,895,241013,243008,1137,1205,0.16666666666666669,84.29966666666668
5740,895,241013,243008,1137,496,0.16666666666666669,84.29966666666668
5741,896,241013,245018,1130,1223,0.11111111111111108,27.51357777777777
5742,896,241013,245018,1130,1726,0.11111111111111108,27.51357777777777
5743,896,241013,245018,1130,230,0.11111111111111108,27.51357777777777
5744,896,241013,245018,1299,1223,0.11111111111111108,27.51357777777777
5745,896,241013,245018,1299,1726,0.11111111111111108,27.51357777777777
5746,896,241013,245018,1299,230,0.11111111111111108,27.51357777777777
5747,896,241013,245018,1137,1223,0.11111111111111108,27.51357777777777
5748,896,241013,245018,1137,1726,0.11111111111111108,27.51357777777777
5749,896,241013,245018,1137,230,0.11111111111111108,27.51357777777777
5750,897,241013,268031,1130,1206,0.11111111111111108,50.055333333333316
5751,897,241013,268031,1130,1377,0.11111111111111108,50.055333333333316
5752,897,241013,268031,1130,1699,0.11111111111111108,50.055333333333316
5753,897,241013,268031,1299,1206,0.11111111111111108,50.055333333333316
5754,897,241013,268031,1299,1377,0.11111111111111108,50.055333333333316
5755,897,241013,268031,1299,1699,0.11111111111111108,50.055333333333316
5756,897,241013,268031,1137,1206,0.11111111111111108,50.055333333333316
5757,897,241013,268031,1137,1377,0.11111111111111108,50.055333333333316
5758,897,241013,268031,1137,1699,0.11111111111111108,50.055333333333316
5759,898,241013,271032,1130,108,0.11111111111111108,8.701344444444443
5760,898,241013,271032,1130,1415,0.11111111111111108,8.701344444444443
5761,898,241013,271032,1130,1520,0.11111111111111108,8.701344444444443
5762,898,241013,271032,1299,108,0.11111111111111108,8.701344444444443
5763,898,241013,271032,1299,1415,0.11111111111111108,8.701344444444443
5764,898,241013,271032,1299,1520,0.11111111111111108,8.701344444444443
5765,898,241013,271032,1137,108,0.11111111111111108,8.701344444444443
5766,898,241013,271032,1137,1415,0.11111111111111108,8.701344444444443
5767,898,241013,271032,1137,1520,0.11111111111111108,8.701344444444443
5768,899,241013,285006,1130,1610,0.11111111111111108,23.63915555555555
5769,899,241013,285006,1130,1611,0.11111111111111108,23.63915555555555
5770,899,241013,285006,1130,1192,0.11111111111111108,23.63915555555555
5771,899,241013,285006,1299,1610,0.11111111111111108,23.63915555555555
5772,899,241013,285006,1299,1611,0.11111111111111108,23.63915555555555
5773,899,241013,285006,1299,1192,0.11111111111111108,23.63915555555555
5774,899,241013,285006,1137,1610,0.11111111111111108,23.63915555555555
5775,899,241013,285006,1137,1611,0.11111111111111108,23.63915555555555
5776,899,241013,285006,1137,1192,0.11111111111111108,23.63915555555555
5777,900,241015,283028,1133,1634,0.25,24.073625
5778,900,241015,283028,1133,328,0.25,24.073625
5779,900,241015,283028,497,1634,0.25,24.073625
5780,900,241015,283028,497,328,0.25,24.073625
5781,901,241016,229044,354,91,0.11111111111111108,18.26484444444444
5782,901,241016,229044,354,92,0.11111111111111108,18.26484444444444
5783,901,241016,229044,354,693,0.11111111111111108,18.26484444444444
5784,901,241016,229044,884,91,0.11111111111111108,18.26484444444444
5785,901,241016,229044,884,92,0.11111111111111108,18.26484444444444
5786,901,241016,229044,884,693,0.11111111111111108,18.26484444444444
5787,901,241016,229044,467,91,0.11111111111111108,18.26484444444444
5788,901,241016,229044,467,92,0.11111111111111108,18.26484444444444
5789,901,241016,229044,467,693,0.11111111111111108,18.26484444444444
5790,902,241017,234026,1137,465,0.5,49.175587383190454
5791,902,241017,234026,1138,465,0.5,49.175587383190454
5792,903,241018,221079,884,1468,0.5,2590.7993
5793,903,241018,221079,1138,1468,0.5,2590.7993
5794,904,241018,235007,884,996,0.16666666666666669,28.281933333333335
5795,904,241018,235007,884,448,0.16666666666666669,28.281933333333335
5796,904,241018,235007,884,409,0.16666666666666669,28.281933333333335
5797,904,241018,235007,1138,996,0.16666666666666669,28.281933333333335
5798,904,241018,235007,1138,448,0.16666666666666669,28.281933333333335
5799,904,241018,235007,1138,409,0.16666666666666669,28.281933333333335
5800,905,241018,271047,884,14,0.16666666666666669,17.856350000000003
5801,905,241018,271047,884,1520,0.16666666666666669,17.856350000000003
5802,905,241018,271047,884,108,0.16666666666666669,17.856350000000003
5803,905,241018,271047,1138,14,0.16666666666666669,17.856350000000003
5804,905,241018,271047,1138,1520,0.16666666666666669,17.856350000000003
5805,905,241018,271047,1138,108,0.16666666666666669,17.856350000000003
5806,906,241019,237003,1133,902,0.5,59.2746
5807,906,241019,237003,1133,463,0.5,59.2746
5808,907,241019,253001,1133,1027,0.3333333333333333,44.90586666666667
5809,907,241019,253001,1133,172,0.3333333333333333,44.90586666666667
5810,907,241019,253001,1133,908,0.3333333333333333,44.90586666666667
5811,908,241019,254012,1133,189,0.3333333333333333,44.350966666666665
5812,908,241019,254012,1133,1241,0.3333333333333333,44.350966666666665
5813,908,241019,254012,1133,1561,0.3333333333333333,44.350966666666665
5814,909,241020,241011,396,1505,0.3333333333333333,39.810061386587456
5815,909,241020,241011,483,1505,0.3333333333333333,39.810061386587456
5816,909,241020,241011,1138,1505,0.3333333333333333,39.810061386587456
5817,910,241021,271046,1129,1187,0.16666666666666669,22.471116666666667
5818,910,241021,271046,1129,1186,0.16666666666666669,22.471116666666667
5819,910,241021,271046,1137,1187,0.16666666666666669,22.471116666666667
5820,910,241021,271046,1137,1186,0.16666666666666669,22.471116666666667
5821,910,241021,271046,1133,1187,0.16666666666666669,22.471116666666667
5822,910,241021,271046,1133,1186,0.16666666666666669,22.471116666666667
5823,911,241022,231002,1129,983,0.11111111111111108,30.27927777777777
5824,911,241022,231002,1129,1520,0.11111111111111108,30.27927777777777
5825,911,241022,231002,1129,1711,0.11111111111111108,30.27927777777777
5826,911,241022,231002,1131,983,0.11111111111111108,30.27927777777777
5827,911,241022,231002,1131,1520,0.11111111111111108,30.27927777777777
5828,911,241022,231002,1131,1711,0.11111111111111108,30.27927777777777
5829,911,241022,231002,1128,983,0.11111111111111108,30.27927777777777
5830,911,241022,231002,1128,1520,0.11111111111111108,30.27927777777777
5831,911,241022,231002,1128,1711,0.11111111111111108,30.27927777777777
5832,912,241022,237003,1129,902,0.16666666666666669,65.18903333333334
5833,912,241022,237003,1129,463,0.16666666666666669,65.18903333333334
5834,912,241022,237003,1131,902,0.16666666666666669,65.18903333333334
5835,912,241022,237003,1131,463,0.16666666666666669,65.18903333333334
5836,912,241022,237003,1128,902,0.16666666666666669,65.18903333333334
5837,912,241022,237003,1128,463,0.16666666666666669,65.18903333333334
5838,913,241022,241022,1129,1131,0.16666666666666663,32.68205011853831
5839,913,241022,241022,1129,1128,0.16666666666666663,32.68205011853831
5840,913,241022,241022,1131,1129,0.16666666666666663,32.68205011853831
5841,913,241022,241022,1131,1128,0.16666666666666663,32.68205011853831
5842,913,241022,241022,1128,1129,0.16666666666666663,32.68205011853831
5843,913,241022,241022,1128,1131,0.16666666666666663,32.68205011853831
5844,914,241022,245018,1129,1223,0.11111111111111108,14.995199999999993
5845,914,241022,245018,1129,1726,0.11111111111111108,14.995199999999993
5846,914,241022,245018,1129,230,0.11111111111111108,14.995199999999993
5847,914,241022,245018,1131,1223,0.11111111111111108,14.995199999999993
5848,914,241022,245018,1131,1726,0.11111111111111108,14.995199999999993
5849,914,241022,245018,1131,230,0.11111111111111108,14.995199999999993
5850,914,241022,245018,1128,1223,0.11111111111111108,14.995199999999993
5851,914,241022,245018,1128,1726,0.11111111111111108,14.995199999999993
5852,914,241022,245018,1128,230,0.11111111111111108,14.995199999999993
5853,915,241022,268033,1129,1273,0.11111111111111108,18.35708888888888
5854,915,241022,268033,1129,256,0.11111111111111108,18.35708888888888
5855,915,241022,268033,1129,1378,0.11111111111111108,18.35708888888888
5856,915,241022,268033,1131,1273,0.11111111111111108,18.35708888888888
5857,915,241022,268033,1131,256,0.11111111111111108,18.35708888888888
5858,915,241022,268033,1131,1378,0.11111111111111108,18.35708888888888
5859,915,241022,268033,1128,1273,0.11111111111111108,18.35708888888888
5860,915,241022,268033,1128,256,0.11111111111111108,18.35708888888888
5861,915,241022,268033,1128,1378,0.11111111111111108,18.35708888888888
5862,916,241023,221004,1129,638,0.5,252.9486
5863,916,241023,221004,483,638,0.5,252.9486
5864,917,241023,237001,1129,1289,0.16666666666666669,3.972285370919905
5865,917,241023,237001,1129,1518,0.16666666666666669,3.972285370919905
5866,917,241023,237001,1129,1588,0.16666666666666669,3.972285370919905
5867,917,241023,237001,483,1289,0.16666666666666669,3.972285370919905
5868,917,241023,237001,483,1518,0.16666666666666669,3.972285370919905
5869,917,241023,237001,483,1588,0.16666666666666669,3.972285370919905
5870,918,241023,285008,1129,1188,0.16666666666666669,58.04873333333334
5871,918,241023,285008,1129,349,0.16666666666666669,58.04873333333334
5872,918,241023,285008,1129,348,0.16666666666666669,58.04873333333334
5873,918,241023,285008,483,1188,0.16666666666666669,58.04873333333334
5874,918,241023,285008,483,349,0.16666666666666669,58.04873333333334
5875,918,241023,285008,483,348,0.16666666666666669,58.04873333333334
5876,919,241023,285009,1129,348,0.5,51.8197
5877,919,241023,285009,483,348,0.5,51.8197
5878,920,241029,284027,885,334,0.16666666666666669,63.244683333333334
5879,920,241029,284027,885,337,0.16666666666666669,63.244683333333334
5880,920,241029,284027,885,333,0.16666666666666669,63.244683333333334
5881,920,241029,284027,883,334,0.16666666666666669,63.244683333333334
5882,920,241029,284027,883,337,0.16666666666666669,63.244683333333334
5883,920,241029,284027,883,333,0.16666666666666669,63.244683333333334
5884,921,241031,214002,525,845,0.11111111111111108,65.89712222222221
5885,921,241031,214002,525,1107,0.11111111111111108,65.89712222222221
5886,921,241031,214002,525,843,0.11111111111111108,65.89712222222221
5887,921,241031,214002,885,845,0.11111111111111108,65.89712222222221
5888,921,241031,214002,885,1107,0.11111111111111108,65.89712222222221
5889,921,241031,214002,885,843,0.11111111111111108,65.89712222222221
5890,921,241031,214002,1684,845,0.11111111111111108,65.89712222222221
5891,921,241031,214002,1684,1107,0.11111111111111108,65.89712222222221
5892,921,241031,214002,1684,843,0.11111111111111108,65.89712222222221
5893,922,241032,284027,469,334,0.16666666666666669,60.055916666666675
5894,922,241032,284027,469,337,0.16666666666666669,60.055916666666675
5895,922,241032,284027,469,333,0.16666666666666669,60.055916666666675
5896,922,241032,284027,304,334,0.16666666666666669,60.055916666666675
5897,922,241032,284027,304,337,0.16666666666666669,60.055916666666675
5898,922,241032,284027,304,333,0.16666666666666669,60.055916666666675
5899,923,242001,212016,890,1107,0.11111111111111108,120.71447777777774
5900,923,242001,212016,890,1101,0.11111111111111108,120.71447777777774
5901,923,242001,212016,890,830,0.11111111111111108,120.71447777777774
5902,923,242001,212016,492,1107,0.11111111111111108,120.71447777777774
5903,923,242001,212016,492,1101,0.11111111111111108,120.71447777777774
5904,923,242001,212016,492,830,0.11111111111111108,120.71447777777774
5905,923,242001,212016,1350,1107,0.11111111111111108,120.71447777777774
5906,923,242001,212016,1350,1101,0.11111111111111108,120.71447777777774
5907,923,242001,212016,1350,830,0.11111111111111108,120.71447777777774
5908,924,242001,215002,890,381,0.11111111111111108,10.397955555555553
5909,924,242001,215002,890,1659,0.11111111111111108,10.397955555555553
5910,924,242001,215002,890,1638,0.11111111111111108,10.397955555555553
5911,924,242001,215002,492,381,0.11111111111111108,10.397955555555553
5912,924,242001,215002,492,1659,0.11111111111111108,10.397955555555553
5913,924,242001,215002,492,1638,0.11111111111111108,10.397955555555553
5914,924,242001,215002,1350,381,0.11111111111111108,10.397955555555553
5915,924,242001,215002,1350,1659,0.11111111111111108,10.397955555555553
5916,924,242001,215002,1350,1638,0.11111111111111108,10.397955555555553
5917,925,242001,221033,890,1349,0.3333333333333333,189.21266666666668
5918,925,242001,221033,492,1349,0.3333333333333333,189.21266666666668
5919,925,242001,221033,1350,1349,0.3333333333333333,189.21266666666668
5920,926,242001,271030,890,247,0.16666666666666669,11.707083333333335
5921,926,242001,271030,890,1699,0.16666666666666669,11.707083333333335
5922,926,242001,271030,492,247,0.16666666666666669,11.707083333333335
5923,926,242001,271030,492,1699,0.16666666666666669,11.707083333333335
5924,926,242001,271030,1350,247,0.16666666666666669,11.707083333333335
5925,926,242001,271030,1350,1699,0.16666666666666669,11.707083333333335
5926,927,242002,255001,1692,1635,0.11111111111111108,9.37202222222222
5927,927,242002,255001,1692,1281,0.11111111111111108,9.37202222222222
5928,927,242002,255001,1692,69,0.11111111111111108,9.37202222222222
5929,927,242002,255001,1470,1635,0.11111111111111108,9.37202222222222
5930,927,242002,255001,1470,1281,0.11111111111111108,9.37202222222222
5931,927,242002,255001,1470,69,0.11111111111111108,9.37202222222222
5932,927,242002,255001,1350,1635,0.11111111111111108,9.37202222222222
5933,927,242002,255001,1350,1281,0.11111111111111108,9.37202222222222
5934,927,242002,255001,1350,69,0.11111111111111108,9.37202222222222
5935,928,242003,215008,1512,1406,0.16666666666666669,27.39726666666667
5936,928,242003,215008,1512,1103,0.16666666666666669,27.39726666666667
5937,928,242003,215008,1512,11,0.16666666666666669,27.39726666666667
5938,928,242003,215008,325,1406,0.16666666666666669,27.39726666666667
5939,928,242003,215008,325,1103,0.16666666666666669,27.39726666666667
5940,928,242003,215008,325,11,0.16666666666666669,27.39726666666667
5941,929,242003,222018,1512,1545,0.25,336.804375
5942,929,242003,222018,1512,676,0.25,336.804375
5943,929,242003,222018,325,1545,0.25,336.804375
5944,929,242003,222018,325,676,0.25,336.804375
5945,930,242003,227002,1512,454,0.5,41.97405
5946,930,242003,227002,325,454,0.5,41.97405
5947,931,242003,234014,1512,979,0.5,35.12125
5948,931,242003,234014,325,979,0.5,35.12125
5949,932,242003,244001,1512,428,0.5,58.3369
5950,932,242003,244001,325,428,0.5,58.3369
5951,933,242003,244027,1512,312,0.16666666666666669,52.18243333333334
5952,933,242003,244027,1512,285,0.16666666666666669,52.18243333333334
5953,933,242003,244027,1512,1452,0.16666666666666669,52.18243333333334
5954,933,242003,244027,325,312,0.16666666666666669,52.18243333333334
5955,933,242003,244027,325,285,0.16666666666666669,52.18243333333334
5956,933,242003,244027,325,1452,0.16666666666666669,52.18243333333334
5957,934,242004,269001,888,1240,0.16666666666666669,221.4682666666667
5958,934,242004,269001,888,717,0.16666666666666669,221.4682666666667
5959,934,242004,269001,888,70,0.16666666666666669,221.4682666666667
5960,934,242004,269001,322,1240,0.16666666666666669,221.4682666666667
5961,934,242004,269001,322,717,0.16666666666666669,221.4682666666667
5962,934,242004,269001,322,70,0.16666666666666669,221.4682666666667
5963,935,242005,213010,888,1463,0.11111111111111108,13.579522222222218
5964,935,242005,213010,888,1532,0.11111111111111108,13.579522222222218
5965,935,242005,213010,888,223,0.11111111111111108,13.579522222222218
5966,935,242005,213010,1516,1463,0.11111111111111108,13.579522222222218
5967,935,242005,213010,1516,1532,0.11111111111111108,13.579522222222218
5968,935,242005,213010,1516,223,0.11111111111111108,13.579522222222218
5969,935,242005,213010,322,1463,0.11111111111111108,13.579522222222218
5970,935,242005,213010,322,1532,0.11111111111111108,13.579522222222218
5971,935,242005,213010,322,223,0.11111111111111108,13.579522222222218
5972,936,242007,245016,1165,230,0.11111111111111108,26.413422222222213
5973,936,242007,245016,1165,285,0.11111111111111108,26.413422222222213
5974,936,242007,245016,1165,1463,0.11111111111111108,26.413422222222213
5975,936,242007,245016,1153,230,0.11111111111111108,26.413422222222213
5976,936,242007,245016,1153,285,0.11111111111111108,26.413422222222213
5977,936,242007,245016,1153,1463,0.11111111111111108,26.413422222222213
5978,936,242007,245016,1154,230,0.11111111111111108,26.413422222222213
5979,936,242007,245016,1154,285,0.11111111111111108,26.413422222222213
5980,936,242007,245016,1154,1463,0.11111111111111108,26.413422222222213
5981,937,242007,286039,1165,1554,0.11111111111111108,10.045755555555553
5982,937,242007,286039,1165,1249,0.11111111111111108,10.045755555555553
5983,937,242007,286039,1165,1302,0.11111111111111108,10.045755555555553
5984,937,242007,286039,1153,1554,0.11111111111111108,10.045755555555553
5985,937,242007,286039,1153,1249,0.11111111111111108,10.045755555555553
5986,937,242007,286039,1153,1302,0.11111111111111108,10.045755555555553
5987,937,242007,286039,1154,1554,0.11111111111111108,10.045755555555553
5988,937,242007,286039,1154,1249,0.11111111111111108,10.045755555555553
5989,937,242007,286039,1154,1302,0.11111111111111108,10.045755555555553
5990,938,242009,151019,1163,394,0.11111111111111108,8.008755555555554
5991,938,242009,151019,1163,1463,0.11111111111111108,8.008755555555554
5992,938,242009,151019,1163,1462,0.11111111111111108,8.008755555555554
5993,938,242009,151019,1152,394,0.11111111111111108,8.008755555555554
5994,938,242009,151019,1152,1463,0.11111111111111108,8.008755555555554
5995,938,242009,151019,1152,1462,0.11111111111111108,8.008755555555554
5996,938,242009,151019,1162,394,0.11111111111111108,8.008755555555554
5997,938,242009,151019,1162,1463,0.11111111111111108,8.008755555555554
5998,938,242009,151019,1162,1462,0.11111111111111108,8.008755555555554
5999,939,242010,220026,1162,26,0.11111111111111108,7.85931111111111
6000,939,242010,220026,1162,599,0.11111111111111108,7.85931111111111
6001,939,242010,220026,1162,606,0.11111111111111108,7.85931111111111
6002,939,242010,220026,1149,26,0.11111111111111108,7.85931111111111
6003,939,242010,220026,1149,599,0.11111111111111108,7.85931111111111
6004,939,242010,220026,1149,606,0.11111111111111108,7.85931111111111
6005,939,242010,220026,1161,26,0.11111111111111108,7.85931111111111
6006,939,242010,220026,1161,599,0.11111111111111108,7.85931111111111
6007,939,242010,220026,1161,606,0.11111111111111108,7.85931111111111
6008,940,242010,227002,1162,454,0.3333333333333333,27.969933333333334
6009,940,242010,227002,1149,454,0.3333333333333333,27.969933333333334
6010,940,242010,227002,1161,454,0.3333333333333333,27.969933333333334
6011,941,242010,234003,1162,449,0.3333333333333333,8.729666666666667
6012,941,242010,234003,1149,449,0.3333333333333333,8.729666666666667
6013,941,242010,234003,1161,449,0.3333333333333333,8.729666666666667
6014,942,242012,229012,1160,87,0.11111111111111108,13.96023333333333
6015,942,242012,229012,1160,96,0.11111111111111108,13.96023333333333
6016,942,242012,229012,1160,98,0.11111111111111108,13.96023333333333
6017,942,242012,229012,1147,87,0.11111111111111108,13.96023333333333
6018,942,242012,229012,1147,96,0.11111111111111108,13.96023333333333
6019,942,242012,229012,1147,98,0.11111111111111108,13.96023333333333
6020,942,242012,229012,1148,87,0.11111111111111108,13.96023333333333
6021,942,242012,229012,1148,96,0.11111111111111108,13.96023333333333
6022,942,242012,229012,1148,98,0.11111111111111108,13.96023333333333
6023,943,242034,286039,29,1554,0.11111111111111108,9.111555555555555
6024,943,242034,286039,29,1249,0.11111111111111108,9.111555555555555
6025,943,242034,286039,29,1302,0.11111111111111108,9.111555555555555
6026,943,242034,286039,481,1554,0.11111111111111108,9.111555555555555
6027,943,242034,286039,481,1249,0.11111111111111108,9.111555555555555
6028,943,242034,286039,481,1302,0.11111111111111108,9.111555555555555
6029,943,242034,286039,467,1554,0.11111111111111108,9.111555555555555
6030,943,242034,286039,467,1249,0.11111111111111108,9.111555555555555
6031,943,242034,286039,467,1302,0.11111111111111108,9.111555555555555
6032,944,242037,153013,426,1463,0.16666666666666669,25.704416666666667
6033,944,242037,153013,426,1114,0.16666666666666669,25.704416666666667
6034,944,242037,153013,426,223,0.16666666666666669,25.704416666666667
6035,944,242037,153013,473,1463,0.16666666666666669,25.704416666666667
6036,944,242037,153013,473,1114,0.16666666666666669,25.704416666666667
6037,944,242037,153013,473,223,0.16666666666666669,25.704416666666667
6038,945,242037,212017,426,547,0.5,53.20165
6039,945,242037,212017,473,547,0.5,53.20165
6040,946,242037,213005,426,222,0.16666666666666669,17.273233333333334
6041,946,242037,213005,426,227,0.16666666666666669,17.273233333333334
6042,946,242037,213005,426,223,0.16666666666666669,17.273233333333334
6043,946,242037,213005,473,222,0.16666666666666669,17.273233333333334
6044,946,242037,213005,473,227,0.16666666666666669,17.273233333333334
6045,946,242037,213005,473,223,0.16666666666666669,17.273233333333334
6046,947,242037,215002,426,381,0.16666666666666669,11.046883333333335
6047,947,242037,215002,426,1659,0.16666666666666669,11.046883333333335
6048,947,242037,215002,426,1638,0.16666666666666669,11.046883333333335
6049,947,242037,215002,473,381,0.16666666666666669,11.046883333333335
6050,947,242037,215002,473,1659,0.16666666666666669,11.046883333333335
6051,947,242037,215002,473,1638,0.16666666666666669,11.046883333333335
6052,948,242037,221089,426,689,0.5,40.1095
6053,948,242037,221089,473,689,0.5,40.1095
6054,949,242037,222015,426,754,0.5,97.6339
6055,949,242037,222015,473,754,0.5,97.6339
6056,950,242037,222027,426,96,0.16666666666666669,15.596933333333334
6057,950,242037,222027,426,698,0.16666666666666669,15.596933333333334
6058,950,242037,222027,426,692,0.16666666666666669,15.596933333333334
6059,950,242037,222027,473,96,0.16666666666666669,15.596933333333334
6060,950,242037,222027,473,698,0.16666666666666669,15.596933333333334
6061,950,242037,222027,473,692,0.16666666666666669,15.596933333333334
6062,951,242037,225036,426,107,0.16666666666666669,15.596933333333334
6063,951,242037,225036,426,938,0.16666666666666669,15.596933333333334
6064,951,242037,225036,426,939,0.16666666666666669,15.596933333333334
6065,951,242037,225036,473,107,0.16666666666666669,15.596933333333334
6066,951,242037,225036,473,938,0.16666666666666669,15.596933333333334
6067,951,242037,225036,473,939,0.16666666666666669,15.596933333333334
6068,952,242037,229012,426,87,0.16666666666666669,69.54413333333333
6069,952,242037,229012,426,96,0.16666666666666669,69.54413333333333
6070,952,242037,229012,426,98,0.16666666666666669,69.54413333333333
6071,952,242037,229012,473,87,0.16666666666666669,69.54413333333333
6072,952,242037,229012,473,96,0.16666666666666669,69.54413333333333
6073,952,242037,229012,473,98,0.16666666666666669,69.54413333333333
6074,953,242037,233011,426,443,0.16666666666666669,53.427350000000004
6075,953,242037,233011,426,1175,0.16666666666666669,53.427350000000004
6076,953,242037,233011,426,444,0.16666666666666669,53.427350000000004
6077,953,242037,233011,473,443,0.16666666666666669,53.427350000000004
6078,953,242037,233011,473,1175,0.16666666666666669,53.427350000000004
6079,953,242037,233011,473,444,0.16666666666666669,53.427350000000004
6080,954,242037,234025,426,459,0.16666666666666669,4.364833333333334
6081,954,242037,234025,426,1518,0.16666666666666669,4.364833333333334
6082,954,242037,234025,426,410,0.16666666666666669,4.364833333333334
6083,954,242037,234025,473,459,0.16666666666666669,4.364833333333334
6084,954,242037,234025,473,1518,0.16666666666666669,4.364833333333334
6085,954,242037,234025,473,410,0.16666666666666669,4.364833333333334
6086,955,242037,236024,426,997,0.16666666666666669,36.75665
6087,955,242037,236024,426,417,0.16666666666666669,36.75665
6088,955,242037,236024,426,32,0.16666666666666669,36.75665
6089,955,242037,236024,473,997,0.16666666666666669,36.75665
6090,955,242037,236024,473,417,0.16666666666666669,36.75665
6091,955,242037,236024,473,32,0.16666666666666669,36.75665
6092,956,242037,245017,426,285,0.16666666666666669,176.56195
6093,956,242037,245017,426,1463,0.16666666666666669,176.56195
6094,956,242037,245017,426,541,0.16666666666666669,176.56195
6095,956,242037,245017,473,285,0.16666666666666669,176.56195
6096,956,242037,245017,473,1463,0.16666666666666669,176.56195
6097,956,242037,245017,473,541,0.16666666666666669,176.56195
6098,957,242037,256001,426,170,0.16666666666666669,14.396333333333335
6099,957,242037,256001,426,1594,0.16666666666666669,14.396333333333335
6100,957,242037,256001,426,1418,0.16666666666666669,14.396333333333335
6101,957,242037,256001,473,170,0.16666666666666669,14.396333333333335
6102,957,242037,256001,473,1594,0.16666666666666669,14.396333333333335
6103,957,242037,256001,473,1418,0.16666666666666669,14.396333333333335
6104,958,242037,263005,426,870,0.16666666666666669,12.013133333333334
6105,958,242037,263005,426,1552,0.16666666666666669,12.013133333333334
6106,958,242037,263005,426,1375,0.16666666666666669,12.013133333333334
6107,958,242037,263005,473,870,0.16666666666666669,12.013133333333334
6108,958,242037,263005,473,1552,0.16666666666666669,12.013133333333334
6109,958,242037,263005,473,1375,0.16666666666666669,12.013133333333334
6110,959,242037,271013,426,352,0.16666666666666669,293.2796333333334
6111,959,242037,271013,426,250,0.16666666666666669,293.2796333333334
6112,959,242037,271013,426,970,0.16666666666666669,293.2796333333334
6113,959,242037,271013,473,352,0.16666666666666669,293.2796333333334
6114,959,242037,271013,473,250,0.16666666666666669,293.2796333333334
6115,959,242037,271013,473,970,0.16666666666666669,293.2796333333334
6116,960,242037,283032,426,1200,0.16666666666666669,19.258800000000004
6117,960,242037,283032,426,338,0.16666666666666669,19.258800000000004
6118,960,242037,283032,426,1201,0.16666666666666669,19.258800000000004
6119,960,242037,283032,473,1200,0.16666666666666669,19.258800000000004
6120,960,242037,283032,473,338,0.16666666666666669,19.258800000000004
6121,960,242037,283032,473,1201,0.16666666666666669,19.258800000000004
6122,961,242038,153027,396,1463,0.11111111111111108,6.891344444444442
6123,961,242038,153027,396,1462,0.11111111111111108,6.891344444444442
6124,961,242038,153027,396,226,0.11111111111111108,6.891344444444442
6125,961,242038,153027,1129,1463,0.11111111111111108,6.891344444444442
6126,961,242038,153027,1129,1462,0.11111111111111108,6.891344444444442
6127,961,242038,153027,1129,226,0.11111111111111108,6.891344444444442
6128,961,242038,153027,1133,1463,0.11111111111111108,6.891344444444442
6129,961,242038,153027,1133,1462,0.11111111111111108,6.891344444444442
6130,961,242038,153027,1133,226,0.11111111111111108,6.891344444444442
6131,962,242038,221093,396,695,0.3333333333333333,38.564566666666664
6132,962,242038,221093,1129,695,0.3333333333333333,38.564566666666664
6133,962,242038,221093,1133,695,0.3333333333333333,38.564566666666664
6134,963,242039,265007,396,1552,0.11111111111111108,7.222722222222219
6135,963,242039,265007,396,867,0.11111111111111108,7.222722222222219
6136,963,242039,265007,396,868,0.11111111111111108,7.222722222222219
6137,963,242039,265007,1574,1552,0.11111111111111108,7.222722222222219
6138,963,242039,265007,1574,867,0.11111111111111108,7.222722222222219
6139,963,242039,265007,1574,868,0.11111111111111108,7.222722222222219
6140,963,242039,265007,473,1552,0.11111111111111108,7.222722222222219
6141,963,242039,265007,473,867,0.11111111111111108,7.222722222222219
6142,963,242039,265007,473,868,0.11111111111111108,7.222722222222219
6143,964,242039,283027,396,1634,0.11111111111111108,59.16914444444443
6144,964,242039,283027,396,334,0.11111111111111108,59.16914444444443
6145,964,242039,283027,396,101,0.11111111111111108,59.16914444444443
6146,964,242039,283027,1574,1634,0.11111111111111108,59.16914444444443
6147,964,242039,283027,1574,334,0.11111111111111108,59.16914444444443
6148,964,242039,283027,1574,101,0.11111111111111108,59.16914444444443
6149,964,242039,283027,473,1634,0.11111111111111108,59.16914444444443
6150,964,242039,283027,473,334,0.11111111111111108,59.16914444444443
6151,964,242039,283027,473,101,0.11111111111111108,59.16914444444443
6152,965,242041,211018,486,835,0.11111111111111108,19.943799999999996
6153,965,242041,211018,486,1386,0.11111111111111108,19.943799999999996
6154,965,242041,211018,486,1106,0.11111111111111108,19.943799999999996
6155,965,242041,211018,426,835,0.11111111111111108,19.943799999999996
6156,965,242041,211018,426,1386,0.11111111111111108,19.943799999999996
6157,965,242041,211018,426,1106,0.11111111111111108,19.943799999999996
6158,965,242041,211018,489,835,0.11111111111111108,19.943799999999996
6159,965,242041,211018,489,1386,0.11111111111111108,19.943799999999996
6160,965,242041,211018,489,1106,0.11111111111111108,19.943799999999996
6161,966,242041,211028,486,1098,0.11111111111111108,122.8751333333333
6162,966,242041,211028,486,1096,0.11111111111111108,122.8751333333333
6163,966,242041,211028,486,1095,0.11111111111111108,122.8751333333333
6164,966,242041,211028,426,1098,0.11111111111111108,122.8751333333333
6165,966,242041,211028,426,1096,0.11111111111111108,122.8751333333333
6166,966,242041,211028,426,1095,0.11111111111111108,122.8751333333333
6167,966,242041,211028,489,1098,0.11111111111111108,122.8751333333333
6168,966,242041,211028,489,1096,0.11111111111111108,122.8751333333333
6169,966,242041,211028,489,1095,0.11111111111111108,122.8751333333333
6170,967,242041,229012,486,87,0.11111111111111108,20.74427777777777
6171,967,242041,229012,486,96,0.11111111111111108,20.74427777777777
6172,967,242041,229012,486,98,0.11111111111111108,20.74427777777777
6173,967,242041,229012,426,87,0.11111111111111108,20.74427777777777
6174,967,242041,229012,426,96,0.11111111111111108,20.74427777777777
6175,967,242041,229012,426,98,0.11111111111111108,20.74427777777777
6176,967,242041,229012,489,87,0.11111111111111108,20.74427777777777
6177,967,242041,229012,489,96,0.11111111111111108,20.74427777777777
6178,967,242041,229012,489,98,0.11111111111111108,20.74427777777777
6179,968,242041,247006,486,1139,0.11111111111111108,19.478188888888884
6180,968,242041,247006,486,313,0.11111111111111108,19.478188888888884
6181,968,242041,247006,486,1136,0.11111111111111108,19.478188888888884
6182,968,242041,247006,426,1139,0.11111111111111108,19.478188888888884
6183,968,242041,247006,426,313,0.11111111111111108,19.478188888888884
6184,968,242041,247006,426,1136,0.11111111111111108,19.478188888888884
6185,968,242041,247006,489,1139,0.11111111111111108,19.478188888888884
6186,968,242041,247006,489,313,0.11111111111111108,19.478188888888884
6187,968,242041,247006,489,1136,0.11111111111111108,19.478188888888884
6188,969,242041,255014,486,1240,0.11111111111111108,7.922288888888887
6189,969,242041,255014,486,19,0.11111111111111108,7.922288888888887
6190,969,242041,255014,486,1635,0.11111111111111108,7.922288888888887
6191,969,242041,255014,426,1240,0.11111111111111108,7.922288888888887
6192,969,242041,255014,426,19,0.11111111111111108,7.922288888888887
6193,969,242041,255014,426,1635,0.11111111111111108,7.922288888888887
6194,969,242041,255014,489,1240,0.11111111111111108,7.922288888888887
6195,969,242041,255014,489,19,0.11111111111111108,7.922288888888887
6196,969,242041,255014,489,1635,0.11111111111111108,7.922288888888887
6197,970,242041,261019,486,1635,0.11111111111111108,11.47562222222222
6198,970,242041,261019,486,1240,0.11111111111111108,11.47562222222222
6199,970,242041,261019,486,68,0.11111111111111108,11.47562222222222
6200,970,242041,261019,426,1635,0.11111111111111108,11.47562222222222
6201,970,242041,261019,426,1240,0.11111111111111108,11.47562222222222
6202,970,242041,261019,426,68,0.11111111111111108,11.47562222222222
6203,970,242041,261019,489,1635,0.11111111111111108,11.47562222222222
6204,970,242041,261019,489,1240,0.11111111111111108,11.47562222222222
6205,970,242041,261019,489,68,0.11111111111111108,11.47562222222222
6206,971,242041,271040,486,1187,0.11111111111111108,11.515488888888886
6207,971,242041,271040,486,1195,0.11111111111111108,11.515488888888886
6208,971,242041,271040,486,1186,0.11111111111111108,11.515488888888886
6209,971,242041,271040,426,1187,0.11111111111111108,11.515488888888886
6210,971,242041,271040,426,1195,0.11111111111111108,11.515488888888886
6211,971,242041,271040,426,1186,0.11111111111111108,11.515488888888886
6212,971,242041,271040,489,1187,0.11111111111111108,11.515488888888886
6213,971,242041,271040,489,1195,0.11111111111111108,11.515488888888886
6214,971,242041,271040,489,1186,0.11111111111111108,11.515488888888886
6215,972,242041,272017,486,1501,0.11111111111111108,10.200699999999998
6216,972,242041,272017,486,907,0.11111111111111108,10.200699999999998
6217,972,242041,272017,486,1188,0.11111111111111108,10.200699999999998
6218,972,242041,272017,426,1501,0.11111111111111108,10.200699999999998
6219,972,242041,272017,426,907,0.11111111111111108,10.200699999999998
6220,972,242041,272017,426,1188,0.11111111111111108,10.200699999999998
6221,972,242041,272017,489,1501,0.11111111111111108,10.200699999999998
6222,972,242041,272017,489,907,0.11111111111111108,10.200699999999998
6223,972,242041,272017,489,1188,0.11111111111111108,10.200699999999998
6224,973,242041,286017,486,1585,0.16666666666666669,15.984900000000001
6225,973,242041,286017,486,1584,0.16666666666666669,15.984900000000001
6226,973,242041,286017,426,1585,0.16666666666666669,15.984900000000001
6227,973,242041,286017,426,1584,0.16666666666666669,15.984900000000001
6228,973,242041,286017,489,1585,0.16666666666666669,15.984900000000001
6229,973,242041,286017,489,1584,0.16666666666666669,15.984900000000001
6230,974,242043,245016,1132,230,0.11111111111111108,21.582488888888886
6231,974,242043,245016,1132,285,0.11111111111111108,21.582488888888886
6232,974,242043,245016,1132,1463,0.11111111111111108,21.582488888888886
6233,974,242043,245016,483,230,0.11111111111111108,21.582488888888886
6234,974,242043,245016,483,285,0.11111111111111108,21.582488888888886
6235,974,242043,245016,483,1463,0.11111111111111108,21.582488888888886
6236,974,242043,245016,396,230,0.11111111111111108,21.582488888888886
6237,974,242043,245016,396,285,0.11111111111111108,21.582488888888886
6238,974,242043,245016,396,1463,0.11111111111111108,21.582488888888886
6239,975,242045,236010,1128,460,0.11111111111111108,57.69825555555554
6240,975,242045,236010,1128,991,0.11111111111111108,57.69825555555554
6241,975,242045,236010,1128,362,0.11111111111111108,57.69825555555554
6242,975,242045,236010,1132,460,0.11111111111111108,57.69825555555554
6243,975,242045,236010,1132,991,0.11111111111111108,57.69825555555554
6244,975,242045,236010,1132,362,0.11111111111111108,57.69825555555554
6245,975,242045,236010,1131,460,0.11111111111111108,57.69825555555554
6246,975,242045,236010,1131,991,0.11111111111111108,57.69825555555554
6247,975,242045,236010,1131,362,0.11111111111111108,57.69825555555554
6248,976,242046,153010,427,1463,0.11111111111111108,17.161811111111106
6249,976,242046,153010,427,1462,0.11111111111111108,17.161811111111106
6250,976,242046,153010,427,226,0.11111111111111108,17.161811111111106
6251,976,242046,153010,480,1463,0.11111111111111108,17.161811111111106
6252,976,242046,153010,480,1462,0.11111111111111108,17.161811111111106
6253,976,242046,153010,480,226,0.11111111111111108,17.161811111111106
6254,976,242046,153010,493,1463,0.11111111111111108,17.161811111111106
6255,976,242046,153010,493,1462,0.11111111111111108,17.161811111111106
6256,976,242046,153010,493,226,0.11111111111111108,17.161811111111106
6257,977,242046,215006,427,1109,0.11111111111111108,4.247333333333332
6258,977,242046,215006,427,1404,0.11111111111111108,4.247333333333332
6259,977,242046,215006,427,1513,0.11111111111111108,4.247333333333332
6260,977,242046,215006,480,1109,0.11111111111111108,4.247333333333332
6261,977,242046,215006,480,1404,0.11111111111111108,4.247333333333332
6262,977,242046,215006,480,1513,0.11111111111111108,4.247333333333332
6263,977,242046,215006,493,1109,0.11111111111111108,4.247333333333332
6264,977,242046,215006,493,1404,0.11111111111111108,4.247333333333332
6265,977,242046,215006,493,1513,0.11111111111111108,4.247333333333332
6266,978,242046,222027,427,96,0.11111111111111108,21.696422222222218
6267,978,242046,222027,427,698,0.11111111111111108,21.696422222222218
6268,978,242046,222027,427,692,0.11111111111111108,21.696422222222218
6269,978,242046,222027,480,96,0.11111111111111108,21.696422222222218
6270,978,242046,222027,480,698,0.11111111111111108,21.696422222222218
6271,978,242046,222027,480,692,0.11111111111111108,21.696422222222218
6272,978,242046,222027,493,96,0.11111111111111108,21.696422222222218
6273,978,242046,222027,493,698,0.11111111111111108,21.696422222222218
6274,978,242046,222027,493,692,0.11111111111111108,21.696422222222218
6275,979,242046,227023,427,994,0.3333333333333333,33.976
6276,979,242046,227023,480,994,0.3333333333333333,33.976
6277,979,242046,227023,493,994,0.3333333333333333,33.976
6278,980,242046,245017,427,285,0.11111111111111108,56.33524444444443
6279,980,242046,245017,427,1463,0.11111111111111108,56.33524444444443
6280,980,242046,245017,427,541,0.11111111111111108,56.33524444444443
6281,980,242046,245017,480,285,0.11111111111111108,56.33524444444443
6282,980,242046,245017,480,1463,0.11111111111111108,56.33524444444443
6283,980,242046,245017,480,541,0.11111111111111108,56.33524444444443
6284,980,242046,245017,493,285,0.11111111111111108,56.33524444444443
6285,980,242046,245017,493,1463,0.11111111111111108,56.33524444444443
6286,980,242046,245017,493,541,0.11111111111111108,56.33524444444443
6287,981,242046,269001,427,1240,0.11111111111111108,29.215122222222213
6288,981,242046,269001,427,717,0.11111111111111108,29.215122222222213
6289,981,242046,269001,427,70,0.11111111111111108,29.215122222222213
6290,981,242046,269001,480,1240,0.11111111111111108,29.215122222222213
6291,981,242046,269001,480,717,0.11111111111111108,29.215122222222213
6292,981,242046,269001,480,70,0.11111111111111108,29.215122222222213
6293,981,242046,269001,493,1240,0.11111111111111108,29.215122222222213
6294,981,242046,269001,493,717,0.11111111111111108,29.215122222222213
6295,981,242046,269001,493,70,0.11111111111111108,29.215122222222213
6296,982,242046,283028,427,1634,0.16666666666666669,16.47491666666667
6297,982,242046,283028,427,328,0.16666666666666669,16.47491666666667
6298,982,242046,283028,480,1634,0.16666666666666669,16.47491666666667
6299,982,242046,283028,480,328,0.16666666666666669,16.47491666666667
6300,982,242046,283028,493,1634,0.16666666666666669,16.47491666666667
6301,982,242046,283028,493,328,0.16666666666666669,16.47491666666667
6302,983,242048,253014,1127,1717,0.5,49.67455
6303,983,242048,253014,1127,1718,0.5,49.67455
6304,984,242048,263016,1127,1251,0.3333333333333333,49.141866666666665
6305,984,242048,263016,1127,1376,0.3333333333333333,49.141866666666665
6306,984,242048,263016,1127,1317,0.3333333333333333,49.141866666666665
6307,985,243001,222013,525,112,0.3333333333333333,100.27199999999999
6308,985,243001,222013,525,751,0.3333333333333333,100.27199999999999
6309,985,243001,222013,525,605,0.3333333333333333,100.27199999999999
6310,986,243003,211024,469,1105,0.5,46.7908
6311,986,243003,211024,304,1105,0.5,46.7908
6312,987,243004,226007,356,966,0.11111111111111108,120.51077777777775
6313,987,243004,226007,356,1005,0.11111111111111108,120.51077777777775
6314,987,243004,226007,356,1485,0.11111111111111108,120.51077777777775
6315,987,243004,226007,1525,966,0.11111111111111108,120.51077777777775
6316,987,243004,226007,1525,1005,0.11111111111111108,120.51077777777775
6317,987,243004,226007,1525,1485,0.11111111111111108,120.51077777777775
6318,987,243004,226007,1278,966,0.11111111111111108,120.51077777777775
6319,987,243004,226007,1278,1005,0.11111111111111108,120.51077777777775
6320,987,243004,226007,1278,1485,0.11111111111111108,120.51077777777775
6321,988,243008,153027,1205,1463,0.16666666666666669,13.752066666666668
6322,988,243008,153027,1205,1462,0.16666666666666669,13.752066666666668
6323,988,243008,153027,1205,226,0.16666666666666669,13.752066666666668
6324,988,243008,153027,496,1463,0.16666666666666669,13.752066666666668
6325,988,243008,153027,496,1462,0.16666666666666669,13.752066666666668
6326,988,243008,153027,496,226,0.16666666666666669,13.752066666666668
6327,989,243008,220029,1205,1543,0.16666666666666669,13.453416666666667
6328,989,243008,220029,1205,599,0.16666666666666669,13.453416666666667
6329,989,243008,220029,1205,609,0.16666666666666669,13.453416666666667
6330,989,243008,220029,496,1543,0.16666666666666669,13.453416666666667
6331,989,243008,220029,496,599,0.16666666666666669,13.453416666666667
6332,989,243008,220029,496,609,0.16666666666666669,13.453416666666667
6333,990,243008,237001,1205,1289,0.16666666666666669,330.61688333333336
6334,990,243008,237001,1205,1518,0.16666666666666669,330.61688333333336
6335,990,243008,237001,1205,1588,0.16666666666666669,330.61688333333336
6336,990,243008,237001,496,1289,0.16666666666666669,330.61688333333336
6337,990,243008,237001,496,1518,0.16666666666666669,330.61688333333336
6338,990,243008,237001,496,1588,0.16666666666666669,330.61688333333336
6339,991,243008,241013,1205,1130,0.16666666666666669,97.82448333333335
6340,991,243008,241013,1205,1299,0.16666666666666669,97.82448333333335
6341,991,243008,241013,1205,1137,0.16666666666666669,97.82448333333335
6342,991,243008,241013,496,1130,0.16666666666666669,97.82448333333335
6343,991,243008,241013,496,1299,0.16666666666666669,97.82448333333335
6344,991,243008,241013,496,1137,0.16666666666666669,97.82448333333335
6345,992,243008,245017,1205,285,0.16666666666666669,152.4579666666667
6346,992,243008,245017,1205,1463,0.16666666666666669,152.4579666666667
6347,992,243008,245017,1205,541,0.16666666666666669,152.4579666666667
6348,992,243008,245017,496,285,0.16666666666666669,152.4579666666667
6349,992,243008,245017,496,1463,0.16666666666666669,152.4579666666667
6350,992,243008,245017,496,541,0.16666666666666669,152.4579666666667
6351,993,243008,245018,1205,1223,0.16666666666666669,151.53280000000004
6352,993,243008,245018,1205,1726,0.16666666666666669,151.53280000000004
6353,993,243008,245018,1205,230,0.16666666666666669,151.53280000000004
6354,993,243008,245018,496,1223,0.16666666666666669,151.53280000000004
6355,993,243008,245018,496,1726,0.16666666666666669,151.53280000000004
6356,993,243008,245018,496,230,0.16666666666666669,151.53280000000004
6357,994,243010,226007,485,966,0.3333333333333333,61.05593333333333
6358,994,243010,226007,485,1005,0.3333333333333333,61.05593333333333
6359,994,243010,226007,485,1485,0.3333333333333333,61.05593333333333
6360,995,243010,283028,485,1634,0.5,427.49515
6361,995,243010,283028,485,328,0.5,427.49515
6362,996,243014,246006,1087,1541,0.5,709.7972
6363,996,243014,246006,1087,1661,0.5,709.7972
6364,997,243014,285024,1087,924,0.3333333333333333,315.5743
6365,997,243014,285024,1087,1309,0.3333333333333333,315.5743
6366,997,243014,285024,1087,1689,0.3333333333333333,315.5743
6367,998,243015,283028,1088,1634,0.16666666666666669,16.159850000000002
6368,998,243015,283028,1088,328,0.16666666666666669,16.159850000000002
6369,998,243015,283028,1205,1634,0.16666666666666669,16.159850000000002
6370,998,243015,283028,1205,328,0.16666666666666669,16.159850000000002
6371,998,243015,283028,882,1634,0.16666666666666669,16.159850000000002
6372,998,243015,283028,882,328,0.16666666666666669,16.159850000000002
6373,999,243021,212022,1087,945,0.11111111111111108,14.10334444444444
6374,999,243021,212022,1087,1121,0.11111111111111108,14.10334444444444
6375,999,243021,212022,1087,1388,0.11111111111111108,14.10334444444444
6376,999,243021,212022,1204,945,0.11111111111111108,14.10334444444444
6377,999,243021,212022,1204,1121,0.11111111111111108,14.10334444444444
6378,999,243021,212022,1204,1388,0.11111111111111108,14.10334444444444
6379,999,243021,212022,375,945,0.11111111111111108,14.10334444444444
6380,999,243021,212022,375,1121,0.11111111111111108,14.10334444444444
6381,999,243021,212022,375,1388,0.11111111111111108,14.10334444444444
6382,1000,243021,242001,1087,890,0.11111111111111108,26.765044444444435
6383,1000,243021,242001,1087,492,0.11111111111111108,26.765044444444435
6384,1000,243021,242001,1087,1350,0.11111111111111108,26.765044444444435
6385,1000,243021,242001,1204,890,0.11111111111111108,26.765044444444435
6386,1000,243021,242001,1204,492,0.11111111111111108,26.765044444444435
6387,1000,243021,242001,1204,1350,0.11111111111111108,26.765044444444435
6388,1000,243021,242001,375,890,0.11111111111111108,26.765044444444435
6389,1000,243021,242001,375,492,0.11111111111111108,26.765044444444435
6390,1000,243021,242001,375,1350,0.11111111111111108,26.765044444444435
6391,1001,243021,245018,1087,1223,0.11111111111111108,274.23081111111105
6392,1001,243021,245018,1087,1726,0.11111111111111108,274.23081111111105
6393,1001,243021,245018,1087,230,0.11111111111111108,274.23081111111105
6394,1001,243021,245018,1204,1223,0.11111111111111108,274.23081111111105
6395,1001,243021,245018,1204,1726,0.11111111111111108,274.23081111111105
6396,1001,243021,245018,1204,230,0.11111111111111108,274.23081111111105
6397,1001,243021,245018,375,1223,0.11111111111111108,274.23081111111105
6398,1001,243021,245018,375,1726,0.11111111111111108,274.23081111111105
6399,1001,243021,245018,375,230,0.11111111111111108,274.23081111111105
6400,1002,243027,251004,374,305,0.11111111111111108,198.8553666666666
6401,1002,243027,251004,374,1443,0.11111111111111108,198.8553666666666
6402,1002,243027,251004,374,7,0.11111111111111108,198.8553666666666
6403,1002,243027,251004,1694,305,0.11111111111111108,198.8553666666666
6404,1002,243027,251004,1694,1443,0.11111111111111108,198.8553666666666
6405,1002,243027,251004,1694,7,0.11111111111111108,198.8553666666666
6406,1002,243027,251004,377,305,0.11111111111111108,198.8553666666666
6407,1002,243027,251004,377,1443,0.11111111111111108,198.8553666666666
6408,1002,243027,251004,377,7,0.11111111111111108,198.8553666666666
6409,1003,243030,151041,296,1114,0.11111111111111108,7.364588888888887
6410,1003,243030,151041,296,395,0.11111111111111108,7.364588888888887
6411,1003,243030,151041,296,1463,0.11111111111111108,7.364588888888887
6412,1003,243030,151041,514,1114,0.11111111111111108,7.364588888888887
6413,1003,243030,151041,514,395,0.11111111111111108,7.364588888888887
6414,1003,243030,151041,514,1463,0.11111111111111108,7.364588888888887
6415,1003,243030,151041,1079,1114,0.11111111111111108,7.364588888888887
6416,1003,243030,151041,1079,395,0.11111111111111108,7.364588888888887
6417,1003,243030,151041,1079,1463,0.11111111111111108,7.364588888888887
6418,1004,243030,211020,296,495,0.3333333333333333,70.40493333333333
6419,1004,243030,211020,514,495,0.3333333333333333,70.40493333333333
6420,1004,243030,211020,1079,495,0.3333333333333333,70.40493333333333
6421,1005,243030,244018,296,1453,0.3333333333333333,23.56321573976608
6422,1005,243030,244018,514,1453,0.3333333333333333,23.56321573976608
6423,1005,243030,244018,1079,1453,0.3333333333333333,23.56321573976608
6424,1006,243033,243045,368,372,0.3333333333333333,35.068133333333336
6425,1006,243033,243045,368,360,0.3333333333333333,35.068133333333336
6426,1006,243033,243045,368,375,0.3333333333333333,35.068133333333336
6427,1007,243035,264017,510,1635,0.11111111111111108,7.804722222222221
6428,1007,243035,264017,510,318,0.11111111111111108,7.804722222222221
6429,1007,243035,264017,510,320,0.11111111111111108,7.804722222222221
6430,1007,243035,264017,296,1635,0.11111111111111108,7.804722222222221
6431,1007,243035,264017,296,318,0.11111111111111108,7.804722222222221
6432,1007,243035,264017,296,320,0.11111111111111108,7.804722222222221
6433,1007,243035,264017,529,1635,0.11111111111111108,7.804722222222221
6434,1007,243035,264017,529,318,0.11111111111111108,7.804722222222221
6435,1007,243035,264017,529,320,0.11111111111111108,7.804722222222221
6436,1008,243036,281028,510,1249,0.11111111111111108,19.958799999999997
6437,1008,243036,281028,510,1669,0.11111111111111108,19.958799999999997
6438,1008,243036,281028,510,1554,0.11111111111111108,19.958799999999997
6439,1008,243036,281028,515,1249,0.11111111111111108,19.958799999999997
6440,1008,243036,281028,515,1669,0.11111111111111108,19.958799999999997
6441,1008,243036,281028,515,1554,0.11111111111111108,19.958799999999997
6442,1008,243036,281028,368,1249,0.11111111111111108,19.958799999999997
6443,1008,243036,281028,368,1669,0.11111111111111108,19.958799999999997
6444,1008,243036,281028,368,1554,0.11111111111111108,19.958799999999997
6445,1009,243037,237003,1577,902,0.25,140.69795
6446,1009,243037,237003,1577,463,0.25,140.69795
6447,1009,243037,237003,368,902,0.25,140.69795
6448,1009,243037,237003,368,463,0.25,140.69795
6449,1010,243040,152005,1085,394,0.3333333333333333,38.8636
6450,1010,243040,152005,1085,1463,0.3333333333333333,38.8636
6451,1010,243040,152005,1085,1462,0.3333333333333333,38.8636
6452,1011,243043,247006,1077,1139,0.11111111111111108,16.047377777777772
6453,1011,243043,247006,1077,313,0.11111111111111108,16.047377777777772
6454,1011,243043,247006,1077,1136,0.11111111111111108,16.047377777777772
6455,1011,243043,247006,1081,1139,0.11111111111111108,16.047377777777772
6456,1011,243043,247006,1081,313,0.11111111111111108,16.047377777777772
6457,1011,243043,247006,1081,1136,0.11111111111111108,16.047377777777772
6458,1011,243043,247006,1695,1139,0.11111111111111108,16.047377777777772
6459,1011,243043,247006,1695,313,0.11111111111111108,16.047377777777772
6460,1011,243043,247006,1695,1136,0.11111111111111108,16.047377777777772
6461,1012,243043,267040,1077,624,0.11111111111111108,9.584733333333332
6462,1012,243043,267040,1077,631,0.11111111111111108,9.584733333333332
6463,1012,243043,267040,1077,985,0.11111111111111108,9.584733333333332
6464,1012,243043,267040,1081,624,0.11111111111111108,9.584733333333332
6465,1012,243043,267040,1081,631,0.11111111111111108,9.584733333333332
6466,1012,243043,267040,1081,985,0.11111111111111108,9.584733333333332
6467,1012,243043,267040,1695,624,0.11111111111111108,9.584733333333332
6468,1012,243043,267040,1695,631,0.11111111111111108,9.584733333333332
6469,1012,243043,267040,1695,985,0.11111111111111108,9.584733333333332
6470,1013,243044,214005,298,830,0.5,41.664
6471,1013,243044,214005,1081,830,0.5,41.664
6472,1014,243044,229022,298,166,0.25,21.658675
6473,1014,243044,229022,298,610,0.25,21.658675
6474,1014,243044,229022,1081,166,0.25,21.658675
6475,1014,243044,229022,1081,610,0.25,21.658675
6476,1015,243044,255001,298,1635,0.16666666666666669,15.247000000000002
6477,1015,243044,255001,298,1281,0.16666666666666669,15.247000000000002
6478,1015,243044,255001,298,69,0.16666666666666669,15.247000000000002
6479,1015,243044,255001,1081,1635,0.16666666666666669,15.247000000000002
6480,1015,243044,255001,1081,1281,0.16666666666666669,15.247000000000002
6481,1015,243044,255001,1081,69,0.16666666666666669,15.247000000000002
6482,1016,243044,269001,298,1240,0.16666666666666669,14.70571666666667
6483,1016,243044,269001,298,717,0.16666666666666669,14.70571666666667
6484,1016,243044,269001,298,70,0.16666666666666669,14.70571666666667
6485,1016,243044,269001,1081,1240,0.16666666666666669,14.70571666666667
6486,1016,243044,269001,1081,717,0.16666666666666669,14.70571666666667
6487,1016,243044,269001,1081,70,0.16666666666666669,14.70571666666667
6488,1017,243044,284016,298,1249,0.16666666666666669,20.96211666666667
6489,1017,243044,284016,298,334,0.16666666666666669,20.96211666666667
6490,1017,243044,284016,298,1548,0.16666666666666669,20.96211666666667
6491,1017,243044,284016,1081,1249,0.16666666666666669,20.96211666666667
6492,1017,243044,284016,1081,334,0.16666666666666669,20.96211666666667
6493,1017,243044,284016,1081,1548,0.16666666666666669,20.96211666666667
6494,1018,243045,113003,372,74,0.11111111111111108,5.228055555555555
6495,1018,243045,113003,372,1608,0.11111111111111108,5.228055555555555
6496,1018,243045,113003,372,170,0.11111111111111108,5.228055555555555
6497,1018,243045,113003,360,74,0.11111111111111108,5.228055555555555
6498,1018,243045,113003,360,1608,0.11111111111111108,5.228055555555555
6499,1018,243045,113003,360,170,0.11111111111111108,5.228055555555555
6500,1018,243045,113003,375,74,0.11111111111111108,5.228055555555555
6501,1018,243045,113003,375,1608,0.11111111111111108,5.228055555555555
6502,1018,243045,113003,375,170,0.11111111111111108,5.228055555555555
6503,1019,243045,216002,372,642,0.11111111111111108,24.077344444444435
6504,1019,243045,216002,372,288,0.11111111111111108,24.077344444444435
6505,1019,243045,216002,372,289,0.11111111111111108,24.077344444444435
6506,1019,243045,216002,360,642,0.11111111111111108,24.077344444444435
6507,1019,243045,216002,360,288,0.11111111111111108,24.077344444444435
6508,1019,243045,216002,360,289,0.11111111111111108,24.077344444444435
6509,1019,243045,216002,375,642,0.11111111111111108,24.077344444444435
6510,1019,243045,216002,375,288,0.11111111111111108,24.077344444444435
6511,1019,243045,216002,375,289,0.11111111111111108,24.077344444444435
6512,1020,243045,226011,372,921,0.11111111111111108,6.443455555555554
6513,1020,243045,226011,372,813,0.11111111111111108,6.443455555555554
6514,1020,243045,226011,372,964,0.11111111111111108,6.443455555555554
6515,1020,243045,226011,360,921,0.11111111111111108,6.443455555555554
6516,1020,243045,226011,360,813,0.11111111111111108,6.443455555555554
6517,1020,243045,226011,360,964,0.11111111111111108,6.443455555555554
6518,1020,243045,226011,375,921,0.11111111111111108,6.443455555555554
6519,1020,243045,226011,375,813,0.11111111111111108,6.443455555555554
6520,1020,243045,226011,375,964,0.11111111111111108,6.443455555555554
6521,1021,243045,243033,372,368,0.3333333333333333,35.068133333333336
6522,1021,243045,243033,360,368,0.3333333333333333,35.068133333333336
6523,1021,243045,243033,375,368,0.3333333333333333,35.068133333333336
6524,1022,243045,243049,372,1469,0.11111111111111108,17.311755555555553
6525,1022,243045,243049,372,502,0.11111111111111108,17.311755555555553
6526,1022,243045,243049,372,1727,0.11111111111111108,17.311755555555553
6527,1022,243045,243049,360,1469,0.11111111111111108,17.311755555555553
6528,1022,243045,243049,360,502,0.11111111111111108,17.311755555555553
6529,1022,243045,243049,360,1727,0.11111111111111108,17.311755555555553
6530,1022,243045,243049,375,1469,0.11111111111111108,17.311755555555553
6531,1022,243045,243049,375,502,0.11111111111111108,17.311755555555553
6532,1022,243045,243049,375,1727,0.11111111111111108,17.311755555555553
6533,1023,243045,269001,372,1240,0.11111111111111108,21.485855555555553
6534,1023,243045,269001,372,717,0.11111111111111108,21.485855555555553
6535,1023,243045,269001,372,70,0.11111111111111108,21.485855555555553
6536,1023,243045,269001,360,1240,0.11111111111111108,21.485855555555553
6537,1023,243045,269001,360,717,0.11111111111111108,21.485855555555553
6538,1023,243045,269001,360,70,0.11111111111111108,21.485855555555553
6539,1023,243045,269001,375,1240,0.11111111111111108,21.485855555555553
6540,1023,243045,269001,375,717,0.11111111111111108,21.485855555555553
6541,1023,243045,269001,375,70,0.11111111111111108,21.485855555555553
6542,1024,243047,213004,482,286,0.11111111111111108,20.135051466213337
6543,1024,243047,213004,482,302,0.11111111111111108,20.135051466213337
6544,1024,243047,213004,482,1680,0.11111111111111108,20.135051466213337
6545,1024,243047,213004,1499,286,0.11111111111111108,20.135051466213337
6546,1024,243047,213004,1499,302,0.11111111111111108,20.135051466213337
6547,1024,243047,213004,1499,1680,0.11111111111111108,20.135051466213337
6548,1024,243047,213004,298,286,0.11111111111111108,20.135051466213337
6549,1024,243047,213004,298,302,0.11111111111111108,20.135051466213337
6550,1024,243047,213004,298,1680,0.11111111111111108,20.135051466213337
6551,1025,243047,237003,482,902,0.16666666666666669,190.1148166666667
6552,1025,243047,237003,482,463,0.16666666666666669,190.1148166666667
6553,1025,243047,237003,1499,902,0.16666666666666669,190.1148166666667
6554,1025,243047,237003,1499,463,0.16666666666666669,190.1148166666667
6555,1025,243047,237003,298,902,0.16666666666666669,190.1148166666667
6556,1025,243047,237003,298,463,0.16666666666666669,190.1148166666667
6557,1026,243047,242041,482,486,0.11111111111111108,33.80786666666666
6558,1026,243047,242041,482,426,0.11111111111111108,33.80786666666666
6559,1026,243047,242041,482,489,0.11111111111111108,33.80786666666666
6560,1026,243047,242041,1499,486,0.11111111111111108,33.80786666666666
6561,1026,243047,242041,1499,426,0.11111111111111108,33.80786666666666
6562,1026,243047,242041,1499,489,0.11111111111111108,33.80786666666666
6563,1026,243047,242041,298,486,0.11111111111111108,33.80786666666666
6564,1026,243047,242041,298,426,0.11111111111111108,33.80786666666666
6565,1026,243047,242041,298,489,0.11111111111111108,33.80786666666666
6566,1027,243047,243008,482,1205,0.16666666666666669,41.48826666666667
6567,1027,243047,243008,482,496,0.16666666666666669,41.48826666666667
6568,1027,243047,243008,1499,1205,0.16666666666666669,41.48826666666667
6569,1027,243047,243008,1499,496,0.16666666666666669,41.48826666666667
6570,1027,243047,243008,298,1205,0.16666666666666669,41.48826666666667
6571,1027,243047,243008,298,496,0.16666666666666669,41.48826666666667
6572,1028,243049,113015,1469,74,0.11111111111111108,10.86631111111111
6573,1028,243049,113015,1469,1371,0.11111111111111108,10.86631111111111
6574,1028,243049,113015,1469,170,0.11111111111111108,10.86631111111111
6575,1028,243049,113015,502,74,0.11111111111111108,10.86631111111111
6576,1028,243049,113015,502,1371,0.11111111111111108,10.86631111111111
6577,1028,243049,113015,502,170,0.11111111111111108,10.86631111111111
6578,1028,243049,113015,1727,74,0.11111111111111108,10.86631111111111
6579,1028,243049,113015,1727,1371,0.11111111111111108,10.86631111111111
6580,1028,243049,113015,1727,170,0.11111111111111108,10.86631111111111
6581,1029,243049,153007,1469,1114,0.11111111111111108,8.37262222222222
6582,1029,243049,153007,1469,1463,0.11111111111111108,8.37262222222222
6583,1029,243049,153007,1469,223,0.11111111111111108,8.37262222222222
6584,1029,243049,153007,502,1114,0.11111111111111108,8.37262222222222
6585,1029,243049,153007,502,1463,0.11111111111111108,8.37262222222222
6586,1029,243049,153007,502,223,0.11111111111111108,8.37262222222222
6587,1029,243049,153007,1727,1114,0.11111111111111108,8.37262222222222
6588,1029,243049,153007,1727,1463,0.11111111111111108,8.37262222222222
6589,1029,243049,153007,1727,223,0.11111111111111108,8.37262222222222
6590,1030,243049,234025,1469,459,0.11111111111111108,7.932377777777776
6591,1030,243049,234025,1469,1518,0.11111111111111108,7.932377777777776
6592,1030,243049,234025,1469,410,0.11111111111111108,7.932377777777776
6593,1030,243049,234025,502,459,0.11111111111111108,7.932377777777776
6594,1030,243049,234025,502,1518,0.11111111111111108,7.932377777777776
6595,1030,243049,234025,502,410,0.11111111111111108,7.932377777777776
6596,1030,243049,234025,1727,459,0.11111111111111108,7.932377777777776
6597,1030,243049,234025,1727,1518,0.11111111111111108,7.932377777777776
6598,1030,243049,234025,1727,410,0.11111111111111108,7.932377777777776
6599,1031,243049,243045,1469,372,0.11111111111111108,17.311755555555553
6600,1031,243049,243045,1469,360,0.11111111111111108,17.311755555555553
6601,1031,243049,243045,1469,375,0.11111111111111108,17.311755555555553
6602,1031,243049,243045,502,372,0.11111111111111108,17.311755555555553
6603,1031,243049,243045,502,360,0.11111111111111108,17.311755555555553
6604,1031,243049,243045,502,375,0.11111111111111108,17.311755555555553
6605,1031,243049,243045,1727,372,0.11111111111111108,17.311755555555553
6606,1031,243049,243045,1727,360,0.11111111111111108,17.311755555555553
6607,1031,243049,243045,1727,375,0.11111111111111108,17.311755555555553
6608,1032,243049,271016,1469,1578,0.11111111111111108,116.97342222222218
6609,1032,243049,271016,1469,352,0.11111111111111108,116.97342222222218
6610,1032,243049,271016,1469,1206,0.11111111111111108,116.97342222222218
6611,1032,243049,271016,502,1578,0.11111111111111108,116.97342222222218
6612,1032,243049,271016,502,352,0.11111111111111108,116.97342222222218
6613,1032,243049,271016,502,1206,0.11111111111111108,116.97342222222218
6614,1032,243049,271016,1727,1578,0.11111111111111108,116.97342222222218
6615,1032,243049,271016,1727,352,0.11111111111111108,116.97342222222218
6616,1032,243049,271016,1727,1206,0.11111111111111108,116.97342222222218
6617,1033,243049,271040,1469,1187,0.11111111111111108,7.932377777777776
6618,1033,243049,271040,1469,1195,0.11111111111111108,7.932377777777776
6619,1033,243049,271040,1469,1186,0.11111111111111108,7.932377777777776
6620,1033,243049,271040,502,1187,0.11111111111111108,7.932377777777776
6621,1033,243049,271040,502,1195,0.11111111111111108,7.932377777777776
6622,1033,243049,271040,502,1186,0.11111111111111108,7.932377777777776
6623,1033,243049,271040,1727,1187,0.11111111111111108,7.932377777777776
6624,1033,243049,271040,1727,1195,0.11111111111111108,7.932377777777776
6625,1033,243049,271040,1727,1186,0.11111111111111108,7.932377777777776
6626,1034,243049,284010,1469,337,0.11111111111111108,15.142177777777771
6627,1034,243049,284010,1469,329,0.11111111111111108,15.142177777777771
6628,1034,243049,284010,1469,1249,0.11111111111111108,15.142177777777771
6629,1034,243049,284010,502,337,0.11111111111111108,15.142177777777771
6630,1034,243049,284010,502,329,0.11111111111111108,15.142177777777771
6631,1034,243049,284010,502,1249,0.11111111111111108,15.142177777777771
6632,1034,243049,284010,1727,337,0.11111111111111108,15.142177777777771
6633,1034,243049,284010,1727,329,0.11111111111111108,15.142177777777771
6634,1034,243049,284010,1727,1249,0.11111111111111108,15.142177777777771
6635,1035,244001,242003,428,1512,0.5,36.0394
6636,1035,244001,242003,428,325,0.5,36.0394
6637,1036,244002,222012,885,754,0.11111111111111108,8.08402222222222
6638,1036,244002,222012,885,762,0.11111111111111108,8.08402222222222
6639,1036,244002,222012,885,665,0.11111111111111108,8.08402222222222
6640,1036,244002,222012,533,754,0.11111111111111108,8.08402222222222
6641,1036,244002,222012,533,762,0.11111111111111108,8.08402222222222
6642,1036,244002,222012,533,665,0.11111111111111108,8.08402222222222
6643,1036,244002,222012,427,754,0.11111111111111108,8.08402222222222
6644,1036,244002,222012,427,762,0.11111111111111108,8.08402222222222
6645,1036,244002,222012,427,665,0.11111111111111108,8.08402222222222
6646,1037,244002,229044,885,91,0.11111111111111108,7.414877777777776
6647,1037,244002,229044,885,92,0.11111111111111108,7.414877777777776
6648,1037,244002,229044,885,693,0.11111111111111108,7.414877777777776
6649,1037,244002,229044,533,91,0.11111111111111108,7.414877777777776
6650,1037,244002,229044,533,92,0.11111111111111108,7.414877777777776
6651,1037,244002,229044,533,693,0.11111111111111108,7.414877777777776
6652,1037,244002,229044,427,91,0.11111111111111108,7.414877777777776
6653,1037,244002,229044,427,92,0.11111111111111108,7.414877777777776
6654,1037,244002,229044,427,693,0.11111111111111108,7.414877777777776
6655,1038,244008,236024,1684,997,0.11111111111111108,17.07681111111111
6656,1038,244008,236024,1684,417,0.11111111111111108,17.07681111111111
6657,1038,244008,236024,1684,32,0.11111111111111108,17.07681111111111
6658,1038,244008,236024,1507,997,0.11111111111111108,17.07681111111111
6659,1038,244008,236024,1507,417,0.11111111111111108,17.07681111111111
6660,1038,244008,236024,1507,32,0.11111111111111108,17.07681111111111
6661,1038,244008,236024,1290,997,0.11111111111111108,17.07681111111111
6662,1038,244008,236024,1290,417,0.11111111111111108,17.07681111111111
6663,1038,244008,236024,1290,32,0.11111111111111108,17.07681111111111
6664,1039,244008,237003,1684,902,0.16666666666666669,59.33928333333334
6665,1039,244008,237003,1684,463,0.16666666666666669,59.33928333333334
6666,1039,244008,237003,1507,902,0.16666666666666669,59.33928333333334
6667,1039,244008,237003,1507,463,0.16666666666666669,59.33928333333334
6668,1039,244008,237003,1290,902,0.16666666666666669,59.33928333333334
6669,1039,244008,237003,1290,463,0.16666666666666669,59.33928333333334
6670,1040,244011,285008,1684,1188,0.11111111111111108,26.918466666666657
6671,1040,244011,285008,1684,349,0.11111111111111108,26.918466666666657
6672,1040,244011,285008,1684,348,0.11111111111111108,26.918466666666657
6673,1040,244011,285008,428,1188,0.11111111111111108,26.918466666666657
6674,1040,244011,285008,428,349,0.11111111111111108,26.918466666666657
6675,1040,244011,285008,428,348,0.11111111111111108,26.918466666666657
6676,1040,244011,285008,1361,1188,0.11111111111111108,26.918466666666657
6677,1040,244011,285008,1361,349,0.11111111111111108,26.918466666666657
6678,1040,244011,285008,1361,348,0.11111111111111108,26.918466666666657
6679,1041,244018,243030,1453,296,0.3333333333333333,23.56321573976608
6680,1041,244018,243030,1453,514,0.3333333333333333,23.56321573976608
6681,1041,244018,243030,1453,1079,0.3333333333333333,23.56321573976608
6682,1042,244020,212012,521,847,0.3333333333333333,19.10823333333333
6683,1042,244020,212012,521,547,0.3333333333333333,19.10823333333333
6684,1042,244020,212012,521,945,0.3333333333333333,19.10823333333333
6685,1043,244020,214002,521,845,0.3333333333333333,44.146433333333334
6686,1043,244020,214002,521,1107,0.3333333333333333,44.146433333333334
6687,1043,244020,214002,521,843,0.3333333333333333,44.146433333333334
6688,1044,244020,215002,521,381,0.3333333333333333,76.39099999999999
6689,1044,244020,215002,521,1659,0.3333333333333333,76.39099999999999
6690,1044,244020,215002,521,1638,0.3333333333333333,76.39099999999999
6691,1045,244020,221073,521,158,0.3333333333333333,54.2703
6692,1045,244020,221073,521,159,0.3333333333333333,54.2703
6693,1045,244020,221073,521,605,0.3333333333333333,54.2703
6694,1046,244020,222013,521,112,0.3333333333333333,24.252066666666668
6695,1046,244020,222013,521,751,0.3333333333333333,24.252066666666668
6696,1046,244020,222013,521,605,0.3333333333333333,24.252066666666668
6697,1047,244020,226006,521,922,0.3333333333333333,17.5713
6698,1047,244020,226006,521,800,0.3333333333333333,17.5713
6699,1047,244020,226006,521,921,0.3333333333333333,17.5713
6700,1048,244021,211020,1091,495,1.0,66.7339
6701,1049,244021,212011,1091,434,0.3333333333333333,22.09043333333333
6702,1049,244021,212011,1091,1110,0.3333333333333333,22.09043333333333
6703,1049,244021,212011,1091,1123,0.3333333333333333,22.09043333333333
6704,1050,244023,211020,1604,495,1.0,77.842
6705,1051,244023,212007,1604,1287,0.3333333333333333,21.39913333333333
6706,1051,244023,212007,1604,1212,0.3333333333333333,21.39913333333333
6707,1051,244023,212007,1604,429,0.3333333333333333,21.39913333333333
6708,1052,244023,212011,1604,434,0.3333333333333333,22.468233333333334
6709,1052,244023,212011,1604,1110,0.3333333333333333,22.468233333333334
6710,1052,244023,212011,1604,1123,0.3333333333333333,22.468233333333334
6711,1053,244023,222018,1604,1545,0.5,28.99555
6712,1053,244023,222018,1604,676,0.5,28.99555
6713,1054,244023,226007,1604,966,0.3333333333333333,21.39913333333333
6714,1054,244023,226007,1604,1005,0.3333333333333333,21.39913333333333
6715,1054,244023,226007,1604,1485,0.3333333333333333,21.39913333333333
6716,1055,244027,215007,312,1110,0.16666666666666669,60.19198333333334
6717,1055,244027,215007,312,1100,0.16666666666666669,60.19198333333334
6718,1055,244027,215007,285,1110,0.16666666666666669,60.19198333333334
6719,1055,244027,215007,285,1100,0.16666666666666669,60.19198333333334
6720,1055,244027,215007,1452,1110,0.16666666666666669,60.19198333333334
6721,1055,244027,215007,1452,1100,0.16666666666666669,60.19198333333334
6722,1056,244027,242003,312,1512,0.16666666666666669,52.18243333333334
6723,1056,244027,242003,312,325,0.16666666666666669,52.18243333333334
6724,1056,244027,242003,285,1512,0.16666666666666669,52.18243333333334
6725,1056,244027,242003,285,325,0.16666666666666669,52.18243333333334
6726,1056,244027,242003,1452,1512,0.16666666666666669,52.18243333333334
6727,1056,244027,242003,1452,325,0.16666666666666669,52.18243333333334
6728,1057,244027,246010,312,466,0.11111111111111108,6.369411111111109
6729,1057,244027,246010,312,1514,0.11111111111111108,6.369411111111109
6730,1057,244027,246010,312,1508,0.11111111111111108,6.369411111111109
6731,1057,244027,246010,285,466,0.11111111111111108,6.369411111111109
6732,1057,244027,246010,285,1514,0.11111111111111108,6.369411111111109
6733,1057,244027,246010,285,1508,0.11111111111111108,6.369411111111109
6734,1057,244027,246010,1452,466,0.11111111111111108,6.369411111111109
6735,1057,244027,246010,1452,1514,0.11111111111111108,6.369411111111109
6736,1057,244027,246010,1452,1508,0.11111111111111108,6.369411111111109
6737,1058,244027,284013,312,329,0.11111111111111108,10.081555555555553
6738,1058,244027,284013,312,1229,0.11111111111111108,10.081555555555553
6739,1058,244027,284013,312,1222,0.11111111111111108,10.081555555555553
6740,1058,244027,284013,285,329,0.11111111111111108,10.081555555555553
6741,1058,244027,284013,285,1229,0.11111111111111108,10.081555555555553
6742,1058,244027,284013,285,1222,0.11111111111111108,10.081555555555553
6743,1058,244027,284013,1452,329,0.11111111111111108,10.081555555555553
6744,1058,244027,284013,1452,1229,0.11111111111111108,10.081555555555553
6745,1058,244027,284013,1452,1222,0.11111111111111108,10.081555555555553
6746,1059,244027,285012,312,1308,0.11111111111111108,49.3574111111111
6747,1059,244027,285012,312,920,0.11111111111111108,49.3574111111111
6748,1059,244027,285012,312,1309,0.11111111111111108,49.3574111111111
6749,1059,244027,285012,285,1308,0.11111111111111108,49.3574111111111
6750,1059,244027,285012,285,920,0.11111111111111108,49.3574111111111
6751,1059,244027,285012,285,1309,0.11111111111111108,49.3574111111111
6752,1059,244027,285012,1452,1308,0.11111111111111108,49.3574111111111
6753,1059,244027,285012,1452,920,0.11111111111111108,49.3574111111111
6754,1059,244027,285012,1452,1309,0.11111111111111108,49.3574111111111
6755,1060,244028,211024,1663,1105,0.3333333333333333,52.20233333333333
6756,1060,244028,211024,521,1105,0.3333333333333333,52.20233333333333
6757,1060,244028,211024,477,1105,0.3333333333333333,52.20233333333333
6758,1061,244028,254014,1663,1274,0.16666666666666669,87.69136666666667
6759,1061,244028,254014,1663,1048,0.16666666666666669,87.69136666666667
6760,1061,244028,254014,521,1274,0.16666666666666669,87.69136666666667
6761,1061,244028,254014,521,1048,0.16666666666666669,87.69136666666667
6762,1061,244028,254014,477,1274,0.16666666666666669,87.69136666666667
6763,1061,244028,254014,477,1048,0.16666666666666669,87.69136666666667
6764,1062,244028,283028,1663,1634,0.16666666666666669,14.81425
6765,1062,244028,283028,1663,328,0.16666666666666669,14.81425
6766,1062,244028,283028,521,1634,0.16666666666666669,14.81425
6767,1062,244028,283028,521,328,0.16666666666666669,14.81425
6768,1062,244028,283028,477,1634,0.16666666666666669,14.81425
6769,1062,244028,283028,477,328,0.16666666666666669,14.81425
6770,1063,244029,153052,1469,394,0.11111111111111108,9.262077777777776
6771,1063,244029,153052,1469,1463,0.11111111111111108,9.262077777777776
6772,1063,244029,153052,1469,1462,0.11111111111111108,9.262077777777776
6773,1063,244029,153052,482,394,0.11111111111111108,9.262077777777776
6774,1063,244029,153052,482,1463,0.11111111111111108,9.262077777777776
6775,1063,244029,153052,482,1462,0.11111111111111108,9.262077777777776
6776,1063,244029,153052,1088,394,0.11111111111111108,9.262077777777776
6777,1063,244029,153052,1088,1463,0.11111111111111108,9.262077777777776
6778,1063,244029,153052,1088,1462,0.11111111111111108,9.262077777777776
6779,1064,244029,241005,1469,324,0.16666666666666669,36.046150000000004
6780,1064,244029,241005,1469,1519,0.16666666666666669,36.046150000000004
6781,1064,244029,241005,482,324,0.16666666666666669,36.046150000000004
6782,1064,244029,241005,482,1519,0.16666666666666669,36.046150000000004
6783,1064,244029,241005,1088,324,0.16666666666666669,36.046150000000004
6784,1064,244029,241005,1088,1519,0.16666666666666669,36.046150000000004
6785,1065,244029,241008,1469,1505,0.3333333333333333,225.50706666666667
6786,1065,244029,241008,482,1505,0.3333333333333333,225.50706666666667
6787,1065,244029,241008,1088,1505,0.3333333333333333,225.50706666666667
6788,1066,244029,241012,1469,353,0.11111111111111108,10.969999999999999
6789,1066,244029,241012,1469,1143,0.11111111111111108,10.969999999999999
6790,1066,244029,241012,1469,396,0.11111111111111108,10.969999999999999
6791,1066,244029,241012,482,353,0.11111111111111108,10.969999999999999
6792,1066,244029,241012,482,1143,0.11111111111111108,10.969999999999999
6793,1066,244029,241012,482,396,0.11111111111111108,10.969999999999999
6794,1066,244029,241012,1088,353,0.11111111111111108,10.969999999999999
6795,1066,244029,241012,1088,1143,0.11111111111111108,10.969999999999999
6796,1066,244029,241012,1088,396,0.11111111111111108,10.969999999999999
6797,1067,244029,263010,1469,870,0.3333333333333333,390.5818333333333
6798,1067,244029,263010,482,870,0.3333333333333333,390.5818333333333
6799,1067,244029,263010,1088,870,0.3333333333333333,390.5818333333333
6800,1068,244029,264044,1469,318,0.11111111111111108,11.179122222222219
6801,1068,244029,264044,1469,870,0.11111111111111108,11.179122222222219
6802,1068,244029,264044,1469,865,0.11111111111111108,11.179122222222219
6803,1068,244029,264044,482,318,0.11111111111111108,11.179122222222219
6804,1068,244029,264044,482,870,0.11111111111111108,11.179122222222219
6805,1068,244029,264044,482,865,0.11111111111111108,11.179122222222219
6806,1068,244029,264044,1088,318,0.11111111111111108,11.179122222222219
6807,1068,244029,264044,1088,870,0.11111111111111108,11.179122222222219
6808,1068,244029,264044,1088,865,0.11111111111111108,11.179122222222219
6809,1069,244029,282023,1469,1501,0.11111111111111108,10.126288888888887
6810,1069,244029,282023,1469,352,0.11111111111111108,10.126288888888887
6811,1069,244029,282023,1469,907,0.11111111111111108,10.126288888888887
6812,1069,244029,282023,482,1501,0.11111111111111108,10.126288888888887
6813,1069,244029,282023,482,352,0.11111111111111108,10.126288888888887
6814,1069,244029,282023,482,907,0.11111111111111108,10.126288888888887
6815,1069,244029,282023,1088,1501,0.11111111111111108,10.126288888888887
6816,1069,244029,282023,1088,352,0.11111111111111108,10.126288888888887
6817,1069,244029,282023,1088,907,0.11111111111111108,10.126288888888887
6818,1070,244029,284026,1469,1249,0.11111111111111108,8.92571111111111
6819,1070,244029,284026,1469,1669,0.11111111111111108,8.92571111111111
6820,1070,244029,284026,1469,1554,0.11111111111111108,8.92571111111111
6821,1070,244029,284026,482,1249,0.11111111111111108,8.92571111111111
6822,1070,244029,284026,482,1669,0.11111111111111108,8.92571111111111
6823,1070,244029,284026,482,1554,0.11111111111111108,8.92571111111111
6824,1070,244029,284026,1088,1249,0.11111111111111108,8.92571111111111
6825,1070,244029,284026,1088,1669,0.11111111111111108,8.92571111111111
6826,1070,244029,284026,1088,1554,0.11111111111111108,8.92571111111111
6827,1071,244030,245019,1290,1463,0.11111111111111108,91.52199999999998
6828,1071,244030,245019,1290,1223,0.11111111111111108,91.52199999999998
6829,1071,244030,245019,1290,541,0.11111111111111108,91.52199999999998
6830,1071,244030,245019,1726,1463,0.11111111111111108,91.52199999999998
6831,1071,244030,245019,1726,1223,0.11111111111111108,91.52199999999998
6832,1071,244030,245019,1726,541,0.11111111111111108,91.52199999999998
6833,1071,244030,245019,1090,1463,0.11111111111111108,91.52199999999998
6834,1071,244030,245019,1090,1223,0.11111111111111108,91.52199999999998
6835,1071,244030,245019,1090,541,0.11111111111111108,91.52199999999998
6836,1072,245006,213004,479,286,0.11111111111111108,207.48768888888884
6837,1072,245006,213004,479,302,0.11111111111111108,207.48768888888884
6838,1072,245006,213004,479,1680,0.11111111111111108,207.48768888888884
6839,1072,245006,213004,1531,286,0.11111111111111108,207.48768888888884
6840,1072,245006,213004,1531,302,0.11111111111111108,207.48768888888884
6841,1072,245006,213004,1531,1680,0.11111111111111108,207.48768888888884
6842,1072,245006,213004,1683,286,0.11111111111111108,207.48768888888884
6843,1072,245006,213004,1683,302,0.11111111111111108,207.48768888888884
6844,1072,245006,213004,1683,1680,0.11111111111111108,207.48768888888884
6845,1073,245007,266018,1531,402,0.11111111111111108,340.8671555555555
6846,1073,245007,266018,1531,269,0.11111111111111108,340.8671555555555
6847,1073,245007,266018,1531,268,0.11111111111111108,340.8671555555555
6848,1073,245007,266018,1076,402,0.11111111111111108,340.8671555555555
6849,1073,245007,266018,1076,269,0.11111111111111108,340.8671555555555
6850,1073,245007,266018,1076,268,0.11111111111111108,340.8671555555555
6851,1073,245007,266018,1077,402,0.11111111111111108,340.8671555555555
6852,1073,245007,266018,1077,269,0.11111111111111108,340.8671555555555
6853,1073,245007,266018,1077,268,0.11111111111111108,340.8671555555555
6854,1074,245007,284020,1531,329,0.11111111111111108,13.787599999999994
6855,1074,245007,284020,1531,337,0.11111111111111108,13.787599999999994
6856,1074,245007,284020,1531,1222,0.11111111111111108,13.787599999999994
6857,1074,245007,284020,1076,329,0.11111111111111108,13.787599999999994
6858,1074,245007,284020,1076,337,0.11111111111111108,13.787599999999994
6859,1074,245007,284020,1076,1222,0.11111111111111108,13.787599999999994
6860,1074,245007,284020,1077,329,0.11111111111111108,13.787599999999994
6861,1074,245007,284020,1077,337,0.11111111111111108,13.787599999999994
6862,1074,245007,284020,1077,1222,0.11111111111111108,13.787599999999994
6863,1075,245008,247006,1076,1139,0.3333333333333333,18.376266666666666
6864,1075,245008,247006,1076,313,0.3333333333333333,18.376266666666666
6865,1075,245008,247006,1076,1136,0.3333333333333333,18.376266666666666
6866,1076,245008,264024,1076,318,0.3333333333333333,27.658033333333336
6867,1076,245008,264024,1076,1635,0.3333333333333333,27.658033333333336
6868,1076,245008,264024,1076,1552,0.3333333333333333,27.658033333333336
6869,1077,245009,271045,1499,1522,1.0,368.7747
6870,1078,245010,235006,506,601,0.3333333333333333,658.1721666666666
6871,1078,245010,235006,283,601,0.3333333333333333,658.1721666666666
6872,1078,245010,235006,470,601,0.3333333333333333,658.1721666666666
6873,1079,245010,236010,506,460,0.11111111111111108,16.047377777777772
6874,1079,245010,236010,506,991,0.11111111111111108,16.047377777777772
6875,1079,245010,236010,506,362,0.11111111111111108,16.047377777777772
6876,1079,245010,236010,283,460,0.11111111111111108,16.047377777777772
6877,1079,245010,236010,283,991,0.11111111111111108,16.047377777777772
6878,1079,245010,236010,283,362,0.11111111111111108,16.047377777777772
6879,1079,245010,236010,470,460,0.11111111111111108,16.047377777777772
6880,1079,245010,236010,470,991,0.11111111111111108,16.047377777777772
6881,1079,245010,236010,470,362,0.11111111111111108,16.047377777777772
6882,1080,245010,268031,506,1206,0.11111111111111108,42.09288888888888
6883,1080,245010,268031,506,1377,0.11111111111111108,42.09288888888888
6884,1080,245010,268031,506,1699,0.11111111111111108,42.09288888888888
6885,1080,245010,268031,283,1206,0.11111111111111108,42.09288888888888
6886,1080,245010,268031,283,1377,0.11111111111111108,42.09288888888888
6887,1080,245010,268031,283,1699,0.11111111111111108,42.09288888888888
6888,1080,245010,268031,470,1206,0.11111111111111108,42.09288888888888
6889,1080,245010,268031,470,1377,0.11111111111111108,42.09288888888888
6890,1080,245010,268031,470,1699,0.11111111111111108,42.09288888888888
6891,1081,245010,271045,506,1522,0.3333333333333333,48.142133333333334
6892,1081,245010,271045,283,1522,0.3333333333333333,48.142133333333334
6893,1081,245010,271045,470,1522,0.3333333333333333,48.142133333333334
6894,1082,245011,115004,470,74,0.11111111111111108,19.478188888888884
6895,1082,245011,115004,470,1608,0.11111111111111108,19.478188888888884
6896,1082,245011,115004,470,170,0.11111111111111108,19.478188888888884
6897,1082,245011,115004,503,74,0.11111111111111108,19.478188888888884
6898,1082,245011,115004,503,1608,0.11111111111111108,19.478188888888884
6899,1082,245011,115004,503,170,0.11111111111111108,19.478188888888884
6900,1082,245011,115004,508,74,0.11111111111111108,19.478188888888884
6901,1082,245011,115004,508,1608,0.11111111111111108,19.478188888888884
6902,1082,245011,115004,508,170,0.11111111111111108,19.478188888888884
6903,1083,245011,153029,470,1463,0.11111111111111108,22.760077777777774
6904,1083,245011,153029,470,1114,0.11111111111111108,22.760077777777774
6905,1083,245011,153029,470,223,0.11111111111111108,22.760077777777774
6906,1083,245011,153029,503,1463,0.11111111111111108,22.760077777777774
6907,1083,245011,153029,503,1114,0.11111111111111108,22.760077777777774
6908,1083,245011,153029,503,223,0.11111111111111108,22.760077777777774
6909,1083,245011,153029,508,1463,0.11111111111111108,22.760077777777774
6910,1083,245011,153029,508,1114,0.11111111111111108,22.760077777777774
6911,1083,245011,153029,508,223,0.11111111111111108,22.760077777777774
6912,1084,245011,211032,470,649,0.11111111111111108,29.50877777777777
6913,1084,245011,211032,470,1094,0.11111111111111108,29.50877777777777
6914,1084,245011,211032,470,648,0.11111111111111108,29.50877777777777
6915,1084,245011,211032,503,649,0.11111111111111108,29.50877777777777
6916,1084,245011,211032,503,1094,0.11111111111111108,29.50877777777777
6917,1084,245011,211032,503,648,0.11111111111111108,29.50877777777777
6918,1084,245011,211032,508,649,0.11111111111111108,29.50877777777777
6919,1084,245011,211032,508,1094,0.11111111111111108,29.50877777777777
6920,1084,245011,211032,508,648,0.11111111111111108,29.50877777777777
6921,1085,245011,215006,470,1109,0.11111111111111108,17.400777777777773
6922,1085,245011,215006,470,1404,0.11111111111111108,17.400777777777773
6923,1085,245011,215006,470,1513,0.11111111111111108,17.400777777777773
6924,1085,245011,215006,503,1109,0.11111111111111108,17.400777777777773
6925,1085,245011,215006,503,1404,0.11111111111111108,17.400777777777773
6926,1085,245011,215006,503,1513,0.11111111111111108,17.400777777777773
6927,1085,245011,215006,508,1109,0.11111111111111108,17.400777777777773
6928,1085,245011,215006,508,1404,0.11111111111111108,17.400777777777773
6929,1085,245011,215006,508,1513,0.11111111111111108,17.400777777777773
6930,1086,245011,271032,470,108,0.11111111111111108,55.35939999999998
6931,1086,245011,271032,470,1415,0.11111111111111108,55.35939999999998
6932,1086,245011,271032,470,1520,0.11111111111111108,55.35939999999998
6933,1086,245011,271032,503,108,0.11111111111111108,55.35939999999998
6934,1086,245011,271032,503,1415,0.11111111111111108,55.35939999999998
6935,1086,245011,271032,503,1520,0.11111111111111108,55.35939999999998
6936,1086,245011,271032,508,108,0.11111111111111108,55.35939999999998
6937,1086,245011,271032,508,1415,0.11111111111111108,55.35939999999998
6938,1086,245011,271032,508,1520,0.11111111111111108,55.35939999999998
6939,1087,245012,211032,1223,649,0.11111111111111108,14.995199999999993
6940,1087,245012,211032,1223,1094,0.11111111111111108,14.995199999999993
6941,1087,245012,211032,1223,648,0.11111111111111108,14.995199999999993
6942,1087,245012,211032,285,649,0.11111111111111108,14.995199999999993
6943,1087,245012,211032,285,1094,0.11111111111111108,14.995199999999993
6944,1087,245012,211032,285,648,0.11111111111111108,14.995199999999993
6945,1087,245012,211032,501,649,0.11111111111111108,14.995199999999993
6946,1087,245012,211032,501,1094,0.11111111111111108,14.995199999999993
6947,1087,245012,211032,501,648,0.11111111111111108,14.995199999999993
6948,1088,245012,212007,1223,1287,0.11111111111111108,23.655477777777776
6949,1088,245012,212007,1223,1212,0.11111111111111108,23.655477777777776
6950,1088,245012,212007,1223,429,0.11111111111111108,23.655477777777776
6951,1088,245012,212007,285,1287,0.11111111111111108,23.655477777777776
6952,1088,245012,212007,285,1212,0.11111111111111108,23.655477777777776
6953,1088,245012,212007,285,429,0.11111111111111108,23.655477777777776
6954,1088,245012,212007,501,1287,0.11111111111111108,23.655477777777776
6955,1088,245012,212007,501,1212,0.11111111111111108,23.655477777777776
6956,1088,245012,212007,501,429,0.11111111111111108,23.655477777777776
6957,1089,245012,216001,1223,1528,0.11111111111111108,83.31236666666665
6958,1089,245012,216001,1223,290,0.11111111111111108,83.31236666666665
6959,1089,245012,216001,1223,1371,0.11111111111111108,83.31236666666665
6960,1089,245012,216001,285,1528,0.11111111111111108,83.31236666666665
6961,1089,245012,216001,285,290,0.11111111111111108,83.31236666666665
6962,1089,245012,216001,285,1371,0.11111111111111108,83.31236666666665
6963,1089,245012,216001,501,1528,0.11111111111111108,83.31236666666665
6964,1089,245012,216001,501,290,0.11111111111111108,83.31236666666665
6965,1089,245012,216001,501,1371,0.11111111111111108,83.31236666666665
6966,1090,245012,226019,1223,803,0.16666666666666669,12.973666666666668
6967,1090,245012,226019,1223,804,0.16666666666666669,12.973666666666668
6968,1090,245012,226019,285,803,0.16666666666666669,12.973666666666668
6969,1090,245012,226019,285,804,0.16666666666666669,12.973666666666668
6970,1090,245012,226019,501,803,0.16666666666666669,12.973666666666668
6971,1090,245012,226019,501,804,0.16666666666666669,12.973666666666668
6972,1091,245012,233011,1223,443,0.11111111111111108,19.02157777777777
6973,1091,245012,233011,1223,1175,0.11111111111111108,19.02157777777777
6974,1091,245012,233011,1223,444,0.11111111111111108,19.02157777777777
6975,1091,245012,233011,285,443,0.11111111111111108,19.02157777777777
6976,1091,245012,233011,285,1175,0.11111111111111108,19.02157777777777
6977,1091,245012,233011,285,444,0.11111111111111108,19.02157777777777
6978,1091,245012,233011,501,443,0.11111111111111108,19.02157777777777
6979,1091,245012,233011,501,1175,0.11111111111111108,19.02157777777777
6980,1091,245012,233011,501,444,0.11111111111111108,19.02157777777777
6981,1092,245012,236024,1223,997,0.11111111111111108,3.377933333333332
6982,1092,245012,236024,1223,417,0.11111111111111108,3.377933333333332
6983,1092,245012,236024,1223,32,0.11111111111111108,3.377933333333332
6984,1092,245012,236024,285,997,0.11111111111111108,3.377933333333332
6985,1092,245012,236024,285,417,0.11111111111111108,3.377933333333332
6986,1092,245012,236024,285,32,0.11111111111111108,3.377933333333332
6987,1092,245012,236024,501,997,0.11111111111111108,3.377933333333332
6988,1092,245012,236024,501,417,0.11111111111111108,3.377933333333332
6989,1092,245012,236024,501,32,0.11111111111111108,3.377933333333332
6990,1093,245012,241008,1223,1505,0.3333333333333333,341.14756666666665
6991,1093,245012,241008,285,1505,0.3333333333333333,341.14756666666665
6992,1093,245012,241008,501,1505,0.3333333333333333,341.14756666666665
6993,1094,245012,255002,1223,1635,0.11111111111111108,23.038799999999995
6994,1094,245012,255002,1223,1281,0.11111111111111108,23.038799999999995
6995,1094,245012,255002,1223,69,0.11111111111111108,23.038799999999995
6996,1094,245012,255002,285,1635,0.11111111111111108,23.038799999999995
6997,1094,245012,255002,285,1281,0.11111111111111108,23.038799999999995
6998,1094,245012,255002,285,69,0.11111111111111108,23.038799999999995
6999,1094,245012,255002,501,1635,0.11111111111111108,23.038799999999995
7000,1094,245012,255002,501,1281,0.11111111111111108,23.038799999999995
7001,1094,245012,255002,501,69,0.11111111111111108,23.038799999999995
7002,1095,245012,271032,1223,108,0.11111111111111108,113.02396666666662
7003,1095,245012,271032,1223,1415,0.11111111111111108,113.02396666666662
7004,1095,245012,271032,1223,1520,0.11111111111111108,113.02396666666662
7005,1095,245012,271032,285,108,0.11111111111111108,113.02396666666662
7006,1095,245012,271032,285,1415,0.11111111111111108,113.02396666666662
7007,1095,245012,271032,285,1520,0.11111111111111108,113.02396666666662
7008,1095,245012,271032,501,108,0.11111111111111108,113.02396666666662
7009,1095,245012,271032,501,1415,0.11111111111111108,113.02396666666662
7010,1095,245012,271032,501,1520,0.11111111111111108,113.02396666666662
7011,1096,245013,153009,285,1463,0.3333333333333333,25.09313333333333
7012,1096,245013,153009,285,1462,0.3333333333333333,25.09313333333333
7013,1096,245013,153009,285,226,0.3333333333333333,25.09313333333333
7014,1097,245013,225040,285,967,1.0,675.6597
7015,1098,245013,229012,285,87,0.3333333333333333,52.904399999999995
7016,1098,245013,229012,285,96,0.3333333333333333,52.904399999999995
7017,1098,245013,229012,285,98,0.3333333333333333,52.904399999999995
7018,1099,245013,234003,285,449,1.0,108.9947
7019,1100,245013,246012,285,894,0.3333333333333333,23.755399999999998
7020,1100,245013,246012,285,1514,0.3333333333333333,23.755399999999998
7021,1100,245013,246012,285,1143,0.3333333333333333,23.755399999999998
7022,1101,245013,265007,285,1552,0.3333333333333333,48.6023
7023,1101,245013,265007,285,867,0.3333333333333333,48.6023
7024,1101,245013,265007,285,868,0.3333333333333333,48.6023
7025,1102,245013,271041,285,1195,1.0,144.4264
7026,1103,245014,113005,229,74,0.11111111111111108,12.038299999999996
7027,1103,245014,113005,229,1608,0.11111111111111108,12.038299999999996
7028,1103,245014,113005,229,170,0.11111111111111108,12.038299999999996
7029,1103,245014,113005,499,74,0.11111111111111108,12.038299999999996
7030,1103,245014,113005,499,1608,0.11111111111111108,12.038299999999996
7031,1103,245014,113005,499,170,0.11111111111111108,12.038299999999996
7032,1103,245014,113005,230,74,0.11111111111111108,12.038299999999996
7033,1103,245014,113005,230,1608,0.11111111111111108,12.038299999999996
7034,1103,245014,113005,230,170,0.11111111111111108,12.038299999999996
7035,1104,245014,234022,229,572,0.11111111111111108,28.362066666666657
7036,1104,245014,234022,229,616,0.11111111111111108,28.362066666666657
7037,1104,245014,234022,229,1381,0.11111111111111108,28.362066666666657
7038,1104,245014,234022,499,572,0.11111111111111108,28.362066666666657
7039,1104,245014,234022,499,616,0.11111111111111108,28.362066666666657
7040,1104,245014,234022,499,1381,0.11111111111111108,28.362066666666657
7041,1104,245014,234022,230,572,0.11111111111111108,28.362066666666657
7042,1104,245014,234022,230,616,0.11111111111111108,28.362066666666657
7043,1104,245014,234022,230,1381,0.11111111111111108,28.362066666666657
7044,1105,245014,236010,229,460,0.11111111111111108,150.28499999999997
7045,1105,245014,236010,229,991,0.11111111111111108,150.28499999999997
7046,1105,245014,236010,229,362,0.11111111111111108,150.28499999999997
7047,1105,245014,236010,499,460,0.11111111111111108,150.28499999999997
7048,1105,245014,236010,499,991,0.11111111111111108,150.28499999999997
7049,1105,245014,236010,499,362,0.11111111111111108,150.28499999999997
7050,1105,245014,236010,230,460,0.11111111111111108,150.28499999999997
7051,1105,245014,236010,230,991,0.11111111111111108,150.28499999999997
7052,1105,245014,236010,230,362,0.11111111111111108,150.28499999999997
7053,1106,245014,255010,229,65,0.11111111111111108,133.6214333333333
7054,1106,245014,255010,229,1658,0.11111111111111108,133.6214333333333
7055,1106,245014,255010,229,1636,0.11111111111111108,133.6214333333333
7056,1106,245014,255010,499,65,0.11111111111111108,133.6214333333333
7057,1106,245014,255010,499,1658,0.11111111111111108,133.6214333333333
7058,1106,245014,255010,499,1636,0.11111111111111108,133.6214333333333
7059,1106,245014,255010,230,65,0.11111111111111108,133.6214333333333
7060,1106,245014,255010,230,1658,0.11111111111111108,133.6214333333333
7061,1106,245014,255010,230,1636,0.11111111111111108,133.6214333333333
7062,1107,245015,215008,1463,1406,0.11111111111111108,40.28717777777777
7063,1107,245015,215008,1463,1103,0.11111111111111108,40.28717777777777
7064,1107,245015,215008,1463,11,0.11111111111111108,40.28717777777777
7065,1107,245015,215008,230,1406,0.11111111111111108,40.28717777777777
7066,1107,245015,215008,230,1103,0.11111111111111108,40.28717777777777
7067,1107,245015,215008,230,11,0.11111111111111108,40.28717777777777
7068,1107,245015,215008,222,1406,0.11111111111111108,40.28717777777777
7069,1107,245015,215008,222,1103,0.11111111111111108,40.28717777777777
7070,1107,245015,215008,222,11,0.11111111111111108,40.28717777777777
7071,1108,245015,234014,1463,979,0.3333333333333333,38.5463
7072,1108,245015,234014,230,979,0.3333333333333333,38.5463
7073,1108,245015,234014,222,979,0.3333333333333333,38.5463
7074,1109,245015,241022,1463,1129,0.11111111111111108,62.57580177466563
7075,1109,245015,241022,1463,1131,0.11111111111111108,62.57580177466563
7076,1109,245015,241022,1463,1128,0.11111111111111108,62.57580177466563
7077,1109,245015,241022,230,1129,0.11111111111111108,62.57580177466563
7078,1109,245015,241022,230,1131,0.11111111111111108,62.57580177466563
7079,1109,245015,241022,230,1128,0.11111111111111108,62.57580177466563
7080,1109,245015,241022,222,1129,0.11111111111111108,62.57580177466563
7081,1109,245015,241022,222,1131,0.11111111111111108,62.57580177466563
7082,1109,245015,241022,222,1128,0.11111111111111108,62.57580177466563
7083,1110,245015,271013,1463,352,0.11111111111111108,3.7990461148276005
7084,1110,245015,271013,1463,250,0.11111111111111108,3.7990461148276005
7085,1110,245015,271013,1463,970,0.11111111111111108,3.7990461148276005
7086,1110,245015,271013,230,352,0.11111111111111108,3.7990461148276005
7087,1110,245015,271013,230,250,0.11111111111111108,3.7990461148276005
7088,1110,245015,271013,230,970,0.11111111111111108,3.7990461148276005
7089,1110,245015,271013,222,352,0.11111111111111108,3.7990461148276005
7090,1110,245015,271013,222,250,0.11111111111111108,3.7990461148276005
7091,1110,245015,271013,222,970,0.11111111111111108,3.7990461148276005
7092,1111,245015,285007,1463,1190,0.11111111111111108,65.12514444444443
7093,1111,245015,285007,1463,1500,0.11111111111111108,65.12514444444443
7094,1111,245015,285007,1463,349,0.11111111111111108,65.12514444444443
7095,1111,245015,285007,230,1190,0.11111111111111108,65.12514444444443
7096,1111,245015,285007,230,1500,0.11111111111111108,65.12514444444443
7097,1111,245015,285007,230,349,0.11111111111111108,65.12514444444443
7098,1111,245015,285007,222,1190,0.11111111111111108,65.12514444444443
7099,1111,245015,285007,222,1500,0.11111111111111108,65.12514444444443
7100,1111,245015,285007,222,349,0.11111111111111108,65.12514444444443
7101,1112,245016,216001,230,1528,0.11111111111111108,37.6343111111111
7102,1112,245016,216001,230,290,0.11111111111111108,37.6343111111111
7103,1112,245016,216001,230,1371,0.11111111111111108,37.6343111111111
7104,1112,245016,216001,285,1528,0.11111111111111108,37.6343111111111
7105,1112,245016,216001,285,290,0.11111111111111108,37.6343111111111
7106,1112,245016,216001,285,1371,0.11111111111111108,37.6343111111111
7107,1112,245016,216001,1463,1528,0.11111111111111108,37.6343111111111
7108,1112,245016,216001,1463,290,0.11111111111111108,37.6343111111111
7109,1112,245016,216001,1463,1371,0.11111111111111108,37.6343111111111
7110,1113,245016,242007,230,1165,0.11111111111111108,26.413422222222213
7111,1113,245016,242007,230,1153,0.11111111111111108,26.413422222222213
7112,1113,245016,242007,230,1154,0.11111111111111108,26.413422222222213
7113,1113,245016,242007,285,1165,0.11111111111111108,26.413422222222213
7114,1113,245016,242007,285,1153,0.11111111111111108,26.413422222222213
7115,1113,245016,242007,285,1154,0.11111111111111108,26.413422222222213
7116,1113,245016,242007,1463,1165,0.11111111111111108,26.413422222222213
7117,1113,245016,242007,1463,1153,0.11111111111111108,26.413422222222213
7118,1113,245016,242007,1463,1154,0.11111111111111108,26.413422222222213
7119,1114,245016,242043,230,1132,0.11111111111111108,25.045122222222215
7120,1114,245016,242043,230,483,0.11111111111111108,25.045122222222215
7121,1114,245016,242043,230,396,0.11111111111111108,25.045122222222215
7122,1114,245016,242043,285,1132,0.11111111111111108,25.045122222222215
7123,1114,245016,242043,285,483,0.11111111111111108,25.045122222222215
7124,1114,245016,242043,285,396,0.11111111111111108,25.045122222222215
7125,1114,245016,242043,1463,1132,0.11111111111111108,25.045122222222215
7126,1114,245016,242043,1463,483,0.11111111111111108,25.045122222222215
7127,1114,245016,242043,1463,396,0.11111111111111108,25.045122222222215
7128,1115,245016,255008,230,1635,0.11111111111111108,14.213999999999995
7129,1115,245016,255008,230,1636,0.11111111111111108,14.213999999999995
7130,1115,245016,255008,230,1243,0.11111111111111108,14.213999999999995
7131,1115,245016,255008,285,1635,0.11111111111111108,14.213999999999995
7132,1115,245016,255008,285,1636,0.11111111111111108,14.213999999999995
7133,1115,245016,255008,285,1243,0.11111111111111108,14.213999999999995
7134,1115,245016,255008,1463,1635,0.11111111111111108,14.213999999999995
7135,1115,245016,255008,1463,1636,0.11111111111111108,14.213999999999995
7136,1115,245016,255008,1463,1243,0.11111111111111108,14.213999999999995
7137,1116,245017,237003,285,902,0.16666666666666669,14.091276169456304
7138,1116,245017,237003,285,463,0.16666666666666669,14.091276169456304
7139,1116,245017,237003,1463,902,0.16666666666666669,14.091276169456304
7140,1116,245017,237003,1463,463,0.16666666666666669,14.091276169456304
7141,1116,245017,237003,541,902,0.16666666666666669,14.091276169456304
7142,1116,245017,237003,541,463,0.16666666666666669,14.091276169456304
7143,1117,245017,241022,285,1129,0.11111111111111108,60.70243333333332
7144,1117,245017,241022,285,1131,0.11111111111111108,60.70243333333332
7145,1117,245017,241022,285,1128,0.11111111111111108,60.70243333333332
7146,1117,245017,241022,1463,1129,0.11111111111111108,60.70243333333332
7147,1117,245017,241022,1463,1131,0.11111111111111108,60.70243333333332
7148,1117,245017,241022,1463,1128,0.11111111111111108,60.70243333333332
7149,1117,245017,241022,541,1129,0.11111111111111108,60.70243333333332
7150,1117,245017,241022,541,1131,0.11111111111111108,60.70243333333332
7151,1117,245017,241022,541,1128,0.11111111111111108,60.70243333333332
7152,1118,245017,242046,285,427,0.11111111111111108,49.4801111111111
7153,1118,245017,242046,285,480,0.11111111111111108,49.4801111111111
7154,1118,245017,242046,285,493,0.11111111111111108,49.4801111111111
7155,1118,245017,242046,1463,427,0.11111111111111108,49.4801111111111
7156,1118,245017,242046,1463,480,0.11111111111111108,49.4801111111111
7157,1118,245017,242046,1463,493,0.11111111111111108,49.4801111111111
7158,1118,245017,242046,541,427,0.11111111111111108,49.4801111111111
7159,1118,245017,242046,541,480,0.11111111111111108,49.4801111111111
7160,1118,245017,242046,541,493,0.11111111111111108,49.4801111111111
7161,1119,245017,243008,285,1205,0.16666666666666669,58.54836666666667
7162,1119,245017,243008,285,496,0.16666666666666669,58.54836666666667
7163,1119,245017,243008,1463,1205,0.16666666666666669,58.54836666666667
7164,1119,245017,243008,1463,496,0.16666666666666669,58.54836666666667
7165,1119,245017,243008,541,1205,0.16666666666666669,58.54836666666667
7166,1119,245017,243008,541,496,0.16666666666666669,58.54836666666667
7167,1120,245017,243047,285,482,0.11111111111111108,11.990915146830002
7168,1120,245017,243047,285,1499,0.11111111111111108,11.990915146830002
7169,1120,245017,243047,285,298,0.11111111111111108,11.990915146830002
7170,1120,245017,243047,1463,482,0.11111111111111108,11.990915146830002
7171,1120,245017,243047,1463,1499,0.11111111111111108,11.990915146830002
7172,1120,245017,243047,1463,298,0.11111111111111108,11.990915146830002
7173,1120,245017,243047,541,482,0.11111111111111108,11.990915146830002
7174,1120,245017,243047,541,1499,0.11111111111111108,11.990915146830002
7175,1120,245017,243047,541,298,0.11111111111111108,11.990915146830002
7176,1121,245017,245018,285,1223,0.11111111111111108,23.88822891913463
7177,1121,245017,245018,285,1726,0.11111111111111108,23.88822891913463
7178,1121,245017,245018,285,230,0.11111111111111108,23.88822891913463
7179,1121,245017,245018,1463,1223,0.11111111111111108,23.88822891913463
7180,1121,245017,245018,1463,1726,0.11111111111111108,23.88822891913463
7181,1121,245017,245018,1463,230,0.11111111111111108,23.88822891913463
7182,1121,245017,245018,541,1223,0.11111111111111108,23.88822891913463
7183,1121,245017,245018,541,1726,0.11111111111111108,23.88822891913463
7184,1121,245017,245018,541,230,0.11111111111111108,23.88822891913463
7185,1122,245017,271036,285,246,0.11111111111111108,65.66366666666664
7186,1122,245017,271036,285,244,0.11111111111111108,65.66366666666664
7187,1122,245017,271036,285,1313,0.11111111111111108,65.66366666666664
7188,1122,245017,271036,1463,246,0.11111111111111108,65.66366666666664
7189,1122,245017,271036,1463,244,0.11111111111111108,65.66366666666664
7190,1122,245017,271036,1463,1313,0.11111111111111108,65.66366666666664
7191,1122,245017,271036,541,246,0.11111111111111108,65.66366666666664
7192,1122,245017,271036,541,244,0.11111111111111108,65.66366666666664
7193,1122,245017,271036,541,1313,0.11111111111111108,65.66366666666664
7194,1123,245017,271045,285,1522,0.3333333333333333,45.04633333333334
7195,1123,245017,271045,1463,1522,0.3333333333333333,45.04633333333334
7196,1123,245017,271045,541,1522,0.3333333333333333,45.04633333333334
7197,1124,245017,282023,285,1501,0.11111111111111108,111.48694444444442
7198,1124,245017,282023,285,352,0.11111111111111108,111.48694444444442
7199,1124,245017,282023,285,907,0.11111111111111108,111.48694444444442
7200,1124,245017,282023,1463,1501,0.11111111111111108,111.48694444444442
7201,1124,245017,282023,1463,352,0.11111111111111108,111.48694444444442
7202,1124,245017,282023,1463,907,0.11111111111111108,111.48694444444442
7203,1124,245017,282023,541,1501,0.11111111111111108,111.48694444444442
7204,1124,245017,282023,541,352,0.11111111111111108,111.48694444444442
7205,1124,245017,282023,541,907,0.11111111111111108,111.48694444444442
7206,1125,245018,212013,1223,1106,0.11111111111111108,149.99539999999996
7207,1125,245018,212013,1223,945,0.11111111111111108,149.99539999999996
7208,1125,245018,212013,1223,547,0.11111111111111108,149.99539999999996
7209,1125,245018,212013,1726,1106,0.11111111111111108,149.99539999999996
7210,1125,245018,212013,1726,945,0.11111111111111108,149.99539999999996
7211,1125,245018,212013,1726,547,0.11111111111111108,149.99539999999996
7212,1125,245018,212013,230,1106,0.11111111111111108,149.99539999999996
7213,1125,245018,212013,230,945,0.11111111111111108,149.99539999999996
7214,1125,245018,212013,230,547,0.11111111111111108,149.99539999999996
7215,1126,245018,214005,1223,830,0.3333333333333333,227.27086666666665
7216,1126,245018,214005,1726,830,0.3333333333333333,227.27086666666665
7217,1126,245018,214005,230,830,0.3333333333333333,227.27086666666665
7218,1127,245018,220026,1223,26,0.11111111111111108,11.043166666666664
7219,1127,245018,220026,1223,599,0.11111111111111108,11.043166666666664
7220,1127,245018,220026,1223,606,0.11111111111111108,11.043166666666664
7221,1127,245018,220026,1726,26,0.11111111111111108,11.043166666666664
7222,1127,245018,220026,1726,599,0.11111111111111108,11.043166666666664
7223,1127,245018,220026,1726,606,0.11111111111111108,11.043166666666664
7224,1127,245018,220026,230,26,0.11111111111111108,11.043166666666664
7225,1127,245018,220026,230,599,0.11111111111111108,11.043166666666664
7226,1127,245018,220026,230,606,0.11111111111111108,11.043166666666664
7227,1128,245018,226019,1223,803,0.16666666666666669,446.5198166666667
7228,1128,245018,226019,1223,804,0.16666666666666669,446.5198166666667
7229,1128,245018,226019,1726,803,0.16666666666666669,446.5198166666667
7230,1128,245018,226019,1726,804,0.16666666666666669,446.5198166666667
7231,1128,245018,226019,230,803,0.16666666666666669,446.5198166666667
7232,1128,245018,226019,230,804,0.16666666666666669,446.5198166666667
7233,1129,245018,237003,1223,902,0.16666666666666669,309.35531666666674
7234,1129,245018,237003,1223,463,0.16666666666666669,309.35531666666674
7235,1129,245018,237003,1726,902,0.16666666666666669,309.35531666666674
7236,1129,245018,237003,1726,463,0.16666666666666669,309.35531666666674
7237,1129,245018,237003,230,902,0.16666666666666669,309.35531666666674
7238,1129,245018,237003,230,463,0.16666666666666669,309.35531666666674
7239,1130,245018,241013,1223,1130,0.11111111111111108,20.92105555555555
7240,1130,245018,241013,1223,1299,0.11111111111111108,20.92105555555555
7241,1130,245018,241013,1223,1137,0.11111111111111108,20.92105555555555
7242,1130,245018,241013,1726,1130,0.11111111111111108,20.92105555555555
7243,1130,245018,241013,1726,1299,0.11111111111111108,20.92105555555555
7244,1130,245018,241013,1726,1137,0.11111111111111108,20.92105555555555
7245,1130,245018,241013,230,1130,0.11111111111111108,20.92105555555555
7246,1130,245018,241013,230,1299,0.11111111111111108,20.92105555555555
7247,1130,245018,241013,230,1137,0.11111111111111108,20.92105555555555
7248,1131,245018,241022,1223,1129,0.11111111111111108,117.46108888888884
7249,1131,245018,241022,1223,1131,0.11111111111111108,117.46108888888884
7250,1131,245018,241022,1223,1128,0.11111111111111108,117.46108888888884
7251,1131,245018,241022,1726,1129,0.11111111111111108,117.46108888888884
7252,1131,245018,241022,1726,1131,0.11111111111111108,117.46108888888884
7253,1131,245018,241022,1726,1128,0.11111111111111108,117.46108888888884
7254,1131,245018,241022,230,1129,0.11111111111111108,117.46108888888884
7255,1131,245018,241022,230,1131,0.11111111111111108,117.46108888888884
7256,1131,245018,241022,230,1128,0.11111111111111108,117.46108888888884
7257,1132,245018,243008,1223,1205,0.16666666666666669,186.07926666666668
7258,1132,245018,243008,1223,496,0.16666666666666669,186.07926666666668
7259,1132,245018,243008,1726,1205,0.16666666666666669,186.07926666666668
7260,1132,245018,243008,1726,496,0.16666666666666669,186.07926666666668
7261,1132,245018,243008,230,1205,0.16666666666666669,186.07926666666668
7262,1132,245018,243008,230,496,0.16666666666666669,186.07926666666668
7263,1133,245018,243047,1223,482,0.11111111111111108,22.06712069607333
7264,1133,245018,243047,1223,1499,0.11111111111111108,22.06712069607333
7265,1133,245018,243047,1223,298,0.11111111111111108,22.06712069607333
7266,1133,245018,243047,1726,482,0.11111111111111108,22.06712069607333
7267,1133,245018,243047,1726,1499,0.11111111111111108,22.06712069607333
7268,1133,245018,243047,1726,298,0.11111111111111108,22.06712069607333
7269,1133,245018,243047,230,482,0.11111111111111108,22.06712069607333
7270,1133,245018,243047,230,1499,0.11111111111111108,22.06712069607333
7271,1133,245018,243047,230,298,0.11111111111111108,22.06712069607333
7272,1134,245018,247006,1223,1139,0.11111111111111108,33.91602222222221
7273,1134,245018,247006,1223,313,0.11111111111111108,33.91602222222221
7274,1134,245018,247006,1223,1136,0.11111111111111108,33.91602222222221
7275,1134,245018,247006,1726,1139,0.11111111111111108,33.91602222222221
7276,1134,245018,247006,1726,313,0.11111111111111108,33.91602222222221
7277,1134,245018,247006,1726,1136,0.11111111111111108,33.91602222222221
7278,1134,245018,247006,230,1139,0.11111111111111108,33.91602222222221
7279,1134,245018,247006,230,313,0.11111111111111108,33.91602222222221
7280,1134,245018,247006,230,1136,0.11111111111111108,33.91602222222221
7281,1135,245018,283032,1223,1200,0.11111111111111108,16.127688888888887
7282,1135,245018,283032,1223,338,0.11111111111111108,16.127688888888887
7283,1135,245018,283032,1223,1201,0.11111111111111108,16.127688888888887
7284,1135,245018,283032,1726,1200,0.11111111111111108,16.127688888888887
7285,1135,245018,283032,1726,338,0.11111111111111108,16.127688888888887
7286,1135,245018,283032,1726,1201,0.11111111111111108,16.127688888888887
7287,1135,245018,283032,230,1200,0.11111111111111108,16.127688888888887
7288,1135,245018,283032,230,338,0.11111111111111108,16.127688888888887
7289,1135,245018,283032,230,1201,0.11111111111111108,16.127688888888887
7290,1136,245019,244030,1463,1290,0.11111111111111108,39.16999999999999
7291,1136,245019,244030,1463,1726,0.11111111111111108,39.16999999999999
7292,1136,245019,244030,1463,1090,0.11111111111111108,39.16999999999999
7293,1136,245019,244030,1223,1290,0.11111111111111108,39.16999999999999
7294,1136,245019,244030,1223,1726,0.11111111111111108,39.16999999999999
7295,1136,245019,244030,1223,1090,0.11111111111111108,39.16999999999999
7296,1136,245019,244030,541,1290,0.11111111111111108,39.16999999999999
7297,1136,245019,244030,541,1726,0.11111111111111108,39.16999999999999
7298,1136,245019,244030,541,1090,0.11111111111111108,39.16999999999999
7299,1137,245019,254012,1463,189,0.11111111111111108,55.337277777777764
7300,1137,245019,254012,1463,1241,0.11111111111111108,55.337277777777764
7301,1137,245019,254012,1463,1561,0.11111111111111108,55.337277777777764
7302,1137,245019,254012,1223,189,0.11111111111111108,55.337277777777764
7303,1137,245019,254012,1223,1241,0.11111111111111108,55.337277777777764
7304,1137,245019,254012,1223,1561,0.11111111111111108,55.337277777777764
7305,1137,245019,254012,541,189,0.11111111111111108,55.337277777777764
7306,1137,245019,254012,541,1241,0.11111111111111108,55.337277777777764
7307,1137,245019,254012,541,1561,0.11111111111111108,55.337277777777764
7308,1138,245020,214013,1511,830,0.16666666666666669,10.031433333333334
7309,1138,245020,214013,1511,1107,0.16666666666666669,10.031433333333334
7310,1138,245020,214013,1511,1720,0.16666666666666669,10.031433333333334
7311,1138,245020,214013,1076,830,0.16666666666666669,10.031433333333334
7312,1138,245020,214013,1076,1107,0.16666666666666669,10.031433333333334
7313,1138,245020,214013,1076,1720,0.16666666666666669,10.031433333333334
7314,1139,246001,225013,1172,1018,0.3333333333333333,60.2646
7315,1139,246001,225013,1172,743,0.3333333333333333,60.2646
7316,1139,246001,225013,1172,1017,0.3333333333333333,60.2646
7317,1140,246001,234015,1172,570,0.3333333333333333,124.24076437015779
7318,1140,246001,234015,1172,569,0.3333333333333333,124.24076437015779
7319,1140,246001,234015,1172,466,0.3333333333333333,124.24076437015779
7320,1141,246001,254014,1172,1274,0.5,232.43315
7321,1141,246001,254014,1172,1048,0.5,232.43315
7322,1142,246002,237003,1174,902,0.16666666666666669,13.163833333333335
7323,1142,246002,237003,1174,463,0.16666666666666669,13.163833333333335
7324,1142,246002,237003,887,902,0.16666666666666669,13.163833333333335
7325,1142,246002,237003,887,463,0.16666666666666669,13.163833333333335
7326,1142,246002,237003,1523,902,0.16666666666666669,13.163833333333335
7327,1142,246002,237003,1523,463,0.16666666666666669,13.163833333333335
7328,1143,246005,284014,1171,337,0.16666666666666669,13.840300000000001
7329,1143,246005,284014,1171,329,0.16666666666666669,13.840300000000001
7330,1143,246005,284014,1171,1249,0.16666666666666669,13.840300000000001
7331,1143,246005,284014,1174,337,0.16666666666666669,13.840300000000001
7332,1143,246005,284014,1174,329,0.16666666666666669,13.840300000000001
7333,1143,246005,284014,1174,1249,0.16666666666666669,13.840300000000001
7334,1144,246005,285002,1171,1191,0.16666666666666669,14.146066666666668
7335,1144,246005,285002,1171,1189,0.16666666666666669,14.146066666666668
7336,1144,246005,285002,1171,1188,0.16666666666666669,14.146066666666668
7337,1144,246005,285002,1174,1191,0.16666666666666669,14.146066666666668
7338,1144,246005,285002,1174,1189,0.16666666666666669,14.146066666666668
7339,1144,246005,285002,1174,1188,0.16666666666666669,14.146066666666668
7340,1145,246006,237001,1541,1289,0.16666666666666669,5.625566666666667
7341,1145,246006,237001,1541,1518,0.16666666666666669,5.625566666666667
7342,1145,246006,237001,1541,1588,0.16666666666666669,5.625566666666667
7343,1145,246006,237001,1661,1289,0.16666666666666669,5.625566666666667
7344,1145,246006,237001,1661,1518,0.16666666666666669,5.625566666666667
7345,1145,246006,237001,1661,1588,0.16666666666666669,5.625566666666667
7346,1146,246006,243014,1541,1087,0.5,413.76255
7347,1146,246006,243014,1661,1087,0.5,413.76255
7348,1147,246006,247006,1541,1139,0.16666666666666669,107.81688333333334
7349,1147,246006,247006,1541,313,0.16666666666666669,107.81688333333334
7350,1147,246006,247006,1541,1136,0.16666666666666669,107.81688333333334
7351,1147,246006,247006,1661,1139,0.16666666666666669,107.81688333333334
7352,1147,246006,247006,1661,313,0.16666666666666669,107.81688333333334
7353,1147,246006,247006,1661,1136,0.16666666666666669,107.81688333333334
7354,1148,246006,284004,1541,337,0.16666666666666669,9.940800000000001
7355,1148,246006,284004,1541,329,0.16666666666666669,9.940800000000001
7356,1148,246006,284004,1541,1249,0.16666666666666669,9.940800000000001
7357,1148,246006,284004,1661,337,0.16666666666666669,9.940800000000001
7358,1148,246006,284004,1661,329,0.16666666666666669,9.940800000000001
7359,1148,246006,284004,1661,1249,0.16666666666666669,9.940800000000001
7360,1149,246010,235006,466,601,0.3333333333333333,62.423766666666666
7361,1149,246010,235006,1514,601,0.3333333333333333,62.423766666666666
7362,1149,246010,235006,1508,601,0.3333333333333333,62.423766666666666
7363,1150,246010,236024,466,997,0.11111111111111108,32.78762222222221
7364,1150,246010,236024,466,417,0.11111111111111108,32.78762222222221
7365,1150,246010,236024,466,32,0.11111111111111108,32.78762222222221
7366,1150,246010,236024,1514,997,0.11111111111111108,32.78762222222221
7367,1150,246010,236024,1514,417,0.11111111111111108,32.78762222222221
7368,1150,246010,236024,1514,32,0.11111111111111108,32.78762222222221
7369,1150,246010,236024,1508,997,0.11111111111111108,32.78762222222221
7370,1150,246010,236024,1508,417,0.11111111111111108,32.78762222222221
7371,1150,246010,236024,1508,32,0.11111111111111108,32.78762222222221
7372,1151,246010,241011,466,1505,0.3333333333333333,117.09673333333333
7373,1151,246010,241011,1514,1505,0.3333333333333333,117.09673333333333
7374,1151,246010,241011,1508,1505,0.3333333333333333,117.09673333333333
7375,1152,246010,244027,466,312,0.11111111111111108,6.369411111111109
7376,1152,246010,244027,466,285,0.11111111111111108,6.369411111111109
7377,1152,246010,244027,466,1452,0.11111111111111108,6.369411111111109
7378,1152,246010,244027,1514,312,0.11111111111111108,6.369411111111109
7379,1152,246010,244027,1514,285,0.11111111111111108,6.369411111111109
7380,1152,246010,244027,1514,1452,0.11111111111111108,6.369411111111109
7381,1152,246010,244027,1508,312,0.11111111111111108,6.369411111111109
7382,1152,246010,244027,1508,285,0.11111111111111108,6.369411111111109
7383,1152,246010,244027,1508,1452,0.11111111111111108,6.369411111111109
7384,1153,246010,253002,466,182,0.11111111111111108,18.481533333333328
7385,1153,246010,253002,466,121,0.11111111111111108,18.481533333333328
7386,1153,246010,253002,466,118,0.11111111111111108,18.481533333333328
7387,1153,246010,253002,1514,182,0.11111111111111108,18.481533333333328
7388,1153,246010,253002,1514,121,0.11111111111111108,18.481533333333328
7389,1153,246010,253002,1514,118,0.11111111111111108,18.481533333333328
7390,1153,246010,253002,1508,182,0.11111111111111108,18.481533333333328
7391,1153,246010,253002,1508,121,0.11111111111111108,18.481533333333328
7392,1153,246010,253002,1508,118,0.11111111111111108,18.481533333333328
7393,1154,246011,211020,30,495,1.0,268.6071
7394,1155,246011,211021,30,291,0.3333333333333333,78.08073333333333
7395,1155,246011,211021,30,1521,0.3333333333333333,78.08073333333333
7396,1155,246011,211021,30,1310,0.3333333333333333,78.08073333333333
7397,1156,246011,211030,30,1400,0.3333333333333333,1149.0709333333332
7398,1156,246011,211030,30,929,0.3333333333333333,1149.0709333333332
7399,1156,246011,211030,30,819,0.3333333333333333,1149.0709333333332
7400,1157,246011,217001,30,736,0.3333333333333333,78.08073333333333
7401,1157,246011,217001,30,1070,0.3333333333333333,78.08073333333333
7402,1157,246011,217001,30,511,0.3333333333333333,78.08073333333333
7403,1158,246011,285002,30,1191,0.3333333333333333,16.494899999999998
7404,1158,246011,285002,30,1189,0.3333333333333333,16.494899999999998
7405,1158,246011,285002,30,1188,0.3333333333333333,16.494899999999998
7406,1159,246013,247006,1173,1139,0.11111111111111108,66.12556994189916
7407,1159,246013,247006,1173,313,0.11111111111111108,66.12556994189916
7408,1159,246013,247006,1173,1136,0.11111111111111108,66.12556994189916
7409,1159,246013,247006,1179,1139,0.11111111111111108,66.12556994189916
7410,1159,246013,247006,1179,313,0.11111111111111108,66.12556994189916
7411,1159,246013,247006,1179,1136,0.11111111111111108,66.12556994189916
7412,1159,246013,247006,350,1139,0.11111111111111108,66.12556994189916
7413,1159,246013,247006,350,313,0.11111111111111108,66.12556994189916
7414,1159,246013,247006,350,1136,0.11111111111111108,66.12556994189916
7415,1160,246015,253002,340,182,0.11111111111111108,32.71102222222221
7416,1160,246015,253002,340,121,0.11111111111111108,32.71102222222221
7417,1160,246015,253002,340,118,0.11111111111111108,32.71102222222221
7418,1160,246015,253002,351,182,0.11111111111111108,32.71102222222221
7419,1160,246015,253002,351,121,0.11111111111111108,32.71102222222221
7420,1160,246015,253002,351,118,0.11111111111111108,32.71102222222221
7421,1160,246015,253002,1176,182,0.11111111111111108,32.71102222222221
7422,1160,246015,253002,1176,121,0.11111111111111108,32.71102222222221
7423,1160,246015,253002,1176,118,0.11111111111111108,32.71102222222221
7424,1161,247003,213004,1127,286,0.16666666666666669,11.8777
7425,1161,247003,213004,1127,302,0.16666666666666669,11.8777
7426,1161,247003,213004,1127,1680,0.16666666666666669,11.8777
7427,1161,247003,213004,1507,286,0.16666666666666669,11.8777
7428,1161,247003,213004,1507,302,0.16666666666666669,11.8777
7429,1161,247003,213004,1507,1680,0.16666666666666669,11.8777
7430,1162,247006,151003,1139,394,0.11111111111111108,15.619588888888885
7431,1162,247006,151003,1139,226,0.11111111111111108,15.619588888888885
7432,1162,247006,151003,1139,239,0.11111111111111108,15.619588888888885
7433,1162,247006,151003,313,394,0.11111111111111108,15.619588888888885
7434,1162,247006,151003,313,226,0.11111111111111108,15.619588888888885
7435,1162,247006,151003,313,239,0.11111111111111108,15.619588888888885
7436,1162,247006,151003,1136,394,0.11111111111111108,15.619588888888885
7437,1162,247006,151003,1136,226,0.11111111111111108,15.619588888888885
7438,1162,247006,151003,1136,239,0.11111111111111108,15.619588888888885
7439,1163,247006,211028,1139,1098,0.11111111111111108,25.789033333333325
7440,1163,247006,211028,1139,1096,0.11111111111111108,25.789033333333325
7441,1163,247006,211028,1139,1095,0.11111111111111108,25.789033333333325
7442,1163,247006,211028,313,1098,0.11111111111111108,25.789033333333325
7443,1163,247006,211028,313,1096,0.11111111111111108,25.789033333333325
7444,1163,247006,211028,313,1095,0.11111111111111108,25.789033333333325
7445,1163,247006,211028,1136,1098,0.11111111111111108,25.789033333333325
7446,1163,247006,211028,1136,1096,0.11111111111111108,25.789033333333325
7447,1163,247006,211028,1136,1095,0.11111111111111108,25.789033333333325
7448,1164,247006,211033,1139,1653,0.11111111111111108,14.27155555555555
7449,1164,247006,211033,1139,1102,0.11111111111111108,14.27155555555555
7450,1164,247006,211033,1139,1097,0.11111111111111108,14.27155555555555
7451,1164,247006,211033,313,1653,0.11111111111111108,14.27155555555555
7452,1164,247006,211033,313,1102,0.11111111111111108,14.27155555555555
7453,1164,247006,211033,313,1097,0.11111111111111108,14.27155555555555
7454,1164,247006,211033,1136,1653,0.11111111111111108,14.27155555555555
7455,1164,247006,211033,1136,1102,0.11111111111111108,14.27155555555555
7456,1164,247006,211033,1136,1097,0.11111111111111108,14.27155555555555
7457,1165,247006,237001,1139,1289,0.11111111111111108,82.05807777777775
7458,1165,247006,237001,1139,1518,0.11111111111111108,82.05807777777775
7459,1165,247006,237001,1139,1588,0.11111111111111108,82.05807777777775
7460,1165,247006,237001,313,1289,0.11111111111111108,82.05807777777775
7461,1165,247006,237001,313,1518,0.11111111111111108,82.05807777777775
7462,1165,247006,237001,313,1588,0.11111111111111108,82.05807777777775
7463,1165,247006,237001,1136,1289,0.11111111111111108,82.05807777777775
7464,1165,247006,237001,1136,1518,0.11111111111111108,82.05807777777775
7465,1165,247006,237001,1136,1588,0.11111111111111108,82.05807777777775
7466,1166,247006,237003,1139,902,0.16666666666666669,34.029900000000005
7467,1166,247006,237003,1139,463,0.16666666666666669,34.029900000000005
7468,1166,247006,237003,313,902,0.16666666666666669,34.029900000000005
7469,1166,247006,237003,313,463,0.16666666666666669,34.029900000000005
7470,1166,247006,237003,1136,902,0.16666666666666669,34.029900000000005
7471,1166,247006,237003,1136,463,0.16666666666666669,34.029900000000005
7472,1167,247006,242041,1139,486,0.11111111111111108,19.478188888888884
7473,1167,247006,242041,1139,426,0.11111111111111108,19.478188888888884
7474,1167,247006,242041,1139,489,0.11111111111111108,19.478188888888884
7475,1167,247006,242041,313,486,0.11111111111111108,19.478188888888884
7476,1167,247006,242041,313,426,0.11111111111111108,19.478188888888884
7477,1167,247006,242041,313,489,0.11111111111111108,19.478188888888884
7478,1167,247006,242041,1136,486,0.11111111111111108,19.478188888888884
7479,1167,247006,242041,1136,426,0.11111111111111108,19.478188888888884
7480,1167,247006,242041,1136,489,0.11111111111111108,19.478188888888884
7481,1168,247006,243043,1139,1077,0.11111111111111108,16.047377777777772
7482,1168,247006,243043,1139,1081,0.11111111111111108,16.047377777777772
7483,1168,247006,243043,1139,1695,0.11111111111111108,16.047377777777772
7484,1168,247006,243043,313,1077,0.11111111111111108,16.047377777777772
7485,1168,247006,243043,313,1081,0.11111111111111108,16.047377777777772
7486,1168,247006,243043,313,1695,0.11111111111111108,16.047377777777772
7487,1168,247006,243043,1136,1077,0.11111111111111108,16.047377777777772
7488,1168,247006,243043,1136,1081,0.11111111111111108,16.047377777777772
7489,1168,247006,243043,1136,1695,0.11111111111111108,16.047377777777772
7490,1169,247006,245008,1139,1076,0.3333333333333333,27.620366666666662
7491,1169,247006,245008,313,1076,0.3333333333333333,27.620366666666662
7492,1169,247006,245008,1136,1076,0.3333333333333333,27.620366666666662
7493,1170,247006,245018,1139,1223,0.11111111111111108,40.04402222222222
7494,1170,247006,245018,1139,1726,0.11111111111111108,40.04402222222222
7495,1170,247006,245018,1139,230,0.11111111111111108,40.04402222222222
7496,1170,247006,245018,313,1223,0.11111111111111108,40.04402222222222
7497,1170,247006,245018,313,1726,0.11111111111111108,40.04402222222222
7498,1170,247006,245018,313,230,0.11111111111111108,40.04402222222222
7499,1170,247006,245018,1136,1223,0.11111111111111108,40.04402222222222
7500,1170,247006,245018,1136,1726,0.11111111111111108,40.04402222222222
7501,1170,247006,245018,1136,230,0.11111111111111108,40.04402222222222
7502,1171,247006,246006,1139,1541,0.16666666666666669,116.68680000000002
7503,1171,247006,246006,1139,1661,0.16666666666666669,116.68680000000002
7504,1171,247006,246006,313,1541,0.16666666666666669,116.68680000000002
7505,1171,247006,246006,313,1661,0.16666666666666669,116.68680000000002
7506,1171,247006,246006,1136,1541,0.16666666666666669,116.68680000000002
7507,1171,247006,246006,1136,1661,0.16666666666666669,116.68680000000002
7508,1172,247006,246013,1139,1173,0.11111111111111108,328.75981111111105
7509,1172,247006,246013,1139,1179,0.11111111111111108,328.75981111111105
7510,1172,247006,246013,1139,350,0.11111111111111108,328.75981111111105
7511,1172,247006,246013,313,1173,0.11111111111111108,328.75981111111105
7512,1172,247006,246013,313,1179,0.11111111111111108,328.75981111111105
7513,1172,247006,246013,313,350,0.11111111111111108,328.75981111111105
7514,1172,247006,246013,1136,1173,0.11111111111111108,328.75981111111105
7515,1172,247006,246013,1136,1179,0.11111111111111108,328.75981111111105
7516,1172,247006,246013,1136,350,0.11111111111111108,328.75981111111105
7517,1173,247006,267017,1139,555,0.3333333333333333,119.45753333333332
7518,1173,247006,267017,313,555,0.3333333333333333,119.45753333333332
7519,1173,247006,267017,1136,555,0.3333333333333333,119.45753333333332
7520,1174,247006,272017,1139,1501,0.11111111111111108,14.831888888888884
7521,1174,247006,272017,1139,907,0.11111111111111108,14.831888888888884
7522,1174,247006,272017,1139,1188,0.11111111111111108,14.831888888888884
7523,1174,247006,272017,313,1501,0.11111111111111108,14.831888888888884
7524,1174,247006,272017,313,907,0.11111111111111108,14.831888888888884
7525,1174,247006,272017,313,1188,0.11111111111111108,14.831888888888884
7526,1174,247006,272017,1136,1501,0.11111111111111108,14.831888888888884
7527,1174,247006,272017,1136,907,0.11111111111111108,14.831888888888884
7528,1174,247006,272017,1136,1188,0.11111111111111108,14.831888888888884
7529,1175,247006,283025,1139,329,0.11111111111111108,63.0913111111111
7530,1175,247006,283025,1139,1196,0.11111111111111108,63.0913111111111
7531,1175,247006,283025,1139,337,0.11111111111111108,63.0913111111111
7532,1175,247006,283025,313,329,0.11111111111111108,63.0913111111111
7533,1175,247006,283025,313,1196,0.11111111111111108,63.0913111111111
7534,1175,247006,283025,313,337,0.11111111111111108,63.0913111111111
7535,1175,247006,283025,1136,329,0.11111111111111108,63.0913111111111
7536,1175,247006,283025,1136,1196,0.11111111111111108,63.0913111111111
7537,1175,247006,283025,1136,337,0.11111111111111108,63.0913111111111
7538,1176,247006,285016,1139,1183,0.16666666666666669,314.2680166666667
7539,1176,247006,285016,1139,1186,0.16666666666666669,314.2680166666667
7540,1176,247006,285016,313,1183,0.16666666666666669,314.2680166666667
7541,1176,247006,285016,313,1186,0.16666666666666669,314.2680166666667
7542,1176,247006,285016,1136,1183,0.16666666666666669,314.2680166666667
7543,1176,247006,285016,1136,1186,0.16666666666666669,314.2680166666667
7544,1177,247011,221078,1140,1031,0.3333333333333333,21.617066666666666
7545,1177,247011,221078,896,1031,0.3333333333333333,21.617066666666666
7546,1177,247011,221078,313,1031,0.3333333333333333,21.617066666666666
7547,1178,247011,227002,1140,454,0.3333333333333333,54.02669999999999
7548,1178,247011,227002,896,454,0.3333333333333333,54.02669999999999
7549,1178,247011,227002,313,454,0.3333333333333333,54.02669999999999
7550,1179,247011,234021,1140,455,0.11111111111111108,7.9184666666666645
7551,1179,247011,234021,1140,1526,0.11111111111111108,7.9184666666666645
7552,1179,247011,234021,1140,616,0.11111111111111108,7.9184666666666645
7553,1179,247011,234021,896,455,0.11111111111111108,7.9184666666666645
7554,1179,247011,234021,896,1526,0.11111111111111108,7.9184666666666645
7555,1179,247011,234021,896,616,0.11111111111111108,7.9184666666666645
7556,1179,247011,234021,313,455,0.11111111111111108,7.9184666666666645
7557,1179,247011,234021,313,1526,0.11111111111111108,7.9184666666666645
7558,1179,247011,234021,313,616,0.11111111111111108,7.9184666666666645
7559,1180,247011,264002,1140,1635,0.11111111111111108,6.1877999999999975
7560,1180,247011,264002,1140,1240,0.11111111111111108,6.1877999999999975
7561,1180,247011,264002,1140,1340,0.11111111111111108,6.1877999999999975
7562,1180,247011,264002,896,1635,0.11111111111111108,6.1877999999999975
7563,1180,247011,264002,896,1240,0.11111111111111108,6.1877999999999975
7564,1180,247011,264002,896,1340,0.11111111111111108,6.1877999999999975
7565,1180,247011,264002,313,1635,0.11111111111111108,6.1877999999999975
7566,1180,247011,264002,313,1240,0.11111111111111108,6.1877999999999975
7567,1180,247011,264002,313,1340,0.11111111111111108,6.1877999999999975
7568,1181,247011,272012,1140,1370,0.11111111111111108,9.487344444444442
7569,1181,247011,272012,1140,1501,0.11111111111111108,9.487344444444442
7570,1181,247011,272012,1140,244,0.11111111111111108,9.487344444444442
7571,1181,247011,272012,896,1370,0.11111111111111108,9.487344444444442
7572,1181,247011,272012,896,1501,0.11111111111111108,9.487344444444442
7573,1181,247011,272012,896,244,0.11111111111111108,9.487344444444442
7574,1181,247011,272012,313,1370,0.11111111111111108,9.487344444444442
7575,1181,247011,272012,313,1501,0.11111111111111108,9.487344444444442
7576,1181,247011,272012,313,244,0.11111111111111108,9.487344444444442
7577,1182,247013,232004,1141,439,0.11111111111111108,62.22893333333331
7578,1182,247013,232004,1141,898,0.11111111111111108,62.22893333333331
7579,1182,247013,232004,1141,456,0.11111111111111108,62.22893333333331
7580,1182,247013,232004,484,439,0.11111111111111108,62.22893333333331
7581,1182,247013,232004,484,898,0.11111111111111108,62.22893333333331
7582,1182,247013,232004,484,456,0.11111111111111108,62.22893333333331
7583,1182,247013,232004,488,439,0.11111111111111108,62.22893333333331
7584,1182,247013,232004,488,898,0.11111111111111108,62.22893333333331
7585,1182,247013,232004,488,456,0.11111111111111108,62.22893333333331
7586,1183,251002,211033,1592,1653,0.11111111111111108,59.97944444444443
7587,1183,251002,211033,1592,1102,0.11111111111111108,59.97944444444443
7588,1183,251002,211033,1592,1097,0.11111111111111108,59.97944444444443
7589,1183,251002,211033,1420,1653,0.11111111111111108,59.97944444444443
7590,1183,251002,211033,1420,1102,0.11111111111111108,59.97944444444443
7591,1183,251002,211033,1420,1097,0.11111111111111108,59.97944444444443
7592,1183,251002,211033,1423,1653,0.11111111111111108,59.97944444444443
7593,1183,251002,211033,1423,1102,0.11111111111111108,59.97944444444443
7594,1183,251002,211033,1423,1097,0.11111111111111108,59.97944444444443
7595,1184,251002,215005,1592,327,0.11111111111111108,397.18779999999987
7596,1184,251002,215005,1592,1681,0.11111111111111108,397.18779999999987
7597,1184,251002,215005,1592,1116,0.11111111111111108,397.18779999999987
7598,1184,251002,215005,1420,327,0.11111111111111108,397.18779999999987
7599,1184,251002,215005,1420,1681,0.11111111111111108,397.18779999999987
7600,1184,251002,215005,1420,1116,0.11111111111111108,397.18779999999987
7601,1184,251002,215005,1423,327,0.11111111111111108,397.18779999999987
7602,1184,251002,215005,1423,1681,0.11111111111111108,397.18779999999987
7603,1184,251002,215005,1423,1116,0.11111111111111108,397.18779999999987
7604,1185,251002,225052,1592,1410,0.16666666666666669,17.16616666666667
7605,1185,251002,225052,1592,1411,0.16666666666666669,17.16616666666667
7606,1185,251002,225052,1420,1410,0.16666666666666669,17.16616666666667
7607,1185,251002,225052,1420,1411,0.16666666666666669,17.16616666666667
7608,1185,251002,225052,1423,1410,0.16666666666666669,17.16616666666667
7609,1185,251002,225052,1423,1411,0.16666666666666669,17.16616666666667
7610,1186,251002,228032,1592,598,0.3333333333333333,33.97123333333333
7611,1186,251002,228032,1420,598,0.3333333333333333,33.97123333333333
7612,1186,251002,228032,1423,598,0.3333333333333333,33.97123333333333
7613,1187,251002,235012,1592,996,0.11111111111111108,58.398477777777764
7614,1187,251002,235012,1592,601,0.11111111111111108,58.398477777777764
7615,1187,251002,235012,1592,993,0.11111111111111108,58.398477777777764
7616,1187,251002,235012,1420,996,0.11111111111111108,58.398477777777764
7617,1187,251002,235012,1420,601,0.11111111111111108,58.398477777777764
7618,1187,251002,235012,1420,993,0.11111111111111108,58.398477777777764
7619,1187,251002,235012,1423,996,0.11111111111111108,58.398477777777764
7620,1187,251002,235012,1423,601,0.11111111111111108,58.398477777777764
7621,1187,251002,235012,1423,993,0.11111111111111108,58.398477777777764
7622,1188,251002,237001,1592,1289,0.11111111111111108,39.43632222222221
7623,1188,251002,237001,1592,1518,0.11111111111111108,39.43632222222221
7624,1188,251002,237001,1592,1588,0.11111111111111108,39.43632222222221
7625,1188,251002,237001,1420,1289,0.11111111111111108,39.43632222222221
7626,1188,251002,237001,1420,1518,0.11111111111111108,39.43632222222221
7627,1188,251002,237001,1420,1588,0.11111111111111108,39.43632222222221
7628,1188,251002,237001,1423,1289,0.11111111111111108,39.43632222222221
7629,1188,251002,237001,1423,1518,0.11111111111111108,39.43632222222221
7630,1188,251002,237001,1423,1588,0.11111111111111108,39.43632222222221
7631,1189,251002,283025,1592,329,0.11111111111111108,8.640366666666665
7632,1189,251002,283025,1592,1196,0.11111111111111108,8.640366666666665
7633,1189,251002,283025,1592,337,0.11111111111111108,8.640366666666665
7634,1189,251002,283025,1420,329,0.11111111111111108,8.640366666666665
7635,1189,251002,283025,1420,1196,0.11111111111111108,8.640366666666665
7636,1189,251002,283025,1420,337,0.11111111111111108,8.640366666666665
7637,1189,251002,283025,1423,329,0.11111111111111108,8.640366666666665
7638,1189,251002,283025,1423,1196,0.11111111111111108,8.640366666666665
7639,1189,251002,283025,1423,337,0.11111111111111108,8.640366666666665
7640,1190,251004,271032,305,108,0.11111111111111108,34.481355555555545
7641,1190,251004,271032,305,1415,0.11111111111111108,34.481355555555545
7642,1190,251004,271032,305,1520,0.11111111111111108,34.481355555555545
7643,1190,251004,271032,1443,108,0.11111111111111108,34.481355555555545
7644,1190,251004,271032,1443,1415,0.11111111111111108,34.481355555555545
7645,1190,251004,271032,1443,1520,0.11111111111111108,34.481355555555545
7646,1190,251004,271032,7,108,0.11111111111111108,34.481355555555545
7647,1190,251004,271032,7,1415,0.11111111111111108,34.481355555555545
7648,1190,251004,271032,7,1520,0.11111111111111108,34.481355555555545
7649,1191,253001,216001,1027,1528,0.11111111111111108,34.88658888888888
7650,1191,253001,216001,1027,290,0.11111111111111108,34.88658888888888
7651,1191,253001,216001,1027,1371,0.11111111111111108,34.88658888888888
7652,1191,253001,216001,172,1528,0.11111111111111108,34.88658888888888
7653,1191,253001,216001,172,290,0.11111111111111108,34.88658888888888
7654,1191,253001,216001,172,1371,0.11111111111111108,34.88658888888888
7655,1191,253001,216001,908,1528,0.11111111111111108,34.88658888888888
7656,1191,253001,216001,908,290,0.11111111111111108,34.88658888888888
7657,1191,253001,216001,908,1371,0.11111111111111108,34.88658888888888
7658,1192,253001,221077,1027,115,0.11111111111111108,18.30895555555555
7659,1192,253001,221077,1027,734,0.11111111111111108,18.30895555555555
7660,1192,253001,221077,1027,121,0.11111111111111108,18.30895555555555
7661,1192,253001,221077,172,115,0.11111111111111108,18.30895555555555
7662,1192,253001,221077,172,734,0.11111111111111108,18.30895555555555
7663,1192,253001,221077,172,121,0.11111111111111108,18.30895555555555
7664,1192,253001,221077,908,115,0.11111111111111108,18.30895555555555
7665,1192,253001,221077,908,734,0.11111111111111108,18.30895555555555
7666,1192,253001,221077,908,121,0.11111111111111108,18.30895555555555
7667,1193,253001,268033,1027,1273,0.11111111111111108,9.483811111111109
7668,1193,253001,268033,1027,256,0.11111111111111108,9.483811111111109
7669,1193,253001,268033,1027,1378,0.11111111111111108,9.483811111111109
7670,1193,253001,268033,172,1273,0.11111111111111108,9.483811111111109
7671,1193,253001,268033,172,256,0.11111111111111108,9.483811111111109
7672,1193,253001,268033,172,1378,0.11111111111111108,9.483811111111109
7673,1193,253001,268033,908,1273,0.11111111111111108,9.483811111111109
7674,1193,253001,268033,908,256,0.11111111111111108,9.483811111111109
7675,1193,253001,268033,908,1378,0.11111111111111108,9.483811111111109
7676,1194,253002,152005,182,394,0.11111111111111108,14.67042222222222
7677,1194,253002,152005,182,1463,0.11111111111111108,14.67042222222222
7678,1194,253002,152005,182,1462,0.11111111111111108,14.67042222222222
7679,1194,253002,152005,121,394,0.11111111111111108,14.67042222222222
7680,1194,253002,152005,121,1463,0.11111111111111108,14.67042222222222
7681,1194,253002,152005,121,1462,0.11111111111111108,14.67042222222222
7682,1194,253002,152005,118,394,0.11111111111111108,14.67042222222222
7683,1194,253002,152005,118,1463,0.11111111111111108,14.67042222222222
7684,1194,253002,152005,118,1462,0.11111111111111108,14.67042222222222
7685,1195,253002,211023,182,833,0.11111111111111108,33.68327777777777
7686,1195,253002,211023,182,1105,0.11111111111111108,33.68327777777777
7687,1195,253002,211023,182,1098,0.11111111111111108,33.68327777777777
7688,1195,253002,211023,121,833,0.11111111111111108,33.68327777777777
7689,1195,253002,211023,121,1105,0.11111111111111108,33.68327777777777
7690,1195,253002,211023,121,1098,0.11111111111111108,33.68327777777777
7691,1195,253002,211023,118,833,0.11111111111111108,33.68327777777777
7692,1195,253002,211023,118,1105,0.11111111111111108,33.68327777777777
7693,1195,253002,211023,118,1098,0.11111111111111108,33.68327777777777
7694,1196,253002,215006,182,1109,0.11111111111111108,46.06799999999999
7695,1196,253002,215006,182,1404,0.11111111111111108,46.06799999999999
7696,1196,253002,215006,182,1513,0.11111111111111108,46.06799999999999
7697,1196,253002,215006,121,1109,0.11111111111111108,46.06799999999999
7698,1196,253002,215006,121,1404,0.11111111111111108,46.06799999999999
7699,1196,253002,215006,121,1513,0.11111111111111108,46.06799999999999
7700,1196,253002,215006,118,1109,0.11111111111111108,46.06799999999999
7701,1196,253002,215006,118,1404,0.11111111111111108,46.06799999999999
7702,1196,253002,215006,118,1513,0.11111111111111108,46.06799999999999
7703,1197,253002,217001,182,736,0.11111111111111108,9.101566666666665
7704,1197,253002,217001,182,1070,0.11111111111111108,9.101566666666665
7705,1197,253002,217001,182,511,0.11111111111111108,9.101566666666665
7706,1197,253002,217001,121,736,0.11111111111111108,9.101566666666665
7707,1197,253002,217001,121,1070,0.11111111111111108,9.101566666666665
7708,1197,253002,217001,121,511,0.11111111111111108,9.101566666666665
7709,1197,253002,217001,118,736,0.11111111111111108,9.101566666666665
7710,1197,253002,217001,118,1070,0.11111111111111108,9.101566666666665
7711,1197,253002,217001,118,511,0.11111111111111108,9.101566666666665
7712,1198,253002,226007,182,966,0.11111111111111108,20.127955555555552
7713,1198,253002,226007,182,1005,0.11111111111111108,20.127955555555552
7714,1198,253002,226007,182,1485,0.11111111111111108,20.127955555555552
7715,1198,253002,226007,121,966,0.11111111111111108,20.127955555555552
7716,1198,253002,226007,121,1005,0.11111111111111108,20.127955555555552
7717,1198,253002,226007,121,1485,0.11111111111111108,20.127955555555552
7718,1198,253002,226007,118,966,0.11111111111111108,20.127955555555552
7719,1198,253002,226007,118,1005,0.11111111111111108,20.127955555555552
7720,1198,253002,226007,118,1485,0.11111111111111108,20.127955555555552
7721,1199,253002,232001,182,898,0.11111111111111108,8.162666666666665
7722,1199,253002,232001,182,904,0.11111111111111108,8.162666666666665
7723,1199,253002,232001,182,903,0.11111111111111108,8.162666666666665
7724,1199,253002,232001,121,898,0.11111111111111108,8.162666666666665
7725,1199,253002,232001,121,904,0.11111111111111108,8.162666666666665
7726,1199,253002,232001,121,903,0.11111111111111108,8.162666666666665
7727,1199,253002,232001,118,898,0.11111111111111108,8.162666666666665
7728,1199,253002,232001,118,904,0.11111111111111108,8.162666666666665
7729,1199,253002,232001,118,903,0.11111111111111108,8.162666666666665
7730,1200,253002,246010,182,466,0.11111111111111108,18.481533333333328
7731,1200,253002,246010,182,1514,0.11111111111111108,18.481533333333328
7732,1200,253002,246010,182,1508,0.11111111111111108,18.481533333333328
7733,1200,253002,246010,121,466,0.11111111111111108,18.481533333333328
7734,1200,253002,246010,121,1514,0.11111111111111108,18.481533333333328
7735,1200,253002,246010,121,1508,0.11111111111111108,18.481533333333328
7736,1200,253002,246010,118,466,0.11111111111111108,18.481533333333328
7737,1200,253002,246010,118,1514,0.11111111111111108,18.481533333333328
7738,1200,253002,246010,118,1508,0.11111111111111108,18.481533333333328
7739,1201,253002,265018,182,866,0.11111111111111108,214.0718999999999
7740,1201,253002,265018,182,773,0.11111111111111108,214.0718999999999
7741,1201,253002,265018,182,865,0.11111111111111108,214.0718999999999
7742,1201,253002,265018,121,866,0.11111111111111108,214.0718999999999
7743,1201,253002,265018,121,773,0.11111111111111108,214.0718999999999
7744,1201,253002,265018,121,865,0.11111111111111108,214.0718999999999
7745,1201,253002,265018,118,866,0.11111111111111108,214.0718999999999
7746,1201,253002,265018,118,773,0.11111111111111108,214.0718999999999
7747,1201,253002,265018,118,865,0.11111111111111108,214.0718999999999
7748,1202,253002,271045,182,1522,0.3333333333333333,98.13306666666666
7749,1202,253002,271045,121,1522,0.3333333333333333,98.13306666666666
7750,1202,253002,271045,118,1522,0.3333333333333333,98.13306666666666
7751,1203,253002,286016,182,1197,0.11111111111111108,10.042266666666663
7752,1203,253002,286016,182,1249,0.11111111111111108,10.042266666666663
7753,1203,253002,286016,182,1250,0.11111111111111108,10.042266666666663
7754,1203,253002,286016,121,1197,0.11111111111111108,10.042266666666663
7755,1203,253002,286016,121,1249,0.11111111111111108,10.042266666666663
7756,1203,253002,286016,121,1250,0.11111111111111108,10.042266666666663
7757,1203,253002,286016,118,1197,0.11111111111111108,10.042266666666663
7758,1203,253002,286016,118,1249,0.11111111111111108,10.042266666666663
7759,1203,253002,286016,118,1250,0.11111111111111108,10.042266666666663
7760,1204,253003,212007,724,1287,0.11111111111111108,43.90939999999999
7761,1204,253003,212007,724,1212,0.11111111111111108,43.90939999999999
7762,1204,253003,212007,724,429,0.11111111111111108,43.90939999999999
7763,1204,253003,212007,1716,1287,0.11111111111111108,43.90939999999999
7764,1204,253003,212007,1716,1212,0.11111111111111108,43.90939999999999
7765,1204,253003,212007,1716,429,0.11111111111111108,43.90939999999999
7766,1204,253003,212007,54,1287,0.11111111111111108,43.90939999999999
7767,1204,253003,212007,54,1212,0.11111111111111108,43.90939999999999
7768,1204,253003,212007,54,429,0.11111111111111108,43.90939999999999
7769,1205,253003,232001,724,898,0.11111111111111108,30.962566666666657
7770,1205,253003,232001,724,904,0.11111111111111108,30.962566666666657
7771,1205,253003,232001,724,903,0.11111111111111108,30.962566666666657
7772,1205,253003,232001,1716,898,0.11111111111111108,30.962566666666657
7773,1205,253003,232001,1716,904,0.11111111111111108,30.962566666666657
7774,1205,253003,232001,1716,903,0.11111111111111108,30.962566666666657
7775,1205,253003,232001,54,898,0.11111111111111108,30.962566666666657
7776,1205,253003,232001,54,904,0.11111111111111108,30.962566666666657
7777,1205,253003,232001,54,903,0.11111111111111108,30.962566666666657
7778,1206,253003,255010,724,65,0.11111111111111108,120.20581111111107
7779,1206,253003,255010,724,1658,0.11111111111111108,120.20581111111107
7780,1206,253003,255010,724,1636,0.11111111111111108,120.20581111111107
7781,1206,253003,255010,1716,65,0.11111111111111108,120.20581111111107
7782,1206,253003,255010,1716,1658,0.11111111111111108,120.20581111111107
7783,1206,253003,255010,1716,1636,0.11111111111111108,120.20581111111107
7784,1206,253003,255010,54,65,0.11111111111111108,120.20581111111107
7785,1206,253003,255010,54,1658,0.11111111111111108,120.20581111111107
7786,1206,253003,255010,54,1636,0.11111111111111108,120.20581111111107
7787,1207,253003,264015,724,1635,0.11111111111111108,539.7034555555554
7788,1207,253003,264015,724,1240,0.11111111111111108,539.7034555555554
7789,1207,253003,264015,724,1340,0.11111111111111108,539.7034555555554
7790,1207,253003,264015,1716,1635,0.11111111111111108,539.7034555555554
7791,1207,253003,264015,1716,1240,0.11111111111111108,539.7034555555554
7792,1207,253003,264015,1716,1340,0.11111111111111108,539.7034555555554
7793,1207,253003,264015,54,1635,0.11111111111111108,539.7034555555554
7794,1207,253003,264015,54,1240,0.11111111111111108,539.7034555555554
7795,1207,253003,264015,54,1340,0.11111111111111108,539.7034555555554
7796,1208,253004,242037,128,426,0.16666666666666669,11.5664
7797,1208,253004,242037,128,473,0.16666666666666669,11.5664
7798,1208,253004,242037,696,426,0.16666666666666669,11.5664
7799,1208,253004,242037,696,473,0.16666666666666669,11.5664
7800,1208,253004,242037,1493,426,0.16666666666666669,11.5664
7801,1208,253004,242037,1493,473,0.16666666666666669,11.5664
7802,1209,253005,211032,1715,649,0.3333333333333333,261.2227
7803,1209,253005,211032,1715,1094,0.3333333333333333,261.2227
7804,1209,253005,211032,1715,648,0.3333333333333333,261.2227
7805,1210,253005,236024,1715,997,0.3333333333333333,21.523600000000002
7806,1210,253005,236024,1715,417,0.3333333333333333,21.523600000000002
7807,1210,253005,236024,1715,32,0.3333333333333333,21.523600000000002
7808,1211,253005,284020,1715,329,0.3333333333333333,21.615333333333332
7809,1211,253005,284020,1715,337,0.3333333333333333,21.615333333333332
7810,1211,253005,284020,1715,1222,0.3333333333333333,21.615333333333332
7811,1212,253005,285002,1715,1191,0.3333333333333333,28.6022
7812,1212,253005,285002,1715,1189,0.3333333333333333,28.6022
7813,1212,253005,285002,1715,1188,0.3333333333333333,28.6022
7814,1213,253006,226007,1715,966,0.3333333333333333,719.7072333333333
7815,1213,253006,226007,1715,1005,0.3333333333333333,719.7072333333333
7816,1213,253006,226007,1715,1485,0.3333333333333333,719.7072333333333
7817,1214,253006,254016,1715,119,1.0,63.2933
7818,1215,253006,255016,1715,70,0.3333333333333333,130.65949999999998
7819,1215,253006,255016,1715,1281,0.3333333333333333,130.65949999999998
7820,1215,253006,255016,1715,1264,0.3333333333333333,130.65949999999998
7821,1216,253006,283029,1715,1501,1.0,181.4837
7822,1217,253007,264034,1598,69,0.11111111111111108,13.085966666666662
7823,1217,253007,264034,1598,318,0.11111111111111108,13.085966666666662
7824,1217,253007,264034,1598,67,0.11111111111111108,13.085966666666662
7825,1217,253007,264034,1715,69,0.11111111111111108,13.085966666666662
7826,1217,253007,264034,1715,318,0.11111111111111108,13.085966666666662
7827,1217,253007,264034,1715,67,0.11111111111111108,13.085966666666662
7828,1217,253007,264034,167,69,0.11111111111111108,13.085966666666662
7829,1217,253007,264034,167,318,0.11111111111111108,13.085966666666662
7830,1217,253007,264034,167,67,0.11111111111111108,13.085966666666662
7831,1218,253010,221008,1454,1049,0.11111111111111108,18.83635555555555
7832,1218,253010,221008,1454,1642,0.11111111111111108,18.83635555555555
7833,1218,253010,221008,1454,1050,0.11111111111111108,18.83635555555555
7834,1218,253010,221008,705,1049,0.11111111111111108,18.83635555555555
7835,1218,253010,221008,705,1642,0.11111111111111108,18.83635555555555
7836,1218,253010,221008,705,1050,0.11111111111111108,18.83635555555555
7837,1218,253010,221008,196,1049,0.11111111111111108,18.83635555555555
7838,1218,253010,221008,196,1642,0.11111111111111108,18.83635555555555
7839,1218,253010,221008,196,1050,0.11111111111111108,18.83635555555555
7840,1219,253011,245012,1717,1223,0.11111111111111108,20.933403888558946
7841,1219,253011,245012,1717,285,0.11111111111111108,20.933403888558946
7842,1219,253011,245012,1717,501,0.11111111111111108,20.933403888558946
7843,1219,253011,245012,196,1223,0.11111111111111108,20.933403888558946
7844,1219,253011,245012,196,285,0.11111111111111108,20.933403888558946
7845,1219,253011,245012,196,501,0.11111111111111108,20.933403888558946
7846,1219,253011,245012,1715,1223,0.11111111111111108,20.933403888558946
7847,1219,253011,245012,1715,285,0.11111111111111108,20.933403888558946
7848,1219,253011,245012,1715,501,0.11111111111111108,20.933403888558946
7849,1220,253011,284012,1717,329,0.11111111111111108,12.237177777777774
7850,1220,253011,284012,1717,1634,0.11111111111111108,12.237177777777774
7851,1220,253011,284012,1717,337,0.11111111111111108,12.237177777777774
7852,1220,253011,284012,196,329,0.11111111111111108,12.237177777777774
7853,1220,253011,284012,196,1634,0.11111111111111108,12.237177777777774
7854,1220,253011,284012,196,337,0.11111111111111108,12.237177777777774
7855,1220,253011,284012,1715,329,0.11111111111111108,12.237177777777774
7856,1220,253011,284012,1715,1634,0.11111111111111108,12.237177777777774
7857,1220,253011,284012,1715,337,0.11111111111111108,12.237177777777774
7858,1221,253014,211021,1717,291,0.16666666666666669,133.52143333333336
7859,1221,253014,211021,1717,1521,0.16666666666666669,133.52143333333336
7860,1221,253014,211021,1717,1310,0.16666666666666669,133.52143333333336
7861,1221,253014,211021,1718,291,0.16666666666666669,133.52143333333336
7862,1221,253014,211021,1718,1521,0.16666666666666669,133.52143333333336
7863,1221,253014,211021,1718,1310,0.16666666666666669,133.52143333333336
7864,1222,253014,212011,1717,434,0.16666666666666669,134.51995000000002
7865,1222,253014,212011,1717,1110,0.16666666666666669,134.51995000000002
7866,1222,253014,212011,1717,1123,0.16666666666666669,134.51995000000002
7867,1222,253014,212011,1718,434,0.16666666666666669,134.51995000000002
7868,1222,253014,212011,1718,1110,0.16666666666666669,134.51995000000002
7869,1222,253014,212011,1718,1123,0.16666666666666669,134.51995000000002
7870,1223,253014,222003,1717,984,0.5,115.0693
7871,1223,253014,222003,1718,984,0.5,115.0693
7872,1224,253014,242048,1717,1127,0.5,49.67455
7873,1224,253014,242048,1718,1127,0.5,49.67455
7874,1225,253014,284006,1717,1249,0.16666666666666669,16.559583333333336
7875,1225,253014,284006,1717,334,0.16666666666666669,16.559583333333336
7876,1225,253014,284006,1717,1548,0.16666666666666669,16.559583333333336
7877,1225,253014,284006,1718,1249,0.16666666666666669,16.559583333333336
7878,1225,253014,284006,1718,334,0.16666666666666669,16.559583333333336
7879,1225,253014,284006,1718,1548,0.16666666666666669,16.559583333333336
7880,1226,253014,284027,1717,334,0.16666666666666669,26.144183333333338
7881,1226,253014,284027,1717,337,0.16666666666666669,26.144183333333338
7882,1226,253014,284027,1717,333,0.16666666666666669,26.144183333333338
7883,1226,253014,284027,1718,334,0.16666666666666669,26.144183333333338
7884,1226,253014,284027,1718,337,0.16666666666666669,26.144183333333338
7885,1226,253014,284027,1718,333,0.16666666666666669,26.144183333333338
7886,1227,254006,222003,717,984,0.3333333333333333,30.194999999999997
7887,1227,254006,222003,60,984,0.3333333333333333,30.194999999999997
7888,1227,254006,222003,1323,984,0.3333333333333333,30.194999999999997
7889,1228,254006,225045,717,937,0.11111111111111108,7.070755555555554
7890,1228,254006,225045,717,106,0.11111111111111108,7.070755555555554
7891,1228,254006,225045,717,814,0.11111111111111108,7.070755555555554
7892,1228,254006,225045,60,937,0.11111111111111108,7.070755555555554
7893,1228,254006,225045,60,106,0.11111111111111108,7.070755555555554
7894,1228,254006,225045,60,814,0.11111111111111108,7.070755555555554
7895,1228,254006,225045,1323,937,0.11111111111111108,7.070755555555554
7896,1228,254006,225045,1323,106,0.11111111111111108,7.070755555555554
7897,1228,254006,225045,1323,814,0.11111111111111108,7.070755555555554
7898,1229,254006,237001,717,1289,0.11111111111111108,157.0491555555555
7899,1229,254006,237001,717,1518,0.11111111111111108,157.0491555555555
7900,1229,254006,237001,717,1588,0.11111111111111108,157.0491555555555
7901,1229,254006,237001,60,1289,0.11111111111111108,157.0491555555555
7902,1229,254006,237001,60,1518,0.11111111111111108,157.0491555555555
7903,1229,254006,237001,60,1588,0.11111111111111108,157.0491555555555
7904,1229,254006,237001,1323,1289,0.11111111111111108,157.0491555555555
7905,1229,254006,237001,1323,1518,0.11111111111111108,157.0491555555555
7906,1229,254006,237001,1323,1588,0.11111111111111108,157.0491555555555
7907,1230,254010,211029,59,0,0.3333333333333333,423.7271666666666
7908,1230,254010,211029,59,1095,0.3333333333333333,423.7271666666666
7909,1230,254010,211029,59,1096,0.3333333333333333,423.7271666666666
7910,1231,254010,222018,59,1545,0.5,178.5731
7911,1231,254010,222018,59,676,0.5,178.5731
7912,1232,254010,226013,59,808,0.3333333333333333,123.48673333333332
7913,1232,254010,226013,59,960,0.3333333333333333,123.48673333333332
7914,1232,254010,226013,59,964,0.3333333333333333,123.48673333333332
7915,1233,254010,229004,59,89,1.0,2801.9952
7916,1234,254010,241011,59,1505,1.0,244.6875
7917,1235,254010,255002,59,1635,0.3333333333333333,622.4979333333333
7918,1235,254010,255002,59,1281,0.3333333333333333,622.4979333333333
7919,1235,254010,255002,59,69,0.3333333333333333,622.4979333333333
7920,1236,254010,271030,59,247,0.5,144.01995
7921,1236,254010,271030,59,1699,0.5,144.01995
7922,1237,254011,114034,909,74,0.11111111111111108,5.585499999999999
7923,1237,254011,114034,909,314,0.11111111111111108,5.585499999999999
7924,1237,254011,114034,909,170,0.11111111111111108,5.585499999999999
7925,1237,254011,114034,191,74,0.11111111111111108,5.585499999999999
7926,1237,254011,114034,191,314,0.11111111111111108,5.585499999999999
7927,1237,254011,114034,191,170,0.11111111111111108,5.585499999999999
7928,1237,254011,114034,192,74,0.11111111111111108,5.585499999999999
7929,1237,254011,114034,192,314,0.11111111111111108,5.585499999999999
7930,1237,254011,114034,192,170,0.11111111111111108,5.585499999999999
7931,1238,254011,217001,909,736,0.11111111111111108,224.72604444444437
7932,1238,254011,217001,909,1070,0.11111111111111108,224.72604444444437
7933,1238,254011,217001,909,511,0.11111111111111108,224.72604444444437
7934,1238,254011,217001,191,736,0.11111111111111108,224.72604444444437
7935,1238,254011,217001,191,1070,0.11111111111111108,224.72604444444437
7936,1238,254011,217001,191,511,0.11111111111111108,224.72604444444437
7937,1238,254011,217001,192,736,0.11111111111111108,224.72604444444437
7938,1238,254011,217001,192,1070,0.11111111111111108,224.72604444444437
7939,1238,254011,217001,192,511,0.11111111111111108,224.72604444444437
7940,1239,254011,226007,909,966,0.11111111111111108,31.30743333333333
7941,1239,254011,226007,909,1005,0.11111111111111108,31.30743333333333
7942,1239,254011,226007,909,1485,0.11111111111111108,31.30743333333333
7943,1239,254011,226007,191,966,0.11111111111111108,31.30743333333333
7944,1239,254011,226007,191,1005,0.11111111111111108,31.30743333333333
7945,1239,254011,226007,191,1485,0.11111111111111108,31.30743333333333
7946,1239,254011,226007,192,966,0.11111111111111108,31.30743333333333
7947,1239,254011,226007,192,1005,0.11111111111111108,31.30743333333333
7948,1239,254011,226007,192,1485,0.11111111111111108,31.30743333333333
7949,1240,254011,236024,909,997,0.11111111111111108,22.35137777777777
7950,1240,254011,236024,909,417,0.11111111111111108,22.35137777777777
7951,1240,254011,236024,909,32,0.11111111111111108,22.35137777777777
7952,1240,254011,236024,191,997,0.11111111111111108,22.35137777777777
7953,1240,254011,236024,191,417,0.11111111111111108,22.35137777777777
7954,1240,254011,236024,191,32,0.11111111111111108,22.35137777777777
7955,1240,254011,236024,192,997,0.11111111111111108,22.35137777777777
7956,1240,254011,236024,192,417,0.11111111111111108,22.35137777777777
7957,1240,254011,236024,192,32,0.11111111111111108,22.35137777777777
7958,1241,254011,271013,909,352,0.11111111111111108,10.143388888888886
7959,1241,254011,271013,909,250,0.11111111111111108,10.143388888888886
7960,1241,254011,271013,909,970,0.11111111111111108,10.143388888888886
7961,1241,254011,271013,191,352,0.11111111111111108,10.143388888888886
7962,1241,254011,271013,191,250,0.11111111111111108,10.143388888888886
7963,1241,254011,271013,191,970,0.11111111111111108,10.143388888888886
7964,1241,254011,271013,192,352,0.11111111111111108,10.143388888888886
7965,1241,254011,271013,192,250,0.11111111111111108,10.143388888888886
7966,1241,254011,271013,192,970,0.11111111111111108,10.143388888888886
7967,1242,254011,284002,909,1249,0.11111111111111108,50.777733333333316
7968,1242,254011,284002,909,334,0.11111111111111108,50.777733333333316
7969,1242,254011,284002,909,1548,0.11111111111111108,50.777733333333316
7970,1242,254011,284002,191,1249,0.11111111111111108,50.777733333333316
7971,1242,254011,284002,191,334,0.11111111111111108,50.777733333333316
7972,1242,254011,284002,191,1548,0.11111111111111108,50.777733333333316
7973,1242,254011,284002,192,1249,0.11111111111111108,50.777733333333316
7974,1242,254011,284002,192,334,0.11111111111111108,50.777733333333316
7975,1242,254011,284002,192,1548,0.11111111111111108,50.777733333333316
7976,1243,254011,285002,909,1191,0.11111111111111108,9.877222222222219
7977,1243,254011,285002,909,1189,0.11111111111111108,9.877222222222219
7978,1243,254011,285002,909,1188,0.11111111111111108,9.877222222222219
7979,1243,254011,285002,191,1191,0.11111111111111108,9.877222222222219
7980,1243,254011,285002,191,1189,0.11111111111111108,9.877222222222219
7981,1243,254011,285002,191,1188,0.11111111111111108,9.877222222222219
7982,1243,254011,285002,192,1191,0.11111111111111108,9.877222222222219
7983,1243,254011,285002,192,1189,0.11111111111111108,9.877222222222219
7984,1243,254011,285002,192,1188,0.11111111111111108,9.877222222222219
7985,1244,254012,211018,189,835,0.11111111111111108,92.3633111111111
7986,1244,254012,211018,189,1386,0.11111111111111108,92.3633111111111
7987,1244,254012,211018,189,1106,0.11111111111111108,92.3633111111111
7988,1244,254012,211018,1241,835,0.11111111111111108,92.3633111111111
7989,1244,254012,211018,1241,1386,0.11111111111111108,92.3633111111111
7990,1244,254012,211018,1241,1106,0.11111111111111108,92.3633111111111
7991,1244,254012,211018,1561,835,0.11111111111111108,92.3633111111111
7992,1244,254012,211018,1561,1386,0.11111111111111108,92.3633111111111
7993,1244,254012,211018,1561,1106,0.11111111111111108,92.3633111111111
7994,1245,254012,222015,189,754,0.3333333333333333,96.98523333333333
7995,1245,254012,222015,1241,754,0.3333333333333333,96.98523333333333
7996,1245,254012,222015,1561,754,0.3333333333333333,96.98523333333333
7997,1246,254012,245019,189,1463,0.11111111111111108,53.589177777777756
7998,1246,254012,245019,189,1223,0.11111111111111108,53.589177777777756
7999,1246,254012,245019,189,541,0.11111111111111108,53.589177777777756
8000,1246,254012,245019,1241,1463,0.11111111111111108,53.589177777777756
8001,1246,254012,245019,1241,1223,0.11111111111111108,53.589177777777756
8002,1246,254012,245019,1241,541,0.11111111111111108,53.589177777777756
8003,1246,254012,245019,1561,1463,0.11111111111111108,53.589177777777756
8004,1246,254012,245019,1561,1223,0.11111111111111108,53.589177777777756
8005,1246,254012,245019,1561,541,0.11111111111111108,53.589177777777756
8006,1247,254012,263013,189,1321,0.11111111111111108,12.55334444444444
8007,1247,254012,263013,189,685,0.11111111111111108,12.55334444444444
8008,1247,254012,263013,189,1376,0.11111111111111108,12.55334444444444
8009,1247,254012,263013,1241,1321,0.11111111111111108,12.55334444444444
8010,1247,254012,263013,1241,685,0.11111111111111108,12.55334444444444
8011,1247,254012,263013,1241,1376,0.11111111111111108,12.55334444444444
8012,1247,254012,263013,1561,1321,0.11111111111111108,12.55334444444444
8013,1247,254012,263013,1561,685,0.11111111111111108,12.55334444444444
8014,1247,254012,263013,1561,1376,0.11111111111111108,12.55334444444444
8015,1248,254012,263018,189,1375,0.11111111111111108,9.940233333333332
8016,1248,254012,263018,189,870,0.11111111111111108,9.940233333333332
8017,1248,254012,263018,189,1273,0.11111111111111108,9.940233333333332
8018,1248,254012,263018,1241,1375,0.11111111111111108,9.940233333333332
8019,1248,254012,263018,1241,870,0.11111111111111108,9.940233333333332
8020,1248,254012,263018,1241,1273,0.11111111111111108,9.940233333333332
8021,1248,254012,263018,1561,1375,0.11111111111111108,9.940233333333332
8022,1248,254012,263018,1561,870,0.11111111111111108,9.940233333333332
8023,1248,254012,263018,1561,1273,0.11111111111111108,9.940233333333332
8024,1249,254012,266002,189,1269,0.16666666666666669,22.85871666666667
8025,1249,254012,266002,189,559,0.16666666666666669,22.85871666666667
8026,1249,254012,266002,1241,1269,0.16666666666666669,22.85871666666667
8027,1249,254012,266002,1241,559,0.16666666666666669,22.85871666666667
8028,1249,254012,266002,1561,1269,0.16666666666666669,22.85871666666667
8029,1249,254012,266002,1561,559,0.16666666666666669,22.85871666666667
8030,1250,254014,222006,1274,1652,0.16666666666666669,11.402850000000003
8031,1250,254014,222006,1274,664,0.16666666666666669,11.402850000000003
8032,1250,254014,222006,1274,1650,0.16666666666666669,11.402850000000003
8033,1250,254014,222006,1048,1652,0.16666666666666669,11.402850000000003
8034,1250,254014,222006,1048,664,0.16666666666666669,11.402850000000003
8035,1250,254014,222006,1048,1650,0.16666666666666669,11.402850000000003
8036,1251,254014,232001,1274,898,0.16666666666666669,65.00923333333334
8037,1251,254014,232001,1274,904,0.16666666666666669,65.00923333333334
8038,1251,254014,232001,1274,903,0.16666666666666669,65.00923333333334
8039,1251,254014,232001,1048,898,0.16666666666666669,65.00923333333334
8040,1251,254014,232001,1048,904,0.16666666666666669,65.00923333333334
8041,1251,254014,232001,1048,903,0.16666666666666669,65.00923333333334
8042,1252,254014,236024,1274,997,0.16666666666666669,37.08838333333334
8043,1252,254014,236024,1274,417,0.16666666666666669,37.08838333333334
8044,1252,254014,236024,1274,32,0.16666666666666669,37.08838333333334
8045,1252,254014,236024,1048,997,0.16666666666666669,37.08838333333334
8046,1252,254014,236024,1048,417,0.16666666666666669,37.08838333333334
8047,1252,254014,236024,1048,32,0.16666666666666669,37.08838333333334
8048,1253,254014,244028,1274,1663,0.16666666666666669,84.92120000000001
8049,1253,254014,244028,1274,521,0.16666666666666669,84.92120000000001
8050,1253,254014,244028,1274,477,0.16666666666666669,84.92120000000001
8051,1253,254014,244028,1048,1663,0.16666666666666669,84.92120000000001
8052,1253,254014,244028,1048,521,0.16666666666666669,84.92120000000001
8053,1253,254014,244028,1048,477,0.16666666666666669,84.92120000000001
8054,1254,254014,246001,1274,1172,0.5,101.3049
8055,1254,254014,246001,1048,1172,0.5,101.3049
8056,1255,254014,285025,1274,1194,0.16666666666666669,29.40401666666667
8057,1255,254014,285025,1274,1188,0.16666666666666669,29.40401666666667
8058,1255,254014,285025,1274,346,0.16666666666666669,29.40401666666667
8059,1255,254014,285025,1048,1194,0.16666666666666669,29.40401666666667
8060,1255,254014,285025,1048,1188,0.16666666666666669,29.40401666666667
8061,1255,254014,285025,1048,346,0.16666666666666669,29.40401666666667
8062,1256,254014,286017,1274,1585,0.25,33.799875
8063,1256,254014,286017,1274,1584,0.25,33.799875
8064,1256,254014,286017,1048,1585,0.25,33.799875
8065,1256,254014,286017,1048,1584,0.25,33.799875
8066,1257,254016,253006,119,1715,1.0,63.2933
8067,1259,254016,284027,119,334,0.3333333333333333,68.65306666666666
8068,1259,254016,284027,119,337,0.3333333333333333,68.65306666666666
8069,1259,254016,284027,119,333,0.3333333333333333,68.65306666666666
8070,1260,255001,212019,1635,547,0.11111111111111108,32.6104111111111
8071,1260,255001,212019,1635,1108,0.11111111111111108,32.6104111111111
8072,1260,255001,212019,1635,436,0.11111111111111108,32.6104111111111
8073,1260,255001,212019,1281,547,0.11111111111111108,32.6104111111111
8074,1260,255001,212019,1281,1108,0.11111111111111108,32.6104111111111
8075,1260,255001,212019,1281,436,0.11111111111111108,32.6104111111111
8076,1260,255001,212019,69,547,0.11111111111111108,32.6104111111111
8077,1260,255001,212019,69,1108,0.11111111111111108,32.6104111111111
8078,1260,255001,212019,69,436,0.11111111111111108,32.6104111111111
8079,1261,255001,221064,1635,1035,0.3333333333333333,36.36803333333333
8080,1261,255001,221064,1281,1035,0.3333333333333333,36.36803333333333
8081,1261,255001,221064,69,1035,0.3333333333333333,36.36803333333333
8082,1262,255001,225064,1635,806,0.11111111111111108,7.462577777777776
8083,1262,255001,225064,1635,952,0.11111111111111108,7.462577777777776
8084,1262,255001,225064,1635,960,0.11111111111111108,7.462577777777776
8085,1262,255001,225064,1281,806,0.11111111111111108,7.462577777777776
8086,1262,255001,225064,1281,952,0.11111111111111108,7.462577777777776
8087,1262,255001,225064,1281,960,0.11111111111111108,7.462577777777776
8088,1262,255001,225064,69,806,0.11111111111111108,7.462577777777776
8089,1262,255001,225064,69,952,0.11111111111111108,7.462577777777776
8090,1262,255001,225064,69,960,0.11111111111111108,7.462577777777776
8091,1263,255001,226012,1635,806,0.11111111111111108,10.143388888888886
8092,1263,255001,226012,1635,1372,0.11111111111111108,10.143388888888886
8093,1263,255001,226012,1635,960,0.11111111111111108,10.143388888888886
8094,1263,255001,226012,1281,806,0.11111111111111108,10.143388888888886
8095,1263,255001,226012,1281,1372,0.11111111111111108,10.143388888888886
8096,1263,255001,226012,1281,960,0.11111111111111108,10.143388888888886
8097,1263,255001,226012,69,806,0.11111111111111108,10.143388888888886
8098,1263,255001,226012,69,1372,0.11111111111111108,10.143388888888886
8099,1263,255001,226012,69,960,0.11111111111111108,10.143388888888886
8100,1264,255001,229007,1635,602,0.3333333333333333,23.072466666666664
8101,1264,255001,229007,1281,602,0.3333333333333333,23.072466666666664
8102,1264,255001,229007,69,602,0.3333333333333333,23.072466666666664
8103,1265,255001,242002,1635,1692,0.11111111111111108,7.622799999999997
8104,1265,255001,242002,1635,1470,0.11111111111111108,7.622799999999997
8105,1265,255001,242002,1635,1350,0.11111111111111108,7.622799999999997
8106,1265,255001,242002,1281,1692,0.11111111111111108,7.622799999999997
8107,1265,255001,242002,1281,1470,0.11111111111111108,7.622799999999997
8108,1265,255001,242002,1281,1350,0.11111111111111108,7.622799999999997
8109,1265,255001,242002,69,1692,0.11111111111111108,7.622799999999997
8110,1265,255001,242002,69,1470,0.11111111111111108,7.622799999999997
8111,1265,255001,242002,69,1350,0.11111111111111108,7.622799999999997
8112,1266,255001,243044,1635,298,0.16666666666666669,15.247000000000002
8113,1266,255001,243044,1635,1081,0.16666666666666669,15.247000000000002
8114,1266,255001,243044,1281,298,0.16666666666666669,15.247000000000002
8115,1266,255001,243044,1281,1081,0.16666666666666669,15.247000000000002
8116,1266,255001,243044,69,298,0.16666666666666669,15.247000000000002
8117,1266,255001,243044,69,1081,0.16666666666666669,15.247000000000002
8118,1267,255001,265023,1635,554,0.11111111111111108,24.9430111111111
8119,1267,255001,265023,1635,544,0.11111111111111108,24.9430111111111
8120,1267,255001,265023,1635,550,0.11111111111111108,24.9430111111111
8121,1267,255001,265023,1281,554,0.11111111111111108,24.9430111111111
8122,1267,255001,265023,1281,544,0.11111111111111108,24.9430111111111
8123,1267,255001,265023,1281,550,0.11111111111111108,24.9430111111111
8124,1267,255001,265023,69,554,0.11111111111111108,24.9430111111111
8125,1267,255001,265023,69,544,0.11111111111111108,24.9430111111111
8126,1267,255001,265023,69,550,0.11111111111111108,24.9430111111111
8127,1268,255001,268013,1635,1377,0.3333333333333333,347.7675
8128,1268,255001,268013,1281,1377,0.3333333333333333,347.7675
8129,1268,255001,268013,69,1377,0.3333333333333333,347.7675
8130,1269,255001,269003,1635,49,0.16666666666666669,7.067738677665907
8131,1269,255001,269003,1635,1240,0.16666666666666669,7.067738677665907
8132,1269,255001,269003,1281,49,0.16666666666666669,7.067738677665907
8133,1269,255001,269003,1281,1240,0.16666666666666669,7.067738677665907
8134,1269,255001,269003,69,49,0.16666666666666669,7.067738677665907
8135,1269,255001,269003,69,1240,0.16666666666666669,7.067738677665907
8136,1270,255001,271036,1635,246,0.11111111111111108,10.143388888888886
8137,1270,255001,271036,1635,244,0.11111111111111108,10.143388888888886
8138,1270,255001,271036,1635,1313,0.11111111111111108,10.143388888888886
8139,1270,255001,271036,1281,246,0.11111111111111108,10.143388888888886
8140,1270,255001,271036,1281,244,0.11111111111111108,10.143388888888886
8141,1270,255001,271036,1281,1313,0.11111111111111108,10.143388888888886
8142,1270,255001,271036,69,246,0.11111111111111108,10.143388888888886
8143,1270,255001,271036,69,244,0.11111111111111108,10.143388888888886
8144,1270,255001,271036,69,1313,0.11111111111111108,10.143388888888886
8145,1271,255002,212018,1635,1107,0.11111111111111108,0.11111111111111108
8146,1271,255002,212018,1635,833,0.11111111111111108,0.11111111111111108
8147,1271,255002,212018,1635,845,0.11111111111111108,0.11111111111111108
8148,1271,255002,212018,1281,1107,0.11111111111111108,0.11111111111111108
8149,1271,255002,212018,1281,833,0.11111111111111108,0.11111111111111108
8150,1271,255002,212018,1281,845,0.11111111111111108,0.11111111111111108
8151,1271,255002,212018,69,1107,0.11111111111111108,0.11111111111111108
8152,1271,255002,212018,69,833,0.11111111111111108,0.11111111111111108
8153,1271,255002,212018,69,845,0.11111111111111108,0.11111111111111108
8154,1272,255002,241008,1635,1505,0.3333333333333333,22.093766666666667
8155,1272,255002,241008,1281,1505,0.3333333333333333,22.093766666666667
8156,1272,255002,241008,69,1505,0.3333333333333333,22.093766666666667
8157,1273,255002,245012,1635,1223,0.11111111111111108,23.038799999999995
8158,1273,255002,245012,1635,285,0.11111111111111108,23.038799999999995
8159,1273,255002,245012,1635,501,0.11111111111111108,23.038799999999995
8160,1273,255002,245012,1281,1223,0.11111111111111108,23.038799999999995
8161,1273,255002,245012,1281,285,0.11111111111111108,23.038799999999995
8162,1273,255002,245012,1281,501,0.11111111111111108,23.038799999999995
8163,1273,255002,245012,69,1223,0.11111111111111108,23.038799999999995
8164,1273,255002,245012,69,285,0.11111111111111108,23.038799999999995
8165,1273,255002,245012,69,501,0.11111111111111108,23.038799999999995
8166,1274,255002,254010,1635,59,0.3333333333333333,379.1261
8167,1274,255002,254010,1281,59,0.3333333333333333,379.1261
8168,1274,255002,254010,69,59,0.3333333333333333,379.1261
8169,1275,255002,264042,1635,318,0.11111111111111108,30.82655115777394
8170,1275,255002,264042,1635,103,0.11111111111111108,30.82655115777394
8171,1275,255002,264042,1635,1347,0.11111111111111108,30.82655115777394
8172,1275,255002,264042,1281,318,0.11111111111111108,30.82655115777394
8173,1275,255002,264042,1281,103,0.11111111111111108,30.82655115777394
8174,1275,255002,264042,1281,1347,0.11111111111111108,30.82655115777394
8175,1275,255002,264042,69,318,0.11111111111111108,30.82655115777394
8176,1275,255002,264042,69,103,0.11111111111111108,30.82655115777394
8177,1275,255002,264042,69,1347,0.11111111111111108,30.82655115777394
8178,1276,255008,113008,1635,74,0.11111111111111108,7.305566666666665
8179,1276,255008,113008,1635,291,0.11111111111111108,7.305566666666665
8180,1276,255008,113008,1635,170,0.11111111111111108,7.305566666666665
8181,1276,255008,113008,1636,74,0.11111111111111108,7.305566666666665
8182,1276,255008,113008,1636,291,0.11111111111111108,7.305566666666665
8183,1276,255008,113008,1636,170,0.11111111111111108,7.305566666666665
8184,1276,255008,113008,1243,74,0.11111111111111108,7.305566666666665
8185,1276,255008,113008,1243,291,0.11111111111111108,7.305566666666665
8186,1276,255008,113008,1243,170,0.11111111111111108,7.305566666666665
8187,1277,255008,245016,1635,230,0.11111111111111108,14.213999999999995
8188,1277,255008,245016,1635,285,0.11111111111111108,14.213999999999995
8189,1277,255008,245016,1635,1463,0.11111111111111108,14.213999999999995
8190,1277,255008,245016,1636,230,0.11111111111111108,14.213999999999995
8191,1277,255008,245016,1636,285,0.11111111111111108,14.213999999999995
8192,1277,255008,245016,1636,1463,0.11111111111111108,14.213999999999995
8193,1277,255008,245016,1243,230,0.11111111111111108,14.213999999999995
8194,1277,255008,245016,1243,285,0.11111111111111108,14.213999999999995
8195,1277,255008,245016,1243,1463,0.11111111111111108,14.213999999999995
8196,1278,255010,215006,65,1109,0.11111111111111108,7.485011111111109
8197,1278,255010,215006,65,1404,0.11111111111111108,7.485011111111109
8198,1278,255010,215006,65,1513,0.11111111111111108,7.485011111111109
8199,1278,255010,215006,1658,1109,0.11111111111111108,7.485011111111109
8200,1278,255010,215006,1658,1404,0.11111111111111108,7.485011111111109
8201,1278,255010,215006,1658,1513,0.11111111111111108,7.485011111111109
8202,1278,255010,215006,1636,1109,0.11111111111111108,7.485011111111109
8203,1278,255010,215006,1636,1404,0.11111111111111108,7.485011111111109
8204,1278,255010,215006,1636,1513,0.11111111111111108,7.485011111111109
8205,1279,255010,245014,65,229,0.11111111111111108,107.43779999999997
8206,1279,255010,245014,65,499,0.11111111111111108,107.43779999999997
8207,1279,255010,245014,65,230,0.11111111111111108,107.43779999999997
8208,1279,255010,245014,1658,229,0.11111111111111108,107.43779999999997
8209,1279,255010,245014,1658,499,0.11111111111111108,107.43779999999997
8210,1279,255010,245014,1658,230,0.11111111111111108,107.43779999999997
8211,1279,255010,245014,1636,229,0.11111111111111108,107.43779999999997
8212,1279,255010,245014,1636,499,0.11111111111111108,107.43779999999997
8213,1279,255010,245014,1636,230,0.11111111111111108,107.43779999999997
8214,1280,255010,253003,65,724,0.11111111111111108,43.08296666666666
8215,1280,255010,253003,65,1716,0.11111111111111108,43.08296666666666
8216,1280,255010,253003,65,54,0.11111111111111108,43.08296666666666
8217,1280,255010,253003,1658,724,0.11111111111111108,43.08296666666666
8218,1280,255010,253003,1658,1716,0.11111111111111108,43.08296666666666
8219,1280,255010,253003,1658,54,0.11111111111111108,43.08296666666666
8220,1280,255010,253003,1636,724,0.11111111111111108,43.08296666666666
8221,1280,255010,253003,1636,1716,0.11111111111111108,43.08296666666666
8222,1280,255010,253003,1636,54,0.11111111111111108,43.08296666666666
8223,1281,255010,268032,65,249,0.16666666666666669,34.04388333333333
8224,1281,255010,268032,65,1206,0.16666666666666669,34.04388333333333
8225,1281,255010,268032,1658,249,0.16666666666666669,34.04388333333333
8226,1281,255010,268032,1658,1206,0.16666666666666669,34.04388333333333
8227,1281,255010,268032,1636,249,0.16666666666666669,34.04388333333333
8228,1281,255010,268032,1636,1206,0.16666666666666669,34.04388333333333
8229,1282,255011,222029,1063,1379,0.3333333333333333,30.123799999999996
8230,1282,255011,222029,1063,602,0.3333333333333333,30.123799999999996
8231,1282,255011,222029,1063,156,0.3333333333333333,30.123799999999996
8232,1283,255011,229044,1063,91,0.3333333333333333,83.29515286223429
8233,1283,255011,229044,1063,92,0.3333333333333333,83.29515286223429
8234,1283,255011,229044,1063,693,0.3333333333333333,83.29515286223429
8235,1284,255011,233011,1063,443,0.3333333333333333,23.766866666666665
8236,1284,255011,233011,1063,1175,0.3333333333333333,23.766866666666665
8237,1284,255011,233011,1063,444,0.3333333333333333,23.766866666666665
8238,1285,255011,263013,1063,1321,0.3333333333333333,27.203166666666664
8239,1285,255011,263013,1063,685,0.3333333333333333,27.203166666666664
8240,1285,255011,263013,1063,1376,0.3333333333333333,27.203166666666664
8241,1286,255011,263014,1063,1319,0.3333333333333333,25.82913333333333
8242,1286,255011,263014,1063,1067,0.3333333333333333,25.82913333333333
8243,1286,255011,263014,1063,1273,0.3333333333333333,25.82913333333333
8244,1287,255011,263017,1063,1375,0.3333333333333333,0.5948666666666667
8245,1287,255011,263017,1063,870,0.3333333333333333,0.5948666666666667
8246,1287,255011,263017,1063,1273,0.3333333333333333,0.5948666666666667
8247,1288,255011,266006,1063,267,0.3333333333333333,232.2038333333333
8248,1288,255011,266006,1063,1502,0.3333333333333333,232.2038333333333
8249,1288,255011,266006,1063,268,0.3333333333333333,232.2038333333333
8250,1289,255011,266018,1063,402,0.3333333333333333,811.9333939894383
8251,1289,255011,266018,1063,269,0.3333333333333333,811.9333939894383
8252,1289,255011,266018,1063,268,0.3333333333333333,811.9333939894383
8253,1290,255011,268014,1063,1378,1.0,81.2477
8254,1291,255014,212019,1240,547,0.11111111111111108,19.29344444444444
8255,1291,255014,212019,1240,1108,0.11111111111111108,19.29344444444444
8256,1291,255014,212019,1240,436,0.11111111111111108,19.29344444444444
8257,1291,255014,212019,19,547,0.11111111111111108,19.29344444444444
8258,1291,255014,212019,19,1108,0.11111111111111108,19.29344444444444
8259,1291,255014,212019,19,436,0.11111111111111108,19.29344444444444
8260,1291,255014,212019,1635,547,0.11111111111111108,19.29344444444444
8261,1291,255014,212019,1635,1108,0.11111111111111108,19.29344444444444
8262,1291,255014,212019,1635,436,0.11111111111111108,19.29344444444444
8263,1292,255014,214005,1240,830,0.3333333333333333,108.5932
8264,1292,255014,214005,19,830,0.3333333333333333,108.5932
8265,1292,255014,214005,1635,830,0.3333333333333333,108.5932
8266,1293,255014,215006,1240,1109,0.11111111111111108,39.37863333333332
8267,1293,255014,215006,1240,1404,0.11111111111111108,39.37863333333332
8268,1293,255014,215006,1240,1513,0.11111111111111108,39.37863333333332
8269,1293,255014,215006,19,1109,0.11111111111111108,39.37863333333332
8270,1293,255014,215006,19,1404,0.11111111111111108,39.37863333333332
8271,1293,255014,215006,19,1513,0.11111111111111108,39.37863333333332
8272,1293,255014,215006,1635,1109,0.11111111111111108,39.37863333333332
8273,1293,255014,215006,1635,1404,0.11111111111111108,39.37863333333332
8274,1293,255014,215006,1635,1513,0.11111111111111108,39.37863333333332
8275,1294,255014,221096,1240,113,0.11111111111111108,0.09914444444444441
8276,1294,255014,221096,1240,605,0.11111111111111108,0.09914444444444441
8277,1294,255014,221096,1240,1260,0.11111111111111108,0.09914444444444441
8278,1294,255014,221096,19,113,0.11111111111111108,0.09914444444444441
8279,1294,255014,221096,19,605,0.11111111111111108,0.09914444444444441
8280,1294,255014,221096,19,1260,0.11111111111111108,0.09914444444444441
8281,1294,255014,221096,1635,113,0.11111111111111108,0.09914444444444441
8282,1294,255014,221096,1635,605,0.11111111111111108,0.09914444444444441
8283,1294,255014,221096,1635,1260,0.11111111111111108,0.09914444444444441
8284,1295,255014,229012,1240,87,0.11111111111111108,7.924999999999998
8285,1295,255014,229012,1240,96,0.11111111111111108,7.924999999999998
8286,1295,255014,229012,1240,98,0.11111111111111108,7.924999999999998
8287,1295,255014,229012,19,87,0.11111111111111108,7.924999999999998
8288,1295,255014,229012,19,96,0.11111111111111108,7.924999999999998
8289,1295,255014,229012,19,98,0.11111111111111108,7.924999999999998
8290,1295,255014,229012,1635,87,0.11111111111111108,7.924999999999998
8291,1295,255014,229012,1635,96,0.11111111111111108,7.924999999999998
8292,1295,255014,229012,1635,98,0.11111111111111108,7.924999999999998
8293,1296,255014,229044,1240,91,0.11111111111111108,18.508799999999994
8294,1296,255014,229044,1240,92,0.11111111111111108,18.508799999999994
8295,1296,255014,229044,1240,693,0.11111111111111108,18.508799999999994
8296,1296,255014,229044,19,91,0.11111111111111108,18.508799999999994
8297,1296,255014,229044,19,92,0.11111111111111108,18.508799999999994
8298,1296,255014,229044,19,693,0.11111111111111108,18.508799999999994
8299,1296,255014,229044,1635,91,0.11111111111111108,18.508799999999994
8300,1296,255014,229044,1635,92,0.11111111111111108,18.508799999999994
8301,1296,255014,229044,1635,693,0.11111111111111108,18.508799999999994
8302,1297,255014,235007,1240,996,0.11111111111111108,8.609711111111109
8303,1297,255014,235007,1240,448,0.11111111111111108,8.609711111111109
8304,1297,255014,235007,1240,409,0.11111111111111108,8.609711111111109
8305,1297,255014,235007,19,996,0.11111111111111108,8.609711111111109
8306,1297,255014,235007,19,448,0.11111111111111108,8.609711111111109
8307,1297,255014,235007,19,409,0.11111111111111108,8.609711111111109
8308,1297,255014,235007,1635,996,0.11111111111111108,8.609711111111109
8309,1297,255014,235007,1635,448,0.11111111111111108,8.609711111111109
8310,1297,255014,235007,1635,409,0.11111111111111108,8.609711111111109
8311,1298,255014,242041,1240,486,0.11111111111111108,7.922288888888887
8312,1298,255014,242041,1240,426,0.11111111111111108,7.922288888888887
8313,1298,255014,242041,1240,489,0.11111111111111108,7.922288888888887
8314,1298,255014,242041,19,486,0.11111111111111108,7.922288888888887
8315,1298,255014,242041,19,426,0.11111111111111108,7.922288888888887
8316,1298,255014,242041,19,489,0.11111111111111108,7.922288888888887
8317,1298,255014,242041,1635,486,0.11111111111111108,7.922288888888887
8318,1298,255014,242041,1635,426,0.11111111111111108,7.922288888888887
8319,1298,255014,242041,1635,489,0.11111111111111108,7.922288888888887
8320,1299,255014,253012,1240,728,0.11111111111111108,8.609711111111109
8321,1299,255014,253012,1240,185,0.11111111111111108,8.609711111111109
8322,1299,255014,253012,1240,1722,0.11111111111111108,8.609711111111109
8323,1299,255014,253012,19,728,0.11111111111111108,8.609711111111109
8324,1299,255014,253012,19,185,0.11111111111111108,8.609711111111109
8325,1299,255014,253012,19,1722,0.11111111111111108,8.609711111111109
8326,1299,255014,253012,1635,728,0.11111111111111108,8.609711111111109
8327,1299,255014,253012,1635,185,0.11111111111111108,8.609711111111109
8328,1299,255014,253012,1635,1722,0.11111111111111108,8.609711111111109
8329,1300,255014,263004,1240,1273,0.11111111111111108,9.027522222222219
8330,1300,255014,263004,1240,870,0.11111111111111108,9.027522222222219
8331,1300,255014,263004,1240,685,0.11111111111111108,9.027522222222219
8332,1300,255014,263004,19,1273,0.11111111111111108,9.027522222222219
8333,1300,255014,263004,19,870,0.11111111111111108,9.027522222222219
8334,1300,255014,263004,19,685,0.11111111111111108,9.027522222222219
8335,1300,255014,263004,1635,1273,0.11111111111111108,9.027522222222219
8336,1300,255014,263004,1635,870,0.11111111111111108,9.027522222222219
8337,1300,255014,263004,1635,685,0.11111111111111108,9.027522222222219
8338,1301,255014,263011,1240,1375,0.3333333333333333,117.1767
8339,1301,255014,263011,19,1375,0.3333333333333333,117.1767
8340,1301,255014,263011,1635,1375,0.3333333333333333,117.1767
8341,1302,255014,263013,1240,1321,0.11111111111111108,8.00822222222222
8342,1302,255014,263013,1240,685,0.11111111111111108,8.00822222222222
8343,1302,255014,263013,1240,1376,0.11111111111111108,8.00822222222222
8344,1302,255014,263013,19,1321,0.11111111111111108,8.00822222222222
8345,1302,255014,263013,19,685,0.11111111111111108,8.00822222222222
8346,1302,255014,263013,19,1376,0.11111111111111108,8.00822222222222
8347,1302,255014,263013,1635,1321,0.11111111111111108,8.00822222222222
8348,1302,255014,263013,1635,685,0.11111111111111108,8.00822222222222
8349,1302,255014,263013,1635,1376,0.11111111111111108,8.00822222222222
8350,1303,255014,263017,1240,1375,0.11111111111111108,24.28086666666666
8351,1303,255014,263017,1240,870,0.11111111111111108,24.28086666666666
8352,1303,255014,263017,1240,1273,0.11111111111111108,24.28086666666666
8353,1303,255014,263017,19,1375,0.11111111111111108,24.28086666666666
8354,1303,255014,263017,19,870,0.11111111111111108,24.28086666666666
8355,1303,255014,263017,19,1273,0.11111111111111108,24.28086666666666
8356,1303,255014,263017,1635,1375,0.11111111111111108,24.28086666666666
8357,1303,255014,263017,1635,870,0.11111111111111108,24.28086666666666
8358,1303,255014,263017,1635,1273,0.11111111111111108,24.28086666666666
8359,1304,255014,263018,1240,1375,0.11111111111111108,8.966199999999999
8360,1304,255014,263018,1240,870,0.11111111111111108,8.966199999999999
8361,1304,255014,263018,1240,1273,0.11111111111111108,8.966199999999999
8362,1304,255014,263018,19,1375,0.11111111111111108,8.966199999999999
8363,1304,255014,263018,19,870,0.11111111111111108,8.966199999999999
8364,1304,255014,263018,19,1273,0.11111111111111108,8.966199999999999
8365,1304,255014,263018,1635,1375,0.11111111111111108,8.966199999999999
8366,1304,255014,263018,1635,870,0.11111111111111108,8.966199999999999
8367,1304,255014,263018,1635,1273,0.11111111111111108,8.966199999999999
8368,1305,255014,264029,1240,318,0.11111111111111108,138.32772222222218
8369,1305,255014,264029,1240,103,0.11111111111111108,138.32772222222218
8370,1305,255014,264029,1240,69,0.11111111111111108,138.32772222222218
8371,1305,255014,264029,19,318,0.11111111111111108,138.32772222222218
8372,1305,255014,264029,19,103,0.11111111111111108,138.32772222222218
8373,1305,255014,264029,19,69,0.11111111111111108,138.32772222222218
8374,1305,255014,264029,1635,318,0.11111111111111108,138.32772222222218
8375,1305,255014,264029,1635,103,0.11111111111111108,138.32772222222218
8376,1305,255014,264029,1635,69,0.11111111111111108,138.32772222222218
8377,1306,255014,264053,1240,862,0.3333333333333333,123.24269999999999
8378,1306,255014,264053,19,862,0.3333333333333333,123.24269999999999
8379,1306,255014,264053,1635,862,0.3333333333333333,123.24269999999999
8380,1307,255014,265004,1240,1347,0.11111111111111108,9.027522222222219
8381,1307,255014,265004,1240,103,0.11111111111111108,9.027522222222219
8382,1307,255014,265004,1240,318,0.11111111111111108,9.027522222222219
8383,1307,255014,265004,19,1347,0.11111111111111108,9.027522222222219
8384,1307,255014,265004,19,103,0.11111111111111108,9.027522222222219
8385,1307,255014,265004,19,318,0.11111111111111108,9.027522222222219
8386,1307,255014,265004,1635,1347,0.11111111111111108,9.027522222222219
8387,1307,255014,265004,1635,103,0.11111111111111108,9.027522222222219
8388,1307,255014,265004,1635,318,0.11111111111111108,9.027522222222219
8389,1308,255014,266018,1240,402,0.11111111111111108,162.07535555555552
8390,1308,255014,266018,1240,269,0.11111111111111108,162.07535555555552
8391,1308,255014,266018,1240,268,0.11111111111111108,162.07535555555552
8392,1308,255014,266018,19,402,0.11111111111111108,162.07535555555552
8393,1308,255014,266018,19,269,0.11111111111111108,162.07535555555552
8394,1308,255014,266018,19,268,0.11111111111111108,162.07535555555552
8395,1308,255014,266018,1635,402,0.11111111111111108,162.07535555555552
8396,1308,255014,266018,1635,269,0.11111111111111108,162.07535555555552
8397,1308,255014,266018,1635,268,0.11111111111111108,162.07535555555552
8398,1309,255014,266026,1240,684,0.3333333333333333,120.725
8399,1309,255014,266026,19,684,0.3333333333333333,120.725
8400,1309,255014,266026,1635,684,0.3333333333333333,120.725
8401,1310,255014,268030,1240,1206,0.11111111111111108,16.01644444444444
8402,1310,255014,268030,1240,1319,0.11111111111111108,16.01644444444444
8403,1310,255014,268030,1240,255,0.11111111111111108,16.01644444444444
8404,1310,255014,268030,19,1206,0.11111111111111108,16.01644444444444
8405,1310,255014,268030,19,1319,0.11111111111111108,16.01644444444444
8406,1310,255014,268030,19,255,0.11111111111111108,16.01644444444444
8407,1310,255014,268030,1635,1206,0.11111111111111108,16.01644444444444
8408,1310,255014,268030,1635,1319,0.11111111111111108,16.01644444444444
8409,1310,255014,268030,1635,255,0.11111111111111108,16.01644444444444
8410,1311,255014,268031,1240,1206,0.11111111111111108,35.12781111111111
8411,1311,255014,268031,1240,1377,0.11111111111111108,35.12781111111111
8412,1311,255014,268031,1240,1699,0.11111111111111108,35.12781111111111
8413,1311,255014,268031,19,1206,0.11111111111111108,35.12781111111111
8414,1311,255014,268031,19,1377,0.11111111111111108,35.12781111111111
8415,1311,255014,268031,19,1699,0.11111111111111108,35.12781111111111
8416,1311,255014,268031,1635,1206,0.11111111111111108,35.12781111111111
8417,1311,255014,268031,1635,1377,0.11111111111111108,35.12781111111111
8418,1311,255014,268031,1635,1699,0.11111111111111108,35.12781111111111
8419,1312,255014,268034,1240,250,0.3333333333333333,26.898600000000002
8420,1312,255014,268034,19,250,0.3333333333333333,26.898600000000002
8421,1312,255014,268034,1635,250,0.3333333333333333,26.898600000000002
8422,1313,255014,269002,1240,1635,0.14285714285714282,24.65621428571428
8423,1313,255014,269002,1240,49,0.14285714285714282,24.65621428571428
8424,1313,255014,269002,19,1240,0.14285714285714282,24.65621428571428
8425,1313,255014,269002,19,1635,0.14285714285714282,24.65621428571428
8426,1313,255014,269002,19,49,0.14285714285714282,24.65621428571428
8427,1313,255014,269002,1635,1240,0.14285714285714282,24.65621428571428
8428,1313,255014,269002,1635,49,0.14285714285714282,24.65621428571428
8429,1314,255014,271035,1240,1314,0.16666666666666669,26.990583333333337
8430,1314,255014,271035,1240,1213,0.16666666666666669,26.990583333333337
8431,1314,255014,271035,19,1314,0.16666666666666669,26.990583333333337
8432,1314,255014,271035,19,1213,0.16666666666666669,26.990583333333337
8433,1314,255014,271035,1635,1314,0.16666666666666669,26.990583333333337
8434,1314,255014,271035,1635,1213,0.16666666666666669,26.990583333333337
8435,1315,255015,222027,1636,96,0.3333333333333333,24.433966666666667
8436,1315,255015,222027,1636,698,0.3333333333333333,24.433966666666667
8437,1315,255015,222027,1636,692,0.3333333333333333,24.433966666666667
8438,1316,255015,228035,1636,607,0.5,38.75015
8439,1316,255015,228035,1636,79,0.5,38.75015
8440,1317,255015,229007,1636,602,1.0,79.7434
8441,1318,255015,229044,1636,91,0.3333333333333333,33.74646666666666
8442,1318,255015,229044,1636,92,0.3333333333333333,33.74646666666666
8443,1318,255015,229044,1636,693,0.3333333333333333,33.74646666666666
8444,1319,255015,266016,1636,551,0.5,43.4118
8445,1319,255015,266016,1636,559,0.5,43.4118
8446,1320,255015,266026,1636,684,1.0,73.0293
8447,1321,256001,242037,170,426,0.16666666666666669,14.396333333333335
8448,1321,256001,242037,170,473,0.16666666666666669,14.396333333333335
8449,1321,256001,242037,1594,426,0.16666666666666669,14.396333333333335
8450,1321,256001,242037,1594,473,0.16666666666666669,14.396333333333335
8451,1321,256001,242037,1418,426,0.16666666666666669,14.396333333333335
8452,1321,256001,242037,1418,473,0.16666666666666669,14.396333333333335
8453,1322,256002,228033,170,794,0.11111111111111108,13.411655555555551
8454,1322,256002,228033,170,603,0.11111111111111108,13.411655555555551
8455,1322,256002,228033,170,594,0.11111111111111108,13.411655555555551
8456,1322,256002,228033,47,794,0.11111111111111108,13.411655555555551
8457,1322,256002,228033,47,603,0.11111111111111108,13.411655555555551
8458,1322,256002,228033,47,594,0.11111111111111108,13.411655555555551
8459,1322,256002,228033,912,794,0.11111111111111108,13.411655555555551
8460,1322,256002,228033,912,603,0.11111111111111108,13.411655555555551
8461,1322,256002,228033,912,594,0.11111111111111108,13.411655555555551
8462,1323,256002,237003,170,902,0.16666666666666669,1.29845
8463,1323,256002,237003,170,463,0.16666666666666669,1.29845
8464,1323,256002,237003,47,902,0.16666666666666669,1.29845
8465,1323,256002,237003,47,463,0.16666666666666669,1.29845
8466,1323,256002,237003,912,902,0.16666666666666669,1.29845
8467,1323,256002,237003,912,463,0.16666666666666669,1.29845
8468,1324,256002,284012,170,329,0.11111111111111108,409.63369999999986
8469,1324,256002,284012,170,1634,0.11111111111111108,409.63369999999986
8470,1324,256002,284012,170,337,0.11111111111111108,409.63369999999986
8471,1324,256002,284012,47,329,0.11111111111111108,409.63369999999986
8472,1324,256002,284012,47,1634,0.11111111111111108,409.63369999999986
8473,1324,256002,284012,47,337,0.11111111111111108,409.63369999999986
8474,1324,256002,284012,912,329,0.11111111111111108,409.63369999999986
8475,1324,256002,284012,912,1634,0.11111111111111108,409.63369999999986
8476,1324,256002,284012,912,337,0.11111111111111108,409.63369999999986
8477,1325,256012,222018,1418,1545,0.16666666666666669,44.22086666666667
8478,1325,256012,222018,1418,676,0.16666666666666669,44.22086666666667
8479,1325,256012,222018,170,1545,0.16666666666666669,44.22086666666667
8480,1325,256012,222018,170,676,0.16666666666666669,44.22086666666667
8481,1325,256012,222018,1608,1545,0.16666666666666669,44.22086666666667
8482,1325,256012,222018,1608,676,0.16666666666666669,44.22086666666667
8483,1326,256012,256012,1418,170,0.16666666666666663,10.779183333333332
8484,1326,256012,256012,1418,1608,0.16666666666666663,10.779183333333332
8485,1326,256012,256012,170,1418,0.16666666666666663,10.779183333333332
8486,1326,256012,256012,170,1608,0.16666666666666663,10.779183333333332
8487,1326,256012,256012,1608,1418,0.16666666666666663,10.779183333333332
8488,1326,256012,256012,1608,170,0.16666666666666663,10.779183333333332
8489,1327,260010,241009,1635,522,0.16666666666666669,15.380483333333334
8490,1327,260010,241009,1635,1506,0.16666666666666669,15.380483333333334
8491,1327,260010,241009,1636,522,0.16666666666666669,15.380483333333334
8492,1327,260010,241009,1636,1506,0.16666666666666669,15.380483333333334
8493,1327,260010,241009,69,522,0.16666666666666669,15.380483333333334
8494,1327,260010,241009,69,1506,0.16666666666666669,15.380483333333334
8495,1328,260010,263014,1635,1319,0.11111111111111108,8.966199999999999
8496,1328,260010,263014,1635,1067,0.11111111111111108,8.966199999999999
8497,1328,260010,263014,1635,1273,0.11111111111111108,8.966199999999999
8498,1328,260010,263014,1636,1319,0.11111111111111108,8.966199999999999
8499,1328,260010,263014,1636,1067,0.11111111111111108,8.966199999999999
8500,1328,260010,263014,1636,1273,0.11111111111111108,8.966199999999999
8501,1328,260010,263014,69,1319,0.11111111111111108,8.966199999999999
8502,1328,260010,263014,69,1067,0.11111111111111108,8.966199999999999
8503,1328,260010,263014,69,1273,0.11111111111111108,8.966199999999999
8504,1329,260010,263019,1635,1375,0.11111111111111108,7.780191968523077
8505,1329,260010,263019,1635,1069,0.11111111111111108,7.780191968523077
8506,1329,260010,263019,1635,1273,0.11111111111111108,7.780191968523077
8507,1329,260010,263019,1636,1375,0.11111111111111108,7.780191968523077
8508,1329,260010,263019,1636,1069,0.11111111111111108,7.780191968523077
8509,1329,260010,263019,1636,1273,0.11111111111111108,7.780191968523077
8510,1329,260010,263019,69,1375,0.11111111111111108,7.780191968523077
8511,1329,260010,263019,69,1069,0.11111111111111108,7.780191968523077
8512,1329,260010,263019,69,1273,0.11111111111111108,7.780191968523077
8513,1330,260010,285011,1635,100,0.3333333333333333,71.67916666666666
8514,1330,260010,285011,1636,100,0.3333333333333333,71.67916666666666
8515,1330,260010,285011,69,100,0.3333333333333333,71.67916666666666
8516,1331,261010,212022,1635,945,0.11111111111111108,47.793322222222216
8517,1331,261010,212022,1635,1121,0.11111111111111108,47.793322222222216
8518,1331,261010,212022,1635,1388,0.11111111111111108,47.793322222222216
8519,1331,261010,212022,1240,945,0.11111111111111108,47.793322222222216
8520,1331,261010,212022,1240,1121,0.11111111111111108,47.793322222222216
8521,1331,261010,212022,1240,1388,0.11111111111111108,47.793322222222216
8522,1331,261010,212022,68,945,0.11111111111111108,47.793322222222216
8523,1331,261010,212022,68,1121,0.11111111111111108,47.793322222222216
8524,1331,261010,212022,68,1388,0.11111111111111108,47.793322222222216
8525,1332,261019,242041,1635,486,0.11111111111111108,10.261144444444442
8526,1332,261019,242041,1635,426,0.11111111111111108,10.261144444444442
8527,1332,261019,242041,1635,489,0.11111111111111108,10.261144444444442
8528,1332,261019,242041,1240,486,0.11111111111111108,10.261144444444442
8529,1332,261019,242041,1240,426,0.11111111111111108,10.261144444444442
8530,1332,261019,242041,1240,489,0.11111111111111108,10.261144444444442
8531,1332,261019,242041,68,486,0.11111111111111108,10.261144444444442
8532,1332,261019,242041,68,426,0.11111111111111108,10.261144444444442
8533,1332,261019,242041,68,489,0.11111111111111108,10.261144444444442
8534,1333,261019,243014,1635,1087,0.3333333333333333,24.026266666666665
8535,1333,261019,243014,1240,1087,0.3333333333333333,24.026266666666665
8536,1333,261019,243014,68,1087,0.3333333333333333,24.026266666666665
8537,1334,261020,221008,1635,1049,0.11111111111111108,26.2664111111111
8538,1334,261020,221008,1635,1642,0.11111111111111108,26.2664111111111
8539,1334,261020,221008,1635,1050,0.11111111111111108,26.2664111111111
8540,1334,261020,221008,1240,1049,0.11111111111111108,26.2664111111111
8541,1334,261020,221008,1240,1642,0.11111111111111108,26.2664111111111
8542,1334,261020,221008,1240,1050,0.11111111111111108,26.2664111111111
8543,1334,261020,221008,1340,1049,0.11111111111111108,26.2664111111111
8544,1334,261020,221008,1340,1642,0.11111111111111108,26.2664111111111
8545,1334,261020,221008,1340,1050,0.11111111111111108,26.2664111111111
8546,1335,261020,227019,1635,93,0.3333333333333333,133.85139999999998
8547,1335,261020,227019,1240,93,0.3333333333333333,133.85139999999998
8548,1335,261020,227019,1340,93,0.3333333333333333,133.85139999999998
8549,1336,261020,263018,1635,1375,0.11111111111111108,23.42854444444444
8550,1336,261020,263018,1635,870,0.11111111111111108,23.42854444444444
8551,1336,261020,263018,1635,1273,0.11111111111111108,23.42854444444444
8552,1336,261020,263018,1240,1375,0.11111111111111108,23.42854444444444
8553,1336,261020,263018,1240,870,0.11111111111111108,23.42854444444444
8554,1336,261020,263018,1240,1273,0.11111111111111108,23.42854444444444
8555,1336,261020,263018,1340,1375,0.11111111111111108,23.42854444444444
8556,1336,261020,263018,1340,870,0.11111111111111108,23.42854444444444
8557,1336,261020,263018,1340,1273,0.11111111111111108,23.42854444444444
8558,1337,261020,267024,1635,625,0.11111111111111108,8.89062222222222
8559,1337,261020,267024,1635,21,0.11111111111111108,8.89062222222222
8560,1337,261020,267024,1635,627,0.11111111111111108,8.89062222222222
8561,1337,261020,267024,1240,625,0.11111111111111108,8.89062222222222
8562,1337,261020,267024,1240,21,0.11111111111111108,8.89062222222222
8563,1337,261020,267024,1240,627,0.11111111111111108,8.89062222222222
8564,1337,261020,267024,1340,625,0.11111111111111108,8.89062222222222
8565,1337,261020,267024,1340,21,0.11111111111111108,8.89062222222222
8566,1337,261020,267024,1340,627,0.11111111111111108,8.89062222222222
8567,1338,261020,271037,1635,242,0.11111111111111108,63.232877777777766
8568,1338,261020,271037,1635,244,0.11111111111111108,63.232877777777766
8569,1338,261020,271037,1635,535,0.11111111111111108,63.232877777777766
8570,1338,261020,271037,1240,242,0.11111111111111108,63.232877777777766
8571,1338,261020,271037,1240,244,0.11111111111111108,63.232877777777766
8572,1338,261020,271037,1240,535,0.11111111111111108,63.232877777777766
8573,1338,261020,271037,1340,242,0.11111111111111108,63.232877777777766
8574,1338,261020,271037,1340,244,0.11111111111111108,63.232877777777766
8575,1338,261020,271037,1340,535,0.11111111111111108,63.232877777777766
8576,1339,261021,237003,1635,902,0.16666666666666669,49.53678333333334
8577,1339,261021,237003,1635,463,0.16666666666666669,49.53678333333334
8578,1339,261021,237003,318,902,0.16666666666666669,49.53678333333334
8579,1339,261021,237003,318,463,0.16666666666666669,49.53678333333334
8580,1339,261021,237003,320,902,0.16666666666666669,49.53678333333334
8581,1339,261021,237003,320,463,0.16666666666666669,49.53678333333334
8582,1340,261021,245018,1635,1223,0.11111111111111108,13.380966666666662
8583,1340,261021,245018,1635,1726,0.11111111111111108,13.380966666666662
8584,1340,261021,245018,1635,230,0.11111111111111108,13.380966666666662
8585,1340,261021,245018,318,1223,0.11111111111111108,13.380966666666662
8586,1340,261021,245018,318,1726,0.11111111111111108,13.380966666666662
8587,1340,261021,245018,318,230,0.11111111111111108,13.380966666666662
8588,1340,261021,245018,320,1223,0.11111111111111108,13.380966666666662
8589,1340,261021,245018,320,1726,0.11111111111111108,13.380966666666662
8590,1340,261021,245018,320,230,0.11111111111111108,13.380966666666662
8591,1341,262005,211016,318,1386,0.16666666666666669,133.43123333333335
8592,1341,262005,211016,318,1304,0.16666666666666669,133.43123333333335
8593,1341,262005,211016,870,1386,0.16666666666666669,133.43123333333335
8594,1341,262005,211016,870,1304,0.16666666666666669,133.43123333333335
8595,1341,262005,211016,1552,1386,0.16666666666666669,133.43123333333335
8596,1341,262005,211016,1552,1304,0.16666666666666669,133.43123333333335
8597,1342,262005,221002,318,636,0.11111111111111108,10.055988888888887
8598,1342,262005,221002,318,635,0.11111111111111108,10.055988888888887
8599,1342,262005,221002,318,114,0.11111111111111108,10.055988888888887
8600,1342,262005,221002,870,636,0.11111111111111108,10.055988888888887
8601,1342,262005,221002,870,635,0.11111111111111108,10.055988888888887
8602,1342,262005,221002,870,114,0.11111111111111108,10.055988888888887
8603,1342,262005,221002,1552,636,0.11111111111111108,10.055988888888887
8604,1342,262005,221002,1552,635,0.11111111111111108,10.055988888888887
8605,1342,262005,221002,1552,114,0.11111111111111108,10.055988888888887
8606,1343,262005,221038,318,138,0.11111111111111108,8.714499999999997
8607,1343,262005,221038,318,113,0.11111111111111108,8.714499999999997
8608,1343,262005,221038,318,655,0.11111111111111108,8.714499999999997
8609,1343,262005,221038,870,138,0.11111111111111108,8.714499999999997
8610,1343,262005,221038,870,113,0.11111111111111108,8.714499999999997
8611,1343,262005,221038,870,655,0.11111111111111108,8.714499999999997
8612,1343,262005,221038,1552,138,0.11111111111111108,8.714499999999997
8613,1343,262005,221038,1552,113,0.11111111111111108,8.714499999999997
8614,1343,262005,221038,1552,655,0.11111111111111108,8.714499999999997
8615,1344,262005,222027,318,96,0.11111111111111108,15.34587450970879
8616,1344,262005,222027,318,698,0.11111111111111108,15.34587450970879
8617,1344,262005,222027,318,692,0.11111111111111108,15.34587450970879
8618,1344,262005,222027,870,96,0.11111111111111108,15.34587450970879
8619,1344,262005,222027,870,698,0.11111111111111108,15.34587450970879
8620,1344,262005,222027,870,692,0.11111111111111108,15.34587450970879
8621,1344,262005,222027,1552,96,0.11111111111111108,15.34587450970879
8622,1344,262005,222027,1552,698,0.11111111111111108,15.34587450970879
8623,1344,262005,222027,1552,692,0.11111111111111108,15.34587450970879
8624,1345,262005,264019,318,1635,0.12499999999999997,17.398012499999997
8625,1345,262005,264019,318,1243,0.12499999999999997,17.398012499999997
8626,1345,262005,264019,870,318,0.12499999999999997,17.398012499999997
8627,1345,262005,264019,870,1635,0.12499999999999997,17.398012499999997
8628,1345,262005,264019,870,1243,0.12499999999999997,17.398012499999997
8629,1345,262005,264019,1552,318,0.12499999999999997,17.398012499999997
8630,1345,262005,264019,1552,1635,0.12499999999999997,17.398012499999997
8631,1345,262005,264019,1552,1243,0.12499999999999997,17.398012499999997
8632,1346,262005,265018,318,866,0.11111111111111108,23.517973309775087
8633,1346,262005,265018,318,773,0.11111111111111108,23.517973309775087
8634,1346,262005,265018,318,865,0.11111111111111108,23.517973309775087
8635,1346,262005,265018,870,866,0.11111111111111108,23.517973309775087
8636,1346,262005,265018,870,773,0.11111111111111108,23.517973309775087
8637,1346,262005,265018,870,865,0.11111111111111108,23.517973309775087
8638,1346,262005,265018,1552,866,0.11111111111111108,23.517973309775087
8639,1346,262005,265018,1552,773,0.11111111111111108,23.517973309775087
8640,1346,262005,265018,1552,865,0.11111111111111108,23.517973309775087
8641,1347,263004,255014,1273,1240,0.11111111111111108,9.027522222222219
8642,1347,263004,255014,1273,19,0.11111111111111108,9.027522222222219
8643,1347,263004,255014,1273,1635,0.11111111111111108,9.027522222222219
8644,1347,263004,255014,870,1240,0.11111111111111108,9.027522222222219
8645,1347,263004,255014,870,19,0.11111111111111108,9.027522222222219
8646,1347,263004,255014,870,1635,0.11111111111111108,9.027522222222219
8647,1347,263004,255014,685,1240,0.11111111111111108,9.027522222222219
8648,1347,263004,255014,685,19,0.11111111111111108,9.027522222222219
8649,1347,263004,255014,685,1635,0.11111111111111108,9.027522222222219
8650,1348,263005,113013,870,74,0.11111111111111108,9.492944444444442
8651,1348,263005,113013,870,1371,0.11111111111111108,9.492944444444442
8652,1348,263005,113013,870,170,0.11111111111111108,9.492944444444442
8653,1348,263005,113013,1552,74,0.11111111111111108,9.492944444444442
8654,1348,263005,113013,1552,1371,0.11111111111111108,9.492944444444442
8655,1348,263005,113013,1552,170,0.11111111111111108,9.492944444444442
8656,1348,263005,113013,1375,74,0.11111111111111108,9.492944444444442
8657,1348,263005,113013,1375,1371,0.11111111111111108,9.492944444444442
8658,1348,263005,113013,1375,170,0.11111111111111108,9.492944444444442
8659,1349,263005,114034,870,74,0.11111111111111108,6.147533333333332
8660,1349,263005,114034,870,314,0.11111111111111108,6.147533333333332
8661,1349,263005,114034,870,170,0.11111111111111108,6.147533333333332
8662,1349,263005,114034,1552,74,0.11111111111111108,6.147533333333332
8663,1349,263005,114034,1552,314,0.11111111111111108,6.147533333333332
8664,1349,263005,114034,1552,170,0.11111111111111108,6.147533333333332
8665,1349,263005,114034,1375,74,0.11111111111111108,6.147533333333332
8666,1349,263005,114034,1375,314,0.11111111111111108,6.147533333333332
8667,1349,263005,114034,1375,170,0.11111111111111108,6.147533333333332
8668,1350,263005,221088,870,1029,0.16666666666666669,12.568850000000001
8669,1350,263005,221088,870,1028,0.16666666666666669,12.568850000000001
8670,1350,263005,221088,1552,1029,0.16666666666666669,12.568850000000001
8671,1350,263005,221088,1552,1028,0.16666666666666669,12.568850000000001
8672,1350,263005,221088,1375,1029,0.16666666666666669,12.568850000000001
8673,1350,263005,221088,1375,1028,0.16666666666666669,12.568850000000001
8674,1351,263005,226019,870,803,0.16666666666666669,14.239416666666667
8675,1351,263005,226019,870,804,0.16666666666666669,14.239416666666667
8676,1351,263005,226019,1552,803,0.16666666666666669,14.239416666666667
8677,1351,263005,226019,1552,804,0.16666666666666669,14.239416666666667
8678,1351,263005,226019,1375,803,0.16666666666666669,14.239416666666667
8679,1351,263005,226019,1375,804,0.16666666666666669,14.239416666666667
8680,1352,263005,242037,870,426,0.16666666666666669,12.013133333333334
8681,1352,263005,242037,870,473,0.16666666666666669,12.013133333333334
8682,1352,263005,242037,1552,426,0.16666666666666669,12.013133333333334
8683,1352,263005,242037,1552,473,0.16666666666666669,12.013133333333334
8684,1352,263005,242037,1375,426,0.16666666666666669,12.013133333333334
8685,1352,263005,242037,1375,473,0.16666666666666669,12.013133333333334
8686,1353,263005,263016,870,1251,0.11111111111111108,32.90899999999999
8687,1353,263005,263016,870,1376,0.11111111111111108,32.90899999999999
8688,1353,263005,263016,870,1317,0.11111111111111108,32.90899999999999
8689,1353,263005,263016,1552,1251,0.11111111111111108,32.90899999999999
8690,1353,263005,263016,1552,1376,0.11111111111111108,32.90899999999999
8691,1353,263005,263016,1552,1317,0.11111111111111108,32.90899999999999
8692,1353,263005,263016,1375,1251,0.11111111111111108,32.90899999999999
8693,1353,263005,263016,1375,1376,0.11111111111111108,32.90899999999999
8694,1353,263005,263016,1375,1317,0.11111111111111108,32.90899999999999
8695,1354,263005,265018,870,866,0.11111111111111108,16.380622222222218
8696,1354,263005,265018,870,773,0.11111111111111108,16.380622222222218
8697,1354,263005,265018,870,865,0.11111111111111108,16.380622222222218
8698,1354,263005,265018,1552,866,0.11111111111111108,16.380622222222218
8699,1354,263005,265018,1552,773,0.11111111111111108,16.380622222222218
8700,1354,263005,265018,1552,865,0.11111111111111108,16.380622222222218
8701,1354,263005,265018,1375,866,0.11111111111111108,16.380622222222218
8702,1354,263005,265018,1375,773,0.11111111111111108,16.380622222222218
8703,1354,263005,265018,1375,865,0.11111111111111108,16.380622222222218
8704,1355,263005,267003,870,780,0.11111111111111108,9.06772222222222
8705,1355,263005,267003,870,1056,0.11111111111111108,9.06772222222222
8706,1355,263005,267003,870,785,0.11111111111111108,9.06772222222222
8707,1355,263005,267003,1552,780,0.11111111111111108,9.06772222222222
8708,1355,263005,267003,1552,1056,0.11111111111111108,9.06772222222222
8709,1355,263005,267003,1552,785,0.11111111111111108,9.06772222222222
8710,1355,263005,267003,1375,780,0.11111111111111108,9.06772222222222
8711,1355,263005,267003,1375,1056,0.11111111111111108,9.06772222222222
8712,1355,263005,267003,1375,785,0.11111111111111108,9.06772222222222
8713,1356,263005,268028,870,23,0.11111111111111108,17.801988888888882
8714,1356,263005,268028,870,1479,0.11111111111111108,17.801988888888882
8715,1356,263005,268028,870,254,0.11111111111111108,17.801988888888882
8716,1356,263005,268028,1552,23,0.11111111111111108,17.801988888888882
8717,1356,263005,268028,1552,1479,0.11111111111111108,17.801988888888882
8718,1356,263005,268028,1552,254,0.11111111111111108,17.801988888888882
8719,1356,263005,268028,1375,23,0.11111111111111108,17.801988888888882
8720,1356,263005,268028,1375,1479,0.11111111111111108,17.801988888888882
8721,1356,263005,268028,1375,254,0.11111111111111108,17.801988888888882
8722,1357,263010,212001,870,802,0.5,770.59645
8723,1357,263010,212001,870,956,0.5,770.59645
8724,1358,263010,227007,870,97,1.0,539.6305
8725,1359,263010,244029,870,1469,0.3333333333333333,99.38159999999999
8726,1359,263010,244029,870,482,0.3333333333333333,99.38159999999999
8727,1359,263010,244029,870,1088,0.3333333333333333,99.38159999999999
8728,1360,263011,227007,1375,97,1.0,262.566
8729,1361,263011,234003,1375,449,1.0,177.9688630659455
8730,1362,263011,235005,1375,1275,0.3333333333333333,101.33773333333332
8731,1362,263011,235005,1375,1639,0.3333333333333333,101.33773333333332
8732,1362,263011,235005,1375,1003,0.3333333333333333,101.33773333333332
8733,1363,263011,255014,1375,1240,0.3333333333333333,117.1767
8734,1363,263011,255014,1375,19,0.3333333333333333,117.1767
8735,1363,263011,255014,1375,1635,0.3333333333333333,117.1767
8736,1364,263011,263018,1375,870,0.5,95.96690218910142
8737,1364,263011,263018,1375,1273,0.5,95.96690218910142
8738,1365,263011,268030,1375,1206,0.3333333333333333,25.82913333333333
8739,1365,263011,268030,1375,1319,0.3333333333333333,25.82913333333333
8740,1365,263011,268030,1375,255,0.3333333333333333,25.82913333333333
8741,1366,263012,211029,1273,0,0.3333333333333333,106.82433333333333
8742,1366,263012,211029,1273,1095,0.3333333333333333,106.82433333333333
8743,1366,263012,211029,1273,1096,0.3333333333333333,106.82433333333333
8744,1367,263012,221077,1273,115,0.3333333333333333,24.42563333333333
8745,1367,263012,221077,1273,734,0.3333333333333333,24.42563333333333
8746,1367,263012,221077,1273,121,0.3333333333333333,24.42563333333333
8747,1368,263012,264033,1273,69,0.3333333333333333,26.58113333333333
8748,1368,263012,264033,1273,19,0.3333333333333333,26.58113333333333
8749,1368,263012,264033,1273,68,0.3333333333333333,26.58113333333333
8750,1369,263012,265018,1273,866,0.3333333333333333,0.2974333333333333
8751,1369,263012,265018,1273,773,0.3333333333333333,0.2974333333333333
8752,1369,263012,265018,1273,865,0.3333333333333333,0.2974333333333333
8753,1370,263013,212001,1321,802,0.16666666666666669,0.2974333333333334
8754,1370,263013,212001,1321,956,0.16666666666666669,0.2974333333333334
8755,1370,263013,212001,685,802,0.16666666666666669,0.2974333333333334
8756,1370,263013,212001,685,956,0.16666666666666669,0.2974333333333334
8757,1370,263013,212001,1376,802,0.16666666666666669,0.2974333333333334
8758,1370,263013,212001,1376,956,0.16666666666666669,0.2974333333333334
8759,1371,263013,213010,1321,1463,0.11111111111111108,9.643766666666664
8760,1371,263013,213010,1321,1532,0.11111111111111108,9.643766666666664
8761,1371,263013,213010,1321,223,0.11111111111111108,9.643766666666664
8762,1371,263013,213010,685,1463,0.11111111111111108,9.643766666666664
8763,1371,263013,213010,685,1532,0.11111111111111108,9.643766666666664
8764,1371,263013,213010,685,223,0.11111111111111108,9.643766666666664
8765,1371,263013,213010,1376,1463,0.11111111111111108,9.643766666666664
8766,1371,263013,213010,1376,1532,0.11111111111111108,9.643766666666664
8767,1371,263013,213010,1376,223,0.11111111111111108,9.643766666666664
8768,1372,263013,254012,1321,189,0.11111111111111108,17.668622222222215
8769,1372,263013,254012,1321,1241,0.11111111111111108,17.668622222222215
8770,1372,263013,254012,1321,1561,0.11111111111111108,17.668622222222215
8771,1372,263013,254012,685,189,0.11111111111111108,17.668622222222215
8772,1372,263013,254012,685,1241,0.11111111111111108,17.668622222222215
8773,1372,263013,254012,685,1561,0.11111111111111108,17.668622222222215
8774,1372,263013,254012,1376,189,0.11111111111111108,17.668622222222215
8775,1372,263013,254012,1376,1241,0.11111111111111108,17.668622222222215
8776,1372,263013,254012,1376,1561,0.11111111111111108,17.668622222222215
8777,1373,263013,255011,1321,1063,0.3333333333333333,47.35883333333334
8778,1373,263013,255011,685,1063,0.3333333333333333,47.35883333333334
8779,1373,263013,255011,1376,1063,0.3333333333333333,47.35883333333334
8780,1374,263013,255014,1321,1240,0.11111111111111108,8.00822222222222
8781,1374,263013,255014,1321,19,0.11111111111111108,8.00822222222222
8782,1374,263013,255014,1321,1635,0.11111111111111108,8.00822222222222
8783,1374,263013,255014,685,1240,0.11111111111111108,8.00822222222222
8784,1374,263013,255014,685,19,0.11111111111111108,8.00822222222222
8785,1374,263013,255014,685,1635,0.11111111111111108,8.00822222222222
8786,1374,263013,255014,1376,1240,0.11111111111111108,8.00822222222222
8787,1374,263013,255014,1376,19,0.11111111111111108,8.00822222222222
8788,1374,263013,255014,1376,1635,0.11111111111111108,8.00822222222222
8789,1375,263013,266002,1321,1269,0.16666666666666669,64.38260000000001
8790,1375,263013,266002,1321,559,0.16666666666666669,64.38260000000001
8791,1375,263013,266002,685,1269,0.16666666666666669,64.38260000000001
8792,1375,263013,266002,685,559,0.16666666666666669,64.38260000000001
8793,1375,263013,266002,1376,1269,0.16666666666666669,64.38260000000001
8794,1375,263013,266002,1376,559,0.16666666666666669,64.38260000000001
8795,1376,263014,215006,1319,1109,0.11111111111111108,14.100566666666662
8796,1376,263014,215006,1319,1404,0.11111111111111108,14.100566666666662
8797,1376,263014,215006,1319,1513,0.11111111111111108,14.100566666666662
8798,1376,263014,215006,1067,1109,0.11111111111111108,14.100566666666662
8799,1376,263014,215006,1067,1404,0.11111111111111108,14.100566666666662
8800,1376,263014,215006,1067,1513,0.11111111111111108,14.100566666666662
8801,1376,263014,215006,1273,1109,0.11111111111111108,14.100566666666662
8802,1376,263014,215006,1273,1404,0.11111111111111108,14.100566666666662
8803,1376,263014,215006,1273,1513,0.11111111111111108,14.100566666666662
8804,1377,263014,226007,1319,966,0.11111111111111108,36.388099999999994
8805,1377,263014,226007,1319,1005,0.11111111111111108,36.388099999999994
8806,1377,263014,226007,1319,1485,0.11111111111111108,36.388099999999994
8807,1377,263014,226007,1067,966,0.11111111111111108,36.388099999999994
8808,1377,263014,226007,1067,1005,0.11111111111111108,36.388099999999994
8809,1377,263014,226007,1067,1485,0.11111111111111108,36.388099999999994
8810,1377,263014,226007,1273,966,0.11111111111111108,36.388099999999994
8811,1377,263014,226007,1273,1005,0.11111111111111108,36.388099999999994
8812,1377,263014,226007,1273,1485,0.11111111111111108,36.388099999999994
8813,1378,263014,235005,1319,1275,0.11111111111111108,28.362066666666657
8814,1378,263014,235005,1319,1639,0.11111111111111108,28.362066666666657
8815,1378,263014,235005,1319,1003,0.11111111111111108,28.362066666666657
8816,1378,263014,235005,1067,1275,0.11111111111111108,28.362066666666657
8817,1378,263014,235005,1067,1639,0.11111111111111108,28.362066666666657
8818,1378,263014,235005,1067,1003,0.11111111111111108,28.362066666666657
8819,1378,263014,235005,1273,1275,0.11111111111111108,28.362066666666657
8820,1378,263014,235005,1273,1639,0.11111111111111108,28.362066666666657
8821,1378,263014,235005,1273,1003,0.11111111111111108,28.362066666666657
8822,1379,263014,255011,1319,1063,0.3333333333333333,25.82913333333333
8823,1379,263014,255011,1067,1063,0.3333333333333333,25.82913333333333
8824,1379,263014,255011,1273,1063,0.3333333333333333,25.82913333333333
8825,1380,263014,260010,1319,1635,0.11111111111111108,8.966199999999999
8826,1380,263014,260010,1319,1636,0.11111111111111108,8.966199999999999
8827,1380,263014,260010,1319,69,0.11111111111111108,8.966199999999999
8828,1380,263014,260010,1067,1635,0.11111111111111108,8.966199999999999
8829,1380,263014,260010,1067,1636,0.11111111111111108,8.966199999999999
8830,1380,263014,260010,1067,69,0.11111111111111108,8.966199999999999
8831,1380,263014,260010,1273,1635,0.11111111111111108,8.966199999999999
8832,1380,263014,260010,1273,1636,0.11111111111111108,8.966199999999999
8833,1380,263014,260010,1273,69,0.11111111111111108,8.966199999999999
8834,1381,263015,264020,1377,318,0.16666666666666669,12.646783333333335
8835,1381,263015,264020,1377,1635,0.16666666666666669,12.646783333333335
8836,1381,263015,264020,1377,19,0.16666666666666669,12.646783333333335
8837,1381,263015,264020,1067,318,0.16666666666666669,12.646783333333335
8838,1381,263015,264020,1067,1635,0.16666666666666669,12.646783333333335
8839,1381,263015,264020,1067,19,0.16666666666666669,12.646783333333335
8840,1382,263015,266010,1377,401,0.25,56.597125
8841,1382,263015,266010,1377,1402,0.25,56.597125
8842,1382,263015,266010,1067,401,0.25,56.597125
8843,1382,263015,266010,1067,1402,0.25,56.597125
8844,1383,263015,266018,1377,402,0.16666666666666669,0.2974333333333334
8845,1383,263015,266018,1377,269,0.16666666666666669,0.2974333333333334
8846,1383,263015,266018,1377,268,0.16666666666666669,0.2974333333333334
8847,1383,263015,266018,1067,402,0.16666666666666669,0.2974333333333334
8848,1383,263015,266018,1067,269,0.16666666666666669,0.2974333333333334
8849,1383,263015,266018,1067,268,0.16666666666666669,0.2974333333333334
8850,1384,263015,282023,1377,1501,0.16666666666666669,40.82516666666667
8851,1384,263015,282023,1377,352,0.16666666666666669,40.82516666666667
8852,1384,263015,282023,1377,907,0.16666666666666669,40.82516666666667
8853,1384,263015,282023,1067,1501,0.16666666666666669,40.82516666666667
8854,1384,263015,282023,1067,352,0.16666666666666669,40.82516666666667
8855,1384,263015,282023,1067,907,0.16666666666666669,40.82516666666667
8856,1385,263016,113013,1251,74,0.11111111111111108,8.46182222222222
8857,1385,263016,113013,1251,1371,0.11111111111111108,8.46182222222222
8858,1385,263016,113013,1251,170,0.11111111111111108,8.46182222222222
8859,1385,263016,113013,1376,74,0.11111111111111108,8.46182222222222
8860,1385,263016,113013,1376,1371,0.11111111111111108,8.46182222222222
8861,1385,263016,113013,1376,170,0.11111111111111108,8.46182222222222
8862,1385,263016,113013,1317,74,0.11111111111111108,8.46182222222222
8863,1385,263016,113013,1317,1371,0.11111111111111108,8.46182222222222
8864,1385,263016,113013,1317,170,0.11111111111111108,8.46182222222222
8865,1386,263016,221033,1251,1349,0.3333333333333333,74.68703333333333
8866,1386,263016,221033,1376,1349,0.3333333333333333,74.68703333333333
8867,1386,263016,221033,1317,1349,0.3333333333333333,74.68703333333333
8868,1387,263016,242048,1251,1127,0.3333333333333333,49.141866666666665
8869,1387,263016,242048,1376,1127,0.3333333333333333,49.141866666666665
8870,1387,263016,242048,1317,1127,0.3333333333333333,49.141866666666665
8871,1388,263016,243049,1251,1469,0.11111111111111108,7.95752222222222
8872,1388,263016,243049,1251,502,0.11111111111111108,7.95752222222222
8873,1388,263016,243049,1251,1727,0.11111111111111108,7.95752222222222
8874,1388,263016,243049,1376,1469,0.11111111111111108,7.95752222222222
8875,1388,263016,243049,1376,502,0.11111111111111108,7.95752222222222
8876,1388,263016,243049,1376,1727,0.11111111111111108,7.95752222222222
8877,1388,263016,243049,1317,1469,0.11111111111111108,7.95752222222222
8878,1388,263016,243049,1317,502,0.11111111111111108,7.95752222222222
8879,1388,263016,243049,1317,1727,0.11111111111111108,7.95752222222222
8880,1389,263016,263005,1251,870,0.11111111111111108,14.772531583384573
8881,1389,263016,263005,1251,1552,0.11111111111111108,14.772531583384573
8882,1389,263016,263005,1251,1375,0.11111111111111108,14.772531583384573
8883,1389,263016,263005,1376,870,0.11111111111111108,14.772531583384573
8884,1389,263016,263005,1376,1552,0.11111111111111108,14.772531583384573
8885,1389,263016,263005,1376,1375,0.11111111111111108,14.772531583384573
8886,1389,263016,263005,1317,870,0.11111111111111108,14.772531583384573
8887,1389,263016,263005,1317,1552,0.11111111111111108,14.772531583384573
8888,1389,263016,263005,1317,1375,0.11111111111111108,14.772531583384573
8889,1390,263016,264040,1251,318,0.11111111111111108,0.09914444444444441
8890,1390,263016,264040,1251,103,0.11111111111111108,0.09914444444444441
8891,1390,263016,264040,1251,69,0.11111111111111108,0.09914444444444441
8892,1390,263016,264040,1376,318,0.11111111111111108,0.09914444444444441
8893,1390,263016,264040,1376,103,0.11111111111111108,0.09914444444444441
8894,1390,263016,264040,1376,69,0.11111111111111108,0.09914444444444441
8895,1390,263016,264040,1317,318,0.11111111111111108,0.09914444444444441
8896,1390,263016,264040,1317,103,0.11111111111111108,0.09914444444444441
8897,1390,263016,264040,1317,69,0.11111111111111108,0.09914444444444441
8898,1391,263016,267003,1251,780,0.11111111111111108,17.61237357777019
8899,1391,263016,267003,1251,1056,0.11111111111111108,17.61237357777019
8900,1391,263016,267003,1251,785,0.11111111111111108,17.61237357777019
8901,1391,263016,267003,1376,780,0.11111111111111108,17.61237357777019
8902,1391,263016,267003,1376,1056,0.11111111111111108,17.61237357777019
8903,1391,263016,267003,1376,785,0.11111111111111108,17.61237357777019
8904,1391,263016,267003,1317,780,0.11111111111111108,17.61237357777019
8905,1391,263016,267003,1317,1056,0.11111111111111108,17.61237357777019
8906,1391,263016,267003,1317,785,0.11111111111111108,17.61237357777019
8907,1392,263016,271013,1251,352,0.11111111111111108,107.65704444444441
8908,1392,263016,271013,1251,250,0.11111111111111108,107.65704444444441
8909,1392,263016,271013,1251,970,0.11111111111111108,107.65704444444441
8910,1392,263016,271013,1376,352,0.11111111111111108,107.65704444444441
8911,1392,263016,271013,1376,250,0.11111111111111108,107.65704444444441
8912,1392,263016,271013,1376,970,0.11111111111111108,107.65704444444441
8913,1392,263016,271013,1317,352,0.11111111111111108,107.65704444444441
8914,1392,263016,271013,1317,250,0.11111111111111108,107.65704444444441
8915,1392,263016,271013,1317,970,0.11111111111111108,107.65704444444441
8916,1393,263016,271032,1251,108,0.11111111111111108,17.932399999999998
8917,1393,263016,271032,1251,1415,0.11111111111111108,17.932399999999998
8918,1393,263016,271032,1251,1520,0.11111111111111108,17.932399999999998
8919,1393,263016,271032,1376,108,0.11111111111111108,17.932399999999998
8920,1393,263016,271032,1376,1415,0.11111111111111108,17.932399999999998
8921,1393,263016,271032,1376,1520,0.11111111111111108,17.932399999999998
8922,1393,263016,271032,1317,108,0.11111111111111108,17.932399999999998
8923,1393,263016,271032,1317,1415,0.11111111111111108,17.932399999999998
8924,1393,263016,271032,1317,1520,0.11111111111111108,17.932399999999998
8925,1394,263017,255011,1375,1063,0.3333333333333333,71.27536666666666
8926,1394,263017,255011,870,1063,0.3333333333333333,71.27536666666666
8927,1394,263017,255011,1273,1063,0.3333333333333333,71.27536666666666
8928,1395,263017,255014,1375,1240,0.11111111111111108,9.027522222222219
8929,1395,263017,255014,1375,19,0.11111111111111108,9.027522222222219
8930,1395,263017,255014,1375,1635,0.11111111111111108,9.027522222222219
8931,1395,263017,255014,870,1240,0.11111111111111108,9.027522222222219
8932,1395,263017,255014,870,19,0.11111111111111108,9.027522222222219
8933,1395,263017,255014,870,1635,0.11111111111111108,9.027522222222219
8934,1395,263017,255014,1273,1240,0.11111111111111108,9.027522222222219
8935,1395,263017,255014,1273,19,0.11111111111111108,9.027522222222219
8936,1395,263017,255014,1273,1635,0.11111111111111108,9.027522222222219
8937,1396,263018,214001,1375,848,0.11111111111111108,9.643766666666664
8938,1396,263018,214001,1375,436,0.11111111111111108,9.643766666666664
8939,1396,263018,214001,1375,431,0.11111111111111108,9.643766666666664
8940,1396,263018,214001,870,848,0.11111111111111108,9.643766666666664
8941,1396,263018,214001,870,436,0.11111111111111108,9.643766666666664
8942,1396,263018,214001,870,431,0.11111111111111108,9.643766666666664
8943,1396,263018,214001,1273,848,0.11111111111111108,9.643766666666664
8944,1396,263018,214001,1273,436,0.11111111111111108,9.643766666666664
8945,1396,263018,214001,1273,431,0.11111111111111108,9.643766666666664
8946,1397,263018,222006,1375,1652,0.11111111111111108,13.432255555555551
8947,1397,263018,222006,1375,664,0.11111111111111108,13.432255555555551
8948,1397,263018,222006,1375,1650,0.11111111111111108,13.432255555555551
8949,1397,263018,222006,870,1652,0.11111111111111108,13.432255555555551
8950,1397,263018,222006,870,664,0.11111111111111108,13.432255555555551
8951,1397,263018,222006,870,1650,0.11111111111111108,13.432255555555551
8952,1397,263018,222006,1273,1652,0.11111111111111108,13.432255555555551
8953,1397,263018,222006,1273,664,0.11111111111111108,13.432255555555551
8954,1397,263018,222006,1273,1650,0.11111111111111108,13.432255555555551
8955,1398,263018,254012,1375,189,0.11111111111111108,9.648422222222221
8956,1398,263018,254012,1375,1241,0.11111111111111108,9.648422222222221
8957,1398,263018,254012,1375,1561,0.11111111111111108,9.648422222222221
8958,1398,263018,254012,870,189,0.11111111111111108,9.648422222222221
8959,1398,263018,254012,870,1241,0.11111111111111108,9.648422222222221
8960,1398,263018,254012,870,1561,0.11111111111111108,9.648422222222221
8961,1398,263018,254012,1273,189,0.11111111111111108,9.648422222222221
8962,1398,263018,254012,1273,1241,0.11111111111111108,9.648422222222221
8963,1398,263018,254012,1273,1561,0.11111111111111108,9.648422222222221
8964,1399,263018,255014,1375,1240,0.11111111111111108,8.966199999999999
8965,1399,263018,255014,1375,19,0.11111111111111108,8.966199999999999
8966,1399,263018,255014,1375,1635,0.11111111111111108,8.966199999999999
8967,1399,263018,255014,870,1240,0.11111111111111108,8.966199999999999
8968,1399,263018,255014,870,19,0.11111111111111108,8.966199999999999
8969,1399,263018,255014,870,1635,0.11111111111111108,8.966199999999999
8970,1399,263018,255014,1273,1240,0.11111111111111108,8.966199999999999
8971,1399,263018,255014,1273,19,0.11111111111111108,8.966199999999999
8972,1399,263018,255014,1273,1635,0.11111111111111108,8.966199999999999
8973,1400,263018,261020,1375,1635,0.11111111111111108,115.44065555555551
8974,1400,263018,261020,1375,1240,0.11111111111111108,115.44065555555551
8975,1400,263018,261020,1375,1340,0.11111111111111108,115.44065555555551
8976,1400,263018,261020,870,1635,0.11111111111111108,115.44065555555551
8977,1400,263018,261020,870,1240,0.11111111111111108,115.44065555555551
8978,1400,263018,261020,870,1340,0.11111111111111108,115.44065555555551
8979,1400,263018,261020,1273,1635,0.11111111111111108,115.44065555555551
8980,1400,263018,261020,1273,1240,0.11111111111111108,115.44065555555551
8981,1400,263018,261020,1273,1340,0.11111111111111108,115.44065555555551
8982,1401,263018,263018,1375,870,0.16666666666666663,106.21812121080326
8983,1401,263018,263018,1375,1273,0.16666666666666663,106.21812121080326
8984,1401,263018,263018,870,1375,0.16666666666666663,106.21812121080326
8985,1401,263018,263018,870,1273,0.16666666666666663,106.21812121080326
8986,1401,263018,263018,1273,1375,0.16666666666666663,106.21812121080326
8987,1401,263018,263018,1273,870,0.16666666666666663,106.21812121080326
8988,1402,263018,265024,1375,1557,0.11111111111111108,54.04096666666665
8989,1402,263018,265024,1375,1092,0.11111111111111108,54.04096666666665
8990,1402,263018,265024,1375,1243,0.11111111111111108,54.04096666666665
8991,1402,263018,265024,870,1557,0.11111111111111108,54.04096666666665
8992,1402,263018,265024,870,1092,0.11111111111111108,54.04096666666665
8993,1402,263018,265024,870,1243,0.11111111111111108,54.04096666666665
8994,1402,263018,265024,1273,1557,0.11111111111111108,54.04096666666665
8995,1402,263018,265024,1273,1092,0.11111111111111108,54.04096666666665
8996,1402,263018,265024,1273,1243,0.11111111111111108,54.04096666666665
8997,1403,263018,266010,1375,401,0.16666666666666669,0.1487166666666667
8998,1403,263018,266010,1375,1402,0.16666666666666669,0.1487166666666667
8999,1403,263018,266010,870,401,0.16666666666666669,0.1487166666666667
9000,1403,263018,266010,870,1402,0.16666666666666669,0.1487166666666667
9001,1403,263018,266010,1273,401,0.16666666666666669,0.1487166666666667
9002,1403,263018,266010,1273,1402,0.16666666666666669,0.1487166666666667
9003,1404,263018,266018,1375,402,0.11111111111111108,35.6797769619047
9004,1404,263018,266018,1375,269,0.11111111111111108,35.6797769619047
9005,1404,263018,266018,1375,268,0.11111111111111108,35.6797769619047
9006,1404,263018,266018,870,402,0.11111111111111108,35.6797769619047
9007,1404,263018,266018,870,269,0.11111111111111108,35.6797769619047
9008,1404,263018,266018,870,268,0.11111111111111108,35.6797769619047
9009,1404,263018,266018,1273,402,0.11111111111111108,35.6797769619047
9010,1404,263018,266018,1273,269,0.11111111111111108,35.6797769619047
9011,1404,263018,266018,1273,268,0.11111111111111108,35.6797769619047
9012,1405,263018,266021,1375,266,0.11111111111111108,12.495288888888885
9013,1405,263018,266021,1375,865,0.11111111111111108,12.495288888888885
9014,1405,263018,266021,1375,278,0.11111111111111108,12.495288888888885
9015,1405,263018,266021,870,266,0.11111111111111108,12.495288888888885
9016,1405,263018,266021,870,865,0.11111111111111108,12.495288888888885
9017,1405,263018,266021,870,278,0.11111111111111108,12.495288888888885
9018,1405,263018,266021,1273,266,0.11111111111111108,12.495288888888885
9019,1405,263018,266021,1273,865,0.11111111111111108,12.495288888888885
9020,1405,263018,266021,1273,278,0.11111111111111108,12.495288888888885
9021,1406,263018,267037,1375,988,0.16666666666666669,10.748757883801533
9022,1406,263018,267037,1375,621,0.16666666666666669,10.748757883801533
9023,1406,263018,267037,870,988,0.16666666666666669,10.748757883801533
9024,1406,263018,267037,870,621,0.16666666666666669,10.748757883801533
9025,1406,263018,267037,1273,988,0.16666666666666669,10.748757883801533
9026,1406,263018,267037,1273,621,0.16666666666666669,10.748757883801533
9027,1407,263018,286017,1375,1585,0.16666666666666669,11.42102830207588
9028,1407,263018,286017,1375,1584,0.16666666666666669,11.42102830207588
9029,1407,263018,286017,870,1585,0.16666666666666669,11.42102830207588
9030,1407,263018,286017,870,1584,0.16666666666666669,11.42102830207588
9031,1407,263018,286017,1273,1585,0.16666666666666669,11.42102830207588
9032,1407,263018,286017,1273,1584,0.16666666666666669,11.42102830207588
9033,1408,263019,211016,1375,1386,0.16666666666666669,14.476483333333336
9034,1408,263019,211016,1375,1304,0.16666666666666669,14.476483333333336
9035,1408,263019,211016,1069,1386,0.16666666666666669,14.476483333333336
9036,1408,263019,211016,1069,1304,0.16666666666666669,14.476483333333336
9037,1408,263019,211016,1273,1386,0.16666666666666669,14.476483333333336
9038,1408,263019,211016,1273,1304,0.16666666666666669,14.476483333333336
9039,1409,263019,227019,1375,93,0.3333333333333333,43.006
9040,1409,263019,227019,1069,93,0.3333333333333333,43.006
9041,1409,263019,227019,1273,93,0.3333333333333333,43.006
9042,1410,263019,260010,1375,1635,0.11111111111111108,9.655009796051486
9043,1410,263019,260010,1375,1636,0.11111111111111108,9.655009796051486
9044,1410,263019,260010,1375,69,0.11111111111111108,9.655009796051486
9045,1410,263019,260010,1069,1635,0.11111111111111108,9.655009796051486
9046,1410,263019,260010,1069,1636,0.11111111111111108,9.655009796051486
9047,1410,263019,260010,1069,69,0.11111111111111108,9.655009796051486
9048,1410,263019,260010,1273,1635,0.11111111111111108,9.655009796051486
9049,1410,263019,260010,1273,1636,0.11111111111111108,9.655009796051486
9050,1410,263019,260010,1273,69,0.11111111111111108,9.655009796051486
9051,1411,264001,236008,1635,768,0.11111111111111108,9.573833333333331
9052,1411,264001,236008,1635,899,0.11111111111111108,9.573833333333331
9053,1411,264001,236008,1635,1238,0.11111111111111108,9.573833333333331
9054,1411,264001,236008,1240,768,0.11111111111111108,9.573833333333331
9055,1411,264001,236008,1240,899,0.11111111111111108,9.573833333333331
9056,1411,264001,236008,1240,1238,0.11111111111111108,9.573833333333331
9057,1411,264001,236008,68,768,0.11111111111111108,9.573833333333331
9058,1411,264001,236008,68,899,0.11111111111111108,9.573833333333331
9059,1411,264001,236008,68,1238,0.11111111111111108,9.573833333333331
9060,1412,264001,267034,1635,132,0.16666666666666669,38.847350000000006
9061,1412,264001,267034,1635,131,0.16666666666666669,38.847350000000006
9062,1412,264001,267034,1240,132,0.16666666666666669,38.847350000000006
9063,1412,264001,267034,1240,131,0.16666666666666669,38.847350000000006
9064,1412,264001,267034,68,132,0.16666666666666669,38.847350000000006
9065,1412,264001,267034,68,131,0.16666666666666669,38.847350000000006
9066,1413,264002,221002,1635,636,0.11111111111111108,20.282322222222216
9067,1413,264002,221002,1635,635,0.11111111111111108,20.282322222222216
9068,1413,264002,221002,1635,114,0.11111111111111108,20.282322222222216
9069,1413,264002,221002,1240,636,0.11111111111111108,20.282322222222216
9070,1413,264002,221002,1240,635,0.11111111111111108,20.282322222222216
9071,1413,264002,221002,1240,114,0.11111111111111108,20.282322222222216
9072,1413,264002,221002,1340,636,0.11111111111111108,20.282322222222216
9073,1413,264002,221002,1340,635,0.11111111111111108,20.282322222222216
9074,1413,264002,221002,1340,114,0.11111111111111108,20.282322222222216
9075,1414,264002,247011,1635,1140,0.11111111111111108,6.183566666666664
9076,1414,264002,247011,1635,896,0.11111111111111108,6.183566666666664
9077,1414,264002,247011,1635,313,0.11111111111111108,6.183566666666664
9078,1414,264002,247011,1240,1140,0.11111111111111108,6.183566666666664
9079,1414,264002,247011,1240,896,0.11111111111111108,6.183566666666664
9080,1414,264002,247011,1240,313,0.11111111111111108,6.183566666666664
9081,1414,264002,247011,1340,1140,0.11111111111111108,6.183566666666664
9082,1414,264002,247011,1340,896,0.11111111111111108,6.183566666666664
9083,1414,264002,247011,1340,313,0.11111111111111108,6.183566666666664
9084,1415,264002,265020,1635,1340,0.2,14.65538
9085,1415,264002,265020,1635,1093,0.2,14.65538
9086,1415,264002,265020,1240,1340,0.2,14.65538
9087,1415,264002,265020,1240,1093,0.2,14.65538
9088,1415,264002,265020,1340,1093,0.2,14.65538
9089,1416,264002,268031,1635,1206,0.11111111111111108,98.26957777777774
9090,1416,264002,268031,1635,1377,0.11111111111111108,98.26957777777774
9091,1416,264002,268031,1635,1699,0.11111111111111108,98.26957777777774
9092,1416,264002,268031,1240,1206,0.11111111111111108,98.26957777777774
9093,1416,264002,268031,1240,1377,0.11111111111111108,98.26957777777774
9094,1416,264002,268031,1240,1699,0.11111111111111108,98.26957777777774
9095,1416,264002,268031,1340,1206,0.11111111111111108,98.26957777777774
9096,1416,264002,268031,1340,1377,0.11111111111111108,98.26957777777774
9097,1416,264002,268031,1340,1699,0.11111111111111108,98.26957777777774
9098,1417,264002,271039,1635,242,0.11111111111111108,70.06796666666665
9099,1417,264002,271039,1635,1185,0.11111111111111108,70.06796666666665
9100,1417,264002,271039,1635,1178,0.11111111111111108,70.06796666666665
9101,1417,264002,271039,1240,242,0.11111111111111108,70.06796666666665
9102,1417,264002,271039,1240,1185,0.11111111111111108,70.06796666666665
9103,1417,264002,271039,1240,1178,0.11111111111111108,70.06796666666665
9104,1417,264002,271039,1340,242,0.11111111111111108,70.06796666666665
9105,1417,264002,271039,1340,1185,0.11111111111111108,70.06796666666665
9106,1417,264002,271039,1340,1178,0.11111111111111108,70.06796666666665
9107,1418,264002,281028,1635,1249,0.11111111111111108,9.09881291751016
9108,1418,264002,281028,1635,1669,0.11111111111111108,9.09881291751016
9109,1418,264002,281028,1635,1554,0.11111111111111108,9.09881291751016
9110,1418,264002,281028,1240,1249,0.11111111111111108,9.09881291751016
9111,1418,264002,281028,1240,1669,0.11111111111111108,9.09881291751016
9112,1418,264002,281028,1240,1554,0.11111111111111108,9.09881291751016
9113,1418,264002,281028,1340,1249,0.11111111111111108,9.09881291751016
9114,1418,264002,281028,1340,1669,0.11111111111111108,9.09881291751016
9115,1418,264002,281028,1340,1554,0.11111111111111108,9.09881291751016
9116,1419,264002,284023,1635,329,0.3333333333333333,33.28493333333333
9117,1419,264002,284023,1240,329,0.3333333333333333,33.28493333333333
9118,1419,264002,284023,1340,329,0.3333333333333333,33.28493333333333
9119,1420,264002,285004,1635,1194,0.16666666666666669,31.47725
9120,1420,264002,285004,1635,1185,0.16666666666666669,31.47725
9121,1420,264002,285004,1240,1194,0.16666666666666669,31.47725
9122,1420,264002,285004,1240,1185,0.16666666666666669,31.47725
9123,1420,264002,285004,1340,1194,0.16666666666666669,31.47725
9124,1420,264002,285004,1340,1185,0.16666666666666669,31.47725
9125,1421,264002,285010,1635,1308,0.11111111111111108,7.185688888888887
9126,1421,264002,285010,1635,1190,0.11111111111111108,7.185688888888887
9127,1421,264002,285010,1635,349,0.11111111111111108,7.185688888888887
9128,1421,264002,285010,1240,1308,0.11111111111111108,7.185688888888887
9129,1421,264002,285010,1240,1190,0.11111111111111108,7.185688888888887
9130,1421,264002,285010,1240,349,0.11111111111111108,7.185688888888887
9131,1421,264002,285010,1340,1308,0.11111111111111108,7.185688888888887
9132,1421,264002,285010,1340,1190,0.11111111111111108,7.185688888888887
9133,1421,264002,285010,1340,349,0.11111111111111108,7.185688888888887
9134,1422,264003,265021,1635,866,0.11111111111111108,11.414455555555552
9135,1422,264003,265021,1635,1347,0.11111111111111108,11.414455555555552
9136,1422,264003,265021,1635,554,0.11111111111111108,11.414455555555552
9137,1422,264003,265021,318,866,0.11111111111111108,11.414455555555552
9138,1422,264003,265021,318,1347,0.11111111111111108,11.414455555555552
9139,1422,264003,265021,318,554,0.11111111111111108,11.414455555555552
9140,1422,264003,265021,320,866,0.11111111111111108,11.414455555555552
9141,1422,264003,265021,320,1347,0.11111111111111108,11.414455555555552
9142,1422,264003,265021,320,554,0.11111111111111108,11.414455555555552
9143,1423,264009,151019,1635,394,0.11111111111111108,15.626477777777772
9144,1423,264009,151019,1635,1463,0.11111111111111108,15.626477777777772
9145,1423,264009,151019,1635,1462,0.11111111111111108,15.626477777777772
9146,1423,264009,151019,1240,394,0.11111111111111108,15.626477777777772
9147,1423,264009,151019,1240,1463,0.11111111111111108,15.626477777777772
9148,1423,264009,151019,1240,1462,0.11111111111111108,15.626477777777772
9149,1423,264009,151019,68,394,0.11111111111111108,15.626477777777772
9150,1423,264009,151019,68,1463,0.11111111111111108,15.626477777777772
9151,1423,264009,151019,68,1462,0.11111111111111108,15.626477777777772
9152,1424,264010,236008,1635,768,0.11111111111111108,11.876333333333331
9153,1424,264010,236008,1635,899,0.11111111111111108,11.876333333333331
9154,1424,264010,236008,1635,1238,0.11111111111111108,11.876333333333331
9155,1424,264010,236008,1240,768,0.11111111111111108,11.876333333333331
9156,1424,264010,236008,1240,899,0.11111111111111108,11.876333333333331
9157,1424,264010,236008,1240,1238,0.11111111111111108,11.876333333333331
9158,1424,264010,236008,1340,768,0.11111111111111108,11.876333333333331
9159,1424,264010,236008,1340,899,0.11111111111111108,11.876333333333331
9160,1424,264010,236008,1340,1238,0.11111111111111108,11.876333333333331
9161,1425,264011,151019,1635,394,0.11111111111111108,101.12178888888886
9162,1425,264011,151019,1635,1463,0.11111111111111108,101.12178888888886
9163,1425,264011,151019,1635,1462,0.11111111111111108,101.12178888888886
9164,1425,264011,151019,318,394,0.11111111111111108,101.12178888888886
9165,1425,264011,151019,318,1463,0.11111111111111108,101.12178888888886
9166,1425,264011,151019,318,1462,0.11111111111111108,101.12178888888886
9167,1425,264011,151019,320,394,0.11111111111111108,101.12178888888886
9168,1425,264011,151019,320,1463,0.11111111111111108,101.12178888888886
9169,1425,264011,151019,320,1462,0.11111111111111108,101.12178888888886
9170,1426,264015,153007,1635,1114,0.11111111111111108,17.832544444444437
9171,1426,264015,153007,1635,1463,0.11111111111111108,17.832544444444437
9172,1426,264015,153007,1635,223,0.11111111111111108,17.832544444444437
9173,1426,264015,153007,1240,1114,0.11111111111111108,17.832544444444437
9174,1426,264015,153007,1240,1463,0.11111111111111108,17.832544444444437
9175,1426,264015,153007,1240,223,0.11111111111111108,17.832544444444437
9176,1426,264015,153007,1340,1114,0.11111111111111108,17.832544444444437
9177,1426,264015,153007,1340,1463,0.11111111111111108,17.832544444444437
9178,1426,264015,153007,1340,223,0.11111111111111108,17.832544444444437
9179,1427,264015,221031,1635,732,0.11111111111111108,18.28742222222222
9180,1427,264015,221031,1635,1662,0.11111111111111108,18.28742222222222
9181,1427,264015,221031,1635,1279,0.11111111111111108,18.28742222222222
9182,1427,264015,221031,1240,732,0.11111111111111108,18.28742222222222
9183,1427,264015,221031,1240,1662,0.11111111111111108,18.28742222222222
9184,1427,264015,221031,1240,1279,0.11111111111111108,18.28742222222222
9185,1427,264015,221031,1340,732,0.11111111111111108,18.28742222222222
9186,1427,264015,221031,1340,1662,0.11111111111111108,18.28742222222222
9187,1427,264015,221031,1340,1279,0.11111111111111108,18.28742222222222
9188,1428,264015,227024,1635,589,0.11111111111111108,39.457333333333324
9189,1428,264015,227024,1635,1354,0.11111111111111108,39.457333333333324
9190,1428,264015,227024,1635,1003,0.11111111111111108,39.457333333333324
9191,1428,264015,227024,1240,589,0.11111111111111108,39.457333333333324
9192,1428,264015,227024,1240,1354,0.11111111111111108,39.457333333333324
9193,1428,264015,227024,1240,1003,0.11111111111111108,39.457333333333324
9194,1428,264015,227024,1340,589,0.11111111111111108,39.457333333333324
9195,1428,264015,227024,1340,1354,0.11111111111111108,39.457333333333324
9196,1428,264015,227024,1340,1003,0.11111111111111108,39.457333333333324
9197,1429,264015,253003,1635,724,0.11111111111111108,1666.666666666666
9198,1429,264015,253003,1635,1716,0.11111111111111108,1666.666666666666
9199,1429,264015,253003,1635,54,0.11111111111111108,1666.666666666666
9200,1429,264015,253003,1240,724,0.11111111111111108,1666.666666666666
9201,1429,264015,253003,1240,1716,0.11111111111111108,1666.666666666666
9202,1429,264015,253003,1240,54,0.11111111111111108,1666.666666666666
9203,1429,264015,253003,1340,724,0.11111111111111108,1666.666666666666
9204,1429,264015,253003,1340,1716,0.11111111111111108,1666.666666666666
9205,1429,264015,253003,1340,54,0.11111111111111108,1666.666666666666
9206,1430,264017,243035,1635,510,0.11111111111111108,7.804722222222221
9207,1430,264017,243035,1635,296,0.11111111111111108,7.804722222222221
9208,1430,264017,243035,1635,529,0.11111111111111108,7.804722222222221
9209,1430,264017,243035,318,510,0.11111111111111108,7.804722222222221
9210,1430,264017,243035,318,296,0.11111111111111108,7.804722222222221
9211,1430,264017,243035,318,529,0.11111111111111108,7.804722222222221
9212,1430,264017,243035,320,510,0.11111111111111108,7.804722222222221
9213,1430,264017,243035,320,296,0.11111111111111108,7.804722222222221
9214,1430,264017,243035,320,529,0.11111111111111108,7.804722222222221
9215,1431,264017,266035,1635,857,0.11111111111111108,29.939164805989293
9216,1431,264017,266035,1635,271,0.11111111111111108,29.939164805989293
9217,1431,264017,266035,1635,272,0.11111111111111108,29.939164805989293
9218,1431,264017,266035,318,857,0.11111111111111108,29.939164805989293
9219,1431,264017,266035,318,271,0.11111111111111108,29.939164805989293
9220,1431,264017,266035,318,272,0.11111111111111108,29.939164805989293
9221,1431,264017,266035,320,857,0.11111111111111108,29.939164805989293
9222,1431,264017,266035,320,271,0.11111111111111108,29.939164805989293
9223,1431,264017,266035,320,272,0.11111111111111108,29.939164805989293
9224,1432,264019,267004,318,789,0.16666666666666669,21.743333333333336
9225,1432,264019,267004,318,403,0.16666666666666669,21.743333333333336
9226,1432,264019,267004,1635,789,0.16666666666666669,21.743333333333336
9227,1432,264019,267004,1635,403,0.16666666666666669,21.743333333333336
9228,1432,264019,267004,1243,789,0.16666666666666669,21.743333333333336
9229,1432,264019,267004,1243,403,0.16666666666666669,21.743333333333336
9230,1433,264020,123001,318,1371,0.11111111111111108,35.677499999999995
9231,1433,264020,123001,318,1653,0.11111111111111108,35.677499999999995
9232,1433,264020,123001,318,13,0.11111111111111108,35.677499999999995
9233,1433,264020,123001,1635,1371,0.11111111111111108,35.677499999999995
9234,1433,264020,123001,1635,1653,0.11111111111111108,35.677499999999995
9235,1433,264020,123001,1635,13,0.11111111111111108,35.677499999999995
9236,1433,264020,123001,19,1371,0.11111111111111108,35.677499999999995
9237,1433,264020,123001,19,1653,0.11111111111111108,35.677499999999995
9238,1433,264020,123001,19,13,0.11111111111111108,35.677499999999995
9239,1434,264020,221007,318,211,0.11111111111111108,21.58706666666666
9240,1434,264020,221007,318,769,0.11111111111111108,21.58706666666666
9241,1434,264020,221007,318,1618,0.11111111111111108,21.58706666666666
9242,1434,264020,221007,1635,211,0.11111111111111108,21.58706666666666
9243,1434,264020,221007,1635,769,0.11111111111111108,21.58706666666666
9244,1434,264020,221007,1635,1618,0.11111111111111108,21.58706666666666
9245,1434,264020,221007,19,211,0.11111111111111108,21.58706666666666
9246,1434,264020,221007,19,769,0.11111111111111108,21.58706666666666
9247,1434,264020,221007,19,1618,0.11111111111111108,21.58706666666666
9248,1435,264020,222027,318,96,0.11111111111111108,25.750611111111105
9249,1435,264020,222027,318,698,0.11111111111111108,25.750611111111105
9250,1435,264020,222027,318,692,0.11111111111111108,25.750611111111105
9251,1435,264020,222027,1635,96,0.11111111111111108,25.750611111111105
9252,1435,264020,222027,1635,698,0.11111111111111108,25.750611111111105
9253,1435,264020,222027,1635,692,0.11111111111111108,25.750611111111105
9254,1435,264020,222027,19,96,0.11111111111111108,25.750611111111105
9255,1435,264020,222027,19,698,0.11111111111111108,25.750611111111105
9256,1435,264020,222027,19,692,0.11111111111111108,25.750611111111105
9257,1436,264020,228037,318,596,0.16666666666666669,30.785483333333335
9258,1436,264020,228037,318,81,0.16666666666666669,30.785483333333335
9259,1436,264020,228037,1635,596,0.16666666666666669,30.785483333333335
9260,1436,264020,228037,1635,81,0.16666666666666669,30.785483333333335
9261,1436,264020,228037,19,596,0.16666666666666669,30.785483333333335
9262,1436,264020,228037,19,81,0.16666666666666669,30.785483333333335
9263,1437,264020,234021,318,455,0.11111111111111108,8.009244444444443
9264,1437,264020,234021,318,1526,0.11111111111111108,8.009244444444443
9265,1437,264020,234021,318,616,0.11111111111111108,8.009244444444443
9266,1437,264020,234021,1635,455,0.11111111111111108,8.009244444444443
9267,1437,264020,234021,1635,1526,0.11111111111111108,8.009244444444443
9268,1437,264020,234021,1635,616,0.11111111111111108,8.009244444444443
9269,1437,264020,234021,19,455,0.11111111111111108,8.009244444444443
9270,1437,264020,234021,19,1526,0.11111111111111108,8.009244444444443
9271,1437,264020,234021,19,616,0.11111111111111108,8.009244444444443
9272,1438,264020,236024,318,997,0.11111111111111108,12.128066666666664
9273,1438,264020,236024,318,417,0.11111111111111108,12.128066666666664
9274,1438,264020,236024,318,32,0.11111111111111108,12.128066666666664
9275,1438,264020,236024,1635,997,0.11111111111111108,12.128066666666664
9276,1438,264020,236024,1635,417,0.11111111111111108,12.128066666666664
9277,1438,264020,236024,1635,32,0.11111111111111108,12.128066666666664
9278,1438,264020,236024,19,997,0.11111111111111108,12.128066666666664
9279,1438,264020,236024,19,417,0.11111111111111108,12.128066666666664
9280,1438,264020,236024,19,32,0.11111111111111108,12.128066666666664
9281,1439,264020,237003,318,902,0.16666666666666669,41.68901666666667
9282,1439,264020,237003,318,463,0.16666666666666669,41.68901666666667
9283,1439,264020,237003,1635,902,0.16666666666666669,41.68901666666667
9284,1439,264020,237003,1635,463,0.16666666666666669,41.68901666666667
9285,1439,264020,237003,19,902,0.16666666666666669,41.68901666666667
9286,1439,264020,237003,19,463,0.16666666666666669,41.68901666666667
9287,1440,264020,263015,318,1377,0.16666666666666669,14.045566666666668
9288,1440,264020,263015,318,1067,0.16666666666666669,14.045566666666668
9289,1440,264020,263015,1635,1377,0.16666666666666669,14.045566666666668
9290,1440,264020,263015,1635,1067,0.16666666666666669,14.045566666666668
9291,1440,264020,263015,19,1377,0.16666666666666669,14.045566666666668
9292,1440,264020,263015,19,1067,0.16666666666666669,14.045566666666668
9293,1441,264020,265020,318,1340,0.16666666666666669,32.68110000000001
9294,1441,264020,265020,318,1093,0.16666666666666669,32.68110000000001
9295,1441,264020,265020,1635,1340,0.16666666666666669,32.68110000000001
9296,1441,264020,265020,1635,1093,0.16666666666666669,32.68110000000001
9297,1441,264020,265020,19,1340,0.16666666666666669,32.68110000000001
9298,1441,264020,265020,19,1093,0.16666666666666669,32.68110000000001
9299,1442,264020,266024,318,1524,0.16666666666666669,10.137966773344619
9300,1442,264020,266024,318,104,0.16666666666666669,10.137966773344619
9301,1442,264020,266024,1635,1524,0.16666666666666669,10.137966773344619
9302,1442,264020,266024,1635,104,0.16666666666666669,10.137966773344619
9303,1442,264020,266024,19,1524,0.16666666666666669,10.137966773344619
9304,1442,264020,266024,19,104,0.16666666666666669,10.137966773344619
9305,1443,264020,267028,318,25,0.11111111111111108,8.966199999999999
9306,1443,264020,267028,318,131,0.11111111111111108,8.966199999999999
9307,1443,264020,267028,318,208,0.11111111111111108,8.966199999999999
9308,1443,264020,267028,1635,25,0.11111111111111108,8.966199999999999
9309,1443,264020,267028,1635,131,0.11111111111111108,8.966199999999999
9310,1443,264020,267028,1635,208,0.11111111111111108,8.966199999999999
9311,1443,264020,267028,19,25,0.11111111111111108,8.966199999999999
9312,1443,264020,267028,19,131,0.11111111111111108,8.966199999999999
9313,1443,264020,267028,19,208,0.11111111111111108,8.966199999999999
9314,1444,264024,212016,318,1107,0.11111111111111108,153.53592222222218
9315,1444,264024,212016,318,1101,0.11111111111111108,153.53592222222218
9316,1444,264024,212016,318,830,0.11111111111111108,153.53592222222218
9317,1444,264024,212016,1635,1107,0.11111111111111108,153.53592222222218
9318,1444,264024,212016,1635,1101,0.11111111111111108,153.53592222222218
9319,1444,264024,212016,1635,830,0.11111111111111108,153.53592222222218
9320,1444,264024,212016,1552,1107,0.11111111111111108,153.53592222222218
9321,1444,264024,212016,1552,1101,0.11111111111111108,153.53592222222218
9322,1444,264024,212016,1552,830,0.11111111111111108,153.53592222222218
9323,1445,264024,221089,318,689,0.3333333333333333,29.29163333333333
9324,1445,264024,221089,1635,689,0.3333333333333333,29.29163333333333
9325,1445,264024,221089,1552,689,0.3333333333333333,29.29163333333333
9326,1446,264024,263016,318,1251,0.11111111111111108,58.10986666666665
9327,1446,264024,263016,318,1376,0.11111111111111108,58.10986666666665
9328,1446,264024,263016,318,1317,0.11111111111111108,58.10986666666665
9329,1446,264024,263016,1635,1251,0.11111111111111108,58.10986666666665
9330,1446,264024,263016,1635,1376,0.11111111111111108,58.10986666666665
9331,1446,264024,263016,1635,1317,0.11111111111111108,58.10986666666665
9332,1446,264024,263016,1552,1251,0.11111111111111108,58.10986666666665
9333,1446,264024,263016,1552,1376,0.11111111111111108,58.10986666666665
9334,1446,264024,263016,1552,1317,0.11111111111111108,58.10986666666665
9335,1447,264029,255014,318,1240,0.11111111111111108,138.32772222222218
9336,1447,264029,255014,318,19,0.11111111111111108,138.32772222222218
9337,1447,264029,255014,318,1635,0.11111111111111108,138.32772222222218
9338,1447,264029,255014,103,1240,0.11111111111111108,138.32772222222218
9339,1447,264029,255014,103,19,0.11111111111111108,138.32772222222218
9340,1447,264029,255014,103,1635,0.11111111111111108,138.32772222222218
9341,1447,264029,255014,69,1240,0.11111111111111108,138.32772222222218
9342,1447,264029,255014,69,19,0.11111111111111108,138.32772222222218
9343,1447,264029,255014,69,1635,0.11111111111111108,138.32772222222218
9344,1448,264033,151018,69,394,0.11111111111111108,18.13053333333333
9345,1448,264033,151018,69,223,0.11111111111111108,18.13053333333333
9346,1448,264033,151018,69,239,0.11111111111111108,18.13053333333333
9347,1448,264033,151018,19,394,0.11111111111111108,18.13053333333333
9348,1448,264033,151018,19,223,0.11111111111111108,18.13053333333333
9349,1448,264033,151018,19,239,0.11111111111111108,18.13053333333333
9350,1448,264033,151018,68,394,0.11111111111111108,18.13053333333333
9351,1448,264033,151018,68,223,0.11111111111111108,18.13053333333333
9352,1448,264033,151018,68,239,0.11111111111111108,18.13053333333333
9353,1449,264033,263012,69,1273,0.3333333333333333,29.431866666666664
9354,1449,264033,263012,19,1273,0.3333333333333333,29.431866666666664
9355,1449,264033,263012,68,1273,0.3333333333333333,29.431866666666664
9356,1450,264034,222025,69,698,0.3333333333333333,10.978239187980934
9357,1450,264034,222025,318,698,0.3333333333333333,10.978239187980934
9358,1450,264034,222025,67,698,0.3333333333333333,10.978239187980934
9359,1451,264034,225074,69,818,0.11111111111111108,41.600577777777765
9360,1451,264034,225074,69,959,0.11111111111111108,41.600577777777765
9361,1451,264034,225074,69,817,0.11111111111111108,41.600577777777765
9362,1451,264034,225074,318,818,0.11111111111111108,41.600577777777765
9363,1451,264034,225074,318,959,0.11111111111111108,41.600577777777765
9364,1451,264034,225074,318,817,0.11111111111111108,41.600577777777765
9365,1451,264034,225074,67,818,0.11111111111111108,41.600577777777765
9366,1451,264034,225074,67,959,0.11111111111111108,41.600577777777765
9367,1451,264034,225074,67,817,0.11111111111111108,41.600577777777765
9368,1452,264034,227011,69,974,0.11111111111111108,39.098322222222215
9369,1452,264034,227011,69,1639,0.11111111111111108,39.098322222222215
9370,1452,264034,227011,69,564,0.11111111111111108,39.098322222222215
9371,1452,264034,227011,318,974,0.11111111111111108,39.098322222222215
9372,1452,264034,227011,318,1639,0.11111111111111108,39.098322222222215
9373,1452,264034,227011,318,564,0.11111111111111108,39.098322222222215
9374,1452,264034,227011,67,974,0.11111111111111108,39.098322222222215
9375,1452,264034,227011,67,1639,0.11111111111111108,39.098322222222215
9376,1452,264034,227011,67,564,0.11111111111111108,39.098322222222215
9377,1453,264034,236010,69,460,0.11111111111111108,9.027522222222219
9378,1453,264034,236010,69,991,0.11111111111111108,9.027522222222219
9379,1453,264034,236010,69,362,0.11111111111111108,9.027522222222219
9380,1453,264034,236010,318,460,0.11111111111111108,9.027522222222219
9381,1453,264034,236010,318,991,0.11111111111111108,9.027522222222219
9382,1453,264034,236010,318,362,0.11111111111111108,9.027522222222219
9383,1453,264034,236010,67,460,0.11111111111111108,9.027522222222219
9384,1453,264034,236010,67,991,0.11111111111111108,9.027522222222219
9385,1453,264034,236010,67,362,0.11111111111111108,9.027522222222219
9386,1454,264034,253007,69,1598,0.11111111111111108,13.085966666666662
9387,1454,264034,253007,69,1715,0.11111111111111108,13.085966666666662
9388,1454,264034,253007,69,167,0.11111111111111108,13.085966666666662
9389,1454,264034,253007,318,1598,0.11111111111111108,13.085966666666662
9390,1454,264034,253007,318,1715,0.11111111111111108,13.085966666666662
9391,1454,264034,253007,318,167,0.11111111111111108,13.085966666666662
9392,1454,264034,253007,67,1598,0.11111111111111108,13.085966666666662
9393,1454,264034,253007,67,1715,0.11111111111111108,13.085966666666662
9394,1454,264034,253007,67,167,0.11111111111111108,13.085966666666662
9395,1455,264034,266018,69,402,0.11111111111111108,15.396560315262066
9396,1455,264034,266018,69,269,0.11111111111111108,15.396560315262066
9397,1455,264034,266018,69,268,0.11111111111111108,15.396560315262066
9398,1455,264034,266018,318,402,0.11111111111111108,15.396560315262066
9399,1455,264034,266018,318,269,0.11111111111111108,15.396560315262066
9400,1455,264034,266018,318,268,0.11111111111111108,15.396560315262066
9401,1455,264034,266018,67,402,0.11111111111111108,15.396560315262066
9402,1455,264034,266018,67,269,0.11111111111111108,15.396560315262066
9403,1455,264034,266018,67,268,0.11111111111111108,15.396560315262066
9404,1456,264034,268022,69,22,0.11111111111111108,24.115944444444434
9405,1456,264034,268022,69,913,0.11111111111111108,24.115944444444434
9406,1456,264034,268022,69,250,0.11111111111111108,24.115944444444434
9407,1456,264034,268022,318,22,0.11111111111111108,24.115944444444434
9408,1456,264034,268022,318,913,0.11111111111111108,24.115944444444434
9409,1456,264034,268022,318,250,0.11111111111111108,24.115944444444434
9410,1456,264034,268022,67,22,0.11111111111111108,24.115944444444434
9411,1456,264034,268022,67,913,0.11111111111111108,24.115944444444434
9412,1456,264034,268022,67,250,0.11111111111111108,24.115944444444434
9413,1457,264034,268027,69,257,0.11111111111111108,19.86485555555555
9414,1457,264034,268027,69,258,0.11111111111111108,19.86485555555555
9415,1457,264034,268027,69,1480,0.11111111111111108,19.86485555555555
9416,1457,264034,268027,318,257,0.11111111111111108,19.86485555555555
9417,1457,264034,268027,318,258,0.11111111111111108,19.86485555555555
9418,1457,264034,268027,318,1480,0.11111111111111108,19.86485555555555
9419,1457,264034,268027,67,257,0.11111111111111108,19.86485555555555
9420,1457,264034,268027,67,258,0.11111111111111108,19.86485555555555
9421,1457,264034,268027,67,1480,0.11111111111111108,19.86485555555555
9422,1458,264034,272015,69,1370,0.3333333333333333,50.170842167838835
9423,1458,264034,272015,318,1370,0.3333333333333333,50.170842167838835
9424,1458,264034,272015,67,1370,0.3333333333333333,50.170842167838835
9425,1459,264035,221001,318,640,0.16666666666666669,25.407600000000006
9426,1459,264035,221001,318,707,0.16666666666666669,25.407600000000006
9427,1459,264035,221001,66,640,0.16666666666666669,25.407600000000006
9428,1459,264035,221001,66,707,0.16666666666666669,25.407600000000006
9429,1459,264035,221001,1092,640,0.16666666666666669,25.407600000000006
9430,1459,264035,221001,1092,707,0.16666666666666669,25.407600000000006
9431,1460,264036,215008,318,1406,0.11111111111111108,177.32074444444441
9432,1460,264036,215008,318,1103,0.11111111111111108,177.32074444444441
9433,1460,264036,215008,318,11,0.11111111111111108,177.32074444444441
9434,1460,264036,215008,1658,1406,0.11111111111111108,177.32074444444441
9435,1460,264036,215008,1658,1103,0.11111111111111108,177.32074444444441
9436,1460,264036,215008,1658,11,0.11111111111111108,177.32074444444441
9437,1460,264036,215008,1243,1406,0.11111111111111108,177.32074444444441
9438,1460,264036,215008,1243,1103,0.11111111111111108,177.32074444444441
9439,1460,264036,215008,1243,11,0.11111111111111108,177.32074444444441
9440,1461,264037,237003,318,902,0.16666666666666669,86.52573333333335
9441,1461,264037,237003,318,463,0.16666666666666669,86.52573333333335
9442,1461,264037,237003,102,902,0.16666666666666669,86.52573333333335
9443,1461,264037,237003,102,463,0.16666666666666669,86.52573333333335
9444,1461,264037,237003,69,902,0.16666666666666669,86.52573333333335
9445,1461,264037,237003,69,463,0.16666666666666669,86.52573333333335
9446,1462,264037,261020,318,1635,0.11111111111111108,5.521726109853599
9447,1462,264037,261020,318,1240,0.11111111111111108,5.521726109853599
9448,1462,264037,261020,318,1340,0.11111111111111108,5.521726109853599
9449,1462,264037,261020,102,1635,0.11111111111111108,5.521726109853599
9450,1462,264037,261020,102,1240,0.11111111111111108,5.521726109853599
9451,1462,264037,261020,102,1340,0.11111111111111108,5.521726109853599
9452,1462,264037,261020,69,1635,0.11111111111111108,5.521726109853599
9453,1462,264037,261020,69,1240,0.11111111111111108,5.521726109853599
9454,1462,264037,261020,69,1340,0.11111111111111108,5.521726109853599
9455,1463,264037,271037,318,242,0.11111111111111108,5.33671111111111
9456,1463,264037,271037,318,244,0.11111111111111108,5.33671111111111
9457,1463,264037,271037,318,535,0.11111111111111108,5.33671111111111
9458,1463,264037,271037,102,242,0.11111111111111108,5.33671111111111
9459,1463,264037,271037,102,244,0.11111111111111108,5.33671111111111
9460,1463,264037,271037,102,535,0.11111111111111108,5.33671111111111
9461,1463,264037,271037,69,242,0.11111111111111108,5.33671111111111
9462,1463,264037,271037,69,244,0.11111111111111108,5.33671111111111
9463,1463,264037,271037,69,535,0.11111111111111108,5.33671111111111
9464,1464,264037,271045,318,1522,0.3333333333333333,75.43713333333332
9465,1464,264037,271045,102,1522,0.3333333333333333,75.43713333333332
9466,1464,264037,271045,69,1522,0.3333333333333333,75.43713333333332
9467,1465,264037,285010,318,1308,0.11111111111111108,21.63135555555555
9468,1465,264037,285010,318,1190,0.11111111111111108,21.63135555555555
9469,1465,264037,285010,318,349,0.11111111111111108,21.63135555555555
9470,1465,264037,285010,102,1308,0.11111111111111108,21.63135555555555
9471,1465,264037,285010,102,1190,0.11111111111111108,21.63135555555555
9472,1465,264037,285010,102,349,0.11111111111111108,21.63135555555555
9473,1465,264037,285010,69,1308,0.11111111111111108,21.63135555555555
9474,1465,264037,285010,69,1190,0.11111111111111108,21.63135555555555
9475,1465,264037,285010,69,349,0.11111111111111108,21.63135555555555
9476,1466,264040,263016,318,1251,0.11111111111111108,21.134177777777776
9477,1466,264040,263016,318,1376,0.11111111111111108,21.134177777777776
9478,1466,264040,263016,318,1317,0.11111111111111108,21.134177777777776
9479,1466,264040,263016,103,1251,0.11111111111111108,21.134177777777776
9480,1466,264040,263016,103,1376,0.11111111111111108,21.134177777777776
9481,1466,264040,263016,103,1317,0.11111111111111108,21.134177777777776
9482,1466,264040,263016,69,1251,0.11111111111111108,21.134177777777776
9483,1466,264040,263016,69,1376,0.11111111111111108,21.134177777777776
9484,1466,264040,263016,69,1317,0.11111111111111108,21.134177777777776
9485,1467,264042,254012,318,189,0.11111111111111108,246.88491111111102
9486,1467,264042,254012,318,1241,0.11111111111111108,246.88491111111102
9487,1467,264042,254012,318,1561,0.11111111111111108,246.88491111111102
9488,1467,264042,254012,103,189,0.11111111111111108,246.88491111111102
9489,1467,264042,254012,103,1241,0.11111111111111108,246.88491111111102
9490,1467,264042,254012,103,1561,0.11111111111111108,246.88491111111102
9491,1467,264042,254012,1347,189,0.11111111111111108,246.88491111111102
9492,1467,264042,254012,1347,1241,0.11111111111111108,246.88491111111102
9493,1467,264042,254012,1347,1561,0.11111111111111108,246.88491111111102
9494,1468,264042,255002,318,1635,0.11111111111111108,39.90872222222221
9495,1468,264042,255002,318,1281,0.11111111111111108,39.90872222222221
9496,1468,264042,255002,318,69,0.11111111111111108,39.90872222222221
9497,1468,264042,255002,103,1635,0.11111111111111108,39.90872222222221
9498,1468,264042,255002,103,1281,0.11111111111111108,39.90872222222221
9499,1468,264042,255002,103,69,0.11111111111111108,39.90872222222221
9500,1468,264042,255002,1347,1635,0.11111111111111108,39.90872222222221
9501,1468,264042,255002,1347,1281,0.11111111111111108,39.90872222222221
9502,1468,264042,255002,1347,69,0.11111111111111108,39.90872222222221
9503,1469,264044,222020,318,156,0.3333333333333333,32.73309999999999
9504,1469,264044,222020,870,156,0.3333333333333333,32.73309999999999
9505,1469,264044,222020,865,156,0.3333333333333333,32.73309999999999
9506,1470,264044,244029,318,1469,0.11111111111111108,11.179122222222219
9507,1470,264044,244029,318,482,0.11111111111111108,11.179122222222219
9508,1470,264044,244029,318,1088,0.11111111111111108,11.179122222222219
9509,1470,264044,244029,870,1469,0.11111111111111108,11.179122222222219
9510,1470,264044,244029,870,482,0.11111111111111108,11.179122222222219
9511,1470,264044,244029,870,1088,0.11111111111111108,11.179122222222219
9512,1470,264044,244029,865,1469,0.11111111111111108,11.179122222222219
9513,1470,264044,244029,865,482,0.11111111111111108,11.179122222222219
9514,1470,264044,244029,865,1088,0.11111111111111108,11.179122222222219
9515,1471,264044,269002,318,1240,0.11111111111111108,9.283588888888886
9516,1471,264044,269002,318,1635,0.11111111111111108,9.283588888888886
9517,1471,264044,269002,318,49,0.11111111111111108,9.283588888888886
9518,1471,264044,269002,870,1240,0.11111111111111108,9.283588888888886
9519,1471,264044,269002,870,1635,0.11111111111111108,9.283588888888886
9520,1471,264044,269002,870,49,0.11111111111111108,9.283588888888886
9521,1471,264044,269002,865,1240,0.11111111111111108,9.283588888888886
9522,1471,264044,269002,865,1635,0.11111111111111108,9.283588888888886
9523,1471,264044,269002,865,49,0.11111111111111108,9.283588888888886
9524,1472,264045,221032,1347,1662,0.16666666666666669,20.20101666666667
9525,1472,264045,221032,1347,1279,0.16666666666666669,20.20101666666667
9526,1472,264045,221032,103,1662,0.16666666666666669,20.20101666666667
9527,1472,264045,221032,103,1279,0.16666666666666669,20.20101666666667
9528,1472,264045,221032,318,1662,0.16666666666666669,20.20101666666667
9529,1472,264045,221032,318,1279,0.16666666666666669,20.20101666666667
9530,1473,264050,222018,1552,1545,0.16666666666666669,73.75616666666667
9531,1473,264050,222018,1552,676,0.16666666666666669,73.75616666666667
9532,1473,264050,222018,1069,1545,0.16666666666666669,73.75616666666667
9533,1473,264050,222018,1069,676,0.16666666666666669,73.75616666666667
9534,1473,264050,222018,1347,1545,0.16666666666666669,73.75616666666667
9535,1473,264050,222018,1347,676,0.16666666666666669,73.75616666666667
9536,1474,264051,222012,862,754,0.11111111111111108,28.02087777777777
9537,1474,264051,222012,862,762,0.11111111111111108,28.02087777777777
9538,1474,264051,222012,862,665,0.11111111111111108,28.02087777777777
9539,1474,264051,222012,1347,754,0.11111111111111108,28.02087777777777
9540,1474,264051,222012,1347,762,0.11111111111111108,28.02087777777777
9541,1474,264051,222012,1347,665,0.11111111111111108,28.02087777777777
9542,1474,264051,222012,859,754,0.11111111111111108,28.02087777777777
9543,1474,264051,222012,859,762,0.11111111111111108,28.02087777777777
9544,1474,264051,222012,859,665,0.11111111111111108,28.02087777777777
9545,1475,264053,255014,862,1240,0.3333333333333333,25.42053333333333
9546,1475,264053,255014,862,19,0.3333333333333333,25.42053333333333
9547,1475,264053,255014,862,1635,0.3333333333333333,25.42053333333333
9548,1476,264062,286014,66,1249,0.3333333333333333,31.99123333333333
9549,1476,264062,286014,66,1246,0.3333333333333333,31.99123333333333
9550,1476,264062,286014,66,337,0.3333333333333333,31.99123333333333
9551,1477,264066,226007,318,966,0.11111111111111108,0.19828888888888882
9552,1477,264066,226007,318,1005,0.11111111111111108,0.19828888888888882
9553,1477,264066,226007,318,1485,0.11111111111111108,0.19828888888888882
9554,1477,264066,226007,103,966,0.11111111111111108,0.19828888888888882
9555,1477,264066,226007,103,1005,0.11111111111111108,0.19828888888888882
9556,1477,264066,226007,103,1485,0.11111111111111108,0.19828888888888882
9557,1477,264066,226007,69,966,0.11111111111111108,0.19828888888888882
9558,1477,264066,226007,69,1005,0.11111111111111108,0.19828888888888882
9559,1477,264066,226007,69,1485,0.11111111111111108,0.19828888888888882
9560,1478,264066,261021,318,1635,0.12499999999999997,31.480637499999993
9561,1478,264066,261021,318,320,0.12499999999999997,31.480637499999993
9562,1478,264066,261021,103,1635,0.12499999999999997,31.480637499999993
9563,1478,264066,261021,103,318,0.12499999999999997,31.480637499999993
9564,1478,264066,261021,103,320,0.12499999999999997,31.480637499999993
9565,1478,264066,261021,69,1635,0.12499999999999997,31.480637499999993
9566,1478,264066,261021,69,318,0.12499999999999997,31.480637499999993
9567,1478,264066,261021,69,320,0.12499999999999997,31.480637499999993
9568,1479,264066,264066,318,103,0.16666666666666663,185.95066666666662
9569,1479,264066,264066,318,69,0.16666666666666663,185.95066666666662
9570,1479,264066,264066,103,318,0.16666666666666663,185.95066666666662
9571,1479,264066,264066,103,69,0.16666666666666663,185.95066666666662
9572,1479,264066,264066,69,318,0.16666666666666663,185.95066666666662
9573,1479,264066,264066,69,103,0.16666666666666663,185.95066666666662
9574,1480,265004,255014,1347,1240,0.11111111111111108,9.027522222222219
9575,1480,265004,255014,1347,19,0.11111111111111108,9.027522222222219
9576,1480,265004,255014,1347,1635,0.11111111111111108,9.027522222222219
9577,1480,265004,255014,103,1240,0.11111111111111108,9.027522222222219
9578,1480,265004,255014,103,19,0.11111111111111108,9.027522222222219
9579,1480,265004,255014,103,1635,0.11111111111111108,9.027522222222219
9580,1480,265004,255014,318,1240,0.11111111111111108,9.027522222222219
9581,1480,265004,255014,318,19,0.11111111111111108,9.027522222222219
9582,1480,265004,255014,318,1635,0.11111111111111108,9.027522222222219
9583,1481,265007,153053,1552,1463,0.11111111111111108,9.121255555555553
9584,1481,265007,153053,1552,395,0.11111111111111108,9.121255555555553
9585,1481,265007,153053,1552,1462,0.11111111111111108,9.121255555555553
9586,1481,265007,153053,867,1463,0.11111111111111108,9.121255555555553
9587,1481,265007,153053,867,395,0.11111111111111108,9.121255555555553
9588,1481,265007,153053,867,1462,0.11111111111111108,9.121255555555553
9589,1481,265007,153053,868,1463,0.11111111111111108,9.121255555555553
9590,1481,265007,153053,868,395,0.11111111111111108,9.121255555555553
9591,1481,265007,153053,868,1462,0.11111111111111108,9.121255555555553
9592,1482,265007,242039,1552,396,0.11111111111111108,31.609955555555548
9593,1482,265007,242039,1552,1574,0.11111111111111108,31.609955555555548
9594,1482,265007,242039,1552,473,0.11111111111111108,31.609955555555548
9595,1482,265007,242039,867,396,0.11111111111111108,31.609955555555548
9596,1482,265007,242039,867,1574,0.11111111111111108,31.609955555555548
9597,1482,265007,242039,867,473,0.11111111111111108,31.609955555555548
9598,1482,265007,242039,868,396,0.11111111111111108,31.609955555555548
9599,1482,265007,242039,868,1574,0.11111111111111108,31.609955555555548
9600,1482,265007,242039,868,473,0.11111111111111108,31.609955555555548
9601,1483,265007,245013,1552,285,0.3333333333333333,12.623933333333333
9602,1483,265007,245013,867,285,0.3333333333333333,12.623933333333333
9603,1483,265007,245013,868,285,0.3333333333333333,12.623933333333333
9604,1484,265007,284023,1552,329,0.3333333333333333,203.15126666666666
9605,1484,265007,284023,867,329,0.3333333333333333,203.15126666666666
9606,1484,265007,284023,868,329,0.3333333333333333,203.15126666666666
9607,1485,265008,285002,1552,1191,0.11111111111111108,10.844055555555554
9608,1485,265008,285002,1552,1189,0.11111111111111108,10.844055555555554
9609,1485,265008,285002,1552,1188,0.11111111111111108,10.844055555555554
9610,1485,265008,285002,104,1191,0.11111111111111108,10.844055555555554
9611,1485,265008,285002,104,1189,0.11111111111111108,10.844055555555554
9612,1485,265008,285002,104,1188,0.11111111111111108,10.844055555555554
9613,1485,265008,285002,205,1191,0.11111111111111108,10.844055555555554
9614,1485,265008,285002,205,1189,0.11111111111111108,10.844055555555554
9615,1485,265008,285002,205,1188,0.11111111111111108,10.844055555555554
9616,1486,265011,269002,64,1240,0.11111111111111108,9.283588888888886
9617,1486,265011,269002,64,1635,0.11111111111111108,9.283588888888886
9618,1486,265011,269002,64,49,0.11111111111111108,9.283588888888886
9619,1486,265011,269002,544,1240,0.11111111111111108,9.283588888888886
9620,1486,265011,269002,544,1635,0.11111111111111108,9.283588888888886
9621,1486,265011,269002,544,49,0.11111111111111108,9.283588888888886
9622,1486,265011,269002,63,1240,0.11111111111111108,9.283588888888886
9623,1486,265011,269002,63,1635,0.11111111111111108,9.283588888888886
9624,1486,265011,269002,63,49,0.11111111111111108,9.283588888888886
9625,1487,265018,226010,866,814,0.3333333333333333,1666.6666666666665
9626,1487,265018,226010,773,814,0.3333333333333333,1666.6666666666665
9627,1487,265018,226010,865,814,0.3333333333333333,1666.6666666666665
9628,1488,265018,229018,866,675,0.11111111111111108,13.013266666666663
9629,1488,265018,229018,866,163,0.11111111111111108,13.013266666666663
9630,1488,265018,229018,866,1283,0.11111111111111108,13.013266666666663
9631,1488,265018,229018,773,675,0.11111111111111108,13.013266666666663
9632,1488,265018,229018,773,163,0.11111111111111108,13.013266666666663
9633,1488,265018,229018,773,1283,0.11111111111111108,13.013266666666663
9634,1488,265018,229018,865,675,0.11111111111111108,13.013266666666663
9635,1488,265018,229018,865,163,0.11111111111111108,13.013266666666663
9636,1488,265018,229018,865,1283,0.11111111111111108,13.013266666666663
9637,1489,265018,234016,866,569,0.16666666666666669,229.54733333333337
9638,1489,265018,234016,866,465,0.16666666666666669,229.54733333333337
9639,1489,265018,234016,773,569,0.16666666666666669,229.54733333333337
9640,1489,265018,234016,773,465,0.16666666666666669,229.54733333333337
9641,1489,265018,234016,865,569,0.16666666666666669,229.54733333333337
9642,1489,265018,234016,865,465,0.16666666666666669,229.54733333333337
9643,1490,265018,234021,866,455,0.11111111111111108,248.27609999999993
9644,1490,265018,234021,866,1526,0.11111111111111108,248.27609999999993
9645,1490,265018,234021,866,616,0.11111111111111108,248.27609999999993
9646,1490,265018,234021,773,455,0.11111111111111108,248.27609999999993
9647,1490,265018,234021,773,1526,0.11111111111111108,248.27609999999993
9648,1490,265018,234021,773,616,0.11111111111111108,248.27609999999993
9649,1490,265018,234021,865,455,0.11111111111111108,248.27609999999993
9650,1490,265018,234021,865,1526,0.11111111111111108,248.27609999999993
9651,1490,265018,234021,865,616,0.11111111111111108,248.27609999999993
9652,1491,265018,237003,866,902,0.16666666666666669,43.10411666666668
9653,1491,265018,237003,866,463,0.16666666666666669,43.10411666666668
9654,1491,265018,237003,773,902,0.16666666666666669,43.10411666666668
9655,1491,265018,237003,773,463,0.16666666666666669,43.10411666666668
9656,1491,265018,237003,865,902,0.16666666666666669,43.10411666666668
9657,1491,265018,237003,865,463,0.16666666666666669,43.10411666666668
9658,1492,265018,253002,866,182,0.11111111111111108,231.99329999999992
9659,1492,265018,253002,866,121,0.11111111111111108,231.99329999999992
9660,1492,265018,253002,866,118,0.11111111111111108,231.99329999999992
9661,1492,265018,253002,773,182,0.11111111111111108,231.99329999999992
9662,1492,265018,253002,773,121,0.11111111111111108,231.99329999999992
9663,1492,265018,253002,773,118,0.11111111111111108,231.99329999999992
9664,1492,265018,253002,865,182,0.11111111111111108,231.99329999999992
9665,1492,265018,253002,865,121,0.11111111111111108,231.99329999999992
9666,1492,265018,253002,865,118,0.11111111111111108,231.99329999999992
9667,1493,265018,262005,866,318,0.11111111111111108,68.14523867414434
9668,1493,265018,262005,866,870,0.11111111111111108,68.14523867414434
9669,1493,265018,262005,866,1552,0.11111111111111108,68.14523867414434
9670,1493,265018,262005,773,318,0.11111111111111108,68.14523867414434
9671,1493,265018,262005,773,870,0.11111111111111108,68.14523867414434
9672,1493,265018,262005,773,1552,0.11111111111111108,68.14523867414434
9673,1493,265018,262005,865,318,0.11111111111111108,68.14523867414434
9674,1493,265018,262005,865,870,0.11111111111111108,68.14523867414434
9675,1493,265018,262005,865,1552,0.11111111111111108,68.14523867414434
9676,1494,265018,263005,866,870,0.11111111111111108,16.380622222222218
9677,1494,265018,263005,866,1552,0.11111111111111108,16.380622222222218
9678,1494,265018,263005,866,1375,0.11111111111111108,16.380622222222218
9679,1494,265018,263005,773,870,0.11111111111111108,16.380622222222218
9680,1494,265018,263005,773,1552,0.11111111111111108,16.380622222222218
9681,1494,265018,263005,773,1375,0.11111111111111108,16.380622222222218
9682,1494,265018,263005,865,870,0.11111111111111108,16.380622222222218
9683,1494,265018,263005,865,1552,0.11111111111111108,16.380622222222218
9684,1494,265018,263005,865,1375,0.11111111111111108,16.380622222222218
9685,1495,265018,263012,866,1273,0.3333333333333333,62.714133333333336
9686,1495,265018,263012,773,1273,0.3333333333333333,62.714133333333336
9687,1495,265018,263012,865,1273,0.3333333333333333,62.714133333333336
9688,1496,265018,268014,866,1378,0.3333333333333333,69.39906666666667
9689,1496,265018,268014,773,1378,0.3333333333333333,69.39906666666667
9690,1496,265018,268014,865,1378,0.3333333333333333,69.39906666666667
9691,1497,265018,268033,866,1273,0.11111111111111108,17.225701378443883
9692,1497,265018,268033,866,256,0.11111111111111108,17.225701378443883
9693,1497,265018,268033,866,1378,0.11111111111111108,17.225701378443883
9694,1497,265018,268033,773,1273,0.11111111111111108,17.225701378443883
9695,1497,265018,268033,773,256,0.11111111111111108,17.225701378443883
9696,1497,265018,268033,773,1378,0.11111111111111108,17.225701378443883
9697,1497,265018,268033,865,1273,0.11111111111111108,17.225701378443883
9698,1497,265018,268033,865,256,0.11111111111111108,17.225701378443883
9699,1497,265018,268033,865,1378,0.11111111111111108,17.225701378443883
9700,1498,265018,285012,866,1308,0.11111111111111108,26.482188888888878
9701,1498,265018,285012,866,920,0.11111111111111108,26.482188888888878
9702,1498,265018,285012,866,1309,0.11111111111111108,26.482188888888878
9703,1498,265018,285012,773,1308,0.11111111111111108,26.482188888888878
9704,1498,265018,285012,773,920,0.11111111111111108,26.482188888888878
9705,1498,265018,285012,773,1309,0.11111111111111108,26.482188888888878
9706,1498,265018,285012,865,1308,0.11111111111111108,26.482188888888878
9707,1498,265018,285012,865,920,0.11111111111111108,26.482188888888878
9708,1498,265018,285012,865,1309,0.11111111111111108,26.482188888888878
9709,1499,265019,229044,1347,91,0.3333333333333333,84.48159999999999
9710,1499,265019,229044,1347,92,0.3333333333333333,84.48159999999999
9711,1499,265019,229044,1347,693,0.3333333333333333,84.48159999999999
9712,1500,265019,261020,1347,1635,0.3333333333333333,70.02493333333334
9713,1500,265019,261020,1347,1240,0.3333333333333333,70.02493333333334
9714,1500,265019,261020,1347,1340,0.3333333333333333,70.02493333333334
9715,1501,265020,234016,1340,569,0.25,20.311925
9716,1501,265020,234016,1340,465,0.25,20.311925
9717,1501,265020,234016,1093,569,0.25,20.311925
9718,1501,265020,234016,1093,465,0.25,20.311925
9719,1502,265020,241013,1340,1130,0.16666666666666669,36.688
9720,1502,265020,241013,1340,1299,0.16666666666666669,36.688
9721,1502,265020,241013,1340,1137,0.16666666666666669,36.688
9722,1502,265020,241013,1093,1130,0.16666666666666669,36.688
9723,1502,265020,241013,1093,1299,0.16666666666666669,36.688
9724,1502,265020,241013,1093,1137,0.16666666666666669,36.688
9725,1503,265020,262005,1340,318,0.16666666666666669,19.650643838796743
9726,1503,265020,262005,1340,870,0.16666666666666669,19.650643838796743
9727,1503,265020,262005,1340,1552,0.16666666666666669,19.650643838796743
9728,1503,265020,262005,1093,318,0.16666666666666669,19.650643838796743
9729,1503,265020,262005,1093,870,0.16666666666666669,19.650643838796743
9730,1503,265020,262005,1093,1552,0.16666666666666669,19.650643838796743
9731,1504,265020,264002,1340,1635,0.2,14.65538
9732,1504,265020,264002,1340,1240,0.2,14.65538
9733,1504,265020,264002,1093,1635,0.2,14.65538
9734,1504,265020,264002,1093,1240,0.2,14.65538
9735,1504,265020,264002,1093,1340,0.2,14.65538
9736,1505,265020,269003,1340,49,0.25,18.0185
9737,1505,265020,269003,1340,1240,0.25,18.0185
9738,1505,265020,269003,1093,49,0.25,18.0185
9739,1505,265020,269003,1093,1240,0.25,18.0185
9740,1506,265020,272015,1340,1370,0.5,77.4874
9741,1506,265020,272015,1093,1370,0.5,77.4874
9742,1507,265020,285024,1340,924,0.16666666666666669,44.575750000000006
9743,1507,265020,285024,1340,1309,0.16666666666666669,44.575750000000006
9744,1507,265020,285024,1340,1689,0.16666666666666669,44.575750000000006
9745,1507,265020,285024,1093,924,0.16666666666666669,44.575750000000006
9746,1507,265020,285024,1093,1309,0.16666666666666669,44.575750000000006
9747,1507,265020,285024,1093,1689,0.16666666666666669,44.575750000000006
9748,1508,265021,236024,866,997,0.11111111111111108,8.180877777777775
9749,1508,265021,236024,866,417,0.11111111111111108,8.180877777777775
9750,1508,265021,236024,866,32,0.11111111111111108,8.180877777777775
9751,1508,265021,236024,1347,997,0.11111111111111108,8.180877777777775
9752,1508,265021,236024,1347,417,0.11111111111111108,8.180877777777775
9753,1508,265021,236024,1347,32,0.11111111111111108,8.180877777777775
9754,1508,265021,236024,554,997,0.11111111111111108,8.180877777777775
9755,1508,265021,236024,554,417,0.11111111111111108,8.180877777777775
9756,1508,265021,236024,554,32,0.11111111111111108,8.180877777777775
9757,1509,265021,264003,866,1635,0.11111111111111108,11.079355555555553
9758,1509,265021,264003,866,318,0.11111111111111108,11.079355555555553
9759,1509,265021,264003,866,320,0.11111111111111108,11.079355555555553
9760,1509,265021,264003,1347,1635,0.11111111111111108,11.079355555555553
9761,1509,265021,264003,1347,318,0.11111111111111108,11.079355555555553
9762,1509,265021,264003,1347,320,0.11111111111111108,11.079355555555553
9763,1509,265021,264003,554,1635,0.11111111111111108,11.079355555555553
9764,1509,265021,264003,554,318,0.11111111111111108,11.079355555555553
9765,1509,265021,264003,554,320,0.11111111111111108,11.079355555555553
9766,1510,265021,285007,866,1190,0.11111111111111108,8.141877777777776
9767,1510,265021,285007,866,1500,0.11111111111111108,8.141877777777776
9768,1510,265021,285007,866,349,0.11111111111111108,8.141877777777776
9769,1510,265021,285007,1347,1190,0.11111111111111108,8.141877777777776
9770,1510,265021,285007,1347,1500,0.11111111111111108,8.141877777777776
9771,1510,265021,285007,1347,349,0.11111111111111108,8.141877777777776
9772,1510,265021,285007,554,1190,0.11111111111111108,8.141877777777776
9773,1510,265021,285007,554,1500,0.11111111111111108,8.141877777777776
9774,1510,265021,285007,554,349,0.11111111111111108,8.141877777777776
9775,1511,265023,255001,554,1635,0.11111111111111108,26.789255555555545
9776,1511,265023,255001,554,1281,0.11111111111111108,26.789255555555545
9777,1511,265023,255001,554,69,0.11111111111111108,26.789255555555545
9778,1511,265023,255001,544,1635,0.11111111111111108,26.789255555555545
9779,1511,265023,255001,544,1281,0.11111111111111108,26.789255555555545
9780,1511,265023,255001,544,69,0.11111111111111108,26.789255555555545
9781,1511,265023,255001,550,1635,0.11111111111111108,26.789255555555545
9782,1511,265023,255001,550,1281,0.11111111111111108,26.789255555555545
9783,1511,265023,255001,550,69,0.11111111111111108,26.789255555555545
9784,1512,265023,266028,554,1057,0.16666666666666669,316.12505000000004
9785,1512,265023,266028,554,1059,0.16666666666666669,316.12505000000004
9786,1512,265023,266028,544,1057,0.16666666666666669,316.12505000000004
9787,1512,265023,266028,544,1059,0.16666666666666669,316.12505000000004
9788,1512,265023,266028,550,1057,0.16666666666666669,316.12505000000004
9789,1512,265023,266028,550,1059,0.16666666666666669,316.12505000000004
9790,1513,265024,263018,1557,1375,0.11111111111111108,29.932233333333325
9791,1513,265024,263018,1557,870,0.11111111111111108,29.932233333333325
9792,1513,265024,263018,1557,1273,0.11111111111111108,29.932233333333325
9793,1513,265024,263018,1092,1375,0.11111111111111108,29.932233333333325
9794,1513,265024,263018,1092,870,0.11111111111111108,29.932233333333325
9795,1513,265024,263018,1092,1273,0.11111111111111108,29.932233333333325
9796,1513,265024,263018,1243,1375,0.11111111111111108,29.932233333333325
9797,1513,265024,263018,1243,870,0.11111111111111108,29.932233333333325
9798,1513,265024,263018,1243,1273,0.11111111111111108,29.932233333333325
9799,1514,266001,215005,1268,327,0.3333333333333333,33.537366666666664
9800,1514,266001,215005,1268,1681,0.3333333333333333,33.537366666666664
9801,1514,266001,215005,1268,1116,0.3333333333333333,33.537366666666664
9802,1515,266002,254012,1269,189,0.16666666666666669,15.730816666666668
9803,1515,266002,254012,1269,1241,0.16666666666666669,15.730816666666668
9804,1515,266002,254012,1269,1561,0.16666666666666669,15.730816666666668
9805,1515,266002,254012,559,189,0.16666666666666669,15.730816666666668
9806,1515,266002,254012,559,1241,0.16666666666666669,15.730816666666668
9807,1515,266002,254012,559,1561,0.16666666666666669,15.730816666666668
9808,1516,266002,263013,1269,1321,0.16666666666666669,64.38260000000001
9809,1516,266002,263013,1269,685,0.16666666666666669,64.38260000000001
9810,1516,266002,263013,1269,1376,0.16666666666666669,64.38260000000001
9811,1516,266002,263013,559,1321,0.16666666666666669,64.38260000000001
9812,1516,266002,263013,559,685,0.16666666666666669,64.38260000000001
9813,1516,266002,263013,559,1376,0.16666666666666669,64.38260000000001
9814,1517,266005,225048,268,935,0.16666666666666669,380.4750166666667
9815,1517,266005,225048,268,1666,0.16666666666666669,380.4750166666667
9816,1517,266005,225048,268,725,0.16666666666666669,380.4750166666667
9817,1517,266005,225048,402,935,0.16666666666666669,380.4750166666667
9818,1517,266005,225048,402,1666,0.16666666666666669,380.4750166666667
9819,1517,266005,225048,402,725,0.16666666666666669,380.4750166666667
9820,1518,266006,255011,267,1063,0.3333333333333333,54.316766666666666
9821,1518,266006,255011,1502,1063,0.3333333333333333,54.316766666666666
9822,1518,266006,255011,268,1063,0.3333333333333333,54.316766666666666
9823,1519,266009,221092,859,692,0.25,20.895225
9824,1519,266009,221092,859,697,0.25,20.895225
9825,1519,266009,221092,102,692,0.25,20.895225
9826,1519,266009,221092,102,697,0.25,20.895225
9827,1520,266009,221097,859,1221,0.16666666666666669,36.411100000000005
9828,1520,266009,221097,859,1038,0.16666666666666669,36.411100000000005
9829,1520,266009,221097,859,748,0.16666666666666669,36.411100000000005
9830,1520,266009,221097,102,1221,0.16666666666666669,36.411100000000005
9831,1520,266009,221097,102,1038,0.16666666666666669,36.411100000000005
9832,1520,266009,221097,102,748,0.16666666666666669,36.411100000000005
9833,1521,266010,222018,401,1545,0.25,34.903325
9834,1521,266010,222018,401,676,0.25,34.903325
9835,1521,266010,222018,1402,1545,0.25,34.903325
9836,1521,266010,222018,1402,676,0.25,34.903325
9837,1522,266010,227021,401,26,0.16666666666666669,42.17313333333334
9838,1522,266010,227021,401,610,0.16666666666666669,42.17313333333334
9839,1522,266010,227021,401,566,0.16666666666666669,42.17313333333334
9840,1522,266010,227021,1402,26,0.16666666666666669,42.17313333333334
9841,1522,266010,227021,1402,610,0.16666666666666669,42.17313333333334
9842,1522,266010,227021,1402,566,0.16666666666666669,42.17313333333334
9843,1523,266010,263015,401,1377,0.25,56.597125
9844,1523,266010,263015,401,1067,0.25,56.597125
9845,1523,266010,263015,1402,1377,0.25,56.597125
9846,1523,266010,263015,1402,1067,0.25,56.597125
9847,1524,266011,283028,103,1634,0.25,91.189675
9848,1524,266011,283028,103,328,0.25,91.189675
9849,1524,266011,283028,104,1634,0.25,91.189675
9850,1524,266011,283028,104,328,0.25,91.189675
9851,1525,266012,266021,1069,266,0.11111111111111108,32.51382222222221
9852,1525,266012,266021,1069,865,0.11111111111111108,32.51382222222221
9853,1525,266012,266021,1069,278,0.11111111111111108,32.51382222222221
9854,1525,266012,266021,103,266,0.11111111111111108,32.51382222222221
9855,1525,266012,266021,103,865,0.11111111111111108,32.51382222222221
9856,1525,266012,266021,103,278,0.11111111111111108,32.51382222222221
9857,1525,266012,266021,104,266,0.11111111111111108,32.51382222222221
9858,1525,266012,266021,104,865,0.11111111111111108,32.51382222222221
9859,1525,266012,266021,104,278,0.11111111111111108,32.51382222222221
9860,1526,266012,267037,1069,988,0.16666666666666669,19.131100000000004
9861,1526,266012,267037,1069,621,0.16666666666666669,19.131100000000004
9862,1526,266012,267037,103,988,0.16666666666666669,19.131100000000004
9863,1526,266012,267037,103,621,0.16666666666666669,19.131100000000004
9864,1526,266012,267037,104,988,0.16666666666666669,19.131100000000004
9865,1526,266012,267037,104,621,0.16666666666666669,19.131100000000004
9866,1527,266014,268027,556,257,0.16666666666666669,162.35395000000003
9867,1527,266014,268027,556,258,0.16666666666666669,162.35395000000003
9868,1527,266014,268027,556,1480,0.16666666666666669,162.35395000000003
9869,1527,266014,268027,20,257,0.16666666666666669,162.35395000000003
9870,1527,266014,268027,20,258,0.16666666666666669,162.35395000000003
9871,1527,266014,268027,20,1480,0.16666666666666669,162.35395000000003
9872,1528,266015,221020,556,398,0.16666666666666669,14.725683333333334
9873,1528,266015,221020,556,595,0.16666666666666669,14.725683333333334
9874,1528,266015,221020,556,765,0.16666666666666669,14.725683333333334
9875,1528,266015,221020,559,398,0.16666666666666669,14.725683333333334
9876,1528,266015,221020,559,595,0.16666666666666669,14.725683333333334
9877,1528,266015,221020,559,765,0.16666666666666669,14.725683333333334
9878,1529,266015,266018,556,402,0.16666666666666669,53.94665676937121
9879,1529,266015,266018,556,269,0.16666666666666669,53.94665676937121
9880,1529,266015,266018,556,268,0.16666666666666669,53.94665676937121
9881,1529,266015,266018,559,402,0.16666666666666669,53.94665676937121
9882,1529,266015,266018,559,269,0.16666666666666669,53.94665676937121
9883,1529,266015,266018,559,268,0.16666666666666669,53.94665676937121
9884,1530,266016,255015,551,1636,0.5,44.7248
9885,1530,266016,255015,559,1636,0.5,44.7248
9886,1531,266018,113005,402,74,0.11111111111111108,12.038299999999996
9887,1531,266018,113005,402,1608,0.11111111111111108,12.038299999999996
9888,1531,266018,113005,402,170,0.11111111111111108,12.038299999999996
9889,1531,266018,113005,269,74,0.11111111111111108,12.038299999999996
9890,1531,266018,113005,269,1608,0.11111111111111108,12.038299999999996
9891,1531,266018,113005,269,170,0.11111111111111108,12.038299999999996
9892,1531,266018,113005,268,74,0.11111111111111108,12.038299999999996
9893,1531,266018,113005,268,1608,0.11111111111111108,12.038299999999996
9894,1531,266018,113005,268,170,0.11111111111111108,12.038299999999996
9895,1532,266018,221028,402,739,0.16666666666666669,48.072700000000005
9896,1532,266018,221028,402,1045,0.16666666666666669,48.072700000000005
9897,1532,266018,221028,269,739,0.16666666666666669,48.072700000000005
9898,1532,266018,221028,269,1045,0.16666666666666669,48.072700000000005
9899,1532,266018,221028,268,739,0.16666666666666669,48.072700000000005
9900,1532,266018,221028,268,1045,0.16666666666666669,48.072700000000005
9901,1533,266018,221097,402,1221,0.11111111111111108,32.048466666666656
9902,1533,266018,221097,402,1038,0.11111111111111108,32.048466666666656
9903,1533,266018,221097,402,748,0.11111111111111108,32.048466666666656
9904,1533,266018,221097,269,1221,0.11111111111111108,32.048466666666656
9905,1533,266018,221097,269,1038,0.11111111111111108,32.048466666666656
9906,1533,266018,221097,269,748,0.11111111111111108,32.048466666666656
9907,1533,266018,221097,268,1221,0.11111111111111108,32.048466666666656
9908,1533,266018,221097,268,1038,0.11111111111111108,32.048466666666656
9909,1533,266018,221097,268,748,0.11111111111111108,32.048466666666656
9910,1534,266018,225087,402,83,0.16666666666666669,71.05576666666668
9911,1534,266018,225087,402,36,0.16666666666666669,71.05576666666668
9912,1534,266018,225087,269,83,0.16666666666666669,71.05576666666668
9913,1534,266018,225087,269,36,0.16666666666666669,71.05576666666668
9914,1534,266018,225087,268,83,0.16666666666666669,71.05576666666668
9915,1534,266018,225087,268,36,0.16666666666666669,71.05576666666668
9916,1535,266018,229013,402,1022,0.11111111111111108,61.79332222222221
9917,1535,266018,229013,402,162,0.11111111111111108,61.79332222222221
9918,1535,266018,229013,402,671,0.11111111111111108,61.79332222222221
9919,1535,266018,229013,269,1022,0.11111111111111108,61.79332222222221
9920,1535,266018,229013,269,162,0.11111111111111108,61.79332222222221
9921,1535,266018,229013,269,671,0.11111111111111108,61.79332222222221
9922,1535,266018,229013,268,1022,0.11111111111111108,61.79332222222221
9923,1535,266018,229013,268,162,0.11111111111111108,61.79332222222221
9924,1535,266018,229013,268,671,0.11111111111111108,61.79332222222221
9925,1536,266018,234021,402,455,0.11111111111111108,94.18137777777775
9926,1536,266018,234021,402,1526,0.11111111111111108,94.18137777777775
9927,1536,266018,234021,402,616,0.11111111111111108,94.18137777777775
9928,1536,266018,234021,269,455,0.11111111111111108,94.18137777777775
9929,1536,266018,234021,269,1526,0.11111111111111108,94.18137777777775
9930,1536,266018,234021,269,616,0.11111111111111108,94.18137777777775
9931,1536,266018,234021,268,455,0.11111111111111108,94.18137777777775
9932,1536,266018,234021,268,1526,0.11111111111111108,94.18137777777775
9933,1536,266018,234021,268,616,0.11111111111111108,94.18137777777775
9934,1537,266018,255011,402,1063,0.3333333333333333,828.8278379396074
9935,1537,266018,255011,269,1063,0.3333333333333333,828.8278379396074
9936,1537,266018,255011,268,1063,0.3333333333333333,828.8278379396074
9937,1538,266018,255014,402,1240,0.11111111111111108,116.75005373391687
9938,1538,266018,255014,402,19,0.11111111111111108,116.75005373391687
9939,1538,266018,255014,402,1635,0.11111111111111108,116.75005373391687
9940,1538,266018,255014,269,1240,0.11111111111111108,116.75005373391687
9941,1538,266018,255014,269,19,0.11111111111111108,116.75005373391687
9942,1538,266018,255014,269,1635,0.11111111111111108,116.75005373391687
9943,1538,266018,255014,268,1240,0.11111111111111108,116.75005373391687
9944,1538,266018,255014,268,19,0.11111111111111108,116.75005373391687
9945,1538,266018,255014,268,1635,0.11111111111111108,116.75005373391687
9946,1539,266018,263012,402,1273,0.3333333333333333,129.35252238949508
9947,1539,266018,263012,269,1273,0.3333333333333333,129.35252238949508
9948,1539,266018,263012,268,1273,0.3333333333333333,129.35252238949508
9949,1540,266018,263013,402,1321,0.11111111111111108,49.754811111111096
9950,1540,266018,263013,402,685,0.11111111111111108,49.754811111111096
9951,1540,266018,263013,402,1376,0.11111111111111108,49.754811111111096
9952,1540,266018,263013,269,1321,0.11111111111111108,49.754811111111096
9953,1540,266018,263013,269,685,0.11111111111111108,49.754811111111096
9954,1540,266018,263013,269,1376,0.11111111111111108,49.754811111111096
9955,1540,266018,263013,268,1321,0.11111111111111108,49.754811111111096
9956,1540,266018,263013,268,685,0.11111111111111108,49.754811111111096
9957,1540,266018,263013,268,1376,0.11111111111111108,49.754811111111096
9958,1541,266018,263015,402,1377,0.16666666666666669,70.32528333333335
9959,1541,266018,263015,402,1067,0.16666666666666669,70.32528333333335
9960,1541,266018,263015,269,1377,0.16666666666666669,70.32528333333335
9961,1541,266018,263015,269,1067,0.16666666666666669,70.32528333333335
9962,1541,266018,263015,268,1377,0.16666666666666669,70.32528333333335
9963,1541,266018,263015,268,1067,0.16666666666666669,70.32528333333335
9964,1542,266018,264034,402,69,0.11111111111111108,3.6221171156459695
9965,1542,266018,264034,402,318,0.11111111111111108,3.6221171156459695
9966,1542,266018,264034,402,67,0.11111111111111108,3.6221171156459695
9967,1542,266018,264034,269,69,0.11111111111111108,3.6221171156459695
9968,1542,266018,264034,269,318,0.11111111111111108,3.6221171156459695
9969,1542,266018,264034,269,67,0.11111111111111108,3.6221171156459695
9970,1542,266018,264034,268,69,0.11111111111111108,3.6221171156459695
9971,1542,266018,264034,268,318,0.11111111111111108,3.6221171156459695
9972,1542,266018,264034,268,67,0.11111111111111108,3.6221171156459695
9973,1543,266018,268033,402,1273,0.11111111111111108,15.115522051698793
9974,1543,266018,268033,402,256,0.11111111111111108,15.115522051698793
9975,1543,266018,268033,402,1378,0.11111111111111108,15.115522051698793
9976,1543,266018,268033,269,1273,0.11111111111111108,15.115522051698793
9977,1543,266018,268033,269,256,0.11111111111111108,15.115522051698793
9978,1543,266018,268033,269,1378,0.11111111111111108,15.115522051698793
9979,1543,266018,268033,268,1273,0.11111111111111108,15.115522051698793
9980,1543,266018,268033,268,256,0.11111111111111108,15.115522051698793
9981,1543,266018,268033,268,1378,0.11111111111111108,15.115522051698793
9982,1544,266018,268035,402,249,0.11111111111111108,20.75661111111111
9983,1544,266018,268035,402,260,0.11111111111111108,20.75661111111111
9984,1544,266018,268035,402,1206,0.11111111111111108,20.75661111111111
9985,1544,266018,268035,269,249,0.11111111111111108,20.75661111111111
9986,1544,266018,268035,269,260,0.11111111111111108,20.75661111111111
9987,1544,266018,268035,269,1206,0.11111111111111108,20.75661111111111
9988,1544,266018,268035,268,249,0.11111111111111108,20.75661111111111
9989,1544,266018,268035,268,260,0.11111111111111108,20.75661111111111
9990,1544,266018,268035,268,1206,0.11111111111111108,20.75661111111111
9991,1545,266018,269003,402,49,0.16666666666666669,42.53776666666667
9992,1545,266018,269003,402,1240,0.16666666666666669,42.53776666666667
9993,1545,266018,269003,269,49,0.16666666666666669,42.53776666666667
9994,1545,266018,269003,269,1240,0.16666666666666669,42.53776666666667
9995,1545,266018,269003,268,49,0.16666666666666669,42.53776666666667
9996,1545,266018,269003,268,1240,0.16666666666666669,42.53776666666667
9997,1546,266019,222011,268,660,0.11111111111111108,27.823244444444434
9998,1546,266019,222011,268,139,0.11111111111111108,27.823244444444434
9999,1546,266019,222011,268,1651,0.11111111111111108,27.823244444444434
10000,1546,266019,222011,266,660,0.11111111111111108,27.823244444444434
10001,1546,266019,222011,266,139,0.11111111111111108,27.823244444444434
10002,1546,266019,222011,266,1651,0.11111111111111108,27.823244444444434
10003,1546,266019,222011,269,660,0.11111111111111108,27.823244444444434
10004,1546,266019,222011,269,139,0.11111111111111108,27.823244444444434
10005,1546,266019,222011,269,1651,0.11111111111111108,27.823244444444434
10006,1547,266021,153037,266,1463,0.11111111111111108,17.38906666666666
10007,1547,266021,153037,266,395,0.11111111111111108,17.38906666666666
10008,1547,266021,153037,266,1462,0.11111111111111108,17.38906666666666
10009,1547,266021,153037,865,1463,0.11111111111111108,17.38906666666666
10010,1547,266021,153037,865,395,0.11111111111111108,17.38906666666666
10011,1547,266021,153037,865,1462,0.11111111111111108,17.38906666666666
10012,1547,266021,153037,278,1463,0.11111111111111108,17.38906666666666
10013,1547,266021,153037,278,395,0.11111111111111108,17.38906666666666
10014,1547,266021,153037,278,1462,0.11111111111111108,17.38906666666666
10015,1548,266021,211018,266,835,0.11111111111111108,339.2882333333332
10016,1548,266021,211018,266,1386,0.11111111111111108,339.2882333333332
10017,1548,266021,211018,266,1106,0.11111111111111108,339.2882333333332
10018,1548,266021,211018,865,835,0.11111111111111108,339.2882333333332
10019,1548,266021,211018,865,1386,0.11111111111111108,339.2882333333332
10020,1548,266021,211018,865,1106,0.11111111111111108,339.2882333333332
10021,1548,266021,211018,278,835,0.11111111111111108,339.2882333333332
10022,1548,266021,211018,278,1386,0.11111111111111108,339.2882333333332
10023,1548,266021,211018,278,1106,0.11111111111111108,339.2882333333332
10024,1549,266021,233002,266,341,0.11111111111111108,12.793977777777773
10025,1549,266021,233002,266,523,0.11111111111111108,12.793977777777773
10026,1549,266021,233002,266,243,0.11111111111111108,12.793977777777773
10027,1549,266021,233002,865,341,0.11111111111111108,12.793977777777773
10028,1549,266021,233002,865,523,0.11111111111111108,12.793977777777773
10029,1549,266021,233002,865,243,0.11111111111111108,12.793977777777773
10030,1549,266021,233002,278,341,0.11111111111111108,12.793977777777773
10031,1549,266021,233002,278,523,0.11111111111111108,12.793977777777773
10032,1549,266021,233002,278,243,0.11111111111111108,12.793977777777773
10033,1550,266024,115007,1524,74,0.25,21.56565
10034,1550,266024,115007,1524,50,0.25,21.56565
10035,1550,266024,115007,104,74,0.25,21.56565
10036,1550,266024,115007,104,50,0.25,21.56565
10037,1551,266024,264020,1524,318,0.16666666666666669,13.449300000000003
10038,1551,266024,264020,1524,1635,0.16666666666666669,13.449300000000003
10039,1551,266024,264020,1524,19,0.16666666666666669,13.449300000000003
10040,1551,266024,264020,104,318,0.16666666666666669,13.449300000000003
10041,1551,266024,264020,104,1635,0.16666666666666669,13.449300000000003
10042,1551,266024,264020,104,19,0.16666666666666669,13.449300000000003
10043,1552,266024,271045,1524,1522,0.5,284.1872
10044,1552,266024,271045,104,1522,0.5,284.1872
10045,1553,266025,222012,677,754,0.11111111111111108,28.399299999999993
10046,1553,266025,222012,677,762,0.11111111111111108,28.399299999999993
10047,1553,266025,222012,677,665,0.11111111111111108,28.399299999999993
10048,1553,266025,222012,104,754,0.11111111111111108,28.399299999999993
10049,1553,266025,222012,104,762,0.11111111111111108,28.399299999999993
10050,1553,266025,222012,104,665,0.11111111111111108,28.399299999999993
10051,1553,266025,222012,1524,754,0.11111111111111108,28.399299999999993
10052,1553,266025,222012,1524,762,0.11111111111111108,28.399299999999993
10053,1553,266025,222012,1524,665,0.11111111111111108,28.399299999999993
10054,1554,266026,255014,684,1240,0.3333333333333333,324.7079
10055,1554,266026,255014,684,19,0.3333333333333333,324.7079
10056,1554,266026,255014,684,1635,0.3333333333333333,324.7079
10057,1555,266026,255015,684,1636,1.0,81.6673
10058,1556,266027,268027,1057,257,0.3333333333333333,74.39036666666667
10059,1556,266027,268027,1057,258,0.3333333333333333,74.39036666666667
10060,1556,266027,268027,1057,1480,0.3333333333333333,74.39036666666667
10061,1557,266030,222003,777,984,0.3333333333333333,198.88316666666665
10062,1557,266030,222003,263,984,0.3333333333333333,198.88316666666665
10063,1557,266030,222003,1061,984,0.3333333333333333,198.88316666666665
10064,1558,266034,253005,206,1715,1.0,171.1105
10065,1559,266035,234014,857,979,0.3333333333333333,37.63746666666667
10066,1559,266035,234014,271,979,0.3333333333333333,37.63746666666667
10067,1559,266035,234014,272,979,0.3333333333333333,37.63746666666667
10068,1560,266036,121020,275,74,0.11111111111111108,9.824277777777775
10069,1560,266036,121020,275,290,0.11111111111111108,9.824277777777775
10070,1560,266036,121020,275,1653,0.11111111111111108,9.824277777777775
10071,1560,266036,121020,271,74,0.11111111111111108,9.824277777777775
10072,1560,266036,121020,271,290,0.11111111111111108,9.824277777777775
10073,1560,266036,121020,271,1653,0.11111111111111108,9.824277777777775
10074,1560,266036,121020,278,74,0.11111111111111108,9.824277777777775
10075,1560,266036,121020,278,290,0.11111111111111108,9.824277777777775
10076,1560,266036,121020,278,1653,0.11111111111111108,9.824277777777775
10077,1561,266036,221089,275,689,0.3333333333333333,26.680966666666666
10078,1561,266036,221089,271,689,0.3333333333333333,26.680966666666666
10079,1561,266036,221089,278,689,0.3333333333333333,26.680966666666666
10080,1562,266038,212023,1066,946,0.11111111111111108,9.290544444444443
10081,1562,266038,212023,1066,838,0.11111111111111108,9.290544444444443
10082,1562,266038,212023,1066,949,0.11111111111111108,9.290544444444443
10083,1562,266038,212023,680,946,0.11111111111111108,9.290544444444443
10084,1562,266038,212023,680,838,0.11111111111111108,9.290544444444443
10085,1562,266038,212023,680,949,0.11111111111111108,9.290544444444443
10086,1562,266038,212023,683,946,0.11111111111111108,9.290544444444443
10087,1562,266038,212023,683,838,0.11111111111111108,9.290544444444443
10088,1562,266038,212023,683,949,0.11111111111111108,9.290544444444443
10089,1563,266038,222018,1066,1545,0.16666666666666669,16.911450000000002
10090,1563,266038,222018,1066,676,0.16666666666666669,16.911450000000002
10091,1563,266038,222018,680,1545,0.16666666666666669,16.911450000000002
10092,1563,266038,222018,680,676,0.16666666666666669,16.911450000000002
10093,1563,266038,222018,683,1545,0.16666666666666669,16.911450000000002
10094,1563,266038,222018,683,676,0.16666666666666669,16.911450000000002
10095,1564,266039,221077,685,115,0.16666666666666669,42.1706
10096,1564,266039,221077,685,734,0.16666666666666669,42.1706
10097,1564,266039,221077,685,121,0.16666666666666669,42.1706
10098,1564,266039,221077,1373,115,0.16666666666666669,42.1706
10099,1564,266039,221077,1373,734,0.16666666666666669,42.1706
10100,1564,266039,221077,1373,121,0.16666666666666669,42.1706
10101,1565,266039,264019,685,318,0.16666666666666669,13.404266666666668
10102,1565,266039,264019,685,1635,0.16666666666666669,13.404266666666668
10103,1565,266039,264019,685,1243,0.16666666666666669,13.404266666666668
10104,1565,266039,264019,1373,318,0.16666666666666669,13.404266666666668
10105,1565,266039,264019,1373,1635,0.16666666666666669,13.404266666666668
10106,1565,266039,264019,1373,1243,0.16666666666666669,13.404266666666668
10107,1566,266039,264053,685,862,0.5,52.7371
10108,1566,266039,264053,1373,862,0.5,52.7371
10109,1567,266040,215003,1265,1120,0.11111111111111108,8.845077777777776
10110,1567,266040,215003,1265,378,0.11111111111111108,8.845077777777776
10111,1567,266040,215003,1265,31,0.11111111111111108,8.845077777777776
10112,1567,266040,215003,906,1120,0.11111111111111108,8.845077777777776
10113,1567,266040,215003,906,378,0.11111111111111108,8.845077777777776
10114,1567,266040,215003,906,31,0.11111111111111108,8.845077777777776
10115,1567,266040,215003,1266,1120,0.11111111111111108,8.845077777777776
10116,1567,266040,215003,1266,378,0.11111111111111108,8.845077777777776
10117,1567,266040,215003,1266,31,0.11111111111111108,8.845077777777776
10118,1568,266040,221023,1265,1051,0.3333333333333333,245.08686666666665
10119,1568,266040,221023,906,1051,0.3333333333333333,245.08686666666665
10120,1568,266040,221023,1266,1051,0.3333333333333333,245.08686666666665
10121,1569,266040,255014,1265,1240,0.11111111111111108,25.044377777777772
10122,1569,266040,255014,1265,19,0.11111111111111108,25.044377777777772
10123,1569,266040,255014,1265,1635,0.11111111111111108,25.044377777777772
10124,1569,266040,255014,906,1240,0.11111111111111108,25.044377777777772
10125,1569,266040,255014,906,19,0.11111111111111108,25.044377777777772
10126,1569,266040,255014,906,1635,0.11111111111111108,25.044377777777772
10127,1569,266040,255014,1266,1240,0.11111111111111108,25.044377777777772
10128,1569,266040,255014,1266,19,0.11111111111111108,25.044377777777772
10129,1569,266040,255014,1266,1635,0.11111111111111108,25.044377777777772
10130,1570,266041,237001,562,1289,0.11111111111111108,30.757177777777766
10131,1570,266041,237001,562,1518,0.11111111111111108,30.757177777777766
10132,1570,266041,237001,562,1588,0.11111111111111108,30.757177777777766
10133,1570,266041,237001,1066,1289,0.11111111111111108,30.757177777777766
10134,1570,266041,237001,1066,1518,0.11111111111111108,30.757177777777766
10135,1570,266041,237001,1066,1588,0.11111111111111108,30.757177777777766
10136,1570,266041,237001,1059,1289,0.11111111111111108,30.757177777777766
10137,1570,266041,237001,1059,1518,0.11111111111111108,30.757177777777766
10138,1570,266041,237001,1059,1588,0.11111111111111108,30.757177777777766
10139,1571,267003,221036,780,753,0.11111111111111108,24.03518888888888
10140,1571,267003,221036,780,653,0.11111111111111108,24.03518888888888
10141,1571,267003,221036,780,141,0.11111111111111108,24.03518888888888
10142,1571,267003,221036,1056,753,0.11111111111111108,24.03518888888888
10143,1571,267003,221036,1056,653,0.11111111111111108,24.03518888888888
10144,1571,267003,221036,1056,141,0.11111111111111108,24.03518888888888
10145,1571,267003,221036,785,753,0.11111111111111108,24.03518888888888
10146,1571,267003,221036,785,653,0.11111111111111108,24.03518888888888
10147,1571,267003,221036,785,141,0.11111111111111108,24.03518888888888
10148,1572,267003,225078,780,816,0.3333333333333333,48.62686666666666
10149,1572,267003,225078,1056,816,0.3333333333333333,48.62686666666666
10150,1572,267003,225078,785,816,0.3333333333333333,48.62686666666666
10151,1573,267003,263005,780,870,0.11111111111111108,9.074144444444443
10152,1573,267003,263005,780,1552,0.11111111111111108,9.074144444444443
10153,1573,267003,263005,780,1375,0.11111111111111108,9.074144444444443
10154,1573,267003,263005,1056,870,0.11111111111111108,9.074144444444443
10155,1573,267003,263005,1056,1552,0.11111111111111108,9.074144444444443
10156,1573,267003,263005,1056,1375,0.11111111111111108,9.074144444444443
10157,1573,267003,263005,785,870,0.11111111111111108,9.074144444444443
10158,1573,267003,263005,785,1552,0.11111111111111108,9.074144444444443
10159,1573,267003,263005,785,1375,0.11111111111111108,9.074144444444443
10160,1574,267003,263016,780,1251,0.11111111111111108,10.145155555555553
10161,1574,267003,263016,780,1376,0.11111111111111108,10.145155555555553
10162,1574,267003,263016,780,1317,0.11111111111111108,10.145155555555553
10163,1574,267003,263016,1056,1251,0.11111111111111108,10.145155555555553
10164,1574,267003,263016,1056,1376,0.11111111111111108,10.145155555555553
10165,1574,267003,263016,1056,1317,0.11111111111111108,10.145155555555553
10166,1574,267003,263016,785,1251,0.11111111111111108,10.145155555555553
10167,1574,267003,263016,785,1376,0.11111111111111108,10.145155555555553
10168,1574,267003,263016,785,1317,0.11111111111111108,10.145155555555553
10169,1575,267003,264002,780,1635,0.11111111111111108,24.838422222222217
10170,1575,267003,264002,780,1240,0.11111111111111108,24.838422222222217
10171,1575,267003,264002,780,1340,0.11111111111111108,24.838422222222217
10172,1575,267003,264002,1056,1635,0.11111111111111108,24.838422222222217
10173,1575,267003,264002,1056,1240,0.11111111111111108,24.838422222222217
10174,1575,267003,264002,1056,1340,0.11111111111111108,24.838422222222217
10175,1575,267003,264002,785,1635,0.11111111111111108,24.838422222222217
10176,1575,267003,264002,785,1240,0.11111111111111108,24.838422222222217
10177,1575,267003,264002,785,1340,0.11111111111111108,24.838422222222217
10178,1576,267003,271045,780,1522,0.3333333333333333,264.17566666666664
10179,1576,267003,271045,1056,1522,0.3333333333333333,264.17566666666664
10180,1576,267003,271045,785,1522,0.3333333333333333,264.17566666666664
10181,1577,267004,235012,789,996,0.16666666666666669,42.5431
10182,1577,267004,235012,789,601,0.16666666666666669,42.5431
10183,1577,267004,235012,789,993,0.16666666666666669,42.5431
10184,1577,267004,235012,403,996,0.16666666666666669,42.5431
10185,1577,267004,235012,403,601,0.16666666666666669,42.5431
10186,1577,267004,235012,403,993,0.16666666666666669,42.5431
10187,1578,267004,264019,789,318,0.16666666666666669,22.139633333333332
10188,1578,267004,264019,789,1635,0.16666666666666669,22.139633333333332
10189,1578,267004,264019,789,1243,0.16666666666666669,22.139633333333332
10190,1578,267004,264019,403,318,0.16666666666666669,22.139633333333332
10191,1578,267004,264019,403,1635,0.16666666666666669,22.139633333333332
10192,1578,267004,264019,403,1243,0.16666666666666669,22.139633333333332
10193,1579,267005,268019,1667,261,0.5,49.3674
10194,1579,267005,268019,558,261,0.5,49.3674
10195,1580,267006,234021,791,455,0.11111111111111108,12.655511111111107
10196,1580,267006,234021,791,1526,0.11111111111111108,12.655511111111107
10197,1580,267006,234021,791,616,0.11111111111111108,12.655511111111107
10198,1580,267006,234021,558,455,0.11111111111111108,12.655511111111107
10199,1580,267006,234021,558,1526,0.11111111111111108,12.655511111111107
10200,1580,267006,234021,558,616,0.11111111111111108,12.655511111111107
10201,1580,267006,234021,548,455,0.11111111111111108,12.655511111111107
10202,1580,267006,234021,548,1526,0.11111111111111108,12.655511111111107
10203,1580,267006,234021,548,616,0.11111111111111108,12.655511111111107
10204,1581,267010,229044,781,91,0.11111111111111108,15.651899999999994
10205,1581,267010,229044,781,92,0.11111111111111108,15.651899999999994
10206,1581,267010,229044,781,693,0.11111111111111108,15.651899999999994
10207,1581,267010,229044,273,91,0.11111111111111108,15.651899999999994
10208,1581,267010,229044,273,92,0.11111111111111108,15.651899999999994
10209,1581,267010,229044,273,693,0.11111111111111108,15.651899999999994
10210,1581,267010,229044,276,91,0.11111111111111108,15.651899999999994
10211,1581,267010,229044,276,92,0.11111111111111108,15.651899999999994
10212,1581,267010,229044,276,693,0.11111111111111108,15.651899999999994
10213,1582,267015,222020,1058,156,0.3333333333333333,247.77516666666668
10214,1582,267015,222020,639,156,0.3333333333333333,247.77516666666668
10215,1582,267015,222020,1056,156,0.3333333333333333,247.77516666666668
10216,1583,267015,284025,1058,337,0.11111111111111108,31.222177777777766
10217,1583,267015,284025,1058,1249,0.11111111111111108,31.222177777777766
10218,1583,267015,284025,1058,1547,0.11111111111111108,31.222177777777766
10219,1583,267015,284025,639,337,0.11111111111111108,31.222177777777766
10220,1583,267015,284025,639,1249,0.11111111111111108,31.222177777777766
10221,1583,267015,284025,639,1547,0.11111111111111108,31.222177777777766
10222,1583,267015,284025,1056,337,0.11111111111111108,31.222177777777766
10223,1583,267015,284025,1056,1249,0.11111111111111108,31.222177777777766
10224,1583,267015,284025,1056,1547,0.11111111111111108,31.222177777777766
10225,1584,267016,227012,1055,95,0.5,85.4697
10226,1584,267016,227012,403,95,0.5,85.4697
10227,1585,267017,247006,555,1139,0.3333333333333333,8.692466666666666
10228,1585,267017,247006,555,313,0.3333333333333333,8.692466666666666
10229,1585,267017,247006,555,1136,0.3333333333333333,8.692466666666666
10230,1586,267017,267025,555,783,0.5,30.33741882802438
10231,1586,267017,267025,555,1055,0.5,30.33741882802438
10232,1587,267018,211020,1517,495,0.5,187.26195
10233,1587,267018,211020,555,495,0.5,187.26195
10234,1588,267020,285009,207,348,1.0,178.3275
10235,1589,267024,233011,625,443,0.11111111111111108,28.94779999999999
10236,1589,267024,233011,625,1175,0.11111111111111108,28.94779999999999
10237,1589,267024,233011,625,444,0.11111111111111108,28.94779999999999
10238,1589,267024,233011,21,443,0.11111111111111108,28.94779999999999
10239,1589,267024,233011,21,1175,0.11111111111111108,28.94779999999999
10240,1589,267024,233011,21,444,0.11111111111111108,28.94779999999999
10241,1589,267024,233011,627,443,0.11111111111111108,28.94779999999999
10242,1589,267024,233011,627,1175,0.11111111111111108,28.94779999999999
10243,1589,267024,233011,627,444,0.11111111111111108,28.94779999999999
10244,1590,267024,261020,625,1635,0.11111111111111108,8.89062222222222
10245,1590,267024,261020,625,1240,0.11111111111111108,8.89062222222222
10246,1590,267024,261020,625,1340,0.11111111111111108,8.89062222222222
10247,1590,267024,261020,21,1635,0.11111111111111108,8.89062222222222
10248,1590,267024,261020,21,1240,0.11111111111111108,8.89062222222222
10249,1590,267024,261020,21,1340,0.11111111111111108,8.89062222222222
10250,1590,267024,261020,627,1635,0.11111111111111108,8.89062222222222
10251,1590,267024,261020,627,1240,0.11111111111111108,8.89062222222222
10252,1590,267024,261020,627,1340,0.11111111111111108,8.89062222222222
10253,1591,267025,267017,783,555,0.5,30.33741882802438
10254,1591,267025,267017,1055,555,0.5,30.33741882802438
10255,1592,267027,284020,1517,329,0.16666666666666669,356.1913333333334
10256,1592,267027,284020,1517,337,0.16666666666666669,356.1913333333334
10257,1592,267027,284020,1517,1222,0.16666666666666669,356.1913333333334
10258,1592,267027,284020,555,329,0.16666666666666669,356.1913333333334
10259,1592,267027,284020,555,337,0.16666666666666669,356.1913333333334
10260,1592,267027,284020,555,1222,0.16666666666666669,356.1913333333334
10261,1593,267028,264020,25,318,0.11111111111111108,8.966199999999999
10262,1593,267028,264020,25,1635,0.11111111111111108,8.966199999999999
10263,1593,267028,264020,25,19,0.11111111111111108,8.966199999999999
10264,1593,267028,264020,131,318,0.11111111111111108,8.966199999999999
10265,1593,267028,264020,131,1635,0.11111111111111108,8.966199999999999
10266,1593,267028,264020,131,19,0.11111111111111108,8.966199999999999
10267,1593,267028,264020,208,318,0.11111111111111108,8.966199999999999
10268,1593,267028,264020,208,1635,0.11111111111111108,8.966199999999999
10269,1593,267028,264020,208,19,0.11111111111111108,8.966199999999999
10270,1594,267030,265024,618,1557,0.11111111111111108,0.19828888888888882
10271,1594,267030,265024,618,1092,0.11111111111111108,0.19828888888888882
10272,1594,267030,265024,618,1243,0.11111111111111108,0.19828888888888882
10273,1594,267030,265024,274,1557,0.11111111111111108,0.19828888888888882
10274,1594,267030,265024,274,1092,0.11111111111111108,0.19828888888888882
10275,1594,267030,265024,274,1243,0.11111111111111108,0.19828888888888882
10276,1594,267030,265024,270,1557,0.11111111111111108,0.19828888888888882
10277,1594,267030,265024,270,1092,0.11111111111111108,0.19828888888888882
10278,1594,267030,265024,270,1243,0.11111111111111108,0.19828888888888882
10279,1595,267030,271047,618,14,0.11111111111111108,257.78725555555553
10280,1595,267030,271047,618,1520,0.11111111111111108,257.78725555555553
10281,1595,267030,271047,618,108,0.11111111111111108,257.78725555555553
10282,1595,267030,271047,274,14,0.11111111111111108,257.78725555555553
10283,1595,267030,271047,274,1520,0.11111111111111108,257.78725555555553
10284,1595,267030,271047,274,108,0.11111111111111108,257.78725555555553
10285,1595,267030,271047,270,14,0.11111111111111108,257.78725555555553
10286,1595,267030,271047,270,1520,0.11111111111111108,257.78725555555553
10287,1595,267030,271047,270,108,0.11111111111111108,257.78725555555553
10288,1596,267030,281028,618,1249,0.11111111111111108,26.39839999999999
10289,1596,267030,281028,618,1669,0.11111111111111108,26.39839999999999
10290,1596,267030,281028,618,1554,0.11111111111111108,26.39839999999999
10291,1596,267030,281028,274,1249,0.11111111111111108,26.39839999999999
10292,1596,267030,281028,274,1669,0.11111111111111108,26.39839999999999
10293,1596,267030,281028,274,1554,0.11111111111111108,26.39839999999999
10294,1596,267030,281028,270,1249,0.11111111111111108,26.39839999999999
10295,1596,267030,281028,270,1669,0.11111111111111108,26.39839999999999
10296,1596,267030,281028,270,1554,0.11111111111111108,26.39839999999999
10297,1597,267031,225046,630,1556,0.16666666666666669,118.89975000000001
10298,1597,267031,225046,630,813,0.16666666666666669,118.89975000000001
10299,1597,267031,225046,630,106,0.16666666666666669,118.89975000000001
10300,1597,267031,225046,621,1556,0.16666666666666669,118.89975000000001
10301,1597,267031,225046,621,813,0.16666666666666669,118.89975000000001
10302,1597,267031,225046,621,106,0.16666666666666669,118.89975000000001
10303,1598,267031,229044,630,91,0.16666666666666669,72.27955000000001
10304,1598,267031,229044,630,92,0.16666666666666669,72.27955000000001
10305,1598,267031,229044,630,693,0.16666666666666669,72.27955000000001
10306,1598,267031,229044,621,91,0.16666666666666669,72.27955000000001
10307,1598,267031,229044,621,92,0.16666666666666669,72.27955000000001
10308,1598,267031,229044,621,693,0.16666666666666669,72.27955000000001
10309,1599,267034,211006,132,955,0.5,57.69835
10310,1599,267034,211006,131,955,0.5,57.69835
10311,1600,267034,285007,132,1190,0.16666666666666669,22.83715
10312,1600,267034,285007,132,1500,0.16666666666666669,22.83715
10313,1600,267034,285007,132,349,0.16666666666666669,22.83715
10314,1600,267034,285007,131,1190,0.16666666666666669,22.83715
10315,1600,267034,285007,131,1500,0.16666666666666669,22.83715
10316,1600,267034,285007,131,349,0.16666666666666669,22.83715
10317,1601,267037,216001,988,1528,0.16666666666666669,56.381150000000005
10318,1601,267037,216001,988,290,0.16666666666666669,56.381150000000005
10319,1601,267037,216001,988,1371,0.16666666666666669,56.381150000000005
10320,1601,267037,216001,621,1528,0.16666666666666669,56.381150000000005
10321,1601,267037,216001,621,290,0.16666666666666669,56.381150000000005
10322,1601,267037,216001,621,1371,0.16666666666666669,56.381150000000005
10323,1602,267037,221004,988,638,0.5,1575.6722
10324,1602,267037,221004,621,638,0.5,1575.6722
10325,1603,267037,263018,988,1375,0.16666666666666669,10.620115761193832
10326,1603,267037,263018,988,870,0.16666666666666669,10.620115761193832
10327,1603,267037,263018,988,1273,0.16666666666666669,10.620115761193832
10328,1603,267037,263018,621,1375,0.16666666666666669,10.620115761193832
10329,1603,267037,263018,621,870,0.16666666666666669,10.620115761193832
10330,1603,267037,263018,621,1273,0.16666666666666669,10.620115761193832
10331,1604,267037,266012,988,1069,0.16666666666666669,19.131100000000004
10332,1604,267037,266012,988,103,0.16666666666666669,19.131100000000004
10333,1604,267037,266012,988,104,0.16666666666666669,19.131100000000004
10334,1604,267037,266012,621,1069,0.16666666666666669,19.131100000000004
10335,1604,267037,266012,621,103,0.16666666666666669,19.131100000000004
10336,1604,267037,266012,621,104,0.16666666666666669,19.131100000000004
10337,1605,267040,220026,624,26,0.11111111111111108,70.48269999999998
10338,1605,267040,220026,624,599,0.11111111111111108,70.48269999999998
10339,1605,267040,220026,624,606,0.11111111111111108,70.48269999999998
10340,1605,267040,220026,631,26,0.11111111111111108,70.48269999999998
10341,1605,267040,220026,631,599,0.11111111111111108,70.48269999999998
10342,1605,267040,220026,631,606,0.11111111111111108,70.48269999999998
10343,1605,267040,220026,985,26,0.11111111111111108,70.48269999999998
10344,1605,267040,220026,985,599,0.11111111111111108,70.48269999999998
10345,1605,267040,220026,985,606,0.11111111111111108,70.48269999999998
10346,1606,267040,225033,624,810,0.11111111111111108,43.548222222222215
10347,1606,267040,225033,624,1372,0.11111111111111108,43.548222222222215
10348,1606,267040,225033,624,1556,0.11111111111111108,43.548222222222215
10349,1606,267040,225033,631,810,0.11111111111111108,43.548222222222215
10350,1606,267040,225033,631,1372,0.11111111111111108,43.548222222222215
10351,1606,267040,225033,631,1556,0.11111111111111108,43.548222222222215
10352,1606,267040,225033,985,810,0.11111111111111108,43.548222222222215
10353,1606,267040,225033,985,1372,0.11111111111111108,43.548222222222215
10354,1606,267040,225033,985,1556,0.11111111111111108,43.548222222222215
10355,1607,267040,243043,624,1077,0.11111111111111108,9.584733333333332
10356,1607,267040,243043,624,1081,0.11111111111111108,9.584733333333332
10357,1607,267040,243043,624,1695,0.11111111111111108,9.584733333333332
10358,1607,267040,243043,631,1077,0.11111111111111108,9.584733333333332
10359,1607,267040,243043,631,1081,0.11111111111111108,9.584733333333332
10360,1607,267040,243043,631,1695,0.11111111111111108,9.584733333333332
10361,1607,267040,243043,985,1077,0.11111111111111108,9.584733333333332
10362,1607,267040,243043,985,1081,0.11111111111111108,9.584733333333332
10363,1607,267040,243043,985,1695,0.11111111111111108,9.584733333333332
10364,1608,268013,255001,1377,1635,0.3333333333333333,534.2045666666667
10365,1608,268013,255001,1377,1281,0.3333333333333333,534.2045666666667
10366,1608,268013,255001,1377,69,0.3333333333333333,534.2045666666667
10367,1609,268014,255011,1378,1063,1.0,81.2477
10368,1610,268014,265018,1378,866,0.3333333333333333,69.39906666666667
10369,1610,268014,265018,1378,773,0.3333333333333333,69.39906666666667
10370,1610,268014,265018,1378,865,0.3333333333333333,69.39906666666667
10371,1611,268014,284023,1378,329,1.0,102.162
10372,1612,268022,264034,22,69,0.11111111111111108,8.966199999999999
10373,1612,268022,264034,22,318,0.11111111111111108,8.966199999999999
10374,1612,268022,264034,22,67,0.11111111111111108,8.966199999999999
10375,1612,268022,264034,913,69,0.11111111111111108,8.966199999999999
10376,1612,268022,264034,913,318,0.11111111111111108,8.966199999999999
10377,1612,268022,264034,913,67,0.11111111111111108,8.966199999999999
10378,1612,268022,264034,250,69,0.11111111111111108,8.966199999999999
10379,1612,268022,264034,250,318,0.11111111111111108,8.966199999999999
10380,1612,268022,264034,250,67,0.11111111111111108,8.966199999999999
10381,1613,268027,264034,257,69,0.11111111111111108,7.385666666666665
10382,1613,268027,264034,257,318,0.11111111111111108,7.385666666666665
10383,1613,268027,264034,257,67,0.11111111111111108,7.385666666666665
10384,1613,268027,264034,258,69,0.11111111111111108,7.385666666666665
10385,1613,268027,264034,258,318,0.11111111111111108,7.385666666666665
10386,1613,268027,264034,258,67,0.11111111111111108,7.385666666666665
10387,1613,268027,264034,1480,69,0.11111111111111108,7.385666666666665
10388,1613,268027,264034,1480,318,0.11111111111111108,7.385666666666665
10389,1613,268027,264034,1480,67,0.11111111111111108,7.385666666666665
10390,1614,268027,266014,257,556,0.16666666666666669,60.362500000000004
10391,1614,268027,266014,257,20,0.16666666666666669,60.362500000000004
10392,1614,268027,266014,258,556,0.16666666666666669,60.362500000000004
10393,1614,268027,266014,258,20,0.16666666666666669,60.362500000000004
10394,1614,268027,266014,1480,556,0.16666666666666669,60.362500000000004
10395,1614,268027,266014,1480,20,0.16666666666666669,60.362500000000004
10396,1615,268027,266027,257,1057,0.3333333333333333,27.658033333333336
10397,1615,268027,266027,258,1057,0.3333333333333333,27.658033333333336
10398,1615,268027,266027,1480,1057,0.3333333333333333,27.658033333333336
10399,1616,268028,263005,23,870,0.11111111111111108,17.801988888888882
10400,1616,268028,263005,23,1552,0.11111111111111108,17.801988888888882
10401,1616,268028,263005,23,1375,0.11111111111111108,17.801988888888882
10402,1616,268028,263005,1479,870,0.11111111111111108,17.801988888888882
10403,1616,268028,263005,1479,1552,0.11111111111111108,17.801988888888882
10404,1616,268028,263005,1479,1375,0.11111111111111108,17.801988888888882
10405,1616,268028,263005,254,870,0.11111111111111108,17.801988888888882
10406,1616,268028,263005,254,1552,0.11111111111111108,17.801988888888882
10407,1616,268028,263005,254,1375,0.11111111111111108,17.801988888888882
10408,1617,268030,152005,1206,394,0.11111111111111108,12.677311111111106
10409,1617,268030,152005,1206,1463,0.11111111111111108,12.677311111111106
10410,1617,268030,152005,1206,1462,0.11111111111111108,12.677311111111106
10411,1617,268030,152005,1319,394,0.11111111111111108,12.677311111111106
10412,1617,268030,152005,1319,1463,0.11111111111111108,12.677311111111106
10413,1617,268030,152005,1319,1462,0.11111111111111108,12.677311111111106
10414,1617,268030,152005,255,394,0.11111111111111108,12.677311111111106
10415,1617,268030,152005,255,1463,0.11111111111111108,12.677311111111106
10416,1617,268030,152005,255,1462,0.11111111111111108,12.677311111111106
10417,1618,268030,221032,1206,1662,0.16666666666666669,23.306000000000004
10418,1618,268030,221032,1206,1279,0.16666666666666669,23.306000000000004
10419,1618,268030,221032,1319,1662,0.16666666666666669,23.306000000000004
10420,1618,268030,221032,1319,1279,0.16666666666666669,23.306000000000004
10421,1618,268030,221032,255,1662,0.16666666666666669,23.306000000000004
10422,1618,268030,221032,255,1279,0.16666666666666669,23.306000000000004
10423,1619,268030,234002,1206,617,0.16666666666666669,12.486
10424,1619,268030,234002,1206,979,0.16666666666666669,12.486
10425,1619,268030,234002,1319,617,0.16666666666666669,12.486
10426,1619,268030,234002,1319,979,0.16666666666666669,12.486
10427,1619,268030,234002,255,617,0.16666666666666669,12.486
10428,1619,268030,234002,255,979,0.16666666666666669,12.486
10429,1620,268030,255014,1206,1240,0.11111111111111108,16.01644444444444
10430,1620,268030,255014,1206,19,0.11111111111111108,16.01644444444444
10431,1620,268030,255014,1206,1635,0.11111111111111108,16.01644444444444
10432,1620,268030,255014,1319,1240,0.11111111111111108,16.01644444444444
10433,1620,268030,255014,1319,19,0.11111111111111108,16.01644444444444
10434,1620,268030,255014,1319,1635,0.11111111111111108,16.01644444444444
10435,1620,268030,255014,255,1240,0.11111111111111108,16.01644444444444
10436,1620,268030,255014,255,19,0.11111111111111108,16.01644444444444
10437,1620,268030,255014,255,1635,0.11111111111111108,16.01644444444444
10438,1621,268030,263011,1206,1375,0.3333333333333333,25.82913333333333
10439,1621,268030,263011,1319,1375,0.3333333333333333,25.82913333333333
10440,1621,268030,263011,255,1375,0.3333333333333333,25.82913333333333
10441,1622,268031,151008,1206,394,0.11111111111111108,9.427533333333331
10442,1622,268031,151008,1206,226,0.11111111111111108,9.427533333333331
10443,1622,268031,151008,1206,31,0.11111111111111108,9.427533333333331
10444,1622,268031,151008,1377,394,0.11111111111111108,9.427533333333331
10445,1622,268031,151008,1377,226,0.11111111111111108,9.427533333333331
10446,1622,268031,151008,1377,31,0.11111111111111108,9.427533333333331
10447,1622,268031,151008,1699,394,0.11111111111111108,9.427533333333331
10448,1622,268031,151008,1699,226,0.11111111111111108,9.427533333333331
10449,1622,268031,151008,1699,31,0.11111111111111108,9.427533333333331
10450,1623,268031,234021,1206,455,0.11111111111111108,28.227322222222213
10451,1623,268031,234021,1206,1526,0.11111111111111108,28.227322222222213
10452,1623,268031,234021,1206,616,0.11111111111111108,28.227322222222213
10453,1623,268031,234021,1377,455,0.11111111111111108,28.227322222222213
10454,1623,268031,234021,1377,1526,0.11111111111111108,28.227322222222213
10455,1623,268031,234021,1377,616,0.11111111111111108,28.227322222222213
10456,1623,268031,234021,1699,455,0.11111111111111108,28.227322222222213
10457,1623,268031,234021,1699,1526,0.11111111111111108,28.227322222222213
10458,1623,268031,234021,1699,616,0.11111111111111108,28.227322222222213
10459,1624,268031,241013,1206,1130,0.11111111111111108,32.42656666666665
10460,1624,268031,241013,1206,1299,0.11111111111111108,32.42656666666665
10461,1624,268031,241013,1206,1137,0.11111111111111108,32.42656666666665
10462,1624,268031,241013,1377,1130,0.11111111111111108,32.42656666666665
10463,1624,268031,241013,1377,1299,0.11111111111111108,32.42656666666665
10464,1624,268031,241013,1377,1137,0.11111111111111108,32.42656666666665
10465,1624,268031,241013,1699,1130,0.11111111111111108,32.42656666666665
10466,1624,268031,241013,1699,1299,0.11111111111111108,32.42656666666665
10467,1624,268031,241013,1699,1137,0.11111111111111108,32.42656666666665
10468,1625,268031,245010,1206,506,0.11111111111111108,73.17888888888888
10469,1625,268031,245010,1206,283,0.11111111111111108,73.17888888888888
10470,1625,268031,245010,1206,470,0.11111111111111108,73.17888888888888
10471,1625,268031,245010,1377,506,0.11111111111111108,73.17888888888888
10472,1625,268031,245010,1377,283,0.11111111111111108,73.17888888888888
10473,1625,268031,245010,1377,470,0.11111111111111108,73.17888888888888
10474,1625,268031,245010,1699,506,0.11111111111111108,73.17888888888888
10475,1625,268031,245010,1699,283,0.11111111111111108,73.17888888888888
10476,1625,268031,245010,1699,470,0.11111111111111108,73.17888888888888
10477,1626,268031,255014,1206,1240,0.11111111111111108,10.361122222222221
10478,1626,268031,255014,1206,19,0.11111111111111108,10.361122222222221
10479,1626,268031,255014,1206,1635,0.11111111111111108,10.361122222222221
10480,1626,268031,255014,1377,1240,0.11111111111111108,10.361122222222221
10481,1626,268031,255014,1377,19,0.11111111111111108,10.361122222222221
10482,1626,268031,255014,1377,1635,0.11111111111111108,10.361122222222221
10483,1626,268031,255014,1699,1240,0.11111111111111108,10.361122222222221
10484,1626,268031,255014,1699,19,0.11111111111111108,10.361122222222221
10485,1626,268031,255014,1699,1635,0.11111111111111108,10.361122222222221
10486,1627,268031,256002,1206,170,0.11111111111111108,13.133588888888884
10487,1627,268031,256002,1206,47,0.11111111111111108,13.133588888888884
10488,1627,268031,256002,1206,912,0.11111111111111108,13.133588888888884
10489,1627,268031,256002,1377,170,0.11111111111111108,13.133588888888884
10490,1627,268031,256002,1377,47,0.11111111111111108,13.133588888888884
10491,1627,268031,256002,1377,912,0.11111111111111108,13.133588888888884
10492,1627,268031,256002,1699,170,0.11111111111111108,13.133588888888884
10493,1627,268031,256002,1699,47,0.11111111111111108,13.133588888888884
10494,1627,268031,256002,1699,912,0.11111111111111108,13.133588888888884
10495,1628,268031,266025,1206,677,0.11111111111111108,9.567644444444442
10496,1628,268031,266025,1206,104,0.11111111111111108,9.567644444444442
10497,1628,268031,266025,1206,1524,0.11111111111111108,9.567644444444442
10498,1628,268031,266025,1377,677,0.11111111111111108,9.567644444444442
10499,1628,268031,266025,1377,104,0.11111111111111108,9.567644444444442
10500,1628,268031,266025,1377,1524,0.11111111111111108,9.567644444444442
10501,1628,268031,266025,1699,677,0.11111111111111108,9.567644444444442
10502,1628,268031,266025,1699,104,0.11111111111111108,9.567644444444442
10503,1628,268031,266025,1699,1524,0.11111111111111108,9.567644444444442
10504,1629,268031,268031,1206,1377,0.16666666666666663,31.43989880030883
10505,1629,268031,268031,1206,1699,0.16666666666666663,31.43989880030883
10506,1629,268031,268031,1377,1206,0.16666666666666663,31.43989880030883
10507,1629,268031,268031,1377,1699,0.16666666666666663,31.43989880030883
10508,1629,268031,268031,1699,1206,0.16666666666666663,31.43989880030883
10509,1629,268031,268031,1699,1377,0.16666666666666663,31.43989880030883
10510,1630,268031,268033,1206,1273,0.11111111111111108,32.429865754715294
10511,1630,268031,268033,1206,256,0.11111111111111108,32.429865754715294
10512,1630,268031,268033,1206,1378,0.11111111111111108,32.429865754715294
10513,1630,268031,268033,1377,1273,0.11111111111111108,32.429865754715294
10514,1630,268031,268033,1377,256,0.11111111111111108,32.429865754715294
10515,1630,268031,268033,1377,1378,0.11111111111111108,32.429865754715294
10516,1630,268031,268033,1699,1273,0.11111111111111108,32.429865754715294
10517,1630,268031,268033,1699,256,0.11111111111111108,32.429865754715294
10518,1630,268031,268033,1699,1378,0.11111111111111108,32.429865754715294
10519,1631,268031,268035,1206,249,0.12499999999999997,84.74321007449926
10520,1631,268031,268035,1206,260,0.12499999999999997,84.74321007449926
10521,1631,268031,268035,1377,249,0.12499999999999997,84.74321007449926
10522,1631,268031,268035,1377,260,0.12499999999999997,84.74321007449926
10523,1631,268031,268035,1377,1206,0.12499999999999997,84.74321007449926
10524,1631,268031,268035,1699,249,0.12499999999999997,84.74321007449926
10525,1631,268031,268035,1699,260,0.12499999999999997,84.74321007449926
10526,1631,268031,268035,1699,1206,0.12499999999999997,84.74321007449926
10527,1632,268031,283028,1206,1634,0.16666666666666669,16.818300000000004
10528,1632,268031,283028,1206,328,0.16666666666666669,16.818300000000004
10529,1632,268031,283028,1377,1634,0.16666666666666669,16.818300000000004
10530,1632,268031,283028,1377,328,0.16666666666666669,16.818300000000004
10531,1632,268031,283028,1699,1634,0.16666666666666669,16.818300000000004
10532,1632,268031,283028,1699,328,0.16666666666666669,16.818300000000004
10533,1633,268032,236024,249,997,0.16666666666666669,222.36513333333338
10534,1633,268032,236024,249,417,0.16666666666666669,222.36513333333338
10535,1633,268032,236024,249,32,0.16666666666666669,222.36513333333338
10536,1633,268032,236024,1206,997,0.16666666666666669,222.36513333333338
10537,1633,268032,236024,1206,417,0.16666666666666669,222.36513333333338
10538,1633,268032,236024,1206,32,0.16666666666666669,222.36513333333338
10539,1634,268032,255010,249,65,0.16666666666666669,34.04388333333333
10540,1634,268032,255010,249,1658,0.16666666666666669,34.04388333333333
10541,1634,268032,255010,249,1636,0.16666666666666669,34.04388333333333
10542,1634,268032,255010,1206,65,0.16666666666666669,34.04388333333333
10543,1634,268032,255010,1206,1658,0.16666666666666669,34.04388333333333
10544,1634,268032,255010,1206,1636,0.16666666666666669,34.04388333333333
10545,1635,268033,211021,1273,291,0.11111111111111108,8.084400895144643
10546,1635,268033,211021,1273,1521,0.11111111111111108,8.084400895144643
10547,1635,268033,211021,1273,1310,0.11111111111111108,8.084400895144643
10548,1635,268033,211021,256,291,0.11111111111111108,8.084400895144643
10549,1635,268033,211021,256,1521,0.11111111111111108,8.084400895144643
10550,1635,268033,211021,256,1310,0.11111111111111108,8.084400895144643
10551,1635,268033,211021,1378,291,0.11111111111111108,8.084400895144643
10552,1635,268033,211021,1378,1521,0.11111111111111108,8.084400895144643
10553,1635,268033,211021,1378,1310,0.11111111111111108,8.084400895144643
10554,1636,268033,222023,1273,694,0.16666666666666669,13.468950000000001
10555,1636,268033,222023,1273,155,0.16666666666666669,13.468950000000001
10556,1636,268033,222023,256,694,0.16666666666666669,13.468950000000001
10557,1636,268033,222023,256,155,0.16666666666666669,13.468950000000001
10558,1636,268033,222023,1378,694,0.16666666666666669,13.468950000000001
10559,1636,268033,222023,1378,155,0.16666666666666669,13.468950000000001
10560,1637,268033,222027,1273,96,0.11111111111111108,89.10497777777776
10561,1637,268033,222027,1273,698,0.11111111111111108,89.10497777777776
10562,1637,268033,222027,1273,692,0.11111111111111108,89.10497777777776
10563,1637,268033,222027,256,96,0.11111111111111108,89.10497777777776
10564,1637,268033,222027,256,698,0.11111111111111108,89.10497777777776
10565,1637,268033,222027,256,692,0.11111111111111108,89.10497777777776
10566,1637,268033,222027,1378,96,0.11111111111111108,89.10497777777776
10567,1637,268033,222027,1378,698,0.11111111111111108,89.10497777777776
10568,1637,268033,222027,1378,692,0.11111111111111108,89.10497777777776
10569,1638,268033,237003,1273,902,0.16666666666666669,23.060078174788455
10570,1638,268033,237003,1273,463,0.16666666666666669,23.060078174788455
10571,1638,268033,237003,256,902,0.16666666666666669,23.060078174788455
10572,1638,268033,237003,256,463,0.16666666666666669,23.060078174788455
10573,1638,268033,237003,1378,902,0.16666666666666669,23.060078174788455
10574,1638,268033,237003,1378,463,0.16666666666666669,23.060078174788455
10575,1639,268033,241022,1273,1129,0.11111111111111108,18.35708888888888
10576,1639,268033,241022,1273,1131,0.11111111111111108,18.35708888888888
10577,1639,268033,241022,1273,1128,0.11111111111111108,18.35708888888888
10578,1639,268033,241022,256,1129,0.11111111111111108,18.35708888888888
10579,1639,268033,241022,256,1131,0.11111111111111108,18.35708888888888
10580,1639,268033,241022,256,1128,0.11111111111111108,18.35708888888888
10581,1639,268033,241022,1378,1129,0.11111111111111108,18.35708888888888
10582,1639,268033,241022,1378,1131,0.11111111111111108,18.35708888888888
10583,1639,268033,241022,1378,1128,0.11111111111111108,18.35708888888888
10584,1640,268033,253001,1273,1027,0.11111111111111108,9.483811111111109
10585,1640,268033,253001,1273,172,0.11111111111111108,9.483811111111109
10586,1640,268033,253001,1273,908,0.11111111111111108,9.483811111111109
10587,1640,268033,253001,256,1027,0.11111111111111108,9.483811111111109
10588,1640,268033,253001,256,172,0.11111111111111108,9.483811111111109
10589,1640,268033,253001,256,908,0.11111111111111108,9.483811111111109
10590,1640,268033,253001,1378,1027,0.11111111111111108,9.483811111111109
10591,1640,268033,253001,1378,172,0.11111111111111108,9.483811111111109
10592,1640,268033,253001,1378,908,0.11111111111111108,9.483811111111109
10593,1641,268033,265018,1273,866,0.11111111111111108,17.59348378358726
10594,1641,268033,265018,1273,773,0.11111111111111108,17.59348378358726
10595,1641,268033,265018,1273,865,0.11111111111111108,17.59348378358726
10596,1641,268033,265018,256,866,0.11111111111111108,17.59348378358726
10597,1641,268033,265018,256,773,0.11111111111111108,17.59348378358726
10598,1641,268033,265018,256,865,0.11111111111111108,17.59348378358726
10599,1641,268033,265018,1378,866,0.11111111111111108,17.59348378358726
10600,1641,268033,265018,1378,773,0.11111111111111108,17.59348378358726
10601,1641,268033,265018,1378,865,0.11111111111111108,17.59348378358726
10602,1642,268033,266018,1273,402,0.11111111111111108,23.689583613983878
10603,1642,268033,266018,1273,269,0.11111111111111108,23.689583613983878
10604,1642,268033,266018,1273,268,0.11111111111111108,23.689583613983878
10605,1642,268033,266018,256,402,0.11111111111111108,23.689583613983878
10606,1642,268033,266018,256,269,0.11111111111111108,23.689583613983878
10607,1642,268033,266018,256,268,0.11111111111111108,23.689583613983878
10608,1642,268033,266018,1378,402,0.11111111111111108,23.689583613983878
10609,1642,268033,266018,1378,269,0.11111111111111108,23.689583613983878
10610,1642,268033,266018,1378,268,0.11111111111111108,23.689583613983878
10611,1643,268033,268031,1273,1206,0.11111111111111108,34.54758173239669
10612,1643,268033,268031,1273,1377,0.11111111111111108,34.54758173239669
10613,1643,268033,268031,1273,1699,0.11111111111111108,34.54758173239669
10614,1643,268033,268031,256,1206,0.11111111111111108,34.54758173239669
10615,1643,268033,268031,256,1377,0.11111111111111108,34.54758173239669
10616,1643,268033,268031,256,1699,0.11111111111111108,34.54758173239669
10617,1643,268033,268031,1378,1206,0.11111111111111108,34.54758173239669
10618,1643,268033,268031,1378,1377,0.11111111111111108,34.54758173239669
10619,1643,268033,268031,1378,1699,0.11111111111111108,34.54758173239669
10620,1644,268033,286017,1273,1585,0.16666666666666669,29.527600000000003
10621,1644,268033,286017,1273,1584,0.16666666666666669,29.527600000000003
10622,1644,268033,286017,256,1585,0.16666666666666669,29.527600000000003
10623,1644,268033,286017,256,1584,0.16666666666666669,29.527600000000003
10624,1644,268033,286017,1378,1585,0.16666666666666669,29.527600000000003
10625,1644,268033,286017,1378,1584,0.16666666666666669,29.527600000000003
10626,1645,268034,255014,250,1240,0.3333333333333333,26.898600000000002
10627,1645,268034,255014,250,19,0.3333333333333333,26.898600000000002
10628,1645,268034,255014,250,1635,0.3333333333333333,26.898600000000002
10629,1646,268035,211021,249,291,0.11111111111111108,20.134840436836377
10630,1646,268035,211021,249,1521,0.11111111111111108,20.134840436836377
10631,1646,268035,211021,249,1310,0.11111111111111108,20.134840436836377
10632,1646,268035,211021,260,291,0.11111111111111108,20.134840436836377
10633,1646,268035,211021,260,1521,0.11111111111111108,20.134840436836377
10634,1646,268035,211021,260,1310,0.11111111111111108,20.134840436836377
10635,1646,268035,211021,1206,291,0.11111111111111108,20.134840436836377
10636,1646,268035,211021,1206,1521,0.11111111111111108,20.134840436836377
10637,1646,268035,211021,1206,1310,0.11111111111111108,20.134840436836377
10638,1647,268035,266018,249,402,0.11111111111111108,20.75661111111111
10639,1647,268035,266018,249,269,0.11111111111111108,20.75661111111111
10640,1647,268035,266018,249,268,0.11111111111111108,20.75661111111111
10641,1647,268035,266018,260,402,0.11111111111111108,20.75661111111111
10642,1647,268035,266018,260,269,0.11111111111111108,20.75661111111111
10643,1647,268035,266018,260,268,0.11111111111111108,20.75661111111111
10644,1647,268035,266018,1206,402,0.11111111111111108,20.75661111111111
10645,1647,268035,266018,1206,269,0.11111111111111108,20.75661111111111
10646,1647,268035,266018,1206,268,0.11111111111111108,20.75661111111111
10647,1648,269001,151008,1240,394,0.11111111111111108,16.183211111111106
10648,1648,269001,151008,1240,226,0.11111111111111108,16.183211111111106
10649,1648,269001,151008,1240,31,0.11111111111111108,16.183211111111106
10650,1648,269001,151008,717,394,0.11111111111111108,16.183211111111106
10651,1648,269001,151008,717,226,0.11111111111111108,16.183211111111106
10652,1648,269001,151008,717,31,0.11111111111111108,16.183211111111106
10653,1648,269001,151008,70,394,0.11111111111111108,16.183211111111106
10654,1648,269001,151008,70,226,0.11111111111111108,16.183211111111106
10655,1648,269001,151008,70,31,0.11111111111111108,16.183211111111106
10656,1649,269001,237003,1240,902,0.16666666666666669,30.05266666666667
10657,1649,269001,237003,1240,463,0.16666666666666669,30.05266666666667
10658,1649,269001,237003,717,902,0.16666666666666669,30.05266666666667
10659,1649,269001,237003,717,463,0.16666666666666669,30.05266666666667
10660,1649,269001,237003,70,902,0.16666666666666669,30.05266666666667
10661,1649,269001,237003,70,463,0.16666666666666669,30.05266666666667
10662,1650,269001,242004,1240,888,0.16666666666666669,89.89478333333334
10663,1650,269001,242004,1240,322,0.16666666666666669,89.89478333333334
10664,1650,269001,242004,717,888,0.16666666666666669,89.89478333333334
10665,1650,269001,242004,717,322,0.16666666666666669,89.89478333333334
10666,1650,269001,242004,70,888,0.16666666666666669,89.89478333333334
10667,1650,269001,242004,70,322,0.16666666666666669,89.89478333333334
10668,1651,269001,243044,1240,298,0.16666666666666669,14.70571666666667
10669,1651,269001,243044,1240,1081,0.16666666666666669,14.70571666666667
10670,1651,269001,243044,717,298,0.16666666666666669,14.70571666666667
10671,1651,269001,243044,717,1081,0.16666666666666669,14.70571666666667
10672,1651,269001,243044,70,298,0.16666666666666669,14.70571666666667
10673,1651,269001,243044,70,1081,0.16666666666666669,14.70571666666667
10674,1652,269001,251002,1240,1592,0.11111111111111108,79.1708125252165
10675,1652,269001,251002,1240,1420,0.11111111111111108,79.1708125252165
10676,1652,269001,251002,1240,1423,0.11111111111111108,79.1708125252165
10677,1652,269001,251002,717,1592,0.11111111111111108,79.1708125252165
10678,1652,269001,251002,717,1420,0.11111111111111108,79.1708125252165
10679,1652,269001,251002,717,1423,0.11111111111111108,79.1708125252165
10680,1652,269001,251002,70,1592,0.11111111111111108,79.1708125252165
10681,1652,269001,251002,70,1420,0.11111111111111108,79.1708125252165
10682,1652,269001,251002,70,1423,0.11111111111111108,79.1708125252165
10683,1653,269001,269001,1240,717,0.16666666666666663,29.66323411285213
10684,1653,269001,269001,1240,70,0.16666666666666663,29.66323411285213
10685,1653,269001,269001,717,1240,0.16666666666666663,29.66323411285213
10686,1653,269001,269001,717,70,0.16666666666666663,29.66323411285213
10687,1653,269001,269001,70,1240,0.16666666666666663,29.66323411285213
10688,1653,269001,269001,70,717,0.16666666666666663,29.66323411285213
10689,1654,269002,265011,1240,64,0.11111111111111108,9.283588888888886
10690,1654,269002,265011,1240,544,0.11111111111111108,9.283588888888886
10691,1654,269002,265011,1240,63,0.11111111111111108,9.283588888888886
10692,1654,269002,265011,1635,64,0.11111111111111108,9.283588888888886
10693,1654,269002,265011,1635,544,0.11111111111111108,9.283588888888886
10694,1654,269002,265011,1635,63,0.11111111111111108,9.283588888888886
10695,1654,269002,265011,49,64,0.11111111111111108,9.283588888888886
10696,1654,269002,265011,49,544,0.11111111111111108,9.283588888888886
10697,1654,269002,265011,49,63,0.11111111111111108,9.283588888888886
10698,1655,269002,266040,1240,1265,0.11111111111111108,7.798855555555553
10699,1655,269002,266040,1240,906,0.11111111111111108,7.798855555555553
10700,1655,269002,266040,1240,1266,0.11111111111111108,7.798855555555553
10701,1655,269002,266040,1635,1265,0.11111111111111108,7.798855555555553
10702,1655,269002,266040,1635,906,0.11111111111111108,7.798855555555553
10703,1655,269002,266040,1635,1266,0.11111111111111108,7.798855555555553
10704,1655,269002,266040,49,1265,0.11111111111111108,7.798855555555553
10705,1655,269002,266040,49,906,0.11111111111111108,7.798855555555553
10706,1655,269002,266040,49,1266,0.11111111111111108,7.798855555555553
10707,1656,269003,151013,49,394,0.16666666666666669,56.01336666666667
10708,1656,269003,151013,49,1463,0.16666666666666669,56.01336666666667
10709,1656,269003,151013,49,1462,0.16666666666666669,56.01336666666667
10710,1656,269003,151013,1240,394,0.16666666666666669,56.01336666666667
10711,1656,269003,151013,1240,1463,0.16666666666666669,56.01336666666667
10712,1656,269003,151013,1240,1462,0.16666666666666669,56.01336666666667
10713,1657,269003,221070,49,757,0.16666666666666669,12.618950000000002
10714,1657,269003,221070,49,761,0.16666666666666669,12.618950000000002
10715,1657,269003,221070,49,150,0.16666666666666669,12.618950000000002
10716,1657,269003,221070,1240,757,0.16666666666666669,12.618950000000002
10717,1657,269003,221070,1240,761,0.16666666666666669,12.618950000000002
10718,1657,269003,221070,1240,150,0.16666666666666669,12.618950000000002
10719,1658,269003,221078,49,1031,0.5,49.67145
10720,1658,269003,221078,1240,1031,0.5,49.67145
10721,1659,269003,221079,49,1468,0.5,197.4539
10722,1659,269003,221079,1240,1468,0.5,197.4539
10723,1660,269003,221080,49,784,0.25,54.159825
10724,1660,269003,221080,49,688,0.25,54.159825
10725,1660,269003,221080,1240,784,0.25,54.159825
10726,1660,269003,221080,1240,688,0.25,54.159825
10727,1661,269003,222025,49,698,0.5,50.0601
10728,1661,269003,222025,1240,698,0.5,50.0601
10729,1662,269003,227020,49,1503,0.25,64.221525
10730,1662,269003,227020,49,1509,0.25,64.221525
10731,1662,269003,227020,1240,1503,0.25,64.221525
10732,1662,269003,227020,1240,1509,0.25,64.221525
10733,1663,269003,255001,49,1635,0.16666666666666669,7.067738677665907
10734,1663,269003,255001,49,1281,0.16666666666666669,7.067738677665907
10735,1663,269003,255001,49,69,0.16666666666666669,7.067738677665907
10736,1663,269003,255001,1240,1635,0.16666666666666669,7.067738677665907
10737,1663,269003,255001,1240,1281,0.16666666666666669,7.067738677665907
10738,1663,269003,255001,1240,69,0.16666666666666669,7.067738677665907
10739,1664,269003,266018,49,402,0.16666666666666669,0.1487166666666667
10740,1664,269003,266018,49,269,0.16666666666666669,0.1487166666666667
10741,1664,269003,266018,49,268,0.16666666666666669,0.1487166666666667
10742,1664,269003,266018,1240,402,0.16666666666666669,0.1487166666666667
10743,1664,269003,266018,1240,269,0.16666666666666669,0.1487166666666667
10744,1664,269003,266018,1240,268,0.16666666666666669,0.1487166666666667
10745,1665,269003,271030,49,247,0.25,22.625975
10746,1665,269003,271030,49,1699,0.25,22.625975
10747,1665,269003,271030,1240,247,0.25,22.625975
10748,1665,269003,271030,1240,1699,0.25,22.625975
10749,1666,269003,283027,49,1634,0.16666666666666669,12.959466666666668
10750,1666,269003,283027,49,334,0.16666666666666669,12.959466666666668
10751,1666,269003,283027,49,101,0.16666666666666669,12.959466666666668
10752,1666,269003,283027,1240,1634,0.16666666666666669,12.959466666666668
10753,1666,269003,283027,1240,334,0.16666666666666669,12.959466666666668
10754,1666,269003,283027,1240,101,0.16666666666666669,12.959466666666668
10755,1667,271008,283028,352,1634,0.16666666666666669,17.827533333333335
10756,1667,271008,283028,352,328,0.16666666666666669,17.827533333333335
10757,1667,271008,283028,250,1634,0.16666666666666669,17.827533333333335
10758,1667,271008,283028,250,328,0.16666666666666669,17.827533333333335
10759,1667,271008,283028,970,1634,0.16666666666666669,17.827533333333335
10760,1667,271008,283028,970,328,0.16666666666666669,17.827533333333335
10761,1668,271012,221008,352,1049,0.11111111111111108,13.562866666666661
10762,1668,271012,221008,352,1642,0.11111111111111108,13.562866666666661
10763,1668,271012,221008,352,1050,0.11111111111111108,13.562866666666661
10764,1668,271012,221008,250,1049,0.11111111111111108,13.562866666666661
10765,1668,271012,221008,250,1642,0.11111111111111108,13.562866666666661
10766,1668,271012,221008,250,1050,0.11111111111111108,13.562866666666661
10767,1668,271012,221008,970,1049,0.11111111111111108,13.562866666666661
10768,1668,271012,221008,970,1642,0.11111111111111108,13.562866666666661
10769,1668,271012,221008,970,1050,0.11111111111111108,13.562866666666661
10770,1669,271013,221085,352,612,0.11111111111111108,19.284555555555553
10771,1669,271013,221085,352,695,0.11111111111111108,19.284555555555553
10772,1669,271013,221085,352,159,0.11111111111111108,19.284555555555553
10773,1669,271013,221085,250,612,0.11111111111111108,19.284555555555553
10774,1669,271013,221085,250,695,0.11111111111111108,19.284555555555553
10775,1669,271013,221085,250,159,0.11111111111111108,19.284555555555553
10776,1669,271013,221085,970,612,0.11111111111111108,19.284555555555553
10777,1669,271013,221085,970,695,0.11111111111111108,19.284555555555553
10778,1669,271013,221085,970,159,0.11111111111111108,19.284555555555553
10779,1670,271013,231003,352,718,0.11111111111111108,16.246722222222218
10780,1670,271013,231003,352,584,0.11111111111111108,16.246722222222218
10781,1670,271013,231003,352,307,0.11111111111111108,16.246722222222218
10782,1670,271013,231003,250,718,0.11111111111111108,16.246722222222218
10783,1670,271013,231003,250,584,0.11111111111111108,16.246722222222218
10784,1670,271013,231003,250,307,0.11111111111111108,16.246722222222218
10785,1670,271013,231003,970,718,0.11111111111111108,16.246722222222218
10786,1670,271013,231003,970,584,0.11111111111111108,16.246722222222218
10787,1670,271013,231003,970,307,0.11111111111111108,16.246722222222218
10788,1671,271013,242037,352,426,0.16666666666666669,114.8538
10789,1671,271013,242037,352,473,0.16666666666666669,114.8538
10790,1671,271013,242037,250,426,0.16666666666666669,114.8538
10791,1671,271013,242037,250,473,0.16666666666666669,114.8538
10792,1671,271013,242037,970,426,0.16666666666666669,114.8538
10793,1671,271013,242037,970,473,0.16666666666666669,114.8538
10794,1672,271013,245015,352,1463,0.11111111111111108,3.9961067383913407
10795,1672,271013,245015,352,230,0.11111111111111108,3.9961067383913407
10796,1672,271013,245015,352,222,0.11111111111111108,3.9961067383913407
10797,1672,271013,245015,250,1463,0.11111111111111108,3.9961067383913407
10798,1672,271013,245015,250,230,0.11111111111111108,3.9961067383913407
10799,1672,271013,245015,250,222,0.11111111111111108,3.9961067383913407
10800,1672,271013,245015,970,1463,0.11111111111111108,3.9961067383913407
10801,1672,271013,245015,970,230,0.11111111111111108,3.9961067383913407
10802,1672,271013,245015,970,222,0.11111111111111108,3.9961067383913407
10803,1673,271013,254011,352,909,0.11111111111111108,10.143388888888886
10804,1673,271013,254011,352,191,0.11111111111111108,10.143388888888886
10805,1673,271013,254011,352,192,0.11111111111111108,10.143388888888886
10806,1673,271013,254011,250,909,0.11111111111111108,10.143388888888886
10807,1673,271013,254011,250,191,0.11111111111111108,10.143388888888886
10808,1673,271013,254011,250,192,0.11111111111111108,10.143388888888886
10809,1673,271013,254011,970,909,0.11111111111111108,10.143388888888886
10810,1673,271013,254011,970,191,0.11111111111111108,10.143388888888886
10811,1673,271013,254011,970,192,0.11111111111111108,10.143388888888886
10812,1674,271013,263016,352,1251,0.11111111111111108,437.40179999999987
10813,1674,271013,263016,352,1376,0.11111111111111108,437.40179999999987
10814,1674,271013,263016,352,1317,0.11111111111111108,437.40179999999987
10815,1674,271013,263016,250,1251,0.11111111111111108,437.40179999999987
10816,1674,271013,263016,250,1376,0.11111111111111108,437.40179999999987
10817,1674,271013,263016,250,1317,0.11111111111111108,437.40179999999987
10818,1674,271013,263016,970,1251,0.11111111111111108,437.40179999999987
10819,1674,271013,263016,970,1376,0.11111111111111108,437.40179999999987
10820,1674,271013,263016,970,1317,0.11111111111111108,437.40179999999987
10821,1675,271013,271046,352,1187,0.16666666666666669,27.634666666666668
10822,1675,271013,271046,352,1186,0.16666666666666669,27.634666666666668
10823,1675,271013,271046,250,1187,0.16666666666666669,27.634666666666668
10824,1675,271013,271046,250,1186,0.16666666666666669,27.634666666666668
10825,1675,271013,271046,970,1187,0.16666666666666669,27.634666666666668
10826,1675,271013,271046,970,1186,0.16666666666666669,27.634666666666668
10827,1676,271013,282023,352,1501,0.12499999999999997,10.048149999999996
10828,1676,271013,282023,352,907,0.12499999999999997,10.048149999999996
10829,1676,271013,282023,250,1501,0.12499999999999997,10.048149999999996
10830,1676,271013,282023,250,352,0.12499999999999997,10.048149999999996
10831,1676,271013,282023,250,907,0.12499999999999997,10.048149999999996
10832,1676,271013,282023,970,1501,0.12499999999999997,10.048149999999996
10833,1676,271013,282023,970,352,0.12499999999999997,10.048149999999996
10834,1676,271013,282023,970,907,0.12499999999999997,10.048149999999996
10835,1677,271013,286028,352,1554,0.11111111111111108,44.47382222222222
10836,1677,271013,286028,352,1224,0.11111111111111108,44.47382222222222
10837,1677,271013,286028,352,1724,0.11111111111111108,44.47382222222222
10838,1677,271013,286028,250,1554,0.11111111111111108,44.47382222222222
10839,1677,271013,286028,250,1224,0.11111111111111108,44.47382222222222
10840,1677,271013,286028,250,1724,0.11111111111111108,44.47382222222222
10841,1677,271013,286028,970,1554,0.11111111111111108,44.47382222222222
10842,1677,271013,286028,970,1224,0.11111111111111108,44.47382222222222
10843,1677,271013,286028,970,1724,0.11111111111111108,44.47382222222222
10844,1678,271015,234022,352,572,0.11111111111111108,131.19908888888884
10845,1678,271015,234022,352,616,0.11111111111111108,131.19908888888884
10846,1678,271015,234022,352,1381,0.11111111111111108,131.19908888888884
10847,1678,271015,234022,1580,572,0.11111111111111108,131.19908888888884
10848,1678,271015,234022,1580,616,0.11111111111111108,131.19908888888884
10849,1678,271015,234022,1580,1381,0.11111111111111108,131.19908888888884
10850,1678,271015,234022,249,572,0.11111111111111108,131.19908888888884
10851,1678,271015,234022,249,616,0.11111111111111108,131.19908888888884
10852,1678,271015,234022,249,1381,0.11111111111111108,131.19908888888884
10853,1679,271015,234023,352,413,0.11111111111111108,7.380755555555553
10854,1679,271015,234023,352,1526,0.11111111111111108,7.380755555555553
10855,1679,271015,234023,352,415,0.11111111111111108,7.380755555555553
10856,1679,271015,234023,1580,413,0.11111111111111108,7.380755555555553
10857,1679,271015,234023,1580,1526,0.11111111111111108,7.380755555555553
10858,1679,271015,234023,1580,415,0.11111111111111108,7.380755555555553
10859,1679,271015,234023,249,413,0.11111111111111108,7.380755555555553
10860,1679,271015,234023,249,1526,0.11111111111111108,7.380755555555553
10861,1679,271015,234023,249,415,0.11111111111111108,7.380755555555553
10862,1680,271015,281028,352,1249,0.11111111111111108,26.105933333333322
10863,1680,271015,281028,352,1669,0.11111111111111108,26.105933333333322
10864,1680,271015,281028,352,1554,0.11111111111111108,26.105933333333322
10865,1680,271015,281028,1580,1249,0.11111111111111108,26.105933333333322
10866,1680,271015,281028,1580,1669,0.11111111111111108,26.105933333333322
10867,1680,271015,281028,1580,1554,0.11111111111111108,26.105933333333322
10868,1680,271015,281028,249,1249,0.11111111111111108,26.105933333333322
10869,1680,271015,281028,249,1669,0.11111111111111108,26.105933333333322
10870,1680,271015,281028,249,1554,0.11111111111111108,26.105933333333322
10871,1681,271016,211024,1578,1105,0.3333333333333333,316.1105333333333
10872,1681,271016,211024,352,1105,0.3333333333333333,316.1105333333333
10873,1681,271016,211024,1206,1105,0.3333333333333333,316.1105333333333
10874,1682,271016,234022,1578,572,0.11111111111111108,33.77924444444444
10875,1682,271016,234022,1578,616,0.11111111111111108,33.77924444444444
10876,1682,271016,234022,1578,1381,0.11111111111111108,33.77924444444444
10877,1682,271016,234022,352,572,0.11111111111111108,33.77924444444444
10878,1682,271016,234022,352,616,0.11111111111111108,33.77924444444444
10879,1682,271016,234022,352,1381,0.11111111111111108,33.77924444444444
10880,1682,271016,234022,1206,572,0.11111111111111108,33.77924444444444
10881,1682,271016,234022,1206,616,0.11111111111111108,33.77924444444444
10882,1682,271016,234022,1206,1381,0.11111111111111108,33.77924444444444
10883,1683,271019,236011,1699,358,0.16666666666666669,53.49275000000001
10884,1683,271019,236011,1699,1333,0.16666666666666669,53.49275000000001
10885,1683,271019,236011,1213,358,0.16666666666666669,53.49275000000001
10886,1683,271019,236011,1213,1333,0.16666666666666669,53.49275000000001
10887,1683,271019,236011,971,358,0.16666666666666669,53.49275000000001
10888,1683,271019,236011,971,1333,0.16666666666666669,53.49275000000001
10889,1684,271021,268031,970,1206,0.11111111111111108,28.537344444444436
10890,1684,271021,268031,970,1377,0.11111111111111108,28.537344444444436
10891,1684,271021,268031,970,1699,0.11111111111111108,28.537344444444436
10892,1684,271021,268031,1370,1206,0.11111111111111108,28.537344444444436
10893,1684,271021,268031,1370,1377,0.11111111111111108,28.537344444444436
10894,1684,271021,268031,1370,1699,0.11111111111111108,28.537344444444436
10895,1684,271021,268031,907,1206,0.11111111111111108,28.537344444444436
10896,1684,271021,268031,907,1377,0.11111111111111108,28.537344444444436
10897,1684,271021,268031,907,1699,0.11111111111111108,28.537344444444436
10898,1685,271029,213004,1213,286,0.3333333333333333,44.98559999999999
10899,1685,271029,213004,1213,302,0.3333333333333333,44.98559999999999
10900,1685,271029,213004,1213,1680,0.3333333333333333,44.98559999999999
10901,1686,271029,221008,1213,1049,0.3333333333333333,40.688599999999994
10902,1686,271029,221008,1213,1642,0.3333333333333333,40.688599999999994
10903,1686,271029,221008,1213,1050,0.3333333333333333,40.688599999999994
10904,1687,271030,222012,247,754,0.16666666666666669,26.175833333333337
10905,1687,271030,222012,247,762,0.16666666666666669,26.175833333333337
10906,1687,271030,222012,247,665,0.16666666666666669,26.175833333333337
10907,1687,271030,222012,1699,754,0.16666666666666669,26.175833333333337
10908,1687,271030,222012,1699,762,0.16666666666666669,26.175833333333337
10909,1687,271030,222012,1699,665,0.16666666666666669,26.175833333333337
10910,1688,271030,241006,247,1414,0.16666666666666669,46.554883333333336
10911,1688,271030,241006,247,491,0.16666666666666669,46.554883333333336
10912,1688,271030,241006,247,1475,0.16666666666666669,46.554883333333336
10913,1688,271030,241006,1699,1414,0.16666666666666669,46.554883333333336
10914,1688,271030,241006,1699,491,0.16666666666666669,46.554883333333336
10915,1688,271030,241006,1699,1475,0.16666666666666669,46.554883333333336
10916,1689,271030,254010,247,59,0.5,144.01995
10917,1689,271030,254010,1699,59,0.5,144.01995
10918,1690,271032,213004,108,286,0.11111111111111108,17.07681111111111
10919,1690,271032,213004,108,302,0.11111111111111108,17.07681111111111
10920,1690,271032,213004,108,1680,0.11111111111111108,17.07681111111111
10921,1690,271032,213004,1415,286,0.11111111111111108,17.07681111111111
10922,1690,271032,213004,1415,302,0.11111111111111108,17.07681111111111
10923,1690,271032,213004,1415,1680,0.11111111111111108,17.07681111111111
10924,1690,271032,213004,1520,286,0.11111111111111108,17.07681111111111
10925,1690,271032,213004,1520,302,0.11111111111111108,17.07681111111111
10926,1690,271032,213004,1520,1680,0.11111111111111108,17.07681111111111
10927,1691,271032,235001,108,901,0.3333333333333333,70.30669999999999
10928,1691,271032,235001,1415,901,0.3333333333333333,70.30669999999999
10929,1691,271032,235001,1520,901,0.3333333333333333,70.30669999999999
10930,1692,271032,237003,108,902,0.16666666666666669,19.758200000000002
10931,1692,271032,237003,108,463,0.16666666666666669,19.758200000000002
10932,1692,271032,237003,1415,902,0.16666666666666669,19.758200000000002
10933,1692,271032,237003,1415,463,0.16666666666666669,19.758200000000002
10934,1692,271032,237003,1520,902,0.16666666666666669,19.758200000000002
10935,1692,271032,237003,1520,463,0.16666666666666669,19.758200000000002
10936,1693,271032,241013,108,1130,0.11111111111111108,33.680988888888876
10937,1693,271032,241013,108,1299,0.11111111111111108,33.680988888888876
10938,1693,271032,241013,108,1137,0.11111111111111108,33.680988888888876
10939,1693,271032,241013,1415,1130,0.11111111111111108,33.680988888888876
10940,1693,271032,241013,1415,1299,0.11111111111111108,33.680988888888876
10941,1693,271032,241013,1415,1137,0.11111111111111108,33.680988888888876
10942,1693,271032,241013,1520,1130,0.11111111111111108,33.680988888888876
10943,1693,271032,241013,1520,1299,0.11111111111111108,33.680988888888876
10944,1693,271032,241013,1520,1137,0.11111111111111108,33.680988888888876
10945,1694,271032,245011,108,470,0.11111111111111108,14.995199999999993
10946,1694,271032,245011,108,503,0.11111111111111108,14.995199999999993
10947,1694,271032,245011,108,508,0.11111111111111108,14.995199999999993
10948,1694,271032,245011,1415,470,0.11111111111111108,14.995199999999993
10949,1694,271032,245011,1415,503,0.11111111111111108,14.995199999999993
10950,1694,271032,245011,1415,508,0.11111111111111108,14.995199999999993
10951,1694,271032,245011,1520,470,0.11111111111111108,14.995199999999993
10952,1694,271032,245011,1520,503,0.11111111111111108,14.995199999999993
10953,1694,271032,245011,1520,508,0.11111111111111108,14.995199999999993
10954,1695,271032,245012,108,1223,0.11111111111111108,14.995199999999993
10955,1695,271032,245012,108,285,0.11111111111111108,14.995199999999993
10956,1695,271032,245012,108,501,0.11111111111111108,14.995199999999993
10957,1695,271032,245012,1415,1223,0.11111111111111108,14.995199999999993
10958,1695,271032,245012,1415,285,0.11111111111111108,14.995199999999993
10959,1695,271032,245012,1415,501,0.11111111111111108,14.995199999999993
10960,1695,271032,245012,1520,1223,0.11111111111111108,14.995199999999993
10961,1695,271032,245012,1520,285,0.11111111111111108,14.995199999999993
10962,1695,271032,245012,1520,501,0.11111111111111108,14.995199999999993
10963,1696,271032,251004,108,305,0.11111111111111108,34.481355555555545
10964,1696,271032,251004,108,1443,0.11111111111111108,34.481355555555545
10965,1696,271032,251004,108,7,0.11111111111111108,34.481355555555545
10966,1696,271032,251004,1415,305,0.11111111111111108,34.481355555555545
10967,1696,271032,251004,1415,1443,0.11111111111111108,34.481355555555545
10968,1696,271032,251004,1415,7,0.11111111111111108,34.481355555555545
10969,1696,271032,251004,1520,305,0.11111111111111108,34.481355555555545
10970,1696,271032,251004,1520,1443,0.11111111111111108,34.481355555555545
10971,1696,271032,251004,1520,7,0.11111111111111108,34.481355555555545
10972,1697,271032,263016,108,1251,0.11111111111111108,17.932399999999998
10973,1697,271032,263016,108,1376,0.11111111111111108,17.932399999999998
10974,1697,271032,263016,108,1317,0.11111111111111108,17.932399999999998
10975,1697,271032,263016,1415,1251,0.11111111111111108,17.932399999999998
10976,1697,271032,263016,1415,1376,0.11111111111111108,17.932399999999998
10977,1697,271032,263016,1415,1317,0.11111111111111108,17.932399999999998
10978,1697,271032,263016,1520,1251,0.11111111111111108,17.932399999999998
10979,1697,271032,263016,1520,1376,0.11111111111111108,17.932399999999998
10980,1697,271032,263016,1520,1317,0.11111111111111108,17.932399999999998
10981,1698,271035,213004,1314,286,0.16666666666666669,11.8777
10982,1698,271035,213004,1314,302,0.16666666666666669,11.8777
10983,1698,271035,213004,1314,1680,0.16666666666666669,11.8777
10984,1698,271035,213004,1213,286,0.16666666666666669,11.8777
10985,1698,271035,213004,1213,302,0.16666666666666669,11.8777
10986,1698,271035,213004,1213,1680,0.16666666666666669,11.8777
10987,1699,271035,227008,1314,97,0.5,59.02105
10988,1699,271035,227008,1213,97,0.5,59.02105
10989,1700,271035,255014,1314,1240,0.16666666666666669,26.990583333333337
10990,1700,271035,255014,1314,19,0.16666666666666669,26.990583333333337
10991,1700,271035,255014,1314,1635,0.16666666666666669,26.990583333333337
10992,1700,271035,255014,1213,1240,0.16666666666666669,26.990583333333337
10993,1700,271035,255014,1213,19,0.16666666666666669,26.990583333333337
10994,1700,271035,255014,1213,1635,0.16666666666666669,26.990583333333337
10995,1701,271036,114019,246,74,0.11111111111111108,3.4534999999999987
10996,1701,271036,114019,246,1310,0.11111111111111108,3.4534999999999987
10997,1701,271036,114019,246,170,0.11111111111111108,3.4534999999999987
10998,1701,271036,114019,244,74,0.11111111111111108,3.4534999999999987
10999,1701,271036,114019,244,1310,0.11111111111111108,3.4534999999999987
11000,1701,271036,114019,244,170,0.11111111111111108,3.4534999999999987
11001,1701,271036,114019,1313,74,0.11111111111111108,3.4534999999999987
11002,1701,271036,114019,1313,1310,0.11111111111111108,3.4534999999999987
11003,1701,271036,114019,1313,170,0.11111111111111108,3.4534999999999987
11004,1702,271036,255001,246,1635,0.11111111111111108,10.143388888888886
11005,1702,271036,255001,246,1281,0.11111111111111108,10.143388888888886
11006,1702,271036,255001,246,69,0.11111111111111108,10.143388888888886
11007,1702,271036,255001,244,1635,0.11111111111111108,10.143388888888886
11008,1702,271036,255001,244,1281,0.11111111111111108,10.143388888888886
11009,1702,271036,255001,244,69,0.11111111111111108,10.143388888888886
11010,1702,271036,255001,1313,1635,0.11111111111111108,10.143388888888886
11011,1702,271036,255001,1313,1281,0.11111111111111108,10.143388888888886
11012,1702,271036,255001,1313,69,0.11111111111111108,10.143388888888886
11013,1703,271036,283026,246,329,0.11111111111111108,9.165666666666665
11014,1703,271036,283026,246,1196,0.11111111111111108,9.165666666666665
11015,1703,271036,283026,246,337,0.11111111111111108,9.165666666666665
11016,1703,271036,283026,244,329,0.11111111111111108,9.165666666666665
11017,1703,271036,283026,244,1196,0.11111111111111108,9.165666666666665
11018,1703,271036,283026,244,337,0.11111111111111108,9.165666666666665
11019,1703,271036,283026,1313,329,0.11111111111111108,9.165666666666665
11020,1703,271036,283026,1313,1196,0.11111111111111108,9.165666666666665
11021,1703,271036,283026,1313,337,0.11111111111111108,9.165666666666665
11022,1704,271037,261020,242,1635,0.11111111111111108,14.448422222222217
11023,1704,271037,261020,242,1240,0.11111111111111108,14.448422222222217
11024,1704,271037,261020,242,1340,0.11111111111111108,14.448422222222217
11025,1704,271037,261020,244,1635,0.11111111111111108,14.448422222222217
11026,1704,271037,261020,244,1240,0.11111111111111108,14.448422222222217
11027,1704,271037,261020,244,1340,0.11111111111111108,14.448422222222217
11028,1704,271037,261020,535,1635,0.11111111111111108,14.448422222222217
11029,1704,271037,261020,535,1240,0.11111111111111108,14.448422222222217
11030,1704,271037,261020,535,1340,0.11111111111111108,14.448422222222217
11031,1705,271037,264037,242,318,0.11111111111111108,4.215999999999999
11032,1705,271037,264037,242,102,0.11111111111111108,4.215999999999999
11033,1705,271037,264037,242,69,0.11111111111111108,4.215999999999999
11034,1705,271037,264037,244,318,0.11111111111111108,4.215999999999999
11035,1705,271037,264037,244,102,0.11111111111111108,4.215999999999999
11036,1705,271037,264037,244,69,0.11111111111111108,4.215999999999999
11037,1705,271037,264037,535,318,0.11111111111111108,4.215999999999999
11038,1705,271037,264037,535,102,0.11111111111111108,4.215999999999999
11039,1705,271037,264037,535,69,0.11111111111111108,4.215999999999999
11040,1706,271037,282023,242,1501,0.11111111111111108,40.03444444444443
11041,1706,271037,282023,242,352,0.11111111111111108,40.03444444444443
11042,1706,271037,282023,242,907,0.11111111111111108,40.03444444444443
11043,1706,271037,282023,244,1501,0.11111111111111108,40.03444444444443
11044,1706,271037,282023,244,352,0.11111111111111108,40.03444444444443
11045,1706,271037,282023,244,907,0.11111111111111108,40.03444444444443
11046,1706,271037,282023,535,1501,0.11111111111111108,40.03444444444443
11047,1706,271037,282023,535,352,0.11111111111111108,40.03444444444443
11048,1706,271037,282023,535,907,0.11111111111111108,40.03444444444443
11049,1707,271038,211018,244,835,0.3333333333333333,544.2342666666666
11050,1707,271038,211018,244,1386,0.3333333333333333,544.2342666666666
11051,1707,271038,211018,244,1106,0.3333333333333333,544.2342666666666
11052,1708,271039,285012,242,1308,0.11111111111111108,8.56873333333333
11053,1708,271039,285012,242,920,0.11111111111111108,8.56873333333333
11054,1708,271039,285012,242,1309,0.11111111111111108,8.56873333333333
11055,1708,271039,285012,1185,1308,0.11111111111111108,8.56873333333333
11056,1708,271039,285012,1185,920,0.11111111111111108,8.56873333333333
11057,1708,271039,285012,1185,1309,0.11111111111111108,8.56873333333333
11058,1708,271039,285012,1178,1308,0.11111111111111108,8.56873333333333
11059,1708,271039,285012,1178,920,0.11111111111111108,8.56873333333333
11060,1708,271039,285012,1178,1309,0.11111111111111108,8.56873333333333
11061,1709,271040,242041,1187,486,0.11111111111111108,11.515488888888886
11062,1709,271040,242041,1187,426,0.11111111111111108,11.515488888888886
11063,1709,271040,242041,1187,489,0.11111111111111108,11.515488888888886
11064,1709,271040,242041,1195,486,0.11111111111111108,11.515488888888886
11065,1709,271040,242041,1195,426,0.11111111111111108,11.515488888888886
11066,1709,271040,242041,1195,489,0.11111111111111108,11.515488888888886
11067,1709,271040,242041,1186,486,0.11111111111111108,11.515488888888886
11068,1709,271040,242041,1186,426,0.11111111111111108,11.515488888888886
11069,1709,271040,242041,1186,489,0.11111111111111108,11.515488888888886
11070,1710,271040,243049,1187,1469,0.11111111111111108,7.932377777777776
11071,1710,271040,243049,1187,502,0.11111111111111108,7.932377777777776
11072,1710,271040,243049,1187,1727,0.11111111111111108,7.932377777777776
11073,1710,271040,243049,1195,1469,0.11111111111111108,7.932377777777776
11074,1710,271040,243049,1195,502,0.11111111111111108,7.932377777777776
11075,1710,271040,243049,1195,1727,0.11111111111111108,7.932377777777776
11076,1710,271040,243049,1186,1469,0.11111111111111108,7.932377777777776
11077,1710,271040,243049,1186,502,0.11111111111111108,7.932377777777776
11078,1710,271040,243049,1186,1727,0.11111111111111108,7.932377777777776
11079,1711,271041,245013,1195,285,1.0,144.4264
11080,1712,271044,235006,1315,601,0.3333333333333333,78.22856666666667
11081,1712,271044,235006,1558,601,0.3333333333333333,78.22856666666667
11082,1712,271044,235006,1199,601,0.3333333333333333,78.22856666666667
11083,1713,271045,241012,1522,353,0.3333333333333333,23.900433333333332
11084,1713,271045,241012,1522,1143,0.3333333333333333,23.900433333333332
11085,1713,271045,241012,1522,396,0.3333333333333333,23.900433333333332
11086,1714,271045,245009,1522,1499,1.0,197.0883
11087,1715,271045,245010,1522,506,0.3333333333333333,48.142133333333334
11088,1715,271045,245010,1522,283,0.3333333333333333,48.142133333333334
11089,1715,271045,245010,1522,470,0.3333333333333333,48.142133333333334
11090,1716,271045,245017,1522,285,0.3333333333333333,45.04633333333334
11091,1716,271045,245017,1522,1463,0.3333333333333333,45.04633333333334
11092,1716,271045,245017,1522,541,0.3333333333333333,45.04633333333334
11093,1717,271045,264037,1522,318,0.3333333333333333,59.43053333333333
11094,1717,271045,264037,1522,102,0.3333333333333333,59.43053333333333
11095,1717,271045,264037,1522,69,0.3333333333333333,59.43053333333333
11096,1718,271045,267003,1522,780,0.3333333333333333,47.67946666666666
11097,1718,271045,267003,1522,1056,0.3333333333333333,47.67946666666666
11098,1718,271045,267003,1522,785,0.3333333333333333,47.67946666666666
11099,1719,271046,231004,1187,1522,0.16666666666666669,51.988400000000006
11100,1719,271046,231004,1187,33,0.16666666666666669,51.988400000000006
11101,1719,271046,231004,1187,1315,0.16666666666666669,51.988400000000006
11102,1719,271046,231004,1186,1522,0.16666666666666669,51.988400000000006
11103,1719,271046,231004,1186,33,0.16666666666666669,51.988400000000006
11104,1719,271046,231004,1186,1315,0.16666666666666669,51.988400000000006
11105,1720,271046,241021,1187,1129,0.16666666666666669,24.958950000000005
11106,1720,271046,241021,1187,1137,0.16666666666666669,24.958950000000005
11107,1720,271046,241021,1187,1133,0.16666666666666669,24.958950000000005
11108,1720,271046,241021,1186,1129,0.16666666666666669,24.958950000000005
11109,1720,271046,241021,1186,1137,0.16666666666666669,24.958950000000005
11110,1720,271046,241021,1186,1133,0.16666666666666669,24.958950000000005
11111,1721,271046,271013,1187,352,0.16666666666666669,127.61608333333335
11112,1721,271046,271013,1187,250,0.16666666666666669,127.61608333333335
11113,1721,271046,271013,1187,970,0.16666666666666669,127.61608333333335
11114,1721,271046,271013,1186,352,0.16666666666666669,127.61608333333335
11115,1721,271046,271013,1186,250,0.16666666666666669,127.61608333333335
11116,1721,271046,271013,1186,970,0.16666666666666669,127.61608333333335
11117,1722,271047,241018,14,884,0.16666666666666669,23.259800000000002
11118,1722,271047,241018,14,1138,0.16666666666666669,23.259800000000002
11119,1722,271047,241018,1520,884,0.16666666666666669,23.259800000000002
11120,1722,271047,241018,1520,1138,0.16666666666666669,23.259800000000002
11121,1722,271047,241018,108,884,0.16666666666666669,23.259800000000002
11122,1722,271047,241018,108,1138,0.16666666666666669,23.259800000000002
11123,1723,271047,267030,14,618,0.11111111111111108,8.936177777777775
11124,1723,271047,267030,14,274,0.11111111111111108,8.936177777777775
11125,1723,271047,267030,14,270,0.11111111111111108,8.936177777777775
11126,1723,271047,267030,1520,618,0.11111111111111108,8.936177777777775
11127,1723,271047,267030,1520,274,0.11111111111111108,8.936177777777775
11128,1723,271047,267030,1520,270,0.11111111111111108,8.936177777777775
11129,1723,271047,267030,108,618,0.11111111111111108,8.936177777777775
11130,1723,271047,267030,108,274,0.11111111111111108,8.936177777777775
11131,1723,271047,267030,108,270,0.11111111111111108,8.936177777777775
11132,1724,271050,283017,1522,101,0.16666666666666669,57.65981666666668
11133,1724,271050,283017,1522,905,0.16666666666666669,57.65981666666668
11134,1724,271050,283017,1215,101,0.16666666666666669,57.65981666666668
11135,1724,271050,283017,1215,905,0.16666666666666669,57.65981666666668
11136,1724,271050,283017,718,101,0.16666666666666669,57.65981666666668
11137,1724,271050,283017,718,905,0.16666666666666669,57.65981666666668
11138,1725,271050,285003,1522,1194,0.11111111111111108,4.413887290667532
11139,1725,271050,285003,1522,1186,0.11111111111111108,4.413887290667532
11140,1725,271050,285003,1522,1195,0.11111111111111108,4.413887290667532
11141,1725,271050,285003,1215,1194,0.11111111111111108,4.413887290667532
11142,1725,271050,285003,1215,1186,0.11111111111111108,4.413887290667532
11143,1725,271050,285003,1215,1195,0.11111111111111108,4.413887290667532
11144,1725,271050,285003,718,1194,0.11111111111111108,4.413887290667532
11145,1725,271050,285003,718,1186,0.11111111111111108,4.413887290667532
11146,1725,271050,285003,718,1195,0.11111111111111108,4.413887290667532
11147,1726,271050,285005,1522,1193,0.11111111111111108,8.217044444444442
11148,1726,271050,285005,1522,346,0.11111111111111108,8.217044444444442
11149,1726,271050,285005,1522,1192,0.11111111111111108,8.217044444444442
11150,1726,271050,285005,1215,1193,0.11111111111111108,8.217044444444442
11151,1726,271050,285005,1215,346,0.11111111111111108,8.217044444444442
11152,1726,271050,285005,1215,1192,0.11111111111111108,8.217044444444442
11153,1726,271050,285005,718,1193,0.11111111111111108,8.217044444444442
11154,1726,271050,285005,718,346,0.11111111111111108,8.217044444444442
11155,1726,271050,285005,718,1192,0.11111111111111108,8.217044444444442
11156,1727,271050,285006,1522,1610,0.11111111111111108,48.800522222222206
11157,1727,271050,285006,1522,1611,0.11111111111111108,48.800522222222206
11158,1727,271050,285006,1522,1192,0.11111111111111108,48.800522222222206
11159,1727,271050,285006,1215,1610,0.11111111111111108,48.800522222222206
11160,1727,271050,285006,1215,1611,0.11111111111111108,48.800522222222206
11161,1727,271050,285006,1215,1192,0.11111111111111108,48.800522222222206
11162,1727,271050,285006,718,1610,0.11111111111111108,48.800522222222206
11163,1727,271050,285006,718,1611,0.11111111111111108,48.800522222222206
11164,1727,271050,285006,718,1192,0.11111111111111108,48.800522222222206
11165,1728,271050,285019,1522,1500,0.11111111111111108,16.68751047237284
11166,1728,271050,285019,1522,1182,0.11111111111111108,16.68751047237284
11167,1728,271050,285019,1522,351,0.11111111111111108,16.68751047237284
11168,1728,271050,285019,1215,1500,0.11111111111111108,16.68751047237284
11169,1728,271050,285019,1215,1182,0.11111111111111108,16.68751047237284
11170,1728,271050,285019,1215,351,0.11111111111111108,16.68751047237284
11171,1728,271050,285019,718,1500,0.11111111111111108,16.68751047237284
11172,1728,271050,285019,718,1182,0.11111111111111108,16.68751047237284
11173,1728,271050,285019,718,351,0.11111111111111108,16.68751047237284
11174,1729,271051,284024,307,337,0.3333333333333333,128.9082
11175,1729,271051,284024,307,329,0.3333333333333333,128.9082
11176,1729,271051,284024,307,1222,0.3333333333333333,128.9082
11177,1730,271052,231003,512,718,0.11111111111111108,11.074044444444441
11178,1730,271052,231003,512,584,0.11111111111111108,11.074044444444441
11179,1730,271052,231003,512,307,0.11111111111111108,11.074044444444441
11180,1730,271052,231003,1184,718,0.11111111111111108,11.074044444444441
11181,1730,271052,231003,1184,584,0.11111111111111108,11.074044444444441
11182,1730,271052,231003,1184,307,0.11111111111111108,11.074044444444441
11183,1730,271052,231003,1183,718,0.11111111111111108,11.074044444444441
11184,1730,271052,231003,1183,584,0.11111111111111108,11.074044444444441
11185,1730,271052,231003,1183,307,0.11111111111111108,11.074044444444441
11186,1731,272012,247011,1370,1140,0.11111111111111108,9.487344444444442
11187,1731,272012,247011,1370,896,0.11111111111111108,9.487344444444442
11188,1731,272012,247011,1370,313,0.11111111111111108,9.487344444444442
11189,1731,272012,247011,1501,1140,0.11111111111111108,9.487344444444442
11190,1731,272012,247011,1501,896,0.11111111111111108,9.487344444444442
11191,1731,272012,247011,1501,313,0.11111111111111108,9.487344444444442
11192,1731,272012,247011,244,1140,0.11111111111111108,9.487344444444442
11193,1731,272012,247011,244,896,0.11111111111111108,9.487344444444442
11194,1731,272012,247011,244,313,0.11111111111111108,9.487344444444442
11195,1732,272015,147004,1370,395,0.5,15.06515
11196,1732,272015,147004,1370,394,0.5,15.06515
11197,1733,272015,229044,1370,91,0.3333333333333333,70.66789004101966
11198,1733,272015,229044,1370,92,0.3333333333333333,70.66789004101966
11199,1733,272015,229044,1370,693,0.3333333333333333,70.66789004101966
11200,1734,272015,237001,1370,1289,0.3333333333333333,1.9522666666666666
11201,1734,272015,237001,1370,1518,0.3333333333333333,1.9522666666666666
11202,1734,272015,237001,1370,1588,0.3333333333333333,1.9522666666666666
11203,1735,272015,264034,1370,69,0.3333333333333333,141.4468755236335
11204,1735,272015,264034,1370,318,0.3333333333333333,141.4468755236335
11205,1735,272015,264034,1370,67,0.3333333333333333,141.4468755236335
11206,1736,272015,265020,1370,1340,0.5,77.4874
11207,1736,272015,265020,1370,1093,0.5,77.4874
11208,1737,272015,268031,1370,1206,0.3333333333333333,39.07151406712609
11209,1737,272015,268031,1370,1377,0.3333333333333333,39.07151406712609
11210,1737,272015,268031,1370,1699,0.3333333333333333,39.07151406712609
11211,1738,272017,242041,1501,486,0.11111111111111108,11.26192222222222
11212,1738,272017,242041,1501,426,0.11111111111111108,11.26192222222222
11213,1738,272017,242041,1501,489,0.11111111111111108,11.26192222222222
11214,1738,272017,242041,907,486,0.11111111111111108,11.26192222222222
11215,1738,272017,242041,907,426,0.11111111111111108,11.26192222222222
11216,1738,272017,242041,907,489,0.11111111111111108,11.26192222222222
11217,1738,272017,242041,1188,486,0.11111111111111108,11.26192222222222
11218,1738,272017,242041,1188,426,0.11111111111111108,11.26192222222222
11219,1738,272017,242041,1188,489,0.11111111111111108,11.26192222222222
11220,1739,272017,247006,1501,1139,0.11111111111111108,15.536866666666661
11221,1739,272017,247006,1501,313,0.11111111111111108,15.536866666666661
11222,1739,272017,247006,1501,1136,0.11111111111111108,15.536866666666661
11223,1739,272017,247006,907,1139,0.11111111111111108,15.536866666666661
11224,1739,272017,247006,907,313,0.11111111111111108,15.536866666666661
11225,1739,272017,247006,907,1136,0.11111111111111108,15.536866666666661
11226,1739,272017,247006,1188,1139,0.11111111111111108,15.536866666666661
11227,1739,272017,247006,1188,313,0.11111111111111108,15.536866666666661
11228,1739,272017,247006,1188,1136,0.11111111111111108,15.536866666666661
11229,1740,272017,283032,1501,1200,0.11111111111111108,13.196366666666663
11230,1740,272017,283032,1501,338,0.11111111111111108,13.196366666666663
11231,1740,272017,283032,1501,1201,0.11111111111111108,13.196366666666663
11232,1740,272017,283032,907,1200,0.11111111111111108,13.196366666666663
11233,1740,272017,283032,907,338,0.11111111111111108,13.196366666666663
11234,1740,272017,283032,907,1201,0.11111111111111108,13.196366666666663
11235,1740,272017,283032,1188,1200,0.11111111111111108,13.196366666666663
11236,1740,272017,283032,1188,338,0.11111111111111108,13.196366666666663
11237,1740,272017,283032,1188,1201,0.11111111111111108,13.196366666666663
11238,1741,272017,284023,1501,329,0.3333333333333333,51.4124
11239,1741,272017,284023,907,329,0.3333333333333333,51.4124
11240,1741,272017,284023,1188,329,0.3333333333333333,51.4124
11241,1742,281028,211019,1249,4,0.11111111111111108,9.294511111111108
11242,1742,281028,211019,1249,495,0.11111111111111108,9.294511111111108
11243,1742,281028,211019,1249,1102,0.11111111111111108,9.294511111111108
11244,1742,281028,211019,1669,4,0.11111111111111108,9.294511111111108
11245,1742,281028,211019,1669,495,0.11111111111111108,9.294511111111108
11246,1742,281028,211019,1669,1102,0.11111111111111108,9.294511111111108
11247,1742,281028,211019,1554,4,0.11111111111111108,9.294511111111108
11248,1742,281028,211019,1554,495,0.11111111111111108,9.294511111111108
11249,1742,281028,211019,1554,1102,0.11111111111111108,9.294511111111108
11250,1743,281028,211021,1249,291,0.11111111111111108,25.015556929221397
11251,1743,281028,211021,1249,1521,0.11111111111111108,25.015556929221397
11252,1743,281028,211021,1249,1310,0.11111111111111108,25.015556929221397
11253,1743,281028,211021,1669,291,0.11111111111111108,25.015556929221397
11254,1743,281028,211021,1669,1521,0.11111111111111108,25.015556929221397
11255,1743,281028,211021,1669,1310,0.11111111111111108,25.015556929221397
11256,1743,281028,211021,1554,291,0.11111111111111108,25.015556929221397
11257,1743,281028,211021,1554,1521,0.11111111111111108,25.015556929221397
11258,1743,281028,211021,1554,1310,0.11111111111111108,25.015556929221397
11259,1744,281028,215002,1249,381,0.11111111111111108,7.204266666666664
11260,1744,281028,215002,1249,1659,0.11111111111111108,7.204266666666664
11261,1744,281028,215002,1249,1638,0.11111111111111108,7.204266666666664
11262,1744,281028,215002,1669,381,0.11111111111111108,7.204266666666664
11263,1744,281028,215002,1669,1659,0.11111111111111108,7.204266666666664
11264,1744,281028,215002,1669,1638,0.11111111111111108,7.204266666666664
11265,1744,281028,215002,1554,381,0.11111111111111108,7.204266666666664
11266,1744,281028,215002,1554,1659,0.11111111111111108,7.204266666666664
11267,1744,281028,215002,1554,1638,0.11111111111111108,7.204266666666664
11268,1745,281028,215006,1249,1109,0.11111111111111108,7.965699999999997
11269,1745,281028,215006,1249,1404,0.11111111111111108,7.965699999999997
11270,1745,281028,215006,1249,1513,0.11111111111111108,7.965699999999997
11271,1745,281028,215006,1669,1109,0.11111111111111108,7.965699999999997
11272,1745,281028,215006,1669,1404,0.11111111111111108,7.965699999999997
11273,1745,281028,215006,1669,1513,0.11111111111111108,7.965699999999997
11274,1745,281028,215006,1554,1109,0.11111111111111108,7.965699999999997
11275,1745,281028,215006,1554,1404,0.11111111111111108,7.965699999999997
11276,1745,281028,215006,1554,1513,0.11111111111111108,7.965699999999997
11277,1746,281028,227019,1249,93,0.3333333333333333,92.76573333333332
11278,1746,281028,227019,1669,93,0.3333333333333333,92.76573333333332
11279,1746,281028,227019,1554,93,0.3333333333333333,92.76573333333332
11280,1747,281028,231002,1249,983,0.11111111111111108,8.978855555555555
11281,1747,281028,231002,1249,1520,0.11111111111111108,8.978855555555555
11282,1747,281028,231002,1249,1711,0.11111111111111108,8.978855555555555
11283,1747,281028,231002,1669,983,0.11111111111111108,8.978855555555555
11284,1747,281028,231002,1669,1520,0.11111111111111108,8.978855555555555
11285,1747,281028,231002,1669,1711,0.11111111111111108,8.978855555555555
11286,1747,281028,231002,1554,983,0.11111111111111108,8.978855555555555
11287,1747,281028,231002,1554,1520,0.11111111111111108,8.978855555555555
11288,1747,281028,231002,1554,1711,0.11111111111111108,8.978855555555555
11289,1748,281028,234014,1249,979,0.3333333333333333,27.1222
11290,1748,281028,234014,1669,979,0.3333333333333333,27.1222
11291,1748,281028,234014,1554,979,0.3333333333333333,27.1222
11292,1749,281028,243036,1249,510,0.11111111111111108,3.4940444444444436
11293,1749,281028,243036,1249,515,0.11111111111111108,3.4940444444444436
11294,1749,281028,243036,1249,368,0.11111111111111108,3.4940444444444436
11295,1749,281028,243036,1669,510,0.11111111111111108,3.4940444444444436
11296,1749,281028,243036,1669,515,0.11111111111111108,3.4940444444444436
11297,1749,281028,243036,1669,368,0.11111111111111108,3.4940444444444436
11298,1749,281028,243036,1554,510,0.11111111111111108,3.4940444444444436
11299,1749,281028,243036,1554,515,0.11111111111111108,3.4940444444444436
11300,1749,281028,243036,1554,368,0.11111111111111108,3.4940444444444436
11301,1750,281028,264002,1249,1635,0.11111111111111108,7.031811111111109
11302,1750,281028,264002,1249,1240,0.11111111111111108,7.031811111111109
11303,1750,281028,264002,1249,1340,0.11111111111111108,7.031811111111109
11304,1750,281028,264002,1669,1635,0.11111111111111108,7.031811111111109
11305,1750,281028,264002,1669,1240,0.11111111111111108,7.031811111111109
11306,1750,281028,264002,1669,1340,0.11111111111111108,7.031811111111109
11307,1750,281028,264002,1554,1635,0.11111111111111108,7.031811111111109
11308,1750,281028,264002,1554,1240,0.11111111111111108,7.031811111111109
11309,1750,281028,264002,1554,1340,0.11111111111111108,7.031811111111109
11310,1751,281028,267030,1249,618,0.11111111111111108,16.823711111111106
11311,1751,281028,267030,1249,274,0.11111111111111108,16.823711111111106
11312,1751,281028,267030,1249,270,0.11111111111111108,16.823711111111106
11313,1751,281028,267030,1669,618,0.11111111111111108,16.823711111111106
11314,1751,281028,267030,1669,274,0.11111111111111108,16.823711111111106
11315,1751,281028,267030,1669,270,0.11111111111111108,16.823711111111106
11316,1751,281028,267030,1554,618,0.11111111111111108,16.823711111111106
11317,1751,281028,267030,1554,274,0.11111111111111108,16.823711111111106
11318,1751,281028,267030,1554,270,0.11111111111111108,16.823711111111106
11319,1752,281028,271015,1249,352,0.11111111111111108,26.105933333333322
11320,1752,281028,271015,1249,1580,0.11111111111111108,26.105933333333322
11321,1752,281028,271015,1249,249,0.11111111111111108,26.105933333333322
11322,1752,281028,271015,1669,352,0.11111111111111108,26.105933333333322
11323,1752,281028,271015,1669,1580,0.11111111111111108,26.105933333333322
11324,1752,281028,271015,1669,249,0.11111111111111108,26.105933333333322
11325,1752,281028,271015,1554,352,0.11111111111111108,26.105933333333322
11326,1752,281028,271015,1554,1580,0.11111111111111108,26.105933333333322
11327,1752,281028,271015,1554,249,0.11111111111111108,26.105933333333322
11328,1753,281028,282023,1249,1501,0.11111111111111108,12.690722222222217
11329,1753,281028,282023,1249,352,0.11111111111111108,12.690722222222217
11330,1753,281028,282023,1249,907,0.11111111111111108,12.690722222222217
11331,1753,281028,282023,1669,1501,0.11111111111111108,12.690722222222217
11332,1753,281028,282023,1669,352,0.11111111111111108,12.690722222222217
11333,1753,281028,282023,1669,907,0.11111111111111108,12.690722222222217
11334,1753,281028,282023,1554,1501,0.11111111111111108,12.690722222222217
11335,1753,281028,282023,1554,352,0.11111111111111108,12.690722222222217
11336,1753,281028,282023,1554,907,0.11111111111111108,12.690722222222217
11337,1754,281028,284023,1249,329,0.3333333333333333,263.0493333333333
11338,1754,281028,284023,1669,329,0.3333333333333333,263.0493333333333
11339,1754,281028,284023,1554,329,0.3333333333333333,263.0493333333333
11340,1755,281028,285004,1249,1194,0.16666666666666669,12.583883333333334
11341,1755,281028,285004,1249,1185,0.16666666666666669,12.583883333333334
11342,1755,281028,285004,1669,1194,0.16666666666666669,12.583883333333334
11343,1755,281028,285004,1669,1185,0.16666666666666669,12.583883333333334
11344,1755,281028,285004,1554,1194,0.16666666666666669,12.583883333333334
11345,1755,281028,285004,1554,1185,0.16666666666666669,12.583883333333334
11346,1756,282009,236009,1501,991,0.3333333333333333,24.216966666666664
11347,1756,282009,236009,328,991,0.3333333333333333,24.216966666666664
11348,1756,282009,236009,1190,991,0.3333333333333333,24.216966666666664
11349,1757,282010,113013,1501,74,0.11111111111111108,11.732977777777776
11350,1757,282010,113013,1501,1371,0.11111111111111108,11.732977777777776
11351,1757,282010,113013,1501,170,0.11111111111111108,11.732977777777776
11352,1757,282010,113013,970,74,0.11111111111111108,11.732977777777776
11353,1757,282010,113013,970,1371,0.11111111111111108,11.732977777777776
11354,1757,282010,113013,970,170,0.11111111111111108,11.732977777777776
11355,1757,282010,113013,1190,74,0.11111111111111108,11.732977777777776
11356,1757,282010,113013,1190,1371,0.11111111111111108,11.732977777777776
11357,1757,282010,113013,1190,170,0.11111111111111108,11.732977777777776
11358,1758,282010,285002,1501,1191,0.11111111111111108,4.092088888888888
11359,1758,282010,285002,1501,1189,0.11111111111111108,4.092088888888888
11360,1758,282010,285002,1501,1188,0.11111111111111108,4.092088888888888
11361,1758,282010,285002,970,1191,0.11111111111111108,4.092088888888888
11362,1758,282010,285002,970,1189,0.11111111111111108,4.092088888888888
11363,1758,282010,285002,970,1188,0.11111111111111108,4.092088888888888
11364,1758,282010,285002,1190,1191,0.11111111111111108,4.092088888888888
11365,1758,282010,285002,1190,1189,0.11111111111111108,4.092088888888888
11366,1758,282010,285002,1190,1188,0.11111111111111108,4.092088888888888
11367,1759,282023,237003,1501,902,0.16666666666666669,68.45043333333335
11368,1759,282023,237003,1501,463,0.16666666666666669,68.45043333333335
11369,1759,282023,237003,352,902,0.16666666666666669,68.45043333333335
11370,1759,282023,237003,352,463,0.16666666666666669,68.45043333333335
11371,1759,282023,237003,907,902,0.16666666666666669,68.45043333333335
11372,1759,282023,237003,907,463,0.16666666666666669,68.45043333333335
11373,1760,282023,242001,1501,890,0.11111111111111108,57.96659999999998
11374,1760,282023,242001,1501,492,0.11111111111111108,57.96659999999998
11375,1760,282023,242001,1501,1350,0.11111111111111108,57.96659999999998
11376,1760,282023,242001,352,890,0.11111111111111108,57.96659999999998
11377,1760,282023,242001,352,492,0.11111111111111108,57.96659999999998
11378,1760,282023,242001,352,1350,0.11111111111111108,57.96659999999998
11379,1760,282023,242001,907,890,0.11111111111111108,57.96659999999998
11380,1760,282023,242001,907,492,0.11111111111111108,57.96659999999998
11381,1760,282023,242001,907,1350,0.11111111111111108,57.96659999999998
11382,1761,282023,244029,1501,1469,0.11111111111111108,11.366688888888888
11383,1761,282023,244029,1501,482,0.11111111111111108,11.366688888888888
11384,1761,282023,244029,1501,1088,0.11111111111111108,11.366688888888888
11385,1761,282023,244029,352,1469,0.11111111111111108,11.366688888888888
11386,1761,282023,244029,352,482,0.11111111111111108,11.366688888888888
11387,1761,282023,244029,352,1088,0.11111111111111108,11.366688888888888
11388,1761,282023,244029,907,1469,0.11111111111111108,11.366688888888888
11389,1761,282023,244029,907,482,0.11111111111111108,11.366688888888888
11390,1761,282023,244029,907,1088,0.11111111111111108,11.366688888888888
11391,1762,282023,263015,1501,1377,0.16666666666666669,27.112533333333335
11392,1762,282023,263015,1501,1067,0.16666666666666669,27.112533333333335
11393,1762,282023,263015,352,1377,0.16666666666666669,27.112533333333335
11394,1762,282023,263015,352,1067,0.16666666666666669,27.112533333333335
11395,1762,282023,263015,907,1377,0.16666666666666669,27.112533333333335
11396,1762,282023,263015,907,1067,0.16666666666666669,27.112533333333335
11397,1763,282023,271013,1501,352,0.12499999999999997,9.313249999999998
11398,1763,282023,271013,1501,250,0.12499999999999997,9.313249999999998
11399,1763,282023,271013,1501,970,0.12499999999999997,9.313249999999998
11400,1763,282023,271013,352,250,0.12499999999999997,9.313249999999998
11401,1763,282023,271013,352,970,0.12499999999999997,9.313249999999998
11402,1763,282023,271013,907,352,0.12499999999999997,9.313249999999998
11403,1763,282023,271013,907,250,0.12499999999999997,9.313249999999998
11404,1763,282023,271013,907,970,0.12499999999999997,9.313249999999998
11405,1764,282023,271037,1501,242,0.11111111111111108,76.07433333333331
11406,1764,282023,271037,1501,244,0.11111111111111108,76.07433333333331
11407,1764,282023,271037,1501,535,0.11111111111111108,76.07433333333331
11408,1764,282023,271037,352,242,0.11111111111111108,76.07433333333331
11409,1764,282023,271037,352,244,0.11111111111111108,76.07433333333331
11410,1764,282023,271037,352,535,0.11111111111111108,76.07433333333331
11411,1764,282023,271037,907,242,0.11111111111111108,76.07433333333331
11412,1764,282023,271037,907,244,0.11111111111111108,76.07433333333331
11413,1764,282023,271037,907,535,0.11111111111111108,76.07433333333331
11414,1765,282023,281028,1501,1249,0.11111111111111108,12.690722222222217
11415,1765,282023,281028,1501,1669,0.11111111111111108,12.690722222222217
11416,1765,282023,281028,1501,1554,0.11111111111111108,12.690722222222217
11417,1765,282023,281028,352,1249,0.11111111111111108,12.690722222222217
11418,1765,282023,281028,352,1669,0.11111111111111108,12.690722222222217
11419,1765,282023,281028,352,1554,0.11111111111111108,12.690722222222217
11420,1765,282023,281028,907,1249,0.11111111111111108,12.690722222222217
11421,1765,282023,281028,907,1669,0.11111111111111108,12.690722222222217
11422,1765,282023,281028,907,1554,0.11111111111111108,12.690722222222217
11423,1766,282023,282023,1501,352,0.16666666666666663,72.49073703029141
11424,1766,282023,282023,1501,907,0.16666666666666663,72.49073703029141
11425,1766,282023,282023,352,1501,0.16666666666666663,72.49073703029141
11426,1766,282023,282023,352,907,0.16666666666666663,72.49073703029141
11427,1766,282023,282023,907,1501,0.16666666666666663,72.49073703029141
11428,1766,282023,282023,907,352,0.16666666666666663,72.49073703029141
11429,1767,282023,283028,1501,1634,0.16666666666666669,14.88359213293345
11430,1767,282023,283028,1501,328,0.16666666666666669,14.88359213293345
11431,1767,282023,283028,352,1634,0.16666666666666669,14.88359213293345
11432,1767,282023,283028,352,328,0.16666666666666669,14.88359213293345
11433,1767,282023,283028,907,1634,0.16666666666666669,14.88359213293345
11434,1767,282023,283028,907,328,0.16666666666666669,14.88359213293345
11435,1768,283017,236010,101,460,0.16666666666666669,41.331450000000004
11436,1768,283017,236010,101,991,0.16666666666666669,41.331450000000004
11437,1768,283017,236010,101,362,0.16666666666666669,41.331450000000004
11438,1768,283017,236010,905,460,0.16666666666666669,41.331450000000004
11439,1768,283017,236010,905,991,0.16666666666666669,41.331450000000004
11440,1768,283017,236010,905,362,0.16666666666666669,41.331450000000004
11441,1769,283017,271050,101,1522,0.16666666666666669,57.65981666666668
11442,1769,283017,271050,101,1215,0.16666666666666669,57.65981666666668
11443,1769,283017,271050,101,718,0.16666666666666669,57.65981666666668
11444,1769,283017,271050,905,1522,0.16666666666666669,57.65981666666668
11445,1769,283017,271050,905,1215,0.16666666666666669,57.65981666666668
11446,1769,283017,271050,905,718,0.16666666666666669,57.65981666666668
11447,1770,283018,234025,923,459,0.11111111111111108,22.25425555555555
11448,1770,283018,234025,923,1518,0.11111111111111108,22.25425555555555
11449,1770,283018,234025,923,410,0.11111111111111108,22.25425555555555
11450,1770,283018,234025,1201,459,0.11111111111111108,22.25425555555555
11451,1770,283018,234025,1201,1518,0.11111111111111108,22.25425555555555
11452,1770,283018,234025,1201,410,0.11111111111111108,22.25425555555555
11453,1770,283018,234025,905,459,0.11111111111111108,22.25425555555555
11454,1770,283018,234025,905,1518,0.11111111111111108,22.25425555555555
11455,1770,283018,234025,905,410,0.11111111111111108,22.25425555555555
11456,1771,283018,236024,923,997,0.11111111111111108,14.884288888888884
11457,1771,283018,236024,923,417,0.11111111111111108,14.884288888888884
11458,1771,283018,236024,923,32,0.11111111111111108,14.884288888888884
11459,1771,283018,236024,1201,997,0.11111111111111108,14.884288888888884
11460,1771,283018,236024,1201,417,0.11111111111111108,14.884288888888884
11461,1771,283018,236024,1201,32,0.11111111111111108,14.884288888888884
11462,1771,283018,236024,905,997,0.11111111111111108,14.884288888888884
11463,1771,283018,236024,905,417,0.11111111111111108,14.884288888888884
11464,1771,283018,236024,905,32,0.11111111111111108,14.884288888888884
11465,1772,283025,114009,329,74,0.11111111111111108,9.876166666666663
11466,1772,283025,114009,329,1528,0.11111111111111108,9.876166666666663
11467,1772,283025,114009,329,170,0.11111111111111108,9.876166666666663
11468,1772,283025,114009,1196,74,0.11111111111111108,9.876166666666663
11469,1772,283025,114009,1196,1528,0.11111111111111108,9.876166666666663
11470,1772,283025,114009,1196,170,0.11111111111111108,9.876166666666663
11471,1772,283025,114009,337,74,0.11111111111111108,9.876166666666663
11472,1772,283025,114009,337,1528,0.11111111111111108,9.876166666666663
11473,1772,283025,114009,337,170,0.11111111111111108,9.876166666666663
11474,1773,283025,226007,329,966,0.11111111111111108,77.31526666666664
11475,1773,283025,226007,329,1005,0.11111111111111108,77.31526666666664
11476,1773,283025,226007,329,1485,0.11111111111111108,77.31526666666664
11477,1773,283025,226007,1196,966,0.11111111111111108,77.31526666666664
11478,1773,283025,226007,1196,1005,0.11111111111111108,77.31526666666664
11479,1773,283025,226007,1196,1485,0.11111111111111108,77.31526666666664
11480,1773,283025,226007,337,966,0.11111111111111108,77.31526666666664
11481,1773,283025,226007,337,1005,0.11111111111111108,77.31526666666664
11482,1773,283025,226007,337,1485,0.11111111111111108,77.31526666666664
11483,1774,283025,247006,329,1139,0.11111111111111108,10.302077777777775
11484,1774,283025,247006,329,313,0.11111111111111108,10.302077777777775
11485,1774,283025,247006,329,1136,0.11111111111111108,10.302077777777775
11486,1774,283025,247006,1196,1139,0.11111111111111108,10.302077777777775
11487,1774,283025,247006,1196,313,0.11111111111111108,10.302077777777775
11488,1774,283025,247006,1196,1136,0.11111111111111108,10.302077777777775
11489,1774,283025,247006,337,1139,0.11111111111111108,10.302077777777775
11490,1774,283025,247006,337,313,0.11111111111111108,10.302077777777775
11491,1774,283025,247006,337,1136,0.11111111111111108,10.302077777777775
11492,1775,283025,251002,329,1592,0.11111111111111108,10.654399999999997
11493,1775,283025,251002,329,1420,0.11111111111111108,10.654399999999997
11494,1775,283025,251002,329,1423,0.11111111111111108,10.654399999999997
11495,1775,283025,251002,1196,1592,0.11111111111111108,10.654399999999997
11496,1775,283025,251002,1196,1420,0.11111111111111108,10.654399999999997
11497,1775,283025,251002,1196,1423,0.11111111111111108,10.654399999999997
11498,1775,283025,251002,337,1592,0.11111111111111108,10.654399999999997
11499,1775,283025,251002,337,1420,0.11111111111111108,10.654399999999997
11500,1775,283025,251002,337,1423,0.11111111111111108,10.654399999999997
11501,1776,283025,253006,329,1715,0.3333333333333333,287.63376666666665
11502,1776,283025,253006,1196,1715,0.3333333333333333,287.63376666666665
11503,1776,283025,253006,337,1715,0.3333333333333333,287.63376666666665
11504,1777,283026,121017,329,74,0.11111111111111108,9.166599999999997
11505,1777,283026,121017,329,1418,0.11111111111111108,9.166599999999997
11506,1777,283026,121017,329,170,0.11111111111111108,9.166599999999997
11507,1777,283026,121017,1196,74,0.11111111111111108,9.166599999999997
11508,1777,283026,121017,1196,1418,0.11111111111111108,9.166599999999997
11509,1777,283026,121017,1196,170,0.11111111111111108,9.166599999999997
11510,1777,283026,121017,337,74,0.11111111111111108,9.166599999999997
11511,1777,283026,121017,337,1418,0.11111111111111108,9.166599999999997
11512,1777,283026,121017,337,170,0.11111111111111108,9.166599999999997
11513,1778,283026,271036,329,246,0.11111111111111108,9.165666666666665
11514,1778,283026,271036,329,244,0.11111111111111108,9.165666666666665
11515,1778,283026,271036,329,1313,0.11111111111111108,9.165666666666665
11516,1778,283026,271036,1196,246,0.11111111111111108,9.165666666666665
11517,1778,283026,271036,1196,244,0.11111111111111108,9.165666666666665
11518,1778,283026,271036,1196,1313,0.11111111111111108,9.165666666666665
11519,1778,283026,271036,337,246,0.11111111111111108,9.165666666666665
11520,1778,283026,271036,337,244,0.11111111111111108,9.165666666666665
11521,1778,283026,271036,337,1313,0.11111111111111108,9.165666666666665
11522,1779,283027,211016,1634,1386,0.16666666666666669,17.192983333333334
11523,1779,283027,211016,1634,1304,0.16666666666666669,17.192983333333334
11524,1779,283027,211016,334,1386,0.16666666666666669,17.192983333333334
11525,1779,283027,211016,334,1304,0.16666666666666669,17.192983333333334
11526,1779,283027,211016,101,1386,0.16666666666666669,17.192983333333334
11527,1779,283027,211016,101,1304,0.16666666666666669,17.192983333333334
11528,1780,283027,211020,1634,495,0.3333333333333333,164.647
11529,1780,283027,211020,334,495,0.3333333333333333,164.647
11530,1780,283027,211020,101,495,0.3333333333333333,164.647
11531,1781,283027,211021,1634,291,0.11111111111111108,56.223422222222204
11532,1781,283027,211021,1634,1521,0.11111111111111108,56.223422222222204
11533,1781,283027,211021,1634,1310,0.11111111111111108,56.223422222222204
11534,1781,283027,211021,334,291,0.11111111111111108,56.223422222222204
11535,1781,283027,211021,334,1521,0.11111111111111108,56.223422222222204
11536,1781,283027,211021,334,1310,0.11111111111111108,56.223422222222204
11537,1781,283027,211021,101,291,0.11111111111111108,56.223422222222204
11538,1781,283027,211021,101,1521,0.11111111111111108,56.223422222222204
11539,1781,283027,211021,101,1310,0.11111111111111108,56.223422222222204
11540,1782,283027,215002,1634,381,0.11111111111111108,8.072322222222219
11541,1782,283027,215002,1634,1659,0.11111111111111108,8.072322222222219
11542,1782,283027,215002,1634,1638,0.11111111111111108,8.072322222222219
11543,1782,283027,215002,334,381,0.11111111111111108,8.072322222222219
11544,1782,283027,215002,334,1659,0.11111111111111108,8.072322222222219
11545,1782,283027,215002,334,1638,0.11111111111111108,8.072322222222219
11546,1782,283027,215002,101,381,0.11111111111111108,8.072322222222219
11547,1782,283027,215002,101,1659,0.11111111111111108,8.072322222222219
11548,1782,283027,215002,101,1638,0.11111111111111108,8.072322222222219
11549,1783,283027,217001,1634,736,0.11111111111111108,10.787688888888887
11550,1783,283027,217001,1634,1070,0.11111111111111108,10.787688888888887
11551,1783,283027,217001,1634,511,0.11111111111111108,10.787688888888887
11552,1783,283027,217001,334,736,0.11111111111111108,10.787688888888887
11553,1783,283027,217001,334,1070,0.11111111111111108,10.787688888888887
11554,1783,283027,217001,334,511,0.11111111111111108,10.787688888888887
11555,1783,283027,217001,101,736,0.11111111111111108,10.787688888888887
11556,1783,283027,217001,101,1070,0.11111111111111108,10.787688888888887
11557,1783,283027,217001,101,511,0.11111111111111108,10.787688888888887
11558,1784,283027,225019,1634,553,0.16666666666666669,35.10215
11559,1784,283027,225019,1634,560,0.16666666666666669,35.10215
11560,1784,283027,225019,334,553,0.16666666666666669,35.10215
11561,1784,283027,225019,334,560,0.16666666666666669,35.10215
11562,1784,283027,225019,101,553,0.16666666666666669,35.10215
11563,1784,283027,225019,101,560,0.16666666666666669,35.10215
11564,1785,283027,233011,1634,443,0.11111111111111108,8.639644444444443
11565,1785,283027,233011,1634,1175,0.11111111111111108,8.639644444444443
11566,1785,283027,233011,1634,444,0.11111111111111108,8.639644444444443
11567,1785,283027,233011,334,443,0.11111111111111108,8.639644444444443
11568,1785,283027,233011,334,1175,0.11111111111111108,8.639644444444443
11569,1785,283027,233011,334,444,0.11111111111111108,8.639644444444443
11570,1785,283027,233011,101,443,0.11111111111111108,8.639644444444443
11571,1785,283027,233011,101,1175,0.11111111111111108,8.639644444444443
11572,1785,283027,233011,101,444,0.11111111111111108,8.639644444444443
11573,1786,283027,242039,1634,396,0.11111111111111108,10.358311111111108
11574,1786,283027,242039,1634,1574,0.11111111111111108,10.358311111111108
11575,1786,283027,242039,1634,473,0.11111111111111108,10.358311111111108
11576,1786,283027,242039,334,396,0.11111111111111108,10.358311111111108
11577,1786,283027,242039,334,1574,0.11111111111111108,10.358311111111108
11578,1786,283027,242039,334,473,0.11111111111111108,10.358311111111108
11579,1786,283027,242039,101,396,0.11111111111111108,10.358311111111108
11580,1786,283027,242039,101,1574,0.11111111111111108,10.358311111111108
11581,1786,283027,242039,101,473,0.11111111111111108,10.358311111111108
11582,1787,283027,267025,1634,783,0.16666666666666669,37.384600000000006
11583,1787,283027,267025,1634,1055,0.16666666666666669,37.384600000000006
11584,1787,283027,267025,334,783,0.16666666666666669,37.384600000000006
11585,1787,283027,267025,334,1055,0.16666666666666669,37.384600000000006
11586,1787,283027,267025,101,783,0.16666666666666669,37.384600000000006
11587,1787,283027,267025,101,1055,0.16666666666666669,37.384600000000006
11588,1788,283027,269003,1634,49,0.16666666666666669,12.959466666666668
11589,1788,283027,269003,1634,1240,0.16666666666666669,12.959466666666668
11590,1788,283027,269003,334,49,0.16666666666666669,12.959466666666668
11591,1788,283027,269003,334,1240,0.16666666666666669,12.959466666666668
11592,1788,283027,269003,101,49,0.16666666666666669,12.959466666666668
11593,1788,283027,269003,101,1240,0.16666666666666669,12.959466666666668
11594,1789,283027,272015,1634,1370,0.3333333333333333,32.73016666666666
11595,1789,283027,272015,334,1370,0.3333333333333333,32.73016666666666
11596,1789,283027,272015,101,1370,0.3333333333333333,32.73016666666666
11597,1790,283027,286028,1634,1554,0.11111111111111108,7.300847902974939
11598,1790,283027,286028,1634,1224,0.11111111111111108,7.300847902974939
11599,1790,283027,286028,1634,1724,0.11111111111111108,7.300847902974939
11600,1790,283027,286028,334,1554,0.11111111111111108,7.300847902974939
11601,1790,283027,286028,334,1224,0.11111111111111108,7.300847902974939
11602,1790,283027,286028,334,1724,0.11111111111111108,7.300847902974939
11603,1790,283027,286028,101,1554,0.11111111111111108,7.300847902974939
11604,1790,283027,286028,101,1224,0.11111111111111108,7.300847902974939
11605,1790,283027,286028,101,1724,0.11111111111111108,7.300847902974939
11606,1791,283028,121005,1634,74,0.16666666666666669,14.81425
11607,1791,283028,121005,1634,290,0.16666666666666669,14.81425
11608,1791,283028,121005,1634,170,0.16666666666666669,14.81425
11609,1791,283028,121005,328,74,0.16666666666666669,14.81425
11610,1791,283028,121005,328,290,0.16666666666666669,14.81425
11611,1791,283028,121005,328,170,0.16666666666666669,14.81425
11612,1792,283028,211021,1634,291,0.16666666666666669,157.63403333333335
11613,1792,283028,211021,1634,1521,0.16666666666666669,157.63403333333335
11614,1792,283028,211021,1634,1310,0.16666666666666669,157.63403333333335
11615,1792,283028,211021,328,291,0.16666666666666669,157.63403333333335
11616,1792,283028,211021,328,1521,0.16666666666666669,157.63403333333335
11617,1792,283028,211021,328,1310,0.16666666666666669,157.63403333333335
11618,1793,283028,212015,1634,1110,0.16666666666666669,14.998250000000002
11619,1793,283028,212015,1634,1123,0.16666666666666669,14.998250000000002
11620,1793,283028,212015,1634,434,0.16666666666666669,14.998250000000002
11621,1793,283028,212015,328,1110,0.16666666666666669,14.998250000000002
11622,1793,283028,212015,328,1123,0.16666666666666669,14.998250000000002
11623,1793,283028,212015,328,434,0.16666666666666669,14.998250000000002
11624,1794,283028,216001,1634,1528,0.16666666666666669,12.790200000000002
11625,1794,283028,216001,1634,290,0.16666666666666669,12.790200000000002
11626,1794,283028,216001,1634,1371,0.16666666666666669,12.790200000000002
11627,1794,283028,216001,328,1528,0.16666666666666669,12.790200000000002
11628,1794,283028,216001,328,290,0.16666666666666669,12.790200000000002
11629,1794,283028,216001,328,1371,0.16666666666666669,12.790200000000002
11630,1795,283028,234021,1634,455,0.16666666666666669,36.46725000000001
11631,1795,283028,234021,1634,1526,0.16666666666666669,36.46725000000001
11632,1795,283028,234021,1634,616,0.16666666666666669,36.46725000000001
11633,1795,283028,234021,328,455,0.16666666666666669,36.46725000000001
11634,1795,283028,234021,328,1526,0.16666666666666669,36.46725000000001
11635,1795,283028,234021,328,616,0.16666666666666669,36.46725000000001
11636,1796,283028,241015,1634,1133,0.25,22.9813
11637,1796,283028,241015,1634,497,0.25,22.9813
11638,1796,283028,241015,328,1133,0.25,22.9813
11639,1796,283028,241015,328,497,0.25,22.9813
11640,1797,283028,242046,1634,427,0.16666666666666669,16.567116666666667
11641,1797,283028,242046,1634,480,0.16666666666666669,16.567116666666667
11642,1797,283028,242046,1634,493,0.16666666666666669,16.567116666666667
11643,1797,283028,242046,328,427,0.16666666666666669,16.567116666666667
11644,1797,283028,242046,328,480,0.16666666666666669,16.567116666666667
11645,1797,283028,242046,328,493,0.16666666666666669,16.567116666666667
11646,1798,283028,244028,1634,1663,0.16666666666666669,20.062450000000002
11647,1798,283028,244028,1634,521,0.16666666666666669,20.062450000000002
11648,1798,283028,244028,1634,477,0.16666666666666669,20.062450000000002
11649,1798,283028,244028,328,1663,0.16666666666666669,20.062450000000002
11650,1798,283028,244028,328,521,0.16666666666666669,20.062450000000002
11651,1798,283028,244028,328,477,0.16666666666666669,20.062450000000002
11652,1799,283028,244029,1634,1469,0.16666666666666669,16.159850000000002
11653,1799,283028,244029,1634,482,0.16666666666666669,16.159850000000002
11654,1799,283028,244029,1634,1088,0.16666666666666669,16.159850000000002
11655,1799,283028,244029,328,1469,0.16666666666666669,16.159850000000002
11656,1799,283028,244029,328,482,0.16666666666666669,16.159850000000002
11657,1799,283028,244029,328,1088,0.16666666666666669,16.159850000000002
11658,1800,283028,246002,1634,1174,0.16666666666666669,14.59411724536468
11659,1800,283028,246002,1634,887,0.16666666666666669,14.59411724536468
11660,1800,283028,246002,1634,1523,0.16666666666666669,14.59411724536468
11661,1800,283028,246002,328,1174,0.16666666666666669,14.59411724536468
11662,1800,283028,246002,328,887,0.16666666666666669,14.59411724536468
11663,1800,283028,246002,328,1523,0.16666666666666669,14.59411724536468
11664,1801,283028,247006,1634,1139,0.16666666666666669,26.851950000000006
11665,1801,283028,247006,1634,313,0.16666666666666669,26.851950000000006
11666,1801,283028,247006,1634,1136,0.16666666666666669,26.851950000000006
11667,1801,283028,247006,328,1139,0.16666666666666669,26.851950000000006
11668,1801,283028,247006,328,313,0.16666666666666669,26.851950000000006
11669,1801,283028,247006,328,1136,0.16666666666666669,26.851950000000006
11670,1802,283028,268031,1634,1206,0.16666666666666669,12.649183333333335
11671,1802,283028,268031,1634,1377,0.16666666666666669,12.649183333333335
11672,1802,283028,268031,1634,1699,0.16666666666666669,12.649183333333335
11673,1802,283028,268031,328,1206,0.16666666666666669,12.649183333333335
11674,1802,283028,268031,328,1377,0.16666666666666669,12.649183333333335
11675,1802,283028,268031,328,1699,0.16666666666666669,12.649183333333335
11676,1803,283028,271008,1634,352,0.16666666666666669,13.941766666666668
11677,1803,283028,271008,1634,250,0.16666666666666669,13.941766666666668
11678,1803,283028,271008,1634,970,0.16666666666666669,13.941766666666668
11679,1803,283028,271008,328,352,0.16666666666666669,13.941766666666668
11680,1803,283028,271008,328,250,0.16666666666666669,13.941766666666668
11681,1803,283028,271008,328,970,0.16666666666666669,13.941766666666668
11682,1804,283028,282023,1634,1501,0.16666666666666669,11.17185274387211
11683,1804,283028,282023,1634,352,0.16666666666666669,11.17185274387211
11684,1804,283028,282023,1634,907,0.16666666666666669,11.17185274387211
11685,1804,283028,282023,328,1501,0.16666666666666669,11.17185274387211
11686,1804,283028,282023,328,352,0.16666666666666669,11.17185274387211
11687,1804,283028,282023,328,907,0.16666666666666669,11.17185274387211
11688,1805,283028,283026,1634,329,0.16666666666666669,14.774693466701505
11689,1805,283028,283026,1634,1196,0.16666666666666669,14.774693466701505
11690,1805,283028,283026,1634,337,0.16666666666666669,14.774693466701505
11691,1805,283028,283026,328,329,0.16666666666666669,14.774693466701505
11692,1805,283028,283026,328,1196,0.16666666666666669,14.774693466701505
11693,1805,283028,283026,328,337,0.16666666666666669,14.774693466701505
11694,1806,283028,285002,1634,1191,0.16666666666666669,157.6419667256546
11695,1806,283028,285002,1634,1189,0.16666666666666669,157.6419667256546
11696,1806,283028,285002,1634,1188,0.16666666666666669,157.6419667256546
11697,1806,283028,285002,328,1191,0.16666666666666669,157.6419667256546
11698,1806,283028,285002,328,1189,0.16666666666666669,157.6419667256546
11699,1806,283028,285002,328,1188,0.16666666666666669,157.6419667256546
11700,1807,283029,234016,1501,569,0.5,44.1614
11701,1807,283029,234016,1501,465,0.5,44.1614
11702,1808,283029,253006,1501,1715,1.0,278.204
11703,1809,283029,264068,1501,1635,1.0,88.4524
11704,1810,283030,241010,1501,1475,0.11111111111111108,9.80381111111111
11705,1810,283030,241010,1501,1505,0.11111111111111108,9.80381111111111
11706,1810,283030,241010,1501,895,0.11111111111111108,9.80381111111111
11707,1810,283030,241010,1201,1475,0.11111111111111108,9.80381111111111
11708,1810,283030,241010,1201,1505,0.11111111111111108,9.80381111111111
11709,1810,283030,241010,1201,895,0.11111111111111108,9.80381111111111
11710,1810,283030,241010,1190,1475,0.11111111111111108,9.80381111111111
11711,1810,283030,241010,1190,1505,0.11111111111111108,9.80381111111111
11712,1810,283030,241010,1190,895,0.11111111111111108,9.80381111111111
11713,1811,283032,211016,1200,1386,0.16666666666666669,49.01540000000001
11714,1811,283032,211016,1200,1304,0.16666666666666669,49.01540000000001
11715,1811,283032,211016,338,1386,0.16666666666666669,49.01540000000001
11716,1811,283032,211016,338,1304,0.16666666666666669,49.01540000000001
11717,1811,283032,211016,1201,1386,0.16666666666666669,49.01540000000001
11718,1811,283032,211016,1201,1304,0.16666666666666669,49.01540000000001
11719,1812,283032,226017,1200,806,0.11111111111111108,29.47676666666666
11720,1812,283032,226017,1200,962,0.11111111111111108,29.47676666666666
11721,1812,283032,226017,1200,813,0.11111111111111108,29.47676666666666
11722,1812,283032,226017,338,806,0.11111111111111108,29.47676666666666
11723,1812,283032,226017,338,962,0.11111111111111108,29.47676666666666
11724,1812,283032,226017,338,813,0.11111111111111108,29.47676666666666
11725,1812,283032,226017,1201,806,0.11111111111111108,29.47676666666666
11726,1812,283032,226017,1201,962,0.11111111111111108,29.47676666666666
11727,1812,283032,226017,1201,813,0.11111111111111108,29.47676666666666
11728,1813,283032,227008,1200,97,0.3333333333333333,61.26173333333333
11729,1813,283032,227008,338,97,0.3333333333333333,61.26173333333333
11730,1813,283032,227008,1201,97,0.3333333333333333,61.26173333333333
11731,1814,283032,229022,1200,166,0.16666666666666669,57.03593333333334
11732,1814,283032,229022,1200,610,0.16666666666666669,57.03593333333334
11733,1814,283032,229022,338,166,0.16666666666666669,57.03593333333334
11734,1814,283032,229022,338,610,0.16666666666666669,57.03593333333334
11735,1814,283032,229022,1201,166,0.16666666666666669,57.03593333333334
11736,1814,283032,229022,1201,610,0.16666666666666669,57.03593333333334
11737,1815,283032,272017,1200,1501,0.11111111111111108,10.772955555555553
11738,1815,283032,272017,1200,907,0.11111111111111108,10.772955555555553
11739,1815,283032,272017,1200,1188,0.11111111111111108,10.772955555555553
11740,1815,283032,272017,338,1501,0.11111111111111108,10.772955555555553
11741,1815,283032,272017,338,907,0.11111111111111108,10.772955555555553
11742,1815,283032,272017,338,1188,0.11111111111111108,10.772955555555553
11743,1815,283032,272017,1201,1501,0.11111111111111108,10.772955555555553
11744,1815,283032,272017,1201,907,0.11111111111111108,10.772955555555553
11745,1815,283032,272017,1201,1188,0.11111111111111108,10.772955555555553
11746,1816,283035,267043,1501,785,0.11111111111111108,19.607288888888885
11747,1816,283035,267043,1501,114,0.11111111111111108,19.607288888888885
11748,1816,283035,267043,1501,702,0.11111111111111108,19.607288888888885
11749,1816,283035,267043,328,785,0.11111111111111108,19.607288888888885
11750,1816,283035,267043,328,114,0.11111111111111108,19.607288888888885
11751,1816,283035,267043,328,702,0.11111111111111108,19.607288888888885
11752,1816,283035,267043,1188,785,0.11111111111111108,19.607288888888885
11753,1816,283035,267043,1188,114,0.11111111111111108,19.607288888888885
11754,1816,283035,267043,1188,702,0.11111111111111108,19.607288888888885
11755,1817,283035,284013,1501,329,0.11111111111111108,8.56873333333333
11756,1817,283035,284013,1501,1229,0.11111111111111108,8.56873333333333
11757,1817,283035,284013,1501,1222,0.11111111111111108,8.56873333333333
11758,1817,283035,284013,328,329,0.11111111111111108,8.56873333333333
11759,1817,283035,284013,328,1229,0.11111111111111108,8.56873333333333
11760,1817,283035,284013,328,1222,0.11111111111111108,8.56873333333333
11761,1817,283035,284013,1188,329,0.11111111111111108,8.56873333333333
11762,1817,283035,284013,1188,1229,0.11111111111111108,8.56873333333333
11763,1817,283035,284013,1188,1222,0.11111111111111108,8.56873333333333
11764,1818,284002,254011,1249,909,0.11111111111111108,7.3321999999999985
11765,1818,284002,254011,1249,191,0.11111111111111108,7.3321999999999985
11766,1818,284002,254011,1249,192,0.11111111111111108,7.3321999999999985
11767,1818,284002,254011,334,909,0.11111111111111108,7.3321999999999985
11768,1818,284002,254011,334,191,0.11111111111111108,7.3321999999999985
11769,1818,284002,254011,334,192,0.11111111111111108,7.3321999999999985
11770,1818,284002,254011,1548,909,0.11111111111111108,7.3321999999999985
11771,1818,284002,254011,1548,191,0.11111111111111108,7.3321999999999985
11772,1818,284002,254011,1548,192,0.11111111111111108,7.3321999999999985
11773,1819,284004,221028,337,739,0.16666666666666669,18.603083333333334
11774,1819,284004,221028,337,1045,0.16666666666666669,18.603083333333334
11775,1819,284004,221028,329,739,0.16666666666666669,18.603083333333334
11776,1819,284004,221028,329,1045,0.16666666666666669,18.603083333333334
11777,1819,284004,221028,1249,739,0.16666666666666669,18.603083333333334
11778,1819,284004,221028,1249,1045,0.16666666666666669,18.603083333333334
11779,1820,284004,247006,337,1139,0.11111111111111108,17.359422222222218
11780,1820,284004,247006,337,313,0.11111111111111108,17.359422222222218
11781,1820,284004,247006,337,1136,0.11111111111111108,17.359422222222218
11782,1820,284004,247006,329,1139,0.11111111111111108,17.359422222222218
11783,1820,284004,247006,329,313,0.11111111111111108,17.359422222222218
11784,1820,284004,247006,329,1136,0.11111111111111108,17.359422222222218
11785,1820,284004,247006,1249,1139,0.11111111111111108,17.359422222222218
11786,1820,284004,247006,1249,313,0.11111111111111108,17.359422222222218
11787,1820,284004,247006,1249,1136,0.11111111111111108,17.359422222222218
11788,1821,284006,152005,1249,394,0.11111111111111108,14.594077777777773
11789,1821,284006,152005,1249,1463,0.11111111111111108,14.594077777777773
11790,1821,284006,152005,1249,1462,0.11111111111111108,14.594077777777773
11791,1821,284006,152005,334,394,0.11111111111111108,14.594077777777773
11792,1821,284006,152005,334,1463,0.11111111111111108,14.594077777777773
11793,1821,284006,152005,334,1462,0.11111111111111108,14.594077777777773
11794,1821,284006,152005,1548,394,0.11111111111111108,14.594077777777773
11795,1821,284006,152005,1548,1463,0.11111111111111108,14.594077777777773
11796,1821,284006,152005,1548,1462,0.11111111111111108,14.594077777777773
11797,1822,284007,225054,329,824,0.11111111111111108,18.266466666666663
11798,1822,284007,225054,329,1233,0.11111111111111108,18.266466666666663
11799,1822,284007,225054,329,1410,0.11111111111111108,18.266466666666663
11800,1822,284007,225054,1634,824,0.11111111111111108,18.266466666666663
11801,1822,284007,225054,1634,1233,0.11111111111111108,18.266466666666663
11802,1822,284007,225054,1634,1410,0.11111111111111108,18.266466666666663
11803,1822,284007,225054,337,824,0.11111111111111108,18.266466666666663
11804,1822,284007,225054,337,1233,0.11111111111111108,18.266466666666663
11805,1822,284007,225054,337,1410,0.11111111111111108,18.266466666666663
11806,1823,284007,285017,329,1185,0.16666666666666669,32.44703333333334
11807,1823,284007,285017,329,357,0.16666666666666669,32.44703333333334
11808,1823,284007,285017,1634,1185,0.16666666666666669,32.44703333333334
11809,1823,284007,285017,1634,357,0.16666666666666669,32.44703333333334
11810,1823,284007,285017,337,1185,0.16666666666666669,32.44703333333334
11811,1823,284007,285017,337,357,0.16666666666666669,32.44703333333334
11812,1824,284007,285018,329,346,0.16666666666666669,18.8438
11813,1824,284007,285018,329,1182,0.16666666666666669,18.8438
11814,1824,284007,285018,1634,346,0.16666666666666669,18.8438
11815,1824,284007,285018,1634,1182,0.16666666666666669,18.8438
11816,1824,284007,285018,337,346,0.16666666666666669,18.8438
11817,1824,284007,285018,337,1182,0.16666666666666669,18.8438
11818,1825,284007,285022,329,348,0.16666666666666669,23.362716666666667
11819,1825,284007,285022,329,347,0.16666666666666669,23.362716666666667
11820,1825,284007,285022,1634,348,0.16666666666666669,23.362716666666667
11821,1825,284007,285022,1634,347,0.16666666666666669,23.362716666666667
11822,1825,284007,285022,337,348,0.16666666666666669,23.362716666666667
11823,1825,284007,285022,337,347,0.16666666666666669,23.362716666666667
11824,1826,284010,221032,337,1662,0.16666666666666669,106.16408333333335
11825,1826,284010,221032,337,1279,0.16666666666666669,106.16408333333335
11826,1826,284010,221032,329,1662,0.16666666666666669,106.16408333333335
11827,1826,284010,221032,329,1279,0.16666666666666669,106.16408333333335
11828,1826,284010,221032,1249,1662,0.16666666666666669,106.16408333333335
11829,1826,284010,221032,1249,1279,0.16666666666666669,106.16408333333335
11830,1827,284010,243049,337,1469,0.11111111111111108,13.681077777777773
11831,1827,284010,243049,337,502,0.11111111111111108,13.681077777777773
11832,1827,284010,243049,337,1727,0.11111111111111108,13.681077777777773
11833,1827,284010,243049,329,1469,0.11111111111111108,13.681077777777773
11834,1827,284010,243049,329,502,0.11111111111111108,13.681077777777773
11835,1827,284010,243049,329,1727,0.11111111111111108,13.681077777777773
11836,1827,284010,243049,1249,1469,0.11111111111111108,13.681077777777773
11837,1827,284010,243049,1249,502,0.11111111111111108,13.681077777777773
11838,1827,284010,243049,1249,1727,0.11111111111111108,13.681077777777773
11839,1828,284012,151008,329,394,0.11111111111111108,7.489866666666664
11840,1828,284012,151008,329,226,0.11111111111111108,7.489866666666664
11841,1828,284012,151008,329,31,0.11111111111111108,7.489866666666664
11842,1828,284012,151008,1634,394,0.11111111111111108,7.489866666666664
11843,1828,284012,151008,1634,226,0.11111111111111108,7.489866666666664
11844,1828,284012,151008,1634,31,0.11111111111111108,7.489866666666664
11845,1828,284012,151008,337,394,0.11111111111111108,7.489866666666664
11846,1828,284012,151008,337,226,0.11111111111111108,7.489866666666664
11847,1828,284012,151008,337,31,0.11111111111111108,7.489866666666664
11848,1829,284012,253011,329,1717,0.11111111111111108,12.237177777777774
11849,1829,284012,253011,329,196,0.11111111111111108,12.237177777777774
11850,1829,284012,253011,329,1715,0.11111111111111108,12.237177777777774
11851,1829,284012,253011,1634,1717,0.11111111111111108,12.237177777777774
11852,1829,284012,253011,1634,196,0.11111111111111108,12.237177777777774
11853,1829,284012,253011,1634,1715,0.11111111111111108,12.237177777777774
11854,1829,284012,253011,337,1717,0.11111111111111108,12.237177777777774
11855,1829,284012,253011,337,196,0.11111111111111108,12.237177777777774
11856,1829,284012,253011,337,1715,0.11111111111111108,12.237177777777774
11857,1830,284013,212016,329,1107,0.11111111111111108,19.10603333333333
11858,1830,284013,212016,329,1101,0.11111111111111108,19.10603333333333
11859,1830,284013,212016,329,830,0.11111111111111108,19.10603333333333
11860,1830,284013,212016,1229,1107,0.11111111111111108,19.10603333333333
11861,1830,284013,212016,1229,1101,0.11111111111111108,19.10603333333333
11862,1830,284013,212016,1229,830,0.11111111111111108,19.10603333333333
11863,1830,284013,212016,1222,1107,0.11111111111111108,19.10603333333333
11864,1830,284013,212016,1222,1101,0.11111111111111108,19.10603333333333
11865,1830,284013,212016,1222,830,0.11111111111111108,19.10603333333333
11866,1831,284013,225013,329,1018,0.11111111111111108,15.11303333333333
11867,1831,284013,225013,329,743,0.11111111111111108,15.11303333333333
11868,1831,284013,225013,329,1017,0.11111111111111108,15.11303333333333
11869,1831,284013,225013,1229,1018,0.11111111111111108,15.11303333333333
11870,1831,284013,225013,1229,743,0.11111111111111108,15.11303333333333
11871,1831,284013,225013,1229,1017,0.11111111111111108,15.11303333333333
11872,1831,284013,225013,1222,1018,0.11111111111111108,15.11303333333333
11873,1831,284013,225013,1222,743,0.11111111111111108,15.11303333333333
11874,1831,284013,225013,1222,1017,0.11111111111111108,15.11303333333333
11875,1832,284013,244027,329,312,0.11111111111111108,12.56634444444444
11876,1832,284013,244027,329,285,0.11111111111111108,12.56634444444444
11877,1832,284013,244027,329,1452,0.11111111111111108,12.56634444444444
11878,1832,284013,244027,1229,312,0.11111111111111108,12.56634444444444
11879,1832,284013,244027,1229,285,0.11111111111111108,12.56634444444444
11880,1832,284013,244027,1229,1452,0.11111111111111108,12.56634444444444
11881,1832,284013,244027,1222,312,0.11111111111111108,12.56634444444444
11882,1832,284013,244027,1222,285,0.11111111111111108,12.56634444444444
11883,1832,284013,244027,1222,1452,0.11111111111111108,12.56634444444444
11884,1833,284013,283035,329,1501,0.11111111111111108,23.046888888888883
11885,1833,284013,283035,329,328,0.11111111111111108,23.046888888888883
11886,1833,284013,283035,329,1188,0.11111111111111108,23.046888888888883
11887,1833,284013,283035,1229,1501,0.11111111111111108,23.046888888888883
11888,1833,284013,283035,1229,328,0.11111111111111108,23.046888888888883
11889,1833,284013,283035,1229,1188,0.11111111111111108,23.046888888888883
11890,1833,284013,283035,1222,1501,0.11111111111111108,23.046888888888883
11891,1833,284013,283035,1222,328,0.11111111111111108,23.046888888888883
11892,1833,284013,283035,1222,1188,0.11111111111111108,23.046888888888883
11893,1834,284014,246005,337,1171,0.16666666666666669,14.326800000000002
11894,1834,284014,246005,337,1174,0.16666666666666669,14.326800000000002
11895,1834,284014,246005,329,1171,0.16666666666666669,14.326800000000002
11896,1834,284014,246005,329,1174,0.16666666666666669,14.326800000000002
11897,1834,284014,246005,1249,1171,0.16666666666666669,14.326800000000002
11898,1834,284014,246005,1249,1174,0.16666666666666669,14.326800000000002
11899,1835,284016,243044,1249,298,0.16666666666666669,18.939433333333337
11900,1835,284016,243044,1249,1081,0.16666666666666669,18.939433333333337
11901,1835,284016,243044,334,298,0.16666666666666669,18.939433333333337
11902,1835,284016,243044,334,1081,0.16666666666666669,18.939433333333337
11903,1835,284016,243044,1548,298,0.16666666666666669,18.939433333333337
11904,1835,284016,243044,1548,1081,0.16666666666666669,18.939433333333337
11905,1836,284020,227007,329,97,0.3333333333333333,48.329633333333334
11906,1836,284020,227007,337,97,0.3333333333333333,48.329633333333334
11907,1836,284020,227007,1222,97,0.3333333333333333,48.329633333333334
11908,1837,284020,229019,329,164,0.16666666666666669,11.864600000000001
11909,1837,284020,229019,329,75,0.16666666666666669,11.864600000000001
11910,1837,284020,229019,337,164,0.16666666666666669,11.864600000000001
11911,1837,284020,229019,337,75,0.16666666666666669,11.864600000000001
11912,1837,284020,229019,1222,164,0.16666666666666669,11.864600000000001
11913,1837,284020,229019,1222,75,0.16666666666666669,11.864600000000001
11914,1838,284020,233011,329,443,0.11111111111111108,18.305877777777773
11915,1838,284020,233011,329,1175,0.11111111111111108,18.305877777777773
11916,1838,284020,233011,329,444,0.11111111111111108,18.305877777777773
11917,1838,284020,233011,337,443,0.11111111111111108,18.305877777777773
11918,1838,284020,233011,337,1175,0.11111111111111108,18.305877777777773
11919,1838,284020,233011,337,444,0.11111111111111108,18.305877777777773
11920,1838,284020,233011,1222,443,0.11111111111111108,18.305877777777773
11921,1838,284020,233011,1222,1175,0.11111111111111108,18.305877777777773
11922,1838,284020,233011,1222,444,0.11111111111111108,18.305877777777773
11923,1839,284020,245007,329,1531,0.11111111111111108,10.315744444444443
11924,1839,284020,245007,329,1076,0.11111111111111108,10.315744444444443
11925,1839,284020,245007,329,1077,0.11111111111111108,10.315744444444443
11926,1839,284020,245007,337,1531,0.11111111111111108,10.315744444444443
11927,1839,284020,245007,337,1076,0.11111111111111108,10.315744444444443
11928,1839,284020,245007,337,1077,0.11111111111111108,10.315744444444443
11929,1839,284020,245007,1222,1531,0.11111111111111108,10.315744444444443
11930,1839,284020,245007,1222,1076,0.11111111111111108,10.315744444444443
11931,1839,284020,245007,1222,1077,0.11111111111111108,10.315744444444443
11932,1840,284020,283035,329,1501,0.11111111111111108,10.80581111111111
11933,1840,284020,283035,329,328,0.11111111111111108,10.80581111111111
11934,1840,284020,283035,329,1188,0.11111111111111108,10.80581111111111
11935,1840,284020,283035,337,1501,0.11111111111111108,10.80581111111111
11936,1840,284020,283035,337,328,0.11111111111111108,10.80581111111111
11937,1840,284020,283035,337,1188,0.11111111111111108,10.80581111111111
11938,1840,284020,283035,1222,1501,0.11111111111111108,10.80581111111111
11939,1840,284020,283035,1222,328,0.11111111111111108,10.80581111111111
11940,1840,284020,283035,1222,1188,0.11111111111111108,10.80581111111111
11941,1841,284020,285016,329,1183,0.16666666666666669,49.370583333333336
11942,1841,284020,285016,329,1186,0.16666666666666669,49.370583333333336
11943,1841,284020,285016,337,1183,0.16666666666666669,49.370583333333336
11944,1841,284020,285016,337,1186,0.16666666666666669,49.370583333333336
11945,1841,284020,285016,1222,1183,0.16666666666666669,49.370583333333336
11946,1841,284020,285016,1222,1186,0.16666666666666669,49.370583333333336
11947,1842,284023,264002,329,1635,0.3333333333333333,33.30773333333333
11948,1842,284023,264002,329,1240,0.3333333333333333,33.30773333333333
11949,1842,284023,264002,329,1340,0.3333333333333333,33.30773333333333
11950,1843,284023,268014,329,1378,1.0,85.3543
11951,1844,284023,272017,329,1501,0.3333333333333333,51.4124
11952,1844,284023,272017,329,907,0.3333333333333333,51.4124
11953,1844,284023,272017,329,1188,0.3333333333333333,51.4124
11954,1845,284023,281028,329,1249,0.3333333333333333,320.43149999999997
11955,1845,284023,281028,329,1669,0.3333333333333333,320.43149999999997
11956,1845,284023,281028,329,1554,0.3333333333333333,320.43149999999997
11957,1846,284023,282023,329,1501,0.3333333333333333,44.64216666666667
11958,1846,284023,282023,329,352,0.3333333333333333,44.64216666666667
11959,1846,284023,282023,329,907,0.3333333333333333,44.64216666666667
11960,1847,284023,284004,329,337,0.5,81.76739561327788
11961,1847,284023,284004,329,1249,0.5,81.76739561327788
11962,1848,284024,271051,337,307,0.3333333333333333,194.69639999999998
11963,1848,284024,271051,329,307,0.3333333333333333,194.69639999999998
11964,1848,284024,271051,1222,307,0.3333333333333333,194.69639999999998
11965,1849,284025,214005,337,830,0.3333333333333333,1666.6666666666665
11966,1849,284025,214005,1249,830,0.3333333333333333,1666.6666666666665
11967,1849,284025,214005,1547,830,0.3333333333333333,1666.6666666666665
11968,1850,284025,236008,337,768,0.11111111111111108,9.993399999999998
11969,1850,284025,236008,337,899,0.11111111111111108,9.993399999999998
11970,1850,284025,236008,337,1238,0.11111111111111108,9.993399999999998
11971,1850,284025,236008,1249,768,0.11111111111111108,9.993399999999998
11972,1850,284025,236008,1249,899,0.11111111111111108,9.993399999999998
11973,1850,284025,236008,1249,1238,0.11111111111111108,9.993399999999998
11974,1850,284025,236008,1547,768,0.11111111111111108,9.993399999999998
11975,1850,284025,236008,1547,899,0.11111111111111108,9.993399999999998
11976,1850,284025,236008,1547,1238,0.11111111111111108,9.993399999999998
11977,1851,284026,222016,1249,668,0.3333333333333333,26.3633
11978,1851,284026,222016,1669,668,0.3333333333333333,26.3633
11979,1851,284026,222016,1554,668,0.3333333333333333,26.3633
11980,1852,284026,227019,1249,93,0.3333333333333333,21.095433333333332
11981,1852,284026,227019,1669,93,0.3333333333333333,21.095433333333332
11982,1852,284026,227019,1554,93,0.3333333333333333,21.095433333333332
11983,1853,284026,233011,1249,443,0.11111111111111108,9.526499999999999
11984,1853,284026,233011,1249,1175,0.11111111111111108,9.526499999999999
11985,1853,284026,233011,1249,444,0.11111111111111108,9.526499999999999
11986,1853,284026,233011,1669,443,0.11111111111111108,9.526499999999999
11987,1853,284026,233011,1669,1175,0.11111111111111108,9.526499999999999
11988,1853,284026,233011,1669,444,0.11111111111111108,9.526499999999999
11989,1853,284026,233011,1554,443,0.11111111111111108,9.526499999999999
11990,1853,284026,233011,1554,1175,0.11111111111111108,9.526499999999999
11991,1853,284026,233011,1554,444,0.11111111111111108,9.526499999999999
11992,1854,284026,244029,1249,1469,0.11111111111111108,9.147366666666665
11993,1854,284026,244029,1249,482,0.11111111111111108,9.147366666666665
11994,1854,284026,244029,1249,1088,0.11111111111111108,9.147366666666665
11995,1854,284026,244029,1669,1469,0.11111111111111108,9.147366666666665
11996,1854,284026,244029,1669,482,0.11111111111111108,9.147366666666665
11997,1854,284026,244029,1669,1088,0.11111111111111108,9.147366666666665
11998,1854,284026,244029,1554,1469,0.11111111111111108,9.147366666666665
11999,1854,284026,244029,1554,482,0.11111111111111108,9.147366666666665
12000,1854,284026,244029,1554,1088,0.11111111111111108,9.147366666666665
12001,1855,284027,212019,334,547,0.11111111111111108,26.382322222222214
12002,1855,284027,212019,334,1108,0.11111111111111108,26.382322222222214
12003,1855,284027,212019,334,436,0.11111111111111108,26.382322222222214
12004,1855,284027,212019,337,547,0.11111111111111108,26.382322222222214
12005,1855,284027,212019,337,1108,0.11111111111111108,26.382322222222214
12006,1855,284027,212019,337,436,0.11111111111111108,26.382322222222214
12007,1855,284027,212019,333,547,0.11111111111111108,26.382322222222214
12008,1855,284027,212019,333,1108,0.11111111111111108,26.382322222222214
12009,1855,284027,212019,333,436,0.11111111111111108,26.382322222222214
12010,1856,284027,233003,334,1177,0.16666666666666669,39.90743333333334
12011,1856,284027,233003,334,350,0.16666666666666669,39.90743333333334
12012,1856,284027,233003,337,1177,0.16666666666666669,39.90743333333334
12013,1856,284027,233003,337,350,0.16666666666666669,39.90743333333334
12014,1856,284027,233003,333,1177,0.16666666666666669,39.90743333333334
12015,1856,284027,233003,333,350,0.16666666666666669,39.90743333333334
12016,1857,284027,237003,334,902,0.16666666666666669,12.092250000000002
12017,1857,284027,237003,334,463,0.16666666666666669,12.092250000000002
12018,1857,284027,237003,337,902,0.16666666666666669,12.092250000000002
12019,1857,284027,237003,337,463,0.16666666666666669,12.092250000000002
12020,1857,284027,237003,333,902,0.16666666666666669,12.092250000000002
12021,1857,284027,237003,333,463,0.16666666666666669,12.092250000000002
12022,1858,284027,241029,334,885,0.16666666666666669,217.0873666666667
12023,1858,284027,241029,334,883,0.16666666666666669,217.0873666666667
12024,1858,284027,241029,337,885,0.16666666666666669,217.0873666666667
12025,1858,284027,241029,337,883,0.16666666666666669,217.0873666666667
12026,1858,284027,241029,333,885,0.16666666666666669,217.0873666666667
12027,1858,284027,241029,333,883,0.16666666666666669,217.0873666666667
12028,1859,284027,241032,334,469,0.16666666666666669,31.238033333333338
12029,1859,284027,241032,334,304,0.16666666666666669,31.238033333333338
12030,1859,284027,241032,337,469,0.16666666666666669,31.238033333333338
12031,1859,284027,241032,337,304,0.16666666666666669,31.238033333333338
12032,1859,284027,241032,333,469,0.16666666666666669,31.238033333333338
12033,1859,284027,241032,333,304,0.16666666666666669,31.238033333333338
12034,1860,284027,253014,334,1717,0.16666666666666669,44.149433333333334
12035,1860,284027,253014,334,1718,0.16666666666666669,44.149433333333334
12036,1860,284027,253014,337,1717,0.16666666666666669,44.149433333333334
12037,1860,284027,253014,337,1718,0.16666666666666669,44.149433333333334
12038,1860,284027,253014,333,1717,0.16666666666666669,44.149433333333334
12039,1860,284027,253014,333,1718,0.16666666666666669,44.149433333333334
12040,1861,284027,254016,334,119,0.3333333333333333,68.00756666666666
12041,1861,284027,254016,337,119,0.3333333333333333,68.00756666666666
12042,1861,284027,254016,333,119,0.3333333333333333,68.00756666666666
12043,1862,284027,271051,334,307,0.3333333333333333,85.22706666666666
12044,1862,284027,271051,337,307,0.3333333333333333,85.22706666666666
12045,1862,284027,271051,333,307,0.3333333333333333,85.22706666666666
12046,1863,285002,221011,1191,1482,0.11111111111111108,10.263555555555554
12047,1863,285002,221011,1191,1332,0.11111111111111108,10.263555555555554
12048,1863,285002,221011,1191,311,0.11111111111111108,10.263555555555554
12049,1863,285002,221011,1189,1482,0.11111111111111108,10.263555555555554
12050,1863,285002,221011,1189,1332,0.11111111111111108,10.263555555555554
12051,1863,285002,221011,1189,311,0.11111111111111108,10.263555555555554
12052,1863,285002,221011,1188,1482,0.11111111111111108,10.263555555555554
12053,1863,285002,221011,1188,1332,0.11111111111111108,10.263555555555554
12054,1863,285002,221011,1188,311,0.11111111111111108,10.263555555555554
12055,1864,285002,235001,1191,901,0.3333333333333333,28.057499999999997
12056,1864,285002,235001,1189,901,0.3333333333333333,28.057499999999997
12057,1864,285002,235001,1188,901,0.3333333333333333,28.057499999999997
12058,1865,285002,246005,1191,1171,0.16666666666666669,14.643316666666667
12059,1865,285002,246005,1191,1174,0.16666666666666669,14.643316666666667
12060,1865,285002,246005,1189,1171,0.16666666666666669,14.643316666666667
12061,1865,285002,246005,1189,1174,0.16666666666666669,14.643316666666667
12062,1865,285002,246005,1188,1171,0.16666666666666669,14.643316666666667
12063,1865,285002,246005,1188,1174,0.16666666666666669,14.643316666666667
12064,1866,285002,246011,1191,30,0.3333333333333333,17.0747
12065,1866,285002,246011,1189,30,0.3333333333333333,17.0747
12066,1866,285002,246011,1188,30,0.3333333333333333,17.0747
12067,1867,285002,253005,1191,1715,0.3333333333333333,28.6022
12068,1867,285002,253005,1189,1715,0.3333333333333333,28.6022
12069,1867,285002,253005,1188,1715,0.3333333333333333,28.6022
12070,1868,285002,253014,1191,1717,0.16666666666666669,26.131916666666672
12071,1868,285002,253014,1191,1718,0.16666666666666669,26.131916666666672
12072,1868,285002,253014,1189,1717,0.16666666666666669,26.131916666666672
12073,1868,285002,253014,1189,1718,0.16666666666666669,26.131916666666672
12074,1868,285002,253014,1188,1717,0.16666666666666669,26.131916666666672
12075,1868,285002,253014,1188,1718,0.16666666666666669,26.131916666666672
12076,1869,285002,254011,1191,909,0.11111111111111108,10.702466666666664
12077,1869,285002,254011,1191,191,0.11111111111111108,10.702466666666664
12078,1869,285002,254011,1191,192,0.11111111111111108,10.702466666666664
12079,1869,285002,254011,1189,909,0.11111111111111108,10.702466666666664
12080,1869,285002,254011,1189,191,0.11111111111111108,10.702466666666664
12081,1869,285002,254011,1189,192,0.11111111111111108,10.702466666666664
12082,1869,285002,254011,1188,909,0.11111111111111108,10.702466666666664
12083,1869,285002,254011,1188,191,0.11111111111111108,10.702466666666664
12084,1869,285002,254011,1188,192,0.11111111111111108,10.702466666666664
12085,1870,285002,265008,1191,1552,0.11111111111111108,10.906122222222221
12086,1870,285002,265008,1191,104,0.11111111111111108,10.906122222222221
12087,1870,285002,265008,1191,205,0.11111111111111108,10.906122222222221
12088,1870,285002,265008,1189,1552,0.11111111111111108,10.906122222222221
12089,1870,285002,265008,1189,104,0.11111111111111108,10.906122222222221
12090,1870,285002,265008,1189,205,0.11111111111111108,10.906122222222221
12091,1870,285002,265008,1188,1552,0.11111111111111108,10.906122222222221
12092,1870,285002,265008,1188,104,0.11111111111111108,10.906122222222221
12093,1870,285002,265008,1188,205,0.11111111111111108,10.906122222222221
12094,1871,285002,282010,1191,1501,0.11111111111111108,4.092088888888888
12095,1871,285002,282010,1191,970,0.11111111111111108,4.092088888888888
12096,1871,285002,282010,1191,1190,0.11111111111111108,4.092088888888888
12097,1871,285002,282010,1189,1501,0.11111111111111108,4.092088888888888
12098,1871,285002,282010,1189,970,0.11111111111111108,4.092088888888888
12099,1871,285002,282010,1189,1190,0.11111111111111108,4.092088888888888
12100,1871,285002,282010,1188,1501,0.11111111111111108,4.092088888888888
12101,1871,285002,282010,1188,970,0.11111111111111108,4.092088888888888
12102,1871,285002,282010,1188,1190,0.11111111111111108,4.092088888888888
12103,1872,285002,283028,1191,1634,0.16666666666666669,80.66639853466502
12104,1872,285002,283028,1191,328,0.16666666666666669,80.66639853466502
12105,1872,285002,283028,1189,1634,0.16666666666666669,80.66639853466502
12106,1872,285002,283028,1189,328,0.16666666666666669,80.66639853466502
12107,1872,285002,283028,1188,1634,0.16666666666666669,80.66639853466502
12108,1872,285002,283028,1188,328,0.16666666666666669,80.66639853466502
12109,1873,285002,284020,1191,329,0.11111111111111108,18.918199999999995
12110,1873,285002,284020,1191,337,0.11111111111111108,18.918199999999995
12111,1873,285002,284020,1191,1222,0.11111111111111108,18.918199999999995
12112,1873,285002,284020,1189,329,0.11111111111111108,18.918199999999995
12113,1873,285002,284020,1189,337,0.11111111111111108,18.918199999999995
12114,1873,285002,284020,1189,1222,0.11111111111111108,18.918199999999995
12115,1873,285002,284020,1188,329,0.11111111111111108,18.918199999999995
12116,1873,285002,284020,1188,337,0.11111111111111108,18.918199999999995
12117,1873,285002,284020,1188,1222,0.11111111111111108,18.918199999999995
12118,1874,285002,285008,1191,1188,0.12499999999999997,12.364487499999996
12119,1874,285002,285008,1191,349,0.12499999999999997,12.364487499999996
12120,1874,285002,285008,1191,348,0.12499999999999997,12.364487499999996
12121,1874,285002,285008,1189,1188,0.12499999999999997,12.364487499999996
12122,1874,285002,285008,1189,349,0.12499999999999997,12.364487499999996
12123,1874,285002,285008,1189,348,0.12499999999999997,12.364487499999996
12124,1874,285002,285008,1188,349,0.12499999999999997,12.364487499999996
12125,1874,285002,285008,1188,348,0.12499999999999997,12.364487499999996
12126,1875,285002,286014,1191,1249,0.11111111111111108,9.639699999999998
12127,1875,285002,286014,1191,1246,0.11111111111111108,9.639699999999998
12128,1875,285002,286014,1191,337,0.11111111111111108,9.639699999999998
12129,1875,285002,286014,1189,1249,0.11111111111111108,9.639699999999998
12130,1875,285002,286014,1189,1246,0.11111111111111108,9.639699999999998
12131,1875,285002,286014,1189,337,0.11111111111111108,9.639699999999998
12132,1875,285002,286014,1188,1249,0.11111111111111108,9.639699999999998
12133,1875,285002,286014,1188,1246,0.11111111111111108,9.639699999999998
12134,1875,285002,286014,1188,337,0.11111111111111108,9.639699999999998
12135,1876,285003,114009,1194,74,0.11111111111111108,10.065777777777775
12136,1876,285003,114009,1194,1528,0.11111111111111108,10.065777777777775
12137,1876,285003,114009,1194,170,0.11111111111111108,10.065777777777775
12138,1876,285003,114009,1186,74,0.11111111111111108,10.065777777777775
12139,1876,285003,114009,1186,1528,0.11111111111111108,10.065777777777775
12140,1876,285003,114009,1186,170,0.11111111111111108,10.065777777777775
12141,1876,285003,114009,1195,74,0.11111111111111108,10.065777777777775
12142,1876,285003,114009,1195,1528,0.11111111111111108,10.065777777777775
12143,1876,285003,114009,1195,170,0.11111111111111108,10.065777777777775
12144,1877,285003,221028,1194,739,0.16666666666666669,20.664050000000003
12145,1877,285003,221028,1194,1045,0.16666666666666669,20.664050000000003
12146,1877,285003,221028,1186,739,0.16666666666666669,20.664050000000003
12147,1877,285003,221028,1186,1045,0.16666666666666669,20.664050000000003
12148,1877,285003,221028,1195,739,0.16666666666666669,20.664050000000003
12149,1877,285003,221028,1195,1045,0.16666666666666669,20.664050000000003
12150,1878,285003,222018,1194,1545,0.16666666666666669,20.405924097729464
12151,1878,285003,222018,1194,676,0.16666666666666669,20.405924097729464
12152,1878,285003,222018,1186,1545,0.16666666666666669,20.405924097729464
12153,1878,285003,222018,1186,676,0.16666666666666669,20.405924097729464
12154,1878,285003,222018,1195,1545,0.16666666666666669,20.405924097729464
12155,1878,285003,222018,1195,676,0.16666666666666669,20.405924097729464
12156,1879,285003,271050,1194,1522,0.11111111111111108,8.56873333333333
12157,1879,285003,271050,1194,1215,0.11111111111111108,8.56873333333333
12158,1879,285003,271050,1194,718,0.11111111111111108,8.56873333333333
12159,1879,285003,271050,1186,1522,0.11111111111111108,8.56873333333333
12160,1879,285003,271050,1186,1215,0.11111111111111108,8.56873333333333
12161,1879,285003,271050,1186,718,0.11111111111111108,8.56873333333333
12162,1879,285003,271050,1195,1522,0.11111111111111108,8.56873333333333
12163,1879,285003,271050,1195,1215,0.11111111111111108,8.56873333333333
12164,1879,285003,271050,1195,718,0.11111111111111108,8.56873333333333
12165,1880,285004,264002,1194,1635,0.16666666666666669,31.47725
12166,1880,285004,264002,1194,1240,0.16666666666666669,31.47725
12167,1880,285004,264002,1194,1340,0.16666666666666669,31.47725
12168,1880,285004,264002,1185,1635,0.16666666666666669,31.47725
12169,1880,285004,264002,1185,1240,0.16666666666666669,31.47725
12170,1880,285004,264002,1185,1340,0.16666666666666669,31.47725
12171,1881,285004,281028,1194,1249,0.16666666666666669,13.57686666666667
12172,1881,285004,281028,1194,1669,0.16666666666666669,13.57686666666667
12173,1881,285004,281028,1194,1554,0.16666666666666669,13.57686666666667
12174,1881,285004,281028,1185,1249,0.16666666666666669,13.57686666666667
12175,1881,285004,281028,1185,1669,0.16666666666666669,13.57686666666667
12176,1881,285004,281028,1185,1554,0.16666666666666669,13.57686666666667
12177,1882,285005,221039,1193,759,0.11111111111111108,27.134233333333324
12178,1882,285005,221039,1193,758,0.11111111111111108,27.134233333333324
12179,1882,285005,221039,1193,756,0.11111111111111108,27.134233333333324
12180,1882,285005,221039,346,759,0.11111111111111108,27.134233333333324
12181,1882,285005,221039,346,758,0.11111111111111108,27.134233333333324
12182,1882,285005,221039,346,756,0.11111111111111108,27.134233333333324
12183,1882,285005,221039,1192,759,0.11111111111111108,27.134233333333324
12184,1882,285005,221039,1192,758,0.11111111111111108,27.134233333333324
12185,1882,285005,221039,1192,756,0.11111111111111108,27.134233333333324
12186,1883,285006,241013,1610,1130,0.11111111111111108,25.419766666666657
12187,1883,285006,241013,1610,1299,0.11111111111111108,25.419766666666657
12188,1883,285006,241013,1610,1137,0.11111111111111108,25.419766666666657
12189,1883,285006,241013,1611,1130,0.11111111111111108,25.419766666666657
12190,1883,285006,241013,1611,1299,0.11111111111111108,25.419766666666657
12191,1883,285006,241013,1611,1137,0.11111111111111108,25.419766666666657
12192,1883,285006,241013,1192,1130,0.11111111111111108,25.419766666666657
12193,1883,285006,241013,1192,1299,0.11111111111111108,25.419766666666657
12194,1883,285006,241013,1192,1137,0.11111111111111108,25.419766666666657
12195,1884,285006,245013,1610,285,0.3333333333333333,13.317405028658328
12196,1884,285006,245013,1611,285,0.3333333333333333,13.317405028658328
12197,1884,285006,245013,1192,285,0.3333333333333333,13.317405028658328
12198,1885,285006,285006,1610,1611,0.16666666666666663,198.8026333333333
12199,1885,285006,285006,1610,1192,0.16666666666666663,198.8026333333333
12200,1885,285006,285006,1611,1610,0.16666666666666663,198.8026333333333
12201,1885,285006,285006,1611,1192,0.16666666666666663,198.8026333333333
12202,1885,285006,285006,1192,1610,0.16666666666666663,198.8026333333333
12203,1885,285006,285006,1192,1611,0.16666666666666663,198.8026333333333
12204,1886,285006,285010,1610,1308,0.11111111111111108,15.00633163224255
12205,1886,285006,285010,1610,1190,0.11111111111111108,15.00633163224255
12206,1886,285006,285010,1610,349,0.11111111111111108,15.00633163224255
12207,1886,285006,285010,1611,1308,0.11111111111111108,15.00633163224255
12208,1886,285006,285010,1611,1190,0.11111111111111108,15.00633163224255
12209,1886,285006,285010,1611,349,0.11111111111111108,15.00633163224255
12210,1886,285006,285010,1192,1308,0.11111111111111108,15.00633163224255
12211,1886,285006,285010,1192,1190,0.11111111111111108,15.00633163224255
12212,1886,285006,285010,1192,349,0.11111111111111108,15.00633163224255
12213,1887,285007,227004,1190,1379,0.3333333333333333,175.7292
12214,1887,285007,227004,1500,1379,0.3333333333333333,175.7292
12215,1887,285007,227004,349,1379,0.3333333333333333,175.7292
12216,1888,285007,241022,1190,1129,0.11111111111111108,57.92253333333332
12217,1888,285007,241022,1190,1131,0.11111111111111108,57.92253333333332
12218,1888,285007,241022,1190,1128,0.11111111111111108,57.92253333333332
12219,1888,285007,241022,1500,1129,0.11111111111111108,57.92253333333332
12220,1888,285007,241022,1500,1131,0.11111111111111108,57.92253333333332
12221,1888,285007,241022,1500,1128,0.11111111111111108,57.92253333333332
12222,1888,285007,241022,349,1129,0.11111111111111108,57.92253333333332
12223,1888,285007,241022,349,1131,0.11111111111111108,57.92253333333332
12224,1888,285007,241022,349,1128,0.11111111111111108,57.92253333333332
12225,1889,285007,245015,1190,1463,0.11111111111111108,77.82566666666665
12226,1889,285007,245015,1190,230,0.11111111111111108,77.82566666666665
12227,1889,285007,245015,1190,222,0.11111111111111108,77.82566666666665
12228,1889,285007,245015,1500,1463,0.11111111111111108,77.82566666666665
12229,1889,285007,245015,1500,230,0.11111111111111108,77.82566666666665
12230,1889,285007,245015,1500,222,0.11111111111111108,77.82566666666665
12231,1889,285007,245015,349,1463,0.11111111111111108,77.82566666666665
12232,1889,285007,245015,349,230,0.11111111111111108,77.82566666666665
12233,1889,285007,245015,349,222,0.11111111111111108,77.82566666666665
12234,1890,285007,265021,1190,866,0.11111111111111108,8.141877777777776
12235,1890,285007,265021,1190,1347,0.11111111111111108,8.141877777777776
12236,1890,285007,265021,1190,554,0.11111111111111108,8.141877777777776
12237,1890,285007,265021,1500,866,0.11111111111111108,8.141877777777776
12238,1890,285007,265021,1500,1347,0.11111111111111108,8.141877777777776
12239,1890,285007,265021,1500,554,0.11111111111111108,8.141877777777776
12240,1890,285007,265021,349,866,0.11111111111111108,8.141877777777776
12241,1890,285007,265021,349,1347,0.11111111111111108,8.141877777777776
12242,1890,285007,265021,349,554,0.11111111111111108,8.141877777777776
12243,1891,285008,236010,1188,460,0.11111111111111108,371.96005555555547
12244,1891,285008,236010,1188,991,0.11111111111111108,371.96005555555547
12245,1891,285008,236010,1188,362,0.11111111111111108,371.96005555555547
12246,1891,285008,236010,349,460,0.11111111111111108,371.96005555555547
12247,1891,285008,236010,349,991,0.11111111111111108,371.96005555555547
12248,1891,285008,236010,349,362,0.11111111111111108,371.96005555555547
12249,1891,285008,236010,348,460,0.11111111111111108,371.96005555555547
12250,1891,285008,236010,348,991,0.11111111111111108,371.96005555555547
12251,1891,285008,236010,348,362,0.11111111111111108,371.96005555555547
12252,1892,285008,241023,1188,1129,0.16666666666666669,52.3507
12253,1892,285008,241023,1188,483,0.16666666666666669,52.3507
12254,1892,285008,241023,349,1129,0.16666666666666669,52.3507
12255,1892,285008,241023,349,483,0.16666666666666669,52.3507
12256,1892,285008,241023,348,1129,0.16666666666666669,52.3507
12257,1892,285008,241023,348,483,0.16666666666666669,52.3507
12258,1893,285008,244011,1188,1684,0.11111111111111108,106.01997777777774
12259,1893,285008,244011,1188,428,0.11111111111111108,106.01997777777774
12260,1893,285008,244011,1188,1361,0.11111111111111108,106.01997777777774
12261,1893,285008,244011,349,1684,0.11111111111111108,106.01997777777774
12262,1893,285008,244011,349,428,0.11111111111111108,106.01997777777774
12263,1893,285008,244011,349,1361,0.11111111111111108,106.01997777777774
12264,1893,285008,244011,348,1684,0.11111111111111108,106.01997777777774
12265,1893,285008,244011,348,428,0.11111111111111108,106.01997777777774
12266,1893,285008,244011,348,1361,0.11111111111111108,106.01997777777774
12267,1894,285008,285002,1188,1191,0.12499999999999997,12.364487499999996
12268,1894,285008,285002,1188,1189,0.12499999999999997,12.364487499999996
12269,1894,285008,285002,349,1191,0.12499999999999997,12.364487499999996
12270,1894,285008,285002,349,1189,0.12499999999999997,12.364487499999996
12271,1894,285008,285002,349,1188,0.12499999999999997,12.364487499999996
12272,1894,285008,285002,348,1191,0.12499999999999997,12.364487499999996
12273,1894,285008,285002,348,1189,0.12499999999999997,12.364487499999996
12274,1894,285008,285002,348,1188,0.12499999999999997,12.364487499999996
12275,1895,285008,286014,1188,1249,0.11111111111111108,11.203177777777775
12276,1895,285008,286014,1188,1246,0.11111111111111108,11.203177777777775
12277,1895,285008,286014,1188,337,0.11111111111111108,11.203177777777775
12278,1895,285008,286014,349,1249,0.11111111111111108,11.203177777777775
12279,1895,285008,286014,349,1246,0.11111111111111108,11.203177777777775
12280,1895,285008,286014,349,337,0.11111111111111108,11.203177777777775
12281,1895,285008,286014,348,1249,0.11111111111111108,11.203177777777775
12282,1895,285008,286014,348,1246,0.11111111111111108,11.203177777777775
12283,1895,285008,286014,348,337,0.11111111111111108,11.203177777777775
12284,1896,285009,221025,348,1332,0.3333333333333333,45.9381
12285,1896,285009,221025,348,778,0.3333333333333333,45.9381
12286,1896,285009,221025,348,669,0.3333333333333333,45.9381
12287,1897,285009,241020,348,396,0.3333333333333333,57.64169999999999
12288,1897,285009,241020,348,483,0.3333333333333333,57.64169999999999
12289,1897,285009,241020,348,1138,0.3333333333333333,57.64169999999999
12290,1898,285009,241023,348,1129,0.5,51.8197
12291,1898,285009,241023,348,483,0.5,51.8197
12292,1899,285009,267020,348,207,1.0,190.7924
12293,1900,285010,212011,1308,434,0.11111111111111108,8.56873333333333
12294,1900,285010,212011,1308,1110,0.11111111111111108,8.56873333333333
12295,1900,285010,212011,1308,1123,0.11111111111111108,8.56873333333333
12296,1900,285010,212011,1190,434,0.11111111111111108,8.56873333333333
12297,1900,285010,212011,1190,1110,0.11111111111111108,8.56873333333333
12298,1900,285010,212011,1190,1123,0.11111111111111108,8.56873333333333
12299,1900,285010,212011,349,434,0.11111111111111108,8.56873333333333
12300,1900,285010,212011,349,1110,0.11111111111111108,8.56873333333333
12301,1900,285010,212011,349,1123,0.11111111111111108,8.56873333333333
12302,1901,285010,213004,1308,286,0.11111111111111108,10.990655555555552
12303,1901,285010,213004,1308,302,0.11111111111111108,10.990655555555552
12304,1901,285010,213004,1308,1680,0.11111111111111108,10.990655555555552
12305,1901,285010,213004,1190,286,0.11111111111111108,10.990655555555552
12306,1901,285010,213004,1190,302,0.11111111111111108,10.990655555555552
12307,1901,285010,213004,1190,1680,0.11111111111111108,10.990655555555552
12308,1901,285010,213004,349,286,0.11111111111111108,10.990655555555552
12309,1901,285010,213004,349,302,0.11111111111111108,10.990655555555552
12310,1901,285010,213004,349,1680,0.11111111111111108,10.990655555555552
12311,1902,285010,234015,1308,570,0.11111111111111108,10.149055555555552
12312,1902,285010,234015,1308,569,0.11111111111111108,10.149055555555552
12313,1902,285010,234015,1308,466,0.11111111111111108,10.149055555555552
12314,1902,285010,234015,1190,570,0.11111111111111108,10.149055555555552
12315,1902,285010,234015,1190,569,0.11111111111111108,10.149055555555552
12316,1902,285010,234015,1190,466,0.11111111111111108,10.149055555555552
12317,1902,285010,234015,349,570,0.11111111111111108,10.149055555555552
12318,1902,285010,234015,349,569,0.11111111111111108,10.149055555555552
12319,1902,285010,234015,349,466,0.11111111111111108,10.149055555555552
12320,1903,285010,264002,1308,1635,0.11111111111111108,7.025799999999998
12321,1903,285010,264002,1308,1240,0.11111111111111108,7.025799999999998
12322,1903,285010,264002,1308,1340,0.11111111111111108,7.025799999999998
12323,1903,285010,264002,1190,1635,0.11111111111111108,7.025799999999998
12324,1903,285010,264002,1190,1240,0.11111111111111108,7.025799999999998
12325,1903,285010,264002,1190,1340,0.11111111111111108,7.025799999999998
12326,1903,285010,264002,349,1635,0.11111111111111108,7.025799999999998
12327,1903,285010,264002,349,1240,0.11111111111111108,7.025799999999998
12328,1903,285010,264002,349,1340,0.11111111111111108,7.025799999999998
12329,1904,285010,264037,1308,318,0.11111111111111108,21.63135555555555
12330,1904,285010,264037,1308,102,0.11111111111111108,21.63135555555555
12331,1904,285010,264037,1308,69,0.11111111111111108,21.63135555555555
12332,1904,285010,264037,1190,318,0.11111111111111108,21.63135555555555
12333,1904,285010,264037,1190,102,0.11111111111111108,21.63135555555555
12334,1904,285010,264037,1190,69,0.11111111111111108,21.63135555555555
12335,1904,285010,264037,349,318,0.11111111111111108,21.63135555555555
12336,1904,285010,264037,349,102,0.11111111111111108,21.63135555555555
12337,1904,285010,264037,349,69,0.11111111111111108,21.63135555555555
12338,1905,285011,221081,100,1612,0.3333333333333333,36.9624
12339,1905,285011,221081,100,160,0.3333333333333333,36.9624
12340,1905,285011,221081,100,149,0.3333333333333333,36.9624
12341,1906,285011,260010,100,1635,0.3333333333333333,34.66673333333333
12342,1906,285011,260010,100,1636,0.3333333333333333,34.66673333333333
12343,1906,285011,260010,100,69,0.3333333333333333,34.66673333333333
12344,1907,285012,215006,1308,1109,0.11111111111111108,10.615399999999998
12345,1907,285012,215006,1308,1404,0.11111111111111108,10.615399999999998
12346,1907,285012,215006,1308,1513,0.11111111111111108,10.615399999999998
12347,1907,285012,215006,920,1109,0.11111111111111108,10.615399999999998
12348,1907,285012,215006,920,1404,0.11111111111111108,10.615399999999998
12349,1907,285012,215006,920,1513,0.11111111111111108,10.615399999999998
12350,1907,285012,215006,1309,1109,0.11111111111111108,10.615399999999998
12351,1907,285012,215006,1309,1404,0.11111111111111108,10.615399999999998
12352,1907,285012,215006,1309,1513,0.11111111111111108,10.615399999999998
12353,1908,285012,221043,1308,1039,0.16666666666666669,15.098666666666668
12354,1908,285012,221043,1308,1040,0.16666666666666669,15.098666666666668
12355,1908,285012,221043,920,1039,0.16666666666666669,15.098666666666668
12356,1908,285012,221043,920,1040,0.16666666666666669,15.098666666666668
12357,1908,285012,221043,1309,1039,0.16666666666666669,15.098666666666668
12358,1908,285012,221043,1309,1040,0.16666666666666669,15.098666666666668
12359,1909,285012,227021,1308,26,0.11111111111111108,35.35769999999999
12360,1909,285012,227021,1308,610,0.11111111111111108,35.35769999999999
12361,1909,285012,227021,1308,566,0.11111111111111108,35.35769999999999
12362,1909,285012,227021,920,26,0.11111111111111108,35.35769999999999
12363,1909,285012,227021,920,610,0.11111111111111108,35.35769999999999
12364,1909,285012,227021,920,566,0.11111111111111108,35.35769999999999
12365,1909,285012,227021,1309,26,0.11111111111111108,35.35769999999999
12366,1909,285012,227021,1309,610,0.11111111111111108,35.35769999999999
12367,1909,285012,227021,1309,566,0.11111111111111108,35.35769999999999
12368,1910,285012,244027,1308,312,0.11111111111111108,140.81819999999996
12369,1910,285012,244027,1308,285,0.11111111111111108,140.81819999999996
12370,1910,285012,244027,1308,1452,0.11111111111111108,140.81819999999996
12371,1910,285012,244027,920,312,0.11111111111111108,140.81819999999996
12372,1910,285012,244027,920,285,0.11111111111111108,140.81819999999996
12373,1910,285012,244027,920,1452,0.11111111111111108,140.81819999999996
12374,1910,285012,244027,1309,312,0.11111111111111108,140.81819999999996
12375,1910,285012,244027,1309,285,0.11111111111111108,140.81819999999996
12376,1910,285012,244027,1309,1452,0.11111111111111108,140.81819999999996
12377,1911,285012,265018,1308,866,0.11111111111111108,8.074511111111109
12378,1911,285012,265018,1308,773,0.11111111111111108,8.074511111111109
12379,1911,285012,265018,1308,865,0.11111111111111108,8.074511111111109
12380,1911,285012,265018,920,866,0.11111111111111108,8.074511111111109
12381,1911,285012,265018,920,773,0.11111111111111108,8.074511111111109
12382,1911,285012,265018,920,865,0.11111111111111108,8.074511111111109
12383,1911,285012,265018,1309,866,0.11111111111111108,8.074511111111109
12384,1911,285012,265018,1309,773,0.11111111111111108,8.074511111111109
12385,1911,285012,265018,1309,865,0.11111111111111108,8.074511111111109
12386,1912,285012,271039,1308,242,0.11111111111111108,23.046888888888883
12387,1912,285012,271039,1308,1185,0.11111111111111108,23.046888888888883
12388,1912,285012,271039,1308,1178,0.11111111111111108,23.046888888888883
12389,1912,285012,271039,920,242,0.11111111111111108,23.046888888888883
12390,1912,285012,271039,920,1185,0.11111111111111108,23.046888888888883
12391,1912,285012,271039,920,1178,0.11111111111111108,23.046888888888883
12392,1912,285012,271039,1309,242,0.11111111111111108,23.046888888888883
12393,1912,285012,271039,1309,1185,0.11111111111111108,23.046888888888883
12394,1912,285012,271039,1309,1178,0.11111111111111108,23.046888888888883
12395,1913,285014,226007,914,966,0.11111111111111108,268.162411111111
12396,1913,285014,226007,914,1005,0.11111111111111108,268.162411111111
12397,1913,285014,226007,914,1485,0.11111111111111108,268.162411111111
12398,1913,285014,226007,282,966,0.11111111111111108,268.162411111111
12399,1913,285014,226007,282,1005,0.11111111111111108,268.162411111111
12400,1913,285014,226007,282,1485,0.11111111111111108,268.162411111111
12401,1913,285014,226007,905,966,0.11111111111111108,268.162411111111
12402,1913,285014,226007,905,1005,0.11111111111111108,268.162411111111
12403,1913,285014,226007,905,1485,0.11111111111111108,268.162411111111
12404,1914,285016,247006,1183,1139,0.16666666666666669,43.23058333333334
12405,1914,285016,247006,1183,313,0.16666666666666669,43.23058333333334
12406,1914,285016,247006,1183,1136,0.16666666666666669,43.23058333333334
12407,1914,285016,247006,1186,1139,0.16666666666666669,43.23058333333334
12408,1914,285016,247006,1186,313,0.16666666666666669,43.23058333333334
12409,1914,285016,247006,1186,1136,0.16666666666666669,43.23058333333334
12410,1915,285016,284020,1183,329,0.16666666666666669,18.35576666666667
12411,1915,285016,284020,1183,337,0.16666666666666669,18.35576666666667
12412,1915,285016,284020,1183,1222,0.16666666666666669,18.35576666666667
12413,1915,285016,284020,1186,329,0.16666666666666669,18.35576666666667
12414,1915,285016,284020,1186,337,0.16666666666666669,18.35576666666667
12415,1915,285016,284020,1186,1222,0.16666666666666669,18.35576666666667
12416,1916,285017,222025,1185,698,0.5,147.3747
12417,1916,285017,222025,357,698,0.5,147.3747
12418,1917,285017,284007,1185,329,0.16666666666666669,17.537183333333335
12419,1917,285017,284007,1185,1634,0.16666666666666669,17.537183333333335
12420,1917,285017,284007,1185,337,0.16666666666666669,17.537183333333335
12421,1917,285017,284007,357,329,0.16666666666666669,17.537183333333335
12422,1917,285017,284007,357,1634,0.16666666666666669,17.537183333333335
12423,1917,285017,284007,357,337,0.16666666666666669,17.537183333333335
12424,1918,285018,284007,346,329,0.16666666666666669,12.559216666666668
12425,1918,285018,284007,346,1634,0.16666666666666669,12.559216666666668
12426,1918,285018,284007,346,337,0.16666666666666669,12.559216666666668
12427,1918,285018,284007,1182,329,0.16666666666666669,12.559216666666668
12428,1918,285018,284007,1182,1634,0.16666666666666669,12.559216666666668
12429,1918,285018,284007,1182,337,0.16666666666666669,12.559216666666668
12430,1919,285019,227015,1500,27,0.11111111111111108,37.08766666666666
12431,1919,285019,227015,1500,1503,0.11111111111111108,37.08766666666666
12432,1919,285019,227015,1500,98,0.11111111111111108,37.08766666666666
12433,1919,285019,227015,1182,27,0.11111111111111108,37.08766666666666
12434,1919,285019,227015,1182,1503,0.11111111111111108,37.08766666666666
12435,1919,285019,227015,1182,98,0.11111111111111108,37.08766666666666
12436,1919,285019,227015,351,27,0.11111111111111108,37.08766666666666
12437,1919,285019,227015,351,1503,0.11111111111111108,37.08766666666666
12438,1919,285019,227015,351,98,0.11111111111111108,37.08766666666666
12439,1920,285022,284007,348,329,0.16666666666666669,19.00221666666667
12440,1920,285022,284007,348,1634,0.16666666666666669,19.00221666666667
12441,1920,285022,284007,348,337,0.16666666666666669,19.00221666666667
12442,1920,285022,284007,347,329,0.16666666666666669,19.00221666666667
12443,1920,285022,284007,347,1634,0.16666666666666669,19.00221666666667
12444,1920,285022,284007,347,337,0.16666666666666669,19.00221666666667
12445,1921,285024,222018,924,1545,0.16666666666666669,20.062933333333337
12446,1921,285024,222018,924,676,0.16666666666666669,20.062933333333337
12447,1921,285024,222018,1309,1545,0.16666666666666669,20.062933333333337
12448,1921,285024,222018,1309,676,0.16666666666666669,20.062933333333337
12449,1921,285024,222018,1689,1545,0.16666666666666669,20.062933333333337
12450,1921,285024,222018,1689,676,0.16666666666666669,20.062933333333337
12451,1922,285024,243014,924,1087,0.3333333333333333,34.54646666666666
12452,1922,285024,243014,1309,1087,0.3333333333333333,34.54646666666666
12453,1922,285024,243014,1689,1087,0.3333333333333333,34.54646666666666
12454,1923,285024,265020,924,1340,0.16666666666666669,31.837866666666667
12455,1923,285024,265020,924,1093,0.16666666666666669,31.837866666666667
12456,1923,285024,265020,1309,1340,0.16666666666666669,31.837866666666667
12457,1923,285024,265020,1309,1093,0.16666666666666669,31.837866666666667
12458,1923,285024,265020,1689,1340,0.16666666666666669,31.837866666666667
12459,1923,285024,265020,1689,1093,0.16666666666666669,31.837866666666667
12460,1924,285025,254014,1194,1274,0.16666666666666669,29.40401666666667
12461,1924,285025,254014,1194,1048,0.16666666666666669,29.40401666666667
12462,1924,285025,254014,1188,1274,0.16666666666666669,29.40401666666667
12463,1924,285025,254014,1188,1048,0.16666666666666669,29.40401666666667
12464,1924,285025,254014,346,1274,0.16666666666666669,29.40401666666667
12465,1924,285025,254014,346,1048,0.16666666666666669,29.40401666666667
12466,1925,286014,212017,1249,547,0.3333333333333333,55.5631
12467,1925,286014,212017,1246,547,0.3333333333333333,55.5631
12468,1925,286014,212017,337,547,0.3333333333333333,55.5631
12469,1926,286014,215002,1249,381,0.11111111111111108,11.845833333333331
12470,1926,286014,215002,1249,1659,0.11111111111111108,11.845833333333331
12471,1926,286014,215002,1249,1638,0.11111111111111108,11.845833333333331
12472,1926,286014,215002,1246,381,0.11111111111111108,11.845833333333331
12473,1926,286014,215002,1246,1659,0.11111111111111108,11.845833333333331
12474,1926,286014,215002,1246,1638,0.11111111111111108,11.845833333333331
12475,1926,286014,215002,337,381,0.11111111111111108,11.845833333333331
12476,1926,286014,215002,337,1659,0.11111111111111108,11.845833333333331
12477,1926,286014,215002,337,1638,0.11111111111111108,11.845833333333331
12478,1927,286014,222027,1249,96,0.11111111111111108,10.86772222222222
12479,1927,286014,222027,1249,698,0.11111111111111108,10.86772222222222
12480,1927,286014,222027,1249,692,0.11111111111111108,10.86772222222222
12481,1927,286014,222027,1246,96,0.11111111111111108,10.86772222222222
12482,1927,286014,222027,1246,698,0.11111111111111108,10.86772222222222
12483,1927,286014,222027,1246,692,0.11111111111111108,10.86772222222222
12484,1927,286014,222027,337,96,0.11111111111111108,10.86772222222222
12485,1927,286014,222027,337,698,0.11111111111111108,10.86772222222222
12486,1927,286014,222027,337,692,0.11111111111111108,10.86772222222222
12487,1928,286014,227003,1249,98,0.11111111111111108,10.238244444444442
12488,1928,286014,227003,1249,452,0.11111111111111108,10.238244444444442
12489,1928,286014,227003,1249,602,0.11111111111111108,10.238244444444442
12490,1928,286014,227003,1246,98,0.11111111111111108,10.238244444444442
12491,1928,286014,227003,1246,452,0.11111111111111108,10.238244444444442
12492,1928,286014,227003,1246,602,0.11111111111111108,10.238244444444442
12493,1928,286014,227003,337,98,0.11111111111111108,10.238244444444442
12494,1928,286014,227003,337,452,0.11111111111111108,10.238244444444442
12495,1928,286014,227003,337,602,0.11111111111111108,10.238244444444442
12496,1929,286014,227024,1249,589,0.11111111111111108,10.107255555555554
12497,1929,286014,227024,1249,1354,0.11111111111111108,10.107255555555554
12498,1929,286014,227024,1249,1003,0.11111111111111108,10.107255555555554
12499,1929,286014,227024,1246,589,0.11111111111111108,10.107255555555554
12500,1929,286014,227024,1246,1354,0.11111111111111108,10.107255555555554
12501,1929,286014,227024,1246,1003,0.11111111111111108,10.107255555555554
12502,1929,286014,227024,337,589,0.11111111111111108,10.107255555555554
12503,1929,286014,227024,337,1354,0.11111111111111108,10.107255555555554
12504,1929,286014,227024,337,1003,0.11111111111111108,10.107255555555554
12505,1930,286014,229012,1249,87,0.11111111111111108,7.539173295534895
12506,1930,286014,229012,1249,96,0.11111111111111108,7.539173295534895
12507,1930,286014,229012,1249,98,0.11111111111111108,7.539173295534895
12508,1930,286014,229012,1246,87,0.11111111111111108,7.539173295534895
12509,1930,286014,229012,1246,96,0.11111111111111108,7.539173295534895
12510,1930,286014,229012,1246,98,0.11111111111111108,7.539173295534895
12511,1930,286014,229012,337,87,0.11111111111111108,7.539173295534895
12512,1930,286014,229012,337,96,0.11111111111111108,7.539173295534895
12513,1930,286014,229012,337,98,0.11111111111111108,7.539173295534895
12514,1931,286014,229044,1249,91,0.11111111111111108,17.733088888888886
12515,1931,286014,229044,1249,92,0.11111111111111108,17.733088888888886
12516,1931,286014,229044,1249,693,0.11111111111111108,17.733088888888886
12517,1931,286014,229044,1246,91,0.11111111111111108,17.733088888888886
12518,1931,286014,229044,1246,92,0.11111111111111108,17.733088888888886
12519,1931,286014,229044,1246,693,0.11111111111111108,17.733088888888886
12520,1931,286014,229044,337,91,0.11111111111111108,17.733088888888886
12521,1931,286014,229044,337,92,0.11111111111111108,17.733088888888886
12522,1931,286014,229044,337,693,0.11111111111111108,17.733088888888886
12523,1932,286014,234025,1249,459,0.11111111111111108,7.932377777777776
12524,1932,286014,234025,1249,1518,0.11111111111111108,7.932377777777776
12525,1932,286014,234025,1249,410,0.11111111111111108,7.932377777777776
12526,1932,286014,234025,1246,459,0.11111111111111108,7.932377777777776
12527,1932,286014,234025,1246,1518,0.11111111111111108,7.932377777777776
12528,1932,286014,234025,1246,410,0.11111111111111108,7.932377777777776
12529,1932,286014,234025,337,459,0.11111111111111108,7.932377777777776
12530,1932,286014,234025,337,1518,0.11111111111111108,7.932377777777776
12531,1932,286014,234025,337,410,0.11111111111111108,7.932377777777776
12532,1933,286014,241011,1249,1505,0.3333333333333333,76.91293333333333
12533,1933,286014,241011,1246,1505,0.3333333333333333,76.91293333333333
12534,1933,286014,241011,337,1505,0.3333333333333333,76.91293333333333
12535,1934,286014,264062,1249,66,0.3333333333333333,30.71473333333333
12536,1934,286014,264062,1246,66,0.3333333333333333,30.71473333333333
12537,1934,286014,264062,337,66,0.3333333333333333,30.71473333333333
12538,1935,286014,285002,1249,1191,0.11111111111111108,8.77621111111111
12539,1935,286014,285002,1249,1189,0.11111111111111108,8.77621111111111
12540,1935,286014,285002,1249,1188,0.11111111111111108,8.77621111111111
12541,1935,286014,285002,1246,1191,0.11111111111111108,8.77621111111111
12542,1935,286014,285002,1246,1189,0.11111111111111108,8.77621111111111
12543,1935,286014,285002,1246,1188,0.11111111111111108,8.77621111111111
12544,1935,286014,285002,337,1191,0.11111111111111108,8.77621111111111
12545,1935,286014,285002,337,1189,0.11111111111111108,8.77621111111111
12546,1935,286014,285002,337,1188,0.11111111111111108,8.77621111111111
12547,1936,286014,285008,1249,1188,0.11111111111111108,10.471255555555553
12548,1936,286014,285008,1249,349,0.11111111111111108,10.471255555555553
12549,1936,286014,285008,1249,348,0.11111111111111108,10.471255555555553
12550,1936,286014,285008,1246,1188,0.11111111111111108,10.471255555555553
12551,1936,286014,285008,1246,349,0.11111111111111108,10.471255555555553
12552,1936,286014,285008,1246,348,0.11111111111111108,10.471255555555553
12553,1936,286014,285008,337,1188,0.11111111111111108,10.471255555555553
12554,1936,286014,285008,337,349,0.11111111111111108,10.471255555555553
12555,1936,286014,285008,337,348,0.11111111111111108,10.471255555555553
12556,1937,286016,253002,1197,182,0.11111111111111108,16.958277777777774
12557,1937,286016,253002,1197,121,0.11111111111111108,16.958277777777774
12558,1937,286016,253002,1197,118,0.11111111111111108,16.958277777777774
12559,1937,286016,253002,1249,182,0.11111111111111108,16.958277777777774
12560,1937,286016,253002,1249,121,0.11111111111111108,16.958277777777774
12561,1937,286016,253002,1249,118,0.11111111111111108,16.958277777777774
12562,1937,286016,253002,1250,182,0.11111111111111108,16.958277777777774
12563,1937,286016,253002,1250,121,0.11111111111111108,16.958277777777774
12564,1937,286016,253002,1250,118,0.11111111111111108,16.958277777777774
12565,1938,286017,213004,1585,286,0.16666666666666669,12.973666666666668
12566,1938,286017,213004,1585,302,0.16666666666666669,12.973666666666668
12567,1938,286017,213004,1585,1680,0.16666666666666669,12.973666666666668
12568,1938,286017,213004,1584,286,0.16666666666666669,12.973666666666668
12569,1938,286017,213004,1584,302,0.16666666666666669,12.973666666666668
12570,1938,286017,213004,1584,1680,0.16666666666666669,12.973666666666668
12571,1939,286017,227019,1585,93,0.5,225.42385
12572,1939,286017,227019,1584,93,0.5,225.42385
12573,1940,286017,242041,1585,486,0.16666666666666669,15.484166666666669
12574,1940,286017,242041,1585,426,0.16666666666666669,15.484166666666669
12575,1940,286017,242041,1585,489,0.16666666666666669,15.484166666666669
12576,1940,286017,242041,1584,486,0.16666666666666669,15.484166666666669
12577,1940,286017,242041,1584,426,0.16666666666666669,15.484166666666669
12578,1940,286017,242041,1584,489,0.16666666666666669,15.484166666666669
12579,1941,286017,244028,1585,1663,0.16666666666666669,308.53860000000003
12580,1941,286017,244028,1585,521,0.16666666666666669,308.53860000000003
12581,1941,286017,244028,1585,477,0.16666666666666669,308.53860000000003
12582,1941,286017,244028,1584,1663,0.16666666666666669,308.53860000000003
12583,1941,286017,244028,1584,521,0.16666666666666669,308.53860000000003
12584,1941,286017,244028,1584,477,0.16666666666666669,308.53860000000003
12585,1942,286017,254014,1585,1274,0.25,34.636125
12586,1942,286017,254014,1585,1048,0.25,34.636125
12587,1942,286017,254014,1584,1274,0.25,34.636125
12588,1942,286017,254014,1584,1048,0.25,34.636125
12589,1943,286017,263018,1585,1375,0.16666666666666669,11.496813069817824
12590,1943,286017,263018,1585,870,0.16666666666666669,11.496813069817824
12591,1943,286017,263018,1585,1273,0.16666666666666669,11.496813069817824
12592,1943,286017,263018,1584,1375,0.16666666666666669,11.496813069817824
12593,1943,286017,263018,1584,870,0.16666666666666669,11.496813069817824
12594,1943,286017,263018,1584,1273,0.16666666666666669,11.496813069817824
12595,1944,286017,268033,1585,1273,0.16666666666666669,26.4139
12596,1944,286017,268033,1585,256,0.16666666666666669,26.4139
12597,1944,286017,268033,1585,1378,0.16666666666666669,26.4139
12598,1944,286017,268033,1584,1273,0.16666666666666669,26.4139
12599,1944,286017,268033,1584,256,0.16666666666666669,26.4139
12600,1944,286017,268033,1584,1378,0.16666666666666669,26.4139
12601,1945,286028,271013,1554,352,0.11111111111111108,11.274077777777777
12602,1945,286028,271013,1554,250,0.11111111111111108,11.274077777777777
12603,1945,286028,271013,1554,970,0.11111111111111108,11.274077777777777
12604,1945,286028,271013,1224,352,0.11111111111111108,11.274077777777777
12605,1945,286028,271013,1224,250,0.11111111111111108,11.274077777777777
12606,1945,286028,271013,1224,970,0.11111111111111108,11.274077777777777
12607,1945,286028,271013,1724,352,0.11111111111111108,11.274077777777777
12608,1945,286028,271013,1724,250,0.11111111111111108,11.274077777777777
12609,1945,286028,271013,1724,970,0.11111111111111108,11.274077777777777
12610,1946,286028,283027,1554,1634,0.11111111111111108,10.509833333333331
12611,1946,286028,283027,1554,334,0.11111111111111108,10.509833333333331
12612,1946,286028,283027,1554,101,0.11111111111111108,10.509833333333331
12613,1946,286028,283027,1224,1634,0.11111111111111108,10.509833333333331
12614,1946,286028,283027,1224,334,0.11111111111111108,10.509833333333331
12615,1946,286028,283027,1224,101,0.11111111111111108,10.509833333333331
12616,1946,286028,283027,1724,1634,0.11111111111111108,10.509833333333331
12617,1946,286028,283027,1724,334,0.11111111111111108,10.509833333333331
12618,1946,286028,283027,1724,101,0.11111111111111108,10.509833333333331
12619,1947,286029,243010,1471,485,0.3333333333333333,101.97846666666666
12620,1947,286029,243010,1249,485,0.3333333333333333,101.97846666666666
12621,1947,286029,243010,1246,485,0.3333333333333333,101.97846666666666
12622,1948,286039,121005,1554,74,0.11111111111111108,8.449666666666664
12623,1948,286039,121005,1554,290,0.11111111111111108,8.449666666666664
12624,1948,286039,121005,1554,170,0.11111111111111108,8.449666666666664
12625,1948,286039,121005,1249,74,0.11111111111111108,8.449666666666664
12626,1948,286039,121005,1249,290,0.11111111111111108,8.449666666666664
12627,1948,286039,121005,1249,170,0.11111111111111108,8.449666666666664
12628,1948,286039,121005,1302,74,0.11111111111111108,8.449666666666664
12629,1948,286039,121005,1302,290,0.11111111111111108,8.449666666666664
12630,1948,286039,121005,1302,170,0.11111111111111108,8.449666666666664
12631,1949,286039,215005,1554,327,0.11111111111111108,7.957788888888886
12632,1949,286039,215005,1554,1681,0.11111111111111108,7.957788888888886
12633,1949,286039,215005,1554,1116,0.11111111111111108,7.957788888888886
12634,1949,286039,215005,1249,327,0.11111111111111108,7.957788888888886
12635,1949,286039,215005,1249,1681,0.11111111111111108,7.957788888888886
12636,1949,286039,215005,1249,1116,0.11111111111111108,7.957788888888886
12637,1949,286039,215005,1302,327,0.11111111111111108,7.957788888888886
12638,1949,286039,215005,1302,1681,0.11111111111111108,7.957788888888886
12639,1949,286039,215005,1302,1116,0.11111111111111108,7.957788888888886
12640,1950,286039,222027,1554,96,0.11111111111111108,43.59473333333332
12641,1950,286039,222027,1554,698,0.11111111111111108,43.59473333333332
12642,1950,286039,222027,1554,692,0.11111111111111108,43.59473333333332
12643,1950,286039,222027,1249,96,0.11111111111111108,43.59473333333332
12644,1950,286039,222027,1249,698,0.11111111111111108,43.59473333333332
12645,1950,286039,222027,1249,692,0.11111111111111108,43.59473333333332
12646,1950,286039,222027,1302,96,0.11111111111111108,43.59473333333332
12647,1950,286039,222027,1302,698,0.11111111111111108,43.59473333333332
12648,1950,286039,222027,1302,692,0.11111111111111108,43.59473333333332
12649,1951,286039,225024,1554,1012,0.11111111111111108,0.09914444444444441
12650,1951,286039,225024,1554,737,0.11111111111111108,0.09914444444444441
12651,1951,286039,225024,1554,743,0.11111111111111108,0.09914444444444441
12652,1951,286039,225024,1249,1012,0.11111111111111108,0.09914444444444441
12653,1951,286039,225024,1249,737,0.11111111111111108,0.09914444444444441
12654,1951,286039,225024,1249,743,0.11111111111111108,0.09914444444444441
12655,1951,286039,225024,1302,1012,0.11111111111111108,0.09914444444444441
12656,1951,286039,225024,1302,737,0.11111111111111108,0.09914444444444441
12657,1951,286039,225024,1302,743,0.11111111111111108,0.09914444444444441
12658,1952,286039,226007,1554,966,0.11111111111111108,37.68885555555555
12659,1952,286039,226007,1554,1005,0.11111111111111108,37.68885555555555
12660,1952,286039,226007,1554,1485,0.11111111111111108,37.68885555555555
12661,1952,286039,226007,1249,966,0.11111111111111108,37.68885555555555
12662,1952,286039,226007,1249,1005,0.11111111111111108,37.68885555555555
12663,1952,286039,226007,1249,1485,0.11111111111111108,37.68885555555555
12664,1952,286039,226007,1302,966,0.11111111111111108,37.68885555555555
12665,1952,286039,226007,1302,1005,0.11111111111111108,37.68885555555555
12666,1952,286039,226007,1302,1485,0.11111111111111108,37.68885555555555
12667,1953,286039,227014,1554,88,0.11111111111111108,5.228733333333332
12668,1953,286039,227014,1554,566,0.11111111111111108,5.228733333333332
12669,1953,286039,227014,1554,973,0.11111111111111108,5.228733333333332
12670,1953,286039,227014,1249,88,0.11111111111111108,5.228733333333332
12671,1953,286039,227014,1249,566,0.11111111111111108,5.228733333333332
12672,1953,286039,227014,1249,973,0.11111111111111108,5.228733333333332
12673,1953,286039,227014,1302,88,0.11111111111111108,5.228733333333332
12674,1953,286039,227014,1302,566,0.11111111111111108,5.228733333333332
12675,1953,286039,227014,1302,973,0.11111111111111108,5.228733333333332
12676,1954,286039,229044,1554,91,0.11111111111111108,8.984332326543234
12677,1954,286039,229044,1554,92,0.11111111111111108,8.984332326543234
12678,1954,286039,229044,1554,693,0.11111111111111108,8.984332326543234
12679,1954,286039,229044,1249,91,0.11111111111111108,8.984332326543234
12680,1954,286039,229044,1249,92,0.11111111111111108,8.984332326543234
12681,1954,286039,229044,1249,693,0.11111111111111108,8.984332326543234
12682,1954,286039,229044,1302,91,0.11111111111111108,8.984332326543234
12683,1954,286039,229044,1302,92,0.11111111111111108,8.984332326543234
12684,1954,286039,229044,1302,693,0.11111111111111108,8.984332326543234
12685,1955,286039,242007,1554,1165,0.11111111111111108,10.058099999999998
12686,1955,286039,242007,1554,1153,0.11111111111111108,10.058099999999998
12687,1955,286039,242007,1554,1154,0.11111111111111108,10.058099999999998
12688,1955,286039,242007,1249,1165,0.11111111111111108,10.058099999999998
12689,1955,286039,242007,1249,1153,0.11111111111111108,10.058099999999998
12690,1955,286039,242007,1249,1154,0.11111111111111108,10.058099999999998
12691,1955,286039,242007,1302,1165,0.11111111111111108,10.058099999999998
12692,1955,286039,242007,1302,1153,0.11111111111111108,10.058099999999998
12693,1955,286039,242007,1302,1154,0.11111111111111108,10.058099999999998
12694,1956,286039,242034,1554,29,0.11111111111111108,8.516277777777775
12695,1956,286039,242034,1554,481,0.11111111111111108,8.516277777777775
12696,1956,286039,242034,1554,467,0.11111111111111108,8.516277777777775
12697,1956,286039,242034,1249,29,0.11111111111111108,8.516277777777775
12698,1956,286039,242034,1249,481,0.11111111111111108,8.516277777777775
12699,1956,286039,242034,1249,467,0.11111111111111108,8.516277777777775
12700,1956,286039,242034,1302,29,0.11111111111111108,8.516277777777775
12701,1956,286039,242034,1302,481,0.11111111111111108,8.516277777777775
12702,1956,286039,242034,1302,467,0.11111111111111108,8.516277777777775
12703,1957,286039,283033,1554,331,0.11111111111111108,16.838359895514188
12704,1957,286039,283033,1554,332,0.11111111111111108,16.838359895514188
12705,1957,286039,283033,1554,1625,0.11111111111111108,16.838359895514188
12706,1957,286039,283033,1249,331,0.11111111111111108,16.838359895514188
12707,1957,286039,283033,1249,332,0.11111111111111108,16.838359895514188
12708,1957,286039,283033,1249,1625,0.11111111111111108,16.838359895514188
12709,1957,286039,283033,1302,331,0.11111111111111108,16.838359895514188
12710,1957,286039,283033,1302,332,0.11111111111111108,16.838359895514188
12711,1957,286039,283033,1302,1625,0.11111111111111108,16.838359895514188
