tpusb,connector_order,node_id,weight,selection,rep_snap_dist_m,node_x_hk80,node_y_hk80
113002,1,74,0.3333333333333333,nearest,255.69245984439806,833108.8089726613,816766.1140224505
113002,2,1608,0.3333333333333333,nearest,2233.0556317989867,834423.4307781752,818324.6445673074
113002,3,170,0.3333333333333333,nearest,1950.5526109204022,834240.9791719719,818107.7162556426
113003,1,74,0.3333333333333333,nearest,466.9712945379373,833108.8089726613,816766.1140224505
113003,2,1608,0.3333333333333333,nearest,2078.3655739508017,834423.4307781752,818324.6445673074
113003,3,170,0.3333333333333333,nearest,1803.172016463984,834240.9791719719,818107.7162556426
113004,1,74,0.3333333333333333,nearest,570.776695700125,833108.8089726613,816766.1140224505
113004,2,1371,0.3333333333333333,nearest,1999.0900710644144,835458.0368011842,817216.1162943173
113004,3,170,0.3333333333333333,nearest,1752.2225678570721,834240.9791719719,818107.7162556426
113005,1,74,0.3333333333333333,nearest,305.2305670102238,833108.8089726613,816766.1140224505
113005,2,1608,0.3333333333333333,nearest,2283.7819658109856,834423.4307781752,818324.6445673074
113005,3,170,0.3333333333333333,nearest,2001.442776503957,834240.9791719719,818107.7162556426
113006,1,74,0.3333333333333333,nearest,313.2095227002796,833108.8089726613,816766.1140224505
113006,2,1608,0.3333333333333333,nearest,2174.8072948477998,834423.4307781752,818324.6445673074
113006,3,170,0.3333333333333333,nearest,1894.215749111096,834240.9791719719,818107.7162556426
113007,1,74,0.3333333333333333,nearest,397.5261717686695,833108.8089726613,816766.1140224505
113007,2,1608,0.3333333333333333,nearest,2134.0490082607075,834423.4307781752,818324.6445673074
113007,3,170,0.3333333333333333,nearest,1856.0967843510048,834240.9791719719,818107.7162556426
113008,1,74,0.3333333333333333,nearest,599.3907528457435,833108.8089726613,816766.1140224505
113008,2,291,0.3333333333333333,nearest,2052.1828160044934,835458.1814007995,817222.5388783141
113008,3,170,0.3333333333333333,nearest,1835.2697666640656,834240.9791719719,818107.7162556426
113009,1,74,0.3333333333333333,nearest,454.7273270439492,833108.8089726613,816766.1140224505
113009,2,1608,0.3333333333333333,nearest,2393.988449125633,834423.4307781752,818324.6445673074
113009,3,170,0.3333333333333333,nearest,2113.132193600779,834240.9791719719,818107.7162556426
113010,1,74,0.3333333333333333,nearest,441.7487621298796,833108.8089726613,816766.1140224505
113010,2,1608,0.3333333333333333,nearest,2341.910895812736,834423.4307781752,818324.6445673074
113010,3,170,0.3333333333333333,nearest,2061.876339818467,834240.9791719719,818107.7162556426
113011,1,74,0.3333333333333333,nearest,433.0896496035705,833108.8089726613,816766.1140224505
113011,2,1608,0.3333333333333333,nearest,2273.947973899695,834423.4307781752,818324.6445673074
113011,3,170,0.3333333333333333,nearest,1995.032304890571,834240.9791719719,818107.7162556426
113012,1,74,0.3333333333333333,nearest,404.3099853611372,833108.8089726613,816766.1140224505
113012,2,1608,0.3333333333333333,nearest,2183.1384283866273,834423.4307781752,818324.6445673074
113012,3,170,0.3333333333333333,nearest,1904.8150590163161,834240.9791719719,818107.7162556426
113013,1,74,0.3333333333333333,nearest,539.3951519852627,833108.8089726613,816766.1140224505
113013,2,1371,0.3333333333333333,nearest,2177.8875466300397,835458.0368011842,817216.1162943173
113013,3,170,0.3333333333333333,nearest,1919.9828718674391,834240.9791719719,818107.7162556426
113014,1,74,0.3333333333333333,nearest,634.747151978436,833108.8089726613,816766.1140224505
113014,2,291,0.3333333333333333,nearest,2099.4096028917224,835458.1814007995,817222.5388783141
113014,3,170,0.3333333333333333,nearest,1910.8522304825194,834240.9791719719,818107.7162556426
113015,1,74,0.3333333333333333,nearest,541.8171792259317,833108.8089726613,816766.1140224505
113015,2,1371,0.3333333333333333,nearest,2294.5340429173875,835458.0368011842,817216.1162943173
113015,3,170,0.3333333333333333,nearest,2023.1819028203656,834240.9791719719,818107.7162556426
113016,1,74,0.3333333333333333,nearest,555.453837928802,833108.8089726613,816766.1140224505
113016,2,1371,0.3333333333333333,nearest,2212.590971891364,835458.0368011842,817216.1162943173
113016,3,170,0.3333333333333333,nearest,1962.8896717647249,834240.9791719719,818107.7162556426
113017,1,74,0.3333333333333333,nearest,620.0426284726611,833108.8089726613,816766.1140224505
113017,2,291,0.3333333333333333,nearest,2150.2547234659132,835458.1814007995,817222.5388783141
113017,3,170,0.3333333333333333,nearest,1948.5588384373152,834240.9791719719,818107.7162556426
113018,1,74,0.3333333333333333,nearest,596.7973058380925,833108.8089726613,816766.1140224505
113018,2,1608,0.3333333333333333,nearest,2611.1771371798804,834423.4307781752,818324.6445673074
113018,3,170,0.3333333333333333,nearest,2328.5467193083523,834240.9791719719,818107.7162556426
113019,1,74,0.3333333333333333,nearest,571.5602663965499,833108.8089726613,816766.1140224505
113019,2,1371,0.3333333333333333,nearest,2330.6097602579043,835458.0368011842,817216.1162943173
113019,3,170,0.3333333333333333,nearest,2070.529925868625,834240.9791719719,818107.7162556426
113020,1,74,0.3333333333333333,nearest,657.5539376947785,833108.8089726613,816766.1140224505
113020,2,291,0.3333333333333333,nearest,2213.380998109373,835458.1814007995,817222.5388783141
113020,3,170,0.3333333333333333,nearest,2029.8444609721496,834240.9791719719,818107.7162556426
113021,1,74,0.3333333333333333,nearest,602.7823277528997,833108.8089726613,816766.1140224505
113021,2,1371,0.3333333333333333,nearest,2401.277569816128,835458.0368011842,817216.1162943173
113021,3,170,0.3333333333333333,nearest,2141.7058490194345,834240.9791719719,818107.7162556426
113022,1,74,0.3333333333333333,nearest,694.1839151844391,833108.8089726613,816766.1140224505
113022,2,291,0.3333333333333333,nearest,2281.833688021582,835458.1814007995,817222.5388783141
113022,3,170,0.3333333333333333,nearest,2109.022188241598,834240.9791719719,818107.7162556426
113023,1,74,0.3333333333333333,nearest,778.0092305435747,833108.8089726613,816766.1140224505
113023,2,1528,0.3333333333333333,nearest,2231.5033466058667,835519.0446427938,817286.2634615004
113023,3,170,0.3333333333333333,nearest,2054.452290912909,834240.9791719719,818107.7162556426
113024,1,74,0.3333333333333333,nearest,652.9036168934509,833108.8089726613,816766.1140224505
113024,2,1371,0.3333333333333333,nearest,2488.9842556116687,835458.0368011842,817216.1162943173
113024,3,170,0.3333333333333333,nearest,2230.9882972021665,834240.9791719719,818107.7162556426
113025,1,74,0.3333333333333333,nearest,735.5235756741084,833108.8089726613,816766.1140224505
113025,2,291,0.3333333333333333,nearest,2347.011735677966,835458.1814007995,817222.5388783141
113025,3,170,0.3333333333333333,nearest,2183.9828366292477,834240.9791719719,818107.7162556426
113026,1,74,0.3333333333333333,nearest,333.1463675048529,833108.8089726613,816766.1140224505
113026,2,1608,0.3333333333333333,nearest,1929.8825734723628,834423.4307781752,818324.6445673074
113026,3,170,0.3333333333333333,nearest,1650.5321286796225,834240.9791719719,818107.7162556426
113028,1,74,0.3333333333333333,nearest,327.84084225978756,833108.8089726613,816766.1140224505
113028,2,1608,0.3333333333333333,nearest,2366.4172385070265,834423.4307781752,818324.6445673074
113028,3,170,0.3333333333333333,nearest,2082.967626664944,834240.9791719719,818107.7162556426
114003,1,74,0.3333333333333333,nearest,678.2974755263983,833108.8089726613,816766.1140224505
114003,2,291,0.3333333333333333,nearest,1916.625516783767,835458.1814007995,817222.5388783141
114003,3,170,0.3333333333333333,nearest,1746.4890758070185,834240.9791719719,818107.7162556426
114004,1,74,0.3333333333333333,nearest,780.3896677001292,833108.8089726613,816766.1140224505
114004,2,1528,0.3333333333333333,nearest,1921.888903611226,835519.0446427938,817286.2634615004
114004,3,170,0.3333333333333333,nearest,1747.5145970867597,834240.9791719719,818107.7162556426
114005,1,74,0.3333333333333333,nearest,874.3777210887163,833108.8089726613,816766.1140224505
114005,2,1310,0.3333333333333333,nearest,1940.0077583719267,835601.7719372475,817301.2420821127
114005,3,170,0.3333333333333333,nearest,1761.1623181386437,834240.9791719719,818107.7162556426
114006,1,74,0.3333333333333333,nearest,966.5043789091933,833108.8089726613,816766.1140224505
114006,2,314,0.3333333333333333,nearest,1933.2759470323092,835638.900170229,817306.1903735058
114006,3,170,0.3333333333333333,nearest,1799.1630119806728,834240.9791719719,818107.7162556426
114007,1,74,0.3333333333333333,nearest,1086.7881934822096,833108.8089726613,816766.1140224505
114007,2,314,0.3333333333333333,nearest,1883.6522419811545,835638.900170229,817306.1903735058
114007,3,170,0.3333333333333333,nearest,1853.86306285131,834240.9791719719,818107.7162556426
114008,1,74,0.3333333333333333,nearest,678.9540569107298,833108.8089726613,816766.1140224505
114008,2,291,0.3333333333333333,nearest,1988.6586831312536,835458.1814007995,817222.5388783141
114008,3,170,0.3333333333333333,nearest,1830.9088476284364,834240.9791719719,818107.7162556426
114009,1,74,0.3333333333333333,nearest,774.7804999751593,833108.8089726613,816766.1140224505
114009,2,1528,0.3333333333333333,nearest,1972.6509028632922,835519.0446427938,817286.2634615004
114009,3,170,0.3333333333333333,nearest,1801.7639705196402,834240.9791719719,818107.7162556426
114010,1,74,0.3333333333333333,nearest,745.5430328948116,833108.8089726613,816766.1140224505
114010,2,1528,0.3333333333333333,nearest,2037.3863670071285,835519.0446427938,817286.2634615004
114010,3,170,0.3333333333333333,nearest,1848.2315651734789,834240.9791719719,818107.7162556426
114014,1,74,0.3333333333333333,nearest,701.6830321211119,833108.8089726613,816766.1140224505
114014,2,291,0.3333333333333333,nearest,2062.437575417546,835458.1814007995,817222.5388783141
114014,3,170,0.3333333333333333,nearest,1924.3728405221523,834240.9791719719,818107.7162556426
114015,1,74,0.3333333333333333,nearest,742.4699316754037,833108.8089726613,816766.1140224505
114015,2,1528,0.3333333333333333,nearest,2089.7181799699397,835519.0446427938,817286.2634615004
114015,3,170,0.3333333333333333,nearest,1899.6246865136443,834240.9791719719,818107.7162556426
114016,1,74,0.3333333333333333,nearest,791.3838319188046,833108.8089726613,816766.1140224505
114016,2,1528,0.3333333333333333,nearest,2051.3932364482343,835519.0446427938,817286.2634615004
114016,3,170,0.3333333333333333,nearest,1898.562620066884,834240.9791719719,818107.7162556426
114017,1,74,0.3333333333333333,nearest,718.8984805975317,833108.8089726613,816766.1140224505
114017,2,1528,0.3333333333333333,nearest,2206.67536739699,835519.0446427938,817286.2634615004
114017,3,170,0.3333333333333333,nearest,1992.9405435614813,834240.9791719719,818107.7162556426
114018,1,74,0.3333333333333333,nearest,793.9809230360937,833108.8089726613,816766.1140224505
114018,2,1528,0.3333333333333333,nearest,2113.198007604862,835519.0446427938,817286.2634615004
114018,3,170,0.3333333333333333,nearest,1960.2558516603513,834240.9791719719,818107.7162556426
114019,1,74,0.3333333333333333,nearest,852.1762176064811,833108.8089726613,816766.1140224505
114019,2,1310,0.3333333333333333,nearest,2167.2378719242492,835601.7719372475,817301.2420821127
114019,3,170,0.3333333333333333,nearest,1979.4280372760093,834240.9791719719,818107.7162556426
114020,1,74,0.3333333333333333,nearest,995.7983289604887,833108.8089726613,816766.1140224505
114020,2,314,0.3333333333333333,nearest,2092.188294381049,835638.900170229,817306.1903735058
114020,3,170,0.3333333333333333,nearest,1985.5662573884679,834240.9791719719,818107.7162556426
114021,1,74,0.3333333333333333,nearest,895.7136130063391,833108.8089726613,816766.1140224505
114021,2,1094,0.3333333333333333,nearest,2234.847009967188,835626.0706982878,817304.8399344875
114021,3,170,0.3333333333333333,nearest,2051.0816096288613,834240.9791719719,818107.7162556426
114022,1,74,0.3333333333333333,nearest,986.8937457768095,833108.8089726613,816766.1140224505
114022,2,314,0.3333333333333333,nearest,2152.1766789203975,835638.900170229,817306.1903735058
114022,3,170,0.3333333333333333,nearest,2033.6030905127654,834240.9791719719,818107.7162556426
114023,1,74,0.3333333333333333,nearest,805.0250601196256,833108.8089726613,816766.1140224505
114023,2,1528,0.3333333333333333,nearest,2286.228540109534,835519.0446427938,817286.2634615004
114023,3,170,0.3333333333333333,nearest,2117.1900667869622,834240.9791719719,818107.7162556426
114024,1,74,0.3333333333333333,nearest,916.3105640821752,833108.8089726613,816766.1140224505
114024,2,1094,0.3333333333333333,nearest,2308.9589517058635,835626.0706982878,817304.8399344875
114024,3,170,0.3333333333333333,nearest,2127.6469327237924,834240.9791719719,818107.7162556426
114025,1,74,0.3333333333333333,nearest,986.9245002924865,833108.8089726613,816766.1140224505
114025,2,314,0.3333333333333333,nearest,2223.897648664463,835638.900170229,817306.1903735058
114025,3,170,0.3333333333333333,nearest,2095.965990282451,834240.9791719719,818107.7162556426
114026,1,74,0.3333333333333333,nearest,1044.058615420039,833108.8089726613,816766.1140224505
114026,2,314,0.3333333333333333,nearest,2150.982280450615,835638.900170229,817306.1903735058
114026,3,170,0.3333333333333333,nearest,2074.145804029432,834240.9791719719,818107.7162556426
114027,1,74,0.3333333333333333,nearest,836.3263118892903,833108.8089726613,816766.1140224505
114027,2,1528,0.3333333333333333,nearest,2377.737096019148,835519.0446427938,817286.2634615004
114027,3,170,0.3333333333333333,nearest,2207.4172842557095,834240.9791719719,818107.7162556426
114028,1,74,0.3333333333333333,nearest,928.4058660346996,833108.8089726613,816766.1140224505
114028,2,1094,0.3333333333333333,nearest,2400.9807189086555,835626.0706982878,817304.8399344875
114028,3,170,0.3333333333333333,nearest,2208.119939260842,834240.9791719719,818107.7162556426
114029,1,74,0.3333333333333333,nearest,980.2961148526459,833108.8089726613,816766.1140224505
114029,2,314,0.3333333333333333,nearest,2311.080520031653,835638.900170229,817306.1903735058
114029,3,170,0.3333333333333333,nearest,2163.185418845252,834240.9791719719,818107.7162556426
114031,1,74,0.3333333333333333,nearest,1044.9615849315132,833108.8089726613,816766.1140224505
114031,2,290,0.3333333333333333,nearest,2255.8940833161587,835678.3670286223,817297.0643300998
114031,3,170,0.3333333333333333,nearest,2140.576643629412,834240.9791719719,818107.7162556426
114032,1,74,0.3333333333333333,nearest,866.9577417201098,833108.8089726613,816766.1140224505
114032,2,1310,0.3333333333333333,nearest,2049.442661895464,835601.7719372475,817301.2420821127
114032,3,170,0.3333333333333333,nearest,1875.668867453983,834240.9791719719,818107.7162556426
114033,1,74,0.3333333333333333,nearest,952.3383547507764,833108.8089726613,816766.1140224505
114033,2,314,0.3333333333333333,nearest,2025.8094932712916,835638.900170229,817306.1903735058
114033,3,170,0.3333333333333333,nearest,1886.20399950562,834240.9791719719,818107.7162556426
114034,1,74,0.3333333333333333,nearest,1044.4877447441966,833108.8089726613,816766.1140224505
114034,2,314,0.3333333333333333,nearest,1972.3708713701046,835638.900170229,817306.1903735058
114034,3,170,0.3333333333333333,nearest,1908.6612022818688,834240.9791719719,818107.7162556426
115001,1,74,0.3333333333333333,nearest,247.49859305344964,833108.8089726613,816766.1140224505
115001,2,1608,0.3333333333333333,nearest,2282.093116164425,834423.4307781752,818324.6445673074
115001,3,170,0.3333333333333333,nearest,1998.7227774154237,834240.9791719719,818107.7162556426
115002,1,74,0.3333333333333333,nearest,193.1254646951443,833108.8089726613,816766.1140224505
115002,2,1608,0.3333333333333333,nearest,2227.0819576223357,834423.4307781752,818324.6445673074
115002,3,170,0.3333333333333333,nearest,1943.6861496612578,834240.9791719719,818107.7162556426
115003,1,74,0.3333333333333333,nearest,185.85986231609783,833108.8089726613,816766.1140224505
115003,2,1608,0.3333333333333333,nearest,2161.1606429033122,834423.4307781752,818324.6445673074
115003,3,170,0.3333333333333333,nearest,1878.4010804819077,834240.9791719719,818107.7162556426
115004,1,74,0.3333333333333333,nearest,239.44865138997764,833108.8089726613,816766.1140224505
115004,2,1608,0.3333333333333333,nearest,2123.645632106153,834423.4307781752,818324.6445673074
115004,3,170,0.3333333333333333,nearest,1842.0351676381326,834240.9791719719,818107.7162556426
115006,1,74,0.3333333333333333,nearest,187.27130451778737,833108.8089726613,816766.1140224505
115006,2,1608,0.3333333333333333,nearest,1996.7490625951464,834423.4307781752,818324.6445673074
115006,3,170,0.3333333333333333,nearest,1714.6025488396974,834240.9791719719,818107.7162556426
115007,1,74,0.5,inside,98.16442973747178,833108.8089726613,816766.1140224505
115007,2,50,0.5,inside,101.92458399869048,833100.0622442244,816777.4882096911
121002,1,74,0.3333333333333333,nearest,1177.9861629143327,833108.8089726613,816766.1140224505
121002,2,290,0.3333333333333333,nearest,1900.1853424198396,835678.3670286223,817297.0643300998
121002,3,1653,0.3333333333333333,nearest,1860.4721542508532,835480.2566291864,817473.6500410148
121003,1,74,0.3333333333333333,nearest,1238.2667277271403,833108.8089726613,816766.1140224505
121003,2,290,0.3333333333333333,nearest,1896.454861800768,835678.3670286223,817297.0643300998
121003,3,1653,0.3333333333333333,nearest,1865.71859360205,835480.2566291864,817473.6500410148
121004,1,74,0.3333333333333333,nearest,1313.0782909903307,833108.8089726613,816766.1140224505
121004,2,290,0.3333333333333333,nearest,1898.3941010229453,835678.3670286223,817297.0643300998
121004,3,1653,0.3333333333333333,nearest,1878.8735365469104,835480.2566291864,817473.6500410148
121005,1,74,0.3333333333333333,nearest,1138.653780557727,833108.8089726613,816766.1140224505
121005,2,290,0.3333333333333333,nearest,2014.5401668429436,835678.3670286223,817297.0643300998
121005,3,170,0.3333333333333333,nearest,1999.4210580254698,834240.9791719719,818107.7162556426
121006,1,74,0.3333333333333333,nearest,1186.704569061855,833108.8089726613,816766.1140224505
121006,2,290,0.3333333333333333,nearest,1998.546961640416,835678.3670286223,817297.0643300998
121006,3,1653,0.3333333333333333,nearest,1964.4718390243845,835480.2566291864,817473.6500410148
121007,1,74,0.3333333333333333,nearest,1216.8673898387015,833108.8089726613,816766.1140224505
121007,2,290,0.3333333333333333,nearest,2004.9123029556715,835678.3670286223,817297.0643300998
121007,3,1653,0.3333333333333333,nearest,1975.2275728600928,835480.2566291864,817473.6500410148
121008,1,74,0.3333333333333333,nearest,1250.1356163070363,833108.8089726613,816766.1140224505
121008,2,290,0.3333333333333333,nearest,1998.0231577833983,835678.3670286223,817297.0643300998
121008,3,1653,0.3333333333333333,nearest,1972.7230298727834,835480.2566291864,817473.6500410148
121009,1,74,0.3333333333333333,nearest,1286.3540730430962,833108.8089726613,816766.1140224505
121009,2,290,0.3333333333333333,nearest,1999.5868731919059,835678.3670286223,817297.0643300998
121009,3,1653,0.3333333333333333,nearest,1979.296433689472,835480.2566291864,817473.6500410148
121017,1,74,0.3333333333333333,nearest,616.1213686547981,833108.8089726613,816766.1140224505
121017,2,1418,0.3333333333333333,nearest,1849.574175043056,834672.5693445591,818187.2842087039
121017,3,170,0.3333333333333333,nearest,1589.8255007546816,834240.9791719719,818107.7162556426
121019,1,1371,0.3333333333333333,nearest,1309.473731587996,835458.0368011842,817216.1162943173
121019,2,50,0.3333333333333333,nearest,1406.877568695605,833100.0622442244,816777.4882096911
121019,3,1653,0.3333333333333333,nearest,1502.2357151152391,835480.2566291864,817473.6500410148
121020,1,74,0.3333333333333333,nearest,1322.9263023907772,833108.8089726613,816766.1140224505
121020,2,290,0.3333333333333333,nearest,1684.809131579435,835678.3670286223,817297.0643300998
121020,3,1653,0.3333333333333333,nearest,1654.7744452679797,835480.2566291864,817473.6500410148
121021,1,74,0.3333333333333333,nearest,1425.0702109234035,833108.8089726613,816766.1140224505
121021,2,290,0.3333333333333333,nearest,1801.740195143811,835678.3670286223,817297.0643300998
121021,3,1653,0.3333333333333333,nearest,1795.5613579660173,835480.2566291864,817473.6500410148
122009,1,74,0.3333333333333333,nearest,1098.0311639254508,833108.8089726613,816766.1140224505
122009,2,290,0.3333333333333333,nearest,2185.5736519038605,835678.3670286223,817297.0643300998
122009,3,170,0.3333333333333333,nearest,2119.735891715352,834240.9791719719,818107.7162556426
122010,1,74,0.3333333333333333,nearest,1090.9178861380165,833108.8089726613,816766.1140224505
122010,2,290,0.3333333333333333,nearest,2122.0008672690624,835678.3670286223,817297.0643300998
122010,3,170,0.3333333333333333,nearest,2059.742954178594,834240.9791719719,818107.7162556426
122011,1,74,0.3333333333333333,nearest,1099.9702715935825,833108.8089726613,816766.1140224505
122011,2,290,0.3333333333333333,nearest,2085.762681537543,835678.3670286223,817297.0643300998
122011,3,170,0.3333333333333333,nearest,2034.3106684118843,834240.9791719719,818107.7162556426
122013,1,74,0.3333333333333333,nearest,1168.155432981634,833108.8089726613,816766.1140224505
122013,2,290,0.3333333333333333,nearest,2120.758730767944,835678.3670286223,817297.0643300998
122013,3,170,0.3333333333333333,nearest,2115.935637573954,834240.9791719719,818107.7162556426
122014,1,74,0.3333333333333333,nearest,1178.2189797937408,833108.8089726613,816766.1140224505
122014,2,290,0.3333333333333333,nearest,2079.830904924012,835678.3670286223,817297.0643300998
122014,3,1653,0.3333333333333333,nearest,2046.9510007514668,835480.2566291864,817473.6500410148
123001,1,1371,0.3333333333333333,nearest,1307.8129923012573,835458.0368011842,817216.1162943173
123001,2,1653,0.3333333333333333,nearest,1532.0398535891024,835480.2566291864,817473.6500410148
123001,3,13,0.3333333333333333,nearest,1534.7927798428652,835697.3386142416,817311.514460748
123002,1,74,0.3333333333333333,nearest,1422.9989826876097,833108.8089726613,816766.1140224505
123002,2,290,0.3333333333333333,nearest,1905.3163935281088,835678.3670286223,817297.0643300998
123002,3,1653,0.3333333333333333,nearest,1901.9201004682936,835480.2566291864,817473.6500410148
124001,1,1371,0.3333333333333333,nearest,1413.62884014726,835458.0368011842,817216.1162943173
124001,2,289,0.3333333333333333,nearest,1624.2482025744757,835794.8005430541,817298.7214048646
124001,3,648,0.3333333333333333,nearest,1635.6436069038884,835602.3222971829,817400.316083049
124016,1,1371,0.3333333333333333,nearest,1244.7532979704254,835458.0368011842,817216.1162943173
124016,2,1640,0.3333333333333333,nearest,1375.248265029739,835850.2196778773,817304.3894337934
124016,3,314,0.3333333333333333,nearest,1340.2159479623515,835638.900170229,817306.1903735058
134006,1,395,0.3333333333333333,nearest,1064.471059259299,836906.667611997,816195.603862947
134006,2,291,0.3333333333333333,nearest,1298.718532062903,835458.1814007995,817222.5388783141
134006,3,642,0.3333333333333333,nearest,1318.6094233088893,835898.7963349717,817306.4921729127
135005,1,395,0.3333333333333333,nearest,324.29651666254495,836906.667611997,816195.603862947
135005,2,642,0.3333333333333333,nearest,1566.9209262023342,835898.7963349717,817306.4921729127
135005,3,288,0.3333333333333333,nearest,1529.2781712328315,836150.387425513,817384.9546749379
135006,1,395,0.3333333333333333,nearest,724.7437113917543,836906.667611997,816195.603862947
135006,2,836,0.3333333333333333,nearest,1394.8613857778455,835809.7739303309,817318.4538217807
135006,3,292,0.3333333333333333,nearest,1384.122430931462,836109.034451593,817363.5168589771
141010,1,74,0.3333333333333333,nearest,729.5894353783062,833108.8089726613,816766.1140224505
141010,2,1608,0.3333333333333333,nearest,2747.547023909595,834423.4307781752,818324.6445673074
141010,3,170,0.3333333333333333,nearest,2464.910673294332,834240.9791719719,818107.7162556426
141011,1,74,0.3333333333333333,nearest,677.2351298684715,833108.8089726613,816766.1140224505
141011,2,1608,0.3333333333333333,nearest,2694.1545051750736,834423.4307781752,818324.6445673074
141011,3,170,0.3333333333333333,nearest,2411.5129972217924,834240.9791719719,818107.7162556426
141013,1,74,0.3333333333333333,nearest,785.3921112116728,833108.8089726613,816766.1140224505
141013,2,1608,0.3333333333333333,nearest,2779.052348122878,834423.4307781752,818324.6445673074
141013,3,170,0.3333333333333333,nearest,2497.4715698505856,834240.9791719719,818107.7162556426
142002,1,74,0.3333333333333333,nearest,773.3639276610561,833108.8089726613,816766.1140224505
142002,2,291,0.3333333333333333,nearest,2584.8938560199863,835458.1814007995,817222.5388783141
142002,3,170,0.3333333333333333,nearest,2361.8155991323906,834240.9791719719,818107.7162556426
142003,1,74,0.3333333333333333,nearest,859.3032895134282,833108.8089726613,816766.1140224505
142003,2,1528,0.3333333333333333,nearest,2430.1241375058003,835519.0446427938,817286.2634615004
142003,3,170,0.3333333333333333,nearest,2259.5981678850935,834240.9791719719,818107.7162556426
146040,1,394,0.3333333333333333,nearest,297.92994606063957,836918.529172636,816196.922094776
146040,2,1406,0.3333333333333333,nearest,1729.3103367660299,836296.3429242121,817513.5390426355
146040,3,651,0.3333333333333333,nearest,1719.5104645506046,836062.4774675543,817341.4369604444
147001,1,394,0.3333333333333333,nearest,732.3780424966828,836918.529172636,816196.922094776
147001,2,224,0.3333333333333333,nearest,1765.7118845120685,837304.6260242445,818018.2458928353
147001,3,31,0.3333333333333333,nearest,1757.1906971313374,836805.6066007324,817829.2189844311
147002,1,394,0.3333333333333333,nearest,632.1645097654002,836918.529172636,816196.922094776
147002,2,1114,0.3333333333333333,nearest,1977.0117220141208,837293.226130427,817913.3353375801
147002,3,651,0.3333333333333333,nearest,2002.1173806709396,836062.4774675543,817341.4369604444
147003,1,395,0.3333333333333333,nearest,182.49251029159254,836906.667611997,816195.603862947
147003,2,643,0.3333333333333333,nearest,1579.636330515563,836055.2129909145,817368.1572548074
147003,3,1407,0.3333333333333333,nearest,1582.2574775696323,836156.4159659899,817427.32159752
147004,1,395,0.5,inside,78.77331791024343,836906.667611997,816195.603862947
147004,2,394,0.5,inside,88.11051436498789,836918.529172636,816196.922094776
147005,1,394,0.3333333333333333,nearest,617.9458414772026,836918.529172636,816196.922094776
147005,2,224,0.3333333333333333,nearest,1519.1293666950246,837304.6260242445,818018.2458928353
147005,3,287,0.3333333333333333,nearest,1515.2635803381852,836460.0299986658,817650.6515594537
151002,1,394,0.3333333333333333,nearest,746.454720007728,836918.529172636,816196.922094776
151002,2,226,0.3333333333333333,nearest,1583.679575131239,837341.2773557741,818032.6106454438
151002,3,31,0.3333333333333333,nearest,1578.6182342610152,836805.6066007324,817829.2189844311
151003,1,394,0.3333333333333333,nearest,885.5121801715798,836918.529172636,816196.922094776
151003,2,226,0.3333333333333333,nearest,1566.965397723417,837341.2773557741,818032.6106454438
151003,3,239,0.3333333333333333,nearest,1574.3527573399617,837108.9303485804,817958.913590868
151004,1,394,0.3333333333333333,nearest,995.1096067470473,836918.529172636,816196.922094776
151004,2,223,0.3333333333333333,nearest,1515.3744591814004,837443.2032960178,818084.187070186
151004,3,239,0.3333333333333333,nearest,1519.3879917487457,837108.9303485804,817958.913590868
151005,1,394,0.3333333333333333,nearest,1025.2410011521324,836918.529172636,816196.922094776
151005,2,223,0.3333333333333333,nearest,1550.4774996537517,837443.2032960178,818084.187070186
151005,3,239,0.3333333333333333,nearest,1561.8144787442868,837108.9303485804,817958.913590868
151006,1,394,0.3333333333333333,nearest,757.6241683491909,836918.529172636,816196.922094776
151006,2,226,0.3333333333333333,nearest,1661.156566922684,837341.2773557741,818032.6106454438
151006,3,31,0.3333333333333333,nearest,1659.1287020601274,836805.6066007324,817829.2189844311
151007,1,394,0.3333333333333333,nearest,819.8380485811463,836918.529172636,816196.922094776
151007,2,226,0.3333333333333333,nearest,1650.8574063685592,837341.2773557741,818032.6106454438
151007,3,239,0.3333333333333333,nearest,1648.4079686281682,837108.9303485804,817958.913590868
151008,1,394,0.3333333333333333,nearest,823.5822644471867,836918.529172636,816196.922094776
151008,2,226,0.3333333333333333,nearest,1717.8366645625947,837341.2773557741,818032.6106454438
151008,3,31,0.3333333333333333,nearest,1735.092063496736,836805.6066007324,817829.2189844311
151009,1,394,0.3333333333333333,nearest,901.39985099568,836918.529172636,816196.922094776
151009,2,226,0.3333333333333333,nearest,1690.3640752909134,837341.2773557741,818032.6106454438
151009,3,239,0.3333333333333333,nearest,1699.394282834919,837108.9303485804,817958.913590868
151010,1,394,0.3333333333333333,nearest,953.1024542173117,836918.529172636,816196.922094776
151010,2,223,0.3333333333333333,nearest,1656.9818852319838,837443.2032960178,818084.187070186
151010,3,239,0.3333333333333333,nearest,1651.8042294552283,837108.9303485804,817958.913590868
151011,1,394,0.3333333333333333,nearest,1028.7538507150603,836918.529172636,816196.922094776
151011,2,223,0.3333333333333333,nearest,1615.5741144944907,837443.2032960178,818084.187070186
151011,3,239,0.3333333333333333,nearest,1627.3016901430103,837108.9303485804,817958.913590868
151012,1,394,0.3333333333333333,nearest,1121.4130582620392,836918.529172636,816196.922094776
151012,2,1463,0.3333333333333333,nearest,1570.0940747913276,837567.0042508804,818137.3494864514
151012,3,1462,0.3333333333333333,nearest,1448.4414944679913,837234.5042554425,817871.4075103587
151013,1,394,0.3333333333333333,nearest,1174.258156030739,836918.529172636,816196.922094776
151013,2,1463,0.3333333333333333,nearest,1517.370433472177,837567.0042508804,818137.3494864514
151013,3,1462,0.3333333333333333,nearest,1410.3248416599213,837234.5042554425,817871.4075103587
151014,1,394,0.3333333333333333,nearest,1241.80785566621,836918.529172636,816196.922094776
151014,2,1463,0.3333333333333333,nearest,1495.5687535039067,837567.0042508804,818137.3494864514
151014,3,1462,0.3333333333333333,nearest,1407.8007472069646,837234.5042554425,817871.4075103587
151015,1,394,0.3333333333333333,nearest,1332.2599449064257,836918.529172636,816196.922094776
151015,2,1463,0.3333333333333333,nearest,1450.1141887639824,837567.0042508804,818137.3494864514
151015,3,1462,0.3333333333333333,nearest,1389.2891946345637,837234.5042554425,817871.4075103587
151017,1,394,0.3333333333333333,nearest,973.0386388593884,836918.529172636,816196.922094776
151017,2,223,0.3333333333333333,nearest,1732.1867482339917,837443.2032960178,818084.187070186
151017,3,239,0.3333333333333333,nearest,1729.7133137288517,837108.9303485804,817958.913590868
151018,1,394,0.3333333333333333,nearest,966.0579749014009,836918.529172636,816196.922094776
151018,2,223,0.3333333333333333,nearest,1782.2168717890347,837443.2032960178,818084.187070186
151018,3,239,0.3333333333333333,nearest,1776.7276047189193,837108.9303485804,817958.913590868
151019,1,394,0.3333333333333333,nearest,1213.0007902295708,836918.529172636,816196.922094776
151019,2,1463,0.3333333333333333,nearest,1648.7261967893965,837567.0042508804,818137.3494864514
151019,3,1462,0.3333333333333333,nearest,1549.7401158433352,837234.5042554425,817871.4075103587
151021,1,394,0.3333333333333333,nearest,1031.2063900638957,836918.529172636,816196.922094776
151021,2,223,0.3333333333333333,nearest,1894.8048199240247,837443.2032960178,818084.187070186
151021,3,239,0.3333333333333333,nearest,1896.725653956163,837108.9303485804,817958.913590868
151022,1,394,0.3333333333333333,nearest,844.9981401949534,836918.529172636,816196.922094776
151022,2,226,0.3333333333333333,nearest,1771.9700961290268,837341.2773557741,818032.6106454438
151022,3,239,0.3333333333333333,nearest,1771.4580853481903,837108.9303485804,817958.913590868
151023,1,394,0.3333333333333333,nearest,891.8996808493731,836918.529172636,816196.922094776
151023,2,226,0.3333333333333333,nearest,1792.4300284681171,837341.2773557741,818032.6106454438
151023,3,239,0.3333333333333333,nearest,1797.825169753411,837108.9303485804,817958.913590868
151024,1,394,0.3333333333333333,nearest,961.5590737591065,836918.529172636,816196.922094776
151024,2,223,0.3333333333333333,nearest,1834.5640436639724,837443.2032960178,818084.187070186
151024,3,239,0.3333333333333333,nearest,1826.0861088012882,837108.9303485804,817958.913590868
151025,1,394,0.3333333333333333,nearest,835.994623568889,836918.529172636,816196.922094776
151025,2,226,0.3333333333333333,nearest,1840.8871246371568,837341.2773557741,818032.6106454438
151025,3,31,0.3333333333333333,nearest,1851.7481061392098,836805.6066007324,817829.2189844311
151026,1,394,0.3333333333333333,nearest,935.0192545874198,836918.529172636,816196.922094776
151026,2,226,0.3333333333333333,nearest,1866.423793771309,837341.2773557741,818032.6106454438
151026,3,239,0.3333333333333333,nearest,1875.105203768539,837108.9303485804,817958.913590868
151027,1,394,0.3333333333333333,nearest,845.0808186900058,836918.529172636,816196.922094776
151027,2,226,0.3333333333333333,nearest,1900.7690548656503,837341.2773557741,818032.6106454438
151027,3,31,0.3333333333333333,nearest,1907.7760760549422,836805.6066007324,817829.2189844311
151028,1,394,0.3333333333333333,nearest,930.002635567752,836918.529172636,816196.922094776
151028,2,226,0.3333333333333333,nearest,1921.7247237316167,837341.2773557741,818032.6106454438
151028,3,239,0.3333333333333333,nearest,1927.3992708542814,837108.9303485804,817958.913590868
151029,1,394,0.3333333333333333,nearest,863.6677367373061,836918.529172636,816196.922094776
151029,2,226,0.3333333333333333,nearest,2024.1749510589964,837341.2773557741,818032.6106454438
151029,3,31,0.3333333333333333,nearest,2020.0505730622601,836805.6066007324,817829.2189844311
151030,1,394,0.3333333333333333,nearest,911.5637074922507,836918.529172636,816196.922094776
151030,2,226,0.3333333333333333,nearest,1977.9356459490143,837341.2773557741,818032.6106454438
151030,3,31,0.3333333333333333,nearest,1995.061958051804,836805.6066007324,817829.2189844311
151031,1,394,0.3333333333333333,nearest,960.8301256703986,836918.529172636,816196.922094776
151031,2,226,0.3333333333333333,nearest,2031.0810189377617,837341.2773557741,818032.6106454438
151031,3,239,0.3333333333333333,nearest,2035.1785144210858,837108.9303485804,817958.913590868
151032,1,394,0.3333333333333333,nearest,923.8096861175271,836918.529172636,816196.922094776
151032,2,226,0.3333333333333333,nearest,2041.048924255506,837341.2773557741,818032.6106454438
151032,3,31,0.3333333333333333,nearest,2052.452466433881,836805.6066007324,817829.2189844311
151039,1,394,0.3333333333333333,nearest,1103.1552008892286,836918.529172636,816196.922094776
151039,2,1463,0.3333333333333333,nearest,1460.8685101413516,837567.0042508804,818137.3494864514
151039,3,1462,0.3333333333333333,nearest,1332.3045948014617,837234.5042554425,817871.4075103587
151040,1,394,0.3333333333333333,nearest,914.9340157792029,836918.529172636,816196.922094776
151040,2,226,0.3333333333333333,nearest,1376.9563128145357,837341.2773557741,818032.6106454438
151040,3,239,0.3333333333333333,nearest,1384.8689409039375,837108.9303485804,817958.913590868
151041,1,1114,0.3333333333333333,nearest,1277.0560003124374,837293.226130427,817913.3353375801
151041,2,395,0.3333333333333333,nearest,1297.1724786645154,836906.667611997,816195.603862947
151041,3,1463,0.3333333333333333,nearest,1352.4924826947906,837567.0042508804,818137.3494864514
151043,1,394,0.3333333333333333,nearest,973.9411458939309,836918.529172636,816196.922094776
151043,2,223,0.3333333333333333,nearest,1460.7760574020701,837443.2032960178,818084.187070186
151043,3,239,0.3333333333333333,nearest,1458.2023971859721,837108.9303485804,817958.913590868
152001,1,394,0.3333333333333333,nearest,1363.6826354954485,836918.529172636,816196.922094776
152001,2,1463,0.3333333333333333,nearest,1889.0535123803738,837567.0042508804,818137.3494864514
152001,3,1462,0.3333333333333333,nearest,1812.2199611482022,837234.5042554425,817871.4075103587
152002,1,394,0.3333333333333333,nearest,1837.6336818529635,836918.529172636,816196.922094776
152002,2,537,0.3333333333333333,nearest,2060.372587771567,837490.42030552,818176.8533091566
152002,3,1462,0.3333333333333333,nearest,2007.2807172984883,837234.5042554425,817871.4075103587
152004,1,394,0.3333333333333333,nearest,1132.0253745448106,836918.529172636,816196.922094776
152004,2,223,0.3333333333333333,nearest,2128.094344607628,837443.2032960178,818084.187070186
152004,3,239,0.3333333333333333,nearest,2131.4976092872157,837108.9303485804,817958.913590868
152005,1,394,0.3333333333333333,nearest,1366.0374235244951,836918.529172636,816196.922094776
152005,2,1463,0.3333333333333333,nearest,2199.091679866171,837567.0042508804,818137.3494864514
152005,3,1462,0.3333333333333333,nearest,2093.4794884463704,837234.5042554425,817871.4075103587
152007,1,394,0.3333333333333333,nearest,1562.9369024783466,836918.529172636,816196.922094776
152007,2,1463,0.3333333333333333,nearest,2183.7949190996583,837567.0042508804,818137.3494864514
152007,3,1462,0.3333333333333333,nearest,2122.0362318716316,837234.5042554425,817871.4075103587
152008,1,394,0.3333333333333333,nearest,1801.1625070478055,836918.529172636,816196.922094776
152008,2,1463,0.3333333333333333,nearest,2308.8295291308314,837567.0042508804,818137.3494864514
152008,3,1462,0.3333333333333333,nearest,2283.30577665192,837234.5042554425,817871.4075103587
153003,1,1463,0.3333333333333333,nearest,1434.1276869704586,837567.0042508804,818137.3494864514
153003,2,1462,0.3333333333333333,nearest,1533.5643522116438,837234.5042554425,817871.4075103587
153003,3,226,0.3333333333333333,nearest,1533.724172872434,837341.2773557741,818032.6106454438
153004,1,1463,0.3333333333333333,nearest,1525.3416244556868,837567.0042508804,818137.3494864514
153004,2,1114,0.3333333333333333,nearest,1635.959601844194,837293.226130427,817913.3353375801
153004,3,223,0.3333333333333333,nearest,1593.1656005178722,837443.2032960178,818084.187070186
153005,1,1463,0.3333333333333333,nearest,1624.573168326587,837567.0042508804,818137.3494864514
153005,2,1114,0.3333333333333333,nearest,1739.807256192775,837293.226130427,817913.3353375801
153005,3,223,0.3333333333333333,nearest,1694.5014975012211,837443.2032960178,818084.187070186
153007,1,1114,0.3333333333333333,nearest,1328.4295090630876,837293.226130427,817913.3353375801
153007,2,1463,0.3333333333333333,nearest,1346.2101944170158,837567.0042508804,818137.3494864514
153007,3,223,0.3333333333333333,nearest,1365.9668194219294,837443.2032960178,818084.187070186
153008,1,1463,0.3333333333333333,nearest,1393.9541151720077,837567.0042508804,818137.3494864514
153008,2,1462,0.3333333333333333,nearest,1441.089609540839,837234.5042554425,817871.4075103587
153008,3,226,0.3333333333333333,nearest,1463.8597046773837,837341.2773557741,818032.6106454438
153009,1,1463,0.3333333333333333,nearest,1445.4293544907657,837567.0042508804,818137.3494864514
153009,2,1462,0.3333333333333333,nearest,1482.6901676356583,837234.5042554425,817871.4075103587
153009,3,226,0.3333333333333333,nearest,1510.3154490099027,837341.2773557741,818032.6106454438
153010,1,1463,0.3333333333333333,nearest,1502.3360765872828,837567.0042508804,818137.3494864514
153010,2,1462,0.3333333333333333,nearest,1588.0506252550563,837234.5042554425,817871.4075103587
153010,3,226,0.3333333333333333,nearest,1594.9571321390977,837341.2773557741,818032.6106454438
153012,1,1463,0.3333333333333333,nearest,1607.0185676631922,837567.0042508804,818137.3494864514
153012,2,1462,0.3333333333333333,nearest,1716.939730566844,837234.5042554425,817871.4075103587
153012,3,226,0.3333333333333333,nearest,1713.9046156661743,837341.2773557741,818032.6106454438
153013,1,1463,0.3333333333333333,nearest,1690.3787641579795,837567.0042508804,818137.3494864514
153013,2,1114,0.3333333333333333,nearest,1793.4064585920084,837293.226130427,817913.3353375801
153013,3,223,0.3333333333333333,nearest,1756.3093421457288,837443.2032960178,818084.187070186
153015,1,1114,0.3333333333333333,nearest,1413.4181683031477,837293.226130427,817913.3353375801
153015,2,395,0.3333333333333333,nearest,1499.26160304712,836906.667611997,816195.603862947
153015,3,1463,0.3333333333333333,nearest,1438.3738682619226,837567.0042508804,818137.3494864514
153016,1,1463,0.3333333333333333,nearest,1512.78065604999,837567.0042508804,818137.3494864514
153016,2,1462,0.3333333333333333,nearest,1558.224648620315,837234.5042554425,817871.4075103587
153016,3,226,0.3333333333333333,nearest,1582.9576465544899,837341.2773557741,818032.6106454438
153017,1,1463,0.3333333333333333,nearest,1585.7719607344277,837567.0042508804,818137.3494864514
153017,2,1462,0.3333333333333333,nearest,1658.5098957903756,837234.5042554425,817871.4075103587
153017,3,226,0.3333333333333333,nearest,1671.8974576351852,837341.2773557741,818032.6106454438
153018,1,1463,0.3333333333333333,nearest,1659.0042460497061,837567.0042508804,818137.3494864514
153018,2,1462,0.3333333333333333,nearest,1759.1627405804304,837234.5042554425,817871.4075103587
153018,3,226,0.3333333333333333,nearest,1760.9071184446539,837341.2773557741,818032.6106454438
153019,1,1463,0.3333333333333333,nearest,1743.0287365798831,837567.0042508804,818137.3494864514
153019,2,1114,0.3333333333333333,nearest,1837.4441449748426,837293.226130427,817913.3353375801
153019,3,223,0.3333333333333333,nearest,1806.1431860185533,837443.2032960178,818084.187070186
153021,1,394,0.3333333333333333,nearest,1473.275878987264,836918.529172636,816196.922094776
153021,2,1463,0.3333333333333333,nearest,1520.9542772867203,837567.0042508804,818137.3494864514
153021,3,1462,0.3333333333333333,nearest,1497.661929727224,837234.5042554425,817871.4075103587
153022,1,1114,0.3333333333333333,nearest,1565.177111076228,837293.226130427,817913.3353375801
153022,2,395,0.3333333333333333,nearest,1629.3921487672674,836906.667611997,816195.603862947
153022,3,1463,0.3333333333333333,nearest,1566.0758945429764,837567.0042508804,818137.3494864514
153027,1,1463,0.3333333333333333,nearest,1709.2534751509088,837567.0042508804,818137.3494864514
153027,2,1462,0.3333333333333333,nearest,1800.5322355404483,837234.5042554425,817871.4075103587
153027,3,226,0.3333333333333333,nearest,1806.617678240714,837341.2773557741,818032.6106454438
153028,1,1463,0.3333333333333333,nearest,1760.153898512807,837567.0042508804,818137.3494864514
153028,2,1462,0.3333333333333333,nearest,1843.0488530731407,837234.5042554425,817871.4075103587
153028,3,226,0.3333333333333333,nearest,1853.231186347479,837341.2773557741,818032.6106454438
153029,1,1463,0.3333333333333333,nearest,1810.5962156601945,837567.0042508804,818137.3494864514
153029,2,1114,0.3333333333333333,nearest,1894.7386173480998,837293.226130427,817913.3353375801
153029,3,223,0.3333333333333333,nearest,1870.3449103545763,837443.2032960178,818084.187070186
153033,1,394,0.3333333333333333,nearest,1461.3785292681878,836918.529172636,816196.922094776
153033,2,1463,0.3333333333333333,nearest,1585.5736637305263,837567.0042508804,818137.3494864514
153033,3,1462,0.3333333333333333,nearest,1555.0807533256852,837234.5042554425,817871.4075103587
153034,1,394,0.3333333333333333,nearest,1607.6112429798966,836918.529172636,816196.922094776
153034,2,1463,0.3333333333333333,nearest,1628.0581731094328,837567.0042508804,818137.3494864514
153034,3,1462,0.3333333333333333,nearest,1633.345694395384,837234.5042554425,817871.4075103587
153037,1,1463,0.3333333333333333,nearest,1707.2246773986233,837567.0042508804,818137.3494864514
153037,2,395,0.3333333333333333,nearest,1803.1208345726009,836906.667611997,816195.603862947
153037,3,1462,0.3333333333333333,nearest,1752.4285405921123,837234.5042554425,817871.4075103587
153038,1,1463,0.3333333333333333,nearest,1705.0620017965125,837567.0042508804,818137.3494864514
153038,2,1462,0.3333333333333333,nearest,1770.2446926549205,837234.5042554425,817871.4075103587
153038,3,226,0.3333333333333333,nearest,1787.9089093260059,837341.2773557741,818032.6106454438
153039,1,1463,0.3333333333333333,nearest,1797.3684865825176,837567.0042508804,818137.3494864514
153039,2,395,0.3333333333333333,nearest,1866.3030221063916,836906.667611997,816195.603862947
153039,3,1462,0.3333333333333333,nearest,1848.0722315930159,837234.5042554425,817871.4075103587
153040,1,1463,0.3333333333333333,nearest,1789.1369208153974,837567.0042508804,818137.3494864514
153040,2,1462,0.3333333333333333,nearest,1859.7847972804873,837234.5042554425,817871.4075103587
153040,3,226,0.3333333333333333,nearest,1875.6125281150235,837341.2773557741,818032.6106454438
153041,1,1463,0.3333333333333333,nearest,1886.783375471869,837567.0042508804,818137.3494864514
153041,2,1462,0.3333333333333333,nearest,1978.1247226579094,837234.5042554425,817871.4075103587
153041,3,226,0.3333333333333333,nearest,1985.3147983054819,837341.2773557741,818032.6106454438
153043,1,394,0.3333333333333333,nearest,1453.6258219491165,836918.529172636,816196.922094776
153043,2,1463,0.3333333333333333,nearest,1644.9795109667393,837567.0042508804,818137.3494864514
153043,3,1462,0.3333333333333333,nearest,1608.507411777872,837234.5042554425,817871.4075103587
153044,1,394,0.3333333333333333,nearest,1537.987975150975,836918.529172636,816196.922094776
153044,2,1463,0.3333333333333333,nearest,1643.826251329511,837567.0042508804,818137.3494864514
153044,3,1462,0.3333333333333333,nearest,1629.4879171568195,837234.5042554425,817871.4075103587
153045,1,394,0.3333333333333333,nearest,1535.2520969574066,836918.529172636,816196.922094776
153045,2,1463,0.3333333333333333,nearest,1666.9019456350054,837567.0042508804,818137.3494864514
153045,3,1462,0.3333333333333333,nearest,1650.0005325125433,837234.5042554425,817871.4075103587
153046,1,394,0.3333333333333333,nearest,1594.2569465076951,836918.529172636,816196.922094776
153046,2,1463,0.3333333333333333,nearest,1666.329229228988,837567.0042508804,818137.3494864514
153046,3,1462,0.3333333333333333,nearest,1664.7711491507491,837234.5042554425,817871.4075103587
153047,1,394,0.3333333333333333,nearest,1657.9098808819215,836918.529172636,816196.922094776
153047,2,537,0.3333333333333333,nearest,1778.624412789566,837490.42030552,818176.8533091566
153047,3,1462,0.3333333333333333,nearest,1714.6691063226472,837234.5042554425,817871.4075103587
153048,1,394,0.3333333333333333,nearest,1519.7168170905886,836918.529172636,816196.922094776
153048,2,1463,0.3333333333333333,nearest,1687.0427272272018,837567.0042508804,818137.3494864514
153048,3,1462,0.3333333333333333,nearest,1664.5119935505054,837234.5042554425,817871.4075103587
153049,1,1463,0.3333333333333333,nearest,1765.141662937721,837567.0042508804,818137.3494864514
153049,2,395,0.3333333333333333,nearest,1796.9541934521144,836906.667611997,816195.603862947
153049,3,1462,0.3333333333333333,nearest,1802.2866377778153,837234.5042554425,817871.4075103587
153050,1,394,0.3333333333333333,nearest,1758.4846581306329,836918.529172636,816196.922094776
153050,2,537,0.3333333333333333,nearest,1903.7326577369668,837490.42030552,818176.8533091566
153050,3,1462,0.3333333333333333,nearest,1850.485961506154,837234.5042554425,817871.4075103587
153051,1,1114,0.3333333333333333,nearest,1351.3481616436168,837293.226130427,817913.3353375801
153051,2,395,0.3333333333333333,nearest,1424.6270119839307,836906.667611997,816195.603862947
153051,3,1463,0.3333333333333333,nearest,1393.7122031137806,837567.0042508804,818137.3494864514
153052,1,394,0.3333333333333333,nearest,1385.6488219806076,836918.529172636,816196.922094776
153052,2,1463,0.3333333333333333,nearest,1677.7188951978094,837567.0042508804,818137.3494864514
153052,3,1462,0.3333333333333333,nearest,1621.5421401632766,837234.5042554425,817871.4075103587
153053,1,1463,0.3333333333333333,nearest,1669.030221683536,837567.0042508804,818137.3494864514
153053,2,395,0.3333333333333333,nearest,1726.2165782688971,836906.667611997,816195.603862947
153053,3,1462,0.3333333333333333,nearest,1698.4717313720666,837234.5042554425,817871.4075103587
153054,1,1463,0.3333333333333333,nearest,1681.5041044459974,837567.0042508804,818137.3494864514
153054,2,395,0.3333333333333333,nearest,1746.3935257328137,836906.667611997,816195.603862947
153054,3,1462,0.3333333333333333,nearest,1714.8867647170975,837234.5042554425,817871.4075103587
153055,1,1463,0.3333333333333333,nearest,1642.168713580506,837567.0042508804,818137.3494864514
153055,2,1462,0.3333333333333333,nearest,1697.002130849653,837234.5042554425,817871.4075103587
153055,3,226,0.3333333333333333,nearest,1718.7485393584723,837341.2773557741,818032.6106454438
153056,1,1463,0.3333333333333333,nearest,1306.0428046944667,837567.0042508804,818137.3494864514
153056,2,1462,0.3333333333333333,nearest,1332.8414474085248,837234.5042554425,817871.4075103587
153056,3,226,0.3333333333333333,nearest,1363.3671131555848,837341.2773557741,818032.6106454438
158001,1,394,0.3333333333333333,nearest,4212.544845816382,836918.529172636,816196.922094776
158001,2,537,0.3333333333333333,nearest,4881.675634613815,837490.42030552,818176.8533091566
158001,3,1462,0.3333333333333333,nearest,4848.911489592407,837234.5042554425,817871.4075103587
211005,1,928,0.5,inside,21.84905566629292,835472.1955921178,818431.6471865829
211005,2,929,0.5,inside,62.72413638331168,835482.245102406,818493.4475966531
211006,1,955,1.0,inside,52.1677380731525,835533.1770142685,818480.8324638053
211007,1,955,0.3333333333333333,nearest,101.14153823098862,835533.1770142685,818480.8324638053
211007,2,1304,0.3333333333333333,nearest,168.7177932090714,835678.8770154734,818254.6068451914
211007,3,802,0.3333333333333333,nearest,158.90422329823627,835732.9711204142,818482.1088881769
211008,1,952,0.3333333333333333,nearest,53.236906703378835,835675.2993714607,818471.2811284887
211008,2,1304,0.3333333333333333,nearest,174.48599172909903,835678.8770154734,818254.6068451914
211008,3,928,0.3333333333333333,nearest,174.93041613414832,835472.1955921178,818431.6471865829
211009,1,952,0.5,inside,50.118776339009415,835675.2993714607,818471.2811284887
211009,2,953,0.5,inside,54.547233233630756,835722.1415402713,818479.1194299828
211010,1,926,0.3333333333333333,nearest,89.23865193197355,835429.3925373878,818235.538671381
211010,2,280,0.3333333333333333,nearest,146.9852409288582,835296.8004820258,818426.7737056654
211010,3,928,0.3333333333333333,nearest,136.6118447570419,835472.1955921178,818431.6471865829
211011,1,926,0.3333333333333333,nearest,67.85726826085263,835429.3925373878,818235.538671381
211011,2,928,0.3333333333333333,nearest,133.2756294071189,835472.1955921178,818431.6471865829
211011,3,8,0.3333333333333333,nearest,162.68222083985222,835312.2953030852,818387.3512749315
211012,1,927,1.0,inside,65.92142956433074,835484.9732959702,818240.4191807994
211013,1,947,1.0,inside,64.3917325616865,835536.009900168,818245.3443944033
211014,1,947,0.3333333333333333,nearest,93.73969818452576,835536.009900168,818245.3443944033
211014,2,952,0.3333333333333333,nearest,175.94696303900872,835675.2993714607,818471.2811284887
211014,3,1388,0.3333333333333333,nearest,163.58274063986056,835757.1368796604,818255.8664746383
211015,1,1304,1.0,inside,65.6961157469471,835678.8770154734,818254.6068451914
211016,1,1386,0.5,inside,50.075543537954985,835738.2288753949,818257.7052934695
211016,2,1304,0.5,inside,50.73786928883383,835678.8770154734,818254.6068451914
211017,1,1286,0.3333333333333333,inside,127.29609928487514,835366.1861960782,818222.2651264234
211017,2,926,0.3333333333333333,inside,135.5282571704324,835429.3925373878,818235.538671381
211017,3,837,0.3333333333333333,inside,136.2295410106733,835365.6200003807,818231.4893395875
211018,1,835,0.3333333333333333,inside,169.44203873101043,835411.0648099435,817920.1790491655
211018,2,1386,0.3333333333333333,inside,332.9597853293873,835738.2288753949,818257.7052934695
211018,3,1106,0.3333333333333333,inside,341.56666674982876,835774.6671006235,817692.2830444769
211019,1,4,0.3333333333333333,inside,48.06949174468906,835493.6877550986,817766.4643049538
211019,2,495,0.3333333333333333,inside,84.1246599632192,835401.3236135698,817855.3888778142
211019,3,1102,0.3333333333333333,inside,114.17728439346102,835438.9352883393,817673.2841141657
211020,1,495,1.0,inside,281.5804370136156,835401.3236135698,817855.3888778142
211021,1,291,0.3333333333333333,nearest,244.76123883226134,835458.1814007995,817222.5388783141
211021,2,1521,0.3333333333333333,nearest,367.27505627517127,835591.7945159142,817484.0206385757
211021,3,1310,0.3333333333333333,nearest,355.6118091764003,835601.7719372475,817301.2420821127
211022,1,1101,0.3333333333333333,inside,20.544940320330365,835605.1869820361,817643.5218640504
211022,2,1097,0.3333333333333333,inside,142.61549063013672,835580.7890952926,817482.4043955889
211022,3,833,0.3333333333333333,inside,88.99888246656944,835674.3068796007,817567.3670592984
211023,1,833,0.3333333333333333,inside,64.33410913334498,835674.3068796007,817567.3670592984
211023,2,1105,0.3333333333333333,inside,64.40327454866498,835715.5810121816,817689.3062569484
211023,3,1098,0.3333333333333333,inside,132.37494576665787,835727.5071107367,817500.2158123958
211024,1,1105,1.0,inside,97.381156942357,835715.5810121816,817689.3062569484
211027,1,1494,0.3333333333333333,inside,7.911125531521474,835641.3150940574,817396.560581077
211027,2,1097,0.3333333333333333,inside,112.49551743677561,835580.7890952926,817482.4043955889
211027,3,314,0.3333333333333333,inside,86.33403246399067,835638.900170229,817306.1903735058
211028,1,1098,0.3333333333333333,inside,49.711913602860115,835727.5071107367,817500.2158123958
211028,2,1096,0.3333333333333333,inside,68.97627566218404,835792.9387036554,817408.6253048442
211028,3,1095,0.3333333333333333,inside,71.1164701455057,835689.5721325681,817400.9991749598
211029,1,0,0.3333333333333333,inside,66.50850416805639,835798.7993563204,817317.7343721935
211029,2,1095,0.3333333333333333,inside,70.85453699057716,835689.5721325681,817400.9991749598
211029,3,1096,0.3333333333333333,inside,67.94868135971679,835792.9387036554,817408.6253048442
211030,1,1400,0.3333333333333333,inside,62.14566310625573,835306.5072227292,818432.6752535806
211030,2,929,0.3333333333333333,inside,144.95939998383818,835482.245102406,818493.4475966531
211030,3,819,0.3333333333333333,inside,182.36484480597414,835252.7281788802,818553.7889696214
211031,1,928,0.3333333333333333,nearest,45.39271612632129,835472.1955921178,818431.6471865829
211031,2,926,0.3333333333333333,nearest,161.5478917420512,835429.3925373878,818235.538671381
211031,3,306,0.3333333333333333,nearest,159.91344733720476,835289.2174649095,818438.5009607053
211032,1,649,0.3333333333333333,inside,52.061561039083784,835590.8137672681,817442.1741642602
211032,2,1094,0.3333333333333333,inside,144.7743395347144,835626.0706982878,817304.8399344875
211032,3,648,0.3333333333333333,inside,64.05876294319923,835602.3222971829,817400.316083049
211033,1,1653,0.3333333333333333,inside,107.40397860227644,835480.2566291864,817473.6500410148
211033,2,1102,0.3333333333333333,inside,115.33180417564985,835438.9352883393,817673.2841141657
211033,3,1097,0.3333333333333333,inside,122.63000946621976,835580.7890952926,817482.4043955889
211034,1,1668,0.3333333333333333,inside,56.627426704791205,835391.6805526121,817888.3550507249
211034,2,1271,0.3333333333333333,inside,66.2520813476025,835375.0007024495,817939.4931498903
211034,3,494,0.3333333333333333,inside,73.50924785741807,835408.3429486706,817892.6284747268
212001,1,802,0.5,inside,51.9783015430007,835732.9711204142,818482.1088881769
212001,2,956,0.5,inside,67.58988899060496,835772.2607257297,818499.6700884062
212002,1,1682,0.3333333333333333,nearest,78.80580926250023,835813.9459143957,818339.0373882008
212002,2,958,0.3333333333333333,nearest,159.85122919355868,835871.056851919,818568.665947599
212002,3,816,0.3333333333333333,nearest,148.45225016990523,835721.3072960492,818489.9603656466
212003,1,954,0.3333333333333333,inside,165.90217923179017,836008.8804962315,818474.6937901031
212003,2,382,0.3333333333333333,inside,285.8208396137003,836422.4094625795,818532.9499386274
212003,3,430,0.3333333333333333,inside,221.3323172157761,836283.3994057872,818227.4327162686
212004,1,1682,0.3333333333333333,inside,39.292650682155475,835813.9459143957,818339.0373882008
212004,2,1387,0.3333333333333333,inside,94.19545453977356,835746.6370622154,818258.402639035
212004,3,828,0.3333333333333333,inside,91.81450697973575,835743.2392348885,818334.1562013408
212005,1,1388,0.3333333333333333,inside,78.28613714974077,835757.1368796604,818255.8664746383
212005,2,945,0.3333333333333333,inside,94.3770703100572,835920.97124631,818201.602121508
212005,3,838,0.3333333333333333,inside,89.62193556176192,835750.90064536,818187.8757215153
212007,1,1287,0.3333333333333333,inside,38.67898525311786,836150.0737344739,818175.7201249499
212007,2,1212,0.3333333333333333,inside,109.24621077297815,836289.7673722177,818223.5459463202
212007,3,429,0.3333333333333333,inside,97.78173264433691,836241.7705119203,818112.1470811738
212008,1,945,0.3333333333333333,nearest,96.0585681484869,835920.97124631,818201.602121508
212008,2,1287,0.3333333333333333,nearest,214.46035400827424,836150.0737344739,818175.7201249499
212008,3,838,0.3333333333333333,nearest,210.72063410551945,835750.90064536,818187.8757215153
212010,1,844,0.3333333333333333,inside,57.82183561260559,836133.7516102124,818138.6352851439
212010,2,434,0.3333333333333333,inside,60.39092356871062,836228.2100631418,818069.0492612689
212010,3,1121,0.3333333333333333,inside,62.300940416768626,836140.202165675,818154.5145526484
212011,1,434,0.3333333333333333,nearest,68.11291636385758,836228.2100631418,818069.0492612689
212011,2,1110,0.3333333333333333,nearest,193.69925243111516,836180.304495719,817858.5654464395
212011,3,1123,0.3333333333333333,nearest,140.9285827590899,836102.6951662627,818179.0868693196
212012,1,847,0.3333333333333333,nearest,194.0962161951236,836116.79088733,818137.7717069505
212012,2,547,0.3333333333333333,nearest,198.16050663379127,836164.8375501457,817848.8430552215
212012,3,945,0.3333333333333333,nearest,244.46385086031398,835920.97124631,818201.602121508
212013,1,1106,0.3333333333333333,nearest,212.9112643594341,835774.6671006235,817692.2830444769
212013,2,945,0.3333333333333333,nearest,317.0177391581026,835920.97124631,818201.602121508
212013,3,547,0.3333333333333333,nearest,333.04564467518037,836164.8375501457,817848.8430552215
212014,1,1108,0.3333333333333333,nearest,189.06842283844648,835970.6385425825,817720.227485742
212014,2,1537,0.3333333333333333,nearest,289.13801205587225,836111.7522529815,818150.1075727332
212014,3,1110,0.3333333333333333,nearest,232.74610738645325,836180.304495719,817858.5654464395
212015,1,1110,0.3333333333333333,nearest,116.08803151392266,836180.304495719,817858.5654464395
212015,2,1123,0.3333333333333333,nearest,214.63648719700905,836102.6951662627,818179.0868693196
212015,3,434,0.3333333333333333,nearest,133.10883282552092,836228.2100631418,818069.0492612689
212016,1,1107,0.3333333333333333,nearest,132.9384990009003,835913.829269998,817689.7324057111
212016,2,1101,0.3333333333333333,nearest,294.6645754409088,835605.1869820361,817643.5218640504
212016,3,830,0.3333333333333333,nearest,255.319156242562,835792.4589042291,817558.0392012564
212017,1,547,1.0,inside,122.40810112167001,836164.8375501457,817848.8430552215
212018,1,1107,0.3333333333333333,nearest,72.53112495778105,835913.829269998,817689.7324057111
212018,2,833,0.3333333333333333,nearest,252.92154159313043,835674.3068796007,817567.3670592984
212018,3,845,0.3333333333333333,nearest,230.55536414876073,836033.6999785361,817586.7250494368
212019,1,547,0.3333333333333333,inside,65.92814379461453,836164.8375501457,817848.8430552215
212019,2,1108,0.3333333333333333,inside,167.20409236668274,835970.6385425825,817720.227485742
212019,3,436,0.3333333333333333,inside,72.87840465048411,836149.8233785033,817756.811792558
212020,1,1104,1.0,inside,54.495872461428135,835783.1373165309,817689.6805225621
212021,1,847,0.5,inside,40.56959619456902,836116.79088733,818137.7717069505
212021,2,1537,0.5,inside,41.42133248319929,836111.7522529815,818150.1075727332
212022,1,945,0.3333333333333333,nearest,194.42212160680367,835920.97124631,818201.602121508
212022,2,1121,0.3333333333333333,nearest,275.96843794792204,836140.202165675,818154.5145526484
212022,3,1388,0.3333333333333333,nearest,289.6404797947202,835757.1368796604,818255.8664746383
212023,1,946,0.3333333333333333,inside,35.18481827559799,836025.7440374823,818208.1445749392
212023,2,838,0.3333333333333333,inside,240.78161390521643,835750.90064536,818187.8757215153
212023,3,949,0.3333333333333333,inside,92.59576662598879,835917.4589845749,818267.1127053617
212024,1,838,0.3333333333333333,nearest,105.26862223459405,835750.90064536,818187.8757215153
212024,2,840,0.3333333333333333,nearest,211.63905422513378,835928.7419997752,818267.5000292141
212024,3,950,0.3333333333333333,nearest,240.99235871432217,835784.3731758333,818337.000756357
213003,1,1075,0.3333333333333333,inside,3.9215241769418894,836915.1121222054,818552.6845955269
213003,2,215,0.3333333333333333,inside,130.9127055635407,836942.3714245266,818428.6188381034
213003,3,1074,0.3333333333333333,inside,110.14459222003957,837022.9744460812,818535.9132131463
213004,1,286,0.3333333333333333,inside,30.358106919902713,837297.4503479372,818231.8743089996
213004,2,302,0.3333333333333333,inside,214.5645153389843,837080.542443555,818341.7542856225
213004,3,1680,0.3333333333333333,inside,221.32663504967795,837260.5651205919,818015.1092215518
213005,1,222,0.3333333333333333,inside,65.6392153182742,837474.8014948411,818147.0645173857
213005,2,227,0.3333333333333333,inside,96.15734471439477,837422.3046159587,818245.1380252537
213005,3,223,0.3333333333333333,inside,73.9565259615395,837443.2032960178,818084.187070186
213006,1,228,0.5,inside,106.46072184490302,837191.4811559173,818428.4213125149
213006,2,1070,0.5,inside,118.18062342017168,836968.8226033205,818411.2457750794
213010,1,1463,0.3333333333333333,inside,75.44694338156265,837567.0042508804,818137.3494864514
213010,2,1532,0.3333333333333333,inside,291.24247688286573,837271.6739011535,818003.3277939991
213010,3,223,0.3333333333333333,inside,115.65332543074767,837443.2032960178,818084.187070186
214001,1,848,0.3333333333333333,inside,55.71893161245721,836017.3067709988,817672.6108889244
214001,2,436,0.3333333333333333,inside,101.30711735884356,836149.8233785033,817756.811792558
214001,3,431,0.3333333333333333,inside,75.82291757463913,836139.0752622368,817685.2996016605
214002,1,845,0.3333333333333333,nearest,44.658822174889536,836033.6999785361,817586.7250494368
214002,2,1107,0.3333333333333333,nearest,116.89724450159008,835913.829269998,817689.7324057111
214002,3,843,0.3333333333333333,nearest,113.10737665404207,835938.4126581314,817539.110964964
214004,1,848,1.0,inside,76.64997467907729,836017.3067709988,817672.6108889244
214005,1,830,1.0,inside,99.36551046226414,835792.4589042291,817558.0392012564
214006,1,853,0.3333333333333333,inside,49.33738932202652,836031.7312721123,817550.8249934238
214006,2,1099,0.3333333333333333,inside,50.247332643341466,835935.0644126113,817574.6124762206
214006,3,845,0.3333333333333333,inside,54.56380073998469,836033.6999785361,817586.7250494368
214007,1,846,0.3333333333333333,inside,47.38371252629021,836031.524999051,817538.6552887316
214007,2,843,0.3333333333333333,inside,47.86607249837754,835938.4126581314,817539.110964964
214007,3,853,0.3333333333333333,inside,51.488719344131916,836031.7312721123,817550.8249934238
214008,1,851,0.3333333333333333,inside,13.41319702879441,836075.3194585427,817531.7559466758
214008,2,432,0.3333333333333333,inside,69.14962664766168,836125.5240409897,817594.6968409962
214008,3,845,0.3333333333333333,inside,60.45080287012866,836033.6999785361,817586.7250494368
214009,1,842,0.3333333333333333,inside,70.96665082992388,836032.3593420312,817516.4530346567
214009,2,854,0.3333333333333333,inside,83.87181454223419,835942.4611181696,817478.6277679383
214009,3,1720,0.3333333333333333,inside,83.64169871781878,835946.6140529413,817486.766658854
214010,1,641,0.5,inside,66.43662003935938,835890.2438337572,817324.9739380077
214010,2,836,0.5,inside,88.70809285645093,835809.7739303309,817318.4538217807
214011,1,643,0.3333333333333333,inside,46.22758692509129,836055.2129909145,817368.1572548074
214011,2,647,0.3333333333333333,inside,86.76344997572772,836098.3799321374,817415.905391769
214011,3,435,0.3333333333333333,inside,80.79253762834618,836095.8652797559,817387.0369717784
214013,1,830,0.3333333333333333,nearest,55.22887135005564,835792.4589042291,817558.0392012564
214013,2,1107,0.3333333333333333,nearest,124.52337907531269,835913.829269998,817689.7324057111
214013,3,1720,0.3333333333333333,nearest,168.77737843884458,835946.6140529413,817486.766658854
214014,1,1107,1.0,inside,75.49372739008447,835913.829269998,817689.7324057111
215001,1,1116,0.3333333333333333,inside,55.149675235331586,836515.6281789776,817960.9190950639
215001,2,1510,0.3333333333333333,inside,209.68296335027668,836395.2410074695,818175.1666000084
215001,3,1118,0.3333333333333333,inside,72.95314625260929,836546.9407388114,818085.1304480085
215002,1,381,0.3333333333333333,inside,148.27397279854995,836495.7325150468,818518.4003487597
215002,2,1659,0.3333333333333333,inside,219.23135628399385,836520.7357517616,818164.5376632113
215002,3,1638,0.3333333333333333,inside,240.5332607030887,836735.2884434959,818537.8618237335
215003,1,1120,0.3333333333333333,inside,33.040694468232154,836702.687729704,818139.7261482289
215003,2,378,0.3333333333333333,inside,536.7101375458268,836712.2855118038,818695.3366838396
215003,3,31,0.3333333333333333,inside,338.33641243562676,836805.6066007324,817829.2189844311
215004,1,1208,0.3333333333333333,inside,109.65806251538011,836285.4912027433,818188.0555466486
215004,2,1510,0.3333333333333333,inside,116.20374770943042,836395.2410074695,818175.1666000084
215004,3,1209,0.3333333333333333,inside,116.88048936118712,836333.766171864,818201.0559152974
215005,1,327,0.3333333333333333,inside,21.892054670581743,836452.5458045674,817906.3039828535
215005,2,1681,0.3333333333333333,inside,116.12101849839203,836471.937200321,818010.7046468249
215005,3,1116,0.3333333333333333,inside,103.0481309460467,836515.6281789776,817960.9190950639
215006,1,1109,0.3333333333333333,inside,79.55919872380606,836603.650788323,817818.3169898726
215006,2,1404,0.3333333333333333,inside,101.18347754357201,836493.931404896,817682.908952674
215006,3,1513,0.3333333333333333,inside,124.90127779555257,836576.2910697018,817892.9735563315
215007,1,1110,0.5,inside,120.26435523475912,836180.304495719,817858.5654464395
215007,2,1100,0.5,inside,240.535144043323,836137.28151518,817590.976066174
215008,1,1406,0.3333333333333333,inside,65.51987323111501,836296.3429242121,817513.5390426355
215008,2,1103,0.3333333333333333,inside,224.58293654864667,836461.5444159221,817677.9476055658
215008,3,11,0.3333333333333333,inside,236.432983421212,836106.0051836354,817394.9875927409
216001,1,1528,0.3333333333333333,inside,111.92435876586988,835519.0446427938,817286.2634615004
216001,2,290,0.3333333333333333,inside,113.07497447615022,835678.3670286223,817297.0643300998
216001,3,1371,0.3333333333333333,inside,145.26468287495726,835458.0368011842,817216.1162943173
216002,1,642,0.3333333333333333,inside,97.6672522034123,835898.7963349717,817306.4921729127
216002,2,288,0.3333333333333333,inside,194.39574586180683,836150.387425513,817384.9546749379
216002,3,289,0.3333333333333333,inside,197.623228792059,835794.8005430541,817298.7214048646
217001,1,736,0.3333333333333333,inside,56.04001886324948,837009.1768879759,818118.3217819862
217001,2,1070,0.3333333333333333,inside,317.4407662299441,836968.8226033205,818411.2457750794
217001,3,511,0.3333333333333333,inside,85.95429160794627,836905.566228139,818161.5257408726
217002,1,218,0.3333333333333333,inside,48.8142433878037,837037.1197781613,818161.3324064264
217002,2,530,0.3333333333333333,inside,154.95331345274388,837050.6202388913,818325.8623456571
217002,3,234,0.3333333333333333,inside,154.49232536928207,837119.4268597126,818024.1699645271
217003,1,239,0.3333333333333333,inside,68.05041263666405,837108.9303485804,817958.913590868
217003,2,1114,0.3333333333333333,inside,137.3244629435004,837293.226130427,817913.3353375801
217003,3,233,0.3333333333333333,inside,128.90307408380986,837223.5930858633,818019.447685268
220025,1,93,0.3333333333333333,inside,42.47164363711343,835584.2613578466,819597.2448989785
220025,2,1009,0.3333333333333333,inside,53.83295461007008,835635.4754509807,819515.8860190146
220025,3,594,0.3333333333333333,inside,54.83584672126887,835590.130290745,819506.9405595408
220026,1,26,0.3333333333333333,inside,65.37443224411786,835752.1742035822,819628.6095908883
220026,2,599,0.3333333333333333,inside,105.5156153974674,835782.5636862107,819467.0135889116
220026,3,606,0.3333333333333333,inside,189.8478192254135,835910.8750806822,819649.5672479003
220027,1,1008,0.3333333333333333,inside,39.68025625870124,835600.8149000594,819509.1215724556
220027,2,94,0.3333333333333333,inside,40.27580628104636,835614.3503361889,819435.0838398995
220027,3,1009,0.3333333333333333,inside,43.59118249128098,835635.4754509807,819515.8860190146
220028,1,604,0.5,inside,50.64293804101137,835631.9961458815,819341.1358772333
220028,2,94,0.5,inside,59.64570450570877,835614.3503361889,819435.0838398995
220029,1,1543,0.3333333333333333,inside,53.394251260639514,835680.6527773225,819446.6862003384
220029,2,599,0.3333333333333333,inside,87.92034132605893,835782.5636862107,819467.0135889116
220029,3,609,0.3333333333333333,inside,57.01286200467329,835696.8153607764,819354.8091027904
221001,1,640,0.5,inside,57.24612064705127,834724.3518642318,820726.3683235933
221001,2,707,0.5,inside,69.02144413086614,834612.6373510372,820779.5546290566
221002,1,636,0.3333333333333333,inside,62.52984279358421,834880.9153413763,820803.8347253989
221002,2,635,0.3333333333333333,inside,99.48981830288795,834725.0783107075,820779.6206039448
221002,3,114,0.3333333333333333,inside,83.766439403308,834744.9024939314,820802.8175897133
221003,1,783,1.0,inside,67.41957045088449,834893.1242737272,820810.0347914472
221004,1,638,1.0,inside,35.768750233468275,835061.5901862518,820817.3071953566
221005,1,633,0.3333333333333333,inside,44.13933653889893,835148.6047452486,820821.0546171998
221005,2,638,0.3333333333333333,inside,68.10213257563298,835061.5901862518,820817.3071953566
221005,3,772,0.3333333333333333,inside,53.240369755711484,835079.6091874855,820818.0698819613
221006,1,133,0.3333333333333333,inside,57.38015433105717,835266.5678204687,820826.140400661
221006,2,1054,0.3333333333333333,inside,75.48791713696004,835284.610160367,820707.0883000634
221006,3,633,0.3333333333333333,inside,109.4754155925783,835148.6047452486,820821.0546171998
221007,1,211,0.3333333333333333,inside,66.01753025177719,835327.3213642456,820829.0046522248
221007,2,769,0.3333333333333333,inside,74.42001880319619,835280.9603516887,820826.9367743012
221007,3,1618,0.3333333333333333,inside,68.2777952795269,835333.6677293604,820830.266647634
221008,1,1049,0.3333333333333333,inside,53.84671386747163,834553.972687401,820569.4860514164
221008,2,1642,0.3333333333333333,inside,149.1400911612412,834721.523964368,820571.9711278619
221008,3,1050,0.3333333333333333,inside,70.33683714593872,834630.7475392792,820568.979488744
221009,1,1218,0.3333333333333333,inside,69.77336459262378,834869.8674835777,820648.297656036
221009,2,640,0.3333333333333333,inside,96.9009439517019,834724.3518642318,820726.3683235933
221009,3,111,0.3333333333333333,inside,89.19139417632745,834725.3061500796,820687.5224727484
221010,1,776,1.0,inside,40.11036349117172,835029.6019116488,820697.1181812022
221011,1,1482,0.3333333333333333,nearest,96.41944476260245,835175.2864212721,820798.1970674933
221011,2,1332,0.3333333333333333,nearest,143.32785131954708,835118.327680163,820565.3148824094
221011,3,311,0.3333333333333333,nearest,135.3903754360028,835018.021344979,820690.253549712
221012,1,1482,1.0,inside,49.498574650088806,835175.2864212721,820798.1970674933
221013,1,1054,0.5,inside,34.70096400759943,835284.610160367,820707.0883000634
221013,2,765,0.5,inside,41.38095151664768,835305.099265546,820665.495046188
221014,1,135,0.3333333333333333,inside,24.52614476156797,834777.5555581856,820635.9260631133
221014,2,111,0.3333333333333333,inside,81.720572374686,834725.3061500796,820687.5224727484
221014,3,1555,0.3333333333333333,inside,52.683465735751206,834730.3924937528,820656.1286648036
221015,1,1218,0.3333333333333333,inside,54.982989501453865,834869.8674835777,820648.297656036
221015,2,16,0.3333333333333333,inside,122.56172653919155,834761.5678899947,820655.4169178247
221015,3,786,0.3333333333333333,inside,109.01942754138585,834788.1084430688,820668.337121887
221016,1,1607,0.3333333333333333,inside,70.89404316854493,834980.8057176827,820529.5804490396
221016,2,634,0.3333333333333333,inside,112.05727843621955,834909.6187258286,820694.7805948869
221016,3,1218,0.3333333333333333,inside,92.39739516905935,834869.8674835777,820648.297656036
221017,1,136,0.3333333333333333,inside,72.1571024508445,834980.8373028067,820537.7858910143
221017,2,637,0.3333333333333333,inside,146.15113907837562,834952.6771531182,820745.1501487714
221017,3,311,0.3333333333333333,inside,84.88929694571686,835018.021344979,820690.253549712
221018,1,763,0.3333333333333333,nearest,43.18228173852921,835072.9921875442,820646.4979369339
221018,2,633,0.3333333333333333,nearest,164.92734061949878,835148.6047452486,820821.0546171998
221018,3,669,0.3333333333333333,nearest,166.18076539279207,835212.6452601702,820525.9863101931
221019,1,765,0.3333333333333333,nearest,69.809408128489,835305.099265546,820665.495046188
221019,2,756,0.3333333333333333,nearest,137.38091821649536,835277.1683157372,820490.5691110718
221019,3,1477,0.3333333333333333,nearest,84.72239474414611,835197.9352309805,820556.7715708932
221020,1,398,0.3333333333333333,inside,40.90714915325647,835317.9324954917,820604.390821747
221020,2,595,0.3333333333333333,inside,47.61299390928833,835366.616372483,820677.9822547794
221020,3,765,0.3333333333333333,inside,48.04369948359037,835305.099265546,820665.495046188
221021,1,732,0.5,inside,55.10006256531923,834673.5957819165,820466.0028071359
221021,2,738,0.5,inside,55.605934411855415,834672.2772543814,820568.6983438879
221022,1,732,0.3333333333333333,inside,43.358988929440486,834673.5957819165,820466.0028071359
221022,2,750,0.3333333333333333,inside,69.85367999211581,834721.6367500765,820566.5008200048
221022,3,738,0.3333333333333333,inside,74.45925765313201,834672.2772543814,820568.6983438879
221023,1,1051,1.0,inside,26.358401170933263,834732.4861381022,820574.195812473
221024,1,1297,0.3333333333333333,nearest,99.83216735156098,834953.7081695957,820509.8165576581
221024,2,16,0.3333333333333333,nearest,154.19176082253492,834761.5678899947,820655.4169178247
221024,3,1349,0.3333333333333333,nearest,159.78157004514128,834734.0484470363,820432.0786905512
221025,1,1332,0.3333333333333333,inside,37.134236055755395,835118.327680163,820565.3148824094
221025,2,778,0.3333333333333333,inside,108.6123364765716,835031.4448573001,820681.9473723538
221025,3,669,0.3333333333333333,inside,136.89191756233382,835212.6452601702,820525.9863101931
221026,1,1477,0.5,inside,26.51858407842747,835197.9352309805,820556.7715708932
221026,2,760,0.5,inside,44.29733529694143,835229.4903208632,820530.1709535292
221027,1,1349,0.3333333333333333,nearest,105.57757550700319,834734.0484470363,820432.0786905512
221027,2,1607,0.3333333333333333,nearest,163.95859493344722,834980.8057176827,820529.5804490396
221027,3,135,0.3333333333333333,nearest,150.94695936899535,834777.5555581856,820635.9260631133
221028,1,739,0.5,inside,36.20806251995134,834526.9081023128,820387.9615925258
221028,2,1045,0.5,inside,37.12668765512525,834565.6669573588,820388.4777631238
221029,1,749,0.3333333333333333,inside,36.194817473527486,834597.2323708648,820465.0584884571
221029,2,1045,0.3333333333333333,inside,46.68411696087162,834565.6669573588,820388.4777631238
221029,3,1046,0.3333333333333333,inside,46.137907195077005,834598.2647807901,820388.9171750074
221030,1,1279,0.3333333333333333,inside,21.547155286542846,834632.7107765247,820427.3716943956
221030,2,749,0.3333333333333333,inside,54.52802777110799,834597.2323708648,820465.0584884571
221030,3,1047,0.3333333333333333,inside,29.949892991130174,834633.2219252049,820389.3785545384
221031,1,732,0.3333333333333333,inside,19.979512462849492,834673.5957819165,820466.0028071359
221031,2,1662,0.3333333333333333,inside,40.1140095732377,834716.193539453,820428.4594322108
221031,3,1279,0.3333333333333333,inside,52.10130150811765,834632.7107765247,820427.3716943956
221032,1,1662,0.5,inside,37.69382075350684,834716.193539453,820428.4594322108
221032,2,1279,0.5,inside,50.582527199967565,834632.7107765247,820427.3716943956
221033,1,1349,1.0,inside,47.26740238954738,834734.0484470363,820432.0786905512
221034,1,1297,0.3333333333333333,nearest,52.17319049005797,834953.7081695957,820509.8165576581
221034,2,1043,0.3333333333333333,nearest,150.05450074354087,834882.5312450923,820322.3377471262
221034,3,141,0.3333333333333333,nearest,164.82484804856796,835091.6403271785,820380.4563024652
221035,1,752,0.5,inside,15.039311004426148,835044.0957987384,820412.3737086295
221035,2,656,0.5,inside,59.35054092320769,835055.568408461,820485.845308675
221036,1,753,0.3333333333333333,inside,59.70385832474872,835135.2626286946,820388.7692523715
221036,2,653,0.3333333333333333,inside,69.98093532691352,835067.0869241059,820487.8930103034
221036,3,141,0.3333333333333333,inside,74.47054932453702,835091.6403271785,820380.4563024652
221037,1,655,0.3333333333333333,nearest,59.78111449891059,835225.5331724461,820516.0414642026
221037,2,141,0.3333333333333333,nearest,137.34913517722254,835091.6403271785,820380.4563024652
221037,3,113,0.3333333333333333,nearest,136.26369435723416,835335.2095984267,820426.8598432112
221038,1,138,0.3333333333333333,inside,18.906309639097355,835280.1858423107,820472.4305699193
221038,2,113,0.3333333333333333,inside,73.32994675566655,835335.2095984267,820426.8598432112
221038,3,655,0.3333333333333333,inside,72.66931333482628,835225.5331724461,820516.0414642026
221039,1,759,0.3333333333333333,inside,37.08379631759074,835350.2929019852,820429.8044934205
221039,2,758,0.3333333333333333,inside,104.18069761344205,835242.1206166429,820519.3402604614
221039,3,756,0.3333333333333333,inside,58.98540788851599,835277.1683157372,820490.5691110718
221040,1,1277,0.3333333333333333,inside,48.93851006888431,835361.6426404634,820541.5462540479
221040,2,759,0.3333333333333333,inside,66.8696955780247,835350.2929019852,820429.8044934205
221040,3,764,0.3333333333333333,inside,58.33447522352723,835331.053874264,820536.1995711873
221041,1,1044,0.3333333333333333,inside,28.790630137026522,834566.5152821785,820326.2004610327
221041,2,739,0.3333333333333333,inside,56.876329817574536,834526.9081023128,820387.9615925258
221041,3,1041,0.3333333333333333,inside,65.5629978547991,834528.0588578617,820267.5042336453
221042,1,1047,0.3333333333333333,inside,34.65353687451559,834633.2219252049,820389.3785545384
221042,2,742,0.3333333333333333,inside,84.78118927024661,834727.7844696862,820328.354089423
221042,3,1044,0.3333333333333333,inside,87.97905257432103,834566.5152821785,820326.2004610327
221043,1,1039,0.5,inside,81.9663577220187,834808.8088863189,820256.6123454628
221043,2,1040,0.5,inside,88.47451853876824,834736.3401413765,820268.1689277005
221044,1,1043,1.0,inside,46.11856901033023,834882.5312450923,820322.3377471262
221045,1,1043,0.3333333333333333,nearest,97.17356820222196,834882.5312450923,820322.3377471262
221045,2,652,0.3333333333333333,nearest,174.61773589224504,835065.4496257504,820498.5568918382
221045,3,1297,0.3333333333333333,nearest,103.62312421764543,834953.7081695957,820509.8165576581
221046,1,557,1.0,inside,56.74462437822568,835065.7659148757,820324.7476363229
221047,1,1043,1.0,inside,23.79868372005361,834882.5312450923,820322.3377471262
221048,1,545,0.3333333333333333,nearest,35.53755388308291,834915.8326405464,820236.8919186636
221048,2,748,0.3333333333333333,nearest,175.55282454836401,834729.3493953504,820212.9129959315
221048,3,557,0.3333333333333333,nearest,178.98133163222184,835065.7659148757,820324.7476363229
221049,1,1042,0.5,inside,18.070615127135362,834926.3354490824,820286.2233255024
221049,2,545,0.5,inside,37.492588524458014,834915.8326405464,820236.8919186636
221050,1,1042,0.3333333333333333,inside,35.44994041818955,834926.3354490824,820286.2233255024
221050,2,552,0.3333333333333333,inside,74.47894473597616,835031.5158208347,820277.5108837475
221050,3,978,0.3333333333333333,inside,74.27620758219551,834992.9590251814,820231.2933197679
221051,1,552,1.0,inside,66.07860685596394,835031.5158208347,820277.5108837475
221052,1,134,0.5,inside,30.423241454031896,835106.6905325564,820214.3309553359
221052,2,552,0.5,inside,70.04018228446104,835031.5158208347,820277.5108837475
221053,1,757,0.3333333333333333,nearest,45.048586875233966,835156.2518235977,820280.292011636
221053,2,248,0.3333333333333333,nearest,168.97998650778408,835289.8978546069,820418.3028211616
221053,3,752,0.3333333333333333,nearest,136.78862448982343,835044.0957987384,820412.3737086295
221054,1,248,0.3333333333333333,nearest,83.94153709879039,835289.8978546069,820418.3028211616
221054,2,150,0.3333333333333333,nearest,143.9269706241272,835115.5861730742,820272.5767524403
221054,3,753,0.3333333333333333,nearest,86.96742573243374,835135.2626286946,820388.7692523715
221055,1,248,0.3333333333333333,nearest,49.63856924464427,835289.8978546069,820418.3028211616
221055,2,757,0.3333333333333333,nearest,146.6244407648592,835156.2518235977,820280.292011636
221055,3,597,0.3333333333333333,nearest,152.54999829608573,835421.4308314656,820391.1319091921
221058,1,597,0.5,inside,14.544838587880909,835421.4308314656,820391.1319091921
221058,2,759,0.5,inside,82.09493564600054,835350.2929019852,820429.8044934205
221060,1,1037,0.3333333333333333,inside,22.501510122811787,834514.5427019056,820185.7724597191
221060,2,1041,0.3333333333333333,inside,84.59106229588548,834528.0588578617,820267.5042336453
221060,3,1038,0.3333333333333333,inside,41.47700545497313,834567.6360417416,820211.2466318039
221062,1,1036,1.0,inside,83.5844826779267,834730.6013929006,820162.7500517505
221063,1,1040,0.3333333333333333,inside,48.4295045857702,834736.3401413765,820268.1689277005
221063,2,1035,0.3333333333333333,inside,81.569569683223,834789.6977413031,820153.7083843487
221063,3,734,0.3333333333333333,inside,75.70823316716246,834740.2036628115,820162.7934015894
221064,1,1035,1.0,inside,59.81577279778848,834789.6977413031,820153.7083843487
221065,1,1034,0.3333333333333333,nearest,56.89564090247369,834896.1967381164,820134.043242179
221065,2,1043,0.3333333333333333,nearest,133.37430166987846,834882.5312450923,820322.3377471262
221065,3,748,0.3333333333333333,nearest,153.87870605720587,834729.3493953504,820212.9129959315
221066,1,1034,0.5,inside,57.03096847847401,834896.1967381164,820134.043242179
221066,2,545,0.5,inside,58.74350907892918,834915.8326405464,820236.8919186636
221067,1,977,0.5,inside,56.677486459049675,835020.9190205709,820208.2360935273
221067,2,978,0.5,inside,66.39177814546014,834992.9590251814,820231.2933197679
221068,1,977,0.3333333333333333,inside,76.25409676894814,835020.9190205709,820208.2360935273
221068,2,552,0.3333333333333333,inside,117.83773731975985,835031.5158208347,820277.5108837475
221068,3,978,0.3333333333333333,inside,111.80218819739348,834992.9590251814,820231.2933197679
221069,1,977,0.3333333333333333,inside,37.260127171098915,835020.9190205709,820208.2360935273
221069,2,262,0.3333333333333333,inside,92.75123994686125,835122.1390400038,820136.2839966326
221069,3,976,0.3333333333333333,inside,61.542511814615274,835068.511439924,820121.6821208441
221070,1,757,0.3333333333333333,inside,40.77125375442138,835156.2518235977,820280.292011636
221070,2,761,0.3333333333333333,inside,48.35476972999226,835116.1611255789,820245.4356324803
221070,3,150,0.3333333333333333,inside,58.383079385282294,835115.5861730742,820272.5767524403
221071,1,1731,0.5,inside,68.47630227007241,835288.4192586334,820169.4266442138
221071,2,1732,0.5,inside,72.3953571147415,835306.717320726,820172.5260786547
221072,1,690,0.3333333333333333,inside,65.92388860445023,835362.6008002826,820186.3756500805
221072,2,151,0.3333333333333333,inside,71.40410378934402,835309.8372137876,820309.9365853644
221072,3,154,0.3333333333333333,inside,70.82870815078459,835333.7216849612,820182.3133872674
221073,1,158,0.3333333333333333,inside,72.3095559257165,835370.7684259671,820321.7040664379
221073,2,159,0.3333333333333333,inside,74.515094719078,835396.404690829,820191.0135114948
221073,3,605,0.3333333333333333,inside,75.71640201038824,835432.153051427,820336.9266854714
221077,1,115,0.3333333333333333,inside,6.3364216269913145,834775.0881937284,820045.245145358
221077,2,734,0.3333333333333333,inside,125.70182221663501,834740.2036628115,820162.7934015894
221077,3,121,0.3333333333333333,inside,116.10822334474393,834859.7705033518,819958.421278202
221078,1,1031,1.0,inside,51.100935556899806,834830.1273917881,820055.0399922163
221079,1,1468,1.0,inside,108.47350815054841,835094.8862512155,819976.927735715
221080,1,784,0.5,inside,56.0163594882044,835123.5706153384,820129.1304302944
221080,2,688,0.5,inside,107.40948471329814,835151.5940356334,819979.2379307011
221081,1,1612,0.3333333333333333,inside,24.734573588574563,835172.7221568925,820079.1191168281
221081,2,160,0.3333333333333333,inside,72.9696277261487,835210.5799540879,820151.249084861
221081,3,149,0.3333333333333333,inside,41.66948063374014,835136.2023440357,820134.5776560138
221082,1,1731,1.0,inside,49.13738036319544,835288.4192586334,820169.4266442138
221083,1,1732,0.5,inside,31.80413027398272,835306.717320726,820172.5260786547
221083,2,1731,0.5,inside,38.6954883991017,835288.4192586334,820169.4266442138
221084,1,692,0.3333333333333333,inside,32.854803527615246,835374.764672314,820120.1445278964
221084,2,1709,0.3333333333333333,inside,37.77369082353183,835335.8948857958,820170.5864527576
221084,3,697,0.3333333333333333,inside,43.772382032657106,835346.9877648229,820114.697994047
221085,1,612,0.3333333333333333,inside,43.85659029694086,835456.6665503561,820201.4525488939
221085,2,695,0.3333333333333333,inside,45.185995088585464,835408.3524462412,820126.6649171583
221085,3,159,0.3333333333333333,inside,44.48379941821308,835396.404690829,820191.0135114948
221086,1,120,0.3333333333333333,inside,44.80301116002412,834733.4957739253,820050.7416241436
221086,2,55,0.3333333333333333,inside,175.10800635968155,834516.6088412455,820051.9936409172
221086,3,1030,0.3333333333333333,inside,166.7110419377083,834525.0572665856,820052.1698692334
221087,1,1029,0.5,inside,39.835081618530396,834692.2082199192,820014.1811501447
221087,2,1028,0.5,inside,78.5104101491197,834701.2328332149,819903.9217241321
221088,1,1029,0.5,inside,41.32224213425519,834692.2082199192,820014.1811501447
221088,2,1028,0.5,inside,75.03764658424171,834701.2328332149,819903.9217241321
221089,1,689,1.0,inside,81.9535218737961,835165.5855776317,819980.5546788307
221090,1,1257,0.3333333333333333,nearest,53.54636583540765,835319.0501865435,820008.7265725802
221090,2,1732,0.3333333333333333,nearest,124.39155766707397,835306.717320726,820172.5260786547
221090,3,1612,0.3333333333333333,nearest,115.97393784900248,835172.7221568925,820079.1191168281
221091,1,1257,1.0,inside,51.86302263663132,835319.0501865435,820008.7265725802
221092,1,692,0.5,inside,51.65654527067565,835374.764672314,820120.1445278964
221092,2,697,0.5,inside,58.9418068041657,835346.9877648229,820114.697994047
221093,1,695,1.0,inside,60.00736703097488,835408.3524462412,820126.6649171583
221094,1,749,1.0,inside,54.1626513786179,834597.2323708648,820465.0584884571
221096,1,113,0.3333333333333333,inside,50.29001597812384,835335.2095984267,820426.8598432112
221096,2,605,0.3333333333333333,inside,93.12949897891282,835432.153051427,820336.9266854714
221096,3,1260,0.3333333333333333,inside,88.1631464141389,835430.4844555455,820345.2983195931
221097,1,1221,0.3333333333333333,inside,32.791946175321186,834667.0846799936,820267.1460541491
221097,2,1038,0.3333333333333333,inside,86.85027111216196,834567.6360417416,820211.2466318039
221097,3,748,0.3333333333333333,inside,83.75023111430966,834729.3493953504,820212.9129959315
221098,1,1032,0.3333333333333333,nearest,33.822162160049174,834568.706836378,820110.3450554442
221098,2,120,0.3333333333333333,nearest,203.7973089126326,834733.4957739253,820050.7416241436
221098,3,189,0.3333333333333333,nearest,136.65090102922065,834412.9807539533,820042.0838046251
221099,1,1033,0.5,inside,86.689767269893,834732.1005033657,820110.9149922385
221099,2,1032,0.5,inside,87.79040570835781,834568.706836378,820110.3450554442
222001,1,212,0.3333333333333333,inside,69.87583045072422,835408.1026040084,820828.6234968277
222001,2,1647,0.3333333333333333,inside,79.47889922640478,835377.7948926028,820683.031118716
222001,3,626,0.3333333333333333,inside,78.69787910992905,835344.7736160333,820828.2506140126
222002,1,984,0.3333333333333333,nearest,65.36377893277658,835465.4872528265,820832.0975157365
222002,2,595,0.3333333333333333,nearest,122.39856774498159,835366.616372483,820677.9822547794
222002,3,1618,0.3333333333333333,nearest,130.1278158516151,835333.6677293604,820830.266647634
222003,1,984,1.0,inside,67.83299078060773,835465.4872528265,820832.0975157365
222004,1,1491,1.0,inside,68.64765172317884,835585.9536265675,820837.2077425572
222005,1,1294,0.3333333333333333,inside,78.52440253779149,835775.8687030723,820850.0237093926
222005,2,662,0.3333333333333333,inside,189.72765810439802,835617.5540954446,820660.8059098782
222005,3,1491,0.3333333333333333,inside,196.8532316411698,835585.9536265675,820837.2077425572
222006,1,1652,0.3333333333333333,inside,54.400941455462316,835392.2551775605,820603.7331420581
222006,2,664,0.3333333333333333,inside,83.58594029110732,835511.3004987576,820586.2529801711
222006,3,1650,0.3333333333333333,inside,68.92609366198063,835403.4278401942,820688.2785065355
222007,1,1706,0.3333333333333333,inside,31.625986090286236,835507.1091450423,820623.150002802
222007,2,664,0.3333333333333333,inside,62.98930958570817,835511.3004987576,820586.2529801711
222007,3,1707,0.3333333333333333,inside,58.782091465531444,835517.8221683776,820589.1096224003
222008,1,662,0.5,inside,35.97855609148148,835617.5540954446,820660.8059098782
222008,2,657,0.5,inside,44.9743575812927,835569.6754143492,820597.511988297
222009,1,1478,0.5,inside,81.12104927754667,835783.3110460817,820646.3157976229
222009,2,662,0.5,inside,86.05078515426516,835617.5540954446,820660.8059098782
222010,1,1478,1.0,inside,63.12864701061664,835783.3110460817,820646.3157976229
222011,1,660,0.3333333333333333,inside,31.773370247767577,835442.7352713116,820556.6459787562
222011,2,139,0.3333333333333333,inside,72.4189595860258,835421.5991463065,820455.2140879843
222011,3,1651,0.3333333333333333,inside,40.88524693524245,835396.4452240029,820548.199431451
222012,1,754,0.3333333333333333,inside,36.48637040236762,835525.7519128834,820520.8634203942
222012,2,762,0.3333333333333333,inside,99.3251882054252,835426.0384454394,820433.8752652692
222012,3,665,0.3333333333333333,inside,101.93545134189633,835565.0487335264,820579.1302271734
222013,1,112,0.3333333333333333,inside,27.641149732498345,835434.7004092839,820385.3065493507
222013,2,751,0.3333333333333333,inside,51.140062754749565,835480.2622007241,820448.7551858585
222013,3,605,0.3333333333333333,inside,71.23817038733728,835432.153051427,820336.9266854714
222014,1,751,0.5,inside,34.29115199799903,835480.2622007241,820448.7551858585
222014,2,755,0.5,inside,50.008350925059766,835478.1101161834,820471.9763681474
222015,1,754,1.0,inside,73.03254451103835,835525.7519128834,820520.8634203942
222016,1,668,1.0,inside,113.28163237561749,835628.2555600613,820590.7546635183
222017,1,1232,0.3333333333333333,inside,90.30031009551054,835702.0819203281,820252.9666052532
222017,2,766,0.3333333333333333,inside,287.49185264826355,835781.4043222666,820622.0095780647
222017,3,1231,0.3333333333333333,inside,254.88324127218624,835733.7265077204,820088.2476318673
222018,1,1545,0.5,inside,256.9980810134245,835835.7567555156,820107.8223824358
222018,2,676,0.5,inside,257.7012425432376,835827.3907572492,820106.1615945454
222019,1,152,1.0,inside,72.083330583309,835443.2286068003,820338.9193219243
222020,1,156,1.0,inside,70.95233552337871,835579.1375630631,820229.2300111593
222021,1,156,0.3333333333333333,inside,48.76639254157475,835579.1375630631,820229.2300111593
222021,2,99,0.3333333333333333,inside,96.26723558115744,835613.0705501132,820368.1784727337
222021,3,153,0.3333333333333333,inside,96.30158338736469,835556.1166132588,820357.6168681547
222022,1,28,0.3333333333333333,inside,43.368959798112684,835668.4377020927,820376.4149176197
222022,2,157,0.3333333333333333,inside,96.48653943382747,835641.5318952948,820241.2310312942
222022,3,99,0.3333333333333333,inside,47.72130728732085,835613.0705501132,820368.1784727337
222023,1,694,0.5,inside,38.792576320572174,835514.8986900088,820212.2684156477
222023,2,155,0.5,inside,39.58494252166038,835467.5155413282,820203.5338019187
222024,1,698,0.3333333333333333,nearest,39.05144545202849,835583.4849162339,820219.2858438913
222024,2,695,0.3333333333333333,nearest,162.4942409566915,835408.3524462412,820126.6649171583
222024,3,454,0.3333333333333333,nearest,146.13731431743028,835557.4107857905,820043.3960198931
222025,1,698,1.0,inside,37.12785003847796,835583.4849162339,820219.2858438913
222026,1,691,0.3333333333333333,nearest,42.90967359367906,835692.0572251388,820251.0401866623
222026,2,452,0.3333333333333333,nearest,170.97340413110817,835789.2797248254,820085.986850252
222026,3,694,0.3333333333333333,nearest,159.00309212917253,835514.8986900088,820212.2684156477
222027,1,96,0.3333333333333333,nearest,61.407162873513926,835500.8987182531,820034.2741517909
222027,2,698,0.3333333333333333,nearest,143.2751566280582,835583.4849162339,820219.2858438913
222027,3,692,0.3333333333333333,nearest,140.79684640871815,835374.764672314,820120.1445278964
222028,1,454,0.3333333333333333,nearest,65.04018517571805,835557.4107857905,820043.3960198931
222028,2,157,0.3333333333333333,nearest,150.89718270791894,835641.5318952948,820241.2310312942
222028,3,612,0.3333333333333333,nearest,151.09134470071368,835456.6665503561,820201.4525488939
222029,1,1379,0.3333333333333333,nearest,94.2134393125168,835728.3170534235,820075.8455322575
222029,2,602,0.3333333333333333,nearest,159.8519178606131,835489.6787059018,820032.1596738654
222029,3,156,0.3333333333333333,nearest,145.03963697071012,835579.1375630631,820229.2300111593
222030,1,1231,0.3333333333333333,nearest,75.38137598471465,835733.7265077204,820088.2476318673
222030,2,156,0.3333333333333333,nearest,135.30478196595385,835579.1375630631,820229.2300111593
222030,3,1232,0.3333333333333333,nearest,106.88967602564128,835702.0819203281,820252.9666052532
222031,1,663,0.5,inside,105.30397177316406,835912.3918478113,820659.0911360146
222031,2,1620,0.5,inside,110.44661712836485,836026.6497019159,820842.0671057772
225006,1,36,0.5,inside,61.319902632358875,835570.5456575534,819319.0358690025
225006,2,593,0.5,inside,61.5259452755871,835623.4026235201,819329.398361492
225007,1,1019,0.3333333333333333,nearest,72.3789601646635,835466.5386332108,819234.8825642633
225007,2,17,0.3333333333333333,nearest,130.96584827662736,835291.253870852,819202.1150989739
225007,3,1014,0.3333333333333333,nearest,128.23349042194823,835495.6999070159,819075.6115602227
225008,1,1019,1.0,inside,30.7018680105757,835466.5386332108,819234.8825642633
225010,1,1016,0.5,inside,33.51301037211125,835523.1310494281,819138.8728885761
225010,2,1015,0.5,inside,34.50150082175752,835485.2034165383,819132.7178982447
225011,1,686,1.0,inside,36.45381809483012,835571.0349614434,819200.9041907918
225012,1,546,0.3333333333333333,inside,27.782411480902336,835591.1681516297,819204.5243281027
225012,2,686,0.3333333333333333,inside,30.169152295368093,835571.0349614434,819200.9041907918
225012,3,1017,0.3333333333333333,inside,28.429820639305795,835597.9169127974,819203.8707037895
225013,1,1018,0.3333333333333333,inside,34.79300344811408,835645.7355536114,819206.8696378975
225013,2,743,0.3333333333333333,inside,81.90963914813535,835618.4781940699,819095.482837954
225013,3,1017,0.3333333333333333,inside,40.61913808366825,835597.9169127974,819203.8707037895
225018,1,1016,0.3333333333333333,inside,33.8008983441057,835523.1310494281,819138.8728885761
225018,2,1014,0.3333333333333333,inside,35.228736360661166,835495.6999070159,819075.6115602227
225018,3,1015,0.3333333333333333,inside,36.38942937637949,835485.2034165383,819132.7178982447
225019,1,553,0.5,inside,33.713343097298186,835542.118053979,819086.7713820053
225019,2,560,0.5,inside,40.07248902546767,835590.7304828324,819090.7445740777
225020,1,560,1.0,inside,32.78134430023715,835590.7304828324,819090.7445740777
225021,1,944,1.0,inside,34.85678719720757,835506.103480041,819013.1235380269
225022,1,1544,0.3333333333333333,inside,39.466981265461506,835543.1481107108,819080.2822887845
225022,2,1011,0.3333333333333333,inside,43.53991868837764,835602.9579335618,819022.7641029516
225022,3,560,0.3333333333333333,inside,43.4045161708897,835590.7304828324,819090.7445740777
225023,1,560,0.3333333333333333,inside,36.64181923083928,835590.7304828324,819090.7445740777
225023,2,1012,0.3333333333333333,inside,37.79920189205631,835629.829951269,819027.4027628801
225023,3,1011,0.3333333333333333,inside,37.224554221259986,835602.9579335618,819022.7641029516
225024,1,1012,0.3333333333333333,inside,34.25456099542593,835629.829951269,819027.4027628801
225024,2,737,0.3333333333333333,inside,51.96410434975724,835664.4942974885,819105.1591987177
225024,3,743,0.3333333333333333,inside,50.76783484006176,835618.4781940699,819095.482837954
225025,1,1583,0.3333333333333333,inside,19.407037811704196,835371.419988686,818928.5405563809
225025,2,1701,0.3333333333333333,inside,60.131337884479336,835329.8370806273,818974.1102638703
225025,3,941,0.3333333333333333,inside,50.32883301578676,835342.4966910632,818913.7813273319
225028,1,1010,0.5,inside,39.784682297553246,835554.8499142854,819013.1212406099
225028,2,1011,0.5,inside,39.807926671548536,835602.9579335618,819022.7641029516
225029,1,1012,0.5,inside,43.67215881319404,835629.829951269,819027.4027628801
225029,2,2,0.5,inside,52.666277349744895,835672.4768357382,819033.546851828
225032,1,34,0.5,inside,39.16624178655628,835574.5135226229,818877.548050725
225032,2,1568,0.5,inside,54.83941838076968,835566.0570414843,818941.46440584
225033,1,810,0.3333333333333333,inside,40.21846699895268,835639.9620669005,818861.798838122
225033,2,1372,0.3333333333333333,inside,64.23838019565316,835690.6039013716,818835.7632013139
225033,3,1556,0.3333333333333333,inside,59.47235776981599,835639.5799492894,818839.8623419339
225034,1,936,0.3333333333333333,nearest,61.053951367417,835419.0065629847,818815.9430206828
225034,2,942,0.3333333333333333,nearest,121.4141387170194,835353.7005700731,818978.2392484092
225034,3,1367,0.3333333333333333,nearest,111.39483563629952,835272.3895794367,818900.8961358904
225035,1,1685,0.3333333333333333,inside,42.42577422598794,835436.052916908,818890.1453174246
225035,2,936,0.3333333333333333,inside,45.41867238545982,835419.0065629847,818815.9430206828
225035,3,939,0.3333333333333333,inside,44.02163479821136,835482.2747665852,818878.9365917091
225036,1,107,0.3333333333333333,inside,41.705942058368215,835466.8772174262,818804.6344997073
225036,2,938,0.3333333333333333,inside,43.172209708661356,835523.6951460196,818867.6396435391
225036,3,939,0.3333333333333333,inside,44.04898353640421,835482.2747665852,818878.9365917091
225037,1,937,0.5,inside,44.31621368008546,835569.2576931533,818856.5640895031
225037,2,938,0.5,inside,44.39098289822292,835523.6951460196,818867.6396435391
225038,1,937,1.0,inside,43.5186774372322,835569.2576931533,818856.5640895031
225039,1,1556,1.0,inside,38.145540948740106,835639.5799492894,818839.8623419339
225040,1,967,1.0,inside,36.70066302683215,835691.3763673868,818827.2144669255
225041,1,934,0.5,inside,30.681346702153693,835360.8284493838,818762.0517929544
225041,2,821,0.5,inside,50.32649704565508,835310.8577669157,818805.9720870967
225042,1,936,1.0,inside,40.363226923390755,835419.0065629847,818815.9430206828
225043,1,106,1.0,inside,38.345869757285456,835451.1605126522,818738.172449822
225044,1,106,0.3333333333333333,nearest,71.85189792700673,835451.1605126522,818738.172449822
225044,2,810,0.3333333333333333,nearest,159.34837978645209,835639.9620669005,818861.798838122
225044,3,959,0.3333333333333333,nearest,176.12678832139954,835502.1875571724,818580.9157875348
225045,1,937,0.3333333333333333,nearest,111.49402891187216,835569.2576931533,818856.5640895031
225045,2,106,0.3333333333333333,nearest,114.81790840027526,835451.1605126522,818738.172449822
225045,3,814,0.3333333333333333,nearest,159.2539540155062,835702.998945281,818825.929523224
225046,1,1556,0.3333333333333333,nearest,109.6149128056035,835639.5799492894,818839.8623419339
225046,2,813,0.3333333333333333,nearest,158.57626618842355,835721.4561199286,818621.081080939
225046,3,106,0.3333333333333333,nearest,159.23073770576343,835451.1605126522,818738.172449822
225047,1,806,0.3333333333333333,nearest,78.75828896981449,835717.3363276627,818671.2218112932
225047,2,937,0.3333333333333333,nearest,158.48019326198371,835569.2576931533,818856.5640895031
225047,3,968,0.3333333333333333,nearest,144.13177340244516,835783.8316515828,818820.1354047363
225048,1,935,0.3333333333333333,nearest,52.97920021653042,835096.9916272777,818788.4241595739
225048,2,1666,0.3333333333333333,nearest,124.00021198537601,835273.3098405636,818789.8182641391
225048,3,725,0.3333333333333333,nearest,98.86726935073668,835187.496469374,818887.0599594612
225049,1,1666,0.3333333333333333,nearest,31.55982336281897,835273.3098405636,818789.8182641391
225049,2,725,0.3333333333333333,nearest,131.2128673384235,835187.496469374,818887.0599594612
225049,3,931,0.3333333333333333,nearest,102.17694993493232,835270.685102687,818671.0556566379
225050,1,935,1.0,inside,51.873501280649755,835096.9916272777,818788.4241595739
225051,1,933,1.0,inside,48.94198005229082,835288.3091161799,818741.7585321221
225052,1,1410,0.5,inside,51.89992331164624,835183.9514023068,818730.0718592535
225052,2,1411,0.5,inside,51.99851630662812,835088.3338336487,818753.665243061
225053,1,1409,0.5,inside,48.941361108569225,835279.6723018208,818706.5233513645
225053,2,1410,0.5,inside,55.17664367633454,835183.9514023068,818730.0718592535
225054,1,824,0.3333333333333333,nearest,53.48479821630454,835076.9449661912,818712.0410004868
225054,2,1233,0.3333333333333333,nearest,120.35824823283961,835127.2894498216,818571.1497223843
225054,3,1410,0.3333333333333333,nearest,69.33771248765385,835183.9514023068,818730.0718592535
225055,1,931,1.0,inside,48.045739908758605,835270.685102687,818671.0556566379
225056,1,812,1.0,inside,111.16698737955068,835313.6753222528,818544.295182331
225057,1,812,1.0,inside,109.7835015221302,835313.6753222528,818544.295182331
225058,1,106,0.3333333333333333,nearest,45.34181819077924,835451.1605126522,818738.172449822
225058,2,931,0.3333333333333333,nearest,149.88733337343098,835270.685102687,818671.0556566379
225058,3,959,0.3333333333333333,nearest,155.9315291566738,835502.1875571724,818580.9157875348
225059,1,106,1.0,inside,39.76631688043581,835451.1605126522,818738.172449822
225060,1,106,0.3333333333333333,nearest,72.68512048320214,835451.1605126522,818738.172449822
225060,2,817,0.3333333333333333,nearest,184.9009564406295,835484.4404155606,818504.7977720822
225060,3,937,0.3333333333333333,nearest,180.04954686961278,835569.2576931533,818856.5640895031
225061,1,959,0.3333333333333333,nearest,107.6807780235301,835502.1875571724,818580.9157875348
225061,2,1556,0.3333333333333333,nearest,185.53310799016435,835639.5799492894,818839.8623419339
225061,3,813,0.3333333333333333,nearest,180.69258616467584,835721.4561199286,818621.081080939
225062,1,806,0.3333333333333333,nearest,123.18881047812349,835717.3363276627,818671.2218112932
225062,2,105,0.3333333333333333,nearest,189.10290212520434,835416.5220092376,818601.926551222
225062,3,937,0.3333333333333333,nearest,191.6367324353627,835569.2576931533,818856.5640895031
225063,1,806,0.3333333333333333,nearest,80.56963704177996,835717.3363276627,818671.2218112932
225063,2,959,0.3333333333333333,nearest,155.3078106301177,835502.1875571724,818580.9157875348
225063,3,952,0.3333333333333333,nearest,188.18079726809944,835675.2993714607,818471.2811284887
225064,1,806,0.3333333333333333,nearest,40.022033329157296,835717.3363276627,818671.2218112932
225064,2,952,0.3333333333333333,nearest,175.35852785008709,835675.2993714607,818471.2811284887
225064,3,960,0.3333333333333333,nearest,157.0457914962034,835830.5423049153,818584.8785532259
225065,1,930,1.0,inside,40.763428876210604,835370.2375315392,818612.6371668857
225066,1,105,1.0,inside,39.56239261671309,835416.5220092376,818601.926551222
225067,1,959,1.0,inside,45.25605741986338,835502.1875571724,818580.9157875348
225068,1,959,1.0,inside,50.3970913227567,835502.1875571724,818580.9157875348
225069,1,959,0.3333333333333333,nearest,72.73309468933469,835502.1875571724,818580.9157875348
225069,2,803,0.3333333333333333,nearest,182.69113529144875,835732.3738437786,818492.4736568908
225069,3,806,0.3333333333333333,nearest,166.61023260493647,835717.3363276627,818671.2218112932
225070,1,804,0.3333333333333333,nearest,105.86430811666307,835725.2669263424,818573.9744904916
225070,2,929,0.3333333333333333,nearest,162.27421882105628,835482.245102406,818493.4475966531
225070,3,952,0.3333333333333333,nearest,122.0872093790969,835675.2993714607,818471.2811284887
225071,1,804,0.3333333333333333,nearest,45.785262607438575,835725.2669263424,818573.9744904916
225071,2,964,0.3333333333333333,nearest,170.54969075617413,835821.6837509869,818683.6429105105
225071,3,952,0.3333333333333333,nearest,115.65631601647111,835675.2993714607,818471.2811284887
225073,1,805,0.5,inside,41.96364598163407,835350.696915241,818536.8626811232
225073,2,930,0.5,inside,47.08793422714005,835370.2375315392,818612.6371668857
225074,1,818,0.3333333333333333,inside,55.41470083187028,835398.4963365725,818527.0820937678
225074,2,959,0.3333333333333333,inside,61.42925043475016,835502.1875571724,818580.9157875348
225074,3,817,0.3333333333333333,inside,59.52892816905655,835484.4404155606,818504.7977720822
225075,1,817,0.5,inside,44.36370441606899,835484.4404155606,818504.7977720822
225075,2,959,0.5,inside,47.36742778453132,835502.1875571724,818580.9157875348
225076,1,955,0.3333333333333333,nearest,52.510358252347736,835533.1770142685,818480.8324638053
225076,2,804,0.3333333333333333,nearest,171.55443708395637,835725.2669263424,818573.9744904916
225076,3,105,0.3333333333333333,nearest,163.14061199536715,835416.5220092376,818601.926551222
225077,1,955,0.3333333333333333,nearest,78.15096690097783,835533.1770142685,818480.8324638053
225077,2,813,0.3333333333333333,nearest,158.7208436204678,835721.4561199286,818621.081080939
225077,3,952,0.3333333333333333,nearest,83.93390333929291,835675.2993714607,818471.2811284887
225078,1,816,1.0,inside,53.349232021821415,835721.3072960492,818489.9603656466
225081,1,1568,1.0,inside,25.563795608366974,835566.0570414843,818941.46440584
225082,1,1484,1.0,inside,22.32761480423535,835504.7610645689,818952.7621990397
225083,1,1685,0.3333333333333333,inside,51.124432053648675,835436.052916908,818890.1453174246
225083,2,943,0.3333333333333333,inside,65.72507750346452,835459.8496673489,818996.5821167273
225083,3,939,0.3333333333333333,inside,54.582209857958844,835482.2747665852,818878.9365917091
225084,1,1631,0.3333333333333333,inside,59.472300059376764,835342.5641764597,819009.4227542663
225084,2,943,0.3333333333333333,inside,92.33753961829272,835459.8496673489,818996.5821167273
225084,3,942,0.3333333333333333,inside,79.19124706397017,835353.7005700731,818978.2392484092
225085,1,944,1.0,inside,33.27821478817812,835506.103480041,819013.1235380269
225086,1,35,0.3333333333333333,inside,32.56998678263003,835455.1153315122,819297.4371221614
225086,2,797,0.3333333333333333,inside,37.378352030212696,835502.2716360452,819246.1646281874
225086,3,1019,0.3333333333333333,inside,42.80914684101412,835466.5386332108,819234.8825642633
225087,1,83,0.5,inside,44.76366693343962,835503.0164143014,819306.0498570668
225087,2,36,0.5,inside,50.27323163573492,835570.5456575534,819319.0358690025
225088,1,1542,0.3333333333333333,inside,25.92309243856323,835333.2308138305,819210.4397716784
225088,2,142,0.3333333333333333,inside,69.82910119960901,835278.9652530269,819256.6637278078
225088,3,17,0.3333333333333333,inside,62.18201854764598,835291.253870852,819202.1150989739
226001,1,1688,0.3333333333333333,nearest,162.45788797541272,835896.257837891,819340.2193679437
226001,2,1704,0.3333333333333333,nearest,277.1313962912476,835985.9874467966,819763.8217277256
226001,3,26,0.3333333333333333,nearest,255.20797421403066,835752.1742035822,819628.6095908883
226002,1,815,0.3333333333333333,inside,63.45091064634191,835642.2562003478,819287.6617292172
226002,2,1280,0.3333333333333333,inside,87.48951884855953,835711.6606628448,819301.5341556896
226002,3,3,0.3333333333333333,inside,107.61859528358362,835633.9224879695,819331.3911547426
226003,1,1688,0.5,inside,85.59276507104956,835896.257837891,819340.2193679437
226003,2,1007,0.5,inside,204.6210059421038,835788.0446415462,819453.5591652308
226004,1,1006,0.3333333333333333,inside,113.26108492466295,836008.88223294,819210.4804742776
226004,2,405,0.3333333333333333,inside,198.0400795380146,836228.8205784806,819224.0766363757
226004,3,1004,0.3333333333333333,inside,232.0510547341346,836197.992181368,819133.8391302293
226005,1,801,1.0,inside,32.112673324292366,835675.4365441138,819101.5931280995
226006,1,922,0.3333333333333333,inside,35.86853905520341,835785.4527855183,818932.2430015395
226006,2,800,0.3333333333333333,inside,131.9871729757848,835686.5824900568,819033.944966637
226006,3,921,0.3333333333333333,inside,111.65754331780359,835789.4264039894,818814.1112747396
226007,1,966,0.3333333333333333,inside,95.79552850086203,835989.010076488,818812.2572066396
226007,2,1005,0.3333333333333333,inside,240.53535245063753,836075.7715895724,819135.4014818862
226007,3,1485,0.3333333333333333,inside,221.08306700103483,835848.2058342617,819069.5741930573
226008,1,1004,0.3333333333333333,inside,163.80570707023463,836197.992181368,819133.8391302293
226008,2,389,0.3333333333333333,inside,237.87036054132554,836486.1655989648,818857.0152811663
226008,3,768,0.3333333333333333,inside,229.5265571463679,836269.0453678782,819233.9873440219
226009,1,730,1.0,inside,82.44040069706836,835702.2677740698,818836.8701214563
226010,1,814,1.0,inside,53.382232104651216,835702.998945281,818825.929523224
226011,1,921,0.3333333333333333,nearest,79.4900881094765,835789.4264039894,818814.1112747396
226011,2,813,0.3333333333333333,nearest,125.3195298190384,835721.4561199286,818621.081080939
226011,3,964,0.3333333333333333,nearest,84.42724585107291,835821.6837509869,818683.6429105105
226012,1,806,0.3333333333333333,nearest,54.020032062124145,835717.3363276627,818671.2218112932
226012,2,1372,0.3333333333333333,nearest,154.18495713683808,835690.6039013716,818835.7632013139
226012,3,960,0.3333333333333333,nearest,133.144923243156,835830.5423049153,818584.8785532259
226013,1,808,0.3333333333333333,inside,31.819490011407645,835971.8307659295,818654.8041043509
226013,2,960,0.3333333333333333,inside,135.75332776956657,835830.5423049153,818584.8785532259
226013,3,964,0.3333333333333333,inside,121.22275176668133,835821.6837509869,818683.6429105105
226014,1,1282,0.3333333333333333,inside,81.95064796815285,836177.2483701863,818631.4919965167
226014,2,850,0.3333333333333333,inside,113.44593492270728,836256.5779369716,818717.3442276939
226014,3,1366,0.3333333333333333,inside,184.34821650526445,836283.7389717054,818586.3896077316
226015,1,849,0.3333333333333333,inside,96.89238173390565,836281.1114316317,818625.3349297871
226015,2,1571,0.3333333333333333,inside,115.71196011660402,836403.7984157571,818769.013588155
226015,3,418,0.3333333333333333,inside,113.13138808692632,836448.3542978243,818573.7226678415
226017,1,806,0.3333333333333333,inside,53.90420570043896,835717.3363276627,818671.2218112932
226017,2,962,0.3333333333333333,inside,62.835647474538035,835826.298345255,818629.3385757782
226017,3,813,0.3333333333333333,inside,55.97913894886904,835721.4561199286,818621.081080939
226018,1,804,0.3333333333333333,inside,58.00843138046493,835725.2669263424,818573.9744904916
226018,2,962,0.3333333333333333,inside,58.312012124760415,835826.298345255,818629.3385757782
226018,3,960,0.3333333333333333,inside,63.3702466458509,835830.5423049153,818584.8785532259
226019,1,803,0.5,inside,56.954776620338876,835732.3738437786,818492.4736568908
226019,2,804,0.5,inside,59.19119983713437,835725.2669263424,818573.9744904916
226020,1,990,0.3333333333333333,inside,216.28246485771453,836163.2395116832,819316.4406388708
226020,2,998,0.3333333333333333,inside,230.6025052597799,835972.1700886461,819717.4573848877
226020,3,1497,0.3333333333333333,inside,306.0620339217982,836238.5677165479,819251.804557172
226021,1,388,0.3333333333333333,inside,72.4942069054678,836524.9813588476,818760.2560538278
226021,2,767,0.3333333333333333,inside,307.80104749330974,836401.7042798443,819046.4478901195
226021,3,383,0.3333333333333333,inside,149.42331724474155,836672.9665342298,818678.4042912641
227001,1,96,0.3333333333333333,inside,55.78927186970986,835500.8987182531,820034.2741517909
227001,2,454,0.3333333333333333,inside,59.74474327766446,835557.4107857905,820043.3960198931
227001,3,1553,0.3333333333333333,inside,55.94761000871262,835547.9217494992,820042.7541926543
227002,1,454,1.0,inside,56.34632452725453,835557.4107857905,820043.3960198931
227003,1,98,0.3333333333333333,nearest,64.54416218275388,835634.8541799609,819949.4896895313
227003,2,452,0.3333333333333333,nearest,156.15682694661342,835789.2797248254,820085.986850252
227003,3,602,0.3333333333333333,nearest,163.50325208106167,835489.6787059018,820032.1596738654
227004,1,1379,1.0,inside,55.83060733947767,835728.3170534235,820075.8455322575
227005,1,453,0.5,inside,53.82232372511096,835735.930955574,820077.2073086273
227005,2,452,0.5,inside,55.67379780654755,835789.2797248254,820085.986850252
227006,1,674,1.0,inside,48.5204543097854,835829.9558491268,820094.346131509
227007,1,97,1.0,inside,55.5447593975995,835577.4762447398,819937.6656529556
227008,1,97,1.0,inside,52.05046859438828,835577.4762447398,819937.6656529556
227009,1,98,1.0,inside,62.49164143936416,835634.8541799609,819949.4896895313
227010,1,973,1.0,inside,68.67269823792613,835748.837026644,819971.9978569063
227011,1,974,0.3333333333333333,inside,46.546597222383724,835808.7801720981,819984.7083285602
227011,2,1639,0.3333333333333333,inside,86.09946916931243,835902.9990899668,819906.493961105
227011,3,564,0.3333333333333333,inside,49.24907042364531,835828.1677702663,819891.6463579063
227012,1,95,1.0,inside,71.00181010727019,835539.041178172,819833.7429153525
227013,1,88,1.0,inside,37.83668514257785,835596.6152860114,819845.600020823
227014,1,88,0.3333333333333333,nearest,91.62201851570849,835596.6152860114,819845.600020823
227014,2,566,0.3333333333333333,nearest,166.79517814402536,835847.9777047049,819786.492185933
227014,3,973,0.3333333333333333,nearest,155.5360685456447,835748.837026644,819971.9978569063
227015,1,27,0.3333333333333333,nearest,50.04155897178542,835768.2964239733,819879.5891449192
227015,2,1503,0.3333333333333333,nearest,159.82854091558403,835615.692255099,819742.0069476927
227015,3,98,0.3333333333333333,nearest,159.4425340746425,835634.8541799609,819949.4896895313
227016,1,1486,0.3333333333333333,inside,33.79292117031301,835838.13966455,819838.7259879546
227016,2,27,0.3333333333333333,inside,72.96501840359603,835768.2964239733,819879.5891449192
227016,3,37,0.3333333333333333,inside,35.186919211747885,835785.6132336032,819794.5776072155
227017,1,1646,0.3333333333333333,inside,42.18144947371628,835916.8561465112,819883.2504401435
227017,2,1486,0.3333333333333333,inside,51.54418185026226,835838.13966455,819838.7259879546
227017,3,564,0.3333333333333333,inside,50.68636578348012,835828.1677702663,819891.6463579063
227018,1,1486,1.0,inside,54.85609865268586,835838.13966455,819838.7259879546
227019,1,93,1.0,inside,47.00336301711979,835584.2613578466,819597.2448989785
227020,1,1503,0.5,inside,71.73551771762062,835615.692255099,819742.0069476927
227020,2,1509,0.5,inside,74.70758043255081,835641.8980891319,819608.1719957371
227021,1,26,0.3333333333333333,nearest,56.202369348723025,835752.1742035822,819628.6095908883
227021,2,610,0.3333333333333333,nearest,157.71921955366471,835557.2497987652,819674.7824919813
227021,3,566,0.3333333333333333,nearest,176.39803673337198,835847.9777047049,819786.492185933
227022,1,566,1.0,inside,45.31455231020283,835847.9777047049,819786.492185933
227023,1,994,1.0,inside,48.994355530393754,835838.3095298142,819645.3943671439
227024,1,589,0.3333333333333333,inside,25.762594445501932,835952.0994105741,819710.8469157914
227024,2,1354,0.3333333333333333,inside,106.2833278780274,835861.63610996,819650.3989522072
227024,3,1003,0.3333333333333333,inside,73.12702572222157,835950.10239283,819799.9108318044
227030,1,972,0.3333333333333333,inside,24.30545684288451,835910.5100314653,819907.9444128706
227030,2,674,0.3333333333333333,inside,199.0291627489069,835829.9558491268,820094.346131509
227030,3,1704,0.3333333333333333,inside,168.08641517971384,835985.9874467966,819763.8217277256
228025,1,795,1.0,inside,67.93972283764471,835268.0101012202,819377.409426589
228026,1,75,1.0,inside,50.557417549753964,835355.3930724122,819553.8596820455
228027,1,76,1.0,inside,49.53151805524316,835405.2923473583,819564.1883880864
228028,1,77,0.5,inside,52.20966709633264,835452.1622895763,819572.3913073593
228028,2,598,0.5,inside,53.37738367862831,835469.0344482494,819483.0165249071
228029,1,78,0.3333333333333333,inside,54.35087468598013,835512.8284206748,819584.5801423268
228029,2,594,0.3333333333333333,inside,55.217767509472885,835590.130290745,819506.9405595408
228029,3,603,0.3333333333333333,inside,54.906134516712825,835529.8863544052,819494.7846243402
228030,1,600,1.0,inside,42.15368404858215,835373.0064733434,819463.4217014334
228031,1,796,0.3333333333333333,nearest,38.79033981242844,835462.2817926833,819405.6355266101
228031,2,76,0.3333333333333333,nearest,129.71734241463136,835405.2923473583,819564.1883880864
228031,3,794,0.3333333333333333,nearest,135.0284189669373,835582.5333782618,819429.6592049294
228032,1,598,1.0,inside,45.41258987657808,835469.0344482494,819483.0165249071
228033,1,794,0.3333333333333333,inside,38.293879600111275,835582.5333782618,819429.6592049294
228033,2,603,0.3333333333333333,inside,47.43310673955904,835529.8863544052,819494.7846243402
228033,3,594,0.3333333333333333,inside,48.86804496201322,835590.130290745,819506.9405595408
228034,1,1020,0.3333333333333333,inside,28.70107975726253,835357.3689921933,819337.4730663022
228034,2,710,0.3333333333333333,inside,60.448655306237264,835298.5947783804,819279.7617324579
228034,3,1021,0.3333333333333333,inside,59.207636475754775,835285.9685729792,819372.314495602
228035,1,607,0.5,inside,51.69297388307173,835404.8861441986,819298.3478380573
228035,2,79,0.5,inside,53.403447241612604,835386.5718808742,819391.2662604289
228036,1,796,0.3333333333333333,inside,48.9193097733924,835462.2817926833,819405.6355266101
228036,2,608,0.3333333333333333,inside,50.00473386769685,835453.199440506,819307.9459346225
228036,3,80,0.3333333333333333,inside,51.640226433396094,835436.5334146189,819400.421274792
228037,1,596,0.5,inside,52.89224233280419,835501.0180787374,819316.846577698
228037,2,81,0.5,inside,55.39026761818255,835483.6099567154,819409.7316226476
228038,1,1596,0.5,inside,52.610692971835014,835561.3450909087,819327.596065814
228038,2,590,0.5,inside,52.89066304885091,835621.7647854191,819339.1984406565
229001,1,687,0.3333333333333333,inside,28.41736905100831,835177.1316404861,819929.3501549464
229001,2,161,0.3333333333333333,inside,46.1332808106195,835229.0829417107,819981.9677275766
229001,3,140,0.3333333333333333,inside,39.860130859196026,835167.8823641727,819969.5142696557
229002,1,161,0.5,inside,44.14019311614379,835229.0829417107,819981.9677275766
229002,2,89,0.5,inside,45.147421892372314,835271.6554007024,819990.5358168473
229003,1,670,0.3333333333333333,nearest,53.80544051929648,835189.5318156066,819861.9783228702
229003,2,89,0.3333333333333333,nearest,103.11059041886736,835271.6554007024,819990.5358168473
229003,3,671,0.3333333333333333,nearest,122.03029118597509,835283.8720946781,819785.255121835
229004,1,89,1.0,inside,53.96331131553371,835271.6554007024,819990.5358168473
229007,1,602,1.0,inside,59.840690488628624,835489.6787059018,820032.1596738654
229008,1,670,1.0,inside,65.28824104105394,835189.5318156066,819861.9783228702
229009,1,84,0.3333333333333333,nearest,54.06171497509268,835311.4950779307,819790.8897995333
229009,2,89,0.3333333333333333,nearest,156.32943237241926,835271.6554007024,819990.5358168473
229009,3,87,0.3333333333333333,nearest,141.95299982843437,835464.765688398,819822.041900867
229010,1,85,0.3333333333333333,nearest,19.375542476463966,835359.3432569158,819800.3990497619
229010,2,592,0.3333333333333333,nearest,163.25557381270372,835528.1195269641,819825.5269166472
229010,3,162,0.3333333333333333,nearest,166.72667639876397,835205.2996086176,819771.030868885
229011,1,87,0.3333333333333333,nearest,14.26639920552109,835464.765688398,819822.041900867
229011,2,671,0.3333333333333333,nearest,173.8242223039514,835283.8720946781,819785.255121835
229011,3,549,0.3333333333333333,nearest,173.73141619212652,835497.2330748116,819660.9545779764
229012,1,87,0.3333333333333333,nearest,60.64346333993977,835464.765688398,819822.041900867
229012,2,96,0.3333333333333333,nearest,156.45200793545348,835500.8987182531,820034.2741517909
229012,3,98,0.3333333333333333,nearest,163.9781158169977,835634.8541799609,819949.4896895313
229013,1,1022,0.3333333333333333,inside,69.71347406059262,835255.3939401105,819779.7312833277
229013,2,162,0.3333333333333333,inside,83.51636444028911,835205.2996086176,819771.030868885
229013,3,671,0.3333333333333333,inside,77.7743599192564,835283.8720946781,819785.255121835
229014,1,84,1.0,inside,53.86636405538704,835311.4950779307,819790.8897995333
229015,1,85,1.0,inside,55.21908145504698,835359.3432569158,819800.3990497619
229016,1,86,0.5,inside,63.196706100344755,835405.2131894208,819810.0192910888
229016,2,87,0.5,inside,65.64792747567404,835464.765688398,819822.041900867
229017,1,592,0.5,inside,62.71151783768508,835528.1195269641,819825.5269166472
229017,2,87,0.5,inside,71.18726559277899,835464.765688398,819822.041900867
229018,1,675,0.3333333333333333,inside,19.263809514029074,835295.8940348119,819590.9593704458
229018,2,163,0.3333333333333333,inside,76.34774281053798,835223.9610288765,819653.8945047287
229018,3,1283,0.3333333333333333,inside,67.61181364901182,835228.6429315766,819562.9699877175
229019,1,164,0.5,inside,69.7230349137891,835330.0138363204,819687.1856808821
229019,2,75,0.5,inside,73.64410170048653,835355.3930724122,819553.8596820455
229022,1,166,0.5,inside,41.07868664237291,835485.2944661548,819716.7211351483
229022,2,610,0.5,inside,42.28256968169712,835557.2497987652,819674.7824919813
229023,1,168,0.5,inside,47.37355403195419,835436.2478797466,819649.6959908542
229023,2,77,0.5,inside,48.64323451088238,835452.1622895763,819572.3913073593
229024,1,549,0.3333333333333333,inside,48.824271045679694,835497.2330748116,819660.9545779764
229024,2,611,0.3333333333333333,inside,50.11570283088157,835572.6289902324,819596.8910606834
229024,3,610,0.3333333333333333,inside,50.52336213663749,835557.2497987652,819674.7824919813
229041,1,165,0.5,inside,38.318193836294064,835425.3088927548,819705.5511280423
229041,2,166,0.5,inside,41.676504223977425,835485.2944661548,819716.7211351483
229042,1,76,1.0,inside,48.299599146329896,835405.2923473583,819564.1883880864
229043,1,90,1.0,inside,25.283180741750403,835320.7290656338,820000.4213697936
229044,1,91,0.3333333333333333,inside,107.52918955510837,835367.2578284325,820010.1632691895
229044,2,92,0.3333333333333333,inside,118.30718299248241,835422.9870861872,820020.1816444427
229044,3,693,0.3333333333333333,inside,109.25353190291099,835394.674277432,820014.9897446524
231001,1,1415,0.3333333333333333,inside,57.18919126438688,836080.2121384738,820859.9057548253
231001,2,982,0.3333333333333333,inside,89.51260557362349,836207.8895356965,820799.8422298629
231001,3,980,0.3333333333333333,inside,109.27310012257932,836017.7268699515,820782.2926123098
231002,1,983,0.3333333333333333,inside,34.48976143786971,836350.0116326134,820804.482158415
231002,2,1520,0.3333333333333333,inside,136.34473176213876,836204.8402884408,820872.4731824067
231002,3,1711,0.3333333333333333,inside,124.47839117181255,836219.1189580467,820717.787729795
231003,1,718,0.3333333333333333,inside,53.483291171014145,836560.3960513315,820887.7351618774
231003,2,584,0.3333333333333333,inside,105.01067749178334,836438.4890938392,820790.6299828488
231003,3,307,0.3333333333333333,inside,103.34301591023431,836621.1388149124,820890.4826640497
231004,1,1522,0.3333333333333333,nearest,91.16174664129487,836787.5425450829,820898.3938493074
231004,2,33,0.3333333333333333,nearest,239.3606205977822,836471.1259723671,820885.0871510665
231004,3,1315,0.3333333333333333,nearest,244.84886660758002,836655.3788270411,821092.2755119553
231005,1,1522,1.0,inside,74.81840113207772,836787.5425450829,820898.3938493074
231006,1,535,0.5,inside,30.688500813791812,836978.2184296839,820907.4484827536
231006,2,527,0.5,inside,49.19546254787867,837026.8972047995,820905.5018660352
231007,1,1178,0.3333333333333333,inside,5.17452019079363,837126.7794968691,820890.3696493584
231007,2,1181,0.3333333333333333,inside,117.28446563167748,837236.941024508,820919.0011034914
231007,3,527,0.3333333333333333,inside,96.38833141147596,837026.8972047995,820905.5018660352
231008,1,980,0.3333333333333333,inside,93.44061918499632,836017.7268699515,820782.2926123098
231008,2,1710,0.3333333333333333,inside,106.9600476701572,836210.5576501187,820736.1918745768
231008,3,981,0.3333333333333333,inside,112.35846139138663,836208.0440348716,820789.3667197309
232001,1,898,0.3333333333333333,inside,120.81993357777482,836003.5934934928,820260.9315383754
232001,2,904,0.3333333333333333,inside,256.02206951681154,835934.1910225651,820126.5784421786
232001,3,903,0.3333333333333333,inside,224.49321990590647,835950.4186580745,820156.0556823199
232002,1,567,0.5,inside,137.73071393032617,836039.5768253038,820675.499674099
232002,2,308,0.5,inside,141.84368783868572,836025.6992832103,820672.3660865781
232004,1,439,0.3333333333333333,nearest,165.03275316995143,836273.3824975442,820222.8366305035
232004,2,898,0.3333333333333333,nearest,209.961906403316,836003.5934934928,820260.9315383754
232004,3,456,0.3333333333333333,nearest,187.99233393367965,836368.8065831829,820316.0534624853
232005,1,456,0.3333333333333333,nearest,127.36377413974508,836368.8065831829,820316.0534624853
232005,2,1326,0.3333333333333333,nearest,171.87143081501966,836420.6170975731,820519.3628592007
232005,3,613,0.3333333333333333,nearest,180.57157358980618,836296.841997685,820232.4595089765
232006,1,1573,0.3333333333333333,nearest,107.5888308304461,836403.1544312083,820488.2019372064
232006,2,873,0.3333333333333333,nearest,194.81182465655027,836331.1193664273,820253.5213614651
232006,3,576,0.3333333333333333,nearest,195.92578544107337,836410.5608713137,820610.851807325
232007,1,456,0.5,inside,153.41996401115642,836368.8065831829,820316.0534624853
232007,2,441,0.5,inside,185.77434448165315,836379.6247144537,820284.5716607497
232008,1,576,0.3333333333333333,inside,46.07423956228134,836410.5608713137,820610.851807325
232008,2,578,0.3333333333333333,inside,164.39231655836434,836368.6079831471,820736.9672834899
232008,3,1573,0.3333333333333333,inside,87.23929964450248,836403.1544312083,820488.2019372064
232009,1,613,0.3333333333333333,inside,41.982419246876105,836296.841997685,820232.4595089765
232009,2,440,0.3333333333333333,inside,61.12740859054494,836337.5379883025,820258.1833219173
232009,3,439,0.3333333333333333,inside,47.07095765653907,836273.3824975442,820222.8366305035
232010,1,615,0.5,inside,30.312044035900115,836100.5211286288,820160.1394943736
232010,2,591,0.5,inside,155.03245223566438,835959.3198492805,820131.3505954052
233001,1,581,0.3333333333333333,inside,32.37639866745508,836592.7890254941,820779.470421863
233001,2,585,0.3333333333333333,inside,189.52711596450257,836435.7289825546,820705.5081360074
233001,3,582,0.3333333333333333,inside,110.73940347850227,836506.980170116,820763.0358002242
233002,1,341,0.3333333333333333,inside,28.09175415614438,836903.4776917032,820836.37564036
233002,2,523,0.3333333333333333,inside,119.31746987991262,836802.0320996013,820770.8832471411
233002,3,243,0.3333333333333333,inside,119.95460345368778,836794.7467063711,820816.4060617728
233003,1,1177,0.5,inside,60.044389297006184,837035.9553331108,820858.2850014777
233003,2,350,0.5,inside,65.0865676228692,837129.3867629461,820876.6497545494
233007,1,1325,0.3333333333333333,inside,29.232891255128564,836426.6741037852,820608.515464963
233007,2,1723,0.3333333333333333,inside,101.02693245403663,836465.3820257639,820517.0490203293
233007,3,575,0.3333333333333333,inside,67.47405900830628,836427.1575800349,820679.1753172014
233010,1,1327,0.3333333333333333,inside,100.09513988214539,836397.046392671,820321.9115460137
233010,2,1723,0.3333333333333333,inside,115.7360228816822,836465.3820257639,820517.0490203293
233010,3,1324,0.3333333333333333,inside,100.41878027930996,836418.7525747061,820494.1485405847
233011,1,443,0.3333333333333333,inside,193.26136512783643,836639.9419903491,820410.0382230419
233011,2,1175,0.3333333333333333,inside,357.06813941301834,837040.3793519287,820772.4879170709
233011,3,444,0.3333333333333333,inside,223.78241165955714,836968.137708725,820563.494763334
234001,1,450,0.3333333333333333,inside,120.71317294550326,836416.1687331137,820278.282245341
234001,2,457,0.3333333333333333,inside,122.32054103727228,836443.3790102638,820224.1221914864
234001,3,571,0.3333333333333333,inside,132.30559855449462,836405.7835840319,820272.1363703706
234002,1,617,0.5,inside,54.58525575051875,836644.0737222774,820395.7092502125
234002,2,979,0.5,inside,121.14685611128154,836664.3833189645,820280.7892710499
234003,1,449,1.0,inside,114.06895584628444,836974.3919010551,820552.1779572705
234012,1,979,0.5,inside,105.6682871451607,836664.3833189645,820280.7892710499
234012,2,457,0.5,inside,122.50868128520837,836443.3790102638,820224.1221914864
234013,1,458,1.0,inside,49.1655045655631,836506.5473023182,820114.8721994162
234014,1,979,1.0,inside,62.3772072736349,836664.3833189645,820280.7892710499
234015,1,570,0.3333333333333333,inside,99.52528280027926,836933.8674344784,820413.8352508949
234015,2,569,0.3333333333333333,inside,128.69992591736138,836929.7046235559,820185.6994158827
234015,3,466,0.3333333333333333,inside,172.29860421968343,837026.1875955036,820460.1598453776
234016,1,569,0.5,inside,154.14572460858165,836929.7046235559,820185.6994158827
234016,2,465,0.5,inside,184.43855529047525,836922.1244504248,820121.5061899999
234021,1,455,0.3333333333333333,inside,65.83998192496608,836488.1876730939,820106.3453519971
234021,2,1526,0.3333333333333333,inside,337.35571106379587,836116.179496214,819950.9725957396
234021,3,616,0.3333333333333333,inside,177.86050527730268,836270.0444074076,820167.413911442
234022,1,572,0.3333333333333333,nearest,159.9663948159278,836504.5401399116,819992.2888746662
234022,2,616,0.3333333333333333,nearest,160.50360530117374,836270.0444074076,820167.413911442
234022,3,1381,0.3333333333333333,nearest,171.07329928741999,836362.9369499545,819856.9141931974
234023,1,413,0.3333333333333333,nearest,108.39001652380597,836366.6975070451,819866.0498270824
234023,2,1526,0.3333333333333333,nearest,190.01351708491964,836116.179496214,819950.9725957396
234023,3,415,0.3333333333333333,nearest,178.83959144412157,836478.2893371937,819907.521099962
234024,1,414,0.3333333333333333,inside,38.93707548170594,836376.7636262032,819861.5097761976
234024,2,412,0.3333333333333333,inside,55.23478986587724,836439.0766239398,819853.1277418211
234024,3,413,0.3333333333333333,inside,42.792930640323185,836366.6975070451,819866.0498270824
234025,1,459,0.3333333333333333,inside,67.0403487503151,836508.2701697419,819969.8319411777
234025,2,1518,0.3333333333333333,inside,164.55985314221272,836570.1845847222,819779.1590278738
234025,3,410,0.3333333333333333,inside,166.80694894581057,836444.1562544497,819834.247541092
234026,1,465,1.0,inside,153.74161911878141,836922.1244504248,820121.5061899999
235001,1,901,1.0,inside,63.84179728224381,835979.2763921975,820123.8756260338
235002,1,464,0.3333333333333333,inside,32.9936812215835,836093.4311006409,820008.4441234405
235002,2,1551,0.3333333333333333,inside,119.58523606704063,836044.11264459,820137.6278246535
235002,3,462,0.3333333333333333,inside,69.33426602015781,836062.3893152423,820088.7714322823
235003,1,464,1.0,inside,48.337850648883816,836093.4311006409,820008.4441234405
235004,1,1483,0.3333333333333333,inside,102.68303550453058,836100.0882904285,820148.9110008446
235004,2,614,0.3333333333333333,inside,162.66841417196812,836295.5438790355,820215.0963047518
235004,3,1526,0.3333333333333333,inside,159.58761588935855,836116.179496214,819950.9725957396
235005,1,1275,0.3333333333333333,nearest,57.68428951614993,836079.2320261758,819874.0345442112
235005,2,1639,0.3333333333333333,nearest,121.9810317661496,835902.9990899668,819906.493961105
235005,3,1003,0.3333333333333333,nearest,116.75294298631393,835950.10239283,819799.9108318044
235006,1,601,1.0,inside,129.03411925270868,836041.0893467371,819819.1992407055
235007,1,996,0.3333333333333333,inside,78.2459802442613,836275.1343811213,819685.5852319922
235007,2,448,0.3333333333333333,inside,217.7364544958026,836125.8848340899,819941.0063865894
235007,3,409,0.3333333333333333,inside,165.21187543181077,836372.8485273262,819852.4627265605
235010,1,406,0.5,inside,108.60532014626713,836250.3446026322,819284.415878413
235010,2,411,0.5,inside,205.63482030875844,836302.664709583,819589.6115721397
235012,1,996,0.3333333333333333,nearest,81.65806778784082,836275.1343811213,819685.5852319922
235012,2,601,0.3333333333333333,nearest,257.3983094468466,836041.0893467371,819819.1992407055
235012,3,993,0.3333333333333333,nearest,182.33434820291222,836380.2483874927,819551.8293082601
235013,1,990,0.3333333333333333,nearest,68.46638117667263,836163.2395116832,819316.4406388708
235013,2,1238,0.3333333333333333,nearest,206.16667630592647,836305.611545805,819549.1934424738
235013,3,404,0.3333333333333333,nearest,209.20721221598407,836279.0191731155,819192.9934096116
236008,1,768,0.3333333333333333,inside,72.85831810826606,836269.0453678782,819233.9873440219
236008,2,899,0.3333333333333333,inside,333.11128584407345,836331.3387525998,819560.4773915143
236008,3,1238,0.3333333333333333,inside,323.67752199431,836305.611545805,819549.1934424738
236009,1,991,1.0,inside,163.48754852785345,836488.5790024302,819407.4657863162
236010,1,460,0.3333333333333333,inside,198.4841820617381,836774.9816850058,819402.1019441955
236010,2,991,0.3333333333333333,inside,254.93545868050694,836488.5790024302,819407.4657863162
236010,3,362,0.3333333333333333,inside,336.8031013153903,836606.0957295287,819561.7323213553
236011,1,358,0.5,inside,85.5731870028966,836882.4331628933,819201.1779368407
236011,2,1333,0.5,inside,133.05878260206475,836790.9841223275,819363.400736194
236015,1,358,1.0,inside,144.02252399818107,836882.4331628933,819201.1779368407
236019,1,1434,0.3333333333333333,inside,58.96060291633129,836816.2885377321,818803.7934251017
236019,2,504,0.3333333333333333,inside,134.60332720600013,836911.0908817025,818865.132942584
236019,3,1365,0.3333333333333333,inside,114.6006146718904,836892.0810386556,818852.2758827832
236020,1,364,0.3333333333333333,inside,34.92597949141894,837006.0155625349,818938.1887630618
236020,2,363,0.3333333333333333,inside,75.82860252347496,836925.5260454777,818873.2946859312
236020,3,369,0.3333333333333333,inside,62.00245378227355,836955.535409083,818993.6312230751
236021,1,369,1.0,inside,33.30592553015218,836955.535409083,818993.6312230751
236022,1,1278,0.5,inside,51.90948395456351,837023.041527624,819061.0827930379
236022,2,498,0.5,inside,71.54956046019424,837007.0701573007,819077.9358213372
236023,1,993,0.3333333333333333,inside,94.1933377575197,836380.2483874927,819551.8293082601
236023,2,991,0.3333333333333333,inside,129.80672543816252,836488.5790024302,819407.4657863162
236023,3,995,0.3333333333333333,inside,127.05546634740645,836525.5845473282,819652.0902112159
236024,1,997,0.3333333333333333,inside,32.77199008353772,836543.9646643017,819695.7864193583
236024,2,417,0.3333333333333333,inside,238.875296127471,836312.1643230647,819581.1293267638
236024,3,32,0.3333333333333333,inside,234.81227951522635,836698.0542069206,819493.7989322562
237001,1,1289,0.3333333333333333,inside,13.331419429410847,836764.3625605059,819928.511906004
237001,2,1518,0.3333333333333333,inside,233.34018798597316,836570.1845847222,819779.1590278738
237001,3,1588,0.3333333333333333,inside,231.78437497724153,836687.8276067155,819703.452518391
237002,1,465,0.3333333333333333,nearest,77.7324356752756,836922.1244504248,820121.5061899999
237002,2,1137,0.3333333333333333,nearest,344.6060384346163,837250.7906413395,820057.0870787634
237002,3,979,0.3333333333333333,nearest,337.6085778441346,836664.3833189645,820280.7892710499
237003,1,902,0.5,inside,136.9687809405072,836763.5519195067,819505.7713132278
237003,2,463,0.5,inside,221.68791193969747,836787.5928970766,819405.2250800789
237004,1,1130,0.3333333333333333,nearest,224.22481596048283,837251.5859910402,819701.0973374599
237004,2,1588,0.3333333333333333,nearest,347.3621490516073,836687.8276067155,819703.452518391
237004,3,1289,0.3333333333333333,nearest,323.0891932296086,836764.3625605059,819928.511906004
237005,1,1333,0.5,inside,204.78292458902376,836790.9841223275,819363.400736194
237005,2,463,0.5,inside,229.59896121442154,836787.5928970766,819405.2250800789
241001,1,1170,0.3333333333333333,inside,97.46237983155896,837489.2382821089,820622.2940630682
241001,2,30,0.3333333333333333,inside,131.33122634270939,837396.3857425371,820420.7497864973
241001,3,1171,0.3333333333333333,inside,106.57462766302513,837440.4223459704,820654.370147825
241002,1,1633,0.5,inside,55.68796012907343,837530.6665026676,820602.1104407706
241002,2,487,0.5,inside,56.557825442629166,837497.2956829955,820612.1846177421
241003,1,1169,1.0,inside,62.28223462363245,837552.282106156,820592.290046074
241004,1,491,0.3333333333333333,inside,55.7017737800451,837406.9154489572,820415.8782296265
241004,2,1168,0.3333333333333333,inside,63.410215390110224,837453.0434198409,820513.6493894082
241004,3,1519,0.3333333333333333,inside,60.27807239157263,837458.7914519501,820390.5460276165
241005,1,324,0.5,inside,56.19316850398001,837504.8469250426,820489.9229866564
241005,2,1519,0.5,inside,66.86830018308194,837458.7914519501,820390.5460276165
241006,1,1414,0.3333333333333333,inside,31.10022855223052,837410.541249178,820286.4185349679
241006,2,491,0.3333333333333333,inside,102.92932113964667,837406.9154489572,820415.8782296265
241006,3,1475,0.3333333333333333,inside,108.32393383093361,837376.4550487623,820206.9417568065
241007,1,1414,0.3333333333333333,inside,47.87404677630855,837410.541249178,820286.4185349679
241007,2,1519,0.3333333333333333,inside,81.56032819822289,837458.7914519501,820390.5460276165
241007,3,1505,0.3333333333333333,inside,60.74666376951144,837457.7102659763,820248.6836986871
241008,1,1505,1.0,inside,98.6312272249684,837457.7102659763,820248.6836986871
241009,1,522,0.5,inside,78.15562085277337,837622.0360430232,820175.7783918268
241009,2,1506,0.5,inside,79.01882592384715,837573.2914956849,820196.6366250052
241010,1,1475,0.3333333333333333,inside,37.84449736280932,837376.4550487623,820206.9417568065
241010,2,1505,0.3333333333333333,inside,54.37218593085988,837457.7102659763,820248.6836986871
241010,3,895,0.3333333333333333,inside,100.91362733271377,837377.2234064996,820123.9350824633
241011,1,1505,1.0,inside,88.80522522310113,837457.7102659763,820248.6836986871
241012,1,353,0.3333333333333333,nearest,46.58948455488896,837602.4272654149,820084.6420368637
241012,2,1143,0.3333333333333333,nearest,201.20799087635686,837363.9949303813,820117.8769524762
241012,3,396,0.3333333333333333,nearest,197.96960117833677,837580.7952071438,819915.2161309458
241013,1,1130,0.3333333333333333,inside,144.29197677496586,837251.5859910402,819701.0973374599
241013,2,1299,0.3333333333333333,inside,284.5015867876554,837171.4647491155,820119.3151365388
241013,3,1137,0.3333333333333333,inside,226.13852568031834,837250.7906413395,820057.0870787634
241014,1,893,0.3333333333333333,inside,23.55752174156039,837298.3968065567,820112.2581971277
241014,2,1137,0.3333333333333333,inside,68.27825706210822,837250.7906413395,820057.0870787634
241014,3,1382,0.3333333333333333,inside,58.50181534711733,837364.0673807313,820113.2150270947
241015,1,1133,0.5,inside,74.64422282088485,837375.3152066158,820010.1882767994
241015,2,497,0.5,inside,86.1380482065725,837377.2754859357,820116.0507761185
241016,1,354,0.3333333333333333,nearest,76.29931185017844,837583.1852795518,820039.2613169202
241016,2,884,0.3333333333333333,nearest,194.2423439741513,837329.546206484,820057.5352198913
241016,3,467,0.3333333333333333,nearest,162.31880440655408,837633.3942797025,819890.991932755
241017,1,1137,0.5,inside,216.4522538147632,837250.7906413395,820057.0870787634
241017,2,1138,0.5,inside,216.51978735003658,837306.817952862,820057.4007959352
241018,1,884,0.5,inside,97.40049805467028,837329.546206484,820057.5352198913
241018,2,1138,0.5,inside,101.97289970450531,837306.817952862,820057.4007959352
241019,1,1133,1.0,inside,80.07331116788284,837375.3152066158,820010.1882767994
241020,1,396,0.3333333333333333,nearest,125.79383456084986,837580.7952071438,819915.2161309458
241020,2,483,0.3333333333333333,nearest,233.62413049421983,837309.3969536044,819702.5960374394
241020,3,1138,0.3333333333333333,nearest,232.9515629728403,837306.817952862,820057.4007959352
241021,1,1129,0.3333333333333333,nearest,141.3335805418702,837364.8175467802,819704.4380602587
241021,2,1137,0.3333333333333333,nearest,231.37679192696243,837250.7906413395,820057.0870787634
241021,3,1133,0.3333333333333333,nearest,170.3525251848321,837375.3152066158,820010.1882767994
241022,1,1129,0.3333333333333333,nearest,68.4931969003807,837364.8175467802,819704.4380602587
241022,2,1131,0.3333333333333333,nearest,186.1080874222371,837584.2538180206,819710.4237533686
241022,3,1128,0.3333333333333333,nearest,182.58050652082713,837481.6640491538,819594.3544042733
241023,1,1129,0.5,inside,53.83817676997052,837364.8175467802,819704.4380602587
241023,2,483,0.5,inside,59.00944216233969,837309.3969536044,819702.5960374394
241024,1,1672,0.3333333333333333,inside,33.416129181004706,837309.4938130854,819641.2047612891
241024,2,1130,0.3333333333333333,inside,51.66553621965318,837251.5859910402,819701.0973374599
241024,3,483,0.3333333333333333,inside,52.39280364710991,837309.3969536044,819702.5960374394
241025,1,1672,0.3333333333333333,inside,35.619775016555444,837309.4938130854,819641.2047612891
241025,2,1129,0.3333333333333333,inside,52.873254231893554,837364.8175467802,819704.4380602587
241025,3,1575,0.3333333333333333,inside,44.96268844210546,837367.0387147978,819620.0916456738
241026,1,304,1.0,inside,140.275911032152,837204.8534679041,819317.2550356572
241028,1,472,0.3333333333333333,inside,37.953963008628044,837366.5555069685,819605.3860525488
241028,2,883,0.3333333333333333,inside,41.032058268829694,837302.6064468666,819559.2496011663
241028,3,885,0.3333333333333333,inside,38.74105122194942,837362.2010274458,819551.8123323309
241029,1,885,0.5,inside,42.82720975469881,837362.2010274458,819551.8123323309
241029,2,883,0.5,inside,47.21375000526131,837302.6064468666,819559.2496011663
241031,1,525,0.3333333333333333,nearest,97.38650594996855,837292.0918339381,819327.7249819305
241031,2,885,0.3333333333333333,nearest,140.6191146103197,837362.2010274458,819551.8123323309
241031,3,1684,0.3333333333333333,nearest,183.53602612697574,837468.6702380595,819346.9833403267
241032,1,469,0.5,inside,57.47526130408828,837249.7471455662,819290.8365453192
241032,2,304,0.5,inside,61.18804381398523,837204.8534679041,819317.2550356572
241033,1,883,0.3333333333333333,nearest,59.44060923867859,837302.6064468666,819559.2496011663
241033,2,304,0.3333333333333333,nearest,221.60411288504304,837204.8534679041,819317.2550356572
241033,3,1129,0.3333333333333333,nearest,205.894410895096,837364.8175467802,819704.4380602587
242001,1,890,0.3333333333333333,inside,91.0694618582093,837754.9021439992,820492.3257705118
242001,2,492,0.3333333333333333,inside,101.19572005327691,837613.1625124271,820563.6259881115
242001,3,1350,0.3333333333333333,inside,99.01514804457257,837735.8296927339,820407.4568516568
242002,1,1692,0.3333333333333333,inside,93.83580002057874,837858.4586153514,820447.3002367717
242002,2,1470,0.3333333333333333,inside,171.30545045830377,838075.7435675913,820345.1380491616
242002,3,1350,0.3333333333333333,inside,174.83968340881438,837735.8296927339,820407.4568516568
242003,1,1512,0.5,inside,75.5698513520197,837512.9855895931,820367.0523820147
242003,2,325,0.5,inside,86.38359892881813,837558.7524120838,820465.222466533
242004,1,888,0.5,inside,41.651099535108074,837717.5356471414,820369.5617058334
242004,2,322,0.5,inside,57.15377653335762,837726.1573731515,820387.1250423191
242005,1,888,0.3333333333333333,inside,24.954923079932822,837717.5356471414,820369.5617058334
242005,2,1516,0.3333333333333333,inside,77.32227580740451,837681.1950809953,820288.0022276947
242005,3,322,0.3333333333333333,inside,39.35912188610744,837726.1573731515,820387.1250423191
242006,1,1166,0.5,inside,55.96971640997562,837762.8057213905,820370.4961791415
242006,2,1156,0.5,inside,55.974210576438765,837717.0400252449,820271.0742013246
242007,1,1165,0.3333333333333333,inside,56.02948947714081,837787.1212596534,820359.1371614193
242007,2,1153,0.3333333333333333,inside,56.739559313754185,837765.2798587808,820248.5221274537
242007,3,1154,0.3333333333333333,inside,56.1000167663349,837741.2629561459,820259.7593982596
242008,1,1153,0.3333333333333333,inside,56.121373798667676,837765.2798587808,820248.5221274537
242008,2,1163,0.3333333333333333,inside,56.51584035984238,837835.5566795138,820336.5299554032
242008,3,1164,0.3333333333333333,inside,56.222789016462485,837811.107129345,820347.9442511149
242009,1,1163,0.3333333333333333,inside,56.05269318782739,837835.5566795138,820336.5299554032
242009,2,1152,0.3333333333333333,inside,56.141978673246605,837789.5337705894,820237.1852559147
242009,3,1162,0.3333333333333333,inside,56.42729032331497,837859.5014068689,820325.3481893358
242010,1,1162,0.3333333333333333,inside,56.15442724049537,837859.5014068689,820325.3481893358
242010,2,1149,0.3333333333333333,inside,56.66955628880211,837837.7532078341,820214.6444791782
242010,3,1161,0.3333333333333333,inside,56.28543969448136,837883.6007170206,820314.1000355593
242011,1,1149,0.3333333333333333,inside,56.11899286570178,837837.7532078341,820214.6444791782
242011,2,1160,0.3333333333333333,inside,56.46651121216808,837907.772186129,820302.8076330192
242011,3,1161,0.3333333333333333,inside,56.507839407856586,837883.6007170206,820314.1000355593
242012,1,1160,0.3333333333333333,inside,56.15179697081504,837907.772186129,820302.8076330192
242012,2,1147,0.3333333333333333,inside,56.62725586156528,837885.7564149639,820192.203491181
242012,3,1148,0.3333333333333333,inside,56.24579671961031,837861.8320692956,820203.3852173863
242013,1,1158,0.3333333333333333,inside,56.29523389199353,837955.7443091277,820280.4111497041
242013,2,1147,0.3333333333333333,inside,56.30650357451232,837885.7564149639,820192.203491181
242013,3,1146,0.3333333333333333,inside,56.633545772077106,837910.1444466929,820180.8003816329
242014,1,1146,0.3333333333333333,inside,56.133244246425875,837910.1444466929,820180.8003816329
242014,2,1157,0.3333333333333333,inside,56.466089217042516,837980.0601282772,820269.0635083058
242014,3,1158,0.3333333333333333,inside,56.6767969913166,837955.7443091277,820280.4111497041
242015,1,1144,0.3333333333333333,inside,55.864038152896484,837953.9750324859,820159.9315962396
242015,2,1157,0.3333333333333333,inside,56.42621832634316,837980.0601282772,820269.0635083058
242015,3,1155,0.3333333333333333,inside,56.533791537598034,838004.839633635,820257.4944875926
242016,1,484,0.3333333333333333,inside,38.87573025616028,838034.7502693125,820243.3238247725
242016,2,889,0.3333333333333333,inside,55.248882875137475,837997.3190092415,820161.3980692166
242016,3,1155,0.3333333333333333,inside,41.84633200019866,838004.839633635,820257.4944875926
242018,1,1153,0.3333333333333333,inside,89.64483406929418,837765.2798587808,820248.5221274537
242018,2,1353,0.3333333333333333,inside,159.86029564862451,837883.4653293357,820031.4939921472
242018,3,1144,0.3333333333333333,inside,161.07432620255994,837953.9750324859,820159.9315962396
242028,1,1301,0.3333333333333333,inside,37.000807807975235,837829.5475923647,820055.4625251337
242028,2,1134,0.3333333333333333,inside,50.57904044693728,837874.5026917261,820022.5567716927
242028,3,1135,0.3333333333333333,inside,42.503636619183155,837864.9819600186,820030.3515094278
242030,1,396,1.0,inside,48.25563756815525,837580.7952071438,819915.2161309458
242032,1,396,0.5,inside,32.46719768523037,837580.7952071438,819915.2161309458
242032,2,467,0.5,inside,33.175931355001666,837633.3942797025,819890.991932755
242034,1,29,0.3333333333333333,inside,63.11953337328141,837711.5874062619,819854.9770350176
242034,2,481,0.3333333333333333,inside,84.63128749452942,837650.298431497,819926.1516885723
242034,3,467,0.3333333333333333,inside,103.2419044155914,837633.3942797025,819890.991932755
242037,1,426,0.5,inside,68.55730858114605,837808.842229751,819812.7079071433
242037,2,473,0.5,inside,74.86987155413735,837783.8035372129,819834.985251057
242038,1,396,0.3333333333333333,nearest,86.80622275449123,837580.7952071438,819915.2161309458
242038,2,1129,0.3333333333333333,nearest,215.0174521856306,837364.8175467802,819704.4380602587
242038,3,1133,0.3333333333333333,nearest,209.364027339793,837375.3152066158,820010.1882767994
242039,1,396,0.3333333333333333,nearest,70.70745764324069,837580.7952071438,819915.2161309458
242039,2,1574,0.3333333333333333,nearest,179.90521292319264,837627.1184058287,819671.1720245463
242039,3,473,0.3333333333333333,nearest,204.99739102801436,837783.8035372129,819834.985251057
242040,1,1132,0.3333333333333333,nearest,59.63304211256275,837560.0705196614,819731.793503648
242040,2,426,0.3333333333333333,nearest,206.09499158611402,837808.842229751,819812.7079071433
242040,3,481,0.3333333333333333,nearest,164.1410746117905,837650.298431497,819926.1516885723
242041,1,486,0.3333333333333333,inside,19.299137003534717,837696.4836007495,819737.9401799615
242041,2,426,0.3333333333333333,inside,116.69080736332388,837808.842229751,819812.7079071433
242041,3,489,0.3333333333333333,inside,96.63387582603511,837718.8413189664,819849.0423347057
242043,1,1132,0.3333333333333333,nearest,92.14713808637607,837560.0705196614,819731.793503648
242043,2,483,0.3333333333333333,nearest,176.45678973365347,837309.3969536044,819702.5960374394
242043,3,396,0.3333333333333333,nearest,183.78848125837274,837580.7952071438,819915.2161309458
242044,1,1576,0.3333333333333333,nearest,59.337606970750514,837388.921427775,819638.3976491943
242044,2,1131,0.3333333333333333,nearest,154.0766885163051,837584.2538180206,819710.4237533686
242044,3,493,0.3333333333333333,nearest,105.11622428929881,837490.8961749127,819588.9623541121
242045,1,1128,0.3333333333333333,inside,71.71726783451557,837481.6640491538,819594.3544042733
242045,2,1132,0.3333333333333333,inside,88.82254791829426,837560.0705196614,819731.793503648
242045,3,1131,0.3333333333333333,inside,92.88677962770755,837584.2538180206,819710.4237533686
242046,1,427,0.3333333333333333,inside,66.11905428920554,837543.9499627351,819559.7769862956
242046,2,480,0.3333333333333333,inside,102.39158405819549,837591.889107552,819702.8390810053
242046,3,493,0.3333333333333333,inside,105.75437889954429,837490.8961749127,819588.9623541121
242048,1,1127,1.0,inside,103.49909662170614,837717.8766304228,819588.18464349
242049,1,1576,1.0,inside,88.96289421250437,837388.921427775,819638.3976491943
242050,1,428,0.5,inside,28.042166474770305,837515.8777778952,819507.6740604101
242050,2,1507,0.5,inside,122.50380184703813,837653.3861895762,819500.4215554921
242053,1,353,0.3333333333333333,inside,83.92574806543368,837602.4272654149,820084.6420368637
242053,2,481,0.3333333333333333,inside,109.65767535166236,837650.298431497,819926.1516885723
242053,3,1300,0.3333333333333333,inside,98.95698908799615,837733.5603745822,820109.5027514934
243001,1,525,1.0,inside,71.73190840840135,837292.0918339381,819327.7249819305
243002,1,490,0.3333333333333333,inside,50.37973697883931,837266.4701828117,819282.1892437608
243002,2,1605,0.3333333333333333,inside,60.78730378022371,837371.3090899434,819262.9617628101
243002,3,533,0.3333333333333333,inside,54.90506415886153,837370.5338288493,819298.097792661
243003,1,469,0.5,inside,62.370283853059014,837249.7471455662,819290.8365453192
243003,2,304,0.5,inside,65.01645096833698,837204.8534679041,819317.2550356572
243004,1,356,0.3333333333333333,inside,90.86304346950514,837092.7164539414,819022.6171672378
243004,2,1525,0.3333333333333333,inside,111.92730031447137,837190.322879534,819190.8174132233
243004,3,1278,0.3333333333333333,inside,101.66538366221614,837023.041527624,819061.0827930379
243005,1,490,1.0,inside,69.71815093753008,837266.4701828117,819282.1892437608
243006,1,1488,0.5,inside,46.99899689087341,837344.2125428187,819240.768644733
243006,2,1527,0.5,inside,63.97660479375264,837372.3402024237,819252.2095080039
243007,1,485,0.3333333333333333,nearest,34.676939884054796,837291.630918793,819130.5066601855
243007,2,469,0.3333333333333333,nearest,132.86960628943245,837249.7471455662,819290.8365453192
243007,3,1527,0.3333333333333333,nearest,135.01852017992024,837372.3402024237,819252.2095080039
243008,1,1205,0.5,inside,30.415648432677504,837218.0961685799,819103.7484996242
243008,2,496,0.5,inside,66.48306252837382,837167.660059307,819106.7574649501
243009,1,1204,0.3333333333333333,inside,18.740582494801263,837189.7540286152,819054.0934069406
243009,2,1205,0.3333333333333333,inside,38.454416275616786,837218.0961685799,819103.7484996242
243009,3,1202,0.3333333333333333,inside,35.26481974085696,837181.5326068986,819039.7527938432
243010,1,485,1.0,inside,42.77739740106483,837291.630918793,819130.5066601855
243011,1,1203,1.0,inside,68.03101813010498,837203.9838506042,819044.8700723292
243013,1,1729,0.3333333333333333,inside,41.450148084345706,837117.9116589675,818970.4736302039
243013,2,1089,0.3333333333333333,inside,56.918416947161035,837129.4685106167,819039.4840439156
243013,3,359,0.3333333333333333,inside,55.64264687921778,837159.489033597,818933.2137951711
243014,1,1087,1.0,inside,128.50311655156625,837336.836021797,818931.187510492
243015,1,1088,0.3333333333333333,nearest,48.441265836815624,837374.1832387547,818981.7072347312
243015,2,1205,0.3333333333333333,nearest,159.88875242425718,837218.0961685799,819103.7484996242
243015,3,882,0.3333333333333333,nearest,154.70636792974224,837349.0705338595,818873.1966799892
243019,1,361,0.3333333333333333,inside,51.43834515583266,837139.0156633351,818932.6589561326
243019,2,373,0.3333333333333333,inside,73.34539360006471,837025.4384951679,818927.7363616776
243019,3,1730,0.3333333333333333,inside,61.799693289534346,837112.9043978647,818964.7483796215
243020,1,1087,1.0,inside,58.44621575000176,837336.836021797,818931.187510492
243021,1,1087,0.3333333333333333,nearest,49.1989011540115,837336.836021797,818931.187510492
243021,2,1204,0.3333333333333333,nearest,143.58352865011545,837189.7540286152,819054.0934069406
243021,3,375,0.3333333333333333,nearest,138.84305122842625,837368.0622711922,818845.1600326777
243023,1,1603,0.5,inside,15.84642350818344,837373.4659883326,818925.6090610867
243023,2,517,0.5,inside,44.89113054046376,837369.0176904375,818884.9359465908
243024,1,880,0.5,inside,53.53451906123641,836886.7172600272,818740.9099516474
243024,2,1079,0.5,inside,90.26629325268668,836884.8662321563,818649.4099470469
243025,1,1086,1.0,inside,21.62149512892696,836873.556958745,818800.7060733347
243026,1,881,0.5,inside,26.823591379341657,836910.4145523993,818775.8144414276
243026,2,1086,0.5,inside,41.20296481267344,836873.556958745,818800.7060733347
243027,1,374,0.3333333333333333,inside,33.210300659038055,836991.6771295128,818846.8542360313
243027,2,1694,0.3333333333333333,inside,38.32370538040162,836944.7943550736,818864.9904280019
243027,3,377,0.3333333333333333,inside,38.972265077782566,836955.5821554782,818869.3538452138
243028,1,376,0.3333333333333333,inside,12.92312684225435,836991.3967338613,818893.7392261332
243028,2,374,0.3333333333333333,inside,34.322338773491175,836991.6771295128,818846.8542360313
243028,3,377,0.3333333333333333,inside,40.22981024548109,836955.5821554782,818869.3538452138
243029,1,881,0.5,inside,31.193230264788795,836910.4145523993,818775.8144414276
243029,2,880,0.5,inside,31.642979045712607,836886.7172600272,818740.9099516474
243030,1,296,0.3333333333333333,inside,41.48081148180258,836972.7360314323,818683.1988064981
243030,2,514,0.3333333333333333,inside,66.13870889682897,836978.6961936017,818584.4349713123
243030,3,1079,0.3333333333333333,inside,69.66538781352385,836884.8662321563,818649.4099470469
243031,1,1084,0.3333333333333333,inside,32.530770249471274,836952.0018394821,818747.9111272267
243031,2,296,0.3333333333333333,inside,35.4267097085135,836972.7360314323,818683.1988064981
243031,3,515,0.3333333333333333,inside,33.46274654109764,836928.3045978976,818713.0065751501
243032,1,1084,0.3333333333333333,nearest,35.52393144522434,836952.0018394821,818747.9111272267
243032,2,1083,0.3333333333333333,nearest,100.72740706747753,837082.1504785307,818721.8062347122
243032,3,374,0.3333333333333333,nearest,92.4162642143271,836991.6771295128,818846.8542360313
243033,1,368,1.0,inside,38.80147818923863,837054.449693684,818803.0175012534
243034,1,367,0.5,inside,32.01828921847251,837040.433349272,818867.6525417401
243034,2,366,0.5,inside,32.85098879290711,837080.2483297412,818840.7350165423
243035,1,510,0.3333333333333333,inside,34.90498926552869,837046.3981155159,818684.5865222753
243035,2,296,0.3333333333333333,inside,38.77024423395286,836972.7360314323,818683.1988064981
243035,3,529,0.3333333333333333,inside,35.40230743813399,837022.0827374834,818650.0915163126
243036,1,510,0.3333333333333333,nearest,38.47609042852941,837046.3981155159,818684.5865222753
243036,2,515,0.3333333333333333,nearest,108.48278618920061,836928.3045978976,818713.0065751501
243036,3,368,0.3333333333333333,nearest,83.24020724903191,837054.449693684,818803.0175012534
243037,1,1577,0.5,inside,39.39951785748723,837103.8374046074,818769.9879823835
243037,2,368,0.5,inside,40.39191578425373,837054.449693684,818803.0175012534
243038,1,365,0.3333333333333333,inside,21.9213768576435,837109.6047530125,818820.8929579708
243038,2,368,0.3333333333333333,inside,39.02703232073769,837054.449693684,818803.0175012534
243038,3,1577,0.3333333333333333,inside,37.68844290640232,837103.8374046074,818769.9879823835
243039,1,1083,0.3333333333333333,inside,33.68975173697165,837082.1504785307,818721.8062347122
243039,2,371,0.3333333333333333,inside,38.647057149220096,837152.7925699691,818736.8810825853
243039,3,875,0.3333333333333333,inside,37.93258987151441,837123.552752313,818693.8480037932
243040,1,1085,1.0,inside,31.71470115226055,837111.5346038914,818764.972126278
243041,1,1080,0.3333333333333333,inside,26.220037654952154,837141.0184150826,818682.0557537151
243041,2,371,0.3333333333333333,inside,36.731226893747,837152.7925699691,818736.8810825853
243041,3,875,0.3333333333333333,inside,36.50940960110561,837123.552752313,818693.8480037932
243042,1,370,0.5,inside,32.53683191136898,837177.9110721643,818773.8457234955
243042,2,371,0.5,inside,34.53270074996743,837152.7925699691,818736.8810825853
243043,1,1077,0.3333333333333333,inside,26.754827439252622,837202.7512447534,818640.3678160445
243043,2,1081,0.3333333333333333,inside,43.72010390077327,837197.9559712224,818706.509252299
243043,3,1695,0.3333333333333333,inside,27.515309539040953,837234.7834077206,818681.4301410173
243044,1,298,0.5,inside,48.00661529659865,837272.8370164572,818657.9789944607
243044,2,1081,0.5,inside,51.919234248074936,837197.9559712224,818706.509252299
243045,1,372,0.3333333333333333,inside,97.30533826060754,837356.9282262331,818784.1445187939
243045,2,360,0.3333333333333333,inside,137.10344530356727,837368.82263553,818874.8701630639
243045,3,375,0.3333333333333333,inside,120.6924164652869,837368.0622711922,818845.1600326777
243046,1,1679,0.5,inside,29.011729319047546,837287.0663178765,818662.9186838169
243046,2,479,0.5,inside,32.9037738571129,837282.3169580967,818651.9778021259
243047,1,482,0.3333333333333333,nearest,58.31105081891644,837364.8521299416,818779.881798687
243047,2,1499,0.3333333333333333,nearest,147.37400548509996,837381.9191799014,818581.0481212253
243047,3,298,0.3333333333333333,nearest,137.97244106397932,837272.8370164572,818657.9789944607
243049,1,1469,0.3333333333333333,inside,117.86219227886963,837588.7138504375,818878.7741310021
243049,2,502,0.3333333333333333,inside,143.76087051525369,837648.7025517976,818873.1983384081
243049,3,1727,0.3333333333333333,inside,133.147320978823,837624.5192725465,818878.467167022
243050,1,312,1.0,inside,130.73623233673942,837660.2325485575,818871.6380127876
243051,1,498,1.0,inside,165.0539839150449,837007.0701573007,819077.9358213372
244001,1,428,1.0,inside,28.626540232634763,837515.8777778952,819507.6740604101
244002,1,885,0.3333333333333333,nearest,99.01955066232934,837362.2010274458,819551.8123323309
244002,2,533,0.3333333333333333,nearest,176.81961684292585,837370.5338288493,819298.097792661
244002,3,427,0.3333333333333333,nearest,156.688832410147,837543.9499627351,819559.7769862956
244003,1,1684,0.3333333333333333,nearest,81.84573484568712,837468.6702380595,819346.9833403267
244003,2,1128,0.3333333333333333,nearest,177.71929803999876,837481.6640491538,819594.3544042733
244003,3,1507,0.3333333333333333,nearest,166.61073462358794,837653.3861895762,819500.4215554921
244004,1,1507,0.3333333333333333,nearest,70.21436971272735,837653.3861895762,819500.4215554921
244004,2,1663,0.3333333333333333,nearest,207.5258386365,837537.4528478623,819256.5408096631
244004,3,1128,0.3333333333333333,nearest,183.68552218400853,837481.6640491538,819594.3544042733
244005,1,1507,0.3333333333333333,nearest,94.06804681511197,837653.3861895762,819500.4215554921
244005,2,1663,0.3333333333333333,nearest,181.62380403297252,837537.4528478623,819256.5408096631
244005,3,1128,0.3333333333333333,nearest,197.2195272639941,837481.6640491538,819594.3544042733
244006,1,1507,0.3333333333333333,nearest,119.22573954737571,837653.3861895762,819500.4215554921
244006,2,521,0.3333333333333333,nearest,184.2507372171277,837471.5106244463,819257.5210839438
244006,3,1453,0.3333333333333333,nearest,161.7979753340174,837672.2618185541,819273.173702117
244007,1,1684,0.3333333333333333,nearest,96.38766772900037,837468.6702380595,819346.9833403267
244007,2,883,0.3333333333333333,nearest,173.19997558447557,837302.6064468666,819559.2496011663
244007,3,525,0.3333333333333333,nearest,154.12036445545436,837292.0918339381,819327.7249819305
244008,1,1684,0.3333333333333333,nearest,103.75609985426081,837468.6702380595,819346.9833403267
244008,2,1507,0.3333333333333333,nearest,152.62610508464994,837653.3861895762,819500.4215554921
244008,3,1290,0.3333333333333333,nearest,164.27024470710558,837671.8728313141,819245.0913755136
244009,1,1684,0.3333333333333333,nearest,14.458971482558598,837468.6702380595,819346.9833403267
244009,2,428,0.3333333333333333,nearest,154.6755824718276,837515.8777778952,819507.6740604101
244009,3,1361,0.3333333333333333,nearest,162.99368675783694,837347.9933481134,819248.9189734241
244010,1,1684,1.0,inside,21.903532694287133,837468.6702380595,819346.9833403267
244011,1,1684,0.3333333333333333,nearest,28.778536714988036,837468.6702380595,819346.9833403267
244011,2,428,0.3333333333333333,nearest,164.69426556149406,837515.8777778952,819507.6740604101
244011,3,1361,0.3333333333333333,nearest,177.02520827122154,837347.9933481134,819248.9189734241
244012,1,1684,0.3333333333333333,nearest,78.62934849516606,837468.6702380595,819346.9833403267
244012,2,1507,0.3333333333333333,nearest,186.94577830738905,837653.3861895762,819500.4215554921
244012,3,1290,0.3333333333333333,nearest,160.62734137309712,837671.8728313141,819245.0913755136
244013,1,1606,0.5,inside,43.65038750899698,837383.075636873,819262.9626056968
244013,2,1602,0.5,inside,49.633956671355605,837406.4339008591,819258.4906280285
244014,1,1602,0.3333333333333333,nearest,53.17880388567414,837406.4339008591,819258.4906280285
244014,2,1663,0.3333333333333333,nearest,107.18765585799952,837537.4528478623,819256.5408096631
244014,3,1684,0.3333333333333333,nearest,55.18739940182313,837468.6702380595,819346.9833403267
244015,1,1684,0.3333333333333333,nearest,38.38676890490966,837468.6702380595,819346.9833403267
244015,2,1604,0.3333333333333333,nearest,131.86203734915236,837377.3407077177,819205.7899284104
244015,3,1663,0.3333333333333333,nearest,117.94815491741441,837537.4528478623,819256.5408096631
244016,1,1684,0.3333333333333333,nearest,37.823159337480654,837468.6702380595,819346.9833403267
244016,2,1604,0.3333333333333333,nearest,167.22294541027424,837377.3407077177,819205.7899284104
244016,3,477,0.3333333333333333,nearest,97.550246799481,837564.3865196988,819251.4492489895
244017,1,1663,0.3333333333333333,nearest,70.07728169046071,837537.4528478623,819256.5408096631
244017,2,533,0.3333333333333333,nearest,183.69960147527874,837370.5338288493,819298.097792661
244017,3,1453,0.3333333333333333,nearest,130.74207955826702,837672.2618185541,819273.173702117
244018,1,1453,1.0,inside,100.47742942391031,837672.2618185541,819273.173702117
244019,1,521,0.3333333333333333,nearest,35.58695973378251,837471.5106244463,819257.5210839438
244019,2,1488,0.3333333333333333,nearest,100.87921867423748,837344.2125428187,819240.768644733
244019,3,1684,0.3333333333333333,nearest,79.08702758780097,837468.6702380595,819346.9833403267
244020,1,521,1.0,inside,55.03272317782306,837471.5106244463,819257.5210839438
244021,1,1091,1.0,inside,35.67022371703315,837383.437016422,819252.4317725784
244023,1,1604,1.0,inside,68.28824307632406,837377.3407077177,819205.7899284104
244024,1,1604,0.3333333333333333,nearest,110.33758770395599,837377.3407077177,819205.7899284104
244024,2,1088,0.3333333333333333,nearest,145.28587243497125,837374.1832387547,818981.7072347312
244024,3,1090,0.3333333333333333,nearest,121.40229783362722,837554.906221631,819140.7803201838
244027,1,312,0.3333333333333333,nearest,262.8643427735344,837660.2325485575,818871.6380127876
244027,2,285,0.3333333333333333,nearest,505.96623874552057,837498.5038207817,818502.6569177816
244027,3,1452,0.3333333333333333,nearest,516.5483402163562,837662.5685973598,819247.3384475582
244028,1,1663,0.3333333333333333,inside,95.47827383622128,837537.4528478623,819256.5408096631
244028,2,521,0.3333333333333333,inside,95.81191730261529,837471.5106244463,819257.5210839438
244028,3,477,0.3333333333333333,inside,103.8273346582546,837564.3865196988,819251.4492489895
244029,1,1469,0.3333333333333333,inside,91.41147796740333,837588.7138504375,818878.7741310021
244029,2,482,0.3333333333333333,inside,211.6947969417435,837364.8521299416,818779.881798687
244029,3,1088,0.3333333333333333,inside,148.33079233284013,837374.1832387547,818981.7072347312
244030,1,1290,0.3333333333333333,inside,66.0274604884015,837671.8728313141,819245.0913755136
244030,2,1726,0.3333333333333333,inside,300.90130914156555,837660.52026069,818880.4525080412
244030,3,1090,0.3333333333333333,inside,135.89611099729575,837554.906221631,819140.7803201838
245001,1,1078,1.0,inside,50.480408085623964,837038.2392496292,818648.9628208855
245002,1,297,0.5,inside,46.48559720713818,837046.8583954535,818547.3975653511
245002,2,1078,0.5,inside,57.28305595453614,837038.2392496292,818648.9628208855
245004,1,297,0.5,inside,40.124927148119106,837046.8583954535,818547.3975653511
245004,2,1511,0.5,inside,48.979462537352404,837092.2437491671,818612.3014096033
245006,1,479,0.3333333333333333,inside,18.38516889262524,837282.3169580967,818651.9778021259
245006,2,1531,0.3333333333333333,inside,43.01843574528099,837230.9747272831,818621.3010639662
245006,3,1683,0.3333333333333333,inside,25.18579202256893,837257.1338811077,818658.8749326861
245007,1,1531,0.3333333333333333,inside,47.9229642121641,837230.9747272831,818621.3010639662
245007,2,1076,0.3333333333333333,inside,71.27357005447243,837154.6671271073,818569.9156937153
245007,3,1077,0.3333333333333333,inside,70.5973451549546,837202.7512447534,818640.3678160445
245008,1,1076,1.0,inside,58.20058533994172,837154.6671271073,818569.9156937153
245009,1,1499,1.0,inside,77.22216724620485,837381.9191799014,818581.0481212253
245010,1,506,0.3333333333333333,inside,87.3509376124521,837420.0357371721,818410.198660448
245010,2,283,0.3333333333333333,inside,140.6054740336223,837327.903559054,818618.0850222566
245010,3,470,0.3333333333333333,inside,128.90279287691962,837250.0751885641,818505.1417730049
245011,1,470,0.3333333333333333,inside,92.01716031437472,837250.0751885641,818505.1417730049
245011,2,503,0.3333333333333333,inside,115.98710695106223,837369.9222263969,818336.4237055749
245011,3,508,0.3333333333333333,inside,92.63541753271917,837202.8150241165,818437.3914861862
245012,1,1223,0.3333333333333333,inside,78.48864376428136,837520.2714849381,818559.6204870961
245012,2,285,0.3333333333333333,inside,94.02620348222058,837498.5038207817,818502.6569177816
245012,3,501,0.3333333333333333,inside,103.85948897093495,837487.1482592396,818510.252406462
245013,1,285,1.0,inside,96.01058809560111,837498.5038207817,818502.6569177816
245014,1,229,0.3333333333333333,inside,76.23940303920628,837382.0607577661,818331.7405056601
245014,2,499,0.3333333333333333,inside,89.40916071162539,837497.7116182195,818227.8138831065
245014,3,230,0.3333333333333333,inside,84.52458143383836,837506.9843695345,818240.0286327214
245015,1,1463,0.3333333333333333,nearest,87.03285986259277,837567.0042508804,818137.3494864514
245015,2,230,0.3333333333333333,nearest,124.23355334078309,837506.9843695345,818240.0286327214
245015,3,222,0.3333333333333333,nearest,160.17614994877025,837474.8014948411,818147.0645173857
245016,1,230,0.3333333333333333,nearest,179.83509570577868,837506.9843695345,818240.0286327214
245016,2,285,0.3333333333333333,nearest,234.76186863120984,837498.5038207817,818502.6569177816
245016,3,1463,0.3333333333333333,nearest,217.08486279274888,837567.0042508804,818137.3494864514
245017,1,285,0.3333333333333333,nearest,268.79621461063914,837498.5038207817,818502.6569177816
245017,2,1463,0.3333333333333333,nearest,322.94021506213835,837567.0042508804,818137.3494864514
245017,3,541,0.3333333333333333,nearest,335.791843409561,837462.0591648885,818229.3945976221
245018,1,1223,0.3333333333333333,nearest,241.64244032485504,837520.2714849381,818559.6204870961
245018,2,1726,0.3333333333333333,nearest,355.6581781705989,837660.52026069,818880.4525080412
245018,3,230,0.3333333333333333,nearest,392.5772391413583,837506.9843695345,818240.0286327214
245019,1,1463,0.3333333333333333,nearest,392.87843504093064,837567.0042508804,818137.3494864514
245019,2,1223,0.3333333333333333,nearest,428.6348034589756,837520.2714849381,818559.6204870961
245019,3,541,0.3333333333333333,nearest,450.7531471084379,837462.0591648885,818229.3945976221
245020,1,1511,0.5,inside,56.44278653527082,837092.2437491671,818612.3014096033
245020,2,1076,0.5,inside,57.60010222460875,837154.6671271073,818569.9156937153
246001,1,1172,1.0,inside,95.64863997032641,837174.318314234,820652.3811923797
246002,1,1174,0.3333333333333333,inside,51.13966248078123,837331.9143558801,820679.1336736763
246002,2,887,0.3333333333333333,inside,64.15910187410846,837251.1664787735,820627.9245794971
246002,3,1523,0.3333333333333333,inside,102.70388106354487,837298.6955080963,820732.14015651
246003,1,438,0.5,inside,53.3298951021862,837418.0648412023,820806.5623346088
246003,2,1523,0.5,inside,92.78857848530394,837298.6955080963,820732.14015651
246004,1,345,0.5,inside,62.49519514738251,837458.5714687455,820839.5754349144
246004,2,917,0.5,inside,67.25041670743663,837573.3167990563,820874.277891946
246005,1,1171,0.5,inside,77.5820719895976,837440.4223459704,820654.370147825
246005,2,1174,0.5,inside,113.6352917090344,837331.9143558801,820679.1336736763
246006,1,1541,0.5,inside,37.6249635692028,837530.3283676439,820705.7913673266
246006,2,1661,0.5,inside,59.15349645626556,837492.6271237825,820631.1309641865
246007,1,339,0.3333333333333333,inside,51.602829025695264,837569.8276202749,820957.1958093501
246007,2,342,0.3333333333333333,inside,125.80273108234985,837727.9670784019,820971.5943606794
246007,3,1540,0.3333333333333333,inside,70.2325881944318,837587.7620100032,820859.4628022402
246008,1,916,0.3333333333333333,inside,61.12254970494326,837626.6743837222,820856.996781834
246008,2,892,0.3333333333333333,inside,110.82483191509108,837570.3029070026,820695.806402132
246008,3,1298,0.3333333333333333,inside,97.57021001442163,837652.6131241505,820887.2186021918
246009,1,1633,0.3333333333333333,inside,34.406294559646796,837530.6665026676,820602.1104407706
246009,2,1533,0.3333333333333333,inside,69.9147122434033,837595.504154405,820680.4496304593
246009,3,492,0.3333333333333333,inside,99.46905965388873,837613.1625124271,820563.6259881115
246010,1,466,0.3333333333333333,inside,150.10310818923782,837026.1875955036,820460.1598453776
246010,2,1514,0.3333333333333333,inside,261.5472691196409,837363.0601218517,820224.5697681742
246010,3,1508,0.3333333333333333,inside,163.83559919290053,837121.1912578637,820222.5613128936
246011,1,30,1.0,inside,112.88362864939374,837396.3857425371,820420.7497864973
246012,1,894,0.3333333333333333,inside,59.97683447936805,837194.5717624807,820158.8044955236
246012,2,1514,0.3333333333333333,inside,123.27067666537557,837363.0601218517,820224.5697681742
246012,3,1143,0.3333333333333333,inside,120.57836860980491,837363.9949303813,820117.8769524762
246013,1,1173,0.3333333333333333,inside,107.32665746192785,837171.3813243813,820665.5141627684
246013,2,1179,0.3333333333333333,inside,134.6032155171916,837237.5296820413,820896.3005087423
246013,3,350,0.3333333333333333,inside,141.7620663674582,837129.3867629461,820876.6497545494
246014,1,532,0.3333333333333333,inside,74.62111577768684,837306.1427430873,820907.422734366
246014,2,1476,0.3333333333333333,inside,90.20446115953001,837293.4302129941,820743.1025486172
246014,3,1179,0.3333333333333333,inside,90.00893831873526,837237.5296820413,820896.3005087423
246015,1,340,0.3333333333333333,inside,46.786385617104386,837415.0888790124,820926.1224599726
246015,2,351,0.3333333333333333,inside,120.65867251024966,837552.9662860364,820913.9967580803
246015,3,1176,0.3333333333333333,inside,101.88259971984368,837381.6669535298,820798.1106091893
247003,1,1127,0.5,inside,164.06325168245888,837717.8766304228,819588.18464349
247003,2,1507,0.5,inside,266.19938615644924,837653.3861895762,819500.4215554921
247004,1,425,1.0,inside,33.00935118077427,837877.5198896532,819938.4319506765
247005,1,425,0.3333333333333333,nearest,106.93437908221117,837877.5198896532,819938.4319506765
247005,2,1141,0.3333333333333333,nearest,202.54032228992568,838074.4650923487,820087.9122494956
247005,3,426,0.3333333333333333,nearest,196.39769314305323,837808.842229751,819812.7079071433
247006,1,1139,0.3333333333333333,inside,41.67775311223086,838026.0253256332,820048.0975603791
247006,2,313,0.3333333333333333,inside,81.3668656095036,838076.069392565,820024.893326012
247006,3,1136,0.3333333333333333,inside,58.529641340434736,838051.1246163062,820036.4622114734
247011,1,1140,0.3333333333333333,inside,8.982896212654701,838037.1085692474,820071.8957055057
247011,2,896,0.3333333333333333,inside,54.29422437543382,838099.6157623947,820077.1850088472
247011,3,313,0.3333333333333333,inside,59.17810824964233,838076.069392565,820024.893326012
247012,1,1447,1.0,inside,106.55439537913784,838088.1075656976,820339.0823065675
247013,1,1141,0.3333333333333333,nearest,37.46923336966404,838074.4650923487,820087.9122494956
247013,2,484,0.3333333333333333,nearest,136.44948569253646,838034.7502693125,820243.3238247725
247013,3,488,0.3333333333333333,nearest,140.45081276180844,837953.3312147558,820111.5293904537
251001,1,1429,0.3333333333333333,nearest,96.99862802279316,834568.0882117659,818499.7657930427
251001,2,45,0.3333333333333333,nearest,177.28481967663137,834599.7477735976,818746.5563814199
251001,3,1207,0.3333333333333333,nearest,182.1025877391657,834681.7898806082,818677.305525044
251002,1,1592,0.3333333333333333,inside,164.10358822273048,834589.6953093938,818496.873282705
251002,2,1420,0.3333333333333333,inside,297.998965993761,834930.651265232,818230.4796180301
251002,3,1423,0.3333333333333333,inside,225.56279277155977,834916.8878847164,818621.6725221748
251003,1,1450,0.3333333333333333,inside,149.219845604033,834947.0592392841,818518.7089979921
251003,2,1420,0.3333333333333333,inside,209.75428784475756,834930.651265232,818230.4796180301
251003,3,1474,0.3333333333333333,inside,154.76146552999515,835077.0362302291,818557.6770852003
251004,1,305,0.3333333333333333,inside,21.21152247768652,835252.3279729643,818420.6086219042
251004,2,1443,0.3333333333333333,inside,247.5143834775864,835063.777247311,818585.7714456264
251004,3,7,0.3333333333333333,inside,210.32931301215828,835349.1127128238,818230.5379845871
251005,1,1608,0.3333333333333333,nearest,100.14401336684122,834423.4307781752,818324.6445673074
251005,2,1429,0.3333333333333333,nearest,229.5588026898751,834568.0882117659,818499.7657930427
251005,3,1362,0.3333333333333333,nearest,228.57935383199742,834474.8034073277,818204.5359710049
251007,1,1608,0.3333333333333333,inside,43.107740513425966,834423.4307781752,818324.6445673074
251007,2,170,0.3333333333333333,inside,243.71476697793904,834240.9791719719,818107.7162556426
251007,3,1589,0.3333333333333333,inside,270.42025044931853,834577.9589275459,818495.3353404889
252001,1,202,0.3333333333333333,inside,34.989516509002115,834697.4227468341,819003.494672009
252001,2,1399,0.3333333333333333,inside,273.7611348049984,834595.9856797167,818735.2950829634
252001,3,195,0.3333333333333333,inside,277.93599501931413,834690.2276145908,819277.3973694167
252002,1,203,0.3333333333333333,inside,76.49394723432651,834738.1412545523,818883.8419430744
252002,2,46,0.3333333333333333,inside,195.4633315473829,834711.8683027539,818692.3402431244
252002,3,940,0.3333333333333333,inside,113.10985509309813,834910.2055991811,818915.2192627804
252003,1,1487,0.3333333333333333,inside,52.67787697752524,835142.2671495613,819227.6273015884
252003,2,145,0.3333333333333333,inside,101.70387866278034,835253.3854893341,819155.4428883598
252003,3,1456,0.3333333333333333,inside,127.62933545719315,835031.2046731428,819211.6234854048
252004,1,1445,0.3333333333333333,inside,74.75994343786542,835049.4896099205,818899.4945350591
252004,2,196,0.3333333333333333,inside,343.4868091422975,834837.1623111715,819247.3076828502
252004,3,1444,0.3333333333333333,inside,339.38984667469526,835054.7937453937,818605.1174593187
252005,1,1461,0.3333333333333333,inside,104.32943294179952,835078.661176331,819058.3631489332
252005,2,1459,0.3333333333333333,inside,136.35511256316568,835047.3284722237,819064.9985679907
252005,3,1460,0.3333333333333333,inside,120.51532077022829,835060.0308863374,819040.3259193265
252007,1,1442,0.3333333333333333,inside,65.88377992844644,835067.6763956548,818909.3817208915
252007,2,143,0.3333333333333333,inside,82.46113113130342,835179.2614719365,819001.3385854749
252007,3,725,0.3333333333333333,inside,78.31205465722316,835187.496469374,818887.0599594612
252008,1,1549,0.3333333333333333,inside,9.153936290246747,835250.8463634085,818928.7361881477
252008,2,1401,0.3333333333333333,inside,51.72290242759178,835283.1772247251,818895.7462959813
252008,3,720,0.3333333333333333,inside,52.543835908423766,835231.8849934379,818889.4931118559
252009,1,932,0.3333333333333333,inside,20.87852454712401,835078.9650633101,818719.238590377
252009,2,821,0.3333333333333333,inside,258.5579780689221,835310.8577669157,818805.9720870967
252009,3,807,0.3333333333333333,inside,245.54850922553393,835237.0150642409,818559.4374580703
252010,1,178,0.3333333333333333,inside,69.66922291901454,834916.9972742206,818695.0341286263
252010,2,809,0.3333333333333333,inside,73.48411030088135,834837.5005028554,818665.5636850187
252010,3,811,0.3333333333333333,inside,114.08432167168704,834918.7233426737,818637.4852515627
252011,1,1403,0.3333333333333333,nearest,44.513623523718095,835163.6885001087,818650.6877032164
252011,2,827,0.3333333333333333,nearest,99.0020422020569,835253.190938595,818539.6702908782
252011,3,1234,0.3333333333333333,nearest,107.96540998130094,835100.4046024029,818545.2841297822
253001,1,1027,0.3333333333333333,inside,62.504225386559824,834342.7168338245,819809.2062366196
253001,2,172,0.3333333333333333,inside,165.12595259864275,834553.3129629835,819723.4951679464
253001,3,908,0.3333333333333333,inside,183.78293878189342,834219.5227999616,819809.7423993924
253002,1,182,0.3333333333333333,inside,133.27535095579734,834693.7196703004,819575.5056602984
253002,2,121,0.3333333333333333,inside,289.9188292698439,834859.7705033518,819958.421278202
253002,3,118,0.3333333333333333,inside,233.20094501032523,834606.9329913583,819842.9720539642
253003,1,724,0.3333333333333333,nearest,43.12906755706233,834889.1627553483,819817.0658509454
253003,2,1716,0.3333333333333333,nearest,173.7840622063365,834933.1006776199,819641.1268230189
253003,3,54,0.3333333333333333,nearest,185.53431432140889,834844.1117541544,819978.1777663014
253004,1,128,0.3333333333333333,inside,48.53120368190665,835170.4915044005,819858.3143326475
253004,2,696,0.3333333333333333,inside,295.5002627418784,834871.5755685631,819934.2136171241
253004,3,1493,0.3333333333333333,inside,173.30000356931075,835194.3701506947,819652.5012550171
253005,1,1715,1.0,inside,131.8722602850172,834949.7858160407,819569.4690246242
253006,1,1715,1.0,inside,90.32407662701362,834949.7858160407,819569.4690246242
253007,1,1598,0.3333333333333333,nearest,103.1564157281263,835199.3022233606,819606.3467217435
253007,2,1715,0.3333333333333333,nearest,149.6398383683018,834949.7858160407,819569.4690246242
253007,3,167,0.3333333333333333,nearest,146.69628688837136,835240.7687561869,819546.1043022373
253008,1,1598,1.0,inside,26.09629876972077,835199.3022233606,819606.3467217435
253009,1,1242,0.3333333333333333,inside,23.782268906468747,834605.0995810099,819365.0526495014
253009,2,1712,0.3333333333333333,inside,199.5535324714218,834583.3089129397,819183.5942129507
253009,3,1430,0.3333333333333333,inside,152.91837103776493,834742.5695481002,819281.7218842536
253010,1,1454,0.3333333333333333,inside,19.416677213375767,834782.0493426808,819358.3464136285
253010,2,705,0.3333333333333333,inside,260.38386446096706,835016.7919110565,819234.3362972916
253010,3,196,0.3333333333333333,inside,131.41854951610432,834837.1623111715,819247.3076828502
253011,1,1717,0.3333333333333333,nearest,67.25852888612255,834985.1233000258,819411.6249565519
253011,2,196,0.3333333333333333,nearest,172.0106536853234,834837.1623111715,819247.3076828502
253011,3,1715,0.3333333333333333,nearest,173.67216828565347,834949.7858160407,819569.4690246242
253012,1,728,0.3333333333333333,inside,35.97270733005229,835017.1782891313,819298.5844747584
253012,2,185,0.3333333333333333,inside,55.42575515901912,835062.4059819147,819241.9180262912
253012,3,1722,0.3333333333333333,inside,40.435652943900784,835043.4858754998,819335.8335061986
253013,1,715,0.3333333333333333,inside,37.19371718813695,835214.1839799796,819358.7098917059
253013,2,706,0.3333333333333333,inside,146.21550770468318,835174.4261204707,819253.4815416991
253013,3,175,0.3333333333333333,inside,127.75225094446137,835250.2197682022,819274.6156509886
253014,1,1717,0.5,inside,92.6406904234209,834985.1233000258,819411.6249565519
253014,2,1718,0.5,inside,121.73655997939555,834997.4208720063,819354.6731439015
254001,1,60,0.3333333333333333,nearest,300.0610898198085,834041.8196524134,820490.8184256313
254001,2,49,0.3333333333333333,nearest,459.38629533747496,833811.7492011669,820803.833763121
254001,3,1241,0.3333333333333333,nearest,455.06392604074904,834188.905865503,820147.4650855415
254002,1,60,0.3333333333333333,nearest,135.82841878033992,834041.8196524134,820490.8184256313
254002,2,49,0.3333333333333333,nearest,355.4604302557042,833811.7492011669,820803.833763121
254002,3,58,0.3333333333333333,nearest,403.5811411505785,834267.492117288,820276.4164372459
254003,1,60,1.0,inside,105.60088008824634,834041.8196524134,820490.8184256313
254004,1,60,0.3333333333333333,nearest,162.68809149064134,834041.8196524134,820490.8184256313
254004,2,1241,0.3333333333333333,nearest,281.7009683469035,834188.905865503,820147.4650855415
254004,3,1323,0.3333333333333333,nearest,367.61031908899014,834350.065074571,820328.7060601724
254005,1,193,0.5,inside,71.69016560154007,834151.9310978638,820467.2387207011
254005,2,60,0.5,inside,83.87459295273086,834041.8196524134,820490.8184256313
254006,1,717,0.3333333333333333,nearest,132.58116314721562,834180.1385606085,820150.732931944
254006,2,60,0.3333333333333333,nearest,293.0442171635157,834041.8196524134,820490.8184256313
254006,3,1323,0.3333333333333333,nearest,321.45810134209745,834350.065074571,820328.7060601724
254007,1,717,1.0,inside,150.08292180571019,834180.1385606085,820150.732931944
254008,1,1586,0.5,inside,26.364902239658583,834267.9767078932,820279.217963367
254008,2,58,0.5,inside,27.81039771770896,834267.492117288,820276.4164372459
254009,1,59,0.3333333333333333,nearest,189.90814051834028,834185.0105225419,819832.8462259618
254009,2,1595,0.3333333333333333,nearest,414.4898516228415,834288.4742873056,820240.1924315373
254009,3,189,0.3333333333333333,nearest,410.88827923776716,834412.9807539533,820042.0838046251
254010,1,59,1.0,inside,176.03861126586906,834185.0105225419,819832.8462259618
254011,1,909,0.3333333333333333,inside,158.24487716978814,834204.1644495666,819836.6418757258
254011,2,191,0.3333333333333333,inside,187.89537962292766,834377.5439158787,819830.8173781349
254011,3,192,0.3333333333333333,inside,176.32937342369004,834344.9235711347,819824.3987594856
254012,1,189,0.3333333333333333,inside,46.445769056394255,834412.9807539533,820042.0838046251
254012,2,1241,0.3333333333333333,inside,203.46242980364494,834188.905865503,820147.4650855415
254012,3,1561,0.3333333333333333,inside,189.96495839723764,834467.1892910174,819905.0322072573
254013,1,1053,1.0,inside,50.280160949477946,834337.612860992,820608.8664911909
254014,1,1274,0.5,inside,20.394218813732753,834473.262122126,820479.4456442652
254014,2,1048,0.5,inside,27.5465388309223,834467.0711740316,820487.618582591
254015,1,73,0.3333333333333333,inside,70.02150518677661,834374.241029702,820290.8650485062
254015,2,321,0.3333333333333333,inside,274.20805793873245,834422.4236595993,820522.6381339695
254015,3,925,0.3333333333333333,inside,105.8998896872788,834501.3842138828,820170.2932344056
254016,1,119,1.0,inside,78.58578385779434,834632.9616688828,819872.6904857091
255001,1,1635,0.3333333333333333,nearest,268.35201940721413,833563.5431836456,821694.5041730328
255001,2,1281,0.3333333333333333,nearest,789.1200694171016,833775.2945559294,821096.5891585588
255001,3,69,0.3333333333333333,nearest,717.1706947134528,833991.3879131936,821545.4419034979
255002,1,1635,0.3333333333333333,nearest,261.7730919371291,833563.5431836456,821694.5041730328
255002,2,1281,0.3333333333333333,nearest,673.4575274496522,833775.2945559294,821096.5891585588
255002,3,69,0.3333333333333333,nearest,671.4911068293411,833991.3879131936,821545.4419034979
255003,1,1658,0.3333333333333333,nearest,116.2765682668151,833672.6233365751,821534.4958302261
255003,2,1240,0.3333333333333333,nearest,458.1321196310095,833352.6953070099,821144.7104313374
255003,3,1281,0.3333333333333333,nearest,506.6078988569688,833775.2945559294,821096.5891585588
255004,1,1658,0.5,inside,45.291699252517446,833672.6233365751,821534.4958302261
255004,2,67,0.5,inside,62.52020199653532,833727.6789600038,821483.6151438534
255005,1,65,0.3333333333333333,inside,133.8797273010499,833869.201566874,821243.7631382786
255005,2,67,0.3333333333333333,inside,144.94268435563,833727.6789600038,821483.6151438534
255005,3,320,0.3333333333333333,inside,135.54187480369114,833925.9055600436,821318.8216524208
255006,1,1657,1.0,inside,57.71189178368993,833938.2665578114,821308.6986322312
255007,1,39,1.0,inside,68.61601816548793,834242.0396472829,820953.9060554823
255008,1,1635,0.3333333333333333,nearest,309.91254481790423,833563.5431836456,821694.5041730328
255008,2,1636,0.3333333333333333,nearest,588.9808551258344,833657.0780352071,820983.9247932432
255008,3,1243,0.3333333333333333,nearest,629.9041203410135,833949.1164384063,821320.5677875722
255009,1,1658,0.3333333333333333,nearest,226.304337442924,833672.6233365751,821534.4958302261
255009,2,1636,0.3333333333333333,nearest,401.77355583214234,833657.0780352071,820983.9247932432
255009,3,1243,0.3333333333333333,nearest,426.5861602251428,833949.1164384063,821320.5677875722
255010,1,65,0.3333333333333333,nearest,158.75204713240646,833869.201566874,821243.7631382786
255010,2,1658,0.3333333333333333,nearest,287.8978327410776,833672.6233365751,821534.4958302261
255010,3,1636,0.3333333333333333,nearest,270.5162309231745,833657.0780352071,820983.9247932432
255011,1,1063,1.0,inside,144.96927045425446,833952.3728764562,821188.637814787
255012,1,39,1.0,inside,49.95080127807772,834242.0396472829,820953.9060554823
255013,1,62,1.0,inside,57.65274884445138,834177.4958623601,820879.777640909
255014,1,1240,0.3333333333333333,nearest,416.21172123557375,833352.6953070099,821144.7104313374
255014,2,19,0.3333333333333333,nearest,843.6570836703751,833936.8069335601,821330.5579097321
255014,3,1635,0.3333333333333333,nearest,504.6862823651736,833563.5431836456,821694.5041730328
255015,1,1636,1.0,inside,268.3934155675754,833657.0780352071,820983.9247932432
255016,1,70,0.3333333333333333,inside,59.78312969642921,833882.0157048682,820829.2253946087
255016,2,1281,0.3333333333333333,inside,236.14918375342873,833775.2945559294,821096.5891585588
255016,3,1264,0.3333333333333333,inside,237.3786776641118,834104.8623648044,820793.5140895403
255017,1,71,0.3333333333333333,nearest,52.72834379287974,834082.0514507276,820637.436613599
255017,2,70,0.3333333333333333,nearest,237.86250136460706,833882.0157048682,820829.2253946087
255017,3,62,0.3333333333333333,nearest,216.1897716052003,834177.4958623601,820879.777640909
255018,1,72,0.3333333333333333,inside,44.55873973820914,834190.1691935315,820504.1857560147
255018,2,61,0.3333333333333333,inside,274.3769535834399,834115.8539701523,820785.5507356421
255018,3,1198,0.3333333333333333,inside,234.14319248652006,834340.8855487831,820330.5232424994
255019,1,321,0.5,inside,64.17987689644373,834422.4236595993,820522.6381339695
255019,2,1254,0.5,inside,73.70372362354891,834433.3052976793,820452.730005982
256001,1,170,0.3333333333333333,nearest,285.48914150598074,834240.9791719719,818107.7162556426
256001,2,1594,0.3333333333333333,nearest,722.5612924307607,834568.0852512114,818472.6026216676
256001,3,1418,0.3333333333333333,nearest,723.2182735051737,834672.5693445591,818187.2842087039
256002,1,170,0.3333333333333333,nearest,171.99151383694675,834240.9791719719,818107.7162556426
256002,2,47,0.3333333333333333,nearest,597.5009791902853,834572.5774952564,818469.922357966
256002,3,912,0.3333333333333333,nearest,419.7838037146436,834484.3576397448,818224.4560052616
256003,1,48,0.5,inside,268.3841490658013,834472.5892052784,818214.8898979252
256003,2,1362,0.5,inside,269.04672931203106,834474.8034073277,818204.5359710049
256004,1,1362,1.0,inside,83.72982782993802,834474.8034073277,818204.5359710049
256005,1,1419,0.3333333333333333,inside,98.73599200195407,834694.516064441,818175.7766698533
256005,2,1416,0.3333333333333333,inside,159.3556869572788,834932.5944357804,818180.0731259967
256005,3,1417,0.3333333333333333,inside,153.5877207623151,834921.5700309768,818192.3766710869
256006,1,1369,1.0,inside,82.53555617846372,834996.1418809505,818199.7785530736
256007,1,1306,0.3333333333333333,nearest,87.23325279074689,835221.9683232723,818206.5941127983
256007,2,1416,0.3333333333333333,nearest,236.40154108247506,834932.5944357804,818180.0731259967
256007,3,5,0.3333333333333333,nearest,202.94107657106505,835350.1328590234,818055.6217881397
256008,1,1560,0.3333333333333333,inside,50.50783076488303,835261.9281685116,818211.6852742116
256008,2,7,0.3333333333333333,inside,93.48114776984131,835349.1127128238,818230.5379845871
256008,3,1306,0.3333333333333333,inside,72.89220724200247,835221.9683232723,818206.5941127983
256009,1,5,1.0,inside,102.693696381303,835350.1328590234,818055.6217881397
256010,1,1369,0.3333333333333333,nearest,163.67302162890363,834996.1418809505,818199.7785530736
256010,2,1271,0.3333333333333333,nearest,356.3577987555016,835375.0007024495,817939.4931498903
256010,3,1425,0.3333333333333333,nearest,305.5953396815238,835275.4687752079,818226.6446338887
256011,1,1416,0.3333333333333333,nearest,194.5224379858381,834932.5944357804,818180.0731259967
256011,2,1362,0.3333333333333333,nearest,415.4234012946674,834474.8034073277,818204.5359710049
256011,3,1419,0.3333333333333333,nearest,222.41226506838657,834694.516064441,818175.7766698533
256012,1,1418,0.3333333333333333,nearest,230.25342656485617,834672.5693445591,818187.2842087039
256012,2,170,0.3333333333333333,nearest,347.89295547240465,834240.9791719719,818107.7162556426
256012,3,1608,0.3333333333333333,nearest,369.90262842537896,834423.4307781752,818324.6445673074
260009,1,1240,0.3333333333333333,nearest,705.1950174019901,833352.6953070099,821144.7104313374
260009,2,19,0.3333333333333333,nearest,1134.333697786601,833936.8069335601,821330.5579097321
260009,3,1635,0.3333333333333333,nearest,722.8217332673697,833563.5431836456,821694.5041730328
260010,1,1635,0.3333333333333333,nearest,1092.8407000671923,833563.5431836456,821694.5041730328
260010,2,1636,0.3333333333333333,nearest,1598.8397311927329,833657.0780352071,820983.9247932432
260010,3,69,0.3333333333333333,nearest,1544.105514797463,833991.3879131936,821545.4419034979
261010,1,1635,0.3333333333333333,nearest,653.395431378396,833563.5431836456,821694.5041730328
261010,2,1240,0.3333333333333333,nearest,978.8339143851704,833352.6953070099,821144.7104313374
261010,3,68,0.3333333333333333,nearest,1190.773287584474,834065.7388014395,821485.0696272488
261011,1,1635,0.3333333333333333,nearest,579.6477958468495,833563.5431836456,821694.5041730328
261011,2,1240,0.3333333333333333,nearest,996.219733018641,833352.6953070099,821144.7104313374
261011,3,1340,0.3333333333333333,nearest,1111.7106794348551,834120.6765414771,821539.8867854328
261019,1,1635,0.3333333333333333,nearest,581.4191881059517,833563.5431836456,821694.5041730328
261019,2,1240,0.3333333333333333,nearest,892.5537580487103,833352.6953070099,821144.7104313374
261019,3,68,0.3333333333333333,nearest,1122.9675142967183,834065.7388014395,821485.0696272488
261020,1,1635,0.3333333333333333,nearest,474.4927783149636,833563.5431836456,821694.5041730328
261020,2,1240,0.3333333333333333,nearest,931.7283083857066,833352.6953070099,821144.7104313374
261020,3,1340,0.3333333333333333,nearest,997.4134558130071,834120.6765414771,821539.8867854328
261021,1,1635,0.3333333333333333,nearest,477.97128496037084,833563.5431836456,821694.5041730328
261021,2,318,0.3333333333333333,nearest,859.2071687716683,834262.0642304216,821728.9809585402
261021,3,320,0.3333333333333333,nearest,941.6134715541449,833925.9055600436,821318.8216524208
262005,1,318,0.3333333333333333,nearest,500.3249397309258,834262.0642304216,821728.9809585402
262005,2,870,0.3333333333333333,nearest,716.9781292963016,834905.2537489859,821557.2169575683
262005,3,1552,0.3333333333333333,nearest,623.2482179809562,834587.0148501779,821540.4606400318
262006,1,318,0.3333333333333333,nearest,410.4899344283729,834262.0642304216,821728.9809585402
262006,2,870,0.3333333333333333,nearest,561.5594595062772,834905.2537489859,821557.2169575683
262006,3,1552,0.3333333333333333,nearest,464.7971904195989,834587.0148501779,821540.4606400318
262007,1,862,0.3333333333333333,nearest,312.08162336582495,834753.0851213408,821570.1869896302
262007,2,318,0.3333333333333333,nearest,456.8015257397802,834262.0642304216,821728.9809585402
262007,3,1347,0.3333333333333333,nearest,404.4173722578631,834438.8961242005,821563.1447617561
262008,1,318,0.3333333333333333,nearest,736.9582422695219,834262.0642304216,821728.9809585402
262008,2,677,0.3333333333333333,nearest,910.2936140335113,834937.6794728565,821501.3484153685
262008,3,1552,0.3333333333333333,nearest,822.8656836715446,834587.0148501779,821540.4606400318
262009,1,862,0.3333333333333333,nearest,272.57949657208763,834753.0851213408,821570.1869896302
262009,2,1347,0.3333333333333333,nearest,415.4287526409072,834438.8961242005,821563.1447617561
262009,3,677,0.3333333333333333,nearest,391.36682910237835,834937.6794728565,821501.3484153685
263004,1,1273,0.3333333333333333,nearest,662.55959879976,835424.2634199306,821523.3396678481
263004,2,870,0.3333333333333333,nearest,790.7625530395297,834905.2537489859,821557.2169575683
263004,3,685,0.3333333333333333,nearest,799.1388474976136,835118.772720131,821431.7925222256
263005,1,870,0.3333333333333333,nearest,551.6304417199531,834905.2537489859,821557.2169575683
263005,2,1552,0.3333333333333333,nearest,651.8445435003938,834587.0148501779,821540.4606400318
263005,3,1375,0.3333333333333333,nearest,645.646587909279,835208.1705644997,821538.2023923583
263008,1,862,0.3333333333333333,nearest,261.34147650322114,834753.0851213408,821570.1869896302
263008,2,680,0.3333333333333333,nearest,401.4323400597779,834977.4824893903,821455.3901016808
263008,3,1552,0.3333333333333333,nearest,364.9233487034181,834587.0148501779,821540.4606400318
263009,1,870,0.3333333333333333,nearest,151.4106688555378,834905.2537489859,821557.2169575683
263009,2,868,0.3333333333333333,nearest,309.1577346312963,834669.6704872748,821470.4564299914
263009,3,1524,0.3333333333333333,nearest,298.2872903745995,834938.7537483515,821414.2110635884
263010,1,870,1.0,inside,101.40877948001256,834905.2537489859,821557.2169575683
263011,1,1375,1.0,inside,114.57556357900629,835208.1705644997,821538.2023923583
263012,1,1273,1.0,inside,101.95598656045543,835424.2634199306,821523.3396678481
263013,1,1321,0.3333333333333333,inside,123.43881073799695,835182.2384719042,821508.1839539089
263013,2,685,0.3333333333333333,inside,136.50455195871325,835118.772720131,821431.7925222256
263013,3,1376,0.3333333333333333,inside,136.1704243403978,835203.4003839918,821532.6549003666
263014,1,1319,0.3333333333333333,inside,60.80606509146937,835290.3756751848,821467.4374473864
263014,2,1067,0.3333333333333333,inside,157.9098376594677,835431.921059521,821392.2734797809
263014,3,1273,0.3333333333333333,inside,94.41360297142977,835424.2634199306,821523.3396678481
263015,1,1377,0.5,inside,121.5420232797076,835593.0553008053,821391.3908839374
263015,2,1067,0.5,inside,129.46077956429897,835431.921059521,821392.2734797809
263016,1,1251,0.3333333333333333,inside,60.713705026368906,835206.7471604155,821361.2703356931
263016,2,1376,0.3333333333333333,inside,141.318904510462,835203.4003839918,821532.6549003666
263016,3,1317,0.3333333333333333,inside,71.21976338478733,835305.394835358,821448.821984247
263017,1,1375,0.3333333333333333,nearest,217.38674197778326,835208.1705644997,821538.2023923583
263017,2,870,0.3333333333333333,nearest,332.8541469697908,834905.2537489859,821557.2169575683
263017,3,1273,0.3333333333333333,nearest,339.2986943753457,835424.2634199306,821523.3396678481
263018,1,1375,0.3333333333333333,nearest,321.32091016967166,835208.1705644997,821538.2023923583
263018,2,870,0.3333333333333333,nearest,470.7538557641438,834905.2537489859,821557.2169575683
263018,3,1273,0.3333333333333333,nearest,363.67832044912336,835424.2634199306,821523.3396678481
263019,1,1375,0.3333333333333333,nearest,528.8741290661644,835208.1705644997,821538.2023923583
263019,2,1069,0.3333333333333333,nearest,640.4156084965829,834889.3456259166,821535.3482200842
263019,3,1273,0.3333333333333333,nearest,569.949697185693,835424.2634199306,821523.3396678481
264001,1,1635,0.3333333333333333,nearest,501.6566622105161,833563.5431836456,821694.5041730328
264001,2,1240,0.3333333333333333,nearest,809.0737703698009,833352.6953070099,821144.7104313374
264001,3,68,0.3333333333333333,nearest,1045.1984976926367,834065.7388014395,821485.0696272488
264002,1,1635,0.3333333333333333,nearest,373.29015377017663,833563.5431836456,821694.5041730328
264002,2,1240,0.3333333333333333,nearest,866.4485941869855,833352.6953070099,821144.7104313374
264002,3,1340,0.3333333333333333,nearest,889.9307626125521,834120.6765414771,821539.8867854328
264003,1,1635,0.3333333333333333,nearest,287.36466775842695,833563.5431836456,821694.5041730328
264003,2,318,0.3333333333333333,nearest,772.8811891013715,834262.0642304216,821728.9809585402
264003,3,320,0.3333333333333333,nearest,770.1133880479908,833925.9055600436,821318.8216524208
264004,1,1635,0.3333333333333333,nearest,539.5107493477492,833563.5431836456,821694.5041730328
264004,2,1347,0.3333333333333333,nearest,808.3638225515917,834438.8961242005,821563.1447617561
264004,3,19,0.3333333333333333,nearest,810.2253240234289,833936.8069335601,821330.5579097321
264009,1,1635,0.3333333333333333,nearest,388.2934234279968,833563.5431836456,821694.5041730328
264009,2,1240,0.3333333333333333,nearest,756.5581483391044,833352.6953070099,821144.7104313374
264009,3,68,0.3333333333333333,nearest,930.3285058432031,834065.7388014395,821485.0696272488
264010,1,1635,0.3333333333333333,nearest,309.63797041523,833563.5431836456,821694.5041730328
264010,2,1240,0.3333333333333333,nearest,806.1902684554668,833352.6953070099,821144.7104313374
264010,3,1340,0.3333333333333333,nearest,839.0313855073881,834120.6765414771,821539.8867854328
264011,1,1635,0.3333333333333333,nearest,273.96239855458265,833563.5431836456,821694.5041730328
264011,2,318,0.3333333333333333,nearest,615.6939361888691,834262.0642304216,821728.9809585402
264011,3,320,0.3333333333333333,nearest,667.236803917853,833925.9055600436,821318.8216524208
264013,1,1635,0.3333333333333333,nearest,497.0790570182402,833563.5431836456,821694.5041730328
264013,2,1281,0.3333333333333333,nearest,1006.8425336916574,833775.2945559294,821096.5891585588
264013,3,69,0.3333333333333333,nearest,949.7248099833339,833991.3879131936,821545.4419034979
264014,1,1635,0.3333333333333333,nearest,345.3315571958761,833563.5431836456,821694.5041730328
264014,2,1240,0.3333333333333333,nearest,700.8796614026386,833352.6953070099,821144.7104313374
264014,3,68,0.3333333333333333,nearest,889.3319501275513,834065.7388014395,821485.0696272488
264015,1,1635,0.3333333333333333,nearest,257.0633399781019,833563.5431836456,821694.5041730328
264015,2,1240,0.3333333333333333,nearest,783.5288794955865,833352.6953070099,821144.7104313374
264015,3,1340,0.3333333333333333,nearest,776.3638750544677,834120.6765414771,821539.8867854328
264017,1,1635,0.3333333333333333,nearest,240.5832382099615,833563.5431836456,821694.5041730328
264017,2,318,0.3333333333333333,nearest,481.5178793818202,834262.0642304216,821728.9809585402
264017,3,320,0.3333333333333333,nearest,491.85084747800875,833925.9055600436,821318.8216524208
264018,1,69,0.3333333333333333,nearest,331.7168592333378,833991.3879131936,821545.4419034979
264018,2,1635,0.3333333333333333,nearest,349.45767138165854,833563.5431836456,821694.5041730328
264018,3,318,0.3333333333333333,nearest,408.50245947494125,834262.0642304216,821728.9809585402
264019,1,318,0.3333333333333333,nearest,381.80842684300524,834262.0642304216,821728.9809585402
264019,2,1635,0.3333333333333333,nearest,445.1787062451954,833563.5431836456,821694.5041730328
264019,3,1243,0.3333333333333333,nearest,612.5976548968132,833949.1164384063,821320.5677875722
264020,1,318,0.3333333333333333,nearest,347.79891388028136,834262.0642304216,821728.9809585402
264020,2,1635,0.3333333333333333,nearest,593.0396937950628,833563.5431836456,821694.5041730328
264020,3,19,0.3333333333333333,nearest,695.1986124102298,833936.8069335601,821330.5579097321
264024,1,318,0.3333333333333333,nearest,383.4678531553491,834262.0642304216,821728.9809585402
264024,2,1635,0.3333333333333333,nearest,726.913080224456,833563.5431836456,821694.5041730328
264024,3,1552,0.3333333333333333,nearest,700.1830705841173,834587.0148501779,821540.4606400318
264027,1,318,0.3333333333333333,nearest,226.65981221443715,834262.0642304216,821728.9809585402
264027,2,103,0.3333333333333333,nearest,647.9722798620458,834762.2015773358,821562.4346646995
264027,3,69,0.3333333333333333,nearest,482.76645843330056,833991.3879131936,821545.4419034979
264028,1,318,0.3333333333333333,nearest,295.98984253962857,834262.0642304216,821728.9809585402
264028,2,103,0.3333333333333333,nearest,684.5146764786201,834762.2015773358,821562.4346646995
264028,3,69,0.3333333333333333,nearest,548.4237260948645,833991.3879131936,821545.4419034979
264029,1,318,0.3333333333333333,nearest,347.10340821149657,834262.0642304216,821728.9809585402
264029,2,103,0.3333333333333333,nearest,690.7175056952835,834762.2015773358,821562.4346646995
264029,3,69,0.3333333333333333,nearest,611.3671330914818,833991.3879131936,821545.4419034979
264033,1,69,0.3333333333333333,inside,106.34368478849979,833991.3879131936,821545.4419034979
264033,2,19,0.3333333333333333,inside,159.19839139576078,833936.8069335601,821330.5579097321
264033,3,68,0.3333333333333333,inside,162.6341753188513,834065.7388014395,821485.0696272488
264034,1,69,0.3333333333333333,nearest,82.86302879984683,833991.3879131936,821545.4419034979
264034,2,318,0.3333333333333333,nearest,280.03769462422474,834262.0642304216,821728.9809585402
264034,3,67,0.3333333333333333,nearest,308.96516615769934,833727.6789600038,821483.6151438534
264035,1,318,0.3333333333333333,nearest,116.15514194888121,834262.0642304216,821728.9809585402
264035,2,66,0.3333333333333333,nearest,460.0986298742407,833737.09696612,821495.8608858417
264035,3,1092,0.3333333333333333,nearest,235.96953472435385,834076.0496944622,821475.1795482087
264036,1,318,0.3333333333333333,nearest,213.76138870052944,834262.0642304216,821728.9809585402
264036,2,1658,0.3333333333333333,nearest,452.35534785898477,833672.6233365751,821534.4958302261
264036,3,1243,0.3333333333333333,nearest,469.1226947628313,833949.1164384063,821320.5677875722
264037,1,318,0.3333333333333333,nearest,94.29668632468518,834262.0642304216,821728.9809585402
264037,2,102,0.3333333333333333,nearest,563.3199379114202,834679.3535780553,821462.781513578
264037,3,69,0.3333333333333333,nearest,375.2203284167897,833991.3879131936,821545.4419034979
264038,1,318,0.3333333333333333,nearest,175.62216298570644,834262.0642304216,821728.9809585402
264038,2,103,0.3333333333333333,nearest,563.655346795077,834762.2015773358,821562.4346646995
264038,3,69,0.3333333333333333,nearest,474.8685913726222,833991.3879131936,821545.4419034979
264039,1,318,0.3333333333333333,nearest,235.50869977216232,834262.0642304216,821728.9809585402
264039,2,103,0.3333333333333333,nearest,562.0678441377551,834762.2015773358,821562.4346646995
264039,3,69,0.3333333333333333,nearest,539.4330141222064,833991.3879131936,821545.4419034979
264040,1,318,0.3333333333333333,nearest,297.1037787805743,834262.0642304216,821728.9809585402
264040,2,103,0.3333333333333333,nearest,569.5649180790028,834762.2015773358,821562.4346646995
264040,3,69,0.3333333333333333,nearest,603.2250100898956,833991.3879131936,821545.4419034979
264041,1,318,0.3333333333333333,nearest,169.96083350323636,834262.0642304216,821728.9809585402
264041,2,103,0.3333333333333333,nearest,435.52674697156016,834762.2015773358,821562.4346646995
264041,3,1347,0.3333333333333333,nearest,254.69543871414385,834438.8961242005,821563.1447617561
264042,1,318,0.3333333333333333,nearest,230.53155425292917,834262.0642304216,821728.9809585402
264042,2,103,0.3333333333333333,nearest,435.3912264651599,834762.2015773358,821562.4346646995
264042,3,1347,0.3333333333333333,nearest,301.4629266771773,834438.8961242005,821563.1447617561
264043,1,318,0.3333333333333333,nearest,295.4417912106457,834262.0642304216,821728.9809585402
264043,2,103,0.3333333333333333,nearest,433.1032890380343,834762.2015773358,821562.4346646995
264043,3,1347,0.3333333333333333,nearest,348.05990032352713,834438.8961242005,821563.1447617561
264044,1,318,0.3333333333333333,nearest,353.49994805364366,834262.0642304216,821728.9809585402
264044,2,870,0.3333333333333333,nearest,554.6128590542625,834905.2537489859,821557.2169575683
264044,3,865,0.3333333333333333,nearest,559.6180685839038,834621.3272798867,821411.2847575446
264045,1,1347,0.3333333333333333,nearest,185.7202023892578,834438.8961242005,821563.1447617561
264045,2,103,0.3333333333333333,nearest,313.77928000340347,834762.2015773358,821562.4346646995
264045,3,318,0.3333333333333333,nearest,240.10733706569152,834262.0642304216,821728.9809585402
264046,1,1347,0.3333333333333333,nearest,247.3973002661254,834438.8961242005,821563.1447617561
264046,2,103,0.3333333333333333,nearest,319.1045501527316,834762.2015773358,821562.4346646995
264046,3,318,0.3333333333333333,nearest,282.76176884417833,834262.0642304216,821728.9809585402
264047,1,1552,0.3333333333333333,nearest,294.6357509004847,834587.0148501779,821540.4606400318
264047,2,318,0.3333333333333333,nearest,338.594780488377,834262.0642304216,821728.9809585402
264047,3,870,0.3333333333333333,nearest,425.04387127045317,834905.2537489859,821557.2169575683
264048,1,862,0.3333333333333333,nearest,338.27845552212887,834753.0851213408,821570.1869896302
264048,2,318,0.3333333333333333,nearest,392.7371695386166,834262.0642304216,821728.9809585402
264048,3,1347,0.3333333333333333,nearest,369.0001349520593,834438.8961242005,821563.1447617561
264049,1,1552,0.3333333333333333,nearest,119.78906629001223,834587.0148501779,821540.4606400318
264049,2,104,0.3333333333333333,nearest,307.35298647625984,834850.9769411469,821488.9094593216
264049,3,1347,0.3333333333333333,nearest,184.19480348069288,834438.8961242005,821563.1447617561
264050,1,1552,0.3333333333333333,nearest,175.17994868764902,834587.0148501779,821540.4606400318
264050,2,1069,0.3333333333333333,nearest,307.6922494016714,834889.3456259166,821535.3482200842
264050,3,1347,0.3333333333333333,nearest,244.5202862791178,834438.8961242005,821563.1447617561
264051,1,862,0.3333333333333333,nearest,203.65304382194344,834753.0851213408,821570.1869896302
264051,2,1347,0.3333333333333333,nearest,306.72154861663853,834438.8961242005,821563.1447617561
264051,3,859,0.3333333333333333,nearest,346.54678723165335,834639.3767009157,821413.7743941013
264052,1,862,1.0,inside,64.3461718134182,834753.0851213408,821570.1869896302
264053,1,862,1.0,inside,64.36543895464536,834753.0851213408,821570.1869896302
264054,1,862,0.3333333333333333,nearest,116.6766754344306,834753.0851213408,821570.1869896302
264054,2,677,0.3333333333333333,nearest,258.67129474146753,834937.6794728565,821501.3484153685
264054,3,867,0.3333333333333333,nearest,294.4680200014579,834630.2807821515,821421.1392156655
264062,1,66,1.0,inside,70.90155007116452,833737.09696612,821495.8608858417
264063,1,1658,0.3333333333333333,nearest,128.2837553796514,833672.6233365751,821534.4958302261
264063,2,1093,0.3333333333333333,nearest,402.59791478435966,834082.6134848148,821485.3108655214
264063,3,320,0.3333333333333333,nearest,395.3510230552844,833925.9055600436,821318.8216524208
264064,1,1635,0.3333333333333333,nearest,93.56820141932153,833563.5431836456,821694.5041730328
264064,2,1340,0.3333333333333333,nearest,501.88175694980606,834120.6765414771,821539.8867854328
264064,3,320,0.3333333333333333,nearest,486.83825079249146,833925.9055600436,821318.8216524208
264066,1,318,0.3333333333333333,nearest,429.95038614906287,834262.0642304216,821728.9809585402
264066,2,103,0.3333333333333333,nearest,758.0041937978425,834762.2015773358,821562.4346646995
264066,3,69,0.3333333333333333,nearest,682.6442193121885,833991.3879131936,821545.4419034979
264068,1,1635,1.0,inside,93.74588858473736,833563.5431836456,821694.5041730328
265003,1,318,1.0,inside,80.05746530824185,834262.0642304216,821728.9809585402
265004,1,1347,0.3333333333333333,nearest,97.16306678182458,834438.8961242005,821563.1447617561
265004,2,103,0.3333333333333333,nearest,337.18454788975765,834762.2015773358,821562.4346646995
265004,3,318,0.3333333333333333,nearest,190.29355282949447,834262.0642304216,821728.9809585402
265005,1,1347,0.3333333333333333,nearest,68.9555397214273,834438.8961242005,821563.1447617561
265005,2,862,0.3333333333333333,nearest,245.38668978041665,834753.0851213408,821570.1869896302
265005,3,265,0.3333333333333333,nearest,253.29706522593094,834556.5476340445,821313.2913998766
265006,1,1552,0.3333333333333333,nearest,72.77812509454424,834587.0148501779,821540.4606400318
265006,2,866,0.3333333333333333,nearest,285.70762469853986,834546.0714013361,821322.3395912746
265006,3,103,0.3333333333333333,nearest,207.92901066140817,834762.2015773358,821562.4346646995
265007,1,1552,0.3333333333333333,inside,58.33986670433795,834587.0148501779,821540.4606400318
265007,2,867,0.3333333333333333,inside,69.10991159841268,834630.2807821515,821421.1392156655
265007,3,868,0.3333333333333333,inside,69.59989100724502,834669.6704872748,821470.4564299914
265008,1,1552,0.3333333333333333,nearest,62.62658751774772,834587.0148501779,821540.4606400318
265008,2,104,0.3333333333333333,nearest,206.52459254626152,834850.9769411469,821488.9094593216
265008,3,205,0.3333333333333333,nearest,130.92570762925612,834630.8249016524,821403.1779650754
265009,1,1687,0.3333333333333333,nearest,33.1252362358218,834223.6071343991,821176.8508664226
265009,2,1269,0.3333333333333333,nearest,174.18719970780216,834397.0687862047,821121.9931734183
265009,3,64,0.3333333333333333,nearest,138.66887520042582,834307.5621442791,821032.8848050981
265011,1,64,0.3333333333333333,inside,61.96097055808242,834307.5621442791,821032.8848050981
265011,2,544,0.3333333333333333,inside,72.15416538161072,834257.81797561,821155.7403540155
265011,3,63,0.3333333333333333,inside,63.564075081926106,834216.232196201,821109.5139900795
265018,1,866,0.3333333333333333,inside,33.70104928285143,834546.0714013361,821322.3395912746
265018,2,773,0.3333333333333333,inside,178.12847341010993,834435.4317187482,821187.8647587134
265018,3,865,0.3333333333333333,inside,120.98868439834327,834621.3272798867,821411.2847575446
265019,1,1347,1.0,inside,78.50695289304623,834438.8961242005,821563.1447617561
265020,1,1340,0.5,inside,95.11086880730535,834120.6765414771,821539.8867854328
265020,2,1093,0.5,inside,140.62098188216368,834082.6134848148,821485.3108655214
265021,1,866,0.3333333333333333,nearest,154.10568305871203,834546.0714013361,821322.3395912746
265021,2,1347,0.3333333333333333,nearest,201.70772937801854,834438.8961242005,821563.1447617561
265021,3,554,0.3333333333333333,nearest,235.6587542736737,834387.7050511211,821130.1665309577
265022,1,400,1.0,inside,65.20615644621489,834428.2913435422,821179.7044437893
265023,1,554,0.3333333333333333,inside,64.48044919436165,834387.7050511211,821130.1665309577
265023,2,544,0.3333333333333333,inside,67.90058988472673,834257.81797561,821155.7403540155
265023,3,550,0.3333333333333333,inside,65.74334853864595,834346.428268199,821080.783840574
265024,1,1557,0.3333333333333333,inside,142.80866345382407,834214.8008300668,821192.5210035706
265024,2,1092,0.3333333333333333,inside,179.20666284709492,834076.0496944622,821475.1795482087
265024,3,1243,0.3333333333333333,inside,175.39469103522208,833949.1164384063,821320.5677875722
266001,1,1268,1.0,inside,61.88547808761857,834354.8133894772,821073.3635755492
266002,1,1269,0.5,inside,62.27401988811156,834397.0687862047,821121.9931734183
266002,2,559,0.5,inside,68.21144592515087,834484.5881145453,821048.8979275005
266003,1,551,0.3333333333333333,inside,61.20332881034745,834525.3494504275,821098.4582162605
266003,2,1270,0.3333333333333333,inside,64.7707227436356,834438.38649574,821171.2763342115
266003,3,559,0.3333333333333333,inside,66.40826856492265,834484.5881145453,821048.8979275005
266004,1,1064,0.3333333333333333,inside,60.03567201975118,834480.3118760557,821221.4786366994
266004,2,402,0.3333333333333333,inside,68.82061519984951,834571.4680550033,821151.51725046
266004,3,915,0.3333333333333333,inside,60.28350965862749,834445.4238502383,821179.4588127192
266005,1,268,0.5,inside,78.78801331586429,834607.9838188448,821196.095156941
266005,2,402,0.5,inside,79.25260146273524,834571.4680550033,821151.51725046
266006,1,267,0.3333333333333333,inside,59.788053325363585,834521.4539755452,821271.249276847
266006,2,1502,0.3333333333333333,inside,66.21857904699554,834643.5927428047,821240.274600426
266006,3,268,0.3333333333333333,inside,67.1030334158891,834607.9838188448,821196.095156941
266007,1,265,0.5,inside,61.49475600903792,834556.5476340445,821313.2913998766
266007,2,1502,0.5,inside,66.81678676387028,834643.5927428047,821240.274600426
266008,1,205,1.0,inside,59.801834260924544,834630.8249016524,821403.1779650754
266009,1,859,0.5,inside,62.223016179911525,834639.3767009157,821413.7743941013
266009,2,102,0.5,inside,64.78769166788946,834679.3535780553,821462.781513578
266010,1,401,0.5,inside,62.81693767371786,834719.9174161365,821511.7997535572
266010,2,1402,0.5,inside,65.55823344672122,834772.2092440133,821394.6039440241
266011,1,103,0.5,inside,64.04460481653277,834762.2015773358,821562.4346646995
266011,2,104,0.5,inside,67.58353738879316,834850.9769411469,821488.9094593216
266012,1,1069,0.3333333333333333,inside,56.46760470911075,834889.3456259166,821535.3482200842
266012,2,103,0.3333333333333333,inside,74.16889821101967,834762.2015773358,821562.4346646995
266012,3,104,0.3333333333333333,inside,66.14579889541444,834850.9769411469,821488.9094593216
266014,1,556,0.5,inside,63.707382596740935,834443.8676812047,820998.9390980974
266014,2,20,0.5,inside,65.03905609080904,834404.2599951129,820951.9590108591
266015,1,556,0.5,inside,65.26699108049371,834443.8676812047,820998.9390980974
266015,2,559,0.5,inside,66.10837106773018,834484.5881145453,821048.8979275005
266016,1,551,0.5,inside,61.55786582358001,834525.3494504275,821098.4582162605
266016,2,559,0.5,inside,65.12217686077274,834484.5881145453,821048.8979275005
266017,1,774,0.3333333333333333,inside,61.36493870521363,834621.6585013327,821036.1040405034
266017,2,402,0.3333333333333333,inside,64.53826455535693,834571.4680550033,821151.51725046
266017,3,775,0.3333333333333333,inside,62.15115219759282,834535.3641796403,821107.0169003912
266018,1,402,0.3333333333333333,inside,63.923295521825935,834571.4680550033,821151.51725046
266018,2,269,0.3333333333333333,inside,64.58431528767969,834696.3380198912,821121.2071053667
266018,3,268,0.3333333333333333,inside,64.22523674073331,834607.9838188448,821196.095156941
266019,1,268,0.3333333333333333,inside,64.19604204487322,834607.9838188448,821196.095156941
266019,2,266,0.3333333333333333,inside,64.46306219590794,834733.0389435054,821165.8627997643
266019,3,269,0.3333333333333333,inside,65.44129698914614,834696.3380198912,821121.2071053667
266020,1,266,1.0,inside,65.09408741357329,834733.0389435054,821165.8627997643
266021,1,266,0.3333333333333333,nearest,108.60180945284566,834733.0389435054,821165.8627997643
266021,2,865,0.3333333333333333,nearest,186.81561362532167,834621.3272798867,821411.2847575446
266021,3,278,0.3333333333333333,nearest,175.86800392866547,834898.1078503489,821364.2842392318
266022,1,271,1.0,inside,68.02442601537125,834858.4920049272,821315.5090729687
266023,1,278,0.3333333333333333,inside,64.75403334657358,834898.1078503489,821364.2842392318
266023,2,1402,0.3333333333333333,inside,64.77370572669089,834772.2092440133,821394.6039440241
266023,3,271,0.3333333333333333,inside,66.90353465072424,834858.4920049272,821315.5090729687
266024,1,1524,0.5,inside,64.35938968019006,834938.7537483515,821414.2110635884
266024,2,104,0.5,inside,66.73488582172473,834850.9769411469,821488.9094593216
266025,1,677,0.3333333333333333,inside,33.898294704909446,834937.6794728565,821501.3484153685
266025,2,104,0.3333333333333333,inside,57.94812681700327,834850.9769411469,821488.9094593216
266025,3,1524,0.3333333333333333,inside,75.77310171206341,834938.7537483515,821414.2110635884
266026,1,684,1.0,inside,56.764705116164066,834980.6151789986,821466.0536095207
266027,1,1057,1.0,inside,61.23495922918767,834621.7833660756,820852.8157913001
266028,1,1057,0.5,inside,65.21717574371647,834621.7833660756,820852.8157913001
266028,2,1059,0.5,inside,66.00727264125517,834662.8330445802,820900.4385407172
266029,1,1060,0.5,inside,64.76882110361866,834704.1092785571,820949.6116653297
266029,2,1059,0.5,inside,68.49282467339363,834662.8330445802,820900.4385407172
266030,1,777,0.3333333333333333,inside,63.798237076284785,834712.3625692988,820960.8061272281
266030,2,263,0.3333333333333333,inside,64.92202061437469,834660.1109798859,821078.4007221897
266030,3,1061,0.3333333333333333,inside,65.97759433036143,834749.4139740927,821004.1329999738
266031,1,269,0.3333333333333333,inside,63.793170205486575,834696.3380198912,821121.2071053667
266031,2,561,0.3333333333333333,inside,64.75642799700319,834785.6100172106,821046.7624150594
266031,3,263,0.3333333333333333,inside,64.67624877135643,834660.1109798859,821078.4007221897
266032,1,266,0.3333333333333333,inside,64.14675892712636,834733.0389435054,821165.8627997643
266032,2,561,0.3333333333333333,inside,66.0419702443577,834785.6100172106,821046.7624150594
266032,3,269,0.3333333333333333,inside,64.43675874258396,834696.3380198912,821121.2071053667
266033,1,266,1.0,inside,65.12742423086142,834733.0389435054,821165.8627997643
266034,1,206,1.0,inside,63.87124967309984,834897.9064312176,821182.4798032145
266035,1,857,0.3333333333333333,inside,65.00136327924217,834905.8399760429,821192.3566542796
266035,2,271,0.3333333333333333,inside,67.05859291005925,834858.4920049272,821315.5090729687
266035,3,272,0.3333333333333333,inside,66.45911722840208,834945.3838197922,821240.522899267
266036,1,275,0.3333333333333333,inside,64.76966352734264,834986.6170723797,821289.9957794531
266036,2,271,0.3333333333333333,inside,65.91283696903213,834858.4920049272,821315.5090729687
266036,3,278,0.3333333333333333,inside,65.146763147085,834898.1078503489,821364.2842392318
266037,1,1066,1.0,inside,66.26466122843416,835029.3027339211,821340.4541962774
266038,1,1066,0.3333333333333333,inside,54.53461650445457,835029.3027339211,821340.4541962774
266038,2,680,0.3333333333333333,inside,71.62030447580439,834977.4824893903,821455.3901016808
266038,3,683,0.3333333333333333,inside,54.864304500065494,835053.7205086089,821364.1716792319
266039,1,685,0.5,inside,73.04053377963807,835118.772720131,821431.7925222256
266039,2,1373,0.5,inside,78.80765039503866,835060.6026410675,821368.74449394
266040,1,1265,0.3333333333333333,inside,116.62725130428102,834188.1372350163,820872.3569848601
266040,2,906,0.3333333333333333,inside,157.88264603804313,834432.8822303863,820796.960127206
266040,3,1266,0.3333333333333333,inside,153.95421306711987,834251.1253665469,820946.6406731405
266041,1,562,0.3333333333333333,inside,12.640534409373869,834822.2593064129,821090.9643086481
266041,2,1066,0.3333333333333333,inside,334.3309835716118,835029.3027339211,821340.4541962774
266041,3,1059,0.3333333333333333,inside,238.5529260729012,834662.8330445802,820900.4385407172
266042,1,906,0.3333333333333333,inside,51.556973030944846,834432.8822303863,820796.960127206
266042,2,111,0.3333333333333333,inside,304.31092039330076,834725.3061500796,820687.5224727484
266042,3,1267,0.3333333333333333,inside,235.93144755802126,834316.5345213636,821025.6084011446
267003,1,780,0.3333333333333333,inside,54.48094254343143,834719.91170915,820935.956486952
267003,2,1056,0.3333333333333333,inside,62.78296690347184,834756.0621385283,820824.5315934427
267003,3,785,0.3333333333333333,inside,60.17002061775179,834679.099120926,820887.0268903668
267004,1,789,0.5,inside,55.371080973020284,834728.1648764693,820945.9439478009
267004,2,403,0.5,inside,58.84979401496531,834840.6234000404,820925.9677583746
267005,1,1667,0.5,inside,54.07447738187705,834800.3100490957,821032.8195113719
267005,2,558,0.5,inside,57.97323932677511,834877.0049074524,820969.6161258006
267006,1,791,0.3333333333333333,inside,55.647128347346296,834837.7320471244,821077.5528951132
267006,2,558,0.3333333333333333,inside,59.21958298043955,834877.0049074524,820969.6161258006
267006,3,548,0.3333333333333333,inside,58.054854953287965,834914.3547272827,821014.4272117207
267007,1,788,0.5,inside,54.846157775918805,834875.0714178421,821122.3528193414
267007,2,264,0.5,inside,57.737103935944816,834951.7455351527,821059.1719451704
267008,1,782,0.5,inside,53.69089685373452,834913.9869224428,821168.4593693078
267008,2,207,0.5,inside,57.79564609876264,834990.8670729547,821105.9873698563
267009,1,856,0.3333333333333333,inside,55.402650729730546,834922.8888410678,821178.0039403626
267009,2,273,0.3333333333333333,inside,62.209275146245496,835039.6939684149,821164.4514309583
267009,3,858,0.3333333333333333,inside,59.14233407572208,834998.903567672,821115.2219972293
267010,1,781,0.3333333333333333,inside,57.07835586584782,835004.9950094775,821277.2597734797
267010,2,273,0.3333333333333333,inside,60.948245027332575,835039.6939684149,821164.4514309583
267010,3,276,0.3333333333333333,inside,60.58895468108657,835081.5144146183,821214.8325381285
267011,1,678,0.3333333333333333,inside,33.088577004529654,835105.0078925419,821275.812440143
267011,2,790,0.3333333333333333,inside,63.68875902927727,835045.9188564981,821326.024134988
267011,3,276,0.3333333333333333,inside,54.15580686908497,835081.5144146183,821214.8325381285
267012,1,863,0.3333333333333333,inside,44.43020738792618,835057.6438196268,821341.304628683
267012,2,790,0.3333333333333333,inside,45.04697820284358,835045.9188564981,821326.024134988
267012,3,779,0.3333333333333333,inside,48.043687878141334,835064.5366221053,821350.5283076613
267013,1,1489,0.3333333333333333,inside,25.528746038303577,835102.9745244547,821362.1746941559
267013,2,679,0.3333333333333333,inside,64.66202374820648,835134.3484983312,821278.0471234297
267013,3,682,0.3333333333333333,inside,61.42840431273225,835163.8149027039,821311.099358523
267014,1,1489,0.3333333333333333,inside,39.5728793500852,835102.9745244547,821362.1746941559
267014,2,21,0.3333333333333333,inside,57.33514211580399,835194.4971361307,821348.6474015866
267014,3,685,0.3333333333333333,inside,65.1520535548011,835118.772720131,821431.7925222256
267015,1,1058,0.3333333333333333,inside,23.011302511815508,834796.410990537,820872.9299055396
267015,2,639,0.3333333333333333,inside,75.17091810692807,834870.3663796947,820811.9968208342
267015,3,1056,0.3333333333333333,inside,58.17914141481639,834756.0621385283,820824.5315934427
267016,1,1055,0.5,inside,55.812640489564956,834880.8858825458,820820.1127405858
267016,2,403,0.5,inside,57.46257616406284,834840.6234000404,820925.9677583746
267017,1,555,1.0,inside,56.312298016368445,834953.2883230746,820906.7453627463
267018,1,1517,0.5,inside,56.60201211432164,834990.4320424566,820951.7448949171
267018,2,555,0.5,inside,57.05110064387008,834953.2883230746,820906.7453627463
267019,1,25,0.5,inside,55.49159801597041,835027.6682436971,820996.4455266761
267019,2,1517,0.5,inside,57.93910562545939,834990.4320424566,820951.7448949171
267020,1,207,1.0,inside,55.91838699109864,834990.8670729547,821105.9873698563
267021,1,858,0.5,inside,56.321023454102196,834998.903567672,821115.2219972293
267021,2,273,0.5,inside,59.82482742074075,835039.6939684149,821164.4514309583
267022,1,273,1.0,inside,58.22960935687729,835039.6939684149,821164.4514309583
267023,1,861,0.3333333333333333,inside,39.162520842865064,835150.4991717861,821235.4573411754
267023,2,277,0.3333333333333333,inside,53.56859633006677,835158.3536336396,821150.0248629901
267023,3,1065,0.3333333333333333,inside,61.85093293891173,835121.8094179671,821259.0016484028
267024,1,625,0.3333333333333333,inside,18.45468632579661,835211.4688136094,821257.9876307816
267024,2,21,0.3333333333333333,inside,76.12682434577093,835194.4971361307,821348.6474015866
267024,3,627,0.3333333333333333,inside,85.98685892200028,835179.877676418,821189.2456206952
267025,1,783,0.5,inside,41.81083699511401,834893.1242737272,820810.0347914472
267025,2,1055,0.5,inside,45.80240541609935,834880.8858825458,820820.1127405858
267026,1,555,0.5,inside,57.41335377379385,834953.2883230746,820906.7453627463
267026,2,638,0.5,inside,94.430755612212,835061.5901862518,820817.3071953566
267027,1,1517,0.5,inside,58.150581937454575,834990.4320424566,820951.7448949171
267027,2,555,0.5,inside,58.29210488423052,834953.2883230746,820906.7453627463
267028,1,25,0.3333333333333333,inside,50.7153996014599,835027.6682436971,820996.4455266761
267028,2,131,0.3333333333333333,inside,50.75218879363656,835105.7858590893,820932.2908414033
267028,3,208,0.3333333333333333,inside,72.22368286117882,835066.9955017992,821039.9612261531
267029,1,860,0.3333333333333333,inside,39.64524068109222,835130.2796836427,821002.7495871718
267029,2,274,0.3333333333333333,inside,59.07993135690194,835116.6568819344,821099.5438821793
267029,3,270,0.3333333333333333,inside,62.48334820887967,835193.7544886351,821036.3863203652
267030,1,618,0.3333333333333333,inside,36.51883299500856,835206.853635531,821109.1381941168
267030,2,274,0.3333333333333333,inside,62.337950932576966,835116.6568819344,821099.5438821793
267030,3,270,0.3333333333333333,inside,53.176510777090606,835193.7544886351,821036.3863203652
267031,1,630,0.5,inside,52.150498759244485,835266.9954083735,821228.2738145733
267031,2,621,0.5,inside,59.297659550736334,835204.1253932081,821136.2573363881
267032,1,772,0.3333333333333333,inside,47.474706977592916,835079.6091874855,820818.0698819613
267032,2,633,0.3333333333333333,inside,87.93575912937825,835148.6047452486,820821.0546171998
267032,3,638,0.3333333333333333,inside,48.91040250794705,835061.5901862518,820817.3071953566
267033,1,633,0.3333333333333333,inside,50.38499680550058,835148.6047452486,820821.0546171998
267033,2,131,0.3333333333333333,inside,69.20803932845553,835105.7858590893,820932.2908414033
267033,3,132,0.3333333333333333,inside,67.9615515610822,835201.1699423938,820853.7066213632
267034,1,132,0.5,inside,69.27999610314859,835201.1699423938,820853.7066213632
267034,2,131,0.5,inside,71.8890047743098,835105.7858590893,820932.2908414033
267035,1,1320,0.5,inside,67.75678373548679,835285.8826937272,820955.4774050169
267035,2,270,0.5,inside,72.51071952951864,835193.7544886351,821036.3863203652
267036,1,628,0.3333333333333333,inside,48.349103627983006,835229.1032385218,821060.7898781082
267036,2,1320,0.3333333333333333,inside,75.12137125077803,835285.8826937272,820955.4774050169
267036,3,270,0.3333333333333333,inside,49.80480979431114,835193.7544886351,821036.3863203652
267037,1,988,0.5,inside,45.39164690795362,835324.8191549183,821020.6867270708
267037,2,621,0.5,inside,122.18114405268926,835204.1253932081,821136.2573363881
267038,1,209,0.3333333333333333,inside,18.663151983836194,835243.3609103529,820893.8008598085
267038,2,1618,0.3333333333333333,inside,93.67902574813417,835333.6677293604,820830.266647634
267038,3,672,0.3333333333333333,inside,94.2639988626647,835176.7510505412,820822.2596322133
267039,1,622,0.3333333333333333,inside,6.201067449377165,835281.8814107202,820892.5249283717
267039,2,624,0.3333333333333333,inside,72.93350882002305,835335.141792803,820843.9533783712
267039,3,629,0.3333333333333333,inside,30.253835897605097,835281.5333379911,820927.4617765191
267040,1,624,0.3333333333333333,inside,65.90213757499353,835335.141792803,820843.9533783712
267040,2,631,0.3333333333333333,inside,71.36961939101067,835342.7736909576,820980.9097122735
267040,3,985,0.3333333333333333,inside,96.74165216492523,835408.0001694028,820839.3315556875
267043,1,785,0.3333333333333333,inside,39.87107964650179,834679.099120926,820887.0268903668
267043,2,114,0.3333333333333333,inside,75.1290683255865,834744.9024939314,820802.8175897133
267043,3,702,0.3333333333333333,inside,83.1278525119388,834613.639295566,820804.1044229848
268007,1,1378,1.0,inside,179.94301486030966,835602.0386619946,821390.8700450131
268008,1,250,0.3333333333333333,nearest,84.81260686877278,835907.7017712202,821452.8826262411
268008,2,913,0.3333333333333333,nearest,323.0143202548146,835774.8891721375,821152.086126291
268008,3,249,0.3333333333333333,nearest,368.08141170653704,836132.1843130988,821673.8283884736
268009,1,255,1.0,inside,70.53902589563641,835815.8743513072,821256.6296390491
268012,1,1067,1.0,inside,178.97184648416786,835431.921059521,821392.2734797809
268013,1,1377,1.0,inside,140.54776218274634,835593.0553008053,821391.3908839374
268014,1,1378,1.0,inside,149.0294210615525,835602.0386619946,821390.8700450131
268015,1,250,1.0,inside,83.51949354379306,835907.7017712202,821452.8826262411
268016,1,250,1.0,inside,73.7786118003939,835907.7017712202,821452.8826262411
268017,1,261,0.3333333333333333,nearest,118.99081749425439,836108.6933016604,821395.3857878535
268017,2,252,0.3333333333333333,nearest,249.95048040666126,835835.6006419597,821173.245759413
268017,3,254,0.3333333333333333,nearest,262.17928541950783,836132.1077268514,821145.1137781265
268018,1,261,1.0,inside,68.14132988206018,836108.6933016604,821395.3857878535
268019,1,261,1.0,inside,98.31190558129687,836108.6933016604,821395.3857878535
268020,1,22,1.0,inside,136.5497950118759,836066.8028785156,821212.2862100701
268021,1,1621,0.3333333333333333,inside,46.15492588263794,835777.8013310923,821044.4628717123
268021,2,256,0.3333333333333333,inside,170.37115784500313,835836.1281523672,821249.5309660083
268021,3,913,0.3333333333333333,inside,75.96278256700094,835774.8891721375,821152.086126291
268022,1,22,0.3333333333333333,nearest,101.10952658324906,836066.8028785156,821212.2862100701
268022,2,913,0.3333333333333333,nearest,217.70655371615186,835774.8891721375,821152.086126291
268022,3,250,0.3333333333333333,nearest,216.677042402416,835907.7017712202,821452.8826262411
268023,1,251,0.5,inside,99.34651810126107,835867.0755048589,821238.8110139653
268023,2,252,0.5,inside,107.76622295516086,835835.6006419597,821173.245759413
268026,1,254,0.3333333333333333,nearest,42.880627718387395,836132.1077268514,821145.1137781265
268026,2,256,0.3333333333333333,nearest,276.9739395951135,835836.1281523672,821249.5309660083
268026,3,261,0.3333333333333333,nearest,218.44935125220871,836108.6933016604,821395.3857878535
268027,1,257,0.3333333333333333,inside,46.66871820976677,835870.3972561293,821007.9399150641
268027,2,258,0.3333333333333333,inside,114.30379686168145,835973.0720733724,821120.3667059861
268027,3,1480,0.3333333333333333,inside,164.72076172455974,835784.3291829681,820921.5581175064
268028,1,23,0.3333333333333333,inside,95.94370890236608,836015.8260522361,821104.4312259955
268028,2,1479,0.3333333333333333,inside,288.12545715367247,835789.4369949385,820850.86487384
268028,3,254,0.3333333333333333,inside,169.76766189248434,836132.1077268514,821145.1137781265
268030,1,1206,0.3333333333333333,nearest,399.3107440001113,836139.7671950858,821763.5014378523
268030,2,1319,0.3333333333333333,nearest,657.1923663067521,835290.3756751848,821467.4374473864
268030,3,255,0.3333333333333333,nearest,660.8840234419241,835815.8743513072,821256.6296390491
268031,1,1206,0.3333333333333333,nearest,241.1055986051419,836139.7671950858,821763.5014378523
268031,2,1377,0.3333333333333333,nearest,786.1254761108719,835593.0553008053,821391.3908839374
268031,3,1699,0.3333333333333333,nearest,781.4740938709758,836683.1635465136,821489.6038977824
268032,1,249,0.5,inside,108.69113211177027,836132.1843130988,821673.8283884736
268032,2,1206,0.5,inside,124.96577345428425,836139.7671950858,821763.5014378523
268033,1,1273,0.3333333333333333,nearest,290.5183916324122,835424.2634199306,821523.3396678481
268033,2,256,0.3333333333333333,nearest,455.8934804942822,835836.1281523672,821249.5309660083
268033,3,1378,0.3333333333333333,nearest,292.54672288560613,835602.0386619946,821390.8700450131
268034,1,250,1.0,inside,141.74335938793575,835907.7017712202,821452.8826262411
268035,1,249,0.3333333333333333,inside,120.87214383206322,836132.1843130988,821673.8283884736
268035,2,260,0.3333333333333333,inside,192.14694492382029,836174.955969748,821383.3483909047
268035,3,1206,0.3333333333333333,inside,199.0247163842984,836139.7671950858,821763.5014378523
268036,1,259,1.0,inside,62.42220309878416,835833.1136350362,821022.3917946804
268037,1,1490,0.3333333333333333,inside,57.139961718479285,835472.0814702931,820845.2746173241
268037,2,988,0.3333333333333333,inside,204.02729169344227,835324.8191549183,821020.6867270708
268037,3,985,0.3333333333333333,inside,101.22047700878429,835408.0001694028,820839.3315556875
268038,1,1427,0.3333333333333333,inside,105.1896680054748,835779.5395053247,820951.0358674679
268038,2,1616,0.3333333333333333,inside,136.83510900001866,835650.7973172714,820844.9564849233
268038,3,1294,0.3333333333333333,inside,161.84290256574778,835775.8687030723,820850.0237093926
269001,1,1240,0.3333333333333333,nearest,1479.9973375653926,833352.6953070099,821144.7104313374
269001,2,717,0.3333333333333333,nearest,1917.9200564359066,834180.1385606085,820150.732931944
269001,3,70,0.3333333333333333,nearest,1758.7327707530371,833882.0157048682,820829.2253946087
269002,1,1240,0.3333333333333333,nearest,657.9499076717783,833352.6953070099,821144.7104313374
269002,2,1635,0.3333333333333333,nearest,1068.5046897704299,833563.5431836456,821694.5041730328
269002,3,49,0.3333333333333333,nearest,1142.7368827415717,833811.7492011669,820803.833763121
269003,1,49,0.5,inside,206.02621154645547,833811.7492011669,820803.833763121
269003,2,1240,0.5,inside,405.10524834290175,833352.6953070099,821144.7104313374
271007,1,1206,0.3333333333333333,nearest,426.68219962360456,836139.7671950858,821763.5014378523
271007,2,970,0.3333333333333333,nearest,950.586971240748,836762.4579915403,821486.3174170647
271007,3,352,0.3333333333333333,nearest,455.8473560529281,836496.8250409508,821928.697024566
271008,1,352,0.3333333333333333,nearest,407.85781481619534,836496.8250409508,821928.697024566
271008,2,250,0.3333333333333333,nearest,785.9088618071212,835907.7017712202,821452.8826262411
271008,3,970,0.3333333333333333,nearest,910.9042819627191,836762.4579915403,821486.3174170647
271012,1,352,0.3333333333333333,nearest,184.18070642577024,836496.8250409508,821928.697024566
271012,2,250,0.3333333333333333,nearest,756.8471814294571,835907.7017712202,821452.8826262411
271012,3,970,0.3333333333333333,nearest,695.5062594263148,836762.4579915403,821486.3174170647
271013,1,352,0.3333333333333333,nearest,148.60098914694288,836496.8250409508,821928.697024566
271013,2,250,0.3333333333333333,nearest,623.5450058421214,835907.7017712202,821452.8826262411
271013,3,970,0.3333333333333333,nearest,573.5026779488331,836762.4579915403,821486.3174170647
271015,1,352,0.3333333333333333,nearest,218.1936916463359,836496.8250409508,821928.697024566
271015,2,1580,0.3333333333333333,nearest,498.361562675714,836448.8374452537,821260.4335733505
271015,3,249,0.3333333333333333,nearest,248.94183851020207,836132.1843130988,821673.8283884736
271016,1,1578,0.3333333333333333,nearest,132.89629592601491,836463.112861865,821520.2509211032
271016,2,352,0.3333333333333333,nearest,325.35180589742043,836496.8250409508,821928.697024566
271016,3,1206,0.3333333333333333,nearest,278.25834432250855,836139.7671950858,821763.5014378523
271017,1,1578,0.3333333333333333,nearest,58.95466890949925,836463.112861865,821520.2509211032
271017,2,1370,0.3333333333333333,nearest,309.1300621352926,836804.1237028074,821653.1519649511
271017,3,1314,0.3333333333333333,nearest,344.2442336471816,836665.9758310881,821246.8505176832
271018,1,1699,0.3333333333333333,nearest,151.80277480229057,836683.1635465136,821489.6038977824
271018,2,352,0.3333333333333333,nearest,325.1989721046302,836496.8250409508,821928.697024566
271018,3,1213,0.3333333333333333,nearest,378.64396899801886,836577.5215024786,821254.1126827085
271019,1,1699,0.3333333333333333,nearest,81.29230729551374,836683.1635465136,821489.6038977824
271019,2,1213,0.3333333333333333,nearest,289.59130625705916,836577.5215024786,821254.1126827085
271019,3,971,0.3333333333333333,nearest,168.23443379987532,836460.5996137479,821486.3549481782
271020,1,970,0.3333333333333333,nearest,93.9390778240707,836762.4579915403,821486.3174170647
271020,2,971,0.3333333333333333,nearest,284.82152894366953,836460.5996137479,821486.3549481782
271020,3,1314,0.3333333333333333,nearest,334.5259540803471,836665.9758310881,821246.8505176832
271021,1,970,0.3333333333333333,inside,58.497269343826865,836762.4579915403,821486.3174170647
271021,2,1370,0.3333333333333333,inside,117.78047891188264,836804.1237028074,821653.1519649511
271021,3,907,0.3333333333333333,inside,132.649781551959,836830.216972196,821408.351330599
271022,1,109,1.0,inside,214.26049492703544,836292.5026426594,821234.2547813217
271023,1,109,1.0,inside,167.64326271514497,836292.5026426594,821234.2547813217
271024,1,971,0.5,inside,112.30099717805886,836460.5996137479,821486.3549481782
271024,2,1578,0.5,inside,145.00976497068498,836463.112861865,821520.2509211032
271025,1,580,1.0,inside,104.96774783319292,836475.4033909898,821498.8903291266
271026,1,1699,1.0,inside,72.03356441962151,836683.1635465136,821489.6038977824
271027,1,1699,0.3333333333333333,nearest,120.16699027402659,836683.1635465136,821489.6038977824
271027,2,1580,0.3333333333333333,nearest,209.93965079537475,836448.8374452537,821260.4335733505
271027,3,1313,0.3333333333333333,nearest,159.13281747870977,836673.2285490901,821246.4409884079
271028,1,1213,0.3333333333333333,nearest,93.6823861134678,836577.5215024786,821254.1126827085
271028,2,580,0.3333333333333333,nearest,205.48733792815807,836475.4033909898,821498.8903291266
271028,3,245,0.3333333333333333,nearest,185.3239946155087,836785.9289269418,821396.5122227253
271029,1,1213,1.0,inside,47.43661916781712,836577.5215024786,821254.1126827085
271030,1,247,0.5,inside,127.39648336747157,836671.0133249926,821256.4956526852
271030,2,1699,0.5,inside,132.1333683605293,836683.1635465136,821489.6038977824
271031,1,245,1.0,inside,63.61576956344204,836785.9289269418,821396.5122227253
271032,1,108,0.3333333333333333,inside,100.69859149274076,836244.350051217,820953.8852997421
271032,2,1415,0.3333333333333333,inside,230.38712467272435,836080.2121384738,820859.9057548253
271032,3,1520,0.3333333333333333,inside,176.7824968272788,836204.8402884408,820872.4731824067
271033,1,587,0.5,inside,91.4966667539886,836439.9897256688,821100.9421076919
271033,2,1580,0.5,inside,133.78519234298432,836448.8374452537,821260.4335733505
271034,1,969,0.3333333333333333,inside,30.421093389435683,836504.8202031088,821197.7805770205
271034,2,1213,0.3333333333333333,inside,70.20746081889861,836577.5215024786,821254.1126827085
271034,3,1579,0.3333333333333333,inside,60.64113160316094,836461.4060577237,821259.525702766
271035,1,1314,0.5,inside,50.298749686632156,836665.9758310881,821246.8505176832
271035,2,1213,0.5,inside,53.995836517929106,836577.5215024786,821254.1126827085
271036,1,246,0.3333333333333333,inside,62.66046211019718,836668.1948547618,821090.8584349466
271036,2,244,0.3333333333333333,inside,147.943371290111,836799.7493899139,821239.3467379899
271036,3,1313,0.3333333333333333,inside,146.91560267142933,836673.2285490901,821246.4409884079
271037,1,242,0.3333333333333333,inside,38.38013189464283,837013.4115113533,821116.761062053
271037,2,244,0.3333333333333333,inside,233.17455421362882,836799.7493899139,821239.3467379899
271037,3,535,0.3333333333333333,inside,186.87692786722207,836978.2184296839,820907.4484827536
271038,1,244,1.0,inside,129.4659694267376,836799.7493899139,821239.3467379899
271039,1,242,0.3333333333333333,nearest,70.24267602862129,837013.4115113533,821116.761062053
271039,2,1185,0.3333333333333333,nearest,238.62530134491533,837313.2894209205,821106.723710303
271039,3,1178,0.3333333333333333,nearest,259.2657566316024,837126.7794968691,820890.3696493584
271040,1,1187,0.3333333333333333,inside,145.14955666640333,837147.0831387223,821112.7373422462
271040,2,1195,0.3333333333333333,inside,180.92406416690164,837268.1662849375,821415.2944096283
271040,3,1186,0.3333333333333333,inside,145.16017534899433,837257.0493517749,821109.4440882276
271041,1,1195,1.0,inside,142.590775926018,837268.1662849375,821415.2944096283
271042,1,577,0.5,inside,82.75294290782487,836426.6807367414,820957.9168914623
271042,2,108,0.5,inside,106.06810997001753,836244.350051217,820953.8852997421
271043,1,1216,0.3333333333333333,inside,13.37421585902996,836513.084011642,821106.5573649515
271043,2,969,0.3333333333333333,inside,79.15196242000606,836504.8202031088,821197.7805770205
271043,3,574,0.3333333333333333,inside,75.77310364306189,836567.0477897217,821071.9204771149
271044,1,1315,0.3333333333333333,inside,43.94065090913221,836655.3788270411,821092.2755119553
271044,2,1558,0.3333333333333333,inside,53.86962434292837,836581.4400591556,821071.1124008883
271044,3,1199,0.3333333333333333,inside,46.1629049028129,836646.2308075239,821077.1489089545
271045,1,1522,1.0,inside,164.98204610592103,836787.5425450829,820898.3938493074
271046,1,1187,0.5,inside,52.80072993209305,837147.0831387223,821112.7373422462
271046,2,1186,0.5,inside,132.4346951990002,837257.0493517749,821109.4440882276
271047,1,14,0.3333333333333333,inside,76.06780443772108,836395.8774166722,820881.1441693398
271047,2,1520,0.3333333333333333,inside,133.5490884789187,836204.8402884408,820872.4731824067
271047,3,108,0.3333333333333333,inside,92.40813053001001,836244.350051217,820953.8852997421
271048,1,718,0.3333333333333333,inside,95.64901654898547,836560.3960513315,820887.7351618774
271048,2,989,0.3333333333333333,inside,129.38128365935276,836450.9928094686,821076.58057846
271048,3,1558,0.3333333333333333,inside,100.38098595163339,836581.4400591556,821071.1124008883
271050,1,1522,0.3333333333333333,nearest,108.50067610815151,836787.5425450829,820898.3938493074
271050,2,1215,0.3333333333333333,nearest,225.29917778886355,836510.9004395289,821075.0643500825
271050,3,718,0.3333333333333333,nearest,178.94852972935,836560.3960513315,820887.7351618774
271051,1,307,1.0,inside,39.22423216763794,836621.1388149124,820890.4826640497
271052,1,512,0.3333333333333333,inside,75.02518367296746,837190.3950935432,820916.9164429
271052,2,1184,0.3333333333333333,inside,130.04875858791573,837010.2434310726,821012.6148232085
271052,3,1183,0.3333333333333333,inside,131.2381008920177,837252.9247870774,821005.3309595167
272010,1,352,1.0,inside,143.57286168272557,836496.8250409508,821928.697024566
272011,1,352,0.3333333333333333,nearest,407.2581946433905,836496.8250409508,821928.697024566
272011,2,1195,0.3333333333333333,nearest,813.5187671765618,837268.1662849375,821415.2944096283
272011,3,970,0.3333333333333333,nearest,638.4318897375383,836762.4579915403,821486.3174170647
272012,1,1370,0.3333333333333333,nearest,123.39315174043779,836804.1237028074,821653.1519649511
272012,2,1501,0.3333333333333333,nearest,436.90305063203397,837354.8913349148,821672.0058293925
272012,3,244,0.3333333333333333,nearest,474.5266900279937,836799.7493899139,821239.3467379899
272013,1,1501,0.3333333333333333,nearest,427.7600005035591,837354.8913349148,821672.0058293925
272013,2,1578,0.3333333333333333,nearest,768.5621952811011,836463.112861865,821520.2509211032
272013,3,352,0.3333333333333333,nearest,576.9248269873127,836496.8250409508,821928.697024566
272014,1,352,0.3333333333333333,nearest,212.57762658229893,836496.8250409508,821928.697024566
272014,2,1213,0.3333333333333333,nearest,492.17670461797735,836577.5215024786,821254.1126827085
272014,3,249,0.3333333333333333,nearest,477.9475755941364,836132.1843130988,821673.8283884736
272015,1,1370,1.0,inside,175.36012304033835,836804.1237028074,821653.1519649511
272016,1,907,0.3333333333333333,nearest,170.90955748390823,836830.216972196,821408.351330599
272016,2,1194,0.3333333333333333,nearest,379.21335648907035,837320.1173669783,821293.9989087152
272016,3,242,0.3333333333333333,nearest,359.9166357960716,837013.4115113533,821116.761062053
272017,1,1501,0.3333333333333333,nearest,111.06543341917448,837354.8913349148,821672.0058293925
272017,2,907,0.3333333333333333,nearest,476.14334834224724,836830.216972196,821408.351330599
272017,3,1188,0.3333333333333333,nearest,488.9473007349513,837610.3493266532,821283.3686693024
272018,1,1501,0.3333333333333333,nearest,55.56957110999335,837354.8913349148,821672.0058293925
272018,2,907,0.3333333333333333,nearest,575.404355251063,836830.216972196,821408.351330599
272018,3,1188,0.3333333333333333,nearest,520.1305687868874,837610.3493266532,821283.3686693024
281028,1,1249,0.3333333333333333,nearest,466.47106271015684,838633.9077613195,821541.0825571002
281028,2,1669,0.3333333333333333,nearest,699.5373616063347,838333.9076019207,821519.8893124767
281028,3,1554,0.3333333333333333,nearest,674.1380782119586,838532.820850298,821358.3549386445
281042,1,1249,0.3333333333333333,nearest,584.1882771222337,838633.9077613195,821541.0825571002
281042,2,334,0.3333333333333333,nearest,773.9659645124779,838295.9445479754,821522.4090537743
281042,3,1548,0.3333333333333333,nearest,728.7737456048347,838462.5877648166,821458.6041756719
282009,1,1501,0.3333333333333333,nearest,439.35085515652975,837354.8913349148,821672.0058293925
282009,2,328,0.3333333333333333,nearest,700.747354723463,838057.6647790181,821572.332203464
282009,3,1190,0.3333333333333333,nearest,777.112760372148,837552.482185633,821285.179811335
282010,1,1501,0.3333333333333333,nearest,257.8133299819975,837354.8913349148,821672.0058293925
282010,2,970,0.3333333333333333,nearest,677.7701772280247,836762.4579915403,821486.3174170647
282010,3,1190,0.3333333333333333,nearest,689.2098957350146,837552.482185633,821285.179811335
282023,1,1501,0.3333333333333333,nearest,471.6392014374684,837354.8913349148,821672.0058293925
282023,2,352,0.3333333333333333,nearest,830.2387161060402,836496.8250409508,821928.697024566
282023,3,907,0.3333333333333333,nearest,869.6135671963117,836830.216972196,821408.351330599
282025,1,1501,0.3333333333333333,nearest,315.05448580453145,837354.8913349148,821672.0058293925
282025,2,1634,0.3333333333333333,nearest,615.8575606103061,837928.2388223516,821599.0824120875
282025,3,1370,0.3333333333333333,nearest,713.27774939787,836804.1237028074,821653.1519649511
283002,1,1501,0.3333333333333333,nearest,602.2232140840351,837354.8913349148,821672.0058293925
283002,2,1625,0.3333333333333333,nearest,861.1583874707206,838251.8558421824,821493.6787231133
283002,3,101,0.3333333333333333,nearest,818.346990092927,837880.4627735311,821360.809164254
283011,1,1634,0.3333333333333333,nearest,399.75085036289425,837928.2388223516,821599.0824120875
283011,2,337,0.3333333333333333,nearest,541.4882009220997,838411.9368733469,821578.3014808163
283011,3,330,0.3333333333333333,nearest,549.7986853633785,838214.1141602123,821455.7361739766
283017,1,101,0.5,inside,43.33395056758366,837880.4627735311,821360.809164254
283017,2,905,0.5,inside,57.641798894088524,837904.6926070114,821269.2118447492
283018,1,923,0.3333333333333333,inside,51.8839347135598,838037.3531653192,821268.5509438169
283018,2,1201,0.3333333333333333,inside,150.41838435601647,837940.0732032744,821431.4532450866
283018,3,905,0.3333333333333333,inside,87.59400445514048,837904.6926070114,821269.2118447492
283025,1,329,0.3333333333333333,nearest,589.9650996681938,838186.9408475542,821594.904368024
283025,2,1196,0.3333333333333333,nearest,737.8533230353835,837961.4161853131,821457.0796092793
283025,3,337,0.3333333333333333,nearest,673.0681050232822,838411.9368733469,821578.3014808163
283026,1,329,0.3333333333333333,nearest,478.04245409927705,838186.9408475542,821594.904368024
283026,2,1196,0.3333333333333333,nearest,623.5137807227279,837961.4161853131,821457.0796092793
283026,3,337,0.3333333333333333,nearest,578.0402934444711,838411.9368733469,821578.3014808163
283027,1,1634,0.3333333333333333,nearest,250.63220765147224,837928.2388223516,821599.0824120875
283027,2,334,0.3333333333333333,nearest,502.17130226550375,838295.9445479754,821522.4090537743
283027,3,101,0.3333333333333333,nearest,489.74809883552155,837880.4627735311,821360.809164254
283028,1,1634,0.5,inside,60.226248575804966,837928.2388223516,821599.0824120875
283028,2,328,0.5,inside,169.6652236220588,838057.6647790181,821572.332203464
283029,1,1501,1.0,inside,93.83430519801995,837354.8913349148,821672.0058293925
283030,1,1501,0.3333333333333333,nearest,180.56169558585015,837354.8913349148,821672.0058293925
283030,2,1201,0.3333333333333333,nearest,628.6819094266027,837940.0732032744,821431.4532450866
283030,3,1190,0.3333333333333333,nearest,549.8363630963114,837552.482185633,821285.179811335
283031,1,1501,0.3333333333333333,nearest,214.58218338151784,837354.8913349148,821672.0058293925
283031,2,101,0.3333333333333333,nearest,399.4883819559933,837880.4627735311,821360.809164254
283031,3,1611,0.3333333333333333,nearest,252.27112873811257,837482.0360384117,821288.750861029
283032,1,1200,0.3333333333333333,inside,34.271033417497826,838036.6462561309,821414.5658296695
283032,2,338,0.3333333333333333,inside,131.78383683154962,838189.3938045286,821419.8328485647
283032,3,1201,0.3333333333333333,inside,119.47637972817664,837940.0732032744,821431.4532450866
283033,1,331,0.3333333333333333,inside,168.60779736214076,838231.829081138,821491.4393282076
283033,2,332,0.3333333333333333,inside,198.21382571119932,838223.5727513187,821445.0182302274
283033,3,1625,0.3333333333333333,inside,182.37262942170412,838251.8558421824,821493.6787231133
283034,1,1634,0.3333333333333333,nearest,154.6755481320123,837928.2388223516,821599.0824120875
283034,2,1625,0.3333333333333333,nearest,399.1176903013209,838251.8558421824,821493.6787231133
283034,3,101,0.3333333333333333,nearest,397.4623894814623,837880.4627735311,821360.809164254
283035,1,1501,0.3333333333333333,nearest,278.32605021735816,837354.8913349148,821672.0058293925
283035,2,328,0.3333333333333333,nearest,477.5025411310619,838057.6647790181,821572.332203464
283035,3,1188,0.3333333333333333,nearest,477.1710620082005,837610.3493266532,821283.3686693024
284002,1,1249,0.3333333333333333,nearest,596.2170056340575,838633.9077613195,821541.0825571002
284002,2,334,0.3333333333333333,nearest,732.6040995493064,838295.9445479754,821522.4090537743
284002,3,1548,0.3333333333333333,nearest,715.507900258022,838462.5877648166,821458.6041756719
284003,1,329,0.3333333333333333,nearest,520.510179894515,838186.9408475542,821594.904368024
284003,2,1249,0.3333333333333333,nearest,643.7079838144155,838633.9077613195,821541.0825571002
284003,3,1634,0.3333333333333333,nearest,631.9791816595812,837928.2388223516,821599.0824120875
284004,1,337,0.3333333333333333,nearest,462.13971502794016,838411.9368733469,821578.3014808163
284004,2,329,0.3333333333333333,nearest,500.90714853079555,838186.9408475542,821594.904368024
284004,3,1249,0.3333333333333333,nearest,544.8593206009947,838633.9077613195,821541.0825571002
284005,1,337,0.3333333333333333,nearest,473.12760999489427,838411.9368733469,821578.3014808163
284005,2,329,0.3333333333333333,nearest,552.3183494961637,838186.9408475542,821594.904368024
284005,3,1249,0.3333333333333333,nearest,513.6800442522269,838633.9077613195,821541.0825571002
284006,1,1249,0.3333333333333333,nearest,497.1191899669971,838633.9077613195,821541.0825571002
284006,2,334,0.3333333333333333,nearest,632.740005182737,838295.9445479754,821522.4090537743
284006,3,1548,0.3333333333333333,nearest,612.6515172055666,838462.5877648166,821458.6041756719
284007,1,329,0.3333333333333333,nearest,336.48765559386607,838186.9408475542,821594.904368024
284007,2,1634,0.3333333333333333,nearest,389.21602493454753,837928.2388223516,821599.0824120875
284007,3,337,0.3333333333333333,nearest,444.63031140128817,838411.9368733469,821578.3014808163
284008,1,329,0.3333333333333333,nearest,303.7676909231941,838186.9408475542,821594.904368024
284008,2,1634,0.3333333333333333,nearest,411.1794885035899,837928.2388223516,821599.0824120875
284008,3,337,0.3333333333333333,nearest,377.4416026424052,838411.9368733469,821578.3014808163
284009,1,329,0.3333333333333333,nearest,335.1377574734676,838186.9408475542,821594.904368024
284009,2,1724,0.3333333333333333,nearest,450.16812158952433,838551.6606363751,821516.5313760844
284009,3,1669,0.3333333333333333,nearest,382.8687446895767,838333.9076019207,821519.8893124767
284010,1,337,0.3333333333333333,nearest,356.2795109939735,838411.9368733469,821578.3014808163
284010,2,329,0.3333333333333333,nearest,434.30182851114205,838186.9408475542,821594.904368024
284010,3,1249,0.3333333333333333,nearest,426.2095339961685,838633.9077613195,821541.0825571002
284011,1,329,0.3333333333333333,nearest,271.8759792013647,838186.9408475542,821594.904368024
284011,2,1196,0.3333333333333333,nearest,417.61781635264623,837961.4161853131,821457.0796092793
284011,3,337,0.3333333333333333,nearest,416.4448009923756,838411.9368733469,821578.3014808163
284012,1,329,0.3333333333333333,nearest,239.62698217078776,838186.9408475542,821594.904368024
284012,2,1634,0.3333333333333333,nearest,343.6591699734144,837928.2388223516,821599.0824120875
284012,3,337,0.3333333333333333,nearest,346.38042158228546,838411.9368733469,821578.3014808163
284013,1,329,0.3333333333333333,nearest,250.45219212655834,838186.9408475542,821594.904368024
284013,2,1229,0.3333333333333333,nearest,376.9857418981384,838471.0228674136,821474.3407961376
284013,3,1222,0.3333333333333333,nearest,372.69083492566796,838297.5622271884,821441.6614029288
284014,1,337,0.3333333333333333,nearest,239.33940616442268,838411.9368733469,821578.3014808163
284014,2,329,0.3333333333333333,nearest,329.129602401633,838186.9408475542,821594.904368024
284014,3,1249,0.3333333333333333,nearest,343.13964266979883,838633.9077613195,821541.0825571002
284015,1,337,0.3333333333333333,nearest,295.5894394176399,838411.9368733469,821578.3014808163
284015,2,1249,0.3333333333333333,nearest,312.22420092733614,838633.9077613195,821541.0825571002
284015,3,1547,0.3333333333333333,nearest,401.8372650694497,838484.8421597995,821444.1121488671
284016,1,1249,0.3333333333333333,nearest,339.4990621864867,838633.9077613195,821541.0825571002
284016,2,334,0.3333333333333333,nearest,525.1400346320694,838295.9445479754,821522.4090537743
284016,3,1548,0.3333333333333333,nearest,473.02262345716935,838462.5877648166,821458.6041756719
284017,1,328,0.3333333333333333,nearest,211.35403823575578,838057.6647790181,821572.332203464
284017,2,334,0.3333333333333333,nearest,346.8968356865168,838295.9445479754,821522.4090537743
284017,3,1201,0.3333333333333333,nearest,374.35602359096697,837940.0732032744,821431.4532450866
284018,1,329,0.3333333333333333,nearest,190.4484232009151,838186.9408475542,821594.904368024
284018,2,1196,0.3333333333333333,nearest,343.3058230469483,837961.4161853131,821457.0796092793
284018,3,338,0.3333333333333333,nearest,357.6059614464193,838189.3938045286,821419.8328485647
284019,1,329,0.3333333333333333,nearest,145.71029087334256,838186.9408475542,821594.904368024
284019,2,1634,0.3333333333333333,nearest,260.0611710219535,837928.2388223516,821599.0824120875
284019,3,337,0.3333333333333333,nearest,306.0232712201288,838411.9368733469,821578.3014808163
284020,1,329,0.3333333333333333,nearest,165.55241952197113,838186.9408475542,821594.904368024
284020,2,337,0.3333333333333333,nearest,246.05526341287876,838411.9368733469,821578.3014808163
284020,3,1222,0.3333333333333333,nearest,316.36409311598806,838297.5622271884,821441.6614029288
284021,1,329,0.3333333333333333,nearest,180.69887756563628,838186.9408475542,821594.904368024
284021,2,337,0.3333333333333333,nearest,182.98436364219216,838411.9368733469,821578.3014808163
284021,3,1222,0.3333333333333333,nearest,287.5003214714817,838297.5622271884,821441.6614029288
284022,1,329,0.3333333333333333,nearest,91.58442918948651,838186.9408475542,821594.904368024
284022,2,1634,0.3333333333333333,nearest,226.5498599468111,837928.2388223516,821599.0824120875
284022,3,338,0.3333333333333333,nearest,259.17688902298937,838189.3938045286,821419.8328485647
284023,1,329,1.0,inside,60.2227451558469,838186.9408475542,821594.904368024
284024,1,337,0.3333333333333333,nearest,142.70792992309174,838411.9368733469,821578.3014808163
284024,2,329,0.3333333333333333,nearest,198.67253075022515,838186.9408475542,821594.904368024
284024,3,1222,0.3333333333333333,nearest,270.87124715812814,838297.5622271884,821441.6614029288
284025,1,337,0.3333333333333333,nearest,167.0743456938723,838411.9368733469,821578.3014808163
284025,2,1249,0.3333333333333333,nearest,194.9591516595037,838633.9077613195,821541.0825571002
284025,3,1547,0.3333333333333333,nearest,261.0087700142609,838484.8421597995,821444.1121488671
284026,1,1249,0.3333333333333333,nearest,245.3143339382456,838633.9077613195,821541.0825571002
284026,2,1669,0.3333333333333333,nearest,449.2656811995579,838333.9076019207,821519.8893124767
284026,3,1554,0.3333333333333333,nearest,451.37788884012616,838532.820850298,821358.3549386445
284027,1,334,0.3333333333333333,inside,53.20110135023821,838295.9445479754,821522.4090537743
284027,2,337,0.3333333333333333,inside,101.07521263805067,838411.9368733469,821578.3014808163
284027,3,333,0.3333333333333333,inside,94.61017605450498,838219.2944891124,821550.0940044954
285002,1,1191,0.3333333333333333,inside,163.04420988171836,837498.2825264558,821288.0545144283
285002,2,1189,0.3333333333333333,inside,272.7201715728783,837780.9937744807,821281.5019091216
285002,3,1188,0.3333333333333333,inside,164.44574617296297,837610.3493266532,821283.3686693024
285003,1,1194,0.3333333333333333,inside,96.37793657091193,837320.1173669783,821293.9989087152
285003,2,1186,0.3333333333333333,inside,98.66801401851725,837257.0493517749,821109.4440882276
285003,3,1195,0.3333333333333333,inside,213.04948183231977,837268.1662849375,821415.2944096283
285004,1,1194,0.5,inside,96.62640465617203,837320.1173669783,821293.9989087152
285004,2,1185,0.5,inside,99.23597517966839,837313.2894209205,821106.723710303
285005,1,1193,0.3333333333333333,inside,96.68097420921177,837382.424661443,821292.131852879
285005,2,346,0.3333333333333333,inside,98.32519331528329,837375.1854119106,821104.3582910588
285005,3,1192,0.3333333333333333,inside,98.58664884007828,837438.2106878967,821290.8735940479
285006,1,1610,0.3333333333333333,inside,94.80660863660249,837458.9797862543,821290.3436512498
285006,2,1611,0.3333333333333333,inside,95.04070462646483,837482.0360384117,821288.750861029
285006,3,1192,0.3333333333333333,inside,98.43590057567225,837438.2106878967,821290.8735940479
285007,1,1190,0.3333333333333333,inside,97.2206953282484,837552.482185633,821285.179811335
285007,2,1500,0.3333333333333333,inside,98.16628150560386,837490.9932070345,821099.7382942869
285007,3,349,0.3333333333333333,inside,98.71333154654896,837546.2854669861,821097.982077823
285008,1,1188,0.3333333333333333,inside,97.26775811489657,837610.3493266532,821283.3686693024
285008,2,349,0.3333333333333333,inside,98.88058387360302,837546.2854669861,821097.982077823
285008,3,348,0.3333333333333333,inside,98.35338341307794,837604.0399904144,821096.0490947079
285009,1,348,1.0,inside,98.34549601624629,837604.0399904144,821096.0490947079
285010,1,1308,0.3333333333333333,nearest,121.87636779535352,837774.7377477232,821096.8399051391
285010,2,1190,0.3333333333333333,nearest,171.08860570176208,837552.482185633,821285.179811335
285010,3,349,0.3333333333333333,nearest,170.8777928529029,837546.2854669861,821097.982077823
285011,1,100,1.0,inside,97.4833395085972,837769.4534303437,821089.2872777535
285012,1,1308,0.3333333333333333,inside,90.69569464267455,837774.7377477232,821096.8399051391
285012,2,920,0.3333333333333333,inside,92.11754896350743,837833.4815500428,821092.6267340609
285012,3,1309,0.3333333333333333,inside,96.0600868579735,837779.5599170804,821089.4543629214
285013,1,905,1.0,inside,89.72446854030522,837904.6926070114,821269.2118447492
285014,1,914,0.3333333333333333,inside,32.79492811970603,837960.7505608168,821231.833788474
285014,2,282,0.3333333333333333,inside,78.14261510411717,837911.4642822515,821142.1332734447
285014,3,905,0.3333333333333333,inside,57.844767493942165,837904.6926070114,821269.2118447492
285016,1,1183,0.5,inside,26.6205739199379,837252.9247870774,821005.3309595167
285016,2,1186,0.5,inside,108.55622535931873,837257.0493517749,821109.4440882276
285017,1,1185,0.5,inside,60.56511207489581,837313.2894209205,821106.723710303
285017,2,357,0.5,inside,132.21633106662185,837306.4197801296,820924.2101470752
285018,1,346,0.5,inside,58.627004412581385,837375.1854119106,821104.3582910588
285018,2,1182,0.5,inside,119.91960887178391,837368.294938913,820935.2546824013
285019,1,1500,0.3333333333333333,nearest,59.90634908470028,837490.9932070345,821099.7382942869
285019,2,1182,0.3333333333333333,nearest,145.4086662543717,837368.294938913,820935.2546824013
285019,3,351,0.3333333333333333,nearest,166.05202672551482,837552.9662860364,820913.9967580803
285020,1,1500,0.5,inside,56.139025762684234,837490.9932070345,821099.7382942869
285020,2,349,0.5,inside,57.68243107245125,837546.2854669861,821097.982077823
285021,1,348,0.3333333333333333,inside,56.71360498007216,837604.0399904144,821096.0490947079
285021,2,1312,0.3333333333333333,inside,79.04744783130266,837574.0608769383,820969.0780095122
285021,3,349,0.3333333333333333,inside,56.90400423362834,837546.2854669861,821097.982077823
285022,1,348,0.5,inside,55.87162106770922,837604.0399904144,821096.0490947079
285022,2,347,0.5,inside,79.94094416707028,837600.1975122018,820973.3103054623
285023,1,342,0.3333333333333333,nearest,84.93955841748125,837727.9670784019,820971.5943606794
285023,2,348,0.3333333333333333,nearest,96.9504476555152,837604.0399904144,821096.0490947079
285023,3,1308,0.3333333333333333,nearest,101.27640763006121,837774.7377477232,821096.8399051391
285024,1,924,0.3333333333333333,inside,3.361810376155451,837773.0129684219,821035.1161544638
285024,2,1309,0.3333333333333333,inside,52.3833007605805,837779.5599170804,821089.4543629214
285024,3,1689,0.3333333333333333,inside,27.806279664927093,837766.3806942392,821010.3552092001
285025,1,1194,0.3333333333333333,nearest,57.39633816968537,837320.1173669783,821293.9989087152
285025,2,1188,0.3333333333333333,nearest,271.2698449481992,837610.3493266532,821283.3686693024
285025,3,346,0.3333333333333333,nearest,242.50505401591982,837375.1854119106,821104.3582910588
286013,1,1554,1.0,inside,71.49409133909343,838532.820850298,821358.3549386445
286014,1,1249,0.3333333333333333,nearest,311.44896728513345,838633.9077613195,821541.0825571002
286014,2,1246,0.3333333333333333,nearest,578.856903007665,838383.8085132996,821382.0200692478
286014,3,337,0.3333333333333333,nearest,535.6956959057787,838411.9368733469,821578.3014808163
286015,1,1249,0.3333333333333333,nearest,268.11397916625003,838633.9077613195,821541.0825571002
286015,2,1669,0.3333333333333333,nearest,560.527718725878,838333.9076019207,821519.8893124767
286015,3,1554,0.3333333333333333,nearest,452.2462464560301,838532.820850298,821358.3549386445
286016,1,1197,0.3333333333333333,inside,28.13771088907118,838364.2625096148,821404.2861925906
286016,2,1249,0.3333333333333333,inside,300.6956641396831,838633.9077613195,821541.0825571002
286016,3,1250,0.3333333333333333,inside,149.520452457529,838494.8400435991,821481.486597924
286017,1,1585,0.5,inside,321.46994842509076,838701.8163582977,820568.132700421
286017,2,1584,0.5,inside,329.14002041044324,838698.6549463628,820558.6643832575
286018,1,1644,0.3333333333333333,inside,258.21514332996605,838550.7024014794,820607.8302802298
286018,2,1448,0.3333333333333333,inside,268.4710266229561,838093.4532642021,820351.186240319
286018,3,1432,0.3333333333333333,inside,312.1294001199662,838594.8438869733,820366.512613985
286019,1,1226,1.0,inside,113.46314942577676,838071.1933652028,821022.5906602517
286020,1,1226,0.3333333333333333,nearest,110.5399259480849,838071.1933652028,821022.5906602517
286020,2,1677,0.3333333333333333,nearest,321.2846625738067,837793.6882118536,820945.0907841645
286020,3,282,0.3333333333333333,nearest,300.12349378637475,837911.4642822515,821142.1332734447
286021,1,1228,1.0,inside,106.43290351241498,837961.6200403278,820911.5666619488
286022,1,1539,0.3333333333333333,nearest,110.10101916796044,837893.8480494223,820842.3833810842
286022,2,1655,0.3333333333333333,nearest,294.28512366950747,837994.2991137294,821096.741005997
286022,3,344,0.3333333333333333,nearest,274.14763879347515,837814.3175861781,821007.359007069
286023,1,1539,1.0,inside,105.48867918871842,837893.8480494223,820842.3833810842
286024,1,1227,1.0,inside,103.19978358135053,837785.508517844,820731.0175004121
286025,1,1700,0.3333333333333333,inside,79.22311409804493,837808.1649565053,820925.4257172953
286025,2,1535,0.3333333333333333,inside,572.5755503548074,838080.120818207,820357.2307920248
286025,3,326,0.3333333333333333,inside,332.30333781115286,837656.4970298938,820543.4760885393
286026,1,1554,0.3333333333333333,nearest,285.82359250504476,838532.820850298,821358.3549386445
286026,2,1249,0.3333333333333333,nearest,392.11282044593975,838633.9077613195,821541.0825571002
286026,3,1302,0.3333333333333333,nearest,442.4578324413834,838370.0215494955,821402.8031254478
286027,1,1554,0.3333333333333333,nearest,450.524259338344,838532.820850298,821358.3549386445
286027,2,1584,0.3333333333333333,nearest,517.4809239206757,838698.6549463628,820558.6643832575
286027,3,1249,0.3333333333333333,nearest,541.1972086487999,838633.9077613195,821541.0825571002
286028,1,1554,0.3333333333333333,nearest,270.92399124140746,838532.820850298,821358.3549386445
286028,2,1224,0.3333333333333333,nearest,407.6561447713676,838346.857210129,821365.9363692183
286028,3,1724,0.3333333333333333,nearest,406.4686098174297,838551.6606363751,821516.5313760844
286029,1,1471,0.3333333333333333,nearest,442.3476444276779,838567.687546636,820633.3571516456
286029,2,1249,0.3333333333333333,nearest,569.1209849858328,838633.9077613195,821541.0825571002
286029,3,1246,0.3333333333333333,nearest,574.3053972235228,838383.8085132996,821382.0200692478
286030,1,1554,0.3333333333333333,nearest,297.9900536008792,838532.820850298,821358.3549386445
286030,2,1245,0.3333333333333333,nearest,420.06190254734395,838339.6534741127,821385.3472241143
286030,3,1250,0.3333333333333333,nearest,426.8459764871359,838494.8400435991,821481.486597924
286031,1,1471,0.3333333333333333,nearest,360.3053388393735,838567.687546636,820633.3571516456
286031,2,1247,0.3333333333333333,nearest,596.3962955075732,838492.6062527179,821469.360809585
286031,3,1432,0.3333333333333333,nearest,594.401601662279,838594.8438869733,820366.512613985
286032,1,1471,0.3333333333333333,nearest,255.15114572064778,838567.687546636,820633.3571516456
286032,2,1246,0.3333333333333333,nearest,601.1635497567215,838383.8085132996,821382.0200692478
286032,3,1360,0.3333333333333333,nearest,585.8574684500791,838546.1333561678,820291.2279178859
286033,1,1554,0.3333333333333333,nearest,355.53042926073954,838532.820850298,821358.3549386445
286033,2,1656,0.3333333333333333,nearest,406.41310097217564,838575.9555064857,820597.6353466157
286033,3,1245,0.3333333333333333,nearest,437.0914908804049,838339.6534741127,821385.3472241143
286034,1,1471,0.3333333333333333,nearest,316.770993849371,838567.687546636,820633.3571516456
286034,2,1245,0.3333333333333333,nearest,470.1807692580218,838339.6534741127,821385.3472241143
286034,3,1226,0.3333333333333333,nearest,432.3032697208851,838071.1933652028,821022.5906602517
286035,1,1471,0.3333333333333333,nearest,188.98016911787172,838567.687546636,820633.3571516456
286035,2,1554,0.3333333333333333,nearest,555.5210669981298,838532.820850298,821358.3549386445
286035,3,1226,0.3333333333333333,nearest,597.9903708695025,838071.1933652028,821022.5906602517
286036,1,1471,0.3333333333333333,nearest,134.1623761772165,838567.687546636,820633.3571516456
286036,2,1554,0.3333333333333333,nearest,594.7427161874144,838532.820850298,821358.3549386445
286036,3,1226,0.3333333333333333,nearest,576.199060700465,838071.1933652028,821022.5906602517
286037,1,1471,0.3333333333333333,nearest,306.0448802479657,838567.687546636,820633.3571516456
286037,2,1246,0.3333333333333333,nearest,476.04257992285335,838383.8085132996,821382.0200692478
286037,3,1228,0.3333333333333333,nearest,472.31501607438565,837961.6200403278,820911.5666619488
286038,1,1554,0.3333333333333333,nearest,255.52877107515465,838532.820850298,821358.3549386445
286038,2,1249,0.3333333333333333,nearest,294.8913023421596,838633.9077613195,821541.0825571002
286038,3,1302,0.3333333333333333,nearest,424.2356821053094,838370.0215494955,821402.8031254478
286039,1,1554,0.3333333333333333,nearest,512.6645920650202,838532.820850298,821358.3549386445
286039,2,1249,0.3333333333333333,nearest,519.4845733932483,838633.9077613195,821541.0825571002
286039,3,1302,0.3333333333333333,nearest,681.136410435422,838370.0215494955,821402.8031254478
286040,1,1554,0.3333333333333333,nearest,329.90305543992775,838532.820850298,821358.3549386445
286040,2,1249,0.3333333333333333,nearest,375.7455985838268,838633.9077613195,821541.0825571002
286040,3,1302,0.3333333333333333,nearest,497.2865148301685,838370.0215494955,821402.8031254478
286056,1,1360,0.3333333333333333,nearest,719.0739262319104,838546.1333561678,820291.2279178859
286056,2,1139,0.3333333333333333,nearest,949.3726956525267,838026.0253256332,820048.0975603791
286056,3,1585,0.3333333333333333,nearest,926.69941084303,838701.8163582977,820568.132700421
286058,1,1714,0.3333333333333333,nearest,556.9959234120031,838590.9044589377,820323.0043497353
286058,2,896,0.3333333333333333,nearest,1026.7896803331917,838099.6157623947,820077.1850088472
286058,3,1471,0.3333333333333333,nearest,730.5632849213478,838567.687546636,820633.3571516456
286059,1,1360,0.3333333333333333,inside,289.4897534301677,838546.1333561678,820291.2279178859
286059,2,1435,0.3333333333333333,inside,328.9520251994482,838594.8584672608,820337.9984240322
286059,3,1714,0.3333333333333333,inside,314.2334879538072,838590.9044589377,820323.0043497353
