component,strategy,run,target_fraction,fraction,n_removed,reachable_share,reach_loss,mean_m,median_m,p90_m,p95_m
link,lscc,0,0.0,0.0,0,0.8713531536537927,0.0,1678.3658804209185,1813.3350000000003,2515.206,3245.7529999999997
link,lscc,0,0.02,0.020007020007020006,57,0.7263128646846346,0.1450402889691581,1659.657986993114,1791.323,3211.169700000004,3365.0950000000003
link,lscc,0,0.04,0.04001404001404001,114,0.6710197277021395,0.20033342595165327,1833.1786285714286,1938.0099999999998,3724.2509999999993,3888.361
link,lscc,0,0.06,0.06002106002106002,171,0.576549041400389,0.29480411225340375,1932.537620722892,1927.1899999999998,3413.959,4693.179
link,lscc,0,0.08,0.08002808002808003,228,0.5118088357877189,0.3595443178660739,2260.802850162867,2292.6305000000007,4514.951000000001,4653.567199999993
link,lscc,0,0.1,0.10003510003510004,285,0.4576271186440678,0.41372603500972494,2859.323653916212,3107.3860000000004,7006.291600000004,7492.585000000002
link,lscc,0,0.12,0.12004212004212005,342,0.3231453181439289,0.5482078355098639,1770.26290455718,1111.605,4096.747600000001,4658.826000000002
link,lscc,0,0.14,0.14004914004914004,399,0.2511808835787719,0.6201722700750208,1225.3824977876106,212.38600000000002,3735.810000000001,5118.303
link,lscc,0,0.16,0.16005616005616005,456,0.24756876910252848,0.6237843845512643,1228.9770460157126,13.51,3735.810000000001,5118.303
link,lscc,0,0.18,0.18006318006318006,513,0.21311475409836064,0.6582383995554321,1011.7138983050849,0.0,2611.4463999999994,6596.313099999856
link,lscc,0,0.2,0.20007020007020007,570,0.20116699083078632,0.6701861628230064,942.3500165745857,0.0,2336.498,7229.746
link,lscc,0,0.22,0.22007722007722008,627,0.20116699083078632,0.6701861628230064,942.3500165745857,0.0,2336.498,7229.746
link,lscc,0,0.24,0.2400842400842401,684,0.20116699083078632,0.6701861628230064,942.3500165745857,0.0,2336.498,7229.746
link,lscc,0,0.26,0.2600912600912601,741,0.1928313420394554,0.6785218116143373,919.2881455331412,0.0,2336.498,7229.746
link,lscc,0,0.28,0.2800982800982801,798,0.1900527924423451,0.6813003612114477,921.2335131578948,0.0,2336.498,7229.746
link,lscc,0,0.3,0.3001053001053001,855,0.1900527924423451,0.6813003612114477,921.2335131578948,0.0,2336.498,7229.746
link,lscc,0,0.32,0.3201123201123201,912,0.1881078077243679,0.6832453459294249,910.2389320531757,0.0,2336.498,7229.746
link,lscc,0,0.34,0.34011934011934014,969,0.18699638788552375,0.684356765768269,907.6448023774146,0.0,2336.498,7229.746
link,lscc,0,0.36,0.3601263601263601,1026,0.16810225062517367,0.703250903028619,874.9530214876032,0.0,2666.575000000002,7229.746
link,lscc,0,0.38,0.38013338013338016,1083,0.16782439566546262,0.7035287579883301,876.2298029801324,0.0,2675.372000000004,7229.746
link,lscc,0,0.4,0.40014040014040014,1140,0.16782439566546262,0.7035287579883301,876.2298029801324,0.0,2675.372000000004,7229.746
link,od_eff,0,0.0,0.0,0,0.8713531536537927,0.0,1678.3658804209185,1813.3350000000003,2515.206,3245.7529999999997
link,od_eff,0,0.02,0.020007020007020006,57,0.7693803834398444,0.10197277021394835,1637.5121213434454,1687.8169999999998,2789.609000000001,2995.5060000000008
link,od_eff,0,0.04,0.04001404001404001,114,0.7190886357321479,0.15226451792164486,1766.7679316074186,1795.2835,3082.4430000000034,4128.325
link,od_eff,0,0.06,0.06002106002106002,171,0.6476799110864129,0.22367324256737986,1663.4574427284429,1712.0159999999998,2885.844,3319.890000000001
link,od_eff,0,0.08,0.08002808002808003,228,0.639899972214504,0.23145318143928872,1671.2737003907948,1728.295,2890.768000000001,3525.806800000001
link,od_eff,0,0.1,0.10003510003510004,285,0.6251736593498194,0.24617949430397335,1678.5762497777778,1712.002,2890.768000000001,3860.192
link,od_eff,0,0.12,0.12004212004212005,342,0.5965545984995833,0.2747985551542095,1676.1942738705172,1661.2869999999998,3056.0060000000003,4004.267899999987
link,od_eff,0,0.14,0.14004914004914004,399,0.5782161711586552,0.29313698249513753,1882.09409899087,2067.757,3198.72,4266.533
link,od_eff,0,0.16,0.16005616005616005,456,0.4831897749374826,0.3881633787163101,1914.1492133410004,1984.8980000000004,3570.919000000001,4266.533
link,od_eff,0,0.18,0.18006318006318006,513,0.4737427063073076,0.39761044734648515,1909.6877630498534,2042.2040000000004,3545.6749999999997,4266.533
link,od_eff,0,0.2,0.20007020007020007,570,0.4423450958599611,0.4290080577938316,1993.118560929648,2228.5319999999992,3706.7089000000014,4494.708
link,od_eff,0,0.22,0.22007722007722008,627,0.4087246457349264,0.46262850791886634,2053.455660774983,2563.995,3708.5209999999997,4494.708
link,od_eff,0,0.24,0.2400842400842401,684,0.126146151708808,0.7452070019449848,3.2704691629955946,0.0,0.0,0.0
link,od_eff,0,0.26,0.2600912600912601,741,0.126146151708808,0.7452070019449848,3.2704691629955946,0.0,0.0,0.0
link,od_eff,0,0.28,0.2800982800982801,798,0.126146151708808,0.7452070019449848,3.2704691629955946,0.0,0.0,0.0
link,od_eff,0,0.3,0.3001053001053001,855,0.12586829674909697,0.7454848569046958,2.817205298013245,0.0,0.0,0.0
link,od_eff,0,0.32,0.3201123201123201,912,0.12586829674909697,0.7454848569046958,2.817205298013245,0.0,0.0,0.0
link,od_eff,0,0.34,0.34011934011934014,969,0.12586829674909697,0.7454848569046958,2.817205298013245,0.0,0.0,0.0
link,od_eff,0,0.36,0.3601263601263601,1026,0.12586829674909697,0.7454848569046958,2.817205298013245,0.0,0.0,0.0
link,od_eff,0,0.38,0.38013338013338016,1083,0.12531258682967492,0.7460405668241178,2.7697871396895786,0.0,0.0,0.0
link,od_eff,0,0.4,0.40014040014040014,1140,0.12531258682967492,0.7460405668241178,2.7697871396895786,0.0,0.0,0.0
link,odbc,0,0.0,0.0,0,0.8713531536537927,0.0,1678.3658804209185,1813.3350000000003,2515.206,3245.7529999999997
link,odbc,0,0.02,0.020007020007020006,57,0.8599611003056404,0.011392053348152298,1745.9488423263329,1875.4920000000004,2789.609000000001,3319.890000000001
link,odbc,0,0.04,0.04001404001404001,114,0.8396776882467352,0.03167546540705757,1960.6381201191261,2078.562,3333.040800000001,4127.087499999995
link,odbc,0,0.06,0.06002106002106002,171,0.8341205890525146,0.037232564601278106,2278.715950033311,2257.304,4267.586200000001,4839.011
link,odbc,0,0.08,0.08002808002808003,228,0.7943873298138372,0.07696582383995554,2741.6923301853794,2545.281,5124.899000000001,6120.447
link,odbc,0,0.1,0.10003510003510004,285,0.7168657960544595,0.15448735759933319,2917.888799224806,2949.5355,5449.320099999998,6606.988
link,odbc,0,0.12,0.12004212004212005,342,0.6882467352042234,0.18310641844956932,2876.1321598708114,2907.7110000000007,5395.699400000005,6606.988
link,odbc,0,0.14,0.14004914004914004,399,0.648235621005835,0.22311753264795775,2925.7016682383196,3125.549,5463.794999999999,6704.590000000002
link,odbc,0,0.16,0.16005616005616005,456,0.6407335370936371,0.23061961656015562,2931.103335212489,3125.549,5776.0019999999995,6719.665
link,odbc,0,0.18,0.18006318006318006,513,0.6321200333425951,0.2392331203111976,2930.2466061538457,3125.549,5869.83,6719.665
link,odbc,0,0.2,0.20007020007020007,570,0.5815504306751875,0.2898027229786052,2759.374304347826,2914.947,5319.201,6719.665
link,odbc,0,0.22,0.22007722007722008,627,0.3889969435954432,0.48235621005834955,2382.6146557142856,2353.4429999999998,5520.2159999999985,5621.374999999998
link,odbc,0,0.24,0.2400842400842401,684,0.38316198944151153,0.4881911642122812,2562.8939021029732,2571.7090000000003,5520.2159999999985,5621.374999999998
link,odbc,0,0.26,0.2600912600912601,741,0.38066129480411226,0.4906918588496805,2603.1163211678836,2650.7520000000004,5855.355,5956.513999999999
link,odbc,0,0.28,0.2800982800982801,798,0.2889691580994721,0.5823839955543206,2062.3196461538464,1392.4845000000005,5118.303,5781.128000000001
link,odbc,0,0.3,0.3001053001053001,855,0.2817449291469853,0.5896082245068075,2443.0803609467453,1326.1070000000004,5681.626999999999,7437.266999999999
link,odbc,0,0.32,0.3201123201123201,912,0.19977771603223118,0.6715754376215616,1135.9394853963838,0.0,3601.2432000000003,7229.746
link,odbc,0,0.34,0.34011934011934014,969,0.19894415115309808,0.6724090025006947,1126.5942067039107,0.0,3601.9845000000005,7229.746
link,odbc,0,0.36,0.3601263601263601,1026,0.19672131147540983,0.6746318421783829,1135.245738700565,0.0,3610.041700000002,7229.746
link,odbc,0,0.38,0.38013338013338016,1083,0.1514309530425118,0.7199222006112809,246.40824770642206,0.0,1326.1070000000004,1547.9750000000006
link,odbc,0,0.4,0.40014040014040014,1140,0.1414281744929147,0.7299249791608781,158.40375049115917,0.0,869.9141999999994,1308.4790000000005
link,random,1,0.0,0.0,0,0.8713531536537927,0.0,1678.3658804209185,1813.3350000000003,2515.206,3245.7529999999997
link,random,1,0.02,0.020007020007020006,57,0.8566268407891081,0.01472631286468462,1698.2008890690886,1866.332,2608.2690000000002,3253.5262999999973
link,random,1,0.04,0.04001404001404001,114,0.7732703528757988,0.09808280077799392,1711.3506381602588,1786.171,2893.32,3694.6769999999997
link,random,1,0.06,0.06002106002106002,171,0.7610447346485135,0.11030841900527921,1754.2030635268345,1843.156,2913.763,3694.6769999999997
link,random,1,0.08,0.08002808002808003,228,0.7046401778271743,0.16671297582661848,1838.4969373028391,1964.047,3252.82,3776.6550000000007
link,random,1,0.1,0.10003510003510004,285,0.648235621005835,0.22311753264795775,1851.1507599657095,1922.562,3706.603,4318.775
link,random,1,0.12,0.12004212004212005,342,0.6118366212836899,0.25951653237010286,1994.8320890099908,2118.405,4114.042,4449.236
link,random,1,0.14,0.14004914004914004,399,0.5907196443456516,0.2806335093081411,2331.2037163687673,2446.4815,4894.644,5789.894999999999
link,random,1,0.16,0.16005616005616005,456,0.3464851347596555,0.5248680188941373,1730.4006968724939,1133.632,4760.957999999998,4956.407999999999
link,random,1,0.18,0.18006318006318006,513,0.33398166157265907,0.5373714920811337,1795.7284367720465,1124.3600000000001,4956.407999999999,6119.811999999999
link,random,1,0.2,0.20007020007020007,570,0.29952764656849123,0.5718255070853016,2387.5602680890543,814.8800000000001,7968.975000000001,9013.036399999999
link,random,1,0.22,0.22007722007722008,627,0.24729091414281745,0.6240622395109753,1266.0875752808988,22.3775,4771.701900000001,6310.593850000001
link,random,1,0.24,0.2400842400842401,684,0.22033898305084745,0.6510141706029453,964.917944514502,0.0,2885.574,5044.6882000000005
link,random,1,0.26,0.2600912600912601,741,0.21144762434009448,0.6599055293136983,947.9580709592642,0.0,2885.574,5438.18
link,random,1,0.28,0.2800982800982801,798,0.19505418171714364,0.6762989719366491,609.1556709401709,0.0,2043.513,2885.574
link,random,1,0.3,0.3001053001053001,855,0.1928313420394554,0.6785218116143373,596.310128242075,0.0,2043.513,2885.574
link,random,1,0.32,0.3201123201123201,912,0.17560433453737148,0.6957488191164213,501.3543892405063,0.0,2043.513,2885.574
link,random,1,0.34,0.34011934011934014,969,0.1694915254237288,0.7018616282300639,442.516262295082,0.0,1744.1390000000001,2885.574
link,random,1,0.36,0.3601263601263601,1026,0.15004167824395664,0.7213114754098361,256.91987222222224,0.0,1039.7529000000013,2043.513
link,random,1,0.38,0.38013338013338016,1083,0.14587385384829119,0.7254792998055015,226.03019999999998,0.0,563.6720000000028,2043.513
link,random,1,0.4,0.40014040014040014,1140,0.14476243400944708,0.7265907196443456,224.314547024952,0.0,611.6800000000001,2043.513
link,random,2,0.0,0.0,0,0.8713531536537927,0.0,1678.3658804209185,1813.3350000000003,2515.206,3245.7529999999997
link,random,2,0.02,0.020007020007020006,57,0.8616282300639067,0.00972492358988608,1728.6871789745244,1875.4920000000004,2766.389,3515.656
link,random,2,0.04,0.04001404001404001,114,0.8366212836899138,0.03473186996387889,1789.792301893059,1929.1889999999999,2828.818999999999,3218.106
link,random,2,0.06,0.06002106002106002,171,0.8252292303417617,0.04612392331203108,2111.504238383838,2264.3819999999996,3691.9710999999998,4128.325
link,random,2,0.08,0.08002808002808003,228,0.8118921922756321,0.05946096137816059,2777.478577344285,3295.2170000000006,4246.982,4674.679000000001
link,random,2,0.1,0.10003510003510004,285,0.7146429563767713,0.1567101972770214,2672.665724339036,3123.331,4348.428,4785.681999999999
link,random,2,0.12,0.12004212004212005,342,0.6907474298416226,0.1806057238121701,2853.6423407079646,3091.5790000000006,5777.860000000001,5962.325000000001
link,random,2,0.14,0.14004914004914004,399,0.6168380105584884,0.2545151430953043,2670.6138770270272,2920.3595000000005,4803.64,5777.860000000001
link,random,2,0.16,0.16005616005616005,456,0.5126424006668518,0.3587107529869409,2748.302030894309,3146.5190000000002,5550.67660000001,5814.829599999998
link,random,2,0.18,0.18006318006318006,513,0.4612392331203112,0.41011392053348156,2731.011384939759,3124.5635,5229.971300000002,5781.128000000001
link,random,2,0.2,0.20007020007020007,570,0.4003889969435954,0.4709641567101973,2737.30166204025,2885.574,6414.809000000001,7247.914
link,random,2,0.22,0.22007722007722008,627,0.38816337871631007,0.48318977493748266,2698.6183629205443,2799.997,6405.461000000001,7284.241999999999
link,random,2,0.24,0.2400842400842401,684,0.35982217282578494,0.5115309808280077,3343.9502200772204,2613.7929999999997,7871.138,9910.0197
link,random,2,0.26,0.2600912600912601,741,0.32397888302306194,0.5473742706307307,3234.6359339622645,2092.1010000000006,8336.003,10047.337000000001
link,random,2,0.28,0.2800982800982801,798,0.20116699083078632,0.6701861628230064,1113.0139917127071,0.0,3847.049,5214.634
link,random,2,0.3,0.3001053001053001,855,0.18671853292581272,0.68463462072798,999.2946130952381,0.0,3829.498,5214.634
link,random,2,0.32,0.3201123201123201,912,0.16143373159210891,0.7099194220616838,463.8892753872634,0.0,2043.513,2885.574
link,random,2,0.34,0.34011934011934014,969,0.15643234231731037,0.7149208113364823,424.2831793960924,0.0,2043.513,2885.574
link,random,2,0.36,0.3601263601263601,1026,0.15365379272020005,0.7176993609335927,398.1891157323689,0.0,2043.513,2885.574
link,random,2,0.38,0.38013338013338016,1083,0.13642678521811613,0.7349263684356766,109.66689002036662,0.0,0.0,1121.2720000000004
link,random,2,0.4,0.40014040014040014,1140,0.13642678521811613,0.7349263684356766,109.66689002036662,0.0,0.0,1121.2720000000004
link,random,3,0.0,0.0,0,0.8713531536537927,0.0,1678.3658804209185,1813.3350000000003,2515.206,3245.7529999999997
link,random,3,0.02,0.020007020007020006,57,0.8610725201444845,0.01028063350930819,1716.2062365279123,1882.158,2689.2070000000003,3246.616699999999
link,random,3,0.04,0.04001404001404001,114,0.8293970547374271,0.04195609891636565,1702.0287892797323,1929.1889999999999,2587.6662000000006,3038.1680000000006
link,random,3,0.06,0.06002106002106002,171,0.8138371769936094,0.05751597666018338,1844.9896032775694,2075.1000000000004,3010.0210000000006,3449.2910000000006
link,random,3,0.08,0.08002808002808003,228,0.7215893303695471,0.14976382328424565,1939.440771659607,2075.1000000000004,3387.1340000000005,4128.325
link,random,3,0.1,0.10003510003510004,285,0.7157543762156154,0.1555987774381773,2007.3384130434783,2205.6659999999997,3447.7380000000003,4128.325
link,random,3,0.12,0.12004212004212005,342,0.6718532925812726,0.19949986107252016,2281.965007444169,2372.6849999999995,4217.824500000001,4653.795000000001
link,random,3,0.14,0.14004914004914004,399,0.5926646290636288,0.2786885245901639,2533.3259864041256,2372.6849999999995,5202.366000000001,5749.203999999989
link,random,3,0.16,0.16005616005616005,456,0.43262017227007504,0.4387329813837177,2295.8113840719334,2802.856,4054.508999999999,5318.661000000001
link,random,3,0.18,0.18006318006318006,513,0.31508752431230896,0.5562656293414838,2429.284912698413,1863.3150000000003,5760.469999999999,5760.469999999999
link,random,3,0.2,0.20007020007020007,570,0.31230897471519864,0.559044178938594,2446.4822099644125,1877.4090000000006,5760.469999999999,5760.469999999999
link,random,3,0.22,0.22007722007722008,627,0.14031675465407056,0.7310363989997222,152.80021782178224,0.0,910.3524000000024,1308.4790000000005
link,random,3,0.24,0.2400842400842401,684,0.1378160600166713,0.7335370936371215,134.93511290322584,0.0,431.2765000000001,1308.4790000000005
link,random,3,0.26,0.2600912600912601,741,0.1342039455404279,0.7371492081133648,106.45354865424433,0.0,0.0,1193.4990000000005
link,random,3,0.28,0.2800982800982801,798,0.1342039455404279,0.7371492081133648,109.5778964803313,0.0,0.0,1308.4790000000005
link,random,3,0.3,0.3001053001053001,855,0.1342039455404279,0.7371492081133648,118.11857971014496,0.0,0.0,1308.4790000000005
link,random,3,0.32,0.3201123201123201,912,0.1342039455404279,0.7371492081133648,118.11857971014496,0.0,0.0,1308.4790000000005
link,random,3,0.34,0.34011934011934014,969,0.13114754098360656,0.7402056126701861,88.81002542372883,0.0,0.0,720.2060000000002
link,random,3,0.36,0.3601263601263601,1026,0.12531258682967492,0.7460405668241178,15.205416851441242,0.0,0.0,0.0
link,random,3,0.38,0.38013338013338016,1083,0.12531258682967492,0.7460405668241178,15.205416851441242,0.0,0.0,0.0
link,random,3,0.4,0.40014040014040014,1140,0.12531258682967492,0.7460405668241178,15.205416851441242,0.0,0.0,0.0
link,random,4,0.0,0.0,0,0.8713531536537927,0.0,1678.3658804209185,1813.3350000000003,2515.206,3245.7529999999997
link,random,4,0.02,0.020007020007020006,57,0.8635732147818839,0.007779938871908865,1721.0986589446586,1841.2955000000002,2592.685500000001,3304.7133499999945
link,random,4,0.04,0.04001404001404001,114,0.8407891080855793,0.03056404556821346,2058.148989755453,2205.5505000000003,3743.6629999999996,3743.6629999999996
link,random,4,0.06,0.06002106002106002,171,0.8180050013892748,0.053348152264517945,2127.1594711277176,2325.3895,3743.6629999999996,3958.4518
link,random,4,0.08,0.08002808002808003,228,0.7885523756599055,0.08280077799388719,2237.36047850599,2488.136,4170.814999999999,4170.814999999999
link,random,4,0.1,0.10003510003510004,285,0.7196443456515699,0.15170880800222286,2153.237482239382,2472.4625,4344.225999999999,4344.225999999999
link,random,4,0.12,0.12004212004212005,342,0.6415671019727702,0.2297860516810225,2142.796813772196,2400.129,4196.1618000000035,4540.362199999998
link,random,4,0.14,0.14004914004914004,399,0.5990552931369825,0.27229786051681026,2168.969531076067,2424.0570000000002,4420.090999999999,4670.5470000000005
link,random,4,0.16,0.16005616005616005,456,0.47791053070297307,0.39344262295081966,2507.500098255814,1955.8690000000004,6902.329600000006,7771.071999999999
link,random,4,0.18,0.18006318006318006,513,0.4090025006946374,0.46235065295915534,1837.1372173913044,1642.0600000000004,4281.880999999999,4670.5470000000005
link,random,4,0.2,0.20007020007020007,570,0.3845512642400667,0.48680188941372604,1918.798750722544,1744.6040000000003,4607.8588,4757.714
link,random,4,0.22,0.22007722007722008,627,0.3664906918588497,0.5048624617949431,2064.18993025019,1635.2880000000002,4602.228,5488.359999999998
link,random,4,0.24,0.2400842400842401,684,0.34481800500138926,0.5265351486524035,2115.4992506043513,1538.2980000000002,4694.973000000001,5697.103000000001
link,random,4,0.26,0.2600912600912601,741,0.23006390664073353,0.6412892470130592,1164.1617355072465,0.0,4222.712000000001,4655.688000000001
link,random,4,0.28,0.2800982800982801,798,0.17171436510141705,0.6996387885523757,316.4816715210356,0.0,1325.462,1638.5170000000003
link,random,4,0.3,0.3001053001053001,855,0.15476521255904419,0.7165879410947485,210.8162280071813,0.0,1040.5616000000007,1342.4533999999942
link,random,4,0.32,0.3201123201123201,912,0.14392886913031397,0.7274242845234787,130.32076061776064,0.0,603.5600000000001,1214.546
link,random,4,0.34,0.34011934011934014,969,0.1361489302584051,0.7352042233953876,66.33881224489797,0.0,0.0,597.2428999999994
link,random,4,0.36,0.3601263601263601,1026,0.13559322033898305,0.7357599333148097,64.73826024590164,0.0,0.0,598.6466999999997
link,random,4,0.38,0.38013338013338016,1083,0.13392609058071686,0.7374270630730759,57.61622406639004,0.0,0.0,346.249
link,random,4,0.4,0.40014040014040014,1140,0.13364823562100583,0.7377049180327869,57.52025571725572,0.0,0.0,346.249
link,random,5,0.0,0.0,0,0.8713531536537927,0.0,1678.3658804209185,1813.3350000000003,2515.206,3245.7529999999997
link,random,5,0.02,0.020007020007020006,57,0.8669074742984162,0.004445679355376542,1690.0600076923074,1836.6060000000002,2565.7141999999985,3254.999849999997
link,random,5,0.04,0.04001404001404001,114,0.8460683523200889,0.02528480133370381,1778.809419047619,1911.3400000000001,3015.6440000000002,3681.6949999999997
link,random,5,0.06,0.06002106002106002,171,0.8218949708252292,0.04945818282856351,1790.6640642325897,1911.3400000000001,2993.370999999999,3659.103700000002
link,random,5,0.08,0.08002808002808003,228,0.8024451236454571,0.06890803000833567,1914.910644044321,1995.426,3100.8213000000005,3676.5697500000038
link,random,5,0.1,0.10003510003510004,285,0.7607668796888024,0.11058627396499032,2183.7288955441927,2141.132,3912.5119999999997,4046.9490000000005
link,random,5,0.12,0.12004212004212005,342,0.6810225062517365,0.19033064740205619,2086.205784169727,2043.513,3965.1949999999997,4378.666
link,random,5,0.14,0.14004914004914004,399,0.6690747429841623,0.20227841066963048,2144.0682890365447,2195.3309999999997,4024.0209999999997,4386.581
link,random,5,0.16,0.16005616005616005,456,0.6337871631008614,0.23756599055293137,2201.412960982025,2440.5240000000003,4067.136,4405.303
link,random,5,0.18,0.18006318006318006,513,0.5290358432898027,0.34231731036399005,2000.6738975840335,2111.585,3720.5319999999997,4372.297649999999
link,random,5,0.2,0.20007020007020007,570,0.4726312864684635,0.39872186718532926,1923.7361687242799,2043.513,3543.2870000000003,3880.8099999999995
link,random,5,0.22,0.22007722007722008,627,0.2817449291469853,0.5896082245068075,1125.9108007889547,654.6714999999999,3123.331,4614.861
link,random,5,0.24,0.2400842400842401,684,0.24895804390108364,0.6223951097527091,1204.518853794643,139.901,3828.3900000000003,4439.412
link,random,5,0.26,0.2600912600912601,741,0.1811614337315921,0.6901917199222006,697.6437975460124,0.0,2885.574,3829.498
link,random,5,0.28,0.2800982800982801,798,0.17282578494026118,0.6985273687135316,625.2826463022508,0.0,2885.574,3829.498
link,random,5,0.3,0.3001053001053001,855,0.16421228118921924,0.7071408724645735,464.9461167512691,0.0,2043.513,2885.574
link,random,5,0.32,0.3201123201123201,912,0.1631008613503751,0.7082522923034176,463.9833645655877,0.0,2043.513,2885.574
link,random,5,0.34,0.34011934011934014,969,0.15226451792164492,0.7190886357321478,327.08651094890513,0.0,2043.513,2885.574
link,random,5,0.36,0.3601263601263601,1026,0.1494859683245346,0.7218671853292582,322.1381672862453,0.0,2043.513,2885.574
link,random,5,0.38,0.38013338013338016,1083,0.1494859683245346,0.7218671853292582,322.1381672862453,0.0,2043.513,2885.574
link,random,5,0.4,0.40014040014040014,1140,0.1430953042511809,0.7282578494026118,305.27392621359223,0.0,2043.513,2885.574
link,random,6,0.0,0.0,0,0.8713531536537927,0.0,1678.3658804209185,1813.3350000000003,2515.206,3245.7529999999997
link,random,6,0.02,0.020007020007020006,57,0.8444012225618227,0.026951931091970027,1671.702772622573,1869.605,2606.742600000002,3039.279
link,random,6,0.04,0.04001404001404001,114,0.8191164212281189,0.05223673242567384,1791.7001339891451,1911.8535000000002,3033.6009999999997,3248.388999999999
link,random,6,0.06,0.06002106002106002,171,0.7963323145318144,0.07502083912197832,1906.183020586183,2053.8914999999997,3166.4079999999994,3808.7110000000002
link,random,6,0.08,0.08002808002808003,228,0.7046401778271743,0.16671297582661848,1891.03873659306,2083.6850000000004,3265.9565000000007,3911.1320000000005
link,random,6,0.1,0.10003510003510004,285,0.6904695748819116,0.1808835787718811,2393.4285645875257,2479.454,4681.515,6117.277599999995
link,random,6,0.12,0.12004212004212005,342,0.6198944151153098,0.2514587385384829,2341.8584585387716,2499.617,4681.515,4681.515
link,random,6,0.14,0.14004914004914004,399,0.5209780494581828,0.3503751041956099,2122.217599466667,2208.369,4202.384600000002,4767.196
link,random,6,0.16,0.16005616005616005,456,0.4798555154209503,0.39149763823284245,2323.916017371164,2397.8399999999997,4570.809,4850.139599999999
link,random,6,0.18,0.18006318006318006,513,0.45984995832175607,0.41150319533203666,2369.6147009063443,2421.4159999999997,4679.3762000000015,5090.724399999999
link,random,6,0.2,0.20007020007020007,570,0.35204223395387607,0.5193109196999166,2124.343323599053,1742.3609999999999,5070.681800000001,5568.346
link,random,6,0.22,0.22007722007722008,627,0.3359266462906363,0.5354265073631564,2130.048319272126,1742.6370000000002,5099.4802,5568.346
link,random,6,0.24,0.2400842400842401,684,0.2964712420116699,0.5748819116421229,1884.7177104029988,1121.2720000000004,5076.708999999999,5891.5869999999995
link,random,6,0.26,0.2600912600912601,741,0.15615448735759932,0.7151986662961934,180.76598932384343,0.0,851.3570000000011,1157.1326499999986
link,random,6,0.28,0.2800982800982801,798,0.15615448735759932,0.7151986662961934,180.76598932384343,0.0,851.3570000000011,1157.1326499999986
link,random,6,0.3,0.3001053001053001,855,0.15282022784106697,0.7185329258127258,174.03128000000004,0.0,853.7250000000003,1158.173
link,random,6,0.32,0.3201123201123201,912,0.14642956376771327,0.7249235898860795,149.27772675521825,0.0,728.3440000000008,1137.3660000000004
link,random,6,0.34,0.34011934011934014,969,0.14365101417060294,0.7277021394831897,124.89384719535785,0.0,479.46220000000005,1137.3660000000004
link,random,6,0.36,0.3601263601263601,1026,0.14003889969435954,0.7313142539594332,112.30856746031748,0.0,278.57189999999906,1137.3660000000004
link,random,6,0.38,0.38013338013338016,1083,0.13003612114476243,0.7413170325090304,25.426636752136755,0.0,0.0,0.0
link,random,6,0.4,0.40014040014040014,1140,0.12864684634620727,0.7427063073075855,21.67923542116631,0.0,0.0,0.0
link,random,7,0.0,0.0,0,0.8713531536537927,0.0,1678.3658804209185,1813.3350000000003,2515.206,3245.7529999999997
link,random,7,0.02,0.020007020007020006,57,0.8574604056682412,0.013892747985551512,1876.142101425794,2038.2060000000001,3190.7849999999994,3563.884
link,random,7,0.04,0.04001404001404001,114,0.8341205890525146,0.037232564601278106,1917.5972078614257,2088.894,3190.7849999999994,3563.884
link,random,7,0.06,0.06002106002106002,171,0.7935537649347041,0.07779938871908865,1951.251618697479,2222.513,3190.7849999999994,3563.884
link,random,7,0.08,0.08002808002808003,228,0.7813281467074187,0.09002500694637405,1991.0207855618773,2313.1414999999997,3215.6449999999995,3666.4749999999995
link,random,7,0.1,0.10003510003510004,285,0.6818560711308697,0.18949708252292308,1895.333434392828,2085.784,3190.7849999999994,3451.7624
link,random,7,0.12,0.12004212004212005,342,0.6601833842734093,0.21116976938038345,2830.2348320707074,2521.549,5737.217,5737.217
link,random,7,0.14,0.14004914004914004,399,0.512920255626563,0.3584328980272298,2690.3107258938253,2673.8889999999997,5898.318000000002,5898.318000000002
link,random,7,0.16,0.16005616005616005,456,0.49930536260072245,0.3720477910530703,2794.028435169728,3009.6669999999995,5898.318000000002,5898.318000000002
link,random,7,0.18,0.18006318006318006,513,0.3762156154487358,0.49513753820505696,2199.1108663220093,1792.2435,4800.4540000000015,5359.938
link,random,7,0.2,0.20007020007020007,570,0.3217560433453737,0.549597110308419,1892.6256018998274,1137.3660000000004,4549.079300000001,5007.879000000001
link,random,7,0.22,0.22007722007722008,627,0.29397054737427064,0.5773826062795221,1775.9465359168244,1010.4845,4339.818000000001,4843.738149999999
link,random,7,0.24,0.2400842400842401,684,0.243123089747152,0.6282300639066407,1387.5231200000003,0.0,4026.6419999999994,4339.818000000001
link,random,7,0.26,0.2600912600912601,741,0.18977493748263408,0.6815782161711587,767.6499267935578,0.0,3583.823400000001,4213.3514
link,random,7,0.28,0.2800982800982801,798,0.1783828841344818,0.692970269519311,726.5973722741434,0.0,3569.8867,4138.72185
link,random,7,0.3,0.3001053001053001,855,0.15115309808280078,0.720200055570992,197.69204411764701,0.0,835.6640999999998,1502.4859999999996
link,random,7,0.32,0.3201123201123201,912,0.1503195332036677,0.7210336204501251,189.99163955637707,0.0,821.7049999999999,1502.4859999999996
link,random,7,0.34,0.34011934011934014,969,0.15004167824395664,0.7213114754098361,203.8231925925926,0.0,830.8080000000004,1636.0639999999999
link,random,7,0.36,0.3601263601263601,1026,0.1494859683245346,0.7218671853292582,199.39161710037177,0.0,822.707,1588.4792999999988
link,random,7,0.38,0.38013338013338016,1083,0.13726035009724924,0.7340928035565435,81.16854858299597,0.0,0.0,679.4366999999979
link,random,7,0.4,0.40014040014040014,1140,0.1361489302584051,0.7352042233953876,72.19486326530614,0.0,0.0,604.8285999999946
link,random,8,0.0,0.0,0,0.8713531536537927,0.0,1678.3658804209185,1813.3350000000003,2515.206,3245.7529999999997
link,random,8,0.02,0.020007020007020006,57,0.8630175048624618,0.008335648791330974,1719.4352253702514,1845.53,2789.609000000001,3319.890000000001
link,random,8,0.04,0.04001404001404001,114,0.855515420950264,0.01583773270352873,2096.393576810653,2248.748,3743.6629999999996,3884.4089999999997
link,random,8,0.06,0.06002106002106002,171,0.8435676576826896,0.027785495971103136,2131.139527667984,2255.347,3743.6629999999996,3884.4089999999997
link,random,8,0.08,0.08002808002808003,228,0.8166157265907197,0.05473742706307305,2382.158460020415,2578.9089999999997,4185.874000000001,4343.923000000001
link,random,8,0.1,0.10003510003510004,285,0.7960544595721034,0.07529869408168932,2621.7082212914484,2746.719,4894.707999999999,4894.707999999999
link,random,8,0.12,0.12004212004212005,342,0.7679911086412893,0.10336204501250346,3073.1873755426914,3325.1775000000002,6221.562999999999,6221.562999999999
link,random,8,0.14,0.14004914004914004,399,0.6004445679355377,0.27090858571825505,3098.00763998149,2913.763,6848.655000000003,7584.054000000002
link,random,8,0.16,0.16005616005616005,456,0.44345651569880523,0.4278966379549875,2757.1730012531325,2043.513,7229.746,8117.746750000002
link,random,8,0.18,0.18006318006318006,513,0.2395109752709086,0.6318421783828841,959.0997482598608,0.0,2043.513,5118.303
link,random,8,0.2,0.20007020007020007,570,0.23839955543206445,0.6329535982217283,1003.3253589743589,0.0,2293.7350000000006,5118.303
link,random,8,0.22,0.22007722007722008,627,0.21922756321200335,0.6521255904417894,618.0451140684411,0.0,2108.1152000000006,2336.498
link,random,8,0.24,0.2400842400842401,684,0.19755487635454294,0.6737982772992498,459.25880168776376,0.0,1481.787,2115.516
link,random,8,0.26,0.2600912600912601,741,0.1928313420394554,0.6785218116143373,485.77336311239196,0.0,1986.1480000000001,2115.516
link,random,8,0.28,0.2800982800982801,798,0.17032509030286191,0.7010280633509308,309.7390032626427,0.0,1463.836,1686.5827999999963
link,random,8,0.3,0.3001053001053001,855,0.16726868574604056,0.7040844679077521,296.2537441860465,0.0,1463.836,1774.058649999989
link,random,8,0.32,0.3201123201123201,912,0.16337871631008613,0.7079744373437066,270.94136734693876,0.0,1353.259,1811.773199999999
link,random,8,0.34,0.34011934011934014,969,0.1583773270352876,0.7129758266185051,233.2710105263158,0.0,1031.798,1827.799
link,random,8,0.36,0.3601263601263601,1026,0.1461517088080022,0.7252014448457905,112.27878707224335,0.0,589.5219999999999,930.2742499999999
link,random,8,0.38,0.38013338013338016,1083,0.14170602945262573,0.7296471242011671,79.5009843137255,0.0,244.44480000000095,633.1942499999994
link,random,8,0.4,0.40014040014040014,1140,0.14059460961378162,0.7307585440400111,70.02224901185771,0.0,227.394,606.05525
link,random,9,0.0,0.0,0,0.8713531536537927,0.0,1678.3658804209185,1813.3350000000003,2515.206,3245.7529999999997
link,random,9,0.02,0.020007020007020006,57,0.8216171158655182,0.04973603778827451,1706.0163067297938,1802.5730000000003,2805.9299999999994,3563.884
link,random,9,0.04,0.04001404001404001,114,0.7854959711030842,0.08585718255070851,1810.1127527414221,1875.4920000000004,3050.7614000000003,4128.325
link,random,9,0.06,0.06002106002106002,171,0.7596554598499583,0.11169769380383443,1844.773147037308,2043.513,2999.63,3567.5249999999996
link,random,9,0.08,0.08002808002808003,228,0.7126979716587941,0.15865518199499862,1896.3931056530214,2108.364,3398.3699999999994,3936.100599999998
link,random,9,0.1,0.10003510003510004,285,0.684912475687691,0.18644067796610175,2156.999112373225,2510.893,3772.7909999999993,4110.509000000001
link,random,9,0.12,0.12004212004212005,342,0.6143373159210892,0.25701583773270353,2520.2235205789234,2720.7209999999995,4872.907000000001,5484.490000000002
link,random,9,0.14,0.14004914004914004,399,0.5718255070853014,0.2995276465684913,3150.1501462585034,3267.0404999999996,6017.313,9169.51609999998
link,random,9,0.16,0.16005616005616005,456,0.45790497360377885,0.4134481800500139,2771.9620521844663,3349.2470000000003,5044.335099999998,5637.189249999993
link,random,9,0.18,0.18006318006318006,513,0.41761600444567937,0.45373714920811337,2782.8691570192946,3536.1049999999996,5115.630999999999,5795.614
link,random,9,0.2,0.20007020007020007,570,0.4123367602111698,0.45901639344262296,2764.1716226415097,3531.8845,5090.906300000001,5734.204499999999
link,random,9,0.22,0.22007722007722008,627,0.34176160044456794,0.5295915532092248,2455.9694804878045,2631.3894999999998,5070.471,6020.428
link,random,9,0.24,0.2400842400842401,684,0.2675743262017227,0.60377882745207,1883.2079698857735,720.2060000000002,4987.9929999999995,5193.889999999999
link,random,9,0.26,0.2600912600912601,741,0.16421228118921924,0.7071408724645735,472.93883417935706,0.0,2324.391,2967.0485
link,random,9,0.28,0.2800982800982801,798,0.16171158655181994,0.7096415671019728,467.62805154639165,0.0,2333.904,2983.0545499999976
link,random,9,0.3,0.3001053001053001,855,0.1603223117532648,0.7110308419005279,464.9190311958405,0.0,2335.5758,2986.0713999999994
link,random,9,0.32,0.3201123201123201,912,0.1603223117532648,0.7110308419005279,470.5957954939341,0.0,2335.5758,3018.6021999999903
link,random,9,0.34,0.34011934011934014,969,0.13837176993609335,0.7329813837176994,90.4685923694779,0.0,161.3160000000007,747.5893499999992
link,random,9,0.36,0.3601263601263601,1026,0.13837176993609335,0.7329813837176994,90.4685923694779,0.0,161.3160000000007,747.5893499999992
link,random,9,0.38,0.38013338013338016,1083,0.13837176993609335,0.7329813837176994,90.4685923694779,0.0,161.3160000000007,747.5893499999992
link,random,9,0.4,0.40014040014040014,1140,0.13559322033898305,0.7357599333148097,63.00684836065573,0.0,0.0,588.3333999999999
link,random,10,0.0,0.0,0,0.8713531536537927,0.0,1678.3658804209185,1813.3350000000003,2515.206,3245.7529999999997
link,random,10,0.02,0.020007020007020006,57,0.8591275354265073,0.012225618227285406,1953.574525549806,2155.2509999999997,3212.937999999999,3598.3947499999836
link,random,10,0.04,0.04001404001404001,114,0.837732703528758,0.033620450125034784,1955.3280271973467,2133.3599999999997,3212.937999999999,3649.2339999999995
link,random,10,0.06,0.06002106002106002,171,0.810780772436788,0.0605723812170047,2063.3709403701164,2229.473,3212.937999999999,3649.2339999999995
link,random,10,0.08,0.08002808002808003,228,0.7507641011392053,0.1205890525145874,2257.870387490748,2229.473,4013.7370000000005,4137.7243999999955
link,random,10,0.1,0.10003510003510004,285,0.729369269241456,0.14198388441233678,2446.3738567619052,2578.9089999999997,4393.588999999999,4393.588999999999
link,random,10,0.12,0.12004212004212005,342,0.6879688802445124,0.18338427340928032,2811.3883271405493,2834.2170000000006,5343.064999999999,5343.064999999999
link,random,10,0.14,0.14004914004914004,399,0.6615726590719644,0.20978049458182835,2905.5810298194037,2969.782000000001,5343.064999999999,5370.585999999998
link,random,10,0.16,0.16005616005616005,456,0.5073631564323423,0.3639899972214504,2662.459656078861,2284.273,5343.064999999999,7098.704999999999
link,random,10,0.18,0.18006318006318006,513,0.4734648513475965,0.3978883023061962,2902.544007629108,2347.871,6197.592000000001,7098.704999999999
link,random,10,0.2,0.20007020007020007,570,0.4206724090025007,0.45068074465129204,3212.4957503302508,2263.727,7098.704999999999,7949.963
link,random,10,0.22,0.22007722007722008,627,0.3389830508474576,0.5323701028063351,2535.0222426229507,1953.702,5343.064999999999,7098.704999999999
link,random,10,0.24,0.2400842400842401,684,0.24756876910252848,0.6237843845512643,1542.4125117845117,44.755,4862.175000000001,5374.054999999999
link,random,10,0.26,0.2600912600912601,741,0.19560989163656572,0.675743262017227,605.2770667613637,0.0,2055.340600000001,2225.6549999999997
link,random,10,0.28,0.2800982800982801,798,0.17866073909419283,0.6926924145595998,521.0803110419907,0.0,2166.610600000002,2565.9080000000004
link,random,10,0.3,0.3001053001053001,855,0.17143651014170602,0.6999166435120867,479.39255591572123,0.0,2225.6549999999997,2565.9080000000004
link,random,10,0.32,0.3201123201123201,912,0.16393442622950818,0.7074187274242846,434.31596779661015,0.0,2225.6549999999997,2571.8330000000005
link,random,10,0.34,0.34011934011934014,969,0.1578216171158655,0.7135315365379272,377.48428169014085,0.0,2115.299,2600.763
link,random,10,0.36,0.3601263601263601,1026,0.15393164767991108,0.7174215059738817,337.8970938628159,0.0,1630.2100000000003,2565.6760000000013
link,random,10,0.38,0.38013338013338016,1083,0.15282022784106697,0.7185329258127258,336.03120000000007,0.0,1636.2807000000016,2576.4719999999975
link,random,10,0.4,0.40014040014040014,1140,0.15115309808280078,0.720200055570992,313.9982224264706,0.0,1578.9322999999997,2318.5651000000025
link,random,11,0.0,0.0,0,0.8713531536537927,0.0,1678.3658804209185,1813.3350000000003,2515.206,3245.7529999999997
link,random,11,0.02,0.020007020007020006,57,0.8599611003056404,0.011392053348152298,1735.715975444265,1966.1680000000003,2609.424,3248.3440999999975
link,random,11,0.04,0.04001404001404001,114,0.8466240622395109,0.024729091414281812,1919.701875943551,2077.2420000000006,3006.7779999999993,3515.656
link,random,11,0.06,0.06002106002106002,171,0.8177271464295638,0.053626007224228944,2101.77488820931,2352.093,3349.2309999999998,3897.6949999999993
link,random,11,0.08,0.08002808002808003,228,0.7574326201722701,0.11392053348152265,2011.5093092443137,2263.9705000000004,3349.2309999999998,3515.656
link,random,11,0.1,0.10003510003510004,285,0.6629619338705196,0.20839121978327313,2130.948136630344,2406.321999999999,3931.4074999999993,4742.517000000001
link,random,11,0.12,0.12004212004212005,342,0.575993331480967,0.29535982217282575,2406.877638687892,2593.8589999999995,4771.717,5199.206
link,random,11,0.14,0.14004914004914004,399,0.513475965545985,0.3578771881078078,2248.1104356060605,2133.0355,4951.954,5725.55
link,random,11,0.16,0.16005616005616005,456,0.47318699638788553,0.3981661572659072,3237.648040516736,2547.0089999999996,7707.750199999999,8070.861299999998
link,random,11,0.18,0.18006318006318006,513,0.315643234231731,0.5557099194220617,2013.3542860915497,1365.9360000000001,5991.2435000000005,6985.8102499999995
link,random,11,0.2,0.20007020007020007,570,0.24451236454570713,0.6268407891080856,1639.71495,0.0,5514.124,6288.850649999999
link,random,11,0.22,0.22007722007722008,627,0.19699916643512086,0.6743539872186719,916.0954809590974,0.0,4238.848999999999,4579.7658
link,random,11,0.24,0.2400842400842401,684,0.1928313420394554,0.6785218116143373,828.4517276657061,0.0,3752.491000000003,4370.986000000001
link,random,11,0.26,0.2600912600912601,741,0.17866073909419283,0.6926924145595998,541.6960777604976,0.0,2043.513,3692.9254999999953
link,random,11,0.28,0.2800982800982801,798,0.17365934981939427,0.6976938038343985,526.2253824000001,0.0,2043.513,3711.6739999999995
link,random,11,0.3,0.3001053001053001,855,0.17338149485968324,0.6979716587941095,525.4190769230769,0.0,2043.513,3711.6739999999995
link,random,11,0.32,0.3201123201123201,912,0.1578216171158655,0.7135315365379272,264.22200528169014,0.0,1267.1086000000005,1547.9750000000006
link,random,11,0.34,0.34011934011934014,969,0.15615448735759932,0.7151986662961934,243.44863523131679,0.0,1249.0389000000043,1547.9750000000006
link,random,11,0.36,0.3601263601263601,1026,0.15004167824395664,0.7213114754098361,192.68577962962965,0.0,1031.798,1406.576
link,random,11,0.38,0.38013338013338016,1083,0.15004167824395664,0.7213114754098361,192.68577962962965,0.0,1031.798,1406.576
link,random,11,0.4,0.40014040014040014,1140,0.1494859683245346,0.7218671853292582,189.32512825278812,0.0,980.3858000000009,1406.576
link,random,12,0.0,0.0,0,0.8713531536537927,0.0,1678.3658804209185,1813.3350000000003,2515.206,3245.7529999999997
link,random,12,0.02,0.020007020007020006,57,0.8655181994998611,0.0058349541539316485,1732.089949598716,1853.893,2675.323000000001,3320.5499999999997
link,random,12,0.04,0.04001404001404001,114,0.8141150319533204,0.05723812170047238,1718.5055641638226,1875.8270000000002,2609.424,3053.094199999996
link,random,12,0.06,0.06002106002106002,171,0.8096693525979439,0.06168380105584881,1746.5368037062458,1882.158,2689.838,3189.1950000000006
link,random,12,0.08,0.08002808002808003,228,0.783828841344818,0.08752431230897473,1782.3454487770293,1993.1190000000001,2700.846,3304.013
link,random,12,0.1,0.10003510003510004,285,0.7629897193664907,0.108363434287302,2059.8287439912597,2208.8889999999997,3393.075,3884.508
link,random,12,0.12,0.12004212004212005,342,0.7068630175048625,0.16449013614893027,2338.2282429245283,2270.2450000000003,5267.7970000000005,5267.7970000000005
link,random,12,0.14,0.14004914004914004,399,0.6543484301194776,0.2170047235343151,2402.7103690021236,2224.0510000000004,5267.7970000000005,5267.7970000000005
link,random,12,0.16,0.16005616005616005,456,0.60377882745207,0.2675743262017227,2513.5597312471236,2406.7470000000003,5318.53,5318.53
link,random,12,0.18,0.18006318006318006,513,0.5893303695470964,0.28202278410669634,2523.048941065535,2485.1879999999996,5318.53,5318.53
link,random,12,0.2,0.20007020007020007,570,0.3803834398444012,0.49096971380939153,1805.1363491599711,1541.505,4221.4400000000005,4538.642199999998
link,random,12,0.22,0.22007722007722008,627,0.31925534870797445,0.5520978049458183,1995.2720530896438,1214.546,4933.819600000003,5461.411000000002
link,random,12,0.24,0.2400842400842401,684,0.2986940816893582,0.5726590719644346,1807.6322539534888,1031.798,4644.267000000001,5185.1190000000015
link,random,12,0.26,0.2600912600912601,741,0.252292303417616,0.6190608502361767,1443.047189427313,225.698,4221.4400000000005,4520.320000000001
link,random,12,0.28,0.2800982800982801,798,0.19866629619338705,0.6726868574604057,916.3384517482519,0.0,3695.451000000001,4386.770899999999
link,random,12,0.3,0.3001053001053001,855,0.17727146429563767,0.6940816893581551,560.840026645768,0.0,2156.559,3108.9734
link,random,12,0.32,0.3201123201123201,912,0.17254792998055016,0.6988052236732426,507.94549436392913,0.0,2043.513,3128.9109999999996
link,random,12,0.34,0.34011934011934014,969,0.1700472353431509,0.7013059183106418,524.6836928104576,0.0,2043.513,3153.3194499999963
link,random,12,0.36,0.3601263601263601,1026,0.1611558766323979,0.7101972770213949,326.5278844827586,0.0,1280.353,2043.513
link,random,12,0.38,0.38013338013338016,1083,0.1611558766323979,0.7101972770213949,337.6884431034483,0.0,1588.5970000000002,2043.513
link,random,12,0.4,0.40014040014040014,1140,0.15448735759933316,0.7168657960544595,267.75914568345326,0.0,1137.3660000000004,2043.513
link,random,13,0.0,0.0,0,0.8713531536537927,0.0,1678.3658804209185,1813.3350000000003,2515.206,3245.7529999999997
link,random,13,0.02,0.020007020007020006,57,0.8530147263128647,0.018338427340928054,1754.2883013029316,1882.974,2794.4518,3394.622899999964
link,random,13,0.04,0.04001404001404001,114,0.837732703528758,0.033620450125034784,1838.6472169154226,1985.205,2890.768000000001,3565.044
link,random,13,0.06,0.06002106002106002,171,0.8318977493748263,0.03945540427896643,1903.0399221776886,2142.6060000000007,3002.128700000003,4128.325
link,random,13,0.08,0.08002808002808003,228,0.7229786051681022,0.14837454848569054,1933.1689012298232,2029.7450000000003,3057.1989999999996,4580.135
link,random,13,0.1,0.10003510003510004,285,0.7076965823839956,0.16365657126979716,1976.2123368669024,2080.299,3215.809,4740.148
link,random,13,0.12,0.12004212004212005,342,0.6521255904417894,0.21922756321200332,2336.0420681721353,2332.568,5211.310800000001,5565.263000000001
link,random,13,0.14,0.14004914004914004,399,0.6357321478188386,0.23562100583495416,2727.201301573427,2585.0635000000007,6116.124000000001,6888.716000000002
link,random,13,0.16,0.16005616005616005,456,0.6076687968880244,0.2636843567657683,2694.0138797439417,2571.866000000001,5918.512200000025,7187.050000000002
link,random,13,0.18,0.18006318006318006,513,0.46151708808002223,0.4098360655737705,2324.0990656231183,2587.0899999999992,4842.389000000001,5658.069999999999
link,random,13,0.2,0.20007020007020007,570,0.3612114476243401,0.5101417060294526,2226.302502307692,2575.9749999999995,5419.442,6022.702799999998
link,random,13,0.22,0.22007722007722008,627,0.3092525701583773,0.5621005834954154,1959.7252812219226,1621.2889999999995,3935.4420000000005,5419.442
link,random,13,0.24,0.2400842400842401,684,0.2956376771325368,0.575715476521256,1918.0657443609018,1497.2919999999995,3774.03,5419.442
link,random,13,0.26,0.2600912600912601,741,0.29508196721311475,0.576271186440678,1918.4908022598868,1488.6829999999995,3774.03,5419.442
link,random,13,0.28,0.2800982800982801,798,0.25479299805501526,0.6165601555987774,1951.7781962922575,337.559,6095.578,6095.578
link,random,13,0.3,0.3001053001053001,855,0.25284801333703805,0.6185051403167547,1957.0804340659345,244.519,6095.578,6095.578
link,random,13,0.32,0.3201123201123201,912,0.24729091414281745,0.6240622395109753,1984.8140797752815,6.755,6095.578,6095.578
link,random,13,0.34,0.34011934011934014,969,0.13559322033898305,0.7357599333148097,59.36469467213115,0.0,0.0,475.00600000000003
link,random,13,0.36,0.3601263601263601,1026,0.1342039455404279,0.7371492081133648,50.224877846790896,0.0,0.0,360.96159999999986
link,random,13,0.38,0.38013338013338016,1083,0.1325368157821617,0.738816337871631,42.49110062893083,0.0,0.0,220.70319999999916
link,random,13,0.4,0.40014040014040014,1140,0.13086968602389554,0.7404834676298973,33.28435244161359,0.0,0.0,29.1325
link,random,14,0.0,0.0,0,0.8713531536537927,0.0,1678.3658804209185,1813.3350000000003,2515.206,3245.7529999999997
link,random,14,0.02,0.020007020007020006,57,0.837176993609336,0.03417616004445678,1785.089977763027,1926.8760000000002,2885.844,3878.935
link,random,14,0.04,0.04001404001404001,114,0.8218949708252292,0.04945818282856351,1900.5857200811358,2205.3805,3082.2947999999997,3897.6949999999993
link,random,14,0.06,0.06002106002106002,171,0.8091136426785218,0.06223951097527092,2225.6935044642855,2309.309,4128.325,4533.007
link,random,14,0.08,0.08002808002808003,228,0.7199222006112809,0.15143095304251186,2408.749173678116,2309.309,5087.564,5866.009499999999
link,random,14,0.1,0.10003510003510004,285,0.7129758266185051,0.15837732703528762,2702.2957318784106,2372.6849999999995,6101.8705,6593.6979999999985
link,random,14,0.12,0.12004212004212005,342,0.6435120866907474,0.2278410669630453,3013.0606049222806,2828.585,6732.077999999999,7193.574000000001
link,random,14,0.14,0.14004914004914004,399,0.4854126146151709,0.38594053903862185,2077.6264041213512,2270.5519999999997,4077.239000000001,4972.885000000001
link,random,14,0.16,0.16005616005616005,456,0.39038621839399834,0.4809669352597944,1806.9015772241994,1672.2980000000002,4124.684000000001,5118.303
link,random,14,0.18,0.18006318006318006,513,0.3575993331480967,0.513753820505696,1800.7906658896657,1533.86,4380.9839999999995,5118.303
link,random,14,0.2,0.20007020007020007,570,0.3342595165323701,0.5370936371214226,1675.6630931005818,1513.5269999999998,4065.4909999999995,4630.688299999996
link,random,14,0.22,0.22007722007722008,627,0.30564045568213394,0.5657126979716588,1520.8496563636363,1123.3335000000002,3785.2839999999997,4599.696549999994
link,random,14,0.24,0.2400842400842401,684,0.29591553209224786,0.5754376215615449,1548.316399061033,1137.3660000000004,3924.4716,4754.176599999996
link,random,14,0.26,0.2600912600912601,741,0.270075020839122,0.6012781328146708,1409.2975308641971,659.559,3421.7576000000004,4839.552349999996
link,random,14,0.28,0.2800982800982801,798,0.18505140316754654,0.6863017504862462,949.9852057057057,0.0,3943.1279999999997,5080.649
link,random,14,0.3,0.3001053001053001,855,0.17504862461794943,0.6963045290358433,867.2903571428573,0.0,4121.189500000001,5118.303
link,random,14,0.32,0.3201123201123201,912,0.16782439566546262,0.7035287579883301,784.1178062913907,0.0,3521.7162000000026,5118.303
link,random,14,0.34,0.34011934011934014,969,0.16254515143095305,0.7088080022228397,672.3889555555555,0.0,3017.782,4297.530399999998
link,random,14,0.36,0.3601263601263601,1026,0.1583773270352876,0.7129758266185051,665.0171,0.0,3017.782,4283.1358999999975
link,random,14,0.38,0.38013338013338016,1083,0.153098082800778,0.7182550708530148,591.9460272232304,0.0,2799.997,4438.92
link,random,14,0.4,0.40014040014040014,1140,0.14115031953320367,0.7302028341205891,239.84767716535433,0.0,948.1040000000003,2043.513
link,random,15,0.0,0.0,0,0.8713531536537927,0.0,1678.3658804209185,1813.3350000000003,2515.206,3245.7529999999997
link,random,15,0.02,0.020007020007020006,57,0.8632953598221729,0.008057793831619864,1806.916124235597,1974.5330000000004,3105.444600000001,3878.1306999999993
link,random,15,0.04,0.04001404001404001,114,0.8274520700194499,0.04390108363434286,1900.9592521826726,2095.6144999999997,3061.6869999999994,4172.701550000002
link,random,15,0.06,0.06002106002106002,171,0.7691025284801334,0.10225062517365935,1916.1902532514448,2103.4410000000003,3080.5099999999998,3563.884
link,random,15,0.08,0.08002808002808003,228,0.7618782995276465,0.10947485412614621,2060.814390955507,2232.9809999999998,3661.6054999999997,4316.948
link,random,15,0.1,0.10003510003510004,285,0.7554876354542929,0.11586551819949986,2150.891884148584,2264.118,3824.16800000001,4322.111
link,random,15,0.12,0.12004212004212005,342,0.7057515976660184,0.16560155598777437,2130.2498125984253,2270.2450000000003,3714.7011999999995,4712.636999999999
link,random,15,0.14,0.14004914004914004,399,0.6918588496804668,0.17949430397332589,2170.515509236948,2270.2450000000003,3696.6055,4720.3589999999995
link,random,15,0.16,0.16005616005616005,456,0.6346207279799945,0.23673242567379826,2530.750844570928,2336.498,4953.102999999999,5900.213999999999
link,random,15,0.18,0.18006318006318006,513,0.603223117532648,0.2681300361211447,2835.925740672501,2936.417,5437.204,6521.421000000001
link,random,15,0.2,0.20007020007020007,570,0.504584606835232,0.36676854681856075,2486.282649779736,2611.2279999999996,4765.781000000001,6521.421000000001
link,random,15,0.22,0.22007722007722008,627,0.35648791330925256,0.5148652403445402,1842.3028417770847,1637.938,4010.057999999999,4832.151
link,random,15,0.24,0.2400842400842401,684,0.30313976104473467,0.568213392609058,1737.8568450962416,1031.656,4010.057999999999,5015.866
link,random,15,0.26,0.2600912600912601,741,0.28507918866351767,0.5862739649902751,1652.0874961013642,676.115,4010.057999999999,4372.275000000001
link,random,15,0.28,0.2800982800982801,798,0.20311197554876353,0.6682411781050293,892.4958467852256,0.0,3412.071,4919.901
link,random,15,0.3,0.3001053001053001,855,0.18949708252292302,0.6818560711308697,742.2428152492669,0.0,3123.528599999999,4323.234
link,random,15,0.32,0.3201123201123201,912,0.17866073909419283,0.6926924145595998,614.0160964230171,0.0,2336.498,3963.4370000000004
link,random,15,0.34,0.34011934011934014,969,0.17365934981939427,0.6976938038343985,603.3177392,0.0,2336.498,3963.4370000000004
link,random,15,0.36,0.3601263601263601,1026,0.17171436510141705,0.6996387885523757,586.4031957928803,0.0,2336.498,3859.5142999999975
link,random,15,0.38,0.38013338013338016,1083,0.15643234231731037,0.7149208113364823,277.44329662522205,0.0,1463.836,2043.513
link,random,15,0.4,0.40014040014040014,1140,0.15615448735759932,0.7151986662961934,272.41539857651253,0.0,1463.836,2043.513
link,random,16,0.0,0.0,0,0.8713531536537927,0.0,1678.3658804209185,1813.3350000000003,2515.206,3245.7529999999997
link,random,16,0.02,0.020007020007020006,57,0.8666296193387052,0.004723534315087541,1786.896304584803,1898.564,2842.3569999999995,3271.806699999998
link,random,16,0.04,0.04001404001404001,114,0.8591275354265073,0.012225618227285406,1835.184400388098,1979.7429999999995,2842.3569999999995,3312.5529999999994
link,random,16,0.06,0.06002106002106002,171,0.820227841066963,0.05112531258682973,2258.8947523712736,2425.1635000000006,3848.885,4555.8202999999985
link,random,16,0.08,0.08002808002808003,228,0.7993887190886357,0.071964434565157,3280.755399026764,3978.326000000001,5406.152999999999,5470.384999999999
link,random,16,0.1,0.10003510003510004,285,0.7440955821061406,0.12725757154765216,4302.240757281554,5144.774000000001,6673.252999999999,7623.804700000005
link,random,16,0.12,0.12004212004212005,342,0.712142261739372,0.15921089191442073,4545.621163090129,5385.604999999999,7002.919999999999,8053.1849999999995
link,random,16,0.14,0.14004914004914004,399,0.1603223117532648,0.7110308419005279,236.6816637781629,0.0,1055.0839999999998,1481.787
link,random,16,0.16,0.16005616005616005,456,0.15337593776048902,0.7179772158933038,181.57772826086955,0.0,853.7250000000003,1193.9296499999991
link,random,16,0.18,0.18006318006318006,513,0.1514309530425118,0.7199222006112809,166.97603853211007,0.0,810.586200000001,1047.3687999999981
link,random,16,0.2,0.20007020007020007,570,0.14976382328424562,0.7215893303695471,154.89464749536177,0.0,743.7377999999999,980.2318999999993
link,random,16,0.22,0.22007722007722008,627,0.1494859683245346,0.7218671853292582,151.31582342007434,0.0,726.3095000000004,978.159
link,random,16,0.24,0.2400842400842401,684,0.14698527368713532,0.7243678799666574,137.57144234404535,0.0,652.9839999999998,978.159
link,random,16,0.26,0.2600912600912601,741,0.1467074187274243,0.7246457349263684,136.90082007575757,0.0,653.5465,978.159
link,random,16,0.28,0.2800982800982801,798,0.14392886913031397,0.7274242845234787,132.5499961389961,0.0,673.9807000000005,998.8879999999999
link,random,16,0.3,0.3001053001053001,855,0.14253959433175883,0.728813559322034,122.45698245614035,0.0,622.805,906.6169999999997
link,random,16,0.32,0.3201123201123201,912,0.13837176993609335,0.7329813837176994,105.56338554216867,0.0,161.3160000000007,905.9905999999994
link,random,16,0.34,0.34011934011934014,969,0.13726035009724924,0.7340928035565435,92.44568016194332,0.0,0.0,853.7250000000003
link,random,16,0.36,0.3601263601263601,1026,0.13086968602389554,0.7404834676298973,49.90797452229302,0.0,0.0,123.06200000000001
link,random,16,0.38,0.38013338013338016,1083,0.13086968602389554,0.7404834676298973,49.90797452229302,0.0,0.0,123.06200000000001
link,random,16,0.4,0.40014040014040014,1140,0.13086968602389554,0.7404834676298973,49.90797452229302,0.0,0.0,123.06200000000001
link,random,17,0.0,0.0,0,0.8713531536537927,0.0,1678.3658804209185,1813.3350000000003,2515.206,3245.7529999999997
link,random,17,0.02,0.020007020007020006,57,0.8660739094192831,0.00527924423450965,1781.1873894770613,1924.1350000000002,2890.768000000001,3247.480399999998
link,random,17,0.04,0.04001404001404001,114,0.8271742150597389,0.04417893859405386,1820.9336200873363,1929.1889999999999,3091.0479999999993,3515.656
link,random,17,0.06,0.06002106002106002,171,0.8188385662684079,0.05251458738538484,1961.5660203596879,2092.009,3096.9930000000004,3694.6769999999997
link,random,17,0.08,0.08002808002808003,228,0.7415948874687414,0.12975826618505137,1950.1719494192582,2099.1400000000003,3091.0479999999993,3694.6769999999997
link,random,17,0.1,0.10003510003510004,285,0.7174215059738817,0.15393164767991108,2142.427649109218,2377.4209999999994,3400.581,3543.310750000001
link,random,17,0.12,0.12004212004212005,342,0.6860238955265352,0.18532925812725753,2143.006039287161,2337.953,4025.4880000000003,4025.4880000000003
link,random,17,0.14,0.14004914004914004,399,0.6540705751597666,0.2172825784940261,2589.4260632965165,2698.821,5048.377,5512.546
link,random,17,0.16,0.16005616005616005,456,0.6382328424562378,0.23312031119755494,3734.165410970831,3526.276999999999,8960.8086,9020.771999999999
link,random,17,0.18,0.18006318006318006,513,0.46985273687135315,0.4015004167824396,3244.7105665286813,2758.0550000000003,7673.542,8391.259
link,random,17,0.2,0.20007020007020007,570,0.4406779661016949,0.4306751875520978,3449.752062421185,2800.8679999999995,8275.922999999999,9935.1925
link,random,17,0.22,0.22007722007722008,627,0.39149763823284245,0.4798555154209503,2885.3411965933283,2043.513,7437.839,8164.269999999999
link,random,17,0.24,0.2400842400842401,684,0.2909141428174493,0.5804390108363434,1532.0821872015283,1137.3660000000004,4025.4880000000003,4025.4880000000003
link,random,17,0.26,0.2600912600912601,741,0.23895526535148653,0.6323978883023063,1513.8723011627908,0.0,4025.4880000000003,4025.4880000000003
link,random,17,0.28,0.2800982800982801,798,0.23395387607668797,0.6373992775771048,1481.3911187648457,0.0,4025.4880000000003,4025.4880000000003
link,random,17,0.3,0.3001053001053001,855,0.16810225062517367,0.703250903028619,643.5801239669422,0.0,2885.574,3326.8367999999955
link,random,17,0.32,0.3201123201123201,912,0.1667129758266185,0.7046401778271743,609.1978533333333,0.0,2336.498,3125.710799999998
link,random,17,0.34,0.34011934011934014,969,0.1667129758266185,0.7046401778271743,609.1978533333333,0.0,2336.498,3125.710799999998
link,random,17,0.36,0.3601263601263601,1026,0.16504584606835232,0.7063073075854405,591.0260892255892,0.0,2336.498,3123.331
link,random,17,0.38,0.38013338013338016,1083,0.144206724090025,0.7271464295637677,248.6960366088632,0.0,1281.7010000000002,2224.5841999999984
link,random,17,0.4,0.40014040014040014,1140,0.144206724090025,0.7271464295637677,248.6960366088632,0.0,1281.7010000000002,2224.5841999999984
link,random,18,0.0,0.0,0,0.8713531536537927,0.0,1678.3658804209185,1813.3350000000003,2515.206,3245.7529999999997
link,random,18,0.02,0.020007020007020006,57,0.8544040011114198,0.016949152542372947,1782.6892110569106,1887.7380000000003,2741.1759999999995,3334.785
link,random,18,0.04,0.04001404001404001,114,0.8507918866351765,0.02056126701861627,1910.1894624428478,2043.513,3086.936,3617.219
link,random,18,0.06,0.06002106002106002,171,0.8280077799388719,0.043345373714920865,2188.6295338926175,2356.9660000000003,3675.005,3970.6610000000014
link,random,18,0.08,0.08002808002808003,228,0.7996665740483467,0.071686579605446,2325.7272154273796,2551.6929999999993,4025.4880000000003,4083.9720000000007
link,random,18,0.1,0.10003510003510004,285,0.784106696304529,0.08724645734926373,2759.818590715805,3054.993,4567.689800000001,5539.510000000002
link,random,18,0.12,0.12004212004212005,342,0.6690747429841623,0.20227841066963048,3160.036524501661,3646.403,5683.860000000001,5683.860000000001
link,random,18,0.14,0.14004914004914004,399,0.5846068352320088,0.2867463184217839,3231.95519581749,3671.8655000000003,5802.528,6008.425
link,random,18,0.16,0.16005616005616005,456,0.3728813559322034,0.49847179772158934,2648.4887265275706,2661.9270000000006,6027.266,6027.266
link,random,18,0.18,0.18006318006318006,513,0.32120033342595167,0.5501528202278411,2656.5925527681657,2043.513,6027.266,6027.266
link,random,18,0.2,0.20007020007020007,570,0.23812170047235343,0.6332314531814394,2107.394676779463,0.0,7706.419999999997,7845.148999999999
link,random,18,0.22,0.22007722007722008,627,0.16254515143095305,0.7088080022228397,338.4754341880342,0.0,1486.3276,2043.513
link,random,18,0.24,0.2400842400842401,684,0.15059738816337873,0.720755765490414,254.49382103321037,0.0,1043.6105000000002,2043.513
link,random,18,0.26,0.2600912600912601,741,0.14476243400944708,0.7265907196443456,163.67727063339728,0.0,626.817,1607.344
link,random,18,0.28,0.2800982800982801,798,0.1333703806612948,0.7379827729924979,42.50476458333333,0.0,0.0,302.8424999999991
link,random,18,0.3,0.3001053001053001,855,0.13059183106418448,0.7407613225896083,29.31711276595745,0.0,0.0,13.51
link,random,18,0.32,0.3201123201123201,912,0.13059183106418448,0.7407613225896083,29.31711276595745,0.0,0.0,13.51
link,random,18,0.34,0.34011934011934014,969,0.12920255626562935,0.7421505973881634,26.74893548387097,0.0,0.0,0.0
link,random,18,0.36,0.3601263601263601,1026,0.12642400666851902,0.7449291469852737,8.609538461538461,0.0,0.0,0.0
link,random,18,0.38,0.38013338013338016,1083,0.12642400666851902,0.7449291469852737,8.609538461538461,0.0,0.0,0.0
link,random,18,0.4,0.40014040014040014,1140,0.12642400666851902,0.7449291469852737,8.609538461538461,0.0,0.0,0.0
link,random,19,0.0,0.0,0,0.8713531536537927,0.0,1678.3658804209185,1813.3350000000003,2515.206,3245.7529999999997
link,random,19,0.02,0.020007020007020006,57,0.8621839399833287,0.009169213670464083,1857.342990331937,2020.114,2967.3956000000026,3515.656
link,random,19,0.04,0.04001404001404001,114,0.8246735204223395,0.04667963323145319,1898.5194949460915,2075.1540000000005,3154.515,3515.656
link,random,19,0.06,0.06002106002106002,171,0.8149485968324535,0.05640455682133927,1939.4335554040235,2096.7189999999996,3215.6989999999996,3515.656
link,random,19,0.08,0.08002808002808003,228,0.7743817727146429,0.09697138093914981,2084.108131682813,2230.211,3777.724000000001,3777.724000000001
link,random,19,0.1,0.10003510003510004,285,0.7624340094470686,0.1089191442067241,2107.138967930029,2270.2990000000004,3777.724000000001,3813.4120999999964
link,random,19,0.12,0.12004212004212005,342,0.6832453459294249,0.18810780772436786,2079.9985518503463,2120.5459999999994,3777.724000000001,4057.7349999999997
link,random,19,0.14,0.14004914004914004,399,0.639344262295082,0.23200889135871072,2181.437767057801,2309.137,4273.347000000001,5225.39
link,random,19,0.16,0.16005616005616005,456,0.6146151708808002,0.25673798277299253,2672.12927124774,2539.7749999999996,5900.189999999997,6194.574149999998
link,random,19,0.18,0.18006318006318006,513,0.5773826062795221,0.29397054737427064,2600.8638142444656,2488.136,5859.741999999997,6048.813599999989
link,random,19,0.2,0.20007020007020007,570,0.5484856904695748,0.3228674631842179,2899.322566362715,2570.614,7862.156000000001,8288.708999999997
link,random,19,0.22,0.22007722007722008,627,0.49763823284245623,0.3737149208113365,2925.555548297041,2488.136,7942.236999999997,8329.156999999997
link,random,19,0.24,0.2400842400842401,684,0.3317588218949708,0.5395943317588219,1692.6971231155778,1584.995,3561.2507,4485.920999999999
link,random,19,0.26,0.2600912600912601,741,0.2297860516810225,0.6415671019727702,1579.9981293833132,0.0,5089.536599999999,6342.392
link,random,19,0.28,0.2800982800982801,798,0.1992220061128091,0.6721311475409837,1249.5035062761506,0.0,4485.920999999999,8277.869
link,random,19,0.3,0.3001053001053001,855,0.19199777716032232,0.6793553764934704,1264.572930535456,0.0,4485.920999999999,8277.869
link,random,19,0.32,0.3201123201123201,912,0.1917199222006113,0.6796332314531814,1264.434960869565,0.0,4485.920999999999,8277.869
link,random,19,0.34,0.34011934011934014,969,0.14976382328424562,0.7215893303695471,192.81913729128016,0.0,603.5600000000001,2023.7389999999994
link,random,19,0.36,0.3601263601263601,1026,0.14392886913031397,0.7274242845234787,175.86752895752898,0.0,589.5219999999999,2039.021
link,random,19,0.38,0.38013338013338016,1083,0.14392886913031397,0.7274242845234787,175.86752895752898,0.0,589.5219999999999,2039.021
link,random,19,0.4,0.40014040014040014,1140,0.13225896082245067,0.739094192831342,110.08934453781512,0.0,0.0,973.03125
link,random,20,0.0,0.0,0,0.8713531536537927,0.0,1678.3658804209185,1813.3350000000003,2515.206,3245.7529999999997
link,random,20,0.02,0.020007020007020006,57,0.8680188941372603,0.003334259516532434,2032.193099551857,2200.662,3839.6839999999993,4054.471999999999
link,random,20,0.04,0.04001404001404001,114,0.8191164212281189,0.05223673242567384,2174.0184972862958,2491.895,3839.6839999999993,4054.471999999999
link,random,20,0.06,0.06002106002106002,171,0.8046679633231453,0.06668519033064746,2430.1379433701654,2599.6010000000006,4242.868,4457.656
link,random,20,0.08,0.08002808002808003,228,0.7868852459016393,0.0844679077521534,2625.240233403955,2855.564,4396.5715,4690.837
link,random,20,0.1,0.10003510003510004,285,0.775215337593776,0.0961378160600167,2879.9056752688175,3069.701,5262.5160000000005,5262.5160000000005
link,random,20,0.12,0.12004212004212005,342,0.7546540705751598,0.11669908307863297,3123.6203067010306,3575.165,6022.946000000001,6022.946000000001
link,random,20,0.14,0.14004914004914004,399,0.6532370102806335,0.2181161433731592,3104.704301148447,3448.7129999999993,6338.552,6338.552
link,random,20,0.16,0.16005616005616005,456,0.5959988885801611,0.2753542650736316,3460.2749174825176,3393.967999999999,7795.111200000001,8565.187999999998
link,random,20,0.18,0.18006318006318006,513,0.531814392886913,0.3395387607668797,3523.274340647858,3684.426,7195.641700000002,8261.241550000002
link,random,20,0.2,0.20007020007020007,570,0.28869130313976105,0.5826618505140317,1902.233114533205,736.9330000000001,6813.896200000001,7942.910999999993
link,random,20,0.22,0.22007722007722008,627,0.27896637954987497,0.5923867741039177,1875.484874501992,639.5889999999999,6820.601000000001,8551.60924999999
link,random,20,0.24,0.2400842400842401,684,0.216171158655182,0.6551819949986107,913.704823907455,0.0,3260.5996000000027,3999.0963
link,random,20,0.26,0.2600912600912601,741,0.21033620450125035,0.6610169491525424,830.670036988111,0.0,2873.79,3684.426
link,random,20,0.28,0.2800982800982801,798,0.20700194498471797,0.6643512086690748,862.2784872483221,0.0,2920.890600000002,3684.426
link,random,20,0.3,0.3001053001053001,855,0.18449569324812448,0.6868574604056683,583.1084759036145,0.0,2435.815,2849.04315
link,random,20,0.32,0.3201123201123201,912,0.1783828841344818,0.692970269519311,526.794147975078,0.0,2115.924299999991,2445.475
link,random,20,0.34,0.34011934011934014,969,0.17338149485968324,0.6979716587941095,450.71961378205134,0.0,1681.5479999999998,2435.815
link,random,20,0.36,0.3601263601263601,1026,0.17254792998055016,0.6988052236732426,447.7390064412239,0.0,1681.5479999999998,2435.815
link,random,20,0.38,0.38013338013338016,1083,0.14337315921089192,0.7279799944429008,150.04225193798453,0.0,720.2060000000002,1415.4852500000004
link,random,20,0.4,0.40014040014040014,1140,0.1430953042511809,0.7282578494026118,148.2175475728156,0.0,720.2060000000002,1416.4340999999997
link,random,21,0.0,0.0,0,0.8713531536537927,0.0,1678.3658804209185,1813.3350000000003,2515.206,3245.7529999999997
link,random,21,0.02,0.020007020007020006,57,0.8666296193387052,0.004723534315087541,1989.6031782622636,2255.347,3247.457000000001,3588.584
link,random,21,0.04,0.04001404001404001,114,0.8449569324812448,0.026396221172547918,2048.583106215061,2308.171,3436.3450000000003,4052.0239999999994
link,random,21,0.06,0.06002106002106002,171,0.8021672686857461,0.06918588496804667,2165.9554693453415,2426.937999999999,3506.093,4266.533
link,random,21,0.08,0.08002808002808003,228,0.7557654904140039,0.11558766323978886,2273.013311029412,2434.809,4146.81,4599.411749999993
link,random,21,0.1,0.10003510003510004,285,0.6649069185884968,0.2064462350652959,2603.207692018387,2666.413,4739.248,5746.758
link,random,21,0.12,0.12004212004212005,342,0.6471242011669909,0.22422895248680186,4294.544805925289,4787.029,7677.995000000048,8859.422400000001
link,random,21,0.14,0.14004914004914004,399,0.5782161711586552,0.29313698249513753,4289.222643921191,4891.241,8101.695000000001,8917.569000000001
link,random,21,0.16,0.16005616005616005,456,0.5623784384551265,0.30897471519866626,4336.826281126482,5002.321,8202.265000000001,8971.989000000001
link,random,21,0.18,0.18006318006318006,513,0.5179216449013615,0.35343150875243123,4404.802559549356,5187.009000000001,9273.080000000004,9973.043000000001
link,random,21,0.2,0.20007020007020007,570,0.41455959988885804,0.4567935537649347,4045.2319886058976,4175.96,10160.116,10782.97835
link,random,21,0.22,0.22007722007722008,627,0.3350930814115032,0.5362600722422896,4432.610640961858,2051.1315,11447.6425,12429.012249999996
link,random,21,0.24,0.2400842400842401,684,0.2809113642678522,0.5904417893859406,3333.9976518298718,1137.3660000000004,10893.793000000001,12009.023
link,random,21,0.26,0.2600912600912601,741,0.21644901361489302,0.6549041400388997,1404.4343311938383,0.0,5359.496000000001,5908.557399999996
link,random,21,0.28,0.2800982800982801,798,0.17421505973881635,0.6971380939149764,427.8677783094099,0.0,1463.836,2054.178899999999
link,random,21,0.3,0.3001053001053001,855,0.1719922200611281,0.6993609335926646,427.7522681744749,0.0,1463.836,2043.513
link,random,21,0.32,0.3201123201123201,912,0.15559877743817727,0.7157543762156154,260.65908750000006,0.0,1181.693,1355.44
link,random,21,0.34,0.34011934011934014,969,0.15559877743817727,0.7157543762156154,260.65908750000006,0.0,1181.693,1355.44
link,random,21,0.36,0.3601263601263601,1026,0.15532092247846624,0.7160322311753264,327.5325742397138,0.0,1754.0830000000003,1975.9510000000005
link,random,21,0.38,0.38013338013338016,1083,0.1550430675187552,0.7163100861350375,324.8243584229391,0.0,1754.0830000000003,1975.9510000000005
link,random,21,0.4,0.40014040014040014,1140,0.15226451792164492,0.7190886357321478,297.5900182481752,0.0,1686.4021000000005,1975.9510000000005
link,random,22,0.0,0.0,0,0.8713531536537927,0.0,1678.3658804209185,1813.3350000000003,2515.206,3245.7529999999997
link,random,22,0.02,0.020007020007020006,57,0.8541261461517088,0.017227007502083946,1843.5430640858817,1923.4955,3216.327,3604.7180000000003
link,random,22,0.04,0.04001404001404001,114,0.8302306196165602,0.04112253403723254,2148.3136024096384,2261.792,3689.525,4022.5708500000146
link,random,22,0.06,0.06002106002106002,171,0.8174492914698528,0.05390386218393994,2374.085455132563,2463.16,4114.075,5314.393199999985
link,random,22,0.08,0.08002808002808003,228,0.7993887190886357,0.071964434565157,2417.2127695516165,2549.1420000000003,4162.1072,5438.425
link,random,22,0.1,0.10003510003510004,285,0.7124201166990831,0.15893303695470962,2741.8085565522624,3160.1770000000006,4514.81,4917.659
link,random,22,0.12,0.12004212004212005,342,0.6201722700750208,0.2511808835787719,2630.850924283154,3030.5459999999994,4593.750800000002,4965.509999999998
link,random,22,0.14,0.14004914004914004,399,0.5865518199499861,0.28480133370380667,4043.689847939365,4051.5889999999995,7388.126000000001,8500.162999999999
link,random,22,0.16,0.16005616005616005,456,0.15559877743817727,0.7157543762156154,212.04451428571429,0.0,855.7916000000007,1468.703649999997
link,random,22,0.18,0.18006318006318006,513,0.153098082800778,0.7182550708530148,176.54971869328494,0.0,740.219,1121.2720000000004
link,random,22,0.2,0.20007020007020007,570,0.15254237288135594,0.7188107807724368,168.70651730418942,0.0,731.2349999999999,1086.662800000002
link,random,22,0.22,0.22007722007722008,627,0.14920811336482356,0.7221450402889692,154.61259776536312,0.0,668.7200000000004,1034.749
link,random,22,0.24,0.2400842400842401,684,0.14920811336482356,0.7221450402889692,154.76356983240225,0.0,668.7200000000004,1034.749
link,random,22,0.26,0.2600912600912601,741,0.14809669352597943,0.7232564601278133,146.64378048780486,0.0,627.8338000000001,959.18
link,random,22,0.28,0.2800982800982801,798,0.14809669352597943,0.7232564601278133,146.64378048780486,0.0,627.8338000000001,959.18
link,random,22,0.3,0.3001053001053001,855,0.14809669352597943,0.7232564601278133,147.33677110694182,0.0,629.679,959.18
link,random,22,0.32,0.3201123201123201,912,0.14809669352597943,0.7232564601278133,147.33677110694182,0.0,629.679,959.18
link,random,22,0.34,0.34011934011934014,969,0.14754098360655737,0.7238121700472353,143.99435216572502,0.0,622.805,959.18
link,random,22,0.36,0.3601263601263601,1026,0.1467074187274243,0.7246457349263684,134.9223352272727,0.0,592.3543000000002,959.18
link,random,22,0.38,0.38013338013338016,1083,0.1467074187274243,0.7246457349263684,134.9223352272727,0.0,592.3543000000002,959.18
link,random,22,0.4,0.40014040014040014,1140,0.1467074187274243,0.7246457349263684,134.9223352272727,0.0,592.3543000000002,959.18
link,random,23,0.0,0.0,0,0.8713531536537927,0.0,1678.3658804209185,1813.3350000000003,2515.206,3245.7529999999997
link,random,23,0.02,0.020007020007020006,57,0.8685746040566824,0.0027785495971103247,1762.4198512476007,1978.9605,2832.853,3424.228500000001
link,random,23,0.04,0.04001404001404001,114,0.8485690469574881,0.022784106696304596,1726.9068343156516,1993.1190000000001,2791.1480000000006,3040.2650000000003
link,random,23,0.06,0.06002106002106002,171,0.8441233676021117,0.027229786051681026,1842.3525184331795,2066.185,2890.768000000001,3348.5752000000007
link,random,23,0.08,0.08002808002808003,228,0.8093914976382328,0.06196165601555992,1943.239074836938,2075.1000000000004,3565.044,4305.259
link,random,23,0.1,0.10003510003510004,285,0.7727146429563768,0.09863851069741592,2164.3284167565625,2307.4120000000003,4493.15,4907.864000000001
link,random,23,0.12,0.12004212004212005,342,0.604056682411781,0.2672964712420117,1834.187421803128,2008.3225000000004,3218.106,3969.889999999999
link,random,23,0.14,0.14004914004914004,399,0.5543206446235065,0.31703250903028624,2082.0325182957395,2255.347,4025.4880000000003,4645.969000000001
link,random,23,0.16,0.16005616005616005,456,0.504584606835232,0.36676854681856075,2176.2718788546254,2488.136,4025.4880000000003,5464.320000000001
link,random,23,0.18,0.18006318006318006,513,0.4937482634065018,0.37760489024729094,2344.0288981429376,2488.136,4496.424000000001,5781.128000000001
link,random,23,0.2,0.20007020007020007,570,0.4667963323145318,0.4045568213392609,2313.5978970238098,2488.136,4496.424000000001,5403.032000000001
link,random,23,0.22,0.22007722007722008,627,0.4003889969435954,0.4709641567101973,3623.747015267176,2397.0280000000002,11242.182,11242.182
link,random,23,0.24,0.2400842400842401,684,0.32147818838566267,0.5498749652681301,2494.7689904926533,1533.86,6017.313,7753.714
link,random,23,0.26,0.2600912600912601,741,0.31230897471519864,0.559044178938594,2420.77740480427,1374.2280000000005,6017.313,7753.714
link,random,23,0.28,0.2800982800982801,798,0.2945262572936927,0.5768268963601,2340.2772386792453,1303.2130000000004,6017.313,7753.714
link,random,23,0.3,0.3001053001053001,855,0.15254237288135594,0.7188107807724368,178.91189253187616,0.0,953.6087999999992,1396.1358000000014
link,random,23,0.32,0.3201123201123201,912,0.14087246457349265,0.7304806890803001,73.93461932938857,0.0,227.394,645.8629999999996
link,random,23,0.34,0.34011934011934014,969,0.14059460961378162,0.7307585440400111,73.11182806324112,0.0,227.394,647.9815000000001
link,random,23,0.36,0.3601263601263601,1026,0.13892747985551543,0.7324256737982773,70.19164400000001,0.0,206.63660000000024,621.4040999999953
link,random,23,0.38,0.38013338013338016,1083,0.13892747985551543,0.7324256737982773,70.19164400000001,0.0,206.63660000000024,621.4040999999953
link,random,23,0.4,0.40014040014040014,1140,0.13726035009724924,0.7340928035565435,63.210008097166,0.0,0.0,589.5219999999999
link,random,24,0.0,0.0,0,0.8713531536537927,0.0,1678.3658804209185,1813.3350000000003,2515.206,3245.7529999999997
link,random,24,0.02,0.020007020007020006,57,0.8677410391775493,0.003612114476243433,1726.6839558117194,1887.9070000000002,2609.424,3313.2949999999996
link,random,24,0.04,0.04001404001404001,114,0.8313420394554043,0.04001111419838843,1803.8473666443851,1907.0885,2842.4109999999996,3694.6769999999997
link,random,24,0.06,0.06002106002106002,171,0.7696582383995554,0.10169491525423735,1792.3916148014441,1843.8939999999998,2842.4109999999996,3992.343
link,random,24,0.08,0.08002808002808003,228,0.7443734370658516,0.12697971658794116,1811.028876446435,1844.6319999999996,3000.8122000000085,4061.3640000000005
link,random,24,0.1,0.10003510003510004,285,0.6804667963323145,0.19088635732147818,2003.777804409963,2219.717,3675.6020000000008,4266.533
link,random,24,0.12,0.12004212004212005,342,0.5876632397888303,0.28368991386496245,2005.296152718676,2110.2599999999998,4059.2698,4575.982
link,random,24,0.14,0.14004914004914004,399,0.5626562934148375,0.30869686023895526,2263.5826745679014,2345.998,4965.773,5211.052399999997
link,random,24,0.16,0.16005616005616005,456,0.49208113364823564,0.3792720200055571,2311.647256916996,2386.587,5503.899999999999,5927.1889999999985
link,random,24,0.18,0.18006318006318006,513,0.36371214226173937,0.5076410113920533,1516.3361390374332,1368.9260000000002,3802.9149999999995,4266.533
link,random,24,0.2,0.20007020007020007,570,0.34565156988052237,0.5257015837732704,1619.0032274919613,1461.984,4277.189,5222.218999999999
link,random,24,0.22,0.22007722007722008,627,0.2450680744651292,0.6262850791886635,1258.401461451247,0.0,4547.8841,5225.612000000001
link,random,24,0.24,0.2400842400842401,684,0.24367879966657405,0.6276743539872187,1244.1475233751426,0.0,4502.7336,5225.612000000001
link,random,24,0.26,0.2600912600912601,741,0.1972770213948319,0.6740761322589608,581.0844732394365,0.0,2249.5366000000004,2463.131
link,random,24,0.28,0.2800982800982801,798,0.18449569324812448,0.6868574604056683,508.80465813253005,0.0,2043.513,2463.131
link,random,24,0.3,0.3001053001053001,855,0.17616004445679356,0.6951931091969992,407.1047476340694,0.0,1775.263,2066.874450000001
link,random,24,0.32,0.3201123201123201,912,0.15337593776048902,0.7179772158933038,219.5999547101449,0.0,1104.6770000000008,1873.4464499999985
link,random,24,0.34,0.34011934011934014,969,0.14698527368713532,0.7243678799666574,181.61851984877126,0.0,589.5219999999999,2025.9253999999987
link,random,24,0.36,0.3601263601263601,1026,0.1397610447346485,0.7315921089191442,132.65635984095428,0.0,227.394,1203.8434999999981
link,random,24,0.38,0.38013338013338016,1083,0.1397610447346485,0.7315921089191442,132.65635984095428,0.0,227.394,1203.8434999999981
link,random,24,0.4,0.40014040014040014,1140,0.1397610447346485,0.7315921089191442,132.65635984095428,0.0,227.394,1203.8434999999981
link,random,25,0.0,0.0,0,0.8713531536537927,0.0,1678.3658804209185,1813.3350000000003,2515.206,3245.7529999999997
link,random,25,0.02,0.020007020007020006,57,0.8488469019171992,0.022506251736593486,1715.5801492635023,1911.515,2632.2243999999996,3515.656
link,random,25,0.04,0.04001404001404001,114,0.8263406501806058,0.04501250347318697,1844.6303365837255,2005.0495000000003,2885.844,3515.656
link,random,25,0.06,0.06002106002106002,171,0.8066129480411225,0.06474020561267024,1931.677034791595,2200.662,2948.665000000001,4026.017
link,random,25,0.08,0.08002808002808003,228,0.7949430397332592,0.07641011392053354,1992.158770010486,2251.4870000000005,3409.7560000000003,4026.017
link,random,25,0.1,0.10003510003510004,285,0.7518755209780494,0.1194776326757433,2088.5873130081304,2234.071,3631.7189999999996,4248.433
link,random,25,0.12,0.12004212004212005,342,0.6343428730202834,0.23701028063350937,2783.586527814279,2162.1459999999993,6917.7119999999995,6917.7119999999995
link,random,25,0.14,0.14004914004914004,399,0.4787440955821061,0.3926090580716866,1721.6239384793964,1644.0019999999997,3622.5519999999988,4344.851
link,random,25,0.16,0.16005616005616005,456,0.4481800500138928,0.42317310363989996,1728.713498450093,1625.884,3694.9635999999987,4618.888000000001
link,random,25,0.18,0.18006318006318006,513,0.3989997221450403,0.4723534315087524,1546.7700480501392,1459.054,3522.1330000000003,4622.529
link,random,25,0.2,0.20007020007020007,570,0.37010280633509307,0.5012503473186997,1459.1289196696696,1322.6309999999999,3764.5344999999993,4622.529
link,random,25,0.22,0.22007722007722008,627,0.34259516532370105,0.5287579883300917,1482.572416058394,1255.9019999999998,4172.156,5012.887
link,random,25,0.24,0.2400842400842401,684,0.2559044178938594,0.6154487357599333,1026.9186503800217,325.953,2646.411,4172.156
link,random,25,0.26,0.2600912600912601,741,0.20839121978327313,0.6629619338705196,547.388832,0.0,1885.0403000000001,2350.388
link,random,25,0.28,0.2800982800982801,798,0.20783550986385108,0.6635176437899417,540.6938770053475,0.0,1863.7203000000013,2350.388
link,random,25,0.3,0.3001053001053001,855,0.20144484579049737,0.6699083078632954,495.9684096551724,0.0,1719.2392000000004,2043.513
link,random,25,0.32,0.3201123201123201,912,0.16865796054459573,0.702695193109197,289.37602965403624,0.0,1259.9189999999999,1630.8704999999973
link,random,25,0.34,0.34011934011934014,969,0.1675465407057516,0.7038066129480411,280.85273466003315,0.0,1256.353600000001,1568.3179999999993
link,random,25,0.36,0.3601263601263601,1026,0.16615726590719646,0.7051958877465963,277.5058444816053,0.0,1259.9189999999999,1576.6713999999995
link,random,25,0.38,0.38013338013338016,1083,0.16532370102806335,0.7060294526257294,275.1832924369748,0.0,1259.9189999999999,1580.9667999999988
link,random,25,0.4,0.40014040014040014,1140,0.15615448735759932,0.7151986662961934,238.40053736654806,0.0,1214.546,1601.0120000000002
link,random,26,0.0,0.0,0,0.8713531536537927,0.0,1678.3658804209185,1813.3350000000003,2515.206,3245.7529999999997
link,random,26,0.02,0.020007020007020006,57,0.8591275354265073,0.012225618227285406,1765.8234867399744,1934.7235,2777.039,3515.656
link,random,26,0.04,0.04001404001404001,114,0.7974437343706585,0.07390941928313421,1784.1590864111497,1935.1309999999999,3009.6669999999995,3515.656
link,random,26,0.06,0.06002106002106002,171,0.7682689636010003,0.10308419005279246,1868.2359508137429,1993.1190000000001,3228.6389999999997,3949.1009999999997
link,random,26,0.08,0.08002808002808003,228,0.7363156432342317,0.13503751041956102,2264.8946298113206,2560.234,3855.049999999999,4063.3419999999996
link,random,26,0.1,0.10003510003510004,285,0.7157543762156154,0.1555987774381773,2305.3806397515523,2578.9089999999997,4008.6679999999988,4214.564999999999
link,random,26,0.12,0.12004212004212005,342,0.7010280633509308,0.17032509030286191,2471.751055093143,2655.917,4472.170000000007,5093.186300000003
link,random,26,0.14,0.14004914004914004,399,0.6615726590719644,0.20978049458182835,3449.9872372952545,3257.1339999999996,8015.915000000001,8167.241000000001
link,random,26,0.16,0.16005616005616005,456,0.6298971936649069,0.2414559599888858,4232.251335685929,3257.1339999999996,9237.763,9435.806
link,random,26,0.18,0.18006318006318006,513,0.3159210891914421,0.5554320644623507,1311.5580510114335,958.3520000000002,3236.911,3284.986
link,random,26,0.2,0.20007020007020007,570,0.31508752431230896,0.5562656293414838,1433.9671772486774,958.3520000000002,3257.1339999999996,3723.67425
link,random,26,0.22,0.22007722007722008,627,0.28257849402611834,0.5887746596276744,1407.8365496558508,715.062,3311.135,4002.291199999997
link,random,26,0.24,0.2400842400842401,684,0.26868574604056683,0.6026674076132259,1872.2372916235781,569.712,5318.116799999998,6051.3330000000005
link,random,26,0.26,0.2600912600912601,741,0.17727146429563767,0.6940816893581551,320.3798918495298,0.0,1214.546,1712.2480000000003
link,random,26,0.28,0.2800982800982801,798,0.17560433453737148,0.6957488191164213,305.44688449367095,0.0,1192.3184,1601.0120000000002
link,random,26,0.3,0.3001053001053001,855,0.17532647957766045,0.6960266740761323,304.4042424722663,0.0,1193.4990000000005,1601.0120000000002
link,random,26,0.32,0.3201123201123201,912,0.17032509030286191,0.7010280633509308,282.98188417618275,0.0,1176.746,1406.576
link,random,26,0.34,0.34011934011934014,969,0.1667129758266185,0.7046401778271743,252.17557166666666,0.0,1088.6757,1261.4470000000001
link,random,26,0.36,0.3601263601263601,1026,0.1611558766323979,0.7101972770213949,217.22117413793106,0.0,928.737,1214.546
link,random,26,0.38,0.38013338013338016,1083,0.15921089191442067,0.712142261739372,214.99831239092498,0.0,928.737,1214.546
link,random,26,0.4,0.40014040014040014,1140,0.14365101417060294,0.7277021394831897,127.96955125725339,0.0,417.12040000000184,958.3520000000002
link,random,27,0.0,0.0,0,0.8713531536537927,0.0,1678.3658804209185,1813.3350000000003,2515.206,3245.7529999999997
link,random,27,0.02,0.020007020007020006,57,0.8496804667963324,0.021672686857460377,1917.3855987573575,2123.365,3212.937999999999,3448.2510000000075
link,random,27,0.04,0.04001404001404001,114,0.837176993609336,0.03417616004445678,2037.2084012612013,2216.902,3533.834999999999,3563.884
link,random,27,0.06,0.06002106002106002,171,0.8143928869130314,0.05696026674076138,2043.778764244285,2284.273,3533.834999999999,3533.834999999999
link,random,27,0.08,0.08002808002808003,228,0.7821617115865518,0.08919144206724094,2083.444829840142,2359.5660000000007,3533.834999999999,3697.197
link,random,27,0.1,0.10003510003510004,285,0.7199222006112809,0.15143095304251186,2124.736348128136,2454.6039999999994,3561.5700000000006,3696.215
link,random,27,0.12,0.12004212004212005,342,0.6335093081411504,0.23784384551264237,2275.01334254386,2266.913,4134.397999999999,4537.4349999999995
link,random,27,0.14,0.14004914004914004,399,0.6029452625729369,0.26840789108085583,2231.3379617511523,2111.684,4162.133,4557.582599999994
link,random,27,0.16,0.16005616005616005,456,0.5073631564323423,0.3639899972214504,2100.51978313253,1964.9705,4170.989,4864.853999999999
link,random,27,0.18,0.18006318006318006,513,0.4737427063073076,0.39761044734648515,2399.4155695014665,2043.513,5263.835,6026.246799999998
link,random,27,0.2,0.20007020007020007,570,0.4387329813837177,0.43262017227007504,2218.3570259658013,1875.4920000000004,4984.716999999999,5263.835
link,random,27,0.22,0.22007722007722008,627,0.306196165601556,0.5651569880522367,1374.9550127041744,992.3285000000001,3802.3545999999988,4407.92355
link,random,27,0.24,0.2400842400842401,684,0.2764656849124757,0.594887468741317,1163.4488361809047,589.5219999999999,3565.044,4087.8949999999995
link,random,27,0.26,0.2600912600912601,741,0.27174215059738815,0.5996110030564046,1201.746198364008,566.2775,3565.044,4224.0934
link,random,27,0.28,0.2800982800982801,798,0.2584051125312587,0.6129480411225341,1120.612482795699,337.559,3565.044,4230.9689499999995
link,random,27,0.3,0.3001053001053001,855,0.21228118921922756,0.6590719644345652,978.9094698952879,0.0,2890.4243,5745.589100000003
link,random,27,0.32,0.3201123201123201,912,0.17810502917477078,0.693248124479022,719.7749266770671,0.0,2885.574,5155.319
link,random,27,0.34,0.34011934011934014,969,0.17504862461794943,0.6963045290358433,686.3064285714285,0.0,2885.574,5155.319
link,random,27,0.36,0.3601263601263601,1026,0.17088080022228397,0.7004723534315087,696.3069414634145,0.0,2885.574,5327.238
link,random,27,0.38,0.38013338013338016,1083,0.15282022784106697,0.7185329258127258,266.22409454545453,0.0,868.8480000000001,2043.513
link,random,27,0.4,0.40014040014040014,1140,0.15004167824395664,0.7213114754098361,261.63524074074076,0.0,868.8480000000001,2043.513
link,random,28,0.0,0.0,0,0.8713531536537927,0.0,1678.3658804209185,1813.3350000000003,2515.206,3245.7529999999997
link,random,28,0.02,0.020007020007020006,57,0.8310641844956933,0.04028896915809943,1707.3927943831493,1806.2060000000001,2615.31,3515.656
link,random,28,0.04,0.04001404001404001,114,0.8146707418727425,0.05668241178105027,1730.155494884038,1823.145,2694.5835000000006,3515.656
link,random,28,0.06,0.06002106002106002,171,0.783828841344818,0.08752431230897473,1731.1313463310883,1819.571,2755.4740000000006,3574.7799999999997
link,random,28,0.08,0.08002808002808003,228,0.7468741317032509,0.12447902195054183,1723.1103411458334,1803.085,2811.3059999999996,3574.7799999999997
link,random,28,0.1,0.10003510003510004,285,0.6351764378994165,0.23617671575437627,1789.7778438320208,1750.4445,3239.7315,4037.667
link,random,28,0.12,0.12004212004212005,342,0.6054459572103362,0.2659071964434565,1921.6559733822855,1929.1889999999999,3408.4900000000002,4590.210000000001
link,random,28,0.14,0.14004914004914004,399,0.513198110586274,0.3581550430675188,1850.780914997293,1849.5299999999997,3546.6890000000003,4800.876
link,random,28,0.16,0.16005616005616005,456,0.3989997221450403,0.4723534315087524,2122.818426183844,1644.546,5010.070500000001,5595.461
link,random,28,0.18,0.18006318006318006,513,0.3648235621005835,0.5065295915532093,4422.134225437931,3002.643,11612.630000000003,13393.285200000006
link,random,28,0.2,0.20007020007020007,570,0.28341205890525145,0.5879410947485413,2481.2390637254907,1129.4189999999999,7497.922000000003,8570.342150000004
link,random,28,0.22,0.22007722007722008,627,0.2772992497916088,0.5940539038621839,2491.9809519038085,896.6165,7845.675000000003,8874.844000000005
link,random,28,0.24,0.2400842400842401,684,0.2631286468463462,0.6082245068074466,2153.658583949314,546.946,6444.539600000002,7845.675000000003
link,random,28,0.26,0.2600912600912601,741,0.22672964712420116,0.6446235065295916,1702.2489264705882,0.0,5780.794000000001,6508.6100000000015
link,random,28,0.28,0.2800982800982801,798,0.2108919144206724,0.6604612392331204,1401.2264532279319,0.0,5653.711400000002,6337.885000000001
link,random,28,0.3,0.3001053001053001,855,0.16449013614893027,0.7068630175048625,346.14495270270265,0.0,1600.9659999999997,1987.200999999998
link,random,28,0.32,0.3201123201123201,912,0.16449013614893027,0.7068630175048625,346.14495270270265,0.0,1600.9659999999997,1987.200999999998
link,random,28,0.34,0.34011934011934014,969,0.16337871631008613,0.7079744373437066,336.5211428571428,0.0,1568.5637000000029,1993.2289999999994
link,random,28,0.36,0.3601263601263601,1026,0.14115031953320367,0.7302028341205891,148.91925787401573,0.0,227.394,1953.253249999994
link,random,28,0.38,0.38013338013338016,1083,0.14003889969435954,0.7313142539594332,131.5575218253968,0.0,221.65329999999992,1523.593299999981
link,random,28,0.4,0.40014040014040014,1140,0.1397610447346485,0.7315921089191442,131.51988866799206,0.0,222.4362000000001,1551.5101999999874
link,random,29,0.0,0.0,0,0.8713531536537927,0.0,1678.3658804209185,1813.3350000000003,2515.206,3245.7529999999997
link,random,29,0.02,0.020007020007020006,57,0.864962489580439,0.006390664073353758,1679.8925239318983,1813.3350000000003,2503.847,3408.624399999935
link,random,29,0.04,0.04001404001404001,114,0.8457904973603779,0.02556265629341481,1884.9533610381077,1935.1309999999999,3070.2729999999992,3515.656
link,random,29,0.06,0.06002106002106002,171,0.8380105584884691,0.033342595165323674,1968.0338796419098,2096.9085,3070.2729999999992,3544.725999999999
link,random,29,0.08,0.08002808002808003,228,0.828563489858294,0.042789663795498756,2018.391536887995,2142.8405000000002,3245.7529999999997,3683.1460000000006
link,random,29,0.1,0.10003510003510004,285,0.7140872464573492,0.1572659071964435,2116.815571984436,2043.513,4025.4880000000003,4315.469149999959
link,random,29,0.12,0.12004212004212005,342,0.6865796054459572,0.18477354820783554,2269.850664103602,2152.627,4025.4880000000003,5010.548000000001
link,random,29,0.14,0.14004914004914004,399,0.6604612392331203,0.21089191442067245,2300.4078384518302,2166.216,4144.4619999999995,5086.398399999998
link,random,29,0.16,0.16005616005616005,456,0.5537649347040845,0.31758821894970823,2246.004149021576,2255.347,4312.901000000001,5781.128000000001
link,random,29,0.18,0.18006318006318006,513,0.45095859961100304,0.4203945540427897,2124.5607208872457,1972.139,4298.096,5781.128000000001
link,random,29,0.2,0.20007020007020007,570,0.38594053903862185,0.4854126146151709,2013.423702663787,1785.732,4245.072800000003,5781.128000000001
link,random,29,0.22,0.22007722007722008,627,0.297304806890803,0.5740483467629898,1576.8232514018691,845.8435,4606.576100000003,5058.02
link,random,29,0.24,0.2400842400842401,684,0.28341205890525145,0.5879410947485413,1602.4538176470587,853.7250000000003,4647.9214,5058.02
link,random,29,0.26,0.2600912600912601,741,0.21839399833287024,0.6529591553209225,1555.3357977099238,0.0,6245.827000000001,7153.502000000002
link,random,29,0.28,0.2800982800982801,798,0.19977771603223118,0.6715754376215616,1095.9429680111266,0.0,3663.3822000000014,4548.68440000001
link,random,29,0.3,0.3001053001053001,855,0.1972770213948319,0.6740761322589608,1063.4450070422536,0.0,3455.0701000000004,4463.067799999995
link,random,29,0.32,0.3201123201123201,912,0.1917199222006113,0.6796332314531814,1062.736068115942,0.0,3466.141,6601.888999999831
link,random,29,0.34,0.34011934011934014,969,0.1792164490136149,0.6921367046401778,950.7550186046511,0.0,3123.331,8277.869
link,random,29,0.36,0.3601263601263601,1026,0.1731036398999722,0.6982495137538205,907.747632423756,0.0,3123.331,8277.869
link,random,29,0.38,0.38013338013338016,1083,0.1694915254237288,0.7018616282300639,909.7384049180326,0.0,3149.265800000001,8277.869
link,random,29,0.4,0.40014040014040014,1140,0.16893581550430675,0.702417338149486,911.6205740131579,0.0,3154.759400000002,8277.869
link,random,30,0.0,0.0,0,0.8713531536537927,0.0,1678.3658804209185,1813.3350000000003,2515.206,3245.7529999999997
link,random,30,0.02,0.020007020007020006,57,0.8663517643789942,0.00500138927479854,1762.398283835792,1966.04,2740.9590000000007,3245.7529999999997
link,random,30,0.04,0.04001404001404001,114,0.8477354820783551,0.023617671575437593,1837.5113169452636,2043.513,2807.657,3563.884
link,random,30,0.06,0.06002106002106002,171,0.7988330091692136,0.07252014448457911,1849.6108493913043,2075.1000000000004,2861.3280000000004,3405.2541999999385
link,random,30,0.08,0.08002808002808003,228,0.7788274520700195,0.09252570158377327,1961.4162896896187,2117.4320000000002,3218.106,3754.0251000000007
link,random,30,0.1,0.10003510003510004,285,0.7429841622672965,0.12836899138649627,2098.40976551982,2204.9970000000003,3894.857,3894.857
link,random,30,0.12,0.12004212004212005,342,0.7182550708530148,0.15309808280077797,2284.6933520309476,2588.2509999999997,3894.857,4237.078199999992
link,random,30,0.14,0.14004914004914004,399,0.6565712697971658,0.2147818838566269,2329.9536199746085,2679.816,3895.4889999999996,4437.611200000001
link,random,30,0.16,0.16005616005616005,456,0.6110030564045569,0.26035009724923586,2686.85989267849,2748.3399999999992,6312.193,6857.882
link,random,30,0.18,0.18006318006318006,513,0.5209780494581828,0.3503751041956099,2946.3626981333337,2920.3439999999996,6536.147000000001,7863.209499999996
link,random,30,0.2,0.20007020007020007,570,0.43484301194776326,0.4365101417060295,2529.346738658147,3053.9219999999996,4676.116999999999,4758.097999999999
link,random,30,0.22,0.22007722007722008,627,0.2836899138649625,0.5876632397888302,1957.352598432909,895.2169999999999,4707.697999999999,6976.727000000001
link,random,30,0.24,0.2400842400842401,684,0.24284523478744097,0.6285079188663518,1472.4404153318078,0.0,4436.582100000002,4829.93
link,random,30,0.26,0.2600912600912601,741,0.1964434565156988,0.6749096971380939,773.8796011315416,0.0,2885.574,3932.9419999999996
link,random,30,0.28,0.2800982800982801,798,0.17671575437621562,0.6946373992775772,427.8044496855346,0.0,1639.8715,2043.513
link,random,30,0.3,0.3001053001053001,855,0.17616004445679356,0.6951931091969992,424.346309148265,0.0,1652.882500000003,2043.513
link,random,30,0.32,0.3201123201123201,912,0.17060294526257294,0.7007502083912198,385.70353094462536,0.0,1589.467,2043.513
link,random,30,0.34,0.34011934011934014,969,0.16699083078632954,0.7043623228674631,355.2861996672213,0.0,1589.467,2043.513
link,random,30,0.36,0.3601263601263601,1026,0.16699083078632954,0.7043623228674631,355.2861996672213,0.0,1589.467,2043.513
link,random,30,0.38,0.38013338013338016,1083,0.16699083078632954,0.7043623228674631,355.2861996672213,0.0,1589.467,2043.513
link,random,30,0.4,0.40014040014040014,1140,0.16365657126979716,0.7076965823839956,342.078896434635,0.0,1589.467,2043.513
link,td,0,0.0,0.0,0,0.8713531536537927,0.0,1678.3658804209185,1813.3350000000003,2515.206,3245.7529999999997
link,td,0,0.02,0.020007020007020006,57,0.7124201166990831,0.15893303695470962,1598.5432827613104,1652.431,2789.609000000001,3162.347
link,td,0,0.04,0.04001404001404001,114,0.6662961933870519,0.2050569602667408,1661.913537114262,1760.588,2890.768000000001,4026.017
link,td,0,0.06,0.06002106002106002,171,0.6479577660461239,0.22339538760766886,1834.108972555746,2074.8305,3038.7331000000017,4210.656899999986
link,td,0,0.08,0.08002808002808003,228,0.6185051403167546,0.2528480133370381,1876.3695943396226,2083.0805,3390.97,3585.364999999999
link,td,0,0.1,0.10003510003510004,285,0.585440400111142,0.2859127535426508,1920.403790223066,2080.6800000000003,3390.97,4196.616799999958
link,td,0,0.12,0.12004212004212005,342,0.5651569880522367,0.30619616560155605,2007.540760078663,2175.9305,3888.361,4266.533
link,td,0,0.14,0.14004914004914004,399,0.5457071408724645,0.3256460127813282,2041.9641262729126,2421.7015,3888.361,4266.533
link,td,0,0.16,0.16005616005616005,456,0.5212559044178938,0.3500972492358989,2051.7538155650323,2510.893,3888.361,4266.533
link,td,0,0.18,0.18006318006318006,513,0.4918032786885246,0.37954987496526815,2186.1640350282487,2510.893,4266.533,4836.281
link,td,0,0.2,0.20007020007020007,570,0.45929424840233396,0.4120589052514588,2231.6816696914702,2521.549,4406.299000000001,4836.281
link,td,0,0.22,0.22007722007722008,627,0.4259516532370103,0.44540150041678245,2392.829523809524,2521.549,5131.6896,5750.987999999999
link,td,0,0.24,0.2400842400842401,684,0.3442622950819672,0.5270908585718255,2069.9301549636807,2481.9240000000004,4739.865,5403.679
link,td,0,0.26,0.2600912600912601,741,0.12586829674909697,0.7454848569046958,2.817205298013245,0.0,0.0,0.0
link,td,0,0.28,0.2800982800982801,798,0.12586829674909697,0.7454848569046958,2.817205298013245,0.0,0.0,0.0
link,td,0,0.3,0.3001053001053001,855,0.12586829674909697,0.7454848569046958,2.817205298013245,0.0,0.0,0.0
link,td,0,0.32,0.3201123201123201,912,0.12586829674909697,0.7454848569046958,2.817205298013245,0.0,0.0,0.0
link,td,0,0.34,0.34011934011934014,969,0.12586829674909697,0.7454848569046958,2.817205298013245,0.0,0.0,0.0
link,td,0,0.36,0.3601263601263601,1026,0.12586829674909697,0.7454848569046958,2.817205298013245,0.0,0.0,0.0
link,td,0,0.38,0.38013338013338016,1083,0.12586829674909697,0.7454848569046958,2.817205298013245,0.0,0.0,0.0
link,td,0,0.4,0.40014040014040014,1140,0.12586829674909697,0.7454848569046958,2.817205298013245,0.0,0.0,0.0
node,lscc,0,0.0,0.0,0,0.8713531536537927,0.0,1678.3658804209185,1813.3350000000003,2515.206,3245.7529999999997
node,lscc,0,0.02,0.020196191575302943,35,0.8041122534037233,0.06724090025006946,1702.8736644782307,1853.1324999999997,2614.638,3515.656
node,lscc,0,0.04,0.03981534910559723,69,0.7521533759377604,0.1191997777160323,2017.912991134097,2026.1979999999999,4079.0319999999997,4323.497
node,lscc,0,0.06,0.06001154068090017,104,0.6465684912475688,0.22478466240622397,2070.4203360550064,1985.205,5051.7338,5387.753999999998
node,lscc,0,0.08,0.08020773225620312,139,0.567379827729925,0.3039733259238677,2179.6619588638587,1969.9999999999998,5513.310200000009,5720.7559999999985
node,lscc,0,0.1,0.0998268897864974,173,0.5337593776048902,0.3375937760489025,2220.7250635085893,1993.1190000000001,5720.7559999999985,5720.7559999999985
node,lscc,0,0.12,0.12002308136180034,208,0.5204223395387607,0.350930814115032,2630.428310731447,2073.4930000000004,7034.494,7034.494
node,lscc,0,0.14,0.1402192729371033,243,0.40205612670186164,0.4692970269519311,1673.813765031099,1749.3839999999998,3382.6130000000003,3844.725500000001
node,lscc,0,0.16,0.15983843046739757,277,0.3453737149208113,0.5259794387329815,1618.7909782783588,1407.782,3489.5170000000003,3971.3126999999945
node,lscc,0,0.18,0.18003462204270052,312,0.28230063906640734,0.5890525145873854,1339.54693996063,873.2739999999999,3382.6130000000003,5118.303
node,lscc,0,0.2,0.20023081361800346,347,0.21228118921922756,0.6590719644345652,1210.3864803664922,0.0,3634.3372000000013,6913.029550000048
node,lscc,0,0.22,0.21984997114829774,381,0.20894692970269518,0.6624062239510975,1193.3160172872342,0.0,3963.387699999998,7229.746
node,lscc,0,0.24,0.2400461627236007,416,0.18671853292581272,0.68463462072798,921.3745654761905,0.0,2336.498,7229.746
node,lscc,0,0.26,0.26024235429890363,451,0.18393998332870243,0.6874131703250903,919.8184244712992,0.0,2410.886,7229.746
node,lscc,0,0.28,0.27986151182919794,485,0.18310641844956932,0.6882467352042234,918.4127374810317,0.0,2412.5840000000003,7229.746
node,lscc,0,0.3,0.3000577034045009,520,0.17977215893303697,0.6915809947207557,915.3069922720247,0.0,2412.5840000000003,7229.746
node,lscc,0,0.32,0.32025389497980383,555,0.15337593776048902,0.7179772158933038,775.036579710145,0.0,2781.376600000006,7229.746
node,lscc,0,0.34,0.3398730525100981,589,0.15337593776048902,0.7179772158933038,775.036579710145,0.0,2781.376600000006,7229.746
node,lscc,0,0.36,0.36006924408540103,624,0.15337593776048902,0.7179772158933038,775.036579710145,0.0,2781.376600000006,7229.746
node,lscc,0,0.38,0.380265435660704,659,0.14837454848569048,0.7229786051681022,786.5398539325842,0.0,2933.7165999999975,7229.746
node,lscc,0,0.4,0.3998845931909983,693,0.14809669352597943,0.7232564601278133,785.970951219512,0.0,2952.8194000000017,7229.746
node,od_eff,0,0.0,0.0,0,0.8713531536537927,0.0,1678.3658804209185,1813.3350000000003,2515.206,3245.7529999999997
node,od_eff,0,0.02,0.020196191575302943,35,0.7768824673520422,0.09447068630175048,1631.4889202432046,1695.814,2593.051000000001,3515.656
node,od_eff,0,0.04,0.03981534910559723,69,0.6765768268963601,0.19477632675743262,1592.9014562628336,1634.0829999999996,2800.7254,3565.044
node,od_eff,0,0.06,0.06001154068090017,104,0.6446235065295916,0.22672964712420118,1587.2511775862067,1643.8345,2890.768000000001,3565.044
node,od_eff,0,0.08,0.08020773225620312,139,0.6137816060016671,0.25757154765212564,1683.0568515165232,1775.263,2998.365600000002,4025.324000000001
node,od_eff,0,0.1,0.0998268897864974,173,0.5771047513198111,0.29424840233398164,1722.714364467983,1786.171,3453.377800000002,4026.017
node,od_eff,0,0.12,0.12002308136180034,208,0.4667963323145318,0.4045568213392609,1821.4550089285715,1970.7515,3929.7860000000023,4128.325
node,od_eff,0,0.14,0.1402192729371033,243,0.4492914698527369,0.42206168380105585,2967.7754273345704,3712.474,5304.331800000001,5781.128000000001
node,od_eff,0,0.16,0.15983843046739757,277,0.441511530980828,0.4298416226729647,3029.411926998112,3867.3559999999998,5568.568000000001,6062.674599999997
node,od_eff,0,0.18,0.18003462204270052,312,0.3178660739094193,0.5534870797443734,3196.0993225524476,3764.170999999999,5492.1503,6406.150000000001
node,od_eff,0,0.2,0.20023081361800346,347,0.30591831064184494,0.5654348430119478,3111.322871934605,3712.474,5303.531000000001,6325.543000000001
node,od_eff,0,0.22,0.21984997114829774,381,0.29174770769658237,0.5796054459572104,4637.95554952381,4523.9299999999985,8332.661000000002,9477.355299999996
node,od_eff,0,0.24,0.2400461627236007,416,0.26090580716865797,0.6104473464851348,4361.067851970181,4168.478999999998,8332.661000000002,9773.804000000002
node,od_eff,0,0.26,0.26024235429890363,451,0.07585440400111142,0.7954987496526813,11.650051282051281,0.0,0.0,0.0
node,od_eff,0,0.28,0.27986151182919794,485,0.027229786051681023,0.8441233676021117,32.453714285714284,0.0,0.0,337.559
node,od_eff,0,0.3,0.3000577034045009,520,0.024729091414281746,0.846624062239511,0.0,0.0,0.0,0.0
node,od_eff,0,0.32,0.32025389497980383,555,0.024729091414281746,0.846624062239511,0.0,0.0,0.0,0.0
node,od_eff,0,0.34,0.3398730525100981,589,0.021672686857460405,0.8496804667963324,0.0,0.0,0.0,0.0
node,od_eff,0,0.36,0.36006924408540103,624,0.021672686857460405,0.8496804667963324,0.0,0.0,0.0,0.0
node,od_eff,0,0.38,0.380265435660704,659,0.021672686857460405,0.8496804667963324,0.0,0.0,0.0,0.0
node,od_eff,0,0.4,0.3998845931909983,693,0.021672686857460405,0.8496804667963324,0.0,0.0,0.0,0.0
node,odbc,0,0.0,0.0,0,0.8713531536537927,0.0,1678.3658804209185,1813.3350000000003,2515.206,3245.7529999999997
node,odbc,0,0.02,0.020196191575302943,35,0.8510697415948875,0.02028341205890527,1867.1469327456741,2062.474,2949.2562,3563.884
node,odbc,0,0.04,0.03981534910559723,69,0.8271742150597389,0.04417893859405386,1959.2295377897215,2097.3880000000004,3187.533,3563.884
node,odbc,0,0.06,0.06001154068090017,104,0.7991108641289247,0.072242289524868,2267.0431728094577,2201.026,4475.729,5928.205000000001
node,odbc,0,0.08,0.08020773225620312,139,0.7399277577104751,0.1314253959433176,2579.6024337213676,2484.452,5145.7660000000005,6429.203000000001
node,odbc,0,0.1,0.0998268897864974,173,0.7163100861350375,0.15504306751875518,3373.8258269976727,3361.459,6440.653600000002,7075.258000000001
node,odbc,0,0.12,0.12002308136180034,208,0.7046401778271743,0.16671297582661848,3577.4851711356473,3735.751,6733.432,7229.746
node,odbc,0,0.14,0.1402192729371033,243,0.6988052236732426,0.17254792998055013,3625.4767646123264,3712.474,6823.711000000001,7636.2176
node,odbc,0,0.16,0.15983843046739757,277,0.5101417060294526,0.3612114476243401,2843.6875354030503,3175.2480000000005,5317.310000000001,5791.328
node,odbc,0,0.18,0.18003462204270052,312,0.47735482078355096,0.3939983328702418,2929.710059371362,3343.9030000000007,5361.664399999998,5891.613349999955
node,odbc,0,0.2,0.20023081361800346,347,0.45734926368435674,0.414003889969436,2913.800890643986,3343.9030000000007,5493.25,7075.258000000001
node,odbc,0,0.22,0.21984997114829774,381,0.42317310363989996,0.4481800500138928,2765.9266454366384,3173.987,5642.261000000001,7075.258000000001
node,odbc,0,0.24,0.2400461627236007,416,0.3928869130313976,0.4784662406223951,2849.147664780764,3841.175,5307.588000000001,5781.128000000001
node,odbc,0,0.26,0.26024235429890363,451,0.3867741039177549,0.4845790497360378,2848.4800272988505,3824.6205,5303.531000000001,5781.128000000001
node,odbc,0,0.28,0.27986151182919794,485,0.38149485968324537,0.48985829397054736,2821.4869643117263,3734.895,5246.970799999999,5781.128000000001
node,odbc,0,0.3,0.3000577034045009,520,0.36537927202000553,0.5059738816337872,2839.1062448669204,3867.432,5303.531000000001,5781.128000000001
node,odbc,0,0.32,0.32025389497980383,555,0.3645457071408725,0.5068074465129202,2833.764302591464,3861.5110000000004,5303.531000000001,5781.128000000001
node,odbc,0,0.34,0.3398730525100981,589,0.2964712420116699,0.5748819116421229,2521.598396438613,3210.997,5576.977000000001,5781.128000000001
node,odbc,0,0.36,0.36006924408540103,624,0.2559044178938594,0.6154487357599333,2143.1924723127036,958.3520000000002,5781.128000000001,5781.128000000001
node,odbc,0,0.38,0.380265435660704,659,0.25451514309530426,0.6168380105584885,2141.47884279476,894.1980000000003,5781.128000000001,5781.128000000001
node,odbc,0,0.4,0.3998845931909983,693,0.25451514309530426,0.6168380105584885,2141.47884279476,894.1980000000003,5781.128000000001,5781.128000000001
node,random,1,0.0,0.0,0,0.8713531536537927,0.0,1678.3658804209185,1813.3350000000003,2515.206,3245.7529999999997
node,random,1,0.02,0.020196191575302943,35,0.8466240622395109,0.024729091414281812,1683.391489990154,1819.571,2478.137,3563.884
node,random,1,0.04,0.03981534910559723,69,0.7791053070297305,0.09224784662406227,1694.8689810984306,1791.323,2631.078800000004,3571.139
node,random,1,0.06,0.06001154068090017,104,0.6740761322589608,0.19727702139483194,1752.238157873042,1833.7420000000002,2533.8040000000005,3251.1345
node,random,1,0.08,0.08020773225620312,139,0.6404556821339261,0.23089747151986661,1896.4089132321042,2052.98,3025.0769999999998,3492.4509999999955
node,random,1,0.1,0.0998268897864974,173,0.5784940261183662,0.29285912753542653,2212.9919044188277,2270.2990000000004,4208.569,4612.682
node,random,1,0.12,0.12002308136180034,208,0.5262572936926924,0.34509585996110037,2950.105584477297,2646.6729999999993,5590.0329999999985,5966.715999999999
node,random,1,0.14,0.1402192729371033,243,0.4726312864684635,0.39872186718532926,2676.1834121105226,2361.086,5089.2789999999995,5477.967999999999
node,random,1,0.16,0.15983843046739757,277,0.16004445679355375,0.711308696860239,1386.7886753472221,1912.2870000000003,2270.2990000000004,2270.2990000000004
node,random,1,0.18,0.18003462204270052,312,0.07585440400111142,0.7954987496526813,574.8636446886447,216.087,1481.787,1641.9975999999995
node,random,1,0.2,0.20023081361800346,347,0.07418727424284524,0.7971658794109475,642.8332284644196,137.45499999999998,1547.9750000000006,1722.7944999999997
node,random,1,0.22,0.21984997114829774,381,0.07252014448457905,0.7988330091692137,638.144337164751,44.755,1547.9750000000006,1735.2070000000003
node,random,1,0.24,0.2400461627236007,416,0.0558488469019172,0.8155043067518756,385.603303482587,0.0,1463.836,1628.5900000000001
node,random,1,0.26,0.26024235429890363,451,0.03667685468185607,0.8346762989719366,587.1686666666666,188.5355,1579.2188,1747.8980000000001
node,random,1,0.28,0.27986151182919794,485,0.028063350930814114,0.8432898027229786,451.22203960396047,0.0,1463.836,1463.836
node,random,1,0.3,0.3000577034045009,520,0.028063350930814114,0.8432898027229786,451.22203960396047,0.0,1463.836,1463.836
node,random,1,0.32,0.32025389497980383,555,0.028063350930814114,0.8432898027229786,451.22203960396047,0.0,1463.836,1463.836
node,random,1,0.34,0.3398730525100981,589,0.028063350930814114,0.8432898027229786,451.22203960396047,0.0,1463.836,1463.836
node,random,1,0.36,0.36006924408540103,624,0.02000555709919422,0.8513475965545985,80.97256944444446,0.0,358.8043,663.0049000000005
node,random,1,0.38,0.380265435660704,659,0.019171992220061128,0.8521811614337316,71.26501449275364,0.0,236.33920000000043,678.6051999999996
node,random,1,0.4,0.3998845931909983,693,0.019171992220061128,0.8521811614337316,71.26501449275364,0.0,236.33920000000043,678.6051999999996
node,random,2,0.0,0.0,0,0.8713531536537927,0.0,1678.3658804209185,1813.3350000000003,2515.206,3245.7529999999997
node,random,2,0.02,0.020196191575302943,35,0.8449569324812448,0.026396221172547918,1706.9052361065442,1818.8680000000002,2612.5530000000003,3337.2700000000004
node,random,2,0.04,0.03981534910559723,69,0.8116143373159211,0.05973881633787159,1744.0142040397125,1875.4920000000004,2711.4049999999997,3515.656
node,random,2,0.06,0.06001154068090017,104,0.7532647957766047,0.11808835787718808,1794.7767539653262,1926.8760000000002,3039.279,3565.044
node,random,2,0.08,0.08020773225620312,139,0.7285357043623228,0.1428174492914699,1918.1536617086197,2075.1000000000004,3288.8959999999997,3724.3079999999995
node,random,2,0.1,0.0998268897864974,173,0.675465407057516,0.19588774659627672,2435.6238630193334,2521.549,4277.189,4567.7080000000005
node,random,2,0.12,0.12002308136180034,208,0.6062795220894693,0.2650736315643234,2257.1325375802016,2521.549,3964.6990000000005,4277.189
node,random,2,0.14,0.1402192729371033,243,0.5562656293414837,0.315087524312309,2460.9210179820184,2521.549,4290.767100000001,4814.61245
node,random,2,0.16,0.15983843046739757,277,0.5140316754654071,0.35732147818838567,2527.517619459459,2521.549,4615.6320000000005,5485.1739499999985
node,random,2,0.18,0.18003462204270052,312,0.44984717977215893,0.4215059738816338,2469.0298004941324,2730.745,5072.141000000001,5708.5
node,random,2,0.2,0.20023081361800346,347,0.3350930814115032,0.5362600722422896,2049.9966409618573,1671.1799999999998,4789.331,5270.921000000001
node,random,2,0.22,0.21984997114829774,381,0.23395387607668797,0.6373992775771048,1361.6831163895488,0.0,4326.0131999999985,4789.331
node,random,2,0.24,0.2400461627236007,416,0.18338427340928035,0.6879688802445124,1781.8130575757575,1133.572,4789.331,5203.263
node,random,2,0.26,0.26024235429890363,451,0.09974993053626008,0.7716032231175327,238.20965738161567,0.0,1200.6683999999998,1355.44
node,random,2,0.28,0.27986151182919794,485,0.07863295359822173,0.792720200055571,13.29939222614841,0.0,0.0,100.2738999999992
node,random,2,0.3,0.3000577034045009,520,0.07863295359822173,0.792720200055571,13.29939222614841,0.0,0.0,100.2738999999992
node,random,2,0.32,0.32025389497980383,555,0.07668796888024451,0.7946651847735482,9.264746376811592,0.0,0.0,3.3775
node,random,2,0.34,0.3398730525100981,589,0.07557654904140039,0.7957766046123923,5.634272058823529,0.0,0.0,0.0
node,random,2,0.36,0.36006924408540103,624,0.07557654904140039,0.7957766046123923,5.634272058823529,0.0,0.0,0.0
node,random,2,0.38,0.380265435660704,659,0.07529869408168936,0.7960544595721034,4.8853247232472325,0.0,0.0,0.0
node,random,2,0.4,0.3998845931909983,693,0.0739094192831342,0.7974437343706585,2.7599473684210523,0.0,0.0,0.0
node,random,3,0.0,0.0,0,0.8713531536537927,0.0,1678.3658804209185,1813.3350000000003,2515.206,3245.7529999999997
node,random,3,0.02,0.020196191575302943,35,0.7507641011392053,0.1205890525145874,1735.0341306439677,1912.17,2893.32,3205.9709999999995
node,random,3,0.04,0.03981534910559723,69,0.7040844679077521,0.1672686857460406,1777.0599928966062,1845.53,2991.4339999999993,3312.947349999995
node,random,3,0.06,0.06001154068090017,104,0.648513475965546,0.22283967768824675,2019.2116148243358,2073.3185000000003,3929.0092000000113,4562.008999999999
node,random,3,0.08,0.08020773225620312,139,0.5523756599055293,0.31897749374826345,2048.389884305835,2043.513,4065.4350999999983,5433.747000000001
node,random,3,0.1,0.0998268897864974,173,0.4206724090025007,0.45068074465129204,2064.232894319683,2231.2625,3530.892,3884.4089999999997
node,random,3,0.12,0.12002308136180034,208,0.3770491803278688,0.4943039733259239,2196.3095350036847,2382.5140000000006,3849.722,4040.843800000001
node,random,3,0.14,0.1402192729371033,243,0.3550986385106974,0.5162545151430953,2246.843230829421,2546.4224999999997,3814.195,3994.171
node,random,3,0.16,0.15983843046739757,277,0.3414837454848569,0.5298694081689359,2415.0126509357206,2630.697,4303.489400000002,4909.634799999999
node,random,3,0.18,0.18003462204270052,312,0.2189497082522923,0.6524034454015004,1891.5711180203048,1822.9935,4546.269600000003,5209.1874
node,random,3,0.2,0.20023081361800346,347,0.09058071686579605,0.7807724367879967,297.5030705521473,0.0,1137.3660000000004,1364.931
node,random,3,0.22,0.21984997114829774,381,0.08752431230897471,0.783828841344818,284.42008571428573,0.0,1151.2476000000008,1364.931
node,random,3,0.24,0.2400461627236007,416,0.08613503751041957,0.7852181161433731,270.45649354838713,0.0,1137.3660000000004,1364.931
node,random,3,0.26,0.26024235429890363,451,0.0855793275909975,0.7857738260627952,263.35417857142863,0.0,1137.3660000000004,1364.931
node,random,3,0.28,0.27986151182919794,485,0.08030008335648792,0.7910530702973049,226.81871626297587,0.0,1137.3660000000004,1320.2907999999995
node,random,3,0.3,0.3000577034045009,520,0.08002222839677688,0.7913309252570159,223.57676041666673,0.0,1137.3660000000004,1321.3876999999998
node,random,3,0.32,0.32025389497980383,555,0.06918588496804667,0.8021672686857461,111.2510682730924,0.0,720.2060000000002,1118.5836000000002
node,random,3,0.34,0.3398730525100981,589,0.020561267018616283,0.8507918866351765,344.3486351351352,0.0,1137.3660000000004,1137.3660000000004
node,random,3,0.36,0.36006924408540103,624,0.01972770213948319,0.8516254515143096,358.2682253521128,0.0,1137.3660000000004,1137.3660000000004
node,random,3,0.38,0.380265435660704,659,0.01972770213948319,0.8516254515143096,358.2682253521128,0.0,1137.3660000000004,1137.3660000000004
node,random,3,0.4,0.3998845931909983,693,0.01972770213948319,0.8516254515143096,358.2682253521128,0.0,1137.3660000000004,1137.3660000000004
node,random,4,0.0,0.0,0,0.8713531536537927,0.0,1678.3658804209185,1813.3350000000003,2515.206,3245.7529999999997
node,random,4,0.02,0.020196191575302943,35,0.8613503751041957,0.01000277854959708,1781.914963548387,1885.732,2805.9299999999994,3254.999849999997
node,random,4,0.04,0.03981534910559723,69,0.7877188107807724,0.0836343428730203,1895.0720835978836,1966.1680000000003,2805.9299999999994,3515.656
node,random,4,0.06,0.06001154068090017,104,0.7515976660183384,0.1197554876354543,2148.8857356746767,2229.473,3837.4619999999995,4052.249999999999
node,random,4,0.08,0.08020773225620312,139,0.7151986662961934,0.1561544873575993,2166.188781662782,2264.118,3888.3419999999996,4103.129999999999
node,random,4,0.1,0.0998268897864974,173,0.666851903306474,0.2045012503473187,2172.7646179166663,2309.309,3888.3419999999996,4103.129999999999
node,random,4,0.12,0.12002308136180034,208,0.6321200333425951,0.2392331203111976,2348.958705934066,2552.509,4098.169999999999,4312.957999999999
node,random,4,0.14,0.1402192729371033,243,0.5846068352320088,0.2867463184217839,4041.909518536122,4261.673,7182.651,7182.651
node,random,4,0.16,0.15983843046739757,277,0.48596832453459293,0.3853848291191998,3484.510934819897,3823.93,6286.7748,6824.2276
node,random,4,0.18,0.18003462204270052,312,0.2747985551542095,0.5965545984995833,2110.9518351870574,1979.922,4897.138,5118.303
node,random,4,0.2,0.20023081361800346,347,0.15254237288135594,0.7188107807724368,1910.4453132969034,68.746,5898.3286,6223.142000000001
node,random,4,0.22,0.21984997114829774,381,0.15059738816337873,0.720755765490414,1888.268658671587,6.755,5954.376200000003,6223.142000000001
node,random,4,0.24,0.2400461627236007,416,0.14893025840511254,0.7224228952486802,1908.8718358208955,0.0,5962.383000000001,6223.142000000001
node,random,4,0.26,0.26024235429890363,451,0.12920255626562935,0.7421505973881634,1274.205765591398,0.0,5456.791,5673.992
node,random,4,0.28,0.27986151182919794,485,0.126146151708808,0.7452070019449848,1293.1998634361235,0.0,5456.791,5673.992
node,random,4,0.3,0.3000577034045009,520,0.09669352597943873,0.774659627674354,1385.5411522988506,0.0,5505.3910000000005,5673.992
node,random,4,0.32,0.32025389497980383,555,0.08419005279244235,0.7871631008613504,747.3483102310231,0.0,3975.3104000000003,5118.303
node,random,4,0.34,0.3398730525100981,589,0.08335648791330925,0.7879966657404834,698.0224533333333,0.0,3943.1279999999997,5026.416150000001
node,random,4,0.36,0.36006924408540103,624,0.08335648791330925,0.7879966657404834,698.0224533333333,0.0,3943.1279999999997,5026.416150000001
node,random,4,0.38,0.380265435660704,659,0.08280077799388719,0.7885523756599055,691.8696744966443,0.0,3943.1279999999997,5036.0884499999975
node,random,4,0.4,0.3998845931909983,693,0.08280077799388719,0.7885523756599055,691.8696744966443,0.0,3943.1279999999997,5036.0884499999975
node,random,5,0.0,0.0,0,0.8713531536537927,0.0,1678.3658804209185,1813.3350000000003,2515.206,3245.7529999999997
node,random,5,0.02,0.020196191575302943,35,0.8596832453459294,0.011669908307863297,1945.8337582417582,1993.1190000000001,3517.016,4128.325
node,random,5,0.04,0.03981534910559723,69,0.8096693525979439,0.06168380105584881,2064.8815525051477,2026.1979999999999,3578.0851000000007,4170.304
node,random,5,0.06,0.06001154068090017,104,0.775215337593776,0.0961378160600167,2133.774092831541,2235.942,3613.1003999999994,4322.33514999999
node,random,5,0.08,0.08020773225620312,139,0.6960266740761323,0.17532647957766045,2482.923288223553,2229.473,5355.278,6173.292399999999
node,random,5,0.1,0.0998268897864974,173,0.6193387051958877,0.252014448457905,2710.193187079408,2578.9089999999997,5586.995000000001,6438.253000000001
node,random,5,0.12,0.12002308136180034,208,0.41900527924423453,0.4523478744095582,1753.9756856763925,1781.3669999999997,3882.8429999999994,4432.815
node,random,5,0.14,0.1402192729371033,243,0.39233120311197556,0.4790219505418172,1722.645604815864,1611.0665000000001,3931.683699999999,4502.776
node,random,5,0.16,0.15983843046739757,277,0.3717699360933593,0.49958321756043345,1666.7289925261584,1410.2095,4015.378999999999,4502.776
node,random,5,0.18,0.18003462204270052,312,0.33203667685468186,0.5393164767991109,1610.014938075314,1260.93,4063.113,4578.814599999997
node,random,5,0.2,0.20023081361800346,347,0.24173381494859683,0.6296193387051959,1139.3676494252873,435.61350000000004,2706.023,4562.494
node,random,5,0.22,0.21984997114829774,381,0.18838566268407891,0.6829674909697139,847.8412979351033,0.0,1993.0193000000015,6497.971000000001
node,random,5,0.24,0.2400461627236007,416,0.17282578494026118,0.6985273687135316,467.88983762057876,0.0,1355.44,1773.3273999999983
node,random,5,0.26,0.26024235429890363,451,0.16365657126979716,0.7076965823839956,320.1699728353141,0.0,1335.846,1426.4156000000007
node,random,5,0.28,0.27986151182919794,485,0.16337871631008613,0.7079744373437066,318.37493877551026,0.0,1331.6159000000005,1428.0688999999993
node,random,5,0.3,0.3000577034045009,520,0.1514309530425118,0.7199222006112809,245.34021100917434,0.0,1261.2402000000002,1355.44
node,random,5,0.32,0.32025389497980383,555,0.144206724090025,0.7271464295637677,193.10101926782275,0.0,942.9105999999991,1329.803
node,random,5,0.34,0.3398730525100981,589,0.1314253959433176,0.7399277577104751,92.10845877378433,0.0,308.834400000001,721.157
node,random,5,0.36,0.36006924408540103,624,0.07807724367879966,0.7932759099749931,74.75838790035587,0.0,346.249,589.5219999999999
node,random,5,0.38,0.380265435660704,659,0.07668796888024451,0.7946651847735482,55.27433695652175,0.0,227.394,460.0355
node,random,5,0.4,0.3998845931909983,693,0.07557654904140039,0.7957766046123923,49.47698897058824,0.0,211.62770000000023,453.2001499999992
node,random,6,0.0,0.0,0,0.8713531536537927,0.0,1678.3658804209185,1813.3350000000003,2515.206,3245.7529999999997
node,random,6,0.02,0.020196191575302943,35,0.8424562378438455,0.028896915809947243,1748.7103189313984,1904.8605000000002,2728.6049000000016,3417.543699999968
node,random,6,0.04,0.03981534910559723,69,0.8185607113086969,0.052792442345095836,1810.2057023082145,1973.2575000000002,2793.691,3515.656
node,random,6,0.06,0.06001154068090017,104,0.7988330091692136,0.07252014448457911,1869.4613370434784,2015.5250000000003,2902.29,3515.656
node,random,6,0.08,0.08020773225620312,139,0.7054737427063074,0.16587941094748537,1915.2990094525405,2020.7069999999999,3275.166,3746.4619999999995
node,random,6,0.1,0.0998268897864974,173,0.6512920255626563,0.22006112809113643,2132.7631919795217,2075.1540000000005,4673.793,4673.793
node,random,6,0.12,0.12002308136180034,208,0.4912475687691025,0.3801055848846902,1839.7670130090498,1993.1730000000002,3544.2713999999983,4023.186999999996
node,random,6,0.14,0.1402192729371033,243,0.43289802722978604,0.4384551264240067,2174.873177792041,2088.41,4837.665999999999,6165.074449999991
node,random,6,0.16,0.15983843046739757,277,0.3475965545984996,0.5237565990552931,1994.5037721822541,1760.499,4837.665999999999,6720.4655
node,random,6,0.18,0.18003462204270052,312,0.1881078077243679,0.6832453459294249,934.4570960118167,0.0,2834.227799999998,7229.746
node,random,6,0.2,0.20023081361800346,347,0.17393720477910532,0.6974159488746874,907.2204552715655,0.0,2885.574,7229.746
node,random,6,0.22,0.21984997114829774,381,0.17143651014170602,0.6999166435120867,886.0832706645057,0.0,2885.574,7229.746
node,random,6,0.24,0.2400461627236007,416,0.09502639622117255,0.7763267574326201,1426.8849473684206,227.394,7229.746,7229.746
node,random,6,0.26,0.26024235429890363,451,0.09363712142261739,0.7777160322311754,1397.672771513353,227.394,7229.746,7229.746
node,random,6,0.28,0.27986151182919794,485,0.08863573214781884,0.7827174215059739,1411.8440595611282,68.746,7229.746,7229.746
node,random,6,0.3,0.3000577034045009,520,0.0855793275909975,0.7857738260627952,1428.19637987013,0.0,7229.746,7229.746
node,random,6,0.32,0.32025389497980383,555,0.08113364823562101,0.7902195054181718,1471.9842260273972,0.0,7229.746,7229.746
node,random,6,0.34,0.3398730525100981,589,0.07974437343706585,0.7916087802167269,1466.6797560975606,0.0,7229.746,7229.746
node,random,6,0.36,0.36006924408540103,624,0.07974437343706585,0.7916087802167269,1466.6797560975606,0.0,7229.746,7229.746
node,random,6,0.38,0.380265435660704,659,0.07252014448457905,0.7988330091692137,1386.1623524904212,0.0,7229.746,7229.746
node,random,6,0.4,0.3998845931909983,693,0.06612948041122534,0.8052236732425674,1454.0400420168069,0.0,7229.746,7229.746
node,random,7,0.0,0.0,0,0.8713531536537927,0.0,1678.3658804209185,1813.3350000000003,2515.206,3245.7529999999997
node,random,7,0.02,0.020196191575302943,35,0.8452347874409558,0.02611836621283692,1753.1683523997372,1954.5060000000003,2619.5149999999994,3483.885149999979
node,random,7,0.04,0.03981534910559723,69,0.8082800777993887,0.06307307585440403,2058.1175235476107,2132.754,3614.0090000000005,4685.9980000000005
node,random,7,0.06,0.06001154068090017,104,0.784106696304529,0.08724645734926373,2145.6235705173635,2228.429,3679.0300000000007,4751.019000000001
node,random,7,0.08,0.08020773225620312,139,0.7552097804945819,0.11614337315921086,2141.5255448859457,2235.394,3823.576,4120.619000000001
node,random,7,0.1,0.0998268897864974,173,0.6426785218116143,0.2286746318421784,2495.3117008214444,2270.2450000000003,4272.134999999999,5386.914000000001
node,random,7,0.12,0.12002308136180034,208,0.450402889691581,0.42095026396221175,1852.1514996915487,2043.513,3091.487,3844.1330000000007
node,random,7,0.14,0.1402192729371033,243,0.38510697415948875,0.486246179494304,1838.0974458874462,1993.1190000000001,3551.5365,4254.519
node,random,7,0.16,0.15983843046739757,277,0.2923034176160044,0.5790497360377883,2354.296755703422,2591.196,4679.066000000001,5243.306049999995
node,random,7,0.18,0.18003462204270052,312,0.21367046401778272,0.65768268963601,1932.16155526658,1993.1730000000002,4255.209000000001,4679.066000000001
node,random,7,0.2,0.20023081361800346,347,0.1675465407057516,0.7038066129480411,1638.1200878938641,1355.44,4079.782000000001,4753.4059
node,random,7,0.22,0.21984997114829774,381,0.13892747985551543,0.7324256737982773,1084.984074,796.827,2766.628,3393.36075
node,random,7,0.24,0.2400461627236007,416,0.13642678521811613,0.7349263684356766,1095.3822932790224,813.16,2766.628,3399.3615000000004
node,random,7,0.26,0.26024235429890363,451,0.1325368157821617,0.738816337871631,1083.7111614255766,813.16,2766.628,3351.2670000000003
node,random,7,0.28,0.27986151182919794,485,0.08530147263128647,0.7860516810225062,507.67650814332245,0.0,1986.1480000000001,2043.513
node,random,7,0.3,0.3000577034045009,520,0.08419005279244235,0.7871631008613504,483.5336501650166,0.0,1783.5466000000008,2043.513
node,random,7,0.32,0.32025389497980383,555,0.07585440400111142,0.7954987496526813,397.06393406593406,0.0,1986.1480000000001,2043.513
node,random,7,0.34,0.3398730525100981,589,0.07418727424284524,0.7971658794109475,366.8406029962547,0.0,1986.1480000000001,2043.513
node,random,7,0.36,0.36006924408540103,624,0.06335093081411503,0.8080022228396777,197.39167105263158,0.0,636.0241000000019,2043.513
node,random,7,0.38,0.380265435660704,659,0.06335093081411503,0.8080022228396777,197.39167105263158,0.0,636.0241000000019,2043.513
node,random,7,0.4,0.3998845931909983,693,0.06335093081411503,0.8080022228396777,197.39167105263158,0.0,636.0241000000019,2043.513
node,random,8,0.0,0.0,0,0.8713531536537927,0.0,1678.3658804209185,1813.3350000000003,2515.206,3245.7529999999997
node,random,8,0.02,0.020196191575302943,35,0.8521811614337316,0.019171992220061163,1772.0100547766544,1875.4920000000004,2828.818999999999,3515.656
node,random,8,0.04,0.03981534910559723,69,0.8396776882467352,0.03167546540705757,1866.1452819324948,2043.513,2886.265999999999,3515.656
node,random,8,0.06,0.06001154068090017,104,0.8143928869130314,0.05696026674076138,1879.445559877175,2052.98,2946.082,3515.656
node,random,8,0.08,0.08020773225620312,139,0.7827174215059739,0.08863573214781884,2079.498979765708,2312.953,3780.9250000000006,4128.325
node,random,8,0.1,0.0998268897864974,173,0.7602111697693804,0.11114198388441232,2310.0585168128655,2393.4024999999997,4026.017,4251.869749999999
node,random,8,0.12,0.12002308136180034,208,0.6918588496804668,0.17949430397332589,2216.714147791164,2372.6849999999995,4026.017,4463.388999999999
node,random,8,0.14,0.1402192729371033,243,0.6651847735482078,0.20616838010558491,2264.097007936508,2372.6849999999995,4188.985500000002,4649.624
node,random,8,0.16,0.15983843046739757,277,0.5093081411503195,0.3620450125034732,2733.5515280960176,3003.0729999999994,5320.949000000001,5868.031000000001
node,random,8,0.18,0.18003462204270052,312,0.42289524868018896,0.44845790497360377,2559.2686806833117,2536.352,5320.949000000001,5868.031000000001
node,random,8,0.2,0.20023081361800346,347,0.24979160878021672,0.6215615448735761,1626.0111946607342,472.043,4656.994000000001,5216.2261
node,random,8,0.22,0.21984997114829774,381,0.2000555709919422,0.6712975826618506,1259.4029888888888,0.0,4256.691,5008.813799999999
node,random,8,0.24,0.2400461627236007,416,0.1819949986107252,0.6893581550430675,955.7711694656488,0.0,3871.8020000000006,4167.918999999999
node,random,8,0.26,0.26024235429890363,451,0.16976938038343983,0.7015837732703529,740.129139116203,0.0,3202.0009999999997,4167.1410000000005
node,random,8,0.28,0.27986151182919794,485,0.16393442622950818,0.7074187274242846,656.0635576271187,0.0,2888.1892000000034,4167.1410000000005
node,random,8,0.3,0.3000577034045009,520,0.15282022784106697,0.7185329258127258,500.4020745454545,0.0,2200.5902000000006,3145.2362499999895
node,random,8,0.32,0.32025389497980383,555,0.15198666296193386,0.7193664906918589,491.02978427787934,0.0,2198.465,3017.782
node,random,8,0.34,0.3398730525100981,589,0.15087524312308975,0.720477910530703,481.4477605893187,0.0,2115.895,3017.782
node,random,8,0.36,0.36006924408540103,624,0.15059738816337873,0.720755765490414,480.5461199261993,0.0,2115.895,3017.782
node,random,8,0.38,0.380265435660704,659,0.14837454848569048,0.7229786051681022,414.171286516854,0.0,1624.3377999999982,2924.1871999999953
node,random,8,0.4,0.3998845931909983,693,0.14448457904973605,0.7268685746040566,387.3327480769231,0.0,1482.5430000000006,2850.314549999999
node,random,9,0.0,0.0,0,0.8713531536537927,0.0,1678.3658804209185,1813.3350000000003,2515.206,3245.7529999999997
node,random,9,0.02,0.020196191575302943,35,0.8280077799388719,0.043345373714920865,1693.1117459731545,1847.0259999999998,2609.8143999999998,3563.884
node,random,9,0.04,0.03981534910559723,69,0.7974437343706585,0.07390941928313421,1875.5514452961672,1999.347,3039.279,3571.139
node,random,9,0.06,0.06001154068090017,104,0.6924145595998888,0.1789385940539039,1747.3005822632424,1929.1889999999999,2902.548,3322.869
node,random,9,0.08,0.08020773225620312,139,0.6512920255626563,0.22006112809113643,1903.5863775597272,2103.8005000000003,3216.327,3591.2780000000002
node,random,9,0.1,0.0998268897864974,173,0.6287857738260628,0.2425673798277299,1909.2088267786125,2146.436,3216.327,3605.9
node,random,9,0.12,0.12002308136180034,208,0.3803834398444012,0.49096971380939153,1641.3717399561726,1426.0250000000003,3833.3940000000002,4100.453000000001
node,random,9,0.14,0.1402192729371033,243,0.36371214226173937,0.5076410113920533,1770.0118441558443,1467.4540000000002,4022.729999999999,4562.217599999996
node,random,9,0.16,0.15983843046739757,277,0.29313698249513753,0.5782161711586552,1482.8073251184835,1018.3020000000001,4104.0830000000005,4644.411
node,random,9,0.18,0.18003462204270052,312,0.23895526535148653,0.6323978883023063,1279.3280825581396,0.0,4081.5421,4369.048149999999
node,random,9,0.2,0.20023081361800346,347,0.22923034176160045,0.6421228118921922,1170.0713139393943,0.0,3953.7724000000017,4155.0472
node,random,9,0.22,0.21984997114829774,381,0.2097804945818283,0.6615726590719644,1107.421109933775,0.0,3964.3120000000013,5012.579999999999
node,random,9,0.24,0.2400461627236007,416,0.1917199222006113,0.6796332314531814,876.3086086956523,0.0,2803.1052000000013,5024.081
node,random,9,0.26,0.26024235429890363,451,0.17032509030286191,0.7010280633509308,454.9705791190864,0.0,1925.0694000000003,2588.3555999999985
node,random,9,0.28,0.27986151182919794,485,0.1667129758266185,0.7046401778271743,435.15524166666677,0.0,1909.4470000000001,2631.168
node,random,9,0.3,0.3000577034045009,520,0.1478188385662684,0.7235343150875243,283.3218627819549,0.0,1094.5173000000095,2271.576799999999
node,random,9,0.32,0.32025389497980383,555,0.14726312864684635,0.7240900250069464,274.4620660377359,0.0,853.7250000000003,2008.3641999999934
node,random,9,0.34,0.3398730525100981,589,0.13531536537927202,0.7360377882745207,74.0302792607803,0.0,0.0,617.7347999999995
node,random,9,0.36,0.36006924408540103,624,0.13531536537927202,0.7360377882745207,74.0302792607803,0.0,0.0,617.7347999999995
node,random,9,0.38,0.380265435660704,659,0.13225896082245067,0.739094192831342,64.51039285714286,0.0,0.0,589.5219999999999
node,random,9,0.4,0.3998845931909983,693,0.13198110586273964,0.739372047791053,64.55198315789474,0.0,0.0,589.5219999999999
node,random,10,0.0,0.0,0,0.8713531536537927,0.0,1678.3658804209185,1813.3350000000003,2515.206,3245.7529999999997
node,random,10,0.02,0.020196191575302943,35,0.8257849402611837,0.04556821339260908,1654.744597913863,1813.3350000000003,2478.137,2924.8500000000004
node,random,10,0.04,0.03981534910559723,69,0.792720200055571,0.07863295359822176,1688.380317910971,1875.4920000000004,2562.311,2934.119
node,random,10,0.06,0.06001154068090017,104,0.7554876354542929,0.11586551819949986,1826.9302258183156,1993.1190000000001,3328.8730000000005,3328.8730000000005
node,random,10,0.08,0.08020773225620312,139,0.7038066129480411,0.1675465407057516,2003.2180679036717,2111.684,3663.8019999999997,3663.8019999999997
node,random,10,0.1,0.0998268897864974,173,0.621283689913865,0.2500694637399278,1867.5642544722716,2043.513,3262.151,3709.7189999999987
node,random,10,0.12,0.12002308136180034,208,0.5707140872464573,0.3006390664073354,2412.7746222005844,2427.33,4745.032999999999,5854.333
node,random,10,0.14,0.1402192729371033,243,0.49624895804390107,0.37510419560989167,2169.7654221724524,2066.185,4010.057999999999,5316.8499999999985
node,random,10,0.16,0.15983843046739757,277,0.4523478744095582,0.41900527924423453,2268.8385196560193,2219.031,4358.705999999999,5328.999999999998
node,random,10,0.18,0.18003462204270052,312,0.414281744929147,0.45707140872464574,2378.38619047619,2787.442,4650.792,5173.597999999999
node,random,10,0.2,0.20023081361800346,347,0.25896082245068075,0.612392331203112,1475.3301190987122,603.5600000000001,4568.793999999999,5328.999999999998
node,random,10,0.22,0.21984997114829774,381,0.22645179216449013,0.6449013614893027,1097.0456147239263,0.0,3781.2639999999997,4324.721
node,random,10,0.24,0.2400461627236007,416,0.22117254792998056,0.6501806057238122,1087.628118090452,0.0,3791.3639999999996,4333.294249999999
node,random,10,0.26,0.26024235429890363,451,0.189219227563212,0.6821339260905808,766.7696402349485,0.0,2370.6800000000003,4359.013999999999
node,random,10,0.28,0.27986151182919794,485,0.1658794109474854,0.7054737427063074,393.70111892797325,0.0,1786.4790000000003,2043.513
node,random,10,0.3,0.3000577034045009,520,0.16198944151153097,0.7093637121422618,412.3381217838766,0.0,1805.5230000000001,2143.0494999999996
node,random,10,0.32,0.32025389497980383,555,0.15921089191442067,0.712142261739372,386.7997591623037,0.0,1723.8554000000022,2043.513
node,random,10,0.34,0.3398730525100981,589,0.15393164767991108,0.7174215059738817,351.9222599277979,0.0,1545.4919,2043.513
node,random,10,0.36,0.36006924408540103,624,0.13753820505696027,0.7338149485968325,198.82293333333334,0.0,816.0580000000001,1959.844
node,random,10,0.38,0.380265435660704,659,0.13059183106418448,0.7407613225896083,148.3591255319149,0.0,404.6734000000022,1052.1689499999968
node,random,10,0.4,0.3998845931909983,693,0.1297582661850514,0.7415948874687414,144.51270877944324,0.0,346.249,1062.5952999999993
node,random,11,0.0,0.0,0,0.8713531536537927,0.0,1678.3658804209185,1813.3350000000003,2515.206,3245.7529999999997
node,random,11,0.02,0.020196191575302943,35,0.8455126424006668,0.02584051125312592,1788.084748603352,1907.385,2828.818999999999,3515.656
node,random,11,0.04,0.03981534910559723,69,0.7763267574326201,0.0950263962211726,1944.2887677165354,1972.2980000000002,3342.307,3563.884
node,random,11,0.06,0.06001154068090017,104,0.7468741317032509,0.12447902195054183,2046.0208199404765,2105.1510000000003,3501.4459999999995,3772.410999999999
node,random,11,0.08,0.08020773225620312,139,0.7188107807724368,0.15254237288135597,2259.7513285659065,2211.1610000000005,3951.0280000000002,4611.793
node,random,11,0.1,0.0998268897864974,173,0.6951931091969992,0.17616004445679356,2269.261204636291,2206.935,4056.2960000000003,4785.447
node,random,11,0.12,0.12002308136180034,208,0.6687968880244513,0.20255626562934148,2291.0092230992936,2255.347,4056.2960000000003,4723.509599999998
node,random,11,0.14,0.1402192729371033,243,0.5915532092247847,0.279799944429008,2680.158860497886,2537.736,4925.097,5880.322
node,random,11,0.16,0.15983843046739757,277,0.5523756599055293,0.31897749374826345,2983.4189361167005,3521.6819999999993,5185.1190000000015,5880.322
node,random,11,0.18,0.18003462204270052,312,0.3937204779105307,0.477632675743262,2481.880678899083,2135.215,5441.988000000001,6106.645600000003
node,random,11,0.2,0.20023081361800346,347,0.3092525701583773,0.5621005834954154,2032.5720422282122,1721.537,4124.682,5880.322
node,random,11,0.22,0.21984997114829774,381,0.17282578494026118,0.6985273687135316,1150.0551189710611,0.0,3570.4370000000004,7229.746
node,random,11,0.24,0.2400461627236007,416,0.15921089191442067,0.712142261739372,967.354179755672,0.0,3047.6596000000027,7229.746
node,random,11,0.26,0.26024235429890363,451,0.14226173937204778,0.729091414281745,984.4752871093749,0.0,3350.181100000004,7229.746
node,random,11,0.28,0.27986151182919794,485,0.10502917477076966,0.7663239788830231,301.8789126984127,0.0,2043.513,2637.050849999999
node,random,11,0.3,0.3000577034045009,520,0.10502917477076966,0.7663239788830231,301.8789126984127,0.0,2043.513,2637.050849999999
node,random,11,0.32,0.32025389497980383,555,0.10447346485134759,0.7668796888024452,283.9078271276596,0.0,2043.513,2529.20325
node,random,11,0.34,0.3398730525100981,589,0.10447346485134759,0.7668796888024452,283.9078271276596,0.0,2043.513,2529.20325
node,random,11,0.36,0.36006924408540103,624,0.10447346485134759,0.7668796888024452,283.9078271276596,0.0,2043.513,2529.20325
node,random,11,0.38,0.380265435660704,659,0.10447346485134759,0.7668796888024452,283.9078271276596,0.0,2043.513,2529.20325
node,random,11,0.4,0.3998845931909983,693,0.10447346485134759,0.7668796888024452,283.9078271276596,0.0,2043.513,2529.20325
node,random,12,0.0,0.0,0,0.8713531536537927,0.0,1678.3658804209185,1813.3350000000003,2515.206,3245.7529999999997
node,random,12,0.02,0.020196191575302943,35,0.8460683523200889,0.02528480133370381,1731.969991461412,1931.3040000000003,2662.295,3494.8165999999715
node,random,12,0.04,0.03981534910559723,69,0.8138371769936094,0.05751597666018338,1889.395183680437,2021.6770000000001,3458.3706000000025,3891.0730000000003
node,random,12,0.06,0.06001154068090017,104,0.7510419560989163,0.1203111975548764,2111.36719681835,2141.132,3608.706,4000.09
node,random,12,0.08,0.08020773225620312,139,0.6854681856071131,0.18588496804667964,2213.0130441832184,2229.473,4000.09,4000.09
node,random,12,0.1,0.0998268897864974,173,0.6437899416504584,0.2275632120033343,2314.4646745791974,2399.4620000000004,4000.09,4179.874000000001
node,random,12,0.12,0.12002308136180034,208,0.5604334537371493,0.3109196999166435,2957.973032226078,2864.42,6464.782999999999,6464.782999999999
node,random,12,0.14,0.1402192729371033,243,0.46012781328146707,0.41122534037232567,2524.2870501207726,2855.564,4296.3585,5118.303
node,random,12,0.16,0.15983843046739757,277,0.40483467629897196,0.46651847735482077,2491.016543582704,2567.0930000000003,4368.8196,5220.302999999999
node,random,12,0.18,0.18003462204270052,312,0.39038621839399834,0.4809669352597944,2530.1480021352313,2855.564,4374.102000000001,5220.302999999999
node,random,12,0.2,0.20023081361800346,347,0.2467352042233954,0.6246179494303974,2337.99140990991,2043.513,5118.303,7003.468249999997
node,random,12,0.22,0.21984997114829774,381,0.22728535704362324,0.6440677966101696,2256.7007542787283,2043.513,5118.303,6550.281899999994
node,random,12,0.24,0.2400461627236007,416,0.11308696860238955,0.7582661850514032,1381.227351351351,0.0,5118.303,7229.746
node,random,12,0.26,0.26024235429890363,451,0.10419560989163656,0.7671575437621562,1093.5310613333334,0.0,3616.1952000000183,7229.746
node,random,12,0.28,0.27986151182919794,485,0.10252848013337038,0.7688246735204224,1100.8833875338753,0.0,3943.1279999999997,7229.746
node,random,12,0.3,0.3000577034045009,520,0.10252848013337038,0.7688246735204224,1100.8833875338753,0.0,3943.1279999999997,7229.746
node,random,12,0.32,0.32025389497980383,555,0.1016949152542373,0.7696582383995554,1100.7417240437157,0.0,3943.1279999999997,7229.746
node,random,12,0.34,0.3398730525100981,589,0.09169213670464017,0.7796610169491526,444.9676848484849,0.0,2043.513,2885.574
node,random,12,0.36,0.36006924408540103,624,0.08307863295359823,0.7882745207001945,209.8610100334448,0.0,928.737,2043.513
node,random,12,0.38,0.380265435660704,659,0.08307863295359823,0.7882745207001945,209.8610100334448,0.0,928.737,2043.513
node,random,12,0.4,0.3998845931909983,693,0.07807724367879966,0.7932759099749931,175.05276512455518,0.0,13.51,2043.513
node,random,13,0.0,0.0,0,0.8713531536537927,0.0,1678.3658804209185,1813.3350000000003,2515.206,3245.7529999999997
node,random,13,0.02,0.020196191575302943,35,0.8424562378438455,0.028896915809947243,1723.2565211081794,1886.6050000000002,2682.0673000000015,3009.6669999999995
node,random,13,0.04,0.03981534910559723,69,0.8182828563489858,0.053070297304806946,1744.4398427843805,1985.205,2821.229,3151.8149999999996
node,random,13,0.06,0.06001154068090017,104,0.7515976660183384,0.1197554876354543,1801.3220439926063,2043.513,2896.8362,3337.1603999999993
node,random,13,0.08,0.08020773225620312,139,0.7224228952486802,0.14893025840511254,2144.463978846154,2258.9790000000007,3814.652,4293.835099999999
node,random,13,0.1,0.0998268897864974,173,0.6271186440677966,0.24423450958599613,1955.0593123615417,2180.603,3741.1240000000003,4056.7143999999985
node,random,13,0.12,0.12002308136180034,208,0.5901639344262295,0.28118921922756324,1910.3600927495293,2114.4645,3741.1240000000003,3999.863999999999
node,random,13,0.14,0.1402192729371033,243,0.5243123089747151,0.3470408446790776,2059.355012188659,2118.669,4327.1410000000005,4539.605999999999
node,random,13,0.16,0.15983843046739757,277,0.4353987218671853,0.4359544317866074,2012.2291142310148,2026.056,4409.619000000001,4543.881
node,random,13,0.18,0.18003462204270052,312,0.4106696304529036,0.4606835232008891,1970.4165196211095,1993.1190000000001,4351.953599999999,4651.675000000001
node,random,13,0.2,0.20023081361800346,347,0.26340650180605724,0.6079466518477354,1147.4318997890296,1046.197,2768.417200000001,2832.853
node,random,13,0.22,0.21984997114829774,381,0.20116699083078632,0.6701861628230064,859.9116077348066,0.0,2430.9528000000005,2832.853
node,random,13,0.24,0.2400461627236007,416,0.14115031953320367,0.7302028341205891,344.14785433070864,0.0,1680.2343000000005,2043.513
node,random,13,0.26,0.26024235429890363,451,0.14003889969435954,0.7313142539594332,338.1789166666667,0.0,1699.4826999999993,2043.513
node,random,13,0.28,0.27986151182919794,485,0.12392331203111975,0.747429841622673,184.50747982062782,0.0,720.2060000000002,2043.513
node,random,13,0.3,0.3000577034045009,520,0.12392331203111975,0.747429841622673,184.50747982062782,0.0,720.2060000000002,2043.513
node,random,13,0.32,0.32025389497980383,555,0.12392331203111975,0.747429841622673,184.50747982062782,0.0,720.2060000000002,2043.513
node,random,13,0.34,0.3398730525100981,589,0.12392331203111975,0.747429841622673,184.50747982062782,0.0,720.2060000000002,2043.513
node,random,13,0.36,0.36006924408540103,624,0.12392331203111975,0.747429841622673,184.50747982062782,0.0,720.2060000000002,2043.513
node,random,13,0.38,0.380265435660704,659,0.12392331203111975,0.747429841622673,184.50747982062782,0.0,720.2060000000002,2043.513
node,random,13,0.4,0.3998845931909983,693,0.12281189219227563,0.7485412614615171,178.32344117647062,0.0,708.5414000000042,2043.513
node,random,14,0.0,0.0,0,0.8713531536537927,0.0,1678.3658804209185,1813.3350000000003,2515.206,3245.7529999999997
node,random,14,0.02,0.020196191575302943,35,0.8552375659905529,0.01611558766323984,1813.3873268356074,1875.4920000000004,3563.884,3647.3540000000003
node,random,14,0.04,0.03981534910559723,69,0.8255070853014727,0.04584606835232008,2164.5753382699427,2309.309,3871.144,4148.2699999999995
node,random,14,0.06,0.06001154068090017,104,0.7713253681578216,0.10002778549597113,2317.9754113832855,2515.206,3953.125,4148.2699999999995
node,random,14,0.08,0.08020773225620312,139,0.7254792998055015,0.1458738538482912,2466.9216422826503,2586.9300000000003,4379.7980000000025,4489.360000000001
node,random,14,0.1,0.0998268897864974,173,0.6501806057238122,0.22117254792998053,2517.347986752137,2586.5570000000002,4978.641,4978.641
node,random,14,0.12,0.12002308136180034,208,0.621005834954154,0.2503473186996388,2963.3814903803136,3124.176,6085.682000000001,6085.682000000001
node,random,14,0.14,0.1402192729371033,243,0.42428452347874407,0.44706863017504866,2319.159115913556,2593.66,4978.641,4978.641
node,random,14,0.16,0.15983843046739757,277,0.36593498193942764,0.5054181717143651,2504.2702255125287,2918.009,5235.443999999999,5462.175000000001
node,random,14,0.18,0.18003462204270052,312,0.3370380661294804,0.5343150875243123,2465.0621450948065,3017.782,5224.086999999998,5404.897000000001
node,random,14,0.2,0.20023081361800346,347,0.2820227841066963,0.5893303695470964,2465.786319211823,3114.743,5195.4850000000015,5364.086000000001
node,random,14,0.22,0.21984997114829774,381,0.17977215893303697,0.6915809947207557,1669.8010015455945,0.0,5328.999999999998,5497.600999999998
node,random,14,0.24,0.2400461627236007,416,0.15059738816337873,0.720755765490414,943.3632453874538,0.0,3857.689,4965.933449999995
node,random,14,0.26,0.26024235429890363,451,0.13281467074187275,0.7385384829119199,632.0272029288702,0.0,2959.9347000000002,4968.927999999999
node,random,14,0.28,0.27986151182919794,485,0.11836621283689913,0.7529869408168937,150.85193427230047,0.0,248.306,1492.21025
node,random,14,0.3,0.3000577034045009,520,0.11836621283689913,0.7529869408168937,150.85193427230047,0.0,248.306,1492.21025
node,random,14,0.32,0.32025389497980383,555,0.11836621283689913,0.7529869408168937,150.85193427230047,0.0,248.306,1492.21025
node,random,14,0.34,0.3398730525100981,589,0.11753264795776605,0.7538205056960267,150.42917021276594,0.0,193.6938000000013,1501.3162999999988
node,random,14,0.36,0.36006924408540103,624,0.11725479299805501,0.7540983606557378,143.71257345971563,0.0,100.27390000000119,1446.68
node,random,14,0.38,0.380265435660704,659,0.11697693803834398,0.7543762156154488,141.98665083135393,0.0,68.746,1446.68
node,random,14,0.4,0.3998845931909983,693,0.11669908307863296,0.7546540705751598,140.6411404761905,0.0,19.033600000001258,1449.7153499999972
node,random,15,0.0,0.0,0,0.8713531536537927,0.0,1678.3658804209185,1813.3350000000003,2515.206,3245.7529999999997
node,random,15,0.02,0.020196191575302943,35,0.8316198944151153,0.03973325923867743,1734.8490938857333,1922.562,2686.8848000000007,3515.656
node,random,15,0.04,0.03981534910559723,69,0.7791053070297305,0.09224784662406227,1797.0854750356634,1984.1660000000002,2838.3559000000023,4057.6809999999996
node,random,15,0.06,0.06001154068090017,104,0.7365934981939427,0.13475965545985003,1767.3066537155792,1985.205,2888.5130000000004,4128.325
node,random,15,0.08,0.08020773225620312,139,0.6968602389552654,0.17449291469852735,1705.7330825358854,1993.1190000000001,2777.0660000000003,3221.8650000000002
node,random,15,0.1,0.0998268897864974,173,0.6796332314531814,0.1917199222006113,2011.5927718724447,2222.4585,4010.057999999999,4010.057999999999
node,random,15,0.12,0.12002308136180034,208,0.5659905529313698,0.30536260072242294,2517.796301423662,2689.9820000000004,5034.8769999999995,5781.128000000001
node,random,15,0.14,0.1402192729371033,243,0.5270908585718255,0.34426229508196726,2424.060296257248,2527.9880000000003,4586.573,5533.485
node,random,15,0.16,0.15983843046739757,277,0.4429008057793832,0.42845234787440956,2332.128993726474,2499.15,5239.547,5781.128000000001
node,random,15,0.18,0.18003462204270052,312,0.3367602111697694,0.5345929424840233,1797.1626782178218,1547.9750000000006,4025.4880000000003,4373.858
node,random,15,0.2,0.20023081361800346,347,0.24895804390108364,0.6223951097527091,1581.9841595982143,56.7505,4025.4880000000003,5781.128000000001
node,random,15,0.22,0.21984997114829774,381,0.24729091414281745,0.6240622395109753,1568.7889022471911,6.755,4025.4880000000003,5781.128000000001
node,random,15,0.24,0.2400461627236007,416,0.24228952486801889,0.6290636287857738,1512.4718073394495,0.0,4025.4880000000003,5781.128000000001
node,random,15,0.26,0.26024235429890363,451,0.1694915254237288,0.7018616282300639,356.16434754098367,0.0,1547.9750000000006,2043.513
node,random,15,0.28,0.27986151182919794,485,0.16171158655181994,0.7096415671019728,344.2704621993128,0.0,1547.9750000000006,2043.513
node,random,15,0.3,0.3000577034045009,520,0.1550430675187552,0.7163100861350375,284.5190053763442,0.0,1374.2280000000005,2043.513
node,random,15,0.32,0.32025389497980383,555,0.14754098360655737,0.7238121700472353,210.41434086629002,0.0,1121.2720000000004,1760.9365000000003
node,random,15,0.34,0.3398730525100981,589,0.1467074187274243,0.7246457349263684,211.52511363636364,0.0,1121.2720000000004,1845.709449999987
node,random,15,0.36,0.36006924408540103,624,0.1467074187274243,0.7246457349263684,211.52511363636364,0.0,1121.2720000000004,1845.709449999987
node,random,15,0.38,0.380265435660704,659,0.1467074187274243,0.7246457349263684,211.52511363636364,0.0,1121.2720000000004,1845.709449999987
node,random,15,0.4,0.3998845931909983,693,0.14476243400944708,0.7265907196443456,188.98470249520153,0.0,958.3520000000002,1326.1070000000004
node,random,16,0.0,0.0,0,0.8713531536537927,0.0,1678.3658804209185,1813.3350000000003,2515.206,3245.7529999999997
node,random,16,0.02,0.020196191575302943,35,0.8496804667963324,0.021672686857460377,1783.7450699803792,1875.4920000000004,2886.265999999999,3317.9435500000022
node,random,16,0.04,0.03981534910559723,69,0.7632675743262017,0.108085579327591,1709.8951153986168,1775.263,2878.4160000000006,3563.884
node,random,16,0.06,0.06001154068090017,104,0.6993609335926646,0.17199222006112813,1682.8708518077078,1718.69,2893.32,3563.884
node,random,16,0.08,0.08020773225620312,139,0.6821339260905808,0.18921922756321197,1779.5779780040732,1882.7589999999996,2982.8019999999997,3563.884
node,random,16,0.1,0.0998268897864974,173,0.6476799110864129,0.22367324256737986,1979.2407147147146,2088.499,3569.047,4128.325
node,random,16,0.12,0.12002308136180034,208,0.6276743539872187,0.24367879966657402,2184.145255865427,2702.1440000000007,3745.6578000000004,4417.4268999999995
node,random,16,0.14,0.1402192729371033,243,0.5118088357877189,0.3595443178660739,2339.5788528773073,2707.6139999999996,3931.156000000001,4463.254
node,random,16,0.16,0.15983843046739757,277,0.4667963323145318,0.4045568213392609,2425.170392857143,2707.6139999999996,4463.254,5561.6111999999985
node,random,16,0.18,0.18003462204270052,312,0.39594331758821893,0.4754098360655738,2737.550927017544,2707.6139999999996,5606.379,6506.6990000000005
node,random,16,0.2,0.20023081361800346,347,0.2800777993887191,0.5912753542650737,2408.7220168650792,2707.6139999999996,5565.048,7404.351999999999
node,random,16,0.22,0.21984997114829774,381,0.25173659349819394,0.6196165601555987,2118.012766004415,2504.5935,4463.254,4463.254
node,random,16,0.24,0.2400461627236007,416,0.2467352042233954,0.6246179494303974,2113.742768018018,2520.83,4463.254,4463.254
node,random,16,0.26,0.26024235429890363,451,0.23701028063350932,0.6343428730202834,2130.0292473622508,2707.6139999999996,4463.254,4463.254
node,random,16,0.28,0.27986151182919794,485,0.2033898305084746,0.6679633231453181,1961.3834371584699,2067.4115,4463.254,7577.221
node,random,16,0.3,0.3000577034045009,520,0.2017227007502084,0.6696304529035844,2001.7891749311295,2020.7859999999998,4463.254,7577.221
node,random,16,0.32,0.32025389497980383,555,0.18060572381217005,0.6907474298416227,1875.3578738461538,1783.2199999999998,4463.254,7577.221
node,random,16,0.34,0.3398730525100981,589,0.17560433453737148,0.6957488191164213,1889.6554050632913,1875.6549999999997,4463.254,7577.221
node,random,16,0.36,0.36006924408540103,624,0.17449291469852737,0.6968602389552654,1888.6986082802548,1783.2199999999998,4463.254,7577.221
node,random,16,0.38,0.380265435660704,659,0.0972492358988608,0.7741039177549319,1093.3778914285715,0.0,7577.221,7577.221
node,random,16,0.4,0.3998845931909983,693,0.09474854126146151,0.7766046123923313,1091.0312140762462,0.0,7577.221,7577.221
node,random,17,0.0,0.0,0,0.8713531536537927,0.0,1678.3658804209185,1813.3350000000003,2515.206,3245.7529999999997
node,random,17,0.02,0.020196191575302943,35,0.8455126424006668,0.02584051125312592,1752.6276283273087,1890.4449999999995,2771.6628,3497.8174000000163
node,random,17,0.04,0.03981534910559723,69,0.8296749096971381,0.04167824395665465,1830.3055073677158,1978.9309999999996,2893.32,3515.656
node,random,17,0.06,0.06001154068090017,104,0.7724367879966657,0.09891636565712703,1924.7988287769783,2000.3329999999999,3221.8650000000002,3515.656
node,random,17,0.08,0.08020773225620312,139,0.639899972214504,0.23145318143928872,2179.993240990013,2413.3280000000004,3641.3399999999997,4576.9710000000005
node,random,17,0.1,0.0998268897864974,173,0.6162823006390664,0.2550708530147263,2198.659899008115,2483.8485,3651.9270000000006,4597.719
node,random,17,0.12,0.12002308136180034,208,0.5896082245068075,0.28174492914698523,2470.695159283695,2883.313,4683.577000000001,4904.904
node,random,17,0.14,0.1402192729371033,243,0.5109752709085857,0.360377882745207,2599.6260048939644,2873.078,5336.895000000001,5824.003000000001
node,random,17,0.16,0.15983843046739757,277,0.26979716587941094,0.6015559877743818,3507.539610710608,3379.188,8179.447000000001,8307.894000000002
node,random,17,0.18,0.18003462204270052,312,0.23089747151986664,0.6404556821339261,3287.1239663056563,2167.706,8307.894000000002,8540.2065
node,random,17,0.2,0.20023081361800346,347,0.19227563212003335,0.6790775215337594,2725.1501632947975,1342.0265000000002,8307.894000000002,8323.121099999998
node,random,17,0.22,0.21984997114829774,381,0.18393998332870243,0.6874131703250903,2695.3489682779455,1289.0790000000002,8307.894000000002,8394.603299999997
node,random,17,0.24,0.2400461627236007,416,0.09974993053626008,0.7716032231175327,299.48527298050146,0.0,1315.0917999999997,1481.787
node,random,17,0.26,0.26024235429890363,451,0.09613781606001667,0.775215337593776,236.05196820809252,0.0,1194.4934999999998,1481.787
node,random,17,0.28,0.27986151182919794,485,0.0955821061405946,0.7757710475131981,324.5299563953489,0.0,1821.3000000000002,2248.003
node,random,17,0.3,0.3000577034045009,520,0.09308141150319534,0.7782717421505974,323.2643671641792,0.0,1821.3000000000002,2248.003
node,random,17,0.32,0.32025389497980383,555,0.09308141150319534,0.7782717421505974,323.2643671641792,0.0,1821.3000000000002,2248.003
node,random,17,0.34,0.3398730525100981,589,0.090025006946374,0.7813281467074187,334.2393919753087,0.0,1914.9396999999985,2248.003
node,random,17,0.36,0.36006924408540103,624,0.090025006946374,0.7813281467074187,334.2393919753087,0.0,1914.9396999999985,2248.003
node,random,17,0.38,0.380265435660704,659,0.090025006946374,0.7813281467074187,334.2393919753087,0.0,1914.9396999999985,2248.003
node,random,17,0.4,0.3998845931909983,693,0.0891914420672409,0.7821617115865518,324.6126168224299,0.0,1821.3000000000002,2248.003
node,random,18,0.0,0.0,0,0.8713531536537927,0.0,1678.3658804209185,1813.3350000000003,2515.206,3245.7529999999997
node,random,18,0.02,0.020196191575302943,35,0.8007779938871908,0.07057515976660189,1679.8536481609992,1776.295,2591.142,2929.1040000000003
node,random,18,0.04,0.03981534910559723,69,0.7785495971103085,0.09280355654348427,1912.406497501784,2135.558,3533.834999999999,3533.834999999999
node,random,18,0.06,0.06001154068090017,104,0.6651847735482078,0.20616838010558491,1933.4013137009185,2111.4700000000003,3533.834999999999,3861.4645999999975
node,random,18,0.08,0.08020773225620312,139,0.6451792164490137,0.22617393720477907,1934.7155456503012,2111.684,3533.834999999999,3801.1508999999965
node,random,18,0.1,0.0998268897864974,173,0.5359822172825784,0.3353709363712143,1797.5083307413165,1831.489,3533.834999999999,3533.834999999999
node,random,18,0.12,0.12002308136180034,208,0.4523478744095582,0.41900527924423453,1837.465402948403,1792.132,3946.544,4321.8460000000005
node,random,18,0.14,0.1402192729371033,243,0.405668241178105,0.4656849124756877,1778.9404157534248,1707.5659999999998,3946.544,4321.8460000000005
node,random,18,0.16,0.15983843046739757,277,0.35621005834954156,0.5151430953042512,1729.70723400936,1536.9395,3946.544,4321.8460000000005
node,random,18,0.18,0.18003462204270052,312,0.2534037232564601,0.6179494303973326,1611.9013706140352,1589.8610000000003,3320.252,3733.524249999999
node,random,18,0.2,0.20023081361800346,347,0.1828285634898583,0.6885245901639344,1193.662329787234,1076.3245,3060.996000000004,3320.252
node,random,18,0.22,0.21984997114829774,381,0.17171436510141705,0.6996387885523757,1711.0411909385114,1187.4540000000002,4290.52,4512.667
node,random,18,0.24,0.2400461627236007,416,0.14198388441233675,0.729369269241456,1644.4867084148727,0.0,5173.597999999999,5865.0085
node,random,18,0.26,0.26024235429890363,451,0.13059183106418448,0.7407613225896083,1567.0165361702125,0.0,5173.597999999999,5865.422049999999
node,random,18,0.28,0.27986151182919794,485,0.11642122811892193,0.7549319255348708,1578.0134892601432,0.0,5173.597999999999,5904.716799999994
node,random,18,0.3,0.3000577034045009,520,0.10141706029452625,0.7699360933592665,1006.1879260273971,0.0,4529.122400000001,4968.927999999999
node,random,18,0.32,0.32025389497980383,555,0.08085579327590997,0.7904973603778828,191.7776907216495,0.0,720.2060000000002,2043.513
node,random,18,0.34,0.3398730525100981,589,0.08085579327590997,0.7904973603778828,191.7776907216495,0.0,720.2060000000002,2043.513
node,random,18,0.36,0.36006924408540103,624,0.0791886635176438,0.792164490136149,177.10773333333336,0.0,0.0,2043.513
node,random,18,0.38,0.380265435660704,659,0.0791886635176438,0.792164490136149,177.10773333333336,0.0,0.0,2043.513
node,random,18,0.4,0.3998845931909983,693,0.0791886635176438,0.792164490136149,177.10773333333336,0.0,0.0,2043.513
node,random,19,0.0,0.0,0,0.8713531536537927,0.0,1678.3658804209185,1813.3350000000003,2515.206,3245.7529999999997
node,random,19,0.02,0.020196191575302943,35,0.8624617949430398,0.008891358710752972,1927.1819020618557,2130.0425000000005,3234.249999999999,3304.4518999999987
node,random,19,0.04,0.03981534910559723,69,0.8263406501806058,0.04501250347318697,2022.8492037659717,2284.83,3503.7029999999995,3565.044
node,random,19,0.06,0.06001154068090017,104,0.8105029174770769,0.06085023617671581,2182.199293794995,2309.309,3570.4370000000004,4433.5340000000015
node,random,19,0.08,0.08020773225620312,139,0.7271464295637677,0.144206724090025,2267.2796553305316,2466.127000000001,4048.133000000003,4448.7339999999995
node,random,19,0.1,0.0998268897864974,173,0.6326757432620173,0.23867741039177548,2314.564509881423,2578.9089999999997,4179.0694,4802.939
node,random,19,0.12,0.12002308136180034,208,0.5815504306751875,0.2898027229786052,2493.1038399426666,2578.9089999999997,4716.194,5344.231800000001
node,random,19,0.14,0.1402192729371033,243,0.4851347596554598,0.3862183939983329,3081.370549828179,2885.574,6551.466,7594.484
node,random,19,0.16,0.15983843046739757,277,0.4353987218671853,0.4359544317866074,2749.5100906190173,2587.765,6017.313,7229.746
node,random,19,0.18,0.18003462204270052,312,0.3823284245623784,0.4890247290914143,2502.1949280523254,2480.2785000000003,6017.313,7229.746
node,random,19,0.2,0.20023081361800346,347,0.29480411225340375,0.576549041400389,2631.625544769086,2281.772,6428.200000000002,7779.912000000001
node,random,19,0.22,0.21984997114829774,381,0.2033898305084746,0.6679633231453181,1764.007346994536,0.0,7229.746,7779.912000000001
node,random,19,0.24,0.2400461627236007,416,0.20200055570991943,0.6693525979438733,1762.8305171939483,0.0,7229.746,7779.912000000001
node,random,19,0.26,0.26024235429890363,451,0.18588496804667964,0.6854681856071131,1760.0010777279524,0.0,7229.746,7779.912000000001
node,random,19,0.28,0.27986151182919794,485,0.1514309530425118,0.7199222006112809,825.7835064220184,0.0,2919.5409999999997,7229.746
node,random,19,0.3,0.3000577034045009,520,0.1494859683245346,0.7218671853292582,793.859434944238,0.0,2799.997,7229.746
node,random,19,0.32,0.32025389497980383,555,0.1494859683245346,0.7218671853292582,793.859434944238,0.0,2799.997,7229.746
node,random,19,0.34,0.3398730525100981,589,0.14837454848569048,0.7229786051681022,791.110831460674,0.0,2799.997,7229.746
node,random,19,0.36,0.36006924408540103,624,0.1467074187274243,0.7246457349263684,798.0287935606061,0.0,2830.329400000001,7229.746
node,random,19,0.38,0.380265435660704,659,0.1450402889691581,0.7263128646846346,784.292865900383,0.0,2890.994200000003,7229.746
node,random,19,0.4,0.3998845931909983,693,0.1450402889691581,0.7263128646846346,784.292865900383,0.0,2890.994200000003,7229.746
node,random,20,0.0,0.0,0,0.8713531536537927,0.0,1678.3658804209185,1813.3350000000003,2515.206,3245.7529999999997
node,random,20,0.02,0.020196191575302943,35,0.8566268407891081,0.01472631286468462,1783.734593577684,1991.7699999999998,2709.9896,3334.8000999999913
node,random,20,0.04,0.03981534910559723,69,0.8313420394554043,0.04001111419838843,1858.380169117647,2120.3509999999997,3009.6669999999995,3515.656
node,random,20,0.06,0.06001154068090017,104,0.7463184217838288,0.12503473186996394,2232.3372706626956,2496.1120000000005,3983.3379999999993,4338.789
node,random,20,0.08,0.08020773225620312,139,0.6871353153653793,0.18421783828841343,2413.9985980590377,2510.893,4517.121999999998,4995.0109999999995
node,random,20,0.1,0.0998268897864974,173,0.6273964990275076,0.24395665462628513,2851.082656333038,2510.893,5589.448999999999,6147.173000000001
node,random,20,0.12,0.12002308136180034,208,0.4134481800500139,0.45790497360377885,1745.9102036290321,1547.5369999999998,3804.6312000000003,4448.7339999999995
node,random,20,0.14,0.1402192729371033,243,0.40233398166157264,0.4690191719922201,1782.4795883977902,1506.616,4378.955099999999,4800.611249999993
node,random,20,0.16,0.15983843046739757,277,0.21728257849402613,0.6540705751597666,1134.237956521739,1057.513,3565.044,3565.044
node,random,20,0.18,0.18003462204270052,312,0.2145040288969158,0.656849124756877,1148.6572953367877,1069.1295000000002,3565.044,3565.044
node,random,20,0.2,0.20023081361800346,347,0.1964434565156988,0.6749096971380939,994.6267185289959,853.7250000000003,2495.4177999999997,3565.044
node,random,20,0.22,0.21984997114829774,381,0.19033064740205613,0.6810225062517365,971.5196175182481,742.742,2556.374,3565.044
node,random,20,0.24,0.2400461627236007,416,0.17866073909419283,0.6926924145595998,970.8435474339035,589.5219999999999,2622.129,3704.7169999999996
node,random,20,0.26,0.26024235429890363,451,0.1461517088080022,0.7252014448457905,603.2444752851711,0.0,1656.2785,2280.69825
node,random,20,0.28,0.27986151182919794,485,0.11364267852181162,0.7577104751319811,439.982293398533,0.0,1816.8639999999998,2114.4053999999996
node,random,20,0.3,0.3000577034045009,520,0.10363989997221451,0.7677132536815783,310.1674986595174,0.0,1472.7242000000006,2113.6605999999997
node,random,20,0.32,0.32025389497980383,555,0.08363434287302028,0.7877188107807724,373.6854518272425,0.0,1837.708,2198.465
node,random,20,0.34,0.3398730525100981,589,0.08363434287302028,0.7877188107807724,373.6854518272425,0.0,1837.708,2198.465
node,random,20,0.36,0.36006924408540103,624,0.07279799944429008,0.7985551542095026,213.56264885496188,0.0,1074.4390000000003,2074.130349999999
node,random,20,0.38,0.380265435660704,659,0.07252014448457905,0.7988330091692137,211.65332567049813,0.0,1074.4390000000003,2078.761
node,random,20,0.4,0.3998845931909983,693,0.07252014448457905,0.7988330091692137,211.65332567049813,0.0,1074.4390000000003,2078.761
node,random,21,0.0,0.0,0,0.8713531536537927,0.0,1678.3658804209185,1813.3350000000003,2515.206,3245.7529999999997
node,random,21,0.02,0.020196191575302943,35,0.8005001389274798,0.07085301472631289,1785.2920763623745,1875.4920000000004,2687.576,3515.656
node,random,21,0.04,0.03981534910559723,69,0.7779938871908864,0.09335926646290638,1988.082882857143,2010.0765000000001,3679.7660000000005,4110.249999999999
node,random,21,0.06,0.06001154068090017,104,0.7524312308974715,0.11892192275632119,1970.8508016986705,2021.6770000000001,3683.2940000000003,3798.6309999999994
node,random,21,0.08,0.08020773225620312,139,0.7135315365379272,0.1578216171158655,2559.7716078660433,2541.639,4663.328999999999,5193.61
node,random,21,0.1,0.0998268897864974,173,0.5159766601833843,0.35537649347040845,2314.0932294022614,2184.8830000000003,4098.169999999999,4560.285999999999
node,random,21,0.12,0.12002308136180034,208,0.45512642400666853,0.4162267296471242,2405.002573870574,2303.6980000000003,4519.141999999999,4835.145999999999
node,random,21,0.14,0.1402192729371033,243,0.4128924701305918,0.4584606835232009,2649.559608344549,2536.651,4932.375,5231.289999999998
node,random,21,0.16,0.15983843046739757,277,0.22311753264795778,0.648235621005835,1574.888616438356,1031.656,4769.708999999999,5136.154999999999
node,random,21,0.18,0.18003462204270052,312,0.22033898305084745,0.6510141706029453,1575.0149672131145,1031.656,4769.708999999999,5136.154999999999
node,random,21,0.2,0.20023081361800346,347,0.18782995276465686,0.6835232008891359,1374.0469556213015,589.5219999999999,4760.852999999999,4769.708999999999
node,random,21,0.22,0.21984997114829774,381,0.1567101972770214,0.7146429563767713,752.2967659574468,0.0,2125.3092,2759.3925
node,random,21,0.24,0.2400461627236007,416,0.14698527368713532,0.7243678799666574,703.4574120982987,0.0,2180.239,2758.1499999999996
node,random,21,0.26,0.26024235429890363,451,0.1467074187274243,0.7246457349263684,862.4012329545454,0.0,3050.8909999999996,3756.345999999993
node,random,21,0.28,0.27986151182919794,485,0.12920255626562935,0.7421505973881634,513.8752430107526,0.0,2058.75,2734.5547999999967
node,random,21,0.3,0.3000577034045009,520,0.12058905251458739,0.7507641011392053,417.96621198156686,0.0,1451.8573999999999,2286.678
node,random,21,0.32,0.32025389497980383,555,0.11919977771603223,0.7521533759377605,386.8014242424242,0.0,1406.576,2248.9443999999994
node,random,21,0.34,0.3398730525100981,589,0.10864128924701306,0.7627118644067796,282.31508184143223,0.0,1031.798,1997.057
node,random,21,0.36,0.36006924408540103,624,0.09196999166435121,0.7793831619894416,67.24390634441087,0.0,44.755,616.2040000000001
node,random,21,0.38,0.380265435660704,659,0.09196999166435121,0.7793831619894416,67.24390634441087,0.0,44.755,616.2040000000001
node,random,21,0.4,0.3998845931909983,693,0.08946929702695193,0.7818838566268408,38.664037267080744,0.0,0.0,239.71169999999987
node,random,22,0.0,0.0,0,0.8713531536537927,0.0,1678.3658804209185,1813.3350000000003,2515.206,3245.7529999999997
node,random,22,0.02,0.020196191575302943,35,0.8438455126424007,0.027507641011392026,1711.0066012512345,1845.53,2608.2690000000002,3372.947199999968
node,random,22,0.04,0.03981534910559723,69,0.8216171158655182,0.04973603778827451,1774.4572208319244,1929.1889999999999,2856.9216000000015,3695.8369999999995
node,random,22,0.06,0.06001154068090017,104,0.7552097804945819,0.11614337315921086,2131.911356512141,2021.1100000000001,4128.325,4699.891999999999
node,random,22,0.08,0.08020773225620312,139,0.7246457349263684,0.14670741872742432,2463.0853861196324,2510.893,4783.979,4971.478
node,random,22,0.1,0.0998268897864974,173,0.6110030564045569,0.26035009724923586,2074.1723497044113,2349.654,3569.3859999999995,3752.3179999999998
node,random,22,0.12,0.12002308136180034,208,0.4829119199777716,0.3884412336760211,2016.899576524741,2293.5775000000003,3695.8369999999995,3911.839
node,random,22,0.14,0.1402192729371033,243,0.43817727146429564,0.4331758821894971,2233.289572606214,2323.2470000000003,4492.53,4900.484
node,random,22,0.16,0.15983843046739757,277,0.3370380661294804,0.5343150875243123,2133.141535037098,1887.7380000000003,4801.098000000001,4801.098000000001
node,random,22,0.18,0.18003462204270052,312,0.3081411503195332,0.5632120033342596,2159.659802524797,1887.9070000000002,4858.545,4858.545
node,random,22,0.2,0.20023081361800346,347,0.1550430675187552,0.7163100861350375,658.3501146953405,0.0,1881.1079999999997,2141.1794999999997
node,random,22,0.22,0.21984997114829774,381,0.14976382328424562,0.7215893303695471,618.9234768089054,0.0,1796.556,2143.8287
node,random,22,0.24,0.2400461627236007,416,0.09697138093914977,0.7743817727146429,913.359636103152,872.9069999999999,2195.7498000000005,2365.093999999999
node,random,22,0.26,0.26024235429890363,451,0.07446512920255627,0.7968880244512364,748.0470708955223,452.83799999999997,2189.6763000000005,2509.0859999999993
node,random,22,0.28,0.27986151182919794,485,0.07196443456515698,0.7993887190886357,710.6028918918918,205.577,1937.3308000000013,2379.4931999999985
node,random,22,0.3,0.3000577034045009,520,0.06446235065295916,0.8068908030008336,531.6589913793104,0.0,1612.52,1695.336199999998
node,random,22,0.32,0.32025389497980383,555,0.03584328980272298,0.8355098638510697,2.473472868217054,0.0,0.0,0.0
node,random,22,0.34,0.3398730525100981,589,0.03584328980272298,0.8355098638510697,2.473472868217054,0.0,0.0,0.0
node,random,22,0.36,0.36006924408540103,624,0.03584328980272298,0.8355098638510697,2.473472868217054,0.0,0.0,0.0
node,random,22,0.38,0.380265435660704,659,0.03584328980272298,0.8355098638510697,2.473472868217054,0.0,0.0,0.0
node,random,22,0.4,0.3998845931909983,693,0.03584328980272298,0.8355098638510697,2.473472868217054,0.0,0.0,0.0
node,random,23,0.0,0.0,0,0.8713531536537927,0.0,1678.3658804209185,1813.3350000000003,2515.206,3245.7529999999997
node,random,23,0.02,0.020196191575302943,35,0.8485690469574881,0.022784106696304596,2002.6259551407989,2260.0209999999997,3212.937999999999,3854.9866499999966
node,random,23,0.04,0.03981534910559723,69,0.8021672686857461,0.06918588496804667,2250.133832351922,2510.893,3813.5009999999993,4266.533
node,random,23,0.06,0.06001154068090017,104,0.7185329258127258,0.15282022784106697,2441.602078886311,2607.962,3850.668000000001,4266.533
node,random,23,0.08,0.08020773225620312,139,0.6921367046401778,0.1792164490136149,2691.8798362103576,2789.609000000001,4117.473000000001,4284.432000000001
node,random,23,0.1,0.0998268897864974,173,0.5154209502639622,0.35593220338983056,3044.8868528301887,3265.236000000001,5166.756999999999,5606.4890000000005
node,random,23,0.12,0.12002308136180034,208,0.4006668519033065,0.47068630175048626,3276.933143550624,3228.7169999999996,6152.385,7229.746
node,random,23,0.14,0.1402192729371033,243,0.3717699360933593,0.49958321756043345,3242.3342541106126,3267.8085,6152.385,7229.746
node,random,23,0.16,0.15983843046739757,277,0.33537093637121423,0.5359822172825786,3092.2418053024026,3171.756,5950.6184,7229.746
node,random,23,0.18,0.18003462204270052,312,0.24868018894137262,0.6226729647124201,3048.008622346369,3013.6240000000003,6567.452000000001,7802.753000000001
node,random,23,0.2,0.20023081361800346,347,0.19894415115309808,0.6724090025006947,3070.598655027933,3296.8050000000003,7802.753000000001,8277.869
node,random,23,0.22,0.21984997114829774,381,0.16810225062517367,0.703250903028619,2665.518449586777,3123.331,5854.333,8277.869
node,random,23,0.24,0.2400461627236007,416,0.10891914420672409,0.7624340094470686,1530.199257653061,0.0,5604.813,5854.333
node,random,23,0.26,0.26024235429890363,451,0.08141150319533204,0.7899416504584607,394.4351433447099,0.0,2043.513,2885.574
node,random,23,0.28,0.27986151182919794,485,0.08141150319533204,0.7899416504584607,394.4351433447099,0.0,2043.513,2885.574
node,random,23,0.3,0.3000577034045009,520,0.07585440400111142,0.7954987496526813,391.04517948717944,0.0,2043.513,2885.574
node,random,23,0.32,0.32025389497980383,555,0.07585440400111142,0.7954987496526813,391.04517948717944,0.0,2043.513,2885.574
node,random,23,0.34,0.3398730525100981,589,0.07557654904140039,0.7957766046123923,389.8832095588235,0.0,2043.513,2885.574
node,random,23,0.36,0.36006924408540103,624,0.07363156432342317,0.7977215893303695,390.5591698113207,0.0,2043.513,2885.574
node,random,23,0.38,0.380265435660704,659,0.07057515976660184,0.8007779938871908,407.4731496062993,0.0,2043.513,2885.574
node,random,23,0.4,0.3998845931909983,693,0.07057515976660184,0.8007779938871908,407.4731496062993,0.0,2043.513,2885.574
node,random,24,0.0,0.0,0,0.8713531536537927,0.0,1678.3658804209185,1813.3350000000003,2515.206,3245.7529999999997
node,random,24,0.02,0.020196191575302943,35,0.8507918866351765,0.02056126701861627,1776.7242047681257,1883.4845,2890.768000000001,3843.0158999999976
node,random,24,0.04,0.03981534910559723,69,0.7693803834398444,0.10197277021394835,1905.1741040086677,1875.4920000000004,3679.7660000000005,4196.268
node,random,24,0.06,0.06001154068090017,104,0.7065851625451515,0.16476799110864127,2198.7268324813217,1999.347,4025.4880000000003,5467.995800000002
node,random,24,0.08,0.08020773225620312,139,0.6090580716865797,0.2622950819672131,2087.6701929744527,1908.2160000000001,4025.4880000000003,5118.303
node,random,24,0.1,0.0998268897864974,173,0.5332036676854682,0.3381494859683245,2121.8655909327776,1822.6260000000002,4471.293000000001,5340.925999999999
node,random,24,0.12,0.12002308136180034,208,0.4259516532370103,0.44540150041678245,1958.4922289628182,1463.836,5173.9400000000005,6500.690000000001
node,random,24,0.14,0.1402192729371033,243,0.40622395109752707,0.46512920255626566,2028.2748139534883,1501.8045000000002,5293.920299999999,6597.584700000002
node,random,24,0.16,0.15983843046739757,277,0.3676021116976938,0.5037510419560989,2029.0105941043087,1428.659,5644.841399999998,5985.568399999998
node,random,24,0.18,0.18003462204270052,312,0.3350930814115032,0.5362600722422896,2690.0585447761196,1660.1595000000002,6484.8319999999985,7229.746
node,random,24,0.2,0.20023081361800346,347,0.3306474020561267,0.5407057515976661,2897.8409899159665,2131.615,6590.810400000001,7229.746
node,random,24,0.22,0.21984997114829774,381,0.22311753264795778,0.648235621005835,1545.264405977584,0.0,6219.165000000001,7204.198499999998
node,random,24,0.24,0.2400461627236007,416,0.21728257849402613,0.6540705751597666,1491.9712953964192,0.0,6217.263400000001,7229.46675
node,random,24,0.26,0.26024235429890363,451,0.20755765490414005,0.6637954987496527,1442.24755957162,0.0,5960.077799999998,7229.746
node,random,24,0.28,0.27986151182919794,485,0.15115309808280078,0.720200055570992,182.89725,0.0,956.1029000000001,1233.7434000000003
node,random,24,0.3,0.3000577034045009,520,0.14281744929146986,0.7285357043623228,132.58345914396887,0.0,642.6605999999994,1214.546
node,random,24,0.32,0.32025389497980383,555,0.14226173937204778,0.729091414281745,132.823341796875,0.0,653.8322000000019,1214.546
node,random,24,0.34,0.3398730525100981,589,0.14059460961378162,0.7307585440400111,118.6700276679842,0.0,482.774,1031.798
node,random,24,0.36,0.36006924408540103,624,0.13837176993609335,0.7329813837176994,108.96788152610442,0.0,350.19070000000016,1031.798
node,random,24,0.38,0.380265435660704,659,0.13559322033898305,0.7357599333148097,87.08939344262296,0.0,13.426500000000509,773.3272999999982
node,random,24,0.4,0.3998845931909983,693,0.13475965545984997,0.7365934981939428,82.91923505154641,0.0,0.0,721.157
node,random,25,0.0,0.0,0,0.8713531536537927,0.0,1678.3658804209185,1813.3350000000003,2515.206,3245.7529999999997
node,random,25,0.02,0.020196191575302943,35,0.8121700472353431,0.059183106418449594,1721.5966592541909,1832.0909999999997,2624.0369999999994,3515.656
node,random,25,0.04,0.03981534910559723,69,0.7613225896082245,0.11003056404556821,1816.911194890511,2007.0549999999998,2901.5227999999993,3515.656
node,random,25,0.06,0.06001154068090017,104,0.7246457349263684,0.14670741872742432,1914.3813082822085,2060.4445,3313.1638000000007,4128.325
node,random,25,0.08,0.08020773225620312,139,0.6348985829397055,0.23645457071408726,1965.944991247265,2005.2869999999998,3545.7281999999996,4354.668000000001
node,random,25,0.1,0.0998268897864974,173,0.4490136148930258,0.4223395387607669,1877.4074226485152,1873.0045000000005,3961.6929999999993,4839.011
node,random,25,0.12,0.12002308136180034,208,0.40622395109752707,0.46512920255626566,1759.091369357045,1642.6770000000001,4100.807000000001,4905.058
node,random,25,0.14,0.1402192729371033,243,0.37677132536815783,0.4945818282856349,1939.3324815634219,1768.348,4567.779,5174.493
node,random,25,0.16,0.15983843046739757,277,0.27285357043623226,0.5984995832175605,1354.8218044806517,852.3035000000002,3083.447,5118.303
node,random,25,0.18,0.18003462204270052,312,0.25284801333703805,0.6185051403167547,1411.2689340659342,545.5219999999999,3952.296000000001,5118.303
node,random,25,0.2,0.20023081361800346,347,0.2033898305084746,0.6679633231453181,990.4129412568305,0.0,3048.167799999999,7229.746
node,random,25,0.22,0.21984997114829774,381,0.17699360933592664,0.6943595443178661,826.6452370486655,0.0,2043.513,7229.746
node,random,25,0.24,0.2400461627236007,416,0.16421228118921924,0.7071408724645735,821.0675262267345,0.0,2613.7929999999997,7229.746
node,random,25,0.26,0.26024235429890363,451,0.15865518199499862,0.7126979716587941,704.9173625218914,0.0,2043.513,7229.746
node,random,25,0.28,0.27986151182919794,485,0.15226451792164492,0.7190886357321478,703.81775729927,0.0,2043.513,7229.746
node,random,25,0.3,0.3000577034045009,520,0.14003889969435954,0.7313142539594332,665.0065277777778,0.0,2043.513,7229.746
node,random,25,0.32,0.32025389497980383,555,0.14003889969435954,0.7313142539594332,665.0065277777778,0.0,2043.513,7229.746
node,random,25,0.34,0.3398730525100981,589,0.12920255626562935,0.7421505973881634,113.83368602150539,0.0,0.0,1634.810399999907
node,random,25,0.36,0.36006924408540103,624,0.12031119755487635,0.7510419560989163,122.24633718244804,0.0,0.0,2043.513
node,random,25,0.38,0.380265435660704,659,0.12031119755487635,0.7510419560989163,122.24633718244804,0.0,0.0,2043.513
node,random,25,0.4,0.3998845931909983,693,0.12031119755487635,0.7510419560989163,122.24633718244804,0.0,0.0,2043.513
node,random,26,0.0,0.0,0,0.8713531536537927,0.0,1678.3658804209185,1813.3350000000003,2515.206,3245.7529999999997
node,random,26,0.02,0.020196191575302943,35,0.8488469019171992,0.022506251736593486,1728.386790180033,1875.4920000000004,2766.574,3497.268399999992
node,random,26,0.04,0.03981534910559723,69,0.8316198944151153,0.03973325923867743,1759.1546511861006,1909.4470000000001,2793.465,3515.656
node,random,26,0.06,0.06001154068090017,104,0.8068908030008336,0.06446235065295913,1855.6978553719007,2043.513,3183.3606000000054,3515.656
node,random,26,0.08,0.08020773225620312,139,0.7460405668241178,0.12531258682967494,1917.7522502793297,2075.1000000000004,3443.808,3868.449
node,random,26,0.1,0.0998268897864974,173,0.6729647124201167,0.19838844123367605,2010.1533654004952,2015.5250000000003,4128.325,5048.725000000001
node,random,26,0.12,0.12002308136180034,208,0.5268130036121145,0.34454015004167826,2035.9105622362868,1968.141,4865.427000000001,5961.494000000001
node,random,26,0.14,0.1402192729371033,243,0.5093081411503195,0.3620450125034732,2389.724399345336,2075.1000000000004,5961.494000000001,7023.332199999985
node,random,26,0.16,0.15983843046739757,277,0.4534592942484023,0.4178938594053904,3031.3711501225494,2372.6849999999995,6734.257999999999,7329.8820000000005
node,random,26,0.18,0.18003462204270052,312,0.3645457071408725,0.5068074465129202,2388.21737652439,2368.647,6023.5661000000055,6734.257999999999
node,random,26,0.2,0.20023081361800346,347,0.29591553209224786,0.5754376215615449,1705.5420920187794,1523.0829999999996,4128.325,4313.834
node,random,26,0.22,0.21984997114829774,381,0.20505696026674075,0.6662961933870519,1678.0335189701893,171.516,4748.8820000000005,9071.681
node,random,26,0.24,0.2400461627236007,416,0.17699360933592664,0.6943595443178661,1032.340726844584,0.0,3714.3806,4694.570999999999
node,random,26,0.26,0.26024235429890363,451,0.16699083078632954,0.7043623228674631,853.22187687188,0.0,2885.574,3829.498
node,random,26,0.28,0.27986151182919794,485,0.1494859683245346,0.7218671853292582,737.1368252788103,0.0,3123.331,3840.0995499999985
node,random,26,0.3,0.3000577034045009,520,0.14365101417060294,0.7277021394831897,591.449746615087,0.0,2885.574,3181.387199999997
node,random,26,0.32,0.32025389497980383,555,0.14226173937204778,0.729091414281745,588.5035722656249,0.0,2885.574,3253.9574499999967
node,random,26,0.34,0.3398730525100981,589,0.14170602945262573,0.7296471242011671,580.4931235294118,0.0,2885.574,3282.9855499999867
node,random,26,0.36,0.36006924408540103,624,0.14087246457349265,0.7304806890803001,566.3859270216964,0.0,2885.574,3123.331
node,random,26,0.38,0.380265435660704,659,0.13531536537927202,0.7360377882745207,432.1122792607803,0.0,2043.513,2885.574
node,random,26,0.4,0.3998845931909983,693,0.1333703806612948,0.7379827729924979,430.26024791666674,0.0,2043.513,2885.574
node,random,27,0.0,0.0,0,0.8713531536537927,0.0,1678.3658804209185,1813.3350000000003,2515.206,3245.7529999999997
node,random,27,0.02,0.020196191575302943,35,0.8388441233676021,0.03250903028619068,1772.7443911891355,1926.8760000000002,2890.768000000001,3878.935
node,random,27,0.04,0.03981534910559723,69,0.8018894137260351,0.06946373992775767,1803.8229414414413,1957.5310000000002,2905.283000000001,4006.1764999999996
node,random,27,0.06,0.06001154068090017,104,0.7596554598499583,0.11169769380383443,1854.0845749817117,2003.8200000000002,3114.4790000000003,4026.017
node,random,27,0.08,0.08020773225620312,139,0.6960266740761323,0.17532647957766045,1826.4001429141717,2094.314,3044.1601999999984,3563.884
node,random,27,0.1,0.0998268897864974,173,0.6351764378994165,0.23617671575437627,1792.9455148731408,2075.1000000000004,3013.32,3563.884
node,random,27,0.12,0.12002308136180034,208,0.5526535148652404,0.31869963878855234,2108.0230050276523,2270.2450000000003,3563.884,4657.93
node,random,27,0.14,0.1402192729371033,243,0.5187552097804946,0.3525979438732981,2165.689163363685,2270.2450000000003,3571.139,4657.93
node,random,27,0.16,0.15983843046739757,277,0.46957488191164215,0.4017782717421506,2230.6507491124257,2270.2450000000003,3554.5778000000105,4664.802000000001
node,random,27,0.18,0.18003462204270052,312,0.39622117254793,0.47513198110586274,2477.168715287518,2270.2450000000003,4018.285,5646.713000000001
node,random,27,0.2,0.20023081361800346,347,0.32397888302306194,0.5473742706307307,2486.2727667238423,2180.603,4364.789500000001,5646.713000000001
node,random,27,0.22,0.21984997114829774,381,0.2722978605168102,0.5990552931369826,3117.2951448979593,2842.164,6573.782000000003,6705.852000000001
node,random,27,0.24,0.2400461627236007,416,0.21200333425951653,0.6593498193942762,2794.3066186107467,3529.9110000000005,5838.045,6431.978399999986
node,random,27,0.26,0.26024235429890363,451,0.10391775493192554,0.7674353987218672,1441.8293823529416,139.901,4076.2704999999983,4342.172000000001
node,random,27,0.28,0.27986151182919794,485,0.05696026674076132,0.8143928869130315,160.7141609756098,0.0,59.149599999999865,1866.3411999999698
node,random,27,0.3,0.3000577034045009,520,0.004445679355376493,0.8669074742984162,143.089,86.2615,407.3115,452.83799999999997
node,random,27,0.32,0.32025389497980383,555,0.004445679355376493,0.8669074742984162,143.089,86.2615,407.3115,452.83799999999997
node,random,27,0.34,0.3398730525100981,589,0.003612114476243401,0.8677410391775493,89.82007692307693,0.0,311.3102000000002,356.8446
node,random,27,0.36,0.36006924408540103,624,0.003612114476243401,0.8677410391775493,89.82007692307693,0.0,311.3102000000002,356.8446
node,random,27,0.38,0.380265435660704,659,0.003612114476243401,0.8677410391775493,89.82007692307693,0.0,311.3102000000002,356.8446
node,random,27,0.4,0.3998845931909983,693,0.003612114476243401,0.8677410391775493,89.82007692307693,0.0,311.3102000000002,356.8446
node,random,28,0.0,0.0,0,0.8713531536537927,0.0,1678.3658804209185,1813.3350000000003,2515.206,3245.7529999999997
node,random,28,0.02,0.020196191575302943,35,0.8168935815504307,0.05445957210336205,1899.4507897959186,1985.205,3018.8210000000004,4186.865000000001
node,random,28,0.04,0.03981534910559723,69,0.7418727424284524,0.12948041122534037,1860.0737063670413,1882.158,3139.4917000000005,4186.865000000001
node,random,28,0.06,0.06001154068090017,104,0.6901917199222006,0.1811614337315921,1963.5193957326894,1909.7905,3822.3640000000005,4483.911
node,random,28,0.08,0.08020773225620312,139,0.6062795220894693,0.2650736315643234,1995.4913304307977,1985.0575000000001,4348.353400000001,4823.377000000001
node,random,28,0.1,0.0998268897864974,173,0.5873853848291192,0.28396776882467356,2355.7240033112585,2025.1330000000003,4973.142,5722.059
node,random,28,0.12,0.12002308136180034,208,0.5087524312308974,0.3626007224228953,2135.7524101583836,1935.1309999999999,4671.848,5409.1535
node,random,28,0.14,0.1402192729371033,243,0.38093914976382326,0.4904140038899695,1771.3066250911745,1513.4720000000002,5140.270000000001,5724.332000000002
node,random,28,0.16,0.15983843046739757,277,0.2722978605168102,0.5990552931369826,1086.056012244898,626.817,2326.164,3128.164649999998
node,random,28,0.18,0.18003462204270052,312,0.25923867741039175,0.612114476243401,1872.8500675241157,477.89699999999993,5360.276999999999,6384.828999999998
node,random,28,0.2,0.20023081361800346,347,0.22228396776882467,0.6490691858849681,1884.3095637499998,0.0,5580.420000000001,6589.292999999997
node,random,28,0.22,0.21984997114829774,381,0.13948318977493748,0.7318699638788553,145.60017330677294,0.0,752.8571000000012,1071.4208499999993
node,random,28,0.24,0.2400461627236007,416,0.13753820505696027,0.7338149485968325,111.1314383838384,0.0,608.2594000000024,959.18
node,random,28,0.26,0.26024235429890363,451,0.13753820505696027,0.7338149485968325,111.1314383838384,0.0,608.2594000000024,959.18
node,random,28,0.28,0.27986151182919794,485,0.13753820505696027,0.7338149485968325,134.91678383838388,0.0,720.2060000000002,1137.3660000000004
node,random,28,0.3,0.3000577034045009,520,0.13753820505696027,0.7338149485968325,134.91678383838388,0.0,720.2060000000002,1137.3660000000004
node,random,28,0.32,0.32025389497980383,555,0.12559044178938594,0.7457627118644068,18.08599336283186,0.0,0.0,0.0
node,random,28,0.34,0.3398730525100981,589,0.12559044178938594,0.7457627118644068,18.08599336283186,0.0,0.0,0.0
node,random,28,0.36,0.36006924408540103,624,0.12559044178938594,0.7457627118644068,18.08599336283186,0.0,0.0,0.0
node,random,28,0.38,0.380265435660704,659,0.11419838844123367,0.7571547652125591,1.660941605839416,0.0,0.0,0.0
node,random,28,0.4,0.3998845931909983,693,0.11419838844123367,0.7571547652125591,1.660941605839416,0.0,0.0,0.0
node,random,29,0.0,0.0,0,0.8713531536537927,0.0,1678.3658804209185,1813.3350000000003,2515.206,3245.7529999999997
node,random,29,0.02,0.020196191575302943,35,0.8266185051403168,0.04473464851347597,1819.4823811764704,1993.1190000000001,2890.768000000001,3884.5629999999946
node,random,29,0.04,0.03981534910559723,69,0.7971658794109475,0.07418727424284521,1899.614811432555,2043.513,3093.446,4493.15
node,random,29,0.06,0.06001154068090017,104,0.7524312308974715,0.11892192275632119,2045.5543312407676,2219.3634999999995,3080.0179999999996,3694.6769999999997
node,random,29,0.08,0.08020773225620312,139,0.6993609335926646,0.17199222006112813,2368.324251887167,2618.929,4010.057999999999,4579.76679999999
node,random,29,0.1,0.0998268897864974,173,0.6560155598777438,0.21533759377604889,2819.1821719610334,3529.7240000000006,4409.804999999999,5022.471
node,random,29,0.12,0.12002308136180034,208,0.6346207279799945,0.23673242567379826,2968.404669877408,3620.9139999999998,4787.029,5115.813449999999
node,random,29,0.14,0.1402192729371033,243,0.49624895804390107,0.37510419560989167,2840.878316909295,3362.9339999999993,4888.188,5376.554
node,random,29,0.16,0.15983843046739757,277,0.4459572103362045,0.42539594331758823,2763.9778834890967,3061.6,4888.188,5376.554
node,random,29,0.18,0.18003462204270052,312,0.2945262572936927,0.5768268963601,2288.844083018868,2043.513,4870.882700000001,5218.897699999998
node,random,29,0.2,0.20023081361800346,347,0.18421783828841345,0.6871353153653793,1470.2254524886878,0.0,4586.8392000000085,7229.746
node,random,29,0.22,0.21984997114829774,381,0.1667129758266185,0.7046401778271743,1244.9044049999998,0.0,3591.0096000000003,7229.746
node,random,29,0.24,0.2400461627236007,416,0.14476243400944708,0.7265907196443456,1087.7543608445299,0.0,3557.8820000000005,7229.746
node,random,29,0.26,0.26024235429890363,451,0.12308974715198666,0.7482634065018061,1005.7500993227991,0.0,5118.303,7229.746
node,random,29,0.28,0.27986151182919794,485,0.10836343428730202,0.7629897193664907,239.72961538461539,0.0,359.71530000000297,2043.513
node,random,29,0.3,0.3000577034045009,520,0.10752986940816893,0.7638232842456238,241.47233850129197,0.0,399.1092000000045,2043.513
node,random,29,0.32,0.32025389497980383,555,0.10752986940816893,0.7638232842456238,241.47233850129197,0.0,399.1092000000045,2043.513
node,random,29,0.34,0.3398730525100981,589,0.10614059460961378,0.765212559044179,244.63297120418852,0.0,464.7657000000044,2043.513
node,random,29,0.36,0.36006924408540103,624,0.10502917477076966,0.7663239788830231,241.16303174603172,0.0,249.76350000000085,2043.513
node,random,29,0.38,0.380265435660704,659,0.10502917477076966,0.7663239788830231,241.16303174603172,0.0,249.76350000000085,2043.513
node,random,29,0.4,0.3998845931909983,693,0.10280633509308142,0.7685468185607113,199.2260054054054,0.0,217.29510000000025,2043.513
node,random,30,0.0,0.0,0,0.8713531536537927,0.0,1678.3658804209185,1813.3350000000003,2515.206,3245.7529999999997
node,random,30,0.02,0.020196191575302943,35,0.8316198944151153,0.03973325923867743,1711.8570477781489,1868.7810000000002,2552.9914000000003,3563.884
node,random,30,0.04,0.03981534910559723,69,0.8221728257849402,0.049180327868852514,2096.000380871916,2255.347,3531.5409999999993,3563.884
node,random,30,0.06,0.06001154068090017,104,0.7263128646846346,0.1450402889691581,2237.2243152257074,2255.347,4418.114,4420.734799999998
node,random,30,0.08,0.08020773225620312,139,0.6996387885523757,0.17171436510141702,2468.4955146942016,2551.29,4733.374999999998,5055.87
node,random,30,0.1,0.0998268897864974,173,0.6851903306474021,0.18616282300639064,2653.000633008921,2640.3175,5192.629,5719.61925
node,random,30,0.12,0.12002308136180034,208,0.5732147818838567,0.2981383717699361,2820.1715176926805,2803.694,5298.463399999998,6108.401599999997
node,random,30,0.14,0.1402192729371033,243,0.5076410113920533,0.3637121422617394,2741.765384236453,2612.778,5204.1089999999995,5650.746999999999
node,random,30,0.16,0.15983843046739757,277,0.468463462072798,0.40288969158099475,2949.436501186239,3567.5249999999996,5204.1089999999995,5650.746999999999
node,random,30,0.18,0.18003462204270052,312,0.28035565434843013,0.5909974993053626,2050.515409316155,1602.945,5205.498999999999,5907.822000000001
node,random,30,0.2,0.20023081361800346,347,0.24117810502917478,0.6301750486246179,1950.0281716589861,0.0,5118.303,5907.822000000001
node,random,30,0.22,0.21984997114829774,381,0.17088080022228397,0.7004723534315087,942.5525089430895,0.0,3599.072,5359.890399999998
node,random,30,0.24,0.2400461627236007,416,0.09419283134203946,0.7771603223117532,427.8234690265487,0.0,2162.786,2565.019
node,random,30,0.26,0.26024235429890363,451,0.07696582383995554,0.7943873298138372,36.2987833935018,0.0,0.0,383.2753999999999
node,random,30,0.28,0.27986151182919794,485,0.07696582383995554,0.7943873298138372,36.2987833935018,0.0,0.0,383.2753999999999
node,random,30,0.3,0.3000577034045009,520,0.07613225896082246,0.7952208946929703,30.823233576642338,0.0,0.0,165.53519999999776
node,random,30,0.32,0.32025389497980383,555,0.07557654904140039,0.7957766046123923,29.759632352941175,0.0,0.0,46.69964999999882
node,random,30,0.34,0.3398730525100981,589,0.07557654904140039,0.7957766046123923,29.759632352941175,0.0,0.0,46.69964999999882
node,random,30,0.36,0.36006924408540103,624,0.07557654904140039,0.7957766046123923,29.759632352941175,0.0,0.0,46.69964999999882
node,random,30,0.38,0.380265435660704,659,0.07252014448457905,0.7988330091692137,2.991421455938698,0.0,0.0,0.0
node,random,30,0.4,0.3998845931909983,693,0.07252014448457905,0.7988330091692137,2.991421455938698,0.0,0.0,0.0
node,td,0,0.0,0.0,0,0.8713531536537927,0.0,1678.3658804209185,1813.3350000000003,2515.206,3245.7529999999997
node,td,0,0.02,0.020196191575302943,35,0.7004723534315087,0.17088080022228402,1566.5063070210235,1612.52,2503.847,3125.796
node,td,0,0.04,0.03981534910559723,69,0.5957210336204501,0.2756321200333426,1702.8603936567163,1734.1575,2705.074,3437.6205499999896
node,td,0,0.06,0.06001154068090017,104,0.5757154765212559,0.29563767713253686,1725.6201867760617,1775.263,2792.970600000001,4026.017
node,td,0,0.08,0.08020773225620312,139,0.468185607113087,0.40316754654070575,2648.3267376854606,2578.9089999999997,4741.1309999999985,5341.9580000000005
node,td,0,0.1,0.0998268897864974,173,0.3848291191997777,0.48652403445401504,3709.845439711191,3895.5509999999995,6761.349000000001,7187.7152000000015
node,td,0,0.12,0.12002308136180034,208,0.36815782161711585,0.5031953320366769,3809.673270188679,4153.306999999999,6761.349000000001,7190.471000000002
node,td,0,0.14,0.1402192729371033,243,0.33842734092803556,0.5329258127257572,4083.3318571428567,4226.450999999999,7123.729600000001,7832.302000000001
node,td,0,0.16,0.15983843046739757,277,0.32898027229786053,0.5423728813559322,4098.435973817567,4240.592999999999,7130.199,7832.302000000001
node,td,0,0.18,0.18003462204270052,312,0.27063073075854405,0.6007224228952487,4248.452709445585,4349.253999999999,7233.938200000001,8471.035000000002
node,td,0,0.2,0.20023081361800346,347,0.22061683801055848,0.6507363156432342,5632.57713350126,6580.5525,8709.461000000001,9773.804000000002
node,td,0,0.22,0.21984997114829774,381,0.2189497082522923,0.6524034454015004,5647.185039340103,6588.463500000002,8736.371300000003,9773.804000000002
node,td,0,0.24,0.2400461627236007,416,0.2092247846624062,0.6621283689913865,5579.519164674634,6546.352000000002,8701.608,11709.281000000003
node,td,0,0.26,0.26024235429890363,451,0.024173381494859682,0.847179772158933,36.557057471264365,0.0,17.902000000000257,337.559
node,td,0,0.28,0.27986151182919794,485,0.021672686857460405,0.8496804667963324,0.0,0.0,0.0,0.0
node,td,0,0.3,0.3000577034045009,520,0.0025006946373992774,0.8688524590163934,0.0,0.0,0.0,0.0
node,td,0,0.32,0.32025389497980383,555,0.0025006946373992774,0.8688524590163934,0.0,0.0,0.0,0.0
node,td,0,0.34,0.3398730525100981,589,0.0025006946373992774,0.8688524590163934,0.0,0.0,0.0,0.0
node,td,0,0.36,0.36006924408540103,624,0.0025006946373992774,0.8688524590163934,0.0,0.0,0.0,0.0
node,td,0,0.38,0.380265435660704,659,0.0025006946373992774,0.8688524590163934,0.0,0.0,0.0,0.0
node,td,0,0.4,0.3998845931909983,693,0.0025006946373992774,0.8688524590163934,0.0,0.0,0.0,0.0
