link_id,from_node,to_node,u_osm,v_osm,edge_key,osm_way,name,highway,oneway,length_m,lanes,maxspeed,ref,access,bridge,tunnel,geometry
0,0,836,30747332,1187353031,0,111783432,梳士巴利道 Salisbury Road,primary,True,10.981,2,50,,,,,"LINESTRING (114.172321 22.29478, 114.172428 22.294787)"
1,0,1096,30747332,1649047771,0,102821031,彌敦道 Nathan Road,secondary,True,91.456,2,,,,,,"LINESTRING (114.172321 22.29478, 114.17231 22.294936, 114.172307 22.294981, 114.172304 22.295025, 114.172271 22.295508, 114.172268 22.295547, 114.172264 22.295601)"
2,1,1098,30747334,1649047802,0,100220087,北京道 Peking Road,residential,True,59.013,2,,,,,,"LINESTRING (114.1722 22.296485, 114.172131 22.296478, 114.171629 22.296428)"
3,1,1106,30747334,1649048114,0,757833657,彌敦道 Nathan Road,secondary,True,186.90200000000002,2,,,,,,"LINESTRING (114.1722 22.296485, 114.172191 22.296613, 114.172126 22.297587, 114.172124 22.297614, 114.172122 22.297641, 114.172111 22.297802, 114.172101 22.297945, 114.172097 22.29801, 114.172087 22.298163)"
4,2,737,33004487,1172757801,0,102506130,彌敦道 Nathan Road,primary,True,72.396,3,,,,,,"LINESTRING (114.171095 22.310275, 114.171054 22.310708, 114.171048 22.310748, 114.171046 22.310762, 114.171038 22.310815, 114.171017 22.310922)"
5,2,1012,33004487,1636768902,0,102506142,眾坊街 Public Square Street,tertiary,True,43.11,2,,,,,,"LINESTRING (114.171095 22.310275, 114.171077 22.310274, 114.170958 22.310268, 114.170918 22.310258, 114.170681 22.31022)"
6,3,593,33004488,1151084822,0,250489279,窩打老道 Waterloo Road,primary,True,10.692,2,,,,,,"LINESTRING (114.17072 22.312965, 114.170618 22.312947)"
7,3,815,33004488,1185400607,0,102640426,彌敦道 Nathan Road,primary,True,44.692,3,,,,,,"LINESTRING (114.17072 22.312965, 114.170738 22.312878, 114.170801 22.31257)"
8,4,5,33004530,33004534,0,1097999011;37663945;102821037;85485977;85485980,廣東道 Canton Road;九龍公園徑 Kowloon Park Drive,primary,True,329.945,2,,,,yes,,"LINESTRING (114.16936 22.298832, 114.169229 22.299224, 114.169204 22.299284, 114.169178 22.299335, 114.169139 22.299405, 114.169047 22.299534, 114.168839 22.299782, 114.168518 22.300116, 114.168409 22.300246, 114.168326 22.300355, 114.168275 22.300441, 114.168234 22.30053, 114.168197 22.300623, 114.168159 22.300734, 114.168124 22.300864, 114.168092 22.301018, 114.168053 22.301238, 114.167967 22.301444)"
9,4,471,33004530,988059453,0,245457434;1097999005,九龍公園徑 Kowloon Park Drive,secondary,True,122.614,2,,,,,,"LINESTRING (114.16936 22.298832, 114.169163 22.299201, 114.168989 22.299474, 114.168778 22.299714, 114.168733 22.299764)"
10,5,1305,33004534,4844962258,0,1215181721;1215181723;102821071,廣東道 Canton Road,primary,True,166.873,4;5,,,,,,"LINESTRING (114.167967 22.301444, 114.167925 22.301734, 114.1679 22.301988, 114.167917 22.302251, 114.167954 22.302553, 114.167963 22.30268, 114.167969 22.302828, 114.167967 22.302938)"
11,6,1346,33004677,4862605959,0,778014089,梳士巴利道 Salisbury Road,primary,True,10.48,4,50,,,,,"LINESTRING (114.178427 22.297768, 114.178506 22.297827)"
12,6,213,33004677,384143869,0,37664230,麼地里 Mody Lane,tertiary,True,83.70900000000002,2,,,,,,"LINESTRING (114.178427 22.297768, 114.178364 22.297843, 114.178034 22.29822, 114.178008 22.298249, 114.177905 22.298344)"
13,7,837,33476495,1187353069,0,149524414,柯士甸道 Austin Road,primary,True,16.509,5,,,,,,"LINESTRING (114.167957 22.303023, 114.168117 22.303032)"
14,7,8,33476495,33476497,0,1388990528;1388990529;1388990530;1388990531;102826316,廣東道 Canton Road,primary,True,161.852,4;3,,,,,,"LINESTRING (114.167957 22.303023, 114.167923 22.303218, 114.167813 22.30363, 114.167786 22.30379, 114.167748 22.303923, 114.167721 22.304022, 114.167696 22.304105, 114.167621 22.304364, 114.167599 22.304439)"
15,8,280,33476497,420041599,0,1388990532;1388990533,廣東道 Canton Road,primary,True,42.718,3,,,,,,"LINESTRING (114.167599 22.304439, 114.167582 22.304498, 114.167554 22.304591, 114.167508 22.304699, 114.167449 22.304795)"
16,8,279,33476497,420041549,0,1388990521;1388990534;102821039,匯翔道 Wui Cheung Road,primary_link,True,49.914,1,,,,,,"LINESTRING (114.167599 22.304439, 114.167544 22.304488, 114.167455 22.304556, 114.167431 22.304575, 114.167382 22.304609, 114.16731 22.304625, 114.167223 22.304647, 114.167188 22.304656)"
17,9,807,33476500,1185400508,0,102674713,廣東道 Canton Road,primary,True,15.431999999999999,3,,,,,,"LINESTRING (114.166847 22.305856, 114.166853 22.305927, 114.166869 22.305993)"
18,9,1233,33476500,2754770542,0,1206288157;102674741,佐敦道 Jordan Road,primary,True,110.691,5;3,,,,,,"LINESTRING (114.166847 22.305856, 114.166247 22.305997, 114.166051 22.306043, 114.165804 22.306099)"
19,10,931,33476501,1624950018,0,102674700,渡船街 Ferry Street,primary,True,56.929,3,,,,,,"LINESTRING (114.167062 22.306504, 114.167102 22.306656, 114.167195 22.307001)"
20,11,292,33476508,441549980,0,103020557,漆咸道南 Chatham Road South,secondary,True,31.746,2,50,,,,,"LINESTRING (114.175302 22.295478, 114.175332 22.295194)"
21,11,645,33476508,1158360142,0,1120037593;33613791,梳士巴利道 Salisbury Road,secondary,True,36.074,2,50,,,,,"LINESTRING (114.175302 22.295478, 114.175381 22.295543, 114.175464 22.295602, 114.175529 22.295641, 114.175584 22.295669)"
22,12,647,33476510,1158360153,0,1120037568;1120037588;100220095,,secondary_link,True,56.17,1,50,,,,,"LINESTRING (114.174895 22.29527, 114.174993 22.295359, 114.175065 22.295434, 114.175113 22.295493, 114.175165 22.295566, 114.175228 22.295667)"
23,12,435,33476510,759630064,0,1120037569;441937731,梳士巴利道 Salisbury Road,secondary,True,35.306,2,50,,,,,"LINESTRING (114.174895 22.29527, 114.174989 22.295299, 114.175119 22.295358, 114.175204 22.295406)"
24,13,1095,33476549,1649047767,0,442616752;116287420,漢口道 Hankow Road,residential,True,90.228,2,,,,,,"LINESTRING (114.171336 22.294724, 114.171327 22.2948, 114.171288 22.295347, 114.171261 22.295532)"
25,13,0,33476549,30747332,0,709674358;709674359;246481118;1119856151,梳士巴利道 Salisbury Road,primary,True,101.50800000000001,4;5,50,,,,,"LINESTRING (114.171336 22.294724, 114.171487 22.294736, 114.171642 22.29474, 114.171716 22.294743, 114.171916 22.294758, 114.172036 22.294765, 114.17208 22.294766, 114.172321 22.29478)"
26,14,588,245088222,1141935440,0,493988955;98702159,窩打老道 Waterloo Road,primary,True,44.953,1;2,50,,,,,"LINESTRING (114.178116 22.32696, 114.178248 22.327011, 114.178291 22.32704, 114.178324 22.32708, 114.178348 22.32713, 114.17836 22.327179, 114.17837 22.327246)"
27,14,987,245088222,1636543866,0,493988956,界限街 Boundary Street,primary,True,56.287000000000006,3,,,,,,"LINESTRING (114.178116 22.32696, 114.178473 22.32698, 114.178504 22.326981, 114.178662 22.326988)"
28,14,575,245088222,1140062928,0,604431993;99701939,,trunk_link,True,219.68300000000005,1,50,,,yes,,"LINESTRING (114.178116 22.32696, 114.178178 22.326938, 114.178216 22.32692, 114.178271 22.326893, 114.17832 22.326866, 114.178356 22.32683, 114.178388 22.326804, 114.178401 22.326772, 114.178422 22.326714, 114.178434 22.326638, 114.178394 22.32602, 114.178396 22.32591, 114.178404 22.325796, 114.178417 22.325613, 114.178423 22.32551, 114.178424 22.325389, 114.178419 22.325136)"
29,15,16,274243013,274243016,0,1133373520;909703708;30151798,西九龍走廊 West Kowloon Corridor,trunk,True,455.85900000000004,3,70,5,,viaduct,,"LINESTRING (114.158772 22.327454, 114.160122 22.326441, 114.161483 22.325413, 114.161582 22.325339, 114.16168 22.325268, 114.161783 22.325197, 114.161882 22.325132, 114.16201 22.325057, 114.162132 22.324988, 114.162252 22.324921)"
30,16,1297,274243016,4773779436,0,30150256;909700420;1203105173,西九龍走廊 West Kowloon Corridor;通州街 Tung Chau Street,trunk_link,True,242.023,2,,,,yes,,"LINESTRING (114.162252 22.324921, 114.162409 22.324853, 114.162505 22.324808, 114.162613 22.324746, 114.162717 22.324678, 114.163307 22.324214, 114.164077 22.323632, 114.164118 22.323606)"
31,16,752,274243016,1178971321,0,1133373514;1133373517,西九龍走廊 West Kowloon Corridor,trunk,True,373.125,2,70,5,,viaduct,,"LINESTRING (114.162252 22.324921, 114.16237 22.324842, 114.16302 22.324341, 114.163264 22.324154, 114.164746 22.322945, 114.164939 22.322775, 114.164995 22.322726)"
32,17,1701,274243086,13108528108,0,1448405602;704283238;1431338187;101209073;30150813,加士居道天橋 Gascoigne Road Flyover,trunk_link,True,232.343,2;1,50,,,yes,,"LINESTRING (114.167395 22.311797, 114.167429 22.311496, 114.167449 22.311351, 114.167627 22.310384, 114.167663 22.31017, 114.167672 22.310122, 114.167696 22.310014, 114.167719 22.30993, 114.167747 22.309822, 114.167769 22.309738)"
33,17,1632,274243086,9803283486,0,1431338186;1067815827,渡船街 Ferry Street,primary,True,210.68000000000004,2,,,,,,"LINESTRING (114.167395 22.311797, 114.167506 22.311514, 114.167541 22.311377, 114.167578 22.311198, 114.167606 22.311024, 114.167641 22.310798, 114.167686 22.310555, 114.167717 22.310453, 114.167766 22.310352, 114.167803 22.310253, 114.167835 22.310125, 114.167846 22.310038, 114.167844 22.309959)"
34,18,941,274243087,1624950134,0,706422880,渡船街 Ferry Street,primary,True,55.598,2,,,,,,"LINESTRING (114.167866 22.309692, 114.167873 22.309629, 114.167892 22.309312, 114.167896 22.309228, 114.167892 22.309193)"
35,19,1243,275816026,2868162247,0,282868471,通州街 Tung Chau Street,secondary,True,15.864,2,,,,,,"LINESTRING (114.154246 22.331017, 114.154366 22.330927)"
36,19,68,275816026,289329905,0,103434397;1208439854,東京街 Tonkin Street,secondary,True,201.702,2;3,,,,,,"LINESTRING (114.154246 22.331017, 114.154336 22.331108, 114.154362 22.331138, 114.154381 22.331158, 114.155022 22.331861, 114.155341 22.332212, 114.155368 22.332242, 114.155497 22.332412)"
37,20,556,275909450,991295018,0,85988268,桂林街 Kweilin Street,residential,True,61.556,2,,,,,,"LINESTRING (114.158784 22.327598, 114.158953 22.327784, 114.159135 22.327986, 114.159168 22.328023)"
38,20,110,275909450,331258075,0,327096752;493754502,通州街 Tung Chau Street,tertiary,True,229.17999999999998,2;3,,,,,,"LINESTRING (114.158784 22.327598, 114.158906 22.327507, 114.159251 22.327239, 114.159528 22.327023, 114.159578 22.326984, 114.15963 22.326944, 114.160386 22.326362, 114.16041 22.326343, 114.160494 22.326277)"
39,21,682,275922253,1166348485,0,100970023,石硤尾街 Shek Kip Mei Street,secondary,True,48.58,3,50,,,,,"LINESTRING (114.166454 22.331182, 114.166156 22.330842)"
40,22,260,275924540,419495764,0,35894240,花圃街 Fa Po Street,residential,True,241.65300000000002,,,,,,,"LINESTRING (114.174921 22.32995, 114.175173 22.329885, 114.175235 22.32987, 114.175295 22.329862, 114.175342 22.329863, 114.175398 22.329878, 114.175431 22.329904, 114.175474 22.329944, 114.175501 22.329987, 114.17552 22.330034, 114.175956 22.331351, 114.175968 22.331425, 114.17597 22.331474, 114.175971 22.331495)"
41,22,253,275924540,419495751,0,78515476,達之路 Tat Chee Avenue,secondary,False,41.762,2,,,,,,"LINESTRING (114.174921 22.32995, 114.174831 22.32974, 114.174772 22.329601)"
42,22,261,275924540,419495772,0,78515476;405700373,達之路 Tat Chee Avenue,secondary,False,189.03,2,,,,,,"LINESTRING (114.174921 22.32995, 114.175026 22.330228, 114.175116 22.330505, 114.175211 22.330905, 114.175277 22.331288, 114.175302 22.331431, 114.175328 22.331604)"
43,23,258,275935761,419495756,0,35894238,丹桂路 Osmanthus Road,residential,True,45.605000000000004,,,,,,,"LINESTRING (114.174427 22.328976, 114.174234 22.329049, 114.174012 22.32912)"
44,23,1480,275935761,6374552943,0,485774648;429077094,達之路 Tat Chee Avenue,secondary,False,315.06500000000005,2;3,,,,,,"LINESTRING (114.174427 22.328976, 114.174106 22.328542, 114.173824 22.328221, 114.173162 22.327504, 114.173071 22.32744, 114.172989 22.327398, 114.172887 22.327364, 114.172787 22.327338, 114.172734 22.327334, 114.172368 22.327325, 114.172293 22.327325, 114.17218 22.327325)"
45,23,253,275935761,419495751,0,429077094,達之路 Tat Chee Avenue,secondary,False,78.036,2,,,,,,"LINESTRING (114.174427 22.328976, 114.174455 22.329027, 114.174522 22.329148, 114.174709 22.329486, 114.174772 22.329601)"
46,24,1427,275935771,5275215754,0,680766729;996080257,大坑東道 Tai Hang Tung Road,secondary,True,28.494999999999997,2,,,,,,"LINESTRING (114.172056 22.327351, 114.172061 22.32744, 114.172062 22.327465, 114.172133 22.327591)"
47,25,208,275943901,339054217,0,1203105151,黃竹街 Wong Chuk Street,tertiary,True,58.95,4,,,,,,"LINESTRING (114.164835 22.328001, 114.165105 22.328303, 114.16513 22.328331, 114.165217 22.328394)"
48,26,1509,275945418,6705233284,0,102640443,登打士街 Dundas Street,tertiary,True,112.025,2,,,,,,"LINESTRING (114.171868 22.315649, 114.171821 22.315642, 114.171336 22.315553, 114.171266 22.31554, 114.171046 22.315501, 114.170952 22.31549, 114.170839 22.315472, 114.170798 22.315464)"
49,26,994,275945418,1636641338,0,102640450,登打士街 Dundas Street,tertiary,False,87.63300000000001,2,,,,,,"LINESTRING (114.171868 22.315649, 114.172049 22.315682, 114.172704 22.3158)"
50,27,564,275945538,1107287994,0,494512917,山東街 Shantung Street,tertiary,True,60.989,3,,,,,,"LINESTRING (114.172024 22.317915, 114.172118 22.317932, 114.172605 22.318024)"
51,27,973,275945538,1636543637,0,101183513;918730084,洗衣街 Sai Yee Street,tertiary,True,94.81,2,,,,,,"LINESTRING (114.172024 22.317915, 114.17201 22.31798, 114.171901 22.31848, 114.171869 22.318616, 114.17185 22.318692, 114.171835 22.31875)"
52,28,99,275945763,308473546,0,101183494,弼街 Bute Street,tertiary,True,56.098,1,30,,,,,"LINESTRING (114.171055 22.322402, 114.170948 22.322383, 114.170898 22.322374, 114.170626 22.322325, 114.17059 22.322326, 114.170518 22.322328)"
53,28,668,275945763,1161864166,0,102153179;1153483630,洗衣街 Sai Yee Street,secondary,True,218.939,2;3,,,,,,"LINESTRING (114.171055 22.322402, 114.170827 22.323534, 114.170776 22.323785, 114.170773 22.323802, 114.170698 22.324175, 114.170692 22.324202, 114.170665 22.324338)"
54,29,489,275948630,988059720,0,449337023,上鄉道 Sheung Heung Road,tertiary,True,9.379,2,,,,,,"LINESTRING (114.190886 22.317692, 114.190956 22.317639)"
55,29,1135,275948630,1651827808,0,220349528;449337025;105728141,土瓜灣道 To Kwa Wan Road,secondary,True,233.43399999999997,3,,,,,,"LINESTRING (114.190886 22.317692, 114.190928 22.317735, 114.190947 22.317756, 114.191087 22.317907, 114.191171 22.317994, 114.191675 22.318542, 114.191902 22.318766, 114.191929 22.318792, 114.191968 22.318832, 114.19201 22.318873, 114.192089 22.31896, 114.192279 22.319171, 114.1923 22.319193, 114.192375 22.319276)"
56,30,491,275949265,988059733,0,85201108,馬頭角道 Ma Tau Kok Road,tertiary,False,11.595,2,,,,,,"LINESTRING (114.187827 22.322802, 114.187929 22.322758)"
57,30,1170,275949265,1651827916,0,106034136,馬頭涌道 Ma Tau Chung Road,primary,True,222.64999999999998,3,,,,,,"LINESTRING (114.187827 22.322802, 114.188042 22.323228, 114.188077 22.323299, 114.188116 22.323375, 114.188146 22.323436, 114.188323 22.323786, 114.18847 22.324076, 114.188625 22.324383, 114.188644 22.324424, 114.18868 22.324504, 114.188708 22.324574, 114.188728 22.324622)"
58,31,1404,276169638,5120436693,0,1120037539;1120037540;888170979;1120037550;1120037556;33613814;85460155,紅磡繞道 Hung Hom Bypass;梳士巴利道 Salisbury Road,primary,True,357.458,2;3,50;70,,,yes,,"LINESTRING (114.182092 22.299399, 114.182004 22.299379, 114.181889 22.299359, 114.181773 22.29934, 114.181655 22.299326, 114.181549 22.299318, 114.181311 22.299296, 114.181197 22.299286, 114.181083 22.299274, 114.180975 22.299261, 114.180897 22.299252, 114.180816 22.29924, 114.180739 22.299226, 114.180667 22.299208, 114.180605 22.299189, 114.180536 22.299166, 114.18048 22.299144, 114.180422 22.299118, 114.180363 22.299092, 114.180287 22.299056, 114.180229 22.299026, 114.180175 22.298994, 114.180119 22.298959, 114.180056 22.298917, 114.179997 22.298874, 114.179884 22.298786, 114.179764 22.298691, 114.179597 22.298549, 114.179524 22.298482, 114.179214 22.298197, 114.179067 22.298078)"
59,32,997,276169900,1636641357,0,45729481,牧愛街 Good Shepherd Street,residential,True,279.512,2,,,,,,"LINESTRING (114.181048 22.314431, 114.181001 22.314514, 114.180898 22.314951, 114.180889 22.314991, 114.180849 22.315068, 114.180762 22.315401, 114.180701 22.315638, 114.18063 22.315747, 114.180611 22.315772, 114.180589 22.315802, 114.180534 22.315851, 114.180485 22.315886, 114.180282 22.315979, 114.179653 22.316217, 114.179553 22.316256)"
60,32,992,276169900,1636641328,0,150787093,忠孝街 Chung Hau Street,tertiary,False,53.861999999999995,4,50,,,,,"LINESTRING (114.181048 22.314431, 114.181403 22.314501, 114.181562 22.314525)"
61,32,362,276169900,582482277,0,353795896,忠孝街 Chung Hau Street,tertiary,False,121.11099999999999,3,50,,,,,"LINESTRING (114.181048 22.314431, 114.180891 22.314429, 114.180745 22.314472, 114.180642 22.314515, 114.18055 22.314585, 114.180262 22.314928, 114.180156 22.315045)"
62,33,718,276169958,1169220172,0,493988957,界限街 Boundary Street,primary,True,89.176,4,,,,,,"LINESTRING (114.178846 22.326996, 114.178963 22.326998, 114.179348 22.327004, 114.179712 22.32702)"
63,34,810,276372740,1185400526,0,102640418,甘肅街 Kansu Street,residential,True,79.133,1,,,,,,"LINESTRING (114.170144 22.308866, 114.170179 22.308801, 114.170206 22.308748, 114.170229 22.308725, 114.170266 22.308709, 114.170295 22.308699, 114.170327 22.30869, 114.17058 22.308635, 114.170625 22.30864, 114.170674 22.308651, 114.170713 22.308672, 114.170738 22.308693, 114.170779 22.308724)"
64,34,937,276372740,1624950124,0,1473607977,上海街 Shanghai Street,secondary,True,21.719,3,,,,,,"LINESTRING (114.170144 22.308866, 114.170121 22.308775, 114.170111 22.308738, 114.170093 22.308677)"
65,35,608,276372857,1151084911,0,987256889,新填地街 Reclamation Street,secondary,True,10.724,3,,,,,,"LINESTRING (114.168985 22.312658, 114.168966 22.312753)"
66,35,713,276372857,1168380653,0,706422883;102454131;706423404;1299955102,窩打老道 Waterloo Road,primary,True,155.185,2;4,,,,,,"LINESTRING (114.168985 22.312658, 114.168484 22.31257, 114.168444 22.312562, 114.168246 22.31253, 114.168132 22.312513, 114.168069 22.31248, 114.167884 22.312445, 114.167627 22.312406, 114.16751 22.312385)"
67,36,83,276373355,308473180,0,102640412,窩打老道 Waterloo Road,primary,True,68.67099999999999,3,,,,,,"LINESTRING (114.170105 22.312853, 114.169627 22.312766, 114.169558 22.312754, 114.16945 22.312736)"
68,37,27,276377951,275945538,0,868666683,洗衣街 Sai Yee Street,tertiary,True,87.098,2,,,,,,"LINESTRING (114.172192 22.317148, 114.172034 22.317869, 114.172024 22.317915)"
69,38,1130,276378619,1651827750,0,435421058;85201044,浙江街 Chi Kiang Street;靠背壟道 Kau Pui Lung Road,tertiary,False,147.89600000000002,2,,,,,,"LINESTRING (114.18698 22.315485, 114.186422 22.315489, 114.186422 22.315535, 114.186424 22.315752, 114.186421 22.316303)"
70,39,1266,278947783,3336091210,0,327096747,昌新里 Cheong San Lane,residential,False,11.641,2,,,,,,"LINESTRING (114.157209 22.327616, 114.157298 22.32755)"
71,39,64,278947783,288998755,0,1071876555;103411733,欽州街 Yen Chow Street,secondary,True,102.83100000000002,3,,,,,,"LINESTRING (114.157209 22.327616, 114.15754 22.327991, 114.157551 22.328004, 114.157774 22.328244, 114.157808 22.328281, 114.157845 22.328329)"
72,40,711,278948068,1168316016,0,101205482,渡船街 Ferry Street,primary,True,10.143,2,,,,,,"LINESTRING (114.167 22.312244, 114.167003 22.312336)"
73,40,714,278948068,1168380668,0,101515894,翺翔道 Ngo Cheung Road,primary,True,38.968,2,,,,,,"LINESTRING (114.167 22.312244, 114.166843 22.312218, 114.166628 22.31218)"
74,41,1025,278949226,1640472713,0,1160865424,佐敦道 Jordan Road,secondary,True,10.594000000000001,2,,,,,,"LINESTRING (114.161645 22.307521, 114.161687 22.307501, 114.161733 22.307471)"
75,42,46,278949231,278951219,0,1387278563;1387278571;235775057;282735505;41412376,佐敦道 Jordan Road,primary,True,118.75800000000001,2;4,,,,yes,,"LINESTRING (114.162846 22.306811, 114.16273 22.306873, 114.16267 22.306904, 114.162274 22.307023, 114.16218 22.307058, 114.162103 22.307085, 114.161772 22.307193)"
76,42,399,278949231,660415615,0,1387278562;274285268,佐敦道 Jordan Road,tertiary,True,127.68199999999999,2,,,,,,"LINESTRING (114.162846 22.306811, 114.162721 22.306813, 114.16264 22.306814, 114.162558 22.306833, 114.162474 22.306856, 114.16185 22.307032, 114.16177 22.30705, 114.16175 22.307054, 114.161645 22.307076)"
77,43,1594,278950460,8059647323,0,864198729;864198730;274313508,雅翔道 Nga Cheung Road,tertiary,True,240.789,2,,,,,,"LINESTRING (114.159415 22.303251, 114.159504 22.303326, 114.159555 22.303375, 114.159593 22.303428, 114.159817 22.303934, 114.159834 22.303973, 114.15987 22.304054, 114.159898 22.304117, 114.16033 22.305105, 114.160377 22.305209)"
78,43,910,278950460,1329833940,0,1160866948,柯士甸道西 Austin Road West,tertiary,True,25.21,2,,,,,,"LINESTRING (114.159415 22.303251, 114.159462 22.303248, 114.159534 22.303226, 114.159586 22.303193, 114.159626 22.303153)"
79,44,1418,278950461,5137162815,0,528677143;857588229;1395984607,柯士甸道西 Austin Road West,secondary_link;tertiary,True,188.299,2;1,,,,,,"LINESTRING (114.159673 22.303006, 114.159748 22.302935, 114.159878 22.302857, 114.160052 22.302792, 114.160187 22.302752, 114.160346 22.302721, 114.160529 22.302706, 114.160763 22.30271, 114.161005 22.302719, 114.161098 22.302721, 114.161241 22.302724, 114.161357 22.302652, 114.161391 22.302632)"
80,44,1362,278950461,5009737115,0,1160866947,柯士甸道西 Austin Road West,tertiary,True,34.315999999999995,2,,,,,,"LINESTRING (114.159673 22.303006, 114.159666 22.302963, 114.159651 22.302922, 114.159628 22.302884, 114.159598 22.30285, 114.15956 22.302822, 114.159535 22.302808, 114.159507 22.302797, 114.159472 22.302788)"
81,45,1126,278951217,1649066298,0,524508454;152075751,佐敦道 Jordan Road,primary,True,56.922999999999995,3,,,,yes,,"LINESTRING (114.160684 22.307683, 114.16081 22.307641, 114.161134 22.307532, 114.161204 22.307508)"
82,45,1026,278951217,1640472718,0,947012304;947010929;151226302;151226303,海寶路 Hoi Po Road,primary,True,175.245,2,80,,,yes,,"LINESTRING (114.160684 22.307683, 114.160698 22.30773, 114.160703 22.307748, 114.160709 22.307766, 114.160746 22.307867, 114.160814 22.308109, 114.16085 22.308332, 114.160861 22.308538, 114.160862 22.308683, 114.160851 22.308961, 114.160843 22.309042, 114.160828 22.309116, 114.160817 22.309176, 114.160807 22.309236)"
83,46,1023,278951219,1640472705,0,1387278568;512350016,雅翔道 Nga Cheung Road,primary_link,True,36.527,1,,,,viaduct,,"LINESTRING (114.161772 22.307193, 114.16161 22.307172, 114.161555 22.307167, 114.161477 22.307143, 114.161428 22.307121)"
84,46,1261,278951219,3334802082,0,1387278569;282735507,佐敦道 Jordan Road,primary,True,45.188,2,,,,yes,,"LINESTRING (114.161772 22.307193, 114.161632 22.307251, 114.161561 22.30728, 114.161364 22.307343)"
85,47,911,278951444,1329857318,0,1225003569;1225003564;1495068087,雅翔道 Nga Cheung Road,secondary,True,252.70500000000004,2,,,,viaduct,,"LINESTRING (114.16042 22.305184, 114.160094 22.304333, 114.159963 22.304027, 114.159917 22.303926, 114.159902 22.303896, 114.159574 22.303148, 114.159538 22.303064)"
86,48,1363,278951704,5009737119,0,512350012,柯士甸道西 Austin Road West,secondary,True,36.623,2,,,,yes,,"LINESTRING (114.15945 22.302881, 114.159413 22.302886, 114.159379 22.302901, 114.159352 22.302926, 114.159334 22.302957, 114.159328 22.302991, 114.159332 22.303019, 114.159342 22.303044, 114.159359 22.303066, 114.15939 22.303089, 114.159427 22.303101)"
87,50,170,288176867,334647880,0,30343291;681882521;1195057123;1195057119,西區海底隧道 Western Harbour Crossing,trunk,True,1755.64,4;3,50;80,3,,,yes,"LINESTRING (114.146133 22.289899, 114.146368 22.290139, 114.155473 22.299956, 114.15586 22.300373, 114.156615 22.301223, 114.156894 22.301543, 114.157154 22.301861, 114.157203 22.301913)"
88,51,792,288991742,1182677912,0,254563727,海泓道 Hoi Wang Road,tertiary,True,11.776,4,,,,,,"LINESTRING (114.162787 22.318139, 114.162695 22.318202)"
89,51,116,288991742,332228049,0,30148520;1200967497,櫻桃街 Cherry Street,primary,True,77.20700000000001,4,,,,,,"LINESTRING (114.162787 22.318139, 114.162356 22.318045, 114.162065 22.317953)"
90,52,1716,288991776,13395157689,0,101515876;492424455;314015119;1460505974;101515903,海泓道 Hoi Wang Road,tertiary,True,263.613,2;1;3,,,,,,"LINESTRING (114.163423 22.318082, 114.16348 22.31781, 114.163537 22.317562, 114.163613 22.317316, 114.163622 22.317278, 114.163656 22.317171, 114.163673 22.317109, 114.163709 22.316966, 114.163816 22.316428, 114.163836 22.316334, 114.163846 22.316284, 114.163859 22.316195, 114.163881 22.316041, 114.163917 22.315848, 114.163926 22.315807, 114.163918 22.315761)"
91,53,688,288991796,1168066109,0,151226332,塘尾道 Tong Mi Road,primary,True,11.668,3,,,,,,"LINESTRING (114.166061 22.318712, 114.166039 22.318815)"
92,53,1629,288991796,9553739297,0,970635262,櫻桃街 Cherry Street,primary,True,53.143,3,,,,,,"LINESTRING (114.166061 22.318712, 114.165544 22.318695)"
93,54,1468,288991961,6309604751,0,26379462;970658217;970658218;1112864108;1112864109,櫻桃街 Cherry Street,secondary,True,252.64200000000002,2,,,,,,"LINESTRING (114.163054 22.318805, 114.163212 22.318736, 114.163296 22.31872, 114.163362 22.318711, 114.163496 22.318711, 114.163789 22.31874, 114.164353 22.31876, 114.16448 22.318764, 114.16512 22.318786, 114.165251 22.31879, 114.165351 22.318793, 114.165394 22.318794, 114.165488 22.318794)"
94,54,121,288991961,332231811,0,30149010,海泓道 Hoi Wang Road,primary,True,25.494999999999997,3,,,,,,"LINESTRING (114.163054 22.318805, 114.163102 22.318769, 114.163143 22.318722, 114.163179 22.318671, 114.163206 22.318627)"
95,55,1030,288994875,1640472834,0,151226318,博文街 Pok Man Street,secondary,True,8.437,,,,,,,"LINESTRING (114.159875 22.319471, 114.159957 22.319473)"
96,55,925,288994875,1562575420,0,735252217;151226326;524446006,深旺道 Sham Mong Road,secondary,True,121.33500000000001,2,,,,,,"LINESTRING (114.159875 22.319471, 114.159847 22.319525, 114.159838 22.31954, 114.159806 22.319601, 114.159784 22.31966, 114.159754 22.319787, 114.159735 22.31992, 114.159727 22.320035, 114.159726 22.320201, 114.159728 22.32054)"
97,56,1253,288994882,3200153661,0,167070610,深旺道 Sham Mong Road,secondary,True,10.243,2,,,,,,"LINESTRING (114.159363 22.323268, 114.159302 22.32334)"
98,56,1255,288994882,3200246561,0,26379723,海輝道 Hoi Fai Road,secondary,True,42.754999999999995,2,,,,,,"LINESTRING (114.159363 22.323268, 114.159312 22.323227, 114.159282 22.3232, 114.159254 22.323168, 114.15918 22.32306, 114.15912 22.32296)"
99,57,1595,288995089,8184472141,0,879823976,海輝道 Hoi Fai Road,secondary,True,3.652,2,,,,,,"LINESTRING (114.157694 22.321158, 114.157677 22.321164, 114.157661 22.321171)"
100,58,1586,288995220,7859225532,0,879823977,海輝道 Hoi Fai Road,secondary,True,2.856,3,,,,,,"LINESTRING (114.157457 22.321498, 114.157459 22.321511, 114.157462 22.321523)"
101,59,717,288995381,1168421045,0,1037081178;26379740;1037081173,海輝道 Hoi Fai Road,tertiary,True,323.482,2,,,,,,"LINESTRING (114.156657 22.317492, 114.156689 22.317585, 114.156702 22.31765, 114.156706 22.317746, 114.156719 22.318186, 114.156726 22.318523, 114.156711 22.318781, 114.156678 22.318967, 114.156651 22.319072, 114.156633 22.319145, 114.156597 22.319267, 114.156568 22.319364, 114.156524 22.319556, 114.156505 22.319708, 114.156505 22.319857, 114.156509 22.31994, 114.156518 22.320014, 114.15653 22.320073, 114.156539 22.320118, 114.156555 22.320197, 114.156578 22.320285, 114.15661 22.320363)"
102,59,909,288995381,1295869670,0,263838895,,secondary,True,20.163,2,,,,,,"LINESTRING (114.156657 22.317492, 114.156699 22.317515, 114.156746 22.317529, 114.156795 22.317533, 114.156843 22.317526)"
103,60,60,288996506,288996506,0,28069953;282868452;1063803069;1063803070,海帆道 Hoi Fan Road,residential,True,97.468,1,,,,,,"LINESTRING (114.155266 22.323434, 114.155499 22.323653, 114.155514 22.323664, 114.155532 22.323671, 114.155552 22.323674, 114.155572 22.323672, 114.155591 22.323665, 114.155608 22.323655, 114.155618 22.323644, 114.155626 22.323632, 114.155631 22.323618, 114.155634 22.323604, 114.155633 22.32359, 114.155629 22.323576, 114.155623 22.323563, 114.155614 22.323551, 114.155603 22.323542, 114.15559 22.323534, 114.155576 22.323529, 114.155561 22.323527, 114.155495 22.323513, 114.155432 22.323496, 114.155376 22.323475, 114.155338 22.323461, 114.155266 22.323434)"
104,60,717,288996506,1168421045,0,1037081185;282868453,海帆道 Hoi Fan Road,residential,False,424.6409999999999,2,,,,,,"LINESTRING (114.155266 22.323434, 114.155048 22.323212, 114.154932 22.323058, 114.154865 22.322948, 114.154846 22.322841, 114.154829 22.322704, 114.154832 22.322544, 114.15485 22.322467, 114.154887 22.322372, 114.155251 22.321764, 114.155321 22.321658, 114.155402 22.321534, 114.155502 22.321386, 114.15556 22.321295, 114.155653 22.321153, 114.155758 22.320991, 114.155792 22.320951, 114.155922 22.320799, 114.156044 22.320696, 114.156106 22.320651, 114.156218 22.320576, 114.156334 22.3205, 114.156444 22.320442, 114.156515 22.320408, 114.156572 22.32038, 114.15661 22.320363)"
105,61,1262,288996662,3336091196,0,326905938,欽州街西 Yen Chow Street West,secondary,True,12.071,1,,,,,,"LINESTRING (114.155985 22.326095, 114.155914 22.326009)"
106,61,1258,288996662,3261524561,0,151226323,深旺道 Sham Mong Road,tertiary,True,270.89399999999995,2,,,,,,"LINESTRING (114.155985 22.326095, 114.156145 22.325975, 114.156174 22.325957, 114.15628 22.325879, 114.157917 22.32466, 114.157951 22.324635, 114.158038 22.32457)"
107,62,1265,288997665,3336091205,0,26379956,西邨路 Sai Chuen Road,residential,False,12.977,,,,,,,"LINESTRING (114.156583 22.326946, 114.156686 22.326879)"
108,62,1063,288997665,1641766435,0,1229233633;326905931,西邨路 Sai Chuen Road,residential,False,424.52599999999995,,,,,,,"LINESTRING (114.156583 22.326946, 114.156464 22.327024, 114.156447 22.327035, 114.15623 22.327175, 114.156177 22.327211, 114.15613 22.327252, 114.156088 22.327298, 114.156053 22.327349, 114.156044 22.327368, 114.156026 22.327404, 114.156006 22.327462, 114.155995 22.327521, 114.155992 22.327581, 114.155997 22.327641, 114.156006 22.327683, 114.156022 22.327735, 114.156045 22.327785, 114.156074 22.327832, 114.156114 22.327884, 114.156143 22.327936, 114.156166 22.32799, 114.15618 22.328047, 114.156187 22.328105, 114.156186 22.328163, 114.156178 22.328221, 114.156161 22.328277, 114.156156 22.32829, 114.156137 22.328331, 114.156106 22.328382, 114.156069 22.328428, 114.156026 22.32847, 114.155982 22.328504, 114.155886 22.328579, 114.155741 22.328692, 114.15566 22.328754, 114.155402 22.328955, 114.155102 22.329188, 114.154573 22.329599, 114.154475 22.329675, 114.154397 22.329735)"
109,62,39,288997665,278947783,0,326905940,欽州街 Yen Chow Street,secondary,True,98.457,3,,,,,,"LINESTRING (114.156583 22.326946, 114.15685 22.327229, 114.157041 22.327437, 114.157076 22.327474, 114.157209 22.327616)"
110,63,64,288998754,288998755,0,151705955,通州街 Tung Chau Street,tertiary,True,119.31700000000001,2,,,,,,"LINESTRING (114.156959 22.329021, 114.157184 22.32885, 114.157731 22.32842, 114.157763 22.328394, 114.157845 22.328329)"
111,64,1267,288998755,3336091212,0,1071876560,通州街 Tung Chau Street,tertiary,True,11.56,2,,,,,,"LINESTRING (114.157845 22.328329, 114.157932 22.328264)"
112,64,550,288998755,991294879,0,327096762,欽州街 Yen Chow Street,secondary,True,61.807,3,,,,,,"LINESTRING (114.157845 22.328329, 114.157914 22.32841, 114.157938 22.328438, 114.158121 22.328651, 114.15815 22.328684, 114.158222 22.328762)"
113,65,320,289293757,506479761,0,1178115521;151705916,東京街西 Tonkin Street West,secondary,True,94.337,3,,,,,,"LINESTRING (114.15359 22.330233, 114.15376 22.33045, 114.15378 22.330476, 114.153985 22.330736, 114.154015 22.330777, 114.154048 22.330816, 114.15414 22.330911)"
114,66,19,289294087,275816026,0,104292063,通州街 Tung Chau Street,tertiary,True,259.44599999999997,2,,,,,,"LINESTRING (114.152307 22.332509, 114.152492 22.33237, 114.15366 22.331471, 114.154069 22.331158, 114.154106 22.331129, 114.154246 22.331017)"
115,68,69,289329905,289329943,0,103434394,荔枝角道 Lai Chi Kok Road,primary,True,95.841,3,,,,,,"LINESTRING (114.155497 22.332412, 114.154776 22.332958)"
116,68,1093,289329905,1645492687,0,103434385;492440914,東京街 Tonkin Street;荔枝角道 Lai Chi Kok Road,primary;secondary,True,25.444000000000003,3,,,,,,"LINESTRING (114.155497 22.332412, 114.155562 22.332498, 114.155661 22.332415)"
117,70,71,289337013,289337297,0,26409009;947230509;282868461,連翔道 Lin Cheung Road,trunk,True,277.575,3,80,,,,,"LINESTRING (114.153715 22.32649, 114.153954 22.326291, 114.154269 22.326034, 114.154656 22.325686, 114.155012 22.325375, 114.155285 22.325111, 114.155657 22.324758)"
118,71,72,289337297,289337299,0,947217641;947230508,連翔道 Lin Cheung Road,trunk,True,171.919,4,80,,,,,"LINESTRING (114.155657 22.324758, 114.15606 22.3243, 114.156706 22.323555)"
119,72,188,289337299,334650908,0,947230512;282868465;947213772,連翔道 Lin Cheung Road,trunk,True,430.408,2;3,70,,,,,"LINESTRING (114.156706 22.323555, 114.156743 22.323503, 114.156855 22.323344, 114.156908 22.323271, 114.157388 22.322692, 114.157982 22.321954, 114.158315 22.321506, 114.158559 22.321183, 114.158935 22.320651, 114.159149 22.320415)"
120,72,1198,289337299,1784785777,0,947230511;947230513;947230514;282458867;26409046,連翔道 Lin Cheung Road,trunk_link,True,230.91400000000002,2,50,,,,,"LINESTRING (114.156706 22.323555, 114.156752 22.323515, 114.156902 22.323383, 114.156972 22.323322, 114.157273 22.323001, 114.157436 22.322813, 114.157653 22.322552, 114.158022 22.322107, 114.158068 22.322063, 114.15817 22.321986)"
121,73,188,289337490,334650908,0,282458868;947213773;30343614,連翔道 Lin Cheung Road,trunk_link,True,151.87699999999998,2;3,70,,,,,"LINESTRING (114.158493 22.321628, 114.158551 22.321445, 114.15857 22.32138, 114.158588 22.321338, 114.158612 22.32129, 114.158647 22.321229, 114.158736 22.321098, 114.159026 22.320684, 114.159149 22.320415)"
122,73,57,289337490,288995089,0,842448385;842448388;250783717,海輝道 Hoi Fai Road,secondary,True,105.553,2,,,,yes,,"LINESTRING (114.158493 22.321628, 114.15845 22.321538, 114.15842 22.321493, 114.158376 22.321432, 114.158326 22.321377, 114.158268 22.321324, 114.158223 22.321285, 114.158172 22.32125, 114.158115 22.321219, 114.158053 22.321196, 114.157972 22.321175, 114.157879 22.321157, 114.157856 22.321154, 114.15781 22.32115, 114.157759 22.321149, 114.157694 22.321158)"
123,75,164,308473171,332253310,0,102441826,廣東道 Canton Road,residential,True,136.28,,,,,,,"LINESTRING (114.168017 22.314974, 114.168008 22.315046, 114.16779 22.316081, 114.167784 22.316109, 114.16777 22.316178)"
124,75,76,308473171,308473172,0,963166386,登打士街 Dundas Street,tertiary,True,50.891999999999996,2,,,,,,"LINESTRING (114.168017 22.314974, 114.168086 22.314988, 114.168445 22.315055, 114.168501 22.315067)"
125,76,85,308473172,308473182,0,102443799,新填地街 Reclamation Street,secondary,True,241.604,3,,,,,,"LINESTRING (114.168501 22.315067, 114.168494 22.315107, 114.168254 22.316218, 114.168247 22.316265, 114.168234 22.316312, 114.16807 22.317124, 114.168055 22.3172)"
126,76,77,308473172,308473173,0,963166386,登打士街 Dundas Street,tertiary,True,47.522000000000006,2,,,,,,"LINESTRING (114.168501 22.315067, 114.16855 22.315074, 114.168841 22.315125, 114.168956 22.315141)"
127,77,598,308473173,1151084845,0,263839971,上海街 Shanghai Street,secondary,True,91.315,3,,,,,,"LINESTRING (114.168956 22.315141, 114.168977 22.315044, 114.16912 22.314334)"
128,77,78,308473173,308473175,0,963166386,登打士街 Dundas Street,tertiary,True,61.795,2,,,,,,"LINESTRING (114.168956 22.315141, 114.169066 22.315163, 114.169383 22.315221, 114.169462 22.315236, 114.169545 22.315251)"
129,78,549,308473175,991294876,0,150792162,砵蘭街 Portland Street,residential,True,78.26,1,,,,,,"LINESTRING (114.169545 22.315251, 114.169526 22.315349, 114.169394 22.315941)"
130,78,611,308473175,1151084934,0,311890776,登打士街 Dundas Street,tertiary,True,60.98,1,,,,,,"LINESTRING (114.169545 22.315251, 114.169668 22.315278, 114.169971 22.315334, 114.170028 22.315343, 114.170125 22.315362)"
131,79,80,308473176,308473177,0,150801671,碧街 Pitt Street,tertiary,True,50.721000000000004,2,,,,,,"LINESTRING (114.16832 22.313505, 114.168373 22.313514, 114.168718 22.313573, 114.168742 22.313577, 114.168804 22.313588)"
132,80,796,308473177,1183092765,0,102443806,碧街 Pitt Street,residential,False,26.235,2,,,,,,"LINESTRING (114.168804 22.313588, 114.168855 22.313598, 114.169054 22.313635)"
133,80,76,308473177,308473172,0,1228381074;102443799,新填地街 Reclamation Street,secondary,True,167.38199999999998,3,,,,,,"LINESTRING (114.168804 22.313588, 114.168669 22.314243, 114.16859 22.314629, 114.168512 22.31502, 114.168501 22.315067)"
134,81,596,308473178,1151084837,0,1200878741,上海街 Shanghai Street,secondary,True,94.87700000000001,3,,,,,,"LINESTRING (114.169261 22.313672, 114.169306 22.313456, 114.169407 22.312948, 114.169413 22.312916, 114.16943 22.312833)"
135,82,81,308473179,308473178,0,102443801,碧街 Pitt Street,tertiary,True,61.007000000000005,1,,,,,,"LINESTRING (114.169843 22.31378, 114.169775 22.313768, 114.169422 22.313702, 114.169366 22.313691, 114.169261 22.313672)"
136,82,794,308473179,1183092754,0,102443802,碧街 Pitt Street,residential,False,39.766,,,,,,,"LINESTRING (114.169843 22.31378, 114.169908 22.313793, 114.169913 22.313794, 114.170222 22.313852)"
137,82,603,308473179,1151084864,0,987256888,砵蘭街 Portland Street,tertiary,True,74.62899999999999,1,,,,,,"LINESTRING (114.169843 22.31378, 114.169832 22.313834, 114.169727 22.314357, 114.16971 22.31444)"
138,83,553,308473180,991294942,0,102454129,上海街 Shanghai Street,secondary,True,223.63800000000003,3,,,,,,"LINESTRING (114.16945 22.312736, 114.169469 22.312639, 114.169547 22.312214, 114.169619 22.311844, 114.169628 22.311803, 114.169641 22.311747, 114.169654 22.311687, 114.169745 22.311226, 114.169781 22.311027, 114.169823 22.31079, 114.169829 22.310756)"
139,83,35,308473180,276372857,0,1452569826,窩打老道 Waterloo Road,primary,True,48.601,3,,,,,,"LINESTRING (114.16945 22.312736, 114.16922 22.312698, 114.169116 22.312681, 114.169084 22.312676, 114.168985 22.312658)"
140,84,671,308473181,1162875756,0,102422598,山東街 Shantung Street,tertiary,True,28.153,2,,,,,,"LINESTRING (114.167591 22.317114, 114.167549 22.317107, 114.167323 22.317063)"
141,85,90,308473182,308473190,0,1200878734;102443799,新填地街 Reclamation Street,secondary,True,204.526,3,,,,,,"LINESTRING (114.168055 22.3172, 114.168038 22.317285, 114.167996 22.3175, 114.167991 22.317526, 114.167961 22.317667, 114.167958 22.317681, 114.167887 22.318026, 114.167769 22.318588, 114.167721 22.318818, 114.16771 22.318876, 114.16768 22.319006)"
142,85,84,308473182,308473181,0,311890783,山東街 Shantung Street,tertiary,True,48.72,2,,,,,,"LINESTRING (114.168055 22.3172, 114.167962 22.317185, 114.167637 22.317123, 114.167591 22.317114)"
143,86,165,308473183,332253312,0,263839971,上海街 Shanghai Street,secondary,True,106.805,3,,,,,,"LINESTRING (114.1685 22.317287, 114.168518 22.317202, 114.168678 22.316423, 114.168695 22.316344)"
144,86,85,308473183,308473182,0,311890783,山東街 Shantung Street,tertiary,True,46.807,2,,,,,,"LINESTRING (114.1685 22.317287, 114.168421 22.31727, 114.168157 22.317221, 114.168055 22.3172)"
145,87,92,308473185,308473192,0,150792162,砵蘭街 Portland Street,residential,True,203.832,1,,,,,,"LINESTRING (114.169078 22.317396, 114.169059 22.317486, 114.168904 22.318247, 114.168746 22.319012, 114.168737 22.319056, 114.168712 22.319126, 114.168673 22.319185)"
146,87,86,308473185,308473183,0,1200878745;1200878746,山東街 Shantung Street,tertiary,True,60.684,2,,,,,,"LINESTRING (114.169078 22.317396, 114.168987 22.317377, 114.16872 22.31733, 114.16863 22.317314, 114.168586 22.317306, 114.1685 22.317287)"
147,88,27,308473186,275945538,0,95489060;494512917;102640431,山東街 Shantung Street,tertiary,True,174.774,2;1;3,,,,,,"LINESTRING (114.170358 22.317608, 114.170406 22.317617, 114.170444 22.317624, 114.170792 22.317685, 114.170902 22.317705, 114.171014 22.317726, 114.171377 22.317794, 114.171465 22.317811, 114.171973 22.317905, 114.172024 22.317915)"
148,88,1503,308473186,6705233167,0,99517972,西洋菜南街 Sai Yeung Choi Street South,residential,True,105.75999999999999,,,,,,,"LINESTRING (114.170358 22.317608, 114.170374 22.317539, 114.170389 22.317472, 114.170458 22.317115, 114.170535 22.316712, 114.170543 22.316673)"
149,88,97,308473186,308473426,0,101183500,西洋菜南街 Sai Yeung Choi Street South,residential,True,94.40399999999998,,,,,,,"LINESTRING (114.170358 22.317608, 114.170344 22.317665, 114.170191 22.318348, 114.170185 22.318379, 114.170172 22.31844)"
150,89,161,308473189,332251667,0,99517996,亞皆老街 Argyle Street,primary,True,43.367000000000004,4,,,,,,"LINESTRING (114.167204 22.318917, 114.167029 22.318884, 114.167019 22.318883, 114.166968 22.318873, 114.16695 22.31887, 114.166791 22.31884)"
151,90,1257,308473190,3230280999,0,246483031,新填地街 Reclamation Street,secondary,True,8.507,3,,,,,,"LINESTRING (114.16768 22.319006, 114.167664 22.319081)"
152,90,89,308473190,308473189,0,99517996,亞皆老街 Argyle Street,primary,True,49.99,4,,,,,,"LINESTRING (114.16768 22.319006, 114.167561 22.318984, 114.167204 22.318917)"
153,91,90,308473191,308473190,0,441107643;1200878735,亞皆老街 Argyle Street,primary,True,47.494,4;5,,,,,,"LINESTRING (114.168132 22.319094, 114.168025 22.319069, 114.167976 22.31906, 114.167841 22.319036, 114.167788 22.319028, 114.16768 22.319006)"
154,91,86,308473191,308473183,0,1200878744;1200878742;1200878743,上海街 Shanghai Street,secondary,True,204.52299999999997,3,,,,,,"LINESTRING (114.168132 22.319094, 114.168162 22.318944, 114.168167 22.318917, 114.168197 22.318762, 114.168331 22.318098, 114.168376 22.317877, 114.16838 22.317858, 114.168384 22.31784, 114.1684 22.317759, 114.168474 22.317406, 114.168484 22.317368, 114.1685 22.317287)"
155,92,693,308473192,1168183728,0,311890775,亞皆老街 Argyle Street,primary,True,28.744999999999997,5,,,,,,"LINESTRING (114.168673 22.319185, 114.16857 22.319166, 114.168398 22.319138)"
156,93,1008,308473419,1636685663,0,311890780,彌敦道 Nathan Road,primary,True,90.02400000000002,3,,,,,,"LINESTRING (114.170238 22.315366, 114.17032 22.314968, 114.170339 22.314881, 114.170351 22.314822, 114.170377 22.314684, 114.170384 22.314647, 114.170399 22.31457)"
157,94,1543,308473420,6834003674,0,99517936,碧街 Pitt Street,tertiary,True,67.214,1,,,,,,"LINESTRING (114.17053 22.313901, 114.170611 22.313914, 114.17087 22.313955, 114.171174 22.314006)"
158,94,604,308473420,1151084876,0,1200878749;960661806,彌敦道 Nathan Road,primary,True,95.97,3,,,,,,"LINESTRING (114.17053 22.313901, 114.170548 22.313811, 114.170584 22.313636, 114.170594 22.313584, 114.170602 22.31355, 114.170609 22.313515, 114.170653 22.313296, 114.170659 22.313265, 114.170666 22.313232, 114.170702 22.313053)"
159,95,88,308473422,308473186,0,95489060,山東街 Shantung Street,tertiary,True,58.70399999999999,2,,,,,,"LINESTRING (114.169799 22.317501, 114.169878 22.317516, 114.169894 22.317519, 114.170253 22.317587, 114.170299 22.317596, 114.170358 22.317608)"
160,95,93,308473422,308473419,0,856179157,彌敦道 Nathan Road,primary,True,241.739,3,,,,,,"LINESTRING (114.169799 22.317501, 114.169814 22.317428, 114.169872 22.317149, 114.169945 22.316802, 114.169962 22.316716, 114.169992 22.316551, 114.170073 22.316165, 114.170087 22.316099, 114.170116 22.315958, 114.170127 22.315905, 114.170206 22.315526, 114.170218 22.315468, 114.170238 22.315366)"
161,96,602,308473424,1151084860,0,856179158,亞皆老街 Argyle Street,primary,True,11.402,3,,,,,,"LINESTRING (114.169429 22.319312, 114.16932 22.319293)"
162,96,95,308473424,308473422,0,106436298;856179157,彌敦道 Nathan Road,primary,True,204.93900000000002,3,,,,,,"LINESTRING (114.169429 22.319312, 114.169448 22.319216, 114.169459 22.319166, 114.169481 22.319071, 114.169523 22.318859, 114.169572 22.31862, 114.169599 22.318488, 114.169626 22.318353, 114.169662 22.318181, 114.169685 22.318064, 114.169719 22.317897, 114.169739 22.317797, 114.169759 22.3177, 114.169775 22.317622, 114.169787 22.317564, 114.169799 22.317501)"
163,97,454,308473426,804107264,0,332099781;332099782,西洋菜南街 Sai Yeung Choi Street South,residential,True,108.053,1;2,,,,,,"LINESTRING (114.170172 22.31844, 114.170163 22.318488, 114.170048 22.319076, 114.170045 22.319092, 114.17001 22.319251, 114.170005 22.319273, 114.169999 22.319302, 114.169977 22.319394)"
164,98,97,308473427,308473426,0,102640449,奶路臣街 Nelson Street,residential,True,58.50600000000001,1,,,,,,"LINESTRING (114.170729 22.318546, 114.170652 22.318531, 114.170292 22.318461, 114.170236 22.318451, 114.170172 22.31844)"
165,99,157,308473546,332251378,0,30151018,花園街 Fa Yuen Street,residential,True,131.85999999999999,1,30,,,,,"LINESTRING (114.170518 22.322328, 114.170532 22.322258, 114.170733 22.321255, 114.170748 22.321223, 114.17076 22.321206, 114.170794 22.321181)"
166,99,754,308473546,1178971336,0,1159878042;101183510,花園街 Fa Yuen Street;水渠道 Nullah Road,residential,True,267.83000000000004,1,30,,,,,"LINESTRING (114.170518 22.322328, 114.170503 22.322397, 114.170154 22.324097, 114.170062 22.324081, 114.16967 22.323706)"
167,99,153,308473546,332251257,0,783803777;783803778,弼街 Bute Street,tertiary,True,57.846,1,30,,,,,"LINESTRING (114.170518 22.322328, 114.170447 22.322315, 114.170151 22.322262, 114.170036 22.322244, 114.169965 22.322232)"
168,100,1308,308473861,4846202879,0,113146484,打鼓嶺道 Tak Ku Ling Road,tertiary,True,9.29,1,,,,,,"LINESTRING (114.191448 22.328839, 114.191478 22.32887, 114.1915 22.328907)"
169,100,348,308473861,568273493,0,113146502;152359999,衙前圍道 Nga Tsin Wai Road,tertiary,False,165.297,2;4,,,,,,"LINESTRING (114.191448 22.328839, 114.191395 22.328841, 114.190951 22.328857, 114.190846 22.328862, 114.190495 22.32888, 114.190395 22.328885, 114.19028 22.328888, 114.19007 22.328894, 114.189955 22.328898, 114.189843 22.3289)"
170,101,905,308473862,1266044669,0,37416158,沙浦道 Sa Po Road,tertiary,True,102.62200000000001,2,,,,,,"LINESTRING (114.192526 22.331291, 114.192627 22.33122, 114.192699 22.331161, 114.192752 22.331087, 114.192781 22.331003, 114.192785 22.330914, 114.192764 22.330516, 114.192761 22.330464)"
171,101,1201,308473862,1925307161,0,37416159,樂善道 Lok Sin Road,tertiary,False,92.613,2,,,,,,"LINESTRING (114.192526 22.331291, 114.192624 22.331393, 114.192642 22.331413, 114.193074 22.331899, 114.193105 22.331929)"
172,101,1189,308473862,1651828028,0,37416159,樂善道 Lok Sin Road,tertiary,False,129.74699999999999,2,,,,,,"LINESTRING (114.192526 22.331291, 114.192414 22.331174, 114.19238 22.331137, 114.192127 22.330872, 114.192058 22.330814, 114.191972 22.330754, 114.191893 22.330707, 114.191813 22.330666, 114.191725 22.330627, 114.191627 22.330594, 114.191561 22.330575)"
173,101,1194,308473862,1651828033,0,152359904;152360066;152359910;492634868;208243545,東正道 Tung Tsing Road;東頭村道 Tung Tau Tsuen Road;聯合道 Junction Road,secondary;tertiary,False,911.709,2;4;3,,,,,,"LINESTRING (114.192526 22.331291, 114.19243 22.331358, 114.192407 22.331375, 114.192109 22.331609, 114.191782 22.331868, 114.19166 22.332049, 114.191627 22.332098, 114.191429 22.332535, 114.191416 22.332564, 114.191192 22.333008, 114.191081 22.333148, 114.191001 22.333218, 114.190944 22.333268, 114.19091 22.333296, 114.190872 22.333328, 114.190743 22.333398, 114.190632 22.33328, 114.190576 22.333228, 114.190417 22.333094, 114.190259 22.332962, 114.190159 22.33288, 114.190014 22.332761, 114.189876 22.332679, 114.189728 22.332607, 114.189602 22.332562, 114.189234 22.332467, 114.18892 22.33239, 114.188889 22.332382, 114.188777 22.332365, 114.188661 22.332356, 114.188622 22.332354, 114.188471 22.332347, 114.188296 22.332358, 114.188258 22.332364, 114.18798 22.332408, 114.187543 22.332458, 114.187405 22.332473, 114.18738 22.332476, 114.187162 22.332493, 114.187152 22.332319, 114.187151 22.332284, 114.187131 22.331828, 114.187128 22.331765, 114.187122 22.33156, 114.18712 22.331523, 114.187103 22.33111, 114.187092 22.330819, 114.187091 22.330798, 114.187087 22.330688)"
174,102,859,308475224,1191992818,0,494500001,欽州街 Yen Chow Street,secondary,True,63.367000000000004,4,,,,,,"LINESTRING (114.161454 22.332212, 114.161297 22.332036, 114.161175 22.3319, 114.161127 22.331842, 114.161066 22.331769)"
175,104,103,308475679,308475675,0,437031183,元州街 Un Chau Street,secondary,True,115.381,3,,,,,,"LINESTRING (114.16312 22.332448, 114.162376 22.333012, 114.162352 22.33303, 114.162258 22.333112)"
176,105,106,308778508,308778515,0,102640436,炮台街 Battery Street,residential,True,141.12,2,,,,,,"LINESTRING (114.168611 22.306377, 114.168785 22.306996, 114.168937 22.307571, 114.168947 22.307608)"
177,107,936,308778516,1624950117,0,149524445,北海街 Pak Hoi Street,residential,True,49.125,1,,,,,,"LINESTRING (114.169099 22.308208, 114.168635 22.30831)"
178,107,106,308778516,308778515,0,102640462,炮台街 Battery Street,residential,True,68.559,1,,,,,,"LINESTRING (114.169099 22.308208, 114.168957 22.307647, 114.168947 22.307608)"
179,108,577,316731592,1140062960,0,28808041,林肯道 Lincoln Road,residential,False,182.142,,,,,,,"LINESTRING (114.176645 22.327617, 114.176767 22.327621, 114.177956 22.327662, 114.178356 22.327654, 114.178415 22.327653)"
180,110,704,331258075,1168315954,0,1327259709,通州街 Tung Chau Street,tertiary,True,6.918,2,,,,,,"LINESTRING (114.160494 22.326277, 114.160546 22.326237)"
181,110,1057,331258075,1641766330,0,254563914,南昌街 Nam Cheong Street,secondary,True,62.871,2,,,,,,"LINESTRING (114.160494 22.326277, 114.160607 22.326393, 114.160783 22.326586, 114.160817 22.326623, 114.160895 22.326703)"
182,111,1259,331258761,3270208461,0,102368479,聚魚道 Chui Yu Road,secondary,True,37.263,3,,,,,,"LINESTRING (114.1619 22.325211, 114.16185 22.325149, 114.1618 22.325097, 114.161743 22.325054, 114.16169 22.325023, 114.161626 22.325003)"
183,111,1555,331258761,7257383491,0,255227450,大角咀道 Tai Kok Tsui Road,tertiary,True,31.985999999999997,2,,,,,,"LINESTRING (114.1619 22.325211, 114.161945 22.324998, 114.16195 22.324927)"
184,111,786,331258761,1181846062,0,100507086;777658270;102368471,柳樹街 Willow Street;通州街 Tung Chau Street,residential,True,69.342,1,,,,,,"LINESTRING (114.1619 22.325211, 114.162093 22.325066, 114.162131 22.325044, 114.162174 22.325032, 114.16222 22.325033, 114.162276 22.325034, 114.16251 22.325038)"
185,112,152,331269944,332251255,0,980143700,彌敦道 Nathan Road,primary,True,47.352,3,,,,,,"LINESTRING (114.168786 22.322482, 114.168869 22.322063)"
186,113,248,331269982,412685610,0,102149742,鴉蘭街 Arran Street,tertiary,True,46.05,2,,,,,,"LINESTRING (114.16782 22.322857, 114.167743 22.322842, 114.1677 22.322834, 114.167465 22.322794, 114.167414 22.322785, 114.167381 22.32278)"
187,113,138,331269982,332242579,0,102149750,荔枝角道 Lai Chi Kok Road,primary,True,71.50800000000001,3,,,,,,"LINESTRING (114.16782 22.322857, 114.16751 22.323091, 114.167468 22.323122, 114.167286 22.323269)"
188,114,635,331271265,1152824595,0,99716379;99716372,界限街 Boundary Street;大角咀道 Tai Kok Tsui Road,secondary,True,33.285000000000004,2,,,,,,"LINESTRING (114.16209 22.326252, 114.161995 22.326212, 114.161955 22.326183, 114.161932 22.326164, 114.161918 22.326138, 114.161905 22.326102, 114.161898 22.326042)"
189,114,709,331271265,1168316001,0,879824025;254564213;99716374,海壇街 Hai Tan Street;界限街 Boundary Street,secondary,True,117.664,2;3,,,,,,"LINESTRING (114.16209 22.326252, 114.16196 22.326279, 114.161902 22.326279, 114.161653 22.326278, 114.161548 22.326281, 114.161534 22.326282, 114.161484 22.326284, 114.161437 22.326299, 114.161378 22.326332, 114.161158 22.326496, 114.161128 22.326518, 114.161055 22.326574)"
190,115,126,332227469,332232293,0,250785193;250785191,大角咀道 Tai Kok Tsui Road,secondary,True,68.705,4;3,,,,,,"LINESTRING (114.162384 22.319411, 114.162628 22.319194, 114.162713 22.319109, 114.162746 22.319077, 114.162838 22.318959)"
191,116,1027,332228049,1640472735,0,722487309;151226286;151226285;722487310;30149087,櫻桃街行車隧道 Cherry Street Underpass;櫻桃街 Cherry Street,secondary,True,409.536,2,,,,,yes,"LINESTRING (114.162065 22.317953, 114.161678 22.31788, 114.161504 22.317813, 114.160953 22.317624, 114.160658 22.317528, 114.160374 22.317447, 114.160151 22.317395, 114.159921 22.317355, 114.159667 22.31733, 114.159448 22.317321, 114.158634 22.317308, 114.158533 22.317301, 114.158427 22.317293, 114.158295 22.317284, 114.158188 22.317279)"
192,116,117,332228049,332228052,0,263841398,櫻桃街 Cherry Street,primary,True,99.967,2,,,,,,"LINESTRING (114.162065 22.317953, 114.162015 22.317926, 114.161912 22.317869, 114.161777 22.31782, 114.161174 22.3176)"
193,117,118,332228052,332228053,0,251339731,櫻桃街 Cherry Street,secondary,True,49.122,2,,,,,,"LINESTRING (114.161174 22.3176, 114.160988 22.317524, 114.16093 22.317508, 114.160876 22.317505, 114.160831 22.317512, 114.160788 22.317534, 114.160765 22.317558, 114.160752 22.317584)"
194,117,181,332228052,334649728,0,278015434;947213767,,trunk_link,True,68.305,1,,,,,,"LINESTRING (114.161174 22.3176, 114.161038 22.317527, 114.160965 22.31746, 114.160927 22.317429, 114.160902 22.317394, 114.160882 22.317348, 114.160875 22.317316, 114.160843 22.317115)"
195,118,119,332228053,332228056,0,314020436,櫻桃街 Cherry Street,secondary_link,True,44.24,2,,,,,,"LINESTRING (114.160752 22.317584, 114.160748 22.317631, 114.160753 22.317672, 114.160766 22.317712, 114.160789 22.317744, 114.160828 22.317776, 114.160875 22.3178, 114.161005 22.317852)"
196,118,55,332228053,288994875,0,735252163;735252215;735252214;151226327;524446010;735252222,深旺道 Sham Mong Road,tertiary;secondary,True,229.13000000000002,2,,,,,,"LINESTRING (114.160752 22.317584, 114.160733 22.317628, 114.160719 22.317673, 114.160713 22.317712, 114.160702 22.317754, 114.160696 22.317771, 114.160677 22.317819, 114.160617 22.317969, 114.160482 22.318309, 114.16041 22.318486, 114.160405 22.3185, 114.16039 22.318531, 114.160289 22.318742, 114.160083 22.319118, 114.160064 22.319154, 114.160031 22.319208, 114.159964 22.319318, 114.159914 22.319401, 114.159875 22.319471)"
197,119,124,332228056,332232290,0,30148881,櫻桃街 Cherry Street,trunk_link,True,104.46500000000002,2,,,,,,"LINESTRING (114.161005 22.317852, 114.161081 22.31785, 114.161154 22.31786, 114.161834 22.318104, 114.16192 22.318116, 114.161969 22.31812)"
198,119,1028,332228056,1640472756,0,735252202;437549821,櫻桃街 Cherry Street,tertiary,True,75.239,2,,,,,,"LINESTRING (114.161005 22.317852, 114.161071 22.317891, 114.161169 22.317942, 114.161268 22.31799, 114.161493 22.318075, 114.161668 22.318134)"
199,120,115,332230895,332227469,0,484612150,大角咀道 Tai Kok Tsui Road,secondary,True,42.382000000000005,2,,,,,,"LINESTRING (114.16198 22.31946, 114.162164 22.31946, 114.162239 22.319454, 114.162307 22.319441, 114.162384 22.319411)"
200,120,1033,332230895,1640472860,0,1184833357,大角咀道 Tai Kok Tsui Road,tertiary,True,60.44,2,,,,,,"LINESTRING (114.16198 22.31946, 114.161979 22.319545, 114.161967 22.320004)"
201,121,122,332231811,332231898,0,30149033,海泓道 Hoi Wang Road,primary,True,36.656,2,,,,,,"LINESTRING (114.163206 22.318627, 114.163208 22.318553, 114.163202 22.318489, 114.163187 22.318427, 114.163162 22.318367, 114.163129 22.318311)"
202,121,696,332231811,1168183739,0,494027707,海泓道 Hoi Wang Road,tertiary,True,27.03,2,,,,,,"LINESTRING (114.163206 22.318627, 114.163283 22.318489, 114.163321 22.318408)"
203,122,123,332231898,332231899,0,102411827,櫻桃街 Cherry Street,primary,True,9.822,5,,,,,,"LINESTRING (114.163129 22.318311, 114.163045 22.318269)"
204,123,51,332231899,288991742,0,102411838,櫻桃街 Cherry Street,primary,True,31.137999999999998,3,,,,,,"LINESTRING (114.163045 22.318269, 114.162955 22.318186, 114.162889 22.318159, 114.162841 22.31815, 114.162787 22.318139)"
205,123,792,332231899,1182677912,0,251339458,櫻桃街 Cherry Street,primary,True,36.803,2,,,,,,"LINESTRING (114.163045 22.318269, 114.162894 22.31824, 114.162815 22.318224, 114.162765 22.318215, 114.162695 22.318202)"
206,124,125,332232290,332232291,0,722487307,櫻桃街 Cherry Street,primary,True,48.54900000000001,2,,,,,,"LINESTRING (114.161969 22.31812, 114.162062 22.318197, 114.162114 22.318263, 114.162148 22.318317, 114.162174 22.318357, 114.162234 22.318475)"
207,125,129,332232291,332235143,0,198548594;1037106211;1037106213;30148358,西九龍走廊西 West Kowloon Corridor West,trunk_link,True,166.12900000000002,2;1,,,,yes,,"LINESTRING (114.162234 22.318475, 114.162178 22.318584, 114.16215 22.318704, 114.16209 22.319084, 114.162059 22.319365, 114.162039 22.319547, 114.162036 22.319676, 114.162036 22.319917, 114.162047 22.319947)"
208,125,126,332232291,332232293,0,102411820,櫻桃街 Cherry Street,primary,True,90.415,2,,,,,,"LINESTRING (114.162234 22.318475, 114.162263 22.318539, 114.162291 22.318597, 114.162326 22.318664, 114.162362 22.31873, 114.162396 22.318787, 114.162454 22.31885, 114.16251 22.318893, 114.162579 22.318927, 114.162649 22.318948, 114.162711 22.318961, 114.162763 22.318964, 114.162838 22.318959)"
209,126,54,332232293,288991961,0,255227669,櫻桃街 Cherry Street,primary,True,28.130000000000003,4,,,,,,"LINESTRING (114.162838 22.318959, 114.162946 22.31889, 114.163054 22.318805)"
210,127,52,332233250,288991776,0,101183529,海泓道 Hoi Wang Road,primary_link,True,68.44300000000001,1,,,,,,"LINESTRING (114.163772 22.318563, 114.163539 22.318402, 114.163507 22.318362, 114.163468 22.318311, 114.163442 22.318248, 114.163423 22.318082)"
211,127,696,332233250,1168183739,0,314015212,櫻桃街 Cherry Street,primary,True,49.699,4,,,,,,"LINESTRING (114.163772 22.318563, 114.163648 22.318536, 114.163518 22.318494, 114.163434 22.318459, 114.163398 22.318444, 114.163321 22.318408)"
212,128,1629,332233448,9553739297,0,876114724;30149071,塘尾道 Tong Mi Road,primary_link,True,133.54399999999998,2,,,,,,"LINESTRING (114.166222 22.317723, 114.166107 22.318049, 114.165995 22.318296, 114.165965 22.318349, 114.165932 22.318397, 114.165878 22.318469, 114.165821 22.318528, 114.165772 22.318569, 114.165662 22.318637, 114.165544 22.318695)"
213,128,53,332233448,288991796,0,316843370;876114725,塘尾道 Tong Mi Road,primary,True,111.242,2;3,,,,,,"LINESTRING (114.166222 22.317723, 114.166132 22.318326, 114.166086 22.318584, 114.166061 22.318712)"
214,129,1658,332235143,10944188309,0,1037106209;1037106210;1087483651;1037106214;1037106215;1178115529;1178115530;282868472,西九龍走廊西 West Kowloon Corridor West;西九龍走廊 West Kowloon Corridor,trunk,True,1920.3550000000005,2;3,70,5,,viaduct,,"LINESTRING (114.162047 22.319947, 114.162005 22.320591, 114.16199 22.32117, 114.161986 22.321356, 114.161931 22.32431, 114.161924 22.324413, 114.161913 22.324508, 114.161898 22.324602, 114.161874 22.324704, 114.161841 22.324798, 114.161804 22.324882, 114.161749 22.324979, 114.161689 22.325062, 114.161628 22.325133, 114.161556 22.325206, 114.161487 22.325268, 114.161416 22.325325, 114.158711 22.327382, 114.157853 22.328025, 114.157168 22.328551, 114.157001 22.328684, 114.156917 22.328755, 114.15683 22.328829, 114.156699 22.328944, 114.156544 22.329082, 114.156454 22.329162, 114.156369 22.32924, 114.156274 22.32932, 114.15627 22.329324, 114.15606 22.329494, 114.152671 22.332108, 114.151681 22.332858)"
215,130,1296,332237262,4773727046,0,447860616;879823915;1327259711,聚魚道 Chui Yu Road,secondary,True,106.36,4;3,,,,,,"LINESTRING (114.161113 22.325392, 114.160462 22.325898, 114.160431 22.325925, 114.160408 22.325976, 114.160391 22.326014, 114.160388 22.326048)"
216,132,1481,332238481,6374553434,0,30149938,白楊街 Poplar Street,tertiary,True,35.825,2,,,,,,"LINESTRING (114.166519 22.326712, 114.166449 22.326634, 114.166421 22.326603, 114.166406 22.326585, 114.166394 22.326566, 114.166387 22.326548, 114.166382 22.326528, 114.166387 22.326432)"
217,132,131,332238481,332238480,0,30149943,鴨寮街 Apliu Street,residential,True,123.67699999999999,2,,,,,,"LINESTRING (114.166519 22.326712, 114.16646 22.326757, 114.165649 22.327379, 114.165634 22.32739, 114.165593 22.327422)"
218,133,769,332239185,1180686912,0,996069440,界限街 Boundary Street,primary,True,14.392,3,,,,,,"LINESTRING (114.167154 22.326463, 114.167294 22.32647)"
219,133,1054,332239185,1641766299,0,30149934,砵蘭街 Portland Street,residential,True,137.75,2,,,,,,"LINESTRING (114.167154 22.326463, 114.1672 22.326441, 114.16724 22.326419, 114.167273 22.326388, 114.167294 22.32635, 114.167302 22.326308, 114.167477 22.325556, 114.167482 22.325519, 114.167476 22.325483, 114.167458 22.32545, 114.167425 22.325422, 114.167383 22.325394, 114.167329 22.325388)"
220,134,552,332241861,991294889,0,1133373510;911815727,洋松街 Larch Street,tertiary,True,98.292,1,,,,,,"LINESTRING (114.165603 22.320938, 114.165457 22.321061, 114.164873 22.321508)"
221,134,656,332241861,1161863778,0,1133373504;1133373505;1133373508;102368455;746325639;1133373521,塘尾道 Tong Mi Road,primary,True,277.484,2;4;3,,,,,,"LINESTRING (114.165603 22.320938, 114.165579 22.321096, 114.165506 22.321429, 114.165439 22.321744, 114.165412 22.321869, 114.165358 22.322106, 114.165327 22.322241, 114.165274 22.322453, 114.16525 22.322611, 114.16524 22.322677, 114.165225 22.322772, 114.165214 22.322847, 114.165141 22.323213, 114.165133 22.323255, 114.165106 22.32339)"
222,135,786,332241978,1181846062,0,102368475,柳樹街 Willow Street,tertiary_link,True,38.782000000000004,1,,,,,,"LINESTRING (114.162408 22.324745, 114.162378 22.324832, 114.16238 22.324912, 114.16243 22.324986, 114.16251 22.325038)"
223,135,1555,332241978,7257383491,0,1203105171,通州街 Tung Chau Street,tertiary,True,54.160000000000004,1,,,,,,"LINESTRING (114.162408 22.324745, 114.162232 22.324882, 114.162196 22.324907, 114.162154 22.324925, 114.162109 22.324934, 114.162064 22.324933, 114.16195 22.324927)"
224,136,634,332242333,1152824589,0,102368456;766535122;102368469;935002470,詩歌舞街 Sycamore Street,tertiary,False,182.263,2;3,,,,,,"LINESTRING (114.164381 22.323859, 114.164369 22.323915, 114.164284 22.324319, 114.164252 22.324472, 114.164247 22.324497, 114.164242 22.324525, 114.16422 22.324634, 114.164165 22.324889, 114.164146 22.324913, 114.164132 22.324937, 114.164114 22.324958, 114.164093 22.324977, 114.163689 22.325276)"
225,136,137,332242333,332242353,0,766535121;934998559,詩歌舞街 Sycamore Street,residential,True,44.599999999999994,1,,,,,,"LINESTRING (114.164381 22.323859, 114.164411 22.323793, 114.164456 22.323546, 114.164494 22.323475)"
226,137,661,332242353,1161863948,0,100507091;766535126;766535127,太子道西 Prince Edward Road West,primary,True,60.946999999999996,4,,,,,,"LINESTRING (114.164494 22.323475, 114.164574 22.323465, 114.164646 22.323463, 114.164722 22.323465, 114.164766 22.323468, 114.164885 22.323474, 114.164954 22.32348, 114.165084 22.323492)"
227,138,655,332242579,1161863736,0,316843244,荔枝角道 Lai Chi Kok Road,primary,True,69.971,3,,,,,,"LINESTRING (114.167286 22.323269, 114.166937 22.323524, 114.16691 22.323545, 114.16688 22.323567, 114.166814 22.32362, 114.166756 22.323663)"
228,138,248,332242579,412685610,0,783793802,上海街 Shanghai Street,secondary,True,55.215999999999994,3,,,,,,"LINESTRING (114.167286 22.323269, 114.167315 22.323133, 114.16733 22.323061, 114.167381 22.32278)"
229,139,762,332242755,1178971377,0,1159878035,彌敦道 Nathan Road,primary,True,21.881,3,,,,,,"LINESTRING (114.168659 22.323113, 114.168702 22.322921)"
230,139,1705,332242755,13311040733,0,102149736;746310433;102149743;150771623,水渠道 Nullah Road;通菜街 Tung Choi Street,residential,True,167.35799999999998,1,,,,,,"LINESTRING (114.168659 22.323113, 114.168674 22.323096, 114.168694 22.323084, 114.168716 22.323076, 114.168732 22.323075, 114.168748 22.323076, 114.168775 22.323085, 114.168798 22.323103, 114.169082 22.323374, 114.169116 22.323406, 114.169169 22.323457, 114.169233 22.323518, 114.169267 22.323551, 114.169413 22.32369, 114.169444 22.323719, 114.169546 22.323818, 114.169613 22.323881, 114.169583 22.324026, 114.16957 22.324094, 114.16956 22.324148)"
231,140,53,332243003,288991796,0,101176342,亞皆老街 Argyle Street,primary,True,14.08,4,,,,,,"LINESTRING (114.166197 22.318727, 114.166061 22.318712)"
232,140,687,332243003,1168066104,0,868666682,塘尾道 Tong Mi Road,primary,True,41.375,3,,,,,,"LINESTRING (114.166197 22.318727, 114.166286 22.318364)"
233,141,150,332243007,332251094,0,316843368,塘尾道 Tong Mi Road,primary,True,111.07199999999999,2,,,,,,"LINESTRING (114.165456 22.322438, 114.165512 22.322289, 114.165542 22.322152, 114.165573 22.322002, 114.165639 22.32171, 114.165647 22.321668, 114.165668 22.321567, 114.165689 22.321464)"
234,142,146,332243088,332246270,0,101205465,渡船街 Ferry Street,primary_link,True,16.283,2,,,,,,"LINESTRING (114.167275 22.31229, 114.16731 22.312243, 114.167364 22.312168)"
235,142,40,332243088,278948068,0,101205478,窩打老道 Waterloo Road,primary,True,28.714000000000002,2,,,,,,"LINESTRING (114.167275 22.31229, 114.167206 22.312278, 114.167 22.312244)"
236,143,725,332245888,1172166362,0,1193775448;643059476,友翔道 Yau Cheung Road,residential,False,115.06999999999998,2,,,,,,"LINESTRING (114.166308 22.309984, 114.166316 22.309868, 114.166333 22.309739, 114.166338 22.309646, 114.166341 22.309589, 114.166348 22.309499, 114.166355 22.309396, 114.166379 22.3091, 114.16638 22.309057, 114.166388 22.308952)"
237,144,725,332245892,1172166362,0,492420576,友翔道 Yau Cheung Road,secondary_link,True,14.777,1,,,,,,"LINESTRING (114.166445 22.30883, 114.166388 22.308952)"
238,144,1440,332245892,5647922669,0,1193775446;1193775445;492420574;1193775447,欣翔道 Yan Cheung Road,secondary,True,99.416,2;3,,,,,,"LINESTRING (114.166445 22.30883, 114.166382 22.308834, 114.166286 22.308841, 114.166191 22.308848, 114.166149 22.308855, 114.166106 22.308863, 114.166053 22.308879, 114.16584 22.30892, 114.165812 22.308924, 114.165708 22.308943, 114.165494 22.308978)"
239,145,147,332246178,332246273,0,30150560,加士居道天橋 Gascoigne Road Flyover,trunk_link,True,12.946,1,,,,,,"LINESTRING (114.167027 22.311376, 114.167056 22.311489)"
240,145,714,332246178,1168380668,0,30150490;1429929989;1448405607,渡船街 Ferry Street,trunk_link,True,103.333,1;2,,,,,,"LINESTRING (114.167027 22.311376, 114.166986 22.311479, 114.166907 22.311838, 114.166898 22.31188, 114.166882 22.311944, 114.166859 22.311996, 114.166833 22.312039, 114.166786 22.312088, 114.16675 22.312114, 114.166692 22.312149, 114.166628 22.31218)"
241,146,17,332246270,274243086,0,706422881,渡船街 Ferry Street,primary,True,41.397,4,,,,,,"LINESTRING (114.167364 22.312168, 114.167376 22.312012, 114.167395 22.311797)"
242,147,40,332246273,278948068,0,832141437;815308415,渡船街 Ferry Street,primary,True,84.29899999999999,2,,,,,,"LINESTRING (114.167056 22.311489, 114.167016 22.311836, 114.167005 22.311935, 114.166998 22.312044, 114.167002 22.312121, 114.167 22.312244)"
243,148,1598,332248700,8272842739,0,889999457;890077776;1299955122;890077781;890077784,渡船街 Ferry Street,trunk,True,255.95,4;3,50,5,,viaduct,,"LINESTRING (114.166788 22.313162, 114.16671 22.313883, 114.166695 22.314048, 114.166622 22.314699, 114.166575 22.315065, 114.166535 22.315279, 114.166502 22.315448)"
244,149,1385,332251063,5103661126,0,641655935,塘尾道 Tong Mi Road,primary,True,4.578,3,,,,,,"LINESTRING (114.165889 22.320218, 114.165896 22.320177)"
245,149,1708,332251063,13313807739,0,524448361;524448362;1206336394;30151039,旺角道 Mong Kok Road,secondary,True,52.964,4;5;3,,,,,,"LINESTRING (114.165889 22.320218, 114.165994 22.320235, 114.166058 22.320248, 114.166108 22.320272, 114.166174 22.320302, 114.166383 22.320341)"
246,150,757,332251094,1178971355,0,30151046,弼街 Bute Street,tertiary,True,41.333,2,,,,,,"LINESTRING (114.165689 22.321464, 114.165789 22.321482, 114.166084 22.321534)"
247,150,761,332251094,1178971367,0,316843368;1133373506,塘尾道 Tong Mi Road,primary,True,27.393,2,,,,,,"LINESTRING (114.165689 22.321464, 114.165702 22.321388, 114.165701 22.321293, 114.165694 22.321219)"
248,151,158,332251254,332251484,0,847191774,弼街 Bute Street,tertiary,True,61.97,2,,,,,,"LINESTRING (114.167574 22.321801, 114.167682 22.321821, 114.168166 22.321908)"
249,151,154,332251254,332251374,0,847191776,上海街 Shanghai Street,secondary,True,130.355,3,,,,,,"LINESTRING (114.167574 22.321801, 114.167589 22.321725, 114.167789 22.320728, 114.167806 22.320649)"
250,152,155,332251255,332251375,0,4793007;980143699;980143700;980143695,彌敦道 Nathan Road,primary,True,138.10799999999998,4;3,,,,,,"LINESTRING (114.168869 22.322063, 114.168943 22.321674, 114.168977 22.321471, 114.168994 22.321386, 114.16905 22.321091, 114.169058 22.321051, 114.16907 22.320996, 114.169079 22.320957, 114.16909 22.320905, 114.169105 22.320841)"
251,153,152,332251257,332251255,0,783803777;99517991,弼街 Bute Street,tertiary,True,114.48500000000001,1,30,,,,,"LINESTRING (114.169965 22.322232, 114.169893 22.32222, 114.169484 22.322146, 114.169416 22.322134, 114.169342 22.322121, 114.169209 22.322099, 114.169083 22.3221, 114.168956 22.322079, 114.168919 22.322072, 114.168869 22.322063)"
252,153,754,332251257,1178971336,0,906154981,通菜街 Tung Choi Street,residential,True,166.705,2,30,,,,,"LINESTRING (114.169965 22.322232, 114.16995 22.322302, 114.169679 22.32366, 114.16967 22.323706)"
253,154,1709,332251374,13313807748,0,441107658,上海街 Shanghai Street,secondary,True,11.974,3,,,,,,"LINESTRING (114.167806 22.320649, 114.167827 22.320543)"
254,154,690,332251374,1168183627,0,1547448761;250788646;988324879,旺角道 Mong Kok Road,secondary,True,29.137,4;5,,,,,,"LINESTRING (114.167806 22.320649, 114.167909 22.320666, 114.167941 22.320671, 114.167986 22.320675, 114.168086 22.320686)"
255,155,694,332251375,1168183731,0,251338678,旺角道 Mong Kok Road,primary,True,48.114000000000004,4,,,,,,"LINESTRING (114.169105 22.320841, 114.169189 22.320855, 114.169298 22.320874, 114.169565 22.32092)"
256,155,96,332251375,308473424,0,980143698;311890778;251337837;783793797,彌敦道 Nathan Road,primary,True,173.208,3,,,,,,"LINESTRING (114.169105 22.320841, 114.16913 22.320738, 114.169144 22.320668, 114.169152 22.320626, 114.169159 22.320591, 114.169167 22.320556, 114.169228 22.320261, 114.169271 22.320058, 114.169277 22.320032, 114.169307 22.319891, 114.169317 22.319847, 114.169344 22.319714, 114.169373 22.319573, 114.169398 22.319454, 114.169404 22.319427, 114.169429 22.319312)"
257,156,157,332251377,332251378,0,101166558,旺角道 Mong Kok Road,primary,True,63.449000000000005,3,,,,,,"LINESTRING (114.170188 22.321073, 114.170291 22.321091, 114.170336 22.321099, 114.170571 22.321141, 114.170613 22.321149, 114.170794 22.321181)"
258,156,153,332251377,332251257,0,150771661,通菜街 Tung Choi Street,residential,True,131.012,2,30,,,,,"LINESTRING (114.170188 22.321073, 114.170172 22.321158, 114.170129 22.321368, 114.170121 22.321461, 114.169979 22.322162, 114.169965 22.322232)"
259,156,698,332251377,1168183774,0,1112827067,通菜街 Tung Choi Street,primary_link,True,10.925,1,,,,,,"LINESTRING (114.170188 22.321073, 114.170213 22.321029, 114.17023 22.320983)"
260,157,691,332251378,1168183637,0,810198729;101166558,旺角道 Mong Kok Road,primary,True,51.397999999999996,3,,,,,,"LINESTRING (114.170794 22.321181, 114.170945 22.321208, 114.171162 22.321248, 114.1712 22.321254, 114.171284 22.32127)"
261,158,159,332251484,332251500,0,101166553,砵蘭街 Portland Street,residential,True,133.707,2,,,,,,"LINESTRING (114.168166 22.321908, 114.168183 22.321826, 114.168201 22.321739, 114.168385 22.320869, 114.16839 22.320847, 114.168415 22.320728)"
262,158,605,332251484,1151084879,0,847191774;847191775,弼街 Bute Street,tertiary,True,63.629999999999995,2,,,,,,"LINESTRING (114.168166 22.321908, 114.168445 22.321958, 114.168534 22.322005, 114.16866 22.322026, 114.168703 22.322034, 114.168762 22.322045)"
263,159,612,332251500,1151084936,0,246483350,旺角道 Mong Kok Road,secondary,True,61.08,4,,,,,,"LINESTRING (114.168415 22.320728, 114.168476 22.320739, 114.16869 22.320771, 114.168856 22.320797, 114.168882 22.320801, 114.169 22.320822)"
264,160,1612,332251664,8983220377,0,1546537729;1546537730;970635279,長旺道 Cheung Wong Road,residential,False,83.208,2,,,,,,"LINESTRING (114.166611 22.320368, 114.166608 22.32029, 114.166603 22.320241, 114.166563 22.32018, 114.166487 22.320062, 114.1664 22.319938, 114.166244 22.319717)"
265,160,1731,332251664,14021098288,0,250787626;1546537731;1547448755;1547448759,旺角道 Mong Kok Road,secondary,True,80.38000000000002,4,,,,,,"LINESTRING (114.166611 22.320368, 114.166715 22.320381, 114.1669 22.320422, 114.167228 22.320482, 114.167269 22.320489, 114.167312 22.320498, 114.167366 22.320532)"
266,161,1413,332251667,5133880779,0,1214742153,亞皆老街 Argyle Street,primary,True,29.391,4,,,,,,"LINESTRING (114.166791 22.31884, 114.166511 22.318787)"
267,161,89,332251667,308473189,0,30151129;1451365057;30151133;918730079,深圳街 Shamchun Street;南頭街 Nam Tau Street;廣東道 Canton Road,residential,True,166.929,1,,,,,,"LINESTRING (114.166791 22.31884, 114.166811 22.318742, 114.166909 22.318295, 114.167275 22.318362, 114.167321 22.31837, 114.16723 22.318799, 114.167226 22.318815, 114.167204 22.318917)"
268,162,793,332252247,1182950283,0,1200878739,山東街 Shantung Street,tertiary,True,18.716,2,,,,,,"LINESTRING (114.16656 22.316935, 114.16638 22.316907)"
269,162,163,332252247,332253240,0,102438024,渡船街 Ferry Street,primary,True,119.092,3,,,,,,"LINESTRING (114.16656 22.316935, 114.166628 22.31654, 114.166673 22.316288, 114.166679 22.316253, 114.166741 22.315877)"
270,163,700,332253240,1168315922,0,102438024,渡船街 Ferry Street,primary,True,61.997,3,,,,,,"LINESTRING (114.166741 22.315877, 114.166824 22.315325)"
271,163,1600,332253240,8438621459,0,908833793,,primary_link,True,14.421,1,,,,,,"LINESTRING (114.166741 22.315877, 114.166861 22.31581)"
272,164,84,332253310,308473181,0,102441826,廣東道 Canton Road,residential,True,105.76599999999999,,,,,,,"LINESTRING (114.16777 22.316178, 114.167758 22.316233, 114.167603 22.317055, 114.167591 22.317114)"
273,165,168,332253312,332253631,0,263839971,上海街 Shanghai Street,secondary,True,57.145,3,,,,,,"LINESTRING (114.168695 22.316344, 114.168711 22.31627, 114.168769 22.316008, 114.168802 22.315839)"
274,165,166,332253312,332253313,0,1200878738,豉油街 Soy Street,residential,True,60.937,1,,,,,,"LINESTRING (114.168695 22.316344, 114.168772 22.316354, 114.169209 22.316433, 114.169278 22.316444)"
275,166,87,332253313,308473185,0,150792162,砵蘭街 Portland Street,residential,True,107.727,1,,,,,,"LINESTRING (114.169278 22.316444, 114.169263 22.316519, 114.169097 22.317308, 114.169078 22.317396)"
276,167,75,332253494,308473171,0,963166385;963166386;99517998,登打士街 Dundas Street,tertiary,True,120.26,2,,,,,,"LINESTRING (114.166904 22.314904, 114.166932 22.314864, 114.166963 22.314839, 114.167002 22.31482, 114.167029 22.314812, 114.167062 22.31481, 114.167103 22.314812, 114.16714 22.314817, 114.167309 22.314848, 114.167512 22.314884, 114.167584 22.314898, 114.168017 22.314974)"
277,167,795,332253494,1183092761,0,493744603,渡船街 Ferry Street,primary,True,171.57999999999998,2,,,,,,"LINESTRING (114.166904 22.314904, 114.167015 22.314326, 114.167169 22.31338)"
278,168,77,332253631,308473173,0,263839971,上海街 Shanghai Street,secondary,True,79.236,3,,,,,,"LINESTRING (114.168802 22.315839, 114.16894 22.315217, 114.168956 22.315141)"
279,169,204,334647674,339053606,0,30343520;1196816192;1196816190;1196816191,油麻地交匯處 Yau Ma Tei Interchange,motorway,True,113.548,2;3,50;100,,,,,"LINESTRING (114.161238 22.314441, 114.16129 22.31435, 114.161418 22.314149, 114.161446 22.314077, 114.161556 22.313814, 114.161691 22.313512)"
280,169,202,334647674,339052061,0,1196816193;1196816194;1196817641;282222738,西九龍公路 West Kowloon Highway,motorway,True,497.351,3,100,3,,,,"LINESTRING (114.161238 22.314441, 114.161259 22.314337, 114.161302 22.314125, 114.16132 22.314054, 114.161369 22.313864, 114.161407 22.313714, 114.161526 22.313112, 114.161588 22.312717, 114.161641 22.312217, 114.161674 22.311656, 114.161678 22.311373, 114.161675 22.311165, 114.161671 22.310798, 114.161648 22.31032, 114.161631 22.310003)"
281,170,1399,334647880,5104147159,0,947010921;1196816233;947010922;1196816234;1196816237;1196816238;1196816240;244578065;116287698;241921178;41412413,西九龍公路 West Kowloon Highway,trunk_link,True,728.683,2;1,50,,,yes,,"LINESTRING (114.157203 22.301913, 114.157365 22.302203, 114.157758 22.302801, 114.157857 22.302968, 114.157965 22.303158, 114.158137 22.303466, 114.158207 22.303572, 114.158254 22.303641, 114.158305 22.303717, 114.158378 22.303843, 114.158414 22.303916, 114.158442 22.303999, 114.158466 22.304088, 114.158498 22.304216, 114.158527 22.304312, 114.158547 22.304364, 114.15858 22.304416, 114.158643 22.304499, 114.159155 22.305138, 114.15918 22.305168, 114.15921 22.305205, 114.15932 22.305343, 114.159432 22.305467, 114.159516 22.305555, 114.159566 22.305604, 114.159619 22.305656, 114.159686 22.305718, 114.159766 22.3058, 114.159838 22.305883, 114.159876 22.305953, 114.159934 22.306064, 114.160036 22.306262, 114.160325 22.30685, 114.160567 22.307385, 114.160612 22.307492, 114.160647 22.307581)"
282,170,174,334647880,334648426,0,1196816231;243928457;947010923;947010924;1196816235;1196816236;1196816239;1196816241;42199159;1419223197,西九龍公路 West Kowloon Highway;西區海底隧道 Western Harbour Crossing,trunk,True,759.5339999999999,5;3,50;80,3,,,,"LINESTRING (114.157203 22.301913, 114.157459 22.30219, 114.157658 22.30241, 114.157834 22.302624, 114.158128 22.303, 114.158287 22.303211, 114.158435 22.30341, 114.158493 22.303486, 114.158544 22.303556, 114.158643 22.303694, 114.158962 22.304166, 114.159171 22.304483, 114.159516 22.305008, 114.159623 22.305182, 114.159699 22.305313, 114.159762 22.305414, 114.159851 22.305559, 114.15992 22.305679, 114.160027 22.305866, 114.160086 22.305978, 114.160171 22.306135, 114.16019 22.306249, 114.160378 22.306612, 114.160443 22.306737, 114.160531 22.306911, 114.160592 22.307054, 114.160737 22.307382, 114.160896 22.307781)"
283,171,172,334647895,334647897,0,1196816216;288205065;1196816215,西九龍公路 West Kowloon Highway,motorway,True,224.074,4,100,3,,,,"LINESTRING (114.16097 22.314609, 114.160872 22.314893, 114.160817 22.315054, 114.160722 22.315295, 114.16066 22.315451, 114.160532 22.315777, 114.160431 22.316034, 114.160402 22.316102, 114.160232 22.316505)"
284,172,1240,334647897,2832941882,0,230791427;288205065;1196816219;1196816220;1196816221;1196816222;1196816223,西九龍公路 West Kowloon Highway,motorway,True,1917.144,4;3,100,3,,viaduct,,"LINESTRING (114.160232 22.316505, 114.160149 22.316713, 114.160017 22.317051, 114.159914 22.317296, 114.159782 22.317612, 114.159572 22.318137, 114.159417 22.318525, 114.159255 22.318897, 114.159203 22.319015, 114.159008 22.319418, 114.158742 22.319942, 114.158353 22.320634, 114.158028 22.321196, 114.157812 22.321532, 114.157549 22.321909, 114.157231 22.322357, 114.156888 22.322804, 114.1565 22.323282, 114.155787 22.324123, 114.155387 22.324549, 114.155042 22.324909, 114.15469 22.325266, 114.15435 22.325574, 114.153954 22.325915, 114.153635 22.326178, 114.153251 22.326486, 114.152842 22.326796, 114.152382 22.327122, 114.151942 22.327439, 114.151329 22.327852, 114.150776 22.328198, 114.150263 22.328498, 114.149355 22.328975, 114.148874 22.329206, 114.148576 22.329338)"
285,173,177,334648424,334648727,0,30343641;947010938;1460155167,油麻地交匯處 Yau Ma Tei Interchange,trunk_link,True,193.177,1,80,,,,,"LINESTRING (114.160965 22.309333, 114.160944 22.309766, 114.160932 22.309869, 114.160888 22.310063, 114.160779 22.31064, 114.160752 22.310821, 114.160742 22.311054)"
286,173,194,334648424,339050813,0,947010937;947010939;335585836;250783257,油麻地交匯處 Yau Ma Tei Interchange,trunk_link,True,125.66900000000001,2,50;80,,,,,"LINESTRING (114.160965 22.309333, 114.160843 22.309753, 114.160829 22.309827, 114.16082 22.309864, 114.160815 22.309894, 114.160808 22.309943, 114.160647 22.310423)"
287,174,173,334648426,334648424,0,947010931;947010932;947010933;947010934;30343356,油麻地交匯處 Yau Ma Tei Interchange,trunk_link,True,174.36199999999997,2;3,80,,,,,"LINESTRING (114.160896 22.307781, 114.160956 22.308036, 114.160983 22.30817, 114.161006 22.308306, 114.161017 22.308386, 114.161023 22.308441, 114.161027 22.308478, 114.161029 22.308514, 114.161029 22.308547, 114.16103 22.308581, 114.161032 22.308662, 114.161033 22.308737, 114.16103 22.308813, 114.161026 22.308894, 114.161024 22.309009, 114.161008 22.309118, 114.160992 22.309226, 114.160965 22.309333)"
288,174,171,334648426,334647895,0,1462422344;1196816211;947010935;947010936;41415034,西九龍公路 West Kowloon Highway,motorway,True,774.61,3,100,3,,,,"LINESTRING (114.160896 22.307781, 114.161016 22.308022, 114.16108 22.308163, 114.161124 22.308272, 114.161151 22.308359, 114.161169 22.308418, 114.161232 22.308635, 114.16137 22.309304, 114.161448 22.309774, 114.161485 22.310036, 114.161507 22.310321, 114.161529 22.310805, 114.161532 22.311167, 114.161534 22.311643, 114.161505 22.312202, 114.161454 22.3127, 114.161399 22.313079, 114.16127 22.313694, 114.161236 22.313843, 114.161179 22.314008, 114.161149 22.314094, 114.161075 22.314306, 114.161047 22.314388, 114.161012 22.314487, 114.16097 22.314609)"
289,175,699,334648625,1168315919,0,453472565,渡船街 Ferry Street,primary,True,41.92,2,,,,,,"LINESTRING (114.166996 22.312452, 114.166962 22.312828)"
290,175,710,334648625,1168316008,0,66348963,窩打老道 Waterloo Road,primary,True,48.593,3,,,,,,"LINESTRING (114.166996 22.312452, 114.167117 22.31246, 114.167288 22.312475, 114.167466 22.312498)"
291,176,711,334648626,1168316016,0,1299955116;101193780;1299955119,麗翔道 Lai Cheung Road,primary_link,True,67.484,3,,,,,,"LINESTRING (114.166358 22.312223, 114.166453 22.31224, 114.166518 22.312252, 114.166555 22.312258, 114.166613 22.312269, 114.16666 22.312277, 114.166961 22.312332, 114.167003 22.312336)"
292,177,201,334648727,339051995,0,282735529;947010925;947010927,油麻地交匯處 Yau Ma Tei Interchange,trunk_link,True,233.425,2,80,,,,,"LINESTRING (114.160742 22.311054, 114.160682 22.311377, 114.160655 22.31202, 114.160659 22.312353, 114.160677 22.312605, 114.160687 22.312726, 114.160697 22.312878, 114.160706 22.313147)"
293,178,1428,334649071,5299116276,0,502342008;814532513;804475050;1258948342,連翔道 Lin Cheung Road,secondary,True,179.64700000000002,2;1,50,,,,,"LINESTRING (114.163763 22.307218, 114.163784 22.307265, 114.16384 22.30739, 114.163859 22.307476, 114.163867 22.30757, 114.163863 22.307636, 114.163857 22.307782, 114.163856 22.307844, 114.16384 22.308024, 114.163816 22.308268, 114.163805 22.308415, 114.163797 22.308495, 114.163772 22.30855, 114.163736 22.308629, 114.163658 22.308787)"
294,178,1428,334649071,5299116276,1,30343433;1258948339;1258948343,連翔道 Lin Cheung Road,trunk_link,True,176.53199999999998,1,50,,,,,"LINESTRING (114.163763 22.307218, 114.163747 22.307259, 114.163693 22.307398, 114.163664 22.307472, 114.163644 22.307635, 114.163639 22.307796, 114.163626 22.308015, 114.163625 22.30825, 114.163631 22.308387, 114.163636 22.308484, 114.163638 22.308549, 114.163644 22.308626, 114.163658 22.308787)"
295,179,180,334649361,334649362,0,282222745;1196816207,,trunk_link,True,40.631,2,,,,,,"LINESTRING (114.161453 22.308431, 114.161369 22.308283, 114.161303 22.308177, 114.161258 22.308113)"
296,180,1608,334649362,8739539401,0,1196816198;1196816201;944362666;1196816203;1196816202;1452446927;1196816208;1452446929;251340659;1195057116;41415039,西九龍公路 West Kowloon Highway;西區海底隧道 Western Harbour Crossing,trunk,True,529.649,5;6;4;3,50;80,3,,,,"LINESTRING (114.161258 22.308113, 114.161219 22.307985, 114.161118 22.307708, 114.16084 22.306986, 114.160761 22.306814, 114.160682 22.306644, 114.160623 22.306518, 114.160533 22.306327, 114.160488 22.306232, 114.160432 22.306112, 114.160301 22.305892, 114.160232 22.305776, 114.160185 22.305699, 114.160151 22.305634, 114.160133 22.305598, 114.160037 22.305432, 114.160021 22.305397, 114.159963 22.305297, 114.159897 22.305182, 114.159855 22.305109, 114.159804 22.30503, 114.159764 22.304967, 114.15969 22.304858, 114.159384 22.304416, 114.159258 22.304235, 114.159114 22.30404, 114.158973 22.303872)"
297,181,182,334649728,334649851,0,30343509;947213764;947213765,連翔道 Lin Cheung Road,trunk,True,229.846,3,70,,,,,"LINESTRING (114.160843 22.317115, 114.160963 22.316804, 114.161013 22.316674, 114.161058 22.316568, 114.161233 22.316086, 114.161595 22.315169)"
298,182,183,334649851,334650280,0,1196816168;282735527,連翔道 Lin Cheung Road,trunk,True,128.084,2;3,70,,,,,"LINESTRING (114.161595 22.315169, 114.161641 22.314968, 114.161687 22.314739, 114.161709 22.314626, 114.161723 22.314552, 114.161761 22.314363, 114.161807 22.314034)"
299,182,1454,334649851,6046364952,0,101193744;1196816169,麗翔道 Lai Cheung Road,trunk_link,True,235.294,1,50,,,,,"LINESTRING (114.161595 22.315169, 114.161692 22.314975, 114.161786 22.314766, 114.161833 22.314638, 114.162255 22.313637, 114.162382 22.313355, 114.162452 22.313208)"
300,183,184,334650280,334650313,0,30343553;1462422342;1196816171;1196816172;30658221;251340013,雅翔道 Nga Cheung Road,trunk,True,253.429,2;3,70,,,yes,,"LINESTRING (114.161807 22.314034, 114.161808 22.313921, 114.161833 22.313564, 114.161839 22.313494, 114.16184 22.313482, 114.161841 22.313467, 114.161871 22.313105, 114.161905 22.312722, 114.161927 22.312412, 114.161936 22.312161, 114.161937 22.311996, 114.161932 22.311759)"
301,183,1713,334650280,13380795774,0,101193761;282735523;1462422343;1196816179;801278840;1460233337;151228734,連翔道 Lin Cheung Road,primary,True,300.73699999999997,1,70,,,yes,,"LINESTRING (114.161807 22.314034, 114.161841 22.31392, 114.161855 22.313864, 114.161927 22.313563, 114.161935 22.313477, 114.161937 22.313461, 114.161938 22.313452, 114.161956 22.31328, 114.161983 22.313118, 114.162035 22.312904, 114.162093 22.312707, 114.162136 22.312596, 114.1622 22.312448, 114.162327 22.312197, 114.162412 22.312036, 114.162447 22.311966, 114.162502 22.31185, 114.162556 22.311747, 114.162583 22.311692, 114.162679 22.311473)"
302,184,1431,334650313,5333519688,0,30658225;1196816170;1196816178,雅翔道 Nga Cheung Road,primary,True,125.263,1,,,,,,"LINESTRING (114.161932 22.311759, 114.161943 22.311677, 114.161999 22.31138, 114.162036 22.31103, 114.162134 22.31065)"
303,184,202,334650313,339052061,0,1196817642;1196816173;151226359,,trunk_link,True,198.005,2,100,,,,,"LINESTRING (114.161932 22.311759, 114.161924 22.311679, 114.161916 22.311618, 114.161888 22.311378, 114.16186 22.311087, 114.161818 22.310799, 114.161793 22.310688, 114.161764 22.310572, 114.161697 22.310298, 114.161631 22.310003)"
304,185,186,334650573,334650575,0,1299955114;494470498;1299955118,麗翔道 Lai Cheung Road,primary,True,141.338,1,,,,,,"LINESTRING (114.165174 22.312156, 114.165775 22.312255, 114.166245 22.312332, 114.166412 22.312361, 114.166525 22.312385)"
305,186,701,334650575,1168315927,0,947001216,麗翔道 Lai Cheung Road,primary,True,13.191,2,,,,,,"LINESTRING (114.166525 22.312385, 114.166651 22.312405)"
306,187,727,334650656,1172166367,0,30343574,麗翔道 Lai Cheung Road,secondary,True,11.215,2,,,,,,"LINESTRING (114.164758 22.311931, 114.164865 22.311951)"
307,187,705,334650656,1168315964,0,101515912,海泓道 Hoi Wang Road,tertiary,True,17.676000000000002,3,,,,,,"LINESTRING (114.164758 22.311931, 114.164738 22.312048, 114.164731 22.312088)"
308,188,181,334650908,334649728,0,947213768;947213769;947213770;947213771;282868466,連翔道 Lin Cheung Road,trunk,True,407.17,3,70,,,,,"LINESTRING (114.159149 22.320415, 114.15927 22.32023, 114.159657 22.319639, 114.159722 22.319525, 114.160067 22.318878, 114.16016 22.318678, 114.160353 22.318216, 114.16057 22.317694, 114.160651 22.317505, 114.160752 22.317282, 114.160843 22.317115)"
309,189,57,334651084,288995089,0,879823970;947213774;282458864;947213777;101558265,連翔道 Lin Cheung Road,trunk_link,True,233.32399999999998,1;2,50,,,,,"LINESTRING (114.15887 22.319382, 114.158815 22.319462, 114.158669 22.31967, 114.158653 22.3197, 114.158532 22.319927, 114.158117 22.320683, 114.15802 22.32084, 114.157986 22.320886, 114.157945 22.320935, 114.157911 22.320968, 114.157869 22.321007, 114.157751 22.321105, 114.157694 22.321158)"
310,189,193,334651084,334651930,0,101558305;897957218;947230531;947213775;947213776,連翔道 Lin Cheung Road,trunk,True,502.8179999999999,2,50;80,,,,,"LINESTRING (114.15887 22.319382, 114.158838 22.319469, 114.15876 22.319701, 114.158741 22.319741, 114.158572 22.320103, 114.158422 22.320376, 114.158239 22.320675, 114.158041 22.320978, 114.157778 22.321358, 114.156649 22.322883, 114.156466 22.323086, 114.156335 22.323221)"
311,190,1561,334651141,7539621741,0,897957217;672851554;1196816163;1196816162;1196816161,連翔道 Lin Cheung Road,trunk,True,155.633,2;3,50,,,,,"LINESTRING (114.15991 22.316828, 114.159872 22.316926, 114.159856 22.316969, 114.159836 22.317022, 114.159691 22.317404, 114.159449 22.318016, 114.159409 22.318113, 114.159396 22.318144)"
312,190,1027,334651141,1640472735,0,1196816164;1196816165;1196816166;263841772;1234874706,,trunk_link,True,192.20499999999998,1,50;80,,,,,"LINESTRING (114.15991 22.316828, 114.159821 22.31692, 114.159785 22.316951, 114.159742 22.31699, 114.159677 22.317044, 114.159582 22.317114, 114.159441 22.317176, 114.159305 22.317203, 114.159134 22.317224, 114.158622 22.317233, 114.158538 22.317241, 114.158428 22.317251, 114.158293 22.317264, 114.158188 22.317279)"
313,191,1241,334651193,2863929182,0,492429277;1037081175;1189761532;1189761533;1189761534;1189761535,海帆道 Hoi Fan Road,residential,False,407.011,2,,,,,,"LINESTRING (114.158526 22.317474, 114.158527 22.317506, 114.158535 22.317691, 114.15854 22.317819, 114.158538 22.317883, 114.158533 22.318021, 114.158498 22.318141, 114.158489 22.318171, 114.158456 22.318288, 114.157713 22.319705, 114.157646 22.319831, 114.157524 22.320058, 114.157447 22.320172, 114.157346 22.320245, 114.157226 22.320291, 114.157124 22.320299, 114.156864 22.320307, 114.156852 22.320308, 114.156812 22.320309, 114.156695 22.320333)"
314,191,1561,334651193,7539621741,0,778737856;1234874710;1196816167,櫻桃街 Cherry Street,trunk_link,True,137.036,1,50,,,,,"LINESTRING (114.158526 22.317474, 114.158635 22.317476, 114.158951 22.3175, 114.159002 22.317515, 114.159076 22.317539, 114.159174 22.317594, 114.159257 22.317657, 114.159306 22.317738, 114.159343 22.317814, 114.159357 22.317857, 114.159365 22.317899, 114.159372 22.317931, 114.159378 22.317966, 114.15938 22.317987, 114.159385 22.318008, 114.159392 22.318112, 114.159396 22.318144)"
315,192,191,334651195,334651193,0,30343669,櫻桃街 Cherry Street,secondary,True,33.2,1,,,,,,"LINESTRING (114.158209 22.317416, 114.158288 22.31743, 114.158426 22.317456, 114.158526 22.317474)"
316,192,124,334651195,332232290,0,691539435;722487308;30149099;722487311;26379514,櫻桃街行車隧道 Cherry Street Underpass;櫻桃街 Cherry Street,secondary,True,401.37899999999996,2,,,,,yes,"LINESTRING (114.158209 22.317416, 114.158283 22.317412, 114.15842 22.317405, 114.158519 22.3174, 114.158622 22.317394, 114.159441 22.317396, 114.159659 22.317403, 114.159907 22.317432, 114.160128 22.31747, 114.160352 22.317524, 114.160631 22.317601, 114.160918 22.317696, 114.161463 22.317894, 114.161897 22.318071, 114.161969 22.31812)"
317,193,49,334651930,279077145,0,947230528;947230529;947230530;282868458;101558285;947230523;947230524;947230527,連翔道 Lin Cheung Road,trunk,True,481.34499999999997,4;3,80,,,,,"LINESTRING (114.156335 22.323221, 114.156032 22.323584, 114.155722 22.323955, 114.155509 22.324206, 114.155013 22.324698, 114.154954 22.324756, 114.15487 22.324838, 114.154829 22.324873, 114.154775 22.324916, 114.154633 22.325027, 114.154523 22.325102, 114.154489 22.325125, 114.153428 22.325932, 114.153033 22.32626)"
318,194,1712,339050813,13380795766,0,947001217;1196816229;1196816230;947012305;947012306,油麻地交匯處 Yau Ma Tei Interchange,primary,True,136.141,4;3,50,,,yes,,"LINESTRING (114.160647 22.310423, 114.16063 22.310507, 114.16061 22.310608, 114.160514 22.31103, 114.160485 22.311245, 114.160479 22.31134, 114.160486 22.311456, 114.160524 22.311629)"
319,195,940,339050894,1624950132,0,1375562881;1375570562;1196816227;1375570561;30658053;881921238,油麻地交匯處 Yau Ma Tei Interchange,primary_link,True,469.11099999999993,1,50,,,yes,,"LINESTRING (114.161561 22.312476, 114.161692 22.312469, 114.161891 22.312449, 114.162026 22.312425, 114.162166 22.312386, 114.16231 22.312331, 114.162444 22.312264, 114.16259 22.312173, 114.162707 22.312075, 114.162802 22.311981, 114.162896 22.311876, 114.162966 22.311779, 114.163036 22.311669, 114.163081 22.311598, 114.163125 22.311517, 114.163152 22.311455, 114.163183 22.311353, 114.163242 22.311181, 114.163316 22.310914, 114.163386 22.310678, 114.163426 22.310503, 114.163466 22.310314, 114.163592 22.309765, 114.163611 22.309676, 114.163672 22.309376, 114.163697 22.309206)"
320,195,196,339050894,339050900,0,1460155169;1196816228,油麻地交匯處 Yau Ma Tei Interchange,primary,True,153.436,2,50,,,yes,,"LINESTRING (114.161561 22.312476, 114.161699 22.312498, 114.161822 22.312512, 114.161945 22.312515, 114.162051 22.312507, 114.162208 22.312484, 114.162344 22.312456, 114.162501 22.312414, 114.162666 22.312355, 114.162987 22.312205)"
321,196,1437,339050900,5436700706,0,564207408;564207409;689905547;1460155166,中九龍繞道 Central Kowloon Bypass,trunk_link,True,182.204,1,,,,yes,,"LINESTRING (114.162987 22.312205, 114.163273 22.311995, 114.163408 22.311895, 114.163554 22.311793, 114.163761 22.311659, 114.164076 22.311462, 114.164153 22.311408, 114.164394 22.311211)"
322,196,197,339050900,339050906,0,1460155168;643060161;282222741,油麻地交匯處 Yau Ma Tei Interchange,primary,True,166.291,1;2,50,,,yes,,"LINESTRING (114.162987 22.312205, 114.163302 22.312051, 114.163367 22.312025, 114.16349 22.311975, 114.163612 22.311935, 114.163741 22.311905, 114.163866 22.311889, 114.164003 22.311882, 114.164128 22.31189, 114.164291 22.311905, 114.164436 22.311935, 114.164524 22.31196)"
323,197,706,339050906,1168315967,0,1299955115;30343389,油麻地交匯處 Yau Ma Tei Interchange,primary_link,True,181.809,1,50,,,yes,,"LINESTRING (114.164524 22.31196, 114.164692 22.311996, 114.164997 22.312058, 114.165812 22.312194, 114.166261 22.312261)"
324,197,1615,339050906,9125470649,0,492380160;30658051,油麻地交匯處 Yau Ma Tei Interchange,primary,True,196.72299999999998,1,50,,,yes,,"LINESTRING (114.164524 22.31196, 114.164769 22.31205, 114.164906 22.312098, 114.1651 22.312162, 114.1653 22.312222, 114.165468 22.312265, 114.165642 22.312301, 114.165813 22.312332, 114.166251 22.312402, 114.166364 22.312419)"
325,198,199,339051592,339051594,0,30658125,連翔道 Lin Cheung Road,trunk,True,70.683,4,80,,,,,"LINESTRING (114.161153 22.311344, 114.161022 22.311572, 114.160952 22.311764, 114.160924 22.311936)"
326,199,171,339051594,334647895,0,151226338;1214742157;1196816212;1196816213;282222744,,motorway_link,True,298.7559999999999,1;2,80,,,,,"LINESTRING (114.160924 22.311936, 114.160946 22.312222, 114.160947 22.312273, 114.160958 22.312344, 114.160991 22.312598, 114.161054 22.313025, 114.161072 22.313196, 114.161079 22.313303, 114.161084 22.313451, 114.161083 22.313552, 114.161076 22.313674, 114.161063 22.31382, 114.161042 22.314005, 114.161033 22.314085, 114.16101 22.314294, 114.161 22.31438, 114.16099 22.314474, 114.16097 22.314609)"
327,199,1242,339051594,2866714633,0,947010928;1460155170;30658139,連翔道 Lin Cheung Road,primary,True,149.657,1,80,,,,,"LINESTRING (114.160924 22.311936, 114.160851 22.312224, 114.160842 22.312288, 114.160817 22.312577, 114.160804 22.312759, 114.160804 22.31282, 114.1608 22.312871, 114.16076 22.313141, 114.160735 22.313268)"
328,200,179,339051674,334649361,0,859737025;1196816204;30658126;30658127;1196816209;807722995;1258948340,,trunk_link,True,287.312,2;1,,,,yes,,"LINESTRING (114.163508 22.309196, 114.163372 22.309321, 114.163298 22.309393, 114.16323 22.30944, 114.16306 22.30952, 114.16287 22.309562, 114.16268 22.309572, 114.16253 22.309563, 114.162389 22.309522, 114.162256 22.30946, 114.16214 22.30938, 114.16203 22.30928, 114.16193 22.30916, 114.161896 22.30911, 114.161857 22.309058, 114.161823 22.309007, 114.16155 22.308554, 114.161453 22.308431)"
329,200,198,339051674,339051592,0,1460155171;1460155173;859737033;30658123;1258948341,連翔道 Lin Cheung Road,primary,True,351.36400000000003,2,50;80,,,yes,,"LINESTRING (114.163508 22.309196, 114.163469 22.309372, 114.163361 22.309553, 114.1633 22.309656, 114.163216 22.309775, 114.163151 22.309857, 114.163078 22.309939, 114.162982 22.310039, 114.162861 22.31015, 114.162759 22.310234, 114.162657 22.310307, 114.162551 22.310375, 114.162446 22.310437, 114.162348 22.310488, 114.162238 22.310542, 114.162164 22.310579, 114.162097 22.31061, 114.161972 22.310662, 114.161876 22.310706, 114.161789 22.310749, 114.161697 22.3108, 114.161612 22.310853, 114.161526 22.310913, 114.161458 22.310965, 114.161411 22.311003, 114.16135 22.31106, 114.161281 22.31115, 114.161153 22.311344)"
330,201,1242,339051995,2866714633,0,30343817,連翔道 Lin Cheung Road,trunk_link,True,13.779,2,80,,,,,"LINESTRING (114.160706 22.313147, 114.160735 22.313268)"
331,202,180,339052061,334649362,0,947010940;282222740;1196816206,西九龍公路 West Kowloon Highway,trunk,True,213.666,4,100,3,,,,"LINESTRING (114.161631 22.310003, 114.161608 22.309828, 114.161512 22.309292, 114.161369 22.3086, 114.1613 22.308296, 114.161276 22.308191, 114.161258 22.308113)"
332,203,47,339053521,278951444,0,41412398;30658226;1196816174,雅翔道 Nga Cheung Road,secondary,True,450.936,1,,,,yes,,"LINESTRING (114.162027 22.308922, 114.161784 22.30856, 114.161748 22.308502, 114.161714 22.308448, 114.161446 22.308024, 114.161374 22.307896, 114.161332 22.307812, 114.161295 22.307724, 114.161263 22.307639, 114.161235 22.307552, 114.161205 22.307433, 114.161149 22.307104, 114.161138 22.307055, 114.161125 22.307007, 114.161097 22.306926, 114.161077 22.306877, 114.160912 22.30656, 114.160885 22.306504, 114.160802 22.306318, 114.160608 22.305861, 114.160567 22.305744, 114.16042 22.305184)"
333,203,41,339053521,278949226,0,282735519;1196816175,雅翔道 Nga Cheung Road,primary_link,True,169.25500000000002,1,,,,,,"LINESTRING (114.162027 22.308922, 114.161845 22.308531, 114.161797 22.308463, 114.161771 22.308414, 114.161698 22.308256, 114.16162 22.308091, 114.161551 22.307901, 114.161538 22.307858, 114.161531 22.307824, 114.161528 22.307785, 114.161531 22.30775, 114.161538 22.307718, 114.161549 22.307685, 114.161565 22.307653, 114.161592 22.307604, 114.161625 22.307557, 114.161645 22.307521)"
334,204,1430,339053606,5333519683,0,1196816184;1196816185;1196816182,油麻地交匯處 Yau Ma Tei Interchange,motorway_link,True,117.55000000000001,1;2,,,,,,"LINESTRING (114.161691 22.313512, 114.161798 22.313176, 114.161982 22.312708, 114.162069 22.312516)"
335,204,1436,339053606,5436700698,0,1196816186;564207407;101193743,中九龍繞道 Central Kowloon Bypass,motorway,True,265.19100000000003,2,50,6,,,,"LINESTRING (114.161691 22.313512, 114.16189 22.313211, 114.161952 22.313123, 114.162113 22.31289, 114.162265 22.312701, 114.162367 22.312577, 114.162468 22.312477, 114.162612 22.312345, 114.162682 22.312275, 114.162772 22.312191, 114.162871 22.312108, 114.163012 22.311996, 114.163209 22.311857, 114.163385 22.311748)"
336,205,865,339054158,1194152559,0,86113215,長沙灣道 Cheung Sha Wan Road,primary,True,12.497,3,,,,,,"LINESTRING (114.160983 22.331674, 114.16089 22.331747)"
337,205,265,339054158,420027766,0,103411750,欽州街 Yen Chow Street,secondary,True,116.832,3,,,,,,"LINESTRING (114.160983 22.331674, 114.160893 22.33158, 114.160862 22.331544, 114.160613 22.331258, 114.160324 22.330936, 114.160262 22.330862)"
338,206,857,339054215,1191992764,0,636444590,南昌街 Nam Cheong Street,secondary,True,12.693,3,,,,,,"LINESTRING (114.163575 22.329681, 114.163652 22.32977)"
339,206,205,339054215,339054158,0,494504032;30658261,長沙灣道 Cheung Sha Wan Road,primary,True,346.73400000000004,3,,,,,,"LINESTRING (114.163575 22.329681, 114.163502 22.329738, 114.163155 22.33, 114.163081 22.330058, 114.163004 22.330118, 114.162949 22.330161, 114.162679 22.33037, 114.162397 22.330589, 114.16236 22.330618, 114.162177 22.33076, 114.16214 22.330788, 114.161804 22.331049, 114.161714 22.331119, 114.161602 22.331206, 114.161537 22.331257, 114.161479 22.331301, 114.161358 22.331395, 114.161143 22.331555, 114.161108 22.33158, 114.160983 22.331674)"
340,207,264,339054216,420027761,0,103239095,石硤尾街 Shek Kip Mei Street,residential,True,61.119,2,,,,,,"LINESTRING (114.164478 22.32899, 114.164393 22.328895, 114.164098 22.328567)"
341,207,782,339054216,1181846041,0,103274858,長沙灣道 Cheung Sha Wan Road,primary,True,99.13499999999999,3,,,,,,"LINESTRING (114.164478 22.32899, 114.163906 22.329418, 114.163884 22.329434, 114.163731 22.329554)"
342,208,855,339054217,1191992671,0,295593138,黃竹街 Wong Chuk Street,tertiary,True,13.569,4,,,,,,"LINESTRING (114.165217 22.328394, 114.1653 22.328488)"
343,208,207,339054217,339054216,0,103274858,長沙灣道 Cheung Sha Wan Road,primary,True,100.86,3,,,,,,"LINESTRING (114.165217 22.328394, 114.164878 22.328668, 114.164819 22.328716, 114.164806 22.328726, 114.164478 22.32899)"
344,209,208,339054219,339054217,0,898482627,長沙灣道 Cheung Sha Wan Road,primary,True,229.24599999999998,2,,,,,,"LINESTRING (114.166929 22.327074, 114.166228 22.327605, 114.16613 22.327679, 114.165948 22.327818, 114.165708 22.328006, 114.165629 22.328067, 114.165607 22.328084, 114.165394 22.32825, 114.165336 22.328296, 114.165295 22.328328, 114.165217 22.328394)"
345,209,132,339054219,332238481,0,1210478343,白楊街 Poplar Street,tertiary,True,60.46,2,,,,,,"LINESTRING (114.166929 22.327074, 114.166898 22.327077, 114.166868 22.327072, 114.16684 22.327061, 114.16682 22.327047, 114.166519 22.326712)"
346,210,770,339054265,1180686922,0,30658260,長沙灣道 Cheung Sha Wan Road,primary,True,30.571,2,,,,,,"LINESTRING (114.167651 22.326574, 114.167601 22.326596, 114.167566 22.326618, 114.167529 22.326645, 114.167508 22.326659, 114.167407 22.32673)"
347,210,632,339054265,1152803610,0,99713775,長沙灣道 Cheung Sha Wan Road,primary,True,83.666,2,,,,,,"LINESTRING (114.167651 22.326574, 114.167624 22.326634, 114.167582 22.326679, 114.167551 22.326716, 114.16751 22.326757, 114.167484 22.326781, 114.167213 22.327006, 114.167176 22.327051, 114.167148 22.327104, 114.167139 22.327142)"
348,211,1618,339054415,9197567330,0,99713769,界限街 Boundary Street,primary,True,6.462,3,,,,,,"LINESTRING (114.167744 22.326489, 114.167805 22.3265)"
349,211,210,339054415,339054265,0,99713785,彌敦道 Nathan Road,primary,True,13.44,3,,,,,,"LINESTRING (114.167744 22.326489, 114.167651 22.326574)"
350,212,1649,339054417,10786928832,0,99713783,西洋菜北街 Sai Yeung Choi Street North,tertiary,True,136.435,2,,,,,,"LINESTRING (114.168528 22.326486, 114.168541 22.326426, 114.168747 22.325381, 114.168755 22.325337, 114.168768 22.325279)"
351,212,984,339054417,1636543840,0,746152014;963535967,界限街 Boundary Street,primary,True,57.39999999999999,1,,,,,,"LINESTRING (114.168528 22.326486, 114.168916 22.326509, 114.168943 22.32651, 114.168961 22.326511, 114.169085 22.326517)"
352,213,1345,384143869,4862605958,0,1222595817,麼地道 Mody Road,tertiary,False,10.282,3,,,,,,"LINESTRING (114.177905 22.298344, 114.177981 22.298403)"
353,213,1100,384143869,1649047910,0,759780801;45424066;1222595818;103020365;103020621;103020562;103020532;103020575,麼地道 Mody Road,tertiary,False,286.36899999999997,4;3,,,,,,"LINESTRING (114.177905 22.298344, 114.177868 22.298313, 114.177585 22.298081, 114.177534 22.298039, 114.177469 22.297984, 114.177418 22.297942, 114.177402 22.297929, 114.177147 22.297724, 114.176767 22.29742, 114.176751 22.297409, 114.176628 22.297303, 114.176499 22.297206, 114.176472 22.297196, 114.176434 22.297182, 114.176391 22.29717, 114.176319 22.297155, 114.176229 22.297148, 114.176003 22.297161, 114.175982 22.297164, 114.175896 22.297174, 114.175815 22.297186, 114.175756 22.297198, 114.175703 22.297216, 114.175606 22.297248)"
354,214,876,384145154,1210796370,0,1382980369;1382980373;442610590,安運道 On Wan Road,tertiary,True,28.613,1,,,,viaduct,,"LINESTRING (114.1819 22.304129, 114.181993 22.304105, 114.182071 22.304096, 114.182116 22.304092, 114.182173 22.304101)"
355,214,1426,384145154,5271293472,0,1382980371;105025220;1382980372,暢運道 Cheong Wan Road,tertiary,True,18.948,1,,,,viaduct,,"LINESTRING (114.1819 22.304129, 114.181973 22.304157, 114.181998 22.304171, 114.182011 22.30418, 114.182031 22.304196, 114.182052 22.30422)"
356,215,1272,384147520,3676641732,0,1237546168;494452056;45740604,紅磡繞道 Hung Hom Bypass,primary,True,295.751,2;3,70,,,yes,,"LINESTRING (114.183419 22.304812, 114.183329 22.304898, 114.183251 22.304967, 114.183001 22.305156, 114.182818 22.305276, 114.182455 22.305507, 114.18213 22.305678, 114.181035 22.306284)"
357,216,1581,384147522,7677313935,0,101558266,紅磡繞道 Hung Hom Bypass,primary_link,True,10.621,2,,,,yes,,"LINESTRING (114.18408 22.302181, 114.184078 22.302277)"
358,216,745,384147522,1172757991,0,101558270,都會道 Metropolis Drive,tertiary,True,16.214,2,,,,yes,,"LINESTRING (114.18408 22.302181, 114.183922 22.302182)"
359,217,31,384147857,276169638,0,1120037548;891843005;441937726,紅磡繞道 Hung Hom Bypass,primary,True,539.288,2,70,,,viaduct;yes,,"LINESTRING (114.186359 22.302106, 114.186041 22.30176, 114.185991 22.301698, 114.185895 22.301584, 114.185769 22.301455, 114.185642 22.301337, 114.185483 22.301194, 114.185351 22.301088, 114.185187 22.300966, 114.185075 22.300888, 114.184932 22.300795, 114.184763 22.300695, 114.184558 22.300581, 114.184242 22.300413, 114.183852 22.30022, 114.183684 22.300132, 114.18289 22.299721, 114.18261 22.299594, 114.182475 22.299534, 114.182302 22.299465, 114.182092 22.299399)"
360,217,239,384147857,384387096,0,1237546177;1207652538;1384347582;33620423,紅磡繞道 Hung Hom Bypass,primary_link,True,220.882,2,50;70,,,viaduct;yes,,"LINESTRING (114.186359 22.302106, 114.186125 22.301722, 114.186083 22.301666, 114.185626 22.301054, 114.185407 22.300827, 114.185205 22.300677, 114.185164 22.300651, 114.185035 22.30057)"
361,218,733,384148134,1172757541,0,33620440;1237546160,紅磡繞道 Hung Hom Bypass,primary_link,True,26.642000000000003,2,,,,yes,,"LINESTRING (114.184338 22.302398, 114.184284 22.302338, 114.184231 22.30228, 114.184164 22.302222)"
362,218,744,384148134,1172757984,0,1237546162;1207333539;451814859,紅磡繞道 Hung Hom Bypass,primary_link,True,39.777,2,50,,,yes,,"LINESTRING (114.184338 22.302398, 114.184344 22.302329, 114.184349 22.30226, 114.184349 22.302192, 114.18435 22.302162, 114.184352 22.302092, 114.18435 22.302041)"
363,219,214,384377131,384145154,0,441937729,安運道 On Wan Road,tertiary,True,68.588,2,,,,viaduct,,"LINESTRING (114.181371 22.303853, 114.18142 22.303933, 114.181532 22.304054, 114.181584 22.304098, 114.181635 22.304121, 114.181719 22.304139, 114.1819 22.304129)"
364,220,534,384377185,990120613,0,105307487,暢運道 Cheong Wan Road,tertiary,True,10.611,1,,,,,,"LINESTRING (114.183786 22.306007, 114.183732 22.305926)"
365,220,1074,384377185,1642183081,0,1213727669,紅磡南道 Hung Hom South Road,secondary,True,49.608,2,,,,,,"LINESTRING (114.183786 22.306007, 114.184083 22.305845, 114.184201 22.305781)"
366,221,540,384377578,990625795,0,1085023262,紅鸞道 Hung Luen Road,tertiary_link,True,50.142999999999994,1,50,,,,,"LINESTRING (114.188591 22.3024, 114.188547 22.302441, 114.188526 22.302535, 114.188498 22.30263, 114.18846 22.302723, 114.188414 22.302812)"
367,221,231,384377578,384382196,0,1085023264;494455166,紅鸞道 Hung Luen Road,tertiary,True,41.451,1;2,,,,,,"LINESTRING (114.188591 22.3024, 114.188632 22.302447, 114.188632 22.302487, 114.18862 22.302562, 114.1886 22.302638, 114.188574 22.302711, 114.188556 22.302748)"
368,222,1504,384377579,6705233168,0,33620205,,tertiary_link,True,12.463,1,,,,,,"LINESTRING (114.188586 22.302269, 114.188706 22.302282)"
369,222,221,384377579,384377578,0,729448571,紅鸞道 Hung Luen Road,tertiary,True,14.519,2,,,,,,"LINESTRING (114.188586 22.302269, 114.188591 22.3024)"
370,223,226,384377581,384381698,0,1049941516;1207333517,紅鸞道 Hung Luen Road,tertiary,False,114.261,4,,,,,,"LINESTRING (114.188279 22.301701, 114.188139 22.301621, 114.188029 22.301567, 114.18729 22.301236)"
371,223,222,384377581,384377579,0,184475425;1207333518;729448570;729448572;1085023263,紅鸞道 Hung Luen Road,tertiary,True,70.663,2;3,,,,,,"LINESTRING (114.188279 22.301701, 114.188326 22.30178, 114.18837 22.301854, 114.188388 22.301883, 114.18847 22.302025, 114.188502 22.302084, 114.188535 22.302153, 114.188586 22.302269)"
372,224,226,384377582,384381698,0,1207333515,紅鸞道 Hung Luen Road,tertiary,False,39.333,4,,,,,,"LINESTRING (114.186934 22.301106, 114.18729 22.301236)"
373,224,1532,384377582,6734895303,0,1207333516,紅鸞道 Hung Luen Road,tertiary,True,36.182,2,,,,,,"LINESTRING (114.186934 22.301106, 114.1867 22.301, 114.186615 22.300971)"
374,225,1532,384377583,6734895303,0,1207333520,建灣街 Kin Wan Street,residential,True,12.38,1,,,,,,"LINESTRING (114.186585 22.301079, 114.186615 22.300971)"
375,225,224,384377583,384377582,0,85460157,紅鸞道 Hung Luen Road,tertiary,True,36.138,2,,,,,,"LINESTRING (114.186585 22.301079, 114.186678 22.301082, 114.186934 22.301106)"
376,226,224,384381698,384377582,0,1207333515,紅鸞道 Hung Luen Road,tertiary,False,39.333,4,,,,,,"LINESTRING (114.18729 22.301236, 114.186934 22.301106)"
377,226,223,384381698,384377581,0,1049941516;1207333517,紅鸞道 Hung Luen Road,tertiary,False,114.26100000000001,4,,,,,,"LINESTRING (114.18729 22.301236, 114.188029 22.301567, 114.188139 22.301621, 114.188279 22.301701)"
378,227,500,384382066,989119028,0,85320842;1384347580,紅鸞道 Hung Luen Road,primary_link,True,96.485,1,50,,,,,"LINESTRING (114.188077 22.303155, 114.187682 22.30341, 114.187593 22.30344, 114.187486 22.303443, 114.187412 22.303428, 114.187332 22.303386, 114.187257 22.303345)"
379,227,226,384382066,384381698,0,320529651;1207652527,愛景街 Oi King Street,residential,True,261.734,2,,,,,,"LINESTRING (114.188077 22.303155, 114.187946 22.303132, 114.187865 22.30307, 114.187835 22.303032, 114.187461 22.302552, 114.187311 22.302348, 114.187218 22.302222, 114.187093 22.302052, 114.187034 22.301969, 114.187009 22.301837, 114.187052 22.301702, 114.187139 22.301555, 114.187239 22.30135, 114.187253 22.30132, 114.18729 22.301236)"
380,228,508,384382080,990120029,0,435674069,紅磡南道 Hung Hom South Road,tertiary,True,14.463,3,,,,,,"LINESTRING (114.185837 22.30481, 114.185947 22.304891)"
381,228,513,384382080,990120080,0,85320740,紅磡南道 Hung Hom South Road,tertiary,True,200.646,2,,,,,,"LINESTRING (114.185837 22.30481, 114.185765 22.30486, 114.185691 22.304911, 114.185527 22.305007, 114.185129 22.305212, 114.184834 22.305365, 114.184394 22.305571, 114.184234 22.305657, 114.184145 22.305704)"
382,229,500,384382119,989119028,0,33613805;427556437;1207904359,紅磡繞道 Hung Hom Bypass,primary,True,79.386,3,50;70,,,,,"LINESTRING (114.187686 22.303937, 114.187598 22.303839, 114.187332 22.303466, 114.187301 22.303417, 114.187257 22.303345)"
383,229,230,384382119,384382192,0,748975040;33620351;748975039,船景街 Shung King Street,primary_link,True,176.43699999999998,1,,,,,,"LINESTRING (114.187686 22.303937, 114.187688 22.303846, 114.187694 22.30376, 114.187719 22.303677, 114.187762 22.303601, 114.187822 22.303535, 114.187894 22.303481, 114.1885 22.303108, 114.188546 22.303083, 114.188606 22.303062, 114.18865 22.303053, 114.188702 22.30305, 114.188754 22.303054, 114.188805 22.303066, 114.188854 22.303084, 114.188898 22.303109)"
384,231,1334,384382196,4860805876,0,33620020,紅鸞道 Hung Luen Road,tertiary,True,4.83,2,,,,,,"LINESTRING (114.188556 22.302748, 114.188537 22.302788)"
385,231,540,384382196,990625795,0,33620339,紅鸞道 Hung Luen Road,tertiary_link,True,16.415,1,,,,,,"LINESTRING (114.188556 22.302748, 114.188505 22.302762, 114.188459 22.302782, 114.188414 22.302812)"
386,232,303,384382986,459476552,0,152073874,仁勇街 Yan Yung Street,residential,True,167.606,2,,,,,,"LINESTRING (114.185209 22.303334, 114.18529 22.303384, 114.185804 22.3037, 114.186216 22.303972, 114.186242 22.303989, 114.186319 22.30404, 114.186352 22.304073, 114.186378 22.304113, 114.186398 22.304173, 114.186396 22.30421, 114.186379 22.304277)"
387,233,1680,384383004,11494497175,0,1207333521,紅鸞道 Hung Luen Road,tertiary,True,37.245000000000005,3,,,,,,"LINESTRING (114.186148 22.301117, 114.186289 22.301092, 114.186318 22.301088, 114.186507 22.301078)"
388,234,233,384384346,384383004,0,33620386;1071994074;1287326508;1287326509,紅樂道 Hung Lok Road;紅鸞道 Hung Luen Road,tertiary_link;tertiary,True,181.13,1,,,,,,"LINESTRING (114.185137 22.30116, 114.185316 22.301258, 114.185365 22.30129, 114.185408 22.301325, 114.185466 22.301378, 114.185489 22.301403, 114.185514 22.301436, 114.185533 22.301468, 114.185548 22.301506, 114.185609 22.301759, 114.185665 22.301583, 114.185684 22.301539, 114.185696 22.301511, 114.185736 22.301445, 114.185777 22.301393, 114.185806 22.301362, 114.185855 22.301319, 114.185907 22.30128, 114.185963 22.301244, 114.186148 22.301117)"
389,234,233,384384346,384383004,1,85404072;1287326513;1287326512;85460170,紅磡繞道 Hung Hom Bypass;紅鸞道 Hung Luen Road,tertiary,True,105.316,2,70,,,,,"LINESTRING (114.185137 22.30116, 114.185317 22.30119, 114.185464 22.301204, 114.185574 22.301203, 114.185619 22.3012, 114.185675 22.301192, 114.18597 22.301129, 114.186148 22.301117)"
390,235,236,384385470,384385475,0,33620413,紅磡繞道 Hung Hom Bypass,tertiary,True,14.11,2,,,,,,"LINESTRING (114.184127 22.300982, 114.184138 22.301018, 114.184155 22.301053, 114.184188 22.301094)"
391,235,1341,384385470,4862139808,0,85320763;1237546173,紅磡繞道 Hung Hom Bypass,tertiary,True,55.879999999999995,2,,,,,,"LINESTRING (114.184127 22.300982, 114.18409 22.301164, 114.184047 22.301318, 114.184021 22.301412, 114.184001 22.30147)"
392,236,1338,384385475,4862079512,0,33620413,紅磡繞道 Hung Hom Bypass,tertiary,True,18.53,2,,,,,,"LINESTRING (114.184188 22.301094, 114.184231 22.301126, 114.18427 22.301144, 114.184309 22.301155, 114.184349 22.301159)"
393,236,1609,384385475,8870889525,0,1207652535,暢通道南 Cheong Tung Road South,tertiary,True,25.284,1,,,,,,"LINESTRING (114.184188 22.301094, 114.184188 22.30118, 114.184202 22.30132)"
394,237,234,384385484,384384346,0,1207333523;33620406,紅鸞道 Hung Luen Road,tertiary,True,67.8,2;3,,,,,,"LINESTRING (114.184499 22.301112, 114.184666 22.301073, 114.184736 22.301065, 114.184804 22.301067, 114.184936 22.301096, 114.185137 22.30116)"
395,237,1337,384385484,4862079505,0,435674076,紅磡繞道 Hung Hom Bypass,tertiary,True,38.295,2,,,,,,"LINESTRING (114.184499 22.301112, 114.184549 22.30106, 114.18457 22.301023, 114.184578 22.300997, 114.184585 22.30095, 114.184581 22.300907, 114.184564 22.300857, 114.184527 22.300804)"
396,238,235,384385509,384385470,0,33620413,紅磡繞道 Hung Hom Bypass,tertiary,True,33.519,2,,,,,,"LINESTRING (114.184281 22.300744, 114.184244 22.300759, 114.18421 22.300779, 114.184177 22.30081, 114.184151 22.300845, 114.184135 22.300881, 114.184126 22.300919, 114.184127 22.300982)"
397,239,1341,384387096,4862139808,0,1237546172;33620430;1237546175,紅磡繞道 Hung Hom Bypass,primary_link,True,199.35600000000002,1,50,,,,,"LINESTRING (114.185035 22.30057, 114.184847 22.300473, 114.184811 22.300458, 114.184775 22.300446, 114.184722 22.300436, 114.184658 22.300428, 114.184594 22.300424, 114.184531 22.300428, 114.184476 22.300438, 114.184415 22.300456, 114.184315 22.300499, 114.184223 22.300567, 114.184122 22.300665, 114.184079 22.300729, 114.184044 22.300795, 114.184021 22.300858, 114.18398 22.301035, 114.183965 22.301228, 114.183962 22.301316, 114.183983 22.301407, 114.184001 22.30147)"
398,239,238,384387096,384385509,0,1237546176;33620421;85320758,紅磡繞道 Hung Hom Bypass,primary_link,True,85.78899999999999,1;2,50,,,,,"LINESTRING (114.185035 22.30057, 114.184815 22.300538, 114.184774 22.300534, 114.184728 22.300531, 114.18467 22.30053, 114.184625 22.300537, 114.184576 22.300549, 114.184485 22.300576, 114.184421 22.30062, 114.184382 22.30065, 114.184281 22.300744)"
399,240,731,384390555,1172757469,0,33620497,都會道 Metropolis Drive,tertiary,True,17.167,2,,,,viaduct,,"LINESTRING (114.183189 22.3023, 114.183192 22.302262, 114.183193 22.302226, 114.183187 22.302186, 114.183178 22.302146)"
400,240,1581,384390555,7677313935,0,1207333538;908591601;33620482;33620444,都會道 Metropolis Drive,tertiary,True,91.695,2;3,,,,viaduct,,"LINESTRING (114.183189 22.3023, 114.183237 22.302293, 114.183278 22.302286, 114.18343 22.302271, 114.183921 22.302268, 114.183996 22.302269, 114.184078 22.302277)"
401,241,1184,394176279,1651828012,0,34360954,書院道 College Road,residential,False,102.247,,,,,,,"LINESTRING (114.184049 22.327228, 114.184051 22.32729, 114.184053 22.327352, 114.184061 22.327609, 114.184079 22.328147)"
402,241,512,394176279,990120079,0,493123698;1315073892,界限街 Boundary Street,secondary,True,183.05700000000002,2;3,,,,,,"LINESTRING (114.184049 22.327228, 114.184139 22.327231, 114.184661 22.327246, 114.18533 22.327266, 114.18536 22.327267, 114.18545 22.32727, 114.185559 22.327274, 114.18561 22.327275, 114.18566 22.327277, 114.185828 22.327283)"
403,242,1184,394176280,1651828012,0,34360954,書院道 College Road,residential,False,104.627,,,,,,,"LINESTRING (114.18411 22.329088, 114.184107 22.329012, 114.184079 22.328147)"
404,242,244,394176280,394176283,0,493133252;485774647;493133255,衙前圍道 Nga Tsin Wai Road,tertiary,False,267.547,2;3,,,,,,"LINESTRING (114.18411 22.329088, 114.183671 22.329104, 114.183626 22.329117, 114.183583 22.329136, 114.183545 22.329161, 114.183511 22.329192, 114.183141 22.329625, 114.183033 22.329752, 114.182904 22.329902, 114.182864 22.32995, 114.182829 22.329991, 114.182751 22.330084, 114.182713 22.330122, 114.182666 22.330149, 114.182613 22.330164, 114.18213 22.33019, 114.182036 22.330195)"
405,242,1187,394176280,1651828018,0,1160447276,衙前圍道 Nga Tsin Wai Road,tertiary,False,133.519,4,,,,,,"LINESTRING (114.18411 22.329088, 114.18436 22.329081, 114.18454 22.329076, 114.184774 22.329069, 114.184967 22.329064, 114.185407 22.329051)"
406,243,523,394176281,990120262,0,34360955,喇沙利道 La Salle Road,residential,False,46.289,,,,,,,"LINESTRING (114.181987 22.326375, 114.182001 22.326283, 114.182058 22.325964)"
407,243,1522,394176281,6705233557,0,458703405;458703374,喇沙利道 La Salle Road,tertiary,False,82.647,4,,,,,,"LINESTRING (114.181987 22.326375, 114.181976 22.326462, 114.18196 22.326642, 114.181958 22.326664, 114.181928 22.327011, 114.181925 22.327043, 114.181917 22.327116)"
408,243,581,394176281,1141792825,0,485774643,太子道西 Prince Edward Road West,primary,True,205.02100000000002,4,,,,,,"LINESTRING (114.181987 22.326375, 114.180509 22.326125, 114.180363 22.326099, 114.180322 22.326093, 114.180268 22.326084, 114.180218 22.326075, 114.180161 22.326065, 114.180027 22.326042)"
409,244,1522,394176283,6705233557,0,1265722986;85320838,喇沙利道 La Salle Road,tertiary,False,342.611,3,,,,,,"LINESTRING (114.182036 22.330195, 114.182032 22.330094, 114.182014 22.3297, 114.181984 22.329028, 114.18196 22.328474, 114.18194 22.328046, 114.181933 22.327873, 114.181931 22.327799, 114.181924 22.327529, 114.18192 22.327268, 114.181918 22.327238, 114.181917 22.327116)"
410,244,1313,394176283,4856147006,0,150595707,蘭開夏道 Lancashire Road,tertiary,False,126.51799999999999,,,,,,,"LINESTRING (114.182036 22.330195, 114.181857 22.330204, 114.18144 22.330226, 114.181395 22.330228, 114.18096 22.330251, 114.180808 22.330259)"
411,244,242,394176283,394176280,0,493133255;493133252;485774647,衙前圍道 Nga Tsin Wai Road,tertiary,False,267.547,2;3,,,,,,"LINESTRING (114.182036 22.330195, 114.18213 22.33019, 114.182613 22.330164, 114.182666 22.330149, 114.182713 22.330122, 114.182751 22.330084, 114.182829 22.329991, 114.182864 22.32995, 114.182904 22.329902, 114.183033 22.329752, 114.183141 22.329625, 114.183511 22.329192, 114.183545 22.329161, 114.183583 22.329136, 114.183626 22.329117, 114.183671 22.329104, 114.18411 22.329088)"
412,244,245,394176283,394176285,0,1265722985;493126441,喇沙利道 La Salle Road,tertiary,False,159.047,2;3,,,,,,"LINESTRING (114.182036 22.330195, 114.182038 22.330305, 114.182046 22.330607, 114.182042 22.330684, 114.182029 22.330938, 114.182019 22.331005, 114.181982 22.331254, 114.181953 22.331393, 114.181902 22.331614)"
413,245,907,394176285,1293266513,0,114127031,東寶庭道 Dumbarton Road,residential,False,45.788000000000004,,,,,,,"LINESTRING (114.181902 22.331614, 114.181972 22.331632, 114.182332 22.331721)"
414,245,970,394176285,1634974112,0,493126441,喇沙利道 La Salle Road,tertiary,False,93.90899999999999,2,,,,,,"LINESTRING (114.181902 22.331614, 114.181755 22.331987, 114.1817 22.332152, 114.181677 22.332277, 114.181676 22.332344, 114.181674 22.332425)"
415,245,244,394176285,394176283,0,493126441;1265722985,喇沙利道 La Salle Road,tertiary,False,159.047,2;3,,,,,,"LINESTRING (114.181902 22.331614, 114.181953 22.331393, 114.181982 22.331254, 114.182019 22.331005, 114.182029 22.330938, 114.182042 22.330684, 114.182046 22.330607, 114.182038 22.330305, 114.182036 22.330195)"
416,246,1199,394176291,1864490832,0,101294845,,residential,True,52.824999999999996,,,,,,,"LINESTRING (114.180759 22.328854, 114.18078 22.32883, 114.1808 22.328801, 114.18081 22.328767, 114.180809 22.328732, 114.180798 22.328699, 114.180776 22.32867, 114.180744 22.328646, 114.180705 22.328633, 114.180664 22.328632, 114.180624 22.328642, 114.180589 22.328664, 114.180564 22.328694, 114.180546 22.32873)"
417,247,1314,394176292,4856147008,0,493737134;723131287,牛津道 Oxford Road,residential,True,11.277000000000001,,,,,,,"LINESTRING (114.180786 22.33035, 114.180783 22.330326, 114.180778 22.33031, 114.18077 22.330294, 114.180737 22.330262)"
418,248,151,412685610,332251254,0,150771643;783793798,上海街 Shanghai Street,secondary,True,110.62199999999999,3,,,,,,"LINESTRING (114.167381 22.32278, 114.167453 22.32241, 114.167494 22.322207, 114.167534 22.322004, 114.167545 22.321953, 114.167553 22.321911, 114.167574 22.321801)"
419,248,753,412685610,1178971331,0,783793803,鴉蘭街 Arran Street,tertiary,True,157.21,2,,,,,,"LINESTRING (114.167381 22.32278, 114.166886 22.322692, 114.166429 22.32261, 114.16588 22.322513)"
420,249,261,419495625,419495772,0,405700373;493777623,達之路 Tat Chee Avenue,secondary,False,280.672,2,,,,,,"LINESTRING (114.175556 22.334118, 114.175527 22.333754, 114.175468 22.333006, 114.17544 22.332686, 114.175408 22.332259, 114.175384 22.331954, 114.17537 22.331858, 114.175328 22.331604)"
421,251,250,419495631,419495626,0,175870529;35894219,高槐路 Cassia Road,residential,True,218.76600000000002,,,,,,,"LINESTRING (114.172983 22.33019, 114.173022 22.330376, 114.173075 22.330625, 114.173128 22.330855, 114.173377 22.332123)"
422,251,253,419495631,419495751,0,429077093,石竹路 Dianthus Road,residential,True,195.39200000000002,,,,,,,"LINESTRING (114.172983 22.33019, 114.174617 22.329652, 114.174772 22.329601)"
423,252,256,419495632,419495754,0,35894237,玉蘭路 Magnolia Road,residential,True,76.604,,,,,,,"LINESTRING (114.172677 22.329598, 114.172682 22.330287)"
424,252,251,419495632,419495631,0,175870529,高槐路 Cassia Road,residential,True,73.417,,,,,,,"LINESTRING (114.172677 22.329598, 114.172726 22.329647, 114.172768 22.329712, 114.172825 22.329828, 114.172983 22.33019)"
425,253,22,419495751,275924540,0,78515476,達之路 Tat Chee Avenue,secondary,False,41.762,2,,,,,,"LINESTRING (114.174772 22.329601, 114.174831 22.32974, 114.174921 22.32995)"
426,253,23,419495751,275935761,0,429077094,達之路 Tat Chee Avenue,secondary,False,78.036,2,,,,,,"LINESTRING (114.174772 22.329601, 114.174709 22.329486, 114.174522 22.329148, 114.174455 22.329027, 114.174427 22.328976)"
427,253,254,419495751,419495752,0,429077095,石竹路 Dianthus Road,residential,False,85.44599999999998,,,,,,,"LINESTRING (114.174772 22.329601, 114.174837 22.32958, 114.17487 22.329569, 114.175282 22.329434, 114.175446 22.32938, 114.175521 22.329355, 114.175555 22.329344)"
428,254,253,419495752,419495751,0,429077095,石竹路 Dianthus Road,residential,False,85.446,,,,,,,"LINESTRING (114.175555 22.329344, 114.175521 22.329355, 114.175446 22.32938, 114.175282 22.329434, 114.17487 22.329569, 114.174837 22.32958, 114.174772 22.329601)"
429,255,256,419495753,419495754,0,35894235,石竹路 Dianthus Road,residential,False,21.441,,,,,,,"LINESTRING (114.172486 22.330351, 114.172682 22.330287)"
430,256,255,419495754,419495753,0,35894235,石竹路 Dianthus Road,residential,False,21.441,,,,,,,"LINESTRING (114.172682 22.330287, 114.172486 22.330351)"
431,256,251,419495754,419495631,0,429077093,石竹路 Dianthus Road,residential,True,32.719,,,,,,,"LINESTRING (114.172682 22.330287, 114.172983 22.33019)"
432,257,259,419495755,419495758,0,429077096,壽菊路 Marigold Road,residential,True,41.739,,,,,,,"LINESTRING (114.173015 22.328105, 114.172951 22.328106, 114.172896 22.328109, 114.172814 22.32813, 114.172748 22.328156, 114.172696 22.328186, 114.172653 22.328236)"
433,257,259,419495755,419495758,1,429077097;429077098,壽菊路 Marigold Road,residential,True,52.749,,,,,,,"LINESTRING (114.173015 22.328105, 114.172948 22.328062, 114.172912 22.328045, 114.172876 22.328036, 114.17285 22.328033, 114.172835 22.328033, 114.172831 22.328034, 114.172765 22.328053, 114.172713 22.328088, 114.172677 22.328127, 114.172667 22.328169, 114.172653 22.328236)"
434,258,257,419495756,419495755,0,35894236,壽菊路 Marigold Road,residential,True,152.495,,,,,,,"LINESTRING (114.174012 22.32912, 114.173754 22.328863, 114.173729 22.328839, 114.173603 22.328708, 114.173015 22.328105)"
435,258,252,419495756,419495632,0,35894238,丹桂路 Osmanthus Road,residential,True,147.22299999999998,,,,,,,"LINESTRING (114.174012 22.32912, 114.173847 22.329184, 114.173674 22.329244, 114.173552 22.32929, 114.173488 22.329312, 114.173336 22.329369, 114.173327 22.329373, 114.173151 22.329432, 114.173045 22.329463, 114.172974 22.329492, 114.172761 22.329564, 114.172677 22.329598)"
436,259,252,419495758,419495632,0,35894237,玉蘭路 Magnolia Road,residential,True,151.55900000000003,,,,,,,"LINESTRING (114.172653 22.328236, 114.172652 22.32828, 114.172656 22.328347, 114.172657 22.328457, 114.172655 22.328508, 114.172656 22.328707, 114.172659 22.328823, 114.172662 22.328896, 114.172663 22.329016, 114.172664 22.329104, 114.172659 22.329216, 114.172662 22.329327, 114.172677 22.329598)"
437,260,261,419495764,419495772,0,35894241,雀橋街 Tseuk Kiu Street,residential,False,67.72,,,,,,,"LINESTRING (114.175971 22.331495, 114.175954 22.331488, 114.175938 22.331486, 114.175917 22.331488, 114.175328 22.331604)"
438,260,1206,419495764,1975950491,0,429077445,花圃街 Fa Po Street,residential,False,452.77399999999983,,,,,,,"LINESTRING (114.175971 22.331495, 114.17599 22.331512, 114.176006 22.331532, 114.176018 22.331559, 114.176119 22.331879, 114.176153 22.331999, 114.176183 22.33212, 114.176209 22.332238, 114.176221 22.332313, 114.176232 22.332404, 114.176269 22.332794, 114.176403 22.334291, 114.17643 22.334589, 114.176431 22.334639, 114.176426 22.334682, 114.176415 22.334718, 114.176397 22.334754, 114.176372 22.334789, 114.176343 22.334818, 114.176308 22.334845, 114.176274 22.334862, 114.176235 22.334876, 114.176199 22.334885, 114.176162 22.334891, 114.175752 22.334919, 114.17563 22.334928)"
439,261,260,419495772,419495764,0,35894241,雀橋街 Tseuk Kiu Street,residential,False,67.72,,,,,,,"LINESTRING (114.175328 22.331604, 114.175917 22.331488, 114.175938 22.331486, 114.175954 22.331488, 114.175971 22.331495)"
440,261,22,419495772,275924540,0,78515476;405700373,達之路 Tat Chee Avenue,secondary,False,189.02999999999997,2,,,,,,"LINESTRING (114.175328 22.331604, 114.175302 22.331431, 114.175277 22.331288, 114.175211 22.330905, 114.175116 22.330505, 114.175026 22.330228, 114.174921 22.32995)"
441,261,249,419495772,419495625,0,405700373;493777623,達之路 Tat Chee Avenue,secondary,False,280.672,2,,,,,,"LINESTRING (114.175328 22.331604, 114.17537 22.331858, 114.175384 22.331954, 114.175408 22.332259, 114.17544 22.332686, 114.175468 22.333006, 114.175527 22.333754, 114.175556 22.334118)"
442,262,149,419752768,332251063,0,102368473,福全街 Fuk Tsun Street,tertiary,True,14.145,3,,,,,,"LINESTRING (114.165753 22.320233, 114.165889 22.320218)"
443,262,134,419752768,332241861,0,1133373509;1133373511,塘尾道 Tong Mi Road,primary,True,79.879,3,,,,,,"LINESTRING (114.165753 22.320233, 114.165714 22.320402, 114.165703 22.320458, 114.165678 22.32057, 114.165622 22.320846, 114.165603 22.320938)"
444,263,269,420027760,420027771,0,103274843,北河街 Pei Ho Street,residential,True,56.17699999999999,,30,,,,,"LINESTRING (114.161267 22.328741, 114.161312 22.32879, 114.161513 22.32901, 114.161568 22.329072, 114.161619 22.329127)"
445,263,402,420027760,660864277,0,103274848,大南街 Tai Nan Street,residential,True,114.99100000000001,,30,,,,,"LINESTRING (114.161267 22.328741, 114.161204 22.328789, 114.160473 22.32935, 114.160407 22.329401)"
446,264,548,420027761,991294824,0,103239095,石硤尾街 Shek Kip Mei Street,residential,True,58.415000000000006,2,,,,,,"LINESTRING (114.164098 22.328567, 114.163803 22.328239, 114.163782 22.328215, 114.163735 22.328163)"
447,264,25,420027761,275943901,0,103239109,鴨寮街 Apliu Street,residential,True,98.557,2,,,,,,"LINESTRING (114.164098 22.328567, 114.16479 22.328037, 114.164835 22.328001)"
448,265,866,420027766,1194152567,0,288479528,汝州街 Yu Chau Street,tertiary,True,13.855,3,,,,,,"LINESTRING (114.160262 22.330862, 114.16016 22.330943)"
449,265,267,420027766,420027769,0,103411724,欽州街 Yen Chow Street,secondary,True,54.863,3,,,,,,"LINESTRING (114.160262 22.330862, 114.160199 22.330792, 114.15999 22.330559, 114.159921 22.330482)"
450,266,1502,420027768,6705233155,0,494691403,汝州街 Yu Chau Street,tertiary,True,116.447,3,,,,,,"LINESTRING (114.161975 22.32953, 114.161903 22.329586, 114.161581 22.329838, 114.16148 22.329916, 114.161286 22.330069, 114.161248 22.330098, 114.161107 22.330202)"
451,267,1064,420027769,1641766439,0,103411724;1475453391,欽州街 Yen Chow Street,secondary,True,64.7,3,,,,,,"LINESTRING (114.159921 22.330482, 114.159763 22.330299, 114.159693 22.330223, 114.159561 22.330079, 114.159522 22.330032)"
452,267,268,420027769,420027770,0,922092546;922092547;151355572,基隆街 Ki Lung Street,residential,True,114.85799999999999,,30,,,,,"LINESTRING (114.159921 22.330482, 114.159963 22.33045, 114.160126 22.330324, 114.160215 22.33023, 114.160337 22.330134, 114.160692 22.329854, 114.160761 22.329803)"
453,268,402,420027770,660864277,0,103274864,桂林街 Kweilin Street,residential,True,57.730000000000004,,30,,,,,"LINESTRING (114.160761 22.329803, 114.160712 22.329747, 114.16046 22.329462, 114.160407 22.329401)"
454,268,269,420027770,420027771,0,103411742,基隆街 Ki Lung Street,residential,True,115.916,,30,,,,,"LINESTRING (114.160761 22.329803, 114.16082 22.329757, 114.161557 22.329176, 114.161619 22.329127)"
455,269,266,420027771,420027768,0,103274843,北河街 Pei Ho Street,residential,True,57.911,,30,,,,,"LINESTRING (114.161619 22.329127, 114.161668 22.329182, 114.161898 22.329442, 114.161924 22.329471, 114.161975 22.32953)"
456,269,561,420027771,998046345,0,103411742,基隆街 Ki Lung Street,residential,True,116.328,,30,,,,,"LINESTRING (114.161619 22.329127, 114.161675 22.329083, 114.162395 22.328524, 114.162485 22.328455)"
457,271,1402,420027773,5116241584,0,103372424,福華街 Fuk Wa Street,residential,True,119.21499999999999,1,,,,,,"LINESTRING (114.163193 22.330882, 114.163106 22.330949, 114.162386 22.331499, 114.162367 22.331528, 114.162357 22.331554, 114.162355 22.331596)"
458,272,271,420027774,420027773,0,103372424,福華街 Fuk Wa Street,residential,True,114.87299999999999,1,,,,,,"LINESTRING (114.164036 22.330205, 114.163995 22.330238, 114.163261 22.330827, 114.163193 22.330882)"
459,272,275,420027774,420027777,0,1203105134;1203105135,南昌街 Nam Cheong Street,secondary,True,64.519,2;3,,,,,,"LINESTRING (114.164036 22.330205, 114.164077 22.330251, 114.164264 22.33046, 114.164368 22.330576, 114.164401 22.330612, 114.164436 22.330652)"
460,273,787,420027775,1181846078,0,494731939,福華街 Fuk Wa Street,residential,True,99.157,,,,,,,"LINESTRING (114.164952 22.329518, 114.164207 22.330084)"
461,273,858,420027775,1191992770,0,494735015,石硤尾街 Shek Kip Mei Street,residential,True,64.04899999999999,2,,,,,,"LINESTRING (114.164952 22.329518, 114.164601 22.329124, 114.164556 22.329073)"
462,274,273,420027776,420027775,0,494731939,福華街 Fuk Wa Street,residential,True,100.759,,,,,,,"LINESTRING (114.165699 22.328932, 114.164952 22.329518)"
463,274,277,420027776,420027779,0,1203105150,黃竹街 Wong Chuk Street,tertiary,True,65.594,3,,,,,,"LINESTRING (114.165699 22.328932, 114.166103 22.329388)"
464,275,1066,420027777,1641766448,0,494731936,南昌街 Nam Cheong Street,secondary,True,66.22200000000001,3,,,,,,"LINESTRING (114.164436 22.330652, 114.164747 22.331, 114.16477 22.331026, 114.164851 22.331107)"
465,276,273,420027778,420027775,0,494735015,石硤尾街 Shek Kip Mei Street,residential,True,65.595,2,,,,,,"LINESTRING (114.165358 22.329973, 114.164952 22.329518)"
466,276,277,420027778,420027779,0,494735017,福榮街 Fuk Wing Street,residential,True,100.601,,,,,,,"LINESTRING (114.165358 22.329973, 114.166033 22.329443, 114.166103 22.329388)"
467,277,620,420027779,1152803568,0,494731938;1203105149,黃竹街 Wong Chuk Street,tertiary,True,30.451,2;3,,,,,,"LINESTRING (114.166103 22.329388, 114.166184 22.329476, 114.166218 22.329512, 114.166237 22.329534, 114.166295 22.329597)"
468,278,271,420027780,420027773,0,85988270,北河街 Pei Ho Street,residential,True,62.954,,,,,,,"LINESTRING (114.163577 22.331322, 114.163517 22.331254, 114.163251 22.330949, 114.163193 22.330882)"
469,278,275,420027780,420027777,0,103372415,福榮街 Fuk Wing Street,residential,True,115.644,,,,,,,"LINESTRING (114.163577 22.331322, 114.163648 22.331267, 114.164388 22.330689, 114.164397 22.330682, 114.164436 22.330652)"
470,279,1474,420041549,6359931650,0,625487639;1388990541;625487636;1388990550;625487638;592541626;636302492,匯翔道 Wui Cheung Road;匯民道 Wui Man Road,secondary,True,307.975,3,,,,,,"LINESTRING (114.167188 22.304656, 114.167049 22.304596, 114.166844 22.304516, 114.166744 22.30447, 114.166486 22.304435, 114.166445 22.304432, 114.166256 22.304401, 114.166169 22.304383, 114.166129 22.304469, 114.166101 22.304513, 114.166067 22.304566, 114.166001 22.30469, 114.165819 22.305031, 114.165733 22.305191, 114.165388 22.305842, 114.165316 22.305977)"
471,280,306,420041599,474209050,0,106436307,廣東道 Canton Road,primary,True,14.0,3,,,,,,"LINESTRING (114.167449 22.304795, 114.167375 22.304901)"
472,280,279,420041599,420041549,0,1388990520;106436309,匯翔道 Wui Cheung Road,secondary,True,31.063,3,,,,,,"LINESTRING (114.167449 22.304795, 114.167324 22.304736, 114.167287 22.304717, 114.167216 22.304673, 114.167188 22.304656)"
473,281,1443,420041600,5655203843,0,149524477,佐敦道 Jordan Road,primary,True,19.973,5,,,,,,"LINESTRING (114.165375 22.306186, 114.165187 22.306231)"
474,281,1234,420041600,2754770587,0,1388990540;808444693,匯民道 Wui Man Road,secondary,True,39.922,2,,,,,,"LINESTRING (114.165375 22.306186, 114.16544 22.306041, 114.165497 22.305912, 114.16552 22.305889, 114.165543 22.305865)"
475,282,1433,437333586,5333606589,0,986865824;987122054;129622441;393133642;987125336;249136563;987125334;249136568;987125337;987125338;987129500,世運道 Olympic Avenue,primary_link,True,472.917,1,,,yes,yes,,"LINESTRING (114.192827 22.329316, 114.19285 22.329368, 114.19289 22.329461, 114.193035 22.329679, 114.193096 22.329756, 114.193166 22.329834, 114.193409 22.33007, 114.193649 22.330302, 114.193706 22.33035, 114.193762 22.330393, 114.193809 22.330424, 114.193905 22.330468, 114.193962 22.330485, 114.194004 22.330494, 114.194037 22.330498, 114.194072 22.3305, 114.194109 22.3305, 114.194156 22.330496, 114.194201 22.330488, 114.194242 22.330478, 114.194314 22.330458, 114.194364 22.330446, 114.194408 22.330439, 114.194451 22.330434, 114.194494 22.330433, 114.194523 22.330435, 114.194556 22.330439, 114.194587 22.330446, 114.194633 22.330461, 114.194675 22.330479, 114.194708 22.3305, 114.194741 22.330524, 114.194773 22.330552, 114.194825 22.3306, 114.195027 22.330793, 114.195111 22.33087, 114.195202 22.330943, 114.195294 22.331008, 114.19541 22.331075, 114.195521 22.331126, 114.195624 22.331165, 114.195693 22.331187, 114.195778 22.33121, 114.195857 22.33123, 114.196 22.331259, 114.196377 22.331329, 114.19652 22.331345)"
476,282,923,437333586,1436087413,0,987129501;987129502,太子道東 Prince Edward Road East,primary,True,178.652,3,50,,,,,"LINESTRING (114.192827 22.329316, 114.192875 22.329356, 114.19294 22.329421, 114.193802 22.330224, 114.193901 22.330318, 114.194049 22.330458)"
477,283,1670,440640784,11244768590,0,37664045,蕪湖街 Wuhu Street,secondary,False,48.056,4,,,,,,"LINESTRING (114.187161 22.306523, 114.187065 22.306585, 114.187034 22.306605, 114.186773 22.306764)"
478,283,1531,440640784,6718676088,0,151396608;900671624,寶其利街 Bulkeley Street;船澳街 Dock Street,tertiary,True,133.951,2,,,,,,"LINESTRING (114.187161 22.306523, 114.187072 22.306401, 114.186882 22.306136, 114.186798 22.306189, 114.186405 22.306436, 114.186365 22.306461, 114.186308 22.306496, 114.18622 22.306552)"
479,283,1499,440640784,6705233093,0,240897644,德民街 Tak Man Street,secondary,False,65.509,3,,,,,,"LINESTRING (114.187161 22.306523, 114.187256 22.306462, 114.187302 22.306433, 114.187473 22.306324, 114.187561 22.306268, 114.187685 22.306188)"
480,284,1692,440645694,12729526839,0,1374816697;1193775419;152360004,宋皇臺道 Sung Wong Toi Road,secondary,True,155.43599999999998,2,50,,,,,"LINESTRING (114.191312 22.324031, 114.19146 22.323994, 114.191569 22.32395, 114.191638 22.323904, 114.191691 22.323852, 114.191724 22.323814, 114.191764 22.323767, 114.191773 22.323757, 114.19183 22.323674, 114.192163 22.32319, 114.192241 22.323119, 114.192312 22.323041)"
481,284,890,440645694,1220978482,0,1374816706;106034114;1193775420,宋皇臺道 Sung Wong Toi Road,secondary_link,True,110.019,1,50,,,,,"LINESTRING (114.191312 22.324031, 114.191479 22.323945, 114.191576 22.323878, 114.19162 22.323815, 114.191645 22.323782, 114.191664 22.323745, 114.191674 22.323707, 114.191678 22.323669, 114.191666 22.323602, 114.191646 22.32356, 114.191618 22.323524, 114.191578 22.32349, 114.19152 22.323462, 114.191459 22.323452, 114.191353 22.323448, 114.191307 22.323448)"
482,285,501,441532227,989119228,0,151396652,德民街 Tak Man Street,secondary,False,13.664,3,50,,,,,"LINESTRING (114.188816 22.30548, 114.188706 22.305549)"
483,285,229,441532227,384382119,0,442616754;1207904356;1207904357;1207904358,紅磡道 Hung Hom Road,primary,True,207.35199999999998,4;3,50,,,,,"LINESTRING (114.188816 22.30548, 114.188739 22.305373, 114.188526 22.305076, 114.187979 22.304332, 114.187916 22.304256, 114.187862 22.304192, 114.187686 22.303937)"
484,286,503,441534483,989119615,0,1384347577;876560531;458685727,紅磡繞道 Hung Hom Bypass,primary,True,127.50300000000001,2,50,,,,,"LINESTRING (114.186865 22.303035, 114.186941 22.303138, 114.186991 22.303205, 114.187152 22.30342, 114.187196 22.30348, 114.187225 22.303518, 114.187568 22.303979)"
485,286,303,441534483,459476552,0,1384347578;1384347579;33620348,紅磡南道 Hung Hom South Road,primary_link,True,178.37199999999999,1,50,,,,,"LINESTRING (114.186865 22.303035, 114.186918 22.303149, 114.186952 22.30322, 114.187072 22.303477, 114.187091 22.303533, 114.187112 22.303641, 114.187107 22.303684, 114.187094 22.303726, 114.187075 22.303762, 114.187051 22.303792, 114.187021 22.303821, 114.186994 22.303841, 114.186531 22.304159, 114.18645 22.304218, 114.186379 22.304277)"
486,287,6,441535160,33004677,0,85460169;1120037553,梳士巴利道 Salisbury Road,primary_link,True,32.089,2,50,,,,,"LINESTRING (114.178738 22.297787, 114.178696 22.297784, 114.178637 22.297777, 114.178558 22.297768, 114.178427 22.297768)"
487,287,1406,441535160,5120436719,0,1119856131;1119856132;1119856133;1119856134;37664262;1119856135;1119856136;1120037552;1120037554,梳士巴利道 Salisbury Road,primary,True,213.90900000000002,3,50,,,,,"LINESTRING (114.178738 22.297787, 114.178714 22.297767, 114.178599 22.297662, 114.178547 22.297626, 114.178461 22.297568, 114.178105 22.297322, 114.177879 22.297152, 114.177664 22.296979, 114.177466 22.296812, 114.177387 22.296747, 114.177308 22.296682, 114.177281 22.29666, 114.177226 22.296613, 114.177201 22.296591, 114.17718 22.296575, 114.177149 22.296548)"
488,288,1407,441535164,5120437766,0,1120037594;1120037580;100220086,,primary_link,True,68.13799999999999,1,,,,,,"LINESTRING (114.175733 22.295387, 114.175675 22.295385, 114.175604 22.2954, 114.175573 22.29542, 114.175558 22.295432, 114.175545 22.295456, 114.175542 22.295486, 114.175543 22.295516, 114.175563 22.295557, 114.175625 22.295609, 114.175713 22.295656, 114.175792 22.29577)"
489,288,292,441535164,441549980,0,441796538;1120037581,梳士巴利道 Salisbury Road,primary,True,46.58,4;3,50,,,,,"LINESTRING (114.175733 22.295387, 114.175681 22.295358, 114.175604 22.29532, 114.175441 22.295246, 114.175332 22.295194)"
490,289,290,441535168,441535437,0,1119856167;709674347;709674296;709674297;246476284,梳士巴利道 Salisbury Road,primary,True,116.373,4;3,50,,,,,"LINESTRING (114.172282 22.294608, 114.172183 22.294605, 114.172095 22.294602, 114.172052 22.294601, 114.171976 22.29461, 114.171758 22.294605, 114.171283 22.294591, 114.171217 22.294592, 114.171152 22.294594)"
491,290,1371,441535437,5098425986,0,1119856164;1119856165;1119856166;1202347174;1202347132;246476534;37664343;1119856153;120833468;1202347133,梳士巴利道 Salisbury Road,tertiary,True,259.676,1;4;2,50,<temporary 1B1>,,,,"LINESTRING (114.171152 22.294594, 114.171077 22.294575, 114.170984 22.294553, 114.170905 22.294534, 114.170826 22.294524, 114.170659 22.294507, 114.170562 22.294508, 114.170444 22.294513, 114.170289 22.294506, 114.169793 22.294428, 114.169722 22.294414, 114.169666 22.294396, 114.169618 22.294373, 114.169574 22.294349, 114.169532 22.294325, 114.169485 22.29429, 114.169438 22.294242, 114.169401 22.294188, 114.169291 22.294048, 114.169234 22.2939, 114.169222 22.293871, 114.16921 22.29385, 114.169193 22.293831, 114.169175 22.293818, 114.169153 22.293807, 114.169129 22.2938, 114.169104 22.293798, 114.169079 22.293803, 114.169055 22.293813, 114.169037 22.293826, 114.169023 22.293842, 114.169014 22.293862)"
492,290,1094,441535437,1649047644,0,1119856152;1119856154;152073839,梳士巴利道 Salisbury Road,primary,True,56.33800000000001,2,50,,,,,"LINESTRING (114.171152 22.294594, 114.17108 22.294592, 114.170978 22.29459, 114.170891 22.294584, 114.170811 22.294578, 114.170748 22.29458, 114.170707 22.294596, 114.17067 22.294623, 114.170645 22.294664)"
493,291,1528,441536279,6705233680,0,102821026;709674306;1134057788,梳士巴利道 Salisbury Road,tertiary,True,91.06700000000001,2;4;3,50,,,,,"LINESTRING (114.169016 22.29392, 114.16911 22.294036, 114.169277 22.294241, 114.169348 22.294371, 114.169382 22.2944, 114.16942 22.294423, 114.169474 22.294444, 114.169517 22.294461, 114.169606 22.294496)"
494,292,433,441549980,759629968,0,524491335,梳士巴利道 Salisbury Road,primary,True,10.698,2,50,,,,,"LINESTRING (114.175332 22.295194, 114.175239 22.29515)"
495,293,563,452737038,1029866980,0,88718984,科學館道 Science Museum Road,tertiary,True,19.307,2,,,,,,"LINESTRING (114.180053 22.299789, 114.179924 22.299916)"
496,294,1235,452738352,2772111132,0,272254646,衛理道 Wylie Road,tertiary,False,17.953,4,,,,,,"LINESTRING (114.176368 22.311645, 114.176433 22.311795)"
497,294,1237,452738352,2772111183,0,272254655,,tertiary,True,67.818,1,,,,,,"LINESTRING (114.176368 22.311645, 114.17636 22.311759, 114.176348 22.311883, 114.176334 22.311948, 114.176324 22.311975, 114.176294 22.312083, 114.176231 22.312237)"
498,294,1004,452738352,1636685510,0,1206872685,衛理道 Wylie Road,tertiary,False,54.598,4,,,,,,"LINESTRING (114.176368 22.311645, 114.17623 22.311277, 114.176195 22.311181)"
499,295,519,452738365,990120205,0,103020563,衛理道 Wylie Road,tertiary,False,25.859,2,,,,,,"LINESTRING (114.177026 22.306127, 114.177083 22.306354)"
500,295,419,452738365,675764014,0,249536532;1305278477,加士居道 Gascoigne Road,primary,True,172.542,2,50,,,,,"LINESTRING (114.177026 22.306127, 114.176159 22.306393, 114.17613 22.306402, 114.176017 22.306436, 114.175615 22.306557, 114.175506 22.30661, 114.175446 22.30664)"
501,296,515,457888291,990120113,0,105307492,必嘉街 Baker Street,tertiary,True,53.513,,,,,,,"LINESTRING (114.183714 22.307111, 114.183397 22.307309, 114.183352 22.307337, 114.183317 22.307359, 114.183283 22.30738)"
502,297,1511,459472929,6705233383,0,85320790,黃埔街 Whampoa Street,residential,False,79.378,,,,,,,"LINESTRING (114.184433 22.305885, 114.184841 22.306427, 114.184874 22.306471)"
503,298,479,459474122,988059568,0,105307513,蕪湖街 Wuhu Street,secondary,True,11.22,3,,,,,,"LINESTRING (114.186626 22.306883, 114.186718 22.306829)"
504,298,1683,459474122,11761561690,0,1375524063,大沽街 Taku Street,secondary_link,True,15.704,1,,,,,,"LINESTRING (114.186626 22.306883, 114.186474 22.306891)"
505,298,372,459474122,582486660,0,151396633;1297583982,馬頭圍道 Ma Tau Wai Road,secondary,True,152.05,1;3,,,,,,"LINESTRING (114.186626 22.306883, 114.186644 22.306901, 114.186662 22.306926, 114.186678 22.306946, 114.186696 22.30697, 114.186739 22.307026, 114.186756 22.307048, 114.186778 22.307078, 114.186805 22.307115, 114.186817 22.307132, 114.186908 22.307259, 114.18707 22.307486, 114.187176 22.307635, 114.187259 22.307751, 114.18735 22.307879, 114.187384 22.307929, 114.187417 22.307979, 114.187443 22.308022)"
506,299,300,459476448,459476449,0,121445588,紅荔道 Hung Lai Road,tertiary,True,34.767,1,,,,,,"LINESTRING (114.185763 22.30458, 114.185474 22.304417)"
507,300,228,459476449,384382080,0,105716448,紅荔道 Hung Lai Road,tertiary,True,57.581999999999994,3,,,,,,"LINESTRING (114.185474 22.304417, 114.185645 22.304581, 114.18571 22.304657, 114.185726 22.304676, 114.185837 22.30481)"
508,300,301,459476449,459476450,0,105716449,紅荔道 Hung Lai Road,tertiary,False,37.507000000000005,4,,,,,,"LINESTRING (114.185474 22.304417, 114.185404 22.304352, 114.18531 22.304286, 114.18519 22.304207)"
509,301,300,459476450,459476449,0,105716449,紅荔道 Hung Lai Road,tertiary,False,37.507,4,,,,,,"LINESTRING (114.18519 22.304207, 114.18531 22.304286, 114.185404 22.304352, 114.185474 22.304417)"
510,301,302,459476450,459476482,0,1207333529;1207333526,紅荔道 Hung Lai Road,tertiary,True,51.221000000000004,1,,,,,,"LINESTRING (114.18519 22.304207, 114.184958 22.304043, 114.184893 22.304014, 114.18476 22.304028)"
511,302,301,459476482,459476450,0,1207333528;1207333527,紅荔道 Hung Lai Road,tertiary,True,48.548,2,,,,,,"LINESTRING (114.18476 22.304028, 114.18485 22.304068, 114.184924 22.304106, 114.18519 22.304207)"
512,303,886,459476552,1217459802,0,451815591,紅磡南道 Hung Hom South Road,tertiary,True,34.779,2,,,,,,"LINESTRING (114.186379 22.304277, 114.186148 22.304506)"
513,305,306,474209048,474209050,0,1079223251;1388990526,匯翔道 Wui Cheung Road,secondary,True,41.134,3,,,,,,"LINESTRING (114.167017 22.30474, 114.167058 22.304752, 114.167105 22.304766, 114.167206 22.304809, 114.167375 22.304901)"
514,305,839,474209048,1187353106,0,1388990522;1388990523;494472972,匯翔道 Wui Cheung Road,primary_link,True,52.858999999999995,1,,,,,,"LINESTRING (114.167017 22.30474, 114.167031 22.304784, 114.167048 22.304829, 114.167097 22.304902, 114.16712 22.304972, 114.167131 22.305039, 114.167129 22.305114, 114.167137 22.305149, 114.167149 22.305191)"
515,306,831,474209050,1187352750,0,106436301,匯翔道 Wui Cheung Road,secondary,True,12.83,2,,,,,,"LINESTRING (114.167375 22.304901, 114.167484 22.304958)"
516,306,839,474209050,1187353106,0,1079223252;1388990524,廣東道 Canton Road,primary,True,39.878,3,,,,,,"LINESTRING (114.167375 22.304901, 114.167328 22.304971, 114.167204 22.305136, 114.167174 22.305167, 114.167149 22.305191)"
517,307,581,484136468,1141792825,0,85404145;185288980,伯爵街 Earl Street;太子道西 Prince Edward Road West,primary_link;tertiary,True,137.293,2;1,,,,,,"LINESTRING (114.180302 22.327044, 114.180347 22.327009, 114.180368 22.326965, 114.18038 22.326898, 114.180403 22.326349, 114.180404 22.326326, 114.180406 22.326295, 114.1804 22.326261, 114.180389 22.326238, 114.180371 22.326214, 114.180345 22.326192, 114.180308 22.326177, 114.180245 22.326163, 114.180203 22.326155, 114.180136 22.326134, 114.180027 22.326042)"
518,307,1522,484136468,6705233557,0,838027613,界限街 Boundary Street,primary,True,166.327,4,,,,,,"LINESTRING (114.180302 22.327044, 114.180838 22.327068, 114.180928 22.327072, 114.181001 22.327075, 114.181766 22.327109, 114.181811 22.327111, 114.181917 22.327116)"
519,308,980,484136661,1636543831,0,40184930;996259398,太子道西 Prince Edward Road West;基堤道 Embankment Road,secondary,True,174.692,2,,,,,,"LINESTRING (114.174522 22.325075, 114.17422 22.325064, 114.174126 22.325061, 114.174086 22.325062, 114.174047 22.325072, 114.174012 22.325089, 114.173983 22.325114, 114.173972 22.325144, 114.173972 22.325175, 114.173983 22.325204, 114.174216 22.32564, 114.174445 22.326067)"
520,308,766,484136661,1179010012,0,996069420;996069421;996069422;996069423;996069424;996069425;996069457;268932495;996069458;494015245,太子道西 Prince Edward Road West,primary,True,249.35099999999994,4;5,,,,,,"LINESTRING (114.174522 22.325075, 114.1745 22.325067, 114.174411 22.325036, 114.174351 22.325015, 114.174256 22.324998, 114.173967 22.324951, 114.173918 22.324942, 114.173874 22.324934, 114.173782 22.324918, 114.173333 22.324837, 114.173298 22.324831, 114.173213 22.324816, 114.173159 22.324807, 114.173105 22.324797, 114.172988 22.324775, 114.172882 22.324755, 114.172771 22.324734, 114.172706 22.324723, 114.17239 22.324665, 114.172282 22.324645, 114.172186 22.324627, 114.172151 22.32462)"
521,309,822,485659486,1185808509,0,149555136,佐敦道 Jordan Road,primary,True,21.127,2,,,,,,"LINESTRING (114.174359 22.307202, 114.174287 22.307024)"
522,309,1282,485659486,4493621922,0,85320821;1305278468;85320757;1305278463,加士居道天橋 Gascoigne Road Flyover,trunk_link,True,180.18,1,50,,,viaduct;yes,,"LINESTRING (114.174359 22.307202, 114.174447 22.307142, 114.174551 22.307102, 114.174659 22.307067, 114.175179 22.306914, 114.175915 22.306698, 114.175994 22.306644)"
523,309,1276,485659486,3978935775,0,857039184,加士居道 Gascoigne Road,primary,True,22.589,3,,,,,,"LINESTRING (114.174359 22.307202, 114.174422 22.307186, 114.174571 22.307149)"
524,310,822,485660466,1185808509,0,149555132;1205283547;1205283548,加士居道 Gascoigne Road,primary,True,62.495999999999995,3,,,,,,"LINESTRING (114.174857 22.306832, 114.174742 22.306866, 114.174662 22.306894, 114.174527 22.306942, 114.1744 22.306983, 114.174287 22.307024)"
525,310,963,485660466,1625209919,0,28071224;1305278459;1305278460,佐敦道 Jordan Road,primary_link,True,88.05600000000001,1,,,,,,"LINESTRING (114.174857 22.306832, 114.174732 22.306833, 114.174639 22.306827, 114.174573 22.306819, 114.174405 22.306796, 114.17417 22.306754, 114.174012 22.306722)"
526,311,637,493179429,1152824612,0,102149731,荔枝角道 Lai Chi Kok Road,primary,True,85.417,4,,,,,,"LINESTRING (114.164742 22.325236, 114.164394 22.325509, 114.164184 22.325675, 114.164107 22.325731)"
527,312,502,493883960,989119527,0,442616760,,secondary,True,11.618,2,,,,,,"LINESTRING (114.190386 22.308812, 114.190274 22.308826)"
528,312,285,493883960,441532227,0,105307486;1203968443;151396622,紅磡道 Hung Hom Road,primary,True,411.465,2;4;3,,,,,,"LINESTRING (114.190386 22.308812, 114.190385 22.308722, 114.190344 22.30827, 114.190329 22.308199, 114.190303 22.308075, 114.190272 22.307949, 114.190234 22.307818, 114.190175 22.307648, 114.190128 22.30751, 114.19009 22.30742, 114.190037 22.307304, 114.189993 22.307216, 114.189918 22.30709, 114.189746 22.306796, 114.189728 22.306765, 114.189636 22.306631, 114.18923 22.306069, 114.188925 22.305631, 114.188899 22.305594, 114.188862 22.30554, 114.188846 22.305518, 114.188816 22.30548)"
529,313,896,494142279,1220979109,0,152359886,興仁街 Hing Yan Street,residential,False,57.532000000000004,,,,,,,"LINESTRING (114.194423 22.319227, 114.194633 22.31966, 114.194652 22.319699)"
530,314,13,495137366,33476549,0,442616757,梳士巴利道 Salisbury Road,primary,True,58.59,4,50,,,,,"LINESTRING (114.170769 22.294676, 114.17088 22.294686, 114.170979 22.294695, 114.171065 22.294702, 114.171159 22.294711, 114.171336 22.294724)"
531,315,1271,495137475,3610003009,0,355377701,廣東道 Canton Road,primary_link,True,35.608,1,,,,,,"LINESTRING (114.168378 22.300464, 114.168381 22.300386, 114.168374 22.30035, 114.168352 22.300324, 114.168328 22.300312, 114.168304 22.300309, 114.168279 22.300319, 114.168258 22.300337, 114.168208 22.300395)"
532,315,835,495137475,1187352946,0,547281953,廣東道 Canton Road,primary,True,32.805,3,,,,,,"LINESTRING (114.168378 22.300464, 114.168476 22.300327, 114.168558 22.30022)"
533,316,317,496035667,496035674,0,254006673;1095134836,康莊道 Hong Chong Road,primary,True,137.12,3,50,,,,,"LINESTRING (114.179864 22.302772, 114.180103 22.303087, 114.180186 22.303197, 114.180248 22.30327, 114.180318 22.303342, 114.180408 22.303423, 114.180558 22.303537, 114.180741 22.303691)"
534,317,1638,496035674,10029279641,0,244383847;101558279;1095134831;1095134832;1095134833;1095134834;1095134837,康莊道 Hong Chong Road,trunk,True,247.622,5;4,50,1,,,,"LINESTRING (114.180741 22.303691, 114.180883 22.304022, 114.180958 22.304204, 114.180999 22.304303, 114.181041 22.304404, 114.181081 22.3045, 114.181255 22.304918, 114.181323 22.305074, 114.181336 22.30511, 114.18138 22.305232, 114.181407 22.305305, 114.181428 22.305397, 114.181438 22.305473, 114.181444 22.305559, 114.181439 22.305636, 114.18143 22.305705, 114.181409 22.305799)"
535,318,867,496764921,1194152580,0,494510010;103434386;1094423852;1094423853,長沙灣道 Cheung Sha Wan Road,primary,True,480.3260000000001,4;3,,,,,,"LINESTRING (114.157403 22.334615, 114.157592 22.334466, 114.158293 22.333922, 114.158636 22.333651, 114.159112 22.33328, 114.159153 22.333247, 114.159226 22.33319, 114.159549 22.332939, 114.159593 22.332904, 114.159656 22.332855, 114.159802 22.332743, 114.160084 22.332526, 114.160336 22.33233, 114.16035 22.332318, 114.160369 22.332304, 114.160544 22.332166, 114.160616 22.332111, 114.160845 22.331937, 114.16088 22.33191, 114.160977 22.331836)"
536,319,1126,506470908,1649066298,0,901557029,雅翔道 Nga Cheung Road,secondary,True,11.48,2,,,,viaduct,,"LINESTRING (114.161159 22.307414, 114.161204 22.307508)"
537,319,1399,506470908,5104147159,0,524508456;152075746,佐敦道 Jordan Road,primary,True,55.861999999999995,2,,,,yes,,"LINESTRING (114.161159 22.307414, 114.160769 22.307542, 114.160647 22.307581)"
538,320,67,506479761,289294146,0,26405783,通州街 Tung Chau Street,tertiary,True,257.98,2,,,,,,"LINESTRING (114.15414 22.330911, 114.154006 22.331018, 114.153711 22.331243, 114.152911 22.33186, 114.152397 22.332258, 114.152216 22.332399)"
539,320,19,506479761,275816026,0,295892922,東京街西 Tonkin Street West,secondary,True,16.041999999999998,3,,,,,,"LINESTRING (114.15414 22.330911, 114.15419 22.33096, 114.154246 22.331017)"
540,321,1384,513354006,5103577570,0,151226324,深旺道 Sham Mong Road,secondary,True,120.894,3,,,,,,"LINESTRING (114.158961 22.323722, 114.158736 22.323892, 114.15828 22.324256, 114.158238 22.324289, 114.158059 22.324418)"
541,322,1350,519829961,4864607476,0,485786021,九龍城道 Kowloon City Road,tertiary,True,22.585,2,70,,,,,"LINESTRING (114.191028 22.322498, 114.191071 22.322584, 114.191121 22.322682)"
542,322,1166,519829961,1651827887,0,1188070550,木廠街 Mok Cheong Street,secondary,True,40.223,2,,,,,,"LINESTRING (114.191028 22.322498, 114.191181 22.322436, 114.191383 22.322348)"
543,323,890,519830025,1220978482,0,1374816707,宋皇臺道 Sung Wong Toi Road,secondary,True,19.104,2,,,,,,"LINESTRING (114.191461 22.323352, 114.19135 22.323421, 114.191307 22.323448)"
544,324,325,519831404,519831414,0,1188070556;1188070547;1188070548,木廠街 Mok Cheong Street,tertiary,True,59.259,,50,,,,,"LINESTRING (114.18888 22.323427, 114.188959 22.323393, 114.189015 22.323369, 114.189207 22.323287, 114.189271 22.32326, 114.1893 22.323247, 114.189331 22.323234, 114.189403 22.323204)"
545,324,1519,519831404,6705233503,0,1188070558,譚公道 Tam Kung Road,tertiary,True,109.87499999999999,2,,,,,,"LINESTRING (114.18888 22.323427, 114.188843 22.323353, 114.188461 22.322586, 114.188432 22.322529)"
546,325,322,519831414,519829961,0,1188070551;1188070552;1188070553;1188070554;1188070555,木廠街 Mok Cheong Street,tertiary,True,184.63199999999998,2;3,50,,,,,"LINESTRING (114.189403 22.323204, 114.189478 22.323172, 114.189552 22.32314, 114.189676 22.323086, 114.189869 22.323004, 114.190024 22.322937, 114.190133 22.32289, 114.190481 22.322739, 114.190914 22.322551, 114.190943 22.322539, 114.191028 22.322498)"
547,326,492,519918268,988059737,0,494729788,宋皇臺道 Sung Wong Toi Road,primary,True,47.763,5,50,,,,,"LINESTRING (114.190352 22.32391, 114.189931 22.324092)"
548,327,1116,523588218,1649048841,0,152073858,科學館廣場 Science Museum Square,residential,False,83.512,,,,,,,"LINESTRING (114.178665 22.300095, 114.17921 22.300535, 114.179278 22.300589)"
549,328,1196,523609080,1651828039,0,1064758069,樂善道 Lok Sin Road,tertiary,False,150.58800000000002,2,,,,,,"LINESTRING (114.194246 22.333201, 114.194192 22.333136, 114.19394 22.332897, 114.193704 22.332629, 114.193312 22.33216)"
550,329,335,568156697,568157081,0,44810906;44810893,新蒲崗交匯處 San Po Kong Interchange,primary,True,282.3330000000001,2,50,,,yes,,"LINESTRING (114.195501 22.333405, 114.195737 22.333207, 114.195814 22.333148, 114.195894 22.333093, 114.195959 22.333052, 114.196012 22.333023, 114.196062 22.332998, 114.196132 22.332967, 114.196196 22.332943, 114.196523 22.33284, 114.196586 22.332818, 114.196638 22.332796, 114.196683 22.332771, 114.196726 22.332741, 114.196768 22.3327, 114.196808 22.332648, 114.196835 22.332594, 114.196853 22.332539, 114.196862 22.332484, 114.196862 22.332428, 114.196851 22.332373, 114.196835 22.332327, 114.196812 22.332281, 114.196786 22.332246, 114.196758 22.332214, 114.196725 22.332185, 114.196688 22.33216, 114.196649 22.332138, 114.196591 22.332115, 114.196508 22.33209, 114.196383 22.332057, 114.196134 22.332007)"
551,330,331,568156760,568156805,0,44810895,彩虹道 Choi Hung Road,primary_link,True,40.128,1,50,,,,,"LINESTRING (114.195765 22.332148, 114.195898 22.332365, 114.195937 22.33247)"
552,330,1625,568156760,9482754825,0,1028574730,太子道東 Prince Edward Road East,primary,True,53.586,2,50,,,,,"LINESTRING (114.195765 22.332148, 114.195899 22.332274, 114.196131 22.33249)"
553,332,333,568156941,568156962,0,44810902,新蒲崗交匯處 San Po Kong Interchange,primary_link,True,118.329,1,50,,,yes,,"LINESTRING (114.195857 22.332051, 114.195994 22.332264, 114.196021 22.332321, 114.196042 22.332378, 114.196058 22.33244, 114.196066 22.332497, 114.196067 22.332554, 114.196061 22.332615, 114.196047 22.33267, 114.196029 22.332723, 114.196004 22.332772, 114.195977 22.332816, 114.195948 22.332858, 114.195913 22.332899, 114.195874 22.332941, 114.195815 22.333)"
554,332,334,568156941,568156975,0,231190369,太子道東 Prince Edward Road East,primary,True,106.41300000000001,2,50,,,yes,,"LINESTRING (114.195857 22.332051, 114.196053 22.332281, 114.196204 22.332447, 114.196382 22.332606, 114.196559 22.33275)"
555,335,338,568157081,568157310,0,44810909;221072463,新蒲崗交匯處 San Po Kong Interchange,primary_link,True,66.41300000000001,1,50,,,yes,,"LINESTRING (114.196134 22.332007, 114.196018 22.331991, 114.19585 22.331954, 114.195676 22.3319, 114.195525 22.331824)"
556,335,336,568157081,568157089,0,231190371,新蒲崗交匯處 San Po Kong Interchange,primary_link,True,46.153999999999996,1,50,,,,,"LINESTRING (114.196134 22.332007, 114.196002 22.331944, 114.195915 22.33189, 114.195772 22.331767)"
557,336,344,568157089,568273474,0,221072457;221072451;1144802686,太子道東 Prince Edward Road East,primary,True,571.63,3,50,,,yes,,"LINESTRING (114.195772 22.331767, 114.195635 22.331639, 114.193172 22.329234, 114.193088 22.329152, 114.193061 22.329126, 114.192948 22.329015, 114.192569 22.328646, 114.192543 22.32862, 114.191884 22.328099)"
558,337,1222,568157200,2454355466,0,238019068,太子道東 Prince Edward Road East,primary,True,182.54100000000003,2,50,,,,,"LINESTRING (114.197685 22.333254, 114.197603 22.333178, 114.197542 22.333114, 114.197498 22.333064, 114.197434 22.332985, 114.197392 22.332928, 114.197356 22.332875, 114.19702 22.332336, 114.196994 22.332299, 114.196967 22.332264, 114.196943 22.332236, 114.196906 22.332199, 114.196857 22.332158, 114.196812 22.332126, 114.196761 22.332094, 114.1967 22.332064, 114.196641 22.33204, 114.196575 22.332021)"
559,337,1197,568157200,1652874716,0,283547970,太子道東 Prince Edward Road East,primary_link,True,198.27199999999993,1,,,,,,"LINESTRING (114.197685 22.333254, 114.197448 22.33289, 114.197405 22.33281, 114.197368 22.332729, 114.197324 22.332614, 114.197285 22.332534, 114.197156 22.332311, 114.197111 22.332222, 114.197073 22.332129, 114.197047 22.332054, 114.197035 22.332, 114.197028 22.331953, 114.197033 22.331908, 114.19705 22.33186, 114.19708 22.331802, 114.197109 22.331769, 114.197141 22.331738, 114.19718 22.331709, 114.197222 22.331683)"
560,338,339,568157310,568273429,0,221072455;1315075497;85320780;1212555890;44810898;625481780;1315073910;388176760,太子道東 Prince Edward Road East;九龍城天橋 Kowloon City flyover,primary,True,801.5930000000001,2,50;70,,,viaduct;yes,,"LINESTRING (114.195525 22.331824, 114.19547 22.331768, 114.194648 22.330949, 114.19304 22.329352, 114.192956 22.329269, 114.192931 22.329244, 114.192825 22.329138, 114.192427 22.328766, 114.192398 22.328739, 114.191895 22.328317, 114.191751 22.328213, 114.191586 22.328098, 114.191412 22.328005, 114.191235 22.327929, 114.191076 22.327876, 114.190919 22.32783, 114.190766 22.327796, 114.19057 22.327768, 114.190382 22.327739, 114.190183 22.327716, 114.189511 22.327646)"
561,339,340,568273429,568273430,0,767474179;1315075499;127207150;44820799,九龍城天橋 Kowloon City flyover,primary_link,True,157.89700000000002,1,,,,yes,,"LINESTRING (114.189511 22.327646, 114.189326 22.327605, 114.188985 22.327554, 114.188696 22.327508, 114.188204 22.32743, 114.18809 22.327392, 114.188009 22.327366)"
562,339,341,568273429,568273435,0,44820800;44820801;767474178;1315075500;1315073901,九龍城天橋 Kowloon City flyover,primary,True,677.219,1,50,,,viaduct;yes,,"LINESTRING (114.189511 22.327646, 114.189322 22.327648, 114.188709 22.327559, 114.187588 22.327364, 114.186988 22.327264, 114.186425 22.32719, 114.185989 22.327129, 114.185326 22.327016, 114.184389 22.326843, 114.184102 22.326792, 114.183343 22.326658, 114.183286 22.326639, 114.183106 22.32658, 114.183043 22.326556)"
563,340,1180,568273430,1651827979,0,494254443,太子道西 Prince Edward Road West,secondary,True,79.423,3,,,,,,"LINESTRING (114.188009 22.327366, 114.187786 22.327351, 114.187546 22.327312, 114.187248 22.327252)"
564,341,243,568273435,394176281,0,1315073888;485774645,太子道西 Prince Edward Road West,primary,True,110.393,4;5,,,,,,"LINESTRING (114.183043 22.326556, 114.182729 22.326502, 114.182548 22.32647, 114.182228 22.326416, 114.18218 22.326408, 114.181987 22.326375)"
565,342,345,568273448,568273476,0,44820803;44820812,九龍城天橋 Kowloon City flyover,primary,False,300.329,2,50,,,viaduct,,"LINESTRING (114.191046 22.327776, 114.190207 22.327439, 114.189972 22.32735, 114.18974 22.327255, 114.189512 22.327152, 114.189287 22.327044, 114.189066 22.326928, 114.188943 22.326871, 114.188431 22.326584)"
566,342,343,568273448,568273464,0,1315073906;44820811;1315073903,九龍城天橋 Kowloon City flyover,primary,True,65.41000000000001,1,50,,,,,"LINESTRING (114.191046 22.327776, 114.191134 22.32785, 114.191332 22.327976, 114.191405 22.328023, 114.191451 22.328079, 114.191521 22.32816)"
567,343,282,568273464,437333586,0,125509998;1315073904;1315073905;987129499;987129503,太子道東 Prince Edward Road East,primary,True,186.10000000000002,4,50,,,,,"LINESTRING (114.191521 22.32816, 114.191565 22.328199, 114.191646 22.328268, 114.191715 22.328326, 114.191848 22.328439, 114.191931 22.328509, 114.192019 22.328583, 114.192099 22.328651, 114.192188 22.328726, 114.192285 22.328808, 114.192304 22.328824, 114.192337 22.328852, 114.19238 22.328889, 114.192415 22.32892, 114.192491 22.328994, 114.192551 22.329044, 114.192741 22.329224, 114.192827 22.329316)"
568,344,919,568273474,1408521515,0,1144802688;1144802689;44820814,太子道東 Prince Edward Road East,primary,True,39.453,2,50,,,,,"LINESTRING (114.191884 22.328099, 114.191831 22.328049, 114.191773 22.327996, 114.191726 22.327962, 114.191595 22.327867)"
569,344,342,568273474,568273448,0,44820810;1315073902;1144802687,九龍城天橋 Kowloon City flyover,primary,True,93.547,1,50,,,,,"LINESTRING (114.191884 22.328099, 114.191815 22.32808, 114.191728 22.328051, 114.191463 22.327927, 114.191154 22.327812, 114.191046 22.327776)"
570,345,342,568273476,568273448,0,44820803;44820812,九龍城天橋 Kowloon City flyover,primary,False,300.32899999999995,2,50,,,viaduct,,"LINESTRING (114.188431 22.326584, 114.188943 22.326871, 114.189066 22.326928, 114.189287 22.327044, 114.189512 22.327152, 114.18974 22.327255, 114.189972 22.32735, 114.190207 22.327439, 114.191046 22.327776)"
571,345,438,568273476,804106378,0,1315073896;1315073897;66348957,九龍城天橋 Kowloon City flyover,primary,True,52.339,1,,,,,,"LINESTRING (114.188431 22.326584, 114.188324 22.3265, 114.18823 22.326439, 114.188176 22.326396, 114.188105 22.32634, 114.188037 22.326286)"
572,346,1182,568273477,1651827991,0,152359871,福佬村道 Fuk Lo Tsun Road,residential,True,169.948,,,,,,,"LINESTRING (114.187621 22.328975, 114.187618 22.328882, 114.187614 22.328805, 114.187609 22.328668, 114.187592 22.328257, 114.187582 22.328035, 114.187558 22.327492, 114.187554 22.327448)"
573,346,1193,568273477,1651828032,0,152359872,福佬村道 Fuk Lo Tsun Road,residential,True,188.693,,,,,,,"LINESTRING (114.187621 22.328975, 114.187625 22.329068, 114.187688 22.33058, 114.18769 22.330601, 114.187692 22.330671)"
574,346,1500,568273477,6705233121,0,152359996;152359998,衙前圍道 Nga Tsin Wai Road,tertiary,False,115.71600000000001,4,,,,,,"LINESTRING (114.187621 22.328975, 114.187708 22.328972, 114.187845 22.328967, 114.187914 22.328965, 114.188074 22.328959, 114.188165 22.328956, 114.188253 22.328952, 114.188746 22.328934)"
575,346,1185,568273477,1651828016,0,152359998,衙前圍道 Nga Tsin Wai Road,tertiary,False,61.842000000000006,4,,,,,,"LINESTRING (114.187621 22.328975, 114.187528 22.328979, 114.187327 22.328986, 114.187144 22.328992, 114.187111 22.328994, 114.187021 22.328997)"
576,347,1689,568273492,12172282398,0,127207153;1315073908;1315073912;1315073913;1315073914;1315073915;1315073916,太子道西 Prince Edward Road West,secondary,True,170.224,2,,,,,,"LINESTRING (114.189805 22.327792, 114.1903 22.327886, 114.190422 22.327908, 114.190722 22.327959, 114.190983 22.328005, 114.191029 22.328015, 114.191069 22.328027, 114.191253 22.328076, 114.191352 22.328105, 114.191418 22.328126)"
577,347,1298,568273492,4777713345,0,1287323521;723795991,九龍城迴旋處 Kowloon City Roundabout,secondary,True,115.334,2,,,,,,"LINESTRING (114.189805 22.327792, 114.189953 22.327776, 114.19 22.327766, 114.190044 22.327748, 114.190084 22.327722, 114.190118 22.327691, 114.190144 22.327654, 114.190184 22.327577, 114.190275 22.327365, 114.190309 22.327284, 114.190334 22.327224, 114.190341 22.327184, 114.19034 22.327143, 114.190314 22.327014)"
578,348,349,568273493,568273494,0,125569304;125569306;152359992,衙前塱道 Nga Tsin Long Road;南角道 Nam Kok Road;太子道西 Prince Edward Road West,residential,True,294.609,,,,,,,"LINESTRING (114.189843 22.3289, 114.189835 22.328796, 114.189785 22.327933, 114.189783 22.327911, 114.189777 22.32789, 114.189765 22.327872, 114.189749 22.327856, 114.18973 22.327844, 114.189708 22.327836, 114.189355 22.327773, 114.189328 22.327769, 114.189301 22.327773, 114.189277 22.327785, 114.18927 22.327792, 114.189259 22.327803, 114.189247 22.327826, 114.189244 22.32785, 114.189278 22.328811, 114.189282 22.328918)"
579,348,349,568273493,568273494,1,152359999,衙前圍道 Nga Tsin Wai Road,tertiary,False,57.69499999999999,4,,,,,,"LINESTRING (114.189843 22.3289, 114.189733 22.328904, 114.18958 22.328909, 114.189397 22.328914, 114.189282 22.328918)"
580,348,1188,568273493,1651828027,0,152359984,南角道 Nam Kok Road,residential,True,188.204,,,,,,,"LINESTRING (114.189843 22.3289, 114.189848 22.329007, 114.189901 22.330504, 114.189904 22.330592)"
581,348,100,568273493,308473861,0,113146502;152359999,衙前圍道 Nga Tsin Wai Road,tertiary,False,165.29700000000003,4;2,,,,,,"LINESTRING (114.189843 22.3289, 114.189955 22.328898, 114.19007 22.328894, 114.19028 22.328888, 114.190395 22.328885, 114.190495 22.32888, 114.190846 22.328862, 114.190951 22.328857, 114.191395 22.328841, 114.191448 22.328839)"
582,349,348,568273494,568273493,0,152359999,衙前圍道 Nga Tsin Wai Road,tertiary,False,57.69499999999999,4,,,,,,"LINESTRING (114.189282 22.328918, 114.189397 22.328914, 114.18958 22.328909, 114.189733 22.328904, 114.189843 22.3289)"
583,349,1500,568273494,6705233121,0,152359999,衙前圍道 Nga Tsin Wai Road,tertiary,False,55.231,4,,,,,,"LINESTRING (114.189282 22.328918, 114.18917 22.328921, 114.189023 22.328925, 114.18883 22.328931, 114.188746 22.328934)"
584,350,1178,568273497,1651827966,0,152359952,露明道 Lomond Road,tertiary,False,14.021,2,,,,,,"LINESTRING (114.185235 22.326919, 114.18521 22.327043)"
585,350,1177,568273497,1651827954,0,152360014,太子道西 Prince Edward Road West,secondary,True,95.087,3,,,,,,"LINESTRING (114.185235 22.326919, 114.185128 22.3269, 114.184328 22.326753)"
586,350,1173,568273497,1651827929,0,152359956;1208213598,露明道 Lomond Road,tertiary,False,216.173,3,,,,,,"LINESTRING (114.185235 22.326919, 114.185274 22.326796, 114.185285 22.326739, 114.185513 22.325628, 114.185597 22.325225, 114.185604 22.325196, 114.185622 22.325111, 114.185643 22.325012)"
587,351,918,568369991,1408521488,0,436821568,九龍城迴旋處 Kowloon City Roundabout,secondary,True,13.104,2,,,,,,"LINESTRING (114.189347 22.327256, 114.189329 22.327373)"
588,352,580,574302298,1141756868,0,86059942,窩打老道 Waterloo Road,trunk,True,432.18,4,50,1,,,,"LINESTRING (114.179096 22.33642, 114.179064 22.335857, 114.17906 22.335803, 114.179059 22.335776, 114.178967 22.334237, 114.178966 22.334188, 114.178966 22.334167, 114.178967 22.334068, 114.178965 22.334037, 114.178962 22.333985, 114.178913 22.333162, 114.178887 22.332725, 114.178888 22.332539)"
589,353,1167,574312961,1651827893,0,41954560;1134187537;1134187536;692867006,東九龍走廊 East Kowloon Corridor;啟德隧道 Kai Tak Tunnel,trunk,True,429.83399999999995,2;3,70,5,,,yes,"LINESTRING (114.189826 22.319767, 114.189889 22.319854, 114.189946 22.319938, 114.190001 22.320025, 114.190063 22.320128, 114.190115 22.32022, 114.190162 22.320312, 114.190211 22.320419, 114.190256 22.320525, 114.190291 22.320621, 114.190323 22.320713, 114.190357 22.320831, 114.190452 22.321152, 114.190479 22.321254, 114.190522 22.321434, 114.190588 22.321649, 114.19064 22.321791, 114.190934 22.322384, 114.19095 22.322418, 114.191407 22.323326)"
590,353,1516,574312961,6705233456,0,45241818;106034107,九龍城道 Kowloon City Road,trunk_link;secondary,True,220.02700000000002,1;2,50;70,,,,,"LINESTRING (114.189826 22.319767, 114.19007 22.320251, 114.190121 22.320375, 114.190155 22.32049, 114.190188 22.320612, 114.190221 22.320736, 114.190252 22.320836, 114.190296 22.320962, 114.190353 22.321115, 114.190385 22.321264, 114.190531 22.321504, 114.19055 22.321534, 114.190591 22.321603)"
591,354,355,574312973,574313738,0,1375524067;37664018;45241819;225231463,東九龍走廊 East Kowloon Corridor;漆咸道北 Chatham Road North,trunk,True,1145.773,2,50;70,5,,yes,,"LINESTRING (114.18964 22.319357, 114.189521 22.319193, 114.189455 22.319099, 114.189414 22.319038, 114.189384 22.31899, 114.189349 22.318928, 114.189308 22.318852, 114.18927 22.31878, 114.189132 22.318503, 114.188548 22.317329, 114.188199 22.316639, 114.188014 22.316271, 114.187976 22.316194, 114.187932 22.316099, 114.18789 22.316004, 114.187856 22.315921, 114.187817 22.31582, 114.187781 22.31572, 114.187747 22.315614, 114.187725 22.315537, 114.187705 22.315454, 114.187673 22.315282, 114.187613 22.314881, 114.187601 22.314795, 114.187588 22.314713, 114.187557 22.314562, 114.187537 22.314463, 114.18752 22.314382, 114.187497 22.314304, 114.187477 22.314242, 114.187384 22.313984, 114.187353 22.313901, 114.187314 22.313808, 114.187272 22.313718, 114.187216 22.31361, 114.18717 22.313525, 114.187125 22.31345, 114.186988 22.313234, 114.186546 22.312552, 114.186076 22.311822, 114.185948 22.311621, 114.185801 22.311394, 114.185723 22.31127, 114.185678 22.311198, 114.185536 22.310968, 114.185468 22.310841, 114.1854 22.310718, 114.185326 22.310599, 114.185245 22.310483, 114.185096 22.310281, 114.18497 22.310087)"
592,355,373,574313738,582486679,0,98846961,漆咸道北 Chatham Road North,trunk,True,114.684,4,50,5,,,,"LINESTRING (114.18497 22.310087, 114.184898 22.310008, 114.184739 22.309849, 114.18455 22.309661, 114.184535 22.309646, 114.184226 22.309319)"
593,356,1525,574313748,6705233657,0,98846962;1375524069,漆咸道北 Chatham Road North,primary,True,195.221,1;2,50,,,,,"LINESTRING (114.184878 22.310176, 114.18491 22.310244, 114.184969 22.310372, 114.185133 22.31061, 114.185451 22.311089, 114.185652 22.311406, 114.185663 22.311424, 114.185826 22.311695)"
594,356,353,574313748,574312961,0,225231464;45241820;249216252;1375524070,東九龍走廊 East Kowloon Corridor;漆咸道北 Chatham Road North,trunk,True,1192.1499999999999,2,50;70,5,,yes,,"LINESTRING (114.184878 22.310176, 114.184937 22.310228, 114.185051 22.310333, 114.185113 22.310413, 114.185136 22.310445, 114.185216 22.310551, 114.185278 22.310643, 114.18534 22.310744, 114.18541 22.310874, 114.185504 22.311053, 114.185576 22.311187, 114.185639 22.311299, 114.18571 22.311419, 114.185809 22.31158, 114.186973 22.313385, 114.187047 22.313505, 114.187112 22.313619, 114.187166 22.31372, 114.187219 22.31383, 114.187264 22.31393, 114.187304 22.314034, 114.187341 22.314137, 114.187368 22.31422, 114.187401 22.314329, 114.187433 22.314455, 114.187461 22.314585, 114.187499 22.31481, 114.187537 22.315083, 114.187554 22.315195, 114.187572 22.315301, 114.187591 22.3154, 114.18762 22.315521, 114.187651 22.315639, 114.187687 22.315754, 114.187731 22.315883, 114.187782 22.31601, 114.187829 22.316118, 114.187894 22.316251, 114.189116 22.318693, 114.189193 22.318838, 114.189256 22.318952, 114.189312 22.319047, 114.189364 22.319128, 114.189414 22.319199, 114.189479 22.319289, 114.189826 22.319767)"
595,357,532,576880570,990120470,0,152359894,聯合道 Junction Road,secondary,False,16.859,2,,,,,,"LINESTRING (114.186954 22.327349, 114.186951 22.327197)"
596,357,1182,576880570,1651827991,0,152360015,太子道西 Prince Edward Road West,secondary,True,62.766000000000005,3,,,,,,"LINESTRING (114.186954 22.327349, 114.187158 22.32738, 114.187554 22.327448)"
597,357,1185,576880570,1651828016,0,1208439857;152359897,聯合道 Junction Road,secondary,False,183.41899999999998,3,,,,,,"LINESTRING (114.186954 22.327349, 114.186952 22.327447, 114.186953 22.327476, 114.186965 22.327737, 114.18698 22.328068, 114.186983 22.328146, 114.186987 22.328238, 114.18699 22.328314, 114.186995 22.328425, 114.187003 22.328597, 114.187014 22.328858, 114.187017 22.32891, 114.187021 22.328997)"
598,358,1333,582481740,4860719322,0,106149879,佛光街 Fat Kwong Street,secondary,False,191.93,4,50,,,,,"LINESTRING (114.182838 22.311789, 114.182418 22.312189, 114.182295 22.312323, 114.18228 22.312339, 114.182196 22.312472, 114.182125 22.312606, 114.182073 22.31275, 114.18195 22.313254)"
599,358,993,582481740,1636641331,0,1160794800;449337010;449337011;353796053;353796054;353795893;106149816;353794491,忠孝街 Chung Hau Street,tertiary,False,1183.81,2,50,,,,,"LINESTRING (114.182838 22.311789, 114.182708 22.311664, 114.182376 22.311314, 114.182332 22.31125, 114.182316 22.311163, 114.182308 22.310952, 114.182306 22.31065, 114.182304 22.31024, 114.182303 22.310146, 114.182304 22.309644, 114.18229 22.309568, 114.182266 22.309497, 114.182212 22.309418, 114.182143 22.309319, 114.182088 22.309255, 114.181996 22.309174, 114.181883 22.309121, 114.181726 22.309097, 114.181578 22.309105, 114.181447 22.309139, 114.181342 22.309179, 114.181287 22.3092, 114.181209 22.309239, 114.180976 22.30937, 114.180762 22.309514, 114.180751 22.309521, 114.180727 22.309538, 114.180456 22.309721, 114.180358 22.309807, 114.180314 22.309855, 114.180202 22.309981, 114.180068 22.310131, 114.179972 22.310238, 114.179692 22.310552, 114.179544 22.310682, 114.179425 22.310786, 114.179006 22.311152, 114.178954 22.311204, 114.178914 22.311241, 114.178368 22.311891, 114.178277 22.311999, 114.178106 22.312204, 114.177986 22.312349, 114.177915 22.312435, 114.177843 22.312584, 114.17783 22.312663, 114.177823 22.312766, 114.177818 22.313, 114.17781 22.313449, 114.177812 22.313556, 114.177816 22.313701, 114.177823 22.31394, 114.177826 22.314102, 114.177827 22.314179, 114.177847 22.314294, 114.1779 22.314596, 114.177914 22.314676, 114.177964 22.314956)"
600,358,498,582481740,989118852,0,686452444,佛光街 Fat Kwong Street,secondary,False,175.5,5,50,,,,,"LINESTRING (114.182838 22.311789, 114.182879 22.31175, 114.182979 22.311657, 114.184047 22.310676)"
601,359,1089,582481816,1642184803,0,151396669;1375524071,和衷街 Wo Chung Street,primary_link,True,217.74400000000003,1,,,,,,"LINESTRING (114.185526 22.309369, 114.185566 22.30935, 114.185596 22.309338, 114.185623 22.30933, 114.185637 22.309328, 114.185658 22.309324, 114.185688 22.309322, 114.185716 22.309323, 114.185749 22.309327, 114.185786 22.309335, 114.185822 22.309347, 114.185855 22.309361, 114.185888 22.309378, 114.185923 22.309401, 114.185958 22.30943, 114.185988 22.30946, 114.186012 22.309489, 114.186033 22.309523, 114.186051 22.309561, 114.186065 22.309597, 114.186074 22.309634, 114.18608 22.309674, 114.186085 22.309835, 114.186083 22.309882, 114.186076 22.309926, 114.186066 22.309961, 114.186052 22.309999, 114.186031 22.31004, 114.186004 22.310077, 114.185972 22.31011, 114.185936 22.310139, 114.185891 22.310168, 114.185751 22.310248, 114.185527 22.310376, 114.185494 22.310391, 114.185458 22.310401, 114.185421 22.310404, 114.185398 22.310402, 114.185361 22.310392, 114.185313 22.310369, 114.185235 22.310328)"
602,359,517,582481816,990120140,0,1265722984;45729485;752075278;752075279;494715094,佛光街 Fat Kwong Street,tertiary,True,227.173,1;2,50,,,,,"LINESTRING (114.185526 22.309369, 114.185808 22.309097, 114.185878 22.309044, 114.185955 22.309, 114.186037 22.308964, 114.186123 22.308938, 114.186212 22.308922, 114.186302 22.308916, 114.186721 22.308914, 114.18679 22.308913, 114.186862 22.308913, 114.186912 22.308913, 114.187052 22.308913, 114.187149 22.308917, 114.187282 22.308922, 114.187458 22.308929, 114.187496 22.308931, 114.18756 22.308933)"
603,360,517,582481839,990120140,0,105596611,馬頭圍道 Ma Tau Wai Road,secondary,True,10.11,2,,,,,,"LINESTRING (114.187558 22.308842, 114.18756 22.308933)"
604,360,882,582481839,1215986282,0,1160888075,佛光街 Fat Kwong Street,tertiary,True,19.806,1,50,,,,,"LINESTRING (114.187558 22.308842, 114.187494 22.308834, 114.187366 22.308827)"
605,361,1730,582482198,13861001219,0,856396244;5108613,佛光街 Fat Kwong Street,tertiary,True,41.733000000000004,1,50,,,,,"LINESTRING (114.185328 22.309364, 114.18527 22.30942, 114.185104 22.309594, 114.185086 22.309628, 114.185074 22.309654)"
606,362,991,582482277,1636641318,0,150787091,迦密村街 Carmel Village Street,residential,False,203.704,2,,,,,,"LINESTRING (114.180156 22.315045, 114.180044 22.314971, 114.17973 22.314762, 114.179602 22.314674, 114.179352 22.314492, 114.179273 22.314403, 114.179218 22.3143, 114.179133 22.314009, 114.179054 22.31377, 114.179015 22.313652)"
607,362,995,582482277,1636641344,0,353795895,忠孝街 Chung Hau Street,tertiary,False,122.26200000000001,3,50,,,,,"LINESTRING (114.180156 22.315045, 114.180075 22.31515, 114.17983 22.315453, 114.179685 22.315624, 114.179609 22.315702, 114.179523 22.315771, 114.179441 22.315826, 114.179374 22.315861)"
608,362,32,582482277,276169900,0,353795896,忠孝街 Chung Hau Street,tertiary,False,121.11099999999999,3,50,,,,,"LINESTRING (114.180156 22.315045, 114.180262 22.314928, 114.18055 22.314585, 114.180642 22.314515, 114.180745 22.314472, 114.180891 22.314429, 114.181048 22.314431)"
609,363,364,582486609,582486612,0,844368163;45740905;1375524074;1375524073;817595664;817595666,漆咸道北 Chatham Road North,trunk,True,103.688,4;3,50,5,,,,"LINESTRING (114.183256 22.308828, 114.183347 22.308882, 114.18341 22.308933, 114.183472 22.30899, 114.183543 22.309039, 114.183671 22.309128, 114.183778 22.309213, 114.183882 22.3093, 114.183904 22.309318, 114.183963 22.309368, 114.184037 22.309414)"
610,363,1085,582486609,1642184595,0,151396615;151396680;844368172;395014704;151396690;45729977,蕪湖街下通道 Wuhu Street underpass;機利士南路 Gillies Avenue South,trunk_link;secondary,True,417.31600000000003,1;3;2,50,,,,yes,"LINESTRING (114.183256 22.308828, 114.183372 22.308863, 114.18346 22.308895, 114.183558 22.308926, 114.18366 22.309002, 114.184105 22.30937, 114.184201 22.309444, 114.184275 22.309491, 114.184315 22.30951, 114.18436 22.309528, 114.184412 22.309546, 114.184459 22.309559, 114.184502 22.309568, 114.184545 22.309574, 114.184604 22.309579, 114.184663 22.30958, 114.184728 22.309577, 114.184792 22.30957, 114.184838 22.309561, 114.184882 22.30955, 114.184926 22.309536, 114.184973 22.309518, 114.185017 22.309499, 114.185057 22.309478, 114.18509 22.309458, 114.185125 22.309436, 114.185162 22.309409, 114.185196 22.309383, 114.185229 22.309354, 114.18526 22.309323, 114.185288 22.30929, 114.185312 22.309258, 114.185337 22.30922, 114.185361 22.309178, 114.18538 22.309139, 114.185396 22.309097, 114.18541 22.309057, 114.185421 22.309017, 114.185428 22.308979, 114.185437 22.308922, 114.18544 22.308865, 114.185438 22.308808, 114.18543 22.308751, 114.185418 22.308694, 114.185333 22.308403, 114.185309 22.308342, 114.185294 22.308305, 114.185257 22.308214, 114.185095 22.307966, 114.185086 22.307933, 114.185061 22.30785)"
611,364,369,582486612,582486626,0,151396661,山谷道 Valley Road,residential,False,75.122,2,,,,,,"LINESTRING (114.184037 22.309414, 114.183992 22.309457, 114.183954 22.30949, 114.183547 22.309914)"
612,364,356,582486612,574313748,0,817595665;514553107;1375524068,漆咸道北 Chatham Road North,trunk,True,121.44800000000001,3,50,5,,,,"LINESTRING (114.184037 22.309414, 114.184175 22.309528, 114.184298 22.309621, 114.184468 22.309761, 114.184538 22.30982, 114.184607 22.30989, 114.184644 22.309929, 114.184803 22.31009, 114.184878 22.310176)"
613,365,366,582486617,582486618,0,45729978,差館里 Station Lane,residential,False,35.441,,,,,,,"LINESTRING (114.185042 22.308354, 114.184998 22.308382, 114.184757 22.308534)"
614,365,365,582486617,582486617,0,1455157451;1455157452,差館里 Station Lane,residential,False,46.421,,,,,,,"LINESTRING (114.185042 22.308354, 114.185052 22.308368, 114.185061 22.308375, 114.185073 22.308382, 114.185084 22.308387, 114.18509 22.308388, 114.185105 22.308391, 114.18512 22.308392, 114.18513 22.308391, 114.185148 22.308386, 114.185164 22.308378, 114.185181 22.308364, 114.185193 22.308348, 114.185201 22.308329, 114.185203 22.308315, 114.1852 22.308292, 114.185196 22.308278, 114.185188 22.308265, 114.185115 22.30831, 114.185042 22.308354)"
615,365,365,582486617,582486617,1,1455157451;1455157452,差館里 Station Lane,residential,False,46.42100000000001,,,,,,,"LINESTRING (114.185042 22.308354, 114.185115 22.30831, 114.185188 22.308265, 114.185196 22.308278, 114.1852 22.308292, 114.185203 22.308315, 114.185201 22.308329, 114.185193 22.308348, 114.185181 22.308364, 114.185164 22.308378, 114.185148 22.308386, 114.18513 22.308391, 114.18512 22.308392, 114.185105 22.308391, 114.18509 22.308388, 114.185084 22.308387, 114.185073 22.308382, 114.185061 22.308375, 114.185052 22.308368, 114.185042 22.308354)"
616,366,367,582486618,582486619,0,45729978,差館里 Station Lane,residential,False,48.071000000000005,,,,,,,"LINESTRING (114.184757 22.308534, 114.184398 22.30876, 114.184371 22.308777)"
617,366,365,582486618,582486617,0,45729978,差館里 Station Lane,residential,False,35.441,,,,,,,"LINESTRING (114.184757 22.308534, 114.184998 22.308382, 114.185042 22.308354)"
618,366,368,582486618,582486620,0,45729979,獲嘉道 Walker Road,residential,False,45.803,,,,,,,"LINESTRING (114.184757 22.308534, 114.184723 22.308487, 114.184566 22.308274, 114.184507 22.308193)"
619,367,366,582486619,582486618,0,45729978,差館里 Station Lane,residential,False,48.071000000000005,,,,,,,"LINESTRING (114.184371 22.308777, 114.184398 22.30876, 114.184757 22.308534)"
620,368,366,582486620,582486618,0,45729979,獲嘉道 Walker Road,residential,False,45.803,,,,,,,"LINESTRING (114.184507 22.308193, 114.184566 22.308274, 114.184723 22.308487, 114.184757 22.308534)"
621,368,374,582486620,582486837,0,151396672;1375524084;817585446;817585439,蕪湖街 Wuhu Street,secondary,False,76.616,4;3,,,,,,"LINESTRING (114.184507 22.308193, 114.184489 22.308204, 114.184245 22.308357, 114.184214 22.308376, 114.184179 22.308398, 114.1841 22.308447, 114.184008 22.308512, 114.183898 22.308589)"
622,368,1577,582486620,7635476606,0,833662231,蕪湖街 Wuhu Street,secondary,False,59.424,3,,,,,,"LINESTRING (114.184507 22.308193, 114.184545 22.30817, 114.184631 22.308116, 114.184898 22.30795, 114.184941 22.307923, 114.184986 22.307895)"
623,369,364,582486626,582486612,0,151396661,山谷道 Valley Road,residential,False,75.122,2,,,,,,"LINESTRING (114.183547 22.309914, 114.183954 22.30949, 114.183992 22.309457, 114.184037 22.309414)"
624,371,875,582486640,1210796259,0,85320685,觀音街 Kun Yam Street,residential,True,52.148,2,,,,,,"LINESTRING (114.185461 22.307596, 114.185412 22.307529, 114.185214 22.307256, 114.185178 22.307207)"
625,371,1081,582486640,1642184499,0,105307490,蕪湖街 Wuhu Street,secondary,False,54.437,4,,,,,,"LINESTRING (114.185461 22.307596, 114.185598 22.30751, 114.185724 22.307431, 114.185749 22.307416, 114.1859 22.307322)"
626,371,1085,582486640,1642184595,0,105307496,蕪湖街 Wuhu Street,secondary,False,49.924,5,,,,,,"LINESTRING (114.185461 22.307596, 114.18521 22.307755, 114.185061 22.30785)"
627,371,370,582486640,582486639,0,151396629,觀音街 Kun Yam Street,residential,True,44.79600000000001,1,,,,,,"LINESTRING (114.185461 22.307596, 114.185515 22.30767, 114.185705 22.30793)"
628,372,482,582486660,988059589,0,151396646,大環道 Tai Wan Road,residential,False,8.995,,,,,,,"LINESTRING (114.187443 22.308022, 114.18752 22.307984)"
629,372,375,582486660,582486851,0,1297583981;494507061,馬頭圍道 Ma Tau Wai Road,secondary,True,62.78,2;3,,,,,,"LINESTRING (114.187443 22.308022, 114.187464 22.308068, 114.187482 22.308115, 114.1875 22.308162, 114.187514 22.308209, 114.18753 22.308298, 114.187541 22.308391, 114.187547 22.308484, 114.187551 22.308574)"
630,373,361,582486679,582482198,0,151396640;844368143,平治街 Ping Chi Street,trunk_link,True,225.899,1,,,,,,"LINESTRING (114.184226 22.309319, 114.184187 22.309139, 114.184176 22.309089, 114.184177 22.30906, 114.184182 22.309031, 114.184194 22.309002, 114.18421 22.308974, 114.184232 22.30895, 114.184266 22.308923, 114.184577 22.308731, 114.18462 22.308708, 114.184664 22.308688, 114.184711 22.308673, 114.184759 22.308663, 114.184808 22.308656, 114.184857 22.308654, 114.184906 22.308657, 114.184955 22.308664, 114.185003 22.308675, 114.185049 22.308691, 114.185094 22.30871, 114.185136 22.308734, 114.185176 22.308761, 114.185212 22.308792, 114.185245 22.308826, 114.185277 22.308863, 114.18531 22.308912, 114.185336 22.308961, 114.185352 22.309009, 114.185366 22.309066, 114.185371 22.309127, 114.185371 22.309197, 114.185365 22.309249, 114.185353 22.309292, 114.185328 22.309364)"
631,373,376,582486679,582486941,0,844368161;844368162,漆咸道北 Chatham Road North,trunk,True,48.173,4,50,5,,,,"LINESTRING (114.184226 22.309319, 114.184106 22.309206, 114.183895 22.309012)"
632,374,377,582486837,582486944,0,1375524082;151396671,蕪湖街 Wuhu Street,secondary,True,42.775,2,,,,,,"LINESTRING (114.183898 22.308589, 114.18386 22.30862, 114.18381 22.30866, 114.183714 22.308715, 114.183648 22.308748, 114.183548 22.308792)"
633,374,368,582486837,582486620,0,151396672;1375524084;817585446;817585439,蕪湖街 Wuhu Street,secondary,False,76.616,4;3,,,,,,"LINESTRING (114.183898 22.308589, 114.184008 22.308512, 114.1841 22.308447, 114.184179 22.308398, 114.184214 22.308376, 114.184245 22.308357, 114.184489 22.308204, 114.184507 22.308193)"
634,375,882,582486851,1215986282,0,105596620,佛光街 Fat Kwong Street,secondary_link,True,34.985,1,,,,,,"LINESTRING (114.187551 22.308574, 114.18753 22.308637, 114.18751 22.308686, 114.187481 22.308732, 114.187446 22.308769, 114.187404 22.3088, 114.187366 22.308827)"
635,375,360,582486851,582481839,0,1160888074,馬頭圍道 Ma Tau Wai Road,secondary,True,29.845,2,,,,,,"LINESTRING (114.187551 22.308574, 114.187555 22.308684, 114.187556 22.308726, 114.187558 22.308842)"
636,376,374,582486941,582486837,0,151396673;1375524083;844368141,蕪湖街 Wuhu Street,secondary,True,49.378,1,,,,,,"LINESTRING (114.183895 22.309012, 114.183854 22.308912, 114.183837 22.308869, 114.183832 22.308828, 114.183831 22.308781, 114.183835 22.30875, 114.183841 22.308725, 114.183856 22.308685, 114.18388 22.308631, 114.183898 22.308589)"
637,376,377,582486941,582486944,0,1375524077;262908485;844368142,漆咸道北 Chatham Road North,trunk,True,43.65,3,50,5,,,,"LINESTRING (114.183895 22.309012, 114.183824 22.308955, 114.183749 22.308896, 114.183666 22.308843, 114.183548 22.308792)"
638,376,1694,582486941,12735971077,0,1375524081;1375524078;1375524079,漆咸道北 Chatham Road North,trunk,True,55.837,1,50,5,,,,"LINESTRING (114.183895 22.309012, 114.183809 22.308988, 114.183714 22.308961, 114.183608 22.308895, 114.183527 22.308827, 114.183443 22.308753)"
639,377,1694,582486944,12735971077,0,1375524080,漆咸道北 Chatham Road North,trunk,True,11.628,3,50,5,,,,"LINESTRING (114.183548 22.308792, 114.183443 22.308753)"
640,378,392,582486959,582596651,0,844368138;45740605;45740903,康莊道 Hong Chong Road,trunk_link,True,64.599,2;1,50,,,,,"LINESTRING (114.181186 22.307221, 114.18116 22.307091, 114.181151 22.307025, 114.181151 22.30688, 114.181165 22.306797, 114.18118 22.306744, 114.181208 22.306649)"
641,378,380,582486959,582593262,0,45740901;844368139;249233520;1305278481;1305278483;1305278484,漆咸道南 Chatham Road South;漆咸道北 Chatham Road North,trunk,True,164.39900000000003,2;3,50,5,,,,"LINESTRING (114.181186 22.307221, 114.181074 22.307128, 114.180978 22.307022, 114.180744 22.306775, 114.180525 22.306549, 114.180444 22.306473, 114.180234 22.306249, 114.180142 22.306107)"
642,379,388,582593236,582593473,0,45740897;1095134818;45740774;45740758,公主道 Princess Margaret Road,trunk,True,180.39399999999998,1,70,1,,yes,,"LINESTRING (114.180658 22.306734, 114.180555 22.306794, 114.180238 22.306983, 114.180153 22.307038, 114.180059 22.307103, 114.179946 22.307186, 114.17985 22.307262, 114.179764 22.307336, 114.179687 22.307414, 114.179603 22.307506, 114.17953 22.307594, 114.179442 22.307707, 114.179368 22.307807)"
643,379,1434,582593236,5390102149,0,85320834;1095134819;1095134820;45740773;558840483;1095134795;85320748,,trunk_link,True,420.8209999999999,2,50;70,,,yes,,"LINESTRING (114.180658 22.306734, 114.180571 22.306808, 114.180284 22.307033, 114.180266 22.307049, 114.180246 22.307064, 114.180224 22.307082, 114.18007 22.307188, 114.179998 22.307241, 114.179932 22.307302, 114.179881 22.307368, 114.179839 22.307442, 114.179817 22.307508, 114.179803 22.307591, 114.179799 22.307683, 114.179813 22.307767, 114.179836 22.307831, 114.179865 22.307886, 114.179909 22.307945, 114.179956 22.307991, 114.18003 22.308049, 114.18009 22.30808, 114.180177 22.308113, 114.180252 22.308131, 114.180337 22.30814, 114.180412 22.308136, 114.180556 22.308115, 114.180605 22.308108, 114.180821 22.308076, 114.180896 22.308065, 114.181127 22.308031, 114.181238 22.308021, 114.181351 22.308016, 114.181482 22.30802, 114.181656 22.308042, 114.181817 22.308083, 114.182014 22.308147, 114.182196 22.3082)"
644,380,381,582593262,582593265,0,85320779,漆咸道南 Chatham Road South,trunk,True,123.185,3,50,5,,,,"LINESTRING (114.180142 22.306107, 114.179967 22.305971, 114.179836 22.305894, 114.17971 22.305822, 114.179581 22.305758, 114.179426 22.305696, 114.179084 22.305623)"
645,381,1342,582593265,4862185729,0,388176756,漆咸道南 Chatham Road South,trunk,True,25.526000000000003,3,50,5,,,,"LINESTRING (114.179084 22.305623, 114.179005 22.30564, 114.178938 22.30565, 114.178841 22.305667)"
646,381,423,582593265,675764190,0,53470403;1305278486;1305278494,漆咸道南 Chatham Road South,secondary,True,53.974,2,50,,,,,"LINESTRING (114.179084 22.305623, 114.178988 22.305584, 114.178888 22.305544, 114.17882 22.305514, 114.178763 22.305472, 114.178707 22.30542, 114.178686 22.305399, 114.17865 22.305365)"
647,382,1343,582593267,4862228463,0,53470399,加士居道 Gascoigne Road,primary,True,12.22,2,50,,,,,"LINESTRING (114.178373 22.305754, 114.178256 22.305734)"
648,382,1366,582593267,5026796433,0,1305278469;244383901;53470406;1305278471,加士居道天橋 Gascoigne Road Flyover,trunk,True,149.162,2,50,5,,viaduct,,"LINESTRING (114.178373 22.305754, 114.17829 22.305818, 114.177974 22.305905, 114.177717 22.305996, 114.177315 22.306135, 114.177027 22.306237)"
649,383,1434,582593293,5390102149,0,558840482;247845191;45740904;1375524072;1095134796;1384191863;249215903,漆咸道北 Chatham Road North,trunk,True,190.821,2;3,50,5,,yes,,"LINESTRING (114.180805 22.307068, 114.180869 22.307119, 114.180978 22.307196, 114.181106 22.307311, 114.181212 22.307404, 114.181369 22.307547, 114.181498 22.307654, 114.181753 22.307866, 114.181974 22.308022, 114.182052 22.308076, 114.182196 22.3082)"
650,383,1464,582593293,6160598984,0,1095134791;1095134794;1095134790;151396711,,trunk_link,True,174.846,2;3,50,,,,,"LINESTRING (114.180805 22.307068, 114.180834 22.307138, 114.180875 22.307234, 114.180895 22.307279, 114.180915 22.307326, 114.18093 22.307375, 114.18094 22.307425, 114.180944 22.307476, 114.180943 22.307526, 114.18094 22.307578, 114.180929 22.307628, 114.180912 22.307677, 114.180888 22.307724, 114.180858 22.307767, 114.180821 22.307807, 114.180776 22.307839, 114.180726 22.307864, 114.180672 22.307881, 114.180615 22.307889, 114.180558 22.307889, 114.180502 22.307879, 114.180449 22.307861, 114.1804 22.307835, 114.180356 22.307801, 114.180318 22.307761, 114.180285 22.307711, 114.180266 22.307644, 114.18026 22.307583, 114.180268 22.307518)"
651,384,386,582593329,582593415,0,247845479;1095134797;1305278482;1095134803;1095134802;45740767,康莊道 Hong Chong Road,trunk,True,137.337,4;3;2,70,1,,yes,,"LINESTRING (114.180586 22.307026, 114.180729 22.306894, 114.180862 22.306772, 114.181073 22.306568, 114.181263 22.306386, 114.181308 22.306338, 114.18136 22.30628, 114.181408 22.306223, 114.181449 22.306171, 114.181484 22.306116)"
652,385,394,582593392,587637080,0,98965986;492599587;630842343;1095134858;45740459;1095134860;1194667084;958534957;247846256;681882515;247846358;1095134779;1095134780,海底隧道 Cross-Harbour Tunnel,trunk,True,2219.717,4;3;2,50;70,1,,,yes,"LINESTRING (114.181177 22.30432, 114.181053 22.304021, 114.181003 22.3039, 114.180823 22.303511, 114.18076 22.30337, 114.180707 22.303238, 114.180661 22.303103, 114.180626 22.302976, 114.180591 22.302832, 114.180569 22.302716, 114.18055 22.3026, 114.180532 22.302449, 114.180504 22.302156, 114.180499 22.302112, 114.180493 22.302048, 114.180478 22.301893, 114.180464 22.301784, 114.180451 22.301649, 114.180442 22.301502, 114.180439 22.301344, 114.180446 22.301162, 114.180454 22.301057, 114.180463 22.300948, 114.180508 22.300657, 114.180563 22.300325, 114.180597 22.300134, 114.180673 22.299726, 114.180803 22.298963, 114.183187 22.284658)"
653,385,1122,582593392,1649049033,0,1095134784;817600056;1384191893;817600055,梳士巴利道 Salisbury Road,primary,True,258.29400000000004,1;2,50,,,,,"LINESTRING (114.181177 22.30432, 114.181169 22.304096, 114.181162 22.303999, 114.181149 22.303865, 114.181134 22.303722, 114.181113 22.303559, 114.181094 22.303432, 114.181082 22.303341, 114.18107 22.303258, 114.181055 22.303145, 114.180978 22.302539, 114.180936 22.302236, 114.180904 22.302012)"
654,386,387,582593415,582593417,0,249233908,康莊道 Hong Chong Road,trunk,True,93.93299999999999,4,70,1,,,,"LINESTRING (114.181484 22.306116, 114.181514 22.306058, 114.181542 22.30599, 114.181566 22.305912, 114.181592 22.305811, 114.181606 22.305698, 114.181608 22.305589, 114.181601 22.305477, 114.181565 22.305292)"
655,387,219,582593417,384377131,0,1095134785;105025218;105025204;105025245,順風道 Railway Approach,trunk_link,True,175.829,1,50,,,viaduct;yes,,"LINESTRING (114.181565 22.305292, 114.181557 22.305182, 114.181546 22.305051, 114.181544 22.305019, 114.181519 22.304852, 114.181477 22.30469, 114.18134 22.304367, 114.18131 22.304291, 114.181253 22.30409, 114.181235 22.303953, 114.181238 22.303913, 114.18125 22.303881, 114.181268 22.303859, 114.181296 22.303849, 114.18133 22.303847, 114.181371 22.303853)"
656,387,385,582593417,582593392,0,1095134786;1095134787;1095134782;1095134783,康莊道 Hong Chong Road,trunk,True,115.244,4;5,70,1,,,,"LINESTRING (114.181565 22.305292, 114.181526 22.305184, 114.181467 22.30502, 114.181408 22.30488, 114.181289 22.304589, 114.181223 22.304429, 114.181177 22.30432)"
657,388,389,582593473,582593479,0,45740898;1095134855,公主道 Princess Margaret Road,trunk,True,104.815,2,70,1,,yes,,"LINESTRING (114.179368 22.307807, 114.179314 22.307904, 114.179259 22.308005, 114.179184 22.308162, 114.179081 22.308424, 114.178992 22.308681)"
658,389,404,582593479,675264194,0,1426265704;1426265701;1426265702;270589687,公主道 Princess Margaret Road,trunk,True,397.80899999999997,3,70,1,,,,"LINESTRING (114.178992 22.308681, 114.178884 22.308938, 114.178757 22.309199, 114.178534 22.309571, 114.177846 22.310674, 114.177776 22.310785, 114.177652 22.310969, 114.177615 22.311024, 114.177501 22.311167, 114.177306 22.311372, 114.176981 22.311715)"
659,390,393,582596632,582596692,0,45740906;1237546159;1095134807;1095134810;45740606,紅磡繞道 Hung Hom Bypass,primary,True,457.19199999999995,1,70,,,yes,,"LINESTRING (114.178874 22.309272, 114.178956 22.309205, 114.179059 22.309113, 114.179129 22.309028, 114.179265 22.308876, 114.179414 22.3087, 114.179615 22.308491, 114.179894 22.308227, 114.180226 22.307948, 114.18055 22.307683, 114.180821 22.307434, 114.181178 22.307018, 114.181311 22.30684, 114.181432 22.306684, 114.181542 22.306544, 114.181805 22.306201)"
660,390,391,582596632,582596633,0,1095134809;528507294,公主道 Princess Margaret Road,trunk,True,24.711,2;3,70,1,,,,"LINESTRING (114.178874 22.309272, 114.178922 22.30919, 114.17899 22.309077)"
661,391,424,582596633,675764196,0,53470404;53470407;1305278491;1095134806;5020538;1095134811,公主道 Princess Margaret Road,trunk_link,True,569.9509999999999,1;2,50,,,yes,,"LINESTRING (114.17899 22.309077, 114.179017 22.308992, 114.179068 22.308853, 114.179144 22.30869, 114.179219 22.308439, 114.179238 22.308309, 114.179238 22.308175, 114.179242 22.308005, 114.179226 22.307833, 114.179179 22.307618, 114.179091 22.307366, 114.179015 22.307156, 114.178964 22.307002, 114.178908 22.306829, 114.17885 22.306647, 114.178703 22.306103, 114.178512 22.305463, 114.178178 22.304222, 114.17819 22.304119)"
662,391,384,582596633,582593329,0,1095134816;45740765;1095134815;1095134812;1095134813;45740894;45740895,公主道 Princess Margaret Road;康莊道 Hong Chong Road,trunk,True,282.84799999999996,2,70,1,,viaduct;yes,,"LINESTRING (114.17899 22.309077, 114.179048 22.308995, 114.179127 22.308884, 114.179207 22.308759, 114.179348 22.308536, 114.179875 22.307735, 114.180111 22.307455, 114.180394 22.307164, 114.180436 22.307134, 114.180497 22.307088, 114.180586 22.307026)"
663,392,386,582596651,582593415,0,1095134800;1095134801;254006970;1095134799,康莊道 Hong Chong Road,trunk_link,True,66.321,2,70,,,,,"LINESTRING (114.181208 22.306649, 114.181247 22.306595, 114.181312 22.306503, 114.181362 22.306426, 114.181412 22.306337, 114.181436 22.306284, 114.181452 22.30624, 114.181484 22.306116)"
664,393,1582,582596692,7677313936,0,674226056;28379306,紅磡繞道 Hung Hom Bypass,primary,True,200.223,2,50,,,yes,,"LINESTRING (114.181805 22.306201, 114.181985 22.306033, 114.182175 22.305872, 114.182402 22.305694, 114.182669 22.305504, 114.183099 22.305212, 114.183309 22.305062)"
665,395,317,587637101,496035674,0,244383770;1095134823;1095134826;958534955;1194667085;958534958;1095134835;681882518;681882519;1095134776;1095134777;45740986;244383771,海底隧道 Cross-Harbour Tunnel,trunk,True,2152.9439999999995,2;4;3,50;70,1,,,yes,"LINESTRING (114.183072 22.284647, 114.180698 22.298944, 114.180673 22.299092, 114.180572 22.2997, 114.180502 22.300104, 114.180464 22.300303, 114.1804 22.300631, 114.180343 22.30093, 114.18032 22.301025, 114.180289 22.30114, 114.180258 22.301305, 114.180198 22.301556, 114.180177 22.301688, 114.180152 22.301849, 114.180144 22.301963, 114.180146 22.302075, 114.180154 22.302154, 114.180162 22.302226, 114.180192 22.302423, 114.180205 22.302482, 114.180243 22.302626, 114.180304 22.302775, 114.180372 22.302935, 114.18044 22.303069, 114.180586 22.303329, 114.180665 22.303493, 114.180741 22.303691)"
666,396,467,597408265,857781427,0,85201034,上鄉道 Sheung Heung Road,tertiary,True,57.87599999999999,2,,,,,,"LINESTRING (114.189616 22.318237, 114.189687 22.318206, 114.190078 22.318039, 114.190127 22.318018)"
667,396,1133,597408265,1651827803,0,152360031;1375495614;1375495615,上鄉道 Sheung Heung Road,tertiary,False,226.23700000000002,2,,,,,,"LINESTRING (114.189616 22.318237, 114.189533 22.318272, 114.189229 22.318402, 114.189222 22.318405, 114.189128 22.318446, 114.188981 22.318509, 114.188912 22.318538, 114.188572 22.318684, 114.188493 22.318718, 114.188396 22.318759, 114.188016 22.318922, 114.187808 22.319011, 114.187622 22.319094)"
668,397,383,629539289,582593293,0,1305278498;1305278499;514553062;53470409;1305278474;514553132;514553069;951585201;514553076,漆咸道南 Chatham Road South;漆咸道北 Chatham Road North,trunk,True,297.108,4;5,50,5,,,,"LINESTRING (114.178418 22.305906, 114.178494 22.305888, 114.178662 22.305847, 114.178828 22.305832, 114.178915 22.30583, 114.178994 22.305834, 114.179082 22.305843, 114.179171 22.30586, 114.179363 22.305911, 114.179552 22.305989, 114.17967 22.30606, 114.17978 22.306141, 114.18005 22.306342, 114.180176 22.306455, 114.180356 22.306622, 114.180564 22.306833, 114.180805 22.307068)"
669,398,765,653112507,1179001823,0,102283602,砵蘭街 Portland Street,secondary,True,62.681999999999995,2,,,,,,"LINESTRING (114.167653 22.32446, 114.167558 22.324884, 114.167528 22.325012)"
670,398,772,653112507,1180709229,0,746198229,基隆街 Ki Lung Street,residential,True,324.89300000000003,1,,,,,,"LINESTRING (114.167653 22.32446, 114.167509 22.32457, 114.16668 22.325199, 114.16584 22.325842, 114.165776 22.32589, 114.165426 22.326164, 114.165396 22.326194, 114.165372 22.326229, 114.165353 22.326267, 114.165342 22.326307, 114.165337 22.326348, 114.165339 22.32639)"
671,399,1207,660415615,2089428235,0,901557026,佐敦道 Jordan Road,secondary,True,17.39,2,,,,,,"LINESTRING (114.161645 22.307076, 114.161599 22.307059, 114.161565 22.307055, 114.161536 22.307055, 114.16148 22.307057)"
672,400,773,660864274,1180818602,0,151355620,欽州街 Yen Chow Street,secondary,True,10.861,3,,,,,,"LINESTRING (114.159017 22.329655, 114.159086 22.329729)"
673,400,1092,660864274,1645492675,0,103411715;1208439855,荔枝角道 Lai Chi Kok Road,primary,True,460.15900000000005,4;3,,,,,,"LINESTRING (114.159017 22.329655, 114.158929 22.329723, 114.158102 22.330376, 114.157686 22.330698, 114.157517 22.330829, 114.157416 22.330907, 114.157376 22.330938, 114.156994 22.331233, 114.156662 22.331489, 114.155988 22.332009, 114.155701 22.33223, 114.155665 22.332262, 114.155597 22.332323)"
674,401,278,660864276,420027780,0,103372415,福榮街 Fuk Wing Street,residential,True,231.502,,,,,,,"LINESTRING (114.161847 22.332654, 114.161907 22.332609, 114.162639 22.33205, 114.162718 22.331989, 114.162786 22.331937, 114.163503 22.33138, 114.163577 22.331322)"
675,401,102,660864276,308475224,0,1203105128,欽州街 Yen Chow Street,secondary,True,63.74100000000001,4,,,,,,"LINESTRING (114.161847 22.332654, 114.161562 22.332334, 114.161542 22.332312, 114.161454 22.332212)"
676,402,1064,660864277,1641766439,0,103274841,大南街 Tai Nan Street,residential,True,116.219,,30,,,,,"LINESTRING (114.160407 22.329401, 114.160335 22.329457, 114.159628 22.330009, 114.159594 22.330025, 114.159522 22.330032)"
677,402,775,660864277,1180818608,0,103274862,桂林街 Kweilin Street,residential,False,57.412,,30,,,,,"LINESTRING (114.160407 22.329401, 114.160341 22.329326, 114.160106 22.329056, 114.160056 22.328999)"
678,404,1236,675264194,2772111145,0,1426265705;1389172580;1215181725,公主道 Princess Margaret Road,trunk_link,True,31.589,1;2,,,,,,"LINESTRING (114.176981 22.311715, 114.176904 22.311753, 114.176837 22.311786, 114.176783 22.31181, 114.176708 22.311844)"
679,404,406,675264194,675264200,0,1426265706;268615604;1426265703,公主道 Princess Margaret Road,trunk,True,98.23099999999998,2,70,1,,,,"LINESTRING (114.176981 22.311715, 114.176931 22.311787, 114.176897 22.311826, 114.176872 22.311867, 114.176845 22.311908, 114.176807 22.311984, 114.176774 22.312063, 114.176747 22.312152, 114.176729 22.312235, 114.176716 22.312321, 114.176711 22.312412, 114.176713 22.312455, 114.176709 22.312491, 114.176703 22.312541)"
680,405,1235,675264198,2772111132,0,53410829,衛理道 Wylie Road,tertiary,False,23.225,4,,,,,,"LINESTRING (114.176494 22.311996, 114.176467 22.31189, 114.176453 22.311851, 114.176433 22.311795)"
681,405,1237,675264198,2772111183,0,150787105;272254647,衛理道 Wylie Road,secondary,False,38.245000000000005,4,,,,,,"LINESTRING (114.176494 22.311996, 114.176416 22.312054, 114.176394 22.312074, 114.176293 22.312164, 114.176231 22.312237)"
682,405,1497,675264198,6702368663,0,249537229,公主道 Princess Margaret Road,trunk_link,True,29.518,2,,,,,,"LINESTRING (114.176494 22.311996, 114.176528 22.3121, 114.176589 22.312246)"
683,406,411,675264200,675264372,0,249537377;1426265699;1426265700;888280020,公主道 Princess Margaret Road,trunk,True,310.97499999999997,3,70,1,,,,"LINESTRING (114.176703 22.312541, 114.176738 22.312744, 114.176786 22.313032, 114.176808 22.31315, 114.176872 22.313514, 114.17695 22.31396, 114.177073 22.314662, 114.17711 22.314855, 114.177125 22.31495, 114.177134 22.314992, 114.177145 22.315038, 114.177172 22.315158, 114.177186 22.315203, 114.177194 22.315234, 114.177211 22.315297)"
684,407,410,675264208,675264297,0,150771648;494278044,常興街 Sheung Hing Street,trunk_link,True,105.00899999999999,1,50,,,,,"LINESTRING (114.178954 22.31734, 114.178984 22.317337, 114.179004 22.317339, 114.179023 22.317343, 114.179047 22.317352, 114.179065 22.317365, 114.17908 22.31738, 114.179095 22.317398, 114.179107 22.31742, 114.179115 22.317444, 114.179117 22.317469, 114.179114 22.317498, 114.179105 22.317527, 114.17908 22.317578, 114.179068 22.317598, 114.179036 22.317636, 114.178993 22.317669, 114.178942 22.317702, 114.178907 22.317711, 114.178869 22.317716, 114.17883 22.317714, 114.178786 22.317704, 114.178749 22.317683, 114.178718 22.317654, 114.178584 22.317506)"
685,407,408,675264208,675264211,0,353795901,培正道 Pui Ching Road,secondary,True,17.585,2,50,,,,,"LINESTRING (114.178954 22.31734, 114.179038 22.31731, 114.179114 22.317284)"
686,408,1329,675264211,4860320029,0,150771627,培正道 Pui Ching Road,secondary,True,29.571,3,50,,,,,"LINESTRING (114.179114 22.317284, 114.179381 22.317184)"
687,408,416,675264211,675264499,0,453782348,常興街 Sheung Hing Street,trunk_link,True,10.554,1,50,,,,,"LINESTRING (114.179114 22.317284, 114.179063 22.317202)"
688,409,1381,675264249,5102154185,0,524259823,培正道 Pui Ching Road,secondary,True,10.858,3,50,,,,,"LINESTRING (114.177892 22.31767, 114.177796 22.317711)"
689,410,417,675264297,675264558,0,353795899;1433971792;888280056;888280057;888280058;888280059,公主道 Princess Margaret Road,trunk,True,291.26,3,70,1,,,,"LINESTRING (114.178584 22.317506, 114.178524 22.317375, 114.178484 22.317259, 114.178473 22.317223, 114.178441 22.31711, 114.178429 22.317066, 114.17839 22.316929, 114.178356 22.316808, 114.178316 22.316673, 114.178266 22.316564, 114.178207 22.316418, 114.178123 22.316279, 114.177965 22.316068, 114.177732 22.315839, 114.177568 22.315682, 114.177512 22.315608, 114.177478 22.315562, 114.177399 22.315442, 114.177374 22.315401, 114.177345 22.315337, 114.177322 22.315272, 114.177303 22.31522)"
690,411,1239,675264372,2774815491,0,888280018,公主道 Princess Margaret Road,residential,True,18.585,1,,,,,,"LINESTRING (114.177211 22.315297, 114.177163 22.315387, 114.177136 22.315449)"
691,411,412,675264372,675264398,0,888280015;888280016;888280017;888280019;888280054;888280055;888280060,公主道 Princess Margaret Road,trunk,True,303.172,3,70,1,,,,"LINESTRING (114.177211 22.315297, 114.177237 22.315367, 114.177268 22.31544, 114.177289 22.315483, 114.177389 22.315628, 114.177417 22.315664, 114.177483 22.31575, 114.177583 22.315859, 114.177636 22.31591, 114.177691 22.315962, 114.177858 22.316117, 114.178029 22.316316, 114.178106 22.316441, 114.178178 22.316604, 114.17821 22.316693, 114.178258 22.31683, 114.178321 22.317085, 114.178331 22.317125, 114.17836 22.317249, 114.178368 22.317282, 114.178412 22.317416, 114.178535 22.317676)"
692,412,1597,675264398,8258544476,0,888280061;249537333,公主道 Princess Margaret Road,trunk,True,65.031,3,70,1,,,,"LINESTRING (114.178535 22.317676, 114.178681 22.317945, 114.178747 22.318077, 114.178769 22.318119, 114.178812 22.318202)"
693,412,414,675264398,675264486,0,150771620;435148205,公主道 Princess Margaret Road;民豐徑 Man Fung Path,trunk_link,True,109.00600000000001,1;2,50,,,,,"LINESTRING (114.178535 22.317676, 114.178562 22.317823, 114.178568 22.317877, 114.178562 22.317902, 114.178548 22.317934, 114.178532 22.317957, 114.178512 22.317979, 114.178487 22.317996, 114.178463 22.318008, 114.178427 22.318022, 114.178388 22.318024, 114.178366 22.318024, 114.178343 22.318022, 114.178319 22.318016, 114.178157 22.317972, 114.178122 22.317959, 114.178086 22.317943, 114.178058 22.317924, 114.17803 22.3179, 114.177988 22.317839, 114.17793 22.317752)"
694,413,414,675264429,675264486,0,453782351,培正道 Pui Ching Road,secondary,True,11.036,2,50,,,,,"LINESTRING (114.177832 22.317793, 114.17793 22.317752)"
695,413,1597,675264429,8258544476,0,888280064;150771619,民豐徑 Man Fung Path,primary_link,True,115.259,1,50,,,,,"LINESTRING (114.177832 22.317793, 114.177871 22.317868, 114.177939 22.317932, 114.178025 22.317997, 114.178123 22.318032, 114.178306 22.318064, 114.178458 22.318085, 114.178539 22.3181, 114.17866 22.318136, 114.178691 22.31815, 114.178812 22.318202)"
696,414,409,675264486,675264249,0,453782349,民豐徑 Man Fung Path,trunk_link,True,9.89,,50,,,,,"LINESTRING (114.17793 22.317752, 114.177892 22.31767)"
697,414,407,675264486,675264208,0,53410816;150771628;53410806,培正道 Pui Ching Road,secondary,True,114.92800000000001,2,50,,,yes,,"LINESTRING (114.17793 22.317752, 114.178002 22.317723, 114.178095 22.317685, 114.178243 22.317624, 114.178835 22.317391, 114.178954 22.31734)"
698,415,1330,675264494,4860608371,0,494278046;494278045;150771646,常興街 Sheung Hing Street,trunk_link,True,87.785,2;3,50,,,,,"LINESTRING (114.178915 22.318168, 114.178908 22.31801, 114.17891 22.317974, 114.178915 22.317931, 114.178931 22.317893, 114.178959 22.317846, 114.179084 22.317666, 114.179166 22.317516, 114.179194 22.317445)"
699,415,410,675264494,675264297,0,353795900,公主道 Princess Margaret Road,trunk,True,81.096,3,70,1,,,,"LINESTRING (114.178915 22.318168, 114.178876 22.318085, 114.178844 22.318028, 114.178773 22.317888, 114.178584 22.317506)"
700,416,409,675264499,675264249,0,106149993;53410819;249537708,培正道 Pui Ching Road,secondary,True,131.262,3,50,,,yes,,"LINESTRING (114.179063 22.317202, 114.178798 22.317303, 114.178201 22.317546, 114.178065 22.3176, 114.177974 22.317634, 114.177892 22.31767)"
701,417,1238,675264558,2772111189,0,1433971793;888280090;1433971794,公主道 Princess Margaret Road,trunk,True,32.741,3,70,1,,,,"LINESTRING (114.177303 22.31522, 114.177294 22.315181, 114.177284 22.315138, 114.177269 22.315077, 114.177256 22.315013, 114.177245 22.314969, 114.177239 22.314932)"
702,417,899,675264558,1222130498,0,106149871;1433971788;1433971791,忠民街 Chung Man Street,tertiary,True,28.380000000000003,1,50,,,,,"LINESTRING (114.177303 22.31522, 114.177337 22.315179, 114.177377 22.315129, 114.177422 22.315085, 114.177434 22.315074, 114.177489 22.315034)"
703,418,420,675763958,675764045,0,53470402;1305278475;1305278479,公主道 Princess Margaret Road,trunk_link,True,178.248,1,50,,,,,"LINESTRING (114.178625 22.306123, 114.178655 22.306336, 114.178638 22.306416, 114.178615 22.306465, 114.178591 22.306503, 114.17856 22.30654, 114.178528 22.30657, 114.17849 22.306597, 114.178453 22.306617, 114.178374 22.306638, 114.178296 22.306641, 114.178218 22.306628, 114.17814 22.3066, 114.178071 22.306552, 114.178007 22.306471, 114.177976 22.30638, 114.177973 22.306291, 114.177996 22.306209, 114.178061 22.306115, 114.178151 22.306041, 114.178205 22.306)"
704,418,389,675763958,582593479,0,1305278476;53470398,公主道 Princess Margaret Road,trunk_link,True,290.179,1,70,,,,,"LINESTRING (114.178625 22.306123, 114.178716 22.306409, 114.178839 22.306846, 114.178996 22.307436, 114.179026 22.307567, 114.179044 22.307685, 114.17905 22.30777, 114.179055 22.307979, 114.17905 22.30811, 114.17904 22.308235, 114.178992 22.308681)"
705,419,310,675764014,485660466,0,435674059,加士居道 Gascoigne Road,primary,True,64.209,3,,,,,,"LINESTRING (114.175446 22.30664, 114.174857 22.306832)"
706,420,397,675764045,629539289,0,951585200;1305278500,加士居道 Gascoigne Road,primary,True,24.778,2,50,,,,,"LINESTRING (114.178205 22.306, 114.178345 22.305963, 114.178418 22.305906)"
707,421,422,675764061,675764066,0,53470401;1305278490;485625231,漆咸道南 Chatham Road South,secondary,True,185.239,1,50,,,,,"LINESTRING (114.177936 22.303896, 114.177955 22.303982, 114.177973 22.304059, 114.177989 22.304121, 114.178178 22.305075, 114.178295 22.305528)"
708,421,418,675764061,675763958,0,1305278489;53470396;270589686,公主道 Princess Margaret Road,trunk_link,True,258.786,2,70,,,yes,,"LINESTRING (114.177936 22.303896, 114.177992 22.303964, 114.178044 22.304037, 114.178082 22.304146, 114.178108 22.30422, 114.178434 22.305481, 114.178625 22.306123)"
709,422,1343,675764066,4862228463,0,1305278496;504109343,漆咸道南 Chatham Road South,secondary,True,23.731,1,50,,,,,"LINESTRING (114.178295 22.305528, 114.178297 22.305551, 114.178303 22.305601, 114.178293 22.305644, 114.178276 22.305691, 114.178256 22.305734)"
710,422,423,675764066,675764190,0,1305278497;103020654;1305278495,漆咸道南 Chatham Road South,secondary_link,True,54.907,1,50,,,,,"LINESTRING (114.178295 22.305528, 114.178316 22.305545, 114.178361 22.305573, 114.178402 22.305596, 114.178471 22.3056, 114.178538 22.305578, 114.178588 22.305535, 114.178611 22.30549, 114.178624 22.305453, 114.178632 22.305426, 114.17865 22.305365)"
711,423,424,675764190,675764196,0,451817426;1305278492,漆咸道南 Chatham Road South,secondary,True,147.35500000000002,2,50,,,,,"LINESTRING (114.17865 22.305365, 114.178555 22.305207, 114.178493 22.305069, 114.178252 22.304211, 114.17819 22.304119)"
712,424,1211,675764196,2208339310,0,1125136030;270589685;492375598;1125136031,漆咸道南 Chatham Road South,secondary,True,122.86600000000001,4;5,50,,,,,"LINESTRING (114.17819 22.304119, 114.178143 22.304004, 114.178107 22.303941, 114.178065 22.303869, 114.177875 22.303658, 114.177748 22.303526, 114.177662 22.303446, 114.177648 22.303432, 114.177577 22.303366, 114.177468 22.303251)"
713,427,1507,685141084,6705233247,0,105715031,浙江街 Chi Kiang Street,secondary,True,124.461,2,,,,,,"LINESTRING (114.189258 22.315027, 114.190189 22.314558, 114.19032 22.314491)"
714,428,427,685141086,685141084,0,54366515,龍德街 Lung Tak Street,residential,True,59.947,,,,,,,"LINESTRING (114.188986 22.314556, 114.188997 22.314616, 114.189204 22.314971, 114.189258 22.315027)"
715,429,1124,710347237,1649049060,0,103020378;1191426917;1191426918,漆咸道南 Chatham Road South,secondary,True,84.13900000000001,4;3,,,,,,"LINESTRING (114.17662 22.301954, 114.176751 22.302317, 114.176824 22.302518, 114.176896 22.302666)"
716,430,1396,710347239,5104093647,0,524504189,漆咸道南 Chatham Road South,secondary,True,9.57,3,70,,,,,"LINESTRING (114.177024 22.302995, 114.177071 22.303069)"
717,430,1397,710347239,5104093648,0,524504194;1191426935,柯士甸道 Austin Road,secondary,True,25.450000000000003,2,,,,,,"LINESTRING (114.177024 22.302995, 114.176906 22.303041, 114.176865 22.303056, 114.176813 22.303107)"
718,431,436,759629890,759630065,0,103020402,漆咸道南 Chatham Road South,secondary,True,72.607,3,,,,,,"LINESTRING (114.175623 22.2981, 114.175664 22.298352, 114.175728 22.298745)"
719,431,848,759629890,1189559358,0,152073828,赫德道 Hart Avenue,residential,True,125.78099999999996,1,,,,,,"LINESTRING (114.175623 22.2981, 114.175556 22.298093, 114.175176 22.298054, 114.175149 22.298054, 114.17509 22.298064, 114.175067 22.298064, 114.174901 22.298048, 114.174877 22.298047, 114.174854 22.298048, 114.17483 22.298053, 114.174809 22.298059, 114.174779 22.298073, 114.174759 22.298078, 114.17474 22.29808, 114.174718 22.298079, 114.174579 22.298063, 114.174544 22.298057, 114.174514 22.298048, 114.174474 22.298013, 114.174442 22.297985)"
720,432,1100,759629913,1649047910,0,103020552,麼地道 Mody Road,tertiary,False,12.319,4,,,,,,"LINESTRING (114.175492 22.297281, 114.175606 22.297248)"
721,432,431,759629913,759629890,0,103020402,漆咸道南 Chatham Road South,secondary,True,91.97999999999999,3,,,,,,"LINESTRING (114.175492 22.297281, 114.175567 22.297753, 114.1756 22.297953, 114.175623 22.2981)"
722,433,435,759629968,759630064,0,56752302,漆咸道南 Chatham Road South,secondary,True,28.671,2,,,,,,"LINESTRING (114.175239 22.29515, 114.175204 22.295406)"
723,433,651,759629968,1158360177,0,1120037579,梳士巴利道 Salisbury Road,primary,True,40.811,3,50,,,,,"LINESTRING (114.175239 22.29515, 114.175104 22.295088, 114.17488 22.294994)"
724,434,429,759630057,710347237,0,103020378,漆咸道南 Chatham Road South,secondary,True,45.346000000000004,3,,,,,,"LINESTRING (114.176488 22.301565, 114.176532 22.301697, 114.17662 22.301954)"
725,435,11,759630064,33476508,0,103020660,梳士巴利道 Salisbury Road,secondary,True,12.893,2,50,,,,,"LINESTRING (114.175204 22.295406, 114.175302 22.295478)"
726,435,647,759630064,1158360153,0,1120037585;441937724,漆咸道南 Chatham Road South,secondary,True,29.102,2,,,,,,"LINESTRING (114.175204 22.295406, 114.175214 22.295494, 114.175216 22.295533, 114.175218 22.295562, 114.175228 22.295667)"
727,436,547,759630065,991294805,0,103020402,漆咸道南 Chatham Road South,secondary,True,93.675,3,,,,,,"LINESTRING (114.175728 22.298745, 114.175823 22.299339, 114.175831 22.299384, 114.175846 22.299478, 114.175873 22.299576)"
728,437,345,804106322,568273476,0,44831500;1315073895,九龍城天橋 Kowloon City flyover,primary,True,44.754999999999995,1,,,,,,"LINESTRING (114.188032 22.326423, 114.188126 22.326459, 114.188202 22.32649, 114.188291 22.326527, 114.188431 22.326584)"
729,437,351,804106322,568369991,0,494254442;1315073900;492438572,亞皆老街 Argyle Street,secondary,True,165.84100000000004,1;2,,,,,,"LINESTRING (114.188032 22.326423, 114.188116 22.326483, 114.188173 22.32652, 114.188253 22.326572, 114.188411 22.326642, 114.188828 22.326874, 114.18888 22.326902, 114.188986 22.326959, 114.189206 22.327087, 114.189242 22.327114, 114.189275 22.327145, 114.189304 22.327179, 114.189328 22.327217, 114.189347 22.327256)"
730,438,1523,804106378,6705233595,0,485789574,亞皆老街 Argyle Street,primary,True,140.67099999999996,3,,,,,,"LINESTRING (114.188037 22.326286, 114.187853 22.326179, 114.187747 22.326118, 114.187646 22.32606, 114.187526 22.32599, 114.18732 22.32587, 114.187238 22.325823, 114.18721 22.325806, 114.187094 22.32574, 114.18702 22.325696, 114.186982 22.325674, 114.186879 22.325614)"
731,439,614,804106457,1152660765,0,104806426,,primary_link,True,23.451,1,,K097,,,,"LINESTRING (114.176927 22.321015, 114.177019 22.320985, 114.177058 22.320973, 114.177142 22.320945)"
732,439,613,804106457,1152660758,0,435421051,亞皆老街 Argyle Street,secondary,True,25.351999999999997,2,,,,,,"LINESTRING (114.176927 22.321015, 114.177105 22.321084, 114.177128 22.321094, 114.177154 22.321102)"
733,440,456,804106467,804107400,0,66348975,窩打老道 Waterloo Road,primary,True,65.96900000000001,2,50,,,,,"LINESTRING (114.177549 22.321334, 114.177641 22.32149, 114.177755 22.321684, 114.177772 22.321715, 114.177853 22.321857)"
734,440,441,804106467,804106483,0,249539227,亞皆老街 Argyle Street,secondary,True,49.809999999999995,2,,,,,,"LINESTRING (114.177549 22.321334, 114.177762 22.321474, 114.177898 22.32155, 114.177958 22.321573)"
735,441,1328,804106483,4860320026,0,442790122,亞皆老街 Argyle Street,secondary,True,23.203,2,,,,,,"LINESTRING (114.177958 22.321573, 114.178161 22.321663)"
736,441,456,804106483,804107400,0,98532441,窩打老道 Waterloo Road,primary,True,33.489,2,50,,,,,"LINESTRING (114.177958 22.321573, 114.177926 22.321633, 114.17789 22.32175, 114.177874 22.321793, 114.177853 22.321857)"
737,442,450,804106489,804107149,0,458703376,窩打老道 Waterloo Road,primary,True,20.817,2,50,,,,,"LINESTRING (114.178244 22.321691, 114.178289 22.32159, 114.178307 22.32155, 114.178312 22.321516)"
738,442,443,804106489,804106555,0,813663018;98532466;552553246,亞皆老街 Argyle Street,secondary,True,256.926,2,,,,,,"LINESTRING (114.178244 22.321691, 114.178365 22.321741, 114.178844 22.321945, 114.179182 22.322115, 114.18035 22.32267, 114.180428 22.322695, 114.180484 22.322706)"
739,443,444,804106555,804106579,0,1208213584;494254441;1208213586,亞皆老街 Argyle Street,primary,True,362.12799999999993,4;3,,,,,,"LINESTRING (114.180484 22.322706, 114.180617 22.322758, 114.18143 22.3231, 114.181468 22.323118, 114.182841 22.323719, 114.182849 22.323723, 114.18314 22.32385, 114.183437 22.323981, 114.183559 22.32404, 114.18367 22.324091)"
740,444,449,804106579,804107078,0,152360050,天光道 Tin Kwong Road,tertiary,False,12.966,3,,,,,,"LINESTRING (114.18367 22.324091, 114.183731 22.323989)"
741,444,1173,804106579,1651827929,0,1208213585;887885235;1294614388;679753439,亞皆老街 Argyle Street,primary,True,227.394,3,,,,,,"LINESTRING (114.18367 22.324091, 114.183887 22.324209, 114.184334 22.324421, 114.184865 22.324655, 114.185257 22.324831, 114.185471 22.324928, 114.185509 22.324945, 114.185643 22.325012)"
742,445,614,804106892,1152660765,0,98532450,亞皆老街 Argyle Street,secondary,True,51.366,2,,,,,,"LINESTRING (114.177586 22.321156, 114.177278 22.321017, 114.177142 22.320945)"
743,445,873,804106892,1208936450,0,104806436,,primary_link,True,27.697,2,,,,,,"LINESTRING (114.177586 22.321156, 114.177524 22.321155, 114.177483 22.321156, 114.177456 22.321183, 114.17745 22.321209, 114.177462 22.32125, 114.177487 22.321292)"
744,445,446,804106892,804106904,0,435421065,窩打老道 Waterloo Road,primary,True,61.327999999999996,2,,,,,,"LINESTRING (114.177586 22.321156, 114.177426 22.321007, 114.177278 22.320837, 114.177197 22.320739)"
745,446,447,804106904,804106917,0,66348961;1212570158,窩打老道 Waterloo Road,primary,True,297.61100000000005,3,,,,,,"LINESTRING (114.177197 22.320739, 114.177122 22.320641, 114.176692 22.320076, 114.17659 22.319941, 114.176518 22.319847, 114.176379 22.319665, 114.17633 22.3196, 114.176117 22.319312, 114.175937 22.319067, 114.175925 22.319051, 114.175762 22.318829, 114.175746 22.318807, 114.175668 22.318702, 114.17563 22.318651, 114.175548 22.31854)"
746,447,448,804106917,804106924,0,353795902,窩打老道 Waterloo Road,primary,True,9.503,3,,,,,,"LINESTRING (114.175548 22.31854, 114.175495 22.31847)"
747,447,413,804106917,675264429,0,106149886;150771630,培正道 Pui Ching Road,secondary,True,253.10200000000003,2,50,,,,,"LINESTRING (114.175548 22.31854, 114.175655 22.318485, 114.1757 22.318462, 114.175851 22.318385, 114.176283 22.318163, 114.176414 22.318104, 114.176501 22.318066, 114.176613 22.318037, 114.176769 22.318017, 114.176993 22.318004, 114.177082 22.318002, 114.177227 22.317998, 114.17742 22.317946, 114.177506 22.317923, 114.177654 22.317864, 114.177662 22.317861, 114.177683 22.317852, 114.177699 22.317846, 114.177724 22.317836, 114.177747 22.317827, 114.177762 22.317821, 114.177832 22.317793)"
748,448,1275,804106924,3909038855,0,150771673,窩打老道 Waterloo Road,primary,True,81.80499999999999,3,,,,,,"LINESTRING (114.175495 22.31847, 114.17547 22.318436, 114.175436 22.318391, 114.17542 22.318369, 114.17536 22.31829, 114.175178 22.318047, 114.17508 22.317916, 114.175042 22.317865)"
749,448,1526,804106924,6705233666,0,524258517,培正道 Pui Ching Road,secondary,True,14.087,3,,,,,,"LINESTRING (114.175495 22.31847, 114.175467 22.318489, 114.175431 22.318519, 114.175414 22.318539, 114.175401 22.31856)"
750,449,444,804107078,804106579,0,152360050,天光道 Tin Kwong Road,tertiary,False,12.966,3,,,,,,"LINESTRING (114.183731 22.323989, 114.18367 22.324091)"
751,449,466,804107078,804108926,0,127728433;1294614387,天光道 Tin Kwong Road,tertiary,False,105.889,4;2,,,,,,"LINESTRING (114.183731 22.323989, 114.183801 22.323876, 114.183823 22.32384, 114.183919 22.32368, 114.184118 22.323349, 114.184234 22.323158)"
752,449,617,804107078,1152660881,0,442790121,亞皆老街 Argyle Street,primary,True,365.34099999999995,4,,,,,,"LINESTRING (114.183731 22.323989, 114.182881 22.323625, 114.182692 22.323545, 114.182308 22.323378, 114.182057 22.323256, 114.181563 22.323036, 114.181519 22.323016, 114.180954 22.322762, 114.180525 22.322576)"
753,450,571,804107149,1139904705,0,250489121,亞皆老街 Argyle Street,primary,True,12.066,3,,,,,,"LINESTRING (114.178312 22.321516, 114.178212 22.32146)"
754,450,457,804107149,804107465,0,98532489,公主道 Princess Margaret Road,primary,True,62.045,2,50,,,,,"LINESTRING (114.178312 22.321516, 114.178321 22.321445, 114.178327 22.32139, 114.178358 22.321336, 114.178387 22.32128, 114.178438 22.321214, 114.178577 22.321027)"
755,451,441,804107153,804106483,0,813897782,公主道 Princess Margaret Road,primary,True,24.13,2,50,,,,,"LINESTRING (114.178104 22.321403, 114.177958 22.321573)"
756,451,445,804107153,804106892,0,249573633;1205891508,亞皆老街 Argyle Street,primary,True,59.91,4;3,,,,,,"LINESTRING (114.178104 22.321403, 114.177858 22.321284, 114.177586 22.321156)"
757,452,974,804107233,1636543654,0,150771610,黑布街 Hak Po Street,tertiary,True,103.552,1,,,,,,"LINESTRING (114.172228 22.319779, 114.172244 22.319714, 114.172408 22.318917, 114.172412 22.318895, 114.172417 22.318865)"
758,452,453,804107233,804107237,0,435421050,亞皆老街 Argyle Street,primary,True,53.991,3,,,,,,"LINESTRING (114.172228 22.319779, 114.171756 22.319708, 114.17171 22.3197)"
759,453,1379,804107237,5102113130,0,524255878,亞皆老街 Argyle Street,primary,True,7.724,4,,,,,,"LINESTRING (114.17171 22.3197, 114.171636 22.319688)"
760,454,1553,804107264,7202626698,0,101183532,亞皆老街 Argyle Street,primary,True,9.498999999999999,4,,,,,,"LINESTRING (114.169977 22.319394, 114.169928 22.319393, 114.169885 22.319389)"
761,455,451,804107379,804107153,0,686673306;98532487,公主道 Princess Margaret Road,primary,True,185.955,2,50,,,,,"LINESTRING (114.179012 22.319963, 114.178988 22.320014, 114.178832 22.320358, 114.178829 22.320365, 114.178671 22.320617, 114.17864 22.320669, 114.178559 22.32078, 114.178426 22.320963, 114.178404 22.320993, 114.178339 22.321083, 114.178167 22.32132, 114.178155 22.321336, 114.178143 22.321352, 114.178104 22.321403)"
762,456,1573,804107400,7602824502,0,249539937,窩打老道 Waterloo Road,primary,True,176.64399999999998,2,50,,,,,"LINESTRING (114.177853 22.321857, 114.178067 22.322655, 114.1781 22.322822, 114.178121 22.322999, 114.178138 22.323228, 114.178186 22.323412)"
763,457,458,804107465,804107482,0,98532489;150771626,公主道 Princess Margaret Road,primary,True,126.71699999999998,2,50,,,,,"LINESTRING (114.178577 22.321027, 114.178845 22.320647, 114.179032 22.320342, 114.17919 22.32004)"
764,457,979,804107465,1636543699,0,150771625;150771603;40184877,陶域道 Tweed Road;登巴道 Dunbar Road;巴富街 Perth Street,residential,True,579.622,1,,,,,,"LINESTRING (114.178577 22.321027, 114.178646 22.321058, 114.180156 22.321753, 114.180441 22.321891, 114.180523 22.321933, 114.180594 22.321965, 114.180805 22.322061, 114.181598 22.322421, 114.181738 22.322484, 114.181789 22.322501, 114.181846 22.322506, 114.181903 22.322498, 114.181956 22.322478, 114.182002 22.322446, 114.182039 22.322406, 114.182065 22.322358, 114.182077 22.322306, 114.182075 22.322253, 114.18206 22.322202, 114.182032 22.322155, 114.181993 22.322116, 114.181956 22.322094, 114.181948 22.322089, 114.180792 22.32157, 114.180722 22.321538)"
765,458,455,804107482,804107379,0,98532479,,primary_link,True,26.546,1,50,,,,,"LINESTRING (114.17919 22.32004, 114.179186 22.32, 114.179181 22.319984, 114.179175 22.319972, 114.179148 22.319945, 114.179114 22.319936, 114.179089 22.319938, 114.179064 22.319944, 114.179012 22.319963)"
766,458,459,804107482,804107493,0,453782771;888279990,公主道 Princess Margaret Road,primary,True,151.616,1,50,,,,,"LINESTRING (114.17919 22.32004, 114.179248 22.319924, 114.179294 22.319799, 114.179328 22.319661, 114.17935 22.319527, 114.179364 22.319377, 114.179365 22.319222, 114.179356 22.319073, 114.179336 22.318983, 114.179206 22.31873)"
767,459,415,804107493,675264494,0,250542513,公主道 Princess Margaret Road,trunk,True,69.36699999999999,3,70,1,,,,"LINESTRING (114.179206 22.31873, 114.179108 22.318532, 114.178915 22.318168)"
768,460,463,804107967,804108174,0,150787103,常樂街 Sheung Lok Street,residential,False,12.976,2,,,,,,"LINESTRING (114.181795 22.313603, 114.181917 22.313632)"
769,460,992,804107967,1636641328,0,435429331,佛光街 Fat Kwong Street,secondary,True,105.305,2,50,,,,,"LINESTRING (114.181795 22.313603, 114.181787 22.31364, 114.181754 22.313803, 114.181613 22.314307, 114.181562 22.314525)"
770,461,1518,804107973,6705233479,0,150771652,常盛街 Sheung Shing Street,tertiary,False,9.96,2,,,,,,"LINESTRING (114.179776 22.316924, 114.179807 22.317008)"
771,461,416,804107973,675264499,0,106149993,培正道 Pui Ching Road,secondary,True,79.544,3,50,,,,,"LINESTRING (114.179776 22.316924, 114.179165 22.317159, 114.179063 22.317202)"
772,462,1551,804108139,7177677661,0,150771653,梭椏道 Soares Avenue,tertiary,True,52.344,2,,,,,,"LINESTRING (114.174879 22.319804, 114.174784 22.320035, 114.174758 22.320101, 114.174751 22.32012, 114.174738 22.320154, 114.174718 22.320205, 114.174701 22.320246)"
773,463,460,804108174,804107967,0,150787103,常樂街 Sheung Lok Street,residential,False,12.976,2,,,,,,"LINESTRING (114.181917 22.313632, 114.181795 22.313603)"
774,463,1333,804108174,4860719322,0,494290190,佛光街 Fat Kwong Street,secondary,True,42.429,2,50,,,,,"LINESTRING (114.181917 22.313632, 114.181958 22.313445, 114.18195 22.313254)"
775,464,462,804108396,804108139,0,150771611;150771604,艷馬道 Emma Avenue;棗梨雅道 Julia Avenue,residential,True,208.945,,,,,,,"LINESTRING (114.17518 22.319079, 114.175209 22.319117, 114.175217 22.319128, 114.175295 22.319228, 114.175379 22.319341, 114.175419 22.319397, 114.175462 22.319456, 114.175777 22.319882, 114.17579 22.3199, 114.175743 22.319953, 114.17555 22.319922, 114.175254 22.31987, 114.175027 22.319829, 114.174939 22.319808, 114.174879 22.319804)"
776,464,462,804108396,804108139,1,150771653,梭椏道 Soares Avenue,tertiary,True,86.411,2,,,,,,"LINESTRING (114.17518 22.319079, 114.175107 22.31926, 114.174879 22.319804)"
777,465,569,804108815,1139441035,0,98492789,常康街 Sheung Hong Street,residential,False,64.903,2,,,,,,"LINESTRING (114.183223 22.3201, 114.183231 22.320162, 114.183297 22.32068)"
778,465,1299,804108815,4781436505,0,353796332,常盛街 Sheung Shing Street,tertiary,False,310.64099999999996,2,,,,,,"LINESTRING (114.183223 22.3201, 114.183288 22.320089, 114.183357 22.320072, 114.183445 22.320046, 114.183526 22.320015, 114.183605 22.319976, 114.183676 22.319933, 114.184314 22.319458, 114.184384 22.319412, 114.184444 22.319384, 114.184513 22.319361, 114.184584 22.319346, 114.184647 22.319342, 114.184718 22.319341, 114.184793 22.319345, 114.184847 22.319351, 114.1849 22.319362, 114.184944 22.319374, 114.185009 22.319399, 114.185066 22.319433, 114.185127 22.319483, 114.185179 22.319535, 114.185559 22.31998, 114.185643 22.32008)"
779,465,1515,804108815,6705233450,0,106149931;353796332,常盛街 Sheung Shing Street,tertiary,False,229.649,2,,,,,,"LINESTRING (114.183223 22.3201, 114.183158 22.320103, 114.183015 22.320096, 114.182944 22.320086, 114.182854 22.320068, 114.182476 22.319977, 114.182266 22.319926, 114.182153 22.319899, 114.181852 22.319826, 114.181762 22.319802, 114.181677 22.319772, 114.181587 22.319729, 114.181498 22.31967, 114.18139 22.319586, 114.181295 22.319498, 114.181207 22.319382)"
780,466,570,804108926,1139441156,0,138949124,常健街 Sheung Kin Street,residential,False,103.24499999999999,2,,,,,,"LINESTRING (114.184234 22.323158, 114.184108 22.323099, 114.183337 22.32274)"
781,466,1508,804108926,6705233260,0,493966697,天光道 Tin Kwong Road,tertiary,False,257.311,2,,,,,,"LINESTRING (114.184234 22.323158, 114.18461 22.322464, 114.184617 22.322451, 114.184664 22.322348, 114.184776 22.32206, 114.184784 22.322037, 114.185067 22.321228, 114.185112 22.321118, 114.185156 22.321012)"
782,466,449,804108926,804107078,0,127728433;1294614387,天光道 Tin Kwong Road,tertiary,False,105.889,2;4,,,,,,"LINESTRING (114.184234 22.323158, 114.184118 22.323349, 114.183919 22.32368, 114.183823 22.32384, 114.183801 22.323876, 114.183731 22.323989)"
783,467,481,857781427,988059585,0,85200959,長寧街 Cheung Ning Street,residential,False,39.132999999999996,,,,,,,"LINESTRING (114.190127 22.318018, 114.190145 22.318054, 114.190291 22.318335)"
784,467,29,857781427,275948630,0,85201034,上鄉道 Sheung Heung Road,tertiary,True,86.038,2,,,,,,"LINESTRING (114.190127 22.318018, 114.190174 22.317997, 114.19077 22.317742, 114.190806 22.317727, 114.190886 22.317692)"
785,468,1660,988059409,11081087754,0,85201104;1315073926,馬頭涌道 Ma Tau Chung Road,primary,True,74.75500000000001,3,,,,,,"LINESTRING (114.189191 22.325213, 114.189154 22.325149, 114.188904 22.324717, 114.188872 22.324658, 114.188852 22.324618)"
786,469,304,988059421,461618801,0,469977995,新柳街 San Lau Street,tertiary,True,52.084,2,,,,,,"LINESTRING (114.186403 22.312598, 114.186358 22.312623, 114.18607 22.31278, 114.186051 22.312791, 114.185967 22.312837)"
787,469,885,988059421,1216222866,0,514553120;514553129;1169677282;85200946,馬頭圍道 Ma Tau Wai Road;漆咸道北 Chatham Road North,primary,True,288.36799999999994,2;3,50,,,,,"LINESTRING (114.186403 22.312598, 114.186879 22.313308, 114.187072 22.313652, 114.18725 22.313988, 114.187279 22.314062, 114.187293 22.314098, 114.187307 22.314132, 114.187353 22.314253, 114.187374 22.314356, 114.187451 22.314683, 114.187465 22.314743, 114.187469 22.314775, 114.187494 22.314955)"
788,470,506,988059424,989119838,0,451815593;151396486,必嘉街 Baker Street,residential,True,203.19,2;1,,,,,,"LINESTRING (114.186405 22.305503, 114.1865 22.305441, 114.186924 22.305166, 114.186967 22.305139, 114.18734 22.304901, 114.187563 22.304759, 114.187808 22.304603, 114.187906 22.304586, 114.187961 22.304588, 114.188006 22.304607, 114.188055 22.304646)"
789,471,495,988059453,988059831,0,85200943,九龍公園徑 Kowloon Park Drive,secondary_link,True,42.234,1,,,,,,"LINESTRING (114.168733 22.299764, 114.168666 22.299807, 114.168639 22.299818, 114.168611 22.299822, 114.168582 22.299818, 114.168556 22.299808, 114.168534 22.299791, 114.168511 22.299764, 114.168492 22.299734, 114.168478 22.299703, 114.168468 22.299669, 114.168464 22.299635)"
790,471,494,988059453,988059784,0,102821120,廣東道 Canton Road,secondary,True,31.060999999999996,1,,,,,,"LINESTRING (114.168733 22.299764, 114.168621 22.299891, 114.168592 22.299915, 114.168532 22.299972)"
791,472,1575,988059474,7619659728,0,957538090,馬頭圍道 Ma Tau Wai Road,primary,True,14.775,4,50,,,,,"LINESTRING (114.187537 22.315439, 114.187541 22.315572)"
792,472,38,988059474,276378619,0,815851234;85200926,浙江街 Chi Kiang Street,tertiary,True,58.230000000000004,1,,,,,,"LINESTRING (114.187537 22.315439, 114.187485 22.315462, 114.187448 22.315475, 114.187414 22.315482, 114.18698 22.315485)"
793,473,425,988059487,685141063,0,54366511,美景街 Mei King Street,residential,True,139.804,,,,,,,"LINESTRING (114.191586 22.317512, 114.191636 22.317564, 114.192271 22.318215, 114.192435 22.318384, 114.192496 22.318446)"
794,473,486,988059487,988059662,0,85201050,美景街 Mei King Street,residential,True,130.756,,,,,,,"LINESTRING (114.191586 22.317512, 114.191531 22.317451, 114.190739 22.316636)"
795,474,1144,988059488,1651827839,0,106034113,馬頭角道 Ma Tau Kok Road,tertiary,True,23.804,2,,,,,,"LINESTRING (114.193342 22.320261, 114.193332 22.320306, 114.193314 22.320358, 114.193291 22.320395, 114.19326 22.320427, 114.193238 22.320446)"
796,474,889,988059488,1220978448,0,737078837,土瓜灣道 To Kwa Wan Road,secondary,True,39.416000000000004,2,,,,,,"LINESTRING (114.193342 22.320261, 114.193466 22.320346, 114.193547 22.32039, 114.193659 22.320459)"
797,475,474,988059491,988059488,0,636050484,馬頭角道 Ma Tau Kok Road,tertiary,True,11.86,2,,,,,,"LINESTRING (114.193443 22.320208, 114.193342 22.320261)"
798,475,488,988059491,988059672,0,106034061,土瓜灣道 To Kwa Wan Road,secondary,True,30.951999999999998,3,,,,,,"LINESTRING (114.193443 22.320208, 114.193383 22.320152, 114.193232 22.320009)"
799,476,892,988059511,1220978620,0,85201075,幸運道 Hang Wan Road,secondary_link,True,33.442,3,50,,,,,"LINESTRING (114.189416 22.325552, 114.189418 22.325477, 114.189422 22.325436, 114.189429 22.325385, 114.189441 22.325345, 114.189467 22.325313, 114.189515 22.325286)"
800,476,468,988059511,988059409,0,1193775417;1193775411,馬頭涌道 Ma Tau Chung Road,secondary,True,44.233,2,,,,,,"LINESTRING (114.189416 22.325552, 114.189322 22.325395, 114.189271 22.325322, 114.18923 22.325265, 114.189191 22.325213)"
801,477,1090,988059518,1642184836,0,105604750,崇安街 Sung On Street,residential,False,111.6,2,,,,,,"LINESTRING (114.189456 22.312242, 114.189447 22.312154, 114.189387 22.311558, 114.189361 22.311313, 114.189364 22.311243)"
802,477,1663,988059518,11159278775,0,1203968438,庇利街 Bailey Street,secondary,True,28.375999999999998,3,,,,,,"LINESTRING (114.189456 22.312242, 114.189322 22.312243, 114.189269 22.312244, 114.189195 22.312288)"
803,478,1475,988059536,6363140161,0,85200929,譚公道 Tam Kung Road,tertiary,True,71.282,2,,,,,,"LINESTRING (114.187923 22.321453, 114.187737 22.32108, 114.187633 22.320871)"
804,478,1505,988059536,6705233214,0,85201011,新山道 San Shan Road,residential,True,56.115,2,,,,,,"LINESTRING (114.187923 22.321453, 114.18835 22.321278, 114.188422 22.321248)"
805,479,1670,988059568,11244768590,0,1375524086,蕪湖街 Wuhu Street,secondary,True,9.185,3,,,,,,"LINESTRING (114.186718 22.306829, 114.18675 22.306791, 114.186773 22.306764)"
806,480,1131,988059579,1651827752,0,1294612850,落山道 Lok Shan Road,tertiary,True,10.776,,,,,,,"LINESTRING (114.189724 22.316319, 114.18965 22.316387)"
807,480,493,988059579,988059751,0,1294612840;1294612841;1162722732,土瓜灣道 To Kwa Wan Road,secondary,True,152.456,3,,,,,,"LINESTRING (114.189724 22.316319, 114.18967 22.316262, 114.189642 22.316232, 114.189314 22.315889, 114.188848 22.3154, 114.188822 22.315372, 114.188743 22.31529)"
808,481,467,988059585,857781427,0,85200959,長寧街 Cheung Ning Street,residential,False,39.132999999999996,,,,,,,"LINESTRING (114.190291 22.318335, 114.190145 22.318054, 114.190127 22.318018)"
809,482,372,988059589,582486660,0,151396646,大環道 Tai Wan Road,residential,False,8.995,,,,,,,"LINESTRING (114.18752 22.307984, 114.187443 22.308022)"
810,482,1679,988059589,11472409073,0,1213727674;262968158,馬頭圍道 Ma Tau Wai Road,secondary,True,140.85099999999997,2,,,,,,"LINESTRING (114.18752 22.307984, 114.187493 22.307938, 114.187458 22.307886, 114.187424 22.307835, 114.187268 22.307617, 114.187123 22.307414, 114.187069 22.307338, 114.186947 22.307172, 114.186886 22.307093, 114.186871 22.307073, 114.186847 22.307038, 114.186832 22.307016, 114.186814 22.306992, 114.186764 22.306928)"
811,483,1672,988059596,11434783605,0,105619058,美善同道 Maidstone Road,residential,False,61.647,2,,,,,,"LINESTRING (114.186982 22.316317, 114.186982 22.316238, 114.186983 22.315762)"
812,483,1129,988059596,1651827748,0,152359929,江蘇街 Kiang Su Street,residential,True,55.61900000000001,1,,,,,,"LINESTRING (114.186982 22.316317, 114.187037 22.31633, 114.187066 22.316337, 114.187463 22.316334, 114.18748 22.316334, 114.18752 22.316333)"
813,483,1130,988059596,1651827750,0,435421059,江蘇街 Kiang Su Street,residential,True,57.738,,,,,,,"LINESTRING (114.186982 22.316317, 114.186916 22.316315, 114.186515 22.316306, 114.186421 22.316303)"
814,484,889,988059643,1220978448,0,85201004,土瓜灣道 To Kwa Wan Road,secondary,False,90.358,4,,,,,,"LINESTRING (114.194023 22.321199, 114.193951 22.321054, 114.193858 22.32087, 114.193659 22.320459)"
815,484,1470,988059643,6318862367,0,106034178,土瓜灣道 To Kwa Wan Road,secondary,True,110.87000000000002,2,,,,,,"LINESTRING (114.194023 22.321199, 114.194028 22.321306, 114.194035 22.321323, 114.194042 22.321336, 114.194339 22.321948, 114.194349 22.321966, 114.194368 22.322006, 114.194421 22.322119)"
816,485,1205,988059647,1952598390,0,151396619;85201076,鶴園街 Hok Yuen Street;機利士北路 Gillies Avenue North,tertiary,True,110.57000000000001,2;1,,,,,,"LINESTRING (114.186809 22.31115, 114.186785 22.311099, 114.186765 22.311057, 114.186615 22.310735, 114.186557 22.310707, 114.186502 22.310705, 114.186444 22.310717, 114.186095 22.310909)"
817,485,1488,988059647,6564242088,0,699023716,機利士北路 Gillies Avenue North,tertiary,False,122.542,2,,,,,,"LINESTRING (114.186809 22.31115, 114.186845 22.311219, 114.186872 22.31127, 114.186974 22.311464, 114.187072 22.311651, 114.18732 22.312146)"
818,486,426,988059662,685141070,0,54366513,美光街 Mei Kwong Street,residential,True,161.116,,,,,,,"LINESTRING (114.190739 22.316636, 114.190778 22.3166, 114.190942 22.316467, 114.190972 22.316459, 114.191002 22.316467, 114.191776 22.317256, 114.19183 22.317311)"
819,486,1574,988059662,7615923500,0,85201050,美景街 Mei King Street,residential,True,98.89300000000001,,,,,,,"LINESTRING (114.190739 22.316636, 114.190198 22.31608, 114.190173 22.316051, 114.190154 22.316037, 114.190122 22.316032, 114.190104 22.316033, 114.190066 22.316033)"
820,487,1170,988059670,1651827916,0,85485951,宋皇臺道 Sung Wong Toi Road,tertiary,True,12.952,2,50,,,,,"LINESTRING (114.188806 22.324531, 114.188728 22.324622)"
821,487,1168,988059670,1651827897,0,85485979,馬頭涌道 Ma Tau Chung Road,primary,True,108.416,3,,,,,,"LINESTRING (114.188806 22.324531, 114.188747 22.32438, 114.188728 22.324342, 114.18862 22.324126, 114.188594 22.324073, 114.188528 22.323943, 114.188377 22.323641)"
822,488,1353,988059672,4864718209,0,485974837;106034061,土瓜灣道 To Kwa Wan Road,secondary,True,106.43500000000002,4;3,,,,,,"LINESTRING (114.193232 22.320009, 114.193055 22.319828, 114.192923 22.319692, 114.192626 22.319364, 114.192554 22.319286)"
823,489,480,988059720,988059579,0,1294612848;1331949307;105728139,土瓜灣道 To Kwa Wan Road,secondary,True,193.95999999999998,3,,,,,,"LINESTRING (114.190956 22.317639, 114.19086 22.317532, 114.19058 22.317235, 114.190458 22.317104, 114.190198 22.316826, 114.190083 22.316704, 114.190001 22.316616, 114.189869 22.316475, 114.18984 22.316444, 114.189724 22.316319)"
824,490,469,988059722,988059421,0,105611023,新柳街 San Lau Street,secondary,True,18.819,3,,,,,,"LINESTRING (114.186565 22.31252, 114.186403 22.312598)"
825,490,496,988059722,988059857,0,105611026;957538093,漆咸道北 Chatham Road North,primary,True,202.32600000000002,3,50,,,,,"LINESTRING (114.186565 22.31252, 114.186498 22.312414, 114.186339 22.312164, 114.186316 22.312129, 114.186278 22.312068, 114.186123 22.311825, 114.185978 22.311593, 114.185972 22.311586, 114.185832 22.311378, 114.185814 22.31135, 114.185707 22.311186, 114.185606 22.310936)"
826,491,30,988059733,275949265,0,85201108,馬頭角道 Ma Tau Kok Road,tertiary,False,11.595,2,,,,,,"LINESTRING (114.187929 22.322758, 114.187827 22.322802)"
827,491,1475,988059733,6363140161,0,85485940;972575517;972575518,馬頭圍道 Ma Tau Wai Road;馬頭涌道 Ma Tau Chung Road,primary,True,216.196,3,,,,,,"LINESTRING (114.187929 22.322758, 114.187862 22.32262, 114.187738 22.322365, 114.187727 22.322342, 114.187646 22.322175, 114.187626 22.322041, 114.187627 22.321793, 114.187628 22.321599, 114.187625 22.321193, 114.187624 22.321136, 114.187633 22.320871)"
828,492,1533,988059737,6748929685,0,1187954304;85201002,宋皇臺道 Sung Wong Toi Road,secondary,True,130.54500000000002,1;2,50,,,,,"LINESTRING (114.189931 22.324092, 114.189753 22.324265, 114.189712 22.324321, 114.189674 22.324387, 114.189637 22.324488, 114.189617 22.324568, 114.189606 22.324652, 114.189609 22.324726, 114.189621 22.324801, 114.189644 22.324884, 114.189681 22.324975, 114.18976 22.325147)"
829,492,1169,988059737,1651827909,0,1187954307;1187954308;1187954309,宋皇臺道 Sung Wong Toi Road,primary,True,67.261,4;5,50,,,,,"LINESTRING (114.189931 22.324092, 114.189821 22.324142, 114.189756 22.32417, 114.189515 22.324278, 114.189471 22.324298, 114.18934 22.324351)"
830,493,1606,988059751,8489568096,0,85404137;1203968434;105715045,馬頭圍道 Ma Tau Wai Road;土瓜灣道 To Kwa Wan Road,secondary,True,367.99600000000004,3,,,,,,"LINESTRING (114.188743 22.31529, 114.188662 22.315205, 114.188486 22.315022, 114.188332 22.314861, 114.188176 22.314694, 114.188107 22.314621, 114.187985 22.31449, 114.187913 22.31442, 114.187813 22.314325, 114.187782 22.314295, 114.18776 22.314274, 114.187718 22.314211, 114.187698 22.31416, 114.187679 22.314096, 114.18767 22.314026, 114.18767 22.313544, 114.187668 22.313437, 114.187683 22.312666, 114.187691 22.312493, 114.187692 22.312466, 114.187697 22.312346)"
831,493,427,988059751,685141084,0,1210647527,浙江街 Chi Kiang Street,secondary,True,60.545,2,,,,,,"LINESTRING (114.188743 22.31529, 114.188817 22.315249, 114.189258 22.315027)"
832,494,834,988059784,1187352908,0,1097999008,廣東道 Canton Road,secondary,True,10.132,2,,,,,,"LINESTRING (114.168532 22.299972, 114.168462 22.300036)"
833,494,495,988059784,988059831,0,832141434,廣東道 Canton Road,secondary,True,39.327,2,,,,,,"LINESTRING (114.168532 22.299972, 114.168478 22.299874, 114.168464 22.299835, 114.168457 22.299816, 114.168447 22.299756, 114.168449 22.299695, 114.168464 22.299635)"
834,495,1102,988059831,1649048061,0,1213964897;564217668,廣東道 Canton Road,secondary,True,186.679,3,,,,,,"LINESTRING (114.168464 22.299635, 114.168524 22.299362, 114.168599 22.299025, 114.168761 22.298296, 114.168813 22.298062, 114.168829 22.297991)"
835,496,1089,988059857,1642184803,0,451816252,漆咸道北 Chatham Road North,primary,True,77.697,3,50,,,,,"LINESTRING (114.185606 22.310936, 114.185543 22.310807, 114.185472 22.310682, 114.185396 22.310559, 114.185313 22.31044, 114.185235 22.310328)"
836,497,1382,988059866,5102189141,0,152359966,馬坑涌道 Ma Hang Chung Road,tertiary,True,13.491,,,,,,,"LINESTRING (114.187641 22.32005, 114.187513 22.320025)"
837,497,1133,988059866,1651827803,0,449337019,馬頭圍道 Ma Tau Wai Road,primary,True,106.34300000000002,3,,,,,,"LINESTRING (114.187641 22.32005, 114.187645 22.31996, 114.187631 22.319583, 114.187625 22.319379, 114.187624 22.31935, 114.187624 22.319289, 114.187622 22.319094)"
838,498,1278,989118852,4294666033,0,435421054,佛光街 Fat Kwong Street,secondary,False,23.256,5,50,,,,,"LINESTRING (114.184047 22.310676, 114.184074 22.310652, 114.184202 22.310524)"
839,498,358,989118852,582481740,0,686452444,佛光街 Fat Kwong Street,secondary,False,175.5,5,50,,,,,"LINESTRING (114.184047 22.310676, 114.182979 22.311657, 114.182879 22.31175, 114.182838 22.311789)"
840,500,217,989119028,384147857,0,1207904360;1384717388;1207652526;435674067;876560532;891843004,紅磡繞道 Hung Hom Bypass,primary,True,165.924,4,50;70,,,viaduct,,"LINESTRING (114.187257 22.303345, 114.187125 22.303144, 114.187063 22.303061, 114.186995 22.302972, 114.186857 22.302788, 114.186745 22.302634, 114.186487 22.30228, 114.186447 22.302227, 114.186413 22.302183, 114.186391 22.302152, 114.186359 22.302106)"
841,501,285,989119228,441532227,0,151396652,德民街 Tak Man Street,secondary,False,13.664,3,50,,,,,"LINESTRING (114.188706 22.305549, 114.188816 22.30548)"
842,501,1499,989119228,6705233093,0,85460156;105028997,德民街 Tak Man Street,secondary,False,126.85100000000003,3,50,,,,,"LINESTRING (114.188706 22.305549, 114.188614 22.305607, 114.188569 22.305635, 114.18851 22.305672, 114.188234 22.305845, 114.188187 22.305874, 114.188114 22.30592, 114.188042 22.305965, 114.188 22.305991, 114.187986 22.306, 114.187832 22.306097, 114.187685 22.306188)"
843,501,1223,989119228,2545282593,0,1134548829,紅磡道 Hung Hom Road,primary,True,59.592,2,,,,,,"LINESTRING (114.188706 22.305549, 114.188789 22.305664, 114.189028 22.305995)"
844,502,1728,989119527,13860956560,0,408653413,紅磡道 Hung Hom Road,secondary,True,9.134,2,,,,,,"LINESTRING (114.190274 22.308826, 114.190277 22.308909)"
845,502,1727,989119527,13860956558,0,1518755733;1521180830,佛光街天橋 Fat Kwong Street Flyover,secondary,True,25.277,1,50,,,,,"LINESTRING (114.190274 22.308826, 114.190172 22.308835, 114.19014 22.308836, 114.190109 22.308837, 114.19004 22.308874)"
846,503,506,989119615,989119838,0,1207904361;1207904362;1207904363;1190890748,紅磡道 Hung Hom Road,primary,True,89.398,2;3,50,,,,,"LINESTRING (114.187568 22.303979, 114.187682 22.304135, 114.187891 22.304424, 114.187951 22.304502, 114.188055 22.304646)"
847,504,363,989119644,582486609,0,514553101,漆咸道北 Chatham Road North,trunk,True,16.581,5,50,5,,,,"LINESTRING (114.183116 22.308754, 114.183206 22.3088, 114.183256 22.308828)"
848,504,498,989119644,989118852,0,844368160;85320854,仁風街 Yan Fung Street,trunk_link,True,260.84,1,,,,,,"LINESTRING (114.183116 22.308754, 114.183176 22.308849, 114.183215 22.308902, 114.18329 22.309015, 114.183313 22.309061, 114.18333 22.309111, 114.18334 22.309156, 114.183343 22.309203, 114.183341 22.309249, 114.183333 22.309298, 114.183316 22.309351, 114.183292 22.309403, 114.183176 22.309633, 114.183161 22.309668, 114.183152 22.309702, 114.18315 22.309742, 114.183154 22.309787, 114.183166 22.309828, 114.183182 22.309866, 114.183204 22.309902, 114.183226 22.309929, 114.183256 22.309959, 114.183921 22.310564, 114.183954 22.310592, 114.184047 22.310676)"
849,505,215,989119836,384147520,0,1213773696;85320753;1237546169,紅磡繞道 Hung Hom Bypass,primary_link,True,130.937,2,50;70,,,yes,,"LINESTRING (114.183944 22.303746, 114.183923 22.303817, 114.1839 22.3039, 114.183871 22.303987, 114.183803 22.30417, 114.183612 22.304508, 114.183506 22.304667, 114.183419 22.304812)"
850,505,874,989119836,1210796218,0,121445609;1237546170;105025260,紅磡繞道 Hung Hom Bypass,tertiary,True,127.156,1,50,,,viaduct;yes,,"LINESTRING (114.183944 22.303746, 114.183889 22.303809, 114.183828 22.303869, 114.183792 22.303902, 114.183756 22.303932, 114.183714 22.30396, 114.18365 22.303992, 114.183604 22.304013, 114.183547 22.304028, 114.183489 22.304037, 114.183065 22.304077, 114.183028 22.304074, 114.182999 22.304065, 114.18297 22.304051, 114.182945 22.304034, 114.182921 22.304012, 114.182901 22.303983, 114.18288 22.303953)"
851,506,501,989119838,989119228,0,85320802,紅磡道 Hung Hom Road,primary,True,120.765,3,50,,,,,"LINESTRING (114.188055 22.304646, 114.188416 22.305143, 114.188601 22.305402, 114.188629 22.305439, 114.188706 22.305549)"
852,507,1303,990120027,4844611313,0,85320776,太子道西 Prince Edward Road West,secondary_link,True,35.347,1,,,,,,"LINESTRING (114.185924 22.327045, 114.185853 22.327035, 114.185787 22.327047, 114.185746 22.32707, 114.185724 22.327093, 114.185709 22.32712, 114.185704 22.32714, 114.185706 22.327172, 114.185718 22.327202)"
853,507,350,990120027,568273497,0,767474174,太子道西 Prince Edward Road West,secondary,True,72.178,4,,,,,,"LINESTRING (114.185924 22.327045, 114.18542 22.326953, 114.185392 22.326948, 114.185235 22.326919)"
854,508,1348,990120029,4864359198,0,121445587,紅磡南道 Hung Hom South Road,tertiary,True,16.076,1,,,,,,"LINESTRING (114.185947 22.304891, 114.185922 22.304748)"
855,508,1398,990120029,5104128046,0,85404133,紅磡南道 Hung Hom South Road,tertiary,True,28.833,2,,,,,,"LINESTRING (114.185947 22.304891, 114.186027 22.304828, 114.186155 22.304718)"
856,509,518,990120034,990120169,0,1237546153;85320798,靖山街 Ching Shan Street,residential,True,119.83300000000001,1,,,,,,"LINESTRING (114.185606 22.301832, 114.185482 22.301832, 114.185466 22.301832, 114.184564 22.301826, 114.184539 22.301826, 114.18449 22.301799, 114.184455 22.30178)"
857,510,1577,990120058,7635476606,0,85320682,機利士南路 Gillies Avenue South,tertiary,True,103.167,3,,,,,,"LINESTRING (114.184429 22.307124, 114.184563 22.307306, 114.184699 22.307492, 114.184844 22.307696, 114.184885 22.307752, 114.184986 22.307895)"
858,511,240,990120065,384390555,0,441937728,都會道 Metropolis Drive,tertiary,True,18.112000000000002,2,,,,viaduct,,"LINESTRING (114.183062 22.3024, 114.183088 22.302396, 114.18311 22.302386, 114.183138 22.30237, 114.18316 22.302346, 114.183177 22.302324, 114.183189 22.3023)"
859,512,1181,990120079,1651827981,0,1193780172;1208213597;246490261,太子道西 Prince Edward Road West,secondary,True,46.518,4;3,,,,,,"LINESTRING (114.185828 22.327283, 114.185948 22.327288, 114.186192 22.327298, 114.186279 22.327302)"
860,513,1072,990120080,1642181939,0,151396624;494710210,紅菱街 Hung Ling Street,secondary,True,79.025,1;2,,,,,,"LINESTRING (114.184145 22.305704, 114.183991 22.305496, 114.183926 22.305408, 114.183713 22.305117)"
861,513,534,990120080,990120613,0,435674068,紅磡南道 Hung Hom South Road,tertiary,True,49.150999999999996,1,,,,,,"LINESTRING (114.184145 22.305704, 114.183852 22.305862, 114.183732 22.305926)"
862,514,529,990120107,990120425,0,1235798056,機利士南路 Gillies Avenue South,tertiary,True,78.90799999999999,3,,,,,,"LINESTRING (114.183772 22.306219, 114.183893 22.306376, 114.184092 22.306666, 114.184119 22.306705, 114.184164 22.306771, 114.184193 22.306812)"
863,515,1079,990120113,1642184439,0,85320775,老龍坑街 Lo Lung Hang Street,tertiary,True,77.19800000000001,1,,,,,,"LINESTRING (114.183283 22.30738, 114.183233 22.307312, 114.182924 22.306889, 114.182909 22.306868, 114.182861 22.306806)"
864,516,541,990120130,990625811,0,85320731;1207652539,紅鸞道 Hung Luen Road,tertiary,True,22.175,2,,,,,,"LINESTRING (114.18828 22.303118, 114.188396 22.303053, 114.188462 22.303013)"
865,516,528,990120130,990120382,0,494710208;494710209;673925669;963553911;85320793,紅磡南道 Hung Hom South Road;紅鸞道 Hung Luen Road,tertiary,False,259.79200000000003,2,,,,,yes,"LINESTRING (114.18828 22.303118, 114.188233 22.303148, 114.187523 22.303607, 114.187303 22.303745, 114.186861 22.304045, 114.186478 22.304342, 114.186444 22.304368, 114.18627 22.304527)"
866,517,526,990120140,990120340,0,1124673534,佛光街 Fat Kwong Street,tertiary,True,8.873,2,50,,,,,"LINESTRING (114.18756 22.308933, 114.187646 22.308935)"
867,517,1603,990120140,8489568078,0,913903248,馬頭圍道 Ma Tau Wai Road,secondary,True,41.269999999999996,2,,,,,,"LINESTRING (114.18756 22.308933, 114.187563 22.309079, 114.187564 22.30913, 114.187603 22.3093)"
868,518,1339,990120169,4862079513,0,1287326518;1237546154;451815590,紅磡繞道 Hung Hom Bypass,tertiary,True,70.941,1;2,,,,,,"LINESTRING (114.184455 22.30178, 114.184426 22.301578, 114.184418 22.301433, 114.184428 22.30123, 114.184439 22.301144)"
869,519,295,990120205,452738365,0,103020563,衛理道 Wylie Road,tertiary,False,25.859,2,,,,,,"LINESTRING (114.177083 22.306354, 114.177026 22.306127)"
870,519,849,990120205,1189559382,0,103020437,衛理道 Wylie Road,tertiary,False,27.436,3,,,,,,"LINESTRING (114.177083 22.306354, 114.177045 22.306466, 114.177034 22.306502, 114.177002 22.306589)"
871,519,420,990120205,675764045,0,1305278480;103020666;1305278478,加士居道 Gascoigne Road,primary,True,121.954,2,50,,,,,"LINESTRING (114.177083 22.306354, 114.1773 22.306283, 114.177965 22.306075, 114.178018 22.306058, 114.178148 22.306018, 114.178205 22.306)"
872,520,1393,990120213,5104093639,0,210899457,暢運道 Cheong Wan Road,secondary,True,9.437,3,,,,,,"LINESTRING (114.177198 22.302899, 114.177118 22.302939)"
873,520,1208,990120213,2208339288,0,245455797,漆咸道南 Chatham Road South,secondary,True,32.871,3,,,,,,"LINESTRING (114.177198 22.302899, 114.177155 22.302826, 114.177138 22.302797, 114.177123 22.302772, 114.177081 22.302701, 114.177044 22.30264)"
874,521,1684,990120217,12000285509,0,85404065,環安街 Wan On Street,residential,False,90.347,,,,,,,"LINESTRING (114.188555 22.312297, 114.188556 22.312398, 114.188555 22.312568, 114.188555 22.312728, 114.188554 22.312767, 114.188554 22.312811, 114.188554 22.31297, 114.188553 22.313031, 114.188551 22.313051, 114.188546 22.31307, 114.188538 22.313088, 114.188528 22.313105)"
875,521,1602,990120217,8489568074,0,151396480,庇利街 Bailey Street,secondary,False,64.979,6,,,,,,"LINESTRING (114.188555 22.312297, 114.188405 22.312299, 114.188318 22.312301, 114.187944 22.312306, 114.187923 22.312306)"
876,521,1663,990120217,11159278775,0,151396480,庇利街 Bailey Street,secondary,False,65.84400000000001,6,,,,,,"LINESTRING (114.188555 22.312297, 114.188704 22.312295, 114.188996 22.312291, 114.189195 22.312288)"
877,522,1506,990120246,6705233215,0,85320836,新山道 San Shan Road,residential,True,52.984,1,,,,,,"LINESTRING (114.190017 22.32059, 114.189957 22.320615, 114.18994 22.320622, 114.189601 22.320755, 114.189544 22.320778)"
878,523,243,990120262,394176281,0,34360955,喇沙利道 La Salle Road,residential,False,46.289,,,,,,,"LINESTRING (114.182058 22.325964, 114.182001 22.326283, 114.181987 22.326375)"
879,524,511,990120307,990120065,0,85320732,都會道 Metropolis Drive,tertiary,True,109.072,1,,,,viaduct,,"LINESTRING (114.182927 22.303371, 114.182975 22.303167, 114.183005 22.302776, 114.183022 22.302599, 114.183056 22.302468, 114.183062 22.3024)"
880,524,1630,990120307,9633043742,0,105025286;85320743;85320809;1382980367;442610586,暢運道 Cheong Wan Road,tertiary,True,165.14800000000002,2;1,,,,viaduct,,"LINESTRING (114.182927 22.303371, 114.182911 22.303235, 114.182904 22.302667, 114.182879 22.302491, 114.182846 22.302392, 114.182821 22.302329, 114.182791 22.302256, 114.182774 22.302212, 114.182751 22.302169, 114.182717 22.302113, 114.182692 22.302083, 114.182665 22.302061, 114.182634 22.302043, 114.182549 22.301999)"
881,525,490,990120326,988059722,0,85201057,漆咸道北 Chatham Road North,primary,True,52.403999999999996,3,50,,,,,"LINESTRING (114.186814 22.312931, 114.186608 22.312584, 114.186565 22.31252)"
882,525,533,990120326,990120487,0,85320849,石塘街 Shek Tong Street,residential,True,84.515,,,,,,,"LINESTRING (114.186814 22.312931, 114.186913 22.312891, 114.187449 22.312673, 114.187463 22.312667, 114.187513 22.312662, 114.187575 22.312664)"
883,526,531,990120340,990120449,0,1160439247,馬頭圍道 Ma Tau Wai Road,secondary,True,8.741,2,,,,,,"LINESTRING (114.187646 22.308935, 114.187645 22.308857)"
884,527,1178,990120355,1651827966,0,85320768;1193780176,太子道西 Prince Edward Road West;品蘭街 Pentland Street,tertiary;primary_link,True,116.38999999999999,1;2,,,,,,"LINESTRING (114.184241 22.32718, 114.184269 22.327147, 114.184296 22.327112, 114.184322 22.327059, 114.184354 22.326998, 114.184384 22.326964, 114.184412 22.326944, 114.184432 22.326931, 114.184476 22.326912, 114.185012 22.327008, 114.185048 22.327014, 114.18521 22.327043)"
885,527,1689,990120355,12172282398,0,1315073889;1315073890;50871767;44820807;1315073907;1315073911;44820798,九龍城天橋 Kowloon City flyover,primary,True,751.25,1,50,,,viaduct,,"LINESTRING (114.184241 22.32718, 114.1843 22.327179, 114.184787 22.327176, 114.185178 22.32718, 114.185989 22.327189, 114.18642 22.327226, 114.186979 22.327295, 114.187584 22.3274, 114.188699 22.327589, 114.18932 22.327682, 114.189502 22.327704, 114.190169 22.327776, 114.190375 22.327801, 114.190546 22.327822, 114.190752 22.327855, 114.190905 22.327891, 114.191053 22.327933, 114.191277 22.32803, 114.191355 22.32808, 114.191418 22.328126)"
886,528,1530,990120382,6718666186,0,85404154,紅磡南道 Hung Hom South Road,tertiary,True,27.399,2,,,,,,"LINESTRING (114.18627 22.304527, 114.186045 22.304659)"
887,528,516,990120382,990120130,0,494710208;494710209;673925669;963553911;85320793,紅鸞道 Hung Luen Road;紅磡南道 Hung Hom South Road,tertiary,False,259.792,2,,,,,yes,"LINESTRING (114.18627 22.304527, 114.186444 22.304368, 114.186478 22.304342, 114.186861 22.304045, 114.187303 22.303745, 114.187523 22.303607, 114.188233 22.303148, 114.18828 22.303118)"
888,529,296,990120425,457888291,0,105307492,必嘉街 Baker Street,tertiary,True,59.435,,,,,,,"LINESTRING (114.184193 22.306812, 114.184078 22.306884, 114.183747 22.30709, 114.183714 22.307111)"
889,529,510,990120425,990120058,0,85320682;1235798055,機利士南路 Gillies Avenue South,tertiary,True,42.306,3,,,,,,"LINESTRING (114.184193 22.306812, 114.184219 22.30685, 114.184242 22.306878, 114.184292 22.306942, 114.184366 22.307037, 114.184429 22.307124)"
890,530,302,990120446,459476482,0,771547296,紅荔道 Hung Lai Road,tertiary,True,33.894999999999996,2,,,,,,"LINESTRING (114.18447 22.303884, 114.184621 22.303965, 114.184663 22.303985, 114.18476 22.304028)"
891,531,360,990120449,582481839,0,85320796,民樂街 Man Lok Street,tertiary,True,9.053,1,,,,,,"LINESTRING (114.187645 22.308857, 114.187558 22.308842)"
892,531,482,990120449,988059589,0,85485936,馬頭圍道 Ma Tau Wai Road,secondary,True,98.85499999999999,2,,,,,,"LINESTRING (114.187645 22.308857, 114.187641 22.30867, 114.187639 22.308578, 114.187637 22.308481, 114.187634 22.308432, 114.18763 22.308384, 114.187619 22.308287, 114.187602 22.308191, 114.187586 22.308137, 114.187566 22.308085, 114.187546 22.308032, 114.18752 22.307984)"
893,532,357,990120470,576880570,0,152359894,聯合道 Junction Road,secondary,False,16.859,2,,,,,,"LINESTRING (114.186951 22.327197, 114.186954 22.327349)"
894,532,1179,990120470,1651827970,0,28088042,太子道西 Prince Edward Road West,secondary,True,69.411,4,,,,,,"LINESTRING (114.186951 22.327197, 114.186678 22.327153, 114.1866 22.327142, 114.186285 22.327097)"
895,533,1128,990120487,1651827744,0,152360051;105715053;1294612847,馬頭圍道 Ma Tau Wai Road;土瓜灣道 To Kwa Wan Road,secondary,True,337.331,3,,,,,,"LINESTRING (114.187575 22.312664, 114.187575 22.312907, 114.187576 22.313413, 114.187576 22.313425, 114.187578 22.313544, 114.187581 22.313773, 114.187585 22.314027, 114.187588 22.314051, 114.187598 22.314122, 114.1876 22.31414, 114.187624 22.314233, 114.187677 22.314312, 114.187887 22.314528, 114.188241 22.314898, 114.188481 22.315155, 114.188503 22.315179, 114.188566 22.315246, 114.188654 22.315339)"
896,534,1696,990120613,12804082708,0,1287336324;1287336329;33619988,暢運道 Cheong Wan Road,tertiary,True,117.673,1,,,,yes,,"LINESTRING (114.183732 22.305926, 114.183595 22.305776, 114.183441 22.305624, 114.183248 22.305454, 114.183081 22.305318, 114.182973 22.305231, 114.182906 22.3052)"
897,535,527,990120650,990120355,0,85320819;1208213591,界限街 Boundary Street,primary,True,48.95399999999999,2;1,,,,,,"LINESTRING (114.183768 22.327197, 114.183895 22.32717, 114.183933 22.327172, 114.184241 22.32718)"
898,535,241,990120650,394176279,0,1208213592;1315073893,界限街 Boundary Street,secondary,True,29.165999999999997,2,,,,,,"LINESTRING (114.183768 22.327197, 114.183889 22.32722, 114.183928 22.327223, 114.184049 22.327228)"
899,536,1510,990120665,6705233294,0,693057976;245455458;85320795;494503495,暢運道 Cheong Wan Road,tertiary,True,322.14700000000005,2,,,,viaduct;yes,,"LINESTRING (114.181175 22.302065, 114.181073 22.302048, 114.181008 22.302048, 114.180832 22.302058, 114.179299 22.302185, 114.179177 22.302205, 114.179056 22.302229, 114.178848 22.30228, 114.178616 22.302352, 114.17846 22.302408, 114.178109 22.302523)"
900,536,1120,990120665,1649048995,0,442610588;1382980364,暢運道 Cheong Wan Road,tertiary,True,17.934,2,,,,viaduct,,"LINESTRING (114.181175 22.302065, 114.181148 22.302094, 114.181126 22.30212, 114.181111 22.302141, 114.181093 22.302203)"
901,537,1504,990625708,6705233168,0,494300661,紅鸞道 Hung Luen Road,tertiary,True,28.816000000000003,2,,,,,,"LINESTRING (114.188738 22.302538, 114.188728 22.302366, 114.188706 22.302282)"
902,538,1335,990625730,4860805878,0,85460161,紅鸞道 Hung Luen Road,tertiary,True,8.241,1,,,,,,"LINESTRING (114.188597 22.302822, 114.188629 22.302754)"
903,538,499,990625730,989118996,0,88718949,船景街 Shung King Street,tertiary_link,True,29.771,1,,,,,,"LINESTRING (114.188597 22.302822, 114.188715 22.302888, 114.188808 22.302998)"
904,539,542,990625764,990625873,0,1287326505;769116989;85460166,梳士巴利道 Salisbury Road,primary_link,True,62.15899999999999,1,,,,,,"LINESTRING (114.180261 22.29954, 114.180318 22.29956, 114.180358 22.299576, 114.18041 22.299585, 114.18047 22.299581, 114.180515 22.299569, 114.18054 22.299555, 114.180569 22.299532, 114.180586 22.299505, 114.180602 22.299468, 114.180606 22.299405, 114.180595 22.299342, 114.18058 22.29929)"
905,539,1111,990625764,1649048606,0,1431501586,梳士巴利道 Salisbury Road,primary,True,16.428,2,50,,,,,"LINESTRING (114.180261 22.29954, 114.180271 22.299637, 114.180283 22.299686)"
906,540,227,990625795,384382066,0,648664469,紅鸞道 Hung Luen Road,tertiary,True,51.825,1,50,,,,,"LINESTRING (114.188414 22.302812, 114.188314 22.302949, 114.188208 22.303049, 114.188077 22.303155)"
907,541,499,990625811,989118996,0,85460138,紅鸞道 Hung Luen Road,tertiary_link,True,37.048,1,,,,,,"LINESTRING (114.188462 22.303013, 114.188529 22.302987, 114.188597 22.302969, 114.188643 22.302965, 114.1887 22.302967, 114.188756 22.302979, 114.188808 22.302998)"
908,541,538,990625811,990625730,0,85460164,紅鸞道 Hung Luen Road,tertiary,True,25.36,1,,,,,,"LINESTRING (114.188462 22.303013, 114.188529 22.302917, 114.188597 22.302822)"
909,542,1404,990625873,5120436693,0,85460154;1120037555;1120037557;1287326503,梳士巴利道 Salisbury Road,primary,True,208.35999999999999,1,50,,,,,"LINESTRING (114.18058 22.29929, 114.180451 22.299151, 114.180307 22.29901, 114.180103 22.298829, 114.179705 22.298487, 114.179282 22.298137, 114.179067 22.298078)"
910,543,1680,990625879,11494497175,0,1207333522,建灣街 Kin Wan Street,residential,True,13.357,1,,,,,,"LINESTRING (114.186528 22.300959, 114.186507 22.301078)"
911,543,1337,990625879,4862079505,0,1237535776;1287326514;1287326515;33620396,紅鸞道 Hung Luen Road,tertiary,True,208.823,2,,,,,,"LINESTRING (114.186528 22.300959, 114.186386 22.300976, 114.18585 22.300987, 114.185621 22.300974, 114.185521 22.300972, 114.185364 22.300959, 114.185259 22.300953, 114.185034 22.30094, 114.184921 22.300928, 114.184812 22.300911, 114.184729 22.300892, 114.184653 22.300864, 114.184527 22.300804)"
912,544,1062,991294657,1641766422,0,103411713,海壇街 Hai Tan Street,residential,False,39.576,,,,,,,"LINESTRING (114.157362 22.329439, 114.157068 22.329668)"
913,544,63,991294657,288998754,0,30075004,九江街 Kiu Kiang Street,residential,True,62.955,,,,,,,"LINESTRING (114.157362 22.329439, 114.157305 22.329416, 114.156959 22.329021)"
914,544,554,991294657,991294970,0,782116570;103411698;103411723,九江街 Kiu Kiang Street;醫局街 Yee Kuk Street,residential,True,177.689,1;3,,,,,,"LINESTRING (114.157362 22.329439, 114.157696 22.329818, 114.157714 22.329837, 114.157735 22.32985, 114.15776 22.329858, 114.157786 22.329856, 114.15782 22.329844, 114.158513 22.329293, 114.158548 22.329266, 114.158623 22.329208)"
915,545,1042,991294702,1640472888,0,151226316,杉樹街 Pine Street,residential,True,50.634,1,,,,,,"LINESTRING (114.16375 22.321142, 114.163852 22.321587)"
916,545,1039,991294702,1640472879,0,151226304;1203105120,埃華街 Ivy Street,tertiary,True,108.67600000000002,1;2,,,,,,"LINESTRING (114.16375 22.321142, 114.163274 22.321226, 114.162993 22.321271, 114.162711 22.32132)"
917,546,1017,991294801,1636768930,0,101166571,文明里 Man Ming Lane,tertiary,False,6.77,2,,,,,,"LINESTRING (114.170305 22.311819, 114.170371 22.311813)"
918,546,36,991294801,276373355,0,99517942,砵蘭街 Portland Street,tertiary,True,116.817,,,,,,,"LINESTRING (114.170305 22.311819, 114.170294 22.311877, 114.170121 22.31277, 114.170105 22.312853)"
919,547,434,991294805,759630057,0,103020402;103020378,漆咸道南 Chatham Road South,secondary,True,230.30499999999998,3,,,,,,"LINESTRING (114.175873 22.299576, 114.175957 22.299878, 114.175979 22.299956, 114.175995 22.300012, 114.176002 22.30004, 114.176026 22.300123, 114.176042 22.30018, 114.176108 22.300307, 114.176125 22.300372, 114.176168 22.300524, 114.176214 22.300693, 114.176253 22.300834, 114.176288 22.300972, 114.176319 22.301062, 114.176351 22.301157, 114.176444 22.301436, 114.176461 22.301487, 114.176488 22.301565)"
920,548,791,991294824,1181846145,0,494724306,汝州街 Yu Chau Street,tertiary,True,99.35,4,,,,,,"LINESTRING (114.163735 22.328163, 114.163653 22.328226, 114.163404 22.328417, 114.163092 22.328656, 114.163062 22.328679, 114.162991 22.328733)"
921,548,558,991294824,991295076,0,494724307,石硤尾街 Shek Kip Mei Street,residential,True,58.44,2,,,,,,"LINESTRING (114.163735 22.328163, 114.163419 22.32781, 114.163373 22.327758)"
922,549,610,991294876,1151084930,0,30151290,長沙街 Changsha Street,residential,True,61.606,1,,,,,,"LINESTRING (114.169394 22.315941, 114.169906 22.316044, 114.169952 22.316054, 114.169976 22.316066)"
923,549,168,991294876,332253631,0,102441823,長沙街 Changsha Street,residential,True,61.928000000000004,1,,,,,,"LINESTRING (114.169394 22.315941, 114.168884 22.315854, 114.168802 22.315839)"
924,549,166,991294876,332253313,0,150792162,砵蘭街 Portland Street,residential,True,57.253,1,,,,,,"LINESTRING (114.169394 22.315941, 114.169296 22.316366, 114.169278 22.316444)"
925,550,544,991294879,991294657,0,254564209,海壇街 Hai Tan Street,residential,True,116.15700000000001,2,,,,,,"LINESTRING (114.158222 22.328762, 114.158144 22.328822, 114.157362 22.329439)"
926,550,554,991294879,991294970,0,254564297,欽州街 Yen Chow Street,secondary,True,64.497,4,,,,,,"LINESTRING (114.158222 22.328762, 114.158302 22.328842, 114.15839 22.328945, 114.158528 22.329103, 114.158544 22.329119, 114.158623 22.329208)"
927,551,1270,991294886,3338147030,0,103295896,荔枝角道 Lai Chi Kok Road,primary,True,113.52,3,,,,,,"LINESTRING (114.159959 22.328922, 114.159786 22.329061, 114.159311 22.329429, 114.159274 22.329456, 114.159115 22.329579)"
928,552,978,991294889,1636543686,0,101558288,松樹街 Fir Street,tertiary,False,60.297,2,,,,,,"LINESTRING (114.164873 22.321508, 114.164499 22.321091)"
929,552,557,991294889,991295054,0,879823999,松樹街 Fir Street,residential,True,58.614999999999995,2,,,,,,"LINESTRING (114.164873 22.321508, 114.165022 22.321731, 114.165205 22.321935)"
930,553,1544,991294942,6836319731,0,441937732,上海街 Shanghai Street,secondary,True,6.597,3,,,,,,"LINESTRING (114.169829 22.310756, 114.169839 22.310697)"
931,553,560,991294942,991295126,0,102506135,永星里 Wing Sing Lane,tertiary,True,49.543,2,,,,,,"LINESTRING (114.169829 22.310756, 114.169872 22.310739, 114.169892 22.310736, 114.169916 22.310732, 114.169952 22.310734, 114.170241 22.310782, 114.170301 22.310792)"
932,554,1269,991294970,3336091232,0,494731031,醫局街 Yee Kuk Street,tertiary,True,12.44,3,,,,,,"LINESTRING (114.158623 22.329208, 114.158714 22.329134)"
933,554,400,991294970,660864274,0,327096760,欽州街 Yen Chow Street,secondary,True,64.164,4,,,,,,"LINESTRING (114.158623 22.329208, 114.158697 22.329289, 114.158917 22.329544, 114.158942 22.329572, 114.159017 22.329655)"
934,555,638,991294995,1152824614,0,103239090,基隆街 Ki Lung Street,residential,True,140.56099999999998,2,,,,,,"LINESTRING (114.164113 22.327191, 114.164192 22.32713, 114.164812 22.326654, 114.164868 22.326611, 114.164938 22.326557, 114.165079 22.326449, 114.165164 22.326383)"
935,555,1517,991294995,6705233473,0,1203105152,黃竹街 Wong Chuk Street,tertiary,True,58.455999999999996,3,,,,,,"LINESTRING (114.164113 22.327191, 114.164406 22.327521, 114.164474 22.327597)"
936,556,559,991295018,991295090,0,782385739,桂林街 Kweilin Street,residential,True,64.572,2,,,,,,"LINESTRING (114.159168 22.328023, 114.159524 22.328429, 114.159564 22.328474)"
937,556,1268,991295018,3336091224,0,1203105126,海壇街 Hai Tan Street,tertiary,True,116.162,3,,,,,,"LINESTRING (114.159168 22.328023, 114.158872 22.328255, 114.158393 22.32863, 114.158361 22.328652, 114.158304 22.328695)"
938,558,1667,991295076,11217924629,0,103274861,基隆街 Ki Lung Street,residential,True,99.455,,,,,,,"LINESTRING (114.163373 22.327758, 114.162674 22.328294, 114.162628 22.328329)"
939,558,403,991295076,660864278,0,494724307,石硤尾街 Shek Kip Mei Street,residential,True,56.925,2,,,,,,"LINESTRING (114.163373 22.327758, 114.163066 22.327416, 114.16302 22.327364)"
940,559,1059,991295090,1641766334,0,327096754;1203105123;1203105122,醫局街 Yee Kuk Street,tertiary,True,232.156,2;3,,,,,,"LINESTRING (114.159564 22.328474, 114.159723 22.328348, 114.160297 22.327898, 114.160328 22.327873, 114.160425 22.327797, 114.160516 22.327728, 114.161179 22.327221, 114.161219 22.327191, 114.161294 22.327134)"
941,559,551,991295090,991294886,0,782385740,桂林街 Kweilin Street,residential,True,64.292,2,,,,,,"LINESTRING (114.159564 22.328474, 114.159893 22.328843, 114.159919 22.328873, 114.159959 22.328922)"
942,560,743,991295126,1172757982,0,102506135,永星里 Wing Sing Lane,tertiary,True,28.109,2,,,,,,"LINESTRING (114.170301 22.310792, 114.17057 22.310834)"
943,560,686,991295126,1167986940,0,101166569,廟街 Temple Street,residential,True,112.358,,,,,,,"LINESTRING (114.170301 22.310792, 114.170292 22.310838, 114.170197 22.311299, 114.17011 22.311786)"
944,561,562,998046345,998046347,0,103295898;494691402,南昌街 Nam Cheong Street,secondary,True,57.54,2;3,,,,,,"LINESTRING (114.162485 22.328455, 114.162694 22.328682, 114.162757 22.328752, 114.162785 22.328784, 114.162841 22.328854)"
945,562,266,998046347,420027768,0,494691403,汝州街 Yu Chau Street,tertiary,True,116.593,3,,,,,,"LINESTRING (114.162841 22.328854, 114.162792 22.328892, 114.162552 22.329075, 114.162448 22.329156, 114.16209 22.329437, 114.162045 22.329476, 114.161975 22.32953)"
946,562,206,998046347,339054215,0,494691404;1203105136;1203105137;1203105138;1203105139,南昌街 Nam Cheong Street,secondary,True,118.994,2;3,,,,,,"LINESTRING (114.162841 22.328854, 114.162905 22.328926, 114.163093 22.329134, 114.163138 22.329186, 114.163223 22.329296, 114.163284 22.329361, 114.1635 22.329594, 114.163514 22.32961, 114.163575 22.329681)"
947,563,1513,1029866980,6705233410,0,857186486,科學館道 Science Museum Road,tertiary,False,8.867,3,,,,,,"LINESTRING (114.179924 22.299916, 114.179866 22.299975)"
948,563,1115,1029866980,1649048830,0,85460149;1191382935,科學館道 Science Museum Road,primary_link,True,50.318999999999996,1,,,,,,"LINESTRING (114.179924 22.299916, 114.180025 22.29989, 114.180062 22.299893, 114.1801 22.299905, 114.180148 22.299928, 114.180169 22.299948, 114.180189 22.299976, 114.180211 22.300012, 114.180244 22.300075, 114.180266 22.300132)"
949,564,1639,1107287994,10211498591,0,435421062,山東街 Shantung Street,tertiary,True,76.184,3,,,,,,"LINESTRING (114.172605 22.318024, 114.173267 22.318147, 114.173281 22.318149, 114.173332 22.318158)"
950,565,1003,1107287995,1636641379,0,102640425,染布房街 Yim Po Fong Street,secondary,False,62.011,4,,,,,,"LINESTRING (114.173561 22.317712, 114.173789 22.317196)"
951,565,1646,1107287995,10565387059,0,435421066,染布房街 Yim Po Fong Street,secondary,False,28.027,4,,,,,,"LINESTRING (114.173561 22.317712, 114.173466 22.317948)"
952,565,1486,1107287995,6534226310,0,95489061,白布街 Pak Po Street,residential,True,90.27700000000002,1,,,,,,"LINESTRING (114.173561 22.317712, 114.173488 22.317698, 114.172769 22.317559, 114.172702 22.317546)"
953,567,308,1139326589,484136661,0,996069430,太子道西 Prince Edward Road West,primary,True,14.207999999999998,6,,,,,,"LINESTRING (114.174657 22.325103, 114.174628 22.325097, 114.174522 22.325075)"
954,568,567,1139326660,1139326589,0,98478382,太子道西 Prince Edward Road West,tertiary,True,169.008,2,,,,,,"LINESTRING (114.176249 22.325458, 114.175169 22.325269, 114.175043 22.325243, 114.175018 22.325234, 114.174974 22.325218, 114.174657 22.325103)"
955,569,465,1139441035,804108815,0,98492789,常康街 Sheung Hong Street,residential,False,64.903,2,,,,,,"LINESTRING (114.183297 22.32068, 114.183231 22.320162, 114.183223 22.3201)"
956,570,466,1139441156,804108926,0,138949124,常健街 Sheung Kin Street,residential,False,103.24499999999999,2,,,,,,"LINESTRING (114.183337 22.32274, 114.184108 22.323099, 114.184234 22.323158)"
957,571,451,1139904705,804107153,0,98532445,亞皆老街 Argyle Street,primary,True,12.841000000000001,3,,,,,,"LINESTRING (114.178212 22.32146, 114.178133 22.321417, 114.178104 22.321403)"
958,572,1573,1139904730,7602824502,0,66348978;98532474;250134299;66348983,公主道 Princess Margaret Road;窩打老道 Waterloo Road,trunk,True,534.245,2,50;70,1,,yes,,"LINESTRING (114.17917 22.318933, 114.179204 22.319016, 114.17922 22.319071, 114.17923 22.319162, 114.179232 22.319298, 114.179225 22.319422, 114.179208 22.319541, 114.179181 22.319678, 114.179153 22.319785, 114.179119 22.319888, 114.179061 22.320024, 114.17895 22.320242, 114.178744 22.320592, 114.178223 22.321296, 114.178048 22.32155, 114.177989 22.32176, 114.177976 22.321879, 114.177985 22.322001, 114.178005 22.322122, 114.178031 22.322235, 114.178107 22.322528, 114.178164 22.322776, 114.178196 22.323022, 114.178208 22.323203, 114.178186 22.323412)"
959,572,455,1139904730,804107379,0,66348972;888280063,公主道 Princess Margaret Road,primary,True,116.37700000000001,1,50;70,,,,,"LINESTRING (114.17917 22.318933, 114.179153 22.319053, 114.179148 22.319085, 114.179149 22.319357, 114.179145 22.319404, 114.179141 22.319452, 114.179136 22.319519, 114.179077 22.319747, 114.179067 22.319782, 114.179063 22.319792, 114.179012 22.319963)"
960,573,578,1140062891,1140062985,0,494015243,太子道西 Prince Edward Road West,primary,True,35.122,4,,,,,,"LINESTRING (114.178188 22.325705, 114.177851 22.325658)"
961,574,1215,1140062911,2280302647,0,101294781,火石道 Flint Road,residential,False,56.146,,,,,,,"LINESTRING (114.179777 22.328683, 114.179232 22.328711)"
962,574,1558,1140062911,7319246409,0,101294781,火石道 Flint Road,residential,False,14.392,,,,,,,"LINESTRING (114.179777 22.328683, 114.179917 22.328676)"
963,574,1559,1140062911,7319246410,0,218818484,何東道 Ho Tung Road,residential,False,8.516,,,,,,,"LINESTRING (114.179777 22.328683, 114.179781 22.328759)"
964,575,1325,1140062928,4860301264,0,484579168;888280103,窩打老道 Waterloo Road,trunk,True,71.094,2,50,1,,,,"LINESTRING (114.178419 22.325136, 114.178397 22.324661, 114.178414 22.324498)"
965,576,583,1140062938,1141792833,0,888280100;249550526,窩打老道 Waterloo Road,primary,True,94.18799999999999,2,50,,,,,"LINESTRING (114.178258 22.324519, 114.17823 22.32467, 114.178266 22.325363)"
966,576,587,1140062938,1141935427,0,767525156;888280101;767578057;767525163;479822189;484579023;484579024;888280083;98547380;888280086;150771674;98547388,窩打老道 Waterloo Road,trunk,True,494.071,2,50,1,,yes,,"LINESTRING (114.178258 22.324519, 114.178304 22.324667, 114.178339 22.325133, 114.178355 22.32537, 114.178359 22.325465, 114.178357 22.325536, 114.178352 22.325607, 114.178336 22.325832, 114.178331 22.325937, 114.178334 22.326035, 114.178368 22.326601, 114.17838 22.326734, 114.178394 22.326899, 114.178419 22.327058, 114.178438 22.327157, 114.178457 22.327282, 114.178464 22.327347, 114.178472 22.327451, 114.178487 22.32777, 114.178529 22.328539, 114.178534 22.328604, 114.178544 22.328721, 114.178551 22.328813, 114.178544 22.328945)"
967,577,108,1140062960,316731592,0,28808041,林肯道 Lincoln Road,residential,False,182.142,,,,,,,"LINESTRING (114.178415 22.327653, 114.178356 22.327654, 114.177956 22.327662, 114.176767 22.327621, 114.176645 22.327617)"
968,577,587,1140062960,1141935427,0,950169784;888280099;453783441;493988955,窩打老道 Waterloo Road,primary,True,144.91299999999998,2;1,50,,,,,"LINESTRING (114.178415 22.327653, 114.178452 22.328338, 114.178472 22.328602, 114.178491 22.328822, 114.178544 22.328945)"
969,578,567,1140062985,1139326589,0,494015243;494015244,太子道西 Prince Edward Road West,primary,True,334.322,4,,,,,,"LINESTRING (114.177851 22.325658, 114.177591 22.32561, 114.17728 22.325553, 114.177057 22.325512, 114.177023 22.325506, 114.176891 22.325481, 114.176814 22.325467, 114.176336 22.32538, 114.175901 22.325301, 114.175169 22.325173, 114.175132 22.325166, 114.175051 22.325152, 114.174679 22.325106, 114.174657 22.325103)"
970,579,588,1140063015,1141935440,0,98702158,,primary_link,True,30.907999999999994,1,50,,,,,"LINESTRING (114.178591 22.32725, 114.178585 22.32722, 114.178581 22.32721, 114.178579 22.327205, 114.178554 22.32719, 114.17852 22.32718, 114.178487 22.327178, 114.178457 22.32718, 114.178429 22.327185, 114.178402 22.327196, 114.178387 22.327209, 114.178378 22.327224, 114.17837 22.327246)"
971,579,33,1140063015,276169958,0,767525162,窩打老道 Waterloo Road,primary,True,42.303999999999995,1,50,,,,,"LINESTRING (114.178591 22.32725, 114.178606 22.327187, 114.178632 22.327129, 114.178651 22.327089, 114.178686 22.327048, 114.178755 22.327019, 114.178846 22.326996)"
972,580,1579,1141756868,7635791091,0,86059942,窩打老道 Waterloo Road,trunk,True,240.767,4,50,1,,,,"LINESTRING (114.178888 22.332539, 114.178806 22.331259, 114.178798 22.331131, 114.178758 22.330514, 114.178755 22.330451, 114.178752 22.330377)"
973,581,582,1141792825,1141792828,0,494278042;1208213595,太子道西 Prince Edward Road West,primary,True,87.246,7,,,,,,"LINESTRING (114.180027 22.326042, 114.179814 22.326004, 114.179194 22.325893)"
974,582,584,1141792828,1141792836,0,98694387,太子道西 Prince Edward Road West,primary_link,True,87.13299999999998,1,,,,,,"LINESTRING (114.179194 22.325893, 114.178978 22.325935, 114.178677 22.325899, 114.17865 22.325904, 114.178625 22.325918, 114.178609 22.325931, 114.178592 22.325956, 114.178576 22.325982, 114.178558 22.326016, 114.178545 22.326064, 114.178529 22.326143)"
975,582,1472,1141792828,6357916750,0,494278043;1208213596,太子道西 Prince Edward Road West,primary,True,56.351,4,,,,,,"LINESTRING (114.179194 22.325893, 114.179037 22.325837, 114.178866 22.325804, 114.17872 22.325776, 114.178666 22.325765)"
976,583,586,1141792833,1141792843,0,98694388,窩打老道 Waterloo Road,primary,True,43.924,1,50,,,,,"LINESTRING (114.178266 22.325363, 114.178291 22.325534, 114.178302 22.325576, 114.178338 22.325639, 114.178399 22.325731)"
977,583,578,1141792833,1140062985,0,98694389,窩打老道 Waterloo Road,primary_link,True,61.911,2,50,,,,,"LINESTRING (114.178266 22.325363, 114.178249 22.325465, 114.178238 22.325493, 114.178214 22.325541, 114.17817 22.32559, 114.178128 22.325613, 114.17807 22.325632, 114.17802 22.325644, 114.177964 22.325651, 114.177851 22.325658)"
978,583,585,1141792833,1141792839,0,98694391,,primary_link,True,32.263000000000005,1,50,,,,,"LINESTRING (114.178266 22.325363, 114.178315 22.325419, 114.178344 22.325446, 114.178373 22.325455, 114.178403 22.32545, 114.17843 22.325442, 114.178456 22.325429, 114.178476 22.325413, 114.17849 22.325394, 114.178502 22.325374)"
979,584,987,1141792836,1636543866,0,813897781,窩打老道 Waterloo Road,primary,True,96.254,1,,,,,,"LINESTRING (114.178529 22.326143, 114.178564 22.326622, 114.178565 22.326631, 114.17858 22.326797, 114.178585 22.326842, 114.17859 22.32687, 114.178598 22.326894, 114.178635 22.326951, 114.178662 22.326988)"
980,585,1325,1141792839,4860301264,0,888280105;888280102,窩打老道 Waterloo Road,primary,True,98.454,2,50,,,,,"LINESTRING (114.178502 22.325374, 114.178492 22.325037, 114.178474 22.324664, 114.178414 22.324498)"
981,586,573,1141792843,1140062891,0,98694390,太子道西 Prince Edward Road West,primary,True,21.835,3,,,,,,"LINESTRING (114.178399 22.325731, 114.178188 22.325705)"
982,586,584,1141792843,1141792836,0,150771670,窩打老道 Waterloo Road,primary,True,48.351,1,,,,,,"LINESTRING (114.178399 22.325731, 114.178468 22.325854, 114.178485 22.325887, 114.178493 22.325907, 114.17851 22.325969, 114.17852 22.326021, 114.178525 22.326069, 114.178529 22.326143)"
983,587,1580,1141935427,7635791092,0,767578052;767578055;767578056;767525165;493968081;1186001916,窩打老道 Waterloo Road,trunk,True,160.422,3,50,1,,,,"LINESTRING (114.178544 22.328945, 114.178558 22.329215, 114.178565 22.329374, 114.178567 22.329446, 114.178568 22.329466, 114.178582 22.329649, 114.178595 22.329832, 114.178603 22.3299, 114.178625 22.330298, 114.17863 22.330385)"
984,588,577,1141935440,1140062960,0,493988955,窩打老道 Waterloo Road,primary,True,45.564,2,50,,,,,"LINESTRING (114.17837 22.327246, 114.178415 22.327653)"
985,589,998,1151084790,1636641362,0,102640421,染布房街 Yim Po Fong Street,primary_link,True,23.503999999999998,1,,,,,,"LINESTRING (114.173808 22.316392, 114.173847 22.316421, 114.173885 22.316453, 114.173916 22.316467, 114.173942 22.316472, 114.173969 22.316467, 114.174003 22.316451)"
986,589,999,1151084790,1636641367,0,1212555896,窩打老道 Waterloo Road,primary,True,33.111,2,,,,,,"LINESTRING (114.173808 22.316392, 114.173836 22.31643, 114.173979 22.316644)"
987,590,604,1151084802,1151084876,0,102640434,窩打老道 Waterloo Road,primary,True,10.399,3,,,,,,"LINESTRING (114.170602 22.313035, 114.170702 22.313053)"
988,590,594,1151084802,1151084825,0,102640453,彌敦道 Nathan Road,primary,True,171.38100000000003,3,,,,,,"LINESTRING (114.170602 22.313035, 114.170579 22.313149, 114.170558 22.313253, 114.170551 22.313284, 114.170476 22.313653, 114.170431 22.313862, 114.170402 22.314004, 114.170393 22.314047, 114.170361 22.314199, 114.170343 22.314287, 114.17032 22.314411, 114.170295 22.31455)"
989,591,615,1151084807,1152660784,0,106149906,亞皆老街 Argyle Street,primary,True,143.909,3,,,,,,"LINESTRING (114.173878 22.320189, 114.17405 22.320222, 114.174206 22.320251, 114.17443 22.320294, 114.174643 22.320334, 114.174677 22.32034, 114.175249 22.320449)"
990,592,87,1151084818,308473185,0,99517984,山東街 Shantung Street,tertiary,True,66.76599999999999,2,,,,,,"LINESTRING (114.169693 22.317427, 114.169665 22.317458, 114.169638 22.317476, 114.169604 22.317487, 114.169567 22.317488, 114.169527 22.317481, 114.169145 22.317407, 114.169078 22.317396)"
991,592,602,1151084818,1151084860,0,1200878747;1200878748;102441821,彌敦道 Nathan Road,primary,True,211.01800000000003,3,,,,,,"LINESTRING (114.169693 22.317427, 114.169659 22.317601, 114.169609 22.317863, 114.169597 22.317927, 114.169587 22.317975, 114.169563 22.318091, 114.169544 22.318186, 114.169535 22.318229, 114.169509 22.318353, 114.169507 22.318366, 114.1695 22.318402, 114.169472 22.31854, 114.169441 22.318692, 114.169415 22.31882, 114.169365 22.319065, 114.169348 22.319144, 114.169338 22.319197, 114.16932 22.319293)"
992,593,590,1151084822,1151084802,0,311890779,彌敦道 Nathan Road,primary,True,9.976,3,,,,,,"LINESTRING (114.170618 22.312947, 114.170602 22.313035)"
993,593,36,1151084822,276373355,0,102640412,窩打老道 Waterloo Road,primary,True,53.788000000000004,3,,,,,,"LINESTRING (114.170618 22.312947, 114.170512 22.312928, 114.170454 22.312917, 114.170105 22.312853)"
994,594,1008,1151084825,1636685663,0,102441830,咸美頓街 Hamilton Street,tertiary,True,10.89,2,,,,,,"LINESTRING (114.170295 22.31455, 114.170399 22.31457)"
995,594,611,1151084825,1151084934,0,102441821,彌敦道 Nathan Road,primary,True,92.004,3,,,,,,"LINESTRING (114.170295 22.31455, 114.170281 22.314629, 114.170229 22.314873, 114.170214 22.314944, 114.170198 22.315014, 114.170141 22.315283, 114.170125 22.315362)"
996,595,211,1151084826,339054415,0,102153180;1159878031,彌敦道 Nathan Road,primary,True,158.14699999999996,2;3,,,,,,"LINESTRING (114.168125 22.325125, 114.16812 22.325158, 114.168117 22.325183, 114.168104 22.32524, 114.16805 22.325491, 114.16802 22.325628, 114.168002 22.325712, 114.167991 22.325764, 114.167972 22.32585, 114.16795 22.325952, 114.167945 22.325974, 114.167881 22.326272, 114.16787 22.326293, 114.16786 22.326319, 114.167831 22.32638, 114.167791 22.326434, 114.167744 22.326489)"
997,596,83,1151084837,308473180,0,1452569827,上海街 Shanghai Street,secondary,True,11.024,3,,,,,,"LINESTRING (114.16943 22.312833, 114.16945 22.312736)"
998,596,1596,1151084837,8201906508,0,947251213;947251214,窩打老道 Waterloo Road,primary,True,61.190000000000005,3,,,,,,"LINESTRING (114.16943 22.312833, 114.169538 22.312851, 114.169744 22.312885, 114.170016 22.31293)"
999,597,112,1151084843,331269944,0,99517976,荔枝角道 Lai Chi Kok Road,primary,True,14.482,3,,,,,,"LINESTRING (114.168657 22.322535, 114.168786 22.322482)"
1000,597,654,1151084843,1161863731,0,1159878033;99517959,彌敦道 Nathan Road,primary,True,159.68299999999996,3,,,,,,"LINESTRING (114.168657 22.322535, 114.168613 22.322743, 114.168557 22.323, 114.168461 22.323451, 114.168384 22.323807, 114.168371 22.323868, 114.168366 22.323888, 114.168355 22.323943)"
1001,598,81,1151084845,308473178,0,263839971,上海街 Shanghai Street,secondary,True,75.015,3,,,,,,"LINESTRING (114.16912 22.314334, 114.169219 22.313869, 114.169236 22.31379, 114.169261 22.313672)"
1002,598,603,1151084845,1151084864,0,1228381072;1228381073;1200878754,咸美頓街 Hamilton Street,tertiary,True,61.892,2,,,,,,"LINESTRING (114.16912 22.314334, 114.169367 22.314378, 114.169614 22.314423, 114.16971 22.31444)"
1003,599,606,1151084846,1151084896,0,1450850065;1450850068;1212555894,窩打老道 Waterloo Road,primary,True,223.666,3,,,,,,"LINESTRING (114.172163 22.31419, 114.172233 22.31428, 114.172507 22.314634, 114.172536 22.314672, 114.172603 22.314763, 114.172783 22.315008, 114.172835 22.315078, 114.173067 22.3154, 114.173157 22.315515, 114.17334 22.315748, 114.173408 22.315838)"
1004,600,75,1151084855,308473171,0,102441822,廣東道 Canton Road,residential,True,92.502,,,,,,,"LINESTRING (114.168188 22.314157, 114.168178 22.314206, 114.168031 22.314906, 114.168017 22.314974)"
1005,600,79,1151084855,308473176,0,102441829,廣東道 Canton Road,residential,True,73.711,,,,,,,"LINESTRING (114.168188 22.314157, 114.168197 22.314113, 114.16831 22.313555, 114.16832 22.313505)"
1006,601,1000,1151084858,1636641375,0,101558264;103020620,何文田街 Ho Man Tin Street;何文田山道 Ho Man Tin Hill Road,residential,False,499.61599999999993,2,,,,,,"LINESTRING (114.174672 22.31737, 114.174748 22.317191, 114.174802 22.317065, 114.174835 22.316986, 114.174845 22.316963, 114.174905 22.316821, 114.17494 22.316738, 114.174949 22.316719, 114.175004 22.316588, 114.175008 22.316581, 114.175054 22.31647, 114.17507 22.316433, 114.175101 22.31636, 114.175106 22.316348, 114.175144 22.316251, 114.175181 22.316159, 114.175294 22.315878, 114.175385 22.315643, 114.17562 22.315069, 114.17564 22.315042, 114.175652 22.315032, 114.175666 22.315031, 114.175753 22.315033, 114.17579 22.31504, 114.17582 22.315053, 114.175849 22.315072, 114.175878 22.3151, 114.175891 22.315126, 114.175892 22.315162, 114.175884 22.315278, 114.175882 22.315308, 114.175908 22.315723, 114.175942 22.316273, 114.17594 22.316325, 114.175929 22.316382, 114.175908 22.316452, 114.175849 22.31658, 114.175748 22.316729, 114.17574 22.316749, 114.175741 22.316762, 114.175748 22.316771, 114.175758 22.316778, 114.175778 22.316786)"
1007,601,998,1151084858,1636641362,0,1212555897,窩打老道 Waterloo Road,primary,True,123.197,3,,,,,,"LINESTRING (114.174672 22.31737, 114.174537 22.317188, 114.174357 22.316946, 114.174142 22.316657, 114.174112 22.316614, 114.174003 22.316451)"
1008,602,92,1151084860,308473192,0,150771591,亞皆老街 Argyle Street,primary,True,67.669,4,,,,,,"LINESTRING (114.16932 22.319293, 114.169243 22.319279, 114.168823 22.319209, 114.16879 22.319203, 114.168766 22.319198, 114.168673 22.319185)"
1009,602,612,1151084860,1151084936,0,980143685;980143686;980143687;980143688;980143689;246481869,彌敦道 Nathan Road,primary,True,173.187,2;3,,,,,,"LINESTRING (114.16932 22.319293, 114.169302 22.31937, 114.169289 22.319433, 114.169279 22.319482, 114.169242 22.319662, 114.169239 22.319675, 114.169207 22.319834, 114.169187 22.319935, 114.16918 22.319971, 114.169158 22.320081, 114.169129 22.320229, 114.169092 22.320378, 114.169061 22.320536, 114.169053 22.320576, 114.169044 22.320613, 114.169038 22.320644, 114.169022 22.32072, 114.169 22.320822)"
1010,603,594,1151084864,1151084825,0,102441825;1228381069;1228381070,咸美頓街 Hamilton Street,tertiary,True,61.391000000000005,2,,,,,,"LINESTRING (114.16971 22.31444, 114.169937 22.314485, 114.170156 22.314528, 114.170176 22.314532, 114.170195 22.314536, 114.170295 22.31455)"
1011,603,78,1151084864,308473175,0,1326370073,砵蘭街 Portland Street,residential,True,91.764,1,,,,,,"LINESTRING (114.16971 22.31444, 114.169569 22.315137, 114.169545 22.315251)"
1012,604,3,1151084876,33004488,0,102640417,彌敦道 Nathan Road,primary,True,9.972,3,,,,,,"LINESTRING (114.170702 22.313053, 114.17072 22.312965)"
1013,604,609,1151084876,1151084917,0,102640432,窩打老道 Waterloo Road,primary,True,66.25200000000001,3,,,,,,"LINESTRING (114.170702 22.313053, 114.170835 22.313077, 114.171274 22.313156, 114.171331 22.313176)"
1014,605,1260,1151084879,3331535680,0,326806354,彌敦道 Nathan Road,primary,True,8.57,3,,,,,,"LINESTRING (114.168762 22.322045, 114.168745 22.322121)"
1015,606,1354,1151084896,4907135612,0,150787095,登打士街 Dundas Street,tertiary,True,52.985,2,,,,,,"LINESTRING (114.173408 22.315838, 114.173368 22.315887, 114.173344 22.315902, 114.173295 22.315907, 114.17293 22.315846)"
1016,606,589,1151084896,1151084790,0,783803781;1212555895,窩打老道 Waterloo Road,primary,True,74.03099999999999,3,,,,,,"LINESTRING (114.173408 22.315838, 114.173485 22.315945, 114.173794 22.316373, 114.173808 22.316392)"
1017,607,79,1151084898,308473176,0,101176344,廣東道 Canton Road,tertiary,True,95.08,,,,,,,"LINESTRING (114.168497 22.312666, 114.16848 22.312756, 114.168335 22.313434, 114.16832 22.313505)"
1018,607,608,1151084898,1151084911,0,101205469,窩打老道 Waterloo Road,primary,True,49.189,3,,,,,,"LINESTRING (114.168497 22.312666, 114.168896 22.31274, 114.168935 22.312747, 114.168966 22.312753)"
1019,608,596,1151084911,1151084837,0,102454124,窩打老道 Waterloo Road,primary,True,48.572,3,,,,,,"LINESTRING (114.168966 22.312753, 114.169065 22.31277, 114.169353 22.312819, 114.16943 22.312833)"
1020,608,80,1151084911,308473177,0,102454133,新填地街 Reclamation Street,secondary,True,94.34,3,,,,,,"LINESTRING (114.168966 22.312753, 114.16895 22.312841, 114.168804 22.313588)"
1021,609,1543,1151084917,6834003674,0,102640429,東方街 Tung Fong Street,residential,True,93.66,1,,,,,,"LINESTRING (114.171331 22.313176, 114.171174 22.314006)"
1022,609,599,1151084917,1151084846,0,102640432,窩打老道 Waterloo Road,primary,True,142.347,3,,,,,,"LINESTRING (114.171331 22.313176, 114.171391 22.313208, 114.171439 22.313244, 114.171474 22.313283, 114.171505 22.313324, 114.17173 22.313623, 114.171858 22.313792, 114.171978 22.313952, 114.172012 22.313997, 114.172163 22.31419)"
1023,610,592,1151084930,1151084818,0,102441821,彌敦道 Nathan Road,primary,True,154.144,3,,,,,,"LINESTRING (114.169976 22.316066, 114.16993 22.316297, 114.169888 22.3165, 114.16988 22.316537, 114.169852 22.316679, 114.169835 22.316763, 114.169824 22.316815, 114.169786 22.317, 114.169769 22.317079, 114.16971 22.317354, 114.169698 22.317407, 114.169693 22.317427)"
1024,611,610,1151084934,1151084930,0,102441821,彌敦道 Nathan Road,primary,True,79.70899999999999,3,,,,,,"LINESTRING (114.170125 22.315362, 114.170106 22.315448, 114.170054 22.31569, 114.170031 22.3158, 114.170002 22.315932, 114.17 22.315945, 114.169976 22.316066)"
1025,612,155,1151084936,332251375,0,101166556,旺角道 Mong Kok Road,secondary,True,11.031,4,,,,,,"LINESTRING (114.169 22.320822, 114.169105 22.320841)"
1026,612,605,1151084936,1151084879,0,980143696;980143697;672011428;279592046,彌敦道 Nathan Road,primary,True,138.251,2;3,,,,,,"LINESTRING (114.169 22.320822, 114.168987 22.320886, 114.168975 22.320944, 114.168968 22.320979, 114.168904 22.321291, 114.168867 22.321465, 114.16885 22.321557, 114.168836 22.321667, 114.168822 22.32174, 114.168818 22.321757, 114.1688 22.32185, 114.168762 22.322045)"
1027,613,873,1152660758,1208936450,0,99696732,亞皆老街 Argyle Street,primary,True,40.23,3,,,,,,"LINESTRING (114.177154 22.321102, 114.177487 22.321292)"
1028,614,613,1152660765,1152660758,0,99696748,窩打老道 Waterloo Road,primary,True,17.483,3,,,,,,"LINESTRING (114.177142 22.320945, 114.177154 22.321102)"
1029,614,446,1152660765,804106904,0,104806429,,primary_link,True,23.713,1,,,,,,"LINESTRING (114.177142 22.320945, 114.177175 22.320854, 114.177184 22.320816, 114.177191 22.320787, 114.177197 22.320739)"
1030,614,1550,1152660765,7177629350,0,1071959715,亞皆老街 Argyle Street,secondary,True,44.977,2,,,,,,"LINESTRING (114.177142 22.320945, 114.177002 22.320881, 114.176802 22.320799, 114.176744 22.320778)"
1031,615,443,1152660784,804106555,0,132105696;99696737;99696747;99696750;132105695,亞皆老街天橋 Argyle Street Flyover,primary,True,597.398,1;2,,,,yes,,"LINESTRING (114.175249 22.320449, 114.175535 22.320469, 114.175845 22.32055, 114.176744 22.320899, 114.177023 22.321017, 114.177311 22.321153, 114.177546 22.321263, 114.177982 22.321473, 114.178398 22.321674, 114.179284 22.322088, 114.180373 22.322619, 114.180484 22.322706)"
1032,615,439,1152660784,804106457,0,442790120;813663016,亞皆老街 Argyle Street,secondary,True,183.936,2,,,,,,"LINESTRING (114.175249 22.320449, 114.175539 22.32053, 114.175659 22.32056, 114.175815 22.3206, 114.175832 22.320606, 114.175981 22.320659, 114.176136 22.320714, 114.176569 22.320879, 114.176927 22.321015)"
1033,616,1550,1152660823,7177629350,0,99696739,,primary_link,True,39.732,1,,,,,,"LINESTRING (114.176894 22.320515, 114.1769 22.320553, 114.176907 22.320648, 114.176898 22.320689, 114.176882 22.320726, 114.176852 22.320753, 114.176744 22.320778)"
1034,616,614,1152660823,1152660765,0,1079194348,窩打老道 Waterloo Road,primary,True,54.595,3,,,,,,"LINESTRING (114.176894 22.320515, 114.177037 22.320718, 114.177069 22.320759, 114.177142 22.320945)"
1035,617,1483,1152660881,6499683002,0,132105697;132105698;99696743;99696753;99696730,亞皆老街天橋 Argyle Street Flyover,primary,True,599.076,1;2,,,,yes,,"LINESTRING (114.180525 22.322576, 114.180407 22.32257, 114.179302 22.322041, 114.178413 22.321623, 114.17801 22.321431, 114.177564 22.321217, 114.177334 22.321106, 114.177046 22.320976, 114.176754 22.320857, 114.175862 22.320506, 114.175553 22.320426, 114.175245 22.320348)"
1036,617,450,1152660881,804107149,0,1205891507;127728435;1205891510;1483677942;813663005,亞皆老街 Argyle Street,secondary,True,256.48199999999997,2;3,,,,,,"LINESTRING (114.180525 22.322576, 114.180359 22.322477, 114.180273 22.322434, 114.180162 22.322384, 114.179898 22.322265, 114.179823 22.322228, 114.179616 22.322127, 114.179538 22.322088, 114.179343 22.321993, 114.179272 22.321959, 114.179195 22.321924, 114.179164 22.32191, 114.179022 22.321846, 114.179004 22.321838, 114.178925 22.321802, 114.178831 22.32176, 114.178705 22.321707, 114.178678 22.321696, 114.178643 22.321681, 114.17845 22.321591, 114.178426 22.321581, 114.178379 22.321556, 114.178312 22.321516)"
1037,618,620,1152803555,1152803568,0,45241118,大埔道 Tai Po Road,primary,True,70.438,2,,,,,,"LINESTRING (114.166574 22.329019, 114.166374 22.329445, 114.16636 22.329471, 114.166295 22.329597)"
1038,618,277,1152803555,420027779,0,103372420,福榮街 Fuk Wing Street,residential,True,63.485,,,,,,,"LINESTRING (114.166574 22.329019, 114.166377 22.329173, 114.166169 22.329336, 114.166103 22.329388)"
1039,619,629,1152803565,1152803606,0,99713778,大埔道 Tai Po Road,residential,True,89.37299999999999,1,,,,,,"LINESTRING (114.167443 22.326966, 114.167532 22.326962, 114.167564 22.326961, 114.167589 22.326966, 114.16761 22.326975, 114.167627 22.326987, 114.167637 22.327001, 114.167642 22.32702, 114.167642 22.327038, 114.167636 22.327056, 114.167509 22.327316, 114.16748 22.327376, 114.167468 22.327393, 114.167454 22.327406, 114.167439 22.327416, 114.167421 22.327423, 114.1674 22.327426, 114.16738 22.327426, 114.167362 22.327422, 114.167345 22.327415, 114.167329 22.327405, 114.167299 22.327378)"
1040,619,1617,1152803565,9197567324,0,898482628,長沙灣道 Cheung Sha Wan Road,primary,True,32.214,4,,,,,,"LINESTRING (114.167443 22.326966, 114.167573 22.326867, 114.16768 22.326777)"
1041,620,861,1152803568,1193696736,0,45241118,大埔道 Tai Po Road,primary,True,68.336,2,,,,,,"LINESTRING (114.166295 22.329597, 114.166027 22.330159)"
1042,621,1320,1152803582,4858064646,0,493965434;100970028,大埔道 Tai Po Road,primary,True,199.044,2;3,,,,,,"LINESTRING (114.166548 22.329264, 114.166648 22.329058, 114.166736 22.328881, 114.16704 22.328255, 114.16712 22.328093, 114.16714 22.32805, 114.167318 22.327681, 114.167341 22.327631)"
1043,622,619,1152803583,1152803565,0,494466064,長沙灣道 Cheung Sha Wan Road,primary,True,17.975,4,,,,,,"LINESTRING (114.167303 22.327062, 114.167443 22.326966)"
1044,623,625,1152803584,1152803591,0,99713771,西洋菜北街 Sai Yeung Choi Street North,residential,False,49.981,,,,,,,"LINESTRING (114.166823 22.329955, 114.166808 22.329985, 114.166619 22.330363)"
1045,623,621,1152803584,1152803582,0,325356056;99713782,西洋菜里 Sai Yeung Choi Lane;西洋菜北街 Sai Yeung Choi Street North,residential,True,117.806,1,,,,,,"LINESTRING (114.166823 22.329955, 114.166841 22.329919, 114.167045 22.32951, 114.167052 22.329493, 114.167055 22.329477, 114.167054 22.329458, 114.167047 22.329441, 114.167034 22.329428, 114.167016 22.329416, 114.166991 22.329407, 114.166594 22.329278, 114.166548 22.329264)"
1046,623,630,1152803584,1152803608,0,325356057,黃竹街 Wong Chuk Street,residential,False,37.806,,,,,,,"LINESTRING (114.166823 22.329955, 114.166856 22.329969, 114.167158 22.330094)"
1047,624,1599,1152803585,8349163524,0,996069438,長沙灣道 Cheung Sha Wan Road,primary,True,13.376,4,,,,,,"LINESTRING (114.16782 22.326624, 114.167891 22.326524)"
1048,625,623,1152803591,1152803584,0,99713771,西洋菜北街 Sai Yeung Choi Street North,residential,False,49.981,,,,,,,"LINESTRING (114.166619 22.330363, 114.166808 22.329985, 114.166823 22.329955)"
1049,626,212,1152803593,339054417,0,99713767,界限街 Boundary Street,primary,True,63.363,1,,,,,,"LINESTRING (114.167913 22.326482, 114.168034 22.32647, 114.168059 22.326469, 114.16816 22.326467, 114.168528 22.326486)"
1050,626,1647,1152803593,10786928815,0,99713784;1159878001,彌敦道 Nathan Road,primary,True,149.74899999999997,3,,,,,,"LINESTRING (114.167913 22.326482, 114.167956 22.326389, 114.167968 22.326351, 114.167981 22.326314, 114.168003 22.326234, 114.168094 22.325822, 114.168112 22.325743, 114.168164 22.325503, 114.168188 22.325389, 114.168216 22.325253, 114.168226 22.325206, 114.168234 22.325171)"
1051,627,623,1152803594,1152803584,0,99713777,黃竹街 Wong Chuk Street,residential,True,57.593,,,,,,,"LINESTRING (114.166312 22.329742, 114.166361 22.329762, 114.16678 22.329937, 114.166823 22.329955)"
1052,627,621,1152803594,1152803582,0,100970028,大埔道 Tai Po Road,primary,True,58.456999999999994,2,,,,,,"LINESTRING (114.166312 22.329742, 114.166414 22.329536, 114.166427 22.329511, 114.166548 22.329264)"
1053,628,618,1152803601,1152803555,0,45241118,大埔道 Tai Po Road,primary,True,53.39,2,,,,,,"LINESTRING (114.16679 22.328582, 114.166574 22.329019)"
1054,628,270,1152803601,420027772,0,151355583,楓樹街 Maple Street,residential,True,48.41,,,,,,,"LINESTRING (114.16679 22.328582, 114.166771 22.328598, 114.166749 22.328606, 114.16672 22.32861, 114.166691 22.328607, 114.166666 22.328595, 114.166642 22.328577, 114.166621 22.328557, 114.166447 22.328362)"
1055,629,622,1152803606,1152803583,0,1015385112,大埔道 Tai Po Road,primary,True,37.387,3,,,,,,"LINESTRING (114.167299 22.327378, 114.167263 22.327294, 114.167248 22.327247, 114.167244 22.327216, 114.167245 22.327184, 114.167254 22.327151, 114.167265 22.327124, 114.167303 22.327062)"
1056,630,623,1152803608,1152803584,0,325356057,黃竹街 Wong Chuk Street,residential,False,37.806,,,,,,,"LINESTRING (114.167158 22.330094, 114.166856 22.329969, 114.166823 22.329955)"
1057,631,1320,1152803609,4858064646,0,99713774,白楊街 Poplar Street,residential,False,62.276999999999994,2,,,,,,"LINESTRING (114.167894 22.327861, 114.167836 22.327836, 114.167805 22.327824, 114.167411 22.32766, 114.167341 22.327631)"
1058,631,985,1152803609,1636543843,0,150771636,西洋菜北街 Sai Yeung Choi Street North,residential,False,156.375,2,,,,,,"LINESTRING (114.167894 22.327861, 114.168507 22.326626, 114.168527 22.326582)"
1059,631,988,1152803609,1636543900,0,1174538829;150771639,西洋菜北街 Sai Yeung Choi Street North,residential,False,43.78,2,,,,,,"LINESTRING (114.167894 22.327861, 114.16783 22.327992, 114.167807 22.328038, 114.167719 22.32822)"
1060,632,864,1152803610,1193696748,0,45241118,大埔道 Tai Po Road,primary,True,77.173,2,,,,,,"LINESTRING (114.167139 22.327142, 114.167136 22.327197, 114.167138 22.327228, 114.167152 22.32728, 114.167173 22.327323, 114.167244 22.327488, 114.167255 22.327525, 114.167257 22.327567, 114.167254 22.327602, 114.167244 22.327642, 114.167226 22.327684, 114.167177 22.327804)"
1061,632,622,1152803610,1152803583,0,99713772,長沙灣道 Cheung Sha Wan Road,primary,True,19.044,3,,,,,,"LINESTRING (114.167139 22.327142, 114.1672 22.327115, 114.167303 22.327062)"
1062,633,1517,1152824573,6705233473,0,102293050;1203105146,汝州街 Yu Chau Street,tertiary,True,205.334,4,,,,,,"LINESTRING (114.166009 22.326417, 114.165897 22.326506, 114.165503 22.326808, 114.165342 22.326931, 114.165312 22.326954, 114.165231 22.327017, 114.165149 22.327079, 114.164562 22.32753, 114.164474 22.327597)"
1063,633,672,1152824573,1162875763,0,1203105153,界限街 Boundary Street,primary,True,28.128,3,,,,,,"LINESTRING (114.166009 22.326417, 114.166161 22.326424, 114.166282 22.326428)"
1064,634,1218,1152824589,2389070853,0,102283606,楓樹街 Maple Street,residential,True,61.269999999999996,2,,,,,,"LINESTRING (114.163689 22.325276, 114.163356 22.324912, 114.163334 22.324889, 114.163304 22.324857)"
1065,634,640,1152824589,1152824625,0,766535120,詩歌舞街 Sycamore Street,tertiary,True,198.743,2,,,,,,"LINESTRING (114.163689 22.325276, 114.163354 22.32555, 114.163325 22.325571, 114.163294 22.325589, 114.16326 22.325604, 114.163225 22.325615, 114.163189 22.325622, 114.163152 22.325626, 114.163116 22.325626, 114.162754 22.325609, 114.162332 22.325587, 114.161891 22.325562)"
1066,634,136,1152824589,332242333,0,102368456;766535122;102368469;935002470,詩歌舞街 Sycamore Street,tertiary,False,182.26300000000003,2;3,,,,,,"LINESTRING (114.163689 22.325276, 114.164093 22.324977, 114.164114 22.324958, 114.164132 22.324937, 114.164146 22.324913, 114.164165 22.324889, 114.16422 22.324634, 114.164242 22.324525, 114.164247 22.324497, 114.164252 22.324472, 114.164284 22.324319, 114.164369 22.323915, 114.164381 22.323859)"
1067,635,640,1152824595,1152824625,0,1203105172,大角咀道 Tai Kok Tsui Road,secondary,True,53.479,4,,,,,,"LINESTRING (114.161898 22.326042, 114.161891 22.325562)"
1068,636,639,1152824596,1152824615,0,435674070,荔枝角道 Lai Chi Kok Road,primary,True,13.345,,,,,,,"LINESTRING (114.163411 22.326261, 114.163308 22.326335)"
1069,636,114,1152824596,331271265,0,1389234592;30149414,界限街 Boundary Street,secondary,True,135.867,2;4,,,,,,"LINESTRING (114.163411 22.326261, 114.163312 22.326267, 114.163266 22.326271, 114.163211 22.326273, 114.163167 22.326273, 114.162419 22.326259, 114.162123 22.326253, 114.16209 22.326252)"
1070,637,634,1152824612,1152824589,0,102283606,楓樹街 Maple Street,residential,True,66.381,2,,,,,,"LINESTRING (114.164107 22.325731, 114.16405 22.325669, 114.163689 22.325276)"
1071,637,636,1152824612,1152824596,0,736516640,荔枝角道 Lai Chi Kok Road,primary,True,92.768,3,,,,,,"LINESTRING (114.164107 22.325731, 114.164003 22.32581, 114.163573 22.326138, 114.163411 22.326261)"
1072,638,772,1152824614,1180709229,0,453470454,界限街 Boundary Street,primary,True,18.006,3,,,,,,"LINESTRING (114.165164 22.326383, 114.165339 22.32639)"
1073,639,783,1152824615,1181846042,0,102368453,界限街 Boundary Street,secondary,True,22.807,,,,,,,"LINESTRING (114.163308 22.326335, 114.163529 22.326317)"
1074,639,1055,1152824615,1641766324,0,151355617,黃竹街 Wong Chuk Street,tertiary,True,13.294,,,,,,,"LINESTRING (114.163308 22.326335, 114.16341 22.326408)"
1075,639,1058,1152824615,1641766332,0,102368458;1389234597,荔枝角道 Lai Chi Kok Road,primary,True,95.894,2;3,,,,,,"LINESTRING (114.163308 22.326335, 114.163114 22.326484, 114.163101 22.326494, 114.162676 22.32682, 114.162646 22.326843, 114.16259 22.326885)"
1076,640,111,1152824625,331258761,0,494485693,大角咀道 Tai Kok Tsui Road,secondary,True,39.024,4,,,,,,"LINESTRING (114.161891 22.325562, 114.161893 22.325452, 114.161896 22.325404, 114.1619 22.325211)"
1077,641,1408,1158360121,5120437769,0,1119856161;1119856139;1119856140;1119856141;37664794;37664795;37664796,梳士巴利道隧道 Salisbury Road Underpass,primary,True,417.738,2,50,,,,yes,"LINESTRING (114.173208 22.294846, 114.173347 22.29483, 114.173462 22.29483, 114.173658 22.294851, 114.173837 22.294882, 114.174041 22.294922, 114.174298 22.294981, 114.174598 22.295067, 114.175074 22.295248, 114.17534 22.295365, 114.175725 22.295579, 114.175944 22.29571, 114.176049 22.295778, 114.176142 22.295842, 114.176411 22.29604, 114.176559 22.296158, 114.176623 22.296209, 114.176677 22.296254, 114.1768 22.296375)"
1078,641,643,1158360121,1158360124,0,1119856162;1120037571;1120037572;1120037573;1120037574;1120037575;102821102,梳士巴利道 Salisbury Road,secondary,True,170.84000000000003,2;3,50,,,,,"LINESTRING (114.173208 22.294846, 114.173341 22.294888, 114.173451 22.294908, 114.173556 22.294922, 114.173736 22.294945, 114.173937 22.294984, 114.17406 22.295011, 114.174212 22.295054, 114.174329 22.295091, 114.174474 22.295136, 114.174579 22.29517, 114.17463 22.295187, 114.174658 22.295196, 114.174732 22.295209, 114.174809 22.295236)"
1079,642,1640,1158360123,10242398454,0,1119856169;1119856163;492848901,梳士巴利道 Salisbury Road,primary,True,48.599999999999994,5;4,,,,,,"LINESTRING (114.173292 22.294679, 114.173221 22.294677, 114.173085 22.29468, 114.17282 22.29466)"
1080,643,12,1158360124,33476510,0,1120037570,梳士巴利道 Salisbury Road,secondary,True,9.626,3,50,,,,,"LINESTRING (114.174809 22.295236, 114.174895 22.29527)"
1081,643,651,1158360124,1158360177,0,100220090,,primary_link,True,37.483,1,50,,,,,"LINESTRING (114.174809 22.295236, 114.174881 22.295211, 114.174915 22.295199, 114.174936 22.29518, 114.17495 22.295152, 114.174951 22.295119, 114.174938 22.295086, 114.174908 22.295034, 114.17488 22.294994)"
1082,644,648,1158360140,1158360165,0,709674330,中間道 Middle Road,tertiary,True,11.008,3,,,,,,"LINESTRING (114.170517 22.295497, 114.170414 22.295526)"
1083,644,1495,1158360140,6670380189,0,100220098,九龍公園徑 Kowloon Park Drive,primary,True,17.948999999999998,2,,,,,,"LINESTRING (114.170517 22.295497, 114.170543 22.295403, 114.170574 22.295346)"
1084,645,1407,1158360142,5120437766,0,245452469,梳士巴利道 Salisbury Road,secondary,True,24.102,2,50,,,,,"LINESTRING (114.175584 22.295669, 114.175667 22.295708, 114.175792 22.29577)"
1085,646,644,1158360147,1158360140,0,709674332,中間道 Middle Road,tertiary,True,17.982,2,,,,,,"LINESTRING (114.170691 22.295504, 114.170644 22.295502, 114.170601 22.295499, 114.170517 22.295497)"
1086,647,432,1158360153,759629913,0,1120037586;1120037587;103020421,漆咸道南 Chatham Road South,secondary,True,181.574,3,,,,,,"LINESTRING (114.175228 22.295667, 114.175238 22.295737, 114.175252 22.295823, 114.175262 22.295886, 114.175452 22.297056, 114.175458 22.297094, 114.175492 22.297281)"
1087,648,649,1158360165,1158360166,0,857204679,九龍公園徑 Kowloon Park Drive,primary,True,43.574,2,,,,,,"LINESTRING (114.170414 22.295526, 114.170303 22.295904)"
1088,649,1521,1158360166,6705233532,0,100220088,,primary_link,True,43.032000000000004,1,,,,,,"LINESTRING (114.170303 22.295904, 114.170305 22.296046, 114.170277 22.296171, 114.170286 22.296234, 114.170312 22.296282)"
1089,649,1097,1158360166,1649047793,0,709674331,九龍公園徑 Kowloon Park Drive,primary,True,41.959,2,,,,,,"LINESTRING (114.170303 22.295904, 114.170245 22.296044, 114.170211 22.296167, 114.170208 22.296208, 114.170205 22.296267)"
1090,650,645,1158360169,1158360142,0,100220096;1120037592,,secondary_link,True,36.499,1,,,,,,"LINESTRING (114.175347 22.295823, 114.175359 22.295753, 114.175382 22.295704, 114.175422 22.295669, 114.175466 22.295657, 114.175523 22.295657, 114.175584 22.295669)"
1091,650,11,1158360169,33476508,0,103020380,漆咸道南 Chatham Road South,secondary,True,38.68,3,,,,,,"LINESTRING (114.175347 22.295823, 114.175318 22.295649, 114.175305 22.295555, 114.175302 22.295478)"
1092,651,642,1158360177,1158360123,0,1120037576;1120037577;1120037578;1120037579;778014090;778014091;441121938;245456506,梳士巴利道 Salisbury Road,primary,True,168.601,3,50,,,,,"LINESTRING (114.17488 22.294994, 114.174645 22.294906, 114.174516 22.294867, 114.174434 22.294844, 114.174316 22.294812, 114.174197 22.294784, 114.174071 22.294756, 114.174033 22.294749, 114.173946 22.294733, 114.173697 22.29469, 114.173619 22.294679, 114.173559 22.294674, 114.173511 22.29467, 114.173468 22.294666, 114.173336 22.294673, 114.173292 22.294679)"
1093,652,653,1161863701,1161863708,0,102149748,塘尾道 Tong Mi Road,primary,True,10.832,2,,,,,,"LINESTRING (114.165202 22.323505, 114.165218 22.323408)"
1094,652,669,1161863701,1161864169,0,100507869;1203105159,太子道西 Prince Edward Road West,primary,True,149.532,3,,,,,,"LINESTRING (114.165202 22.323505, 114.165301 22.323522, 114.166218 22.323687, 114.166354 22.323711, 114.166385 22.323716, 114.166422 22.323722, 114.166631 22.323752)"
1095,653,656,1161863708,1161863778,0,1090416198,太子道西 Prince Edward Road West,tertiary,True,11.682,2,,,,,,"LINESTRING (114.165218 22.323408, 114.165106 22.32339)"
1096,653,141,1161863708,332243007,0,1133373522;746325638,塘尾道 Tong Mi Road,primary,True,110.94,2,,,,,,"LINESTRING (114.165218 22.323408, 114.165243 22.323284, 114.16526 22.323198, 114.165325 22.322866, 114.165342 22.322781, 114.165357 22.322703, 114.165393 22.322585, 114.165456 22.322438)"
1097,654,595,1161863731,1151084826,0,1159878032;996069427,彌敦道 Nathan Road,primary,True,133.543,2,,,,,,"LINESTRING (114.168355 22.323943, 114.168336 22.324036, 114.168322 22.324108, 114.16831 22.324168, 114.168205 22.324661, 114.168125 22.325125)"
1098,654,1277,1161863731,4123241552,0,1117423268,太子道西 Prince Edward Road West,primary,True,29.106,3,,,,,,"LINESTRING (114.168355 22.323943, 114.168248 22.323925, 114.168077 22.323893)"
1099,655,669,1161863736,1161864169,0,102149737,荔枝角道 Lai Chi Kok Road,primary,True,16.288,3,,,,,,"LINESTRING (114.166756 22.323663, 114.166631 22.323752)"
1100,655,653,1161863736,1161863708,0,1203105160;102149740;1326330519,太子道西 Prince Edward Road West,primary,True,160.701,3,,,,,,"LINESTRING (114.166756 22.323663, 114.166674 22.323648, 114.166504 22.323621, 114.166228 22.323575, 114.165416 22.323438, 114.165371 22.323432, 114.165218 22.323408)"
1101,656,661,1161863778,1161863948,0,100507870,塘尾道 Tong Mi Road,primary,True,11.631,4,,,,,,"LINESTRING (114.165106 22.32339, 114.165084 22.323492)"
1102,656,135,1161863778,332241978,0,100507867;102368477,太子道西 Prince Edward Road West;通州街 Tung Chau Street,tertiary,True,334.4,2,,,,,,"LINESTRING (114.165106 22.32339, 114.16497 22.323377, 114.164668 22.323352, 114.164416 22.323342, 114.164223 22.323346, 114.164191 22.323356, 114.164161 22.323372, 114.164136 22.323394, 114.16386 22.323612, 114.163793 22.323666, 114.163442 22.323939, 114.162873 22.324381, 114.162802 22.324437, 114.162408 22.324745)"
1103,657,665,1161863878,1161864092,0,102153174,花園街 Fa Yuen Street,primary_link,True,19.613999999999997,,,,,,,"LINESTRING (114.170096 22.324398, 114.1701 22.324361, 114.170095 22.324315, 114.170078 22.324271, 114.170051 22.324232)"
1104,658,1478,1161863894,6370140879,0,100507087,園藝街 Yuen Ngai Street,residential,True,45.472,,,,,,,"LINESTRING (114.172086 22.325241, 114.17216 22.324886, 114.17217 22.324839)"
1105,658,663,1161863894,1161864003,0,102154216;906154977,花墟道 Flower Market Road;園圃街 Yuen Po Street,residential,True,213.20099999999996,,,,,,,"LINESTRING (114.172086 22.325241, 114.173416 22.325467, 114.173439 22.325469, 114.17346 22.325469, 114.17348 22.325464, 114.173495 22.325455, 114.173505 22.325445, 114.173514 22.325432, 114.173518 22.325418, 114.173519 22.325403, 114.173517 22.325388, 114.173508 22.325365, 114.173341 22.325048, 114.173337 22.325026, 114.173341 22.325004, 114.17336 22.324978, 114.173389 22.324961, 114.173423 22.324955)"
1106,659,1705,1161863901,13311040733,0,996069449,太子道西 Prince Edward Road West,primary,True,12.874,3,,,,,,"LINESTRING (114.169683 22.324169, 114.16956 22.324148)"
1107,659,664,1161863901,1161864048,0,102153175,通菜街 Tung Choi Street,tertiary,True,22.509,,,,,,,"LINESTRING (114.169683 22.324169, 114.169626 22.324188, 114.169578 22.324216, 114.169543 22.324256, 114.16953 22.324297)"
1108,660,664,1161863909,1161864048,0,100507088,太子道西 Prince Edward Road West,primary_link,True,84.827,,,,,,,"LINESTRING (114.168864 22.324029, 114.168852 22.324087, 114.168854 22.324128, 114.168878 22.324166, 114.168924 22.32419, 114.16948 22.324288, 114.16953 22.324297)"
1109,660,667,1161863909,1161864163,0,102153169,太子道西 Prince Edward Road West,primary,True,39.65,4,,,,,,"LINESTRING (114.168864 22.324029, 114.168638 22.323991, 114.168593 22.323983, 114.168485 22.323965)"
1110,661,652,1161863948,1161863701,0,879824008,太子道西 Prince Edward Road West,primary,True,12.203,4,,,,,,"LINESTRING (114.165084 22.323492, 114.165202 22.323505)"
1111,661,311,1161863948,493179429,0,100507864,塘尾道 Tong Mi Road,primary,True,197.037,3,,,,,,"LINESTRING (114.165084 22.323492, 114.165057 22.323605, 114.164866 22.324608, 114.164792 22.324978, 114.164783 22.325027, 114.164742 22.325236)"
1112,662,658,1161863963,1161863894,0,100507096,花墟道 Flower Market Road,residential,True,159.776,,,,,,,"LINESTRING (114.170561 22.32497, 114.172086 22.325241)"
1113,662,1491,1161863963,6610136594,0,150771631,洗衣街 Sai Yee Street,tertiary,True,180.02700000000002,2,,,,,,"LINESTRING (114.170561 22.32497, 114.170549 22.325026, 114.170433 22.325579, 114.170265 22.326415, 114.170263 22.326443, 114.170261 22.326467, 114.170259 22.326495, 114.170257 22.326526, 114.170254 22.326563)"
1114,664,1706,1161864048,13311040737,0,1451368538,通菜街 Tung Choi Street,tertiary,True,37.687000000000005,1,,,,,,"LINESTRING (114.16953 22.324297, 114.169488 22.324494, 114.169476 22.32455, 114.169489 22.32463)"
1115,665,659,1161864092,1161863901,0,246487408,太子道西 Prince Edward Road West,primary,True,38.548,3,,,,,,"LINESTRING (114.170051 22.324232, 114.169773 22.324185, 114.169683 22.324169)"
1116,666,398,1161864158,653112507,0,51189706,砵蘭街 Portland Street,secondary,True,46.763,2,,,,,,"LINESTRING (114.167757 22.324051, 114.167653 22.32446)"
1117,667,1651,1161864163,10786928854,0,246474811,太子道西 Prince Edward Road West,primary,True,7.337,3,,,,,,"LINESTRING (114.168485 22.323965, 114.168415 22.323953)"
1118,667,139,1161864163,332242755,0,246475312,彌敦道 Nathan Road,primary,True,96.361,3,,,,,,"LINESTRING (114.168485 22.323965, 114.168493 22.323909, 114.168497 22.323888, 114.168508 22.323827, 114.168568 22.323545, 114.16858 22.323486, 114.168604 22.323372, 114.168635 22.323227, 114.168659 22.323113)"
1119,668,662,1161864166,1161863963,0,102153178;150771631,洗衣街 Sai Yee Street,tertiary,True,71.26599999999999,2,,,,,,"LINESTRING (114.170665 22.324338, 114.170653 22.324498, 114.17065 22.324538, 114.170561 22.32497)"
1120,668,665,1161864166,1161864092,0,246487408,太子道西 Prince Edward Road West,primary,True,64.177,3,,,,,,"LINESTRING (114.170665 22.324338, 114.170236 22.324264, 114.170194 22.324257, 114.170051 22.324232)"
1121,669,760,1161864169,1178971361,0,680332376,太子道西 Prince Edward Road West,primary,True,17.335,4,,,,,,"LINESTRING (114.166631 22.323752, 114.166728 22.323775, 114.166794 22.32379)"
1122,669,763,1161864169,1178971380,0,150771613;1326330518,荔枝角道 Lai Chi Kok Road,primary,True,185.03900000000002,2,,,,,,"LINESTRING (114.166631 22.323752, 114.16649 22.323838, 114.166376 22.323925, 114.166139 22.324116, 114.166005 22.324226, 114.165768 22.324408, 114.165612 22.32453, 114.165425 22.324679, 114.165275 22.324841)"
1123,670,162,1162875755,332252247,0,316843166,渡船街 Ferry Street,primary,True,92.674,3,,,,,,"LINESTRING (114.166407 22.317756, 114.166528 22.317094, 114.16656 22.316935)"
1124,671,1022,1162875756,1636768949,0,102422598,山東街 Shantung Street,tertiary,True,28.969,2,,,,,,"LINESTRING (114.167323 22.317063, 114.167046 22.317013)"
1125,671,670,1162875756,1162875755,0,30151152;30151186;918730076,奶路臣街 Nelson Street;地士道街 Thistle Street,residential,True,172.12199999999999,,,,,,,"LINESTRING (114.167323 22.317063, 114.167301 22.317158, 114.167153 22.317893, 114.166482 22.31777, 114.16645 22.317764, 114.166407 22.317756)"
1126,672,1481,1162875763,6374553434,0,1203105158,界限街 Boundary Street,primary,True,10.759,3,,,,,,"LINESTRING (114.166282 22.326428, 114.166387 22.326432)"
1127,673,675,1162875765,1162875769,0,102441820,甘芳街 Kam Fong Street,residential,False,88.35600000000001,,,,,,,"LINESTRING (114.167263 22.316085, 114.167297 22.316006, 114.167439 22.315309)"
1128,673,1600,1162875765,8438621459,0,30151248;102441831,德昌街 Tak Cheong Street;豉油街 Soy Street,residential,True,62.79299999999999,1,,,,,,"LINESTRING (114.167263 22.316085, 114.166924 22.31603, 114.166866 22.31598, 114.166848 22.315899, 114.166854 22.315861, 114.166861 22.31581)"
1129,673,164,1162875765,332253310,0,1200878736,豉油街 Soy Street,residential,True,53.226,1,,,,,,"LINESTRING (114.167263 22.316085, 114.167697 22.316163, 114.16777 22.316178)"
1130,674,676,1162875766,1162875771,0,25590008,染布房街 Yim Po Fong Street,secondary,True,12.216000000000001,2,,,,,,"LINESTRING (114.172623 22.319855, 114.17261 22.319887, 114.172602 22.31992, 114.172598 22.319961)"
1131,674,452,1162875766,804107233,0,102548831,亞皆老街 Argyle Street,primary,True,41.471,3,,,,,,"LINESTRING (114.172623 22.319855, 114.172314 22.319794, 114.172228 22.319779)"
1132,675,673,1162875769,1162875765,0,102441820,甘芳街 Kam Fong Street,residential,False,88.35600000000001,,,,,,,"LINESTRING (114.167439 22.315309, 114.167297 22.316006, 114.167263 22.316085)"
1133,676,1545,1162875771,6843885034,0,970658209,亞皆老街 Argyle Street,primary,True,8.517,3,,,,,,"LINESTRING (114.172598 22.319961, 114.172679 22.319976)"
1134,678,790,1166348439,1181846119,0,494730297,元州街 Un Chau Street,secondary,True,77.605,4,,,,,,"LINESTRING (114.165586 22.330524, 114.165221 22.330812, 114.165141 22.330876, 114.16511 22.3309, 114.165012 22.330977)"
1135,679,627,1166348454,1152803594,0,100970028,大埔道 Tai Po Road,primary,True,100.233,2,,,,,,"LINESTRING (114.16587 22.330544, 114.16593 22.330461, 114.16597 22.330402, 114.165996 22.330357, 114.166118 22.330133, 114.166312 22.329742)"
1136,679,681,1166348454,1166348480,0,1015385109,石硤尾街 Shek Kip Mei Street,secondary,True,7.947,3,50,,,,,"LINESTRING (114.16587 22.330544, 114.165844 22.330527, 114.165806 22.330504)"
1137,680,677,1166348471,1166348436,0,1462497094,大埔道 Tai Po Road,primary,True,60.901,2,,,,,,"LINESTRING (114.164348 22.332145, 114.163961 22.33256)"
1138,681,779,1166348480,1181846013,0,100970020,大埔道 Tai Po Road,primary,True,99.743,2,,,,,,"LINESTRING (114.165806 22.330504, 114.165724 22.330606, 114.165556 22.330787, 114.165408 22.330953, 114.165349 22.331024, 114.165267 22.331124, 114.165193 22.331198)"
1139,681,678,1166348480,1166348439,0,1015385109,石硤尾街 Shek Kip Mei Street,secondary,True,23.187,3,50,,,,,"LINESTRING (114.165806 22.330504, 114.16578 22.330497, 114.165756 22.330494, 114.165731 22.330495, 114.165697 22.330498, 114.165659 22.330506, 114.165586 22.330524)"
1140,682,1489,1166348485,6579974310,0,100970022,耀東街 Yiu Tung Street,residential,True,79.499,,,,,,,"LINESTRING (114.166156 22.330842, 114.165566 22.331304)"
1141,682,679,1166348485,1166348454,0,1015385110;100970023,石硤尾街 Shek Kip Mei Street,secondary,True,44.582,4;3,50,,,,,"LINESTRING (114.166156 22.330842, 114.16606 22.330731, 114.165971 22.330627, 114.165949 22.330604, 114.165929 22.330582, 114.16587 22.330544)"
1142,683,1373,1166348488,5101532172,0,103372427,南昌街 Nam Cheong Street,secondary,True,8.264,3,,,,,,"LINESTRING (114.165088 22.331322, 114.165154 22.331363)"
1143,683,680,1166348488,1166348471,0,1462497094,大埔道 Tai Po Road,primary,True,119.101,2,,,,,,"LINESTRING (114.165088 22.331322, 114.165001 22.331413, 114.164749 22.331696, 114.164348 22.332145)"
1144,684,685,1166348496,1166348512,0,1462497096;100970019,巴域街 Berwick Street;北河街 Pei Ho Street,tertiary,True,183.975,2;3,,,,,,"LINESTRING (114.164378 22.332242, 114.16442 22.332262, 114.164473 22.332293, 114.164759 22.332602, 114.164783 22.33261, 114.164822 22.332613, 114.16487 22.332613, 114.164904 22.332566, 114.1655 22.332105, 114.165585 22.332039, 114.165629 22.332006, 114.165719 22.331932)"
1145,684,1373,1166348496,5101532172,0,761430513,大埔道 Tai Po Road,primary,True,126.201,2,,,,,,"LINESTRING (114.164378 22.332242, 114.164705 22.331872, 114.165032 22.331504, 114.16507 22.331462, 114.165154 22.331363)"
1146,685,1252,1166348512,2999564058,0,161049110,巴域街 Berwick Street,tertiary,True,92.40299999999999,2,,,,,,"LINESTRING (114.165719 22.331932, 114.16582 22.331858, 114.165913 22.331787, 114.166287 22.331503, 114.166414 22.331406)"
1147,685,1321,1166348512,4858256070,0,493976816,南昌街 Nam Cheong Street,secondary,True,99.506,3,,,,,,"LINESTRING (114.165719 22.331932, 114.165779 22.332006, 114.165807 22.332038, 114.166131 22.332397, 114.166221 22.332496, 114.166335 22.332622)"
1148,687,670,1168066104,1162875755,0,101176349,塘尾道 Tong Mi Road,primary,True,68.775,3,,,,,,"LINESTRING (114.166286 22.318364, 114.166407 22.317756)"
1149,688,784,1168066109,1181846056,0,101176347,塘尾道 Tong Mi Road,primary,True,153.112,3,,,,,,"LINESTRING (114.166039 22.318815, 114.166017 22.318907, 114.166001 22.318972, 114.165973 22.319102, 114.165802 22.319966, 114.165794 22.320008, 114.165766 22.320168)"
1150,689,140,1168066118,332243003,0,673751587,塘尾道 Tong Mi Road,primary,True,11.321,3,,,,,,"LINESTRING (114.166174 22.318827, 114.166197 22.318727)"
1151,689,1257,1168066118,3230280999,0,101176351,亞皆老街 Argyle Street,tertiary,True,155.867,2,,,,,,"LINESTRING (114.166174 22.318827, 114.166755 22.318933, 114.16719 22.319014, 114.167506 22.319052, 114.167546 22.31906, 114.167635 22.319076, 114.167664 22.319081)"
1152,690,692,1168183627,1168183668,0,101183517,康樂街 Hong Lok Street,residential,True,67.60799999999999,1,,,,,,"LINESTRING (114.168086 22.320686, 114.16811 22.320571, 114.168124 22.320505, 114.168196 22.320131, 114.168205 22.320088)"
1153,690,159,1168183627,332251500,0,988324877;988324878,旺角道 Mong Kok Road,secondary,True,34.093,4,,,,,,"LINESTRING (114.168086 22.320686, 114.168284 22.320706, 114.168305 22.320708, 114.168332 22.320714, 114.168415 22.320728)"
1154,691,1232,1168183637,2639744195,0,258741148,旺角道 Mong Kok Road,primary,True,10.194,3,,,,,,"LINESTRING (114.171284 22.32127, 114.171382 22.321287)"
1155,691,28,1168183637,275945763,0,102548815,洗衣街 Sai Yee Street,secondary,True,128.086,2,,,,,,"LINESTRING (114.171284 22.32127, 114.171272 22.321331, 114.171171 22.32183, 114.171066 22.322349, 114.171055 22.322402)"
1156,692,693,1168183668,1168183728,0,101183517,康樂街 Hong Lok Street,residential,True,107.45200000000001,1,,,,,,"LINESTRING (114.168205 22.320088, 114.168215 22.320036, 114.168377 22.31925, 114.168383 22.319215, 114.168398 22.319138)"
1157,692,697,1168183668,1168183745,0,101183524,快富街 Fife Street,residential,True,28.267,1,,,,,,"LINESTRING (114.168205 22.320088, 114.167993 22.320049, 114.167935 22.320038)"
1158,693,91,1168183728,308473191,0,311890775,亞皆老街 Argyle Street,primary,True,27.807,5,,,,,,"LINESTRING (114.168398 22.319138, 114.168279 22.319121, 114.168225 22.319113, 114.168182 22.319104, 114.168132 22.319094)"
1159,694,1553,1168183731,7202626698,0,494707344;102554241;101183518;101183511,旺角道 Mong Kok Road;西洋菜南街 Sai Yeung Choi Street South,tertiary,True,182.96699999999996,1;3,,,,,,"LINESTRING (114.169565 22.32092, 114.1696 22.320918, 114.169642 22.320904, 114.169676 22.320881, 114.169683 22.32083, 114.169733 22.320577, 114.16974 22.320542, 114.16976 22.320445, 114.169766 22.32042, 114.169777 22.320366, 114.16979 22.320308, 114.169812 22.320201, 114.169838 22.320079, 114.169849 22.320031, 114.169851 22.320018, 114.169881 22.319876, 114.169901 22.319784, 114.169918 22.319702, 114.169909 22.319638, 114.16992 22.319573, 114.169928 22.319535, 114.169936 22.319481, 114.169933 22.319448, 114.169917 22.319416, 114.169885 22.319389)"
1160,694,156,1168183731,332251377,0,101166558;783803775,旺角道 Mong Kok Road,primary,True,66.64699999999999,3,,,,,,"LINESTRING (114.169565 22.32092, 114.169632 22.320945, 114.169706 22.320975, 114.169781 22.321, 114.169967 22.321033, 114.170188 22.321073)"
1161,695,692,1168183735,1168183668,0,101183524,快富街 Fife Street,residential,True,34.167,1,,,,,,"LINESTRING (114.168531 22.320146, 114.168468 22.320135, 114.168275 22.3201, 114.168205 22.320088)"
1162,696,122,1168183739,332231898,0,102411824,櫻桃街 Cherry Street,primary,True,22.485,4,,,,,,"LINESTRING (114.163321 22.318408, 114.163129 22.318311)"
1163,696,52,1168183739,288991776,0,102411833,海泓道 Hoi Wang Road,tertiary,True,37.730000000000004,3,,,,,,"LINESTRING (114.163321 22.318408, 114.163353 22.318307, 114.163423 22.318082)"
1164,697,91,1168183745,308473191,0,1451666174,上海街 Shanghai Street,secondary,True,106.90299999999999,3,,,,,,"LINESTRING (114.167935 22.320038, 114.168007 22.319699, 114.168101 22.31924, 114.168107 22.319215, 114.168132 22.319094)"
1165,699,715,1168315919,1168380684,0,101205473,渡船街 Ferry Street,trunk_link,True,53.694,1,,,,,,"LINESTRING (114.166962 22.312828, 114.166911 22.312883, 114.166858 22.312939, 114.166787 22.313026, 114.166711 22.313122, 114.166646 22.313211)"
1166,699,708,1168315919,1168315988,0,876114723;832141438;876114727,渡船街 Ferry Street,primary,True,363.27299999999997,2;1,,,,,,"LINESTRING (114.166962 22.312828, 114.166745 22.314642, 114.16673 22.314729, 114.166679 22.315076, 114.166556 22.315776, 114.166506 22.316066)"
1167,700,1671,1168315922,11256303653,0,1214916620,渡船街 Ferry Street,primary,True,4.52,3,,,,,,"LINESTRING (114.166824 22.315325, 114.166832 22.315285)"
1168,701,175,1168315927,334648625,0,101515901;1299955117,麗翔道 Lai Cheung Road,primary,True,35.888999999999996,3,,,,,,"LINESTRING (114.166651 22.312405, 114.166702 22.312414, 114.166894 22.312442, 114.166946 22.312448, 114.166996 22.312452)"
1169,702,707,1168315940,1168315980,0,494485692,南昌街 Nam Cheong Street,secondary,True,24.740000000000002,2,,,,,,"LINESTRING (114.160816 22.326264, 114.160807 22.326214, 114.160806 22.326144, 114.160807 22.326042)"
1170,702,635,1168315940,1152824595,0,1327259713;1327259714;101193773;99716383,界限街 Boundary Street;大角咀道 Tai Kok Tsui Road,tertiary,True,122.06500000000001,2,,,,,,"LINESTRING (114.160816 22.326264, 114.161081 22.326269, 114.16129 22.326194, 114.161711 22.32621, 114.161748 22.326206, 114.16178 22.326192, 114.161803 22.326176, 114.161816 22.326167, 114.161843 22.326142, 114.161898 22.326042)"
1171,703,187,1168315946,334650656,0,101193778,麗翔道 Lai Cheung Road,trunk_link,True,77.947,2,,,,,,"LINESTRING (114.164008 22.311981, 114.164114 22.311962, 114.164247 22.311941, 114.164385 22.311918, 114.164463 22.311909, 114.164541 22.311907, 114.164602 22.311909, 114.164636 22.311915, 114.164758 22.311931)"
1172,703,712,1168315946,1168316017,0,282735510,麗翔道 Lai Cheung Road,trunk_link,True,34.403,2,,,,,,"LINESTRING (114.164008 22.311981, 114.164086 22.311993, 114.164143 22.311999, 114.16424 22.312015, 114.164336 22.31204)"
1173,704,707,1168315954,1168315980,0,101193781,通州街 Tung Chau Street,tertiary,True,34.56,2,,,,,,"LINESTRING (114.160546 22.326237, 114.160596 22.3262, 114.160706 22.326118, 114.160807 22.326042)"
1174,704,702,1168315954,1168315940,0,494501695,界限街 Boundary Street,tertiary,True,28.419,1,,,,,,"LINESTRING (114.160546 22.326237, 114.160588 22.326256, 114.160643 22.326265, 114.160732 22.326264, 114.160762 22.326264, 114.160816 22.326264)"
1175,705,723,1168315964,1172166343,0,101193767,麗翔道 Lai Cheung Road,primary,True,11.065,1,,,,,,"LINESTRING (114.164731 22.312088, 114.164741 22.31209, 114.164837 22.312105)"
1176,705,729,1168315964,1172166386,0,101515883,海泓道 Hoi Wang Road,tertiary,True,38.583,3,,,,,,"LINESTRING (114.164731 22.312088, 114.164706 22.312217, 114.16466 22.312429)"
1177,706,701,1168315967,1168315927,0,101193740,麗翔道 Lai Cheung Road,primary_link,True,43.287000000000006,1,,,,,,"LINESTRING (114.166261 22.312261, 114.166315 22.31228, 114.166342 22.312289, 114.166422 22.312316, 114.166492 22.31234, 114.166532 22.312356, 114.166651 22.312405)"
1178,706,176,1168315967,334648626,0,101193768,麗翔道 Lai Cheung Road,primary_link,True,10.861,1,,,,,,"LINESTRING (114.166261 22.312261, 114.166326 22.312236, 114.166358 22.312223)"
1179,707,111,1168315980,331258761,0,30150125,通州街 Tung Chau Street,secondary,True,145.584,3,,,,,,"LINESTRING (114.160807 22.326042, 114.161594 22.32544, 114.161648 22.3254, 114.161698 22.325361, 114.161765 22.32531, 114.1619 22.325211)"
1180,708,793,1168315988,1182950283,0,890077777;890077778,渡船街 Ferry Street,primary,True,94.398,3,,,,,,"LINESTRING (114.166506 22.316066, 114.166467 22.316327, 114.166395 22.316809, 114.16638 22.316907)"
1181,709,1057,1168316001,1641766330,0,1203105164,海壇街 Hai Tan Street,secondary,True,21.86,3,,,,,,"LINESTRING (114.161055 22.326574, 114.160895 22.326703)"
1182,709,702,1168316001,1168315940,0,781684628,南昌街 Nam Cheong Street,secondary,True,42.79800000000001,3,,,,,,"LINESTRING (114.161055 22.326574, 114.160983 22.326494, 114.160873 22.326373, 114.160855 22.326351, 114.160833 22.326314, 114.160816 22.326264)"
1183,710,607,1168316008,1151084898,0,101205469,窩打老道 Waterloo Road,primary,True,107.76999999999998,3,,,,,,"LINESTRING (114.167466 22.312498, 114.167571 22.312515, 114.168042 22.312589, 114.168143 22.312605, 114.168227 22.312618, 114.168384 22.312643, 114.168427 22.31265, 114.168497 22.312666)"
1184,711,175,1168316016,334648625,0,101205472,渡船街 Ferry Street,primary,True,12.937,2,,,,,,"LINESTRING (114.167003 22.312336, 114.166996 22.312452)"
1185,711,142,1168316016,332243088,0,101205479,麗翔道 Lai Cheung Road,primary_link,True,29.546999999999997,3,,,,,,"LINESTRING (114.167003 22.312336, 114.167083 22.312342, 114.167164 22.312339, 114.167228 22.312322, 114.167275 22.31229)"
1186,712,729,1168316017,1172166386,0,101193755,麗翔道 Lai Cheung Road,trunk_link,True,56.46300000000001,1,,,,,,"LINESTRING (114.164336 22.31204, 114.164448 22.312107, 114.164514 22.312163, 114.164569 22.312225, 114.164574 22.312233, 114.164582 22.312245, 114.164594 22.312262, 114.164597 22.312267, 114.164608 22.312296, 114.164618 22.312321, 114.16466 22.312429)"
1187,712,705,1168316017,1168315964,0,282735512,麗翔道 Lai Cheung Road,trunk_link,True,40.929,1,,,,,,"LINESTRING (114.164336 22.31204, 114.164568 22.312067, 114.164643 22.312076, 114.164731 22.312088)"
1188,713,146,1168380653,332246270,0,706422882;1299955103,渡船街 Ferry Street,primary_link,True,28.429,1,,,,,,"LINESTRING (114.16751 22.312385, 114.167454 22.312313, 114.167436 22.312287, 114.167427 22.312272, 114.167414 22.312252, 114.167393 22.312217, 114.167379 22.312194, 114.167364 22.312168)"
1189,713,142,1168380653,332243088,0,1299955104;706423403,窩打老道 Waterloo Road,primary,True,26.578,2,,,,,,"LINESTRING (114.16751 22.312385, 114.167406 22.312325, 114.167384 22.312318, 114.167341 22.312307, 114.167275 22.31229)"
1190,713,175,1168380653,334648625,0,1299955105;637224292,窩打老道 Waterloo Road,primary_link,True,55.12199999999999,2,,,,,,"LINESTRING (114.16751 22.312385, 114.167384 22.312389, 114.167365 22.312386, 114.167326 22.312379, 114.167231 22.312372, 114.167149 22.312378, 114.167093 22.312395, 114.167062 22.312415, 114.166996 22.312452)"
1191,714,1487,1168380668,6550920169,0,643062635;807687165,翺翔道 Ngo Cheung Road,primary,True,71.93599999999999,2,,,,,,"LINESTRING (114.166628 22.31218, 114.166588 22.312171, 114.166558 22.312164, 114.166466 22.312144, 114.166391 22.312127, 114.166365 22.312121, 114.166294 22.312104, 114.16616 22.312074, 114.166041 22.312048, 114.165949 22.312027)"
1192,715,1598,1168380684,8272842739,0,889999458;704283236;890077780,渡船街 Ferry Street,trunk_link,True,249.48100000000002,2;1,,,,,,"LINESTRING (114.166646 22.313211, 114.166592 22.313847, 114.16648 22.315061, 114.166483 22.315274, 114.166502 22.315448)"
1193,716,18,1168380691,274243087,0,1299955108;1299955109;101205481;30150577;868666681,渡船街 Ferry Street,trunk_link,True,372.405,2,50;70,,,viaduct,,"LINESTRING (114.167071 22.312926, 114.167201 22.312304, 114.167211 22.312246, 114.167357 22.311442, 114.167474 22.310705, 114.167547 22.310312, 114.167659 22.309946, 114.167765 22.309816, 114.167792 22.309782, 114.167866 22.309692)"
1194,716,1701,1168380691,13108528108,0,1448405601;1299955107;493744605;704283239,加士居道天橋 Gascoigne Road Flyover,trunk,True,365.894,2;1,50,5,,viaduct,,"LINESTRING (114.167071 22.312926, 114.167109 22.312287, 114.167153 22.311999, 114.16724 22.311466, 114.167327 22.310993, 114.16742 22.310506, 114.167451 22.310347, 114.16748 22.310252, 114.167522 22.310122, 114.167537 22.31008, 114.167583 22.309983, 114.167632 22.309901, 114.167697 22.309816, 114.167769 22.309738)"
1195,717,1241,1168421045,2863929182,0,492427752,海帆道 Hoi Fan Road,residential,False,9.348,2,,,,,,"LINESTRING (114.15661 22.320363, 114.156695 22.320333)"
1196,717,58,1168421045,288995220,0,879823972;282458862;492429278;282458863,海輝道 Hoi Fai Road,tertiary,True,154.516,2;3,,,,,,"LINESTRING (114.15661 22.320363, 114.156746 22.320617, 114.156797 22.320699, 114.15684 22.320762, 114.156936 22.320892, 114.157002 22.320971, 114.157076 22.321047, 114.157258 22.321211, 114.157289 22.321243, 114.157324 22.321286, 114.157435 22.321458, 114.157457 22.321498)"
1197,717,60,1168421045,288996506,0,1037081185;282868453,海帆道 Hoi Fan Road,residential,False,424.64099999999996,2,,,,,,"LINESTRING (114.15661 22.320363, 114.156572 22.32038, 114.156515 22.320408, 114.156444 22.320442, 114.156334 22.3205, 114.156218 22.320576, 114.156106 22.320651, 114.156044 22.320696, 114.155922 22.320799, 114.155792 22.320951, 114.155758 22.320991, 114.155653 22.321153, 114.15556 22.321295, 114.155502 22.321386, 114.155402 22.321534, 114.155321 22.321658, 114.155251 22.321764, 114.154887 22.322372, 114.15485 22.322467, 114.154832 22.322544, 114.154829 22.322704, 114.154846 22.322841, 114.154865 22.322948, 114.154932 22.323058, 114.155048 22.323212, 114.155266 22.323434)"
1198,718,1199,1169220172,1864490832,0,34360956,何東道 Ho Tung Road,residential,True,255.38899999999998,,,,,,,"LINESTRING (114.179712 22.32702, 114.179721 22.327129, 114.179747 22.327624, 114.179761 22.32766, 114.179785 22.327691, 114.179817 22.327715, 114.179855 22.32773, 114.179896 22.327736, 114.180293 22.327718, 114.18035 22.327719, 114.180403 22.327736, 114.180448 22.327767, 114.18048 22.327809, 114.180497 22.327859, 114.180542 22.328643, 114.180543 22.328676, 114.180546 22.32873)"
1199,718,307,1169220172,484136468,0,493988957,界限街 Boundary Street,primary,True,60.707,4,,,,,,"LINESTRING (114.179712 22.32702, 114.180244 22.327042, 114.180275 22.327043, 114.180302 22.327044)"
1200,719,18,1171655922,274243087,0,706422880,渡船街 Ferry Street,primary,True,23.827,2,,,,,,"LINESTRING (114.16785 22.309906, 114.167866 22.309692)"
1201,719,942,1171655922,1624950141,0,102506128,眾坊街 Public Square Street,tertiary,True,22.61,2,,,,,,"LINESTRING (114.16785 22.309906, 114.167878 22.309845, 114.167928 22.309797, 114.168001 22.309775)"
1202,720,1549,1172166298,7112890483,0,451817427,欣翔道 Yan Cheung Road,trunk_link,True,46.594,1,,,,,,"LINESTRING (114.166819 22.308974, 114.166892 22.309024, 114.16693 22.309056, 114.16696 22.309097, 114.166994 22.309178, 114.167003 22.309328)"
1203,720,1367,1172166298,5035159635,0,807685683,欣翔道 Yan Cheung Road,tertiary,True,42.093,2,,,,,,"LINESTRING (114.166819 22.308974, 114.166972 22.309008, 114.16712 22.309056, 114.167212 22.309077)"
1204,721,724,1172166308,1172166352,0,101515907,海庭道 Hoi Ting Road,tertiary_link,True,43.229,1,,,,,,"LINESTRING (114.163278 22.317022, 114.163404 22.317167, 114.16343 22.317194, 114.163492 22.31735)"
1205,722,723,1172166339,1172166343,0,706225986;946831547,海泓道 Hoi Wang Road,tertiary,True,29.234,3,,,,,,"LINESTRING (114.1648 22.312364, 114.164795 22.312309, 114.164822 22.312171, 114.164837 22.312105)"
1206,722,185,1172166339,334650573,0,30343571;946831548,麗翔道 Lai Cheung Road,primary_link,True,45.813,1,,,,,,"LINESTRING (114.1648 22.312364, 114.164876 22.31233, 114.164882 22.312323, 114.164889 22.312315, 114.164897 22.312305, 114.164906 22.312294, 114.164914 22.312284, 114.16493 22.312268, 114.164944 22.312253, 114.16501 22.312216, 114.165063 22.312188, 114.165174 22.312156)"
1207,723,185,1172166343,334650573,0,101515904,麗翔道 Lai Cheung Road,primary,True,35.111000000000004,1,,,,,,"LINESTRING (114.164837 22.312105, 114.164899 22.312116, 114.164949 22.312124, 114.164982 22.312129, 114.165174 22.312156)"
1208,723,727,1172166343,1172166367,0,101515910,海泓道 Hoi Wang Road,tertiary,True,17.375,3,,,,,,"LINESTRING (114.164837 22.312105, 114.164856 22.31199, 114.164865 22.311951)"
1209,724,51,1172166352,288991742,0,1365530021;30149029,海泓道 Hoi Wang Road,tertiary,True,118.019,4;3,,,,,,"LINESTRING (114.163492 22.31735, 114.163438 22.317518, 114.163356 22.317687, 114.163255 22.317815, 114.163118 22.317937, 114.162985 22.318019, 114.162953 22.318038, 114.162787 22.318139)"
1210,725,720,1172166362,1172166298,0,807685683;492420575,欣翔道 Yan Cheung Road,tertiary,True,44.467,2,,,,,,"LINESTRING (114.166388 22.308952, 114.166442 22.308952, 114.166514 22.308953, 114.166632 22.308952, 114.166819 22.308974)"
1211,725,143,1172166362,332245888,0,1193775448;643059476,友翔道 Yau Cheung Road,residential,False,115.07000000000001,2,,,,,,"LINESTRING (114.166388 22.308952, 114.16638 22.309057, 114.166379 22.3091, 114.166355 22.309396, 114.166348 22.309499, 114.166341 22.309589, 114.166338 22.309646, 114.166333 22.309739, 114.166316 22.309868, 114.166308 22.309984)"
1212,726,1721,1172166366,13591799735,0,101515891,海庭道 Hoi Ting Road,tertiary_link,True,45.021,1,,,,,,"LINESTRING (114.164622 22.312644, 114.16453 22.312738, 114.1645 22.312762, 114.16445 22.312801, 114.164434 22.312812, 114.164388 22.312837, 114.164339 22.312856, 114.164273 22.312872)"
1213,726,1718,1172166366,13395196301,0,492422297;1460505993;1482084005;1460505986,海泓道 Hoi Wang Road,tertiary,True,60.664,2;1,,,,,,"LINESTRING (114.164622 22.312644, 114.164601 22.312745, 114.164588 22.312803, 114.16456 22.312924, 114.164546 22.312984, 114.164525 22.313076, 114.164517 22.313113, 114.164543 22.313175)"
1214,727,1456,1172166367,6052475832,0,255228538,海泓道 Hoi Wang Road,tertiary,True,7.576,2,,,,,,"LINESTRING (114.164865 22.311951, 114.164871 22.311883)"
1215,727,1492,1172166367,6611647472,0,807687161;101515874;807687163;946831540,麗翔道 Lai Cheung Road,secondary,True,98.66,2,,,,,,"LINESTRING (114.164865 22.311951, 114.164987 22.311972, 114.165165 22.312003, 114.165414 22.312044, 114.165451 22.312051, 114.165552 22.312067, 114.165809 22.312103)"
1216,728,722,1172166382,1172166339,0,706225987;946831549,海泓道 Hoi Wang Road,tertiary,True,34.509,4,,,,,,"LINESTRING (114.164734 22.312668, 114.164765 22.312526, 114.1648 22.312364)"
1217,729,726,1172166386,1172166366,0,492422296;888415719,海泓道 Hoi Wang Road,tertiary,True,24.208,3,,,,,,"LINESTRING (114.16466 22.312429, 114.164647 22.312508, 114.164622 22.312644)"
1218,730,814,1172757415,1185400587,0,102640468,彌敦道 Nathan Road,secondary,True,11.01,3,,,,,,"LINESTRING (114.171384 22.308499, 114.171391 22.3084)"
1219,730,968,1172757415,1625210019,0,102640460,加士居道 Gascoigne Road,secondary,True,86.761,1,,,,,,"LINESTRING (114.171384 22.308499, 114.1715 22.308507, 114.171724 22.308523, 114.171812 22.308523, 114.17189 22.308504, 114.171965 22.308475, 114.172041 22.308439, 114.172111 22.308396, 114.172175 22.308348)"
1220,731,1119,1172757469,1649048966,0,1047599017;1047599018;771547293,都會道 Metropolis Drive,tertiary,True,37.951,2,,,,viaduct,,"LINESTRING (114.183178 22.302146, 114.183116 22.302032, 114.183076 22.301988, 114.183052 22.301978, 114.18302 22.301974, 114.182997 22.301971, 114.182967 22.301971, 114.182911 22.30198)"
1221,732,738,1172757532,1172757812,0,101558246,萬安街 Man On Street,residential,True,103.13000000000001,,,,,,,"LINESTRING (114.161399 22.32321, 114.161386 22.324092, 114.161386 22.324138)"
1222,733,216,1172757541,384147522,0,101558278,紅磡繞道 Hung Hom Bypass,primary_link,True,9.778,2,,,,yes,,"LINESTRING (114.184164 22.302222, 114.18408 22.302181)"
1223,733,744,1172757541,1172757984,0,101558249;1237546161,紅磡繞道 Hung Hom Bypass,primary_link,True,28.014,1,50,,,yes,,"LINESTRING (114.184164 22.302222, 114.184218 22.302184, 114.184249 22.302159, 114.184279 22.302132, 114.184316 22.302088, 114.18435 22.302041)"
1224,734,115,1172757683,332227469,0,101558271,大角咀道 Tai Kok Tsui Road,tertiary,True,125.14900000000002,2,,,,,,"LINESTRING (114.162046 22.320472, 114.162058 22.320315, 114.162072 22.320211, 114.162082 22.32016, 114.162146 22.319874, 114.162163 22.319815, 114.162185 22.319759, 114.162241 22.319614, 114.162247 22.319598, 114.162272 22.319548, 114.162308 22.319494, 114.162384 22.319411)"
1225,734,1035,1172757683,1640472868,0,250785631,晏架街 Anchor Street,tertiary,True,50.25,1,,,,,,"LINESTRING (114.162046 22.320472, 114.162497 22.320395, 114.162526 22.32039)"
1226,735,800,1172757712,1183787459,0,102506141,眾坊街 Public Square Street,residential,False,33.757000000000005,2,,,,,,"LINESTRING (114.171555 22.310329, 114.171334 22.310292, 114.171232 22.310279)"
1227,736,745,1172757772,1172757991,0,101558262,紅磡繞道 Hung Hom Bypass,primary_link,True,24.305,1,50,,,yes,,"LINESTRING (114.184067 22.30201, 114.184033 22.302051, 114.184018 22.302074, 114.183922 22.302182)"
1228,736,216,1172757772,384147522,0,1166188344,紅磡繞道 Hung Hom Bypass,primary_link,True,19.213,2,50,,,yes,,"LINESTRING (114.184067 22.30201, 114.184082 22.302079, 114.184079 22.302107, 114.18408 22.302181)"
1229,737,1018,1172757801,1636768934,0,102506130,彌敦道 Nathan Road,primary,True,103.83800000000001,3,,,,,,"LINESTRING (114.171017 22.310922, 114.170958 22.31122, 114.170934 22.311342, 114.170924 22.311396, 114.170909 22.31147, 114.170898 22.311525, 114.170896 22.311538, 114.170863 22.311705, 114.170853 22.311752, 114.170835 22.31184)"
1230,738,1643,1172757812,10256441404,0,101558248,福利街 Fuk Lee Street,residential,False,18.773,2,,,,,,"LINESTRING (114.161386 22.324138, 114.161568 22.324137)"
1231,738,1050,1172757812,1640472919,0,101558302,福利街 Fuk Lee Street,residential,False,41.464,2,,,,,,"LINESTRING (114.161386 22.324138, 114.160983 22.32414)"
1232,739,1045,1172757887,1640472897,0,151226289,中匯街 Chung Wui Street,residential,False,38.701,2,,,,,,"LINESTRING (114.159975 22.322505, 114.160291 22.322509, 114.160351 22.32251)"
1233,740,1079,1172757924,1642184439,0,151396668,溫思勞街 Winslow Street,secondary,True,127.91900000000001,2,,,,,,"LINESTRING (114.1834 22.306018, 114.183506 22.30615, 114.183526 22.306182, 114.183539 22.306216, 114.183544 22.306251, 114.183545 22.306289, 114.183539 22.306325, 114.183525 22.306359, 114.183506 22.306391, 114.183481 22.30642, 114.183433 22.306454, 114.183328 22.306516, 114.182941 22.306744, 114.182902 22.306766, 114.182861 22.306806)"
1234,741,218,1172757927,384148134,0,757842002;1207333540;1207333542,紅磡繞道 Hung Hom Bypass,primary,True,148.47,2;3,50,,,yes,,"LINESTRING (114.184276 22.303731, 114.184291 22.303586, 114.184298 22.303501, 114.184313 22.303311, 114.184323 22.303181, 114.184334 22.303045, 114.184338 22.302473, 114.184338 22.302398)"
1235,741,1697,1172757927,12820434399,0,33613816;888170978;1237546163,紅磡繞道 Hung Hom Bypass,primary_link,True,482.68800000000005,1,50,,,viaduct;yes,,"LINESTRING (114.184276 22.303731, 114.184325 22.303602, 114.184351 22.303504, 114.184396 22.303314, 114.184422 22.303173, 114.184436 22.303061, 114.18444 22.301786, 114.184442 22.301739, 114.184446 22.301692, 114.184452 22.301654, 114.184463 22.301614, 114.184476 22.301574, 114.184495 22.301535, 114.184514 22.301502, 114.184538 22.301465, 114.184565 22.301433, 114.184596 22.301401, 114.184631 22.301372, 114.184667 22.301346, 114.184703 22.301325, 114.184742 22.301307, 114.184784 22.30129, 114.184827 22.301277, 114.184872 22.301268, 114.184917 22.301264, 114.18496 22.301262, 114.185004 22.301264, 114.185045 22.30127, 114.185086 22.301278, 114.18513 22.301292, 114.185171 22.301307, 114.185211 22.301325, 114.185317 22.301386, 114.185456 22.301475, 114.185543 22.301537, 114.185634 22.301607, 114.185706 22.301667, 114.18579 22.301742, 114.185839 22.301786, 114.185906 22.30185, 114.186223 22.30219, 114.186268 22.302229)"
1236,742,746,1172757980,1172757994,0,151226328,大角咀道 Tai Kok Tsui Road,tertiary,True,62.553000000000004,2,,,,,,"LINESTRING (114.161925 22.321967, 114.161918 22.322414, 114.161917 22.32253)"
1237,743,737,1172757982,1172757801,0,102506135,永星里 Wing Sing Lane,tertiary,True,47.088,2,,,,,,"LINESTRING (114.17057 22.310834, 114.170933 22.310896, 114.170994 22.310912, 114.171011 22.310917, 114.171017 22.310922)"
1238,744,31,1172757984,276169638,0,85404143;441937739;891843003;1384347583,紅磡繞道 Hung Hom Bypass,primary_link,True,427.50499999999994,2;1,50,,,yes,,"LINESTRING (114.18435 22.302041, 114.184354 22.301955, 114.184353 22.301643, 114.184348 22.301514, 114.184344 22.301419, 114.184338 22.301349, 114.184332 22.301288, 114.184324 22.301212, 114.184315 22.301146, 114.184299 22.301056, 114.184283 22.300971, 114.184255 22.30085, 114.184232 22.300758, 114.184208 22.30068, 114.184178 22.300595, 114.184152 22.300528, 114.184118 22.300457, 114.184083 22.300391, 114.184042 22.300326, 114.183992 22.300254, 114.183943 22.300192, 114.183891 22.300136, 114.183839 22.300084, 114.183781 22.300033, 114.183723 22.299986, 114.18367 22.299948, 114.183607 22.299907, 114.183542 22.29987, 114.183494 22.299845, 114.183436 22.299817, 114.18338 22.299793, 114.183306 22.299764, 114.183207 22.299728, 114.182912 22.299626, 114.182623 22.299523, 114.182493 22.299477, 114.182342 22.299438, 114.182092 22.299399)"
1239,745,731,1172757991,1172757469,0,908591602;101558259,都會道 Metropolis Drive,tertiary,True,76.714,2,,,,viaduct,,"LINESTRING (114.183922 22.302182, 114.183318 22.302162, 114.183247 22.302158, 114.183237 22.302158, 114.183222 22.302155, 114.183178 22.302146)"
1240,746,1047,1172757994,1640472899,0,101558298,中匯街 Chung Wui Street,residential,True,93.582,1,,,,,,"LINESTRING (114.161917 22.32253, 114.161007 22.322518)"
1241,746,750,1172757994,1172758045,0,151226328;494490049;1121332950,大角咀道 Tai Kok Tsui Road,tertiary,True,176.67800000000003,2,,,,,,"LINESTRING (114.161917 22.32253, 114.161902 22.322872, 114.161889 22.323152, 114.161886 22.323216, 114.161883 22.323339, 114.161878 22.323586, 114.161868 22.323968, 114.161868 22.323998, 114.161865 22.324118)"
1242,747,380,1172758011,582593262,0,254006793;1305278485;1095134827;1095134829,康莊道 Hong Chong Road,trunk_link,True,105.223,1,50,,,,,"LINESTRING (114.181084 22.306179, 114.180986 22.306234, 114.18091 22.306268, 114.180862 22.306284, 114.180803 22.306296, 114.180729 22.306305, 114.18067 22.306308, 114.180608 22.306304, 114.180451 22.306268, 114.180309 22.306191, 114.180142 22.306107)"
1243,747,392,1172758011,582596651,0,1095134798;1095134828;1095134830;101558286,康莊道 Hong Chong Road,trunk_link,True,121.023,1,50,,,,,"LINESTRING (114.181084 22.306179, 114.181012 22.306244, 114.180939 22.306311, 114.180905 22.306341, 114.180845 22.306394, 114.180825 22.306412, 114.180804 22.306435, 114.180786 22.306463, 114.180768 22.306498, 114.180758 22.306526, 114.180752 22.306553, 114.18075 22.306583, 114.180753 22.306614, 114.180762 22.306642, 114.180772 22.306665, 114.180789 22.306691, 114.180809 22.306713, 114.180833 22.306732, 114.180859 22.306748, 114.180888 22.30676, 114.180923 22.306769, 114.180957 22.306772, 114.180993 22.30677, 114.181026 22.306763, 114.181054 22.306753, 114.181085 22.306736, 114.181114 22.306718, 114.181137 22.306703, 114.181208 22.306649)"
1244,748,1038,1172758015,1640472874,0,151226309,利得街 Li Tak Street,residential,True,161.463,1,,,,,,"LINESTRING (114.16194 22.320925, 114.16037 22.32091)"
1245,748,742,1172758015,1172757980,0,151226328,大角咀道 Tai Kok Tsui Road,tertiary,True,115.932,2,,,,,,"LINESTRING (114.16194 22.320925, 114.161934 22.321398, 114.161934 22.321423, 114.161927 22.32179, 114.161925 22.321967)"
1246,750,1642,1172758045,10256441400,0,1537015263,大角咀道 Tai Kok Tsui Road,tertiary,True,5.494,2,,,,,,"LINESTRING (114.161865 22.324118, 114.161864 22.324167)"
1247,750,1643,1172758045,10256441404,0,1121332943,福利街 Fuk Lee Street,residential,True,30.645000000000003,1,,,,,,"LINESTRING (114.161865 22.324118, 114.161786 22.324116, 114.161762 22.324116, 114.161568 22.324137)"
1248,752,761,1178971321,1178971367,0,1133373507;1133373518;102149744;102149747;909700063,,trunk_link,True,190.68099999999998,1,,,,yes,,"LINESTRING (114.164995 22.322726, 114.165146 22.322634, 114.165203 22.3226, 114.165229 22.322584, 114.165292 22.322521, 114.165352 22.322453, 114.165397 22.322377, 114.165434 22.322297, 114.165461 22.322214, 114.165526 22.32194, 114.165612 22.321445, 114.165628 22.321369, 114.165662 22.321283, 114.165694 22.321219)"
1249,752,1283,1178971321,4501979659,0,30150788;30150187;1133373515;1133373516;1133373519,渡船街 Ferry Street;西九龍走廊 West Kowloon Corridor,trunk,True,878.9700000000001,2,70,5,,viaduct,,"LINESTRING (114.164995 22.322726, 114.165112 22.322613, 114.165159 22.322565, 114.165185 22.322536, 114.165222 22.322487, 114.165282 22.322404, 114.165317 22.322342, 114.165347 22.322279, 114.165372 22.322214, 114.165392 22.322147, 114.165575 22.321354, 114.165713 22.320746, 114.165834 22.32016, 114.166022 22.319189, 114.166131 22.318673, 114.16631 22.317707, 114.166427 22.317076, 114.16661 22.316028, 114.166771 22.315153, 114.166787 22.315056)"
1250,753,757,1178971331,1178971355,0,102149734,雅蘭里 Arran Lane,residential,True,110.926,,,,,,,"LINESTRING (114.16588 22.322513, 114.166084 22.321534)"
1251,753,141,1178971331,332243007,0,783793803,鴉蘭街 Arran Street,tertiary,True,44.345,2,,,,,,"LINESTRING (114.16588 22.322513, 114.165456 22.322438)"
1252,754,755,1178971336,1178971337,0,102149745,水渠道 Nullah Road,residential,True,68.35499999999999,1,30,,,,,"LINESTRING (114.16967 22.323706, 114.169568 22.323609, 114.169536 22.323579, 114.169299 22.323352, 114.169272 22.323326, 114.169208 22.323265)"
1253,756,138,1178971339,332242579,0,102149730,上海街 Shanghai Street,secondary,True,18.461,2,,,,,,"LINESTRING (114.167257 22.323433, 114.167286 22.323269)"
1254,756,759,1178971339,1178971359,0,263839878,荔枝角道 Lai Chi Kok Road,primary,True,95.22200000000001,2,,,,,,"LINESTRING (114.167257 22.323433, 114.167506 22.323244, 114.167546 22.323214, 114.167674 22.323105, 114.167739 22.323048, 114.167856 22.322959, 114.167967 22.322884)"
1255,757,151,1178971355,332251254,0,30151046,弼街 Bute Street,tertiary,True,156.202,2,,,,,,"LINESTRING (114.166084 22.321534, 114.166632 22.321632, 114.16709 22.321714, 114.167439 22.321777, 114.167474 22.321783, 114.167574 22.321801)"
1256,758,655,1178971357,1161863736,0,102149739,太子道西 Prince Edward Road West,primary,True,16.892,3,,,,,,"LINESTRING (114.166917 22.323692, 114.166842 22.32368, 114.166756 22.323663)"
1257,758,756,1178971357,1178971339,0,102149746,荔枝角道 Lai Chi Kok Road,primary,True,45.379,3,,,,,,"LINESTRING (114.166917 22.323692, 114.166973 22.323651, 114.166989 22.323638, 114.167036 22.323602, 114.167231 22.323452, 114.167257 22.323433)"
1258,759,597,1178971359,1151084843,0,30658235,荔枝角道 Lai Chi Kok Road,primary,True,81.055,3,,,,,,"LINESTRING (114.167967 22.322884, 114.168103 22.322799, 114.168276 22.322713, 114.168448 22.32263, 114.168489 22.322609, 114.168657 22.322535)"
1259,760,758,1178971361,1178971357,0,102149749,荔枝角道 Lai Chi Kok Road,primary,True,16.652,3,,,,,,"LINESTRING (114.166794 22.32379, 114.166917 22.323692)"
1260,760,666,1178971361,1161864158,0,102149751;1065131403;746293599,太子道西 Prince Edward Road West,secondary,True,107.865,2,,,,,,"LINESTRING (114.166794 22.32379, 114.167001 22.323832, 114.167065 22.323843, 114.167358 22.32389, 114.167649 22.323944, 114.16769 22.323955, 114.167728 22.323975, 114.167747 22.323994, 114.167757 22.32402, 114.167757 22.324051)"
1261,761,149,1178971367,332251063,0,1133373512;1133373513,塘尾道 Tong Mi Road,primary,True,113.136,2;3,,,,,,"LINESTRING (114.165694 22.321219, 114.16574 22.32095, 114.165762 22.320861, 114.16582 22.320592, 114.165841 22.320462, 114.16585 22.320421, 114.165889 22.320218)"
1262,762,751,1178971377,1178971320,0,746310432;102149729;746310431,水渠道 Nullah Road,residential,True,69.35999999999999,2,,,,,,"LINESTRING (114.168702 22.322921, 114.168721 22.322904, 114.168744 22.322894, 114.168752 22.322892, 114.168769 22.322889, 114.168795 22.322892, 114.168819 22.322901, 114.168839 22.322916, 114.169032 22.323097, 114.169052 22.323113, 114.169075 22.323124, 114.1691 22.32313, 114.169127 22.323131, 114.169152 22.323127, 114.169176 22.323117, 114.169198 22.323103, 114.169215 22.323085, 114.169228 22.323055)"
1263,762,112,1178971377,331269944,0,1159878034,彌敦道 Nathan Road,primary,True,49.533,3,,,,,,"LINESTRING (114.168702 22.322921, 114.16872 22.322823, 114.168732 22.322766, 114.168786 22.322482)"
1264,763,778,1178971380,1181846009,0,470156185,荔枝角道 Lai Chi Kok Road,primary,True,54.67,4,,,,,,"LINESTRING (114.165275 22.324841, 114.1651 22.324975, 114.165066 22.325001, 114.164872 22.325161)"
1265,764,759,1179001818,1178971359,0,51189705,砵蘭街 Portland Street,residential,True,108.561,1,,,,,,"LINESTRING (114.16778 22.323845, 114.167798 22.323749, 114.167803 22.32372, 114.167941 22.323045, 114.167952 22.322979, 114.167967 22.322884)"
1266,764,758,1179001818,1178971357,0,102153172,太子道西 Prince Edward Road West,primary,True,90.39699999999999,3,,,,,,"LINESTRING (114.16778 22.323845, 114.16772 22.323834, 114.167665 22.323825, 114.167102 22.323729, 114.167055 22.32372, 114.166917 22.323692)"
1267,765,595,1179001823,1151084826,0,102153170,運動場道 Playing Field Road,tertiary,True,62.687,2,,,,,,"LINESTRING (114.167528 22.325012, 114.16764 22.325035, 114.168054 22.325112, 114.168081 22.325117, 114.168125 22.325125)"
1268,765,1054,1179001823,1641766299,0,102283602;746293676,砵蘭街 Portland Street,secondary,True,48.63100000000001,2,,,,,,"LINESTRING (114.167528 22.325012, 114.16752 22.325045, 114.167466 22.325267, 114.167428 22.325314, 114.167329 22.325388)"
1269,766,763,1179010012,1178971380,0,736516641;996069450;996069451;100507084;996069456;996069460,荔枝角道 Lai Chi Kok Road;太子道西 Prince Edward Road West;太子道西天橋 Prince Edward Road West Flyover,primary,True,756.891,2,,,,viaduct,,"LINESTRING (114.172151 22.32462, 114.172105 22.324629, 114.171918 22.324636, 114.17128 22.324531, 114.170244 22.324359, 114.16838 22.324031, 114.167636 22.323862, 114.167215 22.323785, 114.167108 22.323768, 114.166999 22.323764, 114.166891 22.323773, 114.166785 22.323796, 114.16671 22.323821, 114.166683 22.323831, 114.166587 22.323879, 114.166499 22.323938, 114.165907 22.324406, 114.165482 22.324734, 114.165275 22.324841)"
1270,766,1230,1179010012,2639744183,0,485779593;1208213587;996069459,太子道西 Prince Edward Road West,primary,True,147.719,4;3,,,,,,"LINESTRING (114.172151 22.32462, 114.172086 22.324601, 114.17194 22.324558, 114.171804 22.324532, 114.171488 22.32447, 114.170882 22.324375, 114.170826 22.324365, 114.170746 22.324352)"
1271,767,390,1180356947,582596632,0,1095134808;1095134817;528507295,公主道 Princess Margaret Road,trunk,True,143.99200000000002,3,70,1,,,,"LINESTRING (114.178172 22.310392, 114.178318 22.310155, 114.178398 22.310026, 114.178694 22.309531, 114.178874 22.309272)"
1272,768,767,1180356949,1180356947,0,822887090;102255082;822887091;453782079,治民街 Chi Man Street,residential,True,246.48200000000003,1,,,,,,"LINESTRING (114.176884 22.312085, 114.176975 22.312021, 114.177041 22.311975, 114.177149 22.311889, 114.17799 22.311067, 114.17822 22.310845, 114.178238 22.3108, 114.178244 22.310764, 114.178245 22.310721, 114.178223 22.310605, 114.178203 22.310525, 114.178172 22.310392)"
1273,768,767,1180356949,1180356947,1,1426336585;771547540;1426337007,公主道 Princess Margaret Road,trunk,True,231.735,3,70,1,,,,"LINESTRING (114.176884 22.312085, 114.176904 22.312031, 114.176938 22.31197, 114.17698 22.311892, 114.177026 22.311816, 114.177069 22.311752, 114.177383 22.31144, 114.177589 22.311234, 114.177721 22.31108, 114.177756 22.311028, 114.177872 22.310862, 114.177958 22.310724, 114.178172 22.310392)"
1274,769,770,1180686912,1180686922,0,102279009,長沙灣道 Cheung Sha Wan Road,primary_link,True,34.819,1,,,,,,"LINESTRING (114.167294 22.32647, 114.167343 22.326499, 114.167384 22.326533, 114.167412 22.326576, 114.167427 22.326625, 114.167425 22.326679, 114.167407 22.32673)"
1275,769,211,1180686912,339054415,0,680766741,界限街 Boundary Street,primary,True,46.333,3,,,,,,"LINESTRING (114.167294 22.32647, 114.167494 22.326478, 114.16753 22.32648, 114.167637 22.326484, 114.167744 22.326489)"
1276,770,209,1180686922,339054219,0,996069426,長沙灣道 Cheung Sha Wan Road,primary,True,62.338,2,,,,,,"LINESTRING (114.167407 22.32673, 114.167026 22.327003, 114.166983 22.327034, 114.166929 22.327074)"
1277,771,1295,1180686933,4773331322,0,102279011;996080267;150771597;996069402;996069403,界限街 Boundary Street,primary,True,75.284,5,,,,,,"LINESTRING (114.171036 22.326643, 114.171276 22.326652, 114.171374 22.326654, 114.171484 22.326655, 114.171618 22.326659, 114.171767 22.326666)"
1278,772,633,1180709229,1152824573,0,1203105154,界限街 Boundary Street,primary,True,68.95,3,,,,,,"LINESTRING (114.165339 22.32639, 114.165472 22.326395, 114.165808 22.326409, 114.165841 22.32641, 114.166009 22.326417)"
1279,773,915,1180818602,1394414518,0,255223460,荔枝角道 Lai Chi Kok Road,primary,True,13.068,3,,,,,,"LINESTRING (114.159086 22.329729, 114.159183 22.329653)"
1280,773,866,1180818602,1194152567,0,288479597;712626690;712626691;103411741,欽州街 Yen Chow Street,secondary,True,174.478,3,,,,,,"LINESTRING (114.159086 22.329729, 114.159181 22.329832, 114.159425 22.330106, 114.159467 22.33015, 114.159566 22.330263, 114.159637 22.330343, 114.159732 22.330451, 114.159811 22.33054, 114.159831 22.330563, 114.159905 22.330643, 114.159951 22.330698, 114.160099 22.330875, 114.16016 22.330943)"
1281,774,263,1180818606,420027760,0,103274843,北河街 Pei Ho Street,residential,True,57.378,,30,,,,,"LINESTRING (114.160894 22.328359, 114.160954 22.328422, 114.161046 22.328496, 114.161116 22.328575, 114.161219 22.328688, 114.161267 22.328741)"
1282,774,777,1180818606,1180818612,0,485614360,荔枝角道 Lai Chi Kok Road,primary,True,117.976,4,,,,,,"LINESTRING (114.160894 22.328359, 114.160933 22.328327, 114.160971 22.328298, 114.160974 22.328296, 114.161675 22.327755, 114.16171 22.327729, 114.161774 22.327679)"
1283,775,402,1180818608,660864277,0,103274862,桂林街 Kweilin Street,residential,False,57.412000000000006,,30,,,,,"LINESTRING (114.160056 22.328999, 114.160106 22.329056, 114.160341 22.329326, 114.160407 22.329401)"
1284,775,774,1180818608,1180818606,0,485614360,荔枝角道 Lai Chi Kok Road,primary,True,111.774,4,,,,,,"LINESTRING (114.160056 22.328999, 114.16037 22.328761, 114.160529 22.328638, 114.160685 22.328518, 114.160894 22.328359)"
1285,776,778,1180818611,1181846009,0,30150338,塘尾道 Tong Mi Road,primary,True,15.345,2,,,,,,"LINESTRING (114.164854 22.325298, 114.164872 22.325161)"
1286,776,1477,1180818611,6370140272,0,1203105161;102149741,荔枝角道 Lai Chi Kok Road,primary,True,219.34099999999998,2;3,,,,,,"LINESTRING (114.164854 22.325298, 114.165013 22.325171, 114.165081 22.325117, 114.165395 22.324872, 114.165495 22.324793, 114.165561 22.32474, 114.165991 22.324407, 114.166096 22.324328, 114.166353 22.324133, 114.166396 22.3241, 114.166449 22.32406, 114.166488 22.32403)"
1287,777,789,1180818612,1181846102,0,255225441,荔枝角道 Lai Chi Kok Road,primary,True,21.717,3,,,,,,"LINESTRING (114.161774 22.327679, 114.161928 22.327544)"
1288,777,1061,1180818612,1641766386,0,1203105141;1203105142,南昌街 Nam Cheong Street,secondary,True,57.109,2;3,,,,,,"LINESTRING (114.161774 22.327679, 114.161829 22.32774, 114.162062 22.327992, 114.162134 22.32807)"
1289,778,1331,1181846009,4860691742,0,102368460,塘尾道 Tong Mi Road,primary,True,133.18900000000002,2,,,,,,"LINESTRING (114.164872 22.325161, 114.164904 22.324997, 114.164914 22.324948, 114.164943 22.3248, 114.165105 22.323982)"
1290,778,311,1181846009,493179429,0,102368465,荔枝角道 Lai Chi Kok Road,primary,True,15.796,4,,,,,,"LINESTRING (114.164872 22.325161, 114.164823 22.325192, 114.164742 22.325236)"
1291,779,683,1181846013,1166348488,0,103372422,大埔道 Tai Po Road,primary,True,17.444,2,,,,,,"LINESTRING (114.165193 22.331198, 114.165088 22.331322)"
1292,780,1060,1181846018,1641766351,0,103295894,荔枝角道 Lai Chi Kok Road,primary,True,20.903,3,,,,,,"LINESTRING (114.161848 22.327454, 114.161694 22.327578)"
1293,780,785,1181846018,1181846060,0,102368461,南昌街 Nam Cheong Street,secondary,True,63.831,3,,,,,,"LINESTRING (114.161848 22.327454, 114.1618 22.3274, 114.161532 22.327101, 114.161515 22.327082, 114.161452 22.327012)"
1294,781,276,1181846037,420027778,0,103372426,福榮街 Fuk Wing Street,residential,True,98.824,,,,,,,"LINESTRING (114.164615 22.330537, 114.165358 22.329973)"
1295,781,787,1181846037,1181846078,0,103372417;1203105132,南昌街 Nam Cheong Street,secondary,True,65.481,2;3,,,,,,"LINESTRING (114.164615 22.330537, 114.16459 22.330509, 114.164566 22.330483, 114.164422 22.330323, 114.164271 22.330156, 114.164207 22.330084)"
1296,782,206,1181846041,339054215,0,636444589,長沙灣道 Cheung Sha Wan Road,primary,True,21.353,3,,,,,,"LINESTRING (114.163731 22.329554, 114.163575 22.329681)"
1297,782,788,1181846041,1181846081,0,103274865,南昌街 Nam Cheong Street,secondary,True,60.445,3,,,,,,"LINESTRING (114.163731 22.329554, 114.16367 22.32949, 114.163354 22.329138)"
1298,783,776,1181846042,1180818611,0,1203105162;102368463,荔枝角道 Lai Chi Kok Road,primary,True,177.269,3,,,,,,"LINESTRING (114.163529 22.326317, 114.163644 22.326232, 114.164011 22.325949, 114.164042 22.325925, 114.164184 22.325815, 114.164789 22.325348, 114.164854 22.325298)"
1299,783,638,1181846042,1152824614,0,1203105163;453470454,界限街 Boundary Street,primary,True,168.355,4;3,,,,,,"LINESTRING (114.163529 22.326317, 114.163685 22.326324, 114.16399 22.326336, 114.164138 22.326342, 114.164229 22.326345, 114.164342 22.32635, 114.16454 22.326358, 114.164644 22.326362, 114.165164 22.326383)"
1300,784,262,1181846056,419752768,0,102368454,塘尾道 Tong Mi Road,primary,True,7.324,3,,,,,,"LINESTRING (114.165766 22.320168, 114.165753 22.320233)"
1301,784,1385,1181846056,5103661126,0,102368472,晏架街 Anchor Street,tertiary,True,13.406,1,,,,,,"LINESTRING (114.165766 22.320168, 114.165896 22.320177)"
1302,784,149,1181846056,332251063,0,1544376584,晏架街 Anchor Street,tertiary,True,13.747,1,,,,,,"LINESTRING (114.165766 22.320168, 114.165889 22.320218)"
1303,785,709,1181846060,1168316001,0,102368461,南昌街 Nam Cheong Street,secondary,True,63.583,3,,,,,,"LINESTRING (114.161452 22.327012, 114.161398 22.326951, 114.161268 22.326803, 114.161164 22.326686, 114.161135 22.326653, 114.161055 22.326574)"
1304,785,1056,1181846060,1641766327,0,103295893,醫局街 Yee Kuk Street,secondary,True,99.21,2,,,,,,"LINESTRING (114.161452 22.327012, 114.161522 22.326959, 114.162106 22.326518, 114.162199 22.326448)"
1305,786,1218,1181846062,2389070853,0,100507086,柳樹街 Willow Street,residential,True,89.159,1,,,,,,"LINESTRING (114.16251 22.325038, 114.162772 22.325045, 114.162993 22.325051, 114.163038 22.325046, 114.163081 22.325032, 114.163119 22.325009, 114.163283 22.324874, 114.163304 22.324857)"
1306,787,856,1181846078,1191992716,0,1203105131,南昌街 Nam Cheong Street,secondary,True,63.592000000000006,3,,,,,,"LINESTRING (114.164207 22.330084, 114.163896 22.329737, 114.163866 22.329704, 114.163818 22.32964)"
1307,788,264,1181846081,420027761,0,103239109,鴨寮街 Apliu Street,residential,True,99.424,2,,,,,,"LINESTRING (114.163354 22.329138, 114.164098 22.328567)"
1308,788,791,1181846081,1181846145,0,494733968;494733969,南昌街 Nam Cheong Street,secondary,True,58.426,2;3,,,,,,"LINESTRING (114.163354 22.329138, 114.163298 22.329076, 114.163093 22.328848, 114.163057 22.328809, 114.162991 22.328733)"
1309,789,780,1181846102,1181846018,0,484587213,南昌街 Nam Cheong Street,secondary,True,12.98,3,,,,,,"LINESTRING (114.161928 22.327544, 114.161848 22.327454)"
1310,789,1055,1181846102,1641766324,0,494704051;103411695,荔枝角道 Lai Chi Kok Road,primary,True,198.027,4;3,,,,,,"LINESTRING (114.161928 22.327544, 114.162009 22.327482, 114.162345 22.327224, 114.162418 22.327169, 114.16249 22.327114, 114.162586 22.32704, 114.162616 22.327018, 114.162671 22.326975, 114.163219 22.326555, 114.163248 22.326532, 114.16341 22.326408)"
1311,790,1066,1181846119,1641766448,0,437031183,元州街 Un Chau Street,secondary,True,22.027,3,,,,,,"LINESTRING (114.165012 22.330977, 114.164851 22.331107)"
1312,790,781,1181846119,1181846037,0,1203105133,南昌街 Nam Cheong Street,secondary,True,63.774,3,,,,,,"LINESTRING (114.165012 22.330977, 114.164938 22.330894, 114.164615 22.330537)"
1313,791,562,1181846145,998046347,0,103239094,汝州街 Yu Chau Street,tertiary,True,20.494,4,,,,,,"LINESTRING (114.162991 22.328733, 114.162841 22.328854)"
1314,791,1667,1181846145,11217924629,0,103239091,南昌街 Nam Cheong Street,secondary,True,58.427,3,,,,,,"LINESTRING (114.162991 22.328733, 114.16293 22.328664, 114.162787 22.328506, 114.162628 22.328329)"
1315,792,125,1182677912,332232291,0,30149088;101183506,櫻桃街 Cherry Street,primary,True,58.50900000000001,4;3,,,,,,"LINESTRING (114.162695 22.318202, 114.162633 22.318206, 114.162571 22.318225, 114.162493 22.318251, 114.162421 22.318291, 114.162356 22.318339, 114.162302 22.318397, 114.162234 22.318475)"
1316,793,128,1182950283,332233448,0,101205484,渡船街 Ferry Street,primary,True,92.17599999999999,4,,,,,,"LINESTRING (114.16638 22.316907, 114.166354 22.31705, 114.166278 22.317481, 114.166222 22.317723)"
1317,794,82,1183092754,308473179,0,102443802,碧街 Pitt Street,residential,False,39.766,,,,,,,"LINESTRING (114.170222 22.313852, 114.169913 22.313794, 114.169908 22.313793, 114.169843 22.31378)"
1318,795,1021,1183092761,1636768942,0,150801671,碧街 Pitt Street,tertiary,True,19.923000000000002,2,,,,,,"LINESTRING (114.167169 22.31338, 114.167209 22.313349, 114.167238 22.313331, 114.167266 22.313325, 114.16729 22.313327, 114.167343 22.313334)"
1319,795,710,1183092761,1168316008,0,493744603,渡船街 Ferry Street,primary,True,107.344,2,,,,,,"LINESTRING (114.167169 22.31338, 114.167281 22.312686, 114.167287 22.312655, 114.167321 22.312604, 114.167351 22.31257, 114.167395 22.312544, 114.167466 22.312498)"
1320,796,80,1183092765,308473177,0,102443806,碧街 Pitt Street,residential,False,26.235,2,,,,,,"LINESTRING (114.169054 22.313635, 114.168855 22.313598, 114.168804 22.313588)"
1321,797,798,1183208501,1183208502,0,102454127,石龍街 Shek Lung Street,residential,False,37.125,2,,,,,,"LINESTRING (114.169443 22.312195, 114.169142 22.312142, 114.169088 22.312133)"
1322,798,797,1183208502,1183208501,0,102454127,石龍街 Shek Lung Street,residential,False,37.125,2,,,,,,"LINESTRING (114.169088 22.312133, 114.169142 22.312142, 114.169443 22.312195)"
1323,798,35,1183208502,276372857,0,1208439860,新填地街 Reclamation Street,secondary,True,59.345,3,,,,,,"LINESTRING (114.169088 22.312133, 114.16901 22.312528, 114.168998 22.312589, 114.168985 22.312658)"
1324,799,730,1183787457,1172757415,0,102506133;987256903,彌敦道 Nathan Road,secondary,True,167.72100000000003,2;3,,,,,,"LINESTRING (114.171263 22.310002, 114.17126 22.309697, 114.171302 22.309194, 114.171313 22.309096, 114.171376 22.308566, 114.171384 22.308499)"
1325,799,968,1183787457,1625210019,0,987256904;1079007233;859770922;436371172,加士居道 Gascoigne Road;彌敦道 Nathan Road,primary,True,207.92700000000002,2,50,,,,,"LINESTRING (114.171263 22.310002, 114.171312 22.30987, 114.171342 22.309787, 114.17137 22.309711, 114.171372 22.309707, 114.171404 22.309611, 114.171428 22.309551, 114.171445 22.309509, 114.171464 22.30946, 114.171531 22.309312, 114.171592 22.309187, 114.171646 22.309086, 114.171694 22.309, 114.171743 22.308928, 114.171781 22.30887, 114.171825 22.308806, 114.171919 22.308674, 114.171979 22.308596, 114.172052 22.308501, 114.172175 22.308348)"
1326,800,735,1183787459,1172757712,0,102506141,眾坊街 Public Square Street,residential,False,33.757000000000005,2,,,,,,"LINESTRING (114.171232 22.310279, 114.171334 22.310292, 114.171555 22.310329)"
1327,800,2,1183787459,33004487,0,150801669,眾坊街 Public Square Street,tertiary,True,14.094999999999999,1,,,,,,"LINESTRING (114.171232 22.310279, 114.171185 22.310278, 114.171155 22.310278, 114.171124 22.310277, 114.171095 22.310275)"
1328,800,799,1183787459,1183787457,0,987256905;987256906,彌敦道 Nathan Road,primary,True,31.062,4;3,,,,,,"LINESTRING (114.171232 22.310279, 114.171245 22.310231, 114.171249 22.310205, 114.171254 22.310149, 114.171256 22.310128, 114.171259 22.310094, 114.171263 22.310002)"
1329,801,1013,1183787466,1636768903,0,150801664;102506138;987256895,石壁道 Cliff Road;永星里 Wing Sing Lane,residential,False,147.64300000000003,2,,,,,,"LINESTRING (114.171123 22.31089, 114.171192 22.310901, 114.171215 22.310905, 114.171345 22.310924, 114.171623 22.310966, 114.171695 22.310966, 114.171725 22.310942, 114.171741 22.310927, 114.171751 22.310915, 114.171863 22.310419, 114.171852 22.310402, 114.17183 22.310389, 114.171651 22.310357)"
1330,801,800,1183787466,1183787459,0,987256897;987256898;987256901;987256894,彌敦道 Nathan Road,primary,True,68.836,4;3,,,,,,"LINESTRING (114.171123 22.31089, 114.171137 22.310812, 114.171146 22.310762, 114.171158 22.310695, 114.171206 22.310415, 114.171212 22.310387, 114.171232 22.310279)"
1331,802,953,1185400407,1625209874,0,102674704,佐敦道 Jordan Road,primary,True,11.221,3,,,,,,"LINESTRING (114.171682 22.305295, 114.171577 22.305268)"
1332,802,828,1185400407,1185808527,0,102674690,彌敦道 Nathan Road,secondary,True,148.92199999999997,2,,,,,,"LINESTRING (114.171682 22.305295, 114.17169 22.305156, 114.171741 22.304492, 114.171745 22.304439, 114.17175 22.304373, 114.171754 22.304325, 114.171756 22.304292, 114.171782 22.303959)"
1333,803,802,1185400418,1185400407,0,253656157,彌敦道 Nathan Road,secondary,True,10.425,3,,,,,,"LINESTRING (114.171676 22.305389, 114.171682 22.305295)"
1334,803,826,1185400418,1185808522,0,863479757;863479760;102674708;863479765;863479766,佐敦道 Jordan Road,primary,True,158.27999999999997,2;3,,,,,,"LINESTRING (114.171676 22.305389, 114.171814 22.30544, 114.172038 22.30553, 114.172173 22.305601, 114.172364 22.305707, 114.172473 22.305789, 114.172547 22.305845, 114.172629 22.305903, 114.172642 22.305913, 114.172678 22.305941, 114.172704 22.305962, 114.172725 22.305978, 114.172771 22.306014, 114.172841 22.306069, 114.172875 22.306094, 114.172959 22.306156)"
1335,804,803,1185400433,1185400418,0,102640410,彌敦道 Nathan Road,secondary,True,82.148,3,,,,,,"LINESTRING (114.171607 22.306125, 114.171622 22.305946, 114.171649 22.305666, 114.17165 22.305648, 114.171653 22.305614, 114.171676 22.305389)"
1336,804,960,1185400433,1625209899,0,149555143,南京街 Nanking Street,residential,True,105.68700000000001,2,,,,,,"LINESTRING (114.171607 22.306125, 114.171677 22.306133, 114.172562 22.306214, 114.172629 22.306223)"
1337,805,930,1185400438,1624950016,0,149524419,廣東道 Canton Road,secondary,True,78.555,3,,,,,,"LINESTRING (114.167972 22.30579, 114.167996 22.305866, 114.168162 22.306474)"
1338,805,818,1185400438,1185400645,0,1205891492,佐敦道 Jordan Road,primary,True,48.727000000000004,3,,,,,,"LINESTRING (114.167972 22.30579, 114.168226 22.305744, 114.168436 22.305701)"
1339,806,813,1185400499,1185400584,0,102640428,彌敦道 Nathan Road,secondary,True,50.517,3,,,,,,"LINESTRING (114.17153 22.307003, 114.171549 22.306787, 114.171556 22.306706, 114.17157 22.30655)"
1340,807,10,1185400508,33476501,0,102674700,渡船街 Ferry Street,primary,True,60.211,3,,,,,,"LINESTRING (114.166869 22.305993, 114.167062 22.306504)"
1341,807,819,1185400508,1185808485,0,235775059,佐敦道 Jordan Road,primary,True,16.701,3,,,,,,"LINESTRING (114.166869 22.305993, 114.166913 22.305981, 114.166958 22.305967, 114.167021 22.305942)"
1342,808,820,1185400520,1185808493,0,102674710,佐敦道 Jordan Road,primary_link,True,31.770000000000003,1,,,,,,"LINESTRING (114.174 22.306855, 114.173998 22.306917, 114.173994 22.306999, 114.173988 22.307046, 114.173966 22.307138)"
1343,808,1390,1185400520,5103971488,0,863479761,佐敦道 Jordan Road,primary,True,29.478,3,,,,,,"LINESTRING (114.174 22.306855, 114.174066 22.306912, 114.174098 22.306951, 114.174127 22.306985, 114.174146 22.307008, 114.174181 22.307059)"
1344,809,811,1185400522,1185400551,0,1206872684;244578277,佐敦道 Jordan Road,primary,True,86.013,4,,,,,,"LINESTRING (114.162991 22.306951, 114.16317 22.306884, 114.16345 22.30678, 114.163627 22.306733, 114.16378 22.306698)"
1345,810,1568,1185400526,7560529772,0,149555160;149555137,街市街 Market Street;廟街 Temple Street,residential,True,167.30699999999996,1,,,,,,"LINESTRING (114.170779 22.308724, 114.170798 22.30883, 114.170795 22.308879, 114.170738 22.309175, 114.170704 22.309333, 114.170678 22.309468, 114.170678 22.309468, 114.170651 22.309591, 114.170641 22.309603, 114.170629 22.309613, 114.17061 22.309617, 114.170107 22.309531, 114.170089 22.309523, 114.170082 22.30951, 114.170062 22.309443)"
1346,811,1357,1185400551,4928401464,0,316843220,佐敦道 Jordan Road,primary,True,29.139,3,,,,,,"LINESTRING (114.16378 22.306698, 114.164055 22.306638)"
1347,811,178,1185400551,334649071,0,502342007,連翔道 Lin Cheung Road,primary,True,57.815,3,,,,,,"LINESTRING (114.16378 22.306698, 114.163772 22.306869, 114.163763 22.307218)"
1348,812,805,1185400568,1185400438,0,1206288161,佐敦道 Jordan Road,primary,True,37.708,3,,,,,,"LINESTRING (114.167613 22.305857, 114.167972 22.30579)"
1349,813,804,1185400584,1185400433,0,1213727683,彌敦道 Nathan Road,secondary,True,47.455,3,,,,,,"LINESTRING (114.17157 22.30655, 114.171607 22.306125)"
1350,813,962,1185400584,1625209910,0,149555124,長樂街 Cheong Lok Street,residential,True,105.018,1,,,,,,"LINESTRING (114.17157 22.30655, 114.171639 22.306557, 114.171757 22.306569, 114.172541 22.30662, 114.172588 22.306625)"
1351,814,967,1185400587,1625210005,0,102640461,加士居道 Gascoigne Road,primary,True,11.675,4,,,,,,"LINESTRING (114.171391 22.3084, 114.171278 22.308412)"
1352,814,806,1185400587,1185400499,0,102640428,彌敦道 Nathan Road,secondary,True,156.02599999999998,3,,,,,,"LINESTRING (114.171391 22.3084, 114.171398 22.308274, 114.171449 22.307827, 114.171473 22.307579, 114.171476 22.307552, 114.171493 22.307373, 114.171515 22.307149, 114.17153 22.307003)"
1353,815,801,1185400607,1183787466,0,987256896;102640426;987256902,彌敦道 Nathan Road,primary,True,189.75900000000001,3,,,,,,"LINESTRING (114.170801 22.31257, 114.170847 22.312343, 114.170861 22.312272, 114.170891 22.312124, 114.170949 22.311821, 114.170959 22.311768, 114.171016 22.311463, 114.171033 22.31137, 114.171058 22.311237, 114.171066 22.311193, 114.171104 22.310989, 114.171123 22.31089)"
1354,815,1280,1185400607,4421445236,0,102640444,,residential,False,70.68,1,,,,,,"LINESTRING (114.170801 22.31257, 114.170877 22.312584, 114.171128 22.31263, 114.171475 22.312695)"
1355,816,803,1185400620,1185400418,0,253653950,佐敦道 Jordan Road,primary,True,11.333,2,,,,,,"LINESTRING (114.171569 22.305366, 114.171676 22.305389)"
1356,816,967,1185400620,1625210005,0,1204058020;1204058021;1204058022;1204058023;102674733;863479726;1204058015,彌敦道 Nathan Road,secondary,True,340.042,2;3,,,,,,"LINESTRING (114.171569 22.305366, 114.171553 22.305528, 114.171514 22.305938, 114.171495 22.306135, 114.17149 22.306186, 114.171477 22.306325, 114.171468 22.306417, 114.171457 22.306534, 114.171444 22.306665, 114.171438 22.306727, 114.171423 22.306882, 114.171418 22.306927, 114.171415 22.307094, 114.171379 22.30747, 114.171344 22.307718, 114.171297 22.308214, 114.171292 22.308266, 114.171287 22.308317, 114.171278 22.308412)"
1357,817,929,1185400622,1624950002,0,1205891493,上海街 Shanghai Street,secondary,True,11.606,3,,,,,,"LINESTRING (114.16927 22.3055, 114.169249 22.305398)"
1358,817,816,1185400622,1185400620,0,1213727681;1213727682;102674725,佐敦道 Jordan Road,primary,True,239.502,3,,,,,,"LINESTRING (114.16927 22.3055, 114.169402 22.30547, 114.169444 22.305459, 114.169694 22.305396, 114.169771 22.305383, 114.169913 22.305359, 114.170137 22.305324, 114.170352 22.305298, 114.170528 22.305291, 114.170591 22.305289, 114.170711 22.305288, 114.17084 22.305287, 114.171093 22.3053, 114.171407 22.30534, 114.171423 22.305342, 114.171449 22.305346, 114.171569 22.305366)"
1359,818,105,1185400645,308778508,0,102640436,炮台街 Battery Street,residential,True,77.28,2,,,,,,"LINESTRING (114.168436 22.305701, 114.168459 22.305791, 114.168524 22.306044, 114.168611 22.306377)"
1360,818,817,1185400645,1185400622,0,255229939,佐敦道 Jordan Road,primary,True,88.67699999999999,3,,,,,,"LINESTRING (114.168436 22.305701, 114.168706 22.305637, 114.16873 22.305631, 114.168847 22.305603, 114.168965 22.305575, 114.169059 22.305553, 114.169094 22.305544, 114.16927 22.3055)"
1361,819,812,1185808485,1185400568,0,102674720;1206288162,佐敦道 Jordan Road,primary,True,61.94099999999999,2;3,,,,,,"LINESTRING (114.167021 22.305942, 114.167082 22.30592, 114.167149 22.305902, 114.167189 22.305897, 114.167446 22.305883, 114.167482 22.305879, 114.167613 22.305857)"
1362,819,827,1185808485,1185808523,0,255229619,渡船街 Ferry Street,primary,True,14.206,3,,,,,,"LINESTRING (114.167021 22.305942, 114.16702 22.305877, 114.167026 22.305815)"
1363,820,814,1185808493,1185400587,0,102674730;1228381060,加士居道 Gascoigne Road,primary,True,310.9409999999999,4;3,,,,,,"LINESTRING (114.173966 22.307138, 114.173738 22.307208, 114.173502 22.307293, 114.1733 22.307374, 114.173112 22.307464, 114.172903 22.307589, 114.172825 22.30764, 114.172644 22.307762, 114.172614 22.307784, 114.172535 22.307838, 114.172465 22.30789, 114.17242 22.307923, 114.172375 22.307963, 114.172274 22.308058, 114.172149 22.308181, 114.17206 22.308271, 114.171999 22.30833, 114.171949 22.308369, 114.171896 22.308396, 114.171849 22.308413, 114.171774 22.308421, 114.171705 22.308422, 114.171566 22.308415, 114.171504 22.30841, 114.171391 22.3084)"
1364,821,1401,1185808508,5104193282,0,26379337;832141436,渡船街 Ferry Street,primary,True,107.20499999999998,3,,,,,,"LINESTRING (114.167585 22.30822, 114.167641 22.30843, 114.167675 22.308573, 114.167669 22.308692, 114.167637 22.308767, 114.167588 22.308835, 114.167534 22.308883, 114.167512 22.308901, 114.167462 22.308943, 114.167316 22.30903)"
1365,822,1390,1185808509,5103971488,0,951593236,加士居道 Gascoigne Road,primary,True,11.575,3,,,,,,"LINESTRING (114.174287 22.307024, 114.174181 22.307059)"
1366,822,963,1185808509,1625209919,0,102640424;1305278458,佐敦道 Jordan Road,primary,True,44.319,1,,,,,,"LINESTRING (114.174287 22.307024, 114.174259 22.306968, 114.17424 22.306943, 114.174198 22.30689, 114.174114 22.306811, 114.174012 22.306722)"
1367,823,831,1185808513,1187352750,0,254000148,廣東道 Canton Road,primary,True,79.226,4,,,,,,"LINESTRING (114.167109 22.305579, 114.167174 22.305455, 114.167245 22.30532, 114.16729 22.305254, 114.167437 22.305034, 114.167484 22.304958)"
1368,824,932,1185808514,1624950037,0,149524431,文昌街 Man Cheong Street,residential,False,7.504,,,,,,,"LINESTRING (114.165315 22.307371, 114.165335 22.307436)"
1369,825,948,1185808518,1625209832,0,149555120,柯士甸道 Austin Road,secondary,True,8.447,2,,,,,,"LINESTRING (114.171821 22.303198, 114.171739 22.303192)"
1370,825,838,1185808518,1187353085,0,102833835,彌敦道 Nathan Road,secondary,True,62.311,2,,,,,,"LINESTRING (114.171821 22.303198, 114.171824 22.303106, 114.171856 22.302638)"
1371,826,958,1185808522,1625209894,0,149555129,覺士道 Cox's Road,tertiary_link,False,10.884,1,,,,,,"LINESTRING (114.172959 22.306156, 114.173022 22.306077)"
1372,826,808,1185808522,1185400520,0,863479756,佐敦道 Jordan Road,primary,True,132.869,3,,,,,,"LINESTRING (114.172959 22.306156, 114.173392 22.306493, 114.173544 22.306601, 114.173686 22.306691, 114.173857 22.306768, 114.173936 22.306808, 114.174 22.306855)"
1373,827,9,1185808523,33476500,0,102674686,佐敦道 Jordan Road,primary,True,18.938000000000002,3,,,,,,"LINESTRING (114.167026 22.305815, 114.166935 22.305832, 114.166847 22.305856)"
1374,827,823,1185808523,1185808513,0,102674737;1388990519,廣東道 Canton Road,primary,True,27.756,3,,,,,,"LINESTRING (114.167026 22.305815, 114.16704 22.305753, 114.167058 22.305679, 114.167072 22.305651, 114.167109 22.305579)"
1375,828,1387,1185808527,5103929474,0,102674690,彌敦道 Nathan Road,secondary,True,76.146,2,,,,,,"LINESTRING (114.171782 22.303959, 114.171808 22.303448, 114.17181 22.303396, 114.171815 22.303275)"
1376,828,950,1185808527,1625209840,0,102674694,德成街 Tak Shing Street,residential,True,41.167,1,,,,,,"LINESTRING (114.171782 22.303959, 114.17186 22.303964, 114.17211 22.30398, 114.172181 22.303985)"
1377,829,1284,1187352694,4510281036,0,102821059,童軍徑 Scout Path,residential,False,64.007,2,,,,,,"LINESTRING (114.169084 22.302449, 114.169102 22.302503, 114.169106 22.302528, 114.1691 22.302674, 114.169094 22.302947, 114.169088 22.303001, 114.169086 22.303021)"
1378,830,836,1187352697,1187353031,0,709674368;443163012;124697422;1118626549;1118626550;1118626551;1118626552;1118626553;1118626555;1118631038,彌敦道 Nathan Road,secondary,True,241.398,2;3,,,,,,"LINESTRING (114.17226 22.29695, 114.17228 22.296625, 114.17229 22.296489, 114.172295 22.296405, 114.172303 22.296301, 114.172312 22.296188, 114.17234 22.295825, 114.172345 22.29574, 114.172346 22.295713, 114.172347 22.295699, 114.172348 22.295682, 114.17235 22.295645, 114.172366 22.295602, 114.172368 22.29557, 114.172369 22.295547, 114.172377 22.29539, 114.172388 22.295244, 114.172407 22.295032, 114.17241 22.294998, 114.172415 22.29495, 114.172428 22.294787)"
1379,830,1099,1187352697,1649047896,0,152073844,麼地道 Mody Road,tertiary,True,143.353,2,,,,,,"LINESTRING (114.17226 22.29695, 114.172324 22.296958, 114.173023 22.297032, 114.173406 22.297076, 114.173567 22.297094, 114.173643 22.2971)"
1380,831,1400,1187352750,5104169313,0,524510342,廣東道 Canton Road,primary,True,13.555,3,,,,,,"LINESTRING (114.167484 22.304958, 114.167543 22.304849)"
1381,832,1101,1187352804,1649048045,0,102821025,亞士厘道 Ashley Road,residential,False,84.019,2,,,,,,"LINESTRING (114.17054 22.296972, 114.170442 22.297722)"
1382,832,833,1187352804,1187352879,0,102821053,宜昌街 Ichang Street,residential,True,59.389,1,,,,,,"LINESTRING (114.17054 22.296972, 114.171058 22.297029, 114.171113 22.297034)"
1383,834,1668,1187352908,11225192044,0,1097999009,,primary_link,True,14.813,1,,,,,,"LINESTRING (114.168462 22.300036, 114.16837 22.299933)"
1384,834,1271,1187352908,3610003009,0,1063897217,廣東道 Canton Road,secondary,True,47.86,2,,,,,,"LINESTRING (114.168462 22.300036, 114.168389 22.300113, 114.168273 22.300284, 114.168208 22.300395)"
1385,835,1521,1187352946,6705233532,0,40744657;102821091;40744647,九龍公園徑 Kowloon Park Drive,primary,True,479.424,2;3,,,,yes,,"LINESTRING (114.168558 22.30022, 114.168692 22.300071, 114.168727 22.300034, 114.168884 22.299863, 114.168935 22.299807, 114.169131 22.29956, 114.169232 22.299411, 114.169311 22.299262, 114.169431 22.298902, 114.16949 22.298693, 114.169587 22.298376, 114.169597 22.298347, 114.169838 22.297688, 114.16992 22.297448, 114.170281 22.296337, 114.170312 22.296282)"
1386,835,494,1187352946,988059784,0,245457934,廣東道 Canton Road,secondary,True,27.806,2,,,,,,"LINESTRING (114.168558 22.30022, 114.168544 22.30006, 114.168532 22.299972)"
1387,835,834,1187352946,1187352908,0,1097999010,,primary_link,True,22.817,1,,,,,,"LINESTRING (114.168558 22.30022, 114.168494 22.300092, 114.168462 22.300036)"
1388,836,1288,1187353031,4642297159,0,250489472,彌敦道 Nathan Road,secondary,True,13.376000000000001,2,,,,,,"LINESTRING (114.172428 22.294787, 114.172424 22.294746, 114.172414 22.294709, 114.172391 22.294674)"
1389,836,641,1187353031,1158360121,0,441121937,梳士巴利道 Salisbury Road,primary,True,80.608,4,50,,,,,"LINESTRING (114.172428 22.294787, 114.172553 22.294796, 114.172604 22.2948, 114.172656 22.294804, 114.173129 22.294839, 114.173208 22.294846)"
1390,837,1286,1187353069,4510286866,0,102826324,廣東道 Canton Road,primary,True,9.28,3,,,,,,"LINESTRING (114.168117 22.303032, 114.168122 22.302948)"
1391,837,926,1187353069,1624949938,0,102826314,柯士甸道 Austin Road,secondary,True,63.8,2,,,,,,"LINESTRING (114.168117 22.303032, 114.168255 22.30304, 114.168736 22.303068)"
1392,838,1104,1187353085,1649048105,0,124534184;102833835,彌敦道 Nathan Road,secondary,True,501.35999999999996,2,,,,,,"LINESTRING (114.171856 22.302638, 114.171877 22.302354, 114.171904 22.301884, 114.171912 22.30178, 114.171919 22.301681, 114.171922 22.301635, 114.171943 22.301367, 114.171951 22.30127, 114.171964 22.301076, 114.171969 22.300993, 114.171998 22.300562, 114.172002 22.300515, 114.172004 22.30049, 114.172018 22.300363, 114.17202 22.300314, 114.172025 22.300269, 114.172067 22.299682, 114.172071 22.299604, 114.172078 22.299523, 114.172102 22.299333, 114.17212 22.298977, 114.172134 22.298717, 114.172165 22.298215, 114.172169 22.298139)"
1393,839,9,1187353106,33476500,0,1388990513;106436297;1206288158,廣東道 Canton Road,primary,True,80.824,4;5,,,,,,"LINESTRING (114.167149 22.305191, 114.167035 22.305384, 114.166968 22.305492, 114.166916 22.305624, 114.1669 22.30566, 114.166869 22.305735, 114.166847 22.305856)"
1394,840,949,1187522454,1625209833,0,102833833,柯士甸道 Austin Road,secondary,False,11.272,4,,,,,,"LINESTRING (114.173582 22.303357, 114.173472 22.303354)"
1395,840,951,1187522454,1625209841,0,102674724,覺士道 Cox's Road,tertiary,False,79.621,2,,,,,,"LINESTRING (114.173582 22.303357, 114.173566 22.303546, 114.173551 22.303739, 114.173518 22.304071)"
1396,840,1397,1187522454,5104093648,0,103020609;991044313,柯士甸道 Austin Road,secondary,False,339.327,4,,,,,,"LINESTRING (114.173582 22.303357, 114.174585 22.303376, 114.174653 22.303378, 114.174728 22.30338, 114.175512 22.303406, 114.175629 22.30341, 114.175813 22.303421, 114.175948 22.303419, 114.176066 22.303396, 114.176181 22.303362, 114.17636 22.303296, 114.176813 22.303107)"
1397,841,849,1189558856,1189559382,0,103020434,衛理道 Wylie Road,primary_link,True,27.515,1,,,,,,"LINESTRING (114.176801 22.306447, 114.176907 22.306478, 114.176933 22.30649, 114.17696 22.306523, 114.177002 22.306589)"
1398,841,519,1189558856,990120205,0,762164033,加士居道 Gascoigne Road,primary,True,30.863999999999997,2,,,,,,"LINESTRING (114.176801 22.306447, 114.176934 22.3064, 114.177083 22.306354)"
1399,842,846,1189559073,1189559210,0,103020544,白蘭軒道 Blenheim Avenue,residential,False,22.344,2,,,,,,"LINESTRING (114.174588 22.296575, 114.17458 22.296627, 114.17458 22.296775)"
1400,843,1719,1189559084,13428650956,0,103020499,緬甸臺 Minden Row,residential,False,53.09,2,,,,,,"LINESTRING (114.173676 22.296779, 114.17368 22.296719, 114.173697 22.296477, 114.17371 22.296303)"
1401,843,1099,1189559084,1649047896,0,103020599,緬甸臺 Minden Row,residential,True,35.805,1,,,,,,"LINESTRING (114.173676 22.296779, 114.173649 22.297042, 114.173643 22.2971)"
1402,844,847,1189559154,1189559270,0,103020527,金巴利道 Kimberley Road,residential,True,19.287,,,,,,,"LINESTRING (114.175572 22.302194, 114.175513 22.302155, 114.175465 22.302154, 114.175407 22.302186)"
1403,844,434,1189559154,759630057,0,457400096;152073817,金巴利道 Kimberley Road;漆咸圍 Chatham Court,residential,True,148.275,1,,,,,,"LINESTRING (114.175572 22.302194, 114.17553 22.302094, 114.17548 22.301988, 114.17543 22.301957, 114.176149 22.301692, 114.176263 22.301648, 114.17642 22.301582, 114.176488 22.301565)"
1404,845,853,1189559158,1189560057,0,103020632,白蘭軒道 Blenheim Avenue,residential,True,36.324,1,,,,,,"LINESTRING (114.174601 22.297209, 114.174581 22.29714, 114.174579 22.297132, 114.174582 22.296885)"
1405,845,1107,1189559158,1649048150,0,152073823,河內道 Hanoi Road,residential,True,159.54800000000003,1,,,,,,"LINESTRING (114.174601 22.297209, 114.174525 22.297264, 114.174518 22.297269, 114.173592 22.298061, 114.173521 22.298122, 114.173479 22.29814, 114.173437 22.29814)"
1406,845,848,1189559158,1189559358,0,152073826,赫德道 Hart Avenue,residential,True,91.854,1,,,,,,"LINESTRING (114.174601 22.297209, 114.174614 22.297261, 114.174619 22.29728, 114.174544 22.297907, 114.174467 22.297966, 114.174442 22.297985)"
1407,845,432,1189559158,759629913,0,1210647523;152073844,麼地道 Mody Road,tertiary,True,92.14299999999999,2;3,,,,,,"LINESTRING (114.174601 22.297209, 114.175068 22.297256, 114.175304 22.297279, 114.175344 22.297282, 114.175425 22.297286, 114.175492 22.297281)"
1408,846,853,1189559210,1189560057,0,103020544,白蘭軒道 Blenheim Avenue,residential,False,12.222,2,,,,,,"LINESTRING (114.17458 22.296775, 114.174582 22.296885)"
1409,846,851,1189559210,1189559662,0,103020440,棉登徑 Minden Avenue,residential,False,44.269000000000005,1,,,,,,"LINESTRING (114.17458 22.296775, 114.174622 22.296769, 114.175004 22.296713)"
1410,846,842,1189559210,1189559073,0,103020544,白蘭軒道 Blenheim Avenue,residential,False,22.344,2,,,,,,"LINESTRING (114.17458 22.296775, 114.17458 22.296627, 114.174588 22.296575)"
1411,848,1108,1189559358,1649048220,0,152073826,赫德道 Hart Avenue,residential,True,69.13000000000001,1,,,,,,"LINESTRING (114.174442 22.297985, 114.174392 22.298024, 114.174044 22.298294, 114.174011 22.298319, 114.173993 22.298346, 114.173984 22.298382, 114.173989 22.298415)"
1412,849,850,1189559382,1189559654,0,272254645,衛理道 Wylie Road,tertiary,False,95.584,4,,,,,,"LINESTRING (114.177002 22.306589, 114.176764 22.30742)"
1413,849,519,1189559382,990120205,0,103020437,衛理道 Wylie Road,tertiary,False,27.436,3,,,,,,"LINESTRING (114.177002 22.306589, 114.177034 22.306502, 114.177045 22.306466, 114.177083 22.306354)"
1414,850,849,1189559654,1189559382,0,272254645,衛理道 Wylie Road,tertiary,False,95.584,4,,,,,,"LINESTRING (114.176764 22.30742, 114.177002 22.306589)"
1415,850,1571,1189559654,7598953722,0,103020441,衛理徑 Wylie Path,residential,False,271.19,,,,,,,"LINESTRING (114.176764 22.30742, 114.17683 22.307437, 114.177402 22.307582, 114.177441 22.307617, 114.177452 22.307664, 114.17733 22.308131, 114.177341 22.308161, 114.177353 22.308183, 114.177367 22.308203, 114.177452 22.30824, 114.17789 22.308406, 114.177924 22.308414, 114.17795 22.308414, 114.177978 22.308402, 114.177997 22.308391, 114.178016 22.308364, 114.178192 22.307886)"
1416,850,1004,1189559654,1636685510,0,272254645,衛理道 Wylie Road,tertiary,False,429.66800000000006,4,,,,,,"LINESTRING (114.176764 22.30742, 114.176515 22.30837, 114.17646 22.308578, 114.176408 22.308767, 114.176346 22.308989, 114.176194 22.309529, 114.176087 22.30991, 114.176057 22.310014, 114.176029 22.310229, 114.176025 22.31043, 114.176042 22.310643, 114.176084 22.310867, 114.176113 22.310949, 114.176131 22.311, 114.176195 22.311181)"
1417,851,846,1189559662,1189559210,0,103020440,棉登徑 Minden Avenue,residential,False,44.269000000000005,1,,,,,,"LINESTRING (114.175004 22.296713, 114.174622 22.296769, 114.17458 22.296775)"
1418,852,1120,1189559738,1649048995,0,33613665;33613691;85320781;103020647,暢運道 Cheong Wan Road;安運道 On Wan Road,tertiary,True,294.0799999999999,1,,,,viaduct;yes,,"LINESTRING (114.178336 22.302538, 114.178521 22.302447, 114.178669 22.302387, 114.178854 22.302328, 114.179078 22.302277, 114.179189 22.302256, 114.179295 22.30224, 114.180675 22.302114, 114.180837 22.302105, 114.180895 22.302104, 114.180952 22.302108, 114.180992 22.302124, 114.181026 22.302145, 114.181093 22.302203)"
1419,852,1659,1189559738,11061534567,0,152073831,康泰徑 Hong Tai Path,secondary,True,103.14800000000001,1,,,,,,"LINESTRING (114.178336 22.302538, 114.178481 22.302508, 114.178725 22.302461, 114.179101 22.302424, 114.179225 22.302419, 114.17928 22.302421, 114.179327 22.302427)"
1420,853,846,1189560057,1189559210,0,103020544,白蘭軒道 Blenheim Avenue,residential,False,12.222,2,,,,,,"LINESTRING (114.174582 22.296885, 114.17458 22.296775)"
1421,853,843,1189560057,1189559084,0,103020615,棉登徑 Minden Avenue,residential,True,93.909,,,,,,,"LINESTRING (114.174582 22.296885, 114.174533 22.29688, 114.173736 22.296786, 114.173676 22.296779)"
1422,854,1719,1189560073,13428650956,0,103020499,緬甸臺 Minden Row,residential,False,7.78,2,,,,,,"LINESTRING (114.173715 22.296233, 114.17371 22.296303)"
1423,855,860,1191992671,1192596686,0,30149768,長沙灣道 Cheung Sha Wan Road,primary,True,72.597,4,,,,,,"LINESTRING (114.1653 22.328488, 114.165386 22.328418, 114.16561 22.328236, 114.165708 22.328158, 114.165797 22.328085, 114.165831 22.328058)"
1424,855,274,1191992671,420027776,0,103274838,黃竹街 Wong Chuk Street,tertiary,True,64.137,3,,,,,,"LINESTRING (114.1653 22.328488, 114.165378 22.328575, 114.165542 22.328758, 114.165699 22.328932)"
1425,856,782,1191992716,1181846041,0,494691405,南昌街 Nam Cheong Street,secondary,True,13.071,3,,,,,,"LINESTRING (114.163818 22.32964, 114.163731 22.329554)"
1426,856,858,1191992716,1191992770,0,103274856,長沙灣道 Cheung Sha Wan Road,primary,True,98.662,3,,,,,,"LINESTRING (114.163818 22.32964, 114.163895 22.329581, 114.164556 22.329073)"
1427,857,856,1191992764,1191992716,0,103239110,長沙灣道 Cheung Sha Wan Road,primary,True,22.304,3,,,,,,"LINESTRING (114.163652 22.32977, 114.163818 22.32964)"
1428,857,272,1191992764,420027774,0,1203105134;103274863,南昌街 Nam Cheong Street,secondary,True,62.437,2;3,,,,,,"LINESTRING (114.163652 22.32977, 114.163708 22.329836, 114.163963 22.330122, 114.164036 22.330205)"
1429,858,855,1191992770,1191992671,0,103274856,長沙灣道 Cheung Sha Wan Road,primary,True,100.506,3,,,,,,"LINESTRING (114.164556 22.329073, 114.164834 22.328861, 114.164879 22.328824, 114.165213 22.328556, 114.165234 22.328539, 114.1653 22.328488)"
1430,859,205,1191992818,339054158,0,247877355,欽州街 Yen Chow Street,secondary,True,13.643,2,,,,,,"LINESTRING (114.161066 22.331769, 114.160983 22.331674)"
1431,859,857,1191992818,1191992764,0,103239117;1063573662;1203105127,長沙灣道 Cheung Sha Wan Road,primary,True,346.7289999999999,4;3,,,,,,"LINESTRING (114.161066 22.331769, 114.16119 22.331672, 114.161216 22.331652, 114.161752 22.331237, 114.161789 22.331208, 114.161881 22.331137, 114.162184 22.330896, 114.162206 22.330879, 114.162291 22.330811, 114.162394 22.330729, 114.16251 22.330638, 114.162591 22.330575, 114.162682 22.330505, 114.16271 22.330484, 114.162763 22.330444, 114.163144 22.330152, 114.163211 22.330101, 114.16345 22.329922, 114.163504 22.329882, 114.163652 22.32977)"
1432,860,1616,1192596686,9197539595,0,736516642;996069411;30658275;736516647;99713768;103239125;996069404;996069405,界限街 Boundary Street;界限街天橋 Boundary Street Flyover;長沙灣道 Cheung Sha Wan Road,primary,True,582.4280000000002,2,,,,viaduct,,"LINESTRING (114.165831 22.328058, 114.165846 22.327985, 114.166019 22.32785, 114.166911 22.327171, 114.166965 22.32713, 114.167426 22.326777, 114.167558 22.326685, 114.167655 22.32663, 114.167738 22.326591, 114.167822 22.32656, 114.167886 22.326543, 114.167975 22.326525, 114.168059 22.326518, 114.168173 22.326517, 114.16853 22.326538, 114.168567 22.32654, 114.168938 22.326562, 114.169358 22.326583, 114.169628 22.326595, 114.170248 22.326619, 114.170493 22.326629, 114.170573 22.326632, 114.170746 22.326634, 114.170884 22.326633)"
1433,860,632,1192596686,1152803610,0,388165712;996069413;494728136,長沙灣道 Cheung Sha Wan Road,primary,True,169.62599999999998,2,,,,,,"LINESTRING (114.165831 22.328058, 114.165899 22.328035, 114.166051 22.327916, 114.166266 22.327748, 114.166924 22.327244, 114.166984 22.327207, 114.167016 22.327194, 114.16706 22.327175, 114.167139 22.327142)"
1434,861,1065,1193696736,1641766446,0,437031182,元州街 Un Chau Street,secondary,True,37.151,2,,,,,,"LINESTRING (114.166027 22.330159, 114.165897 22.330259, 114.165863 22.330288, 114.16581 22.330327, 114.165749 22.330372)"
1435,861,681,1193696736,1166348480,0,1078008574,大埔道 Tai Po Road,primary,True,44.742000000000004,2,,,,,,"LINESTRING (114.166027 22.330159, 114.165901 22.330386, 114.165878 22.330416, 114.165836 22.330467, 114.165806 22.330504)"
1436,863,790,1193696744,1181846119,0,437031178,南昌街 Nam Cheong Street,secondary,True,19.3,2,,,,,,"LINESTRING (114.165126 22.331115, 114.165075 22.331054, 114.165053 22.331027, 114.165012 22.330977)"
1437,864,628,1193696748,1152803601,0,45241118,大埔道 Tai Po Road,primary,True,95.253,2,,,,,,"LINESTRING (114.167177 22.327804, 114.167092 22.327974, 114.167071 22.328017, 114.167043 22.328073, 114.166951 22.328258, 114.166907 22.328348, 114.16679 22.328582)"
1438,864,270,1193696748,420027772,0,85988274,福華街 Fuk Wa Street,residential,True,97.37200000000001,,,,,,,"LINESTRING (114.167177 22.327804, 114.166982 22.327952, 114.166447 22.328362)"
1439,865,867,1194152559,1194152580,0,718063544,欽州街 Yen Chow Street,secondary,True,13.335,3,,,,,,"LINESTRING (114.16089 22.331747, 114.160977 22.331836)"
1440,865,1347,1194152559,4862705207,0,955964475;103411707;955964476,長沙灣道 Cheung Sha Wan Road,primary,True,237.57099999999997,3,,,,,,"LINESTRING (114.16089 22.331747, 114.160799 22.331815, 114.160781 22.33183, 114.160479 22.332065, 114.160209 22.33228, 114.160036 22.332404, 114.159899 22.332511, 114.159813 22.332577, 114.159628 22.332722, 114.159401 22.332898, 114.159343 22.332944, 114.159119 22.333118)"
1441,866,865,1194152567,1194152559,0,288479675;288479676,欽州街 Yen Chow Street,secondary,True,116.71700000000001,3,,,,,,"LINESTRING (114.16016 22.330943, 114.160407 22.331216, 114.16044 22.331252, 114.160765 22.331609, 114.160802 22.331648, 114.16089 22.331747)"
1442,867,859,1194152580,1191992818,0,103411736,長沙灣道 Cheung Sha Wan Road,primary,True,11.712,4,,,,,,"LINESTRING (114.160977 22.331836, 114.161066 22.331769)"
1443,867,868,1194152580,1194152581,0,103411688;494731935,欽州街 Yen Chow Street,secondary,True,63.239,2;3,,,,,,"LINESTRING (114.160977 22.331836, 114.16104 22.331908, 114.161079 22.331954, 114.161174 22.332066, 114.161278 22.332187, 114.16136 22.332281)"
1444,868,102,1194152581,308475224,0,881965021,福華街 Fuk Wa Street,tertiary,True,12.364,,,,,,,"LINESTRING (114.16136 22.332281, 114.161454 22.332212)"
1445,868,862,1194152581,1193696741,0,103411729,欽州街 Yen Chow Street,secondary,True,130.249,2,,,,,,"LINESTRING (114.16136 22.332281, 114.16145 22.332382, 114.161574 22.33252, 114.161758 22.332725, 114.161997 22.33299, 114.162038 22.333036, 114.162169 22.333182)"
1446,869,1251,1194205370,2999564052,0,103422576;493946550,巴域街 Berwick Street,residential,False,151.676,,,,,,,"LINESTRING (114.16728 22.330183, 114.16723 22.330254, 114.167169 22.330334, 114.167137 22.330393, 114.167121 22.330438, 114.167109 22.33049, 114.167101 22.330559, 114.167132 22.330727, 114.167128 22.33075, 114.167121 22.330764, 114.16711 22.330784, 114.167085 22.330818, 114.166995 22.330901, 114.166701 22.331173, 114.166652 22.331224, 114.166573 22.331296)"
1447,870,684,1194205379,1166348496,0,100970017,大埔道 Tai Po Road,primary,True,118.56700000000001,2,,,,,,"LINESTRING (114.163646 22.333065, 114.163665 22.333037, 114.163696 22.332993, 114.164378 22.332242)"
1448,871,70,1203389481,289337013,0,26409006,連翔道 Lin Cheung Road,trunk,True,218.442,2,80,,,,,"LINESTRING (114.152055 22.327715, 114.152659 22.327286, 114.153182 22.3269, 114.153715 22.32649)"
1449,872,1263,1203389492,3336091197,0,282868464;151355579;151355621;282868459,連翔道 Lin Cheung Road;欽州街西 Yen Chow Street West,secondary,True,445.36000000000007,2;3,,,,,,"LINESTRING (114.152509 22.327589, 114.152805 22.327374, 114.153274 22.327012, 114.153651 22.32671, 114.154161 22.326305, 114.154632 22.325908, 114.154839 22.325734, 114.154936 22.325665, 114.155024 22.325622, 114.155119 22.325594, 114.155185 22.325585, 114.155245 22.325584, 114.155305 22.32559, 114.155353 22.325604, 114.1554 22.32563, 114.155478 22.32569, 114.155539 22.325754, 114.155662 22.325901, 114.155694 22.325937, 114.15581 22.326084)"
1450,873,440,1208936450,804106467,0,494254440,亞皆老街 Argyle Street,primary,True,7.936,3,,,,,,"LINESTRING (114.177487 22.321292, 114.177549 22.321334)"
1451,874,1637,1210796218,10005351564,0,494503496;441937725,暢運道 Cheong Wan Road,tertiary,True,53.917,2,,,,viaduct,,"LINESTRING (114.18288 22.303953, 114.182917 22.303656, 114.182925 22.30347)"
1452,875,1083,1210796259,1642184531,0,1119621150,寶其利街 Bulkeley Street,tertiary,True,49.967999999999996,,,,,,,"LINESTRING (114.185178 22.307207, 114.184845 22.307416, 114.184776 22.30746)"
1453,876,874,1210796370,1210796218,0,494503496;105025236;442610589,暢運道 Cheong Wan Road,tertiary,True,79.26100000000001,2,,,,viaduct,,"LINESTRING (114.182173 22.304101, 114.18241 22.304092, 114.182543 22.304088, 114.182676 22.304087, 114.182739 22.304076, 114.182791 22.304058, 114.182843 22.304019, 114.18286 22.303997, 114.18288 22.303953)"
1454,878,1664,1210796494,11161404793,0,105025281,安靜道 On Ching Road,residential,False,12.667,,,,,,,"LINESTRING (114.182307 22.305864, 114.182407 22.305798)"
1455,879,220,1213567465,384377185,0,105307508,紅磡南道 Hung Hom South Road,secondary_link,True,13.464,1,,,,,,"LINESTRING (114.183656 22.30599, 114.183786 22.306007)"
1456,879,514,1213567465,990120107,0,1166188664;1382980375,機利士南路 Gillies Avenue South,tertiary,True,28.268,2,,,,,,"LINESTRING (114.183656 22.30599, 114.183697 22.306059, 114.183711 22.306083, 114.183746 22.306143, 114.183772 22.306219)"
1457,880,881,1215868259,1215868262,0,105586323,馬來街 Malacca Street,residential,True,42.288,1,,,,,,"LINESTRING (114.182879 22.307632, 114.182916 22.307683, 114.183069 22.307892, 114.183109 22.307948)"
1458,881,1084,1215868262,1642184594,0,151396607,曲街 Cooke Street,residential,True,50.091,1,,,,,,"LINESTRING (114.183109 22.307948, 114.183513 22.307696)"
1459,882,361,1215986282,582482198,0,5108613,佛光街 Fat Kwong Street,tertiary,True,231.22099999999998,1,50,,,,,"LINESTRING (114.187366 22.308827, 114.186977 22.308828, 114.186911 22.308828, 114.186788 22.308828, 114.186687 22.308828, 114.186273 22.308829, 114.186176 22.308829, 114.18608 22.308839, 114.185986 22.308861, 114.185888 22.308896, 114.185796 22.308944, 114.185711 22.309002, 114.185328 22.309364)"
1460,884,1138,1216222854,1651827820,0,105619045,美善同里 Maidstone Lane,residential,False,22.692,,,,,,,"LINESTRING (114.187178 22.319522, 114.186957 22.319521)"
1461,885,883,1216222866,1216132235,0,85320852,安徽街 Anhui Street,residential,True,59.967,,,,,,,"LINESTRING (114.187494 22.314955, 114.187399 22.314966, 114.187 22.315011, 114.186916 22.315022)"
1462,885,472,1216222866,988059474,0,514553125;1374425471,馬頭圍道 Ma Tau Wai Road,primary,True,53.973,3,50,,,,,"LINESTRING (114.187494 22.314955, 114.187502 22.315029, 114.18753 22.315356, 114.187537 22.315439)"
1463,886,1530,1217459802,6718666186,0,714786158,紅磡南道 Hung Hom South Road,tertiary,True,20.04,1,,,,,,"LINESTRING (114.186148 22.304506, 114.186045 22.304659)"
1464,886,299,1217459802,459476448,0,105716445,紅荔道 Hung Lai Road,tertiary_link,True,42.013,1,,,,,,"LINESTRING (114.186148 22.304506, 114.185999 22.304576, 114.18594 22.304596, 114.185896 22.304596, 114.185832 22.304592, 114.185763 22.30458)"
1465,887,1174,1220978387,1651827933,0,106034145,福祥街 Fuk Cheung Street,residential,False,95.627,2,,,,,,"LINESTRING (114.186417 22.324673, 114.186524 22.32474, 114.187105 22.325079, 114.187201 22.325135)"
1466,888,322,1220978389,519829961,0,41954703,九龍城道 Kowloon City Road,secondary,True,19.636,3,,,,,,"LINESTRING (114.190944 22.32234, 114.190968 22.322389, 114.190982 22.32242, 114.191028 22.322498)"
1467,889,484,1220978448,988059643,0,85201004,土瓜灣道 To Kwa Wan Road,secondary,False,90.358,4,,,,,,"LINESTRING (114.193659 22.320459, 114.193858 22.32087, 114.193951 22.321054, 114.194023 22.321199)"
1468,889,475,1220978448,988059491,0,636050488,土瓜灣道 To Kwa Wan Road,secondary,True,35.772999999999996,2,,,,,,"LINESTRING (114.193659 22.320459, 114.193555 22.320327, 114.193525 22.320295, 114.193443 22.320208)"
1469,889,896,1220978448,1220979109,0,737078842;1374425475;106034093,馬頭角道 Ma Tau Kok Road,tertiary,True,161.56599999999997,1;2,,,,,,"LINESTRING (114.193659 22.320459, 114.193628 22.320383, 114.193626 22.320335, 114.19364 22.320303, 114.193663 22.320271, 114.193692 22.320247, 114.193742 22.320218, 114.194709 22.319803, 114.194743 22.319761, 114.194729 22.319732, 114.194716 22.319704, 114.194652 22.319699)"
1470,890,326,1220978482,519918268,0,961213233;1374816708,宋皇臺道 Sung Wong Toi Road,secondary,True,111.46900000000001,3,50,,,,,"LINESTRING (114.191307 22.323448, 114.191193 22.323499, 114.190424 22.32384, 114.190352 22.32391)"
1471,891,1508,1220978497,6705233260,0,41955127,農圃道 Farm Road,tertiary,True,72.659,2,,,,,,"LINESTRING (114.185862 22.321021, 114.185252 22.321014, 114.185156 22.321012)"
1472,891,894,1220978497,1220978884,0,106034130,英才徑 Ying Choi Path,residential,False,64.996,,,,,,,"LINESTRING (114.185862 22.321021, 114.185862 22.320964, 114.185868 22.320437)"
1473,892,1533,1220978620,6748929685,0,1193775410;1193775423,幸運道 Hang Wan Road,secondary_link,True,29.631999999999998,2,50,,,,,"LINESTRING (114.189515 22.325286, 114.189625 22.32521, 114.18968 22.325188, 114.18976 22.325147)"
1474,892,1534,1220978620,6748929687,0,1193775424;718766336;1193775421,幸運道 Hang Wan Road,secondary_link,True,37.53,1,,,,,,"LINESTRING (114.189515 22.325286, 114.189635 22.325293, 114.189685 22.325299, 114.189751 22.325324, 114.189852 22.325389)"
1475,893,1498,1220978664,6705233064,0,1213951272,天光道 Tin Kwong Road,tertiary,False,47.832,4,,,,,,"LINESTRING (114.186875 22.320016, 114.18641 22.320018)"
1476,893,1383,1220978664,5102189142,0,1213951273;197981078,天光道 Tin Kwong Road,tertiary,False,57.985,4,,,,,,"LINESTRING (114.186875 22.320016, 114.186897 22.320017, 114.18723 22.320023, 114.187342 22.320025, 114.187399 22.320026, 114.187439 22.320032)"
1477,894,891,1220978884,1220978497,0,106034130,英才徑 Ying Choi Path,residential,False,64.996,,,,,,,"LINESTRING (114.185868 22.320437, 114.185862 22.320964, 114.185862 22.321021)"
1478,895,497,1220979049,988059866,0,232499457,馬頭圍道 Ma Tau Wai Road,primary,True,7.917,3,,,,,,"LINESTRING (114.18764 22.320122, 114.187641 22.32005)"
1479,895,1505,1220979049,6705233214,0,230954985;152360006,馬坑涌道 Ma Hang Chung Road;北帝街 Pak Tai Street,tertiary,True,153.62800000000001,2,,,,,,"LINESTRING (114.18764 22.320122, 114.187735 22.320172, 114.187927 22.320275, 114.188393 22.321192, 114.188422 22.321248)"
1480,896,1141,1220979109,1651827825,0,85200968,馬頭角道 Ma Tau Kok Road,tertiary,True,27.323,2,,,,,,"LINESTRING (114.194652 22.319699, 114.194408 22.319796)"
1481,896,313,1220979109,494142279,0,152359886,興仁街 Hing Yan Street,residential,False,57.532000000000004,,,,,,,"LINESTRING (114.194652 22.319699, 114.194633 22.31966, 114.194423 22.319227)"
1482,897,888,1220979220,1220978389,0,41954703,九龍城道 Kowloon City Road,secondary,True,71.762,3,,,,,,"LINESTRING (114.19066 22.32175, 114.190944 22.32234)"
1483,897,888,1220979220,1220978389,1,106034141,九龍城道 Kowloon City Road,residential,True,89.83699999999999,1,,,,,,"LINESTRING (114.19066 22.32175, 114.19074 22.32172, 114.191028 22.322305, 114.190944 22.32234)"
1484,898,903,1222130305,1222130866,0,954975648,,residential,False,118.84899999999999,2,,,,,,"LINESTRING (114.174308 22.321359, 114.174304 22.321286, 114.17428 22.321215, 114.174243 22.321154, 114.174182 22.321054, 114.173792 22.320412)"
1485,899,1238,1222130498,2772111189,0,106149912;1433971787;1433971790,忠民街 Chung Man Street,tertiary,True,28.305999999999997,1,50,,,,,"LINESTRING (114.177489 22.315034, 114.177413 22.315013, 114.177383 22.315006, 114.177334 22.314982, 114.177292 22.314956, 114.177239 22.314932)"
1486,899,993,1222130498,1636641331,0,106150002;1433971789,忠民街 Chung Man Street,tertiary,False,49.598,2,50,,,,,"LINESTRING (114.177489 22.315034, 114.177543 22.315025, 114.177847 22.314976, 114.177964 22.314956)"
1487,900,997,1222130508,1636641357,0,106149898,牧愛街 Good Shepherd Street,residential,False,72.86500000000001,2,,,,,,"LINESTRING (114.179181 22.316616, 114.179332 22.316617, 114.179536 22.316541, 114.179567 22.316503, 114.179599 22.316455, 114.179606 22.31641, 114.179553 22.316256)"
1488,901,591,1222130515,1151084807,0,106149940,嘉道理道 Kadoorie Avenue,primary_link,True,22.394,1,,,,,,"LINESTRING (114.174072 22.320121, 114.173989 22.320124, 114.173961 22.32013, 114.173937 22.320141, 114.173913 22.320154, 114.173878 22.320189)"
1489,901,1613,1222130515,8983466243,0,1212107160;1212107161;435421052,亞皆老街 Argyle Street,primary,True,142.021,4;3,,,,,,"LINESTRING (114.174072 22.320121, 114.173895 22.320082, 114.173817 22.320066, 114.173759 22.320056, 114.17362 22.320032, 114.173459 22.320005, 114.173216 22.319963, 114.172853 22.319901, 114.1728 22.31989, 114.172718 22.319873)"
1490,902,992,1222130707,1636641328,0,106150021,忠孝街 Chung Hau Street,tertiary,False,12.662,2,50,,,,,"LINESTRING (114.181684 22.31454, 114.181562 22.314525)"
1491,902,463,1222130707,804108174,0,485779595,佛光街 Fat Kwong Street,secondary,True,103.808,3,50,,,,,"LINESTRING (114.181684 22.31454, 114.18171 22.314424, 114.181754 22.314223, 114.181917 22.313632)"
1492,903,591,1222130866,1151084807,0,106149824,,residential,True,27.351,1,,,,,,"LINESTRING (114.173792 22.320412, 114.173787 22.320367, 114.173794 22.320323, 114.173821 22.320266, 114.173836 22.32024, 114.173878 22.320189)"
1493,903,898,1222130866,1222130305,0,954975648,,residential,False,118.84899999999999,2,,,,,,"LINESTRING (114.173792 22.320412, 114.174182 22.321054, 114.174243 22.321154, 114.17428 22.321215, 114.174304 22.321286, 114.174308 22.321359)"
1494,904,903,1222131060,1222130866,0,106149937,,residential,True,34.019999999999996,1,,,,,,"LINESTRING (114.173634 22.320146, 114.173688 22.320205, 114.173705 22.320251, 114.173725 22.320294, 114.173752 22.320344, 114.173792 22.320412)"
1495,904,591,1222131060,1151084807,0,268598771,亞皆老街 Argyle Street,primary,True,25.541999999999998,3,,,,,,"LINESTRING (114.173634 22.320146, 114.173773 22.32017, 114.173796 22.320174, 114.173878 22.320189)"
1496,905,920,1266044669,1409998422,0,37416158;1069896206,沙浦道 Sa Po Road,tertiary,True,209.75,2,,,,,,"LINESTRING (114.192761 22.330464, 114.19276 22.330419, 114.192756 22.330284, 114.192742 22.329634, 114.192738 22.329515, 114.192736 22.329455, 114.192727 22.329398, 114.192695 22.329328, 114.192633 22.329253, 114.192426 22.32908, 114.192321 22.329014, 114.19221 22.32895, 114.19207 22.328869)"
1497,905,920,1266044669,1409998422,1,152359841;125510210,賈炳達道 Carpenter Road;啓德道 Kai Tak Road,residential,True,236.69099999999997,,,,,,,"LINESTRING (114.192761 22.330464, 114.192684 22.330466, 114.192267 22.330476, 114.192241 22.33047, 114.192218 22.330459, 114.192199 22.330441, 114.192187 22.33042, 114.192182 22.330396, 114.19216 22.329257, 114.19214 22.328972, 114.192128 22.328933, 114.19207 22.328869)"
1498,905,914,1266044669,1393738983,0,125510211;152360029,賈炳達道 Carpenter Road;石鼓壟道 Shek Ku Lung Road,residential,False,90.869,,,,,,,"LINESTRING (114.192761 22.330464, 114.192827 22.330462, 114.193289 22.330448, 114.193307 22.330429, 114.193312 22.330405, 114.193305 22.330126)"
1499,906,1266,1268399068,3336091210,0,41415528,昌新里 Cheong San Lane,residential,False,235.63100000000003,2,,,,,,"LINESTRING (114.159062 22.326199, 114.158791 22.32641, 114.158184 22.326873, 114.157449 22.327436, 114.157427 22.327453, 114.157298 22.32755)"
1500,906,906,1268399068,1268399068,0,111301057,昌新里 Cheong San Lane,residential,True,52.011,1,,,,,,"LINESTRING (114.159062 22.326199, 114.159082 22.326215, 114.159106 22.326225, 114.159133 22.326226, 114.159159 22.32622, 114.159181 22.326206, 114.159196 22.326186, 114.159205 22.326162, 114.159204 22.326138, 114.159195 22.326115, 114.159178 22.326096, 114.159156 22.326083, 114.15913 22.326077, 114.159103 22.32608, 114.159079 22.32609, 114.15906 22.326107, 114.159048 22.326129, 114.159044 22.326153, 114.159049 22.326177, 114.159062 22.326199)"
1501,907,245,1293266513,394176285,0,114127031,東寶庭道 Dumbarton Road,residential,False,45.788000000000004,,,,,,,"LINESTRING (114.182332 22.331721, 114.181972 22.331632, 114.181902 22.331614)"
1502,908,59,1295869666,288995381,0,963193029;963193030;26379743,,secondary,True,82.478,2,,,,,,"LINESTRING (114.156992 22.317283, 114.156978 22.317249, 114.156957 22.317218, 114.15691 22.317175, 114.156851 22.317149, 114.156785 22.31714, 114.156714 22.317152, 114.156654 22.317184, 114.156626 22.317208, 114.156604 22.317237, 114.156588 22.317269, 114.156578 22.317304, 114.156575 22.317339, 114.156579 22.317374, 114.156589 22.317408, 114.156606 22.31744, 114.156629 22.317468, 114.156657 22.317492)"
1503,909,1368,1295869670,5052279539,0,691539436,,secondary,True,15.18,2,,,,,,"LINESTRING (114.156843 22.317526, 114.156889 22.317509, 114.156929 22.317483, 114.156962 22.317449)"
1504,910,44,1329833940,278950461,0,28112961,柯士甸道西 Austin Road West,tertiary,True,17.27,2,,,,,,"LINESTRING (114.159626 22.303153, 114.159638 22.303137, 114.159665 22.303074, 114.159673 22.303006)"
1505,911,912,1329857318,1329857374,0,512350012,柯士甸道西 Austin Road West,secondary,True,11.434999999999999,2,,,,yes,,"LINESTRING (114.159538 22.303064, 114.159548 22.303052, 114.159556 22.303039, 114.159562 22.303026, 114.159565 22.303011, 114.159567 22.302997, 114.159567 22.302982, 114.159564 22.302968)"
1506,912,1418,1329857374,5137162815,0,1395984609;25590187;39565343,柯士甸道西 Austin Road West,secondary,True,198.703,2,,,,yes,,"LINESTRING (114.159564 22.302968, 114.159593 22.302929, 114.15966 22.302877, 114.159734 22.302829, 114.159828 22.302783, 114.160003 22.302702, 114.160121 22.302666, 114.160263 22.302632, 114.160424 22.302617, 114.160558 22.302609, 114.160703 22.302604, 114.160872 22.30261, 114.161098 22.302611, 114.161247 22.302621, 114.161301 22.302625, 114.161352 22.302629, 114.161391 22.302632)"
1507,912,48,1329857374,278951704,0,512350012,柯士甸道西 Austin Road West,secondary,True,16.307,2,,,,yes,,"LINESTRING (114.159564 22.302968, 114.159553 22.30294, 114.159535 22.302916, 114.15951 22.302898, 114.159482 22.302886, 114.15945 22.302881)"
1508,913,1377,1351008363,5101814997,0,700506435;963535971;763388006;1015406000;120493490;524220851,棠蔭街 Tong Yam Street,residential,True,378.44100000000014,,30,,,,,"LINESTRING (114.172088 22.329407, 114.171898 22.329399, 114.171878 22.329398, 114.17131 22.329372, 114.17109 22.329364, 114.171066 22.329363, 114.171058 22.329363, 114.171022 22.329363, 114.170988 22.329369, 114.170955 22.329382, 114.170926 22.329401, 114.170901 22.329426, 114.170882 22.329454, 114.17087 22.329485, 114.170865 22.329518, 114.170873 22.329969, 114.170871 22.329987, 114.170866 22.330004, 114.17086 22.330021, 114.17085 22.330037, 114.170538 22.330448, 114.170495 22.330513, 114.17046 22.330582, 114.170433 22.330653, 114.170418 22.330711, 114.170408 22.330769, 114.170404 22.330828, 114.170406 22.330981, 114.170408 22.331164, 114.170409 22.33124, 114.170408 22.331285, 114.170402 22.331346, 114.170393 22.33139, 114.170383 22.331434, 114.170374 22.331469, 114.170363 22.331501, 114.17035 22.331529, 114.170323 22.331568)"
1509,913,1378,1351008363,5101814998,0,763388003;763388004;268928362;268928558;723119487,大坑東道 Tai Hang Tung Road,secondary,False,330.198,2;3,,,,,,"LINESTRING (114.172088 22.329407, 114.172062 22.329953, 114.172055 22.330111, 114.171978 22.330368, 114.171869 22.33058, 114.1717 22.330835, 114.171691 22.330847, 114.17163 22.33093, 114.171602 22.330968, 114.171542 22.331038, 114.171481 22.331108, 114.171372 22.331216, 114.171316 22.331266, 114.171275 22.331294, 114.171224 22.331329, 114.171159 22.331366, 114.171094 22.331398, 114.171023 22.33143, 114.170937 22.331465, 114.170829 22.331501, 114.170713 22.331528, 114.170597 22.331544, 114.170556 22.33155, 114.170519 22.331553, 114.170477 22.331558, 114.17041 22.331563)"
1510,913,1621,1351008363,9199524787,0,996259420,大坑東道 Tai Hang Tung Road,secondary,False,108.11,2,,,,,,"LINESTRING (114.172088 22.329407, 114.172096 22.329139, 114.172116 22.328435)"
1511,914,905,1393738983,1266044669,0,125510211;152360029,石鼓壟道 Shek Ku Lung Road;賈炳達道 Carpenter Road,residential,False,90.869,,,,,,,"LINESTRING (114.193305 22.330126, 114.193312 22.330405, 114.193307 22.330429, 114.193289 22.330448, 114.192827 22.330462, 114.192761 22.330464)"
1512,915,1270,1394414518,3338147030,0,327096758,欽州街 Yen Chow Street,secondary,True,10.811,2,,,,,,"LINESTRING (114.159183 22.329653, 114.159115 22.329579)"
1513,915,775,1394414518,1180818608,0,255224896,荔枝角道 Lai Chi Kok Road,primary,True,115.59100000000001,3,,,,,,"LINESTRING (114.159183 22.329653, 114.159277 22.329591, 114.159606 22.329337, 114.159914 22.329108, 114.15996 22.329073, 114.160056 22.328999)"
1514,916,476,1408521472,988059511,0,1193775418;127207147,馬頭涌道 Ma Tau Chung Road,secondary,True,148.196,2;3,,,,,,"LINESTRING (114.190062 22.326741, 114.189966 22.326605, 114.189916 22.326518, 114.189848 22.326387, 114.189792 22.326279, 114.189754 22.326206, 114.189649 22.326003, 114.189416 22.325552)"
1515,916,1540,1408521472,6778873058,0,723895584,九龍城迴旋處 Kowloon City Roundabout,secondary,True,41.777,2,,,,,,"LINESTRING (114.190062 22.326741, 114.189955 22.326709, 114.189908 22.326697, 114.189862 22.326693, 114.189816 22.326697, 114.189772 22.326709, 114.189731 22.326728, 114.189698 22.326753, 114.189685 22.326764)"
1516,917,438,1408521475,804106378,0,494717794;44831499;1315073894,亞皆老街 Argyle Street,secondary,True,175.938,2,,,,,,"LINESTRING (114.189544 22.326898, 114.189497 22.326921, 114.189447 22.326938, 114.189395 22.326947, 114.189336 22.32695, 114.189278 22.326944, 114.189232 22.326931, 114.189177 22.326911, 114.189119 22.326883, 114.188855 22.326732, 114.188748 22.326672, 114.188652 22.326617, 114.18854 22.326554, 114.188272 22.326395, 114.188191 22.326358, 114.188115 22.326323, 114.188037 22.326286)"
1517,917,351,1408521475,568369991,0,767474164,九龍城迴旋處 Kowloon City Roundabout,secondary,True,45.535000000000004,2,,,,,,"LINESTRING (114.189544 22.326898, 114.189508 22.326936, 114.189473 22.326975, 114.189441 22.327017, 114.189414 22.327062, 114.18939 22.327108, 114.189372 22.327156, 114.189357 22.327206, 114.189347 22.327256)"
1518,918,340,1408521488,568273430,0,485779594;208243541;1315073886,太子道西 Prince Edward Road West,secondary,True,142.56900000000002,2,,,,,,"LINESTRING (114.189329 22.327373, 114.189308 22.327398, 114.189285 22.327421, 114.189252 22.327447, 114.189216 22.32747, 114.189181 22.327487, 114.189143 22.327498, 114.189104 22.327505, 114.189064 22.327507, 114.189025 22.327503, 114.188564 22.327404, 114.188431 22.327378, 114.18841 22.327377, 114.188376 22.327374, 114.188251 22.327368, 114.188205 22.327364, 114.188098 22.327367, 114.188009 22.327366)"
1519,918,1312,1408521488,4848365922,0,1287323520;767474162,九龍城迴旋處 Kowloon City Roundabout,secondary,True,51.701,2,,,,,,"LINESTRING (114.189329 22.327373, 114.189324 22.327408, 114.189322 22.327448, 114.189325 22.327486, 114.189334 22.327524, 114.189348 22.327561, 114.189367 22.327596, 114.189391 22.327628, 114.189419 22.327657, 114.189552 22.327754)"
1520,919,1298,1408521515,4777713345,0,1144802690;1144802691;230850397,太子道西 Prince Edward Road West,secondary,True,164.27599999999998,1;3;2,50,,,,,"LINESTRING (114.191595 22.327867, 114.191553 22.327796, 114.191483 22.327742, 114.191458 22.327728, 114.191355 22.327678, 114.191245 22.327625, 114.191149 22.327578, 114.191125 22.327566, 114.191029 22.327516, 114.19092 22.327458, 114.190799 22.327394, 114.190766 22.327376, 114.190688 22.327325, 114.190581 22.327256, 114.190508 22.327191, 114.190314 22.327014)"
1521,919,468,1408521515,988059409,0,1315073923;1315073927;44820808;127207146;1193775416;279959551,九龍城天橋 Kowloon City flyover,primary,True,402.626,1,50,,,viaduct,,"LINESTRING (114.191595 22.327867, 114.191515 22.327857, 114.19138 22.327786, 114.191109 22.327648, 114.190654 22.327419, 114.19057 22.327371, 114.190508 22.327331, 114.190447 22.327288, 114.190356 22.327218, 114.190212 22.327084, 114.19014 22.327011, 114.19005 22.326905, 114.189986 22.326814, 114.189931 22.326724, 114.189863 22.326604, 114.189776 22.326447, 114.189519 22.325954, 114.18926 22.325429, 114.189233 22.325343, 114.189211 22.325273, 114.189191 22.325213)"
1522,920,1309,1409998422,4846202881,0,492646570;125509996,衙前圍道 Nga Tsin Wai Road,tertiary,True,54.564,2,,,,,,"LINESTRING (114.19207 22.328869, 114.192023 22.328845, 114.191968 22.328839, 114.191924 22.32884, 114.191546 22.32884)"
1523,921,1569,1428870156,7598921135,0,129521146,加士居道 Gascoigne Road,residential,False,68.182,2,50,,,,,"LINESTRING (114.17223 22.308293, 114.172272 22.308323, 114.172284 22.308356, 114.172285 22.308395, 114.172236 22.308883)"
1524,921,1392,1428870156,5103971497,0,149555131;951593237;951593238;951593239,加士居道 Gascoigne Road,primary,True,216.09600000000003,2;4;3,50,,,,,"LINESTRING (114.17223 22.308293, 114.17241 22.308134, 114.172495 22.308059, 114.172541 22.308019, 114.172657 22.307931, 114.172711 22.307888, 114.172738 22.307864, 114.172769 22.30784, 114.172916 22.30774, 114.173071 22.307648, 114.173204 22.30758, 114.173356 22.307525, 114.173483 22.307484, 114.173588 22.30745, 114.173786 22.307386, 114.174008 22.307317)"
1525,922,1570,1428870157,7598921136,0,1432742786,加士居道 Gascoigne Road,residential,False,42.998,1,50,,,,,"LINESTRING (114.172191 22.30936, 114.172229 22.308975)"
1526,923,330,1436087413,568156760,0,221072450;221072447;492870287,太子道東 Prince Edward Road East,primary,True,257.84,3,50,,,yes,,"LINESTRING (114.194049 22.330458, 114.195407 22.331807, 114.195566 22.331955, 114.195765 22.332148)"
1527,924,1307,1458379725,4846202878,0,152360047,打鼓嶺道 Tak Ku Ling Road,residential,False,54.644,2,,,,,,"LINESTRING (114.191483 22.32835, 114.1915 22.328798, 114.191502 22.328841)"
1528,925,1256,1562575420,3200259361,0,735252240,深旺道 Sham Mong Road,secondary,True,259.684,2,,,,,,"LINESTRING (114.159728 22.32054, 114.159746 22.320993, 114.159751 22.321114, 114.159776 22.321544, 114.159781 22.322018, 114.159778 22.322151, 114.159764 22.322268, 114.159735 22.322414, 114.159699 22.322557, 114.159648 22.322711, 114.15959 22.32285)"
1529,926,927,1624949938,1624949965,0,102826319,柯士甸道 Austin Road,secondary,True,55.71,2,,,,,,"LINESTRING (114.168736 22.303068, 114.169076 22.303096, 114.169255 22.30311, 114.169275 22.303112)"
1530,926,928,1624949938,1624949976,0,102821041;149524428,閩街 Min Street;官涌街 Kwun Chung Street,residential,True,248.567,2,,,,,,"LINESTRING (114.168736 22.303068, 114.168732 22.30312, 114.168665 22.304149, 114.168662 22.304193, 114.168659 22.304244, 114.168623 22.304811, 114.169151 22.304839)"
1531,927,1285,1624949965,4510281038,0,149524453,上海街 Shanghai Street,tertiary,True,8.385,2,,,,,,"LINESTRING (114.169275 22.303112, 114.16928 22.303037)"
1532,927,947,1624949965,1625209825,0,454467318,柯士甸道 Austin Road,secondary,True,51.196,2,,,,,,"LINESTRING (114.169275 22.303112, 114.169312 22.303115, 114.16977 22.303157)"
1533,928,927,1624949976,1624949965,0,149524453,上海街 Shanghai Street,tertiary,True,192.446,2,,,,,,"LINESTRING (114.169151 22.304839, 114.169192 22.304283, 114.169195 22.304237, 114.169199 22.304184, 114.169268 22.303223, 114.16927 22.303185, 114.169275 22.303112)"
1534,929,928,1624950002,1624949976,0,149524453,上海街 Shanghai Street,tertiary,True,63.089,2,,,,,,"LINESTRING (114.169249 22.305398, 114.169252 22.30531, 114.169151 22.304839)"
1535,929,957,1624950002,1625209888,0,1160876838;441937727,佐敦道 Jordan Road,primary,True,205.59099999999998,3,,,,,,"LINESTRING (114.169249 22.305398, 114.169062 22.305444, 114.16902 22.305454, 114.168674 22.305542, 114.168607 22.305559, 114.168534 22.305578, 114.168403 22.305609, 114.168149 22.305653, 114.167505 22.305772, 114.167447 22.305779, 114.167385 22.305783, 114.167298 22.305785)"
1536,930,105,1624950016,308778508,0,102640414,南京街 Nanking Street,residential,True,47.446,1,,,,,,"LINESTRING (114.168162 22.306474, 114.168611 22.306377)"
1537,930,936,1624950016,1624950117,0,149524419,廣東道 Canton Road,secondary,True,209.88,3,,,,,,"LINESTRING (114.168162 22.306474, 114.168325 22.307104, 114.168446 22.307588, 114.168456 22.30763, 114.16848 22.307721, 114.168635 22.30831)"
1538,931,1409,1624950018,5123029554,0,102674700,渡船街 Ferry Street,primary,True,36.727999999999994,3,,,,,,"LINESTRING (114.167195 22.307001, 114.16725 22.3072, 114.167263 22.30725, 114.167282 22.307322)"
1539,931,932,1624950018,1624950037,0,149524440,文英街 Man Ying Street,residential,True,197.434,1,,,,,,"LINESTRING (114.167195 22.307001, 114.167143 22.307014, 114.166326 22.307205, 114.166266 22.307219, 114.166255 22.307222, 114.166204 22.307234, 114.165379 22.307426, 114.165335 22.307436)"
1540,932,824,1624950037,1185808514,0,149524431,文昌街 Man Cheong Street,residential,False,7.504,,,,,,,"LINESTRING (114.165335 22.307436, 114.165315 22.307371)"
1541,933,935,1624950047,1624950102,0,149524436,文蔚街 Man Wai Street,residential,True,196.676,2,,,,,,"LINESTRING (114.167366 22.30764, 114.167317 22.307651, 114.166499 22.307838, 114.166437 22.307852, 114.166382 22.307865, 114.165558 22.30805, 114.16551 22.308061)"
1542,933,821,1624950047,1185808508,0,102674699;832141435,渡船街 Ferry Street,primary,True,68.362,3,,,,,,"LINESTRING (114.167366 22.30764, 114.167397 22.307739, 114.167411 22.307787, 114.1675 22.307986, 114.167585 22.30822)"
1543,934,812,1624950068,1185400568,0,149524456,偉晴街 Wai Ching Street,residential,True,226.55800000000002,1,,,,,,"LINESTRING (114.16807 22.307823, 114.167566 22.305954, 114.167574 22.305899, 114.167613 22.305857)"
1544,936,1685,1624950117,12071295859,0,1495377305,廣東道 Canton Road,secondary,True,76.43099999999998,3,,,,,,"LINESTRING (114.168635 22.30831, 114.168762 22.30883, 114.16878 22.308899, 114.168784 22.308913, 114.1688 22.30898)"
1545,937,959,1624950124,1625209896,0,102640451;149524451,上海街 Shanghai Street,secondary,True,284.86100000000005,3,,,,,,"LINESTRING (114.170093 22.308677, 114.170077 22.308616, 114.169919 22.308022, 114.169764 22.307413, 114.169706 22.307115, 114.169616 22.306798, 114.169465 22.306268, 114.169442 22.306187)"
1546,937,938,1624950124,1624950125,0,1454034228,甘肅街 Kansu Street,secondary,True,46.829,2,,,,,,"LINESTRING (114.170093 22.308677, 114.169977 22.308703, 114.169941 22.308711, 114.169651 22.308777)"
1547,938,1484,1624950125,6521271614,0,852394674;852394675;808529154,新填地街 Reclamation Street,residential,False,89.295,2,,,,,,"LINESTRING (114.169651 22.308777, 114.169634 22.308811, 114.169621 22.308834, 114.169602 22.30886, 114.169586 22.30905, 114.169566 22.309201, 114.169537 22.309415, 114.169532 22.309459, 114.169494 22.309509, 114.169467 22.309545)"
1548,938,939,1624950125,1624950126,0,1454034228,甘肅街 Kansu Street,secondary,True,42.902,2,,,,,,"LINESTRING (114.169651 22.308777, 114.169491 22.308823, 114.169328 22.308861, 114.169249 22.308879)"
1549,939,107,1624950126,308778516,0,102640462,炮台街 Battery Street,residential,True,76.178,1,,,,,,"LINESTRING (114.169249 22.308879, 114.169099 22.308208)"
1550,939,1685,1624950126,12071295859,0,255230314,甘肅街 Kansu Street,secondary,True,47.501999999999995,3,,,,,,"LINESTRING (114.169249 22.308879, 114.168933 22.308949, 114.168867 22.308964, 114.1688 22.30898)"
1551,940,1359,1624950132,4928401468,0,702302217,連翔道 Lin Cheung Road,primary,True,47.869,3,,,,,,"LINESTRING (114.163697 22.309206, 114.163796 22.308975, 114.163869 22.308806)"
1552,941,819,1624950134,1185808485,0,1067815826;101476148;484616206,渡船街 Ferry Street,primary,True,372.551,4;3,,,,,,"LINESTRING (114.167892 22.309193, 114.167866 22.309049, 114.167858 22.309002, 114.167847 22.308959, 114.167775 22.308688, 114.16769 22.308341, 114.167622 22.308066, 114.16759 22.30795, 114.16756 22.307852, 114.167553 22.307826, 114.167311 22.306957, 114.167054 22.306079, 114.167021 22.305942)"
1553,941,1401,1624950134,5104193282,0,1079223250;101476154;101476151,欣翔道 Yan Cheung Road;甘肅街 Kansu Street,secondary,True,62.968,2,,,,,,"LINESTRING (114.167892 22.309193, 114.167816 22.309184, 114.167747 22.309173, 114.167719 22.309173, 114.167662 22.30917, 114.167634 22.309166, 114.167603 22.309161, 114.16758 22.309156, 114.167417 22.309071, 114.167316 22.30903)"
1554,942,943,1624950141,1624950142,0,102506128,眾坊街 Public Square Street,tertiary,True,107.571,2,,,,,,"LINESTRING (114.168001 22.309775, 114.168106 22.309792, 114.168855 22.309911, 114.168902 22.309918, 114.169031 22.309941)"
1555,943,944,1624950142,1624950144,0,396721288,眾坊街 Public Square Street,secondary,True,51.808,2,,,,,,"LINESTRING (114.169031 22.309941, 114.16917 22.309967, 114.169386 22.310005, 114.169435 22.310021, 114.169467 22.310052, 114.16948 22.31009)"
1556,944,1014,1624950144,1636768904,0,150801672,新填地街 Reclamation Street,secondary,True,63.605,2,,,,,,"LINESTRING (114.16948 22.31009, 114.169468 22.310172, 114.16946 22.310211, 114.169379 22.310655)"
1557,945,838,1625209816,1187353085,0,103020597,山林道 Hillwood Road,tertiary,True,170.725,1,,,,,,"LINESTRING (114.173506 22.302762, 114.17194 22.302666, 114.171894 22.302654, 114.171856 22.302638)"
1558,945,946,1625209816,1625209821,0,149555134,山林道 Hillwood Road,residential,False,104.81099999999999,,,,,,,"LINESTRING (114.173506 22.302762, 114.174472 22.302818, 114.174523 22.302821)"
1559,946,945,1625209821,1625209816,0,149555134,山林道 Hillwood Road,residential,False,104.81099999999999,,,,,,,"LINESTRING (114.174523 22.302821, 114.174472 22.302818, 114.173506 22.302762)"
1560,947,955,1625209825,1625209880,0,102640409,廟街 Temple Street,residential,True,238.835,1,,,,,,"LINESTRING (114.16977 22.303157, 114.169766 22.303201, 114.169695 22.304209, 114.16969 22.304273, 114.169675 22.30432, 114.169618 22.304808, 114.169725 22.305221, 114.169743 22.305284)"
1561,947,1304,1625209825,4844940406,0,102826320;454467316;454467317,柯士甸道 Austin Road,secondary,True,142.94799999999998,2,,,,,,"LINESTRING (114.16977 22.303157, 114.170212 22.303185, 114.170244 22.303187, 114.17029 22.303188, 114.170598 22.303206, 114.170753 22.303213, 114.171157 22.303241)"
1562,948,1386,1625209832,5103929473,0,524481545,彌敦道 Nathan Road,secondary,True,8.542,2,,,,,,"LINESTRING (114.171739 22.303192, 114.171733 22.303269)"
1563,948,1285,1625209832,4510281038,0,454467320;689501658;454467319,柯士甸道 Austin Road,secondary,True,253.68199999999996,2,,,,,,"LINESTRING (114.171739 22.303192, 114.17166 22.303189, 114.171644 22.303188, 114.171461 22.303179, 114.171097 22.303159, 114.170752 22.30314, 114.170684 22.303137, 114.170597 22.303132, 114.170562 22.30313, 114.170328 22.303118, 114.170294 22.303117, 114.17025 22.303114, 114.169759 22.303082, 114.169342 22.303043, 114.169313 22.30304, 114.16928 22.303037)"
1564,949,840,1625209833,1187522454,0,102833833,柯士甸道 Austin Road,secondary,False,11.272,4,,,,,,"LINESTRING (114.173472 22.303354, 114.173582 22.303357)"
1565,949,945,1625209833,1625209816,0,149555151,松山道 Pine Tree Hill Road,tertiary,True,65.877,1,,,,,,"LINESTRING (114.173472 22.303354, 114.173477 22.303267, 114.173504 22.302802, 114.173506 22.302762)"
1566,949,1388,1625209833,5103929475,0,524481549,柯士甸道 Austin Road,secondary,False,160.482,4,,,,,,"LINESTRING (114.173472 22.303354, 114.172461 22.303295, 114.172172 22.303277, 114.171989 22.303258, 114.171921 22.303253, 114.171916 22.303252)"
1567,950,956,1625209840,1625209882,0,149555155,德興街 Tak Hing Street,residential,True,163.793,1,,,,,,"LINESTRING (114.172181 22.303985, 114.172179 22.30401, 114.172168 22.30414, 114.172098 22.305016, 114.172087 22.30516, 114.172069 22.305382, 114.172063 22.305454)"
1568,951,840,1625209841,1187522454,0,102674724,覺士道 Cox's Road,tertiary,False,79.621,2,,,,,,"LINESTRING (114.173518 22.304071, 114.173551 22.303739, 114.173566 22.303546, 114.173582 22.303357)"
1569,951,958,1625209841,1625209894,0,102674724,覺士道 Cox's Road,tertiary,False,231.006,2,,,,,,"LINESTRING (114.173518 22.304071, 114.173425 22.304966, 114.173419 22.305047, 114.173412 22.305108, 114.173406 22.305144, 114.173398 22.305182, 114.173382 22.30523, 114.173092 22.305929, 114.17305 22.306016, 114.173022 22.306077)"
1570,951,1682,1625209841,11542491175,0,149555156;1205891478,德成街 Tak Shing Street,residential,False,109.07500000000002,2;1,,,,,,"LINESTRING (114.173518 22.304071, 114.173437 22.304066, 114.173178 22.304049, 114.173099 22.304044, 114.173075 22.304033, 114.173024 22.30403, 114.172972 22.304045, 114.172896 22.30404, 114.172871 22.304029, 114.172731 22.30402, 114.172468 22.304003)"
1571,952,955,1625209863,1625209880,0,102674738,佐敦道 Jordan Road,primary,True,142.828,3,,,,,,"LINESTRING (114.171122 22.305197, 114.170855 22.305185, 114.170738 22.305182, 114.170699 22.30518, 114.170613 22.305179, 114.170344 22.305195, 114.170203 22.305208, 114.169984 22.305238, 114.16991 22.305251, 114.169743 22.305284)"
1572,953,816,1625209874,1185400620,0,102640456,彌敦道 Nathan Road,secondary,True,10.918,2,,,,,,"LINESTRING (114.171577 22.305268, 114.171569 22.305366)"
1573,953,952,1625209874,1625209863,0,102674738,佐敦道 Jordan Road,primary,True,47.44199999999999,3,,,,,,"LINESTRING (114.171577 22.305268, 114.171461 22.305245, 114.171122 22.305197)"
1574,954,961,1625209877,1625209902,0,103020555,佐敦里 Jordan Path,residential,False,169.96400000000003,2,,,,,,"LINESTRING (114.17436 22.305228, 114.174279 22.30525, 114.174179 22.305289, 114.17407 22.305346, 114.173976 22.305407, 114.173901 22.305471, 114.17383 22.30556, 114.173753 22.305698, 114.17351 22.306365, 114.173488 22.306426)"
1575,955,929,1625209880,1624950002,0,102674738,佐敦道 Jordan Road,primary,True,52.406,3,,,,,,"LINESTRING (114.169743 22.305284, 114.169669 22.3053, 114.16941 22.305359, 114.169374 22.305367, 114.169249 22.305398)"
1576,956,802,1625209882,1185400407,0,863479758,佐敦道 Jordan Road,primary,True,43.044,3,,,,,,"LINESTRING (114.172063 22.305454, 114.1719 22.305381, 114.171831 22.305358, 114.171752 22.305323, 114.171682 22.305295)"
1577,957,823,1625209888,1185808513,0,1388990518;102674740;1388990516,佐敦道 Jordan Road,primary_link,True,30.399,1,,,,,,"LINESTRING (114.167298 22.305785, 114.167248 22.305747, 114.167224 22.305728, 114.167197 22.305701, 114.167178 22.305681, 114.167157 22.305657, 114.167109 22.305579)"
1578,957,827,1625209888,1185808523,0,1388990517;253999855,佐敦道 Jordan Road,primary,True,28.293,3,,,,,,"LINESTRING (114.167298 22.305785, 114.16724 22.305789, 114.167196 22.305792, 114.167152 22.305796, 114.167099 22.3058, 114.167026 22.305815)"
1579,958,826,1625209894,1185808522,0,149555129,覺士道 Cox's Road,tertiary_link,False,10.884,1,,,,,,"LINESTRING (114.173022 22.306077, 114.172959 22.306156)"
1580,958,951,1625209894,1625209841,0,102674724,覺士道 Cox's Road,tertiary,False,231.00599999999997,2,,,,,,"LINESTRING (114.173022 22.306077, 114.17305 22.306016, 114.173092 22.305929, 114.173382 22.30523, 114.173398 22.305182, 114.173406 22.305144, 114.173412 22.305108, 114.173419 22.305047, 114.173425 22.304966, 114.173518 22.304071)"
1581,958,956,1625209894,1625209882,0,1188528928;253656478,佐敦道 Jordan Road,primary,True,120.75200000000002,2;3,,,,,,"LINESTRING (114.173022 22.306077, 114.172896 22.305986, 114.172653 22.305803, 114.172521 22.305717, 114.172399 22.305642, 114.17222 22.305537, 114.172063 22.305454)"
1582,959,817,1625209896,1185400622,0,102640451,上海街 Shanghai Street,secondary,True,78.482,3,,,,,,"LINESTRING (114.169442 22.306187, 114.169393 22.306012, 114.1693 22.305646, 114.169289 22.305594, 114.16927 22.3055)"
1583,959,105,1625209896,308778508,0,102640465,南京街 Nanking Street,residential,True,88.09800000000001,1,,,,,,"LINESTRING (114.169442 22.306187, 114.169187 22.306248, 114.169021 22.306282, 114.168611 22.306377)"
1584,961,954,1625209902,1625209877,0,103020555,佐敦里 Jordan Path,residential,False,169.964,2,,,,,,"LINESTRING (114.173488 22.306426, 114.17351 22.306365, 114.173753 22.305698, 114.17383 22.30556, 114.173901 22.305471, 114.173976 22.305407, 114.17407 22.305346, 114.174179 22.305289, 114.174279 22.30525, 114.17436 22.305228)"
1585,961,958,1625209902,1625209894,0,484964215,佐敦道 Jordan Road,primary,True,61.649,2,,,,,,"LINESTRING (114.173488 22.306426, 114.173091 22.306131, 114.173022 22.306077)"
1586,963,961,1625209919,1625209902,0,484964215,佐敦道 Jordan Road,primary,True,63.385,2,,,,,,"LINESTRING (114.174012 22.306722, 114.173916 22.306674, 114.173756 22.306602, 114.173488 22.306426)"
1587,964,806,1625209947,1185400499,0,149555153,西貢街 Saigon Street,residential,True,105.70299999999999,1,,,,,,"LINESTRING (114.172543 22.307115, 114.172484 22.307111, 114.171721 22.307054, 114.171623 22.307046, 114.171586 22.307034, 114.171564 22.307024, 114.17153 22.307003)"
1588,965,966,1625209971,1625209996,0,149555152,伊利沙伯醫院路 Queen Elizabeth Hospital Road,residential,False,68.746,2,,,,,,"LINESTRING (114.174347 22.307681, 114.174167 22.308277)"
1589,965,1391,1625209971,5103971489,0,758757202,伊利沙伯醫院路 Queen Elizabeth Hospital Road,residential,True,29.651,1,,,,,,"LINESTRING (114.174347 22.307681, 114.174396 22.307603, 114.174421 22.307535, 114.174436 22.307432)"
1590,966,965,1625209996,1625209971,0,149555152,伊利沙伯醫院路 Queen Elizabeth Hospital Road,residential,False,68.746,2,,,,,,"LINESTRING (114.174167 22.308277, 114.174347 22.307681)"
1591,967,1372,1625210005,5099453112,0,523909551,彌敦道 Nathan Road,primary,True,8.619,3,,,,,,"LINESTRING (114.171278 22.308412, 114.171271 22.308489)"
1592,967,1556,1625210005,7262574289,0,149524423,甘肅街 Kansu Street,secondary,True,53.256,2,,,,,,"LINESTRING (114.171278 22.308412, 114.171259 22.308416, 114.171227 22.308421, 114.171193 22.308429, 114.170954 22.308484, 114.170775 22.308526)"
1593,968,921,1625210019,1428870156,0,149555131,加士居道 Gascoigne Road,primary,True,8.234,2,50,,,,,"LINESTRING (114.172175 22.308348, 114.17223 22.308293)"
1594,969,1214,1634974089,2280302632,0,218818566,打比道 Derby Road,residential,False,12.421999999999999,,,,,,,"LINESTRING (114.179173 22.329819, 114.179201 22.329818, 114.179294 22.329812)"
1595,970,1699,1634974112,12926373139,0,34360968,對衡道 Durham Road,tertiary,False,79.237,,,,,,,"LINESTRING (114.181674 22.332425, 114.181585 22.332428, 114.181285 22.33244, 114.181006 22.332451, 114.180904 22.332455)"
1596,970,245,1634974112,394176285,0,493126441,喇沙利道 La Salle Road,tertiary,False,93.90899999999999,2,,,,,,"LINESTRING (114.181674 22.332425, 114.181676 22.332344, 114.181677 22.332277, 114.1817 22.332152, 114.181755 22.331987, 114.181902 22.331614)"
1597,970,1370,1634974112,5069518591,0,780200332,喇沙利道 La Salle Road,tertiary,False,173.74699999999999,2,,,,,,"LINESTRING (114.181674 22.332425, 114.181689 22.332611, 114.18171 22.332734, 114.181764 22.333086, 114.181837 22.333361, 114.182015 22.333781, 114.182078 22.333932)"
1598,971,580,1634974118,1141756868,0,150595701,對衡道 Durham Road,trunk_link,True,22.051000000000002,1,,,,,,"LINESTRING (114.178744 22.332425, 114.178776 22.332489, 114.178802 22.332528, 114.178827 22.33254, 114.178888 22.332539)"
1599,971,1578,1634974118,7635727481,0,767525166,窩打老道 Waterloo Road,trunk,True,34.15,3,50,1,,,,"LINESTRING (114.178744 22.332425, 114.178748 22.332551, 114.178752 22.332584, 114.178768 22.332732)"
1600,972,1646,1636543631,10565387059,0,1133179657,染布房街 Yim Po Fong Street,secondary,True,25.882,1,,,,,,"LINESTRING (114.173405 22.318171, 114.173442 22.318086, 114.17345 22.318069, 114.173457 22.318052, 114.173466 22.317948)"
1601,973,1379,1636543637,5102113130,0,101183507;435421061,洗衣街 Sai Yee Street,secondary,True,106.27699999999999,2,,,,,,"LINESTRING (114.171835 22.31875, 114.171815 22.318848, 114.171667 22.319556, 114.171658 22.319596, 114.171651 22.319628, 114.171636 22.319688)"
1602,974,973,1636543654,1636543637,0,332099779,奶路臣街 Nelson Street,tertiary,True,61.197,2,,,,,,"LINESTRING (114.172417 22.318865, 114.171966 22.318777, 114.171944 22.318773, 114.171835 22.31875)"
1603,975,1645,1636543655,10565387058,0,102548829,染布房街 Yim Po Fong Street,secondary,False,74.151,4,,,,,,"LINESTRING (114.173024 22.318981, 114.173112 22.318761, 114.173278 22.318376, 114.173286 22.31836)"
1604,975,974,1636543655,1636543654,0,150771621,奶路臣街 Nelson Street,tertiary,True,63.76,2,,,,,,"LINESTRING (114.173024 22.318981, 114.172931 22.31896, 114.172417 22.318865)"
1605,975,1614,1636543655,8983466244,0,970658216;970658214;970658215,染布房街 Yim Po Fong Street,secondary,False,73.37400000000001,4,,,,,,"LINESTRING (114.173024 22.318981, 114.172918 22.319237, 114.172873 22.319344, 114.172773 22.319598)"
1606,976,784,1636543662,1181846056,0,1200967500,晏架街 Anchor Street,tertiary,True,55.498,2,,,,,,"LINESTRING (114.165232 22.320101, 114.165592 22.320141, 114.165647 22.320148, 114.165766 22.320168)"
1607,977,978,1636543682,1636543686,0,903610860,福全街 Fuk Tsun Street,tertiary,False,36.267,2,,,,,,"LINESTRING (114.16477 22.320883, 114.164499 22.321091)"
1608,977,262,1636543682,419752768,0,1546537728;102368459;102411822,福全街 Fuk Tsun Street,tertiary,True,126.852,2;3,,,,,,"LINESTRING (114.16477 22.320883, 114.165303 22.320474, 114.165381 22.320403, 114.165459 22.320325, 114.165576 22.320257, 114.165621 22.32025, 114.165753 22.320233)"
1609,978,552,1636543686,991294889,0,101558288,松樹街 Fir Street,tertiary,False,60.297,2,,,,,,"LINESTRING (114.164499 22.321091, 114.164873 22.321508)"
1610,978,977,1636543686,1636543682,0,903610860,福全街 Fuk Tsun Street,tertiary,False,36.267,2,,,,,,"LINESTRING (114.164499 22.321091, 114.16477 22.320883)"
1611,978,545,1636543686,991294702,0,151226304,埃華街 Ivy Street,tertiary,True,82.182,1,,,,,,"LINESTRING (114.164499 22.321091, 114.164485 22.321065, 114.164478 22.321047, 114.164464 22.321034, 114.164446 22.321027, 114.164385 22.321031, 114.164219 22.321057, 114.16375 22.321142)"
1612,980,1292,1636543831,4773316072,0,98478381;996259399,基堤道 Embankment Road,secondary,True,48.542,2,,,,,,"LINESTRING (114.174445 22.326067, 114.174609 22.326368, 114.17462 22.326387, 114.17463 22.326417, 114.174652 22.326459)"
1613,980,981,1636543831,1636543835,0,150771602,公爵街 Duke Street,residential,True,190.151,,,,,,,"LINESTRING (114.174445 22.326067, 114.174548 22.326068, 114.176228 22.326129, 114.176292 22.326131)"
1614,981,1710,1636543835,13353852083,0,150771612,勵德街 Knight Street,tertiary,True,53.454,2,,,,,,"LINESTRING (114.176292 22.326131, 114.176303 22.325922, 114.176317 22.325651)"
1615,982,983,1636543837,1636543839,0,150771596,巴芬道 Belfran Road,residential,False,142.033,,,,,,,"LINESTRING (114.176291 22.326226, 114.176362 22.326234, 114.176374 22.326234, 114.176704 22.326242, 114.176958 22.326247, 114.176968 22.326247, 114.177102 22.326251, 114.17724 22.326259, 114.177462 22.32627, 114.177591 22.326268, 114.17767 22.326268)"
1616,982,981,1636543837,1636543835,0,150771612,勵德街 Knight Street,tertiary,True,10.52,2,,,,,,"LINESTRING (114.176291 22.326226, 114.176292 22.326164, 114.176292 22.326131)"
1617,983,982,1636543839,1636543837,0,150771596,巴芬道 Belfran Road,residential,False,142.033,,,,,,,"LINESTRING (114.17767 22.326268, 114.177591 22.326268, 114.177462 22.32627, 114.17724 22.326259, 114.177102 22.326251, 114.176968 22.326247, 114.176958 22.326247, 114.176704 22.326242, 114.176374 22.326234, 114.176362 22.326234, 114.176291 22.326226)"
1618,984,1490,1636543840,6610136589,0,963535966,通菜街 Tung Choi Street,tertiary,True,16.946,2,,,,,,"LINESTRING (114.169085 22.326517, 114.169077 22.326558, 114.169079 22.32658, 114.169088 22.326596, 114.169102 22.326613, 114.169118 22.326624, 114.169149 22.326636)"
1619,984,1491,1636543840,6610136594,0,996069409;102279012,界限街 Boundary Street,primary,True,120.385,1,,,,,,"LINESTRING (114.169085 22.326517, 114.169645 22.326542, 114.17021 22.326561, 114.170254 22.326563)"
1620,985,631,1636543843,1152803609,0,150771636,西洋菜北街 Sai Yeung Choi Street North,residential,False,156.375,2,,,,,,"LINESTRING (114.168527 22.326582, 114.168507 22.326626, 114.167894 22.327861)"
1621,985,1490,1636543843,6610136589,0,898482626,界限街 Boundary Street,primary,True,64.308,2,,,,,,"LINESTRING (114.168527 22.326582, 114.168587 22.326593, 114.168649 22.326601, 114.168973 22.326625, 114.169024 22.326629, 114.169149 22.326636)"
1622,986,1711,1636543858,13353852088,0,150771672;98478373,太子道西 Prince Edward Road West;窩打老道 Waterloo Road,residential,False,278.827,1;2,,,,,,"LINESTRING (114.178346 22.326546, 114.17833 22.326281, 114.178313 22.325983, 114.178314 22.325886, 114.178314 22.325862, 114.178304 22.325841, 114.178289 22.325829, 114.178263 22.325819, 114.178228 22.325808, 114.177971 22.32577, 114.177872 22.325755, 114.1764 22.325485)"
1623,987,33,1636543866,276169958,0,838027612,界限街 Boundary Street,primary,True,18.947,3,,,,,,"LINESTRING (114.178662 22.326988, 114.178846 22.326996)"
1624,988,631,1636543900,1152803609,0,1174538829;150771639,西洋菜北街 Sai Yeung Choi Street North,residential,False,43.78,2,,,,,,"LINESTRING (114.167719 22.32822, 114.167807 22.328038, 114.16783 22.327992, 114.167894 22.327861)"
1625,989,1215,1636543916,2280302647,0,888280082;218819462,火石道 Flint Road,residential,True,59.831,1,,,,,,"LINESTRING (114.178651 22.328725, 114.178705 22.328724, 114.178785 22.328722, 114.179232 22.328711)"
1626,989,579,1636543916,1140063015,0,453783442;767525162;950133430,窩打老道 Waterloo Road,primary,True,164.45100000000002,2;1,50,,,,,"LINESTRING (114.178651 22.328725, 114.178672 22.32863, 114.17863 22.32792, 114.178629 22.327887, 114.178601 22.327468, 114.178593 22.327312, 114.178591 22.32725)"
1627,989,1291,1636543916,4773263715,0,767525155;767525160;767525161;888280084;888280085,窩打老道 Waterloo Road,trunk,True,161.76899999999998,2;4,50,1,,yes,,"LINESTRING (114.178651 22.328725, 114.1786 22.3286, 114.178593 22.32851, 114.178548 22.327766, 114.178536 22.327596, 114.17853 22.327452, 114.178526 22.327345, 114.178526 22.327281)"
1628,990,996,1636641311,1636641355,0,101558264;150787100;101558244,何文田山道 Ho Man Tin Hill Road,residential,False,403.2509999999999,2,,,,yes,,"LINESTRING (114.175858 22.31283, 114.175963 22.312891, 114.175975 22.312898, 114.176228 22.313049, 114.176282 22.313094, 114.176302 22.313135, 114.176317 22.313196, 114.176345 22.313582, 114.176413 22.314228, 114.176426 22.314288, 114.176443 22.31435, 114.176461 22.314404, 114.176482 22.314458, 114.176505 22.314507, 114.176599 22.31474, 114.176635 22.314808, 114.176662 22.314885, 114.176682 22.314966, 114.176708 22.315051, 114.17684 22.31564, 114.176851 22.315689, 114.176864 22.315738, 114.176942 22.316002, 114.17695 22.316032, 114.176954 22.316063, 114.176956 22.316097, 114.176953 22.316127, 114.176944 22.316163)"
1629,990,1496,1636641311,6702368661,0,272254648,衛理道 Wylie Road,secondary,False,71.506,4,,,,,,"LINESTRING (114.175858 22.31283, 114.175927 22.312718, 114.175953 22.312677, 114.176023 22.312565, 114.176192 22.312293, 114.176206 22.312273)"
1630,990,998,1636641311,1636641362,0,494508016;1212555893,衛理道 Wylie Road,secondary,False,447.5179999999999,2;3,,,,,,"LINESTRING (114.175858 22.31283, 114.175819 22.312892, 114.175703 22.313079, 114.175618 22.313218, 114.175437 22.313567, 114.17533 22.3138, 114.174353 22.315991, 114.174293 22.316105, 114.174218 22.316219, 114.174181 22.316269, 114.174132 22.316318, 114.174086 22.316354, 114.17404 22.316404, 114.174003 22.316451)"
1631,991,362,1636641318,582482277,0,150787091,迦密村街 Carmel Village Street,residential,False,203.704,2,,,,,,"LINESTRING (114.179015 22.313652, 114.179054 22.31377, 114.179133 22.314009, 114.179218 22.3143, 114.179273 22.314403, 114.179352 22.314492, 114.179602 22.314674, 114.17973 22.314762, 114.180044 22.314971, 114.180156 22.315045)"
1632,992,902,1636641328,1222130707,0,106150021,忠孝街 Chung Hau Street,tertiary,False,12.662,2,50,,,,,"LINESTRING (114.181562 22.314525, 114.181684 22.31454)"
1633,992,32,1636641328,276169900,0,150787093,忠孝街 Chung Hau Street,tertiary,False,53.861999999999995,4,50,,,,,"LINESTRING (114.181562 22.314525, 114.181403 22.314501, 114.181048 22.314431)"
1634,992,1588,1636641328,8013314519,0,859695773;859695769;106149973;449337014,佛光街 Fat Kwong Street,secondary,True,212.94499999999996,2;3,50,,,,,"LINESTRING (114.181562 22.314525, 114.18155 22.31458, 114.181463 22.314895, 114.181438 22.315028, 114.181431 22.315066, 114.181398 22.315238, 114.18138 22.315375, 114.181377 22.315402, 114.181346 22.315546, 114.181304 22.315675, 114.181248 22.315822, 114.181188 22.315954, 114.181171 22.315995, 114.181124 22.316061, 114.181104 22.316083, 114.181092 22.316101, 114.181075 22.31612, 114.181059 22.31614, 114.180995 22.316206, 114.180974 22.316227, 114.180949 22.316325)"
1635,993,899,1636641331,1222130498,0,106150002;1433971789,忠民街 Chung Man Street,tertiary,False,49.598,2,50,,,,,"LINESTRING (114.177964 22.314956, 114.177847 22.314976, 114.177543 22.315025, 114.177489 22.315034)"
1636,993,358,1636641331,582481740,0,1160794800;449337010;449337011;353796053;353795893;353796054;106149816;353794491,忠孝街 Chung Hau Street,tertiary,False,1183.81,2,50,,,,,"LINESTRING (114.177964 22.314956, 114.177914 22.314676, 114.1779 22.314596, 114.177847 22.314294, 114.177827 22.314179, 114.177826 22.314102, 114.177823 22.31394, 114.177816 22.313701, 114.177812 22.313556, 114.17781 22.313449, 114.177818 22.313, 114.177823 22.312766, 114.17783 22.312663, 114.177843 22.312584, 114.177915 22.312435, 114.177986 22.312349, 114.178106 22.312204, 114.178277 22.311999, 114.178368 22.311891, 114.178914 22.311241, 114.178954 22.311204, 114.179006 22.311152, 114.179425 22.310786, 114.179544 22.310682, 114.179692 22.310552, 114.179972 22.310238, 114.180068 22.310131, 114.180202 22.309981, 114.180314 22.309855, 114.180358 22.309807, 114.180456 22.309721, 114.180727 22.309538, 114.180751 22.309521, 114.180762 22.309514, 114.180976 22.30937, 114.181209 22.309239, 114.181287 22.3092, 114.181342 22.309179, 114.181447 22.309139, 114.181578 22.309105, 114.181726 22.309097, 114.181883 22.309121, 114.181996 22.309174, 114.182088 22.309255, 114.182143 22.309319, 114.182212 22.309418, 114.182266 22.309497, 114.18229 22.309568, 114.182304 22.309644, 114.182303 22.310146, 114.182304 22.31024, 114.182306 22.31065, 114.182308 22.310952, 114.182316 22.311163, 114.182332 22.31125, 114.182376 22.311314, 114.182708 22.311664, 114.182838 22.311789)"
1637,993,995,1636641331,1636641344,0,353795894,忠孝街 Chung Hau Street,tertiary,False,192.83400000000003,2,50,,,,,"LINESTRING (114.177964 22.314956, 114.177979 22.315019, 114.177998 22.315075, 114.178024 22.315135, 114.17806 22.31519, 114.178101 22.315249, 114.178138 22.315294, 114.178194 22.315353, 114.178254 22.315407, 114.178322 22.315462, 114.178713 22.315759, 114.178755 22.315789, 114.178804 22.315817, 114.178887 22.315853, 114.178954 22.315874, 114.179027 22.315887, 114.179112 22.315896, 114.179197 22.315897, 114.17928 22.315883, 114.179374 22.315861)"
1638,994,26,1636641338,275945418,0,102640450,登打士街 Dundas Street,tertiary,False,87.63300000000001,2,,,,,,"LINESTRING (114.172704 22.3158, 114.172049 22.315682, 114.171868 22.315649)"
1639,995,997,1636641344,1636641357,0,106149898,牧愛街 Good Shepherd Street,residential,False,47.56700000000001,2,,,,,,"LINESTRING (114.179374 22.315861, 114.179424 22.31598, 114.179553 22.316256)"
1640,995,993,1636641344,1636641331,0,353795894,忠孝街 Chung Hau Street,tertiary,False,192.834,2,50,,,,,"LINESTRING (114.179374 22.315861, 114.17928 22.315883, 114.179197 22.315897, 114.179112 22.315896, 114.179027 22.315887, 114.178954 22.315874, 114.178887 22.315853, 114.178804 22.315817, 114.178755 22.315789, 114.178713 22.315759, 114.178322 22.315462, 114.178254 22.315407, 114.178194 22.315353, 114.178138 22.315294, 114.178101 22.315249, 114.17806 22.31519, 114.178024 22.315135, 114.177998 22.315075, 114.177979 22.315019, 114.177964 22.314956)"
1641,995,362,1636641344,582482277,0,353795895,忠孝街 Chung Hau Street,tertiary,False,122.262,3,50,,,,,"LINESTRING (114.179374 22.315861, 114.179441 22.315826, 114.179523 22.315771, 114.179609 22.315702, 114.179685 22.315624, 114.17983 22.315453, 114.180075 22.31515, 114.180156 22.315045)"
1642,996,1000,1636641355,1636641375,0,101558264,何文田山道 Ho Man Tin Hill Road,residential,False,140.18499999999997,2,,,,,,"LINESTRING (114.176944 22.316163, 114.176927 22.316197, 114.176903 22.316228, 114.176876 22.316252, 114.176849 22.316271, 114.176825 22.316285, 114.175945 22.316725, 114.175868 22.316763, 114.175835 22.316776, 114.175806 22.316784, 114.175778 22.316786)"
1643,996,990,1636641355,1636641311,0,101558264;101558244;150787100,何文田山道 Ho Man Tin Hill Road,residential,False,403.251,2,,,,yes,,"LINESTRING (114.176944 22.316163, 114.176953 22.316127, 114.176956 22.316097, 114.176954 22.316063, 114.17695 22.316032, 114.176942 22.316002, 114.176864 22.315738, 114.176851 22.315689, 114.17684 22.31564, 114.176708 22.315051, 114.176682 22.314966, 114.176662 22.314885, 114.176635 22.314808, 114.176599 22.31474, 114.176505 22.314507, 114.176482 22.314458, 114.176461 22.314404, 114.176443 22.31435, 114.176426 22.314288, 114.176413 22.314228, 114.176345 22.313582, 114.176317 22.313196, 114.176302 22.313135, 114.176282 22.313094, 114.176228 22.313049, 114.175975 22.312898, 114.175963 22.312891, 114.175858 22.31283)"
1644,996,1001,1636641355,1636641377,0,150787107,,residential,False,132.023,,,,,,,"LINESTRING (114.176944 22.316163, 114.177034 22.316243, 114.177204 22.316539, 114.177279 22.316668, 114.177349 22.316754, 114.177616 22.316852, 114.177631 22.316858, 114.177834 22.316932)"
1645,997,900,1636641357,1222130508,0,106149898,牧愛街 Good Shepherd Street,residential,False,72.865,2,,,,,,"LINESTRING (114.179553 22.316256, 114.179606 22.31641, 114.179599 22.316455, 114.179567 22.316503, 114.179536 22.316541, 114.179332 22.316617, 114.179181 22.316616)"
1646,997,995,1636641357,1636641344,0,106149898,牧愛街 Good Shepherd Street,residential,False,47.56700000000001,2,,,,,,"LINESTRING (114.179553 22.316256, 114.179424 22.31598, 114.179374 22.315861)"
1647,998,999,1636641362,1636641367,0,102640438,染布房街 Yim Po Fong Street,secondary,False,21.672,2,,,,,,"LINESTRING (114.174003 22.316451, 114.173987 22.31651, 114.173979 22.316574, 114.173979 22.316644)"
1648,998,990,1636641362,1636641311,0,494508016;1212555893,衛理道 Wylie Road,secondary,False,447.518,2;3,,,,,,"LINESTRING (114.174003 22.316451, 114.17404 22.316404, 114.174086 22.316354, 114.174132 22.316318, 114.174181 22.316269, 114.174218 22.316219, 114.174293 22.316105, 114.174353 22.315991, 114.17533 22.3138, 114.175437 22.313567, 114.175618 22.313218, 114.175703 22.313079, 114.175819 22.312892, 114.175858 22.31283)"
1649,998,1007,1636641362,1636685662,0,697558563;1528557003;102640466;1450850066;679022941;679022942,窩打老道 Waterloo Road,primary,True,322.567,2;3,,,,,,"LINESTRING (114.174003 22.316451, 114.173944 22.316374, 114.173918 22.316339, 114.1739 22.316312, 114.173495 22.315769, 114.172937 22.315016, 114.172795 22.314832, 114.172672 22.31466, 114.172635 22.314605, 114.17256 22.314514, 114.172503 22.314436, 114.172464 22.314381, 114.172376 22.314267, 114.172216 22.314068)"
1650,999,1704,1636641367,13307938123,0,102640422,窩打老道 Waterloo Road,primary,True,29.937,3,,,,,,"LINESTRING (114.173979 22.316644, 114.174137 22.31687)"
1651,999,998,1636641367,1636641362,0,102640438,染布房街 Yim Po Fong Street,secondary,False,21.671999999999997,2,,,,,,"LINESTRING (114.173979 22.316644, 114.173979 22.316574, 114.173987 22.31651, 114.174003 22.316451)"
1652,999,1703,1636641367,13307938117,0,1451040729,染布房街 Yim Po Fong Street,secondary,False,31.383,2,,,,,,"LINESTRING (114.173979 22.316644, 114.173977 22.31671, 114.173958 22.31679, 114.173934 22.316856, 114.173908 22.316916)"
1653,1000,1002,1636641375,1636641378,0,150787098,何文田山道 Ho Man Tin Hill Road,residential,False,24.893,,,,,,,"LINESTRING (114.175778 22.316786, 114.175597 22.316935)"
1654,1000,601,1636641375,1151084858,0,101558264;103020620,何文田街 Ho Man Tin Street;何文田山道 Ho Man Tin Hill Road,residential,False,499.616,2,,,,,,"LINESTRING (114.175778 22.316786, 114.175758 22.316778, 114.175748 22.316771, 114.175741 22.316762, 114.17574 22.316749, 114.175748 22.316729, 114.175849 22.31658, 114.175908 22.316452, 114.175929 22.316382, 114.17594 22.316325, 114.175942 22.316273, 114.175908 22.315723, 114.175882 22.315308, 114.175884 22.315278, 114.175892 22.315162, 114.175891 22.315126, 114.175878 22.3151, 114.175849 22.315072, 114.17582 22.315053, 114.17579 22.31504, 114.175753 22.315033, 114.175666 22.315031, 114.175652 22.315032, 114.17564 22.315042, 114.17562 22.315069, 114.175385 22.315643, 114.175294 22.315878, 114.175181 22.316159, 114.175144 22.316251, 114.175106 22.316348, 114.175101 22.31636, 114.17507 22.316433, 114.175054 22.31647, 114.175008 22.316581, 114.175004 22.316588, 114.174949 22.316719, 114.17494 22.316738, 114.174905 22.316821, 114.174845 22.316963, 114.174835 22.316986, 114.174802 22.317065, 114.174748 22.317191, 114.174672 22.31737)"
1655,1000,996,1636641375,1636641355,0,101558264,何文田山道 Ho Man Tin Hill Road,residential,False,140.185,2,,,,,,"LINESTRING (114.175778 22.316786, 114.175806 22.316784, 114.175835 22.316776, 114.175868 22.316763, 114.175945 22.316725, 114.176825 22.316285, 114.176849 22.316271, 114.176876 22.316252, 114.176903 22.316228, 114.176927 22.316197, 114.176944 22.316163)"
1656,1001,996,1636641377,1636641355,0,150787107,,residential,False,132.02300000000002,,,,,,,"LINESTRING (114.177834 22.316932, 114.177631 22.316858, 114.177616 22.316852, 114.177349 22.316754, 114.177279 22.316668, 114.177204 22.316539, 114.177034 22.316243, 114.176944 22.316163)"
1657,1002,1000,1636641378,1636641375,0,150787098,何文田山道 Ho Man Tin Hill Road,residential,False,24.893,,,,,,,"LINESTRING (114.175597 22.316935, 114.175778 22.316786)"
1658,1003,565,1636641379,1107287995,0,102640425,染布房街 Yim Po Fong Street,secondary,False,62.011,4,,,,,,"LINESTRING (114.173789 22.317196, 114.173561 22.317712)"
1659,1003,1703,1636641379,13307938117,0,102640420,染布房街 Yim Po Fong Street,secondary,False,33.452,3,,,,,,"LINESTRING (114.173789 22.317196, 114.173813 22.317139, 114.173904 22.316926, 114.173908 22.316916)"
1660,1004,1005,1636685510,1636685526,0,150792158,京士柏道 King's Park Rise,residential,False,123.28800000000001,,,,,,,"LINESTRING (114.176195 22.311181, 114.176124 22.311199, 114.176095 22.311206, 114.176037 22.311221, 114.175921 22.311251, 114.175431 22.311221, 114.175061 22.311199, 114.175009 22.311195)"
1661,1004,850,1636685510,1189559654,0,272254645,衛理道 Wylie Road,tertiary,False,429.66799999999995,4,,,,,,"LINESTRING (114.176195 22.311181, 114.176131 22.311, 114.176113 22.310949, 114.176084 22.310867, 114.176042 22.310643, 114.176025 22.31043, 114.176029 22.310229, 114.176057 22.310014, 114.176087 22.30991, 114.176194 22.309529, 114.176346 22.308989, 114.176408 22.308767, 114.17646 22.308578, 114.176515 22.30837, 114.176764 22.30742)"
1662,1004,294,1636685510,452738352,0,1206872685,衛理道 Wylie Road,tertiary,False,54.598,4,,,,,,"LINESTRING (114.176195 22.311181, 114.17623 22.311277, 114.176368 22.311645)"
1663,1005,1006,1636685526,1636685557,0,150792154,京士柏山道 King's Park Hill Road,residential,False,112.80600000000001,,,,,,,"LINESTRING (114.175009 22.311195, 114.175003 22.311216, 114.174996 22.311236, 114.174986 22.311256, 114.174945 22.31131, 114.174888 22.311351, 114.174612 22.311459, 114.174548 22.311491, 114.174489 22.31153, 114.174436 22.311574, 114.174388 22.311625, 114.174347 22.31168, 114.174331 22.311711, 114.174323 22.311744, 114.174322 22.311778, 114.174327 22.311812, 114.174339 22.311844, 114.17436 22.311873)"
1664,1005,1004,1636685526,1636685510,0,150792158,京士柏道 King's Park Rise,residential,False,123.288,,,,,,,"LINESTRING (114.175009 22.311195, 114.175061 22.311199, 114.175431 22.311221, 114.175921 22.311251, 114.176037 22.311221, 114.176095 22.311206, 114.176124 22.311199, 114.176195 22.311181)"
1665,1005,1485,1636685526,6528712271,0,150792158,京士柏道 King's Park Rise,residential,False,261.999,,,,,,,"LINESTRING (114.175009 22.311195, 114.17476 22.311216, 114.174702 22.31122, 114.174688 22.311223, 114.17456 22.311246, 114.174296 22.311381, 114.174201 22.311413, 114.174145 22.311422, 114.174083 22.311422, 114.174028 22.311416, 114.173987 22.311402, 114.173846 22.311339, 114.173718 22.311257, 114.173603 22.311157, 114.17333 22.310952, 114.1728 22.3106)"
1666,1006,1005,1636685557,1636685526,0,150792154,京士柏山道 King's Park Hill Road,residential,False,112.806,,,,,,,"LINESTRING (114.17436 22.311873, 114.174339 22.311844, 114.174327 22.311812, 114.174322 22.311778, 114.174323 22.311744, 114.174331 22.311711, 114.174347 22.31168, 114.174388 22.311625, 114.174436 22.311574, 114.174489 22.31153, 114.174548 22.311491, 114.174612 22.311459, 114.174888 22.311351, 114.174945 22.31131, 114.174986 22.311256, 114.174996 22.311236, 114.175003 22.311216, 114.175009 22.311195)"
1667,1007,1688,1636685662,12153036710,0,150792150,真義里 Chun Yi Lane,residential,False,157.484,,,,,,,"LINESTRING (114.172216 22.314068, 114.172279 22.314029, 114.172289 22.314022, 114.17241 22.313936, 114.172502 22.313853, 114.17262 22.313738, 114.172748 22.313612, 114.172906 22.313448, 114.173193 22.313128, 114.173225 22.31309, 114.173266 22.313044)"
1668,1007,3,1636685662,33004488,0,1200878753;1450850067,窩打老道 Waterloo Road,primary,True,209.08,3,,,,,,"LINESTRING (114.172216 22.314068, 114.172144 22.313964, 114.172121 22.31393, 114.172052 22.31384, 114.171833 22.313561, 114.171748 22.313453, 114.171688 22.313374, 114.171646 22.313318, 114.1716 22.313257, 114.171526 22.313186, 114.171473 22.313141, 114.171412 22.313105, 114.171353 22.31308, 114.171295 22.313065, 114.171154 22.313038, 114.170882 22.312992, 114.170853 22.312988, 114.17072 22.312965)"
1669,1008,1009,1636685663,1636685664,0,150792153,咸美頓街 Hamilton Street,residential,False,35.266000000000005,2,,,,,,"LINESTRING (114.170399 22.31457, 114.170486 22.314586, 114.170735 22.314631)"
1670,1008,94,1636685663,308473420,0,1200878750;1200878751,彌敦道 Nathan Road,primary,True,75.56400000000001,3,,,,,,"LINESTRING (114.170399 22.31457, 114.170408 22.314524, 114.170466 22.314232, 114.170516 22.313976, 114.17053 22.313901)"
1671,1009,1008,1636685664,1636685663,0,150792153,咸美頓街 Hamilton Street,residential,False,35.266000000000005,2,,,,,,"LINESTRING (114.170735 22.314631, 114.170486 22.314586, 114.170399 22.31457)"
1672,1010,1568,1636768897,7560529772,0,492704915;102506140,上海街 Shanghai Street,secondary,True,72.97800000000001,3,,,,,,"LINESTRING (114.169953 22.31009, 114.169983 22.309938, 114.17 22.309853, 114.170026 22.309701, 114.170034 22.30955, 114.170062 22.309443)"
1673,1010,944,1636768897,1624950144,0,441937730,眾坊街 Public Square Street,tertiary,True,52.29,1,,,,,,"LINESTRING (114.169953 22.31009, 114.169878 22.310076, 114.169585 22.310027, 114.16954 22.310032, 114.169508 22.310052, 114.16948 22.31009)"
1674,1011,560,1636768900,991295126,0,101166569,廟街 Temple Street,residential,True,69.346,,,,,,,"LINESTRING (114.17042 22.310178, 114.170301 22.310792)"
1675,1011,1010,1636768900,1636768897,0,888280008,眾坊街 Public Square Street,tertiary,True,48.998000000000005,3,,,,,,"LINESTRING (114.17042 22.310178, 114.170013 22.310102, 114.169953 22.31009)"
1676,1012,743,1636768902,1172757982,0,102506129,鴉打街 Arthur Street,residential,True,69.296,,,,,,,"LINESTRING (114.170681 22.31022, 114.17057 22.310834)"
1677,1012,1011,1636768902,1636768900,0,102506142,眾坊街 Public Square Street,tertiary,True,27.23,2,,,,,,"LINESTRING (114.170681 22.31022, 114.17042 22.310178)"
1678,1013,801,1636768903,1183787466,0,150801664;102506138;987256895,石壁道 Cliff Road;永星里 Wing Sing Lane,residential,False,147.643,2,,,,,,"LINESTRING (114.171651 22.310357, 114.17183 22.310389, 114.171852 22.310402, 114.171863 22.310419, 114.171751 22.310915, 114.171741 22.310927, 114.171725 22.310942, 114.171695 22.310966, 114.171623 22.310966, 114.171345 22.310924, 114.171215 22.310905, 114.171192 22.310901, 114.171123 22.31089)"
1679,1014,1015,1636768904,1636768911,0,150801672,新填地街 Reclamation Street,secondary,True,58.293,2,,,,,,"LINESTRING (114.169379 22.310655, 114.169298 22.311066, 114.169289 22.31111, 114.169277 22.31117)"
1680,1014,1544,1636768904,6836319731,0,150801679,永星里 Wing Sing Lane,tertiary,True,48.707,1,,,,,,"LINESTRING (114.169379 22.310655, 114.169439 22.310665, 114.169718 22.310712, 114.169776 22.310722, 114.169811 22.310713, 114.169839 22.310697)"
1681,1015,1016,1636768911,1636768923,0,150801665,熙龍里 Hi Lung Lane,residential,False,38.368,2,,,,,,"LINESTRING (114.169277 22.31117, 114.169348 22.311181, 114.169645 22.311226)"
1682,1015,1631,1636768911,9803283485,0,485635353;150801676,東莞街 Tung Kun Street;澄平街 Ching Ping Street,residential,True,257.10499999999996,2;1,,,,,,"LINESTRING (114.169277 22.31117, 114.16895 22.31112, 114.168789 22.311095, 114.168643 22.311069, 114.167791 22.310919, 114.16774 22.310912, 114.167759 22.310805, 114.167875 22.310154, 114.167893 22.310057)"
1683,1015,1019,1636768911,1636768937,0,493994639,新填地街 Reclamation Street,secondary,True,104.268,3,,,,,,"LINESTRING (114.169277 22.31117, 114.169186 22.311636, 114.169149 22.311821, 114.169096 22.312093)"
1684,1016,1015,1636768923,1636768911,0,150801665,熙龍里 Hi Lung Lane,residential,False,38.368,2,,,,,,"LINESTRING (114.169645 22.311226, 114.169348 22.311181, 114.169277 22.31117)"
1685,1017,546,1636768930,991294801,0,101166571,文明里 Man Ming Lane,tertiary,False,6.77,2,,,,,,"LINESTRING (114.170371 22.311813, 114.170305 22.311819)"
1686,1017,743,1636768930,1172757982,0,150801663,鴉打街 Arthur Street,residential,True,110.75899999999999,,,,,,,"LINESTRING (114.170371 22.311813, 114.170392 22.311714, 114.170469 22.311344, 114.170562 22.310876, 114.17057 22.310834)"
1687,1018,1017,1636768934,1636768930,0,150801668,文明里 Man Ming Lane,tertiary,True,49.073,2,,,,,,"LINESTRING (114.170835 22.31184, 114.170814 22.311856, 114.170794 22.311863, 114.170764 22.311869, 114.170737 22.311868, 114.170724 22.311868, 114.170708 22.311866, 114.170371 22.311813)"
1688,1018,593,1636768934,1151084822,0,1200878752;30658263,彌敦道 Nathan Road,primary,True,125.04199999999999,3,,,,,,"LINESTRING (114.170835 22.31184, 114.170675 22.312658, 114.170634 22.312864, 114.170632 22.312876, 114.170618 22.312947)"
1689,1019,798,1636768937,1183208502,0,493994639,新填地街 Reclamation Street,secondary,True,4.498,3,,,,,,"LINESTRING (114.169096 22.312093, 114.169088 22.312133)"
1690,1019,1542,1636768937,6785924022,0,150801673,石龍街 Shek Lung Street,residential,False,135.339,2,,,,,,"LINESTRING (114.169096 22.312093, 114.169029 22.312082, 114.168352 22.311965, 114.167825 22.311876, 114.167802 22.311872)"
1691,1020,1021,1636768941,1636768942,0,102443800;150801674,德昌里 Tak Cheong Lane;德昌街 Tak Cheong Street,residential,False,109.597,,,,,,,"LINESTRING (114.168036 22.31302, 114.167447 22.312926, 114.167428 22.312934, 114.167407 22.312951, 114.167343 22.313334)"
1692,1021,1020,1636768942,1636768941,0,102443800;150801674,德昌里 Tak Cheong Lane;德昌街 Tak Cheong Street,residential,False,109.59700000000001,,,,,,,"LINESTRING (114.167343 22.313334, 114.167407 22.312951, 114.167428 22.312934, 114.167447 22.312926, 114.168036 22.31302)"
1693,1021,79,1636768942,308473176,0,150801671,碧街 Pitt Street,tertiary,True,102.229,2,,,,,,"LINESTRING (114.167343 22.313334, 114.16789 22.313431, 114.168248 22.313493, 114.168269 22.313497, 114.16832 22.313505)"
1694,1022,673,1636768949,1162875765,0,150801666,甘霖街 Kam Lam Street,residential,True,105.84199999999998,,,,,,,"LINESTRING (114.167046 22.317013, 114.16706 22.31695, 114.167219 22.316183, 114.167263 22.316085)"
1695,1022,162,1636768949,332252247,0,1200878740,山東街 Shantung Street,tertiary,True,50.776,3,,,,,,"LINESTRING (114.167046 22.317013, 114.166709 22.316961, 114.166659 22.316951, 114.16656 22.316935)"
1696,1023,47,1640472705,278951444,0,901557027,雅翔道 Nga Cheung Road,tertiary,True,240.29700000000003,2,,,,viaduct,,"LINESTRING (114.161428 22.307121, 114.161364 22.307068, 114.161283 22.306975, 114.161173 22.3068, 114.161108 22.306664, 114.161098 22.306641, 114.160954 22.306349, 114.160869 22.306165, 114.16042 22.305184)"
1697,1024,41,1640472711,278949226,0,28071223,佐敦道 Jordan Road,secondary,True,56.251,2,,,,,,"LINESTRING (114.161312 22.307232, 114.16133 22.30735, 114.161348 22.307394, 114.16139 22.307461, 114.161419 22.30749, 114.161461 22.307516, 114.161512 22.307532, 114.161561 22.307538, 114.161602 22.307533, 114.161645 22.307521)"
1698,1025,399,1640472713,660415615,0,151226305,佐敦道 Jordan Road,secondary,True,49.833,2,,,,,,"LINESTRING (114.161733 22.307471, 114.161759 22.307434, 114.161778 22.307393, 114.161785 22.307356, 114.161785 22.307322, 114.161775 22.307268, 114.16176 22.307218, 114.161734 22.307164, 114.161708 22.307127, 114.161676 22.307097, 114.161645 22.307076)"
1699,1025,809,1640472713,1185400522,0,1206872683;102640435;295592966,佐敦道 Jordan Road,secondary,True,142.447,2,,,,,,"LINESTRING (114.161733 22.307471, 114.16186 22.307418, 114.161888 22.307409, 114.162254 22.307291, 114.162746 22.307103, 114.1628 22.30708, 114.162991 22.306951)"
1700,1026,194,1640472718,339050813,0,947213778;335585837;947012302;151226350,油麻地交匯處 Yau Ma Tei Interchange,primary,True,133.065,1,50;80,,,,,"LINESTRING (114.160807 22.309236, 114.160772 22.309575, 114.160751 22.309732, 114.160725 22.309917, 114.160647 22.310423)"
1701,1026,201,1640472718,339051995,0,282222737;947010926;947012303,海寶路 Hoi Po Road,trunk_link,True,442.807,1,80,,,,,"LINESTRING (114.160807 22.309236, 114.160709 22.309566, 114.160614 22.309886, 114.160445 22.310583, 114.160403 22.310841, 114.160386 22.311055, 114.160381 22.311239, 114.160389 22.311409, 114.160446 22.311774, 114.160515 22.312211, 114.160538 22.312355, 114.1606 22.312735, 114.160636 22.312878, 114.160706 22.313147)"
1702,1027,908,1640472735,1295869666,0,151226365;1234874707;1234874709,櫻桃街 Cherry Street,secondary,True,123.41900000000001,2;3,,,,,,"LINESTRING (114.158188 22.317279, 114.157826 22.317289, 114.15746 22.317302, 114.157256 22.317309, 114.15714 22.317313, 114.15705 22.317297, 114.156992 22.317283)"
1703,1028,1029,1640472756,1640472796,0,151226288,振榮街 Chun Wing Street,residential,True,112.303,1,,,,,,"LINESTRING (114.161668 22.318134, 114.161624 22.318227, 114.161592 22.318313, 114.161585 22.318338, 114.161582 22.318366, 114.161579 22.319097, 114.16158 22.31913)"
1704,1028,120,1640472756,332230895,0,735252195;735252196;250785074;250784885;30148765,大角咀道 Tai Kok Tsui Road;櫻桃街 Cherry Street,tertiary,True,167.22799999999998,2;3,,,,,,"LINESTRING (114.161668 22.318134, 114.161871 22.318212, 114.161928 22.318241, 114.161964 22.318272, 114.161988 22.318316, 114.161996 22.318366, 114.161996 22.31849, 114.161996 22.318556, 114.161996 22.318621, 114.161996 22.318644, 114.161996 22.318677, 114.161996 22.318778, 114.161996 22.31879, 114.161996 22.318872, 114.161991 22.318962, 114.161989 22.319059, 114.161988 22.319089, 114.161986 22.319132, 114.16198 22.31946)"
1705,1030,120,1640472834,332230895,0,947192522;151226319,博文街 Pok Man Street,secondary,True,208.11999999999998,2,,,,,,"LINESTRING (114.159957 22.319473, 114.160128 22.319475, 114.160451 22.319476, 114.160727 22.319475, 114.161022 22.319473, 114.161186 22.319472, 114.161832 22.319461, 114.161876 22.31946, 114.16198 22.31946)"
1706,1030,119,1640472834,332228056,0,437552515;735252170;735252171;735252209;151226322;735252210;151226325,深旺道 Sham Mong Road,secondary;tertiary,True,216.07799999999997,2,,,,,,"LINESTRING (114.159957 22.319473, 114.159996 22.319402, 114.160032 22.319334, 114.160078 22.319253, 114.160118 22.319184, 114.160253 22.318993, 114.160323 22.318878, 114.160381 22.318771, 114.160445 22.318644, 114.160471 22.318589, 114.160492 22.318545, 114.160561 22.318408, 114.16066 22.31814, 114.160686 22.31807, 114.16072 22.318016, 114.160761 22.317963, 114.160808 22.317932, 114.160841 22.317913, 114.160894 22.317885, 114.160952 22.317863, 114.161005 22.317852)"
1707,1031,1034,1640472837,1640472865,0,151226331;151226317,博學里 Pok Hok Lane;鐵樹街 Tit Shu Street,residential,True,138.268,1,,,,,,"LINESTRING (114.162918 22.319499, 114.162997 22.319485, 114.163054 22.319475, 114.163368 22.31942, 114.163469 22.319944, 114.163502 22.320128, 114.163515 22.320159, 114.16356 22.320213)"
1708,1033,1032,1640472860,1640472859,0,151226306,嘉善街 Ka Shin Street,residential,True,163.133,1,,,,,,"LINESTRING (114.161967 22.320004, 114.161864 22.320003, 114.160381 22.319998)"
1709,1033,1036,1640472860,1640472869,0,1184833357,大角咀道 Tai Kok Tsui Road,tertiary,True,52.08,2,,,,,,"LINESTRING (114.161967 22.320004, 114.161953 22.320311, 114.161953 22.320351, 114.161952 22.320472)"
1710,1034,545,1640472865,991294702,0,151226316,杉樹街 Pine Street,residential,True,105.121,1,,,,,,"LINESTRING (114.16356 22.320213, 114.16374 22.321092, 114.16375 22.321142)"
1711,1034,976,1640472865,1636543662,0,250786016;101558289,晏架街 Anchor Street,tertiary,True,175.236,1;2,,,,,,"LINESTRING (114.16356 22.320213, 114.16366 22.320195, 114.163953 22.320144, 114.164029 22.32013, 114.164117 22.320115, 114.164622 22.320026, 114.164729 22.320012, 114.16481 22.320014, 114.164894 22.320022, 114.165232 22.320101)"
1712,1035,1034,1640472868,1640472865,0,250786016;250785631,晏架街 Anchor Street,tertiary,True,108.148,1,,,,,,"LINESTRING (114.162526 22.32039, 114.162959 22.320316, 114.163083 22.320296, 114.16356 22.320213)"
1713,1036,734,1640472869,1172757683,0,151226283,晏架街 Anchor Street,tertiary,True,9.587,1,,,,,,"LINESTRING (114.161952 22.320472, 114.162046 22.320472)"
1714,1036,748,1640472869,1172758015,0,151226328,大角咀道 Tai Kok Tsui Road,tertiary,True,50.387,2,,,,,,"LINESTRING (114.161952 22.320472, 114.16194 22.320925)"
1715,1037,925,1640472873,1562575420,0,142788445,,secondary_link,True,22.330000000000002,1,,,,,,"LINESTRING (114.159855 22.32068, 114.159799 22.320563, 114.159757 22.320539, 114.159728 22.32054)"
1716,1037,1030,1640472873,1640472834,0,151226321,深旺道 Sham Mong Road,secondary,True,136.238,2,,,,,,"LINESTRING (114.159855 22.32068, 114.159854 22.320562, 114.159841 22.3202, 114.159834 22.320037, 114.159829 22.319934, 114.159834 22.319868, 114.159846 22.3198, 114.159873 22.319684, 114.159889 22.319627, 114.159912 22.319567, 114.159924 22.319544, 114.159957 22.319473)"
1717,1039,1035,1640472879,1640472868,0,151226290,榆樹街 Elm Street,residential,True,105.079,1,,,,,,"LINESTRING (114.162711 22.32132, 114.162526 22.32039)"
1718,1039,1040,1640472879,1640472885,0,1203105121,埃華街 Ivy Street,tertiary,True,73.34400000000001,1,,,,,,"LINESTRING (114.162711 22.32132, 114.16219 22.321408, 114.162127 22.321416, 114.162072 22.32142, 114.162008 22.321424)"
1719,1040,734,1640472885,1172757683,0,1187954315,大角咀道 Tai Kok Tsui Road,tertiary,True,105.884,2,,,,,,"LINESTRING (114.162008 22.321424, 114.162034 22.32082, 114.162046 22.320472)"
1720,1042,978,1640472888,1636543686,0,101558304,福全街 Fuk Tsun Street,tertiary,True,86.412,1,,,,,,"LINESTRING (114.163852 22.321587, 114.164261 22.321273, 114.164499 22.321091)"
1721,1042,1043,1640472888,1640472891,0,151226294,福全街 Fuk Tsun Street,tertiary,False,56.814,2,,,,,,"LINESTRING (114.163852 22.321587, 114.163605 22.321776, 114.163427 22.321913)"
1722,1043,1042,1640472891,1640472888,0,151226294,福全街 Fuk Tsun Street,tertiary,False,56.814,2,,,,,,"LINESTRING (114.163427 22.321913, 114.163605 22.321776, 114.163852 22.321587)"
1723,1044,1220,1640472893,2404926823,0,103020418,大全街 Tai Tsun Street,residential,True,99.621,1,,,,,,"LINESTRING (114.16036 22.321948, 114.161328 22.32196)"
1724,1044,1041,1640472893,1640472887,0,151226329;101558282,旺堤街 Wong Tai Street;大全街 Tai Tsun Street,residential,True,97.119,2,,,,,,"LINESTRING (114.16036 22.321948, 114.159983 22.321943, 114.159989 22.321555, 114.159986 22.321418)"
1725,1045,739,1640472897,1172757887,0,151226289,中匯街 Chung Wui Street,residential,False,38.701,2,,,,,,"LINESTRING (114.160351 22.32251, 114.160291 22.322509, 114.159975 22.322505)"
1726,1046,749,1640472898,1172758017,0,101558291,合群街 Hop Kwan Street,residential,True,76.465,1,,,,,,"LINESTRING (114.160668 22.322514, 114.160658 22.323149, 114.160658 22.323202)"
1727,1046,1045,1640472898,1640472897,0,101558298,中匯街 Chung Wui Street,residential,True,32.548,1,,,,,,"LINESTRING (114.160668 22.322514, 114.160388 22.322511, 114.160351 22.32251)"
1728,1047,1046,1640472899,1640472898,0,101558298,中匯街 Chung Wui Street,residential,True,34.904,1,,,,,,"LINESTRING (114.161007 22.322518, 114.160668 22.322514)"
1729,1048,1274,1640472913,3692616228,0,524436266,深旺道 Sham Mong Road,secondary,True,10.274,2,,,,,,"LINESTRING (114.159394 22.323405, 114.159454 22.323332)"
1730,1049,1049,1640472918,1640472918,0,101558280;151226293,福利街 Fuk Lee Street,residential,True,59.292999999999985,1,,,,,,"LINESTRING (114.160238 22.324145, 114.160178 22.324138, 114.160125 22.324128, 114.160096 22.324124, 114.16008 22.324123, 114.160063 22.324124, 114.160048 22.324129, 114.160035 22.324137, 114.160022 22.324151, 114.160015 22.324164, 114.160011 22.324178, 114.16001 22.32419, 114.160012 22.324202, 114.160021 22.324221, 114.160036 22.324237, 114.160052 22.324246, 114.160071 22.32425, 114.160091 22.32425, 114.16011 22.324244, 114.160126 22.324234, 114.160136 22.324223, 114.160177 22.324184, 114.160204 22.324163, 114.160238 22.324145)"
1731,1049,1050,1640472918,1640472919,0,101558292,福利街 Fuk Lee Street,residential,False,76.654,2,,,,,,"LINESTRING (114.160238 22.324145, 114.160307 22.324144, 114.160983 22.32414)"
1732,1050,738,1640472919,1172757812,0,101558302,福利街 Fuk Lee Street,residential,False,41.464,2,,,,,,"LINESTRING (114.160983 22.32414, 114.161386 22.324138)"
1733,1050,1049,1640472919,1640472918,0,101558292,福利街 Fuk Lee Street,residential,False,76.654,2,,,,,,"LINESTRING (114.160983 22.32414, 114.160307 22.324144, 114.160238 22.324145)"
1734,1050,1279,1640472919,4332327041,0,151226311,樂群街 Lok Kwan Street,residential,True,142.21,1,,,,,,"LINESTRING (114.160983 22.32414, 114.160997 22.323206, 114.161002 22.322861)"
1735,1051,1349,1640472920,4864470280,0,1537015264;30148947;1203105167,大角咀道 Tai Kok Tsui Road,tertiary,True,142.796,1;2,,,,,,"LINESTRING (114.16197 22.324187, 114.161981 22.324115, 114.161983 22.324052, 114.161984 22.324025, 114.161982 22.323745, 114.161983 22.323603, 114.161982 22.32334, 114.161981 22.323284, 114.161981 22.323217, 114.161985 22.322935, 114.161986 22.322904)"
1736,1051,750,1640472920,1172758045,0,101558243,福利街 Fuk Lee Street,tertiary_link,True,15.18,1,,,,,,"LINESTRING (114.16197 22.324187, 114.161966 22.324165, 114.161957 22.324147, 114.161942 22.324133, 114.161923 22.324124, 114.161899 22.324119, 114.161865 22.324118)"
1737,1052,1258,1640472922,3261524561,0,102368474,聚魚道 Chui Yu Road,secondary,True,12.369,2,,,,,,"LINESTRING (114.157963 22.324483, 114.158038 22.32457)"
1738,1052,1262,1640472922,3336091196,0,493777735;327096750;1208331730;1208331731;1208331732;1208331733,深旺道 Sham Mong Road,tertiary,True,270.684,2;3,,,,,,"LINESTRING (114.157963 22.324483, 114.157891 22.324534, 114.157872 22.324549, 114.157356 22.324939, 114.157267 22.325009, 114.1571 22.32514, 114.157055 22.325174, 114.156964 22.325242, 114.156679 22.325456, 114.156526 22.325568, 114.156423 22.325642, 114.156103 22.32587, 114.156072 22.325895, 114.155914 22.326009)"
1739,1053,1384,1640472923,5103577570,0,26380099,聚魚道 Chui Yu Road,secondary,True,12.146,1,,,,,,"LINESTRING (114.158137 22.3245, 114.158059 22.324418)"
1740,1053,1048,1640472923,1640472913,0,1176307512;250784157;494019398,深旺道 Sham Mong Road,secondary,True,178.019,2;3,,,,,,"LINESTRING (114.158137 22.3245, 114.158308 22.324369, 114.158801 22.323976, 114.15886 22.32393, 114.159044 22.323783, 114.159325 22.32348, 114.159394 22.323405)"
1741,1054,1482,1641766299,6374553441,0,151355624;1203105145;1065131402;1203105144,汝州街 Yu Chau Street,secondary,True,142.42600000000002,4;3,,,,,,"LINESTRING (114.167329 22.325388, 114.166976 22.325661, 114.166694 22.325882, 114.16662 22.325943, 114.166415 22.326099, 114.166268 22.326211)"
1742,1055,783,1641766324,1181846042,0,1086615449,荔枝角道 Lai Chi Kok Road,primary,True,15.865,4,,,,,,"LINESTRING (114.16341 22.326408, 114.163529 22.326317)"
1743,1055,555,1641766324,991294995,0,151355618,黃竹街 Wong Chuk Street,tertiary,True,113.10700000000001,4,,,,,,"LINESTRING (114.16341 22.326408, 114.163483 22.32649, 114.16376 22.326797, 114.163832 22.326878, 114.163945 22.327004, 114.164113 22.327191)"
1744,1056,639,1641766327,1152824615,0,99716388,界限街 Boundary Street,secondary,True,118.781,2,,,,,,"LINESTRING (114.162199 22.326448, 114.162262 22.3264, 114.162297 22.326374, 114.162335 22.326351, 114.162376 22.326332, 114.162427 22.326316, 114.162481 22.326307, 114.162535 22.326305, 114.163056 22.326325, 114.163095 22.326327, 114.163308 22.326335)"
1745,1056,1058,1641766327,1641766332,0,151355604;1389234591,石硤尾街 Shek Kip Mei Street,residential,True,63.12499999999999,1;2,,,,,,"LINESTRING (114.162199 22.326448, 114.162276 22.326534, 114.162299 22.32656, 114.162524 22.326811, 114.162548 22.326838, 114.16259 22.326885)"
1746,1057,1059,1641766330,1641766334,0,101193759,南昌街 Nam Cheong Street,secondary,True,62.983,3,,,,,,"LINESTRING (114.160895 22.326703, 114.16097 22.326781, 114.161118 22.326942, 114.16122 22.327053, 114.161238 22.327073, 114.161294 22.327134)"
1747,1057,556,1641766330,991295018,0,151355569;1203105124;1203105125,海壇街 Hai Tan Street,tertiary,True,230.40300000000002,2;3,,,,,,"LINESTRING (114.160895 22.326703, 114.160814 22.326763, 114.160304 22.327159, 114.160111 22.327304, 114.160033 22.327363, 114.159959 22.32742, 114.159431 22.327823, 114.159276 22.327941, 114.159168 22.328023)"
1748,1058,780,1641766332,1181846018,0,102368458,荔枝角道 Lai Chi Kok Road,primary,True,99.191,3,,,,,,"LINESTRING (114.16259 22.326885, 114.162234 22.327159, 114.162 22.327338, 114.16197 22.327361, 114.161848 22.327454)"
1749,1059,785,1641766334,1181846060,0,458703377,醫局街 Yee Kuk Street,secondary,True,21.098,2,,,,,,"LINESTRING (114.161294 22.327134, 114.161452 22.327012)"
1750,1059,1060,1641766334,1641766351,0,1203105143,南昌街 Nam Cheong Street,secondary,True,64.316,3,,,,,,"LINESTRING (114.161294 22.327134, 114.161357 22.327203, 114.161626 22.327499, 114.161644 22.32752, 114.161694 22.327578)"
1751,1060,777,1641766351,1180818612,0,151355595,南昌街 Nam Cheong Street,secondary,True,13.938,3,,,,,,"LINESTRING (114.161694 22.327578, 114.161774 22.327679)"
1752,1060,551,1641766351,991294886,0,103295896,荔枝角道 Lai Chi Kok Road,primary,True,232.803,3,,,,,,"LINESTRING (114.161694 22.327578, 114.161622 22.327634, 114.160917 22.328181, 114.160885 22.328203, 114.16081 22.32826, 114.160297 22.328663, 114.160072 22.328838, 114.160027 22.328871, 114.159959 22.328922)"
1753,1061,263,1641766386,420027760,0,151355609,大南街 Tai Nan Street,residential,True,116.237,,30,,,,,"LINESTRING (114.162134 22.32807, 114.162047 22.328137, 114.161328 22.328694, 114.161267 22.328741)"
1754,1061,561,1641766386,998046345,0,1203105140,南昌街 Nam Cheong Street,secondary,True,56.019999999999996,3,,,,,,"LINESTRING (114.162134 22.32807, 114.162188 22.328129, 114.162429 22.328394, 114.162485 22.328455)"
1755,1062,544,1641766422,991294657,0,103411713,海壇街 Hai Tan Street,residential,False,39.576,,,,,,,"LINESTRING (114.157068 22.329668, 114.157362 22.329439)"
1756,1062,1687,1641766422,12075292875,0,936354623,,residential,False,5.845,,,,,,,"LINESTRING (114.157068 22.329668, 114.15703 22.329629)"
1757,1062,1557,1641766422,7318017040,0,783545857,海壇街 Hai Tan Street,residential,False,17.073999999999998,,,,,,,"LINESTRING (114.157068 22.329668, 114.157032 22.329699, 114.156945 22.329771)"
1758,1063,1063,1641766435,1641766435,0,151355603;111301052;517406519,西邨路 Sai Chuen Road,residential,True,74.495,,,,,,,"LINESTRING (114.154397 22.329735, 114.154185 22.329735, 114.154159 22.329739, 114.154135 22.329751, 114.154117 22.32977, 114.154108 22.329794, 114.154107 22.329819, 114.154116 22.329842, 114.154133 22.329862, 114.154156 22.329875, 114.154183 22.329879, 114.154209 22.329876, 114.154233 22.329863, 114.154397 22.329735)"
1759,1063,62,1641766435,288997665,0,1229233633;326905931,西邨路 Sai Chuen Road,residential,False,424.5259999999999,,,,,,,"LINESTRING (114.154397 22.329735, 114.154475 22.329675, 114.154573 22.329599, 114.155102 22.329188, 114.155402 22.328955, 114.15566 22.328754, 114.155741 22.328692, 114.155886 22.328579, 114.155982 22.328504, 114.156026 22.32847, 114.156069 22.328428, 114.156106 22.328382, 114.156137 22.328331, 114.156156 22.32829, 114.156161 22.328277, 114.156178 22.328221, 114.156186 22.328163, 114.156187 22.328105, 114.15618 22.328047, 114.156166 22.32799, 114.156143 22.327936, 114.156114 22.327884, 114.156074 22.327832, 114.156045 22.327785, 114.156022 22.327735, 114.156006 22.327683, 114.155997 22.327641, 114.155992 22.327581, 114.155995 22.327521, 114.156006 22.327462, 114.156026 22.327404, 114.156044 22.327368, 114.156053 22.327349, 114.156088 22.327298, 114.15613 22.327252, 114.156177 22.327211, 114.15623 22.327175, 114.156447 22.327035, 114.156464 22.327024, 114.156583 22.326946)"
1760,1064,915,1641766439,1394414518,0,712626688,欽州街 Yen Chow Street,secondary,True,54.715,3,,,,,,"LINESTRING (114.159522 22.330032, 114.159343 22.32983, 114.159315 22.329798, 114.159183 22.329653)"
1761,1065,276,1641766446,420027778,0,103239097,石硤尾街 Shek Kip Mei Street,residential,True,59.881,2,,,,,,"LINESTRING (114.165749 22.330372, 114.165721 22.330344, 114.165358 22.329973)"
1762,1065,678,1641766446,1166348439,0,437031182,元州街 Un Chau Street,secondary,True,23.825000000000003,2,,,,,,"LINESTRING (114.165749 22.330372, 114.165735 22.330383, 114.165694 22.330416, 114.165586 22.330524)"
1763,1066,683,1641766448,1166348488,0,103372414,南昌街 Nam Cheong Street,secondary,True,34.188,3,,,,,,"LINESTRING (114.164851 22.331107, 114.164889 22.331145, 114.165013 22.331265, 114.165034 22.331286, 114.165088 22.331322)"
1764,1066,1524,1641766448,6705233646,0,437031183,元州街 Un Chau Street,secondary,True,116.869,3,,,,,,"LINESTRING (114.164851 22.331107, 114.164786 22.331156, 114.164368 22.331473, 114.164045 22.331718, 114.163972 22.331773)"
1765,1067,1273,1641766472,3688773290,0,151355615,偉智街 Wai Chi Street,residential,True,133.448,1,30,,,,,"LINESTRING (114.168759 22.331576, 114.168759 22.331686, 114.168755 22.332565, 114.168755 22.332605, 114.168744 22.332659, 114.168732 22.332692, 114.168716 22.33272, 114.168706 22.332737, 114.168684 22.332759)"
1766,1067,1317,1641766472,4856402020,0,775541209;775541210;775541211;493765388,窩仔街 Woh Chai Street,secondary,False,142.22199999999998,2,,,,,,"LINESTRING (114.168759 22.331576, 114.168649 22.331576, 114.16862 22.331578, 114.168525 22.331588, 114.168379 22.331607, 114.168224 22.331655, 114.168096 22.331711, 114.168003 22.331773, 114.167885 22.331851, 114.167731 22.331953, 114.167651 22.332006, 114.16753 22.332086)"
1767,1067,1377,1641766472,5101814997,0,1010651604;1210074053,窩仔街 Woh Chai Street,secondary,False,160.883,2,,,,,,"LINESTRING (114.168759 22.331576, 114.168907 22.331574, 114.168938 22.331574, 114.169054 22.331575, 114.169289 22.331573, 114.169691 22.331572, 114.169768 22.331571, 114.16989 22.33157, 114.17017 22.331568, 114.170193 22.331568, 114.170323 22.331568)"
1768,1068,1319,1641766506,4856411323,0,100970025,石硤尾街 Shek Kip Mei Street,residential,True,7.448,1,50,,,,,"LINESTRING (114.167338 22.332204, 114.167385 22.332254)"
1769,1068,1376,1641766506,5101650402,0,775541212,窩仔街 Woh Chai Street,secondary,True,108.542,1,,,,,,"LINESTRING (114.167338 22.332204, 114.167278 22.332251, 114.167052 22.332432, 114.166713 22.332704, 114.166674 22.332736, 114.16654 22.332843)"
1770,1069,104,1641766523,308475679,0,103372430,桂林街 Kweilin Street,residential,True,60.349,,,,,,,"LINESTRING (114.163492 22.332867, 114.163178 22.332513, 114.16312 22.332448)"
1771,1070,1125,1642181741,1649049087,0,1207652530;105025282;733820758,暢通道南 Cheong Tung Road South,tertiary,False,109.061,2,,,,,,"LINESTRING (114.183676 22.304655, 114.183721 22.304594, 114.183794 22.304501, 114.183904 22.304312, 114.183989 22.304136, 114.184076 22.303914, 114.184084 22.303877, 114.184106 22.303768)"
1772,1070,1071,1642181741,1642181820,0,105025227;1287336300;1287336310;1287336311,暢通道 Cheong Tung Road,tertiary,True,53.166000000000004,1,,,,,,"LINESTRING (114.183676 22.304655, 114.183617 22.30472, 114.183554 22.30478, 114.183496 22.304821, 114.183414 22.304858, 114.183358 22.30488, 114.183256 22.304917)"
1773,1071,1073,1642181820,1642182880,0,494706915;1287336299;1287336312;1287336313;1287336316;1287336317,暢通道 Cheong Tung Road,secondary,True,99.77500000000002,2,,,,,,"LINESTRING (114.183256 22.304917, 114.183191 22.304929, 114.183108 22.304958, 114.182995 22.305006, 114.182889 22.305071, 114.182859 22.305088, 114.182811 22.305117, 114.182757 22.305205, 114.182735 22.305258, 114.182734 22.305273, 114.182733 22.305284, 114.182735 22.305314, 114.182744 22.305349, 114.182758 22.305389, 114.182782 22.305439, 114.182811 22.305487, 114.182829 22.305517)"
1774,1072,1071,1642181939,1642181820,0,1287336304;151396605;1287336302;1287336303,暢通道 Cheong Tung Road,secondary,True,53.181,1,,,,,,"LINESTRING (114.183713 22.305117, 114.183617 22.305044, 114.183593 22.30503, 114.183547 22.305003, 114.183528 22.304992, 114.183442 22.30495, 114.183406 22.304939, 114.183366 22.30493, 114.183256 22.304917)"
1775,1072,1070,1642181939,1642181741,0,151396603;1287336295,暢通道 Cheong Tung Road,tertiary,True,52.512,1,,,,,,"LINESTRING (114.183713 22.305117, 114.183669 22.304992, 114.183654 22.30493, 114.183652 22.304914, 114.183644 22.304865, 114.183676 22.304655)"
1776,1073,1664,1642182880,11161404793,0,105025281,安靜道 On Ching Road,residential,False,53.53,,,,,,,"LINESTRING (114.182829 22.305517, 114.182762 22.30556, 114.182407 22.305798)"
1777,1073,1529,1642182880,6718145426,0,151396604,暢通道 Cheong Tung Road,secondary,True,74.667,2,,,,,,"LINESTRING (114.182829 22.305517, 114.182884 22.305564, 114.182945 22.305603, 114.183009 22.305636, 114.183084 22.305681, 114.183196 22.305756, 114.183245 22.305801, 114.183295 22.305844, 114.183349 22.305901, 114.183383 22.305943)"
1778,1074,513,1642183081,990120080,0,151396623,紅菱街 Hung Ling Street,secondary,True,10.319,1,,,,,,"LINESTRING (114.184201 22.305781, 114.184145 22.305704)"
1779,1074,508,1642183081,990120029,0,1207333524;33620021,紅磡南道 Hung Hom South Road,tertiary,True,205.54199999999997,2;3,,,,,,"LINESTRING (114.184201 22.305781, 114.184461 22.305658, 114.18484 22.305474, 114.18506 22.305396, 114.18516 22.305352, 114.18526 22.305306, 114.18546 22.305193, 114.185754 22.305008, 114.185769 22.304999, 114.185947 22.304891)"
1780,1075,740,1642183297,1172757924,0,958492016;1382980378;1382980379,暢行道 Cheong Hang Road,secondary_link,True,27.504000000000005,1,,,,,,"LINESTRING (114.183155 22.305932, 114.183217 22.305937, 114.183237 22.305941, 114.183261 22.305948, 114.183289 22.305962, 114.183323 22.305988, 114.1834 22.306018)"
1781,1077,1451,1642184436,5998508273,0,151396600,寶其利街 Bulkeley Street,tertiary,True,41.14,,,,,,,"LINESTRING (114.185946 22.306724, 114.18573 22.30686, 114.185615 22.306932)"
1782,1077,1076,1642184436,1642183520,0,151396638,明安街 Ming On Street,residential,True,85.496,,,,,,,"LINESTRING (114.185946 22.306724, 114.185881 22.306635, 114.185525 22.30615, 114.18548 22.306088)"
1783,1078,529,1642184438,990120425,0,151396484,必嘉街 Baker Street,tertiary,True,16.17,,,,,,,"LINESTRING (114.18435 22.306802, 114.184193 22.306812)"
1784,1078,220,1642184438,384377185,0,105307484,機利士南路 Gillies Avenue South,secondary,True,105.753,2,,,,,,"LINESTRING (114.18435 22.306802, 114.18433 22.306776, 114.184309 22.306746, 114.184272 22.306696, 114.184232 22.30664, 114.184206 22.306605, 114.184036 22.306371, 114.183982 22.306297, 114.183871 22.306144, 114.183837 22.30609, 114.183821 22.306065, 114.183786 22.306007)"
1785,1079,1365,1642184439,5026755148,0,837630242;1375716707;151396674;1375524075;1396579471;453781976;151396699,溫思勞街 Winslow Street;溫思勞街下通道 Winslow Street Underpass,trunk_link;secondary,True,384.86099999999993,2;1,,,,,yes,"LINESTRING (114.182861 22.306806, 114.1828 22.306857, 114.182403 22.307103, 114.182158 22.307254, 114.182102 22.307289, 114.182041 22.307305, 114.181999 22.30732, 114.181947 22.307343, 114.181878 22.307378, 114.181826 22.307408, 114.181786 22.307433, 114.181741 22.307467, 114.181701 22.307501, 114.18165 22.307551, 114.181606 22.307608, 114.181576 22.307656, 114.181548 22.307711, 114.181524 22.307771, 114.181507 22.307838, 114.181497 22.307903, 114.181494 22.30797, 114.181501 22.308037, 114.181511 22.30809, 114.181532 22.308154, 114.181558 22.308211, 114.181584 22.308254, 114.181616 22.308298, 114.181651 22.308338, 114.181687 22.308372, 114.181729 22.308406, 114.181775 22.308436, 114.181818 22.308459, 114.181864 22.308479, 114.181918 22.308496, 114.181975 22.308509, 114.182032 22.308518, 114.182095 22.308524, 114.18234 22.308528, 114.182516 22.308534, 114.182612 22.308548, 114.18275 22.308597, 114.182786 22.308606, 114.182931 22.308638)"
1786,1080,1511,1642184453,6705233383,0,151396666,黃埔街 Whampoa Street,residential,True,85.309,1,,,,,,"LINESTRING (114.185347 22.307101, 114.185258 22.306982, 114.184913 22.306523, 114.184874 22.306471)"
1787,1080,875,1642184453,1210796259,0,1119621150,寶其利街 Bulkeley Street,tertiary,True,21.078999999999997,,,,,,,"LINESTRING (114.185347 22.307101, 114.185194 22.307197, 114.185178 22.307207)"
1788,1081,371,1642184499,582486640,0,105307490,蕪湖街 Wuhu Street,secondary,False,54.437000000000005,4,,,,,,"LINESTRING (114.1859 22.307322, 114.185749 22.307416, 114.185724 22.307431, 114.185598 22.30751, 114.185461 22.307596)"
1789,1081,1695,1642184499,12735971087,0,1124671122,蕪湖街 Wuhu Street,secondary,False,44.56699999999999,4,,,,,,"LINESTRING (114.1859 22.307322, 114.185974 22.307275, 114.186111 22.307189, 114.186257 22.307095)"
1790,1082,296,1642184525,457888291,0,85320789,獲嘉道 Walker Road,residential,True,42.287000000000006,,,,,,,"LINESTRING (114.183944 22.307426, 114.183911 22.307382, 114.183764 22.30718, 114.183714 22.307111)"
1791,1082,510,1642184525,990120058,0,151396607,曲街 Cooke Street,residential,True,60.138,1,,,,,,"LINESTRING (114.183944 22.307426, 114.184356 22.307169, 114.184429 22.307124)"
1792,1083,1078,1642184531,1642184438,0,494694711,機利士南路 Gillies Avenue South,secondary,True,85.53299999999999,3,,,,,,"LINESTRING (114.184776 22.30746, 114.184712 22.307314, 114.184405 22.306881, 114.18435 22.306802)"
1793,1084,1082,1642184594,1642184525,0,151396607,曲街 Cooke Street,residential,True,53.552,1,,,,,,"LINESTRING (114.183513 22.307696, 114.183944 22.307426)"
1794,1084,515,1642184594,990120113,0,1375716708,老龍坑街 Lo Lung Hang Street,residential,True,42.287,1,,,,,,"LINESTRING (114.183513 22.307696, 114.183476 22.307646, 114.183326 22.30744, 114.183283 22.30738)"
1795,1085,1577,1642184595,7635476606,0,817560626,蕪湖街 Wuhu Street,secondary,False,9.188,3,,,,,,"LINESTRING (114.185061 22.30785, 114.184986 22.307895)"
1796,1085,371,1642184595,582486640,0,105307496,蕪湖街 Wuhu Street,secondary,False,49.924,5,,,,,,"LINESTRING (114.185061 22.30785, 114.18521 22.307755, 114.185461 22.307596)"
1797,1085,1083,1642184595,1642184531,0,151396616,機利士南路 Gillies Avenue South,secondary,True,52.344,1,,,,,,"LINESTRING (114.185061 22.30785, 114.184962 22.30771, 114.184776 22.30746)"
1798,1086,881,1642184661,1215868262,0,151396607,曲街 Cooke Street,residential,True,44.485,1,,,,,,"LINESTRING (114.182751 22.308172, 114.18284 22.308117, 114.183109 22.307948)"
1799,1087,1088,1642184796,1642184800,0,105589091;151396660;151396631,利工街 Lee Kung Street;青州街 Tsing Chau Street,residential,False,305.429,,,,,,,"LINESTRING (114.187248 22.30935, 114.186817 22.309354, 114.186612 22.309355, 114.186589 22.309356, 114.186194 22.309358, 114.186198 22.309823, 114.187284 22.309805, 114.187506 22.309806, 114.187573 22.309806, 114.18761 22.309807)"
1800,1088,1603,1642184800,8489568078,0,105715043,馬頭圍道 Ma Tau Wai Road,secondary,False,56.336,4,,,,,,"LINESTRING (114.18761 22.309807, 114.187608 22.309641, 114.187607 22.309587, 114.187603 22.3093)"
1801,1088,1604,1642184800,8489568079,0,1080649817;105715043;913903252,馬頭圍道 Ma Tau Wai Road,secondary,False,225.04299999999998,4;5,,,,,,"LINESTRING (114.18761 22.309807, 114.18761 22.309818, 114.187613 22.309977, 114.187614 22.310088, 114.187619 22.310428, 114.187619 22.310466, 114.187621 22.310617, 114.187623 22.310713, 114.187625 22.310773, 114.187625 22.311151, 114.187628 22.311287, 114.187631 22.311422, 114.187632 22.311436, 114.187632 22.311449, 114.187634 22.311516, 114.187634 22.311536, 114.187636 22.31161, 114.187638 22.311684, 114.187639 22.311729, 114.187641 22.31183)"
1802,1088,1087,1642184800,1642184796,0,105589091;151396660;151396631,利工街 Lee Kung Street;青州街 Tsing Chau Street,residential,False,305.429,,,,,,,"LINESTRING (114.18761 22.309807, 114.187573 22.309806, 114.187506 22.309806, 114.187284 22.309805, 114.186198 22.309823, 114.186194 22.309358, 114.186589 22.309356, 114.186612 22.309355, 114.186817 22.309354, 114.187248 22.30935)"
1803,1089,355,1642184803,574313738,0,1375524066;451816252,漆咸道北 Chatham Road North,primary,True,38.480000000000004,3,50,,,,,"LINESTRING (114.185235 22.310328, 114.185141 22.310219, 114.18497 22.310087)"
1804,1090,477,1642184836,988059518,0,105604750,崇安街 Sung On Street,residential,False,111.6,2,,,,,,"LINESTRING (114.189364 22.311243, 114.189361 22.311313, 114.189387 22.311558, 114.189447 22.312154, 114.189456 22.312242)"
1805,1091,1527,1642184880,6705233672,0,151396479,庇利街 Bailey Street,secondary,True,11.081,3,,,,,,"LINESTRING (114.1877 22.312251, 114.187592 22.312249)"
1806,1091,1604,1642184880,8489568079,0,913903247,馬頭圍道 Ma Tau Wai Road,secondary,True,47.699,2,,,,,,"LINESTRING (114.1877 22.312251, 114.187704 22.312138, 114.187705 22.312099, 114.187699 22.31202, 114.187641 22.31183)"
1807,1092,68,1645492675,289329905,0,26408498,荔枝角道 Lai Chi Kok Road,primary,True,14.304,3,,,,,,"LINESTRING (114.155597 22.332323, 114.155497 22.332412)"
1808,1092,1243,1645492675,2868162247,0,1178115522;151705911,東京街 Tonkin Street,secondary,True,200.483,3,,,,,,"LINESTRING (114.155597 22.332323, 114.155509 22.332204, 114.15538 22.332056, 114.155287 22.33195, 114.154726 22.331322, 114.154495 22.331065, 114.154476 22.331044, 114.154455 22.331019, 114.154366 22.330927)"
1809,1093,1092,1645492687,1645492675,0,103434393,東京街 Tonkin Street,secondary,True,12.101,4,,,,,,"LINESTRING (114.155661 22.332415, 114.155597 22.332323)"
1810,1093,773,1645492687,1180818602,0,1203105129;102293045,荔枝角道 Lai Chi Kok Road,primary,True,461.866,3,,,,,,"LINESTRING (114.155661 22.332415, 114.156841 22.331466, 114.15705 22.331305, 114.157142 22.331234, 114.15727 22.331135, 114.157416 22.331022, 114.157443 22.331002, 114.157546 22.330923, 114.1584 22.330266, 114.158573 22.330134, 114.158678 22.330048, 114.158938 22.329847, 114.158998 22.3298, 114.159086 22.329729)"
1811,1094,1311,1649047644,4848211645,0,102821089,九龍公園徑 Kowloon Park Drive,primary,True,24.943,2,,,,,,"LINESTRING (114.170645 22.294664, 114.17059 22.294882)"
1812,1094,314,1649047644,495137366,0,245458107,梳士巴利道 Salisbury Road,secondary,True,12.881,4,50,,,,,"LINESTRING (114.170645 22.294664, 114.170769 22.294676)"
1813,1095,1494,1649047767,6670380186,0,709674328;493061949,中間道 Middle Road,tertiary,True,48.39,3,,,,,,"LINESTRING (114.171261 22.295532, 114.171151 22.29552, 114.170899 22.2955, 114.170793 22.295492)"
1814,1096,1095,1649047771,1649047767,0,1063184864;102821094,中間道 Middle Road,tertiary,True,103.488,2;3,,,,,,"LINESTRING (114.172264 22.295601, 114.172166 22.295595, 114.171726 22.295566, 114.171445 22.295544, 114.171261 22.295532)"
1815,1096,1,1649047771,30747334,0,757833658,彌敦道 Nathan Road,secondary,True,98.52199999999999,2,,,,,,"LINESTRING (114.172264 22.295601, 114.172247 22.295842, 114.172239 22.295954, 114.172237 22.295976, 114.172204 22.2964, 114.1722 22.296485)"
1816,1097,4,1649047793,33004530,0,709674331;40744588;85201013,九龍公園徑 Kowloon Park Drive,primary,True,298.284,2,,,,yes,,"LINESTRING (114.170205 22.296267, 114.170041 22.296815, 114.170003 22.296934, 114.170001 22.296941, 114.1699 22.297272, 114.169835 22.297453, 114.16952 22.298328, 114.169453 22.298546, 114.169398 22.298726, 114.16936 22.298832)"
1817,1098,1095,1649047802,1649047767,0,5105324;100220087,北京道 Peking Road;漢口道 Hankow Road,residential,True,135.99,2,,,,,,"LINESTRING (114.171629 22.296428, 114.171272 22.296391, 114.171242 22.296372, 114.171225 22.296357, 114.171203 22.296326, 114.171192 22.29628, 114.171261 22.295532)"
1818,1099,845,1649047896,1189559158,0,152073844,麼地道 Mody Road,tertiary,True,99.226,2,,,,,,"LINESTRING (114.173643 22.2971, 114.17441 22.297188, 114.174601 22.297209)"
1819,1100,432,1649047910,759629913,0,103020552,麼地道 Mody Road,tertiary,False,12.319,4,,,,,,"LINESTRING (114.175606 22.297248, 114.175492 22.297281)"
1820,1100,650,1649047910,1158360169,0,245451408,漆咸道南 Chatham Road South,secondary,True,160.672,3,,,,,,"LINESTRING (114.175606 22.297248, 114.17557 22.297078, 114.175359 22.295887, 114.175347 22.295823)"
1821,1100,213,1649047910,384143869,0,759780801;45424066;1222595818;103020365;103020621;103020562;103020532;103020575,麼地道 Mody Road,tertiary,False,286.36899999999997,4;3,,,,,,"LINESTRING (114.175606 22.297248, 114.175703 22.297216, 114.175756 22.297198, 114.175815 22.297186, 114.175896 22.297174, 114.175982 22.297164, 114.176003 22.297161, 114.176229 22.297148, 114.176319 22.297155, 114.176391 22.29717, 114.176434 22.297182, 114.176472 22.297196, 114.176499 22.297206, 114.176628 22.297303, 114.176751 22.297409, 114.176767 22.29742, 114.177147 22.297724, 114.177402 22.297929, 114.177418 22.297942, 114.177469 22.297984, 114.177534 22.298039, 114.177585 22.298081, 114.177868 22.298313, 114.177905 22.298344)"
1822,1101,832,1649048045,1187352804,0,102821025,亞士厘道 Ashley Road,residential,False,84.019,2,,,,,,"LINESTRING (114.170442 22.297722, 114.17054 22.296972)"
1823,1102,1105,1649048061,1649048112,0,5020536;493089593;857204678,海防道 Haiphong Road,tertiary,True,276.67400000000004,1;2,,,,,,"LINESTRING (114.168829 22.297991, 114.168954 22.297998, 114.169558 22.298031, 114.169787 22.298045, 114.170377 22.298073, 114.171038 22.29811, 114.171513 22.298136)"
1824,1102,1653,1649048061,10875906169,0,152073812,廣東道 Canton Road,secondary,True,204.67,3,,,,,,"LINESTRING (114.168829 22.297991, 114.168849 22.297899, 114.168912 22.297617, 114.168937 22.297505, 114.168944 22.297474, 114.169053 22.296974, 114.1691 22.296773, 114.16911 22.296728, 114.169156 22.296531, 114.16923 22.296188)"
1825,1103,1109,1649048065,1649048396,0,1120037562;152073854,梳士巴利道 Salisbury Road,primary,True,200.36300000000003,2,50,,,,,"LINESTRING (114.178753 22.298033, 114.17895 22.298226, 114.179028 22.29829, 114.179101 22.298349, 114.179742 22.298912, 114.179898 22.299052, 114.179978 22.299122, 114.18009 22.299235, 114.180132 22.299301)"
1826,1103,1405,1649048065,5120436700,0,888170980;1120037541;1120037542;33613802;245452718;1120037564,紅磡繞道 Hung Hom Bypass;梳士巴利道 Salisbury Road,primary,True,407.98300000000006,2;3,50;70,,,yes,,"LINESTRING (114.178753 22.298033, 114.178803 22.298063, 114.178996 22.29819, 114.179077 22.298247, 114.17915 22.298303, 114.179521 22.298619, 114.179704 22.298758, 114.179816 22.298844, 114.179928 22.298932, 114.179978 22.298968, 114.180035 22.299009, 114.180094 22.29905, 114.180153 22.299087, 114.18021 22.299122, 114.180268 22.299152, 114.180332 22.299183, 114.180402 22.299212, 114.180469 22.299238, 114.180536 22.29926, 114.180604 22.299281, 114.180681 22.299301, 114.180777 22.299324, 114.180854 22.299339, 114.180974 22.29936, 114.181072 22.299374, 114.181214 22.299389, 114.181332 22.299398, 114.181535 22.299413, 114.181642 22.299426, 114.181749 22.299443, 114.181861 22.299465, 114.181979 22.299492, 114.182077 22.299516, 114.182232 22.299558)"
1827,1104,1108,1649048105,1649048220,0,152073824;124697419,赫德道 Hart Avenue;堪富利士道 Humphreys Avenue,tertiary,True,194.25800000000004,1,,,,,,"LINESTRING (114.172169 22.298139, 114.172253 22.298144, 114.172472 22.298153, 114.17259 22.298166, 114.172641 22.298178, 114.173645 22.298476, 114.173685 22.298482, 114.173733 22.29847, 114.173818 22.298437, 114.173868 22.298417, 114.173914 22.298408, 114.173951 22.298412, 114.173989 22.298415)"
1828,1104,830,1649048105,1187352697,0,1118626557,彌敦道 Nathan Road,secondary,True,132.51600000000002,2,,,,,,"LINESTRING (114.172169 22.298139, 114.172179 22.298015, 114.172207 22.297634, 114.17226 22.29695)"
1829,1105,1098,1649048112,1649047802,0,152073842,樂道 Lock Road,residential,True,190.25,1,50,,,,,"LINESTRING (114.171513 22.298136, 114.171516 22.298094, 114.171578 22.297188, 114.171624 22.29651, 114.171629 22.296428)"
1830,1105,1106,1649048112,1649048114,0,857204677,海防道 Haiphong Road,tertiary,True,59.069,2,,,,,,"LINESTRING (114.171513 22.298136, 114.171967 22.298156, 114.171999 22.298159, 114.172087 22.298163)"
1831,1106,948,1649048114,1625209832,0,124697423,彌敦道 Nathan Road,secondary,True,560.412,2,,,,,,"LINESTRING (114.172087 22.298163, 114.172084 22.298188, 114.172074 22.298333, 114.172057 22.298603, 114.172048 22.298746, 114.172044 22.298796, 114.172038 22.29889, 114.172 22.299407, 114.171994 22.299507, 114.171989 22.299594, 114.171976 22.299809, 114.171963 22.30003, 114.171944 22.300336, 114.171934 22.300456, 114.17193 22.30051, 114.171872 22.301339, 114.171843 22.301716, 114.171837 22.301798, 114.171798 22.302269, 114.171794 22.302336, 114.171761 22.302854, 114.171748 22.303058, 114.171745 22.303106, 114.171739 22.303192)"
1832,1106,1104,1649048114,1649048105,0,152073836,堪富利士道 Humphreys Avenue,tertiary,True,9.127,1,,,,,,"LINESTRING (114.172087 22.298163, 114.172098 22.298163, 114.172111 22.298161, 114.172124 22.298156, 114.172133 22.29815, 114.172146 22.298142, 114.172158 22.298139, 114.172169 22.298139)"
1833,1108,436,1649048220,759630065,0,124697424,寶勒巷 Prat Avenue,tertiary,True,185.26800000000003,1,,,,,,"LINESTRING (114.173989 22.298415, 114.174044 22.29843, 114.175299 22.298779, 114.175331 22.298785, 114.175362 22.298788, 114.175391 22.298788, 114.17558 22.298766, 114.175663 22.298754, 114.175728 22.298745)"
1834,1109,293,1649048396,452737038,0,85460160,科學館道 Science Museum Road,primary_link,True,55.508,1,,,,,,"LINESTRING (114.180132 22.299301, 114.180131 22.299383, 114.180132 22.299478, 114.18013 22.299519, 114.180121 22.299575, 114.180113 22.299617, 114.180097 22.299682, 114.180084 22.299709, 114.180053 22.299789)"
1835,1109,539,1649048396,990625764,0,759774589,梳士巴利道 Salisbury Road,primary,True,29.795,2,50,,,,,"LINESTRING (114.180132 22.299301, 114.180162 22.299348, 114.180212 22.299452, 114.180226 22.299476, 114.180241 22.299505, 114.180261 22.29954)"
1836,1110,547,1649048555,991294805,0,103020626,金馬倫道 Cameron Road,secondary_link,True,18.351000000000003,2,,,,,,"LINESTRING (114.176023 22.299664, 114.17594 22.299609, 114.1759 22.299586, 114.175873 22.299576)"
1837,1110,1100,1649048555,1649047910,0,1205283553;1210647522,漆咸道南 Chatham Road South,secondary,True,272.24500000000006,2,,,,,,"LINESTRING (114.176023 22.299664, 114.175962 22.299447, 114.175955 22.299403, 114.175949 22.299367, 114.175846 22.29873, 114.17584 22.298696, 114.175684 22.297732, 114.175627 22.297377, 114.175606 22.297248)"
1838,1111,293,1649048606,452737038,0,85460141,科學館道 Science Museum Road,tertiary,True,27.056,1,,,,,,"LINESTRING (114.180283 22.299686, 114.180211 22.299693, 114.18012 22.299737, 114.180053 22.299789)"
1839,1111,1113,1649048606,1649048774,0,1191382938,康莊道 Hong Chong Road,primary,True,27.781999999999996,2,,,,,,"LINESTRING (114.180283 22.299686, 114.180299 22.299789, 114.180308 22.299935)"
1840,1112,1113,1649048754,1649048774,0,85460144,康莊道 Hong Chong Road,primary_link,True,39.49,1,,,,,,"LINESTRING (114.180616 22.299782, 114.180541 22.299777, 114.180476 22.299784, 114.180418 22.299806, 114.18036 22.299852, 114.180308 22.299935)"
1841,1112,1111,1649048754,1649048606,0,769116978,梳士巴利道 Salisbury Road,secondary,True,37.7,1,,,,,,"LINESTRING (114.180616 22.299782, 114.180584 22.29975, 114.180514 22.299708, 114.180434 22.299686, 114.180352 22.299678, 114.180283 22.299686)"
1842,1113,1115,1649048774,1649048830,0,1191382937;1191382938,康莊道 Hong Chong Road,primary,True,22.413,2,,,,,,"LINESTRING (114.180308 22.299935, 114.1803 22.300005, 114.180266 22.300132)"
1843,1114,543,1649048792,990625879,0,1207333513;463633931;1237535782,建灣街 Kin Wan Street,residential,True,94.58000000000001,1;2,,,,,,"LINESTRING (114.186824 22.300159, 114.186812 22.300236, 114.1868 22.300299, 114.186791 22.300328, 114.186779 22.300362, 114.186758 22.300417, 114.186737 22.300465, 114.186565 22.300819, 114.18656 22.300837, 114.186528 22.300959)"
1844,1114,1462,1649048792,6126352666,0,519736603;152073838;1237535783,建灣街 Kin Wan Street,residential,False,81.981,2,,,,,,"LINESTRING (114.186824 22.300159, 114.186737 22.300082, 114.186212 22.299868, 114.186254 22.29978)"
1845,1115,1117,1649048830,1649048895,0,1191382936;1191382934;1191382933;85460158,康莊道 Hong Chong Road,primary,True,159.365,3,,,,,,"LINESTRING (114.180266 22.300132, 114.180247 22.300217, 114.180162 22.30064, 114.180099 22.30086, 114.180036 22.301027, 114.179888 22.301322, 114.179841 22.301415, 114.1798 22.30149)"
1846,1116,327,1649048841,523588218,0,152073858,科學館廣場 Science Museum Square,residential,False,83.512,,,,,,,"LINESTRING (114.179278 22.300589, 114.17921 22.300535, 114.178665 22.300095)"
1847,1116,1513,1649048841,6705233410,0,759774588,科學館道 Science Museum Road,tertiary,False,91.232,3,,,,,,"LINESTRING (114.179278 22.300589, 114.179446 22.300412, 114.179562 22.300291, 114.179866 22.299975)"
1848,1116,1681,1649048841,11530237733,0,1040467345,科學館道 Science Museum Road,tertiary,False,66.34899999999999,4,,,,,,"LINESTRING (114.179278 22.300589, 114.179147 22.300728, 114.179032 22.30085, 114.178982 22.300904, 114.178947 22.30094, 114.178854 22.301038)"
1849,1117,1118,1649048895,1649048949,0,152073832;1191389381,康達徑 Hong Tat Path,secondary,True,33.475,1,,,,,,"LINESTRING (114.1798 22.30149, 114.179768 22.301515, 114.179688 22.301576, 114.179644 22.30163, 114.179581 22.30171)"
1850,1117,316,1649048895,496035667,0,245454546;1191389380,康莊道 Hong Chong Road,primary,True,146.87199999999999,2,50,,,,,"LINESTRING (114.1798 22.30149, 114.17979 22.301525, 114.179764 22.30162, 114.179742 22.30168, 114.179706 22.301837, 114.179688 22.301965, 114.179681 22.302097, 114.179683 22.302194, 114.179701 22.302286, 114.179719 22.302399, 114.179761 22.302521, 114.17981 22.302638, 114.179864 22.302772)"
1851,1118,1510,1649048949,6705233294,0,85651090;90465814,康達徑 Hong Tat Path,secondary,True,176.434,2,,,,,,"LINESTRING (114.179581 22.30171, 114.179441 22.301797, 114.179369 22.301841, 114.179204 22.301931, 114.179016 22.302032, 114.17884 22.302132, 114.178574 22.302274, 114.178109 22.302523)"
1852,1118,1681,1649048949,11530237733,0,152073855,科學館徑 Science Museum Path,tertiary,True,106.548,2,,,,,,"LINESTRING (114.179581 22.30171, 114.179556 22.30165, 114.179518 22.301603, 114.179409 22.301512, 114.179096 22.301245, 114.179075 22.301227, 114.178959 22.301128, 114.178935 22.301108, 114.178909 22.301085, 114.178854 22.301038)"
1853,1119,1630,1649048966,9633043742,0,85320816;1207652533;1207652534,都會道 Metropolis Drive,tertiary,True,38.095,2;1,,,,viaduct,,"LINESTRING (114.182911 22.30198, 114.182882 22.301982, 114.182727 22.301979, 114.182686 22.301975, 114.182624 22.301968, 114.182549 22.301999)"
1854,1119,511,1649048966,990120065,0,771547294,都會道 Metropolis Drive,tertiary,True,60.095,1,,,,viaduct,,"LINESTRING (114.182911 22.30198, 114.182867 22.302028, 114.182837 22.302086, 114.182835 22.302163, 114.18285 22.302215, 114.182892 22.302282, 114.182945 22.302346, 114.182997 22.302386, 114.183062 22.3024)"
1855,1120,219,1649048995,384377131,0,1382980365;494468847,安運道 On Wan Road,tertiary,True,186.595,2,,,,viaduct,,"LINESTRING (114.181093 22.302203, 114.181112 22.302291, 114.18115 22.302538, 114.181211 22.303135, 114.181244 22.303502, 114.181282 22.303656, 114.181322 22.303754, 114.181371 22.303853)"
1856,1121,1287,1649049019,4535526794,0,103020358,金巴利道 Kimberley Road,residential,False,23.464,,,,,,,"LINESTRING (114.175634 22.302337, 114.17573 22.302528)"
1857,1121,844,1649049019,1189559154,0,457400096,金巴利道 Kimberley Road,residential,True,17.197,,,,,,,"LINESTRING (114.175634 22.302337, 114.175572 22.302194)"
1858,1121,429,1649049019,710347237,0,152073806,柯士甸路 Austin Avenue,residential,True,110.003,1,,,,,,"LINESTRING (114.175634 22.302337, 114.176557 22.301972, 114.17662 22.301954)"
1859,1122,1112,1649049033,1649048754,0,769116977;1384191891;152073853;1222595819,梳士巴利道 Salisbury Road,secondary,True,257.174,1;2,,,,,,"LINESTRING (114.180904 22.302012, 114.180922 22.30171, 114.180817 22.300762, 114.180843 22.300261, 114.180849 22.300211, 114.180848 22.30012, 114.180832 22.300045, 114.1808 22.29997, 114.180763 22.299909, 114.180708 22.299846, 114.180662 22.299808, 114.180616 22.299782)"
1860,1122,542,1649049033,990625873,0,85460136;1287326504;1229908589;1431501585;1384191892,梳士巴利道 Salisbury Road,primary,True,310.5100000000001,1,50,,,viaduct,,"LINESTRING (114.180904 22.302012, 114.180848 22.301725, 114.180834 22.301476, 114.180808 22.301265, 114.180754 22.300824, 114.180743 22.300704, 114.18074 22.300617, 114.180743 22.300488, 114.180763 22.300265, 114.180807 22.300034, 114.180812 22.299849, 114.180801 22.299712, 114.18079 22.299661, 114.18078 22.299602, 114.180759 22.299534, 114.180694 22.299432, 114.180658 22.299378, 114.18062 22.299335, 114.18058 22.29929)"
1861,1123,1536,1649049049,6776083792,0,103020522,柯士甸路 Austin Avenue,residential,True,27.152,,,,,,,"LINESTRING (114.17527 22.302559, 114.175322 22.3025, 114.175378 22.302453, 114.175466 22.302399)"
1862,1124,430,1649049060,710347239,0,254005602;1191426919,漆咸道南 Chatham Road South,secondary,True,39.857,3,,,,,,"LINESTRING (114.176896 22.302666, 114.176896 22.302702, 114.176897 22.30276, 114.176938 22.302861, 114.17696 22.302897, 114.176979 22.302926, 114.177024 22.302995)"
1863,1124,1393,1649049060,5104093639,0,1191426920;524504186,,secondary_link,True,38.635,1;2,,,,,,"LINESTRING (114.176896 22.302666, 114.17693 22.302689, 114.176985 22.302726, 114.177041 22.302818, 114.177056 22.302842, 114.177118 22.302939)"
1864,1125,1070,1649049087,1642181741,0,1207652530;105025282;733820758,暢通道南 Cheong Tung Road South,tertiary,False,109.061,2,,,,,,"LINESTRING (114.184106 22.303768, 114.184084 22.303877, 114.184076 22.303914, 114.183989 22.304136, 114.183904 22.304312, 114.183794 22.304501, 114.183721 22.304594, 114.183676 22.304655)"
1865,1125,1609,1649049087,8870889525,0,1207652531;1207652536;1287326521;1287326522;85404061,暢通道南 Cheong Tung Road South,tertiary,False,272.625,2,,,,,,"LINESTRING (114.184106 22.303768, 114.184137 22.303538, 114.18416 22.302567, 114.184161 22.30244, 114.184169 22.302056, 114.184168 22.301924, 114.184171 22.301797, 114.184178 22.301481, 114.184202 22.30132)"
1866,1125,530,1649049087,990120446,0,1287336286;1287336285;85404118,紅荔道 Hung Lai Road,tertiary,True,39.626000000000005,1,,,,,,"LINESTRING (114.184106 22.303768, 114.184175 22.303794, 114.184318 22.303849, 114.18447 22.303884)"
1867,1126,1412,1649066298,5131739783,0,527958279,佐敦道 Jordan Road,primary,True,14.299,2,,,,yes,,"LINESTRING (114.161204 22.307508, 114.161334 22.307462)"
1868,1127,1507,1651827742,6705233247,0,54366521,旭日街 Yuk Yat Street,tertiary,False,109.989,,,,,,,"LINESTRING (114.190946 22.315283, 114.190928 22.315264, 114.190658 22.314987, 114.190521 22.31484, 114.190422 22.314696, 114.190398 22.314646, 114.19032 22.314491)"
1869,1127,1574,1651827742,7615923500,0,152359945,落山道 Lok Shan Road,tertiary,True,123.11300000000001,,,,,,,"LINESTRING (114.190946 22.315283, 114.190897 22.315327, 114.19085 22.315367, 114.190547 22.315623, 114.190535 22.315633, 114.190263 22.315862, 114.190167 22.315943, 114.190122 22.315982, 114.190066 22.316033)"
1870,1128,493,1651827744,988059751,0,1162532691,浙江街 Chi Kiang Street,secondary,True,10.69,3,,,,,,"LINESTRING (114.188654 22.315339, 114.188743 22.31529)"
1871,1128,1131,1651827744,1651827752,0,1294612844;1294612845;1294612846,土瓜灣道 To Kwa Wan Road,secondary,True,155.162,3,,,,,,"LINESTRING (114.188654 22.315339, 114.188855 22.315551, 114.188915 22.315614, 114.189206 22.31592, 114.189366 22.316089, 114.189396 22.316121, 114.189568 22.316301, 114.189591 22.316325, 114.18965 22.316387)"
1872,1129,1382,1651827748,5102189141,0,85201066;493747036;105619054,馬頭圍道 Ma Tau Wai Road,primary,True,410.556,3,50,,,,,"LINESTRING (114.18752 22.316333, 114.18752 22.316346, 114.18752 22.316368, 114.18752 22.316769, 114.18752 22.317166, 114.18752 22.317984, 114.187515 22.318013, 114.187511 22.318037, 114.187507 22.318695, 114.187506 22.318898, 114.187506 22.318932, 114.187505 22.319075, 114.187507 22.319248, 114.187508 22.319329, 114.187509 22.31941, 114.187515 22.319845, 114.187515 22.319888, 114.187513 22.320025)"
1873,1130,1137,1651827750,1651827817,0,152359923,靠背壟道 Kau Pui Lung Road,tertiary,False,357.473,,,,,,,"LINESTRING (114.186421 22.316303, 114.186421 22.31645, 114.186423 22.317454, 114.186423 22.317845, 114.186423 22.317959, 114.18642 22.318324, 114.18642 22.31849, 114.186413 22.319518)"
1874,1130,38,1651827750,276378619,0,435421058;85201044,靠背壟道 Kau Pui Lung Road;浙江街 Chi Kiang Street,tertiary,False,147.89600000000002,2,,,,,,"LINESTRING (114.186421 22.316303, 114.186424 22.315752, 114.186422 22.315535, 114.186422 22.315489, 114.18698 22.315485)"
1875,1131,29,1651827752,275948630,0,105715048;1294612843;1294612844,土瓜灣道 To Kwa Wan Road,secondary,True,192.96300000000002,3,,,,,,"LINESTRING (114.18965 22.316387, 114.189766 22.316509, 114.189857 22.316603, 114.190144 22.316901, 114.190319 22.317088, 114.190534 22.317316, 114.190606 22.317393, 114.190642 22.317432, 114.190732 22.317527, 114.19079 22.317593, 114.190886 22.317692)"
1876,1132,467,1651827755,857781427,0,72157807,長寧街 Cheung Ning Street,residential,True,175.826,,,,,,,"LINESTRING (114.189415 22.31658, 114.189442 22.316636, 114.189456 22.316664, 114.190099 22.317962, 114.190127 22.318018)"
1877,1133,1576,1651827803,7619661751,0,1210647707;106034151,馬頭圍道 Ma Tau Wai Road,primary,True,374.76500000000004,3,50,,,,,"LINESTRING (114.187622 22.319094, 114.187618 22.318429, 114.187616 22.318088, 114.187624 22.318035, 114.187643 22.317987, 114.187646 22.317755, 114.187648 22.317621, 114.187649 22.317499, 114.18765 22.317428, 114.187641 22.316401, 114.187643 22.316345, 114.187669 22.316128, 114.187702 22.315963, 114.187728 22.315856, 114.187741 22.315802, 114.187754 22.315737)"
1878,1133,396,1651827803,597408265,0,1375495615;1375495614;152360031,上鄉道 Sheung Heung Road,tertiary,False,226.23700000000002,2,,,,,,"LINESTRING (114.187622 22.319094, 114.187808 22.319011, 114.188016 22.318922, 114.188396 22.318759, 114.188493 22.318718, 114.188572 22.318684, 114.188912 22.318538, 114.188981 22.318509, 114.189128 22.318446, 114.189222 22.318405, 114.189229 22.318402, 114.189533 22.318272, 114.189616 22.318237)"
1879,1134,1135,1651827805,1651827808,0,152360023,新山道 San Shan Road,secondary,True,12.313,2,,,,,,"LINESTRING (114.192467 22.319206, 114.192375 22.319276)"
1880,1134,489,1651827805,988059720,0,85201080;1294612849,土瓜灣道 To Kwa Wan Road,secondary,True,233.49900000000002,3,,,,,,"LINESTRING (114.192467 22.319206, 114.192341 22.319081, 114.192152 22.318888, 114.192079 22.318814, 114.191955 22.318694, 114.191716 22.318441, 114.191551 22.318266, 114.191469 22.318179, 114.191387 22.318092, 114.191244 22.317939, 114.191159 22.317851, 114.191077 22.317766, 114.190956 22.317639)"
1881,1135,1352,1651827808,4864718208,0,262895596,土瓜灣道 To Kwa Wan Road,secondary,True,10.144,3,,,,,,"LINESTRING (114.192375 22.319276, 114.19244 22.319345)"
1882,1135,1301,1651827808,4843875302,0,106034155,新山道 San Shan Road,secondary,True,43.444,2,,,,,,"LINESTRING (114.192375 22.319276, 114.192262 22.31935, 114.192031 22.319503)"
1883,1136,1141,1651827809,1651827825,0,152359888,興賢街 Hing Yin Street,residential,False,56.681000000000004,,,,,,,"LINESTRING (114.194181 22.319331, 114.194393 22.319761, 114.194408 22.319796)"
1884,1137,1130,1651827817,1651827750,0,152359923,靠背壟道 Kau Pui Lung Road,tertiary,False,357.47300000000007,,,,,,,"LINESTRING (114.186413 22.319518, 114.18642 22.31849, 114.18642 22.318324, 114.186423 22.317959, 114.186423 22.317845, 114.186423 22.317454, 114.186421 22.31645, 114.186421 22.316303)"
1885,1137,1138,1651827817,1651827820,0,152359974,美善同里 Maidstone Lane,residential,True,55.938,,,,,,,"LINESTRING (114.186413 22.319518, 114.186474 22.319518, 114.186957 22.319521)"
1886,1137,1498,1651827817,6705233064,0,435421057,靠背壟道 Kau Pui Lung Road,tertiary,False,55.654,,,,,,,"LINESTRING (114.186413 22.319518, 114.186411 22.319946, 114.18641 22.320018)"
1887,1138,884,1651827820,1216222854,0,105619045,美善同里 Maidstone Lane,residential,False,22.692,,,,,,,"LINESTRING (114.186957 22.319521, 114.187178 22.319522)"
1888,1138,483,1651827820,988059596,0,435421060;105619062,美善同道 Maidstone Road,residential,True,356.30600000000004,1,,,,,,"LINESTRING (114.186957 22.319521, 114.186957 22.319478, 114.186958 22.319454, 114.186966 22.318099, 114.186966 22.318035, 114.186966 22.317959, 114.186967 22.317924, 114.186978 22.31721, 114.186988 22.31656, 114.186984 22.316386, 114.186982 22.316317)"
1889,1139,1140,1651827822,1651827823,0,152359860,忠信街 Chung Sun Street,residential,False,26.335,,,,,,,"LINESTRING (114.193938 22.319436, 114.194045 22.319651)"
1890,1140,1139,1651827823,1651827822,0,152359860,忠信街 Chung Sun Street,residential,False,26.335,,,,,,,"LINESTRING (114.194045 22.319651, 114.193938 22.319436)"
1891,1140,488,1651827823,988059672,0,152359976,明倫街 Ming Lun Street,residential,True,92.693,1,,,,,,"LINESTRING (114.194045 22.319651, 114.19401 22.319666, 114.193345 22.319954, 114.193302 22.31998, 114.193232 22.320009)"
1892,1141,1142,1651827825,1651827826,0,85200968,馬頭角道 Ma Tau Kok Road,tertiary,True,27.373,2,,,,,,"LINESTRING (114.194408 22.319796, 114.194166 22.319898)"
1893,1141,1136,1651827825,1651827809,0,152359888,興賢街 Hing Yin Street,residential,False,56.681000000000004,,,,,,,"LINESTRING (114.194408 22.319796, 114.194393 22.319761, 114.194181 22.319331)"
1894,1142,475,1651827826,988059491,0,85200968;1374425473;1374425474;737078841,馬頭角道 Ma Tau Kok Road,tertiary,True,81.999,2,,,,,,"LINESTRING (114.194166 22.319898, 114.193678 22.320107, 114.193625 22.32013, 114.193559 22.320158, 114.193515 22.320177, 114.193443 22.320208)"
1895,1142,1140,1651827826,1651827823,0,85201072,忠信街 Chung Sun Street,residential,True,30.189,,,,,,,"LINESTRING (114.194166 22.319898, 114.194152 22.319866, 114.194045 22.319651)"
1896,1143,895,1651827828,1220979049,0,524264763,天光道 Tin Kwong Road,tertiary,True,14.541,,,,,,,"LINESTRING (114.187512 22.320067, 114.18764 22.320122)"
1897,1143,1514,1651827828,6705233431,0,106034090,馬頭圍道 Ma Tau Wai Road,primary,True,107.14,3,,,,,,"LINESTRING (114.187512 22.320067, 114.187506 22.320735, 114.187504 22.320917, 114.187503 22.32103)"
1898,1144,1145,1651827839,1651827842,0,636050490,馬頭角道 Ma Tau Kok Road,tertiary,True,22.104,3,,,,,,"LINESTRING (114.193238 22.320446, 114.193046 22.320534)"
1899,1145,1146,1651827842,1651827843,0,636050490,馬頭角道 Ma Tau Kok Road,tertiary,True,26.417,3,,,,,,"LINESTRING (114.193046 22.320534, 114.192813 22.320635)"
1900,1146,1158,1651827843,1651827862,0,152360077,燕安街 Yin On Street,residential,True,109.89800000000001,1,,,,,,"LINESTRING (114.192813 22.320635, 114.192836 22.320682, 114.193227 22.321475, 114.193256 22.321534)"
1901,1146,1147,1651827843,1651827844,0,636050490,馬頭角道 Ma Tau Kok Road,tertiary,True,26.907,3,,,,,,"LINESTRING (114.192813 22.320635, 114.192688 22.320689, 114.192576 22.320738)"
1902,1147,1159,1651827844,1651827863,0,152360035,蟬聯街 Shim Luen Street,residential,True,109.885,1,,,,,,"LINESTRING (114.192576 22.320738, 114.1926 22.320786, 114.192992 22.321575, 114.193022 22.321636)"
1903,1147,1148,1651827844,1651827849,0,636050490,馬頭角道 Ma Tau Kok Road,tertiary,True,26.394,3,,,,,,"LINESTRING (114.192576 22.320738, 114.192488 22.320776, 114.192344 22.320839)"
1904,1148,1149,1651827849,1651827850,0,636050490,馬頭角道 Ma Tau Kok Road,tertiary,True,26.566,3,,,,,,"LINESTRING (114.192344 22.320839, 114.19211 22.32094)"
1905,1149,1150,1651827850,1651827851,0,636050490,馬頭角道 Ma Tau Kok Road,tertiary,True,26.552,3,,,,,,"LINESTRING (114.19211 22.32094, 114.191877 22.321042)"
1906,1150,1152,1651827851,1651827853,0,636050490,馬頭角道 Ma Tau Kok Road,tertiary,True,26.646,3,,,,,,"LINESTRING (114.191877 22.321042, 114.191642 22.321144)"
1907,1150,1162,1651827851,1651827867,0,152360078,鷹揚街 Ying Yeung Street,residential,True,109.847,1,,,,,,"LINESTRING (114.191877 22.321042, 114.191902 22.321092, 114.19229 22.321875, 114.192322 22.32194)"
1908,1151,354,1651827852,574312973,0,37664009;851545148;799541481,東九龍走廊 East Kowloon Corridor,trunk,True,210.386,2,70,5,,yes,,"LINESTRING (114.19053 22.321045, 114.190454 22.320805, 114.190397 22.32064, 114.190353 22.320518, 114.190316 22.320426, 114.190265 22.320316, 114.190206 22.320201, 114.190143 22.320083, 114.190066 22.319961, 114.189978 22.319824, 114.189906 22.319721, 114.189788 22.319556, 114.18964 22.319357)"
1909,1151,1300,1651827852,4843875301,0,799541480;492362497;515687986,新山道 San Shan Road,secondary,True,137.253,1,70,,,,,"LINESTRING (114.19053 22.321045, 114.190537 22.3209, 114.19055 22.320787, 114.190562 22.320705, 114.1906 22.32059, 114.190635 22.320486, 114.190671 22.320409, 114.190721 22.320333, 114.190772 22.320271, 114.190851 22.320194, 114.190929 22.320129, 114.191099 22.319991)"
1910,1152,1153,1651827853,1651827854,0,636050490,馬頭角道 Ma Tau Kok Road,tertiary,True,26.758,3,,,,,,"LINESTRING (114.191642 22.321144, 114.191407 22.321246)"
1911,1152,1163,1651827853,1651827871,0,152359958,麟祥街 Lun Cheung Street,residential,True,109.832,1,,,,,,"LINESTRING (114.191642 22.321144, 114.191668 22.321195, 114.192057 22.321975, 114.192089 22.322041)"
1912,1153,1154,1651827854,1651827857,0,636050490,馬頭角道 Ma Tau Kok Road,tertiary,True,26.501,3,,,,,,"LINESTRING (114.191407 22.321246, 114.191174 22.321348)"
1913,1154,1156,1651827857,1651827859,0,636050490,馬頭角道 Ma Tau Kok Road,tertiary,True,26.72,3,,,,,,"LINESTRING (114.191174 22.321348, 114.190939 22.32145)"
1914,1155,1144,1651827858,1651827839,0,152359889,鶴齡街 Hok Ling Street,residential,True,112.169,1,,,,,,"LINESTRING (114.193732 22.321327, 114.193705 22.321271, 114.193325 22.320512, 114.193304 22.320476, 114.193279 22.320455, 114.193238 22.320446)"
1915,1155,484,1651827858,988059643,0,1188070549,木廠街 Mok Cheong Street,secondary,True,33.081,2,,,,,,"LINESTRING (114.193732 22.321327, 114.193875 22.321265, 114.1939 22.321254, 114.194023 22.321199)"
1916,1156,1166,1651827859,1651827887,0,152359961,龍圖街 Lung To Street,residential,True,109.79500000000002,1,,,,,,"LINESTRING (114.190939 22.32145, 114.190965 22.321503, 114.191348 22.322277, 114.191383 22.322348)"
1917,1156,1516,1651827859,6705233456,0,636050490,馬頭角道 Ma Tau Kok Road,tertiary,True,39.621,3,,,,,,"LINESTRING (114.190939 22.32145, 114.190759 22.321528, 114.19073 22.32154, 114.190591 22.321603)"
1918,1157,1145,1651827860,1651827842,0,152360053,駿發街 Tsun Fat Street,residential,True,109.911,1,,,,,,"LINESTRING (114.193492 22.321432, 114.193464 22.321374, 114.193069 22.32058, 114.193046 22.320534)"
1919,1157,1155,1651827860,1651827858,0,1188070549,木廠街 Mok Cheong Street,secondary,True,27.331,2,,,,,,"LINESTRING (114.193492 22.321432, 114.193606 22.321382, 114.193732 22.321327)"
1920,1158,1157,1651827862,1651827860,0,494729319,木廠街 Mok Cheong Street,secondary,True,26.817999999999998,2,,,,,,"LINESTRING (114.193256 22.321534, 114.19343 22.321458, 114.193492 22.321432)"
1921,1159,1158,1651827863,1651827862,0,494729319,木廠街 Mok Cheong Street,secondary,True,26.561,2,,,,,,"LINESTRING (114.193022 22.321636, 114.193256 22.321534)"
1922,1160,1159,1651827864,1651827863,0,494729319,木廠街 Mok Cheong Street,secondary,True,26.351,2,,,,,,"LINESTRING (114.19279 22.321736, 114.193022 22.321636)"
1923,1160,1148,1651827864,1651827849,0,152359890,鴻運街 Hung Wan Street,residential,True,109.86800000000001,1,,,,,,"LINESTRING (114.19279 22.321736, 114.19276 22.321675, 114.192368 22.320888, 114.192344 22.320839)"
1924,1161,1160,1651827865,1651827864,0,494729319,木廠街 Mok Cheong Street,secondary,True,26.664,2,,,,,,"LINESTRING (114.192556 22.321838, 114.19279 22.321736)"
1925,1161,1149,1651827865,1651827850,0,152360008,鵬程街 Pang Ching Street,residential,True,109.86,1,,,,,,"LINESTRING (114.192556 22.321838, 114.192524 22.321775, 114.192135 22.32099, 114.19211 22.32094)"
1926,1162,1161,1651827867,1651827865,0,494729319,木廠街 Mok Cheong Street,secondary,True,26.58,2,,,,,,"LINESTRING (114.192322 22.32194, 114.192556 22.321838)"
1927,1163,1162,1651827871,1651827867,0,494729319,木廠街 Mok Cheong Street,secondary,True,26.412,2,,,,,,"LINESTRING (114.192089 22.322041, 114.192322 22.32194)"
1928,1164,1163,1651827879,1651827871,0,494729319,木廠街 Mok Cheong Street,secondary,True,26.967,2,,,,,,"LINESTRING (114.191852 22.322144, 114.192089 22.322041)"
1929,1164,1153,1651827879,1651827854,0,152359957,鹿鳴街 Luk Ming Street,residential,True,109.821,1,,,,,,"LINESTRING (114.191852 22.322144, 114.191819 22.322076, 114.191433 22.321298, 114.191407 22.321246)"
1930,1165,1164,1651827885,1651827879,0,494729319,木廠街 Mok Cheong Street,secondary,True,26.454,2,,,,,,"LINESTRING (114.191619 22.322245, 114.191852 22.322144)"
1931,1165,1154,1651827885,1651827857,0,152359879,鳳儀街 Fung Yi Street,residential,True,109.79299999999999,1,,,,,,"LINESTRING (114.191619 22.322245, 114.191585 22.322176, 114.1912 22.3214, 114.191174 22.321348)"
1932,1166,1165,1651827887,1651827885,0,494729319,木廠街 Mok Cheong Street,secondary,True,26.823,2,,,,,,"LINESTRING (114.191383 22.322348, 114.191619 22.322245)"
1933,1167,326,1651827893,519918268,0,1187954303;41958172;1187954302;41958167,啟德隧道 Kai Tak Tunnel,trunk_link,True,154.51000000000002,1;2,50;70,,,,yes,"LINESTRING (114.191407 22.323326, 114.191416 22.323432, 114.191419 22.32352, 114.191412 22.323582, 114.191398 22.323629, 114.191367 22.323691, 114.191311 22.323762, 114.191224 22.32383, 114.191122 22.323878, 114.191005 22.3239, 114.190881 22.323901, 114.190678 22.323893, 114.190476 22.32392, 114.190352 22.32391)"
1934,1167,1585,1651827893,7716896565,0,152359912,啟德隧道 Kai Tak Tunnel,trunk,True,979.9609999999999,2,70,5,,,yes,"LINESTRING (114.191407 22.323326, 114.191554 22.323585, 114.191694 22.323773, 114.191862 22.323927, 114.192045 22.324045, 114.192289 22.324157, 114.192528 22.324231, 114.192765 22.324284, 114.19298 22.324308, 114.193168 22.324307, 114.197024 22.324221, 114.200498 22.324132)"
1935,1168,491,1651827897,988059733,0,262905218,馬頭涌道 Ma Tau Chung Road,primary,True,108.44399999999999,3,,,,,,"LINESTRING (114.188377 22.323641, 114.188275 22.32344, 114.18811 22.323115, 114.188006 22.32291, 114.187929 22.322758)"
1936,1168,324,1651827897,519831404,0,1188070557;152359982,木廠街 Mok Cheong Street,tertiary,True,56.943,1;3,50,,,,,"LINESTRING (114.188377 22.323641, 114.188481 22.323596, 114.188518 22.323581, 114.188764 22.323476, 114.18879 22.323464, 114.18888 22.323427)"
1937,1169,1633,1651827909,9892950995,0,1187954313,宋皇臺道 Sung Wong Toi Road,primary,True,23.727,5,50,,,,,"LINESTRING (114.18934 22.324351, 114.18913 22.32444)"
1938,1169,324,1651827909,519831404,0,152360048,譚公道 Tam Kung Road,tertiary,True,113.178,2,,,,,,"LINESTRING (114.18934 22.324351, 114.189261 22.324192, 114.188989 22.323646, 114.188949 22.323567, 114.18893 22.323527, 114.18888 22.323427)"
1939,1170,1661,1651827916,11081087758,0,1193775432,馬頭涌道 Ma Tau Chung Road,primary,True,9.497,3,,,,,,"LINESTRING (114.188728 22.324622, 114.188761 22.324702)"
1940,1170,1171,1651827916,1651827924,0,106034121;1187954310,富寧街 Fu Ning Street,tertiary,True,59.32599999999999,2;3,50,,,,,"LINESTRING (114.188728 22.324622, 114.188631 22.324709, 114.188597 22.324728, 114.188539 22.324789, 114.188254 22.324912)"
1941,1171,1174,1651827924,1651827933,0,152359866,富寧街 Fu Ning Street,tertiary,False,120.839,2,,,,,,"LINESTRING (114.188254 22.324912, 114.18821 22.324926, 114.188168 22.324934, 114.188125 22.324936, 114.188082 22.324932, 114.188008 22.324925, 114.1876 22.324882, 114.187534 22.324885, 114.187469 22.324898, 114.187408 22.324922, 114.187352 22.324954, 114.187303 22.324996, 114.187264 22.325042, 114.187251 22.325061, 114.187201 22.325135)"
1942,1172,1173,1651827925,1651827929,0,127728432,露明道 Lomond Road,tertiary,False,13.51,3,,,,,,"LINESTRING (114.185671 22.324894, 114.185643 22.325012)"
1943,1172,449,1651827925,804107078,0,485789571;934533933;887885234;1294614389;485763549,亞皆老街 Argyle Street,primary,True,223.54199999999994,4;3,,,,,,"LINESTRING (114.185671 22.324894, 114.185617 22.324867, 114.185599 22.324858, 114.185556 22.324838, 114.18553 22.324825, 114.18533 22.324731, 114.185316 22.324724, 114.185305 22.324719, 114.184981 22.32457, 114.184723 22.324451, 114.184698 22.32444, 114.184063 22.324147, 114.183943 22.324092, 114.183912 22.324078, 114.183866 22.324056, 114.183731 22.323989)"
1944,1173,1172,1651827929,1651827925,0,127728432,露明道 Lomond Road,tertiary,False,13.51,3,,,,,,"LINESTRING (114.185643 22.325012, 114.185671 22.324894)"
1945,1173,1476,1651827929,6364821050,0,679753444;127728430,亞皆老街 Argyle Street,primary,True,144.64000000000001,2;3,,,,,,"LINESTRING (114.185643 22.325012, 114.185774 22.325088, 114.185931 22.325182, 114.186145 22.325303, 114.186751 22.325667, 114.186828 22.325713)"
1946,1173,350,1651827929,568273497,0,152359956;1208213598,露明道 Lomond Road,tertiary,False,216.173,3,,,,,,"LINESTRING (114.185643 22.325012, 114.185622 22.325111, 114.185604 22.325196, 114.185597 22.325225, 114.185513 22.325628, 114.185285 22.326739, 114.185274 22.326796, 114.185235 22.326919)"
1947,1174,887,1651827933,1220978387,0,106034145,福祥街 Fuk Cheung Street,residential,False,95.627,2,,,,,,"LINESTRING (114.187201 22.325135, 114.187105 22.325079, 114.186524 22.32474, 114.186417 22.324673)"
1948,1174,1171,1651827933,1651827924,0,152359866,富寧街 Fu Ning Street,tertiary,False,120.839,2,,,,,,"LINESTRING (114.187201 22.325135, 114.187251 22.325061, 114.187264 22.325042, 114.187303 22.324996, 114.187352 22.324954, 114.187408 22.324922, 114.187469 22.324898, 114.187534 22.324885, 114.1876 22.324882, 114.188008 22.324925, 114.188082 22.324932, 114.188125 22.324936, 114.188168 22.324934, 114.18821 22.324926, 114.188254 22.324912)"
1949,1174,1523,1651827933,6705233595,0,152359866,富寧街 Fu Ning Street,tertiary,False,62.714,2,,,,,,"LINESTRING (114.187201 22.325135, 114.186969 22.32548, 114.186953 22.325504, 114.186879 22.325614)"
1950,1175,1177,1651827946,1651827954,0,152360012,品蘭街 Pentland Street,residential,False,86.267,,,,,,,"LINESTRING (114.184371 22.325979, 114.184335 22.326631, 114.184328 22.326753)"
1951,1176,437,1651827949,804106322,0,1315073898;1315073899,亞皆老街 Argyle Street,primary,True,42.919000000000004,3,,,,,,"LINESTRING (114.187684 22.32621, 114.18779 22.326274, 114.188032 22.326423)"
1952,1177,1175,1651827954,1651827946,0,152360012,品蘭街 Pentland Street,residential,False,86.267,,,,,,,"LINESTRING (114.184328 22.326753, 114.184335 22.326631, 114.184371 22.325979)"
1953,1177,341,1651827954,568273435,0,493121462;1315073887,太子道西 Prince Edward Road West,secondary,True,134.172,3,,,,,,"LINESTRING (114.184328 22.326753, 114.184143 22.32672, 114.18362 22.32663, 114.183338 22.326584, 114.183308 22.32658, 114.183108 22.326559, 114.183043 22.326556)"
1954,1178,350,1651827966,568273497,0,152359952,露明道 Lomond Road,tertiary,False,14.021,2,,,,,,"LINESTRING (114.18521 22.327043, 114.185235 22.326919)"
1955,1178,1303,1651827966,4844611313,0,85320830,太子道西 Prince Edward Road West,tertiary,True,56.071000000000005,1,,,,,,"LINESTRING (114.18521 22.327043, 114.185398 22.327078, 114.185534 22.327103, 114.185605 22.327126, 114.185643 22.327147, 114.185689 22.327176, 114.185718 22.327202)"
1956,1179,507,1651827970,990120027,0,28088042,太子道西 Prince Edward Road West,secondary,True,37.602,4,,,,,,"LINESTRING (114.186285 22.327097, 114.185924 22.327045)"
1957,1180,1176,1651827979,1651827949,0,152360043,士他令道 Stirling Road,residential,True,126.459,2,,,,,,"LINESTRING (114.187248 22.327252, 114.187256 22.327213, 114.187354 22.326758, 114.187373 22.326683, 114.187407 22.326603, 114.187436 22.326544, 114.187445 22.326526, 114.187629 22.326283, 114.187684 22.32621)"
1958,1180,532,1651827979,990120470,0,494254443,太子道西 Prince Edward Road West,secondary,True,31.106,3,,,,,,"LINESTRING (114.187248 22.327252, 114.187159 22.327236, 114.187116 22.327227, 114.186951 22.327197)"
1959,1181,357,1651827981,576880570,0,1193780170;125509997;1082820054,太子道西 Prince Edward Road West,secondary,True,69.587,4;3,,,,,,"LINESTRING (114.186279 22.327302, 114.186429 22.327308, 114.186552 22.327314, 114.186765 22.32733, 114.186828 22.327335, 114.186954 22.327349)"
1960,1181,1183,1651827981,1651828011,0,152359881;1193780171,嘉林邊道 Grampian Road,tertiary,True,94.68900000000001,3,,,,,,"LINESTRING (114.186279 22.327302, 114.186337 22.327328, 114.186383 22.327352, 114.186415 22.32738, 114.186422 22.327398, 114.186435 22.328081)"
1961,1182,1312,1651827991,4848365922,0,492870285;152360015,太子道西 Prince Edward Road West,secondary,True,208.227,2;3,,,,,,"LINESTRING (114.187554 22.327448, 114.187837 22.327495, 114.187938 22.32751, 114.18811 22.327536, 114.188692 22.327624, 114.188762 22.327635, 114.18897 22.327666, 114.189001 22.32767, 114.189552 22.327754)"
1962,1183,1186,1651828011,1651828017,0,152359881,嘉林邊道 Grampian Road,tertiary,True,104.626,3,,,,,,"LINESTRING (114.186435 22.328081, 114.186451 22.328458, 114.186468 22.328871, 114.18647 22.328914, 114.186475 22.329021)"
1963,1184,242,1651828012,394176280,0,34360954,書院道 College Road,residential,False,104.627,,,,,,,"LINESTRING (114.184079 22.328147, 114.184107 22.329012, 114.18411 22.329088)"
1964,1184,241,1651828012,394176279,0,34360954,書院道 College Road,residential,False,102.24699999999999,,,,,,,"LINESTRING (114.184079 22.328147, 114.184061 22.327609, 114.184053 22.327352, 114.184051 22.32729, 114.184049 22.327228)"
1965,1184,1183,1651828012,1651828011,0,152360024,秀竹園道 Sau Chuk Yuen Road,residential,True,242.40300000000002,,,,,,,"LINESTRING (114.184079 22.328147, 114.184508 22.328135, 114.186046 22.328092, 114.186345 22.328084, 114.186435 22.328081)"
1966,1185,357,1651828016,576880570,0,152359897;1208439857,聯合道 Junction Road,secondary,False,183.41899999999998,3,,,,,,"LINESTRING (114.187021 22.328997, 114.187017 22.32891, 114.187014 22.328858, 114.187003 22.328597, 114.186995 22.328425, 114.18699 22.328314, 114.186987 22.328238, 114.186983 22.328146, 114.18698 22.328068, 114.186965 22.327737, 114.186953 22.327476, 114.186952 22.327447, 114.186954 22.327349)"
1967,1185,1194,1651828016,1651828033,0,152359910,聯合道 Junction Road,secondary,False,188.177,3,,,,,,"LINESTRING (114.187021 22.328997, 114.187024 22.329087, 114.187026 22.329128, 114.187051 22.329782, 114.187056 22.329909, 114.187064 22.330103, 114.187069 22.330228, 114.187076 22.330397, 114.187084 22.330591, 114.187087 22.330688)"
1968,1185,1186,1651828016,1651828017,0,152359994,衙前圍道 Nga Tsin Wai Road,tertiary,False,56.217,4,,,,,,"LINESTRING (114.187021 22.328997, 114.186908 22.329002, 114.186878 22.329003, 114.186615 22.329015, 114.186587 22.329016, 114.186475 22.329021)"
1969,1185,346,1651828016,568273477,0,152359998,衙前圍道 Nga Tsin Wai Road,tertiary,False,61.842,4,,,,,,"LINESTRING (114.187021 22.328997, 114.187111 22.328994, 114.187144 22.328992, 114.187327 22.328986, 114.187528 22.328979, 114.187621 22.328975)"
1970,1186,1195,1651828017,1651828036,0,152359880,嘉林邊道 Grampian Road,tertiary,False,307.32099999999997,2,,,,,,"LINESTRING (114.186475 22.329021, 114.186479 22.329138, 114.18648 22.329167, 114.186536 22.330583, 114.186552 22.330997, 114.186579 22.331681, 114.186583 22.331783)"
1971,1186,1185,1651828017,1651828016,0,152359994,衙前圍道 Nga Tsin Wai Road,tertiary,False,56.217,4,,,,,,"LINESTRING (114.186475 22.329021, 114.186587 22.329016, 114.186615 22.329015, 114.186878 22.329003, 114.186908 22.329002, 114.187021 22.328997)"
1972,1186,1187,1651828017,1651828018,0,1160447276,衙前圍道 Nga Tsin Wai Road,tertiary,False,109.839,4,,,,,,"LINESTRING (114.186475 22.329021, 114.186368 22.329024, 114.186341 22.329025, 114.186078 22.329032, 114.185573 22.329047, 114.185407 22.329051)"
1973,1187,1501,1651828018,6705233137,0,37452492,延文禮士道 Inverness Road,residential,False,720.2060000000002,,,,,,,"LINESTRING (114.185407 22.329051, 114.185413 22.329188, 114.185434 22.329696, 114.18547 22.330531, 114.185512 22.331532, 114.185518 22.331677, 114.185524 22.331822, 114.185598 22.333573, 114.185607 22.333647, 114.185632 22.333718, 114.185669 22.333784, 114.185717 22.333845, 114.185774 22.333897, 114.18584 22.33394, 114.185912 22.333973, 114.18609 22.334035, 114.186306 22.334108, 114.186384 22.334128, 114.186463 22.334142, 114.186544 22.33415, 114.186625 22.334152, 114.186662 22.334151, 114.186706 22.334149, 114.187163 22.334121, 114.187229 22.334116, 114.187425 22.334102)"
1974,1187,242,1651828018,394176280,0,1160447276,衙前圍道 Nga Tsin Wai Road,tertiary,False,133.519,4,,,,,,"LINESTRING (114.185407 22.329051, 114.184967 22.329064, 114.184774 22.329069, 114.18454 22.329076, 114.18436 22.329081, 114.18411 22.329088)"
1975,1187,1186,1651828018,1651828017,0,1160447276,衙前圍道 Nga Tsin Wai Road,tertiary,False,109.83900000000001,4,,,,,,"LINESTRING (114.185407 22.329051, 114.185573 22.329047, 114.186078 22.329032, 114.186341 22.329025, 114.186368 22.329024, 114.186475 22.329021)"
1976,1188,1190,1651828027,1651828029,0,152359839,賈炳達道 Carpenter Road,tertiary,False,57.803,2,,,,,,"LINESTRING (114.189904 22.330592, 114.189342 22.330608)"
1977,1188,1189,1651828027,1651828028,0,152359839,賈炳達道 Carpenter Road,tertiary,False,170.78299999999996,2,,,,,,"LINESTRING (114.189904 22.330592, 114.190465 22.330564, 114.190769 22.330555, 114.191021 22.330547, 114.191335 22.330543, 114.191414 22.330549, 114.191504 22.330563, 114.191561 22.330575)"
1978,1189,101,1651828028,308473862,0,37416159,樂善道 Lok Sin Road,tertiary,False,129.747,2,,,,,,"LINESTRING (114.191561 22.330575, 114.191627 22.330594, 114.191725 22.330627, 114.191813 22.330666, 114.191893 22.330707, 114.191972 22.330754, 114.192058 22.330814, 114.192127 22.330872, 114.19238 22.331137, 114.192414 22.331174, 114.192526 22.331291)"
1979,1189,1188,1651828028,1651828027,0,152359839,賈炳達道 Carpenter Road,tertiary,False,170.78300000000002,2,,,,,,"LINESTRING (114.191561 22.330575, 114.191504 22.330563, 114.191414 22.330549, 114.191335 22.330543, 114.191021 22.330547, 114.190769 22.330555, 114.190465 22.330564, 114.189904 22.330592)"
1980,1190,1188,1651828029,1651828027,0,152359839,賈炳達道 Carpenter Road,tertiary,False,57.803,2,,,,,,"LINESTRING (114.189342 22.330608, 114.189904 22.330592)"
1981,1190,1191,1651828029,1651828030,0,152359839,賈炳達道 Carpenter Road,tertiary,False,54.19,2,,,,,,"LINESTRING (114.189342 22.330608, 114.188997 22.330626, 114.188816 22.330634)"
1982,1190,349,1651828029,568273494,0,152359991,衙前塱道 Nga Tsin Long Road,residential,True,188.077,,,,,,,"LINESTRING (114.189342 22.330608, 114.189339 22.330521, 114.189286 22.329024, 114.189282 22.328918)"
1983,1191,1611,1651828030,8898733319,0,152359839,賈炳達道 Carpenter Road,tertiary,False,16.236,2,,,,,,"LINESTRING (114.188816 22.330634, 114.188659 22.33064)"
1984,1191,1190,1651828030,1651828029,0,152359839,賈炳達道 Carpenter Road,tertiary,False,54.19,2,,,,,,"LINESTRING (114.188816 22.330634, 114.188997 22.330626, 114.189342 22.330608)"
1985,1192,1610,1651828031,8898733318,0,962005157,賈炳達道 Carpenter Road,tertiary,False,20.744,2,,,,,,"LINESTRING (114.188233 22.33066, 114.188293 22.330658, 114.188324 22.330657, 114.188435 22.330655)"
1986,1192,1193,1651828031,1651828032,0,1450657691,賈炳達道 Carpenter Road,tertiary,True,56.823,1,,,,,,"LINESTRING (114.188233 22.33066, 114.188101 22.330627, 114.187833 22.330632, 114.187692 22.330671)"
1987,1193,1192,1651828032,1651828031,0,961998879,賈炳達道 Carpenter Road,tertiary,True,56.342999999999996,2,,,,,,"LINESTRING (114.187692 22.330671, 114.187831 22.330696, 114.188059 22.330691, 114.188101 22.330689, 114.188233 22.33066)"
1988,1193,1194,1651828032,1651828033,0,962005156,賈炳達道 Carpenter Road,tertiary,False,62.236999999999995,2,,,,,,"LINESTRING (114.187692 22.330671, 114.187392 22.33068, 114.187349 22.330682, 114.187087 22.330688)"
1989,1194,1185,1651828033,1651828016,0,152359910,聯合道 Junction Road,secondary,False,188.17699999999996,3,,,,,,"LINESTRING (114.187087 22.330688, 114.187084 22.330591, 114.187076 22.330397, 114.187069 22.330228, 114.187064 22.330103, 114.187056 22.329909, 114.187051 22.329782, 114.187026 22.329128, 114.187024 22.329087, 114.187021 22.328997)"
1990,1194,101,1651828033,308473862,0,152359904;152360066;152359910;492634868;208243545,東正道 Tung Tsing Road;東頭村道 Tung Tau Tsuen Road;聯合道 Junction Road,tertiary;secondary,False,911.709,4;3;2,,,,,,"LINESTRING (114.187087 22.330688, 114.187091 22.330798, 114.187092 22.330819, 114.187103 22.33111, 114.18712 22.331523, 114.187122 22.33156, 114.187128 22.331765, 114.187131 22.331828, 114.187151 22.332284, 114.187152 22.332319, 114.187162 22.332493, 114.18738 22.332476, 114.187405 22.332473, 114.187543 22.332458, 114.18798 22.332408, 114.188258 22.332364, 114.188296 22.332358, 114.188471 22.332347, 114.188622 22.332354, 114.188661 22.332356, 114.188777 22.332365, 114.188889 22.332382, 114.18892 22.33239, 114.189234 22.332467, 114.189602 22.332562, 114.189728 22.332607, 114.189876 22.332679, 114.190014 22.332761, 114.190159 22.33288, 114.190259 22.332962, 114.190417 22.333094, 114.190576 22.333228, 114.190632 22.33328, 114.190743 22.333398, 114.190872 22.333328, 114.19091 22.333296, 114.190944 22.333268, 114.191001 22.333218, 114.191081 22.333148, 114.191192 22.333008, 114.191416 22.332564, 114.191429 22.332535, 114.191627 22.332098, 114.19166 22.332049, 114.191782 22.331868, 114.192109 22.331609, 114.192407 22.331375, 114.19243 22.331358, 114.192526 22.331291)"
1991,1194,1193,1651828033,1651828032,0,962005156,賈炳達道 Carpenter Road,tertiary,False,62.237,2,,,,,,"LINESTRING (114.187087 22.330688, 114.187349 22.330682, 114.187392 22.33068, 114.187692 22.330671)"
1992,1195,1186,1651828036,1651828017,0,152359880,嘉林邊道 Grampian Road,tertiary,False,307.32099999999997,2,,,,,,"LINESTRING (114.186583 22.331783, 114.186579 22.331681, 114.186552 22.330997, 114.186536 22.330583, 114.18648 22.329167, 114.186479 22.329138, 114.186475 22.329021)"
1993,1196,1201,1651828039,1925307161,0,37416159,樂善道 Lok Sin Road,tertiary,False,33.41,2,,,,,,"LINESTRING (114.193312 22.33216, 114.193105 22.331929)"
1994,1196,1634,1651828039,9906966956,0,152360061,東隆道 Tung Lung Road,residential,True,156.88099999999997,2,,,,,,"LINESTRING (114.193312 22.33216, 114.193184 22.332263, 114.1931 22.332331, 114.193061 22.332366, 114.193026 22.332406, 114.193003 22.332441, 114.192986 22.332476, 114.192975 22.33251, 114.192967 22.332546, 114.192962 22.332584, 114.192959 22.332646, 114.192959 22.332707, 114.19299 22.333443)"
1995,1196,328,1651828039,523609080,0,1064758069,樂善道 Lok Sin Road,tertiary,False,150.58800000000002,2,,,,,,"LINESTRING (114.193312 22.33216, 114.193704 22.332629, 114.19394 22.332897, 114.194192 22.333136, 114.194246 22.333201)"
1996,1197,1302,1652874716,4844265425,0,152470461,協調道 Concorde Road,secondary,True,5.94,1,,,,,,"LINESTRING (114.197222 22.331683, 114.197278 22.33167)"
1997,1198,1323,1784785777,4858447072,0,879823978,海輝道 Hoi Fai Road,secondary,True,9.376999999999999,2,,,,,,"LINESTRING (114.15817 22.321986, 114.15822 22.321981, 114.158259 22.32197)"
1998,1199,1315,1864490832,4856147010,0,101294845,,residential,True,18.977,,,,,,,"LINESTRING (114.180546 22.32873, 114.180548 22.328764, 114.180557 22.328797, 114.180575 22.328827, 114.180602 22.328851, 114.180634 22.328867)"
1999,1200,1201,1925307147,1925307161,0,182185976,東利道 Tung Lei Road,residential,False,119.704,2,,,,,,"LINESTRING (114.194042 22.331776, 114.193926 22.331725, 114.193797 22.331608, 114.193768 22.331583, 114.193727 22.331563, 114.193698 22.331555, 114.193646 22.331549, 114.193603 22.331554, 114.193152 22.3319, 114.193105 22.331929)"
2000,1201,1196,1925307161,1651828039,0,37416159,樂善道 Lok Sin Road,tertiary,False,33.41,2,,,,,,"LINESTRING (114.193105 22.331929, 114.193312 22.33216)"
2001,1201,101,1925307161,308473862,0,37416159,樂善道 Lok Sin Road,tertiary,False,92.613,2,,,,,,"LINESTRING (114.193105 22.331929, 114.193074 22.331899, 114.192642 22.331413, 114.192624 22.331393, 114.192526 22.331291)"
2002,1201,1200,1925307161,1925307147,0,182185976,東利道 Tung Lei Road,residential,False,119.70400000000001,2,,,,,,"LINESTRING (114.193105 22.331929, 114.193152 22.3319, 114.193603 22.331554, 114.193646 22.331549, 114.193698 22.331555, 114.193727 22.331563, 114.193768 22.331583, 114.193797 22.331608, 114.193926 22.331725, 114.194042 22.331776)"
2003,1202,1204,1952598379,1952598383,0,184747373,鶴園里 Hok Yuen Lane,residential,False,16.575,,,,,,,"LINESTRING (114.18574 22.310331, 114.18582 22.31046)"
2004,1203,1204,1952598381,1952598383,0,184747372,鶴園里 Hok Yuen Lane,residential,False,16.959,,,,,,,"LINESTRING (114.185958 22.310377, 114.18582 22.31046)"
2005,1204,1203,1952598383,1952598381,0,184747372,鶴園里 Hok Yuen Lane,residential,False,16.959,,,,,,,"LINESTRING (114.18582 22.31046, 114.185958 22.310377)"
2006,1204,1202,1952598383,1952598379,0,184747373,鶴園里 Hok Yuen Lane,residential,False,16.575,,,,,,,"LINESTRING (114.18582 22.31046, 114.18574 22.310331)"
2007,1204,1205,1952598383,1952598390,0,184747373,鶴園里 Hok Yuen Lane,residential,False,57.332,,,,,,,"LINESTRING (114.18582 22.31046, 114.186066 22.310859, 114.186095 22.310909)"
2008,1205,496,1952598390,988059857,0,151396619,鶴園街 Hok Yuen Street,tertiary,True,53.465,1,,,,,,"LINESTRING (114.186095 22.310909, 114.185999 22.310959, 114.185921 22.310983, 114.18584 22.310993, 114.185758 22.310988, 114.18568 22.310969, 114.185606 22.310936)"
2009,1205,1204,1952598390,1952598383,0,184747373,鶴園里 Hok Yuen Lane,residential,False,57.332,,,,,,,"LINESTRING (114.186095 22.310909, 114.186066 22.310859, 114.18582 22.31046)"
2010,1206,260,1975950491,419495764,0,429077445,花圃街 Fa Po Street,residential,False,452.77400000000006,,,,,,,"LINESTRING (114.17563 22.334928, 114.175752 22.334919, 114.176162 22.334891, 114.176199 22.334885, 114.176235 22.334876, 114.176274 22.334862, 114.176308 22.334845, 114.176343 22.334818, 114.176372 22.334789, 114.176397 22.334754, 114.176415 22.334718, 114.176426 22.334682, 114.176431 22.334639, 114.17643 22.334589, 114.176403 22.334291, 114.176269 22.332794, 114.176232 22.332404, 114.176221 22.332313, 114.176209 22.332238, 114.176183 22.33212, 114.176153 22.331999, 114.176119 22.331879, 114.176018 22.331559, 114.176006 22.331532, 114.17599 22.331512, 114.175971 22.331495)"
2011,1207,1592,2089428235,8059647319,0,274311250;274313051;864696309;274282134,雅翔道 Nga Cheung Road,tertiary,True,205.22500000000002,2,,,,,,"LINESTRING (114.16148 22.307057, 114.16145 22.307038, 114.161431 22.307025, 114.161415 22.307014, 114.161366 22.30697, 114.161323 22.306928, 114.161282 22.306881, 114.161242 22.306809, 114.161185 22.306708, 114.161148 22.306637, 114.161123 22.306582, 114.161054 22.306457, 114.160586 22.305428)"
2012,1207,1024,2089428235,1640472711,0,1160865425,佐敦道 Jordan Road,secondary,True,27.547,2,,,,,,"LINESTRING (114.16148 22.307057, 114.161426 22.307078, 114.161365 22.307122, 114.161336 22.307161, 114.161312 22.307232)"
2013,1208,1110,2208339288,1649048555,0,1205283552;103020485,漆咸道南 Chatham Road South,secondary,True,347.70399999999995,4;3,,,,,,"LINESTRING (114.177044 22.30264, 114.177029 22.302612, 114.176963 22.302494, 114.176873 22.302287, 114.176733 22.301912, 114.176597 22.30152, 114.176468 22.30114, 114.176446 22.301074, 114.176341 22.300786, 114.176286 22.300572, 114.176273 22.300519, 114.176199 22.300241, 114.176127 22.30004, 114.176023 22.299664)"
2014,1209,520,2208339291,990120213,0,103020634,暢運道 Cheong Wan Road,secondary,True,35.938,3,,,,,,"LINESTRING (114.177513 22.302757, 114.177364 22.302822, 114.177322 22.302841, 114.177198 22.302899)"
2015,1209,1208,2208339291,2208339288,0,210780948,,secondary_link,True,51.138999999999996,1,,,,,,"LINESTRING (114.177513 22.302757, 114.177334 22.302755, 114.177269 22.302745, 114.17722 22.302729, 114.177176 22.302709, 114.177124 22.302683, 114.177044 22.30264)"
2016,1210,852,2208339296,1189559738,0,254006413,暢運道 Cheong Wan Road,secondary,True,91.529,2,,,,,,"LINESTRING (114.177523 22.302872, 114.178048 22.302648, 114.178271 22.30256, 114.178336 22.302538)"
2017,1211,1395,2208339310,5104093646,0,1191426914;210899460,,secondary_link,True,39.873999999999995,2,,,,,,"LINESTRING (114.177468 22.303251, 114.177347 22.303202, 114.17732 22.303175, 114.1773 22.303158, 114.177267 22.303124, 114.177175 22.303028)"
2018,1211,1210,2208339310,2208339296,0,1191426915;210780949,,secondary_link,True,43.291,1,,,,,,"LINESTRING (114.177468 22.303251, 114.177456 22.303135, 114.177457 22.303087, 114.177464 22.303047, 114.177467 22.303031, 114.177468 22.30302, 114.177475 22.302993, 114.177523 22.302872)"
2019,1211,1394,2208339310,5104093645,0,1191426913;1191426916;494468279,漆咸道南 Chatham Road South,secondary,True,37.013,3,,,,,,"LINESTRING (114.177468 22.303251, 114.177394 22.303164, 114.177374 22.303137, 114.177348 22.303101, 114.177327 22.303073, 114.177257 22.302982)"
2020,1212,430,2209285896,710347239,0,210899458,暢運道 Cheong Wan Road,secondary,True,7.46,3,,,,,,"LINESTRING (114.177086 22.30296, 114.177024 22.302995)"
2021,1213,1579,2280300926,7635791091,0,817600052;150595709,蘭開夏道 Lancashire Road,tertiary,True,116.145,4,,,,,,"LINESTRING (114.179879 22.330328, 114.179511 22.330349, 114.178897 22.33038, 114.178828 22.330384, 114.178752 22.330377)"
2022,1214,1213,2280302632,2280300926,0,218818561;218818565,何東道 Ho Tung Road;打比道 Derby Road,residential,True,115.621,,,,,,,"LINESTRING (114.179294 22.329812, 114.179769 22.329779, 114.179804 22.32978, 114.179825 22.329792, 114.179848 22.329824, 114.179873 22.330239, 114.179879 22.330328)"
2023,1214,969,2280302632,1634974089,0,218818566,打比道 Derby Road,residential,False,12.421999999999999,,,,,,,"LINESTRING (114.179294 22.329812, 114.179201 22.329818, 114.179173 22.329819)"
2024,1215,574,2280302647,1140062911,0,101294781,火石道 Flint Road,residential,False,56.146,,,,,,,"LINESTRING (114.179232 22.328711, 114.179777 22.328683)"
2025,1215,1216,2280302647,2280302655,0,218818563,志士達道 Chester Road,residential,True,31.698999999999998,2,,,,,,"LINESTRING (114.179232 22.328711, 114.179241 22.328834, 114.17925 22.328945, 114.179253 22.328996)"
2026,1216,1217,2280302655,2280302658,0,218818567,志士達道 Chester Road,residential,True,93.62100000000001,1,,,,,,"LINESTRING (114.179253 22.328996, 114.179393 22.328983, 114.17942 22.328996, 114.17942 22.32904, 114.179463 22.329499, 114.179422 22.329512, 114.179272 22.329526)"
2027,1216,1217,2280302655,2280302658,1,218818568,志士達道 Chester Road,residential,True,89.871,1,,,,,,"LINESTRING (114.179253 22.328996, 114.179092 22.329008, 114.179077 22.32904, 114.179105 22.329359, 114.17912 22.329516, 114.179157 22.329534, 114.179228 22.329529, 114.179272 22.329526)"
2028,1217,1214,2280302658,2280302632,0,218818564,志士達道 Chester Road,residential,True,31.812,,,,,,,"LINESTRING (114.179272 22.329526, 114.179294 22.329812)"
2029,1218,1607,2389070853,8664575339,0,30150244;934998557;100507086,柳樹街 Willow Street;詩歌舞街 Sycamore Street,residential,True,195.50900000000001,1,,,,,,"LINESTRING (114.163304 22.324857, 114.163558 22.324661, 114.163592 22.324618, 114.163614 22.324568, 114.163715 22.324087, 114.163734 22.324008, 114.163753 22.323964, 114.1638 22.32392, 114.164077 22.323713, 114.164111 22.323694, 114.164163 22.323674, 114.164218 22.32367, 114.164272 22.323684, 114.164318 22.323714, 114.164336 22.323729, 114.164361 22.323755, 114.16438 22.323785)"
2030,1219,70,2392423823,289337013,0,230791430,連翔道 Lin Cheung Road,trunk_link,True,92.856,1,80,,,,,"LINESTRING (114.153074 22.327078, 114.153435 22.326743, 114.153715 22.32649)"
2031,1220,742,2404926823,1172757980,0,103020418,大全街 Tai Tsun Street,residential,True,61.404,1,,,,,,"LINESTRING (114.161328 22.32196, 114.161925 22.321967)"
2032,1221,1220,2404926827,2404926823,0,232126320,大政街 Tai Ching Street,residential,True,60.64,1,,,,,,"LINESTRING (114.161336 22.321414, 114.161329 22.321914, 114.161328 22.32196)"
2033,1222,336,2454355466,568157089,0,238019068,太子道東 Prince Edward Road East,primary,True,87.51599999999999,2,50,,,,,"LINESTRING (114.196575 22.332021, 114.196148 22.331914, 114.195978 22.331857, 114.195772 22.331767)"
2034,1223,1499,2545282593,6705233093,0,247650888;105029002,民泰街 Man Tai Street,residential,True,204.67100000000002,1,,,,,,"LINESTRING (114.189028 22.305995, 114.18904 22.306054, 114.189037 22.306099, 114.189014 22.306173, 114.18892 22.306229, 114.188589 22.306431, 114.188439 22.306522, 114.188174 22.306686, 114.18814 22.306703, 114.188109 22.306708, 114.188078 22.306704, 114.188053 22.306689, 114.188033 22.306672, 114.18801 22.306645, 114.187749 22.306278, 114.187685 22.306188)"
2035,1223,502,2545282593,989119527,0,754563386;85460140;1134548829,紅磡道 Hung Hom Road,primary,True,346.47200000000004,2;4,50,,,,,"LINESTRING (114.189028 22.305995, 114.189293 22.306364, 114.189302 22.306377, 114.189454 22.306589, 114.18953 22.306696, 114.189616 22.306816, 114.189708 22.306954, 114.189779 22.30706, 114.189825 22.307138, 114.189896 22.307271, 114.189963 22.307408, 114.190009 22.30751, 114.190066 22.307663, 114.190125 22.307841, 114.19016 22.307968, 114.190193 22.308108, 114.190225 22.308268, 114.190242 22.308382, 114.190256 22.308514, 114.19027 22.308734, 114.190274 22.308826)"
2036,1224,1674,2558033404,11469067166,0,249136565,世運道 Olympic Avenue,secondary,True,456.85,2,,,,,,"LINESTRING (114.197053 22.331337, 114.196938 22.331333, 114.196845 22.331318, 114.195994 22.331079, 114.195863 22.331041, 114.195726 22.330997, 114.195637 22.330966, 114.195612 22.330958, 114.195493 22.330909, 114.195375 22.330846, 114.195276 22.330774, 114.195174 22.330688, 114.195076 22.330602, 114.19498 22.330509, 114.194733 22.330277, 114.193624 22.329205, 114.193594 22.329179, 114.193499 22.329088)"
2037,1224,1245,2558033404,2873992835,0,654288460,協調道 Concorde Road,secondary,True,21.534,1,,,,,,"LINESTRING (114.197053 22.331337, 114.19701 22.331387, 114.196985 22.331448, 114.196984 22.331512)"
2038,1225,1673,2558033411,11469067165,0,1235498274,沐禮街 Muk Lai Street,residential,True,8.844,1,,,,,,"LINESTRING (114.193436 22.329023, 114.193374 22.329078)"
2039,1225,1677,2558033411,11469089677,0,1025730593,世運道 Olympic Avenue,secondary,True,245.405,2,,,,,,"LINESTRING (114.193436 22.329023, 114.193364 22.32896, 114.192582 22.328206, 114.1924 22.328039, 114.192249 22.327911, 114.192063 22.327776, 114.19189 22.327661, 114.191749 22.32758, 114.191718 22.327559, 114.191684 22.327537)"
2040,1226,1655,2558033418,10924192459,0,249136566,沐禮街 Muk Lai Street,residential,False,106.948,2,,,,,,"LINESTRING (114.194377 22.328236, 114.193631 22.328906)"
2041,1227,1539,2558033462,6778870958,0,249136567,沐和街 Muk Wo Street,residential,False,155.582,2,,,,,,"LINESTRING (114.191604 22.325604, 114.191692 22.325688, 114.192176 22.326151, 114.192498 22.326458, 114.192656 22.326609)"
2042,1228,1539,2558033473,6778870958,0,249136567,沐和街 Muk Wo Street,residential,False,96.984,2,,,,,,"LINESTRING (114.193314 22.327234, 114.193265 22.327192, 114.193064 22.326999, 114.192656 22.326609)"
2043,1229,1250,2558036215,2878206305,0,516172416,啟新道 Kai San Road,secondary,True,24.838,1,,,,,,"LINESTRING (114.198259 22.332316, 114.19849 22.33238)"
2044,1229,1724,2558036215,13767096674,0,532458740,協調道 Concorde Road,secondary,True,91.413,2,,,,,,"LINESTRING (114.198259 22.332316, 114.198393 22.332412, 114.198635 22.332537, 114.19874 22.33258, 114.199042 22.332696)"
2045,1230,668,2639744183,1161864166,0,268933140,太子道西 Prince Edward Road West,primary,True,8.537,3,,,,,,"LINESTRING (114.170746 22.324352, 114.170665 22.324338)"
2046,1230,1232,2639744183,2639744195,0,263840856;258641833,洗衣街 Sai Yee Street,secondary,True,346.95000000000005,2,,,,,,"LINESTRING (114.170746 22.324352, 114.170775 22.324216, 114.170792 22.324129, 114.170818 22.324006, 114.170944 22.323396, 114.171108 22.322605, 114.171127 22.322514, 114.171146 22.322425, 114.171219 22.322072, 114.171335 22.321512, 114.171369 22.321345, 114.171382 22.321287)"
2047,1231,453,2639744193,804107237,0,258741150,洗衣街 Sai Yee Street,secondary,True,11.303,2,,,,,,"LINESTRING (114.171689 22.3198, 114.17171 22.3197)"
2048,1231,676,2639744193,1162875771,0,258741146;1212107159,亞皆老街 Argyle Street,primary,True,95.229,5;3,,,,,,"LINESTRING (114.171689 22.3198, 114.172308 22.319909, 114.172479 22.319939, 114.172598 22.319961)"
2049,1232,1231,2639744195,2639744193,0,268933774;1200878733;524249366,洗衣街 Sai Yee Street,primary,True,168.399,2;4,,,,,,"LINESTRING (114.171382 22.321287, 114.1714 22.321188, 114.171419 22.321104, 114.171585 22.320303, 114.171613 22.320158, 114.17165 22.319983, 114.171659 22.319944, 114.171678 22.319854, 114.171689 22.3198)"
2050,1233,281,2754770542,420041600,0,1388990515;1079223253,佐敦道 Jordan Road,primary,True,45.12500000000001,5,,,,,,"LINESTRING (114.165804 22.306099, 114.165695 22.306121, 114.165636 22.306133, 114.165447 22.306171, 114.165375 22.306186)"
2051,1233,1234,2754770542,2754770587,0,270461600;1388990514;1388990539,匯民道 Wui Man Road,primary_link,True,38.33,1,,,,,,"LINESTRING (114.165804 22.306099, 114.165697 22.306041, 114.165654 22.306014, 114.165631 22.305994, 114.165598 22.305957, 114.165574 22.305922, 114.16556 22.305897, 114.165543 22.305865)"
2052,1234,305,2754770587,474209048,0,1374002912;270461604;279589291;1388990542;1388990544;1388990525,匯翔道 Wui Cheung Road;匯民道 Wui Man Road,secondary,True,249.54700000000003,2;4;3,,,,,,"LINESTRING (114.165543 22.305865, 114.165622 22.305678, 114.165732 22.305468, 114.165861 22.30524, 114.16595 22.305073, 114.166132 22.304721, 114.166162 22.304675, 114.166196 22.304625, 114.166204 22.304614, 114.166208 22.304606, 114.166213 22.304598, 114.166223 22.304581, 114.166228 22.304573, 114.166259 22.304519, 114.166299 22.304526, 114.166384 22.304536, 114.16642 22.304538, 114.166469 22.304544, 114.166679 22.304594, 114.166788 22.304632, 114.166901 22.304681, 114.167017 22.30474)"
2053,1235,294,2772111132,452738352,0,272254646,衛理道 Wylie Road,tertiary,False,17.953,4,,,,,,"LINESTRING (114.176433 22.311795, 114.176368 22.311645)"
2054,1235,405,2772111132,675264198,0,53410829,衛理道 Wylie Road,tertiary,False,23.225,4,,,,,,"LINESTRING (114.176433 22.311795, 114.176453 22.311851, 114.176467 22.31189, 114.176494 22.311996)"
2055,1236,405,2772111145,675264198,0,53410798,公主道 Princess Margaret Road,trunk_link,True,27.726999999999997,2,,,,,,"LINESTRING (114.176708 22.311844, 114.17664 22.311892, 114.176603 22.311915, 114.176494 22.311996)"
2056,1236,1235,2772111145,2772111132,0,272254654,公主道 Princess Margaret Road,trunk_link,True,28.858999999999998,1,,,,,,"LINESTRING (114.176708 22.311844, 114.176645 22.311838, 114.176612 22.311834, 114.176588 22.311832, 114.176567 22.311828, 114.176551 22.311823, 114.176526 22.311817, 114.176433 22.311795)"
2057,1237,1496,2772111183,6702368661,0,272254648,衛理道 Wylie Road,secondary,False,4.794,4,,,,,,"LINESTRING (114.176231 22.312237, 114.176206 22.312273)"
2058,1237,405,2772111183,675264198,0,150787105;272254647,衛理道 Wylie Road,secondary,False,38.245000000000005,4,,,,,,"LINESTRING (114.176231 22.312237, 114.176293 22.312164, 114.176394 22.312074, 114.176416 22.312054, 114.176494 22.311996)"
2059,1238,768,2772111189,1180356949,0,1426336584;1433971795;888280076;1092489663,公主道 Princess Margaret Road,trunk,True,320.9200000000001,3,70,1,,,,"LINESTRING (114.177239 22.314932, 114.177219 22.314836, 114.177192 22.314641, 114.177062 22.313938, 114.176979 22.313502, 114.176908 22.31313, 114.176888 22.313015, 114.17684 22.312734, 114.176818 22.312552, 114.176816 22.312498, 114.176814 22.312463, 114.176815 22.31242, 114.176823 22.31233, 114.176835 22.312262, 114.176856 22.312168, 114.176884 22.312085)"
2060,1241,717,2863929182,1168421045,0,492427752,海帆道 Hoi Fan Road,residential,False,9.348,2,,,,,,"LINESTRING (114.156695 22.320333, 114.15661 22.320363)"
2061,1241,909,2863929182,1295869670,0,1037081179;492429276;1037081174,海輝道 Hoi Fai Road,tertiary,True,316.144,2,,,,,,"LINESTRING (114.156695 22.320333, 114.15665 22.320196, 114.15664 22.320159, 114.156601 22.32001, 114.156588 22.319906, 114.156588 22.319858, 114.156592 22.319709, 114.156613 22.319583, 114.156644 22.319428, 114.156681 22.319289, 114.156716 22.319161, 114.156751 22.319002, 114.156785 22.318792, 114.15679 22.318714, 114.1568 22.318544, 114.156808 22.318368, 114.156804 22.318201, 114.156803 22.318178, 114.156798 22.31776, 114.156799 22.317702, 114.156805 22.317648, 114.156818 22.317593, 114.156843 22.317526)"
2062,1241,191,2863929182,334651193,0,492429277;1037081175;1189761532;1189761533;1189761534;1189761535,海帆道 Hoi Fan Road,residential,False,407.01099999999997,2,,,,,,"LINESTRING (114.156695 22.320333, 114.156812 22.320309, 114.156852 22.320308, 114.156864 22.320307, 114.157124 22.320299, 114.157226 22.320291, 114.157346 22.320245, 114.157447 22.320172, 114.157524 22.320058, 114.157646 22.319831, 114.157713 22.319705, 114.158456 22.318288, 114.158489 22.318171, 114.158498 22.318141, 114.158533 22.318021, 114.158538 22.317883, 114.15854 22.317819, 114.158535 22.317691, 114.158527 22.317506, 114.158526 22.317474)"
2063,1242,190,2866714633,334651141,0,947010930;282735514,連翔道 Lin Cheung Road,trunk,True,409.519,3,80,,,,,"LINESTRING (114.160735 22.313268, 114.160778 22.313649, 114.160784 22.313788, 114.160786 22.313942, 114.160774 22.314115, 114.160757 22.31425, 114.16073 22.314398, 114.160694 22.314555, 114.160646 22.314709, 114.160593 22.314858, 114.160351 22.31555, 114.160307 22.315686, 114.160267 22.315816, 114.160236 22.315935, 114.160203 22.316044, 114.160064 22.316443, 114.15991 22.316828)"
2064,1243,1657,2868162247,10944171150,0,1178115523,東京街西 Tonkin Street West,secondary,True,16.106,3,,,,,,"LINESTRING (114.154366 22.330927, 114.15426 22.33082)"
2065,1243,1623,2868162247,9377026629,0,1178115520;1178115519;1178115514;1178115515;1178115516;1178115518;263843199,通州街 Tung Chau Street,secondary,True,259.038,4;3,,,,,,"LINESTRING (114.154366 22.330927, 114.154463 22.330852, 114.154857 22.330548, 114.155179 22.3303, 114.155438 22.330131, 114.155512 22.330079, 114.155643 22.329979, 114.155664 22.329962, 114.155795 22.329862, 114.156156 22.329584, 114.156322 22.329461)"
2066,1244,1197,2873992829,1652874716,0,152470461,協調道 Concorde Road,secondary,True,19.977,1,,,,,,"LINESTRING (114.197044 22.331626, 114.197096 22.331662, 114.197158 22.331681, 114.197222 22.331683)"
2067,1244,1222,2873992829,2454355466,0,283547971,,primary_link,True,79.439,1,,,,,,"LINESTRING (114.197044 22.331626, 114.197064 22.33171, 114.197038 22.33179, 114.197004 22.331867, 114.196967 22.33193, 114.196921 22.331975, 114.196863 22.332003, 114.196793 22.332013, 114.196707 22.332017, 114.196575 22.332021)"
2068,1245,1244,2873992835,2873992829,0,152470461,協調道 Concorde Road,secondary,True,14.328,1,,,,,,"LINESTRING (114.196984 22.331512, 114.197004 22.331574, 114.197044 22.331626)"
2069,1246,1224,2873992839,2558033404,0,1254541552;1315343992;1254541550,協調道 Concorde Road,secondary,True,50.37800000000001,1,,,,,,"LINESTRING (114.197412 22.331482, 114.1974 22.331418, 114.197383 22.331389, 114.197366 22.331362, 114.197314 22.331318, 114.19725 22.331292, 114.19718 22.331286, 114.197112 22.331302, 114.197053 22.331337)"
2070,1247,1248,2873992840,2873992841,0,758429629,協調道 Concorde Road,secondary,True,16.93,1,,,,,,"LINESTRING (114.198468 22.33227, 114.198307 22.332241)"
2071,1247,1547,2873992840,7083071999,0,758429630,沐元街 Muk Yuen Street,residential,True,27.802999999999997,1,,,,,,"LINESTRING (114.198468 22.33227, 114.19844 22.332247, 114.198419 22.332223, 114.198404 22.332188, 114.198393 22.332124, 114.198393 22.332042)"
2072,1248,1548,2873992841,7083072003,0,758429634,協調道 Concorde Road,secondary,True,15.317,2,,,,,,"LINESTRING (114.198307 22.332241, 114.198177 22.332173)"
2073,1249,1250,2878204574,2878206305,0,284043282,啟新道 Kai San Road,secondary,False,151.21,2,,,,,,"LINESTRING (114.19984 22.332918, 114.1988 22.332513, 114.19849 22.33238)"
2074,1250,1248,2878206305,2873992841,0,516172415,啟新道 Kai San Road,secondary,True,24.391,1,,,,,,"LINESTRING (114.19849 22.33238, 114.198307 22.332241)"
2075,1250,1249,2878206305,2878204574,0,284043282,啟新道 Kai San Road,secondary,False,151.21,2,,,,,,"LINESTRING (114.19849 22.33238, 114.1988 22.332513, 114.19984 22.332918)"
2076,1251,21,2999564052,275922253,0,775541213,石硤尾街 Shek Kip Mei Street,secondary,True,17.614,2,50,,,,,"LINESTRING (114.166573 22.331296, 114.166454 22.331182)"
2077,1251,869,2999564052,1194205370,0,103422576;493946550,巴域街 Berwick Street,residential,False,151.67600000000002,,,,,,,"LINESTRING (114.166573 22.331296, 114.166652 22.331224, 114.166701 22.331173, 114.166995 22.330901, 114.167085 22.330818, 114.16711 22.330784, 114.167121 22.330764, 114.167128 22.33075, 114.167132 22.330727, 114.167101 22.330559, 114.167109 22.33049, 114.167121 22.330438, 114.167137 22.330393, 114.167169 22.330334, 114.16723 22.330254, 114.16728 22.330183)"
2078,1252,1068,2999564058,1641766506,0,100970025;296167501,巴域街 Berwick Street;石硤尾街 Shek Kip Mei Street,residential,True,136.946,1,50,,,,,"LINESTRING (114.166414 22.331406, 114.166498 22.331381, 114.166514 22.331377, 114.166528 22.331376, 114.166544 22.331378, 114.166564 22.331385, 114.166576 22.331396, 114.166617 22.331439, 114.167283 22.332144, 114.167338 22.332204)"
2079,1252,21,2999564058,275922253,0,296167502,巴域街 Berwick Street,secondary_link,True,27.929999999999993,2,50,,,,,"LINESTRING (114.166414 22.331406, 114.166447 22.331378, 114.166468 22.331354, 114.166475 22.331337, 114.166481 22.331317, 114.166484 22.331287, 114.16648 22.331249, 114.166472 22.33122, 114.166454 22.331182)"
2080,1253,1048,3200153661,1640472913,0,167070645,海輝道 Hoi Fai Road,secondary,True,11.99,2,,,,,,"LINESTRING (114.159302 22.32334, 114.159394 22.323405)"
2081,1253,321,3200153661,513354006,0,263839230,深旺道 Sham Mong Road,secondary,True,55.05,2,,,,,,"LINESTRING (114.159302 22.32334, 114.159036 22.323641, 114.158961 22.323722)"
2082,1254,321,3200166661,513354006,0,151226298,海輝道 Hoi Fai Road,secondary_link,True,72.624,1,,,,,,"LINESTRING (114.159066 22.32309, 114.159074 22.323186, 114.159083 22.32327, 114.159089 22.323354, 114.159085 22.323393, 114.15907 22.32347, 114.159051 22.323516, 114.15902 22.32359, 114.158961 22.323722)"
2083,1254,1253,3200166661,3200153661,0,167070623,海輝道 Hoi Fai Road,secondary,True,37.407,2,,,,,,"LINESTRING (114.159066 22.32309, 114.159086 22.323121, 114.159109 22.323167, 114.159138 22.323207, 114.15918 22.32325, 114.159212 22.323276, 114.159248 22.323303, 114.159302 22.32334)"
2084,1255,1322,3200246561,4858447071,0,494019400;151226299;671089582,海輝道 Hoi Fai Road,secondary,True,156.04,2;3,,,,,,"LINESTRING (114.15912 22.32296, 114.159056 22.3228, 114.159 22.32266, 114.15893 22.32249, 114.15886 22.32235, 114.158771 22.3222, 114.158675 22.322033, 114.158613 22.321952, 114.158589 22.321915, 114.158569 22.321872, 114.158554 22.321827, 114.158523 22.321762, 114.158494 22.321687)"
2085,1256,1255,3200259361,3200246561,0,151226300,海輝道 Hoi Fai Road,secondary_link,True,58.49199999999999,2,,,,,,"LINESTRING (114.15959 22.32285, 114.159547 22.322893, 114.159459 22.322978, 114.159431 22.322999, 114.1594 22.323015, 114.159366 22.323027, 114.159299 22.323036, 114.159232 22.323027, 114.159171 22.323001, 114.15912 22.32296)"
2086,1256,56,3200259361,288994882,0,167070633,深旺道 Sham Mong Road,secondary,True,51.988,2,,,,,,"LINESTRING (114.15959 22.32285, 114.159474 22.323081, 114.159449 22.32312, 114.159363 22.323268)"
2087,1257,1731,3230280999,14021098288,0,101317729,新填地街 Reclamation Street,secondary,True,164.251,3,,,,,,"LINESTRING (114.167664 22.319081, 114.167652 22.319152, 114.167598 22.319407, 114.167581 22.31949, 114.167563 22.319575, 114.167534 22.319712, 114.167524 22.319759, 114.167482 22.319957, 114.167454 22.320093, 114.167425 22.320234, 114.167401 22.320349, 114.167393 22.320389, 114.167366 22.320532)"
2088,1258,1053,3261524561,1640472923,0,447860614,深旺道 Sham Mong Road,tertiary,True,12.838,2,,,,,,"LINESTRING (114.158038 22.32457, 114.158137 22.3245)"
2089,1258,130,3261524561,332237262,0,493777736;167297266,聚魚道 Chui Yu Road,secondary,True,364.96299999999997,2,,,,,,"LINESTRING (114.158038 22.32457, 114.158158 22.324686, 114.15826 22.32476, 114.15836 22.32483, 114.15846 22.32488, 114.15857 22.32493, 114.15869 22.32497, 114.1588 22.325, 114.1589 22.32502, 114.158914 22.325021, 114.15901 22.325026, 114.15907 22.32503, 114.159124 22.325032, 114.159251 22.325037, 114.15933 22.32504, 114.159398 22.32504, 114.160751 22.325049, 114.16093 22.325053, 114.160986 22.325057, 114.161039 22.325074, 114.161086 22.325103, 114.161123 22.325144, 114.161147 22.325192, 114.161157 22.325255, 114.161144 22.325318, 114.161113 22.325392)"
2090,1259,1053,3270208461,1640472923,0,30149514;494507274;493777738,聚魚道 Chui Yu Road,secondary,True,374.04499999999996,2;3,,,,,,"LINESTRING (114.161626 22.325003, 114.161562 22.324987, 114.16149 22.324978, 114.161345 22.324976, 114.160755 22.324964, 114.160558 22.324962, 114.1594 22.324951, 114.159336 22.324951, 114.15925 22.32495, 114.15913 22.324945, 114.159072 22.324942, 114.159015 22.324939, 114.15893 22.32493, 114.158911 22.324925, 114.15882 22.3249, 114.15872 22.32487, 114.15861 22.32483, 114.158505 22.324782, 114.15841 22.32473, 114.158298 22.324653, 114.158269 22.32463, 114.158239 22.324605, 114.158137 22.3245)"
2091,1259,130,3270208461,332237262,0,30149987,聚魚道 Chui Yu Road,tertiary,True,68.261,2,,,,,,"LINESTRING (114.161626 22.325003, 114.161567 22.325055, 114.16144 22.32515, 114.161113 22.325392)"
2092,1260,113,3331535680,331269982,0,30658234;1234279562,荔枝角道 Lai Chi Kok Road,primary,True,126.16399999999999,3,,,,,,"LINESTRING (114.168745 22.322121, 114.168686 22.322184, 114.16861 22.32227, 114.168514 22.322371, 114.168404 22.32246, 114.168363 22.322488, 114.168198 22.322601, 114.168151 22.322633, 114.168088 22.322675, 114.168014 22.322726, 114.16782 22.322857)"
2093,1260,597,3331535680,1151084843,0,101166560,彌敦道 Nathan Road,primary,True,46.903,3,,,,,,"LINESTRING (114.168745 22.322121, 114.1687 22.322335, 114.168657 22.322535)"
2094,1261,319,3334802082,506470908,0,41412412;326806351,佐敦道 Jordan Road,primary,True,22.488999999999997,2,,,,yes,,"LINESTRING (114.161364 22.307343, 114.161277 22.307374, 114.16125 22.307384, 114.161159 22.307414)"
2095,1261,1023,3334802082,1640472705,0,326806357,雅翔道 Nga Cheung Road,tertiary,True,25.57,1,,,,viaduct,,"LINESTRING (114.161364 22.307343, 114.161384 22.307268, 114.161401 22.30721, 114.161428 22.307121)"
2096,1262,1263,3336091196,3336091197,0,326905934,深旺道 Sham Mong Road,tertiary,True,13.499,2,,,,,,"LINESTRING (114.155914 22.326009, 114.15581 22.326084)"
2097,1262,71,3336091196,289337297,0,944348043;947230510;327096756;327096757;151355580,欽州街西 Yen Chow Street West,secondary,True,163.448,2;1,80,,,,,"LINESTRING (114.155914 22.326009, 114.1558 22.325857, 114.155777 22.32583, 114.155668 22.325701, 114.155577 22.325601, 114.155496 22.325509, 114.155465 22.325476, 114.15544 22.325444, 114.155422 22.32541, 114.155408 22.325376, 114.155399 22.325339, 114.155394 22.325296, 114.155393 22.325266, 114.155398 22.325222, 114.155409 22.325176, 114.155427 22.325133, 114.155451 22.325089, 114.155466 22.325059, 114.155584 22.324877, 114.155657 22.324758)"
2098,1263,1264,3336091197,3336091198,0,326905937,欽州街西 Yen Chow Street West,secondary,True,11.664,2,,,,,,"LINESTRING (114.15581 22.326084, 114.155878 22.326167)"
2099,1263,1281,3336091197,4432829782,0,326905935,深旺道 Sham Mong Road,tertiary,True,451.80199999999996,2,,,,,,"LINESTRING (114.15581 22.326084, 114.155697 22.326163, 114.155669 22.326183, 114.155151 22.326583, 114.155064 22.326651, 114.155 22.3267, 114.154743 22.326937, 114.154645 22.327057, 114.154507 22.32722, 114.154432 22.327311, 114.1541 22.32774, 114.154 22.32785, 114.153905 22.327931, 114.153871 22.327961, 114.153545 22.328216, 114.153317 22.328398, 114.152905 22.328722, 114.152866 22.328756, 114.152679 22.328904)"
2100,1264,61,3336091198,288996662,0,326905932,深旺道 Sham Mong Road,tertiary,True,13.578,2,,,,,,"LINESTRING (114.155878 22.326167, 114.155985 22.326095)"
2101,1264,62,3336091198,288997665,0,41415504;151355622;151355623,欽州街西 Yen Chow Street West,secondary,True,112.999,3,,,,,,"LINESTRING (114.155878 22.326167, 114.156008 22.326317, 114.156268 22.326602, 114.156322 22.326668, 114.156496 22.326851, 114.156526 22.326881, 114.156583 22.326946)"
2102,1265,62,3336091205,288997665,0,26379956,西邨路 Sai Chuen Road,residential,False,12.977,,,,,,,"LINESTRING (114.156686 22.326879, 114.156583 22.326946)"
2103,1265,61,3336091205,288996662,0,1071876554;326905943,欽州街西 Yen Chow Street West,secondary,True,113.21100000000001,2;4,,,,,,"LINESTRING (114.156686 22.326879, 114.156653 22.326843, 114.156472 22.326648, 114.156211 22.326356, 114.156137 22.32626, 114.156114 22.326234, 114.155985 22.326095)"
2104,1266,39,3336091210,278947783,0,327096747,昌新里 Cheong San Lane,residential,False,11.641,2,,,,,,"LINESTRING (114.157298 22.32755, 114.157209 22.327616)"
2105,1266,906,3336091210,1268399068,0,41415528,昌新里 Cheong San Lane,residential,False,235.631,2,,,,,,"LINESTRING (114.157298 22.32755, 114.157427 22.327453, 114.157449 22.327436, 114.158184 22.326873, 114.158791 22.32641, 114.159062 22.326199)"
2106,1266,1265,3336091210,3336091205,0,326905941,欽州街 Yen Chow Street,secondary,True,97.56400000000001,3,,,,,,"LINESTRING (114.157298 22.32755, 114.157162 22.327402, 114.156769 22.32697, 114.156686 22.326879)"
2107,1267,1266,3336091212,3336091210,0,713034729;326905939,欽州街 Yen Chow Street,secondary,True,102.72999999999999,3,,,,,,"LINESTRING (114.157932 22.328264, 114.157864 22.328189, 114.157633 22.327932, 114.157587 22.32788, 114.157567 22.327858, 114.15742 22.32769, 114.157298 22.32755)"
2108,1267,20,3336091212,275909450,0,327096752,通州街 Tung Chau Street,tertiary,True,114.63199999999999,2,,,,,,"LINESTRING (114.157932 22.328264, 114.15802 22.328195, 114.158784 22.327598)"
2109,1268,550,3336091224,991294879,0,326905928,海壇街 Hai Tan Street,tertiary,True,11.207,3,,,,,,"LINESTRING (114.158304 22.328695, 114.158222 22.328762)"
2110,1268,1267,3336091224,3336091212,0,326905945,欽州街 Yen Chow Street,secondary,True,61.336,3,,,,,,"LINESTRING (114.158304 22.328695, 114.158236 22.328617, 114.158028 22.328371, 114.158002 22.328338, 114.157932 22.328264)"
2111,1269,1268,3336091232,3336091224,0,326905946,欽州街 Yen Chow Street,secondary,True,64.56899999999999,3,,,,,,"LINESTRING (114.158714 22.329134, 114.158636 22.329045, 114.15849 22.328883, 114.158416 22.328816, 114.158382 22.328779, 114.158304 22.328695)"
2112,1269,559,3336091232,991295090,0,327096754,醫局街 Yee Kuk Street,tertiary,True,114.116,2,,,,,,"LINESTRING (114.158714 22.329134, 114.15879 22.329075, 114.159564 22.328474)"
2113,1270,400,3338147030,660864274,0,327096748,荔枝角道 Lai Chi Kok Road,primary,True,13.161,3,,,,,,"LINESTRING (114.159115 22.329579, 114.159017 22.329655)"
2114,1270,1269,3338147030,3336091232,0,327096761,欽州街 Yen Chow Street,secondary,True,64.429,2,,,,,,"LINESTRING (114.159115 22.329579, 114.159044 22.329497, 114.15881 22.329239, 114.158789 22.329216, 114.158714 22.329134)"
2115,1271,5,3610003009,33004534,0,832141433;1097999012;1097999006,廣東道 Canton Road,secondary,True,120.165,2,,,,,,"LINESTRING (114.168208 22.300395, 114.168166 22.300479, 114.168128 22.300566, 114.168087 22.300681, 114.168052 22.300815, 114.168 22.301074, 114.167971 22.301244, 114.167967 22.301444)"
2116,1272,1342,3676641732,4862185729,0,45740457;45740771;1237546156;1305278487,紅磡繞道 Hung Hom Bypass,trunk_link,True,244.56,1,50;70,,,yes,,"LINESTRING (114.181035 22.306284, 114.180848 22.306322, 114.180792 22.30633, 114.180736 22.306336, 114.18069 22.306341, 114.18061 22.306344, 114.18054 22.306343, 114.18049 22.306339, 114.18044 22.306332, 114.18039 22.306322, 114.18032 22.306306, 114.18027 22.306291, 114.18022 22.30627, 114.18016 22.306242, 114.180101 22.306209, 114.180052 22.30618, 114.179995 22.306143, 114.179968 22.306124, 114.179934 22.3061, 114.17978 22.30599, 114.179719 22.305951, 114.179662 22.305918, 114.179611 22.305891, 114.179579 22.305876, 114.179523 22.305852, 114.17947 22.305831, 114.179415 22.30581, 114.179358 22.30579, 114.1793 22.305773, 114.179246 22.305759, 114.179188 22.305747, 114.179145 22.305738, 114.179102 22.305731, 114.179009 22.30571, 114.17894 22.305694, 114.178841 22.305667)"
2117,1272,388,3676641732,582593473,0,45740896;494452057;45740772;1237546157,紅磡繞道 Hung Hom Bypass,primary,True,245.848,1,70,,,yes,,"LINESTRING (114.181035 22.306284, 114.180868 22.306385, 114.18062 22.30652, 114.180518 22.30658, 114.18042 22.306639, 114.180322 22.306702, 114.180208 22.306781, 114.180106 22.306867, 114.180006 22.306957, 114.179892 22.307064, 114.1798 22.307169, 114.1797 22.30729, 114.17962 22.307391, 114.17955 22.307492, 114.179478 22.30759, 114.179458 22.307622, 114.179368 22.307807)"
2118,1274,56,3692616228,288994882,0,151226296,海輝道 Hoi Fai Road,secondary,True,11.758,2,,,,,,"LINESTRING (114.159454 22.323332, 114.159363 22.323268)"
2119,1274,1037,3692616228,1640472873,0,735252242;735252243;735252244,深旺道 Sham Mong Road,secondary,True,303.095,2;3,,,,,,"LINESTRING (114.159454 22.323332, 114.159528 22.323206, 114.159588 22.323102, 114.159652 22.322973, 114.159727 22.322793, 114.159796 22.322606, 114.159821 22.322512, 114.15984 22.322416, 114.159865 22.322198, 114.159872 22.321956, 114.159875 22.321614, 114.159875 22.32139, 114.159875 22.321109, 114.15987 22.320989, 114.159855 22.32068)"
2120,1275,601,3909038855,1151084858,0,150771673,窩打老道 Waterloo Road,primary,True,66.952,3,,,,,,"LINESTRING (114.175042 22.317865, 114.174976 22.317777, 114.174914 22.317694, 114.174821 22.317569, 114.174786 22.317525, 114.174672 22.31737)"
2121,1275,1546,3909038855,6874825449,0,387654208,祐滿街 Yau Moon Street,residential,False,45.943000000000005,,,,,,,"LINESTRING (114.175042 22.317865, 114.175073 22.317845, 114.17541 22.317631)"
2122,1276,841,3978935775,1189558856,0,53470400;951593241,加士居道 Gascoigne Road,primary,True,242.33199999999997,2;3,,,,,,"LINESTRING (114.174571 22.307149, 114.17466 22.307125, 114.175556 22.30686, 114.175973 22.306726, 114.176104 22.306679, 114.176277 22.306617, 114.176801 22.306447)"
2123,1277,666,4123241552,1161864158,0,102153177,砵蘭街 Portland Street,primary_link,True,38.217999999999996,2,,,,,,"LINESTRING (114.168077 22.323893, 114.168028 22.323905, 114.16799 22.323913, 114.167933 22.323934, 114.167879 22.323953, 114.167838 22.323978, 114.167795 22.324012, 114.167757 22.324051)"
2124,1277,764,4123241552,1179001818,0,1188528922;1188528923,太子道西 Prince Edward Road West,primary,True,31.008,2;3,,,,,,"LINESTRING (114.168077 22.323893, 114.167923 22.323868, 114.16778 22.323845)"
2125,1278,1693,4294666033,12735971058,0,1375528336;1375528337;45729482;45729483,佛光街 Fat Kwong Street,secondary,False,111.179,5;4,50,,,yes,,"LINESTRING (114.184202 22.310524, 114.184282 22.310441, 114.184318 22.310409, 114.184391 22.310342, 114.184464 22.310276, 114.184627 22.31012, 114.184924 22.309857, 114.184965 22.309816)"
2126,1278,498,4294666033,989118852,0,435421054,佛光街 Fat Kwong Street,secondary,False,23.256,5,50,,,,,"LINESTRING (114.184202 22.310524, 114.184074 22.310652, 114.184047 22.310676)"
2127,1278,1525,4294666033,6705233657,0,710596162;85201092;435421063;85404078;957538094,北拱街 Pak Kung Street;信用街 Shun Yung Street,tertiary,False,260.044,2;3,,,,,,"LINESTRING (114.184202 22.310524, 114.184282 22.3106, 114.184327 22.310653, 114.184399 22.310723, 114.184452 22.310778, 114.184521 22.310842, 114.184599 22.310915, 114.1847 22.31103, 114.185169 22.311762, 114.185285 22.311946, 114.185309 22.311974, 114.185473 22.311886, 114.185745 22.311739, 114.185826 22.311695)"
2128,1279,1047,4332327041,1640472899,0,151226311,樂群街 Lok Kwan Street,residential,True,38.153999999999996,1,,,,,,"LINESTRING (114.161002 22.322861, 114.161006 22.322547, 114.161007 22.322518)"
2129,1279,1662,4332327041,11153075989,0,151226312,美安街 Mei On Street,residential,False,83.356,2,,,,,,"LINESTRING (114.161002 22.322861, 114.161052 22.322862, 114.161812 22.322871)"
2130,1280,815,4421445236,1185400607,0,102640444,,residential,False,70.68,1,,,,,,"LINESTRING (114.171475 22.312695, 114.171128 22.31263, 114.170877 22.312584, 114.170801 22.31257)"
2131,1282,397,4493621922,629539289,0,1305278465;1305278466;1305278470;452590570;247844983,加士居道天橋 Gascoigne Road Flyover,trunk,True,263.54,2,50,5,,viaduct,,"LINESTRING (114.175994 22.306644, 114.176165 22.306592, 114.176346 22.306537, 114.176911 22.306348, 114.177055 22.306298, 114.177342 22.306199, 114.177745 22.306064, 114.178005 22.30598, 114.178322 22.305897, 114.178418 22.305906)"
2132,1283,716,4501979659,1168380691,0,1299955106;102441835;493744604;1299955111,渡船街 Ferry Street,trunk,True,238.661,3,70,5,,viaduct,,"LINESTRING (114.166787 22.315056, 114.166833 22.314717, 114.166944 22.313905, 114.167007 22.313389, 114.167071 22.312926)"
2133,1284,829,4510281036,1187352694,0,102821059,童軍徑 Scout Path,residential,False,64.007,2,,,,,,"LINESTRING (114.169086 22.303021, 114.169088 22.303001, 114.169094 22.302947, 114.1691 22.302674, 114.169106 22.302528, 114.169102 22.302503, 114.169084 22.302449)"
2134,1284,1286,4510281036,4510286866,0,1215181724,柯士甸道 Austin Road,secondary,True,99.424,3,,,,,,"LINESTRING (114.169086 22.303021, 114.168276 22.302961, 114.168248 22.302959, 114.168184 22.302954, 114.168122 22.302948)"
2135,1285,1284,4510281038,4510281036,0,454467320,柯士甸道 Austin Road,secondary,True,20.025,2,,,,,,"LINESTRING (114.16928 22.303037, 114.169086 22.303021)"
2136,1286,1305,4510286866,4844962258,0,547281954,柯士甸道 Austin Road,primary,True,16.061,2,,,,,,"LINESTRING (114.168122 22.302948, 114.167967 22.302938)"
2137,1286,315,4510286866,495137475,0,547281953,廣東道 Canton Road,primary,True,281.174,3,,,,,,"LINESTRING (114.168122 22.302948, 114.168114 22.302669, 114.168109 22.302555, 114.168093 22.302429, 114.168058 22.302231, 114.168044 22.302115, 114.168039 22.302007, 114.168044 22.301886, 114.168059 22.301746, 114.168079 22.301645, 114.168111 22.301475, 114.168243 22.300802, 114.168275 22.30069, 114.168312 22.300592, 114.168378 22.300464)"
2138,1287,1121,4535526794,1649049019,0,103020358,金巴利道 Kimberley Road,residential,False,23.464,,,,,,,"LINESTRING (114.17573 22.302528, 114.175634 22.302337)"
2139,1288,289,4642297159,441535168,0,469977997,彌敦道 Nathan Road,secondary,True,13.339,2,,,,,,"LINESTRING (114.172391 22.294674, 114.172282 22.294608)"
2140,1288,0,4642297159,30747332,0,99517944,彌敦道 Nathan Road,primary_link,True,14.131,2,,,,,,"LINESTRING (114.172391 22.294674, 114.172371 22.294693, 114.172335 22.294737, 114.172321 22.29478)"
2141,1289,1515,4689807727,6705233450,0,475193249,常盛里 Sheung Shing Lane,residential,False,145.129,2,,,,,,"LINESTRING (114.181692 22.318357, 114.181741 22.318427, 114.181782 22.318511, 114.181814 22.318605, 114.181825 22.318687, 114.18182 22.3188, 114.181793 22.318877, 114.181737 22.318986, 114.181658 22.319079, 114.181306 22.319316, 114.181207 22.319382)"
2142,1290,1452,4733952775,6001017151,0,640061996,庇利街 Bailey Street,tertiary,False,9.559,6,,,,,,"LINESTRING (114.1905 22.312185, 114.190409 22.312205)"
2143,1290,1726,4733952775,13860956553,0,442616753;636054901,紅磡道 Hung Hom Road,secondary,True,366.44599999999997,2,,,,,,"LINESTRING (114.1905 22.312185, 114.190487 22.312046, 114.190462 22.311792, 114.190437 22.311186, 114.190418 22.310748, 114.190416 22.31069, 114.190413 22.310585, 114.190413 22.31047, 114.190415 22.310206, 114.190395 22.309112, 114.190394 22.309063, 114.190392 22.309005, 114.190389 22.308892)"
2144,1291,575,4773263715,1140062928,0,484579081;484579082;98547382,窩打老道 Waterloo Road,trunk,True,239.541,2,50,1,,yes,,"LINESTRING (114.178526 22.327281, 114.178534 22.327201, 114.178543 22.327128, 114.178556 22.327032, 114.17857 22.326921, 114.178575 22.32681, 114.178574 22.326705, 114.178571 22.326615, 114.178541 22.32612, 114.178501 22.325752, 114.178453 22.32541, 114.178419 22.325136)"
2145,1291,573,4773263715,1140062891,0,98547386;98547375,,trunk_link,True,189.05199999999996,1,50,,,yes,,"LINESTRING (114.178526 22.327281, 114.178513 22.326877, 114.178498 22.326598, 114.178458 22.326031, 114.178448 22.325956, 114.178434 22.325888, 114.178416 22.325858, 114.178398 22.325824, 114.178373 22.325794, 114.178343 22.32577, 114.178296 22.325745, 114.178188 22.325705)"
2146,1292,1415,4773316072,5135751883,0,996259376;996259393;484583028,基堤道 Embankment Road,primary_link,True,54.479,1,,,,,,"LINESTRING (114.174652 22.326459, 114.174679 22.326483, 114.174712 22.326511, 114.174723 22.326521, 114.17475 22.326546, 114.174786 22.326572, 114.175013 22.326702, 114.175052 22.326768)"
2147,1292,1620,4773316072,9199524748,0,996259392;996259394;996259388,界限街 Boundary Street,secondary,True,20.921,1,,,,,,"LINESTRING (114.174652 22.326459, 114.174633 22.326504, 114.17461 22.326537, 114.174532 22.326607)"
2148,1293,1294,4773316080,4773330911,0,680766732;777727319,界限街 Boundary Street,secondary,True,38.82399999999999,2;1,,,,,,"LINESTRING (114.172434 22.326673, 114.172338 22.326638, 114.17227 22.326612, 114.172242 22.326611, 114.172205 22.326614, 114.172177 22.326618, 114.172154 22.326628, 114.172136 22.326637, 114.17212 22.326649, 114.172111 22.326657, 114.172105 22.326663, 114.172098 22.326679)"
2149,1293,1620,4773316080,9199524748,0,996259395;996259397;1015003887;1015003888;996259379;996259380;996259381;996259382;996259383;996259384;996259385,界限街 Boundary Street,primary,False,219.003,5;6;4,,,,,,"LINESTRING (114.172434 22.326673, 114.172496 22.326676, 114.172822 22.326694, 114.173001 22.326707, 114.173042 22.32671, 114.173119 22.326716, 114.173172 22.32672, 114.173212 22.326722, 114.173254 22.326725, 114.173392 22.326735, 114.17362 22.326745, 114.173707 22.326749, 114.173941 22.326758, 114.174024 22.326759, 114.174083 22.326753, 114.174165 22.32674, 114.174231 22.32672, 114.174418 22.326655, 114.174532 22.326607)"
2150,1294,1619,4773330911,9197712776,0,35894200,大坑東道 Tai Hang Tung Road,secondary,True,10.729,3,,,,,,"LINESTRING (114.172098 22.326679, 114.172083 22.326774)"
2151,1294,1479,4773330911,6374552939,0,99716663,界限街 Boundary Street,primary,True,13.573,4,,,,,,"LINESTRING (114.172098 22.326679, 114.172144 22.326681, 114.172229 22.326686)"
2152,1295,1294,4773331322,4773330911,0,996080266;246488543,界限街 Boundary Street,primary,True,34.003,4,,,,,,"LINESTRING (114.171767 22.326666, 114.17193 22.326672, 114.171981 22.326674, 114.172098 22.326679)"
2153,1295,1619,4773331322,9197712776,0,680766731;680766735,界限街 Boundary Street,primary_link,True,36.241,1,,,,,,"LINESTRING (114.171767 22.326666, 114.171822 22.326718, 114.171847 22.326727, 114.17187 22.326732, 114.171924 22.326738, 114.171979 22.326745, 114.172021 22.326751, 114.172053 22.326752, 114.172072 22.326761, 114.172083 22.326774)"
2154,1296,704,4773727046,1168315954,0,955616984;99716365,聚魚道 Chui Yu Road,secondary_link,True,26.607999999999997,2,,,,,,"LINESTRING (114.160388 22.326048, 114.160448 22.326125, 114.160503 22.326195, 114.160546 22.326237)"
2155,1296,110,4773727046,331258075,0,1327259712;1327259710,聚魚道 Chui Yu Road,secondary,True,28.729999999999997,2,,,,,,"LINESTRING (114.160388 22.326048, 114.160388 22.326103, 114.160399 22.326148, 114.16042 22.326191, 114.160449 22.326232, 114.160494 22.326277)"
2156,1297,137,4773779436,332242353,0,102368462,通州街 Tung Chau Street,trunk_link,True,41.731,2,,,,,,"LINESTRING (114.164118 22.323606, 114.16415 22.323585, 114.164228 22.323546, 114.16427 22.323531, 114.164311 22.323516, 114.164394 22.323493, 114.164494 22.323475)"
2157,1297,1607,4773779436,8664575339,0,102368468;934998558,詩歌舞街 Sycamore Street,trunk_link,True,39.076,1,,,,,,"LINESTRING (114.164118 22.323606, 114.164171 22.323603, 114.164221 22.323606, 114.164268 22.323621, 114.16431 22.323647, 114.164334 22.323667, 114.164357 22.323692, 114.164371 22.323709, 114.164387 22.323749, 114.16438 22.323785)"
2158,1298,916,4777713345,1408521472,0,723895585,九龍城迴旋處 Kowloon City Roundabout,secondary,True,39.996,3,,,,,,"LINESTRING (114.190314 22.327014, 114.190244 22.326952, 114.190179 22.326885, 114.190118 22.326815, 114.190062 22.326741)"
2159,1299,465,4781436505,804108815,0,353796332,常盛街 Sheung Shing Street,tertiary,False,310.641,2,,,,,,"LINESTRING (114.185643 22.32008, 114.185559 22.31998, 114.185179 22.319535, 114.185127 22.319483, 114.185066 22.319433, 114.185009 22.319399, 114.184944 22.319374, 114.1849 22.319362, 114.184847 22.319351, 114.184793 22.319345, 114.184718 22.319341, 114.184647 22.319342, 114.184584 22.319346, 114.184513 22.319361, 114.184444 22.319384, 114.184384 22.319412, 114.184314 22.319458, 114.183676 22.319933, 114.183605 22.319976, 114.183526 22.320015, 114.183445 22.320046, 114.183357 22.320072, 114.183288 22.320089, 114.183223 22.3201)"
2160,1299,1498,4781436505,6705233064,0,353796635,天光道 Tin Kwong Road,tertiary,False,80.262,2,,,,,,"LINESTRING (114.185643 22.32008, 114.185769 22.320026, 114.185872 22.320019, 114.18641 22.320018)"
2161,1299,1508,4781436505,6705233260,0,493966697;485789572,天光道 Tin Kwong Road,tertiary,False,117.59700000000001,2;3,,,,,,"LINESTRING (114.185643 22.32008, 114.18554 22.320147, 114.185502 22.320195, 114.185443 22.32027, 114.185376 22.320438, 114.185207 22.320879, 114.185156 22.321012)"
2162,1300,1301,4843875301,4843875302,0,1425015419;1425015418;644257211;851134670,新山道 San Shan Road,secondary,False,110.13199999999999,2,50,,,,,"LINESTRING (114.191099 22.319991, 114.191559 22.31975, 114.191792 22.319628, 114.192014 22.319512, 114.192031 22.319503)"
2163,1300,354,4843875301,574312973,0,851134668;644257212;851545149;515687991,新山道 San Shan Road,secondary,True,189.526,2,,,,yes,,"LINESTRING (114.191099 22.319991, 114.190885 22.320082, 114.190797 22.32011, 114.19072 22.320124, 114.190641 22.320128, 114.190547 22.320126, 114.190458 22.320113, 114.190394 22.320096, 114.19032 22.32006, 114.190254 22.320013, 114.190135 22.319893, 114.189999 22.319742, 114.189951 22.319695, 114.18993 22.319672, 114.18964 22.319357)"
2164,1301,1352,4843875302,4864718208,0,644257213,新山道 San Shan Road,secondary,True,45.596999999999994,3,,,,,,"LINESTRING (114.192031 22.319503, 114.192249 22.319418, 114.192262 22.319414, 114.19244 22.319345)"
2165,1301,1300,4843875302,4843875301,0,1425015418;1425015419;644257211;851134670,新山道 San Shan Road,secondary,False,110.132,2,50,,,,,"LINESTRING (114.192031 22.319503, 114.192014 22.319512, 114.191792 22.319628, 114.191559 22.31975, 114.191099 22.319991)"
2166,1302,1229,4844265425,2558036215,0,152470465,協調道 Concorde Road,secondary,True,124.53,2,,,,,,"LINESTRING (114.197278 22.33167, 114.197369 22.331705, 114.197436 22.33173, 114.19748 22.331752, 114.197535 22.33179, 114.197547 22.331798, 114.197707 22.331927, 114.197784 22.331989, 114.197832 22.332026, 114.197945 22.332112, 114.198023 22.332165, 114.198103 22.33222, 114.198165 22.332258, 114.198259 22.332316)"
2167,1302,1246,4844265425,2873992839,0,532458741,協調道 Concorde Road,secondary,True,26.464,1,,,,,,"LINESTRING (114.197278 22.33167, 114.197328 22.331643, 114.197374 22.331598, 114.197403 22.331543, 114.197412 22.331482)"
2168,1303,512,4844611313,990120079,0,1193780175,太子道西 Prince Edward Road West,tertiary,True,14.532,2,,,,,,"LINESTRING (114.185718 22.327202, 114.185744 22.327226, 114.185771 22.327246, 114.185794 22.327264, 114.185828 22.327283)"
2169,1304,1386,4844940406,5103929473,0,102826326,柯士甸道 Austin Road,secondary,True,59.341,2,,,,,,"LINESTRING (114.171157 22.303241, 114.171602 22.303262, 114.171658 22.303266, 114.171733 22.303269)"
2170,1304,952,4844940406,1625209863,0,102821077;149555150,庇利金街 Pilkem Street,residential,True,218.24499999999998,1,,,,,,"LINESTRING (114.171157 22.303241, 114.171172 22.30327, 114.171184 22.303309, 114.171185 22.303321, 114.171187 22.303347, 114.17114 22.304293, 114.171137 22.304349, 114.171136 22.304403, 114.171125 22.305125, 114.171122 22.305197)"
2171,1305,7,4844962258,33476495,0,636302493,廣東道 Canton Road,primary,True,9.541,3,,,,,,"LINESTRING (114.167967 22.302938, 114.167957 22.303023)"
2172,1305,1560,4844962258,7328499113,0,621378914;784464003,柯士甸道西 Austin Road West,primary,True,88.61999999999999,2,,,,,,"LINESTRING (114.167967 22.302938, 114.167784 22.302925, 114.167275 22.302878, 114.167111 22.302853)"
2173,1306,1428,4844962261,5299116276,0,1427306720;1427306721;859737028;548524582;773081257;773081258;784464010;784464013;859737022;859737023;528677147;528677149;1427306718;1427306719,連翔道地下行車道 Lin Cheung Road underpass,primary,True,993.8639999999999,2;1,50,,,,yes,"LINESTRING (114.166723 22.302807, 114.16642 22.30272, 114.166242 22.302698, 114.166113 22.302683, 114.166022 22.302674, 114.165523 22.302616, 114.165302 22.302582, 114.165226 22.30257, 114.164846 22.302515, 114.164683 22.3025, 114.164567 22.302495, 114.164259 22.3025, 114.163948 22.302577, 114.163814 22.302674, 114.16369 22.302835, 114.163639 22.303044, 114.163633 22.303344, 114.16366 22.303897, 114.163689 22.304798, 114.163717 22.305067, 114.163798 22.305369, 114.163825 22.305611, 114.163834 22.305897, 114.163762 22.307454, 114.163716 22.308475, 114.163707 22.308545, 114.163694 22.308625, 114.163658 22.308787)"
2174,1306,1416,4844962261,5137162805,0,492477353;859737011;590545068;528677141,柯士甸道西 Austin Road West,secondary,True,290.28099999999995,2;3,,,,,yes,"LINESTRING (114.166723 22.302807, 114.166424 22.302806, 114.166242 22.302787, 114.166106 22.302778, 114.166009 22.302769, 114.164059 22.302582, 114.163954 22.302571, 114.163914 22.302567)"
2175,1307,100,4846202878,308473861,0,842068753,衙前圍道 Nga Tsin Wai Road,tertiary,True,5.538,1,,,,,,"LINESTRING (114.191502 22.328841, 114.191448 22.328839)"
2176,1307,924,4846202878,1458379725,0,152360047,打鼓嶺道 Tak Ku Ling Road,residential,False,54.644,2,,,,,,"LINESTRING (114.191502 22.328841, 114.1915 22.328798, 114.191483 22.32835)"
2177,1308,1189,4846202879,1651828028,0,492632942,打鼓嶺道 Tak Ku Ling Road,tertiary,True,185.55499999999995,2,,,,,,"LINESTRING (114.1915 22.328907, 114.191503 22.328987, 114.191508 22.329103, 114.19151 22.32916, 114.191542 22.329968, 114.191562 22.330471, 114.191563 22.330494, 114.191563 22.330512, 114.191561 22.330575)"
2178,1309,1307,4846202881,4846202878,0,125509995,衙前圍道 Nga Tsin Wai Road,tertiary,True,4.557,1,,,,,,"LINESTRING (114.191546 22.32884, 114.191502 22.328841)"
2179,1309,1308,4846202881,4846202879,0,492632941,打鼓嶺道 Tak Ku Ling Road,tertiary_link,True,8.93,1,,,,,,"LINESTRING (114.191546 22.32884, 114.191518 22.32887, 114.1915 22.328907)"
2180,1310,1311,4848211641,4848211645,0,492853203,,primary_link,True,33.986999999999995,1,,,,,,"LINESTRING (114.170409 22.294631, 114.170463 22.294676, 114.170502 22.294721, 114.170532 22.294765, 114.170565 22.294822, 114.17059 22.294882)"
2181,1310,1094,4848211641,1649047644,0,636334244,梳士巴利道 Salisbury Road,secondary,True,24.538,4,50,,,,,"LINESTRING (114.170409 22.294631, 114.170547 22.294654, 114.170645 22.294664)"
2182,1311,648,4848211645,1158360165,0,636334245,九龍公園徑 Kowloon Park Drive,primary,True,73.822,3,,,,,,"LINESTRING (114.17059 22.294882, 114.170438 22.29544, 114.170414 22.295526)"
2183,1312,347,4848365922,568273492,0,767474163,九龍城迴旋處 Kowloon City Roundabout,secondary,True,26.439,3,,,,,,"LINESTRING (114.189552 22.327754, 114.189805 22.327792)"
2184,1313,1314,4856147006,4856147008,0,150595707,蘭開夏道 Lancashire Road,tertiary,False,7.253,,,,,,,"LINESTRING (114.180808 22.330259, 114.180737 22.330262)"
2185,1313,246,4856147006,394176291,0,101294735,牛津道 Oxford Road,residential,True,156.925,,,,,,,"LINESTRING (114.180808 22.330259, 114.180801 22.330149, 114.180753 22.329385, 114.180727 22.328958, 114.180759 22.328854)"
2186,1313,244,4856147006,394176283,0,150595707,蘭開夏道 Lancashire Road,tertiary,False,126.518,,,,,,,"LINESTRING (114.180808 22.330259, 114.18096 22.330251, 114.181395 22.330228, 114.18144 22.330226, 114.181857 22.330204, 114.182036 22.330195)"
2187,1314,1313,4856147008,4856147006,0,150595707,蘭開夏道 Lancashire Road,tertiary,False,7.253,,,,,,,"LINESTRING (114.180737 22.330262, 114.180808 22.330259)"
2188,1314,1213,4856147008,2280300926,0,150595709,蘭開夏道 Lancashire Road,tertiary,True,88.614,,,,,,,"LINESTRING (114.180737 22.330262, 114.180629 22.330271, 114.179879 22.330328)"
2189,1315,246,4856147010,394176291,0,101294845,,residential,True,13.297,,,,,,,"LINESTRING (114.180634 22.328867, 114.180662 22.328873, 114.18069 22.328874, 114.180722 22.32887, 114.180759 22.328854)"
2190,1315,1314,4856147010,4856147008,0,723131286,牛津道 Oxford Road,residential,True,155.698,,,,,,,"LINESTRING (114.180634 22.328867, 114.180656 22.328959, 114.180683 22.329388, 114.180731 22.330153, 114.180737 22.330262)"
2191,1316,1068,4856402019,1641766506,0,1348494705,窩仔街 Woh Chai Street,secondary,True,9.585,1,,,,,,"LINESTRING (114.167409 22.332148, 114.167338 22.332204)"
2192,1316,1251,4856402019,2999564052,0,775541213,石硤尾街 Shek Kip Mei Street,secondary,True,127.97599999999998,2,50,,,,,"LINESTRING (114.167409 22.332148, 114.166961 22.331688, 114.166673 22.331392, 114.166621 22.331342, 114.166573 22.331296)"
2193,1317,1316,4856402020,4856402019,0,161049130,窩仔街 Woh Chai Street,secondary,True,14.359000000000002,2,,,,,,"LINESTRING (114.16753 22.332086, 114.16748 22.332104, 114.167409 22.332148)"
2194,1317,1067,4856402020,1641766472,0,775541209;775541210;775541211;493765388,窩仔街 Woh Chai Street,secondary,False,142.22199999999998,2,,,,,,"LINESTRING (114.16753 22.332086, 114.167651 22.332006, 114.167731 22.331953, 114.167885 22.331851, 114.168003 22.331773, 114.168096 22.331711, 114.168224 22.331655, 114.168379 22.331607, 114.168525 22.331588, 114.16862 22.331578, 114.168649 22.331576, 114.168759 22.331576)"
2195,1318,1316,4856411322,4856402019,0,296167517,石硤尾街 Shek Kip Mei Street,secondary,True,7.249,2,,,,,,"LINESTRING (114.167454 22.332198, 114.167409 22.332148)"
2196,1318,1317,4856411322,4856402020,0,493765390,窩仔街 Woh Chai Street,secondary,True,14.727,1,,,,,,"LINESTRING (114.167454 22.332198, 114.16753 22.332086)"
2197,1319,1318,4856411323,4856411322,0,493768973,窩仔街 Woh Chai Street,secondary,True,9.472,2,,,,,,"LINESTRING (114.167385 22.332254, 114.167454 22.332198)"
2198,1320,631,4858064646,1152803609,0,99713774,白楊街 Poplar Street,residential,False,62.277,2,,,,,,"LINESTRING (114.167341 22.327631, 114.167411 22.32766, 114.167805 22.327824, 114.167836 22.327836, 114.167894 22.327861)"
2199,1320,629,4858064646,1152803606,0,1015385112,大埔道 Tai Po Road,primary,True,29.201999999999998,3,,,,,,"LINESTRING (114.167341 22.327631, 114.167352 22.327586, 114.167354 22.327547, 114.167349 22.327504, 114.167334 22.327453, 114.167299 22.327378)"
2200,1322,73,4858447071,289337490,0,879823975,海輝道 Hoi Fai Road,secondary,True,6.484999999999999,3,,,,,,"LINESTRING (114.158494 22.321687, 114.158496 22.321657, 114.158493 22.321628)"
2201,1323,1254,4858447072,3200166661,0,167070705;671089581,海輝道 Hoi Fai Road,secondary,True,158.022,2,,,,,,"LINESTRING (114.158259 22.32197, 114.158306 22.321981, 114.158353 22.321991, 114.158418 22.322005, 114.158452 22.322016, 114.158486 22.322032, 114.15851 22.322047, 114.158527 22.322061, 114.158575 22.32211, 114.158626 22.322169, 114.15869 22.32226, 114.15878 22.32241, 114.15887 22.32258, 114.15894 22.32273, 114.159066 22.32309)"
2202,1323,1322,4858447072,4858447071,0,282458859;963341086;963341087,海輝道 Hoi Fai Road,secondary,True,41.273,2,,,,,,"LINESTRING (114.158259 22.32197, 114.158316 22.32194, 114.158357 22.321913, 114.158397 22.321876, 114.158414 22.321857, 114.15844 22.321814, 114.158465 22.321767, 114.158482 22.321727, 114.158494 22.321687)"
2203,1324,459,4860301263,804107493,0,98547392;98532482;98532459;1465650062;66348976,公主道 Princess Margaret Road;窩打老道 Waterloo Road,trunk,True,564.1689999999999,2,50,1,,yes,,"LINESTRING (114.178338 22.323465, 114.178277 22.323304, 114.178256 22.322998, 114.178242 22.322866, 114.178221 22.32275, 114.178195 22.322628, 114.178165 22.322507, 114.178077 22.322192, 114.178056 22.322096, 114.178044 22.322021, 114.178039 22.321944, 114.178042 22.321871, 114.178051 22.321794, 114.178065 22.321731, 114.178081 22.321678, 114.178113 22.3216, 114.178143 22.321546, 114.178179 22.321485, 114.178227 22.321413, 114.178285 22.321333, 114.178699 22.320778, 114.178814 22.320612, 114.178919 22.320447, 114.179009 22.320288, 114.179135 22.320042, 114.179187 22.319912, 114.179222 22.319803, 114.17925 22.319689, 114.179277 22.319554, 114.179294 22.319424, 114.179302 22.3193, 114.179302 22.31916, 114.179294 22.319057, 114.17927 22.318933, 114.179249 22.318847, 114.179206 22.31873)"
2204,1324,1327,4860301263,4860320025,0,249573042;1205891509;150771679,窩打老道 Waterloo Road,primary,True,175.365,2;4,50,,,,,"LINESTRING (114.178338 22.323465, 114.178351 22.323324, 114.17833 22.323001, 114.17832 22.322911, 114.178308 22.322826, 114.178285 22.3227, 114.178261 22.322598, 114.178142 22.322165, 114.178129 22.322109, 114.178129 22.322021, 114.178127 22.32191)"
2205,1325,1326,4860301264,4860301265,0,494247573,窩打老道 Waterloo Road,trunk,True,89.728,4,50,1,,,,"LINESTRING (114.178414 22.324498, 114.178375 22.323974, 114.178356 22.323693)"
2206,1326,1723,4860301265,13594786983,0,430060625,聖約翰里 St. John's Lane,residential,False,44.755,,,,,,,"LINESTRING (114.178356 22.323693, 114.178436 22.32369, 114.17879 22.323672)"
2207,1326,1324,4860301265,4860301263,0,888280106,窩打老道 Waterloo Road,trunk,True,25.387999999999998,4,50,1,,,,"LINESTRING (114.178356 22.323693, 114.178344 22.323554, 114.178338 22.323465)"
2208,1327,1328,4860320025,4860320026,0,98532455,,primary,True,27.645,1,50,,,,,"LINESTRING (114.178127 22.32191, 114.178151 22.321725, 114.178161 22.321663)"
2209,1327,456,4860320025,804107400,0,98532497,,primary_link,True,37.586999999999996,1,50,,,,,"LINESTRING (114.178127 22.32191, 114.17809 22.321848, 114.178066 22.321813, 114.178044 22.321792, 114.178 22.321788, 114.177952 22.321799, 114.177894 22.321822, 114.177853 22.321857)"
2210,1327,442,4860320025,804106489,0,249573181,窩打老道 Waterloo Road,primary,True,27.193,3,50,,,,,"LINESTRING (114.178127 22.32191, 114.178208 22.321773, 114.17822 22.321744, 114.178244 22.321691)"
2211,1328,442,4860320026,804106489,0,552553244,亞皆老街 Argyle Street,secondary,True,9.093,2,,,,,,"LINESTRING (114.178161 22.321663, 114.178244 22.321691)"
2212,1328,571,4860320026,1139904705,0,552553245,,primary,True,23.456999999999997,1,50,,,,,"LINESTRING (114.178161 22.321663, 114.178205 22.321561, 114.178211 22.321503, 114.178212 22.32146)"
2213,1329,1518,4860320029,6705233479,0,859695790,培正道 Pui Ching Road,secondary,True,48.027,3,50,,,,,"LINESTRING (114.179381 22.317184, 114.179807 22.317008)"
2214,1330,408,4860608371,675264211,0,494250552,常興街 Sheung Hing Street,trunk_link,True,19.646,1,50,,,,,"LINESTRING (114.179194 22.317445, 114.17914 22.317332, 114.179114 22.317284)"
2215,1330,1329,4860608371,4860320029,0,494278045;494250551,常興街 Sheung Hing Street,trunk_link,True,35.16,2,50,,,,,"LINESTRING (114.179194 22.317445, 114.179243 22.317338, 114.179297 22.317267, 114.179381 22.317184)"
2216,1331,652,4860691742,1161863701,0,102368460,塘尾道 Tong Mi Road,primary,True,54.071000000000005,2,,,,,,"LINESTRING (114.165105 22.323982, 114.165166 22.323674, 114.165177 22.323617, 114.165202 22.323505)"
2217,1331,1332,4860691742,4860691743,0,494287189,,residential,False,64.339,2,,,,,,"LINESTRING (114.165105 22.323982, 114.165217 22.324006, 114.165715 22.324108)"
2218,1332,1331,4860691743,4860691742,0,494287189,,residential,False,64.339,2,,,,,,"LINESTRING (114.165715 22.324108, 114.165217 22.324006, 114.165105 22.323982)"
2219,1333,358,4860719322,582481740,0,106149879,佛光街 Fat Kwong Street,secondary,False,191.93,4,50,,,,,"LINESTRING (114.18195 22.313254, 114.182073 22.31275, 114.182125 22.312606, 114.182196 22.312472, 114.18228 22.312339, 114.182295 22.312323, 114.182418 22.312189, 114.182838 22.311789)"
2220,1333,460,4860719322,804107967,0,494290189,佛光街 Fat Kwong Street,secondary,True,42.995000000000005,2,50,,,,,"LINESTRING (114.18195 22.313254, 114.181904 22.313303, 114.181866 22.313345, 114.181821 22.313504, 114.181795 22.313603)"
2221,1334,538,4860805876,990625730,0,88718964,船景街 Shung King Street,tertiary_link,True,7.221,1,,,,,,"LINESTRING (114.188537 22.302788, 114.188597 22.302822)"
2222,1334,516,4860805876,990120130,0,494704761,紅鸞道 Hung Luen Road,tertiary,True,45.251000000000005,1,,,,,,"LINESTRING (114.188537 22.302788, 114.188481 22.302863, 114.188436 22.302928, 114.18828 22.303118)"
2223,1335,537,4860805878,990625708,0,648664470,紅鸞道 Hung Luen Road,tertiary,True,26.523999999999997,1,,,,,,"LINESTRING (114.188629 22.302754, 114.188662 22.302682, 114.188674 22.302648, 114.188684 22.302627, 114.188695 22.302604, 114.188714 22.302575, 114.188738 22.302538)"
2224,1335,231,4860805878,384382196,0,648664471,船景街 Shung King Street,tertiary_link,True,7.588,1,,,,,,"LINESTRING (114.188629 22.302754, 114.188591 22.30275, 114.188556 22.302748)"
2225,1336,1335,4860805880,4860805878,0,648664468,船景街 Shung King Street,tertiary_link,True,22.911,1,,,,,,"LINESTRING (114.188803 22.302883, 114.188629 22.302754)"
2226,1336,537,4860805880,990625708,0,494300660,,tertiary_link,True,38.95400000000001,1,,,,,,"LINESTRING (114.188803 22.302883, 114.188783 22.302776, 114.188769 22.302687, 114.188759 22.302631, 114.188751 22.302584, 114.188738 22.302538)"
2227,1337,238,4862079505,384385509,0,1232968683,紅磡繞道 Hung Hom Bypass,tertiary,True,27.660999999999998,2,,,,,,"LINESTRING (114.184527 22.300804, 114.184474 22.300764, 114.18441 22.300739, 114.184357 22.300732, 114.184281 22.300744)"
2228,1338,1339,4862079512,4862079513,0,33620413,紅磡繞道 Hung Hom Bypass,tertiary,True,9.451,2,,,,,,"LINESTRING (114.184349 22.301159, 114.184396 22.301156, 114.184439 22.301144)"
2229,1339,237,4862079513,384385484,0,1237535775,紅磡繞道 Hung Hom Bypass,tertiary,True,7.142,2,,,,,,"LINESTRING (114.184439 22.301144, 114.184499 22.301112)"
2230,1340,1093,4862122192,1645492687,0,494452487,東京街 Tonkin Street,secondary,True,66.693,4,,,,,,"LINESTRING (114.15603 22.332908, 114.155748 22.332534, 114.155661 22.332415)"
2231,1341,505,4862139808,989119836,0,1384347586;884272388;85320684;1287326520;1237546171;1237546174,紅磡繞道 Hung Hom Bypass,secondary,True,253.34599999999998,2;3,50,,,yes,,"LINESTRING (114.184001 22.30147, 114.183998 22.301666, 114.18399 22.301951, 114.183977 22.302402, 114.183975 22.302687, 114.183968 22.303624, 114.183944 22.303746)"
2232,1342,382,4862185729,582593267,0,494456726,漆咸道南 Chatham Road South,trunk,True,49.134,4,50,5,,,,"LINESTRING (114.178841 22.305667, 114.178453 22.305738, 114.178373 22.305754)"
2233,1343,295,4862228463,452738365,0,1305278501;395010751,加士居道 Gascoigne Road,primary,True,133.86999999999998,2,50,,,,,"LINESTRING (114.178256 22.305734, 114.177405 22.306005, 114.177365 22.306017, 114.17724 22.306059, 114.177026 22.306127)"
2234,1344,281,4862322386,420041600,0,149524466,海泓道 Hoi Wang Road,secondary,True,22.312,,,,,,,"LINESTRING (114.165286 22.306369, 114.165375 22.306186)"
2235,1344,1566,4862322386,7559784469,0,808444694,佐敦道 Jordan Road,primary,True,23.222,3,,,,,,"LINESTRING (114.165286 22.306369, 114.165504 22.306316)"
2236,1345,213,4862605958,384143869,0,1222595817,麼地道 Mody Road,tertiary,False,10.282,3,,,,,,"LINESTRING (114.177981 22.298403, 114.177905 22.298344)"
2237,1345,1513,4862605958,6705233410,0,103020450;103020619;857186485,麼地道 Mody Road,tertiary,False,261.045,3,,,,,,"LINESTRING (114.177981 22.298403, 114.178028 22.298442, 114.178109 22.29851, 114.178128 22.298525, 114.178416 22.298764, 114.178878 22.299148, 114.179758 22.299882, 114.179804 22.299922, 114.179866 22.299975)"
2238,1345,1473,4862605958,6359838937,0,494502147,麼地里 Mody Lane,tertiary,True,63.393,3,,,,,,"LINESTRING (114.177981 22.298403, 114.178072 22.298301, 114.178147 22.298217, 114.178272 22.298048, 114.178372 22.297965)"
2239,1346,1641,4862605959,10243968793,0,1120037566;1120037559,梳士巴利道 Salisbury Road,primary,True,16.732,4,50,,,,,"LINESTRING (114.178506 22.297827, 114.178558 22.29787, 114.17858 22.297886, 114.178626 22.297929)"
2240,1348,228,4864359198,384382080,0,121445586,紅磡南道 Hung Hom South Road,tertiary,True,11.107,3,,,,,,"LINESTRING (114.185922 22.304748, 114.185837 22.30481)"
2241,1348,299,4864359198,459476448,0,121445588,紅荔道 Hung Lai Road,tertiary,True,24.928,1,,,,,,"LINESTRING (114.185922 22.304748, 114.185861 22.304677, 114.185763 22.30458)"
2242,1349,1043,4864470280,1640472891,0,494714613,福全街 Fuk Tsun Street,tertiary,True,189.338,1,,,,,,"LINESTRING (114.161986 22.322904, 114.162088 22.322906, 114.162165 22.322898, 114.162221 22.322887, 114.162275 22.322857, 114.162667 22.322557, 114.162746 22.322497, 114.163377 22.321972, 114.163427 22.321913)"
2243,1349,1040,4864470280,1640472885,0,494490050;1203105166,大角咀道 Tai Kok Tsui Road,tertiary,True,164.60700000000003,1,,,,,,"LINESTRING (114.161986 22.322904, 114.161986 22.322876, 114.161987 22.322826, 114.161988 22.3227, 114.161993 22.322415, 114.162006 22.321477, 114.162008 22.321424)"
2244,1350,1351,4864607476,4864607479,0,1374425439,九龍城道 Kowloon City Road,tertiary,True,67.043,2,70,,,,,"LINESTRING (114.191121 22.322682, 114.191393 22.32323)"
2245,1350,1351,4864607476,4864607479,1,494725229,九龍城道 Kowloon City Road,residential,True,85.73899999999999,1,,,,,,"LINESTRING (114.191121 22.322682, 114.191215 22.322652, 114.19148 22.323188, 114.191393 22.32323)"
2246,1351,323,4864607479,519830025,0,1374425438,九龍城道 Kowloon City Road,tertiary,True,15.291,2,70,,,,,"LINESTRING (114.191393 22.32323, 114.191419 22.323275, 114.191434 22.323302, 114.191461 22.323352)"
2247,1352,1353,4864718208,4864718209,0,494731450,新山道 San Shan Road,secondary,True,13.435,3,,,,,,"LINESTRING (114.19244 22.319345, 114.192554 22.319286)"
2248,1352,474,4864718208,988059488,0,494731449,土瓜灣道 To Kwa Wan Road,secondary,True,137.911,3,,,,,,"LINESTRING (114.19244 22.319345, 114.19283 22.319771, 114.19328 22.320206, 114.193342 22.320261)"
2249,1353,1134,4864718209,1651827805,0,640855742,土瓜灣道 To Kwa Wan Road,secondary,True,12.673,4,,,,,,"LINESTRING (114.192554 22.319286, 114.192467 22.319206)"
2250,1353,1134,4864718209,1651827805,1,894092032;441111138;1358897447;1358897450;106034092;851134674;737078838,新碼頭街 San Ma Tau Street,residential,True,470.4219999999999,2,,,,,,"LINESTRING (114.192554 22.319286, 114.192687 22.319226, 114.193594 22.318826, 114.193898 22.318692, 114.19395 22.31867, 114.194003 22.318646, 114.194049 22.318626, 114.194144 22.318504, 114.19405 22.318304, 114.193977 22.318146, 114.19384 22.318127, 114.193751 22.318149, 114.193591 22.318194, 114.193187 22.318307, 114.193069 22.31834, 114.192936 22.318377, 114.192889 22.318403, 114.192893 22.318452, 114.193031 22.318666, 114.193051 22.318745, 114.193042 22.318802, 114.193006 22.318842, 114.192771 22.318998, 114.192604 22.319109, 114.192554 22.319142, 114.192467 22.319206)"
2251,1354,1003,4907135612,1636641379,0,150787101;499438029,廣華街 Kwong Wa Street,tertiary_link;tertiary,True,184.33299999999997,1,,,,,,"LINESTRING (114.17293 22.315846, 114.172886 22.315875, 114.172881 22.315882, 114.172874 22.315893, 114.172863 22.315912, 114.172844 22.315948, 114.17291 22.31604, 114.173002 22.316162, 114.173104 22.316296, 114.173182 22.3164, 114.173216 22.316446, 114.173259 22.316503, 114.17343 22.316732, 114.173674 22.317056, 114.17371 22.317105, 114.173743 22.317148, 114.173789 22.317196)"
2252,1354,994,4907135612,1636641338,0,783803780,登打士街 Dundas Street,tertiary,True,24.226,1,,,,,,"LINESTRING (114.17293 22.315846, 114.172885 22.315821, 114.172838 22.315813, 114.172777 22.315803, 114.172704 22.3158)"
2253,1355,1422,4928401453,5137163564,0,502342003,佐敦道 Jordan Road,primary,True,33.657,4,,,,,,"LINESTRING (114.164366 22.306396, 114.164168 22.306444, 114.16405 22.306476)"
2254,1355,1563,4928401453,7553343509,0,859737026;807722990,,primary_link,True,38.928,1,,,,,,"LINESTRING (114.164366 22.306396, 114.164323 22.306382, 114.164255 22.306353, 114.164192 22.306323, 114.164159 22.306303, 114.164131 22.306282, 114.1641 22.306246, 114.164085 22.306227, 114.164062 22.306201)"
2255,1356,1357,4928401462,4928401464,0,590545067,連翔道 Lin Cheung Road,secondary,True,24.304000000000002,4,,,,,,"LINESTRING (114.16405 22.306857, 114.164053 22.306783, 114.164055 22.306638)"
2256,1357,1422,4928401464,5137163564,0,502342009,連翔道 Lin Cheung Road,secondary,True,18.1,,,,,,,"LINESTRING (114.164055 22.306638, 114.16405 22.306476)"
2257,1357,1627,4928401464,9514050826,0,1032597236,佐敦道 Jordan Road,primary,True,11.289,5,,,,,,"LINESTRING (114.164055 22.306638, 114.164162 22.306614)"
2258,1358,1424,4928401467,5137163569,0,1032597248;859737024;784464011;784464012;784464014;784464015;528677148;528677150,連翔道地下行車道 Lin Cheung Road underpass,primary,True,586.588,2,,,,,no;yes,"LINESTRING (114.163896 22.308706, 114.163921 22.308582, 114.163964 22.308403, 114.163978 22.308294, 114.164012 22.308029, 114.164023 22.307928, 114.164031 22.307801, 114.164035 22.307267, 114.16403 22.307059, 114.164023 22.306949, 114.164005 22.306767, 114.163949 22.306389, 114.163929 22.306184, 114.163922 22.306088, 114.163913 22.305861, 114.163926 22.305575, 114.163944 22.304952, 114.163935 22.30405, 114.163937 22.303779, 114.163948 22.303447)"
2259,1358,1356,4928401467,4928401462,0,1032597240;502342017;1032597247,連翔道 Lin Cheung Road,primary_link,True,207.21,1;2,,,,,,"LINESTRING (114.163896 22.308706, 114.163884 22.30857, 114.163884 22.308419, 114.163897 22.308295, 114.163947 22.307849, 114.163961 22.307242, 114.16399 22.307018, 114.16405 22.306857)"
2260,1358,1628,4928401467,9514050834,0,1032597244;1032597249;494472436;1032597241,連翔道 Lin Cheung Road,secondary,True,190.44200000000004,4;3,,,,,,"LINESTRING (114.163896 22.308706, 114.163966 22.308591, 114.164053 22.308425, 114.164074 22.308314, 114.164087 22.308242, 114.164108 22.308122, 114.164122 22.308004, 114.164136 22.30787, 114.164141 22.30773, 114.164148 22.307418, 114.164151 22.307244, 114.164133 22.307139, 114.164134 22.307036)"
2261,1359,1358,4928401468,4928401467,0,1032597246,連翔道 Lin Cheung Road,primary,True,11.497,4,,,,,,"LINESTRING (114.163869 22.308806, 114.163896 22.308706)"
2262,1360,1702,4945918763,13108582041,0,504427562;504427563;504427564;504427565;564207411;1460158741;1373358680;1373358681;1112652859;1112652860,中九龍繞道 Central Kowloon Bypass,trunk,True,4200.302000000001,4;5;3,80,6,,,yes,"LINESTRING (114.198986 22.321631, 114.198728 22.321316, 114.198524 22.321017, 114.19839 22.320772, 114.198274 22.32057, 114.198049 22.320154, 114.197923 22.31993, 114.197741 22.319638, 114.197531 22.319354, 114.197428 22.319237, 114.197281 22.319094, 114.197183 22.319007, 114.197041 22.318893, 114.196875 22.318777, 114.196715 22.318679, 114.196538 22.318584, 114.196347 22.318494, 114.196138 22.318412, 114.195946 22.318351, 114.195752 22.318297, 114.195546 22.318254, 114.195337 22.318218, 114.195146 22.318196, 114.194958 22.318186, 114.194775 22.318186, 114.194596 22.318192, 114.19443 22.318207, 114.194232 22.31823, 114.19394 22.31829, 114.193665 22.31836, 114.193354 22.318445, 114.192931 22.318587, 114.192363 22.318802, 114.19207 22.318905, 114.191766 22.319004, 114.191386 22.31911, 114.191134 22.31917, 114.190906 22.319218, 114.190531 22.31928, 114.190177 22.319322, 114.189722 22.319355, 114.189404 22.319365, 114.188842 22.319354, 114.188409 22.319319, 114.188029 22.319269, 114.187604 22.319194, 114.187214 22.319103, 114.186762 22.318974, 114.186392 22.318849, 114.185932 22.318662, 114.185529 22.318479, 114.185238 22.318316, 114.18495 22.318148, 114.184659 22.317958, 114.184282 22.317688, 114.184011 22.317471, 114.183787 22.317273, 114.183491 22.316991, 114.183176 22.31665, 114.182934 22.316359, 114.182228 22.315398, 114.181778 22.314842, 114.181513 22.31455, 114.181077 22.31411, 114.180562 22.313661, 114.180167 22.313349, 114.17963 22.312975, 114.179158 22.312678, 114.178778 22.312468, 114.178468 22.31231, 114.178112 22.312145, 114.177602 22.311929, 114.171263 22.309306, 114.171106 22.309245, 114.17099 22.309202, 114.170854 22.309153, 114.170735 22.309113, 114.170604 22.309075, 114.170478 22.309042, 114.170354 22.309016, 114.170181 22.308988, 114.170045 22.30897, 114.169872 22.308954, 114.169735 22.308949, 114.169494 22.308954, 114.169246 22.30897, 114.168998 22.308998, 114.168717 22.309044, 114.168461 22.309096, 114.168048 22.309204, 114.167808 22.309288, 114.167557 22.309389, 114.16736 22.309486, 114.167142 22.309616, 114.166946 22.309753, 114.166743 22.30991, 114.166462 22.31016, 114.16631 22.310297, 114.166115 22.310449, 114.165904 22.310563, 114.165723 22.310638, 114.16546 22.310716, 114.16525 22.31075, 114.165023 22.310789, 114.16479 22.310811, 114.164645 22.310814, 114.164357 22.310807)"
2263,1361,1488,4988113111,6564242088,0,710596161,機利士北路 Gillies Avenue North,tertiary,True,9.012,1,,,,,,"LINESTRING (114.187356 22.31222, 114.187334 22.312174, 114.18732 22.312146)"
2264,1361,490,4988113111,988059722,0,1206722410;85201035;913903244;1347774691,新柳街 San Lau Street,secondary,True,90.35199999999999,1;3;2,,,,,,"LINESTRING (114.187356 22.31222, 114.187305 22.312205, 114.18727 22.312195, 114.187212 22.312222, 114.18705 22.312297, 114.186932 22.31235, 114.186656 22.312474, 114.186617 22.312494, 114.186565 22.31252)"
2265,1362,43,5009737115,278950460,0,1160866946;901557030;901557031,柯士甸道西 Austin Road West,tertiary,True,86.51499999999999,2,,,,,,"LINESTRING (114.159472 22.302788, 114.159432 22.302783, 114.159396 22.302784, 114.159345 22.302793, 114.159297 22.302812, 114.159254 22.30284, 114.159224 22.302868, 114.159181 22.302938, 114.159167 22.303007, 114.159175 22.303077, 114.159205 22.303141, 114.159254 22.303194, 114.159314 22.30323, 114.159363 22.303246, 114.159415 22.303251)"
2266,1363,1429,5009737119,5333519678,0,1225003567;1225003566;41414959,雅翔道 Nga Cheung Road,secondary,True,280.605,2,,,,viaduct,,"LINESTRING (114.159427 22.303101, 114.159501 22.303183, 114.159705 22.303649, 114.159835 22.303959, 114.159881 22.304059, 114.160109 22.304568, 114.16017 22.304721, 114.160236 22.304908, 114.160284 22.305064, 114.160327 22.305221, 114.160377 22.305454)"
2267,1363,911,5009737119,1329857318,0,512350012,柯士甸道西 Austin Road West,secondary,True,12.766000000000002,2,,,,yes,,"LINESTRING (114.159427 22.303101, 114.159447 22.303103, 114.159468 22.303101, 114.159488 22.303096, 114.159507 22.303088, 114.159524 22.303077, 114.159538 22.303064)"
2268,1364,284,5022506823,440645694,0,1187954305;1187954306;1193775413;718766335,宋皇臺道 Sung Wong Toi Road,secondary,True,231.039,4;3,50,,,,,"LINESTRING (114.189792 22.324954, 114.189746 22.324786, 114.189745 22.324627, 114.189768 22.324527, 114.189814 22.324412, 114.189886 22.324295, 114.189964 22.324238, 114.190189 22.324131, 114.190366 22.324062, 114.190509 22.324024, 114.19065 22.324007, 114.190847 22.324012, 114.191201 22.324028, 114.191312 22.324031)"
2269,1365,504,5026755148,989119644,0,844368173;514553094,漆咸道北 Chatham Road North,trunk,True,22.958000000000002,5,50,5,,,,"LINESTRING (114.182931 22.308638, 114.182985 22.308674, 114.183116 22.308754)"
2270,1366,419,5026796433,675764014,0,1305278464;1305278473;85320702;85320710,加士居道天橋 Gascoigne Road Flyover,trunk_link,True,169.52400000000003,1,50,,,yes,,"LINESTRING (114.177027 22.306237, 114.176864 22.306252, 114.176372 22.306402, 114.175632 22.306627, 114.175526 22.306637, 114.175446 22.30664)"
2271,1366,1583,5026796433,7706752788,0,1305278472;514558697;818767485;452590573,加士居道天橋 Gascoigne Road Flyover,trunk,True,1013.7069999999999,1,50,5,,viaduct;yes,,"LINESTRING (114.177027 22.306237, 114.176894 22.306302, 114.176322 22.306483, 114.176143 22.306538, 114.175987 22.306582, 114.17588 22.306612, 114.175612 22.306693, 114.175216 22.306811, 114.174847 22.306912, 114.174533 22.307001, 114.174238 22.307098, 114.173943 22.307195, 114.173733 22.307264, 114.173483 22.30736, 114.173358 22.307409, 114.173241 22.307463, 114.173117 22.307527, 114.173006 22.307592, 114.172902 22.307651, 114.172799 22.307717, 114.172689 22.307795, 114.172571 22.307884, 114.172455 22.30798, 114.172361 22.308063, 114.172267 22.308154, 114.172178 22.308246, 114.17209 22.30835, 114.171815 22.308703, 114.171739 22.308792, 114.17167 22.308866, 114.171606 22.308922, 114.171537 22.30897, 114.171441 22.309023, 114.171343 22.309064, 114.17124 22.309093, 114.171137 22.309116, 114.171009 22.309143, 114.170862 22.309169, 114.170789 22.30918, 114.170712 22.309187, 114.170587 22.309197, 114.17046 22.309199, 114.170343 22.309196, 114.170219 22.309186, 114.170075 22.309168, 114.169684 22.309117, 114.169516 22.309099, 114.169417 22.309092, 114.169283 22.309086, 114.169147 22.309086, 114.169012 22.309094, 114.168884 22.309106, 114.168748 22.309129, 114.168585 22.309168, 114.168428 22.309215, 114.168325 22.309255, 114.16825 22.309289, 114.168173 22.309327)"
2272,1367,1549,5035159635,7112890483,0,101476149,渡船街 Ferry Street,trunk_link,True,35.875,2,,,,,,"LINESTRING (114.167212 22.309077, 114.167166 22.309114, 114.167116 22.309151, 114.167063 22.309213, 114.167003 22.309328)"
2273,1367,147,5035159635,332246273,0,1448405606;876114728;876114730;1067815830;101193784;1067546781,欣翔道 Yan Cheung Road;渡船街 Ferry Street,secondary,True,286.158,1,,,,,,"LINESTRING (114.167212 22.309077, 114.167316 22.309107, 114.167383 22.309138, 114.167419 22.309191, 114.167441 22.309236, 114.16744 22.309345, 114.167451 22.309447, 114.167458 22.309476, 114.167449 22.309631, 114.167342 22.310176, 114.167268 22.310412, 114.167149 22.310998, 114.167098 22.311254, 114.167077 22.311383, 114.167056 22.311489)"
2274,1368,192,5052279539,334651195,0,1234874708;1234874711;26379519,櫻桃街 Cherry Street,secondary,True,128.695,2;3,,,,,,"LINESTRING (114.156962 22.317449, 114.15706 22.317425, 114.15715 22.317423, 114.157259 22.31742, 114.15746 22.317422, 114.157833 22.317421, 114.158209 22.317416)"
2275,1368,908,5052279539,1295869666,0,672851552,,secondary,True,19.281,2,,,,,,"LINESTRING (114.156962 22.317449, 114.156983 22.317414, 114.156993 22.317386, 114.157 22.317337, 114.156992 22.317283)"
2276,1369,1425,5054337446,5137163580,0,784464000;784464001;784464004;784464007;784464008;25590133;518055286,柯士甸道西 Austin Road West,primary,True,280.24,5;4;3,,,,,yes,"LINESTRING (114.164531 22.302745, 114.16488 22.302777, 114.165244 22.302807, 114.165517 22.302831, 114.165997 22.302889, 114.166086 22.302898, 114.166251 22.302909, 114.166411 22.302921, 114.166694 22.302944, 114.16678 22.302951, 114.166873 22.30296, 114.166999 22.302972, 114.167048 22.302978, 114.167242 22.302988)"
2277,1370,970,5069518591,1634974112,0,780200332,喇沙利道 La Salle Road,tertiary,False,173.74699999999999,2,,,,,,"LINESTRING (114.182078 22.333932, 114.182015 22.333781, 114.181837 22.333361, 114.181764 22.333086, 114.18171 22.332734, 114.181689 22.332611, 114.181674 22.332425)"
2278,1372,730,5099453112,1172757415,0,101558254,加士居道 Gascoigne Road,secondary,True,11.698,1,,,,,,"LINESTRING (114.171271 22.308489, 114.171384 22.308499)"
2279,1372,2,5099453112,33004487,0,102506132,彌敦道 Nathan Road,primary,True,199.447,3,,,,,,"LINESTRING (114.171271 22.308489, 114.171244 22.308729, 114.17123 22.308852, 114.171214 22.308994, 114.171204 22.309087, 114.171186 22.309267, 114.171176 22.309363, 114.17115 22.309606, 114.171139 22.309716, 114.171111 22.310075, 114.171107 22.310133, 114.171101 22.310204, 114.171095 22.310275)"
2280,1373,1374,5101532172,5101532173,0,524185216,大埔道 Tai Po Road,primary,True,9.515,2,,,,,,"LINESTRING (114.165154 22.331363, 114.165211 22.331296)"
2281,1373,685,5101532172,1166348512,0,524185217;103422574;161049118,南昌街 Nam Cheong Street,secondary,True,86.611,2;4,,,,,,"LINESTRING (114.165154 22.331363, 114.165218 22.331405, 114.165258 22.331434, 114.165303 22.331455, 114.16533 22.331488, 114.1656 22.331797, 114.165613 22.331811, 114.165719 22.331932)"
2282,1374,779,5101532173,1181846013,0,524185215,南昌街 Nam Cheong Street,secondary,True,10.969,2,,,,,,"LINESTRING (114.165211 22.331296, 114.165193 22.331198)"
2283,1374,679,5101532173,1166348454,0,103372418,大埔道 Tai Po Road,primary,True,107.617,2,,,,,,"LINESTRING (114.165211 22.331296, 114.165541 22.330925, 114.165759 22.33068, 114.165783 22.330653, 114.16587 22.330544)"
2284,1375,1319,5101650401,4856411323,0,493765389,窩仔街 Woh Chai Street,secondary,True,108.56199999999998,2,,,,,,"LINESTRING (114.166587 22.332893, 114.16672 22.33279, 114.167328 22.3323, 114.167385 22.332254)"
2285,1377,1378,5101814997,5101814998,0,524220852,窩仔街 Woh Chai Street,secondary,False,8.984,2,,,,,,"LINESTRING (114.170323 22.331568, 114.17041 22.331563)"
2286,1377,1378,5101814997,5101814998,1,151355608;493767595;186761964;963535973,大坑東道 Tai Hang Tung Road,tertiary,True,276.82799999999986,2;1,,,,,,"LINESTRING (114.170323 22.331568, 114.170311 22.331602, 114.170308 22.331653, 114.170316 22.33172, 114.170322 22.331762, 114.170344 22.331902, 114.170361 22.331964, 114.170386 22.332032, 114.170416 22.332103, 114.170444 22.332155, 114.170473 22.332198, 114.170517 22.332247, 114.170576 22.332298, 114.170612 22.332321, 114.170658 22.332351, 114.170719 22.332386, 114.170865 22.332465, 114.171026 22.332542, 114.170993 22.332492, 114.170968 22.33246, 114.170937 22.332429, 114.170899 22.332403, 114.170817 22.332349, 114.170773 22.332323, 114.170708 22.332283, 114.170627 22.332229, 114.170583 22.332193, 114.170518 22.332113, 114.170495 22.332075, 114.170471 22.332023, 114.170455 22.331971, 114.170439 22.331892, 114.17042 22.331784, 114.170417 22.331763, 114.17041 22.331709, 114.17041 22.331563)"
2287,1377,1067,5101814997,1641766472,0,1010651604;1210074053,窩仔街 Woh Chai Street,secondary,False,160.883,2,,,,,,"LINESTRING (114.170323 22.331568, 114.170193 22.331568, 114.17017 22.331568, 114.16989 22.33157, 114.169768 22.331571, 114.169691 22.331572, 114.169289 22.331573, 114.169054 22.331575, 114.168938 22.331574, 114.168907 22.331574, 114.168759 22.331576)"
2288,1378,1377,5101814998,5101814997,0,524220852,窩仔街 Woh Chai Street,secondary,False,8.984,2,,,,,,"LINESTRING (114.17041 22.331563, 114.170323 22.331568)"
2289,1378,913,5101814998,1351008363,0,763388003;763388004;268928362;268928558;723119487,大坑東道 Tai Hang Tung Road,secondary,False,330.198,2;3,,,,,,"LINESTRING (114.17041 22.331563, 114.170477 22.331558, 114.170519 22.331553, 114.170556 22.33155, 114.170597 22.331544, 114.170713 22.331528, 114.170829 22.331501, 114.170937 22.331465, 114.171023 22.33143, 114.171094 22.331398, 114.171159 22.331366, 114.171224 22.331329, 114.171275 22.331294, 114.171316 22.331266, 114.171372 22.331216, 114.171481 22.331108, 114.171542 22.331038, 114.171602 22.330968, 114.17163 22.33093, 114.171691 22.330847, 114.1717 22.330835, 114.171869 22.33058, 114.171978 22.330368, 114.172055 22.330111, 114.172062 22.329953, 114.172088 22.329407)"
2290,1379,691,5102113130,1168183637,0,101183515;258641835;246484047;524255879,洗衣街 Sai Yee Street;旺角道 Mong Kok Road,secondary,True,179.76800000000003,2,,,,,,"LINESTRING (114.171636 22.319688, 114.171619 22.319747, 114.171602 22.319784, 114.171583 22.319838, 114.171564 22.319926, 114.171414 22.320663, 114.171367 22.32089, 114.171356 22.320943, 114.171346 22.320994, 114.171305 22.321173, 114.171284 22.32127)"
2291,1379,454,5102113130,804107264,0,856316231;856316232;101183532;1082715278;922285686,亞皆老街 Argyle Street,primary,True,173.719,4,,,,,,"LINESTRING (114.171636 22.319688, 114.171514 22.319666, 114.171086 22.31959, 114.170903 22.319559, 114.170893 22.319557, 114.170805 22.319541, 114.170754 22.319532, 114.170682 22.319519, 114.170668 22.319516, 114.170526 22.319492, 114.170393 22.319467, 114.170246 22.319443, 114.170226 22.319439, 114.170114 22.31942, 114.169977 22.319394)"
2292,1380,447,5102138240,804106917,0,524258515,培正道 Pui Ching Road,secondary,True,13.707,2,,,,,,"LINESTRING (114.175438 22.318609, 114.175548 22.31854)"
2293,1380,616,5102138240,1152660823,0,249537819,窩打老道 Waterloo Road,primary,True,259.54400000000004,3,,,,,,"LINESTRING (114.175438 22.318609, 114.175614 22.31885, 114.175698 22.31896, 114.17577 22.31905, 114.175786 22.319071, 114.17583 22.31913, 114.175874 22.319183, 114.176148 22.319551, 114.17617 22.31958, 114.176192 22.319609, 114.176226 22.319655, 114.176268 22.319711, 114.176366 22.319843, 114.176561 22.320104, 114.176707 22.320294, 114.176738 22.320334, 114.176894 22.320515)"
2294,1381,413,5102154185,675264429,0,150771618,民豐徑 Man Fung Path,primary_link,True,9.912,,50,,,,,"LINESTRING (114.177796 22.317711, 114.177832 22.317793)"
2295,1381,448,5102154185,804106924,0,1251873249;888280034;888280035;53410825,培正道 Pui Ching Road,secondary,True,255.06199999999998,4;3,50,,,,,"LINESTRING (114.177796 22.317711, 114.177723 22.317741, 114.177705 22.317748, 114.177685 22.317756, 114.177663 22.317766, 114.177646 22.317773, 114.17763 22.317779, 114.17762 22.317784, 114.177568 22.317805, 114.177464 22.317848, 114.177204 22.317908, 114.176994 22.317917, 114.176764 22.317927, 114.176589 22.317954, 114.176478 22.317984, 114.176256 22.318094, 114.175982 22.31823, 114.175656 22.31839, 114.175611 22.318413, 114.175495 22.31847)"
2296,1382,1143,5102189141,1651827828,0,524264762,馬頭圍道 Ma Tau Wai Road,primary,True,4.682,3,,,,,,"LINESTRING (114.187513 22.320025, 114.187512 22.320067)"
2297,1382,1383,5102189141,5102189142,0,524264764,馬坑涌道 Ma Hang Chung Road,tertiary,True,7.67,,,,,,,"LINESTRING (114.187513 22.320025, 114.187439 22.320032)"
2298,1383,1143,5102189142,1651827828,0,106034064,天光道 Tin Kwong Road,tertiary,True,8.519,2,,,,,,"LINESTRING (114.187439 22.320032, 114.187512 22.320067)"
2299,1383,893,5102189142,1220978664,0,1213951273;197981078,天光道 Tin Kwong Road,tertiary,False,57.98500000000001,4,,,,,,"LINESTRING (114.187439 22.320032, 114.187399 22.320026, 114.187342 22.320025, 114.18723 22.320023, 114.186897 22.320017, 114.186875 22.320016)"
2300,1384,1052,5103577570,1640472922,0,524437195,深旺道 Sham Mong Road,secondary,True,12.168,3,,,,,,"LINESTRING (114.158059 22.324418, 114.157963 22.324483)"
2301,1385,689,5103661126,1168066118,0,102368466;1200967501;688998639,塘尾道 Tong Mi Road,primary,True,152.848,3,,,,,,"LINESTRING (114.165896 22.320177, 114.165926 22.320039, 114.165937 22.319982, 114.166019 22.319587, 114.166112 22.31912, 114.166137 22.319004, 114.166157 22.318918, 114.166174 22.318827)"
2302,1386,1387,5103929473,5103929474,0,524481547,柯士甸道 Austin Road,secondary,True,8.424,2,,,,,,"LINESTRING (114.171733 22.303269, 114.171815 22.303275)"
2303,1386,953,5103929473,1625209874,0,102833832,彌敦道 Nathan Road,secondary,True,222.92900000000003,2,,,,,,"LINESTRING (114.171733 22.303269, 114.171726 22.303397, 114.171702 22.303736, 114.171693 22.303861, 114.171688 22.303933, 114.171678 22.304045, 114.171667 22.304157, 114.171658 22.304264, 114.171644 22.30441, 114.171626 22.304631, 114.171621 22.304692, 114.171614 22.304775, 114.171595 22.305001, 114.171591 22.305055, 114.171577 22.305268)"
2304,1387,825,5103929474,1185808518,0,524481546,彌敦道 Nathan Road,secondary,True,8.644,2,,,,,,"LINESTRING (114.171815 22.303275, 114.171821 22.303198)"
2305,1387,1388,5103929474,5103929475,0,524481548,柯士甸道 Austin Road,secondary,True,10.788,1,,,,,,"LINESTRING (114.171815 22.303275, 114.171916 22.303252)"
2306,1388,825,5103929475,1185808518,0,102833834,柯士甸道 Austin Road,secondary,True,11.532,2,,,,,,"LINESTRING (114.171916 22.303252, 114.171821 22.303198)"
2307,1388,949,5103929475,1625209833,0,524481549,柯士甸道 Austin Road,secondary,False,160.482,4,,,,,,"LINESTRING (114.171916 22.303252, 114.171921 22.303253, 114.171989 22.303258, 114.172172 22.303277, 114.172461 22.303295, 114.173472 22.303354)"
2308,1389,309,5103971487,485659486,0,524488728,加士居道 Gascoigne Road,primary,True,8.525,3,50,,,,,"LINESTRING (114.174282 22.307229, 114.174359 22.307202)"
2309,1389,1538,5103971487,6778000698,0,524488731,伊利沙伯醫院路 Queen Elizabeth Hospital Road,residential,True,20.482,1,,,,,,"LINESTRING (114.174282 22.307229, 114.174324 22.307313, 114.174348 22.307402)"
2310,1390,1389,5103971488,5103971487,0,524488729,佐敦道 Jordan Road,primary,True,21.546,3,,,,,,"LINESTRING (114.174181 22.307059, 114.174282 22.307229)"
2311,1390,820,5103971488,1185808493,0,951593233,加士居道 Gascoigne Road,primary,True,23.777,3,,,,,,"LINESTRING (114.174181 22.307059, 114.174142 22.307076, 114.1741 22.307095, 114.173966 22.307138)"
2312,1391,1276,5103971489,3978935775,0,102674695,伊利沙伯醫院路 Queen Elizabeth Hospital Road,primary_link,True,34.469,1,,,,,,"LINESTRING (114.174436 22.307432, 114.174451 22.307392, 114.174488 22.307303, 114.174502 22.30727, 114.174527 22.307227, 114.174571 22.307149)"
2313,1391,309,5103971489,485659486,0,524488730,伊利沙伯醫院路 Queen Elizabeth Hospital Road,residential,True,26.791,2,,,,,,"LINESTRING (114.174436 22.307432, 114.174399 22.307294, 114.174359 22.307202)"
2314,1392,1538,5103971497,6778000698,0,102674680;1305278461,伊利沙伯醫院路 Queen Elizabeth Hospital Road,primary_link,True,37.467,1,,,,,,"LINESTRING (114.174008 22.307317, 114.174123 22.307313, 114.174183 22.307321, 114.174229 22.307336, 114.17427 22.30735, 114.174294 22.307364, 114.174318 22.307381, 114.174348 22.307402)"
2315,1392,1389,5103971497,5103971487,0,951593240;1305278462,加士居道 Gascoigne Road,primary,True,29.809000000000005,3,50,,,,,"LINESTRING (114.174008 22.307317, 114.174168 22.307265, 114.174217 22.307249, 114.174282 22.307229)"
2316,1393,1212,5104093639,2209285896,0,1207333511,暢運道 Cheong Wan Road,secondary,True,4.082,3,,,,,,"LINESTRING (114.177118 22.302939, 114.177086 22.30296)"
2317,1393,1394,5104093639,5104093645,0,210899459,,secondary_link,True,15.240000000000002,2,,,,,,"LINESTRING (114.177118 22.302939, 114.177168 22.30296, 114.177194 22.302969, 114.177215 22.302975, 114.177234 22.30298, 114.177257 22.302982)"
2318,1394,520,5104093645,990120213,0,524504184,漆咸道南 Chatham Road South,secondary,True,11.033,3,,,,,,"LINESTRING (114.177257 22.302982, 114.177198 22.302899)"
2319,1394,1210,5104093645,2208339296,0,1095134870,暢運道 Cheong Wan Road,secondary,True,30.008000000000003,2,,,,,,"LINESTRING (114.177257 22.302982, 114.177364 22.302932, 114.17741 22.302911, 114.177523 22.302872)"
2320,1395,1394,5104093646,5104093645,0,524504187,暢運道 Cheong Wan Road,secondary,True,9.88,2,,,,,,"LINESTRING (114.177175 22.303028, 114.177257 22.302982)"
2321,1395,1212,5104093646,2209285896,0,524504185,,secondary_link,True,11.835,2,,,,,,"LINESTRING (114.177175 22.303028, 114.177155 22.303013, 114.177133 22.302996, 114.177116 22.302983, 114.177086 22.30296)"
2322,1396,1395,5104093647,5104093646,0,524504188,暢運道 Cheong Wan Road,secondary,True,11.622,2,,,,,,"LINESTRING (114.177071 22.303069, 114.177175 22.303028)"
2323,1396,421,5104093647,675764061,0,53470408,漆咸道南 Chatham Road South,secondary,True,127.95600000000002,3,50,,,,,"LINESTRING (114.177071 22.303069, 114.177128 22.303134, 114.177155 22.303163, 114.17719 22.303195, 114.177228 22.303229, 114.17725 22.30325, 114.177583 22.303555, 114.177763 22.303728, 114.177936 22.303896)"
2324,1397,840,5104093648,1187522454,0,103020609;991044313,柯士甸道 Austin Road,secondary,False,339.327,4,,,,,,"LINESTRING (114.176813 22.303107, 114.17636 22.303296, 114.176181 22.303362, 114.176066 22.303396, 114.175948 22.303419, 114.175813 22.303421, 114.175629 22.30341, 114.175512 22.303406, 114.174728 22.30338, 114.174653 22.303378, 114.174585 22.303376, 114.173582 22.303357)"
2325,1397,1396,5104093648,5104093647,0,1191426936;524504190,柯士甸道 Austin Road,secondary,True,27.096,2,,,,,,"LINESTRING (114.176813 22.303107, 114.176889 22.30311, 114.176936 22.3031, 114.177071 22.303069)"
2326,1398,528,5104128046,990120382,0,1166188783,紅磡南道 Hung Hom South Road,tertiary,True,24.287,1,,,,,,"LINESTRING (114.186155 22.304718, 114.18627 22.304527)"
2327,1398,503,5104128046,989119615,0,451815592,紅磡南道 Hung Hom South Road,primary_link,True,176.11100000000002,1,50,,,,,"LINESTRING (114.186155 22.304718, 114.186273 22.304641, 114.186689 22.3043, 114.186892 22.304145, 114.187075 22.304013, 114.187122 22.303983, 114.187168 22.303962, 114.187216 22.303949, 114.187267 22.303941, 114.187319 22.30394, 114.187412 22.303942, 114.187568 22.303979)"
2328,1399,45,5104147159,278951217,0,524508455,,primary,True,11.916,2,50,,,yes,,"LINESTRING (114.160647 22.307581, 114.160684 22.307683)"
2329,1400,280,5104169313,420041599,0,35928374,匯翔道 Wui Cheung Road,secondary,True,11.36,3,,,,,,"LINESTRING (114.167543 22.304849, 114.167449 22.304795)"
2330,1400,837,5104169313,1187353069,0,40744449;1215181722;244581287,廣東道 Canton Road,primary,True,211.72899999999998,4;5;3,,,,,,"LINESTRING (114.167543 22.304849, 114.167634 22.304714, 114.167702 22.30458, 114.167771 22.30437, 114.167845 22.304139, 114.167868 22.304067, 114.167901 22.303946, 114.167938 22.303817, 114.16795 22.303752, 114.167953 22.303701, 114.167963 22.303633, 114.167988 22.303539, 114.168026 22.303386, 114.168083 22.303185, 114.168117 22.303032)"
2331,1401,1367,5104193282,5035159635,0,1170456957,渡船街 Ferry Street,trunk_link,True,11.948,2,,,,,,"LINESTRING (114.167316 22.30903, 114.167212 22.309077)"
2332,1401,144,5104193282,332245892,0,255231154;255230751,欣翔道 Yan Cheung Road,secondary,True,93.42200000000003,2;3,,,,,,"LINESTRING (114.167316 22.30903, 114.16724 22.308996, 114.167118 22.308942, 114.167068 22.308925, 114.166963 22.308896, 114.166799 22.308856, 114.166613 22.308835, 114.1665 22.30883, 114.166445 22.30883)"
2333,1403,10,5118471617,33476501,0,102674684,文匯街 Man Wui Street,residential,True,106.249,1,,,,,,"LINESTRING (114.166157 22.306817, 114.16615 22.306768, 114.166156 22.306748, 114.166161 22.306732, 114.166194 22.306705, 114.167017 22.306515, 114.167062 22.306504)"
2334,1403,1403,5118471617,5118471617,0,102674684;102674722;282735516,文匯街 Man Wui Street,residential,True,136.167,1,,,,,,"LINESTRING (114.166157 22.306817, 114.16604 22.306807, 114.165951 22.306807, 114.165864 22.306819, 114.165668 22.306866, 114.165624 22.306886, 114.165592 22.306918, 114.16558 22.306953, 114.165587 22.306972, 114.165602 22.306979, 114.166012 22.306882, 114.166174 22.306878, 114.166157 22.306817)"
2335,1404,287,5120436693,441535160,0,1120037549;469977999,梳士巴利道 Salisbury Road,primary,True,46.85,5,50,,,,,"LINESTRING (114.179067 22.298078, 114.17893 22.297957, 114.178738 22.297787)"
2336,1405,736,5120436700,1172757772,0,1120037544;28379307;1207333541;1120037543,紅磡繞道 Hung Hom Bypass,primary_link,True,364.131,1;3,50,,,yes,,"LINESTRING (114.182232 22.299558, 114.182348 22.299619, 114.182453 22.299673, 114.182556 22.299725, 114.182788 22.299849, 114.182853 22.299888, 114.182921 22.299927, 114.182985 22.299963, 114.183047 22.299996, 114.183108 22.30003, 114.183171 22.300065, 114.183236 22.300103, 114.183301 22.300145, 114.183369 22.300188, 114.18343 22.300231, 114.183494 22.300276, 114.18356 22.300326, 114.183592 22.300354, 114.183627 22.300385, 114.18367 22.300427, 114.18372 22.300478, 114.183754 22.300518, 114.18381 22.300589, 114.183851 22.300649, 114.183884 22.300703, 114.183929 22.300783, 114.183956 22.30084, 114.18398 22.3009, 114.184013 22.300983, 114.184033 22.301049, 114.184052 22.301131, 114.184068 22.301214, 114.18408 22.301298, 114.18409 22.301384, 114.184089 22.301522, 114.184085 22.301718, 114.184067 22.30201)"
2337,1405,1697,5120436700,12820434399,0,1120037545;1120037546;1120037547;1384347581,紅磡繞道 Hung Hom Bypass,primary,True,520.0849999999999,2,70,,,viaduct;yes,,"LINESTRING (114.182232 22.299558, 114.182366 22.299592, 114.182482 22.29963, 114.182587 22.299674, 114.182832 22.299785, 114.18291 22.29982, 114.182975 22.299854, 114.183032 22.299884, 114.183142 22.299937, 114.183306 22.300022, 114.18343 22.300089, 114.183648 22.300195, 114.183818 22.30028, 114.184195 22.300479, 114.184504 22.300642, 114.184645 22.300716, 114.184774 22.300792, 114.18493 22.300887, 114.185049 22.300965, 114.18517 22.301053, 114.185291 22.301147, 114.185511 22.301326, 114.185645 22.301446, 114.185783 22.301581, 114.185909 22.301715, 114.185972 22.301792, 114.186233 22.302177, 114.186268 22.302229)"
2338,1406,288,5120436719,441535164,0,1119856130;757840165;757840166;1119856143;1120037583;1120037598;1120037599,梳士巴利道 Salisbury Road,primary,True,195.947,1;3;2,50,,,,,"LINESTRING (114.177149 22.296548, 114.176971 22.296337, 114.176873 22.296228, 114.176812 22.296173, 114.176596 22.295987, 114.176222 22.295694, 114.176176 22.295664, 114.176058 22.295586, 114.175926 22.295498, 114.175877 22.295467, 114.175733 22.295387)"
2339,1406,642,5120436719,1158360123,0,37664801;37664805;1119856137;1119856138;1119856170;1381619196;1381619197;37664799,梳士巴利道 Salisbury Road;梳士巴利道隧道 Salisbury Road Underpass,primary_link,True,456.9920000000001,2;1,50,,,,yes,"LINESTRING (114.177149 22.296548, 114.176994 22.296421, 114.17676 22.296224, 114.176613 22.296104, 114.176455 22.295978, 114.176337 22.295888, 114.176224 22.295806, 114.175993 22.29565, 114.175768 22.295515, 114.175379 22.295309, 114.175102 22.295183, 114.174624 22.294998, 114.174329 22.294911, 114.174068 22.294847, 114.173838 22.29482, 114.173667 22.294796, 114.173574 22.294784, 114.173466 22.294769, 114.173331 22.2947, 114.173292 22.294679)"
2340,1407,1408,5120437766,5120437769,0,1119856142;1120037589;1120037590;1120037591;441796537;1120037595;1120037596;759774590,梳士巴利道 Salisbury Road,secondary,True,124.995,2;4;3,50,,,,,"LINESTRING (114.175792 22.29577, 114.175903 22.295833, 114.175999 22.295886, 114.176105 22.295947, 114.176295 22.29607, 114.176443 22.296175, 114.176502 22.29622, 114.176555 22.296262, 114.176684 22.296358, 114.1768 22.296375)"
2341,1408,6,5120437769,33004677,0,1119856129;1120037560;1120037561;244583098;1119856126;1119856127,梳士巴利道 Salisbury Road,primary,True,228.09199999999998,4;5,50,,,,,"LINESTRING (114.1768 22.296375, 114.176874 22.296442, 114.176948 22.296504, 114.176987 22.296536, 114.177014 22.29656, 114.177785 22.297218, 114.177964 22.297388, 114.178366 22.297719, 114.178399 22.297743, 114.178427 22.297768)"
2342,1409,933,5123029554,1624950047,0,102674700,渡船街 Ferry Street,primary,True,36.417,3,,,,,,"LINESTRING (114.167282 22.307322, 114.167366 22.30764)"
2343,1410,1409,5123029555,5123029554,0,526903766,文苑街 Man Yuen Street,residential,True,98.449,1,,,,,,"LINESTRING (114.166354 22.307534, 114.166413 22.307521, 114.167232 22.307333, 114.167282 22.307322)"
2344,1410,1411,5123029555,5123029556,0,526903767,文苑街 Man Yuen Street,residential,True,98.361,1,,,,,,"LINESTRING (114.166354 22.307534, 114.166296 22.307547, 114.165468 22.307737, 114.165426 22.307747)"
2345,1412,1261,5131739783,3334802082,0,326806355,,tertiary,True,13.627,1,,,,yes,,"LINESTRING (114.161334 22.307462, 114.161364 22.307343)"
2346,1412,809,5131739783,1185400522,0,102640408;1387278560;527958277;1206872682,佐敦道 Jordan Road,primary,True,180.228,2,,,,yes,,"LINESTRING (114.161334 22.307462, 114.161588 22.307377, 114.161671 22.307349, 114.161817 22.3073, 114.162135 22.307194, 114.162223 22.307164, 114.162687 22.307004, 114.162753 22.306981, 114.162991 22.306951)"
2347,1413,687,5133880779,1168066104,0,101176352,塘尾道 Tong Mi Road,primary_link,True,53.917,1,,,,,,"LINESTRING (114.166511 22.318787, 114.166398 22.318656, 114.166367 22.318624, 114.166342 22.318589, 114.166327 22.318557, 114.166312 22.318523, 114.166302 22.31849, 114.166295 22.318456, 114.166286 22.318364)"
2348,1413,140,5133880779,332243003,0,641655936,亞皆老街 Argyle Street,primary,True,32.983000000000004,4,,,,,,"LINESTRING (114.166511 22.318787, 114.166274 22.318743, 114.166257 22.318741, 114.166197 22.318727)"
2349,1414,478,5135640272,988059536,0,85200929,譚公道 Tam Kung Road,tertiary,True,15.646,2,,,,,,"LINESTRING (114.187964 22.321589, 114.187923 22.321453)"
2350,1414,1519,5135640272,6705233503,0,85320820,譚公道 Tam Kung Road,tertiary,False,115.12400000000001,3,,,,,,"LINESTRING (114.187964 22.321589, 114.187988 22.321638, 114.188086 22.321834, 114.188114 22.321889, 114.188407 22.322479, 114.188432 22.322529)"
2351,1415,1520,5135751883,6705233518,0,996259373;44810894,界限街 Boundary Street,primary,True,125.81299999999999,4,,,,,,"LINESTRING (114.175052 22.326768, 114.175154 22.326806, 114.175249 22.32683, 114.175307 22.32684, 114.17537 22.326845, 114.176035 22.326873, 114.176127 22.326876, 114.176261 22.326882)"
2352,1416,1419,5137162805,5137162816,0,1395984613;859737030;613461447;637229736;859737013;118200445,柯士甸道西 Austin Road West,secondary,True,237.757,3,,,,,yes,"LINESTRING (114.163914 22.302567, 114.163811 22.302568, 114.163666 22.302564, 114.163148 22.302551, 114.162186 22.302528, 114.161658 22.302528, 114.161604 22.302528)"
2353,1417,1449,5137162811,5805784085,0,528677142,柯士甸道西 Austin Road West,secondary,True,10.291,,,,,,,"LINESTRING (114.163808 22.302678, 114.163907 22.302683)"
2354,1417,1591,5137162811,8013614911,0,528677153;637229733;1032597232;807722994;621378933;859737014;859737020;859737021,連翔道 Lin Cheung Road,secondary,True,370.906,2;4,,,,,yes,"LINESTRING (114.163808 22.302678, 114.163802 22.302866, 114.163754 22.303785, 114.163764 22.304536, 114.16376 22.304801, 114.163754 22.304917, 114.163752 22.304937, 114.163749 22.304999, 114.163677 22.305453, 114.163699 22.305851, 114.163711 22.306007)"
2355,1418,1417,5137162815,5137162811,0,1032597218;859737029;528677139;859737012;1395984605;1190890751,柯士甸道西 Austin Road West,secondary,True,248.66099999999997,4;3,,,,,yes,"LINESTRING (114.161391 22.302632, 114.161599 22.302638, 114.161659 22.30264, 114.162174 22.302649, 114.16259 22.302653, 114.163147 22.302665, 114.163627 22.302675, 114.163751 22.302677, 114.163808 22.302678)"
2356,1419,1362,5137162816,5009737115,0,528677144;39565338;1395984611;1395984612,柯士甸道西 Austin Road West,secondary_link;tertiary,True,234.155,1;2,,,,,,"LINESTRING (114.161604 22.302528, 114.161518 22.302501, 114.161312 22.302425, 114.161274 22.302422, 114.161211 22.302417, 114.161096 22.302408, 114.160862 22.302392, 114.160619 22.302388, 114.160548 22.302389, 114.160434 22.30239, 114.160315 22.302398, 114.16014 22.302422, 114.159964 22.302468, 114.159744 22.302577, 114.15962 22.302675, 114.159558 22.302725, 114.159472 22.302788)"
2357,1419,48,5137162816,278951704,0,1395984608;1032597216;1032597217;1032597215;1032597214;512350015,柯士甸道西 Austin Road West,secondary,True,231.848,2;3,,,,yes,,"LINESTRING (114.161604 22.302528, 114.161516 22.302523, 114.161412 22.302516, 114.161368 22.302514, 114.161311 22.30251, 114.161268 22.302507, 114.161204 22.302503, 114.16109 22.302496, 114.160948 22.30249, 114.160772 22.30249, 114.160612 22.302491, 114.160407 22.302505, 114.160242 22.302528, 114.160106 22.302554, 114.15997 22.302596, 114.159795 22.302674, 114.159681 22.302736, 114.159486 22.30286, 114.15945 22.302881)"
2358,1420,1449,5137162820,5805784085,0,859737015;759774591,連翔道 Lin Cheung Road,secondary,True,37.759,,,,,,yes,"LINESTRING (114.163896 22.303022, 114.163902 22.302836, 114.163906 22.302732, 114.163907 22.302683)"
2359,1421,1369,5137163548,5054337446,0,702302218;647970877,連翔道地下行車道 Lin Cheung Road underpass,primary,True,71.83099999999999,2,,,,,yes,"LINESTRING (114.164034 22.303166, 114.164091 22.303056, 114.164153 22.302964, 114.164277 22.302866, 114.164394 22.302805, 114.164531 22.302745)"
2360,1422,1423,5137163564,5137163566,0,374422176,佐敦道 Jordan Road,primary,True,30.951,4,,,,,,"LINESTRING (114.16405 22.306476, 114.163762 22.306555)"
2361,1422,1563,5137163564,7553343509,0,528677152;621378930,連翔道 Lin Cheung Road,secondary,True,30.543,4,,,,,,"LINESTRING (114.16405 22.306476, 114.164054 22.306413, 114.164053 22.306395, 114.164062 22.306201)"
2362,1423,811,5137163566,1185400551,0,807722988,,primary,True,15.984,3,,,,,,"LINESTRING (114.163762 22.306555, 114.16378 22.306698)"
2363,1423,1626,5137163566,9514046711,0,1032597224,佐敦道 Jordan Road,primary,True,8.376,3,,,,,,"LINESTRING (114.163762 22.306555, 114.163683 22.306575)"
2364,1424,1420,5137163569,5137162820,0,637838043,連翔道地下行車道 Lin Cheung Road underpass,primary_link,True,47.491,1,50,,,,yes,"LINESTRING (114.163948 22.303447, 114.163896 22.303022)"
2365,1424,1421,5137163569,5137163548,0,702302219,連翔道地下行車道 Lin Cheung Road underpass,primary,True,32.473,1,,,,,yes,"LINESTRING (114.163948 22.303447, 114.163982 22.303307, 114.164034 22.303166)"
2366,1425,7,5137163580,33476495,0,784464009;784464002;621378919,柯士甸道西 Austin Road West,primary,True,73.645,5;3,,,,,,"LINESTRING (114.167242 22.302988, 114.16736 22.302992, 114.167421 22.302994, 114.1675 22.302998, 114.167779 22.303018, 114.167879 22.30302, 114.167936 22.303023, 114.167957 22.303023)"
2367,1426,876,5271293472,1210796370,0,1382980370;105025222;1382980374,暢運道 Cheong Wan Road,tertiary,True,18.220999999999997,1,,,,viaduct,,"LINESTRING (114.182052 22.30422, 114.182083 22.30419, 114.182109 22.30416, 114.182137 22.304132, 114.182173 22.304101)"
2368,1426,1696,5271293472,12804082708,0,1382980381,暢運道 Cheong Wan Road,tertiary,False,153.909,2,,,,yes,,"LINESTRING (114.182052 22.30422, 114.182055 22.304286, 114.182062 22.304432, 114.182073 22.304534, 114.182105 22.30462, 114.182156 22.304727, 114.182171 22.304748, 114.182221 22.30481, 114.182258 22.304851, 114.18234 22.30492, 114.182423 22.304978, 114.18251 22.305016, 114.182579 22.30504, 114.182687 22.305072, 114.182796 22.305106, 114.182906 22.3052)"
2369,1427,1480,5275215754,6374552943,0,996080258;680766726,大坑東道 Tai Hang Tung Road,secondary,True,30.231,3,,,,,,"LINESTRING (114.172133 22.327591, 114.172173 22.327472, 114.172174 22.327448, 114.172176 22.327398, 114.17218 22.327325)"
2370,1427,1622,5275215754,9199524788,0,268931177;996259419;996080259,大坑東道 Tai Hang Tung Road,secondary,False,82.56500000000001,4;2,,,,,,"LINESTRING (114.172133 22.327591, 114.172134 22.327695, 114.172132 22.32775, 114.172131 22.327896, 114.17213 22.327941, 114.172131 22.328018, 114.172129 22.328102, 114.172125 22.328242, 114.172117 22.328333)"
2371,1428,200,5299116276,339051674,0,447864651,連翔道 Lin Cheung Road,primary,True,48.159,4,50,,,,,"LINESTRING (114.163658 22.308787, 114.163624 22.308929, 114.163537 22.309147, 114.163508 22.309196)"
2372,1429,1608,5333519678,8739539401,0,1195057117;901557025;552415708;552415709,,trunk_link,True,292.98499999999996,1,,,,yes,,"LINESTRING (114.160377 22.305454, 114.160375 22.305535, 114.160369 22.305587, 114.160356 22.305638, 114.16033 22.305683, 114.1603 22.305718, 114.160262 22.305745, 114.160223 22.305761, 114.160185 22.305765, 114.160145 22.30576, 114.160104 22.305744, 114.160069 22.305719, 114.160043 22.30569, 114.160022 22.30566, 114.159956 22.305525, 114.159916 22.305451, 114.1598 22.305252, 114.159291 22.304468, 114.15904 22.304086, 114.158973 22.303872)"
2373,1429,319,5333519678,506470908,0,901557028,雅翔道 Nga Cheung Road,secondary,True,232.928,2,,,,viaduct,,"LINESTRING (114.160377 22.305454, 114.160402 22.305574, 114.160428 22.305685, 114.160464 22.305814, 114.160492 22.305904, 114.160522 22.305994, 114.160555 22.306083, 114.160596 22.306182, 114.160648 22.306303, 114.16111 22.307292, 114.161159 22.307414)"
2374,1430,1713,5333519683,13380795774,0,1196816180;1196816181;151226335,油麻地交匯處 Yau Ma Tei Interchange,motorway_link,True,132.312,1,,,,,,"LINESTRING (114.162069 22.312516, 114.162165 22.312325, 114.162226 22.312206, 114.162356 22.311946, 114.162422 22.311828, 114.162488 22.311722, 114.162521 22.311661, 114.162679 22.311473)"
2375,1430,1431,5333519683,5333519688,0,1196816177;552415710;1196816183,雅翔道 Nga Cheung Road,motorway_link,True,207.992,1,,,,,,"LINESTRING (114.162069 22.312516, 114.16206 22.312323, 114.162058 22.312218, 114.162049 22.312011, 114.162044 22.311896, 114.162042 22.311727, 114.162039 22.311643, 114.162041 22.311555, 114.162046 22.311474, 114.162059 22.311379, 114.162108 22.311019, 114.162134 22.31065)"
2376,1431,203,5333519688,339053521,0,1196816176;282735525,雅翔道 Nga Cheung Road,primary,True,196.01,2,,,,,,"LINESTRING (114.162134 22.31065, 114.162171 22.310481, 114.162206 22.310274, 114.162228 22.310104, 114.162239 22.309966, 114.162248 22.309752, 114.162211 22.309493, 114.162086 22.309074, 114.162027 22.308922)"
2377,1433,1245,5333606589,2873992835,0,986865823,世運道 Olympic Avenue,secondary,True,51.476,2,,,,,,"LINESTRING (114.19652 22.331345, 114.196701 22.331393, 114.196781 22.331416, 114.196842 22.331439, 114.196906 22.33147, 114.196984 22.331512)"
2378,1434,1365,5390102149,5026755148,0,1396579473;262895307;1375524076;723795990,漆咸道北 Chatham Road North,trunk,True,90.19999999999999,4,50,5,,,,"LINESTRING (114.182196 22.3082, 114.18249 22.308353, 114.182689 22.308468, 114.182789 22.308528, 114.182816 22.308551, 114.182931 22.308638)"
2379,1435,1360,5416484561,4945918763,0,1453812853,中九龍繞道 Central Kowloon Bypass,trunk,True,67.633,3,80,6,,,,"LINESTRING (114.199459 22.322054, 114.199384 22.321993, 114.199306 22.321921, 114.199175 22.321802, 114.198986 22.321631)"
2380,1436,1437,5436700698,5436700706,0,1460155165;1419423943,中九龍繞道 Central Kowloon Bypass,trunk,True,119.91300000000001,3,50,6,,,,"LINESTRING (114.163385 22.311748, 114.163549 22.311643, 114.16368 22.311564, 114.163816 22.311484, 114.163958 22.311407, 114.164099 22.311337, 114.164394 22.311211)"
2381,1437,1432,5436700706,5333551835,0,504423494;504427560;504423497;504423499;1373358682;1112649461;1373358679;1460158742;1112652858;1112652861,中九龍繞道 Central Kowloon Bypass,trunk,True,4271.485999999999,4;3,80,6,,,yes,"LINESTRING (114.164394 22.311211, 114.164495 22.311153, 114.164586 22.311115, 114.164703 22.311075, 114.164823 22.311045, 114.165045 22.310996, 114.165199 22.310962, 114.165275 22.310945, 114.16545 22.310888, 114.165554 22.310855, 114.16563 22.310836, 114.165764 22.31078, 114.165951 22.3107, 114.166164 22.310594, 114.166385 22.31046, 114.166602 22.310311, 114.167014 22.309973, 114.167176 22.30985, 114.167362 22.309722, 114.16754 22.309618, 114.16776 22.309507, 114.167976 22.30942, 114.168165 22.309353, 114.168525 22.309253, 114.168784 22.309201, 114.168997 22.309167, 114.169214 22.30915, 114.169463 22.309146, 114.169737 22.309164, 114.170084 22.30922, 114.170323 22.309278, 114.170595 22.309364, 114.170892 22.309474, 114.172077 22.309966, 114.177326 22.312138, 114.177815 22.312341, 114.178052 22.312449, 114.178336 22.312586, 114.178638 22.312742, 114.178964 22.312925, 114.179403 22.313197, 114.179744 22.313428, 114.179931 22.313564, 114.180172 22.313747, 114.180347 22.313889, 114.180594 22.314098, 114.180796 22.31428, 114.180967 22.314441, 114.181156 22.31463, 114.181353 22.314837, 114.181595 22.315106, 114.181791 22.315338, 114.181913 22.315492, 114.182087 22.315723, 114.182459 22.316238, 114.182631 22.316466, 114.182838 22.316718, 114.183169 22.317083, 114.183383 22.317299, 114.183589 22.317489, 114.183811 22.317679, 114.184134 22.317934, 114.18458 22.318246, 114.184922 22.318459, 114.185315 22.318674, 114.185728 22.31887, 114.186027 22.318998, 114.186361 22.319122, 114.186618 22.319209, 114.186937 22.319304, 114.187178 22.319366, 114.187544 22.319448, 114.187916 22.319515, 114.188182 22.319553, 114.188513 22.319588, 114.188854 22.319612, 114.189175 22.319621, 114.189517 22.319618, 114.189908 22.3196, 114.19024 22.319568, 114.190619 22.31952, 114.190976 22.319458, 114.191304 22.319387, 114.191607 22.319308, 114.191891 22.319226, 114.192175 22.319132, 114.192489 22.319018, 114.19333 22.318701, 114.193576 22.318614, 114.193857 22.31853, 114.194076 22.318476, 114.194278 22.318437, 114.194473 22.318411, 114.194601 22.318395, 114.194909 22.31839, 114.195119 22.318401, 114.195346 22.318427, 114.195487 22.318448, 114.195629 22.318479, 114.195839 22.318535, 114.196043 22.318604, 114.196258 22.318689, 114.19646 22.318787, 114.196662 22.318905, 114.196894 22.319066, 114.197081 22.31922, 114.197246 22.319388, 114.197353 22.319513, 114.197576 22.319768, 114.197744 22.320012, 114.197877 22.320245, 114.198083 22.320645, 114.198185 22.320867, 114.198308 22.321101, 114.198512 22.321431, 114.198804 22.32179, 114.198986 22.32196, 114.199128 22.322076, 114.199246 22.322169, 114.199459 22.322311)"
2382,1438,1467,5436701127,6283852189,0,564207416;1419431791;1461809229;1461809223,中九龍繞道 Central Kowloon Bypass,trunk_link,True,204.94299999999998,1,,,,yes,,"LINESTRING (114.163988 22.310754, 114.163845 22.310744, 114.163774 22.310716, 114.16354 22.310627, 114.163423 22.310568, 114.163286 22.310489, 114.16316 22.310417, 114.163032 22.310355, 114.162909 22.310302, 114.162794 22.310256, 114.162666 22.310211, 114.16251 22.310166, 114.162371 22.310135, 114.162273 22.310124, 114.162145 22.310118)"
2383,1438,1465,5436701127,6283851981,0,1461809224;564207413;1461809230;1419431789,中九龍繞道 Central Kowloon Bypass,trunk_link,True,191.028,1,,,,yes,,"LINESTRING (114.163988 22.310754, 114.16387 22.310675, 114.163809 22.310651, 114.163583 22.310561, 114.163458 22.310498, 114.163292 22.310402, 114.163111 22.310289, 114.162917 22.310168, 114.162759 22.310061, 114.162663 22.309988, 114.162557 22.309898, 114.162452 22.309806)"
2384,1439,1566,5436750014,7559784469,0,808444701,,primary_link,True,57.592999999999996,1,,,,,,"LINESTRING (114.165145 22.306713, 114.165302 22.30654, 114.165374 22.306461, 114.165504 22.306316)"
2385,1439,1344,5436750014,4862322386,0,808444725,海泓道 Hoi Wang Road,tertiary,True,40.997,4,,,,,,"LINESTRING (114.165145 22.306713, 114.165227 22.306488, 114.165286 22.306369)"
2386,1440,1441,5647922669,5647922672,0,1395779353;591624577;1395779359,,secondary_link,True,42.275999999999996,1,,,,,,"LINESTRING (114.165494 22.308978, 114.165406 22.308951, 114.165338 22.308925, 114.165302 22.308904, 114.165277 22.308886, 114.165248 22.308865, 114.16515 22.308782)"
2387,1440,1446,5647922669,5705662285,0,868666680;1395779354,欣翔道 Yan Cheung Road,secondary,True,29.852999999999998,1,,,,,,"LINESTRING (114.165494 22.308978, 114.16541 22.308996, 114.165339 22.309009, 114.1653 22.309016, 114.16521 22.309032)"
2388,1441,1439,5647922672,5436750014,0,808444706;808444720;808444722;808444724;436267674;808444700;808444702,海泓道 Hoi Wang Road,tertiary,True,232.69299999999998,2;5;4;3,,,,,,"LINESTRING (114.16515 22.308782, 114.165117 22.308678, 114.165106 22.308594, 114.16507 22.30845, 114.165033 22.30819, 114.165031 22.308165, 114.165023 22.307875, 114.165017 22.307745, 114.165021 22.307423, 114.165054 22.3071, 114.165074 22.306918, 114.1651 22.306824, 114.165145 22.306713)"
2389,1442,1446,5647922704,5705662285,0,437647808,海泓道 Hoi Wang Road,tertiary,True,13.647,,,,,,,"LINESTRING (114.165225 22.309153, 114.16521 22.309032)"
2390,1442,725,5647922704,1172166362,0,807774988;149524469,欣翔道 Yan Cheung Road,tertiary,True,121.722,2,,,,,,"LINESTRING (114.165225 22.309153, 114.165298 22.309139, 114.165509 22.309102, 114.166142 22.308988, 114.166181 22.308982, 114.166219 22.308977, 114.166294 22.308965, 114.166388 22.308952)"
2391,1443,1444,5655203843,5701086245,0,564217667,海泓道 Hoi Wang Road,tertiary,True,21.397,,,,,,,"LINESTRING (114.165187 22.306231, 114.1651 22.306406)"
2392,1443,1565,5655203843,7559784465,0,808444695,佐敦道 Jordan Road,primary,True,6.727,4,,,,,,"LINESTRING (114.165187 22.306231, 114.165122 22.306238)"
2393,1444,1344,5701086245,4862322386,0,637230613,佐敦道 Jordan Road,primary,True,19.562,4,,,,,,"LINESTRING (114.1651 22.306406, 114.165286 22.306369)"
2394,1444,1567,5701086245,7559804891,0,808444715;808444716;808444718;149524463;637230610;1395779356;1395779357,海泓道 Hoi Wang Road,tertiary,True,275.3,4;3,,,,,,"LINESTRING (114.1651 22.306406, 114.164988 22.306654, 114.164939 22.30682, 114.164933 22.306855, 114.164922 22.306926, 114.164895 22.307102, 114.164891 22.30715, 114.164871 22.307384, 114.164867 22.307749, 114.16487 22.30793, 114.164894 22.308167, 114.164898 22.308202, 114.16494 22.308498, 114.16496 22.308565, 114.165036 22.308835)"
2395,1445,1460,5705662284,6052491094,0,643064556;255231565;808444710;1419431799,海泓道 Hoi Wang Road,secondary,True,141.96200000000002,2;3,,,,,,"LINESTRING (114.165048 22.309064, 114.165067 22.309181, 114.165088 22.309329, 114.165109 22.309544, 114.165148 22.309985, 114.165149 22.310263, 114.165151 22.310336)"
2396,1446,1698,5705662285,12873318556,0,436267675,欣翔道 Yan Cheung Road,secondary,True,8.773,,,,,,,"LINESTRING (114.16521 22.309032, 114.165126 22.309048)"
2397,1446,1441,5705662285,5647922672,0,1395779360;808444723,海泓道 Hoi Wang Road,tertiary,True,28.489,2,,,,,,"LINESTRING (114.16521 22.309032, 114.16519 22.308933, 114.165182 22.3089, 114.16515 22.308782)"
2398,1447,1470,5772236398,6318862367,0,152360044,宋皇臺道 Sung Wong Toi Road,secondary,True,13.761,2,,,,,,"LINESTRING (114.194541 22.322064, 114.194421 22.322119)"
2399,1447,484,5772236398,988059643,0,718798698,土瓜灣道 To Kwa Wan Road,secondary,True,110.27499999999998,2,,,,,,"LINESTRING (114.194541 22.322064, 114.19448 22.321952, 114.194463 22.321922, 114.194444 22.321891, 114.194354 22.321736, 114.194247 22.321541, 114.194133 22.321342, 114.194111 22.321306, 114.194105 22.321289, 114.194094 22.321273, 114.194023 22.321199)"
2400,1448,1447,5772236401,5772236398,0,737078824,土瓜灣道 To Kwa Wan Road,secondary,True,13.274,1,,,,,,"LINESTRING (114.194592 22.322173, 114.194541 22.322064)"
2401,1449,1416,5805784085,5137162805,0,637229735,連翔道 Lin Cheung Road,secondary,True,12.897,,,,,,,"LINESTRING (114.163907 22.302683, 114.163914 22.302567)"
2402,1449,1369,5805784085,5054337446,0,859737010;637229734,柯士甸道西 Austin Road West,secondary,True,64.551,,,,,,yes,"LINESTRING (114.163907 22.302683, 114.164052 22.302694, 114.164531 22.302745)"
2403,1450,1420,5870086800,5137162820,0,859737018;621378929;528677146;859737019,連翔道 Lin Cheung Road,secondary,True,292.154,2,,,,,yes,"LINESTRING (114.164055 22.305625, 114.164034 22.305567, 114.163976 22.305406, 114.16392 22.305221, 114.163881 22.305009, 114.163855 22.304721, 114.163852 22.304201, 114.163843 22.303784, 114.163896 22.303022)"
2404,1450,1421,5870086800,5137163548,0,859737016;859737017;637838042;637838044,連翔道地下行車道 Lin Cheung Road underpass,primary_link,True,273.513,1,50,,,,yes,"LINESTRING (114.164055 22.305625, 114.164051 22.305563, 114.164041 22.305394, 114.16404 22.305298, 114.164019 22.303862, 114.164019 22.303783, 114.164034 22.303166)"
2405,1451,1081,5998508273,1642184499,0,151396637,孖庶街 Marsh Street,tertiary,True,52.256,2,,,,,,"LINESTRING (114.185615 22.306932, 114.185687 22.30703, 114.185783 22.307162, 114.185828 22.307227, 114.1859 22.307322)"
2406,1451,1080,5998508273,1642184453,0,1119621150,寶其利街 Bulkeley Street,tertiary,True,33.366,,,,,,,"LINESTRING (114.185615 22.306932, 114.185458 22.307031, 114.185347 22.307101)"
2407,1452,1290,6001017151,4733952775,0,640061996,庇利街 Bailey Street,tertiary,False,9.559,6,,,,,,"LINESTRING (114.190409 22.312205, 114.1905 22.312185)"
2408,1452,477,6001017151,988059518,0,1203968435;105604756,庇利街 Bailey Street,secondary,True,98.336,2;3,,,,,,"LINESTRING (114.190409 22.312205, 114.190274 22.312207, 114.19011 22.312222, 114.18993 22.312244, 114.189642 22.312254, 114.189456 22.312242)"
2409,1452,1453,6001017151,6028240974,0,639815016,浙江街 Chi Kiang Street,secondary,True,28.438,2,,,,,,"LINESTRING (114.190409 22.312205, 114.190442 22.312365, 114.190503 22.312438)"
2410,1453,1507,6028240974,6705233247,0,480374141,浙江街 Chi Kiang Street,secondary,False,332.838,2,,,,,,"LINESTRING (114.190503 22.312438, 114.190521 22.3125, 114.190549 22.312579, 114.190587 22.31267, 114.190618 22.312733, 114.190653 22.31279, 114.190684 22.312836, 114.190729 22.31289, 114.190771 22.312934, 114.190826 22.312988, 114.190887 22.313043, 114.191007 22.31314, 114.19125 22.313338, 114.191294 22.313378, 114.191326 22.313413, 114.191352 22.313448, 114.191375 22.313484, 114.191396 22.313524, 114.191412 22.313563, 114.191424 22.313599, 114.191433 22.313635, 114.191439 22.313675, 114.191442 22.313717, 114.191442 22.31376, 114.191438 22.313802, 114.19143 22.313847, 114.19142 22.313885, 114.191407 22.313921, 114.191385 22.313968, 114.19136 22.314009, 114.191327 22.314054, 114.191292 22.314094, 114.191258 22.314127, 114.191221 22.314155, 114.191171 22.314187, 114.191127 22.31421, 114.19108 22.31423, 114.191009 22.314256, 114.19045 22.314435, 114.19032 22.314491)"
2411,1453,1290,6028240974,4733952775,0,639815017,浙江街 Chi Kiang Street,secondary,True,28.811,2,,,,,,"LINESTRING (114.190503 22.312438, 114.190527 22.312378, 114.190524 22.312348, 114.1905 22.312185)"
2412,1454,1436,6046364952,5436700698,0,564207410;1460155164,中九龍繞道 Central Kowloon Bypass,trunk_link,True,191.713,1,50,,,,,"LINESTRING (114.162452 22.313208, 114.162534 22.313003, 114.162575 22.312908, 114.162711 22.312569, 114.162773 22.312442, 114.162826 22.312346, 114.162898 22.312237, 114.162952 22.312164, 114.163068 22.312033, 114.163235 22.311874, 114.163385 22.311748)"
2413,1454,703,6046364952,1168315946,0,766250074;151226308,麗翔道 Lai Cheung Road,trunk_link,True,225.953,1;2,50,,,,,"LINESTRING (114.162452 22.313208, 114.162564 22.313002, 114.162716 22.312719, 114.16278 22.312616, 114.162861 22.312505, 114.162949 22.312413, 114.163014 22.312335, 114.163091 22.312267, 114.163175 22.312214, 114.163311 22.312137, 114.163446 22.312076, 114.163561 22.312037, 114.163669 22.312011, 114.163812 22.311987, 114.164008 22.311981)"
2414,1455,187,6052471816,334650656,0,807688166,海泓道 Hoi Wang Road,tertiary,True,6.405,3,,,,,,"LINESTRING (114.164767 22.311874, 114.164758 22.311931)"
2415,1456,1455,6052475832,6052471816,0,807682107,麗翔道 Lai Cheung Road,tertiary,True,10.744,1,,,,,,"LINESTRING (114.164871 22.311883, 114.164767 22.311874)"
2416,1456,1458,6052475832,6052475835,0,807682106,海泓道 Hoi Wang Road,tertiary,True,20.524,2,,,,,,"LINESTRING (114.164871 22.311883, 114.164886 22.311828, 114.164911 22.311781, 114.164956 22.311718)"
2417,1457,1458,6052475833,6052475835,0,806992599,,primary_link,True,22.805,1,,,,,,"LINESTRING (114.165051 22.311898, 114.164997 22.311829, 114.164975 22.311806, 114.164956 22.311718)"
2418,1457,1456,6052475833,6052475832,0,807682108,麗翔道 Lai Cheung Road,tertiary,True,18.618,1,,,,,,"LINESTRING (114.165051 22.311898, 114.164973 22.311893, 114.164931 22.311888, 114.164871 22.311883)"
2419,1458,1461,6052475835,6052491101,0,643062636;643064558,海泓道 Hoi Wang Road,primary,True,147.248,1;3,,,,,,"LINESTRING (114.164956 22.311718, 114.164982 22.311685, 114.165037 22.311626, 114.165123 22.31154, 114.165197 22.311441, 114.165242 22.311364, 114.165269 22.311287, 114.165297 22.3112, 114.165336 22.311085, 114.165352 22.310941, 114.165352 22.310886, 114.165356 22.310714, 114.165351 22.31066, 114.165331 22.310499)"
2420,1459,1466,6052491085,6283852188,0,947001215,油麻地交匯處 Yau Ma Tei Interchange,trunk_link,True,8.098,2,,,,,,"LINESTRING (114.165027 22.310559, 114.164951 22.310576)"
2421,1460,1459,6052491094,6052491085,0,643064557,油麻地交匯處 Yau Ma Tei Interchange,trunk_link,True,27.984,1,,,,,,"LINESTRING (114.165151 22.310336, 114.165125 22.310403, 114.165106 22.310439, 114.165073 22.310499, 114.165027 22.310559)"
2422,1460,1562,6052491094,7552903385,0,1418296171,海泓道 Hoi Wang Road,tertiary,True,21.647,1,,,,,,"LINESTRING (114.165151 22.310336, 114.165162 22.310374, 114.165173 22.31041, 114.165179 22.310449, 114.165188 22.310527)"
2423,1461,1562,6052491101,7552903385,0,807670505,油麻地交匯處 Yau Ma Tei Interchange,trunk_link,True,15.079,,,,,,,"LINESTRING (114.165331 22.310499, 114.165188 22.310527)"
2424,1461,1442,6052491101,5647922704,0,1375846648;1419431796;627699909;947001214,海泓道 Hoi Wang Road,tertiary,True,150.11399999999998,1;4;2,,,,,,"LINESTRING (114.165331 22.310499, 114.165322 22.31043, 114.165314 22.310369, 114.165309 22.310321, 114.165292 22.309985, 114.165271 22.309543, 114.165247 22.309319, 114.165236 22.309273, 114.165233 22.309246, 114.16523 22.30921, 114.165225 22.309153)"
2425,1462,1114,6126352666,1649048792,0,519736603;152073838;1237535783,建灣街 Kin Wan Street,residential,False,81.981,2,,,,,,"LINESTRING (114.186254 22.29978, 114.186212 22.299868, 114.186737 22.300082, 114.186824 22.300159)"
2426,1463,1504,6126362968,6705233168,0,88718947,華信街 Wa Shun Street,residential,False,91.646,2,,,,,,"LINESTRING (114.189481 22.302181, 114.189394 22.302119, 114.189333 22.30208, 114.189264 22.302055, 114.18919 22.302045, 114.189116 22.30205, 114.189045 22.30207, 114.18898 22.302105, 114.188826 22.302218, 114.188789 22.302238, 114.188763 22.30225, 114.188738 22.302263, 114.188706 22.302282)"
2427,1464,393,6160598984,582596692,0,45740608;45740770;1095134789;1237546158,紅磡繞道 Hung Hom Bypass,trunk_link,True,216.19100000000003,1,50,,,viaduct,,"LINESTRING (114.180268 22.307518, 114.180303 22.307468, 114.180333 22.307426, 114.180352 22.307403, 114.180374 22.307377, 114.180418 22.307336, 114.180447 22.307316, 114.1805 22.307276, 114.181018 22.306882, 114.18113 22.306792, 114.181242 22.306698, 114.181344 22.306609, 114.181462 22.306501, 114.181805 22.306201)"
2428,1464,384,6160598984,582593329,0,45740769;514553082;1095134788,,trunk_link,True,64.937,2,50;70,,,yes,,"LINESTRING (114.180268 22.307518, 114.180272 22.307466, 114.180289 22.307411, 114.180308 22.307379, 114.180328 22.307351, 114.180377 22.30729, 114.180449 22.307216, 114.180487 22.307163, 114.180529 22.307104, 114.180586 22.307026)"
2429,1465,179,6283851981,334649361,0,807670506;151226354;1196816210;1196816205,油麻地交匯處 Yau Ma Tei Interchange,trunk_link,True,186.20399999999998,1,,,,yes,,"LINESTRING (114.162452 22.309806, 114.162322 22.309705, 114.162188 22.309577, 114.162089 22.309465, 114.16198 22.309328, 114.161876 22.309197, 114.16183 22.309135, 114.161796 22.30909, 114.161758 22.309032, 114.161514 22.308562, 114.161453 22.308431)"
2430,1466,1465,6283852188,6283851981,0,1418296168;643064555;1419431790;1419431793;1460233336,油麻地交匯處 Yau Ma Tei Interchange,trunk_link,True,278.664,1,,,,yes,,"LINESTRING (114.164951 22.310576, 114.164797 22.310594, 114.164637 22.310607, 114.164454 22.310608, 114.164253 22.310589, 114.164096 22.310567, 114.163906 22.310525, 114.163674 22.310445, 114.163433 22.310351, 114.163184 22.310225, 114.162793 22.310011, 114.162657 22.30993, 114.162559 22.309873, 114.162452 22.309806)"
2431,1466,1467,6283852188,6283852189,0,1418296169;1419431792;1419431794;1460233335;671022169,油麻地交匯處 Yau Ma Tei Interchange,trunk_link,True,304.8,1,,,,yes,,"LINESTRING (114.164951 22.310576, 114.164639 22.310642, 114.164433 22.310684, 114.164235 22.310718, 114.164087 22.310733, 114.163935 22.310738, 114.163782 22.310729, 114.16362 22.310703, 114.163482 22.31066, 114.163353 22.310608, 114.163232 22.310548, 114.163113 22.310481, 114.162972 22.310406, 114.16284 22.310345, 114.16272 22.3103, 114.162614 22.310259, 114.162502 22.310217, 114.162396 22.31018, 114.162277 22.310145, 114.162145 22.310118)"
2432,1467,177,6283852189,334648727,0,30658130;30658131;908587586,油麻地交匯處 Yau Ma Tei Interchange,trunk_link,True,195.26200000000003,1,,,,yes,,"LINESTRING (114.162145 22.310118, 114.162047 22.310109, 114.161934 22.310114, 114.161807 22.31012, 114.161739 22.310132, 114.161551 22.310169, 114.161451 22.310207, 114.161345 22.310258, 114.161239 22.310333, 114.16115 22.310402, 114.161029 22.310537, 114.160944 22.310648, 114.160879 22.310756, 114.160848 22.310833, 114.160742 22.311054)"
2433,1468,976,6309604751,1636543662,0,673751590,棕樹街 Palm Street,tertiary,True,147.725,,,,,,,"LINESTRING (114.165488 22.318794, 114.165456 22.318943, 114.165232 22.320101)"
2434,1468,688,6309604751,1168066109,0,673751593,櫻桃街 Cherry Street,secondary,True,56.667,2,,,,,,"LINESTRING (114.165488 22.318794, 114.165919 22.318808, 114.166039 22.318815)"
2435,1469,1727,6316548998,13860956558,0,151396636,佛光街天橋 Fat Kwong Street Flyover,secondary,False,35.749,3,50,,,,,"LINESTRING (114.189692 22.308877, 114.19004 22.308874)"
2436,1469,1730,6316548998,13861001219,0,1521180832;1521180814;1518755736;1521180828;1518755741,佛光街天橋 Fat Kwong Street Flyover,secondary,True,509.96700000000004,1,50,,,viaduct,,"LINESTRING (114.189692 22.308877, 114.18958 22.308856, 114.189386 22.308856, 114.188574 22.308869, 114.18806 22.308872, 114.187963 22.30887, 114.187859 22.308865, 114.18773 22.308859, 114.187531 22.308846, 114.187362 22.30884, 114.18728 22.308839, 114.187156 22.30884, 114.18623 22.30884, 114.186176 22.308845, 114.186112 22.308855, 114.186034 22.30887, 114.185968 22.308892, 114.185904 22.308922, 114.185833 22.308958, 114.185752 22.309016, 114.185557 22.309201, 114.185131 22.309617, 114.185095 22.30964, 114.185074 22.309654)"
2437,1470,1535,6318862367,6748938787,0,182180809,承啟道 Shing Kai Road,secondary,True,12.905,3,,,,,,"LINESTRING (114.194421 22.322119, 114.194463 22.322228)"
2438,1470,1691,6318862367,12729526834,0,718798701;1374816701,宋皇臺道 Sung Wong Toi Road,secondary,True,56.775,2,,,,,,"LINESTRING (114.194421 22.322119, 114.194298 22.322175, 114.19428 22.322183, 114.194266 22.322189, 114.194247 22.322197, 114.194238 22.322201, 114.194225 22.322207, 114.194118 22.322252, 114.193969 22.322338, 114.193934 22.322358)"
2439,1472,586,6357916750,1141792843,0,494015242,太子道西 Prince Edward Road West,primary,True,27.693,3,,,,,,"LINESTRING (114.178666 22.325765, 114.178399 22.325731)"
2440,1472,585,6357916750,1141792839,0,66348973,窩打老道 Waterloo Road,primary_link,True,48.271,1,50,,,,,"LINESTRING (114.178666 22.325765, 114.178634 22.325746, 114.178598 22.325705, 114.178562 22.325644, 114.178538 22.325585, 114.178521 22.325513, 114.178502 22.325374)"
2441,1473,1641,6359838937,10243968793,0,679184800;1120037567,,primary_link,True,26.949,1,50,,,,,"LINESTRING (114.178372 22.297965, 114.178467 22.297931, 114.178506 22.297925, 114.178551 22.297925, 114.178626 22.297929)"
2442,1473,1346,6359838937,4862605959,0,1222595816,麼地里 Mody Lane,tertiary,True,20.659,2,,,,,,"LINESTRING (114.178372 22.297965, 114.178423 22.297915, 114.178506 22.297827)"
2443,1474,1565,6359931650,7559784465,0,808444696;808444699,,primary_link,True,36.095,1,,,,,,"LINESTRING (114.165316 22.305977, 114.165285 22.305996, 114.165249 22.306016, 114.165237 22.306033, 114.165225 22.306057, 114.165214 22.306078, 114.1652 22.306099, 114.165195 22.30611, 114.16518 22.306136, 114.165122 22.306238)"
2444,1474,1443,6359931650,5655203843,0,808444697;808444698,匯民道 Wui Man Road,tertiary,True,31.642000000000003,2,,,,,,"LINESTRING (114.165316 22.305977, 114.165314 22.306006, 114.165312 22.306024, 114.165305 22.306043, 114.165295 22.306066, 114.165187 22.306231)"
2445,1475,895,6363140161,1220979049,0,972575519,馬頭圍道 Ma Tau Wai Road,primary,True,83.355,3,,,,,,"LINESTRING (114.187633 22.320871, 114.187639 22.320288, 114.18764 22.320122)"
2446,1476,1179,6364821050,1651827970,0,152359862,科發道 Forfar Road,residential,True,165.707,2,,,,,,"LINESTRING (114.186828 22.325713, 114.186781 22.325782, 114.18669 22.325919, 114.18653 22.326157, 114.186503 22.326221, 114.186463 22.326331, 114.186446 22.326405, 114.186423 22.326496, 114.186414 22.326538, 114.186398 22.326609, 114.186353 22.326802, 114.186298 22.32704, 114.186285 22.327097)"
2447,1476,1176,6364821050,1651827949,0,492438571;679753444,亞皆老街 Argyle Street,primary,True,103.986,3,,,,,,"LINESTRING (114.186828 22.325713, 114.186924 22.325769, 114.186961 22.325791, 114.187038 22.325836, 114.187147 22.325901, 114.187185 22.325923, 114.187255 22.325964, 114.187472 22.326091, 114.187592 22.326159, 114.187684 22.32621)"
2448,1477,669,6370140272,1161864169,0,680332378,荔枝角道 Lai Chi Kok Road,primary_link,True,34.45,2,,,,,,"LINESTRING (114.166488 22.32403, 114.166577 22.323895, 114.166594 22.323862, 114.166631 22.323752)"
2449,1477,760,6370140272,1178971361,0,1021370935,荔枝角道 Lai Chi Kok Road,primary,True,41.304,2,,,,,,"LINESTRING (114.166488 22.32403, 114.16663 22.323919, 114.166684 22.323877, 114.166716 22.323852, 114.166794 22.32379)"
2450,1479,1293,6374552939,4773316080,0,996259378;736516646,界限街 Boundary Street,primary,True,21.188000000000002,4,,,,,,"LINESTRING (114.172229 22.326686, 114.172273 22.326688, 114.172348 22.326682, 114.172434 22.326673)"
2451,1480,23,6374552943,275935761,0,485774648;429077094,達之路 Tat Chee Avenue,secondary,False,315.065,2;3,,,,,,"LINESTRING (114.17218 22.327325, 114.172293 22.327325, 114.172368 22.327325, 114.172734 22.327334, 114.172787 22.327338, 114.172887 22.327364, 114.172989 22.327398, 114.173071 22.32744, 114.173162 22.327504, 114.173824 22.328221, 114.174106 22.328542, 114.174427 22.328976)"
2452,1480,24,6374552943,275935771,0,680766725,達之路 Tat Chee Avenue,secondary,True,13.336,1,,,,,,"LINESTRING (114.17218 22.327325, 114.172122 22.327325, 114.172094 22.327332, 114.172056 22.327351)"
2453,1480,1479,6374552943,6374552939,0,963535969;680766730,大坑東道 Tai Hang Tung Road,secondary,True,71.47,3,,,,,,"LINESTRING (114.17218 22.327325, 114.172186 22.327107, 114.172192 22.326927, 114.172194 22.326884, 114.172194 22.326854, 114.172195 22.32683, 114.1722 22.326781, 114.172213 22.32673, 114.172229 22.326686)"
2454,1481,133,6374553434,332239185,0,996069441,界限街 Boundary Street,primary,True,78.999,3,,,,,,"LINESTRING (114.166387 22.326432, 114.16689 22.326452, 114.167154 22.326463)"
2455,1482,672,6374553441,1162875763,0,680766745;746293614,,primary_link,True,27.421,1,,,,,,"LINESTRING (114.166268 22.326211, 114.166253 22.326257, 114.166235 22.326284, 114.166225 22.326305, 114.166222 22.326328, 114.166221 22.326338, 114.166233 22.326381, 114.166253 22.326407, 114.166282 22.326428)"
2456,1482,633,6374553441,1152824573,0,1187338920,汝州街 Yu Chau Street,tertiary,True,35.163,3,,,,,,"LINESTRING (114.166268 22.326211, 114.166216 22.326252, 114.166144 22.32631, 114.166114 22.326333, 114.166091 22.326352, 114.166009 22.326417)"
2457,1483,1551,6499683002,7177677661,0,768843856,亞皆老街 Argyle Street,primary,True,57.033,4,,,,,,"LINESTRING (114.175245 22.320348, 114.175054 22.320309, 114.174875 22.320279, 114.174825 22.320271, 114.174701 22.320246)"
2458,1484,938,6521271614,1624950125,0,852394674;808529154;852394675,新填地街 Reclamation Street,residential,False,89.295,2,,,,,,"LINESTRING (114.169467 22.309545, 114.169494 22.309509, 114.169532 22.309459, 114.169537 22.309415, 114.169566 22.309201, 114.169586 22.30905, 114.169602 22.30886, 114.169621 22.308834, 114.169634 22.308811, 114.169651 22.308777)"
2459,1485,1005,6528712271,1636685526,0,150792158,京士柏道 King's Park Rise,residential,False,261.99899999999997,,,,,,,"LINESTRING (114.1728 22.3106, 114.17333 22.310952, 114.173603 22.311157, 114.173718 22.311257, 114.173846 22.311339, 114.173987 22.311402, 114.174028 22.311416, 114.174083 22.311422, 114.174145 22.311422, 114.174201 22.311413, 114.174296 22.311381, 114.17456 22.311246, 114.174688 22.311223, 114.174702 22.31122, 114.17476 22.311216, 114.175009 22.311195)"
2460,1486,566,6534226310,1107287997,0,768832471,黑布街 Hak Po Street,residential,True,53.363,,,,,,,"LINESTRING (114.172702 22.317546, 114.172783 22.317148, 114.17279 22.317111, 114.172798 22.317075)"
2461,1486,564,6534226310,1107287994,0,1120947151,黑布街 Hak Po Street,residential,True,54.065,,,,,,,"LINESTRING (114.172702 22.317546, 114.172616 22.317971, 114.172605 22.318024)"
2462,1487,1457,6550920169,6052475833,0,807687162;807687166;697548838,麗翔道 Lai Cheung Road,primary,True,93.815,2,,,,,,"LINESTRING (114.165949 22.312027, 114.165823 22.312009, 114.165682 22.31199, 114.165516 22.31199, 114.16525 22.311945, 114.165172 22.311931, 114.165157 22.311928, 114.165051 22.311898)"
2463,1488,485,6564242088,988059647,0,699023716,機利士北路 Gillies Avenue North,tertiary,False,122.542,2,,,,,,"LINESTRING (114.18732 22.312146, 114.187072 22.311651, 114.186974 22.311464, 114.186872 22.31127, 114.186845 22.311219, 114.186809 22.31115)"
2464,1490,771,6610136589,1180686933,0,246487891;996069406,界限街 Boundary Street,primary,True,194.62199999999996,2,,,,,,"LINESTRING (114.169149 22.326636, 114.169903 22.326667, 114.170051 22.326672, 114.170443 22.326685, 114.170497 22.326686, 114.170567 22.326689, 114.170732 22.326688, 114.170868 22.326671, 114.171036 22.326643)"
2465,1491,1616,6610136594,9197539595,0,746152015;996069407,界限街 Boundary Street,primary,True,65.342,1,,,,,,"LINESTRING (114.170254 22.326563, 114.17033 22.326567, 114.170484 22.326574, 114.170557 22.326582, 114.170734 22.326602, 114.170884 22.326633)"
2466,1492,1487,6611647472,6550920169,0,697548839,,secondary_link,True,17.284,1,50,,,,,"LINESTRING (114.165809 22.312103, 114.16586 22.312086, 114.165899 22.312076, 114.16593 22.312054, 114.165949 22.312027)"
2467,1492,176,6611647472,334648626,0,1299955120;807687164;807681943,麗翔道 Lai Cheung Road,primary_link,True,58.19799999999999,2,,,,,,"LINESTRING (114.165809 22.312103, 114.165998 22.312138, 114.166135 22.312161, 114.166271 22.312188, 114.166331 22.312212, 114.166358 22.312223)"
2468,1493,708,6612901838,1168315988,0,876114726,渡船街 Ferry Street,trunk_link,True,23.102,2,,,,,,"LINESTRING (114.166454 22.315864, 114.166506 22.316066)"
2469,1493,129,6612901838,332235143,0,890077785;102434650;30150308;1037106212,渡船街 Ferry Street;西九龍走廊西 West Kowloon Corridor West,trunk,True,721.9060000000002,2,50;70,5,,viaduct,,"LINESTRING (114.166454 22.315864, 114.166331 22.316322, 114.166189 22.317027, 114.166168 22.317112, 114.166118 22.317279, 114.166087 22.317364, 114.166047 22.317455, 114.165953 22.31763, 114.165863 22.317753, 114.165783 22.317844, 114.1657 22.317929, 114.165595 22.318018, 114.165423 22.31814, 114.16527 22.318223, 114.165095 22.318296, 114.164898 22.318354, 114.164766 22.318379, 114.164627 22.318397, 114.164458 22.318412, 114.164305 22.318421, 114.163934 22.31843, 114.163807 22.318438, 114.163702 22.318448, 114.16358 22.318464, 114.163433 22.318492, 114.163303 22.318528, 114.163151 22.318583, 114.163017 22.318645, 114.162885 22.318721, 114.162771 22.318795, 114.162675 22.318869, 114.162584 22.318953, 114.162508 22.31903, 114.162436 22.319111, 114.162367 22.319205, 114.162306 22.319298, 114.162255 22.319387, 114.162202 22.319492, 114.162165 22.319578, 114.162121 22.319705, 114.162067 22.319914, 114.162047 22.319947)"
2470,1494,1495,6670380186,6670380189,0,709674327,,primary_link,True,28.567,1,,,,,,"LINESTRING (114.170793 22.295492, 114.17073 22.295452, 114.170673 22.295439, 114.17064 22.295418, 114.170574 22.295346)"
2471,1494,646,6670380186,1158360147,0,709674329,中間道 Middle Road,tertiary,True,10.561,2,,,,,,"LINESTRING (114.170793 22.295492, 114.170741 22.295502, 114.170691 22.295504)"
2472,1495,314,6670380189,495137366,0,709674324;709674333;709674334,九龍公園徑 Kowloon Park Drive,primary,True,77.31799999999998,2,,,,,,"LINESTRING (114.170574 22.295346, 114.17059 22.295265, 114.170672 22.294952, 114.170685 22.294893, 114.170714 22.294797, 114.170769 22.294676)"
2473,1496,1237,6702368661,2772111183,0,272254648,衛理道 Wylie Road,secondary,False,4.794,4,,,,,,"LINESTRING (114.176206 22.312273, 114.176231 22.312237)"
2474,1496,990,6702368661,1636641311,0,272254648,衛理道 Wylie Road,secondary,False,71.506,4,,,,,,"LINESTRING (114.176206 22.312273, 114.176192 22.312293, 114.176023 22.312565, 114.175953 22.312677, 114.175927 22.312718, 114.175858 22.31283)"
2475,1496,1497,6702368661,6702368663,0,272254652,公主道 Princess Margaret Road,trunk_link,True,44.098,1,,,,,,"LINESTRING (114.176206 22.312273, 114.176325 22.312204, 114.176373 22.312184, 114.176406 22.312179, 114.176452 22.312178, 114.176496 22.312193, 114.176536 22.312217, 114.176589 22.312246)"
2476,1497,406,6702368663,675264200,0,888280075;689902515,公主道 Princess Margaret Road,trunk_link,True,35.012,2,,,,,,"LINESTRING (114.176589 22.312246, 114.176599 22.312279, 114.176621 22.312354, 114.176653 22.312458, 114.176676 22.312495, 114.176703 22.312541)"
2477,1498,893,6705233064,1220978664,0,1213951272,天光道 Tin Kwong Road,tertiary,False,47.832,4,,,,,,"LINESTRING (114.18641 22.320018, 114.186875 22.320016)"
2478,1498,893,6705233064,1220978664,1,106034102,合一道 Hop Yat Road,residential,True,147.549,1,,,,,,"LINESTRING (114.18641 22.320018, 114.186367 22.320075, 114.186352 22.320094, 114.186348 22.320431, 114.186869 22.320431, 114.186874 22.320075, 114.186875 22.320016)"
2479,1498,1299,6705233064,4781436505,0,353796635,天光道 Tin Kwong Road,tertiary,False,80.262,2,,,,,,"LINESTRING (114.18641 22.320018, 114.185872 22.320019, 114.185769 22.320026, 114.185643 22.32008)"
2480,1498,1137,6705233064,1651827817,0,435421057,靠背壟道 Kau Pui Lung Road,tertiary,False,55.654,,,,,,,"LINESTRING (114.18641 22.320018, 114.186411 22.319946, 114.186413 22.319518)"
2481,1499,501,6705233093,989119228,0,85460156;105028997,德民街 Tak Man Street,secondary,False,126.851,3,50,,,,,"LINESTRING (114.187685 22.306188, 114.187832 22.306097, 114.187986 22.306, 114.188 22.305991, 114.188042 22.305965, 114.188114 22.30592, 114.188187 22.305874, 114.188234 22.305845, 114.18851 22.305672, 114.188569 22.305635, 114.188614 22.305607, 114.188706 22.305549)"
2482,1499,283,6705233093,440640784,0,240897644,德民街 Tak Man Street,secondary,False,65.509,3,,,,,,"LINESTRING (114.187685 22.306188, 114.187561 22.306268, 114.187473 22.306324, 114.187302 22.306433, 114.187256 22.306462, 114.187161 22.306523)"
2483,1500,1191,6705233121,1651828030,0,152359883,侯王道 Hau Wong Road,residential,True,189.241,,,,,,,"LINESTRING (114.188746 22.328934, 114.188749 22.329022, 114.188756 22.32919, 114.188801 22.330274, 114.188813 22.330578, 114.188816 22.330634)"
2484,1500,346,6705233121,568273477,0,152359996;152359998,衙前圍道 Nga Tsin Wai Road,tertiary,False,115.716,4,,,,,,"LINESTRING (114.188746 22.328934, 114.188253 22.328952, 114.188165 22.328956, 114.188074 22.328959, 114.187914 22.328965, 114.187845 22.328967, 114.187708 22.328972, 114.187621 22.328975)"
2485,1500,349,6705233121,568273494,0,152359999,衙前圍道 Nga Tsin Wai Road,tertiary,False,55.23100000000001,4,,,,,,"LINESTRING (114.188746 22.328934, 114.18883 22.328931, 114.189023 22.328925, 114.18917 22.328921, 114.189282 22.328918)"
2486,1501,1187,6705233137,1651828018,0,37452492,延文禮士道 Inverness Road,residential,False,720.206,,,,,,,"LINESTRING (114.187425 22.334102, 114.187229 22.334116, 114.187163 22.334121, 114.186706 22.334149, 114.186662 22.334151, 114.186625 22.334152, 114.186544 22.33415, 114.186463 22.334142, 114.186384 22.334128, 114.186306 22.334108, 114.18609 22.334035, 114.185912 22.333973, 114.18584 22.33394, 114.185774 22.333897, 114.185717 22.333845, 114.185669 22.333784, 114.185632 22.333718, 114.185607 22.333647, 114.185598 22.333573, 114.185524 22.331822, 114.185518 22.331677, 114.185512 22.331532, 114.18547 22.330531, 114.185434 22.329696, 114.185413 22.329188, 114.185407 22.329051)"
2487,1502,268,6705233155,420027770,0,103274864,桂林街 Kweilin Street,residential,True,56.858,,30,,,,,"LINESTRING (114.161107 22.330202, 114.161041 22.330132, 114.160813 22.329865, 114.160761 22.329803)"
2488,1502,265,6705233155,420027766,0,494513792;494691403,汝州街 Yu Chau Street,tertiary,True,113.704,4;3,,,,,,"LINESTRING (114.161107 22.330202, 114.16103 22.330262, 114.160631 22.330575, 114.160329 22.330811, 114.160262 22.330862)"
2489,1504,223,6705233168,384377581,0,88718937;729448573;1207333519,紅鸞道 Hung Luen Road,tertiary,True,81.211,2,,,,,,"LINESTRING (114.188706 22.302282, 114.188678 22.302194, 114.188652 22.302128, 114.188624 22.302063, 114.188607 22.302031, 114.188589 22.301999, 114.18857 22.301968, 114.188535 22.301916, 114.188516 22.301887, 114.188492 22.301854, 114.188466 22.301825, 114.188453 22.301809, 114.188373 22.301732, 114.188279 22.301701)"
2490,1504,1463,6705233168,6126362968,0,88718947,華信街 Wa Shun Street,residential,False,91.646,2,,,,,,"LINESTRING (114.188706 22.302282, 114.188738 22.302263, 114.188763 22.30225, 114.188789 22.302238, 114.188826 22.302218, 114.18898 22.302105, 114.189045 22.30207, 114.189116 22.30205, 114.18919 22.302045, 114.189264 22.302055, 114.189333 22.30208, 114.189394 22.302119, 114.189481 22.302181)"
2491,1505,1506,6705233214,6705233215,0,85201011,新山道 San Shan Road,residential,True,126.682,2,,,,,,"LINESTRING (114.188422 22.321248, 114.188496 22.321217, 114.188708 22.321127, 114.189207 22.320916, 114.189462 22.320811, 114.189544 22.320778)"
2492,1505,1512,6705233214,6705233399,0,152360006,北帝街 Pak Tai Street,tertiary,True,131.048,2,,,,,,"LINESTRING (114.188422 22.321248, 114.188456 22.321316, 114.188927 22.322255, 114.188958 22.322317)"
2493,1507,1127,6705233247,1651827742,0,54366521,旭日街 Yuk Yat Street,tertiary,False,109.98899999999999,,,,,,,"LINESTRING (114.19032 22.314491, 114.190398 22.314646, 114.190422 22.314696, 114.190521 22.31484, 114.190658 22.314987, 114.190928 22.315264, 114.190946 22.315283)"
2494,1507,1453,6705233247,6028240974,0,480374141,浙江街 Chi Kiang Street,secondary,False,332.838,2,,,,,,"LINESTRING (114.19032 22.314491, 114.19045 22.314435, 114.191009 22.314256, 114.19108 22.31423, 114.191127 22.31421, 114.191171 22.314187, 114.191221 22.314155, 114.191258 22.314127, 114.191292 22.314094, 114.191327 22.314054, 114.19136 22.314009, 114.191385 22.313968, 114.191407 22.313921, 114.19142 22.313885, 114.19143 22.313847, 114.191438 22.313802, 114.191442 22.31376, 114.191442 22.313717, 114.191439 22.313675, 114.191433 22.313635, 114.191424 22.313599, 114.191412 22.313563, 114.191396 22.313524, 114.191375 22.313484, 114.191352 22.313448, 114.191326 22.313413, 114.191294 22.313378, 114.19125 22.313338, 114.191007 22.31314, 114.190887 22.313043, 114.190826 22.312988, 114.190771 22.312934, 114.190729 22.31289, 114.190684 22.312836, 114.190653 22.31279, 114.190618 22.312733, 114.190587 22.31267, 114.190549 22.312579, 114.190521 22.3125, 114.190503 22.312438)"
2495,1508,1299,6705233260,4781436505,0,493966697;485789572,天光道 Tin Kwong Road,tertiary,False,117.597,2;3,,,,,,"LINESTRING (114.185156 22.321012, 114.185207 22.320879, 114.185376 22.320438, 114.185443 22.32027, 114.185502 22.320195, 114.18554 22.320147, 114.185643 22.32008)"
2496,1508,466,6705233260,804108926,0,493966697,天光道 Tin Kwong Road,tertiary,False,257.31100000000004,2,,,,,,"LINESTRING (114.185156 22.321012, 114.185112 22.321118, 114.185067 22.321228, 114.184784 22.322037, 114.184776 22.32206, 114.184664 22.322348, 114.184617 22.322451, 114.18461 22.322464, 114.184234 22.323158)"
2497,1509,1503,6705233284,6705233167,0,102640440,西洋菜南街 Sai Yeung Choi Street South,residential,True,136.91500000000002,,,,,,,"LINESTRING (114.170798 22.315464, 114.170786 22.315518, 114.170575 22.316516, 114.17056 22.316591, 114.170543 22.316673)"
2498,1509,93,6705233284,308473419,0,1063168393,登打士街 Dundas Street,tertiary,True,58.584,1,,,,,,"LINESTRING (114.170798 22.315464, 114.170756 22.315457, 114.170695 22.315446, 114.170565 22.315422, 114.170399 22.315395, 114.170363 22.315388, 114.170238 22.315366)"
2499,1510,1681,6705233294,11530237733,0,152073857;1040467345;436427387;1040467343,科學館道 Science Museum Road,tertiary,False,201.09699999999998,2;4,,,,,,"LINESTRING (114.178109 22.302523, 114.17807 22.302398, 114.177995 22.302159, 114.17798 22.302091, 114.177971 22.302027, 114.177973 22.301993, 114.177981 22.301957, 114.177998 22.301928, 114.178016 22.301903, 114.178061 22.301855, 114.178173 22.301742, 114.178324 22.301591, 114.178424 22.301487, 114.178538 22.30137, 114.178597 22.301307, 114.178786 22.301109, 114.178854 22.301038)"
2500,1510,1209,6705233294,2208339291,0,245455668;1205283551,暢運道 Cheong Wan Road,secondary,True,66.703,4;3,,,,,,"LINESTRING (114.178109 22.302523, 114.177782 22.302659, 114.177644 22.302703, 114.177513 22.302757)"
2501,1511,297,6705233383,459472929,0,85320790,黃埔街 Whampoa Street,residential,False,79.378,,,,,,,"LINESTRING (114.184874 22.306471, 114.184841 22.306427, 114.184433 22.305885)"
2502,1512,325,6705233399,519831414,0,152360006,北帝街 Pak Tai Street,tertiary,True,108.65300000000002,2,,,,,,"LINESTRING (114.188958 22.322317, 114.188985 22.322369, 114.189074 22.322547, 114.189351 22.323099, 114.189368 22.323133, 114.189403 22.323204)"
2503,1512,1519,6705233399,6705233503,0,449337018,馬頭角道 Ma Tau Kok Road,tertiary,True,59.027,2,,,,,,"LINESTRING (114.188958 22.322317, 114.188512 22.322497, 114.188432 22.322529)"
2504,1513,563,6705233410,1029866980,0,857186486,科學館道 Science Museum Road,tertiary,False,8.867,3,,,,,,"LINESTRING (114.179866 22.299975, 114.179924 22.299916)"
2505,1513,1345,6705233410,4862605958,0,103020450;103020619;857186485,麼地道 Mody Road,tertiary,False,261.045,3,,,,,,"LINESTRING (114.179866 22.299975, 114.179804 22.299922, 114.179758 22.299882, 114.178878 22.299148, 114.178416 22.298764, 114.178128 22.298525, 114.178109 22.29851, 114.178028 22.298442, 114.177981 22.298403)"
2506,1513,1116,6705233410,1649048841,0,759774588,科學館道 Science Museum Road,tertiary,False,91.23200000000001,3,,,,,,"LINESTRING (114.179866 22.299975, 114.179562 22.300291, 114.179446 22.300412, 114.179278 22.300589)"
2507,1514,891,6705233431,1220978497,0,41955127,農圃道 Farm Road,tertiary,True,168.836,2,,,,,,"LINESTRING (114.187503 22.32103, 114.187405 22.321028, 114.187385 22.321028, 114.186388 22.321022, 114.186315 22.321021, 114.186259 22.321021, 114.186138 22.32102, 114.185862 22.321021)"
2508,1514,30,6705233431,275949265,0,196497204;85200951,馬頭圍道 Ma Tau Wai Road;馬頭涌道 Ma Tau Chung Road,primary,True,204.06399999999996,3,,,,,,"LINESTRING (114.187503 22.32103, 114.187504 22.321135, 114.187498 22.321922, 114.187497 22.32197, 114.187497 22.322031, 114.187498 22.322068, 114.187503 22.322105, 114.187512 22.322148, 114.187528 22.322199, 114.187554 22.322261, 114.187611 22.322373, 114.187636 22.322423, 114.187736 22.322622, 114.187758 22.322665, 114.187827 22.322802)"
2509,1515,465,6705233450,804108815,0,106149931;353796332,常盛街 Sheung Shing Street,tertiary,False,229.64900000000003,2,,,,,,"LINESTRING (114.181207 22.319382, 114.181295 22.319498, 114.18139 22.319586, 114.181498 22.31967, 114.181587 22.319729, 114.181677 22.319772, 114.181762 22.319802, 114.181852 22.319826, 114.182153 22.319899, 114.182266 22.319926, 114.182476 22.319977, 114.182854 22.320068, 114.182944 22.320086, 114.183015 22.320096, 114.183158 22.320103, 114.183223 22.3201)"
2510,1515,1518,6705233450,6705233479,0,106149931,常盛街 Sheung Shing Street,tertiary,False,300.96900000000005,2,,,,,,"LINESTRING (114.181207 22.319382, 114.181155 22.319303, 114.180655 22.31854, 114.180497 22.318298, 114.18017 22.31773, 114.179877 22.317147, 114.179807 22.317008)"
2511,1515,1289,6705233450,4689807727,0,475193249,常盛里 Sheung Shing Lane,residential,False,145.12900000000002,2,,,,,,"LINESTRING (114.181207 22.319382, 114.181306 22.319316, 114.181658 22.319079, 114.181737 22.318986, 114.181793 22.318877, 114.18182 22.3188, 114.181825 22.318687, 114.181814 22.318605, 114.181782 22.318511, 114.181741 22.318427, 114.181692 22.318357)"
2512,1516,897,6705233456,1220979220,0,41954703,九龍城道 Kowloon City Road,secondary,True,17.819,3,,,,,,"LINESTRING (114.190591 22.321603, 114.190628 22.321678, 114.19066 22.32175)"
2513,1516,1512,6705233456,6705233399,0,485789573;970612830,馬頭角道 Ma Tau Kok Road,tertiary,True,185.779,2,50,,,,,"LINESTRING (114.190591 22.321603, 114.190496 22.321641, 114.190083 22.321813, 114.19003 22.321835, 114.189971 22.321862, 114.189659 22.322002, 114.189576 22.32204, 114.189562 22.322046, 114.189539 22.322058, 114.189034 22.322283, 114.188958 22.322317)"
2514,1517,25,6705233473,275943901,0,49172303,黃竹街 Wong Chuk Street,tertiary,True,58.283,4,,,,,,"LINESTRING (114.164474 22.327597, 114.164542 22.327673, 114.164691 22.32784, 114.164835 22.328001)"
2515,1517,548,6705233473,991294824,0,49172304,汝州街 Yu Chau Street,tertiary,True,98.647,4,,,,,,"LINESTRING (114.164474 22.327597, 114.164386 22.327665, 114.164026 22.32794, 114.163945 22.328002, 114.163817 22.3281, 114.163735 22.328163)"
2516,1518,461,6705233479,804107973,0,150771652,常盛街 Sheung Shing Street,tertiary,False,9.96,2,,,,,,"LINESTRING (114.179807 22.317008, 114.179776 22.316924)"
2517,1518,1515,6705233479,6705233450,0,106149931,常盛街 Sheung Shing Street,tertiary,False,300.969,2,,,,,,"LINESTRING (114.179807 22.317008, 114.179877 22.317147, 114.18017 22.31773, 114.180497 22.318298, 114.180655 22.31854, 114.181155 22.319303, 114.181207 22.319382)"
2518,1518,1587,6705233479,8013314518,0,859695768;106149978,佛光街 Fat Kwong Street,secondary,True,31.049,2,50,,,,,"LINESTRING (114.179807 22.317008, 114.179958 22.316936, 114.179995 22.316922, 114.180036 22.316846)"
2519,1519,1414,6705233503,5135640272,0,85320820,譚公道 Tam Kung Road,tertiary,False,115.12400000000001,3,,,,,,"LINESTRING (114.188432 22.322529, 114.188407 22.322479, 114.188114 22.321889, 114.188086 22.321834, 114.187988 22.321638, 114.187964 22.321589)"
2520,1519,491,6705233503,988059733,0,449337018,馬頭角道 Ma Tau Kok Road,tertiary,True,57.712,2,,,,,,"LINESTRING (114.188432 22.322529, 114.188375 22.322556, 114.188042 22.322711, 114.188003 22.322726, 114.187929 22.322758)"
2521,1520,982,6705233518,1636543837,0,150771612,勵德街 Knight Street,tertiary,True,72.997,2,,,,,,"LINESTRING (114.176261 22.326882, 114.176265 22.326784, 114.176291 22.326226)"
2522,1520,14,6705233518,245088222,0,1208213594;268931956,界限街 Boundary Street,primary,True,190.944,4,,,,,,"LINESTRING (114.176261 22.326882, 114.176521 22.326887, 114.176624 22.326891, 114.1769 22.326902, 114.177272 22.326918, 114.177323 22.32692, 114.177461 22.326925, 114.17751 22.326928, 114.177899 22.326948, 114.178116 22.32696)"
2523,1521,644,6705233532,1158360140,0,1188528929,九龍公園徑 Kowloon Park Drive,primary,True,89.749,3,,,,,,"LINESTRING (114.170312 22.296282, 114.170436 22.295801, 114.170479 22.295635, 114.170517 22.295497)"
2524,1522,243,6705233557,394176281,0,458703405;458703374,喇沙利道 La Salle Road,tertiary,False,82.64699999999999,4,,,,,,"LINESTRING (114.181917 22.327116, 114.181925 22.327043, 114.181928 22.327011, 114.181958 22.326664, 114.18196 22.326642, 114.181976 22.326462, 114.181987 22.326375)"
2525,1522,535,6705233557,990120650,0,1315073891;1208213589;1208213590;458703375,界限街 Boundary Street,primary,True,190.588,4;3,,,,,,"LINESTRING (114.181917 22.327116, 114.182032 22.327121, 114.182758 22.327154, 114.183055 22.327166, 114.183107 22.327168, 114.183353 22.327179, 114.183566 22.327188, 114.183711 22.327195, 114.183768 22.327197)"
2526,1522,244,6705233557,394176283,0,1265722986;85320838,喇沙利道 La Salle Road,tertiary,False,342.611,3,,,,,,"LINESTRING (114.181917 22.327116, 114.181918 22.327238, 114.18192 22.327268, 114.181924 22.327529, 114.181931 22.327799, 114.181933 22.327873, 114.18194 22.328046, 114.18196 22.328474, 114.181984 22.329028, 114.182014 22.3297, 114.182032 22.330094, 114.182036 22.330195)"
2527,1523,1174,6705233595,1651827933,0,152359866,富寧街 Fu Ning Street,tertiary,False,62.714,2,,,,,,"LINESTRING (114.186879 22.325614, 114.186953 22.325504, 114.186969 22.32548, 114.187201 22.325135)"
2528,1523,1172,6705233595,1651827925,0,485763549,亞皆老街 Argyle Street,primary,True,147.77800000000002,3,,,,,,"LINESTRING (114.186879 22.325614, 114.185866 22.325003, 114.185825 22.324979, 114.185671 22.324894)"
2529,1524,278,6705233646,420027780,0,85988270,北河街 Pei Ho Street,residential,True,64.5,,,,,,,"LINESTRING (114.163972 22.331773, 114.163916 22.33171, 114.163631 22.331384, 114.163577 22.331322)"
2530,1524,680,6705233646,1166348471,0,100970013,北河街 Pei Ho Street,residential,True,57.084,2,,,,,,"LINESTRING (114.163972 22.331773, 114.164026 22.331798, 114.164039 22.331811, 114.164321 22.332116, 114.164348 22.332145)"
2531,1524,104,6705233646,308475679,0,437031183,元州街 Un Chau Street,secondary,True,115.37199999999999,3,,,,,,"LINESTRING (114.163972 22.331773, 114.163912 22.331823, 114.163589 22.332088, 114.163175 22.332405, 114.16312 22.332448)"
2532,1525,1278,6705233657,4294666033,0,710596162;85201092;435421063;957538094;85404078,北拱街 Pak Kung Street;信用街 Shun Yung Street,tertiary,False,260.04400000000004,2;3,,,,,,"LINESTRING (114.185826 22.311695, 114.185745 22.311739, 114.185473 22.311886, 114.185309 22.311974, 114.185285 22.311946, 114.185169 22.311762, 114.1847 22.31103, 114.184599 22.310915, 114.184521 22.310842, 114.184452 22.310778, 114.184399 22.310723, 114.184327 22.310653, 114.184282 22.3106, 114.184202 22.310524)"
2533,1525,469,6705233657,988059421,0,451816253,漆咸道北 Chatham Road North,primary,True,116.656,2,50,,,,,"LINESTRING (114.185826 22.311695, 114.186066 22.312072, 114.186136 22.31218, 114.18615 22.312203, 114.186306 22.312447, 114.186336 22.312489, 114.186403 22.312598)"
2534,1526,1380,6705233666,5102138240,0,524258514,窩打老道 Waterloo Road,primary,True,6.674,4,,,,,,"LINESTRING (114.175401 22.31856, 114.175438 22.318609)"
2535,1526,464,6705233666,804108396,0,524258516;150771653,梭椏道 Soares Avenue,tertiary,True,62.019999999999996,2,,,,,,"LINESTRING (114.175401 22.31856, 114.175366 22.318642, 114.175349 22.318683, 114.175335 22.318716, 114.17518 22.319079)"
2536,1527,1605,6705233672,8489568095,0,957538091,馬頭圍道 Ma Tau Wai Road,secondary,True,10.846,3,,,,,,"LINESTRING (114.187592 22.312249, 114.187582 22.312346)"
2537,1527,1361,6705233672,4988113111,0,85200999,機利士北路 Gillies Avenue North,secondary,True,24.597,2,,,,,,"LINESTRING (114.187592 22.312249, 114.187525 22.312248, 114.187356 22.31222)"
2538,1528,1310,6705233680,4848211641,0,5020531;111783430,梳士巴利道 Salisbury Road,secondary,True,83.957,4,50,,,,,"LINESTRING (114.169606 22.294496, 114.170118 22.294584, 114.170287 22.294613, 114.170409 22.294631)"
2539,1529,740,6718145426,1172757924,0,101558256,溫思勞街 Winslow Street,secondary,True,8.543,1,,,,,,"LINESTRING (114.183383 22.305943, 114.1834 22.306018)"
2540,1529,514,6718145426,990120107,0,1382980376;1382980380;494706919,暢通道 Cheong Tung Road,secondary_link,True,51.358999999999995,1,,,,,,"LINESTRING (114.183383 22.305943, 114.183448 22.305962, 114.183496 22.306001, 114.183543 22.30605, 114.183566 22.30607, 114.183686 22.306181, 114.183772 22.306219)"
2541,1530,1348,6718666186,4864359198,0,1175374455,紅磡南道 Hung Hom South Road,tertiary,True,16.143,3,,,,,,"LINESTRING (114.186045 22.304659, 114.186029 22.30467, 114.185991 22.304698, 114.185922 22.304748)"
2542,1531,1077,6718676088,1642184436,0,151396600,寶其利街 Bulkeley Street,tertiary,True,34.067,,,,,,,"LINESTRING (114.18622 22.306552, 114.185946 22.306724)"
2543,1532,543,6734895303,990625879,0,88718935,紅鸞道 Hung Luen Road,tertiary,True,9.073,2,,,,,,"LINESTRING (114.186615 22.300971, 114.186528 22.300959)"
2544,1532,1114,6734895303,1649048792,0,463634602;1207333514;1237535781,建灣街 Kin Wan Street,residential,True,98.5,1,,,,,,"LINESTRING (114.186615 22.300971, 114.186634 22.300906, 114.18664 22.300883, 114.18682 22.300499, 114.186844 22.300447, 114.186857 22.300416, 114.186869 22.300382, 114.18688 22.300352, 114.186892 22.300312, 114.186899 22.300278, 114.186891 22.300232, 114.186824 22.300159)"
2545,1533,1534,6748929685,6748929687,0,1079194357;1079194358,世運道 Olympic Avenue,secondary,True,28.718,2,,,,,,"LINESTRING (114.18976 22.325147, 114.189808 22.325235, 114.189827 22.325282, 114.189852 22.325389)"
2546,1533,1364,6748929685,5022506823,0,1193775412,幸運道 Hang Wan Road,secondary_link,True,21.746000000000002,,50,,,,,"LINESTRING (114.18976 22.325147, 114.189775 22.32507, 114.189792 22.324954)"
2547,1534,1676,6748929687,11469089672,0,85201046;1193775422;1242510027,世運道 Olympic Avenue,secondary,True,305.385,3,,,,,,"LINESTRING (114.189852 22.325389, 114.189884 22.325457, 114.190052 22.325815, 114.190125 22.325959, 114.190419 22.326474, 114.19045 22.326532, 114.190495 22.326603, 114.190547 22.32668, 114.190622 22.32678, 114.190706 22.326888, 114.190787 22.326972, 114.190897 22.327083, 114.190994 22.327166, 114.191156 22.327292, 114.191327 22.327425, 114.1914 22.32748, 114.191425 22.3275, 114.191548 22.327586)"
2548,1535,1448,6748938787,5772236401,0,718798699,宋皇臺道 Sung Wong Toi Road,secondary,True,14.63,1,,,,,,"LINESTRING (114.194463 22.322228, 114.194592 22.322173)"
2549,1535,1471,6748938787,6318862375,0,1181715332;1351563877;1351563878;1351563883;718798700;1351563884;1138054772,承啟道 Shing Kai Road,secondary,True,586.0059999999999,3,,,,,,"LINESTRING (114.194463 22.322228, 114.194509 22.322337, 114.19452 22.32236, 114.194527 22.322375, 114.194537 22.322396, 114.194547 22.322417, 114.194562 22.322449, 114.194638 22.322608, 114.194728 22.322742, 114.194826 22.322872, 114.19493 22.322998, 114.195042 22.323118, 114.19516 22.323233, 114.195284 22.323342, 114.195421 22.323448, 114.195519 22.32351, 114.195624 22.323573, 114.195743 22.323648, 114.195831 22.3237, 114.195911 22.323743, 114.195999 22.323789, 114.196045 22.323812, 114.196095 22.323838, 114.196134 22.323855, 114.196302 22.323925, 114.196601 22.32403, 114.196876 22.324111, 114.196974 22.32414, 114.197066 22.324162, 114.19765 22.324299, 114.197723 22.324316, 114.197783 22.32433, 114.197828 22.324341, 114.197952 22.32437, 114.198004 22.324383, 114.198036 22.32439, 114.198598 22.324534, 114.19874 22.324586, 114.19904 22.324673, 114.199067 22.324682, 114.199107 22.324694, 114.199196 22.324721)"
2550,1536,1121,6776083792,1649049019,0,1015745219,柯士甸路 Austin Avenue,residential,True,18.571,,,,,,,"LINESTRING (114.175466 22.302399, 114.175634 22.302337)"
2551,1537,1536,6776083800,6776083792,0,1015745218,柯士甸路 Austin Avenue,residential,True,20.496000000000002,,,,,,,"LINESTRING (114.175358 22.302297, 114.175352 22.302333, 114.175356 22.302359, 114.175366 22.302377, 114.175384 22.302393, 114.17541 22.302402, 114.175437 22.302404, 114.175466 22.302399)"
2552,1538,965,6778000698,1625209971,0,758757203,伊利沙伯醫院路 Queen Elizabeth Hospital Road,residential,True,31.241999999999997,1,,,,,,"LINESTRING (114.174348 22.307402, 114.174362 22.30754, 114.174347 22.307681)"
2553,1539,1228,6778870958,2558033473,0,249136567,沐和街 Muk Wo Street,residential,False,96.984,2,,,,,,"LINESTRING (114.192656 22.326609, 114.193064 22.326999, 114.193265 22.327192, 114.193314 22.327234)"
2554,1539,1227,6778870958,2558033462,0,249136567,沐和街 Muk Wo Street,residential,False,155.58200000000002,2,,,,,,"LINESTRING (114.192656 22.326609, 114.192498 22.326458, 114.192176 22.326151, 114.191692 22.325688, 114.191604 22.325604)"
2555,1539,1700,6778870958,12978194686,0,1175624746,德高道 Dakota Drive,residential,False,119.464,2,,,,,,"LINESTRING (114.192656 22.326609, 114.192521 22.32673, 114.192058 22.327147, 114.191824 22.327359)"
2556,1540,917,6778873058,1408521475,0,723795988,九龍城迴旋處 Kowloon City Roundabout,secondary,True,20.798,2,,,,,,"LINESTRING (114.189685 22.326764, 114.189633 22.326804, 114.189586 22.326848, 114.189544 22.326898)"
2557,1541,332,6778873063,568156941,0,1315073922;37589032;44820809;1315075498;44811439;767600304;723795989;44810904;85201055,九龍城天橋 Kowloon City flyover;太子道東 Prince Edward Road East,primary,True,1029.678,2;3,50,,,viaduct;yes,,"LINESTRING (114.189127 22.325376, 114.189205 22.325453, 114.189468 22.325978, 114.189718 22.326466, 114.189796 22.326624, 114.189867 22.326747, 114.18993 22.326844, 114.190005 22.326945, 114.190078 22.327036, 114.190154 22.327118, 114.190248 22.327208, 114.19035 22.327294, 114.190455 22.32737, 114.190557 22.327435, 114.190645 22.327487, 114.190749 22.327544, 114.191304 22.327831, 114.191435 22.327902, 114.191554 22.327974, 114.191666 22.32805, 114.191756 22.328118, 114.192312 22.328568, 114.192456 22.328695, 114.192488 22.328723, 114.192874 22.32909, 114.192987 22.3292, 114.19301 22.329222, 114.193098 22.329308, 114.194764 22.330932, 114.195551 22.3317, 114.195749 22.331896, 114.195857 22.332051)"
2558,1541,1540,6778873063,6778873058,0,722663319;767600305;767600303,馬頭涌道 Ma Tau Chung Road,secondary,True,167.114,2,,,,,,"LINESTRING (114.189127 22.325376, 114.189136 22.325486, 114.189153 22.325522, 114.189218 22.32565, 114.189324 22.32585, 114.189457 22.326104, 114.189465 22.32612, 114.189511 22.326217, 114.189604 22.326413, 114.189686 22.326583, 114.189696 22.326628, 114.1897 22.326674, 114.189699 22.326701, 114.189685 22.326764)"
2559,1542,1019,6785924022,1636768937,0,150801673,石龍街 Shek Lung Street,residential,False,135.339,2,,,,,,"LINESTRING (114.167802 22.311872, 114.167825 22.311876, 114.168352 22.311965, 114.169029 22.312082, 114.169096 22.312093)"
2560,1543,599,6834003674,1151084846,0,99517936,碧街 Pitt Street,tertiary,True,103.777,1,,,,,,"LINESTRING (114.171174 22.314006, 114.171412 22.314052, 114.17147 22.314063, 114.171707 22.314106, 114.171889 22.314139, 114.171934 22.314147, 114.172163 22.31419)"
2561,1544,1010,6836319731,1636768897,0,441937732,上海街 Shanghai Street,secondary,True,68.444,3,,,,,,"LINESTRING (114.169839 22.310697, 114.169852 22.310629, 114.169942 22.310149, 114.169953 22.31009)"
2562,1545,1613,6843885034,8983466243,0,970658210,染布房街 Yim Po Fong Street,secondary,True,12.177,1,,,,,,"LINESTRING (114.172679 22.319976, 114.172718 22.319873)"
2563,1545,904,6843885034,1222131060,0,268598771,亞皆老街 Argyle Street,primary,True,100.06700000000001,3,,,,,,"LINESTRING (114.172679 22.319976, 114.173299 22.320084, 114.173634 22.320146)"
2564,1546,1275,6874825449,3909038855,0,387654208,祐滿街 Yau Moon Street,residential,False,45.943000000000005,,,,,,,"LINESTRING (114.17541 22.317631, 114.175073 22.317845, 114.175042 22.317865)"
2565,1547,1554,7083071999,7232872979,0,775256345;758429628,沐元街 Muk Yuen Street,residential,False,101.97,2,,,,,,"LINESTRING (114.198393 22.332042, 114.198464 22.33188, 114.198489 22.331822, 114.198661 22.331429, 114.198683 22.331385, 114.198715 22.331342, 114.198756 22.331308, 114.198805 22.331282, 114.198858 22.331268)"
2566,1547,1548,7083071999,7083072003,0,758429631,沐元街 Muk Yuen Street,residential,True,26.791,1,,,,,,"LINESTRING (114.198393 22.332042, 114.198322 22.332104, 114.198253 22.332138, 114.198177 22.332173)"
2567,1548,1246,7083072003,2873992839,0,758429635,協調道 Concorde Road,secondary,True,111.57499999999999,2,,,,,,"LINESTRING (114.198177 22.332173, 114.198134 22.332152, 114.197982 22.332044, 114.197831 22.331933, 114.19776 22.331875, 114.197615 22.331757, 114.197589 22.331733, 114.197547 22.331695, 114.197498 22.331638, 114.197455 22.33157, 114.197412 22.331482)"
2568,1549,148,7112890483,332248700,0,1299955110;876114731;30150799;101476149;101476150;890077782,渡船街 Ferry Street,trunk_link,True,432.5849999999999,2,,,,viaduct,,"LINESTRING (114.167003 22.309328, 114.166967 22.309425, 114.166932 22.309531, 114.166911 22.309622, 114.166905 22.30972, 114.166909 22.309807, 114.16693 22.309902, 114.166977 22.310014, 114.167026 22.310125, 114.167069 22.310246, 114.167087 22.310364, 114.167082 22.310488, 114.167024 22.31096, 114.166881 22.311718, 114.166837 22.312121, 114.166812 22.312486, 114.166805 22.312583, 114.166788 22.313162)"
2569,1550,1483,7177629350,6499683002,0,104806430,亞皆老街 Argyle Street,secondary,True,163.075,2,,,,,,"LINESTRING (114.176744 22.320778, 114.176142 22.320515, 114.176088 22.320497, 114.17602 22.320474, 114.175943 22.320454, 114.175856 22.320431, 114.175778 22.320414, 114.175683 22.320394, 114.175575 22.320373, 114.175428 22.320358, 114.175245 22.320348)"
2570,1551,901,7177677661,1222130515,0,970658219;970658220,亞皆老街 Argyle Street,primary,True,66.19,4,,,,,,"LINESTRING (114.174701 22.320246, 114.174639 22.320233, 114.174405 22.320186, 114.174234 22.320153, 114.174072 22.320121)"
2571,1552,868,7195450870,1194152581,0,881965022,福華街 Fuk Wa Street,tertiary,True,108.405,,,,,,,"LINESTRING (114.160557 22.332913, 114.160586 22.33289, 114.161249 22.332367, 114.161315 22.332315, 114.16136 22.332281)"
2572,1553,96,7202626698,308473424,0,856316230;246482271,亞皆老街 Argyle Street,primary,True,47.715,4,,,,,,"LINESTRING (114.169885 22.319389, 114.169692 22.319357, 114.169581 22.319339, 114.169536 22.319331, 114.169429 22.319312)"
2573,1554,1547,7232872979,7083071999,0,775256345;758429628,沐元街 Muk Yuen Street,residential,False,101.97,2,,,,,,"LINESTRING (114.198858 22.331268, 114.198805 22.331282, 114.198756 22.331308, 114.198715 22.331342, 114.198683 22.331385, 114.198661 22.331429, 114.198489 22.331822, 114.198464 22.33188, 114.198393 22.332042)"
2574,1555,1051,7257383491,1640472920,0,1203105169;255227450;1203105170,大角咀道 Tai Kok Tsui Road,tertiary,True,82.306,2,,,,,,"LINESTRING (114.16195 22.324927, 114.161955 22.324837, 114.161962 22.324483, 114.161969 22.324245, 114.16197 22.324187)"
2575,1556,810,7262574289,1185400526,0,149555160,廟街 Temple Street,residential,True,23.485999999999997,1,,,,,,"LINESTRING (114.170775 22.308526, 114.170751 22.308569, 114.170739 22.3086, 114.170746 22.308632, 114.170766 22.30868, 114.170779 22.308724)"
2576,1556,937,7262574289,1624950124,0,1473607976,甘肅街 Kansu Street,secondary,True,72.18599999999999,2,,,,,,"LINESTRING (114.170775 22.308526, 114.170739 22.308534, 114.170527 22.30858, 114.170187 22.308656, 114.170093 22.308677)"
2577,1557,1062,7318017040,1641766422,0,783545857,海壇街 Hai Tan Street,residential,False,17.073999999999998,,,,,,,"LINESTRING (114.156945 22.329771, 114.157032 22.329699, 114.157068 22.329668)"
2578,1558,574,7319246409,1140062911,0,101294781,火石道 Flint Road,residential,False,14.392,,,,,,,"LINESTRING (114.179917 22.328676, 114.179777 22.328683)"
2579,1559,574,7319246410,1140062911,0,218818484,何東道 Ho Tung Road,residential,False,8.516,,,,,,,"LINESTRING (114.179781 22.328759, 114.179777 22.328683)"
2580,1560,1306,7328499113,4844962261,0,1262589460;784464005,柯士甸道西 Austin Road West,primary,True,40.228,3,,,,,,"LINESTRING (114.167111 22.302853, 114.16702 22.302844, 114.166886 22.302828, 114.166806 22.302818, 114.166723 22.302807)"
2581,1560,1425,7328499113,5137163580,0,621378920;1262589459;859737027,柯士甸道西 Austin Road West,tertiary,True,323.109,1,,,,,,"LINESTRING (114.167111 22.302853, 114.167032 22.302789, 114.166925 22.302732, 114.166816 22.302706, 114.166735 22.302688, 114.166661 22.302674, 114.166014 22.302569, 114.165969 22.302565, 114.165924 22.302568, 114.165876 22.302581, 114.165848 22.3026, 114.165825 22.302625, 114.16581 22.302655, 114.165801 22.302682, 114.165797 22.302708, 114.165796 22.302737, 114.165802 22.302772, 114.165828 22.302846, 114.165849 22.3029, 114.165872 22.30294, 114.165902 22.302974, 114.165939 22.302993, 114.16598 22.303006, 114.166024 22.303012, 114.166652 22.303048, 114.16677 22.303055, 114.16703 22.303068, 114.167242 22.302988)"
2582,1561,189,7539621741,334651084,0,1196816160;806271930,連翔道 Lin Cheung Road,trunk,True,147.90800000000002,3,50,,,,,"LINESTRING (114.159396 22.318144, 114.159287 22.318423, 114.15922 22.318592, 114.15887 22.319382)"
2583,1562,1459,7552903385,6052491085,0,807670504,油麻地交匯處 Yau Ma Tei Interchange,trunk_link,True,16.907,,,,,,,"LINESTRING (114.165188 22.310527, 114.165127 22.310538, 114.165027 22.310559)"
2584,1562,1455,7552903385,6052471816,0,806992601;1418296170;1419431795,海泓道 Hoi Wang Road,tertiary,True,159.906,1,,,,,,"LINESTRING (114.165188 22.310527, 114.165197 22.310674, 114.165196 22.310735, 114.165188 22.310881, 114.165184 22.310947, 114.165163 22.311066, 114.165147 22.311158, 114.165115 22.311272, 114.165045 22.311396, 114.164852 22.311694, 114.16481 22.311754, 114.164785 22.311802, 114.164767 22.311874)"
2585,1563,1590,7553343509,8013614910,0,807722993;1032597223,連翔道 Lin Cheung Road,secondary,True,17.532,4;5,,,,,,"LINESTRING (114.164062 22.306201, 114.164068 22.306115, 114.164068 22.306044)"
2586,1564,1626,7553343510,9514046711,0,1032597226;1032597228;1032597229,連翔道 Lin Cheung Road,primary_link,True,38.22,2,,,,,,"LINESTRING (114.1637 22.306232, 114.163687 22.306412, 114.163686 22.306431, 114.163686 22.306445, 114.163683 22.306575)"
2587,1564,1423,7553343510,5137163566,0,1032597225;621378931;1032597230,連翔道 Lin Cheung Road,secondary,True,36.53,2,,,,,,"LINESTRING (114.1637 22.306232, 114.163738 22.306415, 114.163742 22.306434, 114.163742 22.306449, 114.163762 22.306555)"
2588,1565,1355,7559784465,4928401453,0,105307493,佐敦道 Jordan Road,primary,True,79.795,4,,,,,,"LINESTRING (114.165122 22.306238, 114.164566 22.306354, 114.164552 22.306357, 114.164538 22.30636, 114.164366 22.306396)"
2589,1566,807,7559784469,1185400508,0,1206288160;254562434;1206288159,佐敦道 Jordan Road,primary,True,144.916,4;3,,,,,,"LINESTRING (114.165504 22.306316, 114.165955 22.306222, 114.166112 22.306173, 114.166191 22.306155, 114.166254 22.30614, 114.166282 22.306134, 114.166314 22.306126, 114.166723 22.306028, 114.166869 22.305993)"
2590,1567,1445,7559804891,5705662284,0,149524461;808444717,海泓道 Hoi Wang Road,tertiary,True,25.874000000000002,2,,,,,,"LINESTRING (114.165036 22.308835, 114.165019 22.30891, 114.165023 22.308933, 114.165025 22.308947, 114.165027 22.308963, 114.165048 22.309064)"
2591,1567,1698,7559804891,12873318556,0,1395779355;1390725740,海泓道 Hoi Wang Road,tertiary_link,True,26.075,2,,,,,,"LINESTRING (114.165036 22.308835, 114.165089 22.308895, 114.165096 22.308917, 114.1651 22.308934, 114.165104 22.308947, 114.165126 22.309048)"
2592,1568,34,7560529772,276372740,0,492704915,上海街 Shanghai Street,secondary,True,65.055,3,,,,,,"LINESTRING (114.170062 22.309443, 114.170151 22.309008, 114.170144 22.308866)"
2593,1569,1570,7598921135,7598921136,0,1432742787,加士居道 Gascoigne Road,residential,False,10.275,1,50,,,,,"LINESTRING (114.172236 22.308883, 114.172229 22.308975)"
2594,1569,1570,7598921135,7598921136,1,813501069,加士居道 Gascoigne Road,residential,True,21.852,1,,,,,,"LINESTRING (114.172236 22.308883, 114.172189 22.308881, 114.172154 22.308924, 114.172164 22.308955, 114.172184 22.308972, 114.172229 22.308975)"
2595,1569,921,7598921135,1428870156,0,129521146,加士居道 Gascoigne Road,residential,False,68.182,2,50,,,,,"LINESTRING (114.172236 22.308883, 114.172285 22.308395, 114.172284 22.308356, 114.172272 22.308323, 114.17223 22.308293)"
2596,1570,922,7598921136,1428870157,0,1432742786,加士居道 Gascoigne Road,residential,False,42.998,1,50,,,,,"LINESTRING (114.172229 22.308975, 114.172191 22.30936)"
2597,1570,1569,7598921136,7598921135,0,1432742787,加士居道 Gascoigne Road,residential,False,10.275,1,50,,,,,"LINESTRING (114.172229 22.308975, 114.172236 22.308883)"
2598,1571,850,7598953722,1189559654,0,103020441,衛理徑 Wylie Path,residential,False,271.19,,,,,,,"LINESTRING (114.178192 22.307886, 114.178016 22.308364, 114.177997 22.308391, 114.177978 22.308402, 114.17795 22.308414, 114.177924 22.308414, 114.17789 22.308406, 114.177452 22.30824, 114.177367 22.308203, 114.177353 22.308183, 114.177341 22.308161, 114.17733 22.308131, 114.177452 22.307664, 114.177441 22.307617, 114.177402 22.307582, 114.17683 22.307437, 114.176764 22.30742)"
2599,1572,24,7600185393,275935771,0,996080264;963535970;996080260,大坑東道 Tai Hang Tung Road,secondary,True,26.984,1,,,,,,"LINESTRING (114.172064 22.327112, 114.172054 22.327162, 114.17204 22.327229, 114.172038 22.327273, 114.172056 22.327351)"
2600,1572,1480,7600185393,6374552943,0,996080265;813639929,,secondary_link,True,27.753999999999998,1,,,,,,"LINESTRING (114.172064 22.327112, 114.172079 22.327167, 114.172094 22.327227, 114.172108 22.327269, 114.172143 22.327304, 114.17218 22.327325)"
2601,1573,576,7602824502,1140062938,0,813897780,窩打老道 Waterloo Road,trunk,True,123.386,4,50,1,,,,"LINESTRING (114.178186 22.323412, 114.178194 22.323512, 114.17823 22.32414, 114.178258 22.324519)"
2602,1574,480,7615923500,988059579,0,1294612851,落山道 Lok Shan Road,tertiary,True,47.416000000000004,3,,,,,,"LINESTRING (114.190066 22.316033, 114.189812 22.316244, 114.189782 22.316269, 114.189724 22.316319)"
2603,1575,1576,7619659728,7619661751,0,815851235;683711574,馬頭圍道 Ma Tau Wai Road,primary_link,True,29.222,2,,,,,,"LINESTRING (114.187541 22.315572, 114.187602 22.315645, 114.187621 22.315663, 114.18764 22.315681, 114.18766 22.315697, 114.187688 22.315709, 114.187717 22.315724, 114.187754 22.315737)"
2604,1575,1129,7619659728,1651827748,0,1374425472;493747035,馬頭圍道 Ma Tau Wai Road,primary,True,84.957,2,50,,,,,"LINESTRING (114.187541 22.315572, 114.187517 22.315677, 114.187519 22.315878, 114.187519 22.315902, 114.187518 22.315924, 114.18752 22.316333)"
2605,1576,525,7619661751,990120326,0,85201057;37663973,馬頭圍道 Ma Tau Wai Road;漆咸道北 Chatham Road North,primary,True,331.543,3,50,,,,,"LINESTRING (114.187754 22.315737, 114.187762 22.31547, 114.187758 22.315381, 114.187743 22.315247, 114.18773 22.31518, 114.187699 22.315048, 114.187653 22.314854, 114.187619 22.314718, 114.187576 22.314542, 114.187521 22.314343, 114.187487 22.314222, 114.187443 22.314092, 114.187432 22.31406, 114.187422 22.31403, 114.187389 22.313948, 114.187344 22.31384, 114.187286 22.313707, 114.187236 22.313606, 114.187222 22.313581, 114.187171 22.31349, 114.186814 22.312931)"
2606,1576,1128,7619661751,1651827744,0,683711572;1210647525;1210647526,浙江街 Chi Kiang Street,secondary,True,102.99999999999999,4;3,,,,,,"LINESTRING (114.187754 22.315737, 114.187799 22.315734, 114.187846 22.315717, 114.187944 22.315673, 114.188264 22.315528, 114.18854 22.315399, 114.188576 22.315382, 114.188654 22.315339)"
2607,1577,1085,7635476606,1642184595,0,817560626,蕪湖街 Wuhu Street,secondary,False,9.188,3,,,,,,"LINESTRING (114.184986 22.307895, 114.185061 22.30785)"
2608,1577,368,7635476606,582486620,0,833662231,蕪湖街 Wuhu Street,secondary,False,59.424,3,,,,,,"LINESTRING (114.184986 22.307895, 114.184941 22.307923, 114.184898 22.30795, 114.184631 22.308116, 114.184545 22.30817, 114.184507 22.308193)"
2609,1579,1580,7635791091,7635791092,0,817600053,蘭開夏道 Lancashire Road,tertiary,True,12.582,2,,,,,,"LINESTRING (114.178752 22.330377, 114.17863 22.330385)"
2610,1579,989,7635791091,1636543916,0,150595718;767532074;767532075;1064758349;767525167;767532081,窩打老道 Waterloo Road,trunk,True,184.002,4;3,50,1,,,,"LINESTRING (114.178752 22.330377, 114.17872 22.329812, 114.178717 22.329758, 114.178709 22.329628, 114.178704 22.329554, 114.178701 22.3295, 114.178693 22.329383, 114.178669 22.329014, 114.178651 22.328725)"
2611,1580,109,7635791092,316731595,0,28808044;28808037;817600054,金巴倫道 Cumberland Road;雅息士道 Essex Crescent,tertiary_link;tertiary,True,170.51,1,,,,,,"LINESTRING (114.17863 22.330385, 114.178578 22.330389, 114.178542 22.330391, 114.178216 22.330413, 114.178129 22.330415, 114.178043 22.330411, 114.177957 22.3304, 114.177873 22.330384, 114.177784 22.330359, 114.177697 22.330328, 114.177614 22.33029, 114.177534 22.330246, 114.177458 22.330196, 114.177388 22.330141, 114.177322 22.33008, 114.177283 22.330068, 114.177242 22.330066, 114.177199 22.330075, 114.177165 22.330091, 114.177134 22.330117, 114.177112 22.330149)"
2612,1580,971,7635791092,1634974118,0,1213727680;1213727678;1213727679,窩打老道 Waterloo Road,trunk,True,227.164,4;3,50,1,,,,"LINESTRING (114.17863 22.330385, 114.178689 22.331431, 114.178717 22.331935, 114.178732 22.332201, 114.178744 22.332425)"
2613,1581,733,7677313935,1172757541,0,101558283,紅磡繞道 Hung Hom Bypass,primary_link,True,10.753,1,,,,yes,,"LINESTRING (114.184078 22.302277, 114.184164 22.302222)"
2614,1581,530,7677313935,990120446,0,1287336288;1384347585;85404040;85404077;1287336287,紅荔道 Hung Lai Road,tertiary,True,194.53499999999997,1,,,,yes,,"LINESTRING (114.184078 22.302277, 114.184136 22.302328, 114.184187 22.302377, 114.184214 22.302419, 114.18423 22.302455, 114.18424 22.302501, 114.184244 22.302555, 114.184241 22.302798, 114.184235 22.302956, 114.184224 22.303237, 114.184219 22.303437, 114.184219 22.303596, 114.18424 22.303656, 114.184267 22.303699, 114.184323 22.303761, 114.184351 22.303786, 114.18447 22.303884)"
2615,1581,215,7677313935,384147520,0,85404098;822238476;1213773695,紅磡繞道 Hung Hom Bypass,primary,True,299.82,2;1,50;70,,,yes,,"LINESTRING (114.184078 22.302277, 114.18407 22.302939, 114.184052 22.303527, 114.184024 22.303776, 114.183956 22.304018, 114.183871 22.304217, 114.183671 22.304548, 114.183539 22.304687, 114.183419 22.304812)"
2616,1582,741,7677313936,1172757927,0,1237546164;822238477;1237546166;1237546165,紅磡繞道 Hung Hom Bypass,primary,True,181.643,2;3,50,,,yes,,"LINESTRING (114.183309 22.305062, 114.183582 22.304841, 114.183694 22.304733, 114.183784 22.304637, 114.183856 22.304543, 114.183891 22.304498, 114.183938 22.304434, 114.183996 22.304351, 114.184041 22.304279, 114.184086 22.3042, 114.184125 22.304126, 114.184164 22.304045, 114.184211 22.303935, 114.184257 22.303798, 114.184276 22.303731)"
2617,1582,518,7677313936,990120169,0,1237546155;85320818;101558260;1287326519;1237546167,紅磡繞道 Hung Hom Bypass,primary_link,True,408.74499999999995,1,50,,,yes,,"LINESTRING (114.183309 22.305062, 114.183601 22.304883, 114.183724 22.304784, 114.183836 22.304684, 114.183936 22.30458, 114.183968 22.30454, 114.183994 22.304509, 114.18406 22.304417, 114.18413 22.304301, 114.184174 22.30422, 114.18425 22.30407, 114.184301 22.303943, 114.18433 22.303878, 114.184352 22.303825, 114.184372 22.303755, 114.18444 22.303512, 114.184464 22.303364, 114.184492 22.303197, 114.184506 22.303073, 114.18452 22.302778, 114.184532 22.302275, 114.18452 22.302112, 114.184472 22.301868, 114.184461 22.301812, 114.184455 22.30178)"
2618,1583,145,7706752788,332246178,0,1173383971;1448405604;1448405605;30150635;1429930010,加士居道天橋 Gascoigne Road Flyover,trunk_link,True,278.358,1;2,50,,,yes,,"LINESTRING (114.168173 22.309327, 114.168027 22.309366, 114.167934 22.30939, 114.167784 22.309433, 114.167706 22.30947, 114.167663 22.30951, 114.167619 22.309554, 114.167584 22.3096, 114.167541 22.309649, 114.167506 22.309695, 114.167468 22.309748, 114.167437 22.3098, 114.167415 22.309843, 114.167387 22.309894, 114.16736 22.30995, 114.167334 22.31, 114.167308 22.31005, 114.16728 22.310111, 114.167256 22.310168, 114.167234 22.310225, 114.167219 22.310271, 114.167204 22.310337, 114.167182 22.310421, 114.167163 22.310533, 114.16709 22.310994, 114.167054 22.31124, 114.167027 22.311376)"
2619,1583,148,7706752788,332248700,0,1448405603;101205475;890077783;1426195161;30150778,加士居道天橋 Gascoigne Road Flyover,trunk,True,466.5840000000001,1;2,50,5,,viaduct,,"LINESTRING (114.168173 22.309327, 114.168041 22.309394, 114.167953 22.309441, 114.167856 22.3095, 114.167764 22.309569, 114.167658 22.309678, 114.1676 22.309754, 114.167532 22.309857, 114.167472 22.30996, 114.167429 22.310047, 114.167407 22.310104, 114.167371 22.310217, 114.16734 22.310335, 114.167314 22.310477, 114.16722 22.31098, 114.167134 22.311444, 114.167026 22.311957, 114.166972 22.312265, 114.166913 22.312598, 114.166788 22.313162)"
2620,1584,1151,7716896564,1651827852,0,692867009;25157049;692867012;826508381,東九龍走廊 East Kowloon Corridor;啟德隧道 Kai Tak Tunnel,trunk,True,1233.1889999999999,2;3,70,5,,,yes,"LINESTRING (114.200467 22.324046, 114.193165 22.324201, 114.193001 22.324196, 114.192799 22.324179, 114.19257 22.324132, 114.192337 22.32406, 114.192113 22.323962, 114.19193 22.323847, 114.191766 22.323699, 114.191642 22.323536, 114.191465 22.323264, 114.190708 22.321668, 114.190632 22.321454, 114.190598 22.321327, 114.190576 22.321228, 114.190553 22.321133, 114.19053 22.321045)"
2621,1586,193,7859225532,334651930,0,879823969;947230532;492431472;282458865;30343634,連翔道 Lin Cheung Road,trunk_link,True,221.774,2;3,,,,,,"LINESTRING (114.157462 22.321523, 114.157405 22.321636, 114.157369 22.321704, 114.157335 22.32176, 114.157071 22.322138, 114.156826 22.322482, 114.156562 22.322845, 114.156434 22.323064, 114.156335 22.323221)"
2622,1586,1198,7859225532,1784785777,0,842448384;263838961;947230507,海輝道 Hoi Fai Road,secondary,True,93.801,2,,,,yes,,"LINESTRING (114.157462 22.321523, 114.157472 22.32156, 114.157489 22.321595, 114.15751 22.321629, 114.157557 22.321687, 114.157612 22.321744, 114.157677 22.321795, 114.157744 22.32184, 114.157794 22.32187, 114.157834 22.32189, 114.157902 22.321919, 114.157968 22.321944, 114.158066 22.321965, 114.15817 22.321986)"
2623,1587,1588,8013314518,8013314519,0,859695761;859695762;859695763;859695764,佛光街 Fat Kwong Street,secondary,False,111.236,5;4,50,,,,,"LINESTRING (114.180036 22.316846, 114.180096 22.316821, 114.180301 22.316727, 114.180436 22.31668, 114.180577 22.316603, 114.180726 22.316503, 114.180833 22.316427, 114.180949 22.316325)"
2624,1587,461,8013314518,804107973,0,494250553;859695767,佛光街 Fat Kwong Street,secondary,True,28.636,3,50,,,,,"LINESTRING (114.180036 22.316846, 114.17996 22.316848, 114.179921 22.316863, 114.179776 22.316924)"
2625,1588,1587,8013314519,8013314518,0,859695761;859695762;859695763;859695764,佛光街 Fat Kwong Street,secondary,False,111.236,4;5,50,,,,,"LINESTRING (114.180949 22.316325, 114.180833 22.316427, 114.180726 22.316503, 114.180577 22.316603, 114.180436 22.31668, 114.180301 22.316727, 114.180096 22.316821, 114.180036 22.316846)"
2626,1588,902,8013314519,1222130707,0,106149990;859695770;449337012;859695774,佛光街 Fat Kwong Street,secondary,True,221.203,2;3,50,,,,,"LINESTRING (114.180949 22.316325, 114.181026 22.316297, 114.181057 22.316271, 114.181134 22.31621, 114.181174 22.316174, 114.181221 22.31614, 114.181305 22.316038, 114.181321 22.316007, 114.181383 22.315867, 114.181438 22.315728, 114.181476 22.3156, 114.181498 22.315499, 114.181517 22.315412, 114.181533 22.315269, 114.181567 22.315033, 114.181582 22.314939, 114.18167 22.3146, 114.181684 22.31454)"
2627,1589,1592,8013560797,8059647319,0,864696306,,tertiary_link,True,11.819,1,,,,,,"LINESTRING (114.160472 22.305414, 114.160586 22.305428)"
2628,1589,1024,8013560797,1640472711,0,864696304;25590122,雅翔道 Nga Cheung Road,tertiary,True,220.049,2,,,,,,"LINESTRING (114.160472 22.305414, 114.160597 22.30568, 114.160931 22.306434, 114.160982 22.30654, 114.161053 22.306672, 114.161205 22.306952, 114.16124 22.307025, 114.16127 22.307118, 114.161312 22.307232)"
2629,1590,1450,8013614910,5870086800,0,807722993;1032597221;1032597222,連翔道 Lin Cheung Road,secondary,True,46.6,5;4,,,,,,"LINESTRING (114.164068 22.306044, 114.164068 22.305972, 114.164055 22.30588, 114.164053 22.305729, 114.164055 22.305625)"
2630,1591,1564,8013614911,7553343510,0,1032597227,連翔道 Lin Cheung Road,secondary,True,25.066,4,,,,,,"LINESTRING (114.163711 22.306007, 114.1637 22.306232)"
2631,1591,1590,8013614911,8013614910,0,592552295,連翔道 Lin Cheung Road,secondary_link,True,42.215999999999994,1,,,,,,"LINESTRING (114.163711 22.306007, 114.163754 22.30606, 114.163803 22.306096, 114.163881 22.306101, 114.16394 22.306089, 114.163979 22.306075, 114.164068 22.306044)"
2632,1592,1593,8059647319,8059647322,0,864696303,雅翔道 Nga Cheung Road,tertiary,True,24.113,2,,,,,,"LINESTRING (114.160586 22.305428, 114.160502 22.305226)"
2633,1593,910,8059647322,1329833940,0,864198731;1204054275;864696302;864198727,雅翔道 Nga Cheung Road,tertiary,True,247.76399999999998,2,,,,,,"LINESTRING (114.160502 22.305226, 114.160494 22.305208, 114.160435 22.305076, 114.160249 22.304661, 114.160182 22.30451, 114.160006 22.304105, 114.159996 22.304083, 114.159964 22.304014, 114.15993 22.303935, 114.159834 22.303719, 114.159812 22.303669, 114.159689 22.303391, 114.159652 22.303282, 114.159626 22.303153)"
2634,1594,1589,8059647323,8013560797,0,864696301,雅翔道 Nga Cheung Road,tertiary,True,24.865,2,,,,,,"LINESTRING (114.160377 22.305209, 114.160472 22.305414)"
2635,1594,1593,8059647323,8059647322,0,864696308,,tertiary_link,True,12.998,1,,,,,,"LINESTRING (114.160377 22.305209, 114.160502 22.305226)"
2636,1595,1241,8184472141,2863929182,0,879823971;282458860;282458861,海輝道 Hoi Fai Road,tertiary,True,144.919,2,,,,,,"LINESTRING (114.157661 22.321171, 114.157582 22.321165, 114.157507 22.321155, 114.157427 22.321139, 114.157373 22.321125, 114.157326 22.321106, 114.157271 22.321078, 114.15722 22.321044, 114.157168 22.321001, 114.15711 22.320945, 114.157015 22.320844, 114.156966 22.320784, 114.156908 22.320709, 114.156861 22.320644, 114.156814 22.32057, 114.156745 22.320429, 114.156695 22.320333)"
2637,1595,58,8184472141,288995220,0,151226297;963341084;963341085,海輝道 Hoi Fai Road,secondary,True,44.464,2,,,,,,"LINESTRING (114.157661 22.321171, 114.157596 22.321212, 114.157554 22.321246, 114.157524 22.32128, 114.157496 22.321317, 114.157477 22.321354, 114.157466 22.321393, 114.15746 22.321444, 114.157458 22.321478, 114.157457 22.321498)"
2638,1596,590,8201906508,1151084802,0,102454134,窩打老道 Waterloo Road,primary,True,61.441,3,,,,,,"LINESTRING (114.170016 22.31293, 114.170062 22.312938, 114.170467 22.313011, 114.170497 22.313016, 114.170602 22.313035)"
2639,1596,82,8201906508,308473179,0,987256888,砵蘭街 Portland Street,tertiary,True,96.17,1,,,,,,"LINESTRING (114.170016 22.31293, 114.170014 22.312943, 114.17001 22.312964, 114.170008 22.312974, 114.170005 22.312988, 114.169873 22.313634, 114.16986 22.313697, 114.169849 22.313752, 114.169843 22.31378)"
2640,1597,572,8258544476,1139904730,0,888280062,公主道 Princess Margaret Road,trunk,True,89.535,3,70,1,,,,"LINESTRING (114.178812 22.318202, 114.17886 22.318293, 114.17899 22.318537, 114.179139 22.318814, 114.17917 22.318933)"
2641,1598,1493,8272842739,6612901838,0,30150465;890077779,渡船街 Ferry Street,trunk,True,46.632999999999996,4;3,50,5,,,,"LINESTRING (114.166502 22.315448, 114.166494 22.315578, 114.166454 22.315864)"
2642,1599,626,8349163524,1152803593,0,99713773,長沙灣道 Cheung Sha Wan Road,primary,True,5.126,4,,,,,,"LINESTRING (114.167891 22.326524, 114.167913 22.326482)"
2643,1599,985,8349163524,1636543843,0,99713776,界限街 Boundary Street,primary,True,65.849,2,,,,,,"LINESTRING (114.167891 22.326524, 114.168051 22.326549, 114.16837 22.32656, 114.168421 22.326563, 114.168478 22.326572, 114.168527 22.326582)"
2644,1600,1601,8438621459,8438621461,0,30151248,德昌街 Tak Cheong Street,residential,True,34.797,1,,,,,,"LINESTRING (114.166861 22.31581, 114.166869 22.315773, 114.166914 22.315501)"
2645,1601,1686,8438621461,12071373910,0,963165560,德昌街 Tak Cheong Street,residential,False,36.83,1,,,,,,"LINESTRING (114.166914 22.315501, 114.166969 22.315173)"
2646,1601,700,8438621461,1168315922,0,908833794,,primary_link,True,21.65,1,,,,,,"LINESTRING (114.166914 22.315501, 114.166855 22.315386, 114.166824 22.315325)"
2647,1602,521,8489568074,990120217,0,151396480,庇利街 Bailey Street,secondary,False,64.979,6,,,,,,"LINESTRING (114.187923 22.312306, 114.187944 22.312306, 114.188318 22.312301, 114.188405 22.312299, 114.188555 22.312297)"
2648,1602,1091,8489568074,1642184880,0,913903245,庇利街 Bailey Street,secondary,True,25.706000000000003,3,,,,,,"LINESTRING (114.187923 22.312306, 114.187874 22.312253, 114.187841 22.312252, 114.1877 22.312251)"
2649,1603,1088,8489568078,1642184800,0,105715043,馬頭圍道 Ma Tau Wai Road,secondary,False,56.336000000000006,4,,,,,,"LINESTRING (114.187603 22.3093, 114.187607 22.309587, 114.187608 22.309641, 114.18761 22.309807)"
2650,1603,526,8489568078,990120340,0,913903246,馬頭圍道 Ma Tau Wai Road,secondary,True,41.146,2,,,,,,"LINESTRING (114.187603 22.3093, 114.18765 22.309128, 114.187649 22.309077, 114.187648 22.30905, 114.187648 22.309006, 114.187646 22.308935)"
2651,1604,1527,8489568079,6705233672,0,913903251,馬頭圍道 Ma Tau Wai Road,secondary,True,46.992999999999995,3,,,,,,"LINESTRING (114.187641 22.31183, 114.187605 22.31202, 114.187607 22.31207, 114.187606 22.312092, 114.187592 22.312249)"
2652,1604,1088,8489568079,1642184800,0,1080649817;105715043;913903252,馬頭圍道 Ma Tau Wai Road,secondary,False,225.043,5;4,,,,,,"LINESTRING (114.187641 22.31183, 114.187639 22.311729, 114.187638 22.311684, 114.187636 22.31161, 114.187634 22.311536, 114.187634 22.311516, 114.187632 22.311449, 114.187632 22.311436, 114.187631 22.311422, 114.187628 22.311287, 114.187625 22.311151, 114.187625 22.310773, 114.187623 22.310713, 114.187621 22.310617, 114.187619 22.310466, 114.187619 22.310428, 114.187614 22.310088, 114.187613 22.309977, 114.18761 22.309818, 114.18761 22.309807)"
2653,1605,1606,8489568095,8489568096,0,913903257,庇利街 Bailey Street,secondary,True,11.748,2,,,,,,"LINESTRING (114.187582 22.312346, 114.187697 22.312346)"
2654,1605,533,8489568095,990120487,0,1294612847,馬頭圍道 Ma Tau Wai Road,secondary,True,35.319,3,,,,,,"LINESTRING (114.187582 22.312346, 114.187575 22.312418, 114.187575 22.312664)"
2655,1606,1091,8489568096,1642184880,0,913903255,馬頭圍道 Ma Tau Wai Road,secondary,True,10.581,3,,,,,,"LINESTRING (114.187697 22.312346, 114.1877 22.312251)"
2656,1606,1602,8489568096,8489568074,0,913903256,庇利街 Bailey Street,secondary,True,25.077,2,,,,,,"LINESTRING (114.187697 22.312346, 114.187779 22.312347, 114.187873 22.312348, 114.187923 22.312306)"
2657,1607,136,8664575339,332242333,0,934998560,詩歌舞街 Sycamore Street,tertiary,True,8.24,2,,,,,,"LINESTRING (114.16438 22.323785, 114.164381 22.323859)"
2658,1608,74,8739539401,297910474,0,243645057;1195057122;947010919;492198959;492198964;1195057115;1195057118,西區海底隧道 Western Harbour Crossing,trunk,True,2043.513,4;3,50;80,3,,,yes,"LINESTRING (114.158973 22.303872, 114.158764 22.303574, 114.158675 22.303452, 114.158635 22.303397, 114.158583 22.303322, 114.158437 22.303114, 114.15827 22.302902, 114.15813 22.302732, 114.157978 22.302549, 114.157787 22.302327, 114.157588 22.302102, 114.157339 22.301825, 114.157298 22.301773, 114.157006 22.30145, 114.156716 22.301141, 114.15614 22.30051, 114.146697 22.290298, 114.146494 22.290078, 114.146218 22.289796)"
2659,1609,1125,8870889525,1649049087,0,1207652531;1207652536;1287326521;1287326522;85404061,暢通道南 Cheong Tung Road South,tertiary,False,272.625,2,,,,,,"LINESTRING (114.184202 22.30132, 114.184178 22.301481, 114.184171 22.301797, 114.184168 22.301924, 114.184169 22.302056, 114.184161 22.30244, 114.18416 22.302567, 114.184137 22.303538, 114.184106 22.303768)"
2660,1609,1338,8870889525,4862079512,0,1207652537,暢通道南 Cheong Tung Road South,tertiary,True,23.714,1,,,,,,"LINESTRING (114.184202 22.30132, 114.184258 22.301239, 114.184292 22.3012, 114.184349 22.301159)"
2661,1610,1611,8898733318,8898733319,0,961998880;961998882;961998883;961998886,賈炳達道 Carpenter Road,tertiary,True,23.719,1,,,,,,"LINESTRING (114.188435 22.330655, 114.188463 22.330668, 114.188507 22.330665, 114.188593 22.330657, 114.188628 22.330653, 114.188659 22.33064)"
2662,1610,1192,8898733318,1651828031,0,962005157,賈炳達道 Carpenter Road,tertiary,False,20.744,2,,,,,,"LINESTRING (114.188435 22.330655, 114.188324 22.330657, 114.188293 22.330658, 114.188233 22.33066)"
2663,1611,1191,8898733319,1651828030,0,152359839,賈炳達道 Carpenter Road,tertiary,False,16.236,2,,,,,,"LINESTRING (114.188659 22.33064, 114.188816 22.330634)"
2664,1611,1610,8898733319,8898733318,0,961998881;961998884;961998885,賈炳達道 Carpenter Road,tertiary,True,23.81,1,,,,,,"LINESTRING (114.188659 22.33064, 114.188625 22.330629, 114.188462 22.330639, 114.188435 22.330655)"
2665,1612,160,8983220377,332251664,0,1546537729;1546537730;970635279,長旺道 Cheung Wong Road,residential,False,83.208,2,,,,,,"LINESTRING (114.166244 22.319717, 114.1664 22.319938, 114.166487 22.320062, 114.166563 22.32018, 114.166603 22.320241, 114.166608 22.32029, 114.166611 22.320368)"
2666,1613,674,8983466243,1162875766,0,970658208,亞皆老街 Argyle Street,primary,True,10.012,3,,,,,,"LINESTRING (114.172718 22.319873, 114.172623 22.319855)"
2667,1613,1614,8983466243,8983466244,0,970658211;970658212,染布房街 Yim Po Fong Street,secondary,True,32.29,1,,,,,,"LINESTRING (114.172718 22.319873, 114.172767 22.319763, 114.172772 22.319739, 114.172796 22.319664, 114.172773 22.319598)"
2668,1614,674,8983466244,1162875766,0,150771675;970658213,染布房街 Yim Po Fong Street,secondary,True,33.429,3,,,,,,"LINESTRING (114.172773 22.319598, 114.172706 22.319646, 114.172692 22.319676, 114.172664 22.319745, 114.172623 22.319855)"
2669,1614,975,8983466244,1636543655,0,970658216;970658214;970658215,染布房街 Yim Po Fong Street,secondary,False,73.374,4,,,,,,"LINESTRING (114.172773 22.319598, 114.172873 22.319344, 114.172918 22.319237, 114.173024 22.318981)"
2670,1615,186,9125470649,334650575,0,1299955121,,primary_link,True,16.99,1,,,,,,"LINESTRING (114.166364 22.312419, 114.166525 22.312385)"
2671,1615,715,9125470649,1168380684,0,101193752;101193747,渡船街 Ferry Street,trunk_link,True,109.431,1,,,,,,"LINESTRING (114.166364 22.312419, 114.16649 22.312436, 114.166581 22.31247, 114.166619 22.312502, 114.166662 22.312557, 114.166682 22.312604, 114.166693 22.312663, 114.166652 22.313134, 114.166646 22.313211)"
2672,1616,771,9197539595,1180686933,0,996069408,界限街 Boundary Street,primary,True,15.706,3,,,,,,"LINESTRING (114.170884 22.326633, 114.171036 22.326643)"
2673,1617,624,9197567324,1152803585,0,898464864;996069433;996069432,長沙灣道 Cheung Sha Wan Road,primary_link,True,23.762999999999998,1,,,,,,"LINESTRING (114.16768 22.326777, 114.167732 22.326755, 114.167756 22.326743, 114.167775 22.326726, 114.167792 22.326697, 114.167809 22.326668, 114.16782 22.326624)"
2674,1617,624,9197567324,1152803585,1,996069434;99517989;996069431,長沙灣道 Cheung Sha Wan Road,primary,True,23.217,3,,,,,,"LINESTRING (114.16768 22.326777, 114.167697 22.32673, 114.167707 22.326708, 114.167724 22.326689, 114.167737 22.326676, 114.167771 22.326648, 114.16782 22.326624)"
2675,1618,1599,9197567330,8349163524,0,746151942,界限街 Boundary Street,primary,True,9.227,2,,,,,,"LINESTRING (114.167805 22.3265, 114.167891 22.326524)"
2676,1618,626,9197567330,1152803593,0,996069437,界限街 Boundary Street,primary,True,11.271,1,,,,,,"LINESTRING (114.167805 22.3265, 114.167913 22.326482)"
2677,1619,1572,9197712776,7600185393,0,102279008;996080261;996080262;996080263,大坑東道 Tai Hang Tung Road,secondary,True,37.612,2;3,,,,,,"LINESTRING (114.172083 22.326774, 114.172081 22.326818, 114.17208 22.326848, 114.172078 22.32688, 114.172075 22.326931, 114.17207 22.327024, 114.172067 22.327064, 114.172064 22.327112)"
2678,1620,1415,9199524748,5135751883,0,996259386;996259374;996259375,界限街 Boundary Street,primary,True,57.282,3,,,,,,"LINESTRING (114.174532 22.326607, 114.174606 22.326606, 114.174658 22.326609, 114.174684 22.326613, 114.174715 22.326624, 114.17478 22.326651, 114.174993 22.326743, 114.175052 22.326768)"
2679,1620,1293,9199524748,4773316080,0,996259395;996259397;1015003887;1015003888;996259379;996259380;996259381;996259382;996259383;996259384;996259385,界限街 Boundary Street,primary,False,219.00299999999996,4;6;5,,,,,,"LINESTRING (114.174532 22.326607, 114.174418 22.326655, 114.174231 22.32672, 114.174165 22.32674, 114.174083 22.326753, 114.174024 22.326759, 114.173941 22.326758, 114.173707 22.326749, 114.17362 22.326745, 114.173392 22.326735, 114.173254 22.326725, 114.173212 22.326722, 114.173172 22.32672, 114.173119 22.326716, 114.173042 22.32671, 114.173001 22.326707, 114.172822 22.326694, 114.172496 22.326676, 114.172434 22.326673)"
2680,1621,1622,9199524787,9199524788,0,996259418;996259414;996259415,大坑東道 Tai Hang Tung Road,secondary,True,13.599,1,,,,,,"LINESTRING (114.172116 22.328435, 114.172142 22.328412, 114.172143 22.328385, 114.172143 22.328355, 114.172117 22.328333)"
2681,1621,913,9199524787,1351008363,0,996259420,大坑東道 Tai Hang Tung Road,secondary,False,108.11,2,,,,,,"LINESTRING (114.172116 22.328435, 114.172096 22.329139, 114.172088 22.329407)"
2682,1622,1621,9199524788,9199524787,0,996259421;996259413;996259412,大坑東道 Tai Hang Tung Road,secondary,True,14.654,1,,,,,,"LINESTRING (114.172117 22.328333, 114.172085 22.328356, 114.172082 22.328381, 114.17208 22.328408, 114.172116 22.328435)"
2683,1622,1427,9199524788,5275215754,0,268931177;996259419;996080259,大坑東道 Tai Hang Tung Road,secondary,False,82.565,2;4,,,,,,"LINESTRING (114.172117 22.328333, 114.172125 22.328242, 114.172129 22.328102, 114.172131 22.328018, 114.17213 22.327941, 114.172131 22.327896, 114.172132 22.32775, 114.172134 22.327695, 114.172133 22.327591)"
2684,1623,15,9377026629,274243013,0,1529387118;1178115507;1178115508;1178115509;1178115510;1178115511;1178115512;151355641,,trunk_link,True,337.06,2;1,50;70,,,yes,,"LINESTRING (114.156322 22.329461, 114.156406 22.329367, 114.1565 22.329296, 114.156708 22.329137, 114.157328 22.328655, 114.157439 22.328572, 114.157571 22.328473, 114.157923 22.328201, 114.157974 22.328161, 114.1581 22.328064, 114.158639 22.327582, 114.158772 22.327454)"
2685,1623,63,9377026629,288998754,0,1178115513;151705955,通州街 Tung Chau Street,tertiary,True,81.99799999999999,2,,,,,,"LINESTRING (114.156322 22.329461, 114.156442 22.329404, 114.156538 22.329342, 114.156625 22.329277, 114.156959 22.329021)"
2686,1624,1674,9457162432,11469067166,0,1235498275,沐禮街 Muk Lai Street,residential,True,8.446,1,,,,,,"LINESTRING (114.193437 22.329138, 114.193499 22.329088)"
2687,1624,1433,9457162432,5333606589,0,552424940;1460019390,世運道 Olympic Avenue,secondary,True,409.504,2;1,,,,,,"LINESTRING (114.193437 22.329138, 114.193536 22.329231, 114.194503 22.330168, 114.194916 22.330563, 114.195028 22.330666, 114.195124 22.330751, 114.195224 22.330834, 114.195337 22.330912, 114.195452 22.330979, 114.195582 22.331039, 114.19571 22.331085, 114.195851 22.331125, 114.195994 22.331164, 114.196391 22.331274, 114.19652 22.331345)"
2688,1626,42,9514046711,278949231,0,1387278565;1387278564;807722989,佐敦道 Jordan Road,primary,True,90.014,4;3,,,,,,"LINESTRING (114.163683 22.306575, 114.163571 22.306602, 114.16325 22.306699, 114.162915 22.306796, 114.162846 22.306811)"
2689,1627,1444,9514050826,5701086245,0,502342014,佐敦道 Jordan Road,primary,True,99.263,5,,,,,,"LINESTRING (114.164162 22.306614, 114.164944 22.306437, 114.1651 22.306406)"
2690,1628,1356,9514050834,4928401462,0,1032597243,連翔道 Lin Cheung Road,secondary,True,21.685,3,,,,,,"LINESTRING (114.164134 22.307036, 114.16405 22.306857)"
2691,1628,1627,9514050834,9514050826,0,1032597242;1032597239,連翔道 Lin Cheung Road,primary_link,True,47.054,2,,,,,,"LINESTRING (114.164134 22.307036, 114.164161 22.30684, 114.164162 22.306769, 114.164162 22.306614)"
2692,1629,127,9553739297,332233250,0,1200967498;1200967499;30149054,櫻桃街 Cherry Street,primary,True,183.365,4,,,,,,"LINESTRING (114.165544 22.318695, 114.165313 22.318688, 114.165178 22.318684, 114.16468 22.318663, 114.164393 22.31865, 114.164317 22.318646, 114.164287 22.318645, 114.164123 22.31863, 114.16396 22.318609, 114.163772 22.318563)"
2693,1630,536,9633043742,990120665,0,1382980368;442610587;33613703,暢運道 Cheong Wan Road,tertiary,True,141.61499999999998,3,,,,viaduct,,"LINESTRING (114.182549 22.301999, 114.182464 22.302012, 114.182408 22.302012, 114.182338 22.302011, 114.182307 22.302015, 114.181948 22.302034, 114.181542 22.30205, 114.181175 22.302065)"
2694,1631,1632,9803283485,9803283486,0,1079255096,渡船街 Ferry Street,primary_link,True,12.015,1,,,,,,"LINESTRING (114.167893 22.310057, 114.167844 22.309959)"
2695,1631,942,9803283485,1624950141,0,485635353,澄平街 Ching Ping Street,residential,True,34.713,1,,,,,,"LINESTRING (114.167893 22.310057, 114.16793 22.309852, 114.167939 22.309825, 114.16796 22.309804, 114.168001 22.309775)"
2696,1632,719,9803283486,1171655922,0,1079255097,渡船街 Ferry Street,primary,True,5.895,2,,,,,,"LINESTRING (114.167844 22.309959, 114.16785 22.309906)"
2697,1633,487,9892950995,988059670,0,1187954312;1193775426,宋皇臺道 Sung Wong Toi Road,tertiary,True,35.199,2,50,,,,,"LINESTRING (114.18913 22.32444, 114.188952 22.324467, 114.188914 22.32448, 114.188866 22.324499, 114.188806 22.324531)"
2698,1633,1660,9892950995,11081087754,0,230929746;1193775427,宋皇臺道 Sung Wong Toi Road,primary,True,35.058,3,50,,,,,"LINESTRING (114.18913 22.32444, 114.188994 22.324549, 114.188955 22.324565, 114.188904 22.324592, 114.188852 22.324618)"
2699,1635,15,9963864133,274243013,0,1178115528;263843314;1178115531;1178115506,西九龍走廊 West Kowloon Corridor,trunk,True,1141.3110000000001,2,70,5,,viaduct,,"LINESTRING (114.150622 22.334303, 114.150672 22.334171, 114.150721 22.334053, 114.150762 22.33395, 114.150804 22.333854, 114.150856 22.333756, 114.150892 22.333694, 114.150945 22.33362, 114.150993 22.333562, 114.151077 22.333477, 114.151162 22.333397, 114.151242 22.333325, 114.151337 22.333249, 114.15273 22.332174, 114.156118 22.329559, 114.156334 22.329391, 114.15634 22.329387, 114.156428 22.329311, 114.156515 22.329234, 114.156597 22.329158, 114.156756 22.329009, 114.156889 22.328894, 114.156978 22.328818, 114.157064 22.328744, 114.157224 22.328616, 114.157912 22.328089, 114.15804 22.327992, 114.158608 22.327564, 114.158772 22.327454)"
2700,1636,169,9987827899,334647674,0,1196816195;1196816196;41415145;41415571;282222739;1196816218;1196816187;1196816188;1196816189,西九龍公路 West Kowloon Highway,motorway,True,1834.124,4;5;3,100,3,,viaduct,,"LINESTRING (114.151531 22.327886, 114.152035 22.327546, 114.152472 22.32724, 114.152934 22.326909, 114.153349 22.326592, 114.153732 22.326281, 114.154043 22.326012, 114.154444 22.325667, 114.154789 22.325346, 114.15514 22.324996, 114.155491 22.324625, 114.155884 22.324206, 114.156627 22.323363, 114.156982 22.322917, 114.157332 22.322454, 114.15766 22.321991, 114.157916 22.321623, 114.15815 22.321258, 114.158473 22.320699, 114.158849 22.319981, 114.159116 22.31946, 114.159319 22.319049, 114.159371 22.318937, 114.159538 22.318573, 114.159712 22.31818, 114.159932 22.317658, 114.160064 22.317345, 114.16017 22.317094, 114.160319 22.31677, 114.160414 22.316549, 114.16058 22.316164, 114.160607 22.316098, 114.160726 22.31582, 114.160851 22.315502, 114.160912 22.315346, 114.161001 22.31512, 114.161071 22.314939, 114.161163 22.314664, 114.1612 22.314553, 114.161238 22.314441)"
2701,1637,524,10005351564,990120307,0,441937725,暢運道 Cheong Wan Road,tertiary,True,11.077,2,,,,viaduct,,"LINESTRING (114.182925 22.30347, 114.182927 22.303371)"
2702,1637,877,10005351564,1210796394,0,85320714,,tertiary_link,True,25.893,,,,,viaduct,,"LINESTRING (114.182925 22.30347, 114.182832 22.30336, 114.182751 22.303306)"
2703,1638,379,10029279641,582593236,0,249215288;1095134821;1095134838;1095134839;1095134840,康莊道 Hong Chong Road,trunk,True,132.682,2;3,50;70,1,,yes,,"LINESTRING (114.181409 22.305799, 114.181392 22.305858, 114.181369 22.305931, 114.18135 22.305978, 114.181315 22.306057, 114.181274 22.306134, 114.18123 22.306201, 114.181175 22.306273, 114.181096 22.306367, 114.181026 22.306444, 114.180973 22.306497, 114.180899 22.30656, 114.180658 22.306734)"
2704,1638,747,10029279641,1172758011,0,1095134841;1095134842;1095134843,康莊道 Hong Chong Road,trunk_link,True,54.149,2,50,,,,,"LINESTRING (114.181409 22.305799, 114.181348 22.305851, 114.181303 22.305903, 114.18128 22.305933, 114.181211 22.306034, 114.181166 22.306088, 114.181084 22.306179)"
2705,1639,972,10211498591,1636543631,0,1133179651,山東街 Shantung Street,tertiary,True,7.639,3,,,,,,"LINESTRING (114.173332 22.318158, 114.173405 22.318171)"
2706,1639,1645,10211498591,10565387058,0,1133179650,染布房街 Yim Po Fong Street,secondary,True,23.351,2,,,,,,"LINESTRING (114.173332 22.318158, 114.173298 22.318234, 114.173291 22.318251, 114.173284 22.318268, 114.173286 22.31836)"
2707,1640,1288,10242398454,4642297159,0,469977996;469977998,,primary_link,True,44.199999999999996,2,50,,,,,"LINESTRING (114.17282 22.29466, 114.172716 22.294668, 114.172609 22.294676, 114.172561 22.294675, 114.172391 22.294674)"
2708,1640,289,10242398454,441535168,0,1119856168;1119856155;636334787,梳士巴利道 Salisbury Road,primary,True,56.313,2,,,,,,"LINESTRING (114.17282 22.29466, 114.172708 22.294625, 114.172624 22.294605, 114.172563 22.294603, 114.172438 22.294597, 114.172282 22.294608)"
2709,1641,1103,10243968793,1649048065,0,1120037563;1120037565,梳士巴利道 Salisbury Road,primary,True,17.447000000000003,5;4,50,,,,,"LINESTRING (114.178626 22.297929, 114.178704 22.297992, 114.178753 22.298033)"
2710,1642,1259,10256441400,3270208461,0,101558241,大角咀道 Tai Kok Tsui Road,tertiary,True,98.70899999999999,2,,,,,,"LINESTRING (114.161864 22.324167, 114.161855 22.324483, 114.161834 22.324603, 114.1618 22.324715, 114.161762 22.324813, 114.161742 22.324859, 114.161702 22.324922, 114.161626 22.325003)"
2711,1643,738,10256441404,1172757812,0,101558248,福利街 Fuk Lee Street,residential,False,18.773,2,,,,,,"LINESTRING (114.161568 22.324137, 114.161386 22.324138)"
2712,1643,1642,10256441404,10256441400,0,1121332951,福利街 Fuk Lee Street,residential,True,30.652,1,,,,,,"LINESTRING (114.161568 22.324137, 114.161761 22.324165, 114.161785 22.324166, 114.161864 22.324167)"
2713,1644,1448,10309902625,5772236401,0,1374425380;1351563879;1351563880;1351563881;1351563882;1138054769;246227538,承啟道 Shing Kai Road,secondary,True,548.5579999999999,3,,,,,,"LINESTRING (114.199031 22.32449, 114.198076 22.324262, 114.198042 22.324256, 114.197972 22.324237, 114.197896 22.324219, 114.197857 22.324209, 114.197803 22.324195, 114.197682 22.32417, 114.19711 22.324024, 114.196927 22.323977, 114.196629 22.3239, 114.196346 22.323797, 114.196197 22.323733, 114.196155 22.323715, 114.196115 22.323694, 114.196068 22.323669, 114.196011 22.323638, 114.195935 22.323596, 114.195799 22.323513, 114.195659 22.323425, 114.195524 22.32333, 114.195395 22.323228, 114.195282 22.32313, 114.19523 22.323081, 114.195164 22.323016, 114.195058 22.322902, 114.194959 22.322782, 114.194866 22.322659, 114.194781 22.322531, 114.194702 22.322399, 114.194686 22.322366, 114.194676 22.322348, 114.194668 22.322331, 114.194658 22.322309, 114.194648 22.322288, 114.194592 22.322173)"
2714,1645,975,10565387058,1636543655,0,102548829,染布房街 Yim Po Fong Street,secondary,False,74.151,4,,,,,,"LINESTRING (114.173286 22.31836, 114.173278 22.318376, 114.173112 22.318761, 114.173024 22.318981)"
2715,1645,972,10565387058,1636543631,0,1133179649,染布房街 Yim Po Fong Street,secondary,True,24.595,1,,,,,,"LINESTRING (114.173286 22.31836, 114.173351 22.318293, 114.173358 22.318276, 114.173366 22.31826, 114.173405 22.318171)"
2716,1646,565,10565387059,1107287995,0,435421066,染布房街 Yim Po Fong Street,secondary,False,28.027,4,,,,,,"LINESTRING (114.173466 22.317948, 114.173561 22.317712)"
2717,1646,1639,10565387059,10211498591,0,1133179658,染布房街 Yim Po Fong Street,secondary,True,27.551000000000002,2,,,,,,"LINESTRING (114.173466 22.317948, 114.173389 22.318027, 114.173382 22.318044, 114.173332 22.318158)"
2718,1647,1652,10786928815,10786928859,0,1159878000;996069435;1159878040;1159878039,彌敦道 Nathan Road,primary,True,80.946,4;3,,,,,,"LINESTRING (114.168234 22.325171, 114.168238 22.325142, 114.168262 22.324992, 114.1683 22.324806, 114.168314 22.324736, 114.168331 22.324663, 114.168348 22.324581, 114.168366 22.3245, 114.168374 22.324455)"
2719,1647,1648,10786928815,10786928816,0,1159878009,運動場道 Playing Field Road,tertiary,False,8.346,2,,,,,,"LINESTRING (114.168234 22.325171, 114.168279 22.325178, 114.168314 22.325184)"
2720,1648,1647,10786928816,10786928815,0,1159878009,運動場道 Playing Field Road,tertiary,False,8.346,2,,,,,,"LINESTRING (114.168314 22.325184, 114.168279 22.325178, 114.168234 22.325171)"
2721,1649,1650,10786928832,10786928833,0,1159878026,運動場道 Playing Field Road,tertiary,False,30.112,2,,,,,,"LINESTRING (114.168768 22.325279, 114.168482 22.325218)"
2722,1650,1649,10786928833,10786928832,0,1159878026,運動場道 Playing Field Road,tertiary,False,30.112,2,,,,,,"LINESTRING (114.168482 22.325218, 114.168768 22.325279)"
2723,1650,1648,10786928833,10786928816,0,1159878013;1159878030;1159878007,運動場道 Playing Field Road,tertiary,True,19.021,1,,,,,,"LINESTRING (114.168482 22.325218, 114.168439 22.325185, 114.168408 22.32518, 114.168368 22.325172, 114.168314 22.325184)"
2724,1651,654,10786928854,1161863731,0,1159878036,太子道西 Prince Edward Road West,primary,True,6.279,3,,,,,,"LINESTRING (114.168415 22.323953, 114.168355 22.323943)"
2725,1652,1651,10786928859,10786928854,0,1159878041;1159878037,,primary_link,True,56.685,1,,,,,,"LINESTRING (114.168374 22.324455, 114.168348 22.32435, 114.168379 22.324204, 114.168384 22.324176, 114.168396 22.324122, 114.168411 22.324048, 114.168415 22.323953)"
2726,1652,667,10786928859,1161864163,0,996069436;1159878038,彌敦道 Nathan Road,primary,True,55.858,3,,,,,,"LINESTRING (114.168374 22.324455, 114.168401 22.324396, 114.168414 22.324344, 114.168443 22.324219, 114.168449 22.32419, 114.16846 22.324133, 114.168475 22.324059, 114.168485 22.323965)"
2727,1653,1097,10875906169,1649047793,0,100126234,北京道 Peking Road,residential,True,101.85,2,,,,,,"LINESTRING (114.16923 22.296188, 114.169257 22.296173, 114.169288 22.296163, 114.16932 22.296159, 114.169352 22.296161, 114.169372 22.296164, 114.169539 22.296184, 114.169573 22.296189, 114.170075 22.296251, 114.170089 22.296253, 114.170111 22.296256, 114.170205 22.296267)"
2728,1653,1528,10875906169,6705233680,0,152073812,廣東道 Canton Road,secondary,True,192.11100000000002,3,,,,,,"LINESTRING (114.16923 22.296188, 114.169239 22.296147, 114.169266 22.296025, 114.169301 22.29587, 114.169352 22.295638, 114.169356 22.29562, 114.169363 22.295582, 114.169576 22.29463, 114.169585 22.294592, 114.169606 22.294496)"
2729,1654,646,10880216117,1158360147,0,100220085,亞士厘道 Ashley Road,residential,True,90.50600000000001,1,,,,,,"LINESTRING (114.170626 22.296313, 114.170632 22.296258, 114.170706 22.295556, 114.170691 22.295504)"
2730,1654,832,10880216117,1187352804,0,152073803,亞士厘道 Ashley Road,residential,True,73.866,1,,,,,,"LINESTRING (114.170626 22.296313, 114.170622 22.296355, 114.170621 22.296372, 114.170564 22.296794, 114.17054 22.296972)"
2731,1655,1226,10924192459,2558033418,0,249136566,沐禮街 Muk Lai Street,residential,False,106.948,2,,,,,,"LINESTRING (114.193631 22.328906, 114.194377 22.328236)"
2732,1655,1225,10924192459,2558033411,0,1235498273;1235498271,沐禮街 Muk Lai Street,residential,True,24.587,1,,,,,,"LINESTRING (114.193631 22.328906, 114.193537 22.328932, 114.193506 22.328959, 114.193436 22.329023)"
2733,1656,1644,10925437719,10309902625,0,1127556123,,secondary_link,True,27.455,2,,,,,,"LINESTRING (114.199276 22.324398, 114.199234 22.324421, 114.19917 22.324444, 114.199125 22.324457, 114.199104 22.324472, 114.199068 22.324484, 114.199031 22.32449)"
2734,1657,320,10944171150,506479761,0,1178115524,通州街 Tung Chau Street,tertiary,True,15.989,1,,,,,,"LINESTRING (114.15426 22.33082, 114.15414 22.330911)"
2735,1657,1264,10944171150,3336091198,0,326905936;327096749;282868470,東京街西 Tonkin Street West;深旺道 Sham Mong Road,tertiary;secondary,True,705.126,2;3,,,,,,"LINESTRING (114.15426 22.33082, 114.154164 22.330726, 114.15414 22.330697, 114.154104 22.330654, 114.153907 22.330412, 114.153828 22.330329, 114.153782 22.330273, 114.153739 22.33022, 114.152883 22.32915, 114.152878 22.329144, 114.152765 22.329007, 114.152896 22.32891, 114.15363 22.32834, 114.153744 22.328237, 114.153922 22.328076, 114.153956 22.328045, 114.15415 22.32785, 114.154349 22.327629, 114.154716 22.327195, 114.154835 22.327054, 114.154971 22.326911, 114.155104 22.326768, 114.155438 22.326496, 114.15574 22.326263, 114.155766 22.326245, 114.155878 22.326167)"
2736,1659,316,11061534567,496035667,0,1191389354;85651092,康泰徑 Hong Tai Path,secondary,True,68.65700000000001,1,50,,,,,"LINESTRING (114.179327 22.302427, 114.179415 22.302457, 114.17948 22.302479, 114.179555 22.302514, 114.179613 22.302546, 114.179635 22.30256, 114.179686 22.302594, 114.179776 22.302668, 114.179802 22.302698, 114.179812 22.30271, 114.179864 22.302772)"
2737,1659,1118,11061534567,1649048949,0,152073833;1191389355;1469358077,康榮徑 Hong Wing Path,secondary_link,True,92.75899999999997,1;2,,,,,,"LINESTRING (114.179327 22.302427, 114.17938 22.302409, 114.179428 22.302386, 114.179483 22.30235, 114.17953 22.302303, 114.179559 22.30226, 114.179573 22.302226, 114.179585 22.30217, 114.17959 22.302092, 114.179593 22.301988, 114.179596 22.301876, 114.179598 22.301819, 114.179597 22.301788, 114.179581 22.30171)"
2738,1660,487,11081087754,988059670,0,1193775431,馬頭涌道 Ma Tau Chung Road,primary,True,10.839,3,,,,,,"LINESTRING (114.188852 22.324618, 114.188806 22.324531)"
2739,1660,1661,11081087754,11081087758,0,1193775433,宋皇臺道 Sung Wong Toi Road,primary,True,13.198,3,50,,,,,"LINESTRING (114.188852 22.324618, 114.188761 22.324702)"
2740,1661,1541,11081087758,6778873063,0,44831496;1315073925;44820815,馬頭涌道 Ma Tau Chung Road,primary,True,83.913,4;3,,,,,,"LINESTRING (114.188761 22.324702, 114.188793 22.324765, 114.189036 22.325197, 114.189088 22.325303, 114.189127 22.325376)"
2741,1662,1279,11153075989,4332327041,0,151226312,美安街 Mei On Street,residential,False,83.356,2,,,,,,"LINESTRING (114.161812 22.322871, 114.161052 22.322862, 114.161002 22.322861)"
2742,1663,521,11159278775,990120217,0,151396480,庇利街 Bailey Street,secondary,False,65.844,6,,,,,,"LINESTRING (114.189195 22.312288, 114.188996 22.312291, 114.188704 22.312295, 114.188555 22.312297)"
2743,1663,1452,11159278775,6001017151,0,1203968437;1203968439,庇利街 Bailey Street,secondary,True,129.188,2;3,,,,,,"LINESTRING (114.189195 22.312288, 114.189276 22.312322, 114.189324 22.312325, 114.189476 22.312332, 114.189648 22.312342, 114.189922 22.312327, 114.190245 22.312295, 114.190281 22.312292, 114.190409 22.312205)"
2744,1664,878,11161404793,1210796494,0,105025281,安靜道 On Ching Road,residential,False,12.667,,,,,,,"LINESTRING (114.182407 22.305798, 114.182307 22.305864)"
2745,1664,1073,11161404793,1642182880,0,105025281,安靜道 On Ching Road,residential,False,53.53,,,,,,,"LINESTRING (114.182407 22.305798, 114.182762 22.30556, 114.182829 22.305517)"
2746,1664,1665,11161404793,11161404794,0,1204238260,,residential,False,10.389,,,,,,,"LINESTRING (114.182407 22.305798, 114.182382 22.30577, 114.182344 22.305725)"
2747,1665,1664,11161404794,11161404793,0,1204238260,,residential,False,10.389,,,,,,,"LINESTRING (114.182344 22.305725, 114.182382 22.30577, 114.182407 22.305798)"
2748,1666,821,11177945779,1185808508,0,102674703,,primary_link,True,41.553,1,,,,,,"LINESTRING (114.167221 22.308074, 114.167332 22.308102, 114.167378 22.308108, 114.167421 22.308121, 114.167465 22.308138, 114.16749 22.308154, 114.167585 22.30822)"
2749,1667,789,11217924629,1181846102,0,1203105130;103239091,南昌街 Nam Cheong Street,secondary,True,113.13300000000001,3,,,,,,"LINESTRING (114.162628 22.328329, 114.162582 22.328277, 114.162343 22.328011, 114.162275 22.327935, 114.162017 22.327643, 114.161992 22.327615, 114.161928 22.327544)"
2750,1669,338,11234081810,568157310,0,221072453;238019069,太子道東 Prince Edward Road East,primary,True,178.28400000000002,2,50,,,yes,,"LINESTRING (114.196928 22.332727, 114.19678 22.332584, 114.196718 22.332528, 114.196669 22.332488, 114.196622 22.332454, 114.196554 22.332413, 114.196464 22.332363, 114.196382 22.33232, 114.196305 22.332286, 114.196026 22.332183, 114.195955 22.332153, 114.195883 22.332118, 114.195811 22.332079, 114.195755 22.332042, 114.195708 22.332005, 114.195658 22.331958, 114.195612 22.331911, 114.195525 22.331824)"
2751,1670,283,11244768590,440640784,0,37664045,蕪湖街 Wuhu Street,secondary,False,48.056,4,,,,,,"LINESTRING (114.186773 22.306764, 114.187034 22.306605, 114.187065 22.306585, 114.187161 22.306523)"
2752,1670,1683,11244768590,11761561690,0,1375524064;1375524060,蕪湖街 Wuhu Street,secondary,True,35.041000000000004,1,,,,,,"LINESTRING (114.186773 22.306764, 114.186711 22.306765, 114.186674 22.306766, 114.186588 22.30682, 114.186474 22.306891)"
2753,1671,1283,11256303653,4501979659,0,30150393,,trunk_link,True,25.855,1,,,,,,"LINESTRING (114.166832 22.315285, 114.166787 22.315056)"
2754,1671,167,11256303653,332253494,0,1214916619,渡船街 Ferry Street,primary,True,43.035,2,,,,,,"LINESTRING (114.166832 22.315285, 114.166869 22.31509, 114.166904 22.314904)"
2755,1672,483,11434783605,988059596,0,105619058,美善同道 Maidstone Road,residential,False,61.647,2,,,,,,"LINESTRING (114.186983 22.315762, 114.186982 22.316238, 114.186982 22.316317)"
2756,1673,1624,11469067165,9457162432,0,1235498277,世運道 Olympic Avenue,secondary,True,9.238,2,,,,,,"LINESTRING (114.193374 22.329078, 114.193437 22.329138)"
2757,1674,1225,11469067166,2558033411,0,1235498276,世運道 Olympic Avenue,secondary,True,9.682,2,,,,,,"LINESTRING (114.193499 22.329088, 114.193436 22.329023)"
2758,1674,1655,11469067166,10924192459,0,1235498280;1235498272,沐禮街 Muk Lai Street,residential,True,25.206,1,,,,,,"LINESTRING (114.193499 22.329088, 114.19357 22.329022, 114.193608 22.328989, 114.193631 22.328906)"
2759,1675,1673,11469089671,11469067165,0,1025730594,世運道 Olympic Avenue,secondary,True,246.136,2,,,,,,"LINESTRING (114.191606 22.327612, 114.191682 22.327643, 114.191757 22.327673, 114.191838 22.327715, 114.191938 22.327774, 114.192063 22.327857, 114.192216 22.327973, 114.192324 22.328065, 114.192433 22.328158, 114.192571 22.32829, 114.192764 22.328478, 114.193302 22.329011, 114.193374 22.329078)"
2760,1675,1677,11469089671,11469089677,0,1235498284,德高道 Dakota Drive,residential,True,11.575,,,,,,,"LINESTRING (114.191606 22.327612, 114.191647 22.327573, 114.191684 22.327537)"
2761,1676,1675,11469089672,11469089671,0,1235498282,世運道 Olympic Avenue,secondary,True,6.61,3,,,,,,"LINESTRING (114.191548 22.327586, 114.191606 22.327612)"
2762,1676,923,11469089672,1436087413,0,393133639;237549609;130357677;249136564;1460019385,世運道 Olympic Avenue;太子道東 Prince Edward Road East,primary_link,True,430.06600000000003,1,,,yes,yes,,"LINESTRING (114.191548 22.327586, 114.191587 22.327641, 114.19164 22.327685, 114.191692 22.327717, 114.19177 22.327758, 114.191853 22.327806, 114.191921 22.32785, 114.191984 22.327895, 114.192217 22.328088, 114.192364 22.328224, 114.192724 22.328566, 114.192892 22.328734, 114.192932 22.328785, 114.19295 22.328815, 114.192963 22.328846, 114.192978 22.328891, 114.192984 22.32894, 114.192986 22.328983, 114.192974 22.329123, 114.192966 22.329249, 114.192973 22.329339, 114.192991 22.329432, 114.193052 22.329565, 114.193135 22.329685, 114.19321 22.329775, 114.193464 22.330031, 114.19372 22.330282, 114.193856 22.330365, 114.194049 22.330458)"
2763,1677,1678,11469089677,11469089678,0,1235498281,世運道 Olympic Avenue,secondary,True,6.558,2,,,,,,"LINESTRING (114.191684 22.327537, 114.191632 22.327502)"
2764,1677,1700,11469089677,12978194686,0,1230846487,德高道 Dakota Drive,residential,True,25.189,1,,,,,,"LINESTRING (114.191684 22.327537, 114.191762 22.327463, 114.191775 22.32745, 114.191808 22.327419, 114.191824 22.327359)"
2765,1678,1364,11469089678,5022506823,0,1193775408;1193775425;1242510028;513971173,世運道 Olympic Avenue;宋皇臺道 Sung Wong Toi Road,secondary,True,348.169,2,,,yes,,,"LINESTRING (114.191632 22.327502, 114.191508 22.327413, 114.191496 22.327403, 114.191407 22.327339, 114.191218 22.327203, 114.191127 22.327134, 114.191046 22.327072, 114.190971 22.327012, 114.190759 22.326798, 114.190694 22.326721, 114.190637 22.32664, 114.190592 22.326571, 114.190536 22.326468, 114.190458 22.326326, 114.190369 22.326171, 114.190244 22.325939, 114.190159 22.325761, 114.190093 22.325608, 114.189939 22.325238, 114.189926 22.325198, 114.189877 22.325074, 114.189792 22.324954)"
2766,1678,1676,11469089678,11469089672,0,1235498283,德高道 Dakota Drive,secondary_link,True,12.769,,,,,,,"LINESTRING (114.191632 22.327502, 114.191594 22.327539, 114.191548 22.327586)"
2767,1679,479,11472409073,988059568,0,106436308,馬頭圍道 Ma Tau Wai Road,secondary,True,11.966,1,,,,,,"LINESTRING (114.186764 22.306928, 114.186718 22.306829)"
2768,1679,298,11472409073,459474122,0,105307499,馬頭圍道 Ma Tau Wai Road,secondary_link,True,15.113999999999997,1,,,,,,"LINESTRING (114.186764 22.306928, 114.18673 22.306911, 114.186696 22.3069, 114.186666 22.306893, 114.186626 22.306883)"
2769,1680,225,11494497175,384377583,0,1237535777,紅鸞道 Hung Luen Road,tertiary,True,7.995,3,,,,,,"LINESTRING (114.186507 22.301078, 114.186585 22.301079)"
2770,1681,1116,11530237733,1649048841,0,1040467345,科學館道 Science Museum Road,tertiary,False,66.349,4,,,,,,"LINESTRING (114.178854 22.301038, 114.178947 22.30094, 114.178982 22.300904, 114.179032 22.30085, 114.179147 22.300728, 114.179278 22.300589)"
2771,1681,1510,11530237733,6705233294,0,1040467345;152073857;436427387;1040467343,科學館道 Science Museum Road,tertiary,False,201.097,4;2,,,,,,"LINESTRING (114.178854 22.301038, 114.178786 22.301109, 114.178597 22.301307, 114.178538 22.30137, 114.178424 22.301487, 114.178324 22.301591, 114.178173 22.301742, 114.178061 22.301855, 114.178016 22.301903, 114.177998 22.301928, 114.177981 22.301957, 114.177973 22.301993, 114.177971 22.302027, 114.17798 22.302091, 114.177995 22.302159, 114.17807 22.302398, 114.178109 22.302523)"
2772,1682,951,11542491175,1625209841,0,149555156;1205891478,德成街 Tak Shing Street,residential,False,109.07499999999999,1;2,,,,,,"LINESTRING (114.172468 22.304003, 114.172731 22.30402, 114.172871 22.304029, 114.172896 22.30404, 114.172972 22.304045, 114.173024 22.30403, 114.173075 22.304033, 114.173099 22.304044, 114.173178 22.304049, 114.173437 22.304066, 114.173518 22.304071)"
2773,1682,950,11542491175,1625209840,0,1205891480,德成街 Tak Shing Street,residential,True,29.596000000000004,1,,,,,,"LINESTRING (114.172468 22.304003, 114.172239 22.303988, 114.172181 22.303985)"
2774,1683,1531,11761561690,6718676088,0,151396654,大沽街 Taku Street,tertiary,True,45.919,,,,,,,"LINESTRING (114.186474 22.306891, 114.186444 22.306857, 114.186425 22.306835, 114.186271 22.30662, 114.18625 22.306592, 114.18622 22.306552)"
2775,1683,1695,11761561690,12735971087,0,1375524061;1375524085,蕪湖街 Wuhu Street,secondary,True,33.171,1,,,,,,"LINESTRING (114.186474 22.306891, 114.186436 22.306915, 114.186368 22.306957, 114.186289 22.30701, 114.186274 22.307049, 114.186257 22.307095)"
2776,1684,521,12000285509,990120217,0,85404065,環安街 Wan On Street,residential,False,90.34699999999998,,,,,,,"LINESTRING (114.188528 22.313105, 114.188538 22.313088, 114.188546 22.31307, 114.188551 22.313051, 114.188553 22.313031, 114.188554 22.31297, 114.188554 22.312811, 114.188554 22.312767, 114.188555 22.312728, 114.188555 22.312568, 114.188556 22.312398, 114.188555 22.312297)"
2777,1685,943,12071295859,1624950142,0,255230203,廣東道 Canton Road,secondary,True,109.657,2,,,,,,"LINESTRING (114.1688 22.30898, 114.168813 22.309031, 114.168857 22.3092, 114.168873 22.309289, 114.168891 22.309446, 114.168981 22.309756, 114.168992 22.309795, 114.169031 22.309941)"
2778,1685,941,12071295859,1624950134,0,1455140761;710624695,甘肅街 Kansu Street,secondary,True,96.42399999999999,3,,,,,,"LINESTRING (114.1688 22.30898, 114.168725 22.308997, 114.168525 22.309044, 114.168285 22.309112, 114.168006 22.309171, 114.167992 22.309174, 114.167945 22.309183, 114.167892 22.309193)"
2779,1686,1601,12071373910,8438621461,0,963165560,德昌街 Tak Cheong Street,residential,False,36.83,1,,,,,,"LINESTRING (114.166969 22.315173, 114.166914 22.315501)"
2780,1687,1062,12075292875,1641766422,0,936354623,,residential,False,5.845,,,,,,,"LINESTRING (114.15703 22.329629, 114.157068 22.329668)"
2781,1688,1007,12153036710,1636685662,0,150792150,真義里 Chun Yi Lane,residential,False,157.484,,,,,,,"LINESTRING (114.173266 22.313044, 114.173225 22.31309, 114.173193 22.313128, 114.172906 22.313448, 114.172748 22.313612, 114.17262 22.313738, 114.172502 22.313853, 114.17241 22.313936, 114.172289 22.314022, 114.172279 22.314029, 114.172216 22.314068)"
2782,1689,343,12172282398,568273464,0,1315073909,太子道西 Prince Edward Road West,primary,True,11.149,3,,,,,,"LINESTRING (114.191418 22.328126, 114.191521 22.32816)"
2783,1690,1644,12725807032,10309902625,0,1374425381,承啟道 Shing Kai Road,secondary,True,10.460999999999999,3,,,,,,"LINESTRING (114.199114 22.324544, 114.199065 22.324514, 114.199031 22.32449)"
2784,1691,1692,12729526834,12729526839,0,1374816699;1374816702,宋皇臺道 Sung Wong Toi Road,secondary,False,183.38299999999998,4,,,,,,"LINESTRING (114.193934 22.322358, 114.193832 22.322398, 114.193661 22.322471, 114.192585 22.322924, 114.192392 22.323006, 114.192312 22.323041)"
2785,1691,1535,12729526834,6748938787,0,1374816700;85200925,宋皇臺道 Sung Wong Toi Road,secondary,True,57.101,3,,,,,,"LINESTRING (114.193934 22.322358, 114.193969 22.322356, 114.194163 22.322345, 114.19427 22.322308, 114.194283 22.322302, 114.194297 22.322295, 114.194324 22.322283, 114.194351 22.322271, 114.194463 22.322228)"
2786,1692,323,12729526839,519830025,0,1374816704;1374816698,宋皇臺道 Sung Wong Toi Road,secondary,True,94.779,2,,,,,,"LINESTRING (114.192312 22.323041, 114.192196 22.323048, 114.191547 22.323316, 114.191542 22.323319, 114.191461 22.323352)"
2787,1692,1691,12729526839,12729526834,0,1374816699;1374816702,宋皇臺道 Sung Wong Toi Road,secondary,False,183.38299999999998,4,,,,,,"LINESTRING (114.192312 22.323041, 114.192392 22.323006, 114.192585 22.322924, 114.193661 22.322471, 114.193832 22.322398, 114.193934 22.322358)"
2788,1693,1278,12735971058,4294666033,0,1375528336;1375528337;45729482;45729483,佛光街 Fat Kwong Street,secondary,False,111.179,4;5,50,,,yes,,"LINESTRING (114.184965 22.309816, 114.184924 22.309857, 114.184627 22.31012, 114.184464 22.310276, 114.184391 22.310342, 114.184318 22.310409, 114.184282 22.310441, 114.184202 22.310524)"
2789,1693,1729,12735971058,13861001216,0,1521180824;1518755745;1521180823,佛光街天橋 Fat Kwong Street Flyover,secondary,True,20.744,2,50,,,,,"LINESTRING (114.184965 22.309816, 114.185018 22.309799, 114.185042 22.309775, 114.185123 22.309705)"
2790,1694,378,12735971077,582486959,0,45740902;844368140;1396579470;37663984;1396579472;1384191862;1384191864,漆咸道北 Chatham Road North,trunk,True,289.026,4,50,5,,yes,,"LINESTRING (114.183443 22.308753, 114.183362 22.308706, 114.183299 22.308669, 114.183209 22.308616, 114.183092 22.308546, 114.182802 22.308392, 114.182584 22.308265, 114.182556 22.308248, 114.182468 22.308196, 114.182276 22.308074, 114.182127 22.30798, 114.182043 22.307918, 114.18185 22.307777, 114.181567 22.307568, 114.181444 22.307463, 114.18128 22.307315, 114.181186 22.307221)"
2791,1695,1081,12735971087,1642184499,0,1124671122,蕪湖街 Wuhu Street,secondary,False,44.567,4,,,,,,"LINESTRING (114.186257 22.307095, 114.186111 22.307189, 114.185974 22.307275, 114.1859 22.307322)"
2792,1695,298,12735971087,459474122,0,524505756;1375524062,蕪湖街 Wuhu Street,secondary,True,44.936,3,,,,,,"LINESTRING (114.186257 22.307095, 114.186294 22.307082, 114.186347 22.307064, 114.186419 22.307017, 114.186472 22.306982, 114.186517 22.306953, 114.186626 22.306883)"
2793,1696,879,12804082708,1213567465,0,1213773697;435674066;1287336330;1287336323,暢運道 Cheong Wan Road,tertiary,True,117.58499999999998,1;3;2,,,,yes,,"LINESTRING (114.182906 22.3052, 114.182937 22.305258, 114.183045 22.305349, 114.183211 22.305499, 114.183332 22.305603, 114.183442 22.305717, 114.183543 22.305838, 114.183626 22.305951, 114.183656 22.30599)"
2794,1696,1426,12804082708,5271293472,0,1382980381,暢運道 Cheong Wan Road,tertiary,False,153.90900000000002,2,,,,yes,,"LINESTRING (114.182906 22.3052, 114.182796 22.305106, 114.182687 22.305072, 114.182579 22.30504, 114.18251 22.305016, 114.182423 22.304978, 114.18234 22.30492, 114.182258 22.304851, 114.182221 22.30481, 114.182171 22.304748, 114.182156 22.304727, 114.182105 22.30462, 114.182073 22.304534, 114.182062 22.304432, 114.182055 22.304286, 114.182052 22.30422)"
2795,1697,286,12820434399,441534483,0,33613801;1384717387;1207904364,紅磡繞道 Hung Hom Bypass,primary,True,108.751,3,70,,,,,"LINESTRING (114.186268 22.302229, 114.186293 22.302262, 114.186325 22.302302, 114.18636 22.302347, 114.18662 22.302685, 114.186735 22.30285, 114.186865 22.303035)"
2796,1698,1445,12873318556,5705662284,0,1390725742,欣翔道 Yan Cheung Road,secondary,True,8.192,,,,,,,"LINESTRING (114.165126 22.309048, 114.165048 22.309064)"
2797,1698,1442,12873318556,5647922704,0,1390725741;1395779358,海泓道 Hoi Wang Road;欣翔道 Yan Cheung Road,tertiary_link;tertiary,True,20.810000000000002,2,,,,,,"LINESTRING (114.165126 22.309048, 114.165133 22.309081, 114.165138 22.309098, 114.165141 22.309112, 114.165154 22.309166, 114.165225 22.309153)"
2798,1699,970,12926373139,1634974112,0,34360968,對衡道 Durham Road,tertiary,False,79.237,,,,,,,"LINESTRING (114.180904 22.332455, 114.181006 22.332451, 114.181285 22.33244, 114.181585 22.332428, 114.181674 22.332425)"
2799,1700,1539,12978194686,6778870958,0,1175624746,德高道 Dakota Drive,residential,False,119.464,2,,,,,,"LINESTRING (114.191824 22.327359, 114.192058 22.327147, 114.192521 22.32673, 114.192656 22.326609)"
2800,1700,1678,12978194686,11469089678,0,1230846488,德高道 Dakota Drive,residential,True,25.869999999999997,1,,,,,,"LINESTRING (114.191824 22.327359, 114.191765 22.327377, 114.191732 22.327409, 114.191712 22.327427, 114.191632 22.327502)"
2801,1701,1282,13108528108,4493621922,0,45729976;825369105;1305278467;452590572,加士居道天橋 Gascoigne Road Flyover,trunk,True,959.43,1,50,5,,viaduct;yes,,"LINESTRING (114.167769 22.309738, 114.167859 22.309651, 114.16795 22.309558, 114.168022 22.309493, 114.168104 22.309427, 114.168194 22.309367, 114.168266 22.309327, 114.168342 22.309293, 114.168425 22.309263, 114.168595 22.309208, 114.168757 22.30917, 114.16889 22.309145, 114.169015 22.309133, 114.169147 22.309127, 114.169279 22.309126, 114.169412 22.309132, 114.169512 22.30914, 114.169679 22.309162, 114.17007 22.309213, 114.170215 22.30923, 114.170338 22.309239, 114.170452 22.30924, 114.170584 22.309238, 114.170715 22.309229, 114.170796 22.309221, 114.170872 22.309211, 114.171002 22.309192, 114.17115 22.309166, 114.171256 22.309146, 114.171348 22.309121, 114.171417 22.309098, 114.171494 22.309062, 114.171576 22.309016, 114.171638 22.308969, 114.171687 22.308927, 114.171746 22.308868, 114.1718 22.308804, 114.171855 22.308734, 114.172132 22.308378, 114.17222 22.308277, 114.172304 22.308187, 114.1724 22.308095, 114.172491 22.30801, 114.172601 22.307919, 114.17272 22.307827, 114.172826 22.307754, 114.172925 22.307687, 114.173026 22.307628, 114.173143 22.307562, 114.173266 22.307501, 114.173385 22.307448, 114.173508 22.307398, 114.173749 22.30731, 114.173967 22.30724, 114.17426 22.307144, 114.174552 22.307045, 114.174861 22.306947, 114.175228 22.306837, 114.175624 22.306724, 114.175896 22.306647, 114.175994 22.306644)"
2802,1702,1359,13108582041,4928401468,0,1461810979;1461810980;1461809221;1461809222;1461809225;1461809228;564207414,中九龍繞道 Central Kowloon Bypass,trunk_link,True,258.004,1,,,,,,"LINESTRING (114.164357 22.310807, 114.164227 22.310751, 114.164098 22.310702, 114.164013 22.310653, 114.163932 22.310602, 114.163783 22.310429, 114.163725 22.310326, 114.163682 22.310188, 114.163681 22.310008, 114.163769 22.309481, 114.163806 22.309254, 114.16384 22.309012, 114.163869 22.308806)"
2803,1702,1438,13108582041,5436701127,0,1461809226;1461809227;564207412,中九龍繞道 Central Kowloon Bypass,trunk_link,True,38.419,2,,,,,,"LINESTRING (114.164357 22.310807, 114.164223 22.310793, 114.164094 22.310772, 114.163988 22.310754)"
2804,1702,198,13108582041,339051592,0,1460419043;1460155172;765736133;30343562;1461809231;1461809232;30658129;564207415,中九龍繞道 Central Kowloon Bypass,motorway,True,346.012,2,50;80,6,,yes,,"LINESTRING (114.164357 22.310807, 114.164226 22.310834, 114.164087 22.310872, 114.164 22.310874, 114.163842 22.310872, 114.163627 22.310873, 114.163436 22.31087, 114.163418 22.310869, 114.163107 22.31086, 114.163079 22.31086, 114.162636 22.310848, 114.162484 22.310847, 114.162277 22.310855, 114.162185 22.310861, 114.16205 22.310879, 114.1619 22.31091, 114.161798 22.31094, 114.161712 22.310971, 114.161618 22.311015, 114.161492 22.311082, 114.161401 22.311144, 114.161389 22.311154, 114.161318 22.311213, 114.161153 22.311344)"
2805,1703,1003,13307938117,1636641379,0,102640420,染布房街 Yim Po Fong Street,secondary,False,33.452,3,,,,,,"LINESTRING (114.173908 22.316916, 114.173904 22.316926, 114.173813 22.317139, 114.173789 22.317196)"
2806,1703,1704,13307938117,13307938123,0,1451040728,染布房街 Yim Po Fong Street,primary_link,True,26.762999999999998,,,,,,,"LINESTRING (114.173908 22.316916, 114.173964 22.316868, 114.173996 22.316852, 114.174034 22.316845, 114.174071 22.316847, 114.174104 22.316853, 114.174137 22.31687)"
2807,1703,999,13307938117,1636641367,0,1451040729,染布房街 Yim Po Fong Street,secondary,False,31.382999999999996,2,,,,,,"LINESTRING (114.173908 22.316916, 114.173934 22.316856, 114.173958 22.31679, 114.173977 22.31671, 114.173979 22.316644)"
2808,1704,1526,13307938123,6705233666,0,1212570160;1212570161;1462559578;1212570159,窩打老道 Waterloo Road,primary,True,228.55600000000007,4;3,,,,,,"LINESTRING (114.174137 22.31687, 114.174253 22.317029, 114.174323 22.317108, 114.17437 22.31717, 114.17464 22.317538, 114.174676 22.317586, 114.174823 22.317787, 114.174884 22.31787, 114.174915 22.317911, 114.174946 22.317953, 114.175064 22.318114, 114.17512 22.31819, 114.175152 22.318234, 114.175245 22.318357, 114.1753 22.318431, 114.175321 22.31846, 114.175401 22.31856)"
2809,1705,660,13311040733,1161863909,0,996069449,太子道西 Prince Edward Road West,primary,True,72.767,3,,,,,,"LINESTRING (114.16956 22.324148, 114.169046 22.324062, 114.168864 22.324029)"
2810,1706,984,13311040737,1636543840,0,963535968;150771663,通菜街 Tung Choi Street,tertiary,True,213.893,2;3,,,,,,"LINESTRING (114.169489 22.32463, 114.169437 22.324871, 114.169406 22.325016, 114.169374 22.325163, 114.169342 22.325313, 114.169328 22.325379, 114.169313 22.325449, 114.169168 22.326126, 114.169119 22.326358, 114.169108 22.326408, 114.169102 22.326437, 114.169085 22.326517)"
2811,1707,1706,13311040743,13311040737,0,1451368537,通菜街 Tung Choi Street,tertiary_link,True,36.287000000000006,1,,,,,,"LINESTRING (114.169593 22.324323, 114.16958 22.324336, 114.169575 22.324352, 114.169542 22.324504, 114.16953 22.324561, 114.169489 22.32463)"
2812,1708,160,13313807739,332251664,0,1546537732,旺角道 Mong Kok Road,secondary,True,23.675,4,,,,,,"LINESTRING (114.166383 22.320341, 114.166611 22.320368)"
2813,1708,1731,13313807739,14021098288,0,1547448760;101176346;1546537733,旺角道 Mong Kok Road,tertiary,True,107.69600000000001,1,,,,,,"LINESTRING (114.166383 22.320341, 114.16645 22.320394, 114.16652 22.320416, 114.166559 22.320427, 114.166624 22.320447, 114.166713 22.320475, 114.166875 22.320506, 114.167211 22.320568, 114.167254 22.320576, 114.167288 22.320581, 114.167366 22.320532)"
2814,1709,697,13313807748,1168183745,0,1451666174,上海街 Shanghai Street,secondary,True,57.202999999999996,3,,,,,,"LINESTRING (114.167827 22.320543, 114.167842 22.320473, 114.167922 22.320095, 114.167935 22.320038)"
2815,1710,1711,13353852083,13353852088,0,1456067759,勵德街 Knight Street,tertiary_link,True,21.589,1,,,,,,"LINESTRING (114.176317 22.325651, 114.176345 22.325616, 114.176353 22.325535, 114.176361 22.325516, 114.176377 22.325497, 114.1764 22.325485)"
2816,1710,568,13353852083,1139326660,0,1456067760,勵德街 Knight Street,tertiary,True,23.750999999999998,1,,,,,,"LINESTRING (114.176317 22.325651, 114.176293 22.325612, 114.176294 22.325529, 114.17629 22.325505, 114.176276 22.32548, 114.176249 22.325458)"
2817,1711,568,13353852088,1139326660,0,1456067761,太子道西 Prince Edward Road West,tertiary_link,True,15.775,1,,,,,,"LINESTRING (114.1764 22.325485, 114.176249 22.325458)"
2818,1711,986,13353852088,1636543858,0,150771672;98478373,太子道西 Prince Edward Road West;窩打老道 Waterloo Road,residential,False,278.82700000000006,2;1,,,,,,"LINESTRING (114.1764 22.325485, 114.177872 22.325755, 114.177971 22.32577, 114.178228 22.325808, 114.178263 22.325819, 114.178289 22.325829, 114.178304 22.325841, 114.178314 22.325862, 114.178314 22.325886, 114.178313 22.325983, 114.17833 22.326281, 114.178346 22.326546)"
2819,1712,172,13380795766,334647897,0,552415712;1196816225;552415713;1196816224;802990475;1196816214;552415711,,motorway_link,True,557.842,1,80,,,yes,,"LINESTRING (114.160524 22.311629, 114.160543 22.311777, 114.160574 22.311925, 114.160599 22.311986, 114.160685 22.312205, 114.160749 22.312363, 114.160806 22.31253, 114.160848 22.312672, 114.160879 22.312796, 114.160913 22.312963, 114.160935 22.313112, 114.160949 22.313261, 114.160958 22.313428, 114.160961 22.313567, 114.160957 22.313731, 114.160945 22.313891, 114.160924 22.314052, 114.160894 22.314222, 114.160862 22.314374, 114.160824 22.314522, 114.160778 22.314671, 114.160526 22.315385, 114.160425 22.315748, 114.160357 22.315989, 114.160331 22.316096, 114.160232 22.316505)"
2820,1712,195,13380795766,339050894,0,30658049;1196816226,油麻地交匯處 Yau Ma Tei Interchange,primary,True,149.378,3,50,,,yes,,"LINESTRING (114.160524 22.311629, 114.160591 22.311774, 114.160664 22.311886, 114.160705 22.311946, 114.160733 22.311981, 114.16079 22.312053, 114.160883 22.312159, 114.160962 22.312224, 114.161057 22.312293, 114.161188 22.312366, 114.161306 22.312413, 114.161433 22.312452, 114.161561 22.312476)"
2821,1713,940,13380795774,1624950132,0,1375570560;282735531;105307511;1375570559,連翔道 Lin Cheung Road,primary,True,277.42600000000004,2,,,,,,"LINESTRING (114.162679 22.311473, 114.162733 22.311403, 114.162799 22.31132, 114.162887 22.311221, 114.162992 22.311101, 114.163074 22.310998, 114.163137 22.31091, 114.163183 22.310836, 114.16323 22.310753, 114.163254 22.310702, 114.163285 22.310635, 114.163336 22.31047, 114.163381 22.310294, 114.163498 22.30974, 114.16352 22.309651, 114.163636 22.309366, 114.163697 22.309206)"
2822,1714,1360,13391762309,4945918763,0,1460158738,啟德交匯處 Kai Tak Interchange,trunk_link,True,54.92,2,,,,,,"LINESTRING (114.199421 22.321918, 114.198986 22.321631)"
2823,1715,1717,13395157688,13395157693,0,1460505985;255267934;1460505975,海泓道 Hoi Wang Road,tertiary,True,163.245,1,,,,,,"LINESTRING (114.16408 22.315114, 114.164115 22.315067, 114.164188 22.314782, 114.164315 22.31425, 114.164325 22.314206, 114.164419 22.313805, 114.164432 22.313748, 114.164423 22.313689)"
2824,1715,1716,13395157688,13395157689,0,1460505978;1460505979;1460505980,海泓道 Hoi Wang Road,tertiary,False,73.86699999999999,2,,,,,,"LINESTRING (114.16408 22.315114, 114.164039 22.315291, 114.163931 22.315704, 114.163918 22.315761)"
2825,1716,724,13395157689,1172166352,0,185084368;101515881;1460505973;492424454,海泓道 Hoi Wang Road,tertiary,True,182.99600000000004,1;3;2,,,,,,"LINESTRING (114.163918 22.315761, 114.163875 22.315801, 114.163866 22.315834, 114.163785 22.316166, 114.163772 22.31622, 114.163598 22.316909, 114.16359 22.316936, 114.163557 22.317087, 114.163525 22.317216, 114.163492 22.31735)"
2826,1716,1715,13395157689,13395157688,0,1460505978;1460505979;1460505980,海泓道 Hoi Wang Road,tertiary,False,73.86699999999999,2,,,,,,"LINESTRING (114.163918 22.315761, 114.163931 22.315704, 114.164039 22.315291, 114.16408 22.315114)"
2827,1717,1718,13395157693,13395196301,0,1460505977;1460505995,海泓道 Hoi Wang Road,tertiary,False,58.498,2;3,,,,,,"LINESTRING (114.164423 22.313689, 114.164451 22.313554, 114.164485 22.313412, 114.164521 22.313266, 114.164543 22.313175)"
2828,1717,1715,13395157693,13395157688,0,1460505984;101515890;1460505976,海泓道 Hoi Wang Road,tertiary,True,164.431,1,,,,,,"LINESTRING (114.164423 22.313689, 114.164374 22.31374, 114.164277 22.314147, 114.164267 22.314192, 114.164183 22.314553, 114.16413 22.314771, 114.164058 22.315061, 114.16408 22.315114)"
2829,1718,728,13395196301,1172166382,0,1460505987;492424453;1482084007;255228590;946831550,海泓道 Hoi Wang Road,tertiary,True,60.827000000000005,2;3,,,,,,"LINESTRING (114.164543 22.313175, 114.164592 22.313125, 114.164602 22.31309, 114.164623 22.313002, 114.164639 22.312938, 114.164667 22.312818, 114.164688 22.312733, 114.164734 22.312668)"
2830,1718,1717,13395196301,13395157693,0,1460505977;1460505995,海泓道 Hoi Wang Road,tertiary,False,58.498000000000005,2;3,,,,,,"LINESTRING (114.164543 22.313175, 114.164521 22.313266, 114.164485 22.313412, 114.164451 22.313554, 114.164423 22.313689)"
2831,1719,854,13428650956,1189560073,0,103020499,緬甸臺 Minden Row,residential,False,7.78,2,,,,,,"LINESTRING (114.17371 22.296303, 114.173715 22.296233)"
2832,1719,1720,13428650956,13428650957,0,1463929739,,residential,False,4.699,,,,,,,"LINESTRING (114.17371 22.296303, 114.173756 22.296307)"
2833,1719,843,13428650956,1189559084,0,103020499,緬甸臺 Minden Row,residential,False,53.09,2,,,,,,"LINESTRING (114.17371 22.296303, 114.173697 22.296477, 114.17368 22.296719, 114.173676 22.296779)"
2834,1720,1719,13428650957,13428650956,0,1463929739,,residential,False,4.699,,,,,,,"LINESTRING (114.173756 22.296307, 114.17371 22.296303)"
2835,1722,728,13591799736,1172166382,0,101515893;946831551,海庭道 Hoi Ting Road,tertiary_link,True,46.827000000000005,1,,,,,,"LINESTRING (114.16499 22.313004, 114.16492 22.312951, 114.164874 22.312914, 114.164838 22.312879, 114.164812 22.312844, 114.164783 22.31279, 114.164734 22.312668)"
2836,1723,1326,13594786983,4860301265,0,430060625,聖約翰里 St. John's Lane,residential,False,44.755,,,,,,,"LINESTRING (114.17879 22.323672, 114.178436 22.32369, 114.178356 22.323693)"
2837,1725,1247,13767096676,2873992840,0,758429641;1504486863,協調道 Concorde Road,secondary,True,70.65400000000001,2,,,,,,"LINESTRING (114.199092 22.332534, 114.198766 22.33241, 114.198588 22.332331, 114.198468 22.33227)"
2838,1726,312,13860956553,493883960,0,1518755743,紅磡道 Hung Hom Road,secondary,True,8.856,2,,,,,,"LINESTRING (114.190389 22.308892, 114.190386 22.308812)"
2839,1727,1469,13860956558,6316548998,0,151396636,佛光街天橋 Fat Kwong Street Flyover,secondary,False,35.749,3,50,,,,,"LINESTRING (114.19004 22.308874, 114.189692 22.308877)"
2840,1727,1728,13860956558,13860956560,0,1518755732;1521180831,佛光街天橋 Fat Kwong Street Flyover,secondary,True,25.609,2,50,,,,,"LINESTRING (114.19004 22.308874, 114.190106 22.308912, 114.190144 22.308912, 114.190174 22.308912, 114.190277 22.308909)"
2841,1728,1726,13860956560,13860956553,0,1518755734,,secondary,True,11.658,2,50,,,,,"LINESTRING (114.190277 22.308909, 114.190389 22.308892)"
2842,1728,1452,13860956560,6001017151,0,1203968440;636054905;1518755742,紅磡道 Hung Hom Road,secondary,True,367.0539999999999,2;3,,,,,,"LINESTRING (114.190277 22.308909, 114.190281 22.309012, 114.190282 22.30907, 114.190283 22.309116, 114.190305 22.310424, 114.190306 22.310471, 114.190309 22.310588, 114.190314 22.310686, 114.190332 22.311238, 114.190339 22.311574, 114.190352 22.311778, 114.190354 22.311811, 114.190384 22.312021, 114.190388 22.312054, 114.190409 22.312205)"
2843,1729,359,13861001216,582481816,0,1265722984;856396243,佛光街 Fat Kwong Street,tertiary,True,56.349000000000004,1,50,,,,,"LINESTRING (114.185123 22.309705, 114.185151 22.309696, 114.185194 22.309676, 114.185319 22.309561, 114.1855 22.309395, 114.185526 22.309369)"
2844,1729,1469,13861001216,6316548998,0,1521180815;1518755735;1518755737;1521180827;1518755740,佛光街天橋 Fat Kwong Street Flyover,secondary,True,506.44100000000003,1,50,,,viaduct,,"LINESTRING (114.185123 22.309705, 114.185143 22.30968, 114.185165 22.309651, 114.185596 22.309237, 114.185758 22.309088, 114.185805 22.309047, 114.185857 22.309008, 114.185916 22.308972, 114.185963 22.308947, 114.18601 22.308927, 114.186072 22.308906, 114.186134 22.308892, 114.186191 22.308884, 114.18625 22.308879, 114.187157 22.308872, 114.187275 22.308873, 114.18739 22.308875, 114.187531 22.30888, 114.187725 22.308894, 114.187833 22.308899, 114.187951 22.308904, 114.188058 22.308906, 114.188573 22.308907, 114.189388 22.308899, 114.189577 22.308901, 114.189692 22.308877)"
2845,1730,1693,13861001219,12735971058,0,1518755744;1521180821;1521180822,佛光街天橋 Fat Kwong Street Flyover,secondary,True,22.061,2,50,,,,,"LINESTRING (114.185074 22.309654, 114.185 22.309729, 114.184974 22.309758, 114.184965 22.309816)"
2846,1731,1732,14021098288,14074670373,0,1451666173,旺角道 Mong Kok Road,secondary,True,18.532,6,,,,,,"LINESTRING (114.167366 22.320532, 114.167544 22.32056)"
2847,1732,154,14074670373,332251374,0,1547448758;263840206,旺角道 Mong Kok Road,secondary,True,29.669999999999998,3,,,,,,"LINESTRING (114.167544 22.32056, 114.167585 22.320589, 114.167641 22.320629, 114.16769 22.320635, 114.167806 22.320649)"
2848,1732,1709,14074670373,13313807748,0,1451666172;1547448757,旺角道 Mong Kok Road,secondary_link,True,30.363,2,,,,,,"LINESTRING (114.167544 22.32056, 114.167594 22.320545, 114.167666 22.320516, 114.167715 22.320525, 114.167827 22.320543)"
